pattern_id,features,pattern_text,directed_rule_ids,representative_rule_id,validation_occurrences,validation_support,validation_filters_pass,rediscovery_fraction,mechanism_families,redundancy_family,has_structural_overlap,contains_added_item,eligible_for_review,review_score,display_status,selection_status,redundant_with_pattern_id
8715ac5b8fc2,"[""DEP_acl:relcl_rate_baixo"", ""POS_PRON_rate_baixo""]",DEP_acl:relcl_rate_baixo + POS_PRON_rate_baixo,"[""78d871de740b"", ""a27108c5ba1b""]",a27108c5ba1b,441,0.30625000000000002,True,1,"[""DEP_acl:relcl"", ""POS_PRON""]",DEP_acl:relcl|POS_PRON,False,True,True,0.55339859052946638,research_only,review_candidate,
afaef19656e5,"[""DEP_advmod_rate_baixo"", ""POS_ADV_rate_baixo""]",DEP_advmod_rate_baixo + POS_ADV_rate_baixo,"[""909d0314f156"", ""e16ef8f4fcce""]",909d0314f156,416,0.28888888888888886,True,1,"[""modificacao_adverbial""]",modificacao_adverbial,True,False,True,0.53748384988656994,research_only,review_candidate,
8c3cebc0601d,"[""DEP_nsubj:pass_rate_baixo"", ""POS_AUX_rate_baixo""]",DEP_nsubj:pass_rate_baixo + POS_AUX_rate_baixo,"[""0826cec8c126""]",0826cec8c126,387,0.26874999999999999,True,1,"[""DEP_nsubj:pass"", ""auxiliares""]",DEP_nsubj:pass|auxiliares,False,True,True,0.51841103383319298,research_only,review_candidate,
d1280945c7ef,"[""DEP_nsubj:pass_rate_baixo"", ""DEP_nsubj_rate_alto""]",DEP_nsubj:pass_rate_baixo + DEP_nsubj_rate_alto,"[""aaad49b7c878""]",aaad49b7c878,352,0.24444444444444444,True,1,"[""DEP_nsubj"", ""DEP_nsubj:pass""]",DEP_nsubj|DEP_nsubj:pass,False,True,True,0.4944132324730442,research_only,review_candidate,
8b970151f163,"[""DEP_nsubj:pass_rate_baixo"", ""DEP_obj_rate_alto""]",DEP_nsubj:pass_rate_baixo + DEP_obj_rate_alto,"[""b02971c3f752""]",b02971c3f752,344,0.2388888888888889,True,1,"[""DEP_nsubj:pass"", ""DEP_obj""]",DEP_nsubj:pass|DEP_obj,False,True,True,0.48876260995383936,research_only,review_candidate,
bd070c47a225,"[""DEP_advmod_rate_alto"", ""POS_ADV_rate_alto""]",DEP_advmod_rate_alto + POS_ADV_rate_alto,"[""0e6f83146046"", ""2b20d484cff5""]",2b20d484cff5,331,0.2298611111111111,True,1,"[""modificacao_adverbial""]",modificacao_adverbial,True,False,True,0.47943832878808418,research_only,same_mechanism_family,
3542b427d129,"[""DEP_acl:relcl_rate_baixo"", ""DEP_nsubj:pass_rate_baixo"", ""POS_PRON_rate_baixo""]",DEP_acl:relcl_rate_baixo + DEP_nsubj:pass_rate_baixo + POS_PRON_rate_baixo,"[""0ca2f9b10d82"", ""6c00b598f628"", ""ea8ff9e87320""]",0ca2f9b10d82,319,0.22152777777777777,True,1,"[""DEP_acl:relcl"", ""DEP_nsubj:pass"", ""POS_PRON""]",DEP_acl:relcl|DEP_nsubj:pass|POS_PRON,False,True,True,0.47066737488143129,research_only,review_candidate,
d0c4306ce66c,"[""DEP_nsubj:pass_rate_baixo"", ""POS_ADP_rate_baixo""]",DEP_nsubj:pass_rate_baixo + POS_ADP_rate_baixo,"[""afb176bc54cd""]",afb176bc54cd,300,0.20833333333333334,True,1,"[""DEP_nsubj:pass"", ""relacoes_preposicionais""]",DEP_nsubj:pass|relacoes_preposicionais,False,True,True,0.45643546458763845,research_only,review_candidate,
58bd81f28dc3,"[""DEP_amod_rate_baixo"", ""POS_ADJ_rate_baixo""]",DEP_amod_rate_baixo + POS_ADJ_rate_baixo,"[""244c5810fb80"", ""6bca368dfbfe""]",6bca368dfbfe,299,0.2076388888888889,True,1,"[""adjetivacao""]",adjetivacao,True,False,True,0.45567410381641055,research_only,review_candidate,
340698e8be61,"[""DEP_advmod_rate_baixo"", ""DEP_nsubj:pass_rate_baixo"", ""POS_ADV_rate_baixo""]",DEP_advmod_rate_baixo + DEP_nsubj:pass_rate_baixo + POS_ADV_rate_baixo,"[""361304d7f88a"", ""543fc065b6ff"", ""8cd7b88af144"", ""bc7b241e46db""]",543fc065b6ff,294,0.20416666666666666,True,1,"[""DEP_nsubj:pass"", ""modificacao_adverbial""]",DEP_nsubj:pass|modificacao_adverbial,True,True,True,0.45184805705753195,research_only,review_candidate,
dcc82376b8a6,"[""DEP_ccomp_rate_baixo"", ""DEP_nsubj_rate_baixo""]",DEP_ccomp_rate_baixo + DEP_nsubj_rate_baixo,"[""b8a91c1713be""]",b8a91c1713be,294,0.20416666666666666,True,1,"[""DEP_ccomp"", ""DEP_nsubj""]",DEP_ccomp|DEP_nsubj,False,False,True,0.45184805705753195,research_only,review_candidate,
044b4a18072c,"[""DEP_ccomp_rate_baixo"", ""POS_VERB_rate_baixo""]",DEP_ccomp_rate_baixo + POS_VERB_rate_baixo,"[""3d086ad2bddd""]",3d086ad2bddd,281,0.19513888888888889,True,1,"[""DEP_ccomp"", ""POS_VERB""]",DEP_ccomp|POS_VERB,False,False,True,0.44174527602328573,research_only,review_candidate,
a33f9be1d445,"[""DEP_nsubj:pass_rate_baixo"", ""POS_PRON_rate_alto""]",DEP_nsubj:pass_rate_baixo + POS_PRON_rate_alto,"[""d59f1185d696""]",d59f1185d696,298,0.20694444444444443,True,0.96999999999999997,"[""DEP_nsubj:pass"", ""POS_PRON""]",DEP_nsubj:pass|POS_PRON,False,True,True,0.44126412473458315,research_only,review_candidate,
23b2cdc9d31e,"[""DEP_nsubj:pass_rate_baixo"", ""punctuationDensity_spacy_alto""]",DEP_nsubj:pass_rate_baixo + punctuationDensity_spacy_alto,"[""151e26636fa3""]",151e26636fa3,287,0.19930555555555557,True,0.97999999999999998,"[""DEP_nsubj:pass"", ""punctuationDensity_spacy""]",DEP_nsubj:pass|punctuationDensity_spacy,False,True,True,0.43750777770864319,research_only,review_candidate,
1d57b1df1486,"[""DEP_acl:relcl_rate_baixo"", ""DEP_advcl_rate_baixo"", ""POS_PRON_rate_baixo""]",DEP_acl:relcl_rate_baixo + DEP_advcl_rate_baixo + POS_PRON_rate_baixo,"[""01045281b6ce"", ""6b3e9b995dbd"", ""b526f9ea6d34""]",6b3e9b995dbd,275,0.19097222222222221,True,1,"[""DEP_acl:relcl"", ""DEP_advcl"", ""POS_PRON""]",DEP_acl:relcl|DEP_advcl|POS_PRON,False,True,True,0.43700368673756312,research_only,review_candidate,
6f18c83ea455,"[""DEP_acl:relcl_rate_baixo"", ""DEP_nsubj_rate_baixo""]",DEP_acl:relcl_rate_baixo + DEP_nsubj_rate_baixo,"[""e1d8c1256baa""]",e1d8c1256baa,275,0.19097222222222221,True,1,"[""DEP_acl:relcl"", ""DEP_nsubj""]",DEP_acl:relcl|DEP_nsubj,False,True,True,0.43700368673756312,research_only,review_candidate,
19c77db982d8,"[""DEP_advcl_rate_baixo"", ""POS_VERB_rate_baixo""]",DEP_advcl_rate_baixo + POS_VERB_rate_baixo,"[""3463c6400cca""]",3463c6400cca,272,0.18888888888888888,True,1,"[""DEP_advcl"", ""POS_VERB""]",DEP_advcl|POS_VERB,False,False,True,0.4346134936801766,research_only,review_candidate,
c44390a7edde,"[""DEP_amod_rate_alto"", ""POS_ADJ_rate_alto""]",DEP_amod_rate_alto + POS_ADJ_rate_alto,"[""4022a7b5dcf8"", ""a4dfda82672f""]",4022a7b5dcf8,272,0.18888888888888888,True,1,"[""adjetivacao""]",adjetivacao,True,False,True,0.4346134936801766,research_only,same_mechanism_family,
9193a887d511,"[""DEP_acl:relcl_rate_baixo"", ""DEP_ccomp_rate_baixo"", ""POS_PRON_rate_baixo""]",DEP_acl:relcl_rate_baixo + DEP_ccomp_rate_baixo + POS_PRON_rate_baixo,"[""7f5dc628ad74"", ""c402d68f8f70"", ""f101f5d8b420"", ""f7604540bc79""]",c402d68f8f70,270,0.1875,True,1,"[""DEP_acl:relcl"", ""DEP_ccomp"", ""POS_PRON""]",DEP_acl:relcl|DEP_ccomp|POS_PRON,False,True,True,0.4330127018922193,research_only,review_candidate,
11e010b31664,"[""DEP_advcl_rate_baixo"", ""DEP_advmod_rate_baixo""]",DEP_advcl_rate_baixo + DEP_advmod_rate_baixo,"[""367f068cdc49""]",367f068cdc49,295,0.2048611111111111,True,0.94999999999999996,"[""DEP_advcl"", ""modificacao_adverbial""]",DEP_advcl|modificacao_adverbial,False,False,True,0.4299850611100085,research_only,review_candidate,
2465ffe4f09d,"[""DEP_acl:relcl_rate_baixo"", ""DEP_advmod_rate_baixo"", ""POS_ADV_rate_baixo""]",DEP_acl:relcl_rate_baixo + DEP_advmod_rate_baixo + POS_ADV_rate_baixo,"[""1c1ee6e7cfb6"", ""8a3ee76b1f9e"", ""c63bc41a056f"", ""fdca8596d86f""]",8a3ee76b1f9e,266,0.18472222222222223,True,1,"[""DEP_acl:relcl"", ""modificacao_adverbial""]",DEP_acl:relcl|modificacao_adverbial,True,True,True,0.42979323194092089,research_only,review_candidate,
9865be178551,"[""DEP_ccomp_rate_baixo"", ""POS_ADP_rate_alto""]",DEP_ccomp_rate_baixo + POS_ADP_rate_alto,"[""388b007433ad""]",388b007433ad,264,0.18333333333333332,True,1,"[""DEP_ccomp"", ""relacoes_preposicionais""]",DEP_ccomp|relacoes_preposicionais,False,True,True,0.42817441928883759,research_only,review_candidate,
0be090b950f3,"[""DEP_advcl_rate_baixo"", ""POS_ADV_rate_baixo""]",DEP_advcl_rate_baixo + POS_ADV_rate_baixo,"[""0d6a1ab9b984""]",0d6a1ab9b984,269,0.18680555555555556,True,0.98999999999999999,"[""DEP_advcl"", ""modificacao_adverbial""]",DEP_advcl|modificacao_adverbial,False,False,True,0.427887981836368,research_only,same_mechanism_family,
f75fe5629723,"[""DEP_acl:relcl_rate_baixo"", ""DEP_ccomp_rate_alto""]",DEP_acl:relcl_rate_baixo + DEP_ccomp_rate_alto,"[""d81d54846573""]",d81d54846573,267,0.18541666666666667,True,0.98999999999999999,"[""DEP_acl:relcl"", ""DEP_ccomp""]",DEP_acl:relcl|DEP_ccomp,False,True,True,0.42629435253120584,research_only,outside_review_top20,
b86bb0636b87,"[""DEP_advcl_rate_baixo"", ""DEP_advmod_rate_baixo"", ""POS_ADV_rate_baixo""]",DEP_advcl_rate_baixo + DEP_advmod_rate_baixo + POS_ADV_rate_baixo,"[""320210af9326"", ""52ce443b15a9"", ""6a7d0b0aeb06"", ""7e1c9731ccca"", ""a9cc0766f780""]",7e1c9731ccca,259,0.17986111111111111,True,1,"[""DEP_advcl"", ""modificacao_adverbial""]",DEP_advcl|modificacao_adverbial,True,False,True,0.42410035499998244,research_only,same_mechanism_family,
572a56eaf3fd,"[""DEP_acl:relcl_rate_baixo"", ""DEP_advcl_rate_alto""]",DEP_acl:relcl_rate_baixo + DEP_advcl_rate_alto,"[""1cb76170ec18""]",1cb76170ec18,257,0.17847222222222223,True,1,"[""DEP_acl:relcl"", ""DEP_advcl""]",DEP_acl:relcl|DEP_advcl,False,True,True,0.42245972852121921,research_only,outside_review_top20,
58280cb295d0,"[""DEP_ccomp_rate_baixo"", ""POS_AUX_rate_baixo""]",DEP_ccomp_rate_baixo + POS_AUX_rate_baixo,"[""d19b1555fec2""]",d19b1555fec2,255,0.17708333333333334,True,1,"[""DEP_ccomp"", ""auxiliares""]",DEP_ccomp|auxiliares,False,True,True,0.42081270576508661,research_only,outside_review_top20,
d20873417a73,"[""DEP_ccomp_rate_baixo"", ""DEP_nsubj:pass_rate_baixo"", ""POS_AUX_rate_baixo""]",DEP_ccomp_rate_baixo + DEP_nsubj:pass_rate_baixo + POS_AUX_rate_baixo,"[""080baf24c2f3"", ""4e0b8fb7736b"", ""a0629c649208""]",080baf24c2f3,255,0.17708333333333334,True,1,"[""DEP_ccomp"", ""DEP_nsubj:pass"", ""auxiliares""]",DEP_ccomp|DEP_nsubj:pass|auxiliares,False,True,True,0.42081270576508661,research_only,outside_review_top20,
b1ddd811a80b,"[""DEP_advcl_rate_baixo"", ""POS_PROPN_rate_alto""]",DEP_advcl_rate_baixo + POS_PROPN_rate_alto,"[""714dc4c2aebf""]",714dc4c2aebf,253,0.17569444444444443,True,1,"[""DEP_advcl"", ""POS_PROPN""]",DEP_advcl|POS_PROPN,False,False,True,0.41915921133197637,research_only,outside_review_top20,
974aa353137f,"[""DEP_ccomp_rate_baixo"", ""DEP_obl_rate_alto""]",DEP_ccomp_rate_baixo + DEP_obl_rate_alto,"[""5058ece01ff9""]",5058ece01ff9,263,0.18263888888888888,True,0.97999999999999998,"[""DEP_ccomp"", ""DEP_obl""]",DEP_ccomp|DEP_obl,False,True,True,0.41881545922863078,research_only,outside_review_top20,
1f157ecd3cc3,"[""DEP_advmod_rate_alto"", ""DEP_nsubj:pass_rate_baixo"", ""POS_ADV_rate_alto""]",DEP_advmod_rate_alto + DEP_nsubj:pass_rate_baixo + POS_ADV_rate_alto,"[""115b631601db"", ""890f7d0b7bd8"", ""977c5a6ed7e1"", ""abf74342b5ba""]",977c5a6ed7e1,252,0.17499999999999999,True,1,"[""DEP_nsubj:pass"", ""modificacao_adverbial""]",DEP_nsubj:pass|modificacao_adverbial,True,True,True,0.41833001326703778,research_only,same_mechanism_family,
7313e2f29fbd,"[""DEP_advmod_rate_baixo"", ""DEP_ccomp_rate_baixo"", ""POS_ADV_rate_baixo""]",DEP_advmod_rate_baixo + DEP_ccomp_rate_baixo + POS_ADV_rate_baixo,"[""5bd1b89b2971"", ""6bc0044768d2"", ""8f07dbefebd7"", ""a686b7ddfc02""]",6bc0044768d2,252,0.17499999999999999,True,1,"[""DEP_ccomp"", ""modificacao_adverbial""]",DEP_ccomp|modificacao_adverbial,True,False,True,0.41833001326703778,research_only,outside_review_top20,
a542320d1644,"[""DEP_amod_rate_alto"", ""DEP_nsubj:pass_rate_baixo""]",DEP_amod_rate_alto + DEP_nsubj:pass_rate_baixo,"[""529a66f062f3""]",529a66f062f3,304,0.21111111111111111,True,0.91000000000000003,"[""DEP_nsubj:pass"", ""adjetivacao""]",DEP_nsubj:pass|adjetivacao,False,True,True,0.41811614548007009,research_only,outside_review_top20,
3624da99214c,"[""DEP_advcl_rate_baixo"", ""DEP_obj_rate_baixo""]",DEP_advcl_rate_baixo + DEP_obj_rate_baixo,"[""c672065287b4""]",c672065287b4,251,0.17430555555555555,True,1,"[""DEP_advcl"", ""DEP_obj""]",DEP_advcl|DEP_obj,False,False,True,0.41749916832917827,research_only,outside_review_top20,
757b92cfcc31,"[""DEP_amod_rate_alto"", ""DEP_ccomp_rate_baixo""]",DEP_amod_rate_alto + DEP_ccomp_rate_baixo,"[""7d817c58a054""]",7d817c58a054,251,0.17430555555555555,True,1,"[""DEP_ccomp"", ""adjetivacao""]",DEP_ccomp|adjetivacao,False,False,True,0.41749916832917827,research_only,outside_review_top20,
e2afbb3aeb75,"[""DEP_ccomp_rate_baixo"", ""POS_NUM_rate_alto""]",DEP_ccomp_rate_baixo + POS_NUM_rate_alto,"[""966f6f84a624""]",966f6f84a624,247,0.17152777777777778,True,1,"[""DEP_ccomp"", ""numerais""]",DEP_ccomp|numerais,False,True,True,0.41415912132630589,research_only,outside_review_top20,
bacd5411ac45,"[""DEP_advcl_rate_baixo"", ""POS_ADP_rate_alto""]",DEP_advcl_rate_baixo + POS_ADP_rate_alto,"[""a1f0bdbd07c0""]",a1f0bdbd07c0,243,0.16875000000000001,True,1,"[""DEP_advcl"", ""relacoes_preposicionais""]",DEP_advcl|relacoes_preposicionais,False,True,True,0.41079191812887461,research_only,outside_review_top20,
7c4b369da5c2,"[""DEP_acl:relcl_rate_baixo"", ""POS_PROPN_rate_alto""]",DEP_acl:relcl_rate_baixo + POS_PROPN_rate_alto,"[""5d6298b850b6""]",5d6298b850b6,241,0.1673611111111111,True,1,"[""DEP_acl:relcl"", ""POS_PROPN""]",DEP_acl:relcl|POS_PROPN,False,True,True,0.40909792362111924,research_only,outside_review_top20,
485aa86b5fa0,"[""DEP_advcl_rate_baixo"", ""DEP_nsubj:pass_rate_baixo"", ""POS_AUX_rate_baixo""]",DEP_advcl_rate_baixo + DEP_nsubj:pass_rate_baixo + POS_AUX_rate_baixo,"[""c4012572894f"", ""f3bbacfe84d7""]",c4012572894f,240,0.16666666666666666,True,1,"[""DEP_advcl"", ""DEP_nsubj:pass"", ""auxiliares""]",DEP_advcl|DEP_nsubj:pass|auxiliares,False,True,True,0.40824829046386302,research_only,outside_review_top20,
a38019954d75,"[""DEP_acl:relcl_rate_baixo"", ""uppercaseRatio_alto""]",DEP_acl:relcl_rate_baixo + uppercaseRatio_alto,"[""977e8f5f7f27""]",977e8f5f7f27,240,0.16666666666666666,True,1,"[""DEP_acl:relcl"", ""uppercaseRatio""]",DEP_acl:relcl|uppercaseRatio,False,True,True,0.40824829046386302,research_only,outside_review_top20,
b38b5fa88b86,"[""DEP_ccomp_rate_baixo"", ""POS_NOUN_rate_alto""]",DEP_ccomp_rate_baixo + POS_NOUN_rate_alto,"[""12141a4f6b1e""]",12141a4f6b1e,239,0.16597222222222222,True,1,"[""DEP_ccomp"", ""POS_NOUN""]",DEP_ccomp|POS_NOUN,False,False,True,0.40739688538601054,research_only,outside_review_top20,
bc11320f07cb,"[""DEP_acl:relcl_rate_baixo"", ""POS_ADP_rate_alto""]",DEP_acl:relcl_rate_baixo + POS_ADP_rate_alto,"[""6204e15a97e3""]",6204e15a97e3,238,0.16527777777777777,True,1,"[""DEP_acl:relcl"", ""relacoes_preposicionais""]",DEP_acl:relcl|relacoes_preposicionais,False,True,True,0.4065436972550156,research_only,outside_review_top20,
955c07a3d79c,"[""POS_PROPN_rate_baixo"", ""uppercaseRatio_baixo""]",POS_PROPN_rate_baixo + uppercaseRatio_baixo,"[""58f2585b6892""]",58f2585b6892,237,0.16458333333333333,True,1,"[""POS_PROPN"", ""uppercaseRatio""]",POS_PROPN|uppercaseRatio,False,False,True,0.4056887148212695,research_only,outside_review_top20,
c15966caba21,"[""DEP_acl:relcl_rate_baixo"", ""DEP_nsubj:pass_rate_baixo"", ""POS_AUX_rate_baixo""]",DEP_acl:relcl_rate_baixo + DEP_nsubj:pass_rate_baixo + POS_AUX_rate_baixo,"[""0a370e92efe8"", ""0f33a692eec5"", ""d52d251baa5e""]",0a370e92efe8,235,0.16319444444444445,True,1,"[""DEP_acl:relcl"", ""DEP_nsubj:pass"", ""auxiliares""]",DEP_acl:relcl|DEP_nsubj:pass|auxiliares,False,True,True,0.40397332145136078,research_only,outside_review_top20,
9d33ebeb21c5,"[""DEP_acl:relcl_rate_alto"", ""DEP_ccomp_rate_baixo""]",DEP_acl:relcl_rate_alto + DEP_ccomp_rate_baixo,"[""a3a55514257c""]",a3a55514257c,243,0.16875000000000001,True,0.96999999999999997,"[""DEP_acl:relcl"", ""DEP_ccomp""]",DEP_acl:relcl|DEP_ccomp,False,True,True,0.39846816058500834,research_only,outside_review_top20,
68d6efffbf00,"[""DEP_acl:relcl_rate_baixo"", ""POS_VERB_rate_baixo""]",DEP_acl:relcl_rate_baixo + POS_VERB_rate_baixo,"[""95991eb66eba""]",95991eb66eba,233,0.16180555555555556,True,0.98999999999999999,"[""DEP_acl:relcl"", ""POS_VERB""]",DEP_acl:relcl|POS_VERB,False,True,True,0.39822810674285658,research_only,outside_review_top20,
1d5eea24f8e1,"[""DEP_amod_rate_alto"", ""DEP_nsubj:pass_rate_baixo"", ""POS_ADJ_rate_alto""]",DEP_amod_rate_alto + DEP_nsubj:pass_rate_baixo + POS_ADJ_rate_alto,"[""2b0df111a026"", ""5d5e8090ddbd"", ""6c4b3ea26713"", ""9adf5f5ecb1e"", ""f82d4b8c32d1""]",9adf5f5ecb1e,225,0.15625,True,1,"[""DEP_nsubj:pass"", ""adjetivacao""]",DEP_nsubj:pass|adjetivacao,True,True,True,0.39528470752104744,research_only,outside_review_top20,
6e0b7c33c11f,"[""DEP_cc_rate_alto"", ""DEP_ccomp_rate_baixo""]",DEP_cc_rate_alto + DEP_ccomp_rate_baixo,"[""c1a461d3621f""]",c1a461d3621f,259,0.17986111111111111,True,0.93000000000000005,"[""DEP_ccomp"", ""coordenacao""]",DEP_ccomp|coordenacao,False,True,True,0.3944133301499837,research_only,outside_review_top20,
b87b258a774e,"[""DEP_advcl_rate_baixo"", ""POS_NUM_rate_alto""]",DEP_advcl_rate_baixo + POS_NUM_rate_alto,"[""99feb46b5ad1""]",99feb46b5ad1,224,0.15555555555555556,True,1,"[""DEP_advcl"", ""numerais""]",DEP_advcl|numerais,False,True,True,0.39440531887330776,research_only,outside_review_top20,
e31526165276,"[""DEP_ccomp_rate_baixo"", ""POS_ADJ_rate_alto""]",DEP_ccomp_rate_baixo + POS_ADJ_rate_alto,"[""679c1c019611""]",679c1c019611,228,0.15833333333333333,True,0.98999999999999999,"[""DEP_ccomp"", ""adjetivacao""]",DEP_ccomp|adjetivacao,False,False,True,0.39393210074833962,research_only,outside_review_top20,
295d4f796a9f,"[""DEP_advcl_rate_baixo"", ""DEP_ccomp_rate_baixo"", ""POS_VERB_rate_baixo""]",DEP_advcl_rate_baixo + DEP_ccomp_rate_baixo + POS_VERB_rate_baixo,"[""37419ebed314"", ""997465f0e852"", ""cead9c6146a2""]",37419ebed314,220,0.15277777777777779,True,1,"[""DEP_advcl"", ""DEP_ccomp"", ""POS_VERB""]",DEP_advcl|DEP_ccomp|POS_VERB,False,False,True,0.39086797998528583,research_only,redundant_coverage,19c77db982d8
2d6fe5ae264a,"[""DEP_advcl_rate_baixo"", ""diversidade_baixo""]",DEP_advcl_rate_baixo + diversidade_baixo,"[""cfeb8222ad8a""]",cfeb8222ad8a,225,0.15625,True,0.97999999999999998,"[""DEP_advcl"", ""diversidade""]",DEP_advcl|diversidade,False,False,True,0.38737901337062647,research_only,outside_review_top20,
34a758a7c8f0,"[""DEP_ccomp_rate_baixo"", ""DEP_nsubj:pass_rate_baixo"", ""POS_VERB_rate_baixo""]",DEP_ccomp_rate_baixo + DEP_nsubj:pass_rate_baixo + POS_VERB_rate_baixo,"[""481e7ed4c0ad"", ""67fe3a473999""]",67fe3a473999,214,0.14861111111111111,True,1,"[""DEP_ccomp"", ""DEP_nsubj:pass"", ""POS_VERB""]",DEP_ccomp|DEP_nsubj:pass|POS_VERB,False,True,True,0.38550111687401256,research_only,outside_review_top20,
07c1b7323bbd,"[""DEP_advcl_rate_baixo"", ""DEP_nsubj:pass_rate_baixo"", ""POS_VERB_rate_baixo""]",DEP_advcl_rate_baixo + DEP_nsubj:pass_rate_baixo + POS_VERB_rate_baixo,"[""63a26a24c55d"", ""93a39f5d2090""]",93a39f5d2090,213,0.14791666666666667,True,1,"[""DEP_advcl"", ""DEP_nsubj:pass"", ""POS_VERB""]",DEP_advcl|DEP_nsubj:pass|POS_VERB,False,True,True,0.38459935864047756,research_only,outside_review_top20,
ec9a7adedb1b,"[""DEP_acl:relcl_rate_alto"", ""DEP_advcl_rate_baixo""]",DEP_acl:relcl_rate_alto + DEP_advcl_rate_baixo,"[""b91c01eb0db3""]",b91c01eb0db3,231,0.16041666666666668,True,0.95999999999999996,"[""DEP_acl:relcl"", ""DEP_advcl""]",DEP_acl:relcl|DEP_advcl,False,True,True,0.38449967490233333,research_only,outside_review_top20,
1a5a40f115dc,"[""DEP_acl:relcl_rate_baixo"", ""DEP_ccomp_rate_alto"", ""DEP_nsubj:pass_rate_baixo""]",DEP_acl:relcl_rate_baixo + DEP_ccomp_rate_alto + DEP_nsubj:pass_rate_baixo,"[""106d28184664"", ""1854d557387f"", ""b72f0ac875b5""]",b72f0ac875b5,211,0.14652777777777778,True,1,"[""DEP_acl:relcl"", ""DEP_ccomp"", ""DEP_nsubj:pass""]",DEP_acl:relcl|DEP_ccomp|DEP_nsubj:pass,False,True,True,0.38278946926186175,research_only,outside_review_top20,
3fb020c38e86,"[""DEP_acl:relcl_rate_alto"", ""POS_PRON_rate_alto""]",DEP_acl:relcl_rate_alto + POS_PRON_rate_alto,"[""1af4ac338107"", ""f546b1d3ed39""]",1af4ac338107,210,0.14583333333333334,True,1,"[""DEP_acl:relcl"", ""POS_PRON""]",DEP_acl:relcl|POS_PRON,False,True,True,0.38188130791298669,research_only,same_mechanism_family,
6e9988cef987,"[""DEP_acl:relcl_rate_baixo"", ""DEP_ccomp_rate_baixo"", ""DEP_nsubj_rate_baixo""]",DEP_acl:relcl_rate_baixo + DEP_ccomp_rate_baixo + DEP_nsubj_rate_baixo,"[""12bc2477885a"", ""4beed172b147"", ""5e48e3f8499c""]",4beed172b147,206,0.14305555555555555,True,1,"[""DEP_acl:relcl"", ""DEP_ccomp"", ""DEP_nsubj""]",DEP_acl:relcl|DEP_ccomp|DEP_nsubj,False,True,True,0.37822685726367389,research_only,outside_review_top20,
06fac3e25806,"[""DEP_advcl_rate_baixo"", ""DEP_nsubj:pass_rate_baixo"", ""DEP_nsubj_rate_alto""]",DEP_advcl_rate_baixo + DEP_nsubj:pass_rate_baixo + DEP_nsubj_rate_alto,"[""b5c38ea6a586"", ""baf5e47d0bae""]",b5c38ea6a586,205,0.1423611111111111,True,1,"[""DEP_advcl"", ""DEP_nsubj"", ""DEP_nsubj:pass""]",DEP_advcl|DEP_nsubj|DEP_nsubj:pass,False,True,True,0.377307714089059,research_only,outside_review_top20,
31d812cef15b,"[""DEP_amod_rate_baixo"", ""DEP_nsubj:pass_rate_baixo"", ""POS_ADJ_rate_baixo""]",DEP_amod_rate_baixo + DEP_nsubj:pass_rate_baixo + POS_ADJ_rate_baixo,"[""25ee854ec9bd"", ""277f58119968"", ""ed34e3e803a1""]",277f58119968,203,0.14097222222222222,True,1,"[""DEP_nsubj:pass"", ""adjetivacao""]",DEP_nsubj:pass|adjetivacao,True,True,True,0.37546267753562701,research_only,outside_review_top20,
aaea6e78e590,"[""POS_PRON_rate_alto"", ""uppercaseRatio_baixo""]",POS_PRON_rate_alto + uppercaseRatio_baixo,"[""3583c1292032""]",3583c1292032,202,0.14027777777777778,True,1,"[""POS_PRON"", ""uppercaseRatio""]",POS_PRON|uppercaseRatio,False,False,True,0.37453675090407051,research_only,outside_review_top20,
28a346470810,"[""DEP_advcl_rate_baixo"", ""DEP_cc_rate_alto""]",DEP_advcl_rate_baixo + DEP_cc_rate_alto,"[""ee373911fc41""]",ee373911fc41,248,0.17222222222222222,True,0.90000000000000002,"[""DEP_advcl"", ""coordenacao""]",DEP_advcl|coordenacao,False,True,True,0.37349698793966202,research_only,outside_review_top20,
5c8a5905043c,"[""DEP_nsubj:pass_rate_baixo"", ""POS_ADJ_rate_alto""]",DEP_nsubj:pass_rate_baixo + POS_ADJ_rate_alto,"[""395f8f9f8f7e""]",395f8f9f8f7e,291,0.20208333333333334,True,0.82999999999999996,"[""DEP_nsubj:pass"", ""adjetivacao""]",DEP_nsubj:pass|adjetivacao,False,True,True,0.37311554287289256,research_only,outside_review_top20,
a52fdbc9e888,"[""DEP_ccomp_rate_baixo"", ""DEP_nsubj:pass_rate_baixo"", ""DEP_obj_rate_alto""]",DEP_ccomp_rate_baixo + DEP_nsubj:pass_rate_baixo + DEP_obj_rate_alto,"[""f713b319fda7""]",f713b319fda7,199,0.13819444444444445,True,1,"[""DEP_ccomp"", ""DEP_nsubj:pass"", ""DEP_obj""]",DEP_ccomp|DEP_nsubj:pass|DEP_obj,False,True,True,0.37174513371992435,research_only,outside_review_top20,
b22ae0bd63b7,"[""DEP_amod_rate_alto"", ""DEP_ccomp_rate_baixo"", ""DEP_nsubj:pass_rate_baixo""]",DEP_amod_rate_alto + DEP_ccomp_rate_baixo + DEP_nsubj:pass_rate_baixo,"[""2308985aa1d7"", ""6064d0854029"", ""e3e132130661""]",2308985aa1d7,197,0.13680555555555557,True,1,"[""DEP_ccomp"", ""DEP_nsubj:pass"", ""adjetivacao""]",DEP_ccomp|DEP_nsubj:pass|adjetivacao,False,True,True,0.36987235035286914,research_only,outside_review_top20,
f3c21da90f10,"[""DEP_advcl_rate_baixo"", ""DEP_nsubj:pass_rate_baixo"", ""POS_PROPN_rate_alto""]",DEP_advcl_rate_baixo + DEP_nsubj:pass_rate_baixo + POS_PROPN_rate_alto,"[""353e639be4c5""]",353e639be4c5,196,0.1361111111111111,True,1,"[""DEP_advcl"", ""DEP_nsubj:pass"", ""POS_PROPN""]",DEP_advcl|DEP_nsubj:pass|POS_PROPN,False,True,True,0.36893239368631092,research_only,outside_review_top20,
9fbf6efdf099,"[""DEP_acl:relcl_rate_baixo"", ""DEP_advcl_rate_alto"", ""DEP_nsubj:pass_rate_baixo""]",DEP_acl:relcl_rate_baixo + DEP_advcl_rate_alto + DEP_nsubj:pass_rate_baixo,"[""3c61a3da3abc""]",3c61a3da3abc,190,0.13194444444444445,True,1,"[""DEP_acl:relcl"", ""DEP_advcl"", ""DEP_nsubj:pass""]",DEP_acl:relcl|DEP_advcl|DEP_nsubj:pass,False,True,True,0.36324157862838946,research_only,outside_review_top20,
c206aeeaf203,"[""DEP_advcl_rate_baixo"", ""POS_NOUN_rate_alto""]",DEP_advcl_rate_baixo + POS_NOUN_rate_alto,"[""93993666a2b1""]",93993666a2b1,224,0.15555555555555556,True,0.92000000000000004,"[""DEP_advcl"", ""POS_NOUN""]",DEP_advcl|POS_NOUN,False,False,True,0.36285289336344317,research_only,outside_review_top20,
4af4ae28eb07,"[""DEP_ccomp_rate_baixo"", ""DEP_nsubj:pass_rate_baixo"", ""POS_NOUN_rate_alto""]",DEP_ccomp_rate_baixo + DEP_nsubj:pass_rate_baixo + POS_NOUN_rate_alto,"[""1b7fe8f7625d"", ""54aaac4947b5""]",1b7fe8f7625d,188,0.13055555555555556,True,1,"[""DEP_ccomp"", ""DEP_nsubj:pass"", ""POS_NOUN""]",DEP_ccomp|DEP_nsubj:pass|POS_NOUN,False,True,True,0.36132472314464664,research_only,outside_review_top20,
c25927785443,"[""DEP_advmod_rate_alto"", ""POS_ADV_rate_alto"", ""uppercaseRatio_baixo""]",DEP_advmod_rate_alto + POS_ADV_rate_alto + uppercaseRatio_baixo,"[""30553b8c2ed9"", ""4203ea06f871"", ""c0151b5459e7""]",30553b8c2ed9,187,0.12986111111111112,True,1,"[""modificacao_adverbial"", ""uppercaseRatio""]",modificacao_adverbial|uppercaseRatio,True,False,True,0.36036247184066089,research_only,outside_review_top20,
1dc3fb87602d,"[""DEP_acl:relcl_rate_baixo"", ""DEP_advmod_rate_alto"", ""POS_ADV_rate_alto""]",DEP_acl:relcl_rate_baixo + DEP_advmod_rate_alto + POS_ADV_rate_alto,"[""001171050812"", ""049296627135"", ""2fdf951bf918"", ""6fefbe8efb35""]",049296627135,185,0.12847222222222221,True,1,"[""DEP_acl:relcl"", ""modificacao_adverbial""]",DEP_acl:relcl|modificacao_adverbial,True,True,True,0.35843021946010944,research_only,same_mechanism_family,
a65105bd94c6,"[""DEP_acl:relcl_rate_baixo"", ""DEP_nsubj:pass_rate_baixo"", ""POS_PROPN_rate_alto""]",DEP_acl:relcl_rate_baixo + DEP_nsubj:pass_rate_baixo + POS_PROPN_rate_alto,"[""67b972a0cb12"", ""c17904558605""]",c17904558605,184,0.12777777777777777,True,1,"[""DEP_acl:relcl"", ""DEP_nsubj:pass"", ""POS_PROPN""]",DEP_acl:relcl|DEP_nsubj:pass|POS_PROPN,False,True,True,0.35746017649212025,research_only,outside_review_top20,
42f60e5cc007,"[""DEP_advcl_rate_baixo"", ""DEP_nsubj:pass_rate_baixo"", ""POS_ADV_rate_baixo""]",DEP_advcl_rate_baixo + DEP_nsubj:pass_rate_baixo + POS_ADV_rate_baixo,"[""c6a24be42700""]",c6a24be42700,194,0.13472222222222222,True,0.96999999999999997,"[""DEP_advcl"", ""DEP_nsubj:pass"", ""modificacao_adverbial""]",DEP_advcl|DEP_nsubj:pass|modificacao_adverbial,False,True,True,0.35603390131964802,research_only,outside_review_top20,
0449a19a868e,"[""DEP_amod_rate_alto"", ""DEP_ccomp_rate_baixo"", ""POS_ADJ_rate_alto""]",DEP_amod_rate_alto + DEP_ccomp_rate_baixo + POS_ADJ_rate_alto,"[""64cfc41cd29c"", ""9dd991d064e5"", ""aa24ffb4eb59"", ""b5170c164a80""]",64cfc41cd29c,182,0.12638888888888888,True,1,"[""DEP_ccomp"", ""adjetivacao""]",DEP_ccomp|adjetivacao,True,False,True,0.35551215012835902,research_only,outside_review_top20,
1949a1f6475b,"[""DEP_nsubj:pass_rate_baixo"", ""POS_PROPN_rate_baixo"", ""uppercaseRatio_baixo""]",DEP_nsubj:pass_rate_baixo + POS_PROPN_rate_baixo + uppercaseRatio_baixo,"[""01980716ae1c""]",01980716ae1c,182,0.12638888888888888,True,1,"[""DEP_nsubj:pass"", ""POS_PROPN"", ""uppercaseRatio""]",DEP_nsubj:pass|POS_PROPN|uppercaseRatio,False,True,True,0.35551215012835902,research_only,outside_review_top20,
31010b851e91,"[""DEP_acl:relcl_rate_baixo"", ""DEP_advmod_rate_baixo"", ""POS_PRON_rate_baixo""]",DEP_acl:relcl_rate_baixo + DEP_advmod_rate_baixo + POS_PRON_rate_baixo,"[""1ba078c08175"", ""d1369887aa9e""]",1ba078c08175,182,0.12638888888888888,True,1,"[""DEP_acl:relcl"", ""POS_PRON"", ""modificacao_adverbial""]",DEP_acl:relcl|POS_PRON|modificacao_adverbial,False,True,True,0.35551215012835902,research_only,outside_review_top20,
e2653c601e80,"[""DEP_advcl_rate_baixo"", ""DEP_ccomp_rate_baixo"", ""POS_ADP_rate_alto""]",DEP_advcl_rate_baixo + DEP_ccomp_rate_baixo + POS_ADP_rate_alto,"[""52b5b8a737b5"", ""851a379e9b0c"", ""8d036e71b5bb""]",851a379e9b0c,181,0.12569444444444444,True,1,"[""DEP_advcl"", ""DEP_ccomp"", ""relacoes_preposicionais""]",DEP_advcl|DEP_ccomp|relacoes_preposicionais,False,True,True,0.35453412310304411,research_only,outside_review_top20,
25adae7b1426,"[""DEP_ccomp_rate_baixo"", ""DEP_nsubj:pass_rate_baixo"", ""POS_ADP_rate_alto""]",DEP_ccomp_rate_baixo + DEP_nsubj:pass_rate_baixo + POS_ADP_rate_alto,"[""7e33a041e706""]",7e33a041e706,179,0.12430555555555556,True,1,"[""DEP_ccomp"", ""DEP_nsubj:pass"", ""relacoes_preposicionais""]",DEP_ccomp|DEP_nsubj:pass|relacoes_preposicionais,False,True,True,0.35256993002176967,research_only,outside_review_top20,
93b724bf542f,"[""DEP_advcl_rate_baixo"", ""DEP_ccomp_rate_baixo"", ""DEP_nsubj_rate_baixo""]",DEP_advcl_rate_baixo + DEP_ccomp_rate_baixo + DEP_nsubj_rate_baixo,"[""009210998a05""]",009210998a05,179,0.12430555555555556,True,1,"[""DEP_advcl"", ""DEP_ccomp"", ""DEP_nsubj""]",DEP_advcl|DEP_ccomp|DEP_nsubj,False,False,True,0.35256993002176967,research_only,outside_review_top20,
9bf72af9c991,"[""DEP_acl:relcl_rate_baixo"", ""DEP_ccomp_rate_baixo"", ""POS_VERB_rate_baixo""]",DEP_acl:relcl_rate_baixo + DEP_ccomp_rate_baixo + POS_VERB_rate_baixo,"[""06b4870014d1"", ""7ceb7a8a3798"", ""f972dc14eb73""]",7ceb7a8a3798,179,0.12430555555555556,True,1,"[""DEP_acl:relcl"", ""DEP_ccomp"", ""POS_VERB""]",DEP_acl:relcl|DEP_ccomp|POS_VERB,False,True,True,0.35256993002176967,research_only,outside_review_top20,
9ca7cb4266ca,"[""DEP_acl:relcl_rate_baixo"", ""DEP_advcl_rate_baixo"", ""POS_VERB_rate_baixo""]",DEP_acl:relcl_rate_baixo + DEP_advcl_rate_baixo + POS_VERB_rate_baixo,"[""16557f76d054"", ""4364afb5950b"", ""49b939f28fc8""]",49b939f28fc8,178,0.12361111111111112,True,1,"[""DEP_acl:relcl"", ""DEP_advcl"", ""POS_VERB""]",DEP_acl:relcl|DEP_advcl|POS_VERB,False,True,True,0.35158371849548309,research_only,outside_review_top20,
78ee3a59c22c,"[""DEP_advcl_rate_baixo"", ""DEP_nsubj:pass_rate_baixo"", ""POS_ADP_rate_alto""]",DEP_advcl_rate_baixo + DEP_nsubj:pass_rate_baixo + POS_ADP_rate_alto,"[""bbe72c50229c""]",bbe72c50229c,177,0.12291666666666666,True,1,"[""DEP_advcl"", ""DEP_nsubj:pass"", ""relacoes_preposicionais""]",DEP_advcl|DEP_nsubj:pass|relacoes_preposicionais,False,True,True,0.35059473279937714,research_only,outside_review_top20,
143263c6584a,"[""DEP_acl:relcl_rate_baixo"", ""DEP_nsubj:pass_rate_baixo"", ""uppercaseRatio_alto""]",DEP_acl:relcl_rate_baixo + DEP_nsubj:pass_rate_baixo + uppercaseRatio_alto,"[""b7a9b9983f55""]",b7a9b9983f55,176,0.12222222222222222,True,1,"[""DEP_acl:relcl"", ""DEP_nsubj:pass"", ""uppercaseRatio""]",DEP_acl:relcl|DEP_nsubj:pass|uppercaseRatio,False,True,True,0.34960294939005049,research_only,outside_review_top20,
325226a1f87d,"[""DEP_advmod_rate_alto"", ""DEP_ccomp_rate_baixo"", ""POS_ADV_rate_alto""]",DEP_advmod_rate_alto + DEP_ccomp_rate_baixo + POS_ADV_rate_alto,"[""3a43eba7e197"", ""e9d40e61c25e""]",3a43eba7e197,176,0.12222222222222222,True,1,"[""DEP_ccomp"", ""modificacao_adverbial""]",DEP_ccomp|modificacao_adverbial,True,False,True,0.34960294939005049,research_only,outside_review_top20,
833ebfb1fa54,"[""DEP_ccomp_rate_baixo"", ""DEP_nsubj:pass_rate_baixo"", ""POS_NUM_rate_alto""]",DEP_ccomp_rate_baixo + DEP_nsubj:pass_rate_baixo + POS_NUM_rate_alto,"[""5b78f6b7fad3""]",5b78f6b7fad3,176,0.12222222222222222,True,1,"[""DEP_ccomp"", ""DEP_nsubj:pass"", ""numerais""]",DEP_ccomp|DEP_nsubj:pass|numerais,False,True,True,0.34960294939005049,research_only,outside_review_top20,
97cbcb0cee27,"[""DEP_acl:relcl_rate_baixo"", ""DEP_nsubj:pass_rate_baixo"", ""punctuationDensity_spacy_alto""]",DEP_acl:relcl_rate_baixo + DEP_nsubj:pass_rate_baixo + punctuationDensity_spacy_alto,"[""4a9450ce1c5e"", ""cb4a7a18fe54"", ""e6ff9838870a""]",cb4a7a18fe54,176,0.12222222222222222,True,1,"[""DEP_acl:relcl"", ""DEP_nsubj:pass"", ""punctuationDensity_spacy""]",DEP_acl:relcl|DEP_nsubj:pass|punctuationDensity_spacy,False,True,True,0.34960294939005049,research_only,outside_review_top20,
e80ef7f9323c,"[""DEP_ccomp_rate_baixo"", ""DEP_nsubj:pass_rate_baixo"", ""POS_ADJ_rate_alto""]",DEP_ccomp_rate_baixo + DEP_nsubj:pass_rate_baixo + POS_ADJ_rate_alto,"[""01cc0c52dba9"", ""08867be70ac9"", ""0ab029b56051""]",0ab029b56051,181,0.12569444444444444,True,0.97999999999999998,"[""DEP_ccomp"", ""DEP_nsubj:pass"", ""adjetivacao""]",DEP_ccomp|DEP_nsubj:pass|adjetivacao,False,True,True,0.3474434406409832,research_only,outside_review_top20,
41a962e4c892,"[""DEP_advcl_rate_baixo"", ""DEP_advmod_rate_baixo"", ""DEP_ccomp_rate_baixo""]",DEP_advcl_rate_baixo + DEP_advmod_rate_baixo + DEP_ccomp_rate_baixo,"[""c39dc0f07e9d"", ""f29a269a9955""]",c39dc0f07e9d,184,0.12777777777777777,True,0.96999999999999997,"[""DEP_advcl"", ""DEP_ccomp"", ""modificacao_adverbial""]",DEP_advcl|DEP_ccomp|modificacao_adverbial,False,False,True,0.34673637119735662,research_only,outside_review_top20,
651870837e5e,"[""DEP_acl:relcl_rate_baixo"", ""DEP_ccomp_rate_baixo"", ""POS_ADP_rate_alto""]",DEP_acl:relcl_rate_baixo + DEP_ccomp_rate_baixo + POS_ADP_rate_alto,"[""68550e86c887"", ""f4dfed335156""]",68550e86c887,173,0.12013888888888889,True,1,"[""DEP_acl:relcl"", ""DEP_ccomp"", ""relacoes_preposicionais""]",DEP_acl:relcl|DEP_ccomp|relacoes_preposicionais,False,True,True,0.34661057238475701,research_only,outside_review_top20,
aedde8177efa,"[""DEP_advcl_rate_baixo"", ""DEP_advmod_rate_alto"", ""POS_ADV_rate_alto""]",DEP_advcl_rate_baixo + DEP_advmod_rate_alto + POS_ADV_rate_alto,"[""16c6600c19ac"", ""9300fc3b3306""]",16c6600c19ac,173,0.12013888888888889,True,1,"[""DEP_advcl"", ""modificacao_adverbial""]",DEP_advcl|modificacao_adverbial,True,False,True,0.34661057238475701,research_only,same_mechanism_family,
f41c3bd669cf,"[""DEP_ccomp_rate_baixo"", ""DEP_nsubj:pass_rate_baixo"", ""DEP_nsubj_rate_baixo""]",DEP_ccomp_rate_baixo + DEP_nsubj:pass_rate_baixo + DEP_nsubj_rate_baixo,"[""7eeecf30eb02""]",7eeecf30eb02,173,0.12013888888888889,True,1,"[""DEP_ccomp"", ""DEP_nsubj"", ""DEP_nsubj:pass""]",DEP_ccomp|DEP_nsubj|DEP_nsubj:pass,False,True,True,0.34661057238475701,research_only,outside_review_top20,
7e182fc57513,"[""DEP_acl:relcl_rate_baixo"", ""POS_PRON_rate_baixo"", ""uppercaseRatio_baixo""]",DEP_acl:relcl_rate_baixo + POS_PRON_rate_baixo + uppercaseRatio_baixo,"[""ed8439668399""]",ed8439668399,172,0.11944444444444445,True,1,"[""DEP_acl:relcl"", ""POS_PRON"", ""uppercaseRatio""]",DEP_acl:relcl|POS_PRON|uppercaseRatio,False,True,True,0.34560735588879538,research_only,outside_review_top20,
87c3de1ac3a4,"[""DEP_amod_rate_baixo"", ""DEP_ccomp_rate_baixo"", ""POS_ADJ_rate_baixo""]",DEP_amod_rate_baixo + DEP_ccomp_rate_baixo + POS_ADJ_rate_baixo,"[""3685c5ddb125"", ""aeaddd728517""]",3685c5ddb125,172,0.11944444444444445,True,1,"[""DEP_ccomp"", ""adjetivacao""]",DEP_ccomp|adjetivacao,True,False,True,0.34560735588879538,research_only,outside_review_top20,
fb3a43dcbf7c,"[""DEP_acl:relcl_rate_baixo"", ""DEP_nsubj_rate_baixo"", ""POS_PRON_rate_baixo""]",DEP_acl:relcl_rate_baixo + DEP_nsubj_rate_baixo + POS_PRON_rate_baixo,"[""86d5bac5eea3"", ""d44b2ebe3dff""]",d44b2ebe3dff,172,0.11944444444444445,True,1,"[""DEP_acl:relcl"", ""DEP_nsubj"", ""POS_PRON""]",DEP_acl:relcl|DEP_nsubj|POS_PRON,False,True,True,0.34560735588879538,research_only,outside_review_top20,
49e1509c2ed2,"[""DEP_acl:relcl_rate_alto"", ""DEP_ccomp_rate_baixo"", ""DEP_nsubj:pass_rate_baixo""]",DEP_acl:relcl_rate_alto + DEP_ccomp_rate_baixo + DEP_nsubj:pass_rate_baixo,"[""7307735752c7""]",7307735752c7,179,0.12430555555555556,True,0.97999999999999998,"[""DEP_acl:relcl"", ""DEP_ccomp"", ""DEP_nsubj:pass""]",DEP_acl:relcl|DEP_ccomp|DEP_nsubj:pass,False,True,True,0.34551853142133426,research_only,outside_review_top20,
db6f966588f8,"[""POS_NOUN_rate_alto"", ""uppercaseRatio_baixo""]",POS_NOUN_rate_alto + uppercaseRatio_baixo,"[""692298c7e196""]",692298c7e196,182,0.12638888888888888,True,0.96999999999999997,"[""POS_NOUN"", ""uppercaseRatio""]",POS_NOUN|uppercaseRatio,False,False,True,0.34484678562450821,research_only,outside_review_top20,
07169a263124,"[""DEP_advmod_rate_baixo"", ""POS_ADV_rate_baixo"", ""POS_PRON_rate_baixo""]",DEP_advmod_rate_baixo + POS_ADV_rate_baixo + POS_PRON_rate_baixo,"[""29ad7ad49736"", ""f5ab4e4371a9""]",f5ab4e4371a9,171,0.11874999999999999,True,1,"[""POS_PRON"", ""modificacao_adverbial""]",POS_PRON|modificacao_adverbial,True,False,True,0.34460121880225553,research_only,outside_review_top20,
70845cf833b9,"[""DEP_nsubj:pass_rate_baixo"", ""DEP_obj_rate_alto"", ""POS_NUM_rate_baixo""]",DEP_nsubj:pass_rate_baixo + DEP_obj_rate_alto + POS_NUM_rate_baixo,"[""8acb1b222939""]",8acb1b222939,170,0.11805555555555555,True,1,"[""DEP_nsubj:pass"", ""DEP_obj"", ""numerais""]",DEP_nsubj:pass|DEP_obj|numerais,False,True,True,0.34359213546813838,research_only,outside_review_top20,
c3c54c8e2eed,"[""DEP_advcl_rate_baixo"", ""DEP_amod_rate_baixo"", ""POS_ADJ_rate_baixo""]",DEP_advcl_rate_baixo + DEP_amod_rate_baixo + POS_ADJ_rate_baixo,"[""2f67d0170d28"", ""c990f45e3bd8""]",2f67d0170d28,170,0.11805555555555555,True,1,"[""DEP_advcl"", ""adjetivacao""]",DEP_advcl|adjetivacao,True,False,True,0.34359213546813838,research_only,outside_review_top20,
40dd9a8492f4,"[""DEP_advcl_rate_baixo"", ""DEP_ccomp_rate_baixo"", ""POS_PROPN_rate_alto""]",DEP_advcl_rate_baixo + DEP_ccomp_rate_baixo + POS_PROPN_rate_alto,"[""2ab69402d49c"", ""ba4f4bdbb3e8""]",2ab69402d49c,169,0.11736111111111111,True,1,"[""DEP_advcl"", ""DEP_ccomp"", ""POS_PROPN""]",DEP_advcl|DEP_ccomp|POS_PROPN,False,False,True,0.3425800798515744,research_only,outside_review_top20,
7e58f2198b9a,"[""DEP_acl:relcl_rate_baixo"", ""POS_NUM_rate_baixo"", ""POS_PRON_rate_baixo""]",DEP_acl:relcl_rate_baixo + POS_NUM_rate_baixo + POS_PRON_rate_baixo,"[""0565d0f5c73f"", ""1d549773767e""]",1d549773767e,169,0.11736111111111111,True,1,"[""DEP_acl:relcl"", ""POS_PRON"", ""numerais""]",DEP_acl:relcl|POS_PRON|numerais,False,True,True,0.3425800798515744,research_only,outside_review_top20,
64748c9e68b0,"[""POS_ADJ_rate_alto"", ""uppercaseRatio_baixo""]",POS_ADJ_rate_alto + uppercaseRatio_baixo,"[""46440f577adc""]",46440f577adc,187,0.12986111111111112,True,0.94999999999999996,"[""adjetivacao"", ""uppercaseRatio""]",adjetivacao|uppercaseRatio,False,False,True,0.34234434824862781,research_only,outside_review_top20,
ad515f9e31fe,"[""DEP_acl:relcl_rate_baixo"", ""DEP_amod_rate_baixo"", ""POS_ADJ_rate_baixo""]",DEP_acl:relcl_rate_baixo + DEP_amod_rate_baixo + POS_ADJ_rate_baixo,"[""3132ce01c528"", ""cd0e1fca766c""]",cd0e1fca766c,168,0.11666666666666667,True,1,"[""DEP_acl:relcl"", ""adjetivacao""]",DEP_acl:relcl|adjetivacao,True,True,True,0.34156502553198659,research_only,outside_review_top20,
f7b0aa33cc43,"[""DEP_advcl_rate_baixo"", ""DEP_ccomp_rate_baixo"", ""POS_ADV_rate_baixo""]",DEP_advcl_rate_baixo + DEP_ccomp_rate_baixo + POS_ADV_rate_baixo,"[""acff811bbbf2"", ""ad53ca705d2e""]",ad53ca705d2e,168,0.11666666666666667,True,1,"[""DEP_advcl"", ""DEP_ccomp"", ""modificacao_adverbial""]",DEP_advcl|DEP_ccomp|modificacao_adverbial,False,False,True,0.34156502553198659,research_only,outside_review_top20,
cbf1c614fcd4,"[""DEP_acl:relcl_rate_baixo"", ""DEP_advcl_rate_baixo"", ""POS_PROPN_rate_alto""]",DEP_acl:relcl_rate_baixo + DEP_advcl_rate_baixo + POS_PROPN_rate_alto,"[""b1901f639dc0"", ""e01011746b0c""]",e01011746b0c,167,0.11597222222222223,True,1,"[""DEP_acl:relcl"", ""DEP_advcl"", ""POS_PROPN""]",DEP_acl:relcl|DEP_advcl|POS_PROPN,False,True,True,0.34054694569504251,research_only,outside_review_top20,
f879ebf22866,"[""DEP_advcl_rate_baixo"", ""DEP_amod_rate_alto"", ""POS_ADJ_rate_alto""]",DEP_advcl_rate_baixo + DEP_amod_rate_alto + POS_ADJ_rate_alto,"[""38f3353a775e"", ""656d9ba782d9"", ""7f0951dd1322""]",656d9ba782d9,167,0.11597222222222223,True,1,"[""DEP_advcl"", ""adjetivacao""]",DEP_advcl|adjetivacao,True,False,True,0.34054694569504251,research_only,outside_review_top20,
26f10eb66771,"[""DEP_acl:relcl_rate_baixo"", ""POS_ADV_rate_baixo"", ""POS_PRON_rate_baixo""]",DEP_acl:relcl_rate_baixo + POS_ADV_rate_baixo + POS_PRON_rate_baixo,"[""127471edfb30"", ""ec0f417cee0c""]",127471edfb30,166,0.11527777777777778,True,1,"[""DEP_acl:relcl"", ""POS_PRON"", ""modificacao_adverbial""]",DEP_acl:relcl|POS_PRON|modificacao_adverbial,False,True,True,0.3395258131243894,research_only,outside_review_top20,
57c51809180a,"[""DEP_acl:relcl_rate_baixo"", ""DEP_nsubj:pass_rate_baixo"", ""DEP_obj_rate_alto""]",DEP_acl:relcl_rate_baixo + DEP_nsubj:pass_rate_baixo + DEP_obj_rate_alto,"[""80322b464683""]",80322b464683,166,0.11527777777777778,True,1,"[""DEP_acl:relcl"", ""DEP_nsubj:pass"", ""DEP_obj""]",DEP_acl:relcl|DEP_nsubj:pass|DEP_obj,False,True,True,0.3395258131243894,research_only,outside_review_top20,
fb402c8e72f2,"[""DEP_acl:relcl_rate_baixo"", ""DEP_advcl_rate_baixo"", ""POS_ADP_rate_alto""]",DEP_acl:relcl_rate_baixo + DEP_advcl_rate_baixo + POS_ADP_rate_alto,"[""b789b20bdbb6"", ""e518a54590e4""]",b789b20bdbb6,166,0.11527777777777778,True,1,"[""DEP_acl:relcl"", ""DEP_advcl"", ""relacoes_preposicionais""]",DEP_acl:relcl|DEP_advcl|relacoes_preposicionais,False,True,True,0.3395258131243894,research_only,outside_review_top20,
67ddfbc7da4e,"[""DEP_advcl_rate_baixo"", ""DEP_nsubj:pass_rate_baixo"", ""diversidade_baixo""]",DEP_advcl_rate_baixo + DEP_nsubj:pass_rate_baixo + diversidade_baixo,"[""5d07f32ceae9""]",5d07f32ceae9,176,0.12222222222222222,True,0.96999999999999997,"[""DEP_advcl"", ""DEP_nsubj:pass"", ""diversidade""]",DEP_advcl|DEP_nsubj:pass|diversidade,False,True,True,0.33911486090834897,research_only,outside_review_top20,
b4fe8ba1f6ae,"[""DEP_acl:relcl_rate_baixo"", ""DEP_nsubj:pass_rate_baixo"", ""POS_VERB_rate_baixo""]",DEP_acl:relcl_rate_baixo + DEP_nsubj:pass_rate_baixo + POS_VERB_rate_baixo,"[""4035bde92a56""]",4035bde92a56,176,0.12222222222222222,True,0.96999999999999997,"[""DEP_acl:relcl"", ""DEP_nsubj:pass"", ""POS_VERB""]",DEP_acl:relcl|DEP_nsubj:pass|POS_VERB,False,True,True,0.33911486090834897,research_only,outside_review_top20,
2cb47a1ba017,"[""DEP_advcl_rate_baixo"", ""DEP_nsubj:pass_rate_baixo"", ""DEP_obj_rate_baixo""]",DEP_advcl_rate_baixo + DEP_nsubj:pass_rate_baixo + DEP_obj_rate_baixo,"[""f568b2ebd046""]",f568b2ebd046,165,0.11458333333333333,True,1,"[""DEP_advcl"", ""DEP_nsubj:pass"", ""DEP_obj""]",DEP_advcl|DEP_nsubj:pass|DEP_obj,False,True,True,0.338501600193165,research_only,outside_review_top20,
4f76f15a0b57,"[""DEP_nsubj:pass_rate_baixo"", ""DEP_obj_rate_alto"", ""POS_VERB_rate_alto""]",DEP_nsubj:pass_rate_baixo + DEP_obj_rate_alto + POS_VERB_rate_alto,"[""10f25d2c559c"", ""e290ad4c9291""]",e290ad4c9291,165,0.11458333333333333,True,1,"[""DEP_nsubj:pass"", ""DEP_obj"", ""POS_VERB""]",DEP_nsubj:pass|DEP_obj|POS_VERB,False,True,True,0.338501600193165,research_only,outside_review_top20,
617fe5f18ff2,"[""DEP_advmod_rate_baixo"", ""POS_ADV_rate_baixo"", ""POS_NUM_rate_baixo""]",DEP_advmod_rate_baixo + POS_ADV_rate_baixo + POS_NUM_rate_baixo,"[""496c5aed3a1e"", ""ebb5c1b30ec6""]",ebb5c1b30ec6,165,0.11458333333333333,True,1,"[""modificacao_adverbial"", ""numerais""]",modificacao_adverbial|numerais,True,True,True,0.338501600193165,research_only,outside_review_top20,
2160c7b7c84e,"[""DEP_nsubj:pass_rate_baixo"", ""DEP_nsubj_rate_alto"", ""POS_NUM_rate_baixo""]",DEP_nsubj:pass_rate_baixo + DEP_nsubj_rate_alto + POS_NUM_rate_baixo,"[""1c1058c9853c""]",1c1058c9853c,164,0.11388888888888889,True,1,"[""DEP_nsubj"", ""DEP_nsubj:pass"", ""numerais""]",DEP_nsubj|DEP_nsubj:pass|numerais,False,True,True,0.33747427885527642,research_only,outside_review_top20,
6578e1482e09,"[""DEP_acl:relcl_rate_alto"", ""DEP_nsubj:pass_rate_baixo"", ""POS_PRON_rate_alto""]",DEP_acl:relcl_rate_alto + DEP_nsubj:pass_rate_baixo + POS_PRON_rate_alto,"[""1680ec51ad83"", ""5da45943eb76"", ""d1f413a526f2""]",1680ec51ad83,163,0.11319444444444444,True,1,"[""DEP_acl:relcl"", ""DEP_nsubj:pass"", ""POS_PRON""]",DEP_acl:relcl|DEP_nsubj:pass|POS_PRON,False,True,True,0.33644382063643918,research_only,same_mechanism_family,
0f2200838e94,"[""DEP_nsubj:pass_rate_baixo"", ""POS_PRON_rate_alto"", ""uppercaseRatio_baixo""]",DEP_nsubj:pass_rate_baixo + POS_PRON_rate_alto + uppercaseRatio_baixo,"[""00e06ef63dbc"", ""1c26b6cfa30f""]",00e06ef63dbc,162,0.1125,True,1,"[""DEP_nsubj:pass"", ""POS_PRON"", ""uppercaseRatio""]",DEP_nsubj:pass|POS_PRON|uppercaseRatio,False,True,True,0.33541019662496846,research_only,outside_review_top20,
340d9d5c17e8,"[""DEP_acl:relcl_rate_baixo"", ""DEP_nsubj:pass_rate_baixo"", ""POS_ADP_rate_alto""]",DEP_acl:relcl_rate_baixo + DEP_nsubj:pass_rate_baixo + POS_ADP_rate_alto,"[""0512684641f9""]",0512684641f9,161,0.11180555555555556,True,1,"[""DEP_acl:relcl"", ""DEP_nsubj:pass"", ""relacoes_preposicionais""]",DEP_acl:relcl|DEP_nsubj:pass|relacoes_preposicionais,False,True,True,0.33437337746231466,research_only,outside_review_top20,
41f10c8d976d,"[""DEP_amod_rate_alto"", ""uppercaseRatio_baixo""]",DEP_amod_rate_alto + uppercaseRatio_baixo,"[""cf014d4cf764""]",cf014d4cf764,190,0.13194444444444445,True,0.92000000000000004,"[""adjetivacao"", ""uppercaseRatio""]",adjetivacao|uppercaseRatio,False,False,True,0.33418225233811832,research_only,outside_review_top20,
02533c1b2057,"[""DEP_nsubj:pass_rate_baixo"", ""DEP_nsubj_rate_alto"", ""uppercaseRatio_baixo""]",DEP_nsubj:pass_rate_baixo + DEP_nsubj_rate_alto + uppercaseRatio_baixo,"[""86fb0aede1b7""]",86fb0aede1b7,160,0.1111111111111111,True,1,"[""DEP_nsubj"", ""DEP_nsubj:pass"", ""uppercaseRatio""]",DEP_nsubj|DEP_nsubj:pass|uppercaseRatio,False,True,True,0.33333333333333331,research_only,outside_review_top20,
23e76cd151c7,"[""DEP_nsubj:pass_rate_baixo"", ""DEP_nsubj_rate_alto"", ""POS_PRON_rate_alto""]",DEP_nsubj:pass_rate_baixo + DEP_nsubj_rate_alto + POS_PRON_rate_alto,"[""645bf5fb43a4""]",645bf5fb43a4,160,0.1111111111111111,True,1,"[""DEP_nsubj"", ""DEP_nsubj:pass"", ""POS_PRON""]",DEP_nsubj|DEP_nsubj:pass|POS_PRON,False,True,True,0.33333333333333331,research_only,outside_review_top20,
09599e34026d,"[""DEP_acl:relcl_rate_baixo"", ""DEP_amod_rate_alto"", ""POS_ADJ_rate_alto""]",DEP_acl:relcl_rate_baixo + DEP_amod_rate_alto + POS_ADJ_rate_alto,"[""296e372a6617"", ""a070c44ce3f8""]",296e372a6617,159,0.11041666666666666,True,1,"[""DEP_acl:relcl"", ""adjetivacao""]",DEP_acl:relcl|adjetivacao,True,True,True,0.33229003395628143,research_only,outside_review_top20,
749616b65649,"[""DEP_advcl_rate_baixo"", ""DEP_ccomp_rate_baixo"", ""DEP_obj_rate_baixo""]",DEP_advcl_rate_baixo + DEP_ccomp_rate_baixo + DEP_obj_rate_baixo,"[""9c5cae8f2917""]",9c5cae8f2917,158,0.10972222222222222,True,1,"[""DEP_advcl"", ""DEP_ccomp"", ""DEP_obj""]",DEP_advcl|DEP_ccomp|DEP_obj,False,False,True,0.33124344857252985,research_only,outside_review_top20,
7b1c840ceeb3,"[""DEP_acl:relcl_rate_baixo"", ""DEP_nsubj:pass_rate_baixo"", ""DEP_nsubj_rate_alto""]",DEP_acl:relcl_rate_baixo + DEP_nsubj:pass_rate_baixo + DEP_nsubj_rate_alto,"[""9700fe6ef79c""]",9700fe6ef79c,158,0.10972222222222222,True,1,"[""DEP_acl:relcl"", ""DEP_nsubj"", ""DEP_nsubj:pass""]",DEP_acl:relcl|DEP_nsubj|DEP_nsubj:pass,False,True,True,0.33124344857252985,research_only,outside_review_top20,
cbed3bd1c220,"[""DEP_advmod_rate_baixo"", ""POS_ADP_rate_alto"", ""POS_ADV_rate_baixo""]",DEP_advmod_rate_baixo + POS_ADP_rate_alto + POS_ADV_rate_baixo,"[""342c57f3fe6b"", ""621d3387f92c""]",342c57f3fe6b,157,0.10902777777777778,True,1,"[""modificacao_adverbial"", ""relacoes_preposicionais""]",modificacao_adverbial|relacoes_preposicionais,True,True,True,0.33019354593598249,research_only,outside_review_top20,
8faf17a8cd85,"[""DEP_advmod_rate_baixo"", ""DEP_nsubj:pass_rate_baixo"", ""POS_AUX_rate_baixo""]",DEP_advmod_rate_baixo + DEP_nsubj:pass_rate_baixo + POS_AUX_rate_baixo,"[""2b7c02ca92a0""]",2b7c02ca92a0,156,0.10833333333333334,True,1,"[""DEP_nsubj:pass"", ""auxiliares"", ""modificacao_adverbial""]",DEP_nsubj:pass|auxiliares|modificacao_adverbial,False,True,True,0.32914029430219166,research_only,outside_review_top20,
413b4701a914,"[""DEP_advmod_rate_alto"", ""uppercaseRatio_baixo""]",DEP_advmod_rate_alto + uppercaseRatio_baixo,"[""56957b554c4f""]",56957b554c4f,205,0.1423611111111111,True,0.87,"[""modificacao_adverbial"", ""uppercaseRatio""]",modificacao_adverbial|uppercaseRatio,False,False,True,0.32825771125748132,research_only,outside_review_top20,
2d4bf07c2ecb,"[""DEP_advcl_rate_baixo"", ""DEP_nsubj:pass_rate_baixo"", ""DEP_obj_rate_alto""]",DEP_advcl_rate_baixo + DEP_nsubj:pass_rate_baixo + DEP_obj_rate_alto,"[""1c395eab0531""]",1c395eab0531,155,0.1076388888888889,True,1,"[""DEP_advcl"", ""DEP_nsubj:pass"", ""DEP_obj""]",DEP_advcl|DEP_nsubj:pass|DEP_obj,False,True,True,0.32808366141715878,research_only,outside_review_top20,
74627a5bd54c,"[""DEP_acl:relcl_rate_baixo"", ""DEP_advcl_rate_baixo"", ""DEP_nsubj_rate_baixo""]",DEP_acl:relcl_rate_baixo + DEP_advcl_rate_baixo + DEP_nsubj_rate_baixo,"[""53d823a4acb9""]",53d823a4acb9,155,0.1076388888888889,True,1,"[""DEP_acl:relcl"", ""DEP_advcl"", ""DEP_nsubj""]",DEP_acl:relcl|DEP_advcl|DEP_nsubj,False,True,True,0.32808366141715878,research_only,outside_review_top20,
686de1b9ed5b,"[""DEP_advcl_rate_baixo"", ""DEP_ccomp_rate_baixo"", ""POS_AUX_rate_baixo""]",DEP_advcl_rate_baixo + DEP_ccomp_rate_baixo + POS_AUX_rate_baixo,"[""a0ba3fdb6f90""]",a0ba3fdb6f90,157,0.10902777777777778,True,0.98999999999999999,"[""DEP_advcl"", ""DEP_ccomp"", ""auxiliares""]",DEP_advcl|DEP_ccomp|auxiliares,False,True,True,0.32689161047662268,research_only,outside_review_top20,
8842437c709d,"[""DEP_acl:relcl_rate_baixo"", ""DEP_cc_rate_alto"", ""POS_PRON_rate_baixo""]",DEP_acl:relcl_rate_baixo + DEP_cc_rate_alto + POS_PRON_rate_baixo,"[""0ba767ecfd96"", ""c69a66b335bd""]",0ba767ecfd96,163,0.11319444444444444,True,0.96999999999999997,"[""DEP_acl:relcl"", ""POS_PRON"", ""coordenacao""]",DEP_acl:relcl|POS_PRON|coordenacao,False,True,True,0.326350506017346,research_only,outside_review_top20,
6e0bc967e9df,"[""DEP_advcl_rate_baixo"", ""DEP_advmod_rate_baixo"", ""DEP_nsubj:pass_rate_baixo""]",DEP_advcl_rate_baixo + DEP_advmod_rate_baixo + DEP_nsubj:pass_rate_baixo,"[""4513ef5e02ed""]",4513ef5e02ed,217,0.15069444444444444,True,0.83999999999999997,"[""DEP_advcl"", ""DEP_nsubj:pass"", ""modificacao_adverbial""]",DEP_advcl|DEP_nsubj:pass|modificacao_adverbial,False,True,True,0.32608281156785923,research_only,outside_review_top20,
11bbe394e949,"[""DEP_acl:relcl_rate_baixo"", ""DEP_nsubj:pass_rate_baixo"", ""DEP_nsubj_rate_baixo""]",DEP_acl:relcl_rate_baixo + DEP_nsubj:pass_rate_baixo + DEP_nsubj_rate_baixo,"[""606d6e65c1a6""]",606d6e65c1a6,153,0.10625,True,1,"[""DEP_acl:relcl"", ""DEP_nsubj"", ""DEP_nsubj:pass""]",DEP_acl:relcl|DEP_nsubj|DEP_nsubj:pass,False,True,True,0.32596012026013244,research_only,outside_review_top20,
d6653a7c843d,"[""DEP_advmod_rate_baixo"", ""POS_ADV_rate_baixo"", ""uppercaseRatio_baixo""]",DEP_advmod_rate_baixo + POS_ADV_rate_baixo + uppercaseRatio_baixo,"[""527f687a01c3"", ""86dab6a5f8ff""]",527f687a01c3,153,0.10625,True,1,"[""modificacao_adverbial"", ""uppercaseRatio""]",modificacao_adverbial|uppercaseRatio,True,False,True,0.32596012026013244,research_only,outside_review_top20,
d6b3a4a1c767,"[""DEP_advcl_rate_baixo"", ""DEP_nsubj:pass_rate_baixo"", ""POS_NUM_rate_alto""]",DEP_advcl_rate_baixo + DEP_nsubj:pass_rate_baixo + POS_NUM_rate_alto,"[""e01b92a20d06""]",e01b92a20d06,165,0.11458333333333333,True,0.95999999999999996,"[""DEP_advcl"", ""DEP_nsubj:pass"", ""numerais""]",DEP_advcl|DEP_nsubj:pass|numerais,False,True,True,0.32496153618543838,research_only,outside_review_top20,
14f2b18daa3c,"[""DEP_ccomp_rate_baixo"", ""POS_PROPN_rate_baixo"", ""uppercaseRatio_baixo""]",DEP_ccomp_rate_baixo + POS_PROPN_rate_baixo + uppercaseRatio_baixo,"[""b74f2e5e05ec""]",b74f2e5e05ec,152,0.10555555555555556,True,1,"[""DEP_ccomp"", ""POS_PROPN"", ""uppercaseRatio""]",DEP_ccomp|POS_PROPN|uppercaseRatio,False,False,True,0.32489314482696546,research_only,outside_review_top20,
a9370ac537f5,"[""DEP_advmod_rate_baixo"", ""POS_ADV_rate_baixo"", ""POS_PROPN_rate_alto""]",DEP_advmod_rate_baixo + POS_ADV_rate_baixo + POS_PROPN_rate_alto,"[""9a32ada49b69"", ""e59bc16c1973""]",e59bc16c1973,152,0.10555555555555556,True,1,"[""POS_PROPN"", ""modificacao_adverbial""]",POS_PROPN|modificacao_adverbial,True,False,True,0.32489314482696546,research_only,outside_review_top20,
10f9a490dc46,"[""DEP_ccomp_rate_baixo"", ""POS_ADP_rate_alto"", ""POS_VERB_rate_baixo""]",DEP_ccomp_rate_baixo + POS_ADP_rate_alto + POS_VERB_rate_baixo,"[""0db2ca13a5cc"", ""18022f6eb665""]",18022f6eb665,151,0.10486111111111111,True,1,"[""DEP_ccomp"", ""POS_VERB"", ""relacoes_preposicionais""]",DEP_ccomp|POS_VERB|relacoes_preposicionais,False,True,True,0.32382265379542413,research_only,outside_review_top20,
5f8cc695f8c6,"[""DEP_acl:relcl_rate_baixo"", ""POS_PRON_rate_baixo"", ""POS_PROPN_rate_alto""]",DEP_acl:relcl_rate_baixo + POS_PRON_rate_baixo + POS_PROPN_rate_alto,"[""16cd63629787"", ""6bddc116755c""]",6bddc116755c,151,0.10486111111111111,True,1,"[""DEP_acl:relcl"", ""POS_PRON"", ""POS_PROPN""]",DEP_acl:relcl|POS_PRON|POS_PROPN,False,True,True,0.32382265379542413,research_only,outside_review_top20,
9fae0d3c0dae,"[""DEP_nsubj:pass_rate_baixo"", ""DEP_obj_rate_alto"", ""uppercaseRatio_baixo""]",DEP_nsubj:pass_rate_baixo + DEP_obj_rate_alto + uppercaseRatio_baixo,"[""0400b68a7df0""]",0400b68a7df0,151,0.10486111111111111,True,1,"[""DEP_nsubj:pass"", ""DEP_obj"", ""uppercaseRatio""]",DEP_nsubj:pass|DEP_obj|uppercaseRatio,False,True,True,0.32382265379542413,research_only,outside_review_top20,
b6e0cdcd2e9f,"[""DEP_ccomp_rate_alto"", ""DEP_nsubj:pass_rate_baixo"", ""DEP_nsubj_rate_alto""]",DEP_ccomp_rate_alto + DEP_nsubj:pass_rate_baixo + DEP_nsubj_rate_alto,"[""31df6377e21e""]",31df6377e21e,151,0.10486111111111111,True,1,"[""DEP_ccomp"", ""DEP_nsubj"", ""DEP_nsubj:pass""]",DEP_ccomp|DEP_nsubj|DEP_nsubj:pass,False,True,True,0.32382265379542413,research_only,outside_review_top20,
229d8d90dcea,"[""DEP_advmod_rate_alto"", ""POS_ADP_rate_baixo"", ""POS_ADV_rate_alto""]",DEP_advmod_rate_alto + POS_ADP_rate_baixo + POS_ADV_rate_alto,"[""36148af1d7d5"", ""e49cbb3eff19""]",e49cbb3eff19,150,0.10416666666666667,True,1,"[""modificacao_adverbial"", ""relacoes_preposicionais""]",modificacao_adverbial|relacoes_preposicionais,True,True,True,0.3227486121839514,research_only,outside_review_top20,
29eae7e68231,"[""DEP_nsubj:pass_rate_baixo"", ""DEP_nsubj_rate_alto"", ""POS_ADP_rate_baixo""]",DEP_nsubj:pass_rate_baixo + DEP_nsubj_rate_alto + POS_ADP_rate_baixo,"[""03b481875bfc""]",03b481875bfc,150,0.10416666666666667,True,1,"[""DEP_nsubj"", ""DEP_nsubj:pass"", ""relacoes_preposicionais""]",DEP_nsubj|DEP_nsubj:pass|relacoes_preposicionais,False,True,True,0.3227486121839514,research_only,outside_review_top20,
9948d6356c85,"[""DEP_ccomp_rate_baixo"", ""DEP_nsubj_rate_baixo"", ""POS_VERB_rate_baixo""]",DEP_ccomp_rate_baixo + DEP_nsubj_rate_baixo + POS_VERB_rate_baixo,"[""2ebde835a7b8"", ""a2acdc4b20e2""]",2ebde835a7b8,150,0.10416666666666667,True,1,"[""DEP_ccomp"", ""DEP_nsubj"", ""POS_VERB""]",DEP_ccomp|DEP_nsubj|POS_VERB,False,False,True,0.3227486121839514,research_only,outside_review_top20,
ac4e8be6b94e,"[""DEP_acl:relcl_rate_baixo"", ""DEP_advcl_rate_baixo"", ""DEP_obj_rate_baixo""]",DEP_acl:relcl_rate_baixo + DEP_advcl_rate_baixo + DEP_obj_rate_baixo,"[""05c2d8df2934"", ""2b8a02133fb8""]",2b8a02133fb8,150,0.10416666666666667,True,1,"[""DEP_acl:relcl"", ""DEP_advcl"", ""DEP_obj""]",DEP_acl:relcl|DEP_advcl|DEP_obj,False,True,True,0.3227486121839514,research_only,outside_review_top20,
0d81ddea9126,"[""DEP_nsubj:pass_rate_baixo"", ""POS_AUX_rate_baixo"", ""uppercaseRatio_baixo""]",DEP_nsubj:pass_rate_baixo + POS_AUX_rate_baixo + uppercaseRatio_baixo,"[""d0ab1458a217""]",d0ab1458a217,149,0.10347222222222222,True,1,"[""DEP_nsubj:pass"", ""auxiliares"", ""uppercaseRatio""]",DEP_nsubj:pass|auxiliares|uppercaseRatio,False,True,True,0.32167098442697972,research_only,outside_review_top20,
c3f1aca4313c,"[""DEP_nsubj:pass_rate_baixo"", ""POS_AUX_rate_baixo"", ""POS_NUM_rate_baixo""]",DEP_nsubj:pass_rate_baixo + POS_AUX_rate_baixo + POS_NUM_rate_baixo,"[""2323e38bacf3""]",2323e38bacf3,149,0.10347222222222222,True,1,"[""DEP_nsubj:pass"", ""auxiliares"", ""numerais""]",DEP_nsubj:pass|auxiliares|numerais,False,True,True,0.32167098442697972,research_only,outside_review_top20,
e07072a847b7,"[""DEP_acl:relcl_rate_baixo"", ""DEP_ccomp_rate_baixo"", ""POS_NOUN_rate_alto""]",DEP_acl:relcl_rate_baixo + DEP_ccomp_rate_baixo + POS_NOUN_rate_alto,"[""2b61e46a9b16""]",2b61e46a9b16,149,0.10347222222222222,True,1,"[""DEP_acl:relcl"", ""DEP_ccomp"", ""POS_NOUN""]",DEP_acl:relcl|DEP_ccomp|POS_NOUN,False,True,True,0.32167098442697972,research_only,outside_review_top20,
fba1f17b162c,"[""DEP_nsubj:pass_rate_baixo"", ""DEP_obj_rate_alto"", ""POS_ADP_rate_baixo""]",DEP_nsubj:pass_rate_baixo + DEP_obj_rate_alto + POS_ADP_rate_baixo,"[""50187ac508f8""]",50187ac508f8,149,0.10347222222222222,True,1,"[""DEP_nsubj:pass"", ""DEP_obj"", ""relacoes_preposicionais""]",DEP_nsubj:pass|DEP_obj|relacoes_preposicionais,False,True,True,0.32167098442697972,research_only,outside_review_top20,
27b247a1a578,"[""DEP_advcl_rate_baixo"", ""DEP_ccomp_rate_baixo"", ""POS_NOUN_rate_alto""]",DEP_advcl_rate_baixo + DEP_ccomp_rate_baixo + POS_NOUN_rate_alto,"[""1a6f3c48df21"", ""a8b60cb484f2""]",a8b60cb484f2,148,0.10277777777777777,True,1,"[""DEP_advcl"", ""DEP_ccomp"", ""POS_NOUN""]",DEP_advcl|DEP_ccomp|POS_NOUN,False,False,True,0.32058973436118909,research_only,outside_review_top20,
eddbc0e74c77,"[""DEP_advcl_rate_baixo"", ""DEP_ccomp_rate_baixo"", ""POS_NUM_rate_alto""]",DEP_advcl_rate_baixo + DEP_ccomp_rate_baixo + POS_NUM_rate_alto,"[""4c28c54ab456"", ""88ca8b09e251""]",4c28c54ab456,148,0.10277777777777777,True,1,"[""DEP_advcl"", ""DEP_ccomp"", ""numerais""]",DEP_advcl|DEP_ccomp|numerais,False,True,True,0.32058973436118909,research_only,outside_review_top20,
42547450fddf,"[""DEP_advcl_rate_baixo"", ""DEP_cc_rate_alto"", ""DEP_nsubj:pass_rate_baixo""]",DEP_advcl_rate_baixo + DEP_cc_rate_alto + DEP_nsubj:pass_rate_baixo,"[""a271ebf68c71"", ""edd95d34ff7f""]",a271ebf68c71,199,0.13819444444444445,True,0.85999999999999999,"[""DEP_advcl"", ""DEP_nsubj:pass"", ""coordenacao""]",DEP_advcl|DEP_nsubj:pass|coordenacao,False,True,True,0.31970081499913494,research_only,outside_review_top20,
5d6a4efc2b5d,"[""DEP_advmod_rate_alto"", ""POS_ADV_rate_alto"", ""POS_NUM_rate_baixo""]",DEP_advmod_rate_alto + POS_ADV_rate_alto + POS_NUM_rate_baixo,"[""dedb88581916"", ""e2ddbbd83ea5""]",e2ddbbd83ea5,147,0.10208333333333333,True,1,"[""modificacao_adverbial"", ""numerais""]",modificacao_adverbial|numerais,True,True,True,0.31950482521134688,research_only,outside_review_top20,
7b36d39b3251,"[""DEP_acl:relcl_rate_baixo"", ""DEP_ccomp_rate_baixo"", ""POS_NUM_rate_alto""]",DEP_acl:relcl_rate_baixo + DEP_ccomp_rate_baixo + POS_NUM_rate_alto,"[""3729703bf896"", ""63dbeea49e85""]",3729703bf896,147,0.10208333333333333,True,1,"[""DEP_acl:relcl"", ""DEP_ccomp"", ""numerais""]",DEP_acl:relcl|DEP_ccomp|numerais,False,True,True,0.31950482521134688,research_only,outside_review_top20,
a9025f569653,"[""DEP_amod_rate_alto"", ""POS_ADJ_rate_alto"", ""uppercaseRatio_baixo""]",DEP_amod_rate_alto + POS_ADJ_rate_alto + uppercaseRatio_baixo,"[""383cfa8699c9"", ""5d4727b012a4"", ""6e53c5f330fc""]",383cfa8699c9,147,0.10208333333333333,True,1,"[""adjetivacao"", ""uppercaseRatio""]",adjetivacao|uppercaseRatio,True,False,True,0.31950482521134688,research_only,outside_review_top20,
17e312fb1c27,"[""DEP_cc_rate_alto"", ""DEP_ccomp_rate_baixo"", ""DEP_nsubj:pass_rate_baixo""]",DEP_cc_rate_alto + DEP_ccomp_rate_baixo + DEP_nsubj:pass_rate_baixo,"[""da40579176fe""]",da40579176fe,198,0.13750000000000001,True,0.85999999999999999,"[""DEP_ccomp"", ""DEP_nsubj:pass"", ""coordenacao""]",DEP_ccomp|DEP_nsubj:pass|coordenacao,False,True,True,0.3188965349451135,research_only,outside_review_top20,
d7514066ddfd,"[""DEP_ccomp_rate_baixo"", ""DEP_nsubj_rate_baixo"", ""POS_ADP_rate_alto""]",DEP_ccomp_rate_baixo + DEP_nsubj_rate_baixo + POS_ADP_rate_alto,"[""887ddf212a8b"", ""e2cf9777cb36""]",e2cf9777cb36,146,0.10138888888888889,True,1,"[""DEP_ccomp"", ""DEP_nsubj"", ""relacoes_preposicionais""]",DEP_ccomp|DEP_nsubj|relacoes_preposicionais,False,True,True,0.31841621957571331,research_only,outside_review_top20,
2748dc26404d,"[""DEP_nsubj:pass_rate_baixo"", ""POS_ADP_rate_baixo"", ""uppercaseRatio_baixo""]",DEP_nsubj:pass_rate_baixo + POS_ADP_rate_baixo + uppercaseRatio_baixo,"[""73d0c2368d72""]",73d0c2368d72,152,0.10555555555555556,True,0.97999999999999998,"[""DEP_nsubj:pass"", ""relacoes_preposicionais"", ""uppercaseRatio""]",DEP_nsubj:pass|relacoes_preposicionais|uppercaseRatio,False,True,True,0.31839528193042616,research_only,outside_review_top20,
2dfe83fa60d6,"[""DEP_acl:relcl_rate_baixo"", ""POS_ADP_rate_alto"", ""POS_PRON_rate_baixo""]",DEP_acl:relcl_rate_baixo + POS_ADP_rate_alto + POS_PRON_rate_baixo,"[""6b6467d19017"", ""b90b9e2ddea8""]",6b6467d19017,144,0.10000000000000001,True,1,"[""DEP_acl:relcl"", ""POS_PRON"", ""relacoes_preposicionais""]",DEP_acl:relcl|POS_PRON|relacoes_preposicionais,False,True,True,0.31622776601683794,research_only,outside_review_top20,
7e7fea1e501c,"[""DEP_nsubj:pass_rate_baixo"", ""DEP_nsubj_rate_alto"", ""POS_VERB_rate_alto""]",DEP_nsubj:pass_rate_baixo + DEP_nsubj_rate_alto + POS_VERB_rate_alto,"[""caf98cd5b7c8""]",caf98cd5b7c8,144,0.10000000000000001,True,1,"[""DEP_nsubj"", ""DEP_nsubj:pass"", ""POS_VERB""]",DEP_nsubj|DEP_nsubj:pass|POS_VERB,False,True,True,0.31622776601683794,research_only,outside_review_top20,
cc925455f2fa,"[""DEP_acl:relcl_rate_baixo"", ""DEP_ccomp_rate_baixo"", ""POS_PROPN_rate_alto""]",DEP_acl:relcl_rate_baixo + DEP_ccomp_rate_baixo + POS_PROPN_rate_alto,"[""83dbc1643049""]",83dbc1643049,144,0.10000000000000001,True,1,"[""DEP_acl:relcl"", ""DEP_ccomp"", ""POS_PROPN""]",DEP_acl:relcl|DEP_ccomp|POS_PROPN,False,True,True,0.31622776601683794,research_only,outside_review_top20,
f9604de1bec1,"[""DEP_acl:relcl_rate_baixo"", ""POS_PRON_rate_baixo"", ""POS_VERB_rate_baixo""]",DEP_acl:relcl_rate_baixo + POS_PRON_rate_baixo + POS_VERB_rate_baixo,"[""0aa7f9e41b46"", ""6744a50c33fb""]",0aa7f9e41b46,144,0.10000000000000001,True,1,"[""DEP_acl:relcl"", ""POS_PRON"", ""POS_VERB""]",DEP_acl:relcl|POS_PRON|POS_VERB,False,True,True,0.31622776601683794,research_only,outside_review_top20,
9a8794d557b6,"[""DEP_advcl_rate_alto"", ""DEP_nsubj:pass_rate_baixo"", ""DEP_obj_rate_alto""]",DEP_advcl_rate_alto + DEP_nsubj:pass_rate_baixo + DEP_obj_rate_alto,"[""3bc8894bcdc6""]",3bc8894bcdc6,146,0.10138888888888889,True,0.98999999999999999,"[""DEP_advcl"", ""DEP_nsubj:pass"", ""DEP_obj""]",DEP_advcl|DEP_nsubj:pass|DEP_obj,False,True,True,0.31523205737995619,research_only,outside_review_top20,
a24f9988ec4b,"[""DEP_acl:relcl_rate_baixo"", ""POS_NOUN_rate_alto"", ""POS_PRON_rate_baixo""]",DEP_acl:relcl_rate_baixo + POS_NOUN_rate_alto + POS_PRON_rate_baixo,"[""8bad928b6332"", ""e420f8b07f29""]",8bad928b6332,143,0.09930555555555555,True,1,"[""DEP_acl:relcl"", ""POS_NOUN"", ""POS_PRON""]",DEP_acl:relcl|POS_NOUN|POS_PRON,False,True,True,0.31512784001981725,research_only,outside_review_top20,
b909395da5a3,"[""DEP_acl:relcl_rate_baixo"", ""POS_PRON_rate_baixo"", ""uppercaseRatio_alto""]",DEP_acl:relcl_rate_baixo + POS_PRON_rate_baixo + uppercaseRatio_alto,"[""cb4f5a4e4206"", ""de0315658957""]",cb4f5a4e4206,143,0.09930555555555555,True,1,"[""DEP_acl:relcl"", ""POS_PRON"", ""uppercaseRatio""]",DEP_acl:relcl|POS_PRON|uppercaseRatio,False,True,True,0.31512784001981725,research_only,outside_review_top20,
ee54b7da0603,"[""DEP_nsubj:pass_rate_baixo"", ""POS_ADV_rate_baixo"", ""POS_AUX_rate_baixo""]",DEP_nsubj:pass_rate_baixo + POS_ADV_rate_baixo + POS_AUX_rate_baixo,"[""a950356041b0""]",a950356041b0,143,0.09930555555555555,True,1,"[""DEP_nsubj:pass"", ""auxiliares"", ""modificacao_adverbial""]",DEP_nsubj:pass|auxiliares|modificacao_adverbial,False,True,True,0.31512784001981725,research_only,outside_review_top20,
1ea3caa1f7d9,"[""DEP_acl:relcl_rate_baixo"", ""DEP_ccomp_rate_baixo"", ""DEP_obl_rate_alto""]",DEP_acl:relcl_rate_baixo + DEP_ccomp_rate_baixo + DEP_obl_rate_alto,"[""140d18c4244c""]",140d18c4244c,141,0.097916666666666666,True,1,"[""DEP_acl:relcl"", ""DEP_ccomp"", ""DEP_obl""]",DEP_acl:relcl|DEP_ccomp|DEP_obl,False,True,True,0.31291638925864312,research_only,outside_review_top20,
f953efc08f59,"[""DEP_advmod_rate_baixo"", ""POS_ADV_rate_baixo"", ""POS_NOUN_rate_alto""]",DEP_advmod_rate_baixo + POS_ADV_rate_baixo + POS_NOUN_rate_alto,"[""15f76ab8f838"", ""e3f4f788feaf""]",e3f4f788feaf,143,0.09930555555555555,True,0.98999999999999999,"[""POS_NOUN"", ""modificacao_adverbial""]",POS_NOUN|modificacao_adverbial,True,False,True,0.31197656161961906,research_only,outside_review_top20,
2c2cef9432c1,"[""DEP_advcl_rate_baixo"", ""POS_ADP_rate_alto"", ""POS_VERB_rate_baixo""]",DEP_advcl_rate_baixo + POS_ADP_rate_alto + POS_VERB_rate_baixo,"[""43264d1aa2dd"", ""d16ea6a1afdd""]",d16ea6a1afdd,140,0.097222222222222224,True,1,"[""DEP_advcl"", ""POS_VERB"", ""relacoes_preposicionais""]",DEP_advcl|POS_VERB|relacoes_preposicionais,False,True,True,0.31180478223116176,research_only,outside_review_top20,
ba2c2d5b86b0,"[""DEP_acl:relcl_rate_baixo"", ""DEP_nsubj:pass_rate_baixo"", ""POS_ADP_rate_baixo""]",DEP_acl:relcl_rate_baixo + DEP_nsubj:pass_rate_baixo + POS_ADP_rate_baixo,"[""36bccaee30ff""]",36bccaee30ff,157,0.10902777777777778,True,0.93999999999999995,"[""DEP_acl:relcl"", ""DEP_nsubj:pass"", ""relacoes_preposicionais""]",DEP_acl:relcl|DEP_nsubj:pass|relacoes_preposicionais,False,True,True,0.31038193317982354,research_only,outside_review_top20,
77f301ed9e03,"[""DEP_advcl_rate_baixo"", ""DEP_amod_rate_alto"", ""DEP_ccomp_rate_baixo""]",DEP_advcl_rate_baixo + DEP_amod_rate_alto + DEP_ccomp_rate_baixo,"[""70cb1095ce1a""]",70cb1095ce1a,147,0.10208333333333333,True,0.96999999999999997,"[""DEP_advcl"", ""DEP_ccomp"", ""adjetivacao""]",DEP_advcl|DEP_ccomp|adjetivacao,False,False,True,0.30991968045500645,research_only,outside_review_top20,
8eb983989690,"[""DEP_advmod_rate_baixo"", ""DEP_cc_rate_baixo"", ""POS_ADV_rate_baixo""]",DEP_advmod_rate_baixo + DEP_cc_rate_baixo + POS_ADV_rate_baixo,"[""66274f4256f0"", ""a00ab37ad389""]",66274f4256f0,138,0.09583333333333334,True,1,"[""coordenacao"", ""modificacao_adverbial""]",coordenacao|modificacao_adverbial,True,True,True,0.30956959368344517,research_only,outside_review_top20,
9d0c535dd064,"[""DEP_nsubj:pass_rate_baixo"", ""DEP_obj_rate_alto"", ""POS_AUX_rate_baixo""]",DEP_nsubj:pass_rate_baixo + DEP_obj_rate_alto + POS_AUX_rate_baixo,"[""be9fe34f466e""]",be9fe34f466e,138,0.09583333333333334,True,1,"[""DEP_nsubj:pass"", ""DEP_obj"", ""auxiliares""]",DEP_nsubj:pass|DEP_obj|auxiliares,False,True,True,0.30956959368344517,research_only,outside_review_top20,
c3c6948e69f2,"[""DEP_advmod_rate_baixo"", ""POS_ADV_rate_baixo"", ""POS_AUX_rate_baixo""]",DEP_advmod_rate_baixo + POS_ADV_rate_baixo + POS_AUX_rate_baixo,"[""09e49e8d85ef"", ""2550ec2fa259""]",2550ec2fa259,135,0.09375,True,1,"[""auxiliares"", ""modificacao_adverbial""]",auxiliares|modificacao_adverbial,True,True,True,0.30618621784789724,research_only,outside_review_top20,
f7649f892c49,"[""DEP_nsubj:pass_rate_baixo"", ""POS_AUX_rate_baixo"", ""POS_PRON_rate_baixo""]",DEP_nsubj:pass_rate_baixo + POS_AUX_rate_baixo + POS_PRON_rate_baixo,"[""023cf8ca5931""]",023cf8ca5931,135,0.09375,True,1,"[""DEP_nsubj:pass"", ""POS_PRON"", ""auxiliares""]",DEP_nsubj:pass|POS_PRON|auxiliares,False,True,True,0.30618621784789724,research_only,outside_review_top20,
11c49ba525dc,"[""DEP_nsubj:pass_rate_baixo"", ""POS_ADP_rate_baixo"", ""POS_NUM_rate_baixo""]",DEP_nsubj:pass_rate_baixo + POS_ADP_rate_baixo + POS_NUM_rate_baixo,"[""c14d9a96c482"", ""c151d2763fc8""]",c151d2763fc8,143,0.09930555555555555,True,0.96999999999999997,"[""DEP_nsubj:pass"", ""numerais"", ""relacoes_preposicionais""]",DEP_nsubj:pass|numerais|relacoes_preposicionais,False,True,True,0.30567400481922274,research_only,outside_review_top20,
f294053424b2,"[""DEP_ccomp_rate_baixo"", ""DEP_nsubj_rate_baixo"", ""POS_PRON_rate_baixo""]",DEP_ccomp_rate_baixo + DEP_nsubj_rate_baixo + POS_PRON_rate_baixo,"[""27ce67299da0"", ""5e06e3b1b794""]",27ce67299da0,134,0.093055555555555558,True,1,"[""DEP_ccomp"", ""DEP_nsubj"", ""POS_PRON""]",DEP_ccomp|DEP_nsubj|POS_PRON,False,False,True,0.3050500869620521,research_only,outside_review_top20,
f9d95d15ef83,"[""DEP_acl:relcl_rate_baixo"", ""POS_NUM_rate_alto"", ""POS_PRON_rate_baixo""]",DEP_acl:relcl_rate_baixo + POS_NUM_rate_alto + POS_PRON_rate_baixo,"[""a7616feda517"", ""c2980be21940""]",c2980be21940,134,0.093055555555555558,True,1,"[""DEP_acl:relcl"", ""POS_PRON"", ""numerais""]",DEP_acl:relcl|POS_PRON|numerais,False,True,True,0.3050500869620521,research_only,outside_review_top20,
2b2127a86052,"[""DEP_nsubj:pass_rate_baixo"", ""POS_ADP_rate_baixo"", ""POS_VERB_rate_alto""]",DEP_nsubj:pass_rate_baixo + POS_ADP_rate_baixo + POS_VERB_rate_alto,"[""055d5e1ae31c"", ""778cd23507cd"", ""d9d9d3b06198""]",d9d9d3b06198,151,0.10486111111111111,True,0.93999999999999995,"[""DEP_nsubj:pass"", ""POS_VERB"", ""relacoes_preposicionais""]",DEP_nsubj:pass|POS_VERB|relacoes_preposicionais,False,True,True,0.30439329456769865,research_only,outside_review_top20,
690a7839d4a6,"[""DEP_advcl_rate_baixo"", ""DEP_obj_rate_baixo"", ""POS_VERB_rate_baixo""]",DEP_advcl_rate_baixo + DEP_obj_rate_baixo + POS_VERB_rate_baixo,"[""2ecdeb5efa23"", ""67ea8cfa0d8f""]",67ea8cfa0d8f,133,0.092361111111111116,True,1,"[""DEP_advcl"", ""DEP_obj"", ""POS_VERB""]",DEP_advcl|DEP_obj|POS_VERB,False,False,True,0.30390970881350782,research_only,outside_review_top20,
a7038f338fb0,"[""DEP_acl:relcl_rate_baixo"", ""POS_AUX_rate_baixo"", ""POS_PRON_rate_baixo""]",DEP_acl:relcl_rate_baixo + POS_AUX_rate_baixo + POS_PRON_rate_baixo,"[""b7cb03775372"", ""eac3cb812bc3""]",b7cb03775372,133,0.092361111111111116,True,1,"[""DEP_acl:relcl"", ""POS_PRON"", ""auxiliares""]",DEP_acl:relcl|POS_PRON|auxiliares,False,True,True,0.30390970881350782,research_only,outside_review_top20,
a8b38a97f77d,"[""DEP_advcl_rate_baixo"", ""DEP_ccomp_rate_baixo"", ""diversidade_baixo""]",DEP_advcl_rate_baixo + DEP_ccomp_rate_baixo + diversidade_baixo,"[""d638798b4791""]",d638798b4791,150,0.10416666666666667,True,0.93999999999999995,"[""DEP_advcl"", ""DEP_ccomp"", ""diversidade""]",DEP_advcl|DEP_ccomp|diversidade,False,False,True,0.30338369545291433,research_only,outside_review_top20,
d8e99fae62e8,"[""DEP_nsubj:pass_rate_baixo"", ""POS_AUX_rate_baixo"", ""POS_NOUN_rate_alto""]",DEP_nsubj:pass_rate_baixo + POS_AUX_rate_baixo + POS_NOUN_rate_alto,"[""359428f79103""]",359428f79103,132,0.09166666666666666,True,1,"[""DEP_nsubj:pass"", ""POS_NOUN"", ""auxiliares""]",DEP_nsubj:pass|POS_NOUN|auxiliares,False,True,True,0.30276503540974914,research_only,outside_review_top20,
43210ff8e982,"[""DEP_advcl_rate_baixo"", ""DEP_nsubj:pass_rate_baixo"", ""POS_ADP_rate_baixo""]",DEP_advcl_rate_baixo + DEP_nsubj:pass_rate_baixo + POS_ADP_rate_baixo,"[""5ac959c022bf""]",5ac959c022bf,140,0.097222222222222224,True,0.96999999999999997,"[""DEP_advcl"", ""DEP_nsubj:pass"", ""relacoes_preposicionais""]",DEP_advcl|DEP_nsubj:pass|relacoes_preposicionais,False,True,True,0.3024506387642269,research_only,outside_review_top20,
a1486f776020,"[""DEP_acl:relcl_rate_baixo"", ""DEP_advcl_rate_baixo"", ""POS_NUM_rate_alto""]",DEP_acl:relcl_rate_baixo + DEP_advcl_rate_baixo + POS_NUM_rate_alto,"[""b0dd4d1e1bae"", ""e18de91386a1""]",e18de91386a1,137,0.095138888888888884,True,0.97999999999999998,"[""DEP_acl:relcl"", ""DEP_advcl"", ""numerais""]",DEP_acl:relcl|DEP_advcl|numerais,False,True,True,0.30227700688092191,research_only,outside_review_top20,
d70f2208f412,"[""DEP_advcl_rate_baixo"", ""DEP_cc_rate_alto"", ""DEP_ccomp_rate_baixo""]",DEP_advcl_rate_baixo + DEP_cc_rate_alto + DEP_ccomp_rate_baixo,"[""1d3766fa33f6"", ""e683ba1b00b8""]",e683ba1b00b8,162,0.1125,True,0.90000000000000002,"[""DEP_advcl"", ""DEP_ccomp"", ""coordenacao""]",DEP_advcl|DEP_ccomp|coordenacao,False,True,True,0.30186917696247162,research_only,outside_review_top20,
ee0182ca4b71,"[""DEP_advcl_rate_baixo"", ""DEP_ccomp_rate_baixo"", ""DEP_obl_rate_alto""]",DEP_advcl_rate_baixo + DEP_ccomp_rate_baixo + DEP_obl_rate_alto,"[""f50572105113""]",f50572105113,148,0.10277777777777777,True,0.93999999999999995,"[""DEP_advcl"", ""DEP_ccomp"", ""DEP_obl""]",DEP_advcl|DEP_ccomp|DEP_obl,False,True,True,0.30135435029951774,research_only,outside_review_top20,
401b22292270,"[""DEP_nsubj:pass_rate_baixo"", ""POS_NUM_rate_baixo"", ""punctuationDensity_spacy_alto""]",DEP_nsubj:pass_rate_baixo + POS_NUM_rate_baixo + punctuationDensity_spacy_alto,"[""fd1f513b8ea4""]",fd1f513b8ea4,130,0.090277777777777776,True,1,"[""DEP_nsubj:pass"", ""numerais"", ""punctuationDensity_spacy""]",DEP_nsubj:pass|numerais|punctuationDensity_spacy,False,True,True,0.30046260628866578,research_only,outside_review_top20,
5a7ccfc138e8,"[""DEP_nsubj:pass_rate_baixo"", ""POS_NOUN_rate_alto"", ""uppercaseRatio_baixo""]",DEP_nsubj:pass_rate_baixo + POS_NOUN_rate_alto + uppercaseRatio_baixo,"[""5c19acd09d8c""]",5c19acd09d8c,140,0.097222222222222224,True,0.95999999999999996,"[""DEP_nsubj:pass"", ""POS_NOUN"", ""uppercaseRatio""]",DEP_nsubj:pass|POS_NOUN|uppercaseRatio,False,True,True,0.29933259094191528,research_only,outside_review_top20,
db9a969f6c8b,"[""DEP_amod_rate_alto"", ""DEP_ccomp_rate_baixo"", ""uppercaseRatio_baixo""]",DEP_amod_rate_alto + DEP_ccomp_rate_baixo + uppercaseRatio_baixo,"[""a4a0ab32082c"", ""a8f9652488ca""]",a4a0ab32082c,131,0.090972222222222218,True,0.98999999999999999,"[""DEP_ccomp"", ""adjetivacao"", ""uppercaseRatio""]",DEP_ccomp|adjetivacao|uppercaseRatio,False,False,True,0.29859985766908864,research_only,outside_review_top20,
11b339a7537d,"[""DEP_nsubj:pass_rate_baixo"", ""POS_ADP_rate_alto"", ""POS_AUX_rate_baixo""]",DEP_nsubj:pass_rate_baixo + POS_ADP_rate_alto + POS_AUX_rate_baixo,"[""7805329696d8"", ""7c8569b63919""]",7c8569b63919,128,0.088888888888888892,True,1,"[""DEP_nsubj:pass"", ""auxiliares"", ""relacoes_preposicionais""]",DEP_nsubj:pass|auxiliares|relacoes_preposicionais,False,True,True,0.29814239699997197,research_only,outside_review_top20,
231bbfa80568,"[""DEP_ccomp_rate_baixo"", ""POS_ADJ_rate_alto"", ""uppercaseRatio_baixo""]",DEP_ccomp_rate_baixo + POS_ADJ_rate_alto + uppercaseRatio_baixo,"[""0f7cc5beef0a"", ""bdbbd0a85df4""]",0f7cc5beef0a,127,0.08819444444444445,True,1,"[""DEP_ccomp"", ""adjetivacao"", ""uppercaseRatio""]",DEP_ccomp|adjetivacao|uppercaseRatio,False,False,True,0.29697549468675771,research_only,outside_review_top20,
744ae52c860e,"[""DEP_acl:relcl_rate_alto"", ""DEP_ccomp_rate_baixo"", ""POS_PRON_rate_alto""]",DEP_acl:relcl_rate_alto + DEP_ccomp_rate_baixo + POS_PRON_rate_alto,"[""3ca9bd7766f5"", ""bf746e8f2261"", ""f4acb10f2482""]",3ca9bd7766f5,127,0.08819444444444445,True,1,"[""DEP_acl:relcl"", ""DEP_ccomp"", ""POS_PRON""]",DEP_acl:relcl|DEP_ccomp|POS_PRON,False,True,True,0.29697549468675771,research_only,same_mechanism_family,
957e27eb5351,"[""DEP_nsubj:pass_rate_baixo"", ""POS_NUM_rate_baixo"", ""POS_VERB_rate_alto""]",DEP_nsubj:pass_rate_baixo + POS_NUM_rate_baixo + POS_VERB_rate_alto,"[""db3e97fd9a6b""]",db3e97fd9a6b,156,0.10833333333333334,True,0.90000000000000002,"[""DEP_nsubj:pass"", ""POS_VERB"", ""numerais""]",DEP_nsubj:pass|POS_VERB|numerais,False,True,True,0.29622626487197251,research_only,outside_review_top20,
b02828c2aba7,"[""DEP_acl:relcl_rate_baixo"", ""DEP_ccomp_rate_baixo"", ""DEP_obj_rate_baixo""]",DEP_acl:relcl_rate_baixo + DEP_ccomp_rate_baixo + DEP_obj_rate_baixo,"[""2755e1bf7bee""]",2755e1bf7bee,131,0.090972222222222218,True,0.97999999999999998,"[""DEP_acl:relcl"", ""DEP_ccomp"", ""DEP_obj""]",DEP_acl:relcl|DEP_ccomp|DEP_obj,False,True,True,0.29558369749061303,research_only,outside_review_top20,
a4583da77878,"[""DEP_advmod_rate_alto"", ""DEP_nsubj:pass_rate_baixo"", ""uppercaseRatio_baixo""]",DEP_advmod_rate_alto + DEP_nsubj:pass_rate_baixo + uppercaseRatio_baixo,"[""122ba23756e6""]",122ba23756e6,158,0.10972222222222222,True,0.89000000000000001,"[""DEP_nsubj:pass"", ""modificacao_adverbial"", ""uppercaseRatio""]",DEP_nsubj:pass|modificacao_adverbial|uppercaseRatio,False,True,True,0.29480666922955157,research_only,outside_review_top20,
e73aef4ae22d,"[""DEP_acl:relcl_rate_baixo"", ""DEP_ccomp_rate_alto"", ""POS_NUM_rate_baixo""]",DEP_acl:relcl_rate_baixo + DEP_ccomp_rate_alto + POS_NUM_rate_baixo,"[""412f97840322"", ""cd2ef03a554d""]",cd2ef03a554d,133,0.092361111111111116,True,0.96999999999999997,"[""DEP_acl:relcl"", ""DEP_ccomp"", ""numerais""]",DEP_acl:relcl|DEP_ccomp|numerais,False,True,True,0.29479241754910257,research_only,outside_review_top20,
4454be5e3911,"[""DEP_amod_rate_alto"", ""DEP_nsubj:pass_rate_baixo"", ""POS_NUM_rate_baixo""]",DEP_amod_rate_alto + DEP_nsubj:pass_rate_baixo + POS_NUM_rate_baixo,"[""cb0740a7171a""]",cb0740a7171a,127,0.08819444444444445,True,0.98999999999999999,"[""DEP_nsubj:pass"", ""adjetivacao"", ""numerais""]",DEP_nsubj:pass|adjetivacao|numerais,False,True,True,0.29400573973989014,research_only,outside_review_top20,
2473b1cbad54,"[""DEP_acl:relcl_rate_baixo"", ""DEP_amod_rate_alto"", ""POS_PRON_rate_baixo""]",DEP_acl:relcl_rate_baixo + DEP_amod_rate_alto + POS_PRON_rate_baixo,"[""64981ae63e00"", ""bbe64cb8bb06""]",64981ae63e00,124,0.08611111111111111,True,1,"[""DEP_acl:relcl"", ""POS_PRON"", ""adjetivacao""]",DEP_acl:relcl|POS_PRON|adjetivacao,False,True,True,0.29344694769431684,research_only,outside_review_top20,
e8066b29ad40,"[""DEP_ccomp_rate_baixo"", ""DEP_obj_rate_baixo"", ""POS_VERB_rate_baixo""]",DEP_ccomp_rate_baixo + DEP_obj_rate_baixo + POS_VERB_rate_baixo,"[""9a59a88003cf"", ""ac481854c364""]",9a59a88003cf,124,0.08611111111111111,True,1,"[""DEP_ccomp"", ""DEP_obj"", ""POS_VERB""]",DEP_ccomp|DEP_obj|POS_VERB,False,False,True,0.29344694769431684,research_only,outside_review_top20,
6549fe3e48ba,"[""DEP_acl:relcl_rate_alto"", ""DEP_advcl_rate_baixo"", ""POS_PRON_rate_alto""]",DEP_acl:relcl_rate_alto + DEP_advcl_rate_baixo + POS_PRON_rate_alto,"[""43ffe7a052e6"", ""af455159ec17""]",af455159ec17,125,0.086805555555555552,True,0.98999999999999999,"[""DEP_acl:relcl"", ""DEP_advcl"", ""POS_PRON""]",DEP_acl:relcl|DEP_advcl|POS_PRON,False,True,True,0.29168154723945089,research_only,same_mechanism_family,
72a1ffe031c3,"[""DEP_advcl_rate_baixo"", ""DEP_ccomp_rate_baixo"", ""POS_ADJ_rate_alto""]",DEP_advcl_rate_baixo + DEP_ccomp_rate_baixo + POS_ADJ_rate_alto,"[""4c6216a0caaf""]",4c6216a0caaf,138,0.09583333333333334,True,0.93999999999999995,"[""DEP_advcl"", ""DEP_ccomp"", ""adjetivacao""]",DEP_advcl|DEP_ccomp|adjetivacao,False,False,True,0.29099541806243845,research_only,outside_review_top20,
59665a794bbb,"[""DEP_acl:relcl_rate_baixo"", ""DEP_nsubj:pass_rate_baixo"", ""DEP_obj_rate_baixo""]",DEP_acl:relcl_rate_baixo + DEP_nsubj:pass_rate_baixo + DEP_obj_rate_baixo,"[""8d5ac4c1fb4b""]",8d5ac4c1fb4b,137,0.095138888888888884,True,0.93999999999999995,"[""DEP_acl:relcl"", ""DEP_nsubj:pass"", ""DEP_obj""]",DEP_acl:relcl|DEP_nsubj:pass|DEP_obj,False,True,True,0.28993916986537405,research_only,outside_review_top20,
960f402600bc,"[""DEP_advmod_rate_baixo"", ""POS_ADV_rate_baixo"", ""POS_VERB_rate_baixo""]",DEP_advmod_rate_baixo + POS_ADV_rate_baixo + POS_VERB_rate_baixo,"[""879aa9d69381"", ""f3247c4cde1d""]",879aa9d69381,126,0.087499999999999994,True,0.97999999999999998,"[""POS_VERB"", ""modificacao_adverbial""]",POS_VERB|modificacao_adverbial,True,False,True,0.28988790937188119,research_only,outside_review_top20,
80134c59ccdc,"[""DEP_nsubj:pass_rate_baixo"", ""POS_ADP_rate_baixo"", ""POS_PRON_rate_alto""]",DEP_nsubj:pass_rate_baixo + POS_ADP_rate_baixo + POS_PRON_rate_alto,"[""d79b1faf7acb""]",d79b1faf7acb,128,0.088888888888888892,True,0.96999999999999997,"[""DEP_nsubj:pass"", ""POS_PRON"", ""relacoes_preposicionais""]",DEP_nsubj:pass|POS_PRON|relacoes_preposicionais,False,True,True,0.28919812508997278,research_only,outside_review_top20,
9c2f424adb35,"[""DEP_advmod_rate_baixo"", ""DEP_ccomp_rate_baixo"", ""POS_ADP_rate_alto""]",DEP_advmod_rate_baixo + DEP_ccomp_rate_baixo + POS_ADP_rate_alto,"[""8ecdb7936017""]",8ecdb7936017,136,0.094444444444444442,True,0.93999999999999995,"[""DEP_ccomp"", ""modificacao_adverbial"", ""relacoes_preposicionais""]",DEP_ccomp|modificacao_adverbial|relacoes_preposicionais,False,True,True,0.2888790596618438,research_only,outside_review_top20,
a10c59eedf5e,"[""DEP_acl:relcl_rate_baixo"", ""POS_PRON_rate_baixo"", ""diversidade_baixo""]",DEP_acl:relcl_rate_baixo + POS_PRON_rate_baixo + diversidade_baixo,"[""a581f1594ace"", ""b68202971688""]",b68202971688,120,0.083333333333333329,True,1,"[""DEP_acl:relcl"", ""POS_PRON"", ""diversidade""]",DEP_acl:relcl|POS_PRON|diversidade,False,True,True,0.28867513459481287,research_only,outside_review_top20,
1d9d91f02235,"[""DEP_ccomp_rate_baixo"", ""POS_NOUN_rate_alto"", ""uppercaseRatio_baixo""]",DEP_ccomp_rate_baixo + POS_NOUN_rate_alto + uppercaseRatio_baixo,"[""38d9c569a5ce"", ""9d2f2cf10054""]",9d2f2cf10054,127,0.08819444444444445,True,0.96999999999999997,"[""DEP_ccomp"", ""POS_NOUN"", ""uppercaseRatio""]",DEP_ccomp|POS_NOUN|uppercaseRatio,False,False,True,0.28806622984615499,research_only,outside_review_top20,
6b9567259c15,"[""DEP_ccomp_rate_baixo"", ""POS_PRON_rate_baixo"", ""POS_VERB_rate_baixo""]",DEP_ccomp_rate_baixo + POS_PRON_rate_baixo + POS_VERB_rate_baixo,"[""c882a83d95db""]",c882a83d95db,119,0.082638888888888887,True,1,"[""DEP_ccomp"", ""POS_PRON"", ""POS_VERB""]",DEP_ccomp|POS_PRON|POS_VERB,False,False,True,0.28746980517767234,research_only,outside_review_top20,
5ce7665ab3c0,"[""DEP_acl:relcl_rate_baixo"", ""DEP_advcl_rate_alto"", ""POS_PRON_rate_baixo""]",DEP_acl:relcl_rate_baixo + DEP_advcl_rate_alto + POS_PRON_rate_baixo,"[""01af5d620f15"", ""6b069fa33dec""]",01af5d620f15,118,0.081944444444444445,True,1,"[""DEP_acl:relcl"", ""DEP_advcl"", ""POS_PRON""]",DEP_acl:relcl|DEP_advcl|POS_PRON,False,True,True,0.28625940062196115,research_only,same_mechanism_family,
3f8cf2affce8,"[""DEP_acl:relcl_rate_baixo"", ""POS_PRON_rate_baixo"", ""punctuationDensity_spacy_baixo""]",DEP_acl:relcl_rate_baixo + POS_PRON_rate_baixo + punctuationDensity_spacy_baixo,"[""3abede8b7731"", ""ea8702d2521f""]",ea8702d2521f,117,0.081250000000000003,True,1,"[""DEP_acl:relcl"", ""POS_PRON"", ""punctuationDensity_spacy""]",DEP_acl:relcl|POS_PRON|punctuationDensity_spacy,False,True,True,0.28504385627478451,research_only,outside_review_top20,
f57f0788284c,"[""DEP_acl:relcl_rate_baixo"", ""DEP_advcl_rate_alto"", ""POS_NUM_rate_baixo""]",DEP_acl:relcl_rate_baixo + DEP_advcl_rate_alto + POS_NUM_rate_baixo,"[""7bf54c1cdc25""]",7bf54c1cdc25,121,0.084027777777777785,True,0.97999999999999998,"[""DEP_acl:relcl"", ""DEP_advcl"", ""numerais""]",DEP_acl:relcl|DEP_advcl|numerais,False,True,True,0.28407794313845941,research_only,outside_review_top20,
6c0ca72adca7,"[""DEP_ccomp_rate_baixo"", ""DEP_nsubj_rate_baixo"", ""uppercaseRatio_baixo""]",DEP_ccomp_rate_baixo + DEP_nsubj_rate_baixo + uppercaseRatio_baixo,"[""fbadc1bd5861""]",fbadc1bd5861,131,0.090972222222222218,True,0.93999999999999995,"[""DEP_ccomp"", ""DEP_nsubj"", ""uppercaseRatio""]",DEP_ccomp|DEP_nsubj|uppercaseRatio,False,False,True,0.28351905677671041,research_only,outside_review_top20,
10e6e07a8421,"[""DEP_acl:relcl_rate_baixo"", ""DEP_nsubj_rate_baixo"", ""POS_VERB_rate_baixo""]",DEP_acl:relcl_rate_baixo + DEP_nsubj_rate_baixo + POS_VERB_rate_baixo,"[""d176a27c9854""]",d176a27c9854,123,0.085416666666666669,True,0.96999999999999997,"[""DEP_acl:relcl"", ""DEP_nsubj"", ""POS_VERB""]",DEP_acl:relcl|DEP_nsubj|POS_VERB,False,True,True,0.28349345965412798,research_only,outside_review_top20,
87391334a5cc,"[""DEP_ccomp_rate_baixo"", ""POS_VERB_rate_baixo"", ""uppercaseRatio_baixo""]",DEP_ccomp_rate_baixo + POS_VERB_rate_baixo + uppercaseRatio_baixo,"[""72c462423c12""]",72c462423c12,122,0.084722222222222227,True,0.96999999999999997,"[""DEP_ccomp"", ""POS_VERB"", ""uppercaseRatio""]",DEP_ccomp|POS_VERB|uppercaseRatio,False,False,True,0.28233869534459655,research_only,outside_review_top20,
fac9d35fa98c,"[""DEP_acl:relcl_rate_baixo"", ""DEP_obl_rate_baixo"", ""POS_PRON_rate_baixo""]",DEP_acl:relcl_rate_baixo + DEP_obl_rate_baixo + POS_PRON_rate_baixo,"[""4ab963bd2121"", ""863b38f47a44""]",4ab963bd2121,124,0.08611111111111111,True,0.95999999999999996,"[""DEP_acl:relcl"", ""DEP_obl"", ""POS_PRON""]",DEP_acl:relcl|DEP_obl|POS_PRON,False,True,True,0.28170906978654414,research_only,outside_review_top20,
68a8b604c4e5,"[""DEP_advmod_rate_baixo"", ""POS_ADV_rate_baixo"", ""uppercaseRatio_alto""]",DEP_advmod_rate_baixo + POS_ADV_rate_baixo + uppercaseRatio_alto,"[""9100dd0175d1"", ""fd8219d3e32f""]",9100dd0175d1,138,0.09583333333333334,True,0.91000000000000003,"[""modificacao_adverbial"", ""uppercaseRatio""]",modificacao_adverbial|uppercaseRatio,True,False,True,0.28170833025193509,research_only,outside_review_top20,
03ed3b3a7fd0,"[""DEP_advcl_rate_baixo"", ""DEP_nsubj:pass_rate_baixo"", ""punctuationDensity_spacy_alto""]",DEP_advcl_rate_baixo + DEP_nsubj:pass_rate_baixo + punctuationDensity_spacy_alto,"[""f52f9fa75b88""]",f52f9fa75b88,158,0.10972222222222222,True,0.84999999999999998,"[""DEP_advcl"", ""DEP_nsubj:pass"", ""punctuationDensity_spacy""]",DEP_advcl|DEP_nsubj:pass|punctuationDensity_spacy,False,True,True,0.28155693128665038,research_only,outside_review_top20,
239b58fe1c6b,"[""DEP_acl:relcl_rate_baixo"", ""DEP_amod_rate_alto"", ""DEP_ccomp_rate_baixo""]",DEP_acl:relcl_rate_baixo + DEP_amod_rate_alto + DEP_ccomp_rate_baixo,"[""8cbe4cc9ca76""]",8cbe4cc9ca76,143,0.09930555555555555,True,0.89000000000000001,"[""DEP_acl:relcl"", ""DEP_ccomp"", ""adjetivacao""]",DEP_acl:relcl|DEP_ccomp|adjetivacao,False,True,True,0.28046377761763736,research_only,outside_review_top20,
f1e22b837cad,"[""DEP_acl:relcl_rate_alto"", ""DEP_advcl_rate_baixo"", ""DEP_ccomp_rate_baixo""]",DEP_acl:relcl_rate_alto + DEP_advcl_rate_baixo + DEP_ccomp_rate_baixo,"[""2fa46f620992"", ""5a9848925221""]",2fa46f620992,146,0.10138888888888889,True,0.88,"[""DEP_acl:relcl"", ""DEP_advcl"", ""DEP_ccomp""]",DEP_acl:relcl|DEP_advcl|DEP_ccomp,False,True,True,0.28020627322662772,research_only,outside_review_top20,
21b26f86c64a,"[""DEP_advcl_rate_baixo"", ""POS_PROPN_rate_baixo"", ""uppercaseRatio_baixo""]",DEP_advcl_rate_baixo + POS_PROPN_rate_baixo + uppercaseRatio_baixo,"[""60587117e65e""]",60587117e65e,127,0.08819444444444445,True,0.93999999999999995,"[""DEP_advcl"", ""POS_PROPN"", ""uppercaseRatio""]",DEP_advcl|POS_PROPN|uppercaseRatio,False,False,True,0.27915696500555226,research_only,outside_review_top20,
1c72fe1be928,"[""DEP_nsubj:pass_rate_baixo"", ""POS_NUM_rate_baixo"", ""POS_PRON_rate_alto""]",DEP_nsubj:pass_rate_baixo + POS_NUM_rate_baixo + POS_PRON_rate_alto,"[""e47d55b707fd""]",e47d55b707fd,137,0.095138888888888884,True,0.90000000000000002,"[""DEP_nsubj:pass"", ""POS_PRON"", ""numerais""]",DEP_nsubj:pass|POS_PRON|numerais,False,True,True,0.27760133284982624,research_only,outside_review_top20,
bfe7b86c2365,"[""DEP_ccomp_rate_baixo"", ""DEP_nsubj:pass_rate_baixo"", ""DEP_nsubj_rate_alto""]",DEP_ccomp_rate_baixo + DEP_nsubj:pass_rate_baixo + DEP_nsubj_rate_alto,"[""b652cad83ee2""]",b652cad83ee2,139,0.096527777777777782,True,0.89000000000000001,"[""DEP_ccomp"", ""DEP_nsubj"", ""DEP_nsubj:pass""]",DEP_ccomp|DEP_nsubj|DEP_nsubj:pass,False,True,True,0.27651338625422417,research_only,outside_review_top20,
c1a98912456d,"[""DEP_ccomp_rate_baixo"", ""DEP_nsubj:pass_rate_baixo"", ""POS_ADP_rate_baixo""]",DEP_ccomp_rate_baixo + DEP_nsubj:pass_rate_baixo + POS_ADP_rate_baixo,"[""f029beb7b082""]",f029beb7b082,136,0.094444444444444442,True,0.89000000000000001,"[""DEP_ccomp"", ""DEP_nsubj:pass"", ""relacoes_preposicionais""]",DEP_ccomp|DEP_nsubj:pass|relacoes_preposicionais,False,True,True,0.27351315223302236,research_only,outside_review_top20,
2547ab7c2f73,"[""DEP_acl:relcl_rate_baixo"", ""DEP_nsubj_rate_baixo"", ""POS_ADP_rate_alto""]",DEP_acl:relcl_rate_baixo + DEP_nsubj_rate_baixo + POS_ADP_rate_alto,"[""75e0777f9a7d""]",75e0777f9a7d,118,0.081944444444444445,True,0.94999999999999996,"[""DEP_acl:relcl"", ""DEP_nsubj"", ""relacoes_preposicionais""]",DEP_acl:relcl|DEP_nsubj|relacoes_preposicionais,False,True,True,0.2719464305908631,research_only,outside_review_top20,
63150cc1db44,"[""DEP_acl:relcl_rate_baixo"", ""DEP_ccomp_rate_alto"", ""POS_PRON_rate_baixo""]",DEP_acl:relcl_rate_baixo + DEP_ccomp_rate_alto + POS_PRON_rate_baixo,"[""fda68f59decc""]",fda68f59decc,131,0.090972222222222218,True,0.90000000000000002,"[""DEP_acl:relcl"", ""DEP_ccomp"", ""POS_PRON""]",DEP_acl:relcl|DEP_ccomp|POS_PRON,False,True,True,0.2714544160628079,research_only,same_mechanism_family,
616b37cbe7ec,"[""DEP_nsubj:pass_rate_baixo"", ""POS_ADJ_rate_alto"", ""uppercaseRatio_baixo""]",DEP_nsubj:pass_rate_baixo + POS_ADJ_rate_alto + uppercaseRatio_baixo,"[""a74b2e3c4ce2""]",a74b2e3c4ce2,161,0.11180555555555556,True,0.81000000000000005,"[""DEP_nsubj:pass"", ""adjetivacao"", ""uppercaseRatio""]",DEP_nsubj:pass|adjetivacao|uppercaseRatio,False,True,True,0.27084243574447492,research_only,outside_review_top20,
32c989e5b0fb,"[""DEP_advcl_rate_baixo"", ""DEP_nsubj:pass_rate_baixo"", ""POS_PRON_rate_alto""]",DEP_advcl_rate_baixo + DEP_nsubj:pass_rate_baixo + POS_PRON_rate_alto,"[""db47c4772dbd""]",db47c4772dbd,154,0.10694444444444444,True,0.81999999999999995,"[""DEP_advcl"", ""DEP_nsubj:pass"", ""POS_PRON""]",DEP_advcl|DEP_nsubj:pass|POS_PRON,False,True,True,0.26815936389476391,research_only,outside_review_top20,
9b37a075a93b,"[""DEP_advmod_rate_baixo"", ""POS_ADV_rate_baixo"", ""diversidade_baixo""]",DEP_advmod_rate_baixo + POS_ADV_rate_baixo + diversidade_baixo,"[""87bf87521500"", ""cfdddf8dd714""]",87bf87521500,123,0.085416666666666669,True,0.91000000000000003,"[""diversidade"", ""modificacao_adverbial""]",diversidade|modificacao_adverbial,True,False,True,0.26595778173737777,research_only,outside_review_top20,
361c69a5bf42,"[""DEP_nsubj:pass_rate_baixo"", ""POS_ADJ_rate_alto"", ""POS_NUM_rate_baixo""]",DEP_nsubj:pass_rate_baixo + POS_ADJ_rate_alto + POS_NUM_rate_baixo,"[""8198d01b4f01""]",8198d01b4f01,124,0.08611111111111111,True,0.90000000000000002,"[""DEP_nsubj:pass"", ""adjetivacao"", ""numerais""]",DEP_nsubj:pass|adjetivacao|numerais,False,True,True,0.26410225292488515,research_only,outside_review_top20,
20ec528dd947,"[""DEP_nsubj:pass_rate_baixo"", ""POS_ADV_rate_alto"", ""POS_NUM_rate_baixo""]",DEP_nsubj:pass_rate_baixo + POS_ADV_rate_alto + POS_NUM_rate_baixo,"[""5793f4d48119""]",5793f4d48119,130,0.090277777777777776,True,0.83999999999999997,"[""DEP_nsubj:pass"", ""modificacao_adverbial"", ""numerais""]",DEP_nsubj:pass|modificacao_adverbial|numerais,False,True,True,0.25238858928247926,research_only,outside_review_top20,
79c44e822569,"[""DEP_advcl_rate_baixo"", ""DEP_advmod_rate_baixo"", ""POS_ADP_rate_alto""]",DEP_advcl_rate_baixo + DEP_advmod_rate_baixo + POS_ADP_rate_alto,"[""cf20fc69b82b""]",cf20fc69b82b,124,0.08611111111111111,True,0.81999999999999995,"[""DEP_advcl"", ""modificacao_adverbial"", ""relacoes_preposicionais""]",DEP_advcl|modificacao_adverbial|relacoes_preposicionais,False,True,True,0.24062649710933978,research_only,outside_review_top20,
c760b2a99356,"[""DEP_advcl_rate_baixo"", ""DEP_nsubj_rate_baixo"", ""POS_VERB_rate_baixo""]",DEP_advcl_rate_baixo + DEP_nsubj_rate_baixo + POS_VERB_rate_baixo,"[""1d75f4885400"", ""5642e26ff2c3""]",5642e26ff2c3,126,0.087499999999999994,True,0.80000000000000004,"[""DEP_advcl"", ""DEP_nsubj"", ""POS_VERB""]",DEP_advcl|DEP_nsubj|POS_VERB,False,False,True,0.23664319132398465,research_only,outside_review_top20,
eee0574f0591,"[""DEP_advmod_rate_baixo"", ""DEP_ccomp_rate_baixo"", ""POS_VERB_rate_baixo""]",DEP_advmod_rate_baixo + DEP_ccomp_rate_baixo + POS_VERB_rate_baixo,"[""89bfe376f7a5""]",89bfe376f7a5,117,0.081250000000000003,True,0.81999999999999995,"[""DEP_ccomp"", ""POS_VERB"", ""modificacao_adverbial""]",DEP_ccomp|POS_VERB|modificacao_adverbial,False,False,True,0.23373596214532327,research_only,outside_review_top20,
0a168850bbc9,"[""DEP_advmod_rate_baixo"", ""DEP_nsubj_rate_baixo"", ""POS_ADV_rate_baixo""]",DEP_advmod_rate_baixo + DEP_nsubj_rate_baixo + POS_ADV_rate_baixo,"[""4f57e9821bf1"", ""f5aa05536552""]",4f57e9821bf1,129,0.089583333333333334,True,0.76000000000000001,"[""DEP_nsubj"", ""modificacao_adverbial""]",DEP_nsubj|modificacao_adverbial,True,False,False,0,research_only,ineligible,
0e32dead775b,"[""DEP_ccomp_rate_baixo"", ""POS_NUM_rate_alto"", ""uppercaseRatio_baixo""]",DEP_ccomp_rate_baixo + POS_NUM_rate_alto + uppercaseRatio_baixo,"[""458e86e9e217""]",458e86e9e217,119,0.082638888888888887,True,0.72999999999999998,"[""DEP_ccomp"", ""numerais"", ""uppercaseRatio""]",DEP_ccomp|numerais|uppercaseRatio,False,True,False,0,research_only,ineligible,
11fe1de5178b,"[""DEP_advcl_rate_baixo"", ""DEP_nsubj:pass_rate_baixo"", ""DEP_obl_rate_alto""]",DEP_advcl_rate_baixo + DEP_nsubj:pass_rate_baixo + DEP_obl_rate_alto,"[""ddbae46b73a4""]",ddbae46b73a4,169,0.11736111111111111,False,0.57999999999999996,"[""DEP_advcl"", ""DEP_nsubj:pass"", ""DEP_obl""]",DEP_advcl|DEP_nsubj:pass|DEP_obl,False,True,False,0,research_only,ineligible,
1259e97818de,"[""DEP_acl:relcl_rate_baixo"", ""POS_ADJ_rate_alto"", ""POS_PRON_rate_baixo""]",DEP_acl:relcl_rate_baixo + POS_ADJ_rate_alto + POS_PRON_rate_baixo,"[""4804d93e9478"", ""a0df72b36d0d""]",a0df72b36d0d,111,0.077083333333333337,False,0.81000000000000005,"[""DEP_acl:relcl"", ""POS_PRON"", ""adjetivacao""]",DEP_acl:relcl|POS_PRON|adjetivacao,False,True,False,0,research_only,ineligible,
163e7b3249a0,"[""DEP_ccomp_rate_baixo"", ""POS_ADP_rate_alto"", ""POS_PRON_rate_baixo""]",DEP_ccomp_rate_baixo + POS_ADP_rate_alto + POS_PRON_rate_baixo,"[""4d02135fe6b0""]",4d02135fe6b0,113,0.078472222222222221,False,0.93000000000000005,"[""DEP_ccomp"", ""POS_PRON"", ""relacoes_preposicionais""]",DEP_ccomp|POS_PRON|relacoes_preposicionais,False,True,False,0,research_only,ineligible,
172d20a9d702,"[""DEP_cc_rate_alto"", ""DEP_nsubj:pass_rate_baixo"", ""POS_NUM_rate_baixo""]",DEP_cc_rate_alto + DEP_nsubj:pass_rate_baixo + POS_NUM_rate_baixo,"[""a1921dec0b2c""]",a1921dec0b2c,146,0.10138888888888889,False,0.95999999999999996,"[""DEP_nsubj:pass"", ""coordenacao"", ""numerais""]",DEP_nsubj:pass|coordenacao|numerais,False,True,False,0,research_only,ineligible,
1a54c655c65f,"[""DEP_acl:relcl_rate_baixo"", ""DEP_obj_rate_baixo"", ""POS_PRON_rate_baixo""]",DEP_acl:relcl_rate_baixo + DEP_obj_rate_baixo + POS_PRON_rate_baixo,"[""4ba79d3c8d88"", ""c96bc22ba243""]",c96bc22ba243,107,0.074305555555555555,False,1,"[""DEP_acl:relcl"", ""DEP_obj"", ""POS_PRON""]",DEP_acl:relcl|DEP_obj|POS_PRON,False,True,False,0,research_only,ineligible,
1ce41c50a8ed,"[""DEP_nsubj:pass_rate_baixo"", ""POS_ADV_rate_alto"", ""uppercaseRatio_baixo""]",DEP_nsubj:pass_rate_baixo + POS_ADV_rate_alto + uppercaseRatio_baixo,"[""8ae4d1a5fd42""]",8ae4d1a5fd42,162,0.1125,True,0.68000000000000005,"[""DEP_nsubj:pass"", ""modificacao_adverbial"", ""uppercaseRatio""]",DEP_nsubj:pass|modificacao_adverbial|uppercaseRatio,False,True,False,0,research_only,ineligible,
1d26167d4f52,"[""DEP_nsubj:pass_rate_baixo"", ""POS_NUM_rate_baixo"", ""diversidade_baixo""]",DEP_nsubj:pass_rate_baixo + POS_NUM_rate_baixo + diversidade_baixo,"[""06b5e3ffb378""]",06b5e3ffb378,109,0.075694444444444439,False,0.51000000000000001,"[""DEP_nsubj:pass"", ""diversidade"", ""numerais""]",DEP_nsubj:pass|diversidade|numerais,False,True,False,0,research_only,ineligible,
216f31bc17ab,"[""DEP_ccomp_rate_baixo"", ""DEP_nsubj:pass_rate_baixo"", ""POS_PRON_rate_alto""]",DEP_ccomp_rate_baixo + DEP_nsubj:pass_rate_baixo + POS_PRON_rate_alto,"[""7531d1f80584""]",7531d1f80584,151,0.10486111111111111,False,0.80000000000000004,"[""DEP_ccomp"", ""DEP_nsubj:pass"", ""POS_PRON""]",DEP_ccomp|DEP_nsubj:pass|POS_PRON,False,True,False,0,research_only,ineligible,
23e40fe6924d,"[""POS_NOUN_rate_alto"", ""POS_PROPN_rate_baixo"", ""uppercaseRatio_baixo""]",POS_NOUN_rate_alto + POS_PROPN_rate_baixo + uppercaseRatio_baixo,"[""4c2d6bec5732"", ""ad056bd1509b"", ""d22dba7f65e2""]",d22dba7f65e2,112,0.077777777777777779,False,0.92000000000000004,"[""POS_NOUN"", ""POS_PROPN"", ""uppercaseRatio""]",POS_NOUN|POS_PROPN|uppercaseRatio,False,False,False,0,research_only,ineligible,
24050929514e,"[""DEP_nsubj:pass_rate_baixo"", ""POS_ADV_rate_baixo"", ""POS_NUM_rate_baixo""]",DEP_nsubj:pass_rate_baixo + POS_ADV_rate_baixo + POS_NUM_rate_baixo,"[""19309d369bba""]",19309d369bba,129,0.089583333333333334,False,0.57999999999999996,"[""DEP_nsubj:pass"", ""modificacao_adverbial"", ""numerais""]",DEP_nsubj:pass|modificacao_adverbial|numerais,False,True,False,0,research_only,ineligible,
2492450784f1,"[""DEP_advmod_rate_alto"", ""POS_ADV_rate_alto"", ""POS_PRON_rate_alto""]",DEP_advmod_rate_alto + POS_ADV_rate_alto + POS_PRON_rate_alto,"[""1666765bee42"", ""dcb32a5cb82c""]",dcb32a5cb82c,125,0.086805555555555552,True,0.66000000000000003,"[""POS_PRON"", ""modificacao_adverbial""]",POS_PRON|modificacao_adverbial,True,False,False,0,research_only,ineligible,
25d548ee03bf,"[""DEP_advmod_rate_baixo"", ""POS_ADV_rate_baixo"", ""punctuationDensity_spacy_baixo""]",DEP_advmod_rate_baixo + POS_ADV_rate_baixo + punctuationDensity_spacy_baixo,"[""c7a30d04837d"", ""ce8ff73ea2ff""]",ce8ff73ea2ff,114,0.079166666666666663,False,0.83999999999999997,"[""modificacao_adverbial"", ""punctuationDensity_spacy""]",modificacao_adverbial|punctuationDensity_spacy,True,False,False,0,research_only,ineligible,
276b703184e7,"[""DEP_acl:relcl_rate_alto"", ""DEP_nsubj:pass_rate_baixo"", ""DEP_obj_rate_alto""]",DEP_acl:relcl_rate_alto + DEP_nsubj:pass_rate_baixo + DEP_obj_rate_alto,"[""457805eb9d9b""]",457805eb9d9b,133,0.092361111111111116,True,0.78000000000000003,"[""DEP_acl:relcl"", ""DEP_nsubj:pass"", ""DEP_obj""]",DEP_acl:relcl|DEP_nsubj:pass|DEP_obj,False,True,False,0,research_only,ineligible,
289d0ff46923,"[""DEP_acl:relcl_rate_baixo"", ""POS_ADJ_rate_baixo"", ""POS_PRON_rate_baixo""]",DEP_acl:relcl_rate_baixo + POS_ADJ_rate_baixo + POS_PRON_rate_baixo,"[""55fb7d02f8dd"", ""c042f84996f6""]",55fb7d02f8dd,122,0.084722222222222227,True,0.68999999999999995,"[""DEP_acl:relcl"", ""POS_PRON"", ""adjetivacao""]",DEP_acl:relcl|POS_PRON|adjetivacao,False,True,False,0,research_only,ineligible,
2a5b077f7b9b,"[""DEP_advcl_rate_baixo"", ""DEP_nsubj:pass_rate_baixo"", ""POS_VERB_rate_alto""]",DEP_advcl_rate_baixo + DEP_nsubj:pass_rate_baixo + POS_VERB_rate_alto,"[""c55afc742e53""]",c55afc742e53,123,0.085416666666666669,False,0.44,"[""DEP_advcl"", ""DEP_nsubj:pass"", ""POS_VERB""]",DEP_advcl|DEP_nsubj:pass|POS_VERB,False,True,False,0,research_only,ineligible,
2ae518b1157e,"[""DEP_advcl_rate_baixo"", ""DEP_ccomp_rate_baixo"", ""punctuationDensity_spacy_baixo""]",DEP_advcl_rate_baixo + DEP_ccomp_rate_baixo + punctuationDensity_spacy_baixo,"[""e326c83039ac""]",e326c83039ac,119,0.082638888888888887,False,0.71999999999999997,"[""DEP_advcl"", ""DEP_ccomp"", ""punctuationDensity_spacy""]",DEP_advcl|DEP_ccomp|punctuationDensity_spacy,False,False,False,0,research_only,ineligible,
2d0dc808031b,"[""DEP_ccomp_rate_baixo"", ""DEP_nsubj:pass_rate_baixo"", ""diversidade_alto""]",DEP_ccomp_rate_baixo + DEP_nsubj:pass_rate_baixo + diversidade_alto,"[""b6414b379494""]",b6414b379494,150,0.10416666666666667,False,0.66000000000000003,"[""DEP_ccomp"", ""DEP_nsubj:pass"", ""diversidade""]",DEP_ccomp|DEP_nsubj:pass|diversidade,False,True,False,0,research_only,ineligible,
326661bf75df,"[""DEP_amod_rate_alto"", ""DEP_nsubj:pass_rate_baixo"", ""uppercaseRatio_baixo""]",DEP_amod_rate_alto + DEP_nsubj:pass_rate_baixo + uppercaseRatio_baixo,"[""950c6a3e0618"", ""a0c0af010242""]",a0c0af010242,155,0.1076388888888889,True,0.72999999999999998,"[""DEP_nsubj:pass"", ""adjetivacao"", ""uppercaseRatio""]",DEP_nsubj:pass|adjetivacao|uppercaseRatio,False,True,False,0,research_only,ineligible,
32e7917fe9e5,"[""DEP_ccomp_rate_baixo"", ""DEP_nsubj:pass_rate_baixo"", ""POS_PROPN_rate_alto""]",DEP_ccomp_rate_baixo + DEP_nsubj:pass_rate_baixo + POS_PROPN_rate_alto,"[""7d1a76c08255""]",7d1a76c08255,166,0.11527777777777778,False,0.52000000000000002,"[""DEP_ccomp"", ""DEP_nsubj:pass"", ""POS_PROPN""]",DEP_ccomp|DEP_nsubj:pass|POS_PROPN,False,True,False,0,research_only,ineligible,
3350fa3c4915,"[""DEP_ccomp_rate_baixo"", ""DEP_nsubj:pass_rate_baixo"", ""punctuationDensity_spacy_alto""]",DEP_ccomp_rate_baixo + DEP_nsubj:pass_rate_baixo + punctuationDensity_spacy_alto,"[""4b5cd0a666bb""]",4b5cd0a666bb,162,0.1125,True,0.71999999999999997,"[""DEP_ccomp"", ""DEP_nsubj:pass"", ""punctuationDensity_spacy""]",DEP_ccomp|DEP_nsubj:pass|punctuationDensity_spacy,False,True,False,0,research_only,ineligible,
33e3e1cab994,"[""DEP_advcl_rate_baixo"", ""DEP_amod_rate_alto"", ""uppercaseRatio_baixo""]",DEP_advcl_rate_baixo + DEP_amod_rate_alto + uppercaseRatio_baixo,"[""e7885bcb6024""]",e7885bcb6024,121,0.084027777777777785,True,0.33000000000000002,"[""DEP_advcl"", ""adjetivacao"", ""uppercaseRatio""]",DEP_advcl|adjetivacao|uppercaseRatio,False,False,False,0,research_only,ineligible,
3827d0dd8fe9,"[""POS_NOUN_rate_alto"", ""POS_PROPN_rate_baixo""]",POS_NOUN_rate_alto + POS_PROPN_rate_baixo,"[""1a7ef3000b3a"", ""f5e829055ee4""]",1a7ef3000b3a,159,0.11041666666666666,False,0.89000000000000001,"[""POS_NOUN"", ""POS_PROPN""]",POS_NOUN|POS_PROPN,False,False,False,0,research_only,ineligible,
385ce90681c3,"[""DEP_acl:relcl_rate_baixo"", ""POS_NOUN_rate_baixo"", ""POS_PROPN_rate_alto""]",DEP_acl:relcl_rate_baixo + POS_NOUN_rate_baixo + POS_PROPN_rate_alto,"[""3b31f02868cb"", ""9f694dc83bed""]",3b31f02868cb,110,0.076388888888888895,False,0.90000000000000002,"[""DEP_acl:relcl"", ""POS_NOUN"", ""POS_PROPN""]",DEP_acl:relcl|POS_NOUN|POS_PROPN,False,True,False,0,research_only,ineligible,
38dff70680be,"[""DEP_ccomp_rate_baixo"", ""POS_PRON_rate_alto"", ""uppercaseRatio_baixo""]",DEP_ccomp_rate_baixo + POS_PRON_rate_alto + uppercaseRatio_baixo,"[""eed415da02ef""]",eed415da02ef,111,0.077083333333333337,False,0.67000000000000004,"[""DEP_ccomp"", ""POS_PRON"", ""uppercaseRatio""]",DEP_ccomp|POS_PRON|uppercaseRatio,False,False,False,0,research_only,ineligible,
391556864d68,"[""DEP_ccomp_rate_alto"", ""POS_NUM_rate_baixo""]",DEP_ccomp_rate_alto + POS_NUM_rate_baixo,"[""9f6de4291acb""]",9f6de4291acb,192,0.13333333333333333,False,0.72999999999999998,"[""DEP_ccomp"", ""numerais""]",DEP_ccomp|numerais,False,True,False,0,research_only,ineligible,
3fd56667412d,"[""DEP_ccomp_rate_baixo"", ""diversidade_alto""]",DEP_ccomp_rate_baixo + diversidade_alto,"[""670282c704b5""]",670282c704b5,205,0.1423611111111111,False,0.5,"[""DEP_ccomp"", ""diversidade""]",DEP_ccomp|diversidade,False,False,False,0,research_only,ineligible,
45e96ebb91eb,"[""DEP_advmod_rate_alto"", ""DEP_nsubj:pass_rate_baixo"", ""POS_NUM_rate_baixo""]",DEP_advmod_rate_alto + DEP_nsubj:pass_rate_baixo + POS_NUM_rate_baixo,"[""7442db5c0adf""]",7442db5c0adf,123,0.085416666666666669,True,0.78000000000000003,"[""DEP_nsubj:pass"", ""modificacao_adverbial"", ""numerais""]",DEP_nsubj:pass|modificacao_adverbial|numerais,False,True,False,0,research_only,ineligible,
468c00e4b7d3,"[""DEP_nsubj:pass_rate_baixo"", ""DEP_obl_rate_baixo"", ""POS_ADP_rate_baixo""]",DEP_nsubj:pass_rate_baixo + DEP_obl_rate_baixo + POS_ADP_rate_baixo,"[""d491f7260000""]",d491f7260000,118,0.081944444444444445,True,0.73999999999999999,"[""DEP_nsubj:pass"", ""DEP_obl"", ""relacoes_preposicionais""]",DEP_nsubj:pass|DEP_obl|relacoes_preposicionais,False,True,False,0,research_only,ineligible,
4888999f9a3e,"[""DEP_advcl_rate_baixo"", ""DEP_ccomp_rate_baixo"", ""DEP_nsubj:pass_rate_alto""]",DEP_advcl_rate_baixo + DEP_ccomp_rate_baixo + DEP_nsubj:pass_rate_alto,"[""3186b0fd1847""]",3186b0fd1847,112,0.077777777777777779,False,0.63,"[""DEP_advcl"", ""DEP_ccomp"", ""DEP_nsubj:pass""]",DEP_advcl|DEP_ccomp|DEP_nsubj:pass,False,True,False,0,research_only,ineligible,
4c5e16052363,"[""DEP_advcl_rate_baixo"", ""DEP_nsubj:pass_rate_baixo"", ""DEP_obl_rate_baixo""]",DEP_advcl_rate_baixo + DEP_nsubj:pass_rate_baixo + DEP_obl_rate_baixo,"[""c2b03a4d69c1""]",c2b03a4d69c1,166,0.11527777777777778,True,0.73999999999999999,"[""DEP_advcl"", ""DEP_nsubj:pass"", ""DEP_obl""]",DEP_advcl|DEP_nsubj:pass|DEP_obl,False,True,False,0,research_only,ineligible,
4d9f0076fa70,"[""DEP_advcl_rate_baixo"", ""DEP_nsubj:pass_rate_baixo"", ""uppercaseRatio_alto""]",DEP_advcl_rate_baixo + DEP_nsubj:pass_rate_baixo + uppercaseRatio_alto,"[""61e8881465df""]",61e8881465df,182,0.12638888888888888,True,0.54000000000000004,"[""DEP_advcl"", ""DEP_nsubj:pass"", ""uppercaseRatio""]",DEP_advcl|DEP_nsubj:pass|uppercaseRatio,False,True,False,0,research_only,ineligible,
575ce0385139,"[""DEP_advcl_rate_baixo"", ""DEP_advmod_rate_baixo"", ""POS_PROPN_rate_alto""]",DEP_advcl_rate_baixo + DEP_advmod_rate_baixo + POS_PROPN_rate_alto,"[""b5d3857df26e""]",b5d3857df26e,122,0.084722222222222227,True,0.69999999999999996,"[""DEP_advcl"", ""POS_PROPN"", ""modificacao_adverbial""]",DEP_advcl|POS_PROPN|modificacao_adverbial,False,False,False,0,research_only,ineligible,
597bb4175343,"[""DEP_advmod_rate_baixo"", ""DEP_cc_rate_alto"", ""POS_ADV_rate_baixo""]",DEP_advmod_rate_baixo + DEP_cc_rate_alto + POS_ADV_rate_baixo,"[""5bd8529f21bb"", ""bbab1ca070d0""]",bbab1ca070d0,105,0.072916666666666671,False,0.5,"[""coordenacao"", ""modificacao_adverbial""]",coordenacao|modificacao_adverbial,True,True,False,0,research_only,ineligible,
59e815a8e4f0,"[""DEP_advmod_rate_baixo"", ""DEP_nsubj:pass_rate_baixo"", ""POS_NUM_rate_baixo""]",DEP_advmod_rate_baixo + DEP_nsubj:pass_rate_baixo + POS_NUM_rate_baixo,"[""71cd6390f926""]",71cd6390f926,148,0.10277777777777777,False,0.56999999999999995,"[""DEP_nsubj:pass"", ""modificacao_adverbial"", ""numerais""]",DEP_nsubj:pass|modificacao_adverbial|numerais,False,True,False,0,research_only,ineligible,
5d27dd5473aa,"[""DEP_acl:relcl_rate_baixo"", ""DEP_ccomp_rate_baixo"", ""diversidade_baixo""]",DEP_acl:relcl_rate_baixo + DEP_ccomp_rate_baixo + diversidade_baixo,"[""8d356a87cd25""]",8d356a87cd25,133,0.092361111111111116,False,0.68000000000000005,"[""DEP_acl:relcl"", ""DEP_ccomp"", ""diversidade""]",DEP_acl:relcl|DEP_ccomp|diversidade,False,True,False,0,research_only,ineligible,
624c418f9284,"[""DEP_ccomp_rate_baixo"", ""POS_NOUN_rate_alto"", ""POS_PROPN_rate_baixo""]",DEP_ccomp_rate_baixo + POS_NOUN_rate_alto + POS_PROPN_rate_baixo,"[""26c62dc99ff3"", ""5c39aadcf927"", ""f41c8a789ada""]",f41c8a789ada,104,0.072222222222222215,False,1,"[""DEP_ccomp"", ""POS_NOUN"", ""POS_PROPN""]",DEP_ccomp|POS_NOUN|POS_PROPN,False,False,False,0,research_only,ineligible,
63af8df0cdf8,"[""DEP_nsubj:pass_rate_baixo"", ""POS_NOUN_rate_alto"", ""POS_PROPN_rate_baixo""]",DEP_nsubj:pass_rate_baixo + POS_NOUN_rate_alto + POS_PROPN_rate_baixo,"[""6392fc6be8ee"", ""8e411d1b127a""]",6392fc6be8ee,121,0.084027777777777785,False,0.93000000000000005,"[""DEP_nsubj:pass"", ""POS_NOUN"", ""POS_PROPN""]",DEP_nsubj:pass|POS_NOUN|POS_PROPN,False,True,False,0,research_only,ineligible,
6547cf7b5dc6,"[""DEP_advmod_rate_alto"", ""POS_ADV_rate_alto"", ""POS_NOUN_rate_baixo""]",DEP_advmod_rate_alto + POS_ADV_rate_alto + POS_NOUN_rate_baixo,"[""5dbe05269112"", ""b8e3def79042""]",5dbe05269112,104,0.072222222222222215,False,0.63,"[""POS_NOUN"", ""modificacao_adverbial""]",POS_NOUN|modificacao_adverbial,True,False,False,0,research_only,ineligible,
669e662a646e,"[""DEP_cc_rate_alto"", ""DEP_ccomp_rate_baixo"", ""uppercaseRatio_baixo""]",DEP_cc_rate_alto + DEP_ccomp_rate_baixo + uppercaseRatio_baixo,"[""c29bc69fa6e0""]",c29bc69fa6e0,128,0.088888888888888892,True,0.62,"[""DEP_ccomp"", ""coordenacao"", ""uppercaseRatio""]",DEP_ccomp|coordenacao|uppercaseRatio,False,True,False,0,research_only,ineligible,
6996de6ad642,"[""POS_ADP_rate_baixo"", ""POS_VERB_rate_alto""]",POS_ADP_rate_baixo + POS_VERB_rate_alto,"[""170de39824d2""]",170de39824d2,190,0.13194444444444445,True,0.66000000000000003,"[""POS_VERB"", ""relacoes_preposicionais""]",POS_VERB|relacoes_preposicionais,False,True,False,0,research_only,ineligible,
70fe793e7904,"[""DEP_nsubj:pass_rate_baixo"", ""POS_NOUN_rate_alto"", ""POS_NUM_rate_baixo""]",DEP_nsubj:pass_rate_baixo + POS_NOUN_rate_alto + POS_NUM_rate_baixo,"[""888cb1cd0f80""]",888cb1cd0f80,105,0.072916666666666671,False,0.64000000000000001,"[""DEP_nsubj:pass"", ""POS_NOUN"", ""numerais""]",DEP_nsubj:pass|POS_NOUN|numerais,False,True,False,0,research_only,ineligible,
716fa36b3452,"[""DEP_acl:relcl_rate_baixo"", ""DEP_advcl_rate_baixo"", ""POS_ADV_rate_baixo""]",DEP_acl:relcl_rate_baixo + DEP_advcl_rate_baixo + POS_ADV_rate_baixo,"[""e41ab6ba84f2""]",e41ab6ba84f2,169,0.11736111111111111,True,0.68000000000000005,"[""DEP_acl:relcl"", ""DEP_advcl"", ""modificacao_adverbial""]",DEP_acl:relcl|DEP_advcl|modificacao_adverbial,False,True,False,0,research_only,ineligible,
728cda3555ce,"[""POS_ADV_rate_alto"", ""uppercaseRatio_baixo""]",POS_ADV_rate_alto + uppercaseRatio_baixo,"[""d4448b7c5c68""]",d4448b7c5c68,204,0.14166666666666666,True,0.65000000000000002,"[""modificacao_adverbial"", ""uppercaseRatio""]",modificacao_adverbial|uppercaseRatio,False,False,False,0,research_only,ineligible,
73513ea4d96d,"[""DEP_acl:relcl_rate_baixo"", ""POS_NUM_rate_alto""]",DEP_acl:relcl_rate_baixo + POS_NUM_rate_alto,"[""db5e3172c89d""]",db5e3172c89d,224,0.15555555555555556,False,0.77000000000000002,"[""DEP_acl:relcl"", ""numerais""]",DEP_acl:relcl|numerais,False,True,False,0,research_only,ineligible,
74f09dac65c5,"[""DEP_acl:relcl_rate_alto"", ""DEP_ccomp_rate_baixo"", ""uppercaseRatio_baixo""]",DEP_acl:relcl_rate_alto + DEP_ccomp_rate_baixo + uppercaseRatio_baixo,"[""fa9408c7682a""]",fa9408c7682a,120,0.083333333333333329,True,0.66000000000000003,"[""DEP_acl:relcl"", ""DEP_ccomp"", ""uppercaseRatio""]",DEP_acl:relcl|DEP_ccomp|uppercaseRatio,False,True,False,0,research_only,ineligible,
76121fac8398,"[""DEP_advmod_rate_alto"", ""POS_ADV_rate_alto"", ""POS_PROPN_rate_baixo""]",DEP_advmod_rate_alto + POS_ADV_rate_alto + POS_PROPN_rate_baixo,"[""41c676a20bdc"", ""f6036e82b3f4""]",f6036e82b3f4,132,0.09166666666666666,True,0.75,"[""POS_PROPN"", ""modificacao_adverbial""]",POS_PROPN|modificacao_adverbial,True,False,False,0,research_only,ineligible,
763262cc64de,"[""DEP_advcl_rate_baixo"", ""POS_NOUN_rate_alto"", ""uppercaseRatio_baixo""]",DEP_advcl_rate_baixo + POS_NOUN_rate_alto + uppercaseRatio_baixo,"[""793bbc696d49""]",793bbc696d49,109,0.075694444444444439,False,0.58999999999999997,"[""DEP_advcl"", ""POS_NOUN"", ""uppercaseRatio""]",DEP_advcl|POS_NOUN|uppercaseRatio,False,False,False,0,research_only,ineligible,
7bab8d14b5e7,"[""DEP_amod_rate_alto"", ""POS_ADJ_rate_alto"", ""POS_NUM_rate_baixo""]",DEP_amod_rate_alto + POS_ADJ_rate_alto + POS_NUM_rate_baixo,"[""04ca40696cc6"", ""dd854a90b319""]",dd854a90b319,121,0.084027777777777785,True,0.51000000000000001,"[""adjetivacao"", ""numerais""]",adjetivacao|numerais,True,True,False,0,research_only,ineligible,
7e0ef798e858,"[""DEP_advcl_rate_baixo"", ""DEP_nsubj:pass_rate_baixo"", ""POS_PRON_rate_baixo""]",DEP_advcl_rate_baixo + DEP_nsubj:pass_rate_baixo + POS_PRON_rate_baixo,"[""df715968ab07""]",df715968ab07,210,0.14583333333333334,True,0.78000000000000003,"[""DEP_advcl"", ""DEP_nsubj:pass"", ""POS_PRON""]",DEP_advcl|DEP_nsubj:pass|POS_PRON,False,True,False,0,research_only,ineligible,
822b96c360dd,"[""DEP_acl:relcl_rate_alto"", ""POS_PRON_rate_alto"", ""uppercaseRatio_baixo""]",DEP_acl:relcl_rate_alto + POS_PRON_rate_alto + uppercaseRatio_baixo,"[""3c84852491ce"", ""5c182ba6042a"", ""ccdab6bc2e23""]",5c182ba6042a,126,0.087499999999999994,True,0.79000000000000004,"[""DEP_acl:relcl"", ""POS_PRON"", ""uppercaseRatio""]",DEP_acl:relcl|POS_PRON|uppercaseRatio,False,True,False,0,research_only,ineligible,
83434a3c5948,"[""DEP_ccomp_rate_baixo"", ""DEP_nsubj:pass_rate_baixo"", ""DEP_obl_rate_baixo""]",DEP_ccomp_rate_baixo + DEP_nsubj:pass_rate_baixo + DEP_obl_rate_baixo,"[""2d54653a0ff0""]",2d54653a0ff0,149,0.10347222222222222,False,0.73999999999999999,"[""DEP_ccomp"", ""DEP_nsubj:pass"", ""DEP_obl""]",DEP_ccomp|DEP_nsubj:pass|DEP_obl,False,True,False,0,research_only,ineligible,
83a548913257,"[""DEP_nsubj:pass_rate_baixo"", ""DEP_obl_rate_baixo""]",DEP_nsubj:pass_rate_baixo + DEP_obl_rate_baixo,"[""c36d16ef8d20""]",c36d16ef8d20,280,0.19444444444444445,False,0.78000000000000003,"[""DEP_nsubj:pass"", ""DEP_obl""]",DEP_nsubj:pass|DEP_obl,False,True,False,0,research_only,ineligible,
84f977f3f5cb,"[""DEP_acl:relcl_rate_baixo"", ""DEP_cc_rate_alto"", ""POS_NUM_rate_baixo""]",DEP_acl:relcl_rate_baixo + DEP_cc_rate_alto + POS_NUM_rate_baixo,"[""21f648fc2081""]",21f648fc2081,121,0.084027777777777785,True,0.42999999999999999,"[""DEP_acl:relcl"", ""coordenacao"", ""numerais""]",DEP_acl:relcl|coordenacao|numerais,False,True,False,0,research_only,ineligible,
8685f3180b9e,"[""DEP_advcl_rate_baixo"", ""DEP_advmod_rate_baixo"", ""POS_VERB_rate_baixo""]",DEP_advcl_rate_baixo + DEP_advmod_rate_baixo + POS_VERB_rate_baixo,"[""d8a685f8cc64""]",d8a685f8cc64,115,0.079861111111111105,False,0.68999999999999995,"[""DEP_advcl"", ""POS_VERB"", ""modificacao_adverbial""]",DEP_advcl|POS_VERB|modificacao_adverbial,False,False,False,0,research_only,ineligible,
8bad395cd930,"[""DEP_ccomp_rate_baixo"", ""DEP_nsubj:pass_rate_alto""]",DEP_ccomp_rate_baixo + DEP_nsubj:pass_rate_alto,"[""28044bc43f6a""]",28044bc43f6a,212,0.14722222222222223,True,0.56999999999999995,"[""DEP_ccomp"", ""DEP_nsubj:pass""]",DEP_ccomp|DEP_nsubj:pass,False,True,False,0,research_only,ineligible,
8c91d6b4a8ba,"[""DEP_nsubj:pass_rate_baixo"", ""punctuationDensity_spacy_alto"", ""uppercaseRatio_baixo""]",DEP_nsubj:pass_rate_baixo + punctuationDensity_spacy_alto + uppercaseRatio_baixo,"[""0b02e175c706""]",0b02e175c706,115,0.079861111111111105,False,0.89000000000000001,"[""DEP_nsubj:pass"", ""punctuationDensity_spacy"", ""uppercaseRatio""]",DEP_nsubj:pass|punctuationDensity_spacy|uppercaseRatio,False,True,False,0,research_only,ineligible,
8cccc8454c6b,"[""DEP_acl:relcl_rate_baixo"", ""DEP_cc_rate_baixo"", ""POS_PRON_rate_baixo""]",DEP_acl:relcl_rate_baixo + DEP_cc_rate_baixo + POS_PRON_rate_baixo,"[""61ccba8ec92d"", ""d56f60a0f8e1""]",d56f60a0f8e1,109,0.075694444444444439,False,1,"[""DEP_acl:relcl"", ""POS_PRON"", ""coordenacao""]",DEP_acl:relcl|POS_PRON|coordenacao,False,True,False,0,research_only,ineligible,
8e0410a0a19d,"[""DEP_cc_rate_alto"", ""DEP_nsubj:pass_rate_baixo""]",DEP_cc_rate_alto + DEP_nsubj:pass_rate_baixo,"[""bf1cf0617ed4""]",bf1cf0617ed4,319,0.22152777777777777,True,0.67000000000000004,"[""DEP_nsubj:pass"", ""coordenacao""]",DEP_nsubj:pass|coordenacao,False,True,False,0,research_only,ineligible,
8f8174f3a2b5,"[""DEP_acl:relcl_rate_baixo"", ""DEP_nsubj:pass_rate_baixo"", ""DEP_obl_rate_baixo""]",DEP_acl:relcl_rate_baixo + DEP_nsubj:pass_rate_baixo + DEP_obl_rate_baixo,"[""7b7d5e355d1f""]",7b7d5e355d1f,164,0.11388888888888889,False,0.65000000000000002,"[""DEP_acl:relcl"", ""DEP_nsubj:pass"", ""DEP_obl""]",DEP_acl:relcl|DEP_nsubj:pass|DEP_obl,False,True,False,0,research_only,ineligible,
93fd0ad493e5,"[""DEP_nsubj:pass_rate_baixo"", ""DEP_obl_rate_baixo"", ""uppercaseRatio_baixo""]",DEP_nsubj:pass_rate_baixo + DEP_obl_rate_baixo + uppercaseRatio_baixo,"[""25ad727c1566""]",25ad727c1566,135,0.09375,False,0.81000000000000005,"[""DEP_nsubj:pass"", ""DEP_obl"", ""uppercaseRatio""]",DEP_nsubj:pass|DEP_obl|uppercaseRatio,False,True,False,0,research_only,ineligible,
981dfd062dd0,"[""DEP_acl:relcl_rate_baixo"", ""DEP_advcl_rate_alto"", ""DEP_ccomp_rate_baixo""]",DEP_acl:relcl_rate_baixo + DEP_advcl_rate_alto + DEP_ccomp_rate_baixo,"[""bba7cd248181""]",bba7cd248181,131,0.090972222222222218,False,0.87,"[""DEP_acl:relcl"", ""DEP_advcl"", ""DEP_ccomp""]",DEP_acl:relcl|DEP_advcl|DEP_ccomp,False,True,False,0,research_only,ineligible,
99a671409aec,"[""DEP_acl:relcl_rate_baixo"", ""DEP_advcl_rate_baixo"", ""uppercaseRatio_alto""]",DEP_acl:relcl_rate_baixo + DEP_advcl_rate_baixo + uppercaseRatio_alto,"[""211d9ad38889""]",211d9ad38889,136,0.094444444444444442,False,0.64000000000000001,"[""DEP_acl:relcl"", ""DEP_advcl"", ""uppercaseRatio""]",DEP_acl:relcl|DEP_advcl|uppercaseRatio,False,True,False,0,research_only,ineligible,
9e0e19ee5e38,"[""DEP_ccomp_rate_baixo"", ""POS_PROPN_rate_alto"", ""POS_VERB_rate_baixo""]",DEP_ccomp_rate_baixo + POS_PROPN_rate_alto + POS_VERB_rate_baixo,"[""73d91e3a484a"", ""8694bd72e0dc""]",73d91e3a484a,108,0.074999999999999997,False,0.69999999999999996,"[""DEP_ccomp"", ""POS_PROPN"", ""POS_VERB""]",DEP_ccomp|POS_PROPN|POS_VERB,False,False,False,0,research_only,ineligible,
a2d7f544f85e,"[""DEP_acl:relcl_rate_alto"", ""DEP_advcl_rate_baixo"", ""DEP_nsubj:pass_rate_baixo""]",DEP_acl:relcl_rate_alto + DEP_advcl_rate_baixo + DEP_nsubj:pass_rate_baixo,"[""34043ab558e0""]",34043ab558e0,177,0.12291666666666666,True,0.78000000000000003,"[""DEP_acl:relcl"", ""DEP_advcl"", ""DEP_nsubj:pass""]",DEP_acl:relcl|DEP_advcl|DEP_nsubj:pass,False,True,False,0,research_only,ineligible,
b2197340b358,"[""DEP_acl:relcl_rate_baixo"", ""DEP_obl_rate_alto"", ""POS_PRON_rate_baixo""]",DEP_acl:relcl_rate_baixo + DEP_obl_rate_alto + POS_PRON_rate_baixo,"[""809b2dae48b5"", ""e464805e0ac9""]",809b2dae48b5,101,0.07013888888888889,False,0.62,"[""DEP_acl:relcl"", ""DEP_obl"", ""POS_PRON""]",DEP_acl:relcl|DEP_obl|POS_PRON,False,True,False,0,research_only,ineligible,
b39adea23fd2,"[""DEP_acl:relcl_rate_baixo"", ""DEP_advcl_rate_baixo"", ""DEP_cc_rate_alto""]",DEP_acl:relcl_rate_baixo + DEP_advcl_rate_baixo + DEP_cc_rate_alto,"[""6f556f18c487""]",6f556f18c487,160,0.1111111111111111,False,0.57999999999999996,"[""DEP_acl:relcl"", ""DEP_advcl"", ""coordenacao""]",DEP_acl:relcl|DEP_advcl|coordenacao,False,True,False,0,research_only,ineligible,
b4d2bedee8a2,"[""DEP_acl:relcl_rate_baixo"", ""DEP_advcl_rate_baixo"", ""DEP_amod_rate_alto""]",DEP_acl:relcl_rate_baixo + DEP_advcl_rate_baixo + DEP_amod_rate_alto,"[""836dca4c2c49""]",836dca4c2c49,117,0.081250000000000003,False,0.55000000000000004,"[""DEP_acl:relcl"", ""DEP_advcl"", ""adjetivacao""]",DEP_acl:relcl|DEP_advcl|adjetivacao,False,True,False,0,research_only,ineligible,
b5b380a56589,"[""DEP_advcl_rate_baixo"", ""DEP_ccomp_rate_baixo"", ""diversidade_alto""]",DEP_advcl_rate_baixo + DEP_ccomp_rate_baixo + diversidade_alto,"[""b208a328a620""]",b208a328a620,102,0.070833333333333331,False,0.62,"[""DEP_advcl"", ""DEP_ccomp"", ""diversidade""]",DEP_advcl|DEP_ccomp|diversidade,False,False,False,0,research_only,ineligible,
b62a57cf20e0,"[""DEP_acl:relcl_rate_baixo"", ""DEP_advcl_rate_baixo"", ""DEP_advmod_rate_baixo""]",DEP_acl:relcl_rate_baixo + DEP_advcl_rate_baixo + DEP_advmod_rate_baixo,"[""4f3f7041aec0""]",4f3f7041aec0,185,0.12847222222222221,True,0.47999999999999998,"[""DEP_acl:relcl"", ""DEP_advcl"", ""modificacao_adverbial""]",DEP_acl:relcl|DEP_advcl|modificacao_adverbial,False,True,False,0,research_only,ineligible,
b97ffc0e300d,"[""DEP_advmod_rate_baixo"", ""DEP_obj_rate_alto"", ""POS_ADV_rate_baixo""]",DEP_advmod_rate_baixo + DEP_obj_rate_alto + POS_ADV_rate_baixo,"[""6c46cc8fbadd"", ""9a294293e096""]",9a294293e096,119,0.082638888888888887,True,0.70999999999999996,"[""DEP_obj"", ""modificacao_adverbial""]",DEP_obj|modificacao_adverbial,True,False,False,0,research_only,ineligible,
bc96b0610d88,"[""DEP_acl:relcl_rate_baixo"", ""DEP_nsubj:pass_rate_baixo"", ""POS_NUM_rate_alto""]",DEP_acl:relcl_rate_baixo + DEP_nsubj:pass_rate_baixo + POS_NUM_rate_alto,"[""699dddb3d227""]",699dddb3d227,149,0.10347222222222222,False,0.56000000000000005,"[""DEP_acl:relcl"", ""DEP_nsubj:pass"", ""numerais""]",DEP_acl:relcl|DEP_nsubj:pass|numerais,False,True,False,0,research_only,ineligible,
bcf49a1c7a83,"[""DEP_advcl_rate_baixo"", ""DEP_nsubj:pass_rate_baixo"", ""POS_NOUN_rate_alto""]",DEP_advcl_rate_baixo + DEP_nsubj:pass_rate_baixo + POS_NOUN_rate_alto,"[""bb163a564f06""]",bb163a564f06,172,0.11944444444444445,True,0.70999999999999996,"[""DEP_advcl"", ""DEP_nsubj:pass"", ""POS_NOUN""]",DEP_advcl|DEP_nsubj:pass|POS_NOUN,False,True,False,0,research_only,ineligible,
bdf7380623b4,"[""DEP_nsubj:pass_rate_baixo"", ""DEP_obl_rate_baixo"", ""POS_NUM_rate_baixo""]",DEP_nsubj:pass_rate_baixo + DEP_obl_rate_baixo + POS_NUM_rate_baixo,"[""0a184cebec43""]",0a184cebec43,130,0.090277777777777776,True,0.68999999999999995,"[""DEP_nsubj:pass"", ""DEP_obl"", ""numerais""]",DEP_nsubj:pass|DEP_obl|numerais,False,True,False,0,research_only,ineligible,
c1ea994b9d32,"[""DEP_advmod_rate_alto"", ""DEP_nsubj:pass_rate_baixo"", ""POS_ADP_rate_baixo""]",DEP_advmod_rate_alto + DEP_nsubj:pass_rate_baixo + POS_ADP_rate_baixo,"[""02e910ac21df""]",02e910ac21df,129,0.089583333333333334,True,0.75,"[""DEP_nsubj:pass"", ""modificacao_adverbial"", ""relacoes_preposicionais""]",DEP_nsubj:pass|modificacao_adverbial|relacoes_preposicionais,False,True,False,0,research_only,ineligible,
c265f09d128e,"[""DEP_acl:relcl_rate_baixo"", ""POS_NUM_rate_baixo"", ""POS_PROPN_rate_alto""]",DEP_acl:relcl_rate_baixo + POS_NUM_rate_baixo + POS_PROPN_rate_alto,"[""7d61b8e156e6""]",7d61b8e156e6,108,0.074999999999999997,False,0.78000000000000003,"[""DEP_acl:relcl"", ""POS_PROPN"", ""numerais""]",DEP_acl:relcl|POS_PROPN|numerais,False,True,False,0,research_only,ineligible,
c29b979659d6,"[""DEP_ccomp_rate_baixo"", ""POS_PROPN_rate_alto""]",DEP_ccomp_rate_baixo + POS_PROPN_rate_alto,"[""2698eb8a7fd7""]",2698eb8a7fd7,223,0.15486111111111112,False,0.90000000000000002,"[""DEP_ccomp"", ""POS_PROPN""]",DEP_ccomp|POS_PROPN,False,False,False,0,research_only,ineligible,
c2a6c625af8e,"[""DEP_ccomp_rate_baixo"", ""POS_PRON_rate_baixo"", ""uppercaseRatio_baixo""]",DEP_ccomp_rate_baixo + POS_PRON_rate_baixo + uppercaseRatio_baixo,"[""23966564f206""]",23966564f206,112,0.077777777777777779,False,0.53000000000000003,"[""DEP_ccomp"", ""POS_PRON"", ""uppercaseRatio""]",DEP_ccomp|POS_PRON|uppercaseRatio,False,False,False,0,research_only,ineligible,
c36e4bfa41b4,"[""DEP_acl:relcl_rate_baixo"", ""DEP_obl_rate_baixo"", ""POS_NUM_rate_baixo""]",DEP_acl:relcl_rate_baixo + DEP_obl_rate_baixo + POS_NUM_rate_baixo,"[""9812ae0bc47f"", ""9d12bdf58d72""]",9812ae0bc47f,97,0.067361111111111108,False,0.59999999999999998,"[""DEP_acl:relcl"", ""DEP_obl"", ""numerais""]",DEP_acl:relcl|DEP_obl|numerais,False,True,False,0,research_only,ineligible,
c653ac34978f,"[""DEP_acl:relcl_rate_baixo"", ""DEP_nsubj:pass_rate_alto"", ""POS_PRON_rate_baixo""]",DEP_acl:relcl_rate_baixo + DEP_nsubj:pass_rate_alto + POS_PRON_rate_baixo,"[""4ce01004ef8a"", ""cc995c0d6a4c""]",4ce01004ef8a,113,0.078472222222222221,False,1,"[""DEP_acl:relcl"", ""DEP_nsubj:pass"", ""POS_PRON""]",DEP_acl:relcl|DEP_nsubj:pass|POS_PRON,False,True,False,0,research_only,ineligible,
c8aed971b2e1,"[""DEP_nsubj:pass_rate_baixo"", ""DEP_obj_rate_alto"", ""POS_PRON_rate_alto""]",DEP_nsubj:pass_rate_baixo + DEP_obj_rate_alto + POS_PRON_rate_alto,"[""68658785b98d""]",68658785b98d,136,0.094444444444444442,True,0.51000000000000001,"[""DEP_nsubj:pass"", ""DEP_obj"", ""POS_PRON""]",DEP_nsubj:pass|DEP_obj|POS_PRON,False,True,False,0,research_only,ineligible,
c91ec705edaf,"[""DEP_advcl_rate_baixo"", ""POS_ADP_rate_alto"", ""POS_PRON_rate_baixo""]",DEP_advcl_rate_baixo + POS_ADP_rate_alto + POS_PRON_rate_baixo,"[""9a822965db6b""]",9a822965db6b,115,0.079861111111111105,False,0.59999999999999998,"[""DEP_advcl"", ""POS_PRON"", ""relacoes_preposicionais""]",DEP_advcl|POS_PRON|relacoes_preposicionais,False,True,False,0,research_only,ineligible,
caee7632f7f9,"[""DEP_acl:relcl_rate_baixo"", ""DEP_advmod_rate_baixo"", ""POS_PROPN_rate_alto""]",DEP_acl:relcl_rate_baixo + DEP_advmod_rate_baixo + POS_PROPN_rate_alto,"[""f481e1082555""]",f481e1082555,121,0.084027777777777785,True,0.79000000000000004,"[""DEP_acl:relcl"", ""POS_PROPN"", ""modificacao_adverbial""]",DEP_acl:relcl|POS_PROPN|modificacao_adverbial,False,True,False,0,research_only,ineligible,
cbddaeae11e1,"[""DEP_acl:relcl_rate_baixo"", ""DEP_advcl_rate_baixo"", ""DEP_ccomp_rate_alto""]",DEP_acl:relcl_rate_baixo + DEP_advcl_rate_baixo + DEP_ccomp_rate_alto,"[""139dbac4b301""]",139dbac4b301,146,0.10138888888888889,True,0.67000000000000004,"[""DEP_acl:relcl"", ""DEP_advcl"", ""DEP_ccomp""]",DEP_acl:relcl|DEP_advcl|DEP_ccomp,False,True,False,0,research_only,ineligible,
cfbb18507249,"[""DEP_advcl_rate_baixo"", ""DEP_nsubj:pass_rate_baixo"", ""POS_ADJ_rate_alto""]",DEP_advcl_rate_baixo + DEP_nsubj:pass_rate_baixo + POS_ADJ_rate_alto,"[""5376054659a1""]",5376054659a1,174,0.12083333333333333,True,0.68999999999999995,"[""DEP_advcl"", ""DEP_nsubj:pass"", ""adjetivacao""]",DEP_advcl|DEP_nsubj:pass|adjetivacao,False,True,False,0,research_only,ineligible,
d10a276e9f5f,"[""DEP_acl:relcl_rate_baixo"", ""DEP_ccomp_rate_baixo"", ""uppercaseRatio_alto""]",DEP_acl:relcl_rate_baixo + DEP_ccomp_rate_baixo + uppercaseRatio_alto,"[""6aedf7e27e38""]",6aedf7e27e38,128,0.088888888888888892,False,0.93000000000000005,"[""DEP_acl:relcl"", ""DEP_ccomp"", ""uppercaseRatio""]",DEP_acl:relcl|DEP_ccomp|uppercaseRatio,False,True,False,0,research_only,ineligible,
d2cbcf7042ad,"[""DEP_acl:relcl_rate_baixo"", ""DEP_obj_rate_baixo""]",DEP_acl:relcl_rate_baixo + DEP_obj_rate_baixo,"[""f10680cfa493""]",f10680cfa493,213,0.14791666666666667,False,0.97999999999999998,"[""DEP_acl:relcl"", ""DEP_obj""]",DEP_acl:relcl|DEP_obj,False,True,False,0,research_only,ineligible,
d6e283efd45b,"[""DEP_advcl_rate_baixo"", ""DEP_amod_rate_alto"", ""DEP_nsubj:pass_rate_baixo""]",DEP_advcl_rate_baixo + DEP_amod_rate_alto + DEP_nsubj:pass_rate_baixo,"[""22fc7719e38d""]",22fc7719e38d,182,0.12638888888888888,True,0.71999999999999997,"[""DEP_advcl"", ""DEP_nsubj:pass"", ""adjetivacao""]",DEP_advcl|DEP_nsubj:pass|adjetivacao,False,True,False,0,research_only,ineligible,
db4d3c9a5701,"[""DEP_nsubj_rate_baixo"", ""POS_PRON_rate_baixo""]",DEP_nsubj_rate_baixo + POS_PRON_rate_baixo,"[""5b29d22834ee""]",5b29d22834ee,177,0.12291666666666666,False,0.65000000000000002,"[""DEP_nsubj"", ""POS_PRON""]",DEP_nsubj|POS_PRON,False,False,False,0,research_only,ineligible,
db977786c06b,"[""DEP_advcl_rate_alto"", ""DEP_nsubj:pass_rate_baixo"", ""POS_AUX_rate_baixo""]",DEP_advcl_rate_alto + DEP_nsubj:pass_rate_baixo + POS_AUX_rate_baixo,"[""158c410706ea""]",158c410706ea,109,0.075694444444444439,False,0.17000000000000001,"[""DEP_advcl"", ""DEP_nsubj:pass"", ""auxiliares""]",DEP_advcl|DEP_nsubj:pass|auxiliares,False,True,False,0,research_only,ineligible,
dd85c312aed9,"[""DEP_ccomp_rate_baixo"", ""POS_PRON_rate_baixo""]",DEP_ccomp_rate_baixo + POS_PRON_rate_baixo,"[""dd1a1cb0c8bd""]",dd1a1cb0c8bd,281,0.19513888888888889,False,0.5,"[""DEP_ccomp"", ""POS_PRON""]",DEP_ccomp|POS_PRON,False,False,False,0,research_only,ineligible,
ddcee17e1cea,"[""DEP_ccomp_rate_alto"", ""DEP_nsubj:pass_rate_baixo"", ""POS_NUM_rate_baixo""]",DEP_ccomp_rate_alto + DEP_nsubj:pass_rate_baixo + POS_NUM_rate_baixo,"[""0f16b73aae01""]",0f16b73aae01,165,0.11458333333333333,True,0.72999999999999998,"[""DEP_ccomp"", ""DEP_nsubj:pass"", ""numerais""]",DEP_ccomp|DEP_nsubj:pass|numerais,False,True,False,0,research_only,ineligible,
e1451f6e6a8d,"[""DEP_acl:relcl_rate_baixo"", ""DEP_obj_rate_baixo"", ""POS_VERB_rate_baixo""]",DEP_acl:relcl_rate_baixo + DEP_obj_rate_baixo + POS_VERB_rate_baixo,"[""8d0eac8b85cb"", ""c6410029760f""]",c6410029760f,108,0.074999999999999997,False,0.93000000000000005,"[""DEP_acl:relcl"", ""DEP_obj"", ""POS_VERB""]",DEP_acl:relcl|DEP_obj|POS_VERB,False,True,False,0,research_only,ineligible,
e22dcb87615c,"[""DEP_advcl_rate_baixo"", ""POS_VERB_rate_baixo"", ""uppercaseRatio_baixo""]",DEP_advcl_rate_baixo + POS_VERB_rate_baixo + uppercaseRatio_baixo,"[""69f8813a8df9""]",69f8813a8df9,114,0.079166666666666663,False,0.55000000000000004,"[""DEP_advcl"", ""POS_VERB"", ""uppercaseRatio""]",DEP_advcl|POS_VERB|uppercaseRatio,False,False,False,0,research_only,ineligible,
e2f13acdfd5d,"[""DEP_acl:relcl_rate_baixo"", ""DEP_obl_rate_baixo""]",DEP_acl:relcl_rate_baixo + DEP_obl_rate_baixo,"[""41a80f9505d0""]",41a80f9505d0,220,0.15277777777777779,False,0.54000000000000004,"[""DEP_acl:relcl"", ""DEP_obl""]",DEP_acl:relcl|DEP_obl,False,True,False,0,research_only,ineligible,
e485a8970aca,"[""DEP_advmod_rate_baixo"", ""DEP_ccomp_rate_baixo"", ""POS_PRON_rate_baixo""]",DEP_advmod_rate_baixo + DEP_ccomp_rate_baixo + POS_PRON_rate_baixo,"[""530864404d97""]",530864404d97,117,0.081250000000000003,False,0.59999999999999998,"[""DEP_ccomp"", ""POS_PRON"", ""modificacao_adverbial""]",DEP_ccomp|POS_PRON|modificacao_adverbial,False,False,False,0,research_only,ineligible,
eae0a048743f,"[""DEP_ccomp_rate_baixo"", ""DEP_nsubj:pass_rate_alto"", ""DEP_nsubj_rate_baixo""]",DEP_ccomp_rate_baixo + DEP_nsubj:pass_rate_alto + DEP_nsubj_rate_baixo,"[""2bacee6428f8"", ""c4a222a0e20a""]",2bacee6428f8,109,0.075694444444444439,False,0.79000000000000004,"[""DEP_ccomp"", ""DEP_nsubj"", ""DEP_nsubj:pass""]",DEP_ccomp|DEP_nsubj|DEP_nsubj:pass,False,True,False,0,research_only,ineligible,
f1891273f7ec,"[""DEP_nsubj:pass_rate_baixo"", ""POS_ADP_rate_baixo"", ""POS_ADV_rate_alto""]",DEP_nsubj:pass_rate_baixo + POS_ADP_rate_baixo + POS_ADV_rate_alto,"[""24bd824555db""]",24bd824555db,134,0.093055555555555558,True,0.45000000000000001,"[""DEP_nsubj:pass"", ""modificacao_adverbial"", ""relacoes_preposicionais""]",DEP_nsubj:pass|modificacao_adverbial|relacoes_preposicionais,False,True,False,0,research_only,ineligible,
f2303e71ec21,"[""DEP_advcl_rate_baixo"", ""POS_PRON_rate_baixo"", ""POS_VERB_rate_baixo""]",DEP_advcl_rate_baixo + POS_PRON_rate_baixo + POS_VERB_rate_baixo,"[""9abddbcf520f""]",9abddbcf520f,114,0.079166666666666663,False,0.98999999999999999,"[""DEP_advcl"", ""POS_PRON"", ""POS_VERB""]",DEP_advcl|POS_PRON|POS_VERB,False,False,False,0,research_only,ineligible,
f44ef52cb2f0,"[""DEP_advcl_rate_baixo"", ""DEP_advmod_rate_baixo"", ""POS_PRON_rate_baixo""]",DEP_advcl_rate_baixo + DEP_advmod_rate_baixo + POS_PRON_rate_baixo,"[""7c209330a1d6""]",7c209330a1d6,127,0.08819444444444445,True,0.72999999999999998,"[""DEP_advcl"", ""POS_PRON"", ""modificacao_adverbial""]",DEP_advcl|POS_PRON|modificacao_adverbial,False,False,False,0,research_only,ineligible,
f6f158f4942a,"[""DEP_advcl_rate_baixo"", ""POS_PROPN_rate_alto"", ""POS_VERB_rate_baixo""]",DEP_advcl_rate_baixo + POS_PROPN_rate_alto + POS_VERB_rate_baixo,"[""28cc47fd7d1b"", ""b353e43e74ed""]",28cc47fd7d1b,118,0.081944444444444445,True,0.75,"[""DEP_advcl"", ""POS_PROPN"", ""POS_VERB""]",DEP_advcl|POS_PROPN|POS_VERB,False,False,False,0,research_only,ineligible,
f87d130e73e4,"[""DEP_acl:relcl_rate_baixo"", ""DEP_cc_rate_alto"", ""DEP_ccomp_rate_baixo""]",DEP_acl:relcl_rate_baixo + DEP_cc_rate_alto + DEP_ccomp_rate_baixo,"[""8131f369f117""]",8131f369f117,164,0.11388888888888889,False,0.56000000000000005,"[""DEP_acl:relcl"", ""DEP_ccomp"", ""coordenacao""]",DEP_acl:relcl|DEP_ccomp|coordenacao,False,True,False,0,research_only,ineligible,
f999156c525a,"[""DEP_advmod_rate_alto"", ""POS_ADV_rate_alto"", ""punctuationDensity_spacy_alto""]",DEP_advmod_rate_alto + POS_ADV_rate_alto + punctuationDensity_spacy_alto,"[""3dfd95512d1a"", ""432e5dd5f1a6""]",432e5dd5f1a6,106,0.073611111111111113,False,0.37,"[""modificacao_adverbial"", ""punctuationDensity_spacy""]",modificacao_adverbial|punctuationDensity_spacy,True,False,False,0,research_only,ineligible,
fa79869ad1f8,"[""DEP_nsubj:pass_rate_baixo"", ""POS_VERB_rate_alto"", ""uppercaseRatio_baixo""]",DEP_nsubj:pass_rate_baixo + POS_VERB_rate_alto + uppercaseRatio_baixo,"[""6e40f97f505d""]",6e40f97f505d,135,0.09375,False,0.5,"[""DEP_nsubj:pass"", ""POS_VERB"", ""uppercaseRatio""]",DEP_nsubj:pass|POS_VERB|uppercaseRatio,False,True,False,0,research_only,ineligible,
fb356d050920,"[""DEP_cc_rate_alto"", ""DEP_nsubj:pass_rate_baixo"", ""uppercaseRatio_baixo""]",DEP_cc_rate_alto + DEP_nsubj:pass_rate_baixo + uppercaseRatio_baixo,"[""491dccd3eb92""]",491dccd3eb92,160,0.1111111111111111,True,0.58999999999999997,"[""DEP_nsubj:pass"", ""coordenacao"", ""uppercaseRatio""]",DEP_nsubj:pass|coordenacao|uppercaseRatio,False,True,False,0,research_only,ineligible,
fbf4877b8726,"[""POS_NUM_rate_baixo"", ""POS_VERB_rate_alto""]",POS_NUM_rate_baixo + POS_VERB_rate_alto,"[""b6bef6b6317b""]",b6bef6b6317b,199,0.13819444444444445,False,0.93000000000000005,"[""POS_VERB"", ""numerais""]",POS_VERB|numerais,False,True,False,0,research_only,ineligible,
fcf975b2323b,"[""DEP_acl:relcl_rate_baixo"", ""DEP_ccomp_rate_baixo"", ""POS_AUX_rate_baixo""]",DEP_acl:relcl_rate_baixo + DEP_ccomp_rate_baixo + POS_AUX_rate_baixo,"[""1be1a06dbf8e""]",1be1a06dbf8e,149,0.10347222222222222,True,0.77000000000000002,"[""DEP_acl:relcl"", ""DEP_ccomp"", ""auxiliares""]",DEP_acl:relcl|DEP_ccomp|auxiliares,False,True,False,0,research_only,ineligible,
fe4b7736d47b,"[""DEP_acl:relcl_rate_baixo"", ""POS_AUX_rate_baixo""]",DEP_acl:relcl_rate_baixo + POS_AUX_rate_baixo,"[""a2016160802d""]",a2016160802d,235,0.16319444444444445,False,0.72999999999999998,"[""DEP_acl:relcl"", ""auxiliares""]",DEP_acl:relcl|auxiliares,False,True,False,0,research_only,ineligible,
fea35cce2088,"[""DEP_cc_rate_alto"", ""DEP_nsubj:pass_rate_baixo"", ""POS_AUX_rate_baixo""]",DEP_cc_rate_alto + DEP_nsubj:pass_rate_baixo + POS_AUX_rate_baixo,"[""7329af68ba88""]",7329af68ba88,117,0.081250000000000003,True,0.33000000000000002,"[""DEP_nsubj:pass"", ""auxiliares"", ""coordenacao""]",DEP_nsubj:pass|auxiliares|coordenacao,False,True,False,0,research_only,ineligible,
feed2c37682a,"[""DEP_advcl_rate_baixo"", ""DEP_ccomp_rate_baixo"", ""POS_PRON_rate_baixo""]",DEP_advcl_rate_baixo + DEP_ccomp_rate_baixo + POS_PRON_rate_baixo,"[""0b6b1f165afa""]",0b6b1f165afa,178,0.12361111111111112,True,0.65000000000000002,"[""DEP_advcl"", ""DEP_ccomp"", ""POS_PRON""]",DEP_advcl|DEP_ccomp|POS_PRON,False,False,False,0,research_only,ineligible,
