rule_id,pattern_id,antecedents,consequents,features,train_occurrences,train_antecedent_occurrences,train_consequent_occurrences,train_support,train_antecedent_support,train_consequent_support,train_confidence,train_lift,train_jaccard,train_passes_filters,test_occurrences,test_antecedent_occurrences,test_consequent_occurrences,test_support,test_antecedent_support,test_consequent_support,test_confidence,test_lift,test_jaccard,test_passes_filters,validation_occurrences,validation_antecedent_occurrences,validation_consequent_occurrences,validation_support,validation_antecedent_support,validation_consequent_support,validation_confidence,validation_lift,validation_jaccard,validation_passes_filters,validation_confidence_ci_low,validation_confidence_ci_high,validation_confidence_bootstrap_valid_repetitions,validation_lift_ci_low,validation_lift_ci_high,validation_lift_bootstrap_valid_repetitions,validation_bootstrap_pass_fraction,rediscovery_count,rediscovery_fraction,repetitions
bf1cf0617ed4,8e0410a0a19d,"[""DEP_cc_rate_alto""]","[""DEP_nsubj:pass_rate_baixo""]","[""DEP_cc_rate_alto"", ""DEP_nsubj:pass_rate_baixo""]",913,1190,3138,0.21134259259259258,0.27546296296296297,0.72638888888888886,0.76722689075630257,1.0562205761845846,0.26734992679355785,True,285,376,1060,0.19791666666666666,0.26111111111111113,0.73611111111111116,0.75797872340425532,1.0297069450020073,0.2476107732406603,False,319,405,1073,0.22152777777777777,0.28125,0.74513888888888891,0.78765432098765431,1.057057057057057,0.27523727351164795,True,0.7507281918722597,0.82572420159806414,100,1.001509094467153,1.0921312095183007,100,0.63,67,0.67000000000000004,100
c1a461d3621f,6e0b7c33c11f,"[""DEP_cc_rate_alto""]","[""DEP_ccomp_rate_baixo""]","[""DEP_cc_rate_alto"", ""DEP_ccomp_rate_baixo""]",762,1190,2561,0.1763888888888889,0.27546296296296297,0.59282407407407411,0.64033613445378146,1.0801452951348443,0.25493476078956173,True,221,376,842,0.15347222222222223,0.26111111111111113,0.58472222222222225,0.58776595744680848,1.0052054379137818,0.22166499498495487,False,259,405,849,0.17986111111111111,0.28125,0.58958333333333335,0.63950617283950617,1.084674780787855,0.26030150753768844,True,0.59347080630213167,0.68553485548863047,100,1.0243801066278824,1.1399749124322043,100,0.83999999999999997,93,0.93000000000000005,100
ee373911fc41,28a346470810,"[""DEP_cc_rate_alto""]","[""DEP_advcl_rate_baixo""]","[""DEP_advcl_rate_baixo"", ""DEP_cc_rate_alto""]",756,1190,2534,0.17499999999999999,0.27546296296296297,0.58657407407407403,0.63529411764705879,1.0830586378197689,0.25471698113207547,True,246,376,857,0.17083333333333334,0.26111111111111113,0.59513888888888888,0.6542553191489362,1.0993321581965789,0.24924012158054712,True,248,405,833,0.17222222222222222,0.28125,0.57847222222222228,0.61234567901234571,1.0585567560357476,0.25050505050505051,True,0.55158724619289345,0.65944602272727271,100,0.98119436851642039,1.132023027017629,100,0.53000000000000003,90,0.90000000000000002,100
da40579176fe,17e312fb1c27,"[""DEP_cc_rate_alto"", ""DEP_nsubj:pass_rate_baixo""]","[""DEP_ccomp_rate_baixo""]","[""DEP_cc_rate_alto"", ""DEP_ccomp_rate_baixo"", ""DEP_nsubj:pass_rate_baixo""]",580,913,2561,0.13425925925925927,0.21134259259259258,0.59282407407407411,0.63526834611171956,1.0715967415863448,0.20041465100207326,True,170,285,842,0.11805555555555555,0.19791666666666666,0.58472222222222225,0.59649122807017541,1.0201275159394925,0.17763845350052246,False,198,319,849,0.13750000000000001,0.22152777777777777,0.58958333333333335,0.62068965517241381,1.0527598391616912,0.20412371134020618,True,0.56632746179966043,0.6731838905775076,100,0.96994478017059071,1.1266449449137961,100,0.44,86,0.85999999999999999,100
a271ebf68c71,42547450fddf,"[""DEP_cc_rate_alto"", ""DEP_nsubj:pass_rate_baixo""]","[""DEP_advcl_rate_baixo""]","[""DEP_advcl_rate_baixo"", ""DEP_cc_rate_alto"", ""DEP_nsubj:pass_rate_baixo""]",581,913,2534,0.13449074074074074,0.21134259259259258,0.58657407407407403,0.63636363636363635,1.0848819688598694,0.20272156315422191,True,191,285,857,0.13263888888888889,0.19791666666666666,0.59513888888888888,0.6701754385964912,1.1260824172449795,0.20084121976866456,True,199,319,833,0.13819444444444445,0.22152777777777777,0.57847222222222228,0.62382445141065834,1.0784000120424346,0.20881427072402939,True,0.55839459950079418,0.6729449728260869,100,0.98632704209630884,1.1501359350752784,100,0.69999999999999996,86,0.85999999999999999,100
edd95d34ff7f,42547450fddf,"[""DEP_advcl_rate_baixo"", ""DEP_cc_rate_alto""]","[""DEP_nsubj:pass_rate_baixo""]","[""DEP_advcl_rate_baixo"", ""DEP_cc_rate_alto"", ""DEP_nsubj:pass_rate_baixo""]",581,756,3138,0.13449074074074074,0.17499999999999999,0.72638888888888886,0.76851851851851849,1.0579987253027405,0.17536975550860248,True,191,246,1060,0.13263888888888889,0.17083333333333334,0.73611111111111116,0.77642276422764223,1.0547630004601933,0.17130044843049327,True,199,248,1073,0.13819444444444445,0.17222222222222222,0.74513888888888891,0.80241935483870963,1.0768722003427231,0.17736185383244207,True,0.75301963601532573,0.85342866821525354,100,1.000977199191766,1.1264560854523167,100,0.79000000000000004,68,0.68000000000000005,100
e683ba1b00b8,d70f2208f412,"[""DEP_advcl_rate_baixo"", ""DEP_cc_rate_alto""]","[""DEP_ccomp_rate_baixo""]","[""DEP_advcl_rate_baixo"", ""DEP_cc_rate_alto"", ""DEP_ccomp_rate_baixo""]",486,756,2561,0.1125,0.17499999999999999,0.59282407407407411,0.6428571428571429,1.0843978356668711,0.17167078770752384,True,148,246,842,0.10277777777777777,0.17083333333333334,0.58472222222222225,0.60162601626016265,1.0289091014425584,0.1574468085106383,False,162,248,849,0.1125,0.17222222222222222,0.58958333333333335,0.65322580645161288,1.1079448307306508,0.17326203208556148,True,0.59446352714721895,0.71619812328349097,100,1.0183576295678756,1.1896554492577351,100,0.85999999999999999,90,0.90000000000000002,100
1d3766fa33f6,d70f2208f412,"[""DEP_cc_rate_alto"", ""DEP_ccomp_rate_baixo""]","[""DEP_advcl_rate_baixo""]","[""DEP_advcl_rate_baixo"", ""DEP_cc_rate_alto"", ""DEP_ccomp_rate_baixo""]",486,762,2534,0.1125,0.1763888888888889,0.58657407407407403,0.63779527559055116,1.0873226482048859,0.17295373665480426,True,148,221,857,0.10277777777777777,0.15347222222222223,0.59513888888888888,0.66968325791855199,1.1252554158724795,0.15913978494623657,True,162,259,833,0.1125,0.17986111111111111,0.57847222222222228,0.62548262548262545,1.0812664834273478,0.17419354838709677,True,0.55354406130268197,0.67512964563526356,100,0.98329591425192597,1.1584175724141401,100,0.68999999999999995,86,0.85999999999999999,100
6f556f18c487,b39adea23fd2,"[""DEP_acl:relcl_rate_baixo"", ""DEP_cc_rate_alto""]","[""DEP_advcl_rate_baixo""]","[""DEP_acl:relcl_rate_baixo"", ""DEP_advcl_rate_baixo"", ""DEP_cc_rate_alto""]",470,758,2534,0.10879629629629629,0.17546296296296296,0.58657407407407403,0.62005277044854878,1.0570749677733744,0.16654854712969525,True,162,245,857,0.1125,0.1701388888888889,0.59513888888888888,0.66122448979591841,1.1110423165765724,0.17234042553191489,True,160,267,833,0.1111111111111111,0.18541666666666667,0.57847222222222228,0.59925093632958804,1.0359199859719168,0.1702127659574468,False,0.53800885359620298,0.65882705795496488,100,0.95639354035493995,1.1228524350220923,100,0.26000000000000001,58,0.57999999999999996,100
a1921dec0b2c,172d20a9d702,"[""DEP_cc_rate_alto"", ""POS_NUM_rate_baixo""]","[""DEP_nsubj:pass_rate_baixo""]","[""DEP_cc_rate_alto"", ""DEP_nsubj:pass_rate_baixo"", ""POS_NUM_rate_baixo""]",434,550,3138,0.10046296296296296,0.12731481481481483,0.72638888888888886,0.78909090909090907,1.0863201807752476,0.13337430854333129,True,142,176,1060,0.098611111111111108,0.12222222222222222,0.73611111111111116,0.80681818181818177,1.0960548885077186,0.12979890310786105,True,146,188,1073,0.10138888888888889,0.13055555555555556,0.74513888888888891,0.77659574468085102,1.042216097241776,0.13094170403587443,False,0.71856186023000124,0.82614170435399481,100,0.94120776005091733,1.0955203033732521,100,0.33000000000000002,96,0.95999999999999996,100
21f648fc2081,84f977f3f5cb,"[""DEP_cc_rate_alto"", ""POS_NUM_rate_baixo""]","[""DEP_acl:relcl_rate_baixo""]","[""DEP_acl:relcl_rate_baixo"", ""DEP_cc_rate_alto"", ""POS_NUM_rate_baixo""]",355,550,2625,0.08217592592592593,0.12731481481481483,0.60763888888888884,0.6454545454545455,1.0622337662337662,0.12588652482269502,True,112,176,865,0.077777777777777779,0.12222222222222222,0.60069444444444442,0.63636363636363635,1.0593799264319494,0.12055974165769645,False,121,188,838,0.084027777777777785,0.13055555555555556,0.58194444444444449,0.6436170212765957,1.1059767430051288,0.13370165745856355,True,0.58605023231349174,0.71282142857142849,100,0.98973718303722147,1.2164271367083417,100,0.66000000000000003,43,0.42999999999999999,100
491dccd3eb92,fb356d050920,"[""DEP_cc_rate_alto"", ""uppercaseRatio_baixo""]","[""DEP_nsubj:pass_rate_baixo""]","[""DEP_cc_rate_alto"", ""DEP_nsubj:pass_rate_baixo"", ""uppercaseRatio_baixo""]",420,548,3138,0.097222222222222224,0.12685185185185185,0.72638888888888886,0.76642335766423353,1.0551143738398627,0.12859767299448868,True,140,178,1060,0.097222222222222224,0.12361111111111112,0.73611111111111116,0.7865168539325843,1.0684757260970956,0.12750455373406194,True,160,200,1073,0.1111111111111111,0.1388888888888889,0.74513888888888891,0.80000000000000004,1.0736253494874184,0.14375561545372867,True,0.74013856002806278,0.84987958115183249,100,0.98753090960064493,1.1327155276245811,100,0.69999999999999996,59,0.58999999999999997,100
c29bc69fa6e0,669e662a646e,"[""DEP_cc_rate_alto"", ""uppercaseRatio_baixo""]","[""DEP_ccomp_rate_baixo""]","[""DEP_cc_rate_alto"", ""DEP_ccomp_rate_baixo"", ""uppercaseRatio_baixo""]",364,548,2561,0.084259259259259256,0.12685185185185185,0.59282407407407411,0.66423357664233573,1.1204564822705547,0.13260473588342442,True,105,178,842,0.072916666666666671,0.12361111111111112,0.58472222222222225,0.5898876404494382,1.0088339694147161,0.11475409836065574,False,128,200,849,0.088888888888888892,0.1388888888888889,0.58958333333333335,0.64000000000000001,1.085512367491166,0.13897937024972856,True,0.57239348934893486,0.70033989374547201,100,0.97866457489036651,1.1650480803713543,100,0.80000000000000004,62,0.62,100
8131f369f117,f87d130e73e4,"[""DEP_acl:relcl_rate_baixo"", ""DEP_cc_rate_alto""]","[""DEP_ccomp_rate_baixo""]","[""DEP_acl:relcl_rate_baixo"", ""DEP_cc_rate_alto"", ""DEP_ccomp_rate_baixo""]",472,758,2561,0.10925925925925926,0.17546296296296296,0.59282407407407411,0.62269129287598945,1.0503812515518447,0.16578854935019319,True,137,245,842,0.095138888888888884,0.1701388888888889,0.58472222222222225,0.5591836734693878,0.95632362208541377,0.14421052631578948,False,164,267,849,0.11388888888888889,0.18541666666666667,0.58958333333333335,0.61423220973782766,1.0418072815341248,0.17226890756302521,False,0.55843109094813703,0.66880983823043905,100,0.94931003586386564,1.1205556411035249,100,0.34999999999999998,56,0.56000000000000005,100
0ba767ecfd96,8842437c709d,"[""DEP_cc_rate_alto"", ""POS_PRON_rate_baixo""]","[""DEP_acl:relcl_rate_baixo""]","[""DEP_acl:relcl_rate_baixo"", ""DEP_cc_rate_alto"", ""POS_PRON_rate_baixo""]",402,416,2625,0.093055555555555558,0.096296296296296297,0.60763888888888884,0.96634615384615385,1.5903296703296703,0.15233042819249715,True,121,128,865,0.084027777777777785,0.088888888888888892,0.60069444444444442,0.9453125,1.573699421965318,0.13876146788990826,True,163,168,838,0.11319444444444444,0.11666666666666667,0.58194444444444449,0.97023809523809523,1.6672349130583022,0.19335705812574139,True,0.94875687893081762,0.99403204534112788,100,1.6034958537189121,1.7453475643130814,100,1,97,0.96999999999999997,100
c69a66b335bd,8842437c709d,"[""DEP_acl:relcl_rate_baixo"", ""DEP_cc_rate_alto""]","[""POS_PRON_rate_baixo""]","[""DEP_acl:relcl_rate_baixo"", ""DEP_cc_rate_alto"", ""POS_PRON_rate_baixo""]",402,758,1448,0.093055555555555558,0.17546296296296296,0.3351851851851852,0.53034300791556732,1.5822388081458914,0.22283813747228381,True,121,245,434,0.084027777777777785,0.1701388888888889,0.30138888888888887,0.49387755102040815,1.6386720586852253,0.21684587813620071,False,163,267,457,0.11319444444444444,0.18541666666666667,0.31736111111111109,0.61048689138576784,1.9236348437538415,0.29055258467023171,True,0.56321428571428578,0.66298449612403088,100,1.7603099357280816,2.0764185720232278,100,1,91,0.91000000000000003,100
5bd8529f21bb,597bb4175343,"[""DEP_advmod_rate_baixo"", ""DEP_cc_rate_alto""]","[""POS_ADV_rate_baixo""]","[""DEP_advmod_rate_baixo"", ""DEP_cc_rate_alto"", ""POS_ADV_rate_baixo""]",349,400,1278,0.080787037037037032,0.092592592592592587,0.29583333333333334,0.87250000000000005,2.9492957746478874,0.26260346124905942,True,115,130,443,0.079861111111111105,0.090277777777777776,0.30763888888888891,0.88461538461538458,2.8754992186143427,0.25109170305676853,False,105,129,434,0.072916666666666671,0.089583333333333334,0.30138888888888887,0.81395348837209303,2.7006751687921979,0.22925764192139739,False,0.74328970588235299,0.87313324390789182,100,2.4553956280788176,2.9688652407455631,100,0.14999999999999999,50,0.5,100
bbab1ca070d0,597bb4175343,"[""DEP_cc_rate_alto"", ""POS_ADV_rate_baixo""]","[""DEP_advmod_rate_baixo""]","[""DEP_advmod_rate_baixo"", ""DEP_cc_rate_alto"", ""POS_ADV_rate_baixo""]",349,360,1409,0.080787037037037032,0.083333333333333329,0.3261574074074074,0.96944444444444444,2.9723207948899928,0.24577464788732395,True,115,122,487,0.079861111111111105,0.084722222222222227,0.33819444444444446,0.94262295081967218,2.7872218669000572,0.23279352226720648,False,105,110,479,0.072916666666666671,0.076388888888888895,0.33263888888888887,0.95454545454545459,2.8696147276523059,0.21694214876033058,False,0.91491137016927504,0.99029702970297029,100,2.6610711302912433,3.0692243852501289,100,0.14999999999999999,50,0.5,100
d59f1185d696,a33f9be1d445,"[""POS_PRON_rate_alto""]","[""DEP_nsubj:pass_rate_baixo""]","[""DEP_nsubj:pass_rate_baixo"", ""POS_PRON_rate_alto""]",908,1163,3138,0.2101851851851852,0.26921296296296299,0.72638888888888886,0.78073946689595874,1.0748229754590637,0.26760978485116416,True,317,406,1060,0.22013888888888888,0.28194444444444444,0.73611111111111116,0.78078817733990147,1.0606933729900547,0.27589208006962579,True,298,372,1073,0.20694444444444443,0.25833333333333336,0.74513888888888891,0.80107526881720426,1.0750683943119983,0.25980819529206628,True,0.76602715466351834,0.83653635367190349,100,1.0349362464778071,1.1082642561213336,100,0.90000000000000002,97,0.96999999999999997,100
3583c1292032,aaea6e78e590,"[""POS_PRON_rate_alto""]","[""uppercaseRatio_baixo""]","[""POS_PRON_rate_alto"", ""uppercaseRatio_baixo""]",631,1163,1882,0.14606481481481481,0.26921296296296299,0.43564814814814817,0.54256233877901983,1.2454140826383451,0.26139188069594033,True,209,406,645,0.1451388888888889,0.28194444444444444,0.44791666666666669,0.51477832512315269,1.1492725398098294,0.24821852731591448,True,202,372,629,0.14027777777777778,0.25833333333333336,0.43680555555555556,0.543010752688172,1.2431406738807118,0.25281602002503129,True,0.49965282915178288,0.58524873076723827,100,1.1521874015569726,1.3275778843136832,100,0.96999999999999997,100,1,100
7531d1f80584,216f31bc17ab,"[""DEP_ccomp_rate_baixo"", ""POS_PRON_rate_alto""]","[""DEP_nsubj:pass_rate_baixo""]","[""DEP_ccomp_rate_baixo"", ""DEP_nsubj:pass_rate_baixo"", ""POS_PRON_rate_alto""]",508,655,3138,0.1175925925925926,0.15162037037037038,0.72638888888888886,0.77557251908396951,1.0677097777064206,0.15464231354642313,True,178,223,1060,0.12361111111111112,0.15486111111111112,0.73611111111111116,0.7982062780269058,1.0843556984516456,0.16108597285067874,True,151,195,1073,0.10486111111111111,0.13541666666666666,0.74513888888888891,0.77435897435897438,1.0392142805935909,0.13518352730528199,False,0.7168094758064516,0.82676829268292673,100,0.97020333212975995,1.0904951443909432,100,0.37,80,0.80000000000000004,100
db47c4772dbd,32c989e5b0fb,"[""DEP_advcl_rate_baixo"", ""POS_PRON_rate_alto""]","[""DEP_nsubj:pass_rate_baixo""]","[""DEP_advcl_rate_baixo"", ""DEP_nsubj:pass_rate_baixo"", ""POS_PRON_rate_alto""]",497,638,3138,0.1150462962962963,0.1476851851851852,0.72638888888888886,0.77899686520376177,1.0724239826896911,0.15157060079292467,True,172,228,1060,0.11944444444444445,0.15833333333333333,0.73611111111111116,0.75438596491228072,1.0248262164846078,0.15412186379928317,False,154,189,1073,0.10694444444444444,0.13125000000000001,0.74513888888888891,0.81481481481481477,1.093507300403852,0.13898916967509026,True,0.76485638655707977,0.88134038738292397,100,1.0325466798409653,1.1590352865072731,100,0.89000000000000001,82,0.81999999999999995,100
1c26b6cfa30f,0f2200838e94,"[""POS_PRON_rate_alto"", ""uppercaseRatio_baixo""]","[""DEP_nsubj:pass_rate_baixo""]","[""DEP_nsubj:pass_rate_baixo"", ""POS_PRON_rate_alto"", ""uppercaseRatio_baixo""]",497,631,3138,0.1150462962962963,0.14606481481481481,0.72638888888888886,0.78763866877971478,1.0843209206910032,0.15189486552567238,True,160,209,1060,0.1111111111111111,0.1451388888888889,0.73611111111111116,0.76555023923444976,1.0399927778279316,0.14427412082957619,False,162,202,1073,0.1125,0.14027777777777778,0.74513888888888891,0.80198019801980203,1.0762828379762488,0.14555256064690028,True,0.7440932712674253,0.85189698219713417,100,1.0113267144818265,1.1354644943298891,100,0.78000000000000003,92,0.92000000000000004,100
00e06ef63dbc,0f2200838e94,"[""DEP_nsubj:pass_rate_baixo"", ""POS_PRON_rate_alto""]","[""uppercaseRatio_baixo""]","[""DEP_nsubj:pass_rate_baixo"", ""POS_PRON_rate_alto"", ""uppercaseRatio_baixo""]",497,908,1882,0.1150462962962963,0.2101851851851852,0.43564814814814817,0.54735682819383258,1.2564194993609761,0.21674662014827736,True,160,317,645,0.1111111111111111,0.22013888888888888,0.44791666666666669,0.50473186119873814,1.1268432250018341,0.19950124688279303,True,162,298,629,0.1125,0.20694444444444443,0.43680555555555556,0.5436241610738255,1.2445449792469137,0.21176470588235294,True,0.49977587942023621,0.58911208016329564,100,1.1521714436950727,1.3401980806888329,100,0.96999999999999997,100,1,100
eed415da02ef,38dff70680be,"[""DEP_ccomp_rate_baixo"", ""POS_PRON_rate_alto""]","[""uppercaseRatio_baixo""]","[""DEP_ccomp_rate_baixo"", ""POS_PRON_rate_alto"", ""uppercaseRatio_baixo""]",360,655,1882,0.083333333333333329,0.15162037037037038,0.43564814814814817,0.54961832061068705,1.2616105977886121,0.16536518144235185,True,112,223,645,0.077777777777777779,0.15486111111111112,0.44791666666666669,0.50224215246636772,1.1212848055063094,0.14814814814814814,False,111,195,629,0.077083333333333337,0.13541666666666666,0.43680555555555556,0.56923076923076921,1.3031674208144797,0.15568022440392706,False,0.51156597774244827,0.63166278812056742,100,1.1819302999634287,1.4348449944961694,100,0.27000000000000002,67,0.67000000000000004,100
e47d55b707fd,1c72fe1be928,"[""POS_NUM_rate_baixo"", ""POS_PRON_rate_alto""]","[""DEP_nsubj:pass_rate_baixo""]","[""DEP_nsubj:pass_rate_baixo"", ""POS_NUM_rate_baixo"", ""POS_PRON_rate_alto""]",436,557,3138,0.10092592592592593,0.12893518518518518,0.72638888888888886,0.78276481149012567,1.0776112127588728,0.13378336913163547,True,169,210,1060,0.11736111111111111,0.14583333333333334,0.73611111111111116,0.80476190476190479,1.0932614555256064,0.15349682107175294,True,137,174,1073,0.095138888888888884,0.12083333333333333,0.74513888888888891,0.78735632183908044,1.0566571327570138,0.12342342342342343,True,0.73262711864406771,0.84349963032665687,100,0.99057475396747785,1.111920345645613,100,0.5,90,0.90000000000000002,100
dcb32a5cb82c,2492450784f1,"[""POS_ADV_rate_alto"", ""POS_PRON_rate_alto""]","[""DEP_advmod_rate_alto""]","[""DEP_advmod_rate_alto"", ""POS_ADV_rate_alto"", ""POS_PRON_rate_alto""]",368,423,1166,0.085185185185185183,0.097916666666666666,0.26990740740740743,0.8699763593380615,3.2232400277362139,0.30139230139230139,True,121,135,383,0.084027777777777785,0.09375,0.26597222222222222,0.89629629629629626,3.369886858137511,0.30478589420654911,True,125,132,366,0.086805555555555552,0.09166666666666666,0.25416666666666665,0.94696969696969702,3.7257824143070044,0.33512064343163539,True,0.90613388429752073,0.98443533697632057,100,3.4054706110071855,4.026564287701631,100,0.82999999999999996,66,0.66000000000000003,100
1666765bee42,2492450784f1,"[""DEP_advmod_rate_alto"", ""POS_PRON_rate_alto""]","[""POS_ADV_rate_alto""]","[""DEP_advmod_rate_alto"", ""POS_ADV_rate_alto"", ""POS_PRON_rate_alto""]",368,425,1181,0.085185185185185183,0.098379629629629636,0.27337962962962964,0.86588235294117644,3.1673257956866068,0.2972536348949919,True,121,143,383,0.084027777777777785,0.09930555555555555,0.26597222222222222,0.84615384615384615,3.1813617192207269,0.29876543209876544,True,125,139,372,0.086805555555555552,0.096527777777777782,0.25833333333333336,0.89928057553956831,3.4810860988628454,0.32383419689119169,True,0.84726107226107228,0.94162404092071605,100,3.1196994381065419,3.7502918753389261,100,0.82999999999999996,66,0.66000000000000003,100
b02971c3f752,8b970151f163,"[""DEP_obj_rate_alto""]","[""DEP_nsubj:pass_rate_baixo""]","[""DEP_nsubj:pass_rate_baixo"", ""DEP_obj_rate_alto""]",975,1156,3138,0.22569444444444445,0.2675925925925926,0.72638888888888886,0.84342560553633217,1.1611212925165568,0.29376318168122928,True,321,382,1060,0.22291666666666668,0.26527777777777778,0.73611111111111116,0.84031413612565442,1.1415588264348513,0.28635147190008919,True,344,402,1073,0.2388888888888889,0.27916666666666667,0.74513888888888891,0.85572139303482586,1.1484052245760943,0.3041556145004421,True,0.80924023282476409,0.89098705908219988,100,1.0987072664608024,1.1927752196087416,100,1,100,1,100
f713b319fda7,a52fdbc9e888,"[""DEP_ccomp_rate_baixo"", ""DEP_obj_rate_alto""]","[""DEP_nsubj:pass_rate_baixo""]","[""DEP_ccomp_rate_baixo"", ""DEP_nsubj:pass_rate_baixo"", ""DEP_obj_rate_alto""]",572,675,3138,0.13240740740740742,0.15625,0.72638888888888886,0.84740740740740739,1.1666029318036966,0.17648873804381363,True,184,224,1060,0.12777777777777777,0.15555555555555556,0.73611111111111116,0.8214285714285714,1.1159029649595686,0.16727272727272727,True,199,237,1073,0.13819444444444445,0.16458333333333333,0.74513888888888891,0.83966244725738393,1.1268536104852125,0.17911791179117911,True,0.78497084178498988,0.89453580901856766,100,1.0563299389153671,1.2029548211759105,100,0.97999999999999998,100,1,100
8acb1b222939,70845cf833b9,"[""DEP_obj_rate_alto"", ""POS_NUM_rate_baixo""]","[""DEP_nsubj:pass_rate_baixo""]","[""DEP_nsubj:pass_rate_baixo"", ""DEP_obj_rate_alto"", ""POS_NUM_rate_baixo""]",459,532,3138,0.10625,0.12314814814814815,0.72638888888888886,0.86278195488721809,1.1877686568237036,0.14294612270320772,True,157,186,1060,0.10902777777777778,0.12916666666666668,0.73611111111111116,0.84408602150537637,1.1466828971393792,0.14416896235078053,True,170,199,1073,0.11805555555555555,0.13819444444444445,0.74513888888888891,0.85427135678391963,1.1464592299802836,0.15426497277676951,True,0.79773039726936568,0.90264879457559011,100,1.0751258701382542,1.210532377260757,100,1,100,1,100
0400b68a7df0,9fae0d3c0dae,"[""DEP_obj_rate_alto"", ""uppercaseRatio_baixo""]","[""DEP_nsubj:pass_rate_baixo""]","[""DEP_nsubj:pass_rate_baixo"", ""DEP_obj_rate_alto"", ""uppercaseRatio_baixo""]",455,526,3138,0.10532407407407407,0.12175925925925926,0.72638888888888886,0.86501901140684412,1.1908483522235713,0.14178871922717357,True,135,157,1060,0.09375,0.10902777777777778,0.73611111111111116,0.85987261146496818,1.1681288306693907,0.12476894639556377,True,151,176,1073,0.10486111111111111,0.12222222222222222,0.74513888888888891,0.85795454545454541,1.1514021858849446,0.13752276867030966,True,0.80448031415748678,0.90307355651105647,100,1.0869190382435416,1.2198614472842106,100,1,100,1,100
1c395eab0531,2d4bf07c2ecb,"[""DEP_advcl_rate_baixo"", ""DEP_obj_rate_alto""]","[""DEP_nsubj:pass_rate_baixo""]","[""DEP_advcl_rate_baixo"", ""DEP_nsubj:pass_rate_baixo"", ""DEP_obj_rate_alto""]",436,509,3138,0.10092592592592593,0.11782407407407407,0.72638888888888886,0.85658153241650292,1.1792327023707114,0.13578324509498599,True,161,190,1060,0.11180555555555556,0.13194444444444445,0.73611111111111116,0.84736842105263155,1.151142005958292,0.14784205693296604,True,155,176,1073,0.1076388888888889,0.12222222222222222,0.74513888888888891,0.88068181818181823,1.181902906040837,0.14168190127970751,True,0.82167368141660035,0.93400357267340539,100,1.115225598407265,1.2458344972306885,100,1,100,1,100
68658785b98d,c8aed971b2e1,"[""DEP_obj_rate_alto"", ""POS_PRON_rate_alto""]","[""DEP_nsubj:pass_rate_baixo""]","[""DEP_nsubj:pass_rate_baixo"", ""DEP_obj_rate_alto"", ""POS_PRON_rate_alto""]",355,421,3138,0.08217592592592593,0.097453703703703709,0.72638888888888886,0.84323040380047509,1.1608525635494111,0.11079900124843944,True,119,140,1060,0.082638888888888887,0.097222222222222224,0.73611111111111116,0.84999999999999998,1.1547169811320754,0.11008325624421832,True,136,157,1073,0.094444444444444442,0.10902777777777778,0.74513888888888891,0.86624203821656054,1.1625242637761857,0.12431444241316271,True,0.81754167488656537,0.91898148148148151,100,1.1007766985388296,1.2237917230263899,100,0.96999999999999997,51,0.51000000000000001,100
80322b464683,57c51809180a,"[""DEP_acl:relcl_rate_baixo"", ""DEP_obj_rate_alto""]","[""DEP_nsubj:pass_rate_baixo""]","[""DEP_acl:relcl_rate_baixo"", ""DEP_nsubj:pass_rate_baixo"", ""DEP_obj_rate_alto""]",520,604,3138,0.12037037037037036,0.13981481481481481,0.72638888888888886,0.86092715231788075,1.1852152001316907,0.16139044072004965,True,162,194,1060,0.1125,0.13472222222222222,0.73611111111111116,0.83505154639175261,1.1344096479284187,0.14835164835164835,True,166,196,1073,0.11527777777777778,0.1361111111111111,0.74513888888888891,0.84693877551020413,1.1366186735644863,0.15049864007252947,True,0.7870146125633114,0.89790866410584713,100,1.0671016387143564,1.212171528263658,100,0.98999999999999999,100,1,100
3bc8894bcdc6,9a8794d557b6,"[""DEP_advcl_rate_alto"", ""DEP_obj_rate_alto""]","[""DEP_nsubj:pass_rate_baixo""]","[""DEP_advcl_rate_alto"", ""DEP_nsubj:pass_rate_baixo"", ""DEP_obj_rate_alto""]",436,526,3138,0.10092592592592593,0.12175925925925926,0.72638888888888886,0.82889733840304181,1.1411206188340155,0.13506815365551425,True,128,158,1060,0.088888888888888892,0.10972222222222222,0.73611111111111116,0.810126582278481,1.10054931932171,0.11743119266055047,True,146,178,1073,0.10138888888888889,0.12361111111111112,0.74513888888888891,0.8202247191011236,1.1007675633789542,0.13212669683257919,True,0.75830284627204214,0.87242600422832983,100,1.0189561648518521,1.1784000575357396,100,0.90000000000000002,99,0.98999999999999999,100
6c46cc8fbadd,b97ffc0e300d,"[""DEP_advmod_rate_baixo"", ""DEP_obj_rate_alto""]","[""POS_ADV_rate_baixo""]","[""DEP_advmod_rate_baixo"", ""DEP_obj_rate_alto"", ""POS_ADV_rate_baixo""]",351,402,1278,0.081250000000000003,0.093055555555555558,0.29583333333333334,0.87313432835820892,2.9514399831826781,0.26410835214446954,True,111,133,443,0.077083333333333337,0.092361111111111116,0.30763888888888891,0.83458646616541354,2.712877000627981,0.23870967741935484,False,119,133,434,0.082638888888888887,0.092361111111111116,0.30138888888888887,0.89473684210526316,2.9687121028377397,0.265625,True,0.85352388958946335,0.94458910129641838,100,2.7392994069724588,3.2152431372549017,100,0.57999999999999996,71,0.70999999999999996,100
9a294293e096,b97ffc0e300d,"[""DEP_obj_rate_alto"", ""POS_ADV_rate_baixo""]","[""DEP_advmod_rate_baixo""]","[""DEP_advmod_rate_baixo"", ""DEP_obj_rate_alto"", ""POS_ADV_rate_baixo""]",351,364,1409,0.081250000000000003,0.084259259259259256,0.3261574074074074,0.9642857142857143,2.9565041062557031,0.24683544303797469,True,111,115,487,0.077083333333333337,0.079861111111111105,0.33819444444444446,0.9652173913043478,2.8540308900990983,0.22606924643584522,False,119,124,479,0.082638888888888887,0.08611111111111111,0.33263888888888887,0.95967741935483875,2.8850427638224798,0.24586776859504134,True,0.92073839955543202,0.98862327188940091,100,2.6828870837931347,3.1163067928462218,100,0.57999999999999996,71,0.70999999999999996,100
529a66f062f3,a542320d1644,"[""DEP_amod_rate_alto""]","[""DEP_nsubj:pass_rate_baixo""]","[""DEP_amod_rate_alto"", ""DEP_nsubj:pass_rate_baixo""]",894,1152,3138,0.20694444444444443,0.26666666666666666,0.72638888888888886,0.77604166666666663,1.0683556405353729,0.26325088339222613,True,279,374,1060,0.19375000000000001,0.25972222222222224,0.73611111111111116,0.74598930481283421,1.0134194329532842,0.24155844155844156,False,304,377,1073,0.21111111111111111,0.26180555555555557,0.74513888888888891,0.80636604774535814,1.082168787281748,0.26527050610820246,True,0.76401145895591605,0.84290859413810226,100,1.033999793142967,1.1242518028837021,100,0.85999999999999999,91,0.91000000000000003,100
7d817c58a054,757b92cfcc31,"[""DEP_amod_rate_alto""]","[""DEP_ccomp_rate_baixo""]","[""DEP_amod_rate_alto"", ""DEP_ccomp_rate_baixo""]",765,1152,2561,0.17708333333333334,0.26666666666666666,0.59282407407407411,0.6640625,1.1201679031628271,0.25949796472184533,True,243,374,842,0.16875000000000001,0.25972222222222224,0.58472222222222225,0.64973262032085566,1.1111816784584705,0.24974306269270299,True,251,377,849,0.17430555555555555,0.26180555555555557,0.58958333333333335,0.66578249336870021,1.129242391579421,0.25743589743589745,True,0.62100806451612911,0.7177116137543621,100,1.0620778319654651,1.2010095557516023,100,1,100,1,100
cf014d4cf764,41f10c8d976d,"[""DEP_amod_rate_alto""]","[""uppercaseRatio_baixo""]","[""DEP_amod_rate_alto"", ""uppercaseRatio_baixo""]",600,1152,1882,0.1388888888888889,0.26666666666666666,0.43564814814814817,0.52083333333333337,1.1955366631243358,0.24650780608052589,True,192,374,645,0.13333333333333333,0.25972222222222224,0.44791666666666669,0.5133689839572193,1.1461261037184429,0.23216444981862153,True,190,377,629,0.13194444444444445,0.26180555555555557,0.43680555555555556,0.50397877984084882,1.1537828982048048,0.23284313725490197,True,0.46047130409296022,0.54637113637977697,100,1.067187599360395,1.2262775380760682,100,0.54000000000000004,92,0.92000000000000004,100
2308985aa1d7,b22ae0bd63b7,"[""DEP_amod_rate_alto"", ""DEP_nsubj:pass_rate_baixo""]","[""DEP_ccomp_rate_baixo""]","[""DEP_amod_rate_alto"", ""DEP_ccomp_rate_baixo"", ""DEP_nsubj:pass_rate_baixo""]",602,894,2561,0.13935185185185187,0.20694444444444443,0.59282407407407411,0.67337807606263977,1.1358817995277641,0.21100595864002805,True,182,279,842,0.12638888888888888,0.19375000000000001,0.58472222222222225,0.6523297491039427,1.1156233238832274,0.19382321618743345,True,197,304,849,0.13680555555555557,0.21111111111111111,0.58958333333333335,0.64802631578947367,1.0991259066393899,0.20606694560669456,True,0.59678786137841888,0.70419001436781614,100,1.0273279852601078,1.1705966717641627,100,0.87,100,1,100
e3e132130661,b22ae0bd63b7,"[""DEP_amod_rate_alto"", ""DEP_ccomp_rate_baixo""]","[""DEP_nsubj:pass_rate_baixo""]","[""DEP_amod_rate_alto"", ""DEP_ccomp_rate_baixo"", ""DEP_nsubj:pass_rate_baixo""]",602,765,3138,0.13935185185185187,0.17708333333333334,0.72638888888888886,0.78692810457516338,1.0833427061072995,0.18236897909724326,True,182,243,1060,0.12638888888888888,0.16875000000000001,0.73611111111111116,0.74897119341563789,1.0174703004891683,0.1623550401427297,False,197,251,1073,0.13680555555555557,0.17430555555555555,0.74513888888888891,0.78486055776892427,1.0533077382919394,0.17480035492457852,True,0.73857556785843637,0.83240372882317892,100,0.99781894993181852,1.104347144333498,100,0.55000000000000004,97,0.96999999999999997,100
6064d0854029,b22ae0bd63b7,"[""DEP_amod_rate_alto""]","[""DEP_ccomp_rate_baixo"", ""DEP_nsubj:pass_rate_baixo""]","[""DEP_amod_rate_alto"", ""DEP_ccomp_rate_baixo"", ""DEP_nsubj:pass_rate_baixo""]",602,1152,1823,0.13935185185185187,0.26666666666666666,0.42199074074074072,0.52256944444444442,1.2383433900164564,0.25368731563421831,True,182,374,612,0.12638888888888888,0.25972222222222224,0.42499999999999999,0.48663101604278075,1.1450141553947781,0.2263681592039801,False,197,377,621,0.13680555555555557,0.26180555555555557,0.43125000000000002,0.52254641909814326,1.2117018413869989,0.2459425717852684,True,0.4765368458916846,0.58138337468982637,100,1.1202560664298857,1.3095706296570657,100,0.84999999999999998,92,0.92000000000000004,100
22fc7719e38d,d6e283efd45b,"[""DEP_advcl_rate_baixo"", ""DEP_amod_rate_alto""]","[""DEP_nsubj:pass_rate_baixo""]","[""DEP_advcl_rate_baixo"", ""DEP_amod_rate_alto"", ""DEP_nsubj:pass_rate_baixo""]",539,698,3138,0.12476851851851851,0.16157407407407406,0.72638888888888886,0.77220630372492838,1.06307559977428,0.16348195329087048,True,186,245,1060,0.12916666666666668,0.1701388888888889,0.73611111111111116,0.75918367346938775,1.0313438582980361,0.16621983914209115,False,182,222,1073,0.12638888888888888,0.15416666666666667,0.74513888888888891,0.81981981981981977,1.1002241757134581,0.16352201257861634,True,0.76452276532031782,0.8691679166337728,100,1.027363202238847,1.1626417444111126,100,0.90000000000000002,72,0.71999999999999997,100
70cb1095ce1a,77f301ed9e03,"[""DEP_advcl_rate_baixo"", ""DEP_amod_rate_alto""]","[""DEP_ccomp_rate_baixo""]","[""DEP_advcl_rate_baixo"", ""DEP_amod_rate_alto"", ""DEP_ccomp_rate_baixo""]",460,698,2561,0.10648148148148148,0.16157407407407406,0.59282407407407411,0.65902578796561606,1.1116717704066619,0.16434440871739908,True,156,245,842,0.10833333333333334,0.1701388888888889,0.58472222222222225,0.63673469387755099,1.0889524455863104,0.16756176154672395,True,147,222,849,0.10208333333333333,0.15416666666666667,0.58958333333333335,0.66216216216216217,1.1231019004870595,0.15909090909090909,True,0.60916189484643413,0.72852022695772689,100,1.0385794725239001,1.2373958245599967,100,0.95999999999999996,97,0.96999999999999997,100
836dca4c2c49,b4d2bedee8a2,"[""DEP_advcl_rate_baixo"", ""DEP_amod_rate_alto""]","[""DEP_acl:relcl_rate_baixo""]","[""DEP_acl:relcl_rate_baixo"", ""DEP_advcl_rate_baixo"", ""DEP_amod_rate_alto""]",447,698,2625,0.10347222222222222,0.16157407407407406,0.60763888888888884,0.64040114613180521,1.0539173147769136,0.15542420027816412,True,150,245,865,0.10416666666666667,0.1701388888888889,0.60069444444444442,0.61224489795918369,1.0192285006488144,0.15625,False,117,222,838,0.081250000000000003,0.15416666666666667,0.58194444444444449,0.52702702702702697,0.90563116816100109,0.12407211028632026,False,0.45615017225180082,0.58809753671523024,100,0.8088369739070902,1.0129582199340117,100,0,55,0.55000000000000004,100
950c6a3e0618,326661bf75df,"[""DEP_amod_rate_alto"", ""uppercaseRatio_baixo""]","[""DEP_nsubj:pass_rate_baixo""]","[""DEP_amod_rate_alto"", ""DEP_nsubj:pass_rate_baixo"", ""uppercaseRatio_baixo""]",459,600,3138,0.10625,0.1388888888888889,0.72638888888888886,0.76500000000000001,1.0531548757170173,0.13998170173833485,True,144,192,1060,0.10000000000000001,0.13333333333333333,0.73611111111111116,0.75,1.0188679245283019,0.1299638989169675,False,155,190,1073,0.1076388888888889,0.13194444444444445,0.74513888888888891,0.81578947368421051,1.0948153234904596,0.13989169675090252,True,0.75504846938775505,0.86539054005074301,100,1.0222441213233766,1.1621586063973073,100,0.89000000000000001,63,0.63,100
a0c0af010242,326661bf75df,"[""DEP_amod_rate_alto"", ""DEP_nsubj:pass_rate_baixo""]","[""uppercaseRatio_baixo""]","[""DEP_amod_rate_alto"", ""DEP_nsubj:pass_rate_baixo"", ""uppercaseRatio_baixo""]",459,894,1882,0.10625,0.20694444444444443,0.43564814814814817,0.51342281879194629,1.1785263428167949,0.19810099266292619,True,144,279,645,0.10000000000000001,0.19375000000000001,0.44791666666666669,0.5161290322580645,1.1522880720180044,0.18461538461538463,True,155,304,629,0.1076388888888889,0.21111111111111111,0.43680555555555556,0.50986842105263153,1.1672663375449752,0.19922879177377892,True,0.45180292302775527,0.55789289962248534,100,1.0523881901932888,1.2660444929014285,100,0.65000000000000002,73,0.72999999999999998,100
a4a0ab32082c,db9a969f6c8b,"[""DEP_amod_rate_alto"", ""uppercaseRatio_baixo""]","[""DEP_ccomp_rate_baixo""]","[""DEP_amod_rate_alto"", ""DEP_ccomp_rate_baixo"", ""uppercaseRatio_baixo""]",407,600,2561,0.094212962962962957,0.1388888888888889,0.59282407407407411,0.67833333333333334,1.1442405310425614,0.14778503994190267,True,127,192,842,0.08819444444444445,0.13333333333333333,0.58472222222222225,0.66145833333333337,1.1312351543942993,0.14002205071664828,True,131,190,849,0.090972222222222218,0.13194444444444445,0.58958333333333335,0.68947368421052635,1.1694253301097266,0.14427312775330398,True,0.63267336751214243,0.75453008021390378,100,1.0762294658768445,1.2604678834199783,100,0.93999999999999995,99,0.98999999999999999,100
a8f9652488ca,db9a969f6c8b,"[""DEP_amod_rate_alto"", ""DEP_ccomp_rate_baixo""]","[""uppercaseRatio_baixo""]","[""DEP_amod_rate_alto"", ""DEP_ccomp_rate_baixo"", ""uppercaseRatio_baixo""]",407,765,1882,0.094212962962962957,0.17708333333333334,0.43564814814814817,0.53202614379084967,1.2212289804338314,0.18169642857142856,True,127,243,645,0.08819444444444445,0.16875000000000001,0.44791666666666669,0.52263374485596703,1.166810221073787,0.16688567674113008,True,131,251,629,0.090972222222222218,0.17430555555555555,0.43680555555555556,0.52191235059760954,1.1948390856288678,0.17489986648865152,True,0.47185306221253936,0.57208623287179849,100,1.0711901646479856,1.2973077887543036,100,0.70999999999999996,98,0.97999999999999998,100
e7885bcb6024,33e3e1cab994,"[""DEP_advcl_rate_baixo"", ""DEP_amod_rate_alto""]","[""uppercaseRatio_baixo""]","[""DEP_advcl_rate_baixo"", ""DEP_amod_rate_alto"", ""uppercaseRatio_baixo""]",354,698,1882,0.081944444444444445,0.16157407407407406,0.43564814814814817,0.50716332378223494,1.1641581077254277,0.15902964959568733,True,133,245,645,0.092361111111111116,0.1701388888888889,0.44791666666666669,0.54285714285714282,1.2119601328903655,0.17569352708058125,True,121,222,629,0.084027777777777785,0.15416666666666667,0.43680555555555556,0.54504504504504503,1.2477978773686247,0.16575342465753426,True,0.49642533936651584,0.60020624724478855,100,1.1404657855519524,1.3653451023304992,100,0.73999999999999999,33,0.33000000000000002,100
cb0740a7171a,4454be5e3911,"[""DEP_amod_rate_alto"", ""POS_NUM_rate_baixo""]","[""DEP_nsubj:pass_rate_baixo""]","[""DEP_amod_rate_alto"", ""DEP_nsubj:pass_rate_baixo"", ""POS_NUM_rate_baixo""]",396,491,3138,0.09166666666666666,0.1136574074074074,0.72638888888888886,0.80651731160896134,1.1103106393087039,0.12248685431487782,True,123,159,1060,0.085416666666666669,0.11041666666666666,0.73611111111111116,0.77358490566037741,1.0509077963688145,0.11222627737226278,True,127,161,1073,0.08819444444444445,0.11180555555555556,0.74513888888888891,0.78881987577639756,1.058621268516321,0.11472448057813911,True,0.72104831560283689,0.83911880630630631,100,0.96091606461093437,1.123632696750982,100,0.55000000000000004,99,0.98999999999999999,100
8cbe4cc9ca76,239b58fe1c6b,"[""DEP_acl:relcl_rate_baixo"", ""DEP_amod_rate_alto""]","[""DEP_ccomp_rate_baixo""]","[""DEP_acl:relcl_rate_baixo"", ""DEP_amod_rate_alto"", ""DEP_ccomp_rate_baixo""]",469,727,2561,0.10856481481481481,0.16828703703703704,0.59282407407407411,0.64511691884456668,1.0882097186288668,0.16637105356509402,True,132,225,842,0.09166666666666666,0.15625,0.58472222222222225,0.58666666666666667,1.0033254156769595,0.14117647058823529,False,143,221,849,0.09930555555555555,0.15347222222222223,0.58958333333333335,0.6470588235294118,1.0974849303679068,0.15426105717367852,True,0.58836862705740667,0.71452898550724631,100,1.0094344258267407,1.192640151036279,100,0.83999999999999997,89,0.89000000000000001,100
64981ae63e00,2473b1cbad54,"[""DEP_amod_rate_alto"", ""POS_PRON_rate_baixo""]","[""DEP_acl:relcl_rate_baixo""]","[""DEP_acl:relcl_rate_baixo"", ""DEP_amod_rate_alto"", ""POS_PRON_rate_baixo""]",416,432,2625,0.096296296296296297,0.10000000000000001,0.60763888888888884,0.96296296296296291,1.5847619047619048,0.15751609238924649,True,112,121,865,0.077777777777777779,0.084027777777777785,0.60069444444444442,0.92561983471074383,1.5409162566282903,0.12814645308924486,False,124,129,838,0.08611111111111111,0.089583333333333334,0.58194444444444449,0.96124031007751942,1.6517733251928735,0.14709371293001186,True,0.93154493407355998,0.9923711520522388,100,1.5738313790577669,1.7275813229664376,100,0.81999999999999995,100,1,100
bbe64cb8bb06,2473b1cbad54,"[""DEP_acl:relcl_rate_baixo"", ""DEP_amod_rate_alto""]","[""POS_PRON_rate_baixo""]","[""DEP_acl:relcl_rate_baixo"", ""DEP_amod_rate_alto"", ""POS_PRON_rate_baixo""]",416,727,1448,0.096296296296296297,0.16828703703703704,0.3351851851851852,0.57221458046767537,1.7071595218372635,0.23649801023308697,True,112,225,434,0.077777777777777779,0.15625,0.30138888888888887,0.49777777777777776,1.6516129032258065,0.20475319926873858,False,124,221,457,0.08611111111111111,0.15347222222222223,0.31736111111111109,0.56108597285067874,1.767973306137806,0.22382671480144403,True,0.51454797979797984,0.63247325331697213,100,1.634653823638976,1.9338176118369139,100,0.81999999999999995,100,1,100
0826cec8c126,8c3cebc0601d,"[""POS_AUX_rate_baixo""]","[""DEP_nsubj:pass_rate_baixo""]","[""DEP_nsubj:pass_rate_baixo"", ""POS_AUX_rate_baixo""]",1140,1143,3138,0.2638888888888889,0.26458333333333334,0.72638888888888886,0.99737532808398954,1.3730597250869454,0.3629417382999045,True,368,369,1060,0.25555555555555554,0.25624999999999998,0.73611111111111116,0.99728997289972898,1.3548090197883111,0.34684260131950989,True,387,387,1073,0.26874999999999999,0.26874999999999999,0.74513888888888891,1,1.342031686859273,0.36067101584342964,True,1,1,100,1.2990237407753431,1.3820954907161804,100,1,100,1,100
d19b1555fec2,58280cb295d0,"[""POS_AUX_rate_baixo""]","[""DEP_ccomp_rate_baixo""]","[""DEP_ccomp_rate_baixo"", ""POS_AUX_rate_baixo""]",754,1143,2561,0.17453703703703705,0.26458333333333334,0.59282407407407411,0.65966754155730534,1.1127543067268875,0.25559322033898307,True,241,369,842,0.1673611111111111,0.25624999999999998,0.58472222222222225,0.65311653116531165,1.1169688894038583,0.24845360824742269,True,255,387,849,0.17708333333333334,0.26874999999999999,0.58958333333333335,0.65891472868217049,1.1175938861040349,0.25993883792048927,True,0.6130988418004738,0.7088899613899613,100,1.0461836770746524,1.1916580397822281,100,0.95999999999999996,100,1,100
a2016160802d,fe4b7736d47b,"[""POS_AUX_rate_baixo""]","[""DEP_acl:relcl_rate_baixo""]","[""DEP_acl:relcl_rate_baixo"", ""POS_AUX_rate_baixo""]",735,1143,2625,0.1701388888888889,0.26458333333333334,0.60763888888888884,0.64304461942257218,1.0582677165354331,0.24233432245301681,True,233,369,865,0.16180555555555556,0.25624999999999998,0.60069444444444442,0.63143631436314362,1.051177216974482,0.23276723276723277,True,235,387,838,0.16319444444444445,0.26874999999999999,0.58194444444444449,0.60723514211886309,1.0434589554309819,0.23737373737373738,False,0.56311844169853875,0.64729897660818714,100,0.97689206834312825,1.120268368936455,100,0.52000000000000002,73,0.72999999999999998,100
a0629c649208,d20873417a73,"[""DEP_nsubj:pass_rate_baixo"", ""POS_AUX_rate_baixo""]","[""DEP_ccomp_rate_baixo""]","[""DEP_ccomp_rate_baixo"", ""DEP_nsubj:pass_rate_baixo"", ""POS_AUX_rate_baixo""]",753,1140,2561,0.17430555555555555,0.2638888888888889,0.59282407407407411,0.66052631578947374,1.1142029223781829,0.25542740841248301,True,240,368,842,0.16666666666666666,0.25555555555555554,0.58472222222222225,0.65217391304347827,1.115356810905711,0.24742268041237114,True,255,387,849,0.17708333333333334,0.26874999999999999,0.58958333333333335,0.65891472868217049,1.1175938861040349,0.25993883792048927,True,0.6130988418004738,0.7088899613899613,100,1.0461836770746524,1.1916580397822281,100,0.95999999999999996,100,1,100
080baf24c2f3,d20873417a73,"[""DEP_ccomp_rate_baixo"", ""POS_AUX_rate_baixo""]","[""DEP_nsubj:pass_rate_baixo""]","[""DEP_ccomp_rate_baixo"", ""DEP_nsubj:pass_rate_baixo"", ""POS_AUX_rate_baixo""]",753,754,3138,0.17430555555555555,0.17453703703703705,0.72638888888888886,0.99867374005305043,1.3748472138397634,0.23988531379420197,True,240,241,1060,0.16666666666666666,0.1673611111111111,0.73611111111111116,0.99585062240663902,1.3528536757222265,0.22620169651272384,True,255,255,1073,0.17708333333333334,0.17708333333333334,0.74513888888888891,1,1.342031686859273,0.23765144454799628,True,1,1,100,1.2990237407753431,1.3820954907161804,100,1,100,1,100
4e0b8fb7736b,d20873417a73,"[""POS_AUX_rate_baixo""]","[""DEP_ccomp_rate_baixo"", ""DEP_nsubj:pass_rate_baixo""]","[""DEP_ccomp_rate_baixo"", ""DEP_nsubj:pass_rate_baixo"", ""POS_AUX_rate_baixo""]",753,1143,1823,0.17430555555555555,0.26458333333333334,0.42199074074074072,0.65879265091863515,1.5611542797413624,0.34026208766380478,True,240,369,612,0.16666666666666666,0.25624999999999998,0.42499999999999999,0.65040650406504064,1.5303682448589191,0.32388663967611336,True,255,387,621,0.17708333333333334,0.26874999999999999,0.43125000000000002,0.65891472868217049,1.5279182114369172,0.3386454183266932,True,0.6130988418004738,0.7088899613899613,100,1.4240680258962219,1.6276902285839832,100,1,100,1,100
c4012572894f,485aa86b5fa0,"[""DEP_advcl_rate_baixo"", ""POS_AUX_rate_baixo""]","[""DEP_nsubj:pass_rate_baixo""]","[""DEP_advcl_rate_baixo"", ""DEP_nsubj:pass_rate_baixo"", ""POS_AUX_rate_baixo""]",689,692,3138,0.15949074074074074,0.16018518518518518,0.72638888888888886,0.99566473988439308,1.3707048044297572,0.21935689270932823,True,239,240,1060,0.16597222222222222,0.16666666666666666,0.73611111111111116,0.99583333333333335,1.3528301886792453,0.22525918944392084,True,240,240,1073,0.16666666666666666,0.16666666666666666,0.74513888888888891,1,1.342031686859273,0.22367194780987884,True,1,1,100,1.2990237407753431,1.3820954907161804,100,1,100,1,100
f3bbacfe84d7,485aa86b5fa0,"[""POS_AUX_rate_baixo""]","[""DEP_advcl_rate_baixo"", ""DEP_nsubj:pass_rate_baixo""]","[""DEP_advcl_rate_baixo"", ""DEP_nsubj:pass_rate_baixo"", ""POS_AUX_rate_baixo""]",689,1143,1844,0.15949074074074074,0.26458333333333334,0.42685185185185187,0.60279965004374458,1.4121987463063863,0.2998259355961706,True,239,369,631,0.16597222222222222,0.25624999999999998,0.43819444444444444,0.64769647696476962,1.4781028951335473,0.31406044678055189,True,240,387,636,0.16666666666666666,0.26874999999999999,0.44166666666666665,0.62015503875968991,1.4041246160596752,0.3065134099616858,True,0.57291623488773746,0.67081831290555161,100,1.3203847854421924,1.511405745261124,100,1,100,1,100
a0ba3fdb6f90,686de1b9ed5b,"[""DEP_advcl_rate_baixo"", ""POS_AUX_rate_baixo""]","[""DEP_ccomp_rate_baixo""]","[""DEP_advcl_rate_baixo"", ""DEP_ccomp_rate_baixo"", ""POS_AUX_rate_baixo""]",461,692,2561,0.10671296296296297,0.16018518518518518,0.59282407407407411,0.66618497109826591,1.1237481745976214,0.16511461318051576,True,156,240,842,0.10833333333333334,0.16666666666666666,0.58472222222222225,0.65000000000000002,1.1116389548693586,0.16846652267818574,True,157,240,849,0.10902777777777778,0.16666666666666666,0.58958333333333335,0.65416666666666667,1.1095406360424027,0.16845493562231759,True,0.59619909502262447,0.71223385832513031,100,1.0184589880826829,1.1871739881734034,100,0.94999999999999996,99,0.98999999999999999,100
d0ab1458a217,0d81ddea9126,"[""POS_AUX_rate_baixo"", ""uppercaseRatio_baixo""]","[""DEP_nsubj:pass_rate_baixo""]","[""DEP_nsubj:pass_rate_baixo"", ""POS_AUX_rate_baixo"", ""uppercaseRatio_baixo""]",459,460,3138,0.10625,0.10648148148148148,0.72638888888888886,0.99782608695652175,1.3736802726743702,0.14622491239248167,True,159,160,1060,0.11041666666666666,0.1111111111111111,0.73611111111111116,0.99375000000000002,1.3500000000000001,0.14985862393967955,True,149,149,1073,0.10347222222222222,0.10347222222222222,0.74513888888888891,1,1.342031686859273,0.13886300093196646,True,1,1,100,1.2990237407753431,1.3820954907161804,100,1,100,1,100
be9fe34f466e,9d0c535dd064,"[""DEP_obj_rate_alto"", ""POS_AUX_rate_baixo""]","[""DEP_nsubj:pass_rate_baixo""]","[""DEP_nsubj:pass_rate_baixo"", ""DEP_obj_rate_alto"", ""POS_AUX_rate_baixo""]",432,432,3138,0.10000000000000001,0.10000000000000001,0.72638888888888886,1,1.3766730401529637,0.13766730401529637,True,139,139,1060,0.096527777777777782,0.096527777777777782,0.73611111111111116,1,1.3584905660377358,0.13113207547169811,True,138,138,1073,0.09583333333333334,0.09583333333333334,0.74513888888888891,1,1.342031686859273,0.12861136999068035,True,1,1,100,1.2990237407753431,1.3820954907161804,100,0.97999999999999998,100,1,100
2323e38bacf3,c3f1aca4313c,"[""POS_AUX_rate_baixo"", ""POS_NUM_rate_baixo""]","[""DEP_nsubj:pass_rate_baixo""]","[""DEP_nsubj:pass_rate_baixo"", ""POS_AUX_rate_baixo"", ""POS_NUM_rate_baixo""]",422,423,3138,0.09768518518518518,0.097916666666666666,0.72638888888888886,0.99763593380614657,1.3734184939587486,0.13443771901879578,True,147,147,1060,0.10208333333333333,0.10208333333333333,0.73611111111111116,1,1.3584905660377358,0.13867924528301886,True,149,149,1073,0.10347222222222222,0.10347222222222222,0.74513888888888891,1,1.342031686859273,0.13886300093196646,True,1,1,100,1.2990237407753431,1.3820954907161804,100,1,100,1,100
7329af68ba88,fea35cce2088,"[""DEP_cc_rate_alto"", ""POS_AUX_rate_baixo""]","[""DEP_nsubj:pass_rate_baixo""]","[""DEP_cc_rate_alto"", ""DEP_nsubj:pass_rate_baixo"", ""POS_AUX_rate_baixo""]",349,350,3138,0.080787037037037032,0.081018518518518517,0.72638888888888886,0.99714285714285711,1.3727396886096694,0.11118190506530742,True,102,102,1060,0.070833333333333331,0.070833333333333331,0.73611111111111116,1,1.3584905660377358,0.096226415094339629,False,117,117,1073,0.081250000000000003,0.081250000000000003,0.74513888888888891,1,1.342031686859273,0.10904007455731593,True,1,1,100,1.2990237407753431,1.3820954907161804,100,0.54000000000000004,33,0.33000000000000002,100
d52d251baa5e,c15966caba21,"[""DEP_nsubj:pass_rate_baixo"", ""POS_AUX_rate_baixo""]","[""DEP_acl:relcl_rate_baixo""]","[""DEP_acl:relcl_rate_baixo"", ""DEP_nsubj:pass_rate_baixo"", ""POS_AUX_rate_baixo""]",733,1140,2625,0.16967592592592592,0.2638888888888889,0.60763888888888884,0.64298245614035088,1.0581654135338345,0.24175461741424803,True,233,368,865,0.16180555555555556,0.25555555555555554,0.60069444444444442,0.63315217391304346,1.0540336768032168,0.23300000000000001,True,235,387,838,0.16319444444444445,0.26874999999999999,0.58194444444444449,0.60723514211886309,1.0434589554309819,0.23737373737373738,False,0.56311844169853875,0.64729897660818714,100,0.97689206834312825,1.120268368936455,100,0.52000000000000002,72,0.71999999999999997,100
0a370e92efe8,c15966caba21,"[""DEP_acl:relcl_rate_baixo"", ""POS_AUX_rate_baixo""]","[""DEP_nsubj:pass_rate_baixo""]","[""DEP_acl:relcl_rate_baixo"", ""DEP_nsubj:pass_rate_baixo"", ""POS_AUX_rate_baixo""]",733,735,3138,0.16967592592592592,0.1701388888888889,0.72638888888888886,0.99727891156462589,1.372926991064112,0.23343949044585988,True,233,233,1060,0.16180555555555556,0.16180555555555556,0.73611111111111116,1,1.3584905660377358,0.21981132075471699,True,235,235,1073,0.16319444444444445,0.16319444444444445,0.74513888888888891,1,1.342031686859273,0.2190121155638397,True,1,1,100,1.2990237407753431,1.3820954907161804,100,1,100,1,100
0f33a692eec5,c15966caba21,"[""POS_AUX_rate_baixo""]","[""DEP_acl:relcl_rate_baixo"", ""DEP_nsubj:pass_rate_baixo""]","[""DEP_acl:relcl_rate_baixo"", ""DEP_nsubj:pass_rate_baixo"", ""POS_AUX_rate_baixo""]",733,1143,1901,0.16967592592592592,0.26458333333333334,0.44004629629629627,0.6412948381452318,1.4573349293989488,0.31717871051492857,True,233,369,634,0.16180555555555556,0.25624999999999998,0.44027777777777777,0.63143631436314362,1.4341771177964147,0.30259740259740259,True,235,387,618,0.16319444444444445,0.26874999999999999,0.42916666666666664,0.60723514211886309,1.4149168360051179,0.30519480519480519,True,0.56311844169853875,0.64729897660818714,100,1.3272095151895837,1.5121221786701673,100,1,100,1,100
1be1a06dbf8e,fcf975b2323b,"[""DEP_acl:relcl_rate_baixo"", ""POS_AUX_rate_baixo""]","[""DEP_ccomp_rate_baixo""]","[""DEP_acl:relcl_rate_baixo"", ""DEP_ccomp_rate_baixo"", ""POS_AUX_rate_baixo""]",469,735,2561,0.10856481481481481,0.1701388888888889,0.59282407407407411,0.63809523809523805,1.0763652591063759,0.16590024761230987,True,146,233,842,0.10138888888888889,0.16180555555555556,0.58472222222222225,0.62660944206008584,1.0716361004353012,0.15715823466092574,True,149,235,849,0.10347222222222222,0.16319444444444445,0.58958333333333335,0.63404255319148939,1.0754078640703706,0.15935828877005348,True,0.58299381777642645,0.70024193548387093,100,0.99059439175587671,1.1697703601677003,100,0.71999999999999997,77,0.77000000000000002,100
2b7c02ca92a0,8faf17a8cd85,"[""DEP_advmod_rate_baixo"", ""POS_AUX_rate_baixo""]","[""DEP_nsubj:pass_rate_baixo""]","[""DEP_advmod_rate_baixo"", ""DEP_nsubj:pass_rate_baixo"", ""POS_AUX_rate_baixo""]",444,444,3138,0.10277777777777777,0.10277777777777777,0.72638888888888886,1,1.3766730401529637,0.14149139579349904,True,136,137,1060,0.094444444444444442,0.095138888888888884,0.73611111111111116,0.99270072992700731,1.3485745765046138,0.12818096135721019,True,156,156,1073,0.10833333333333334,0.10833333333333334,0.74513888888888891,1,1.342031686859273,0.14538676607642126,True,1,1,100,1.2990237407753431,1.3820954907161804,100,1,100,1,100
023cf8ca5931,f7649f892c49,"[""POS_AUX_rate_baixo"", ""POS_PRON_rate_baixo""]","[""DEP_nsubj:pass_rate_baixo""]","[""DEP_nsubj:pass_rate_baixo"", ""POS_AUX_rate_baixo"", ""POS_PRON_rate_baixo""]",428,429,3138,0.099074074074074078,0.09930555555555555,0.72638888888888886,0.99766899766899764,1.3734640120873391,0.13634915578209622,True,133,133,1060,0.092361111111111116,0.092361111111111116,0.73611111111111116,1,1.3584905660377358,0.12547169811320755,True,135,135,1073,0.09375,0.09375,0.74513888888888891,1,1.342031686859273,0.12581547064305684,True,1,1,100,1.2990237407753431,1.3820954907161804,100,0.96999999999999997,100,1,100
b7cb03775372,a7038f338fb0,"[""POS_AUX_rate_baixo"", ""POS_PRON_rate_baixo""]","[""DEP_acl:relcl_rate_baixo""]","[""DEP_acl:relcl_rate_baixo"", ""POS_AUX_rate_baixo"", ""POS_PRON_rate_baixo""]",420,429,2625,0.097222222222222224,0.09930555555555555,0.60763888888888884,0.97902097902097907,1.6111888111888113,0.15945330296127563,True,130,133,865,0.090277777777777776,0.092361111111111116,0.60069444444444442,0.97744360902255634,1.6271893606849495,0.14976958525345621,True,133,135,838,0.092361111111111116,0.09375,0.58194444444444449,0.98518518518518516,1.6929196499602228,0.15833333333333333,True,0.96316666666666662,1,100,1.6232441498290502,1.7625753164875524,100,0.94999999999999996,100,1,100
eac3cb812bc3,a7038f338fb0,"[""DEP_acl:relcl_rate_baixo"", ""POS_AUX_rate_baixo""]","[""POS_PRON_rate_baixo""]","[""DEP_acl:relcl_rate_baixo"", ""POS_AUX_rate_baixo"", ""POS_PRON_rate_baixo""]",420,735,1448,0.097222222222222224,0.1701388888888889,0.3351851851851852,0.5714285714285714,1.7048145224940805,0.23823028927963699,True,130,233,434,0.090277777777777776,0.16180555555555556,0.30138888888888887,0.55793991416309008,1.8512292082830639,0.24208566108007448,True,133,235,457,0.092361111111111116,0.16319444444444445,0.31736111111111109,0.56595744680851068,1.7833232459611714,0.23792486583184258,True,0.4965,0.63225729710834477,100,1.5881761243961063,1.9568754587399855,100,0.94999999999999996,100,1,100
a950356041b0,ee54b7da0603,"[""POS_ADV_rate_baixo"", ""POS_AUX_rate_baixo""]","[""DEP_nsubj:pass_rate_baixo""]","[""DEP_nsubj:pass_rate_baixo"", ""POS_ADV_rate_baixo"", ""POS_AUX_rate_baixo""]",413,413,3138,0.095601851851851855,0.095601851851851855,0.72638888888888886,1,1.3766730401529637,0.13161249203314213,True,126,127,1060,0.087499999999999994,0.08819444444444445,0.73611111111111116,0.99212598425196852,1.3477937899272026,0.11875589066918002,True,143,143,1073,0.09930555555555555,0.09930555555555555,0.74513888888888891,1,1.342031686859273,0.13327120223671948,True,1,1,100,1.2990237407753431,1.3820954907161804,100,1,100,1,100
09e49e8d85ef,c3c6948e69f2,"[""DEP_advmod_rate_baixo"", ""POS_AUX_rate_baixo""]","[""POS_ADV_rate_baixo""]","[""DEP_advmod_rate_baixo"", ""POS_ADV_rate_baixo"", ""POS_AUX_rate_baixo""]",398,444,1278,0.092129629629629631,0.10277777777777777,0.29583333333333334,0.89639639639639634,3.0300723258469739,0.30060422960725075,True,121,137,443,0.084027777777777785,0.095138888888888884,0.30763888888888891,0.88321167883211682,2.8709363826597025,0.26361655773420478,True,135,156,434,0.09375,0.10833333333333334,0.30138888888888887,0.86538461538461542,2.8713222261609359,0.2967032967032967,True,0.81961167971101745,0.91981557377049172,100,2.5722393794379044,3.1238873814389909,100,0.96999999999999997,100,1,100
2550ec2fa259,c3c6948e69f2,"[""POS_ADV_rate_baixo"", ""POS_AUX_rate_baixo""]","[""DEP_advmod_rate_baixo""]","[""DEP_advmod_rate_baixo"", ""POS_ADV_rate_baixo"", ""POS_AUX_rate_baixo""]",398,413,1409,0.092129629629629631,0.095601851851851855,0.3261574074074074,0.96368038740920092,2.9546481714746262,0.2794943820224719,True,121,127,487,0.084027777777777785,0.08819444444444445,0.33819444444444446,0.952755905511811,2.8171837863182914,0.24543610547667344,True,135,143,479,0.09375,0.09930555555555555,0.33263888888888887,0.94405594405594406,2.838080499875907,0.27720739219712526,True,0.89848468622831446,0.97849820143884891,100,2.6021536920737538,3.1077429955856921,100,0.96999999999999997,100,1,100
158c410706ea,db977786c06b,"[""DEP_advcl_rate_alto"", ""POS_AUX_rate_baixo""]","[""DEP_nsubj:pass_rate_baixo""]","[""DEP_advcl_rate_alto"", ""DEP_nsubj:pass_rate_baixo"", ""POS_AUX_rate_baixo""]",346,346,3138,0.08009259259259259,0.08009259259259259,0.72638888888888886,1,1.3766730401529637,0.11026131293817719,True,103,103,1060,0.071527777777777773,0.071527777777777773,0.73611111111111116,1,1.3584905660377358,0.097169811320754723,False,109,109,1073,0.075694444444444439,0.075694444444444439,0.74513888888888891,1,1.342031686859273,0.1015843429636533,False,1,1,100,1.2990237407753431,1.3820954907161804,100,0.33000000000000002,17,0.17000000000000001,100
670282c704b5,3fd56667412d,"[""diversidade_alto""]","[""DEP_ccomp_rate_baixo""]","[""DEP_ccomp_rate_baixo"", ""diversidade_alto""]",693,1110,2561,0.16041666666666668,0.25694444444444442,0.59282407407407411,0.62432432432432428,1.0531359160800786,0.23270651443922094,True,247,386,842,0.17152777777777778,0.26805555555555555,0.58472222222222225,0.63989637305699487,1.0943595928765708,0.25178389398572887,True,205,382,849,0.1423611111111111,0.26527777777777778,0.58958333333333335,0.53664921465968585,0.91021774924611032,0.19980506822612085,False,0.49517753227859612,0.58341595427183979,100,0.84296262486735341,0.9722197365162254,100,0,50,0.5,100
b6414b379494,2d0dc808031b,"[""DEP_nsubj:pass_rate_baixo"", ""diversidade_alto""]","[""DEP_ccomp_rate_baixo""]","[""DEP_ccomp_rate_baixo"", ""DEP_nsubj:pass_rate_baixo"", ""diversidade_alto""]",513,813,2561,0.11874999999999999,0.18819444444444444,0.59282407407407411,0.63099630996309963,1.064390495525416,0.17930793428871025,True,181,282,842,0.12569444444444444,0.19583333333333333,0.58472222222222225,0.64184397163120566,1.0976904027897103,0.19194061505832449,True,150,281,849,0.10416666666666667,0.19513888888888889,0.58958333333333335,0.53380782918149461,0.90539843818769417,0.15306122448979592,False,0.48893255358546367,0.5880062571103527,100,0.83310888311116871,0.98529332467887865,100,0,66,0.66000000000000003,100
b208a328a620,b5b380a56589,"[""DEP_advcl_rate_baixo"", ""diversidade_alto""]","[""DEP_ccomp_rate_baixo""]","[""DEP_advcl_rate_baixo"", ""DEP_ccomp_rate_baixo"", ""diversidade_alto""]",379,603,2561,0.08773148148148148,0.13958333333333334,0.59282407407407411,0.62852404643449422,1.0602201798504549,0.13608617594254938,True,151,226,842,0.10486111111111111,0.15694444444444444,0.58472222222222225,0.66814159292035402,1.142664957013432,0.16466739367502725,True,102,195,849,0.070833333333333331,0.13541666666666666,0.58958333333333335,0.52307692307692311,0.88719760804566461,0.10828025477707007,False,0.46526687598116173,0.58807734176559012,100,0.79925196214728333,1.0103556969665457,100,0,62,0.62,100
a3a55514257c,9d33ebeb21c5,"[""DEP_acl:relcl_rate_alto""]","[""DEP_ccomp_rate_baixo""]","[""DEP_acl:relcl_rate_alto"", ""DEP_ccomp_rate_baixo""]",722,1108,2561,0.16712962962962963,0.25648148148148148,0.59282407407407411,0.65162454873646214,1.0991870560490107,0.24499491007804547,True,262,387,842,0.18194444444444444,0.26874999999999999,0.58472222222222225,0.67700258397932822,1.1578191459979008,0.27094105480868663,True,243,377,849,0.16875000000000001,0.26180555555555557,0.58958333333333335,0.64456233421750664,1.0932506022063717,0.24720244150559512,True,0.59752903513996425,0.6855923561764824,100,1.0217165559099153,1.1540676487827548,100,0.84999999999999998,97,0.96999999999999997,100
b91c01eb0db3,ec9a7adedb1b,"[""DEP_acl:relcl_rate_alto""]","[""DEP_advcl_rate_baixo""]","[""DEP_acl:relcl_rate_alto"", ""DEP_advcl_rate_baixo""]",707,1108,2534,0.16365740740740742,0.25648148148148148,0.58657407407407403,0.63808664259927794,1.0878193749127392,0.24088586030664394,True,240,387,857,0.16666666666666666,0.26874999999999999,0.59513888888888888,0.62015503875968991,1.0420341374725244,0.23904382470119523,False,231,377,833,0.16041666666666668,0.26180555555555557,0.57847222222222228,0.61273209549071617,1.0592247509083208,0.23595505617977527,True,0.56527246376811591,0.65684066922523376,100,0.99547401414322334,1.1244729600294425,100,0.56999999999999995,96,0.95999999999999996,100
f546b1d3ed39,3fb020c38e86,"[""DEP_acl:relcl_rate_alto""]","[""POS_PRON_rate_alto""]","[""DEP_acl:relcl_rate_alto"", ""POS_PRON_rate_alto""]",665,1108,1163,0.15393518518518517,0.25648148148148148,0.26921296296296299,0.60018050541516244,2.2293893236401563,0.41407222914072228,True,227,387,406,0.15763888888888888,0.26874999999999999,0.28194444444444444,0.58656330749354002,2.0804215832283193,0.40106007067137811,True,210,377,372,0.14583333333333334,0.26180555555555557,0.25833333333333336,0.55702917771883287,2.1562419782664497,0.38961038961038963,True,0.51071755680563313,0.6100135890080024,100,1.9705769253453176,2.3042465418469495,100,0.98999999999999999,100,1,100
1af4ac338107,3fb020c38e86,"[""POS_PRON_rate_alto""]","[""DEP_acl:relcl_rate_alto""]","[""DEP_acl:relcl_rate_alto"", ""POS_PRON_rate_alto""]",665,1163,1108,0.15393518518518517,0.26921296296296299,0.25648148148148148,0.57179707652622525,2.2293893236401563,0.41407222914072228,True,227,406,387,0.15763888888888888,0.28194444444444444,0.26874999999999999,0.55911330049261088,2.0804215832283193,0.40106007067137811,True,210,372,377,0.14583333333333334,0.25833333333333336,0.26180555555555557,0.56451612903225812,2.1562419782664497,0.38961038961038963,True,0.50688033586640402,0.61249510890830827,100,1.9705769253453176,2.3042465418469495,100,0.98999999999999999,100,1,100
7307735752c7,49e1509c2ed2,"[""DEP_acl:relcl_rate_alto"", ""DEP_nsubj:pass_rate_baixo""]","[""DEP_ccomp_rate_baixo""]","[""DEP_acl:relcl_rate_alto"", ""DEP_ccomp_rate_baixo"", ""DEP_nsubj:pass_rate_baixo""]",538,816,2561,0.12453703703703704,0.18888888888888888,0.59282407407407411,0.65931372549019607,1.112157475250936,0.18950334624867912,True,195,278,842,0.13541666666666666,0.19305555555555556,0.58472222222222225,0.70143884892086328,1.1996103829525453,0.21081081081081082,True,179,284,849,0.12430555555555556,0.19722222222222222,0.58958333333333335,0.63028169014084512,1.0690290150798785,0.18763102725366876,True,0.57967449565006601,0.67215358527131785,100,1.0009633098379882,1.1280845139402527,100,0.65000000000000002,98,0.97999999999999998,100
34043ab558e0,a2d7f544f85e,"[""DEP_acl:relcl_rate_alto"", ""DEP_nsubj:pass_rate_baixo""]","[""DEP_advcl_rate_baixo""]","[""DEP_acl:relcl_rate_alto"", ""DEP_advcl_rate_baixo"", ""DEP_nsubj:pass_rate_baixo""]",517,816,2534,0.11967592592592592,0.18888888888888888,0.58657407407407403,0.63357843137254899,1.0801337109429408,0.18249205788916342,True,166,278,857,0.11527777777777778,0.19305555555555556,0.59513888888888888,0.59712230215827333,1.0033326897408561,0.17131062951496387,False,177,284,833,0.12291666666666666,0.19722222222222222,0.57847222222222228,0.62323943661971826,1.0773887019596571,0.18829787234042553,True,0.5708602150537635,0.67064155361757105,100,1.0010905486067563,1.1410156923852723,100,0.72999999999999998,78,0.78000000000000003,100
2fa46f620992,f1e22b837cad,"[""DEP_acl:relcl_rate_alto"", ""DEP_advcl_rate_baixo""]","[""DEP_ccomp_rate_baixo""]","[""DEP_acl:relcl_rate_alto"", ""DEP_advcl_rate_baixo"", ""DEP_ccomp_rate_baixo""]",459,707,2561,0.10625,0.16365740740740742,0.59282407407407411,0.64922206506364921,1.0951344479011966,0.16340334638661444,True,163,240,842,0.11319444444444444,0.16666666666666666,0.58472222222222225,0.6791666666666667,1.1615201900237531,0.17736670293797607,True,146,231,849,0.10138888888888889,0.16041666666666668,0.58958333333333335,0.63203463203463206,1.0720022027442522,0.15631691648822268,True,0.57444015227858025,0.70232745779543182,100,0.97648003074885759,1.1716328275294621,100,0.58999999999999997,88,0.88,100
5a9848925221,f1e22b837cad,"[""DEP_acl:relcl_rate_alto"", ""DEP_ccomp_rate_baixo""]","[""DEP_advcl_rate_baixo""]","[""DEP_acl:relcl_rate_alto"", ""DEP_advcl_rate_baixo"", ""DEP_ccomp_rate_baixo""]",459,722,2534,0.10625,0.16712962962962963,0.58657407407407403,0.6357340720221607,1.0838086784276773,0.16410439756882375,True,163,262,857,0.11319444444444444,0.18194444444444444,0.59513888888888888,0.62213740458015265,1.0453650672058574,0.17050209205020919,False,146,243,833,0.10138888888888889,0.16875000000000001,0.57847222222222228,0.60082304526748975,1.0386376772931394,0.15698924731182795,False,0.5517833333333334,0.65136118762857842,100,0.95346737075998544,1.1134617343338999,100,0.37,86,0.85999999999999999,100
1680ec51ad83,6578e1482e09,"[""DEP_acl:relcl_rate_alto"", ""DEP_nsubj:pass_rate_baixo""]","[""POS_PRON_rate_alto""]","[""DEP_acl:relcl_rate_alto"", ""DEP_nsubj:pass_rate_baixo"", ""POS_PRON_rate_alto""]",510,816,1163,0.11805555555555555,0.18888888888888888,0.26921296296296299,0.625,2.3215821152192606,0.34717494894486045,True,173,278,406,0.12013888888888889,0.19305555555555556,0.28194444444444444,0.62230215827338131,2.2071800687528795,0.33855185909980429,True,163,284,372,0.11319444444444444,0.19722222222222222,0.25833333333333336,0.573943661971831,2.221717401181281,0.33062880324543609,True,0.52185308715053269,0.63298598883131252,100,1.9941273307816767,2.4005791534875707,100,0.98999999999999999,100,1,100
5da45943eb76,6578e1482e09,"[""DEP_acl:relcl_rate_alto"", ""POS_PRON_rate_alto""]","[""DEP_nsubj:pass_rate_baixo""]","[""DEP_acl:relcl_rate_alto"", ""DEP_nsubj:pass_rate_baixo"", ""POS_PRON_rate_alto""]",510,665,3138,0.11805555555555555,0.15393518518518517,0.72638888888888886,0.76691729323308266,1.0557943616210699,0.15487397509869419,True,173,227,1060,0.12013888888888889,0.15763888888888888,0.73611111111111116,0.76211453744493396,1.0353254093591555,0.15529622980251345,False,163,210,1073,0.11319444444444444,0.14583333333333334,0.74513888888888891,0.77619047619047621,1.0416722140860073,0.1455357142857143,False,0.72758152173913038,0.82553811659192811,100,0.98097751757287588,1.0921033644112195,100,0.38,70,0.69999999999999996,100
d1f413a526f2,6578e1482e09,"[""DEP_nsubj:pass_rate_baixo"", ""POS_PRON_rate_alto""]","[""DEP_acl:relcl_rate_alto""]","[""DEP_acl:relcl_rate_alto"", ""DEP_nsubj:pass_rate_baixo"", ""POS_PRON_rate_alto""]",510,908,1108,0.11805555555555555,0.2101851851851852,0.25648148148148148,0.56167400881057272,2.1899203231603557,0.3386454183266932,True,173,317,387,0.12013888888888889,0.22013888888888888,0.26874999999999999,0.5457413249211357,2.0306653950553883,0.32580037664783429,True,163,298,377,0.11319444444444444,0.20694444444444443,0.26180555555555557,0.54697986577181212,2.0892599647517489,0.318359375,True,0.47753134040501444,0.59618680073643959,100,1.8765892870146228,2.2725724732703143,100,0.93000000000000005,100,1,100
bf746e8f2261,744ae52c860e,"[""DEP_acl:relcl_rate_alto"", ""POS_PRON_rate_alto""]","[""DEP_ccomp_rate_baixo""]","[""DEP_acl:relcl_rate_alto"", ""DEP_ccomp_rate_baixo"", ""POS_PRON_rate_alto""]",420,665,2561,0.097222222222222224,0.15393518518518517,0.59282407407407411,0.63157894736842102,1.0653733122341191,0.14967925873129009,True,149,227,842,0.10347222222222222,0.15763888888888888,0.58472222222222225,0.65638766519823788,1.1225632278924733,0.16195652173913044,True,127,210,849,0.08819444444444445,0.14583333333333334,0.58958333333333335,0.60476190476190472,1.0257445734477537,0.13626609442060086,False,0.53577171522814737,0.65338354764752782,100,0.92661530747160603,1.1167609162409975,100,0.26000000000000001,68,0.68000000000000005,100
f4acb10f2482,744ae52c860e,"[""DEP_acl:relcl_rate_alto"", ""DEP_ccomp_rate_baixo""]","[""POS_PRON_rate_alto""]","[""DEP_acl:relcl_rate_alto"", ""DEP_ccomp_rate_baixo"", ""POS_PRON_rate_alto""]",420,722,1163,0.097222222222222224,0.16712962962962963,0.26921296296296299,0.5817174515235457,2.1608077305087856,0.28668941979522183,True,149,262,406,0.10347222222222222,0.18194444444444444,0.28194444444444444,0.56870229007633588,2.0170721618471026,0.28709055876685935,True,127,243,372,0.08819444444444445,0.16875000000000001,0.25833333333333336,0.52263374485596703,2.0230983671843887,0.26024590163934425,True,0.46596562468076413,0.57845022624434383,100,1.8090734297123403,2.1779062076736655,100,0.72999999999999998,100,1,100
3ca9bd7766f5,744ae52c860e,"[""DEP_ccomp_rate_baixo"", ""POS_PRON_rate_alto""]","[""DEP_acl:relcl_rate_alto""]","[""DEP_acl:relcl_rate_alto"", ""DEP_ccomp_rate_baixo"", ""POS_PRON_rate_alto""]",420,655,1108,0.097222222222222224,0.15162037037037038,0.25648148148148148,0.64122137404580148,2.5000688951966268,0.31273268801191362,True,149,223,387,0.10347222222222222,0.15486111111111112,0.26874999999999999,0.66816143497757852,2.4861820836375013,0.3232104121475054,True,127,195,377,0.08819444444444445,0.13541666666666666,0.26180555555555557,0.6512820512820513,2.4876555804937768,0.28539325842696628,True,0.57897071678321677,0.70512752318603378,100,2.2370196596113319,2.703873622148167,100,0.82999999999999996,100,1,100
43ffe7a052e6,6549fe3e48ba,"[""DEP_acl:relcl_rate_alto"", ""DEP_advcl_rate_baixo""]","[""POS_PRON_rate_alto""]","[""DEP_acl:relcl_rate_alto"", ""DEP_advcl_rate_baixo"", ""POS_PRON_rate_alto""]",402,707,1163,0.093055555555555558,0.16365740740740742,0.26921296296296299,0.56859971711456858,2.1120814943550612,0.27384196185286103,True,142,240,406,0.098611111111111108,0.16666666666666666,0.28194444444444444,0.59166666666666667,2.0985221674876846,0.28174603174603174,True,125,231,372,0.086805555555555552,0.16041666666666668,0.25833333333333336,0.54112554112554112,2.0946795140343526,0.2615062761506276,True,0.48495531121399177,0.60300281344683304,100,1.8944018720093985,2.2688223857169105,100,0.75,97,0.96999999999999997,100
af455159ec17,6549fe3e48ba,"[""DEP_advcl_rate_baixo"", ""POS_PRON_rate_alto""]","[""DEP_acl:relcl_rate_alto""]","[""DEP_acl:relcl_rate_alto"", ""DEP_advcl_rate_baixo"", ""POS_PRON_rate_alto""]",402,638,1108,0.093055555555555558,0.1476851851851852,0.25648148148148148,0.63009404388714729,2.456684358837975,0.29910714285714285,True,142,228,387,0.098611111111111108,0.15833333333333333,0.26874999999999999,0.6228070175438597,2.317421460628315,0.30021141649048627,True,125,189,377,0.086805555555555552,0.13125000000000001,0.26180555555555557,0.66137566137566139,2.5262094227611467,0.28344671201814059,True,0.59307207257038552,0.72552825758846207,100,2.2874382773682003,2.7603216538471558,100,0.81000000000000005,99,0.98999999999999999,100
5c182ba6042a,822b96c360dd,"[""DEP_acl:relcl_rate_alto"", ""uppercaseRatio_baixo""]","[""POS_PRON_rate_alto""]","[""DEP_acl:relcl_rate_alto"", ""POS_PRON_rate_alto"", ""uppercaseRatio_baixo""]",363,541,1163,0.084027777777777785,0.12523148148148147,0.26921296296296299,0.67097966728280967,2.4923750323832654,0.27069351230425054,True,120,184,406,0.083333333333333329,0.12777777777777777,0.28194444444444444,0.65217391304347827,2.3131291497108588,0.25531914893617019,True,126,185,372,0.087499999999999994,0.12847222222222221,0.25833333333333336,0.68108108108108112,2.6364428945074105,0.2923433874709977,True,0.60700702769739556,0.73465866466616647,100,2.364593555065353,2.9109910085584518,100,0.85999999999999999,79,0.79000000000000004,100
3c84852491ce,822b96c360dd,"[""DEP_acl:relcl_rate_alto"", ""POS_PRON_rate_alto""]","[""uppercaseRatio_baixo""]","[""DEP_acl:relcl_rate_alto"", ""POS_PRON_rate_alto"", ""uppercaseRatio_baixo""]",363,665,1882,0.084027777777777785,0.15393518518518517,0.43564814814814817,0.54586466165413539,1.2529943349340407,0.1662087912087912,True,120,227,645,0.083333333333333329,0.15763888888888888,0.44791666666666669,0.52863436123348018,1.1802069460096301,0.15957446808510639,True,126,210,629,0.087499999999999994,0.14583333333333334,0.43680555555555556,0.59999999999999998,1.3736089030206677,0.17671809256661991,True,0.54208074534161488,0.65700483091787443,100,1.2361777768371647,1.5055518155258896,100,0.85999999999999999,79,0.79000000000000004,100
ccdab6bc2e23,822b96c360dd,"[""POS_PRON_rate_alto"", ""uppercaseRatio_baixo""]","[""DEP_acl:relcl_rate_alto""]","[""DEP_acl:relcl_rate_alto"", ""POS_PRON_rate_alto"", ""uppercaseRatio_baixo""]",363,631,1108,0.084027777777777785,0.14606481481481481,0.25648148148148148,0.57527733755942945,2.2429585724338765,0.26380813953488375,True,120,209,387,0.083333333333333329,0.1451388888888889,0.26874999999999999,0.57416267942583732,2.1364192722821853,0.25210084033613445,True,126,202,377,0.087499999999999994,0.14027777777777778,0.26180555555555557,0.62376237623762376,2.3825406413320378,0.27814569536423839,True,0.54774458361543665,0.68255628360215048,100,2.0923207551589251,2.6001377141018263,100,0.85999999999999999,79,0.79000000000000004,100
fa9408c7682a,74f09dac65c5,"[""DEP_acl:relcl_rate_alto"", ""uppercaseRatio_baixo""]","[""DEP_ccomp_rate_baixo""]","[""DEP_acl:relcl_rate_alto"", ""DEP_ccomp_rate_baixo"", ""uppercaseRatio_baixo""]",351,541,2561,0.081250000000000003,0.12523148148148147,0.59282407407407411,0.6487985212569316,1.0944199968098183,0.12758996728462377,True,123,184,842,0.085416666666666669,0.12777777777777777,0.58472222222222225,0.66847826086956519,1.1432407311783539,0.13621262458471761,True,120,185,849,0.083333333333333329,0.12847222222222221,0.58958333333333335,0.64864864864864868,1.1001814535383441,0.13129102844638948,True,0.57561094693562898,0.70514976465554124,100,0.97506583476344744,1.1925770079111024,100,0.60999999999999999,66,0.66000000000000003,100
457805eb9d9b,276b703184e7,"[""DEP_acl:relcl_rate_alto"", ""DEP_obj_rate_alto""]","[""DEP_nsubj:pass_rate_baixo""]","[""DEP_acl:relcl_rate_alto"", ""DEP_nsubj:pass_rate_baixo"", ""DEP_obj_rate_alto""]",359,436,3138,0.083101851851851857,0.10092592592592593,0.72638888888888886,0.82339449541284404,1.1335450032452155,0.11166407465007776,True,122,144,1060,0.084722222222222227,0.10000000000000001,0.73611111111111116,0.84722222222222221,1.1509433962264151,0.11275415896487985,True,133,153,1073,0.092361111111111116,0.10625,0.74513888888888891,0.86928104575163401,1.1666027081848582,0.12168344007319305,True,0.81468382352941182,0.91147629310344824,100,1.0918018853259228,1.2190583901120293,100,0.95999999999999996,78,0.78000000000000003,100
afb176bc54cd,d0c4306ce66c,"[""POS_ADP_rate_baixo""]","[""DEP_nsubj:pass_rate_baixo""]","[""DEP_nsubj:pass_rate_baixo"", ""POS_ADP_rate_baixo""]",861,1091,3138,0.19930555555555557,0.25254629629629627,0.72638888888888886,0.78918423464711274,1.0864486595524305,0.25564133016627077,True,301,387,1060,0.20902777777777778,0.26874999999999999,0.73611111111111116,0.77777777777777779,1.0566037735849056,0.26265270506108201,True,300,367,1073,0.20833333333333334,0.25486111111111109,0.74513888888888891,0.81743869209809261,1.0970286268604412,0.26315789473684209,True,0.78530602467361366,0.85675779286073406,100,1.0567976837401332,1.1399074925255299,100,0.97999999999999998,100,1,100
170de39824d2,6996de6ad642,"[""POS_ADP_rate_baixo""]","[""POS_VERB_rate_alto""]","[""POS_ADP_rate_baixo"", ""POS_VERB_rate_alto""]",558,1091,1124,0.12916666666666668,0.25254629629629627,0.26018518518518519,0.5114573785517873,1.9657436613378303,0.3367531683765842,True,200,387,399,0.1388888888888889,0.26874999999999999,0.27708333333333335,0.51679586563307489,1.8651279361193682,0.34129692832764508,True,190,367,408,0.13194444444444445,0.25486111111111109,0.28333333333333333,0.51771117166212532,1.8272158999839718,0.3247863247863248,True,0.46861723723528648,0.56883267195767195,100,1.6967668597156313,1.9804425779908057,100,0.70999999999999996,66,0.66000000000000003,100
c14d9a96c482,11c49ba525dc,"[""DEP_nsubj:pass_rate_baixo"", ""POS_ADP_rate_baixo""]","[""POS_NUM_rate_baixo""]","[""DEP_nsubj:pass_rate_baixo"", ""POS_ADP_rate_baixo"", ""POS_NUM_rate_baixo""]",434,861,1754,0.10046296296296296,0.19930555555555557,0.4060185185185185,0.50406504065040647,1.2414828823316739,0.19899128839981658,True,156,301,570,0.10833333333333334,0.20902777777777778,0.39583333333333331,0.51827242524916939,1.3093198111557964,0.21818181818181817,True,143,300,567,0.09930555555555555,0.20833333333333334,0.39374999999999999,0.47666666666666668,1.2105820105820106,0.19751381215469613,False,0.42635103383458645,0.53467177579026415,100,1.1070092490890835,1.3334584011034216,100,0.22,72,0.71999999999999997,100
c151d2763fc8,11c49ba525dc,"[""POS_ADP_rate_baixo"", ""POS_NUM_rate_baixo""]","[""DEP_nsubj:pass_rate_baixo""]","[""DEP_nsubj:pass_rate_baixo"", ""POS_ADP_rate_baixo"", ""POS_NUM_rate_baixo""]",434,543,3138,0.10046296296296296,0.12569444444444444,0.72638888888888886,0.79926335174953955,1.1003243083358862,0.13366184170003079,True,156,192,1060,0.10833333333333334,0.13333333333333333,0.73611111111111116,0.8125,1.1037735849056605,0.14233576642335766,True,143,174,1073,0.09930555555555555,0.12083333333333333,0.74513888888888891,0.82183908045977017,1.1029340874762992,0.12952898550724637,True,0.77201165371809111,0.865907622739018,100,1.0323725448443606,1.1662444014247344,100,0.93999999999999995,97,0.96999999999999997,100
73d0c2368d72,2748dc26404d,"[""POS_ADP_rate_baixo"", ""uppercaseRatio_baixo""]","[""DEP_nsubj:pass_rate_baixo""]","[""DEP_nsubj:pass_rate_baixo"", ""POS_ADP_rate_baixo"", ""uppercaseRatio_baixo""]",429,540,3138,0.09930555555555555,0.125,0.72638888888888886,0.7944444444444444,1.0936902485659656,0.13204062788550322,True,159,200,1060,0.11041666666666666,0.1388888888888889,0.73611111111111116,0.79500000000000004,1.0800000000000001,0.1444141689373297,True,152,183,1073,0.10555555555555556,0.12708333333333333,0.74513888888888891,0.8306010928961749,1.1146929858066092,0.13768115942028986,True,0.78433079973562458,0.87785326086956517,100,1.0488563176429941,1.1843661296724322,100,0.96999999999999997,98,0.97999999999999998,100
5ac959c022bf,43210ff8e982,"[""DEP_advcl_rate_baixo"", ""POS_ADP_rate_baixo""]","[""DEP_nsubj:pass_rate_baixo""]","[""DEP_advcl_rate_baixo"", ""DEP_nsubj:pass_rate_baixo"", ""POS_ADP_rate_baixo""]",407,509,3138,0.094212962962962957,0.11782407407407407,0.72638888888888886,0.79960707269155207,1.1007974996900909,0.12561728395061728,True,144,181,1060,0.10000000000000001,0.12569444444444444,0.73611111111111116,0.79558011049723754,1.0807880746377567,0.13126709206927986,True,140,165,1073,0.097222222222222224,0.11458333333333333,0.74513888888888891,0.84848484848484851,1.1386935524866559,0.12750455373406194,True,0.79381868131868127,0.8976077737060979,100,1.0676960523417123,1.2044523033829198,100,1,97,0.96999999999999997,100
50187ac508f8,fba1f17b162c,"[""DEP_obj_rate_alto"", ""POS_ADP_rate_baixo""]","[""DEP_nsubj:pass_rate_baixo""]","[""DEP_nsubj:pass_rate_baixo"", ""DEP_obj_rate_alto"", ""POS_ADP_rate_baixo""]",414,483,3138,0.09583333333333334,0.11180555555555556,0.72638888888888886,0.8571428571428571,1.1800054629882546,0.12909260991580918,True,141,169,1060,0.097916666666666666,0.11736111111111111,0.73611111111111116,0.83431952662721898,1.1334152059841465,0.12959558823529413,True,149,169,1073,0.10347222222222222,0.11736111111111111,0.74513888888888891,0.88165680473372776,1.1832113688877615,0.13632204940530648,True,0.83524096385542168,0.92849406009783364,100,1.1199297615779975,1.2421825446764638,100,1,100,1,100
f029beb7b082,c1a98912456d,"[""DEP_ccomp_rate_baixo"", ""POS_ADP_rate_baixo""]","[""DEP_nsubj:pass_rate_baixo""]","[""DEP_ccomp_rate_baixo"", ""DEP_nsubj:pass_rate_baixo"", ""POS_ADP_rate_baixo""]",377,482,3138,0.087268518518518523,0.11157407407407408,0.72638888888888886,0.78215767634854771,1.0767753861777329,0.11625038544557509,True,137,177,1060,0.095138888888888884,0.12291666666666666,0.73611111111111116,0.77401129943502822,1.051487048289095,0.12454545454545454,True,136,169,1073,0.094444444444444442,0.11736111111111111,0.74513888888888891,0.80473372781065089,1.079978162206279,0.12296564195298372,True,0.75073757763975157,0.86365808823529411,100,1.00204019248855,1.1527250456174074,100,0.80000000000000004,89,0.89000000000000001,100
d79b1faf7acb,80134c59ccdc,"[""POS_ADP_rate_baixo"", ""POS_PRON_rate_alto""]","[""DEP_nsubj:pass_rate_baixo""]","[""DEP_nsubj:pass_rate_baixo"", ""POS_ADP_rate_baixo"", ""POS_PRON_rate_alto""]",381,467,3138,0.08819444444444445,0.10810185185185185,0.72638888888888886,0.81584582441113496,1.1231529513881782,0.11817617866004963,True,131,158,1060,0.090972222222222218,0.10972222222222222,0.73611111111111116,0.82911392405063289,1.1263434439933127,0.12051517939282429,True,128,151,1073,0.088888888888888892,0.10486111111111111,0.74513888888888891,0.84768211920529801,1.1376162643575294,0.11678832116788321,True,0.78663538205980066,0.90170043882292206,100,1.0585233357866286,1.1931293968933521,100,0.87,97,0.96999999999999997,100
36bccaee30ff,ba2c2d5b86b0,"[""DEP_acl:relcl_rate_baixo"", ""POS_ADP_rate_baixo""]","[""DEP_nsubj:pass_rate_baixo""]","[""DEP_acl:relcl_rate_baixo"", ""DEP_nsubj:pass_rate_baixo"", ""POS_ADP_rate_baixo""]",451,569,3138,0.10439814814814814,0.13171296296296298,0.72638888888888886,0.79261862917398951,1.0911766979068307,0.13851351351351351,True,156,205,1060,0.10833333333333334,0.1423611111111111,0.73611111111111116,0.76097560975609757,1.0337781868384721,0.14066726780883679,False,157,189,1073,0.10902777777777778,0.13125000000000001,0.74513888888888891,0.8306878306878307,1.1148093906714596,0.1420814479638009,True,0.78813775510204087,0.88101754475965732,100,1.0496067774093385,1.1817708783154228,100,0.96999999999999997,94,0.93999999999999995,100
d9d9d3b06198,2b2127a86052,"[""DEP_nsubj:pass_rate_baixo"", ""POS_VERB_rate_alto""]","[""POS_ADP_rate_baixo""]","[""DEP_nsubj:pass_rate_baixo"", ""POS_ADP_rate_baixo"", ""POS_VERB_rate_alto""]",437,843,1091,0.1011574074074074,0.19513888888888889,0.25254629629629627,0.51838671411625148,2.0526403345391442,0.29191716766867065,True,157,299,387,0.10902777777777778,0.2076388888888889,0.26874999999999999,0.52508361204013376,1.9537994866609629,0.29678638941398866,True,151,302,367,0.10486111111111111,0.20972222222222223,0.25486111111111109,0.5,1.9618528610354224,0.29150579150579148,True,0.45350676194413275,0.55102396233108653,100,1.8109978732981433,2.1087940514216892,100,0.56999999999999995,94,0.93999999999999995,100
055d5e1ae31c,2b2127a86052,"[""DEP_nsubj:pass_rate_baixo"", ""POS_ADP_rate_baixo""]","[""POS_VERB_rate_alto""]","[""DEP_nsubj:pass_rate_baixo"", ""POS_ADP_rate_baixo"", ""POS_VERB_rate_alto""]",437,861,1124,0.1011574074074074,0.19930555555555557,0.26018518518518519,0.50754936120789784,1.9507235235036642,0.28229974160206717,True,157,301,399,0.10902777777777778,0.20902777777777778,0.27708333333333335,0.52159468438538203,1.8824469812404767,0.28913443830570901,True,151,300,408,0.10486111111111111,0.20833333333333334,0.28333333333333333,0.5033333333333333,1.776470588235294,0.27109515260323158,True,0.45407134256472004,0.55992047367504494,100,1.6333428148822391,1.9737861568932131,100,0.57999999999999996,58,0.57999999999999996,100
778cd23507cd,2b2127a86052,"[""POS_ADP_rate_baixo"", ""POS_VERB_rate_alto""]","[""DEP_nsubj:pass_rate_baixo""]","[""DEP_nsubj:pass_rate_baixo"", ""POS_ADP_rate_baixo"", ""POS_VERB_rate_alto""]",437,558,3138,0.1011574074074074,0.12916666666666668,0.72638888888888886,0.78315412186379929,1.0781471658545612,0.13409021172138694,True,157,200,1060,0.10902777777777778,0.1388888888888889,0.73611111111111116,0.78500000000000003,1.0664150943396227,0.14233907524932005,True,151,190,1073,0.10486111111111111,0.13194444444444445,0.74513888888888891,0.79473684210526319,1.0665620248197381,0.13579136690647481,True,0.7520900806502826,0.84614098634717194,100,1.0190582098181185,1.1335294368952549,100,0.71999999999999997,93,0.93000000000000005,100
03b481875bfc,29eae7e68231,"[""DEP_nsubj_rate_alto"", ""POS_ADP_rate_baixo""]","[""DEP_nsubj:pass_rate_baixo""]","[""DEP_nsubj:pass_rate_baixo"", ""DEP_nsubj_rate_alto"", ""POS_ADP_rate_baixo""]",430,508,3138,0.099537037037037035,0.1175925925925926,0.72638888888888886,0.84645669291338588,1.1652941087908943,0.13370646766169153,True,160,177,1060,0.1111111111111111,0.12291666666666666,0.73611111111111116,0.903954802259887,1.2280140709945635,0.14856081708449395,True,150,166,1073,0.10416666666666667,0.11527777777777778,0.74513888888888891,0.90361445783132532,1.2126792351138009,0.13774104683195593,True,0.85798786475869804,0.94530915071328259,100,1.1408045015266095,1.2663084141199581,100,1,100,1,100
02e910ac21df,c1ea994b9d32,"[""DEP_advmod_rate_alto"", ""POS_ADP_rate_baixo""]","[""DEP_nsubj:pass_rate_baixo""]","[""DEP_advmod_rate_alto"", ""DEP_nsubj:pass_rate_baixo"", ""POS_ADP_rate_baixo""]",359,454,3138,0.083101851851851857,0.1050925925925926,0.72638888888888886,0.79074889867841414,1.0886026903412203,0.11104237550262913,True,121,158,1060,0.084027777777777785,0.10972222222222222,0.73611111111111116,0.76582278481012656,1.0403630284213041,0.11030082041932543,False,129,160,1073,0.089583333333333334,0.1111111111111111,0.74513888888888891,0.80625000000000002,1.0820130475302889,0.11684782608695653,True,0.75918916306938988,0.86364346355985144,100,1.020508142839331,1.154230422811408,100,0.81000000000000005,75,0.75,100
36148af1d7d5,229d8d90dcea,"[""POS_ADP_rate_baixo"", ""POS_ADV_rate_alto""]","[""DEP_advmod_rate_alto""]","[""DEP_advmod_rate_alto"", ""POS_ADP_rate_baixo"", ""POS_ADV_rate_alto""]",397,440,1166,0.091898148148148145,0.10185185185185185,0.26990740740740743,0.90227272727272723,3.342897239981288,0.32837055417700578,True,146,167,383,0.10138888888888889,0.11597222222222223,0.26597222222222222,0.87425149700598803,3.2870030174637668,0.36138613861386137,True,150,163,366,0.10416666666666667,0.11319444444444444,0.25416666666666665,0.92024539877300615,3.6206376345167453,0.39577836411609496,True,0.87784472239170219,0.95934482758620687,100,3.3522649675763496,3.9450297787861599,100,1,100,1,100
e49cbb3eff19,229d8d90dcea,"[""DEP_advmod_rate_alto"", ""POS_ADP_rate_baixo""]","[""POS_ADV_rate_alto""]","[""DEP_advmod_rate_alto"", ""POS_ADP_rate_baixo"", ""POS_ADV_rate_alto""]",397,454,1181,0.091898148148148145,0.1050925925925926,0.27337962962962964,0.87444933920704848,3.1986631205541483,0.32067851373182554,True,146,158,383,0.10138888888888889,0.10972222222222222,0.26597222222222222,0.92405063291139244,3.4742373665598043,0.36962025316455699,True,150,160,372,0.10416666666666667,0.1111111111111111,0.25833333333333336,0.9375,3.629032258064516,0.39267015706806285,True,0.89425137183172199,0.97104105571847499,100,3.3358973752100542,3.9270767629315175,100,1,100,1,100
24bd824555db,f1891273f7ec,"[""POS_ADP_rate_baixo"", ""POS_ADV_rate_alto""]","[""DEP_nsubj:pass_rate_baixo""]","[""DEP_nsubj:pass_rate_baixo"", ""POS_ADP_rate_baixo"", ""POS_ADV_rate_alto""]",354,440,3138,0.081944444444444445,0.10185185185185185,0.72638888888888886,0.80454545454545456,1.107596036850339,0.10980148883374689,True,127,167,1060,0.08819444444444445,0.11597222222222223,0.73611111111111116,0.76047904191616766,1.0331036041125297,0.11545454545454545,False,134,163,1073,0.093055555555555558,0.11319444444444444,0.74513888888888891,0.82208588957055218,1.1032653131235741,0.12159709618874773,True,0.77213382737576286,0.88501048218029343,100,1.0461044298304771,1.1702841757356304,100,0.91000000000000003,45,0.45000000000000001,100
d491f7260000,468c00e4b7d3,"[""DEP_obl_rate_baixo"", ""POS_ADP_rate_baixo""]","[""DEP_nsubj:pass_rate_baixo""]","[""DEP_nsubj:pass_rate_baixo"", ""DEP_obl_rate_baixo"", ""POS_ADP_rate_baixo""]",351,428,3138,0.081250000000000003,0.099074074074074078,0.72638888888888886,0.82009345794392519,1.1290005539572201,0.10917573872472784,True,121,156,1060,0.084027777777777785,0.10833333333333334,0.73611111111111116,0.77564102564102566,1.053701015965167,0.11050228310502283,True,118,142,1073,0.081944444444444445,0.098611111111111108,0.74513888888888891,0.83098591549295775,1.1152094299253115,0.10756608933454877,True,0.76496305418719213,0.89049493813273339,100,1.0170240601562854,1.1973039789403681,100,0.58999999999999997,74,0.73999999999999999,100
395f8f9f8f7e,5c8a5905043c,"[""POS_ADJ_rate_alto""]","[""DEP_nsubj:pass_rate_baixo""]","[""DEP_nsubj:pass_rate_baixo"", ""POS_ADJ_rate_alto""]",843,1089,3138,0.19513888888888889,0.25208333333333333,0.72638888888888886,0.77410468319559234,1.0656890476115228,0.24911347517730498,True,284,362,1060,0.19722222222222222,0.25138888888888888,0.73611111111111116,0.78453038674033149,1.0657771291566767,0.24956063268892795,True,291,350,1073,0.20208333333333334,0.24305555555555555,0.74513888888888891,0.83142857142857141,1.1158034882172814,0.25706713780918727,True,0.7974528301886793,0.86643914863217397,100,1.0673799215441806,1.1676522050318756,100,1,83,0.82999999999999996,100
a4dfda82672f,c44390a7edde,"[""DEP_amod_rate_alto""]","[""POS_ADJ_rate_alto""]","[""DEP_amod_rate_alto"", ""POS_ADJ_rate_alto""]",832,1152,1089,0.19259259259259259,0.26666666666666666,0.25208333333333333,0.72222222222222221,2.8650137741046833,0.59048970901348474,True,276,374,362,0.19166666666666668,0.25972222222222224,0.25138888888888888,0.73796791443850263,2.9355629745619995,0.59999999999999998,True,272,377,350,0.18888888888888888,0.26180555555555557,0.24305555555555555,0.72148541114058351,2.9683971201212582,0.59780219780219779,True,0.67674004185510828,0.76994505370774879,100,2.7522303583472176,3.1993806354393199,100,1,100,1,100
4022a7b5dcf8,c44390a7edde,"[""POS_ADJ_rate_alto""]","[""DEP_amod_rate_alto""]","[""DEP_amod_rate_alto"", ""POS_ADJ_rate_alto""]",832,1089,1152,0.19259259259259259,0.25208333333333333,0.26666666666666666,0.76400367309458217,2.8650137741046833,0.59048970901348474,True,276,362,374,0.19166666666666668,0.25138888888888888,0.25972222222222224,0.76243093922651939,2.9355629745619995,0.59999999999999998,True,272,350,377,0.18888888888888888,0.24305555555555555,0.26180555555555557,0.77714285714285714,2.9683971201212582,0.59780219780219779,True,0.73148458143165984,0.82168757246758717,100,2.7522303583472176,3.1993806354393199,100,1,100,1,100
679c1c019611,e31526165276,"[""POS_ADJ_rate_alto""]","[""DEP_ccomp_rate_baixo""]","[""DEP_ccomp_rate_baixo"", ""POS_ADJ_rate_alto""]",705,1089,2561,0.16319444444444445,0.25208333333333333,0.59282407407407411,0.64738292011019283,1.0920321026458544,0.23938879456706283,True,232,362,842,0.16111111111111112,0.25138888888888888,0.58472222222222225,0.64088397790055252,1.0960486082859806,0.23868312757201646,True,228,350,849,0.15833333333333333,0.24305555555555555,0.58958333333333335,0.65142857142857147,1.1048965169106513,0.23480947476828012,True,0.59883076564864757,0.70739352020385871,100,1.0269282927834185,1.179822829777992,100,0.91000000000000003,99,0.98999999999999999,100
46440f577adc,64748c9e68b0,"[""POS_ADJ_rate_alto""]","[""uppercaseRatio_baixo""]","[""POS_ADJ_rate_alto"", ""uppercaseRatio_baixo""]",568,1089,1882,0.13148148148148148,0.25208333333333333,0.43564814814814817,0.52157943067033974,1.1972492776279851,0.2363712026633375,True,181,362,645,0.12569444444444444,0.25138888888888888,0.44791666666666669,0.5,1.1162790697674418,0.21912832929782083,True,187,350,629,0.12986111111111112,0.24305555555555555,0.43680555555555556,0.53428571428571425,1.2231660231660231,0.2361111111111111,True,0.48572686887254901,0.57793287566742946,100,1.1291675411115403,1.3329943788789917,100,0.89000000000000001,95,0.94999999999999996,100
2b0df111a026,1d5eea24f8e1,"[""DEP_amod_rate_alto"", ""DEP_nsubj:pass_rate_baixo""]","[""POS_ADJ_rate_alto""]","[""DEP_amod_rate_alto"", ""DEP_nsubj:pass_rate_baixo"", ""POS_ADJ_rate_alto""]",659,894,1089,0.15254629629629629,0.20694444444444443,0.25208333333333333,0.73713646532438482,2.9241777136835099,0.49773413897280966,True,212,279,362,0.14722222222222223,0.19375000000000001,0.25138888888888888,0.75985663082437271,3.0226341115665658,0.49417249417249415,True,225,304,350,0.15625,0.21111111111111111,0.24305555555555555,0.74013157894736847,3.0451127819548871,0.52447552447552448,True,0.68880680936869865,0.78516651359661382,100,2.8517650516284836,3.2494621783892637,100,1,100,1,100
9adf5f5ecb1e,1d5eea24f8e1,"[""DEP_nsubj:pass_rate_baixo"", ""POS_ADJ_rate_alto""]","[""DEP_amod_rate_alto""]","[""DEP_amod_rate_alto"", ""DEP_nsubj:pass_rate_baixo"", ""POS_ADJ_rate_alto""]",659,843,1152,0.15254629629629629,0.19513888888888889,0.26666666666666666,0.78173190984578889,2.9314946619217084,0.49326347305389223,True,212,284,374,0.14722222222222223,0.19722222222222222,0.25972222222222224,0.74647887323943662,2.8741432552534456,0.47533632286995514,True,225,291,377,0.15625,0.20208333333333334,0.26180555555555557,0.77319587628865982,2.9533211189805573,0.50790067720090293,True,0.72611127759464589,0.8169240953221536,100,2.7376938556705146,3.1674094482966328,100,1,100,1,100
f82d4b8c32d1,1d5eea24f8e1,"[""DEP_amod_rate_alto"", ""POS_ADJ_rate_alto""]","[""DEP_nsubj:pass_rate_baixo""]","[""DEP_amod_rate_alto"", ""DEP_nsubj:pass_rate_baixo"", ""POS_ADJ_rate_alto""]",659,832,3138,0.15254629629629629,0.19259259259259259,0.72638888888888886,0.79206730769230771,1.0904177084865421,0.19903352461491997,True,212,276,1060,0.14722222222222223,0.19166666666666668,0.73611111111111116,0.76811594202898548,1.0434782608695652,0.18861209964412812,False,225,272,1073,0.15625,0.18888888888888888,0.74513888888888891,0.82720588235294112,1.1101365056740311,0.20089285714285715,True,0.78788546589119102,0.86821428571428572,100,1.0509498165199169,1.1700915682232649,100,0.96999999999999997,97,0.96999999999999997,100
5d5e8090ddbd,1d5eea24f8e1,"[""DEP_amod_rate_alto""]","[""DEP_nsubj:pass_rate_baixo"", ""POS_ADJ_rate_alto""]","[""DEP_amod_rate_alto"", ""DEP_nsubj:pass_rate_baixo"", ""POS_ADJ_rate_alto""]",659,1152,843,0.15254629629629629,0.26666666666666666,0.19513888888888889,0.57204861111111116,2.9314946619217084,0.49326347305389223,True,212,374,284,0.14722222222222223,0.25972222222222224,0.19722222222222222,0.5668449197860963,2.8741432552534456,0.47533632286995514,True,225,377,291,0.15625,0.26180555555555557,0.20208333333333334,0.59681697612732099,2.9533211189805573,0.50790067720090293,True,0.54901566028765003,0.64891829689298042,100,2.7376938556705146,3.1674094482966328,100,1,100,1,100
6c4b3ea26713,1d5eea24f8e1,"[""POS_ADJ_rate_alto""]","[""DEP_amod_rate_alto"", ""DEP_nsubj:pass_rate_baixo""]","[""DEP_amod_rate_alto"", ""DEP_nsubj:pass_rate_baixo"", ""POS_ADJ_rate_alto""]",659,1089,894,0.15254629629629629,0.25208333333333333,0.20694444444444443,0.60514233241505966,2.9241777136835099,0.49773413897280966,True,212,362,279,0.14722222222222223,0.25138888888888888,0.19375000000000001,0.58563535911602205,3.0226341115665658,0.49417249417249415,True,225,350,304,0.15625,0.24305555555555555,0.21111111111111111,0.6428571428571429,3.0451127819548871,0.52447552447552448,True,0.59701388888888884,0.69695153974695623,100,2.8517650516284836,3.2494621783892637,100,1,100,1,100
9dd991d064e5,0449a19a868e,"[""DEP_amod_rate_alto"", ""POS_ADJ_rate_alto""]","[""DEP_ccomp_rate_baixo""]","[""DEP_amod_rate_alto"", ""DEP_ccomp_rate_baixo"", ""POS_ADJ_rate_alto""]",561,832,2561,0.12986111111111112,0.19259259259259259,0.59282407407407411,0.67427884615384615,1.1374012555191781,0.19809322033898305,True,184,276,842,0.12777777777777777,0.19166666666666668,0.58472222222222225,0.66666666666666663,1.1401425178147269,0.19700214132762311,True,182,272,849,0.12638888888888888,0.18888888888888888,0.58958333333333335,0.66911764705882348,1.1348991893577218,0.19382321618743345,True,0.60786630036630029,0.73376984126984124,100,1.0430387164798249,1.2271266985544587,100,0.95999999999999996,100,1,100
b5170c164a80,0449a19a868e,"[""DEP_amod_rate_alto"", ""DEP_ccomp_rate_baixo""]","[""POS_ADJ_rate_alto""]","[""DEP_amod_rate_alto"", ""DEP_ccomp_rate_baixo"", ""POS_ADJ_rate_alto""]",561,765,1089,0.12986111111111112,0.17708333333333334,0.25208333333333333,0.73333333333333328,2.9090909090909092,0.43387470997679817,True,184,243,362,0.12777777777777777,0.16875000000000001,0.25138888888888888,0.75720164609053497,3.0120728463269901,0.43705463182897863,True,182,251,350,0.12638888888888888,0.17430555555555555,0.24305555555555555,0.72509960159362552,2.9832669322709164,0.43436754176610981,True,0.66724030890369468,0.77993827160493823,100,2.7634147666116973,3.223561269286721,100,1,100,1,100
64cfc41cd29c,0449a19a868e,"[""DEP_ccomp_rate_baixo"", ""POS_ADJ_rate_alto""]","[""DEP_amod_rate_alto""]","[""DEP_amod_rate_alto"", ""DEP_ccomp_rate_baixo"", ""POS_ADJ_rate_alto""]",561,705,1152,0.12986111111111112,0.16319444444444445,0.26666666666666666,0.79574468085106387,2.9840425531914891,0.43287037037037035,True,184,232,374,0.12777777777777777,0.16111111111111112,0.25972222222222224,0.7931034482758621,3.0536603356075971,0.43601895734597157,True,182,228,377,0.12638888888888888,0.15833333333333333,0.26180555555555557,0.79824561403508776,3.0490018148820326,0.43026004728132389,True,0.74206495646877579,0.85669068450849195,100,2.8262138721294656,3.3588991547774922,100,1,100,1,100
aa24ffb4eb59,0449a19a868e,"[""POS_ADJ_rate_alto""]","[""DEP_amod_rate_alto"", ""DEP_ccomp_rate_baixo""]","[""DEP_amod_rate_alto"", ""DEP_ccomp_rate_baixo"", ""POS_ADJ_rate_alto""]",561,1089,765,0.12986111111111112,0.25208333333333333,0.17708333333333334,0.51515151515151514,2.9090909090909092,0.43387470997679817,True,184,362,243,0.12777777777777777,0.25138888888888888,0.16875000000000001,0.50828729281767959,3.0120728463269901,0.43705463182897863,True,182,350,251,0.12638888888888888,0.24305555555555555,0.17430555555555555,0.52000000000000002,2.9832669322709164,0.43436754176610981,True,0.46348893731143143,0.57678171641791043,100,2.7634147666116973,3.223561269286721,100,0.76000000000000001,62,0.62,100
0ab029b56051,e80ef7f9323c,"[""DEP_nsubj:pass_rate_baixo"", ""POS_ADJ_rate_alto""]","[""DEP_ccomp_rate_baixo""]","[""DEP_ccomp_rate_baixo"", ""DEP_nsubj:pass_rate_baixo"", ""POS_ADJ_rate_alto""]",550,843,2561,0.12731481481481483,0.19513888888888889,0.59282407407407411,0.65243179122182682,1.1005487458329917,0.19271198318149965,True,182,284,842,0.12638888888888888,0.19722222222222222,0.58472222222222225,0.64084507042253525,1.0959820681810579,0.19279661016949154,True,181,291,849,0.12569444444444444,0.20208333333333334,0.58958333333333335,0.62199312714776633,1.0549706750209464,0.18873826903023982,True,0.56634304207119746,0.68825567437800084,100,0.96966391328859691,1.1507804867405311,100,0.5,98,0.97999999999999998,100
08867be70ac9,e80ef7f9323c,"[""DEP_ccomp_rate_baixo"", ""POS_ADJ_rate_alto""]","[""DEP_nsubj:pass_rate_baixo""]","[""DEP_ccomp_rate_baixo"", ""DEP_nsubj:pass_rate_baixo"", ""POS_ADJ_rate_alto""]",550,705,3138,0.12731481481481483,0.16319444444444445,0.72638888888888886,0.78014184397163122,1.0740002440909646,0.16702095353780747,True,182,232,1060,0.12638888888888888,0.16111111111111112,0.73611111111111116,0.78448275862068961,1.0657124268054652,0.16396396396396395,True,181,228,1073,0.12569444444444444,0.15833333333333333,0.74513888888888891,0.79385964912280704,1.0653848040417913,0.16160714285714287,True,0.74292296918767509,0.84111569215392301,100,0.99614604527006922,1.1257095144574123,100,0.72999999999999998,90,0.90000000000000002,100
01cc0c52dba9,e80ef7f9323c,"[""POS_ADJ_rate_alto""]","[""DEP_ccomp_rate_baixo"", ""DEP_nsubj:pass_rate_baixo""]","[""DEP_ccomp_rate_baixo"", ""DEP_nsubj:pass_rate_baixo"", ""POS_ADJ_rate_alto""]",550,1089,1823,0.12731481481481483,0.25208333333333333,0.42199074074074072,0.50505050505050508,1.1968284047274722,0.23285351397121085,True,182,362,612,0.12638888888888888,0.25138888888888888,0.42499999999999999,0.50276243093922657,1.1829704257393565,0.22979797979797981,True,181,350,621,0.12569444444444444,0.24305555555555555,0.43125000000000002,0.51714285714285713,1.1991718426501035,0.22911392405063291,True,0.47198553275757743,0.58489583333333339,100,1.1018917299611444,1.3223430865080472,100,0.70999999999999996,63,0.63,100
7f0951dd1322,f879ebf22866,"[""DEP_advcl_rate_baixo"", ""DEP_amod_rate_alto""]","[""POS_ADJ_rate_alto""]","[""DEP_advcl_rate_baixo"", ""DEP_amod_rate_alto"", ""POS_ADJ_rate_alto""]",516,698,1089,0.11944444444444445,0.16157407407407406,0.25208333333333333,0.73925501432664753,2.9325818750148001,0.40597954366640443,True,185,245,362,0.12847222222222221,0.1701388888888889,0.25138888888888888,0.75510204081632648,3.0037208253467131,0.43838862559241704,True,167,222,350,0.11597222222222223,0.15416666666666667,0.24305555555555555,0.75225225225225223,3.0949806949806948,0.4123456790123457,True,0.69890309021895303,0.81385885663507107,100,2.8475014747710947,3.4323670428842239,100,1,100,1,100
656d9ba782d9,f879ebf22866,"[""DEP_advcl_rate_baixo"", ""POS_ADJ_rate_alto""]","[""DEP_amod_rate_alto""]","[""DEP_advcl_rate_baixo"", ""DEP_amod_rate_alto"", ""POS_ADJ_rate_alto""]",516,663,1152,0.11944444444444445,0.15347222222222223,0.26666666666666666,0.77828054298642535,2.9185520361990949,0.39722863741339492,True,185,224,374,0.12847222222222221,0.15555555555555556,0.25972222222222224,0.8258928571428571,3.1799083269671504,0.44794188861985473,True,167,208,377,0.11597222222222223,0.14444444444444443,0.26180555555555557,0.80288461538461542,3.0667210773311568,0.39952153110047844,True,0.75384615384615383,0.85310820183804392,100,2.8138351064992522,3.3609252237741747,100,1,100,1,100
38f3353a775e,f879ebf22866,"[""DEP_amod_rate_alto"", ""POS_ADJ_rate_alto""]","[""DEP_advcl_rate_baixo""]","[""DEP_advcl_rate_baixo"", ""DEP_amod_rate_alto"", ""POS_ADJ_rate_alto""]",516,832,2534,0.11944444444444445,0.19259259259259259,0.58657407407407403,0.62019230769230771,1.0573128528929634,0.18105263157894738,True,185,276,857,0.12847222222222221,0.19166666666666668,0.59513888888888888,0.67028985507246375,1.1262746689665668,0.19514767932489452,True,167,272,833,0.11597222222222223,0.18888888888888888,0.57847222222222228,0.61397058823529416,1.0613657227596922,0.17803837953091683,True,0.55996926948484049,0.66098608361476652,100,0.985051029123583,1.1404126180251772,100,0.59999999999999998,54,0.54000000000000004,100
5376054659a1,cfbb18507249,"[""DEP_advcl_rate_baixo"", ""POS_ADJ_rate_alto""]","[""DEP_nsubj:pass_rate_baixo""]","[""DEP_advcl_rate_baixo"", ""DEP_nsubj:pass_rate_baixo"", ""POS_ADJ_rate_alto""]",510,663,3138,0.11805555555555555,0.15347222222222223,0.72638888888888886,0.76923076923076927,1.058979261656126,0.15496809480401094,True,177,224,1060,0.12291666666666666,0.15555555555555556,0.73611111111111116,0.7901785714285714,1.0734501347708896,0.15989159891598917,True,174,208,1073,0.12083333333333333,0.14444444444444443,0.74513888888888891,0.83653846153846156,1.1226611226611227,0.15718157181571815,True,0.79197366437151329,0.88146919431279613,100,1.0569801507096912,1.1861007734958742,100,0.96999999999999997,69,0.68999999999999995,100
4c6216a0caaf,72a1ffe031c3,"[""DEP_advcl_rate_baixo"", ""POS_ADJ_rate_alto""]","[""DEP_ccomp_rate_baixo""]","[""DEP_advcl_rate_baixo"", ""DEP_ccomp_rate_baixo"", ""POS_ADJ_rate_alto""]",429,663,2561,0.09930555555555555,0.15347222222222223,0.59282407407407411,0.6470588235294118,1.0914854032202495,0.15348837209302327,True,148,224,842,0.10277777777777777,0.15555555555555556,0.58472222222222225,0.6607142857142857,1.1299626739056667,0.16122004357298475,True,138,208,849,0.09583333333333334,0.14444444444444443,0.58958333333333335,0.66346153846153844,1.1253057896167438,0.15016322089227421,True,0.60366787971652947,0.72901837167488814,100,1.035777937174855,1.2298338543840364,100,0.93000000000000005,94,0.93999999999999995,100
5d4727b012a4,a9025f569653,"[""DEP_amod_rate_alto"", ""uppercaseRatio_baixo""]","[""POS_ADJ_rate_alto""]","[""DEP_amod_rate_alto"", ""POS_ADJ_rate_alto"", ""uppercaseRatio_baixo""]",439,600,1089,0.10162037037037037,0.1388888888888889,0.25208333333333333,0.73166666666666669,2.902479338842975,0.35120000000000001,True,144,192,362,0.10000000000000001,0.13333333333333333,0.25138888888888888,0.75,2.9834254143646408,0.35121951219512193,True,147,190,350,0.10208333333333333,0.13194444444444445,0.24305555555555555,0.77368421052631575,3.183157894736842,0.37404580152671757,True,0.7205153778683191,0.83351556264964077,100,2.9124578372547378,3.4794129412237367,100,1,100,1,100
383cfa8699c9,a9025f569653,"[""POS_ADJ_rate_alto"", ""uppercaseRatio_baixo""]","[""DEP_amod_rate_alto""]","[""DEP_amod_rate_alto"", ""POS_ADJ_rate_alto"", ""uppercaseRatio_baixo""]",439,568,1152,0.10162037037037037,0.13148148148148148,0.26666666666666666,0.772887323943662,2.8983274647887325,0.34270101483216237,True,144,181,374,0.10000000000000001,0.12569444444444444,0.25972222222222224,0.79558011049723754,3.0631961473690432,0.35036496350364965,True,147,187,377,0.10208333333333333,0.12986111111111112,0.26180555555555557,0.78609625668449201,3.0025957815004469,0.35251798561151076,True,0.72462121212121211,0.84213826204955522,100,2.750727795470568,3.2752576561206919,100,1,100,1,100
6e53c5f330fc,a9025f569653,"[""DEP_amod_rate_alto"", ""POS_ADJ_rate_alto""]","[""uppercaseRatio_baixo""]","[""DEP_amod_rate_alto"", ""POS_ADJ_rate_alto"", ""uppercaseRatio_baixo""]",439,832,1882,0.10162037037037037,0.19259259259259259,0.43564814814814817,0.52764423076923073,1.2111706041036541,0.19296703296703296,True,144,276,645,0.10000000000000001,0.19166666666666668,0.44791666666666669,0.52173913043478259,1.1648129423660263,0.18532818532818532,True,147,272,629,0.10208333333333333,0.18888888888888888,0.43680555555555556,0.5404411764705882,1.2372580192649396,0.19496021220159152,True,0.48676886792452828,0.5934428879310345,100,1.1343035851100367,1.3510598949522359,100,0.91000000000000003,97,0.96999999999999997,100
a74b2e3c4ce2,616b37cbe7ec,"[""DEP_nsubj:pass_rate_baixo"", ""POS_ADJ_rate_alto""]","[""uppercaseRatio_baixo""]","[""DEP_nsubj:pass_rate_baixo"", ""POS_ADJ_rate_alto"", ""uppercaseRatio_baixo""]",432,843,1882,0.10000000000000001,0.19513888888888889,0.43564814814814817,0.51245551601423489,1.1763059666214106,0.18839947666812037,True,143,284,645,0.09930555555555555,0.19722222222222222,0.44791666666666669,0.50352112676056338,1.1241401899770718,0.18193384223918574,True,161,291,629,0.11180555555555556,0.20208333333333334,0.43680555555555556,0.5532646048109966,1.2666153114909937,0.21212121212121213,True,0.49498407643312103,0.59351765799256506,100,1.1424769182856294,1.3832769224432166,100,0.96999999999999997,81,0.81000000000000005,100
0f7cc5beef0a,231bbfa80568,"[""POS_ADJ_rate_alto"", ""uppercaseRatio_baixo""]","[""DEP_ccomp_rate_baixo""]","[""DEP_ccomp_rate_baixo"", ""POS_ADJ_rate_alto"", ""uppercaseRatio_baixo""]",387,568,2561,0.089583333333333334,0.13148148148148148,0.59282407407407411,0.68133802816901412,1.149308973717353,0.14113785557986872,True,121,181,842,0.084027777777777785,0.12569444444444444,0.58472222222222225,0.66850828729281764,1.1432920827810658,0.13414634146341464,True,127,187,849,0.08819444444444445,0.12986111111111112,0.58958333333333335,0.67914438502673802,1.1519056707167288,0.1397139713971397,True,0.61303211351755038,0.75203531653862177,100,1.0455535022525597,1.2586595984084403,100,0.88,100,1,100
bdbbd0a85df4,231bbfa80568,"[""DEP_ccomp_rate_baixo"", ""POS_ADJ_rate_alto""]","[""uppercaseRatio_baixo""]","[""DEP_ccomp_rate_baixo"", ""POS_ADJ_rate_alto"", ""uppercaseRatio_baixo""]",387,705,1882,0.089583333333333334,0.16319444444444445,0.43564814814814817,0.54893617021276597,1.2600447690324914,0.1759090909090909,True,121,232,645,0.084027777777777785,0.16111111111111112,0.44791666666666669,0.52155172413793105,1.1643945469125903,0.16005291005291006,True,127,228,629,0.08819444444444445,0.15833333333333333,0.43680555555555556,0.55701754385964908,1.2752070956405321,0.17397260273972603,True,0.49276610574529522,0.62147330289797531,100,1.1374488582844089,1.4321270817978597,100,0.85999999999999999,100,1,100
8198d01b4f01,361c69a5bf42,"[""POS_ADJ_rate_alto"", ""POS_NUM_rate_baixo""]","[""DEP_nsubj:pass_rate_baixo""]","[""DEP_nsubj:pass_rate_baixo"", ""POS_ADJ_rate_alto"", ""POS_NUM_rate_baixo""]",372,467,3138,0.08611111111111111,0.10810185185185185,0.72638888888888886,0.79657387580299788,1.0966217793081423,0.11506340859882462,True,122,151,1060,0.084722222222222227,0.10486111111111111,0.73611111111111116,0.80794701986754969,1.0975884043483695,0.11202938475665748,True,124,154,1073,0.08611111111111111,0.10694444444444444,0.74513888888888891,0.80519480519480524,1.0805969426659081,0.11242067089755213,True,0.73846548188653449,0.85572862621249712,100,0.99006041244820997,1.1493654063457734,100,0.71999999999999997,90,0.90000000000000002,100
dd854a90b319,7bab8d14b5e7,"[""POS_ADJ_rate_alto"", ""POS_NUM_rate_baixo""]","[""DEP_amod_rate_alto""]","[""DEP_amod_rate_alto"", ""POS_ADJ_rate_alto"", ""POS_NUM_rate_baixo""]",348,467,1152,0.080555555555555561,0.10810185185185185,0.26666666666666666,0.7451820128479657,2.7944325481798713,0.27380015735641228,True,119,151,374,0.082638888888888887,0.10486111111111111,0.25972222222222224,0.78807947019867552,3.0343166767007825,0.29310344827586204,True,121,154,377,0.084027777777777785,0.10694444444444444,0.26180555555555557,0.7857142857142857,3.0011367942402427,0.29512195121951218,True,0.73526866085029774,0.85988414634146337,100,2.7596721488715548,3.3136512095846733,100,0.76000000000000001,51,0.51000000000000001,100
04ca40696cc6,7bab8d14b5e7,"[""DEP_amod_rate_alto"", ""POS_NUM_rate_baixo""]","[""POS_ADJ_rate_alto""]","[""DEP_amod_rate_alto"", ""POS_ADJ_rate_alto"", ""POS_NUM_rate_baixo""]",348,491,1089,0.080555555555555561,0.1136574074074074,0.25208333333333333,0.70875763747454179,2.8116005453535542,0.28246753246753248,True,119,159,362,0.082638888888888887,0.11041666666666666,0.25138888888888888,0.74842767295597479,2.9771708537475243,0.29601990049751242,True,121,161,350,0.084027777777777785,0.11180555555555556,0.24305555555555555,0.75155279503105588,3.092102928127773,0.31025641025641026,True,0.69130375612411543,0.82808397664485278,100,2.7946196428623571,3.3594716081921487,100,0.76000000000000001,51,0.51000000000000001,100
a070c44ce3f8,09599e34026d,"[""DEP_acl:relcl_rate_baixo"", ""DEP_amod_rate_alto""]","[""POS_ADJ_rate_alto""]","[""DEP_acl:relcl_rate_baixo"", ""DEP_amod_rate_alto"", ""POS_ADJ_rate_alto""]",516,727,1089,0.11944444444444445,0.16828703703703704,0.25208333333333333,0.70976616231086653,2.8156013050348427,0.39692307692307693,True,163,225,362,0.11319444444444444,0.15625,0.25138888888888888,0.72444444444444445,2.8817679558011049,0.38443396226415094,True,159,221,350,0.11041666666666666,0.15347222222222223,0.24305555555555555,0.71945701357466063,2.9600517129928896,0.38592233009708737,True,0.65436164333087699,0.77886394468101139,100,2.7155065406916785,3.1870219428992317,100,1,100,1,100
296e372a6617,09599e34026d,"[""DEP_acl:relcl_rate_baixo"", ""POS_ADJ_rate_alto""]","[""DEP_amod_rate_alto""]","[""DEP_acl:relcl_rate_baixo"", ""DEP_amod_rate_alto"", ""POS_ADJ_rate_alto""]",516,652,1152,0.11944444444444445,0.15092592592592594,0.26666666666666666,0.79141104294478526,2.9677914110429446,0.40062111801242234,True,163,211,374,0.11319444444444444,0.14652777777777778,0.25972222222222224,0.77251184834123221,2.9743771700838888,0.38625592417061611,True,159,205,377,0.11041666666666666,0.1423611111111111,0.26180555555555557,0.775609756097561,2.9625412434495697,0.37588652482269502,True,0.71519529465509368,0.83411517007546754,100,2.7187386576154546,3.2222368603353853,100,1,100,1,100
a0df72b36d0d,1259e97818de,"[""POS_ADJ_rate_alto"", ""POS_PRON_rate_baixo""]","[""DEP_acl:relcl_rate_baixo""]","[""DEP_acl:relcl_rate_baixo"", ""POS_ADJ_rate_alto"", ""POS_PRON_rate_baixo""]",357,369,2625,0.082638888888888887,0.085416666666666669,0.60763888888888884,0.96747967479674801,1.5921951219512196,0.13538111490329921,True,100,107,865,0.069444444444444448,0.074305555555555555,0.60069444444444442,0.93457943925233644,1.5558316676570687,0.11467889908256881,False,111,116,838,0.077083333333333337,0.080555555555555561,0.58194444444444449,0.9568965517241379,1.6443091103612872,0.13167259786476868,False,0.92538115038115043,0.99183110367892979,100,1.5716342451925438,1.7236810448530675,100,0.38,81,0.81000000000000005,100
4804d93e9478,1259e97818de,"[""DEP_acl:relcl_rate_baixo"", ""POS_ADJ_rate_alto""]","[""POS_PRON_rate_baixo""]","[""DEP_acl:relcl_rate_baixo"", ""POS_ADJ_rate_alto"", ""POS_PRON_rate_baixo""]",357,652,1448,0.082638888888888887,0.15092592592592594,0.3351851851851852,0.5475460122699386,1.6335626885401484,0.20481927710843373,True,100,211,434,0.069444444444444448,0.14652777777777778,0.30138888888888887,0.47393364928909953,1.5724987441850307,0.1834862385321101,False,111,205,457,0.077083333333333337,0.1423611111111111,0.31736111111111109,0.54146341463414638,1.7061429257618617,0.2014519056261343,False,0.4852635504125869,0.62068181818181811,100,1.5393657290503426,1.9180548346175172,100,0.38,81,0.81000000000000005,100
e326c83039ac,2ae518b1157e,"[""DEP_advcl_rate_baixo"", ""punctuationDensity_spacy_baixo""]","[""DEP_ccomp_rate_baixo""]","[""DEP_advcl_rate_baixo"", ""DEP_ccomp_rate_baixo"", ""punctuationDensity_spacy_baixo""]",382,602,2561,0.088425925925925922,0.13935185185185187,0.59282407407407411,0.63455149501661134,1.0703875277125188,0.13736066163250629,True,126,201,842,0.087499999999999994,0.13958333333333334,0.58472222222222225,0.62686567164179108,1.0720743077959372,0.13740458015267176,True,119,203,849,0.082638888888888887,0.14097222222222222,0.58958333333333335,0.58620689655172409,0.99427318143048615,0.12754555198285103,False,0.52550062578222778,0.65397992530345472,100,0.88914937127919447,1.0923009892484452,100,0.13,72,0.71999999999999997,100
c7a30d04837d,25d548ee03bf,"[""DEP_advmod_rate_baixo"", ""punctuationDensity_spacy_baixo""]","[""POS_ADV_rate_baixo""]","[""DEP_advmod_rate_baixo"", ""POS_ADV_rate_baixo"", ""punctuationDensity_spacy_baixo""]",359,417,1278,0.083101851851851857,0.096527777777777782,0.29583333333333334,0.86091127098321341,2.9101226061404399,0.26871257485029942,True,114,127,443,0.079166666666666663,0.08819444444444445,0.30763888888888891,0.89763779527559051,2.9178294022502267,0.25,False,114,129,434,0.079166666666666663,0.089583333333333334,0.30138888888888887,0.88372093023255816,2.9321616118315292,0.25389755011135856,False,0.82592979753521123,0.94006428571428557,100,2.673758702987743,3.2040974694286906,100,0.46999999999999997,84,0.83999999999999997,100
ce8ff73ea2ff,25d548ee03bf,"[""POS_ADV_rate_baixo"", ""punctuationDensity_spacy_baixo""]","[""DEP_advmod_rate_baixo""]","[""DEP_advmod_rate_baixo"", ""POS_ADV_rate_baixo"", ""punctuationDensity_spacy_baixo""]",359,374,1409,0.083101851851851857,0.086574074074074067,0.3261574074074074,0.9598930481283422,2.9430361731117376,0.2521067415730337,True,114,120,487,0.079166666666666663,0.083333333333333329,0.33819444444444446,0.94999999999999996,2.8090349075975358,0.23123732251521298,False,114,119,479,0.079166666666666663,0.082638888888888887,0.33263888888888887,0.95798319327731096,2.8799494745706218,0.23553719008264462,False,0.91859809027777783,0.99194052189757276,100,2.6992102084836866,3.1310053596556768,100,0.46999999999999997,84,0.83999999999999997,100
ea8702d2521f,3f8cf2affce8,"[""POS_PRON_rate_baixo"", ""punctuationDensity_spacy_baixo""]","[""DEP_acl:relcl_rate_baixo""]","[""DEP_acl:relcl_rate_baixo"", ""POS_PRON_rate_baixo"", ""punctuationDensity_spacy_baixo""]",382,389,2625,0.088425925925925922,0.090046296296296291,0.60763888888888884,0.98200514138817485,1.6160998898273962,0.14513677811550152,True,92,97,865,0.063888888888888884,0.067361111111111108,0.60069444444444442,0.94845360824742264,1.5789285501459984,0.10574712643678161,False,117,122,838,0.081250000000000003,0.084722222222222227,0.58194444444444449,0.95901639344262291,1.647951797801166,0.13879003558718861,True,0.9236910148674855,0.98709534368070939,100,1.572553476861873,1.723813511494324,100,0.52000000000000002,100,1,100
3abede8b7731,3f8cf2affce8,"[""DEP_acl:relcl_rate_baixo"", ""punctuationDensity_spacy_baixo""]","[""POS_PRON_rate_baixo""]","[""DEP_acl:relcl_rate_baixo"", ""POS_PRON_rate_baixo"", ""punctuationDensity_spacy_baixo""]",382,626,1448,0.088425925925925922,0.1449074074074074,0.3351851851851852,0.61022364217252401,1.8205567225036627,0.22576832151300236,True,92,184,434,0.063888888888888884,0.12777777777777777,0.30138888888888887,0.5,1.6589861751152073,0.17490494296577946,False,117,190,457,0.081250000000000003,0.13194444444444445,0.31736111111111109,0.61578947368421055,1.9403431993550617,0.22075471698113208,True,0.5472913372721977,0.68922387317558276,100,1.7650630914411405,2.141193665440944,100,0.52000000000000002,100,1,100
b6bef6b6317b,fbf4877b8726,"[""POS_VERB_rate_alto""]","[""POS_NUM_rate_baixo""]","[""POS_NUM_rate_baixo"", ""POS_VERB_rate_alto""]",584,1124,1754,0.13518518518518519,0.26018518518518519,0.4060185185185185,0.5195729537366548,1.2796779704346344,0.25457715780296425,True,211,399,570,0.14652777777777778,0.27708333333333335,0.39583333333333331,0.52882205513784464,1.3359715077166601,0.27836411609498679,True,199,408,567,0.13819444444444445,0.28333333333333333,0.39374999999999999,0.48774509803921567,1.2387177093059445,0.25644329896907214,False,0.43585505806250491,0.54134615384615381,100,1.1317081991092588,1.3362573645796489,100,0.34000000000000002,93,0.93000000000000005,100
db3e97fd9a6b,957e27eb5351,"[""DEP_nsubj:pass_rate_baixo"", ""POS_VERB_rate_alto""]","[""POS_NUM_rate_baixo""]","[""DEP_nsubj:pass_rate_baixo"", ""POS_NUM_rate_baixo"", ""POS_VERB_rate_alto""]",438,843,1754,0.10138888888888889,0.19513888888888889,0.4060185185185185,0.5195729537366548,1.2796779704346344,0.20287169986104678,True,165,299,570,0.11458333333333333,0.2076388888888889,0.39583333333333331,0.55183946488294311,1.3941207533884878,0.234375,True,156,302,567,0.10833333333333334,0.20972222222222223,0.39374999999999999,0.51655629139072845,1.3118889940081992,0.2187938288920056,True,0.46082049306625578,0.58383917695669818,100,1.1876138414171333,1.4381261133072036,100,0.70999999999999996,90,0.90000000000000002,100
c55afc742e53,2a5b077f7b9b,"[""DEP_advcl_rate_baixo"", ""POS_VERB_rate_alto""]","[""DEP_nsubj:pass_rate_baixo""]","[""DEP_advcl_rate_baixo"", ""DEP_nsubj:pass_rate_baixo"", ""POS_VERB_rate_alto""]",359,466,3138,0.083101851851851857,0.10787037037037037,0.72638888888888886,0.77038626609442062,1.0605700030362961,0.11063174114021572,True,132,180,1060,0.09166666666666666,0.125,0.73611111111111116,0.73333333333333328,0.99622641509433962,0.11913357400722022,False,123,164,1073,0.085416666666666669,0.11388888888888889,0.74513888888888891,0.75,1.0065237651444547,0.11041292639138241,False,0.66694892198870981,0.80695153317526014,100,0.90731681583991275,1.0723293471439987,100,0.10000000000000001,44,0.44,100
10f25d2c559c,4f76f15a0b57,"[""DEP_nsubj:pass_rate_baixo"", ""POS_VERB_rate_alto""]","[""DEP_obj_rate_alto""]","[""DEP_nsubj:pass_rate_baixo"", ""DEP_obj_rate_alto"", ""POS_VERB_rate_alto""]",446,843,1156,0.10324074074074074,0.19513888888888889,0.2675925925925926,0.52906287069988134,1.9771207624770653,0.28718609143593044,True,156,299,382,0.10833333333333334,0.2076388888888889,0.26527777777777778,0.52173913043478259,1.9667653084452539,0.29714285714285715,True,165,302,402,0.11458333333333333,0.20972222222222223,0.27916666666666667,0.54635761589403975,1.9571019076801424,0.30612244897959184,True,0.49840160728255456,0.60781142067695137,100,1.8001706396662418,2.1676717943276871,100,0.95999999999999996,89,0.89000000000000001,100
e290ad4c9291,4f76f15a0b57,"[""DEP_obj_rate_alto"", ""POS_VERB_rate_alto""]","[""DEP_nsubj:pass_rate_baixo""]","[""DEP_nsubj:pass_rate_baixo"", ""DEP_obj_rate_alto"", ""POS_VERB_rate_alto""]",446,534,3138,0.10324074074074074,0.12361111111111112,0.72638888888888886,0.83520599250936334,1.1498055728618386,0.13825170489770613,True,156,191,1060,0.10833333333333334,0.13263888888888889,0.73611111111111116,0.81675392670157065,1.1095525041983603,0.14246575342465753,True,165,201,1073,0.11458333333333333,0.13958333333333334,0.74513888888888891,0.82089552238805974,1.1016678026456719,0.14878268710550044,True,0.75663087056128286,0.87122688134252946,100,1.0291568048335622,1.1730400450593335,100,0.92000000000000004,100,1,100
6e40f97f505d,fa79869ad1f8,"[""POS_VERB_rate_alto"", ""uppercaseRatio_baixo""]","[""DEP_nsubj:pass_rate_baixo""]","[""DEP_nsubj:pass_rate_baixo"", ""POS_VERB_rate_alto"", ""uppercaseRatio_baixo""]",404,529,3138,0.093518518518518515,0.1224537037037037,0.72638888888888886,0.76370510396975422,1.0513722272623769,0.12381244253754214,True,137,185,1060,0.095138888888888884,0.12847222222222221,0.73611111111111116,0.74054054054054053,1.0060173380928097,0.12364620938628158,False,135,185,1073,0.09375,0.12847222222222221,0.74513888888888891,0.72972972972972971,0.97932042014055065,0.12021371326803205,False,0.66935028248587569,0.79036099799625104,100,0.90826297261681432,1.0530932046000228,100,0.040000000000000001,50,0.5,100
aaad49b7c878,d1280945c7ef,"[""DEP_nsubj_rate_alto""]","[""DEP_nsubj:pass_rate_baixo""]","[""DEP_nsubj:pass_rate_baixo"", ""DEP_nsubj_rate_alto""]",959,1112,3138,0.22199074074074074,0.25740740740740742,0.72638888888888886,0.86241007194244601,1.1872566955995434,0.29140079003342451,True,357,402,1060,0.24791666666666667,0.27916666666666667,0.73611111111111116,0.88805970149253732,1.2064207265558997,0.32307692307692309,True,352,396,1073,0.24444444444444444,0.27500000000000002,0.74513888888888891,0.88888888888888884,1.1929170549860204,0.31512981199641898,True,0.85319303562592774,0.91873666125286912,100,1.1526318109633296,1.2334602321497241,100,1,100,1,100
b5c38ea6a586,06fac3e25806,"[""DEP_advcl_rate_baixo"", ""DEP_nsubj_rate_alto""]","[""DEP_nsubj:pass_rate_baixo""]","[""DEP_advcl_rate_baixo"", ""DEP_nsubj:pass_rate_baixo"", ""DEP_nsubj_rate_alto""]",573,664,3138,0.13263888888888889,0.1537037037037037,0.72638888888888886,0.86295180722891562,1.1880024879633255,0.17745432022297924,True,205,230,1060,0.1423611111111111,0.15972222222222221,0.73611111111111116,0.89130434782608692,1.2108285479901559,0.1889400921658986,True,205,228,1073,0.1423611111111111,0.15833333333333333,0.74513888888888891,0.89912280701754388,1.2066512973953991,0.18704379562043796,True,0.85117687640768624,0.93185763888888884,100,1.1424787571523931,1.258064324946623,100,1,100,1,100
baf5e47d0bae,06fac3e25806,"[""DEP_nsubj_rate_alto""]","[""DEP_advcl_rate_baixo"", ""DEP_nsubj:pass_rate_baixo""]","[""DEP_advcl_rate_baixo"", ""DEP_nsubj:pass_rate_baixo"", ""DEP_nsubj_rate_alto""]",573,1112,1844,0.13263888888888889,0.25740740740740742,0.42685185185185187,0.51528776978417268,1.2071817600149815,0.2404532102391943,True,205,402,631,0.1423611111111111,0.27916666666666667,0.43819444444444444,0.50995024875621886,1.1637533410601508,0.24758454106280192,True,205,396,636,0.1423611111111111,0.27500000000000002,0.44166666666666665,0.51767676767676762,1.1720983419096627,0.2478839177750907,True,0.47069730172927848,0.56160887716837082,100,1.0775086501904751,1.2516480290273513,100,0.73999999999999999,85,0.84999999999999998,100
1c1058c9853c,2160c7b7c84e,"[""DEP_nsubj_rate_alto"", ""POS_NUM_rate_baixo""]","[""DEP_nsubj:pass_rate_baixo""]","[""DEP_nsubj:pass_rate_baixo"", ""DEP_nsubj_rate_alto"", ""POS_NUM_rate_baixo""]",453,533,3138,0.10486111111111111,0.12337962962962963,0.72638888888888886,0.84990619136960599,1.170042940317622,0.14077066500932256,True,167,182,1060,0.11597222222222223,0.12638888888888888,0.73611111111111116,0.91758241758241754,1.2465270578478125,0.15534883720930232,True,164,181,1073,0.11388888888888889,0.12569444444444444,0.74513888888888891,0.90607734806629836,1.2159845118503911,0.15045871559633028,True,0.8677976190476191,0.93632941009642656,100,1.1590964775256107,1.2580745333287622,100,1,100,1,100
645bf5fb43a4,23e76cd151c7,"[""DEP_nsubj_rate_alto"", ""POS_PRON_rate_alto""]","[""DEP_nsubj:pass_rate_baixo""]","[""DEP_nsubj:pass_rate_baixo"", ""DEP_nsubj_rate_alto"", ""POS_PRON_rate_alto""]",433,496,3138,0.10023148148148148,0.11481481481481481,0.72638888888888886,0.87298387096774188,1.2018133596496638,0.1352702280537332,True,164,184,1060,0.11388888888888889,0.12777777777777777,0.73611111111111116,0.89130434782608692,1.2108285479901559,0.15185185185185185,True,160,180,1073,0.1111111111111111,0.125,0.74513888888888891,0.88888888888888884,1.1929170549860204,0.1463860933211345,True,0.84028738471673248,0.93875512295081964,100,1.131683305871978,1.2577036227673166,100,1,100,1,100
caf98cd5b7c8,7e7fea1e501c,"[""DEP_nsubj_rate_alto"", ""POS_VERB_rate_alto""]","[""DEP_nsubj:pass_rate_baixo""]","[""DEP_nsubj:pass_rate_baixo"", ""DEP_nsubj_rate_alto"", ""POS_VERB_rate_alto""]",400,482,3138,0.092592592592592587,0.11157407407407408,0.72638888888888886,0.82987551867219922,1.1424672532389739,0.12422360248447205,True,154,180,1060,0.10694444444444444,0.125,0.73611111111111116,0.85555555555555551,1.1622641509433962,0.14180478821362799,True,144,163,1073,0.10000000000000001,0.11319444444444444,0.74513888888888891,0.8834355828220859,1.185598545446229,0.13186813186813187,True,0.82281771849924101,0.92842860804921812,100,1.1139838399813904,1.2408029808029808,100,0.98999999999999999,100,1,100
b652cad83ee2,bfe7b86c2365,"[""DEP_ccomp_rate_baixo"", ""DEP_nsubj_rate_alto""]","[""DEP_nsubj:pass_rate_baixo""]","[""DEP_ccomp_rate_baixo"", ""DEP_nsubj:pass_rate_baixo"", ""DEP_nsubj_rate_alto""]",375,418,3138,0.086805555555555552,0.096759259259259253,0.72638888888888886,0.89712918660287078,1.2350535647305296,0.11788745677459918,True,152,168,1060,0.10555555555555556,0.11666666666666667,0.73611111111111116,0.90476190476190477,1.2291105121293802,0.14126394052044611,True,139,156,1073,0.096527777777777782,0.10833333333333334,0.74513888888888891,0.89102564102564108,1.1957846440605062,0.12752293577981652,True,0.83231589147286822,0.93508328062407753,100,1.1232456106064714,1.2563849069039381,100,0.98999999999999999,89,0.89000000000000001,100
9700fe6ef79c,7b1c840ceeb3,"[""DEP_acl:relcl_rate_baixo"", ""DEP_nsubj_rate_alto""]","[""DEP_nsubj:pass_rate_baixo""]","[""DEP_acl:relcl_rate_baixo"", ""DEP_nsubj:pass_rate_baixo"", ""DEP_nsubj_rate_alto""]",447,506,3138,0.10347222222222222,0.11712962962962963,0.72638888888888886,0.88339920948616601,1.2161518753920451,0.13981857991867375,True,174,192,1060,0.12083333333333333,0.13333333333333333,0.73611111111111116,0.90625,1.2311320754716981,0.16141001855287571,True,158,168,1073,0.10972222222222222,0.11666666666666667,0.74513888888888891,0.94047619047619047,1.2621488483557448,0.1458910433979686,True,0.90578579418344518,0.97448675334832335,100,1.2038107789811894,1.3138404566183672,100,1,100,1,100
86fb0aede1b7,02533c1b2057,"[""DEP_nsubj_rate_alto"", ""uppercaseRatio_baixo""]","[""DEP_nsubj:pass_rate_baixo""]","[""DEP_nsubj:pass_rate_baixo"", ""DEP_nsubj_rate_alto"", ""uppercaseRatio_baixo""]",451,522,3138,0.10439814814814814,0.12083333333333333,0.72638888888888886,0.86398467432950188,1.1894244082547636,0.14054222499220942,True,156,175,1060,0.10833333333333334,0.12152777777777778,0.73611111111111116,0.89142857142857146,1.2109973045822102,0.14457831325301204,True,160,183,1073,0.1111111111111111,0.12708333333333333,0.74513888888888891,0.87431693989071035,1.1733610376911676,0.145985401459854,True,0.82604018912529553,0.91905303030303032,100,1.1137850919180858,1.2311826906614316,100,1,100,1,100
5058ece01ff9,974aa353137f,"[""DEP_obl_rate_alto""]","[""DEP_ccomp_rate_baixo""]","[""DEP_ccomp_rate_baixo"", ""DEP_obl_rate_alto""]",711,1094,2561,0.16458333333333333,0.25324074074074077,0.59282407407407411,0.64990859232175502,1.0962925102811329,0.24150815217391305,True,233,373,842,0.16180555555555556,0.2590277777777778,0.58472222222222225,0.62466487935656834,1.0683104825100456,0.23727087576374745,True,263,404,849,0.18263888888888888,0.28055555555555556,0.58958333333333335,0.65099009900990101,1.1041528181086659,0.26565656565656565,True,0.60647390239657917,0.70124961636828642,100,1.037116617815711,1.187614241659658,100,0.92000000000000004,98,0.97999999999999998,100
ddbae46b73a4,11fe1de5178b,"[""DEP_nsubj:pass_rate_baixo"", ""DEP_obl_rate_alto""]","[""DEP_advcl_rate_baixo""]","[""DEP_advcl_rate_baixo"", ""DEP_nsubj:pass_rate_baixo"", ""DEP_obl_rate_alto""]",460,742,2534,0.10648148148148148,0.17175925925925925,0.58657407407407403,0.61994609164420489,1.0568931001984865,0.16335227272727273,True,161,258,857,0.11180555555555556,0.17916666666666667,0.59513888888888888,0.62403100775193798,1.0485468508317277,0.16876310272536688,False,169,281,833,0.11736111111111111,0.19513888888888889,0.57847222222222228,0.60142348754448394,1.0396756567395642,0.17883597883597885,False,0.54013389581804838,0.66055783203785057,100,0.95303878191423586,1.1111022193752775,100,0.34999999999999998,58,0.57999999999999996,100
f50572105113,ee0182ca4b71,"[""DEP_advcl_rate_baixo"", ""DEP_obl_rate_alto""]","[""DEP_ccomp_rate_baixo""]","[""DEP_advcl_rate_baixo"", ""DEP_ccomp_rate_baixo"", ""DEP_obl_rate_alto""]",436,673,2561,0.10092592592592593,0.15578703703703703,0.59282407407407411,0.64784546805349186,1.0928123475170186,0.15582558970693353,True,151,233,842,0.10486111111111111,0.16180555555555556,0.58472222222222225,0.64806866952789699,1.1083359668885648,0.16341991341991341,True,148,234,849,0.10277777777777777,0.16250000000000001,0.58958333333333335,0.63247863247863245,1.0727552777022742,0.15828877005347594,True,0.57110668301655421,0.69794563403781984,100,0.97551624183655483,1.1849773786507436,100,0.72999999999999998,94,0.93999999999999995,100
140d18c4244c,1ea3caa1f7d9,"[""DEP_acl:relcl_rate_baixo"", ""DEP_obl_rate_alto""]","[""DEP_ccomp_rate_baixo""]","[""DEP_acl:relcl_rate_baixo"", ""DEP_ccomp_rate_baixo"", ""DEP_obl_rate_alto""]",440,662,2561,0.10185185185185185,0.15324074074074073,0.59282407407407411,0.66465256797583083,1.121163254063096,0.15810276679841898,True,133,218,842,0.092361111111111116,0.15138888888888888,0.58472222222222225,0.61009174311926606,1.0433873041469632,0.14347357065803668,False,141,220,849,0.097916666666666666,0.15277777777777779,0.58958333333333335,0.64090909090909087,1.0870542884677161,0.15193965517241378,True,0.57883616359136469,0.69308982683982678,100,0.99647842913890194,1.1752129420302739,100,0.76000000000000001,100,1,100
809b2dae48b5,b2197340b358,"[""DEP_obl_rate_alto"", ""POS_PRON_rate_baixo""]","[""DEP_acl:relcl_rate_baixo""]","[""DEP_acl:relcl_rate_baixo"", ""DEP_obl_rate_alto"", ""POS_PRON_rate_baixo""]",352,359,2625,0.081481481481481488,0.083101851851851857,0.60763888888888884,0.98050139275766013,1.613625149224035,0.1337386018237082,True,101,103,865,0.07013888888888889,0.071527777777777773,0.60069444444444442,0.98058252427184467,1.6324148380941692,0.11649365628604383,False,101,105,838,0.07013888888888889,0.072916666666666671,0.58194444444444449,0.96190476190476193,1.6529151039890897,0.11995249406175772,False,0.92443019943019944,0.99091360476663359,100,1.5620275917853772,1.7344173189480614,100,0.02,62,0.62,100
e464805e0ac9,b2197340b358,"[""DEP_acl:relcl_rate_baixo"", ""DEP_obl_rate_alto""]","[""POS_PRON_rate_baixo""]","[""DEP_acl:relcl_rate_baixo"", ""DEP_obl_rate_alto"", ""POS_PRON_rate_baixo""]",352,662,1448,0.081481481481481488,0.15324074074074073,0.3351851851851852,0.53172205438066467,1.5863530904174525,0.20022753128555176,True,101,218,434,0.07013888888888889,0.15138888888888888,0.30138888888888887,0.46330275229357798,1.5372257218957426,0.18330308529945555,False,101,220,457,0.07013888888888889,0.15277777777777779,0.31736111111111109,0.45909090909090911,1.4465884225184007,0.17534722222222221,False,0.40123045768192273,0.50332922743397712,100,1.2962052180544661,1.5799888825172621,100,0.01,62,0.62,100
58f2585b6892,955c07a3d79c,"[""POS_PROPN_rate_baixo""]","[""uppercaseRatio_baixo""]","[""POS_PROPN_rate_baixo"", ""uppercaseRatio_baixo""]",713,1088,1882,0.1650462962962963,0.25185185185185183,0.43564814814814817,0.65533088235294112,1.5042664249546791,0.31590607000443066,True,227,359,645,0.15763888888888888,0.24930555555555556,0.44791666666666669,0.63231197771587744,1.4116732525749822,0.29214929214929214,True,237,344,629,0.16458333333333333,0.2388888888888889,0.43680555555555556,0.68895348837209303,1.5772544089917551,0.32201086956521741,True,0.6430555555555556,0.73242052250550826,100,1.4784081603222592,1.6819384511174147,100,1,100,1,100
f5e829055ee4,3827d0dd8fe9,"[""POS_NOUN_rate_alto""]","[""POS_PROPN_rate_baixo""]","[""POS_NOUN_rate_alto"", ""POS_PROPN_rate_baixo""]",556,1092,1088,0.12870370370370371,0.25277777777777777,0.25185185185185183,0.50915750915750912,2.0216548157724628,0.34236453201970446,True,173,333,359,0.12013888888888889,0.23125000000000001,0.24930555555555556,0.51951951951951947,2.0838665964014154,0.33333333333333331,True,159,357,344,0.11041666666666666,0.24791666666666667,0.2388888888888889,0.44537815126050423,1.8643736564393198,0.29335793357933582,False,0.39349455040871933,0.4917818861466402,100,1.7117239325376461,2.0437424500603996,100,0,81,0.81000000000000005,100
1a7ef3000b3a,3827d0dd8fe9,"[""POS_PROPN_rate_baixo""]","[""POS_NOUN_rate_alto""]","[""POS_NOUN_rate_alto"", ""POS_PROPN_rate_baixo""]",556,1088,1092,0.12870370370370371,0.25185185185185183,0.25277777777777777,0.51102941176470584,2.0216548157724628,0.34236453201970446,True,173,359,333,0.12013888888888889,0.24930555555555556,0.23125000000000001,0.48189415041782729,2.0838665964014154,0.33333333333333331,False,159,344,357,0.11041666666666666,0.2388888888888889,0.24791666666666667,0.46220930232558138,1.8643736564393198,0.29335793357933582,False,0.40315692181295359,0.50747036859413541,100,1.7117239325376461,2.0437424500603996,100,0.050000000000000003,89,0.89000000000000001,100
b74f2e5e05ec,14f2b18daa3c,"[""DEP_ccomp_rate_baixo"", ""POS_PROPN_rate_baixo""]","[""uppercaseRatio_baixo""]","[""DEP_ccomp_rate_baixo"", ""POS_PROPN_rate_baixo"", ""uppercaseRatio_baixo""]",435,661,1882,0.10069444444444445,0.15300925925925926,0.43564814814814817,0.65809379727685324,1.5106085038448491,0.20635673624288425,True,142,225,645,0.098611111111111108,0.15625,0.44791666666666669,0.63111111111111107,1.4089922480620154,0.19505494505494506,True,152,215,629,0.10555555555555556,0.14930555555555555,0.43680555555555556,0.7069767441860465,1.6185159167375309,0.21965317919075145,True,0.65086477987421387,0.75999096181366277,100,1.4766208623374835,1.7511930197477599,100,1,100,1,100
60587117e65e,21b26f86c64a,"[""DEP_advcl_rate_baixo"", ""POS_PROPN_rate_baixo""]","[""uppercaseRatio_baixo""]","[""DEP_advcl_rate_baixo"", ""POS_PROPN_rate_baixo"", ""uppercaseRatio_baixo""]",365,579,1882,0.084490740740740741,0.13402777777777777,0.43564814814814817,0.63039723661485314,1.447032976714222,0.17414122137404581,True,129,203,645,0.089583333333333334,0.14097222222222222,0.44791666666666669,0.6354679802955665,1.4187192118226601,0.17941585535465926,True,127,178,629,0.08819444444444445,0.12361111111111112,0.43680555555555556,0.7134831460674157,1.6334113359889963,0.18676470588235294,True,0.65268895348837208,0.76686563436563426,100,1.4702887231902999,1.7942837810492887,100,0.88,94,0.93999999999999995,100
01980716ae1c,1949a1f6475b,"[""DEP_nsubj:pass_rate_baixo"", ""POS_PROPN_rate_baixo""]","[""uppercaseRatio_baixo""]","[""DEP_nsubj:pass_rate_baixo"", ""POS_PROPN_rate_baixo"", ""uppercaseRatio_baixo""]",523,796,1882,0.12106481481481482,0.18425925925925926,0.43564814814814817,0.65703517587939697,1.5081785121142375,0.24269141531322505,True,163,259,645,0.11319444444444444,0.17986111111111111,0.44791666666666669,0.62934362934362931,1.4050462422555445,0.21997300944669365,True,182,267,629,0.12638888888888888,0.18541666666666667,0.43680555555555556,0.68164794007490637,1.5605294653543167,0.25490196078431371,True,0.63154910307084222,0.74018619691497267,100,1.4533572893075966,1.6979577218854496,100,1,100,1,100
41c676a20bdc,76121fac8398,"[""DEP_advmod_rate_alto"", ""POS_PROPN_rate_baixo""]","[""POS_ADV_rate_alto""]","[""DEP_advmod_rate_alto"", ""POS_ADV_rate_alto"", ""POS_PROPN_rate_baixo""]",362,416,1181,0.083796296296296299,0.096296296296296297,0.27337962962962964,0.87019230769230771,3.1830912525239365,0.29311740890688259,True,125,135,383,0.086805555555555552,0.09375,0.26597222222222222,0.92592592592592593,3.4812880765883376,0.31806615776081426,True,132,146,372,0.09166666666666666,0.10138888888888889,0.25833333333333336,0.90410958904109584,3.4997790543526293,0.34196891191709844,True,0.85253930817610069,0.94877060729885865,100,3.1813035150411291,3.7937836515607395,100,0.94999999999999996,75,0.75,100
f6036e82b3f4,76121fac8398,"[""POS_ADV_rate_alto"", ""POS_PROPN_rate_baixo""]","[""DEP_advmod_rate_alto""]","[""DEP_advmod_rate_alto"", ""POS_ADV_rate_alto"", ""POS_PROPN_rate_baixo""]",362,428,1166,0.083796296296296299,0.099074074074074078,0.26990740740740743,0.84579439252336452,3.1336464628652956,0.29383116883116883,True,125,141,383,0.086805555555555552,0.097916666666666666,0.26597222222222222,0.88652482269503541,3.3331481584356424,0.31328320802005011,True,132,140,366,0.09166666666666666,0.097222222222222224,0.25416666666666665,0.94285714285714284,3.7096018735362999,0.35294117647058826,True,0.90160610665929819,0.98496572820483774,100,3.3342740709500878,4.0313313965137247,100,0.94999999999999996,75,0.75,100
8e411d1b127a,63af8df0cdf8,"[""DEP_nsubj:pass_rate_baixo"", ""POS_NOUN_rate_alto""]","[""POS_PROPN_rate_baixo""]","[""DEP_nsubj:pass_rate_baixo"", ""POS_NOUN_rate_alto"", ""POS_PROPN_rate_baixo""]",412,821,1088,0.095370370370370369,0.1900462962962963,0.25185185185185183,0.50182704019488433,1.9925485419502758,0.27521710086840345,True,129,258,359,0.089583333333333334,0.17916666666666667,0.24930555555555556,0.5,2.0055710306406684,0.26434426229508196,True,121,277,344,0.084027777777777785,0.19236111111111112,0.2388888888888889,0.43682310469314078,1.828561833599194,0.24199999999999999,False,0.37121973953683768,0.4867421386019154,100,1.6427264062925364,2.0026420514225389,100,0.01,63,0.63,100
6392fc6be8ee,63af8df0cdf8,"[""DEP_nsubj:pass_rate_baixo"", ""POS_PROPN_rate_baixo""]","[""POS_NOUN_rate_alto""]","[""DEP_nsubj:pass_rate_baixo"", ""POS_NOUN_rate_alto"", ""POS_PROPN_rate_baixo""]",412,796,1092,0.095370370370370369,0.18425925925925926,0.25277777777777777,0.51758793969849248,2.0476006405654648,0.2791327913279133,True,129,259,333,0.089583333333333334,0.17986111111111111,0.23125000000000001,0.49806949806949807,2.1538140457059378,0.27861771058315332,False,121,267,357,0.084027777777777785,0.18541666666666667,0.24791666666666667,0.45318352059925093,1.8279671419129448,0.24055666003976142,False,0.39805873550861492,0.49207160961622159,100,1.6370319356775462,2.016276218151436,100,0,93,0.93000000000000005,100
ad056bd1509b,23e40fe6924d,"[""POS_NOUN_rate_alto"", ""uppercaseRatio_baixo""]","[""POS_PROPN_rate_baixo""]","[""POS_NOUN_rate_alto"", ""POS_PROPN_rate_baixo"", ""uppercaseRatio_baixo""]",363,576,1088,0.084027777777777785,0.13333333333333333,0.25185185185185183,0.63020833333333337,2.5022977941176472,0.27901614142966946,True,115,178,359,0.079861111111111105,0.12361111111111112,0.24930555555555556,0.6460674157303371,2.5914681856592909,0.27251184834123221,False,112,182,344,0.077777777777777779,0.12638888888888888,0.2388888888888889,0.61538461538461542,2.5760286225402504,0.27053140096618356,False,0.54849407550289342,0.66941906580493538,100,2.3256205724262435,2.8489763670587891,100,0.35999999999999999,92,0.92000000000000004,100
4c2d6bec5732,23e40fe6924d,"[""POS_PROPN_rate_baixo"", ""uppercaseRatio_baixo""]","[""POS_NOUN_rate_alto""]","[""POS_NOUN_rate_alto"", ""POS_PROPN_rate_baixo"", ""uppercaseRatio_baixo""]",363,713,1092,0.084027777777777785,0.1650462962962963,0.25277777777777777,0.50911640953716686,2.0140868948723085,0.25173370319001387,True,115,227,333,0.079861111111111105,0.15763888888888888,0.23125000000000001,0.50660792951541855,2.1907369924991071,0.25842696629213485,False,112,237,357,0.077777777777777779,0.16458333333333333,0.24791666666666667,0.47257383966244726,1.906180193596426,0.23236514522821577,False,0.405391064727955,0.52219085705324242,100,1.7317401023847732,2.1048500071681921,100,0.12,74,0.73999999999999999,100
d22dba7f65e2,23e40fe6924d,"[""POS_NOUN_rate_alto"", ""POS_PROPN_rate_baixo""]","[""uppercaseRatio_baixo""]","[""POS_NOUN_rate_alto"", ""POS_PROPN_rate_baixo"", ""uppercaseRatio_baixo""]",363,556,1882,0.084027777777777785,0.12870370370370371,0.43564814814814817,0.65287769784172667,1.4986353106675128,0.17493975903614459,True,115,173,645,0.079861111111111105,0.12013888888888889,0.44791666666666669,0.66473988439306353,1.4840704395752118,0.16358463726884778,False,112,159,629,0.077777777777777779,0.11041666666666666,0.43680555555555556,0.70440251572327039,1.6126226115127336,0.16568047337278108,False,0.64962614308768152,0.77578616352201257,100,1.4694385616163432,1.7846537137906935,100,0.35999999999999999,92,0.92000000000000004,100
5c39aadcf927,624c418f9284,"[""DEP_ccomp_rate_baixo"", ""POS_NOUN_rate_alto""]","[""POS_PROPN_rate_baixo""]","[""DEP_ccomp_rate_baixo"", ""POS_NOUN_rate_alto"", ""POS_PROPN_rate_baixo""]",371,729,1088,0.085879629629629625,0.16875000000000001,0.25185185185185183,0.5089163237311386,2.0206971677559911,0.25656984785615489,True,122,233,359,0.084722222222222227,0.16180555555555556,0.24930555555555556,0.52360515021459231,2.100254641529284,0.25957446808510637,True,104,239,344,0.072222222222222215,0.16597222222222222,0.2388888888888889,0.43514644351464438,1.8215432519217671,0.21711899791231734,False,0.37079918032786885,0.49096540976905778,100,1.5631203125601005,2.0333205064272724,100,0.01,78,0.78000000000000003,100
f41c8a789ada,624c418f9284,"[""POS_NOUN_rate_alto"", ""POS_PROPN_rate_baixo""]","[""DEP_ccomp_rate_baixo""]","[""DEP_ccomp_rate_baixo"", ""POS_NOUN_rate_alto"", ""POS_PROPN_rate_baixo""]",371,556,2561,0.085879629629629625,0.12870370370370371,0.59282407407407411,0.66726618705035967,1.1255720140794823,0.13510560815731973,True,122,173,842,0.084722222222222227,0.12013888888888889,0.58472222222222225,0.7052023121387283,1.2060467095959249,0.1366181410974244,True,104,159,849,0.072222222222222215,0.11041666666666666,0.58958333333333335,0.65408805031446537,1.109407293819588,0.11504424778761062,False,0.56111934900542493,0.71169864108713032,100,0.96673489706927351,1.2061447273656576,100,0.12,100,1,100
26c62dc99ff3,624c418f9284,"[""DEP_ccomp_rate_baixo"", ""POS_PROPN_rate_baixo""]","[""POS_NOUN_rate_alto""]","[""DEP_ccomp_rate_baixo"", ""POS_NOUN_rate_alto"", ""POS_PROPN_rate_baixo""]",371,661,1092,0.085879629629629625,0.15300925925925926,0.25277777777777777,0.56127080181543121,2.2204119632258816,0.26845151953690305,True,122,225,333,0.084722222222222227,0.15625,0.23125000000000001,0.54222222222222227,2.3447447447447449,0.27981651376146788,True,104,215,357,0.072222222222222215,0.14930555555555555,0.24791666666666667,0.48372093023255813,1.9511432479968731,0.22222222222222221,False,0.42348835804060586,0.54301889785639201,100,1.6838001712119359,2.2015625723145273,100,0.10000000000000001,100,1,100
b8e3def79042,6547cf7b5dc6,"[""POS_ADV_rate_alto"", ""POS_NOUN_rate_baixo""]","[""DEP_advmod_rate_alto""]","[""DEP_advmod_rate_alto"", ""POS_ADV_rate_alto"", ""POS_NOUN_rate_baixo""]",366,405,1166,0.084722222222222227,0.09375,0.26990740740740743,0.90370370370370368,3.3481989708404805,0.30373443983402487,True,120,141,383,0.083333333333333329,0.097916666666666666,0.26597222222222222,0.85106382978723405,3.1998222320982168,0.29702970297029702,True,104,121,366,0.072222222222222215,0.084027777777777785,0.25416666666666665,0.85950413223140498,3.3816556022219211,0.27154046997389036,False,0.8149626517273576,0.91153665413533835,100,3.0915052069021596,3.7573052938993885,100,0.13,63,0.63,100
5dbe05269112,6547cf7b5dc6,"[""DEP_advmod_rate_alto"", ""POS_NOUN_rate_baixo""]","[""POS_ADV_rate_alto""]","[""DEP_advmod_rate_alto"", ""POS_ADV_rate_alto"", ""POS_NOUN_rate_baixo""]",366,406,1181,0.084722222222222227,0.093981481481481485,0.27337962962962964,0.90147783251231528,3.2975311062262507,0.29975429975429974,True,120,145,383,0.083333333333333329,0.10069444444444445,0.26597222222222222,0.82758620689655171,3.1115512739713695,0.29411764705882354,True,104,115,372,0.072222222222222215,0.079861111111111105,0.25833333333333336,0.90434782608695652,3.5007012622720897,0.27154046997389036,False,0.8520581113801452,0.95537994891443168,100,3.1483687253116504,3.8380594410506252,100,0.13,63,0.63,100
977e8f5f7f27,a38019954d75,"[""uppercaseRatio_alto""]","[""DEP_acl:relcl_rate_baixo""]","[""DEP_acl:relcl_rate_baixo"", ""uppercaseRatio_alto""]",739,1100,2625,0.17106481481481481,0.25462962962962965,0.60763888888888884,0.67181818181818187,1.1056207792207793,0.24748827863362358,True,210,335,865,0.14583333333333334,0.2326388888888889,0.60069444444444442,0.62686567164179108,1.0435682857389355,0.21212121212121213,False,240,378,838,0.16666666666666666,0.26250000000000001,0.58194444444444449,0.63492063492063489,1.0910330719399932,0.24590163934426229,True,0.59108450830035186,0.678600566572238,100,1.0248300408171118,1.1612147607785459,100,0.88,100,1,100
b7a9b9983f55,143263c6584a,"[""DEP_nsubj:pass_rate_baixo"", ""uppercaseRatio_alto""]","[""DEP_acl:relcl_rate_baixo""]","[""DEP_acl:relcl_rate_baixo"", ""DEP_nsubj:pass_rate_baixo"", ""uppercaseRatio_alto""]",532,774,2625,0.12314814814814815,0.17916666666666667,0.60763888888888884,0.6873385012919897,1.1311627906976744,0.1855598186257412,True,152,243,865,0.10555555555555556,0.16875000000000001,0.60069444444444442,0.62551440329218111,1.0413187754228217,0.15899581589958159,False,176,284,838,0.12222222222222222,0.19722222222222222,0.58194444444444449,0.61971830985915488,1.0649097448653737,0.18604651162790697,True,0.5602530562962218,0.66903420497891986,100,0.98234571767557688,1.1541360329588692,100,0.68999999999999995,100,1,100
61e8881465df,4d9f0076fa70,"[""DEP_nsubj:pass_rate_baixo"", ""uppercaseRatio_alto""]","[""DEP_advcl_rate_baixo""]","[""DEP_advcl_rate_baixo"", ""DEP_nsubj:pass_rate_baixo"", ""uppercaseRatio_alto""]",477,774,2534,0.11041666666666666,0.17916666666666667,0.58657407407407403,0.61627906976744184,1.0506415080486775,0.1684916990462734,True,146,243,857,0.10138888888888889,0.16875000000000001,0.59513888888888888,0.60082304526748975,1.0095509745451403,0.15303983228511531,False,182,284,833,0.12638888888888888,0.19722222222222222,0.57847222222222228,0.64084507042253525,1.1078234110545626,0.19465240641711229,True,0.58886734590429846,0.68869843924191743,100,1.0262422110783425,1.1938887940556902,100,0.92000000000000004,54,0.54000000000000004,100
211d9ad38889,99a671409aec,"[""DEP_advcl_rate_baixo"", ""uppercaseRatio_alto""]","[""DEP_acl:relcl_rate_baixo""]","[""DEP_acl:relcl_rate_baixo"", ""DEP_advcl_rate_baixo"", ""uppercaseRatio_alto""]",430,664,2625,0.099537037037037035,0.1537037037037037,0.60763888888888884,0.64759036144578308,1.0657487091222031,0.15040223854494578,True,120,197,865,0.083333333333333329,0.13680555555555557,0.60069444444444442,0.6091370558375635,1.0140547519145564,0.12738853503184713,False,136,226,838,0.094444444444444442,0.15694444444444444,0.58194444444444449,0.60176991150442483,1.0340676283608254,0.14655172413793102,False,0.54734681372549021,0.66084892703862652,100,0.94245611501556426,1.1408077377793833,100,0.40999999999999998,64,0.64000000000000001,100
fd8219d3e32f,68a8b604c4e5,"[""DEP_advmod_rate_baixo"", ""uppercaseRatio_alto""]","[""POS_ADV_rate_baixo""]","[""DEP_advmod_rate_baixo"", ""POS_ADV_rate_baixo"", ""uppercaseRatio_alto""]",363,401,1278,0.084027777777777785,0.092824074074074073,0.29583333333333334,0.90523690773067333,3.0599557444417127,0.27583586626139817,True,111,122,443,0.077083333333333337,0.084722222222222227,0.30763888888888891,0.9098360655737705,2.9574806646190281,0.24449339207048459,False,138,160,434,0.09583333333333334,0.1111111111111111,0.30138888888888887,0.86250000000000004,2.8617511520737327,0.30263157894736842,True,0.80734848484848487,0.91199113818886735,100,2.6389377438704793,3.1322277722277723,100,0.97999999999999998,91,0.91000000000000003,100
9100dd0175d1,68a8b604c4e5,"[""POS_ADV_rate_baixo"", ""uppercaseRatio_alto""]","[""DEP_advmod_rate_baixo""]","[""DEP_advmod_rate_baixo"", ""POS_ADV_rate_baixo"", ""uppercaseRatio_alto""]",363,376,1409,0.084027777777777785,0.087037037037037038,0.3261574074074074,0.96542553191489366,2.9599987919604973,0.25527426160337552,True,111,118,487,0.077083333333333337,0.081944444444444445,0.33819444444444446,0.94067796610169496,2.7814707827236975,0.22469635627530365,False,138,139,479,0.09583333333333334,0.096527777777777782,0.33263888888888887,0.9928057553956835,2.984635256304351,0.28749999999999998,True,0.97433831990794018,1,100,2.7712297507515209,3.2046992881024567,100,0.97999999999999998,91,0.91000000000000003,100
6aedf7e27e38,d10a276e9f5f,"[""DEP_ccomp_rate_baixo"", ""uppercaseRatio_alto""]","[""DEP_acl:relcl_rate_baixo""]","[""DEP_acl:relcl_rate_baixo"", ""DEP_ccomp_rate_baixo"", ""uppercaseRatio_alto""]",415,625,2625,0.096064814814814811,0.14467592592592593,0.60763888888888884,0.66400000000000003,1.0927542857142858,0.14638447971781304,True,106,187,865,0.073611111111111113,0.12986111111111112,0.60069444444444442,0.5668449197860963,0.94364934623350127,0.11205073995771671,False,128,217,838,0.088888888888888892,0.15069444444444444,0.58194444444444449,0.58986175115207373,1.0136049184474776,0.13807982740021574,False,0.53608597285067872,0.65021341463414639,100,0.92586305463533047,1.1149266670293871,100,0.23000000000000001,93,0.93000000000000005,100
cb4f5a4e4206,b909395da5a3,"[""POS_PRON_rate_baixo"", ""uppercaseRatio_alto""]","[""DEP_acl:relcl_rate_baixo""]","[""DEP_acl:relcl_rate_baixo"", ""POS_PRON_rate_baixo"", ""uppercaseRatio_alto""]",433,445,2625,0.10023148148148148,0.10300925925925926,0.60763888888888884,0.97303370786516852,1.6013354735152487,0.16420174440652258,True,115,122,865,0.079861111111111105,0.084722222222222227,0.60069444444444442,0.94262295081967218,1.5692220221737894,0.13188073394495411,False,143,145,838,0.09930555555555555,0.10069444444444445,0.58194444444444449,0.98620689655172411,1.6946753353633446,0.17023809523809524,True,0.96844913151364764,1,100,1.6298473838039131,1.7678114964584282,100,1,100,1,100
de0315658957,b909395da5a3,"[""DEP_acl:relcl_rate_baixo"", ""uppercaseRatio_alto""]","[""POS_PRON_rate_baixo""]","[""DEP_acl:relcl_rate_baixo"", ""POS_PRON_rate_baixo"", ""uppercaseRatio_alto""]",433,739,1448,0.10023148148148148,0.17106481481481481,0.3351851851851852,0.58592692828146142,1.7480692887955203,0.24686431014823262,True,115,210,434,0.079861111111111105,0.14583333333333334,0.30138888888888887,0.54761904761904767,1.8169848584595127,0.21739130434782608,False,143,240,457,0.09930555555555555,0.16666666666666666,0.31736111111111109,0.59583333333333333,1.8774617067833699,0.25812274368231047,True,0.53431834929992628,0.64911776174692914,100,1.6850350499161346,2.0393290055634941,100,1,100,1,100
244c5810fb80,58bd81f28dc3,"[""POS_ADJ_rate_baixo""]","[""DEP_amod_rate_baixo""]","[""DEP_amod_rate_baixo"", ""POS_ADJ_rate_baixo""]",797,1128,1094,0.18449074074074073,0.26111111111111113,0.25324074074074077,0.70656028368794321,2.7900735151114398,0.55929824561403507,True,263,379,350,0.18263888888888888,0.26319444444444445,0.24305555555555555,0.69393139841688656,2.8550320392009048,0.56437768240343344,True,299,408,403,0.2076388888888889,0.28333333333333333,0.27986111111111112,0.73284313725490191,2.618595825426945,0.583984375,True,0.68286726224306149,0.77507608498061953,100,2.4640588363866276,2.8262626983664725,100,1,100,1,100
6bca368dfbfe,58bd81f28dc3,"[""DEP_amod_rate_baixo""]","[""POS_ADJ_rate_baixo""]","[""DEP_amod_rate_baixo"", ""POS_ADJ_rate_baixo""]",797,1094,1128,0.18449074074074073,0.25324074074074077,0.26111111111111113,0.72851919561243139,2.7900735151114398,0.55929824561403507,True,263,350,379,0.18263888888888888,0.24305555555555555,0.26319444444444445,0.75142857142857145,2.8550320392009048,0.56437768240343344,True,299,403,408,0.2076388888888889,0.27986111111111112,0.28333333333333333,0.74193548387096775,2.618595825426945,0.583984375,True,0.70913907227887751,0.77929547777210018,100,2.4640588363866276,2.8262626983664725,100,1,100,1,100
277f58119968,31d812cef15b,"[""DEP_nsubj:pass_rate_baixo"", ""POS_ADJ_rate_baixo""]","[""DEP_amod_rate_baixo""]","[""DEP_amod_rate_baixo"", ""DEP_nsubj:pass_rate_baixo"", ""POS_ADJ_rate_baixo""]",550,775,1094,0.12731481481481483,0.17939814814814814,0.25324074074074077,0.70967741935483875,2.8023824969039333,0.41698256254738436,True,191,266,350,0.13263888888888889,0.18472222222222223,0.24305555555555555,0.71804511278195493,2.9542427497314714,0.44941176470588234,True,203,279,403,0.14097222222222222,0.19375000000000001,0.27986111111111112,0.72759856630824371,2.5998559193148161,0.42379958246346555,True,0.65989175257731958,0.77536369012418682,100,2.3931682097167526,2.8419283299213078,100,1,100,1,100
ed34e3e803a1,31d812cef15b,"[""DEP_amod_rate_baixo"", ""DEP_nsubj:pass_rate_baixo""]","[""POS_ADJ_rate_baixo""]","[""DEP_amod_rate_baixo"", ""DEP_nsubj:pass_rate_baixo"", ""POS_ADJ_rate_baixo""]",550,772,1128,0.12731481481481483,0.1787037037037037,0.26111111111111113,0.71243523316062174,2.7284753610406791,0.40740740740740738,True,191,255,379,0.13263888888888889,0.17708333333333334,0.26319444444444445,0.74901960784313726,2.8458792487971443,0.43115124153498874,True,203,279,408,0.14097222222222222,0.19375000000000001,0.28333333333333333,0.72759856630824371,2.5679949399114483,0.41942148760330578,True,0.68057895440566929,0.78081995182657549,100,2.3867229015250162,2.8138145829387877,100,1,100,1,100
25ee854ec9bd,31d812cef15b,"[""DEP_amod_rate_baixo""]","[""DEP_nsubj:pass_rate_baixo"", ""POS_ADJ_rate_baixo""]","[""DEP_amod_rate_baixo"", ""DEP_nsubj:pass_rate_baixo"", ""POS_ADJ_rate_baixo""]",550,1094,775,0.12731481481481483,0.25324074074074077,0.17939814814814814,0.50274223034734922,2.8023824969039333,0.41698256254738436,True,191,350,266,0.13263888888888889,0.24305555555555555,0.18472222222222223,0.54571428571428571,2.9542427497314714,0.44941176470588234,True,203,403,279,0.14097222222222222,0.27986111111111112,0.19375000000000001,0.50372208436724564,2.5998559193148161,0.42379958246346555,True,0.4642705786471068,0.56089505474983037,100,2.3931682097167526,2.8419283299213078,100,0.63,42,0.41999999999999998,100
3132ce01c528,ad515f9e31fe,"[""DEP_acl:relcl_rate_baixo"", ""POS_ADJ_rate_baixo""]","[""DEP_amod_rate_baixo""]","[""DEP_acl:relcl_rate_baixo"", ""DEP_amod_rate_baixo"", ""POS_ADJ_rate_baixo""]",484,690,1094,0.11203703703703703,0.15972222222222221,0.25324074074074077,0.70144927536231882,2.769891105635482,0.37230769230769228,True,152,226,350,0.10555555555555556,0.15694444444444444,0.24305555555555555,0.67256637168141598,2.7671302149178256,0.35849056603773582,True,168,236,403,0.11666666666666667,0.16388888888888889,0.27986111111111112,0.71186440677966101,2.5436346048702529,0.35668789808917195,True,0.65949836433139752,0.78208255705635765,100,2.3773013871374529,2.7834648501362396,100,1,100,1,100
cd0e1fca766c,ad515f9e31fe,"[""DEP_acl:relcl_rate_baixo"", ""DEP_amod_rate_baixo""]","[""POS_ADJ_rate_baixo""]","[""DEP_acl:relcl_rate_baixo"", ""DEP_amod_rate_baixo"", ""POS_ADJ_rate_baixo""]",484,667,1128,0.11203703703703703,0.15439814814814815,0.26111111111111113,0.72563718140929534,2.7790360139079398,0.36918382913806252,True,152,201,379,0.10555555555555556,0.13958333333333334,0.26319444444444445,0.75621890547263682,2.8732327806875912,0.35514018691588783,True,168,226,408,0.11666666666666667,0.15694444444444444,0.28333333333333333,0.74336283185840712,2.6236335242061428,0.36051502145922748,True,0.69262820512820511,0.79955451525218957,100,2.408431080737071,2.8359537235076804,100,1,100,1,100
c990f45e3bd8,c3c54c8e2eed,"[""DEP_advcl_rate_baixo"", ""POS_ADJ_rate_baixo""]","[""DEP_amod_rate_baixo""]","[""DEP_advcl_rate_baixo"", ""DEP_amod_rate_baixo"", ""POS_ADJ_rate_baixo""]",446,641,1094,0.10324074074074074,0.14837962962962964,0.25324074074074077,0.69578783151326051,2.7475351299243926,0.3460046547711404,True,147,213,350,0.10208333333333333,0.14791666666666667,0.24305555555555555,0.6901408450704225,2.8394366197183101,0.35336538461538464,True,170,233,403,0.11805555555555555,0.16180555555555556,0.27986111111111112,0.72961373390557938,2.6070565181737826,0.36480686695278969,True,0.66002935325323764,0.78646508144542215,100,2.3714323056818816,2.8590868220322574,100,1,100,1,100
2f67d0170d28,c3c54c8e2eed,"[""DEP_advcl_rate_baixo"", ""DEP_amod_rate_baixo""]","[""POS_ADJ_rate_baixo""]","[""DEP_advcl_rate_baixo"", ""DEP_amod_rate_baixo"", ""POS_ADJ_rate_baixo""]",446,611,1128,0.10324074074074074,0.14143518518518519,0.26111111111111113,0.72995090016366615,2.7955566389246789,0.34493426140757927,True,147,197,379,0.10208333333333333,0.13680555555555557,0.26319444444444445,0.74619289340101524,2.8351392255869707,0.34265734265734266,True,170,222,408,0.11805555555555555,0.15416666666666667,0.28333333333333333,0.76576576576576572,2.7027027027027026,0.36956521739130432,True,0.72107683982683979,0.82687406296851573,100,2.517459545049745,2.9523427920447927,100,1,100,1,100
aeaddd728517,87c3de1ac3a4,"[""DEP_ccomp_rate_baixo"", ""POS_ADJ_rate_baixo""]","[""DEP_amod_rate_baixo""]","[""DEP_amod_rate_baixo"", ""DEP_ccomp_rate_baixo"", ""POS_ADJ_rate_baixo""]",441,632,1094,0.10208333333333333,0.14629629629629629,0.25324074074074077,0.69778481012658233,2.7554208224376922,0.34319066147859922,True,139,208,350,0.096527777777777782,0.14444444444444443,0.24305555555555555,0.66826923076923073,2.7494505494505495,0.33174224343675418,True,172,234,403,0.11944444444444445,0.16250000000000001,0.27986111111111112,0.7350427350427351,2.6264554304256538,0.36989247311827955,True,0.66453359586512428,0.80064278455284543,100,2.4407414910535827,2.9196097342811123,100,1,100,1,100
3685c5ddb125,87c3de1ac3a4,"[""DEP_amod_rate_baixo"", ""DEP_ccomp_rate_baixo""]","[""POS_ADJ_rate_baixo""]","[""DEP_amod_rate_baixo"", ""DEP_ccomp_rate_baixo"", ""POS_ADJ_rate_baixo""]",441,587,1128,0.10208333333333333,0.13587962962962963,0.26111111111111113,0.75127768313458265,2.877233680089891,0.34615384615384615,True,139,190,379,0.096527777777777782,0.13194444444444445,0.26319444444444445,0.73157894736842111,2.7796139425079849,0.32325581395348835,True,172,224,408,0.11944444444444445,0.15555555555555556,0.28333333333333333,0.7678571428571429,2.7100840336134455,0.37391304347826088,True,0.71526442307692306,0.82447033898305078,100,2.4990661260035476,2.9749153137575988,100,1,100,1,100
151e26636fa3,23b2cdc9d31e,"[""punctuationDensity_spacy_alto""]","[""DEP_nsubj:pass_rate_baixo""]","[""DEP_nsubj:pass_rate_baixo"", ""punctuationDensity_spacy_alto""]",861,1091,3138,0.19930555555555557,0.25254629629629627,0.72638888888888886,0.78918423464711274,1.0864486595524305,0.25564133016627077,True,287,372,1060,0.19930555555555557,0.25833333333333336,0.73611111111111116,0.771505376344086,1.0480827754108339,0.25065502183406113,False,287,355,1073,0.19930555555555557,0.24652777777777779,0.74513888888888891,0.80845070422535215,1.0849664623341166,0.25153374233128833,True,0.77453674231344949,0.85367647058823526,100,1.0328597954719003,1.1316364854404655,100,0.91000000000000003,98,0.97999999999999998,100
e6ff9838870a,97cbcb0cee27,"[""DEP_nsubj:pass_rate_baixo"", ""punctuationDensity_spacy_alto""]","[""DEP_acl:relcl_rate_baixo""]","[""DEP_acl:relcl_rate_baixo"", ""DEP_nsubj:pass_rate_baixo"", ""punctuationDensity_spacy_alto""]",555,861,2625,0.12847222222222221,0.19930555555555557,0.60763888888888884,0.64459930313588854,1.0608262817322052,0.18935516888433981,True,189,287,865,0.13125000000000001,0.19930555555555557,0.60069444444444442,0.65853658536585369,1.0962921189905541,0.19626168224299065,True,176,287,838,0.12222222222222222,0.19930555555555557,0.58194444444444449,0.61324041811846686,1.053778284117652,0.18545837723919917,True,0.5670870903105768,0.68476357118470466,100,0.97841977027497395,1.1682297911769974,100,0.56999999999999995,58,0.57999999999999996,100
cb4a7a18fe54,97cbcb0cee27,"[""DEP_acl:relcl_rate_baixo"", ""punctuationDensity_spacy_alto""]","[""DEP_nsubj:pass_rate_baixo""]","[""DEP_acl:relcl_rate_baixo"", ""DEP_nsubj:pass_rate_baixo"", ""punctuationDensity_spacy_alto""]",555,681,3138,0.12847222222222221,0.15763888888888888,0.72638888888888886,0.81497797356828194,1.1219582045299483,0.17003676470588236,True,189,244,1060,0.13125000000000001,0.16944444444444445,0.73611111111111116,0.77459016393442626,1.0522734302505412,0.16950672645739912,True,176,214,1073,0.12222222222222222,0.14861111111111111,0.74513888888888891,0.82242990654205606,1.1037269948001498,0.15841584158415842,True,0.76650575447570335,0.87585594051315563,100,1.0328506787846876,1.1732746902942151,100,0.92000000000000004,100,1,100
4a9450ce1c5e,97cbcb0cee27,"[""punctuationDensity_spacy_alto""]","[""DEP_acl:relcl_rate_baixo"", ""DEP_nsubj:pass_rate_baixo""]","[""DEP_acl:relcl_rate_baixo"", ""DEP_nsubj:pass_rate_baixo"", ""punctuationDensity_spacy_alto""]",555,1091,1901,0.12847222222222221,0.25254629629629627,0.44004629629629627,0.50870760769935841,1.1560320174967007,0.22773902338941321,True,189,372,634,0.13125000000000001,0.25833333333333336,0.44027777777777777,0.50806451612903225,1.1539635697567925,0.23133414932680538,True,176,355,618,0.12222222222222222,0.24652777777777779,0.42916666666666664,0.49577464788732395,1.1552030630384247,0.22082810539523212,False,0.44614444631720884,0.56517504789664152,100,1.0649165438259587,1.2750223658993132,100,0.51000000000000001,60,0.59999999999999998,100
f52f9fa75b88,03ed3b3a7fd0,"[""DEP_advcl_rate_baixo"", ""punctuationDensity_spacy_alto""]","[""DEP_nsubj:pass_rate_baixo""]","[""DEP_advcl_rate_baixo"", ""DEP_nsubj:pass_rate_baixo"", ""punctuationDensity_spacy_alto""]",510,653,3138,0.11805555555555555,0.15115740740740741,0.72638888888888886,0.78101071975497705,1.0751964019571385,0.15544041450777202,True,167,217,1060,0.11597222222222223,0.15069444444444444,0.73611111111111116,0.7695852534562212,1.0454743065820364,0.15045045045045044,False,158,186,1073,0.10972222222222222,0.12916666666666668,0.74513888888888891,0.84946236559139787,1.1400054114180922,0.14350590372388738,True,0.80368611392547562,0.899030612244898,100,1.0832268936138165,1.1957539913135429,100,1,85,0.84999999999999998,100
fd1f513b8ea4,401b22292270,"[""POS_NUM_rate_baixo"", ""punctuationDensity_spacy_alto""]","[""DEP_nsubj:pass_rate_baixo""]","[""DEP_nsubj:pass_rate_baixo"", ""POS_NUM_rate_baixo"", ""punctuationDensity_spacy_alto""]",395,487,3138,0.091435185185185189,0.11273148148148149,0.72638888888888886,0.81108829568788499,1.1166033898571266,0.12229102167182662,True,120,147,1060,0.083333333333333329,0.10208333333333333,0.73611111111111116,0.81632653061224492,1.1089718906430497,0.11039558417663294,True,130,152,1073,0.090277777777777776,0.10555555555555556,0.74513888888888891,0.85526315789473684,1.1477902584980626,0.11872146118721461,True,0.79481481481481486,0.90566706491437665,100,1.075229587046644,1.2085087678032789,100,0.92000000000000004,100,1,100
4b5cd0a666bb,3350fa3c4915,"[""DEP_ccomp_rate_baixo"", ""punctuationDensity_spacy_alto""]","[""DEP_nsubj:pass_rate_baixo""]","[""DEP_ccomp_rate_baixo"", ""DEP_nsubj:pass_rate_baixo"", ""punctuationDensity_spacy_alto""]",500,646,3138,0.11574074074074074,0.14953703703703702,0.72638888888888886,0.77399380804953566,1.0655364087871235,0.15225334957369063,True,155,206,1060,0.1076388888888889,0.14305555555555555,0.73611111111111116,0.75242718446601942,1.0221652317274226,0.1395139513951395,False,162,205,1073,0.1125,0.1423611111111111,0.74513888888888891,0.79024390243902443,1.0605323574204988,0.14516129032258066,True,0.73858695652173911,0.84597206276310755,100,0.99806485030560455,1.1295326402384291,100,0.58999999999999997,72,0.71999999999999997,100
0b02e175c706,8c91d6b4a8ba,"[""punctuationDensity_spacy_alto"", ""uppercaseRatio_baixo""]","[""DEP_nsubj:pass_rate_baixo""]","[""DEP_nsubj:pass_rate_baixo"", ""punctuationDensity_spacy_alto"", ""uppercaseRatio_baixo""]",364,459,3138,0.084259259259259256,0.10625,0.72638888888888886,0.79302832244008714,1.0917407115809996,0.11258892669347355,True,129,164,1060,0.089583333333333334,0.11388888888888889,0.73611111111111116,0.78658536585365857,1.0685687988955361,0.11780821917808219,True,115,138,1073,0.079861111111111105,0.09583333333333334,0.74513888888888891,0.83333333333333337,1.1183597390493942,0.10492700729927007,False,0.77732905982905987,0.89747444839233237,100,1.0485651166740431,1.1932647416249629,100,0.62,89,0.89000000000000001,100
3dfd95512d1a,f999156c525a,"[""POS_ADV_rate_alto"", ""punctuationDensity_spacy_alto""]","[""DEP_advmod_rate_alto""]","[""DEP_advmod_rate_alto"", ""POS_ADV_rate_alto"", ""punctuationDensity_spacy_alto""]",349,394,1166,0.080787037037037032,0.091203703703703703,0.26990740740740743,0.8857868020304569,3.2818173111248488,0.28819157720891825,True,119,139,383,0.082638888888888887,0.096527777777777782,0.26597222222222222,0.85611510791366907,3.2188139827563536,0.29528535980148884,True,106,119,366,0.073611111111111113,0.082638888888888887,0.25416666666666665,0.89075630252100846,3.5046149607383938,0.27968337730870713,False,0.84081277672359267,0.93633033512258812,100,3.1694546064428741,3.8383249698278599,100,0.22,37,0.37,100
432e5dd5f1a6,f999156c525a,"[""DEP_advmod_rate_alto"", ""punctuationDensity_spacy_alto""]","[""POS_ADV_rate_alto""]","[""DEP_advmod_rate_alto"", ""POS_ADV_rate_alto"", ""punctuationDensity_spacy_alto""]",349,403,1181,0.080787037037037032,0.093287037037037043,0.27337962962962964,0.86600496277915628,3.1677742922997081,0.28259109311740893,True,119,136,383,0.082638888888888887,0.094444444444444442,0.26597222222222222,0.875,3.2898172323759791,0.29749999999999999,True,106,115,372,0.073611111111111113,0.079861111111111105,0.25833333333333336,0.92173913043478262,3.5680224403927068,0.27821522309711288,False,0.85581081081081078,0.96161386796632697,100,3.2523172388449222,3.8471673383922669,100,0.22,37,0.37,100
cfeb8222ad8a,2d6fe5ae264a,"[""diversidade_baixo""]","[""DEP_advcl_rate_baixo""]","[""DEP_advcl_rate_baixo"", ""diversidade_baixo""]",696,1087,2534,0.16111111111111112,0.25162037037037038,0.58657407407407403,0.64029438822447104,1.091583171716541,0.23794871794871794,True,220,346,857,0.15277777777777779,0.24027777777777778,0.59513888888888888,0.63583815028901736,1.0683861568450232,0.22380467955239064,True,225,354,833,0.15625,0.24583333333333332,0.57847222222222228,0.63559322033898302,1.0987445825787943,0.2338877338877339,True,0.59457472105359432,0.67314062499999994,100,1.0400485955691905,1.1648404595205477,100,0.93999999999999995,98,0.97999999999999998,100
5d07f32ceae9,67ddfbc7da4e,"[""DEP_nsubj:pass_rate_baixo"", ""diversidade_baixo""]","[""DEP_advcl_rate_baixo""]","[""DEP_advcl_rate_baixo"", ""DEP_nsubj:pass_rate_baixo"", ""diversidade_baixo""]",522,812,2534,0.12083333333333333,0.18796296296296297,0.58657407407407403,0.6428571428571429,1.0959521930319089,0.18484419263456089,True,160,248,857,0.1111111111111111,0.17222222222222222,0.59513888888888888,0.64516129032258063,1.0840516430157714,0.1693121693121693,True,176,268,833,0.12222222222222222,0.18611111111111112,0.57847222222222228,0.65671641791044777,1.1352600741789254,0.19027027027027027,True,0.59675596205561632,0.70726064964348834,100,1.053391318016295,1.2000205302385736,100,0.96999999999999997,97,0.96999999999999997,100
06b5e3ffb378,1d26167d4f52,"[""POS_NUM_rate_baixo"", ""diversidade_baixo""]","[""DEP_nsubj:pass_rate_baixo""]","[""DEP_nsubj:pass_rate_baixo"", ""POS_NUM_rate_baixo"", ""diversidade_baixo""]",348,454,3138,0.080555555555555561,0.1050925925925926,0.72638888888888886,0.76651982378854622,1.055247176152492,0.10727496917385944,True,110,147,1060,0.076388888888888895,0.10208333333333333,0.73611111111111116,0.74829931972789121,1.0165575664227955,0.10027347310847767,False,109,139,1073,0.075694444444444439,0.096527777777777782,0.74513888888888891,0.78417266187050361,1.0523845601989983,0.098821396192203079,False,0.71974467418546362,0.83214175931144019,100,0.96896455867656461,1.1142621717888437,100,0.20999999999999999,51,0.51000000000000001,100
b68202971688,a10c59eedf5e,"[""POS_PRON_rate_baixo"", ""diversidade_baixo""]","[""DEP_acl:relcl_rate_baixo""]","[""DEP_acl:relcl_rate_baixo"", ""POS_PRON_rate_baixo"", ""diversidade_baixo""]",389,400,2625,0.090046296296296291,0.092592592592592587,0.60763888888888884,0.97250000000000003,1.6004571428571428,0.14757207890743551,True,120,129,865,0.083333333333333329,0.089583333333333334,0.60069444444444442,0.93023255813953487,1.548595241295873,0.13729977116704806,True,120,123,838,0.083333333333333329,0.085416666666666669,0.58194444444444449,0.97560975609756095,1.6764654520053555,0.1426872770511296,True,0.94584263392857137,0.9966783216783216,100,1.589268485551883,1.7421266972709883,100,0.66000000000000003,100,1,100
a581f1594ace,a10c59eedf5e,"[""DEP_acl:relcl_rate_baixo"", ""diversidade_baixo""]","[""POS_PRON_rate_baixo""]","[""DEP_acl:relcl_rate_baixo"", ""POS_PRON_rate_baixo"", ""diversidade_baixo""]",389,682,1448,0.090046296296296291,0.15787037037037038,0.3351851851851852,0.5703812316715543,1.701689862445521,0.2234348075818495,True,120,221,434,0.083333333333333329,0.15347222222222223,0.30138888888888887,0.54298642533936647,1.8016139458264695,0.22429906542056074,True,120,203,457,0.083333333333333329,0.14097222222222222,0.31736111111111109,0.59113300492610843,1.8626510439684816,0.22222222222222221,True,0.52331103799413992,0.66991181972031699,100,1.6357151426706467,2.0733869524932667,100,0.66000000000000003,100,1,100
d638798b4791,a8b38a97f77d,"[""DEP_ccomp_rate_baixo"", ""diversidade_baixo""]","[""DEP_advcl_rate_baixo""]","[""DEP_advcl_rate_baixo"", ""DEP_ccomp_rate_baixo"", ""diversidade_baixo""]",408,625,2534,0.094444444444444442,0.14467592592592593,0.58657407407407403,0.65280000000000005,1.1129029202841358,0.14830970556161396,True,136,204,857,0.094444444444444442,0.14166666666666666,0.59513888888888888,0.66666666666666663,1.1201866977829638,0.14702702702702702,True,150,232,833,0.10416666666666667,0.16111111111111112,0.57847222222222228,0.64655172413793105,1.1176884546922217,0.16393442622950818,True,0.5904706481414127,0.6945439345910005,100,1.0345511429784087,1.2016030781769402,100,0.93999999999999995,94,0.93999999999999995,100
8d356a87cd25,5d27dd5473aa,"[""DEP_ccomp_rate_baixo"", ""diversidade_baixo""]","[""DEP_acl:relcl_rate_baixo""]","[""DEP_acl:relcl_rate_baixo"", ""DEP_ccomp_rate_baixo"", ""diversidade_baixo""]",404,625,2625,0.093518518518518515,0.14467592592592593,0.60763888888888884,0.64639999999999997,1.0637897142857142,0.14195361911454674,True,130,204,865,0.090277777777777776,0.14166666666666666,0.60069444444444442,0.63725490196078427,1.0608636518191092,0.13844515441959532,True,133,232,838,0.092361111111111116,0.16111111111111112,0.58194444444444449,0.57327586206896552,0.98510410665788828,0.14194236926360726,False,0.50109447004608298,0.63386883802816907,100,0.88150931461088267,1.0927518333032358,100,0.12,68,0.68000000000000005,100
cfdddf8dd714,9b37a075a93b,"[""DEP_advmod_rate_baixo"", ""diversidade_baixo""]","[""POS_ADV_rate_baixo""]","[""DEP_advmod_rate_baixo"", ""POS_ADV_rate_baixo"", ""diversidade_baixo""]",367,407,1278,0.084953703703703698,0.094212962962962957,0.29583333333333334,0.90171990171990168,3.0480672734193859,0.27845220030349016,True,122,135,443,0.084722222222222227,0.09375,0.30763888888888891,0.90370370370370368,2.9375470278404814,0.26754385964912281,True,123,138,434,0.085416666666666669,0.09583333333333334,0.30138888888888887,0.89130434782608692,2.9573231817271086,0.27394209354120269,True,0.84315904139433551,0.94747407407407402,100,2.7027428703332217,3.2442165854381724,100,0.85999999999999999,91,0.91000000000000003,100
87bf87521500,9b37a075a93b,"[""POS_ADV_rate_baixo"", ""diversidade_baixo""]","[""DEP_advmod_rate_baixo""]","[""DEP_advmod_rate_baixo"", ""POS_ADV_rate_baixo"", ""diversidade_baixo""]",367,378,1409,0.084953703703703698,0.087499999999999994,0.3261574074074074,0.97089947089947093,2.9767819121971004,0.2584507042253521,True,122,125,487,0.084722222222222227,0.086805555555555552,0.33819444444444446,0.97599999999999998,2.8859137577002052,0.24897959183673468,True,123,127,479,0.085416666666666669,0.08819444444444445,0.33263888888888887,0.96850393700787396,2.9115775976854668,0.25465838509316768,True,0.94264131551901331,0.99224806201550386,100,2.6891133800835072,3.1334556854954485,100,0.85999999999999999,91,0.91000000000000003,100
a27108c5ba1b,8715ac5b8fc2,"[""POS_PRON_rate_baixo""]","[""DEP_acl:relcl_rate_baixo""]","[""DEP_acl:relcl_rate_baixo"", ""POS_PRON_rate_baixo""]",1396,1448,2625,0.32314814814814813,0.3351851851851852,0.60763888888888884,0.96408839779005528,1.5866140489344909,0.52147926783713117,True,414,434,865,0.28749999999999998,0.30138888888888887,0.60069444444444442,0.95391705069124422,1.5880237606883141,0.46779661016949153,True,441,457,838,0.30625000000000002,0.31736111111111109,0.58194444444444449,0.96498905908096277,1.6582150895901986,0.51639344262295084,True,0.95396616649419341,0.97881766765418798,100,1.5959188995602036,1.7244091850422811,100,1,100,1,100
78d871de740b,8715ac5b8fc2,"[""DEP_acl:relcl_rate_baixo""]","[""POS_PRON_rate_baixo""]","[""DEP_acl:relcl_rate_baixo"", ""POS_PRON_rate_baixo""]",1396,2625,1448,0.32314814814814813,0.60763888888888884,0.3351851851851852,0.53180952380952384,1.5866140489344909,0.52147926783713117,True,414,865,434,0.28749999999999998,0.60069444444444442,0.30138888888888887,0.47861271676300576,1.5880237606883141,0.46779661016949153,False,441,838,457,0.30625000000000002,0.58194444444444449,0.31736111111111109,0.52625298329355608,1.6582150895901986,0.51639344262295084,True,0.49700086175616837,0.5612349033816425,100,1.5959188995602036,1.7244091850422811,100,0.93999999999999995,99,0.98999999999999999,100
dd1a1cb0c8bd,dd85c312aed9,"[""POS_PRON_rate_baixo""]","[""DEP_ccomp_rate_baixo""]","[""DEP_ccomp_rate_baixo"", ""POS_PRON_rate_baixo""]",903,1448,2561,0.20902777777777778,0.3351851851851852,0.59282407407407411,0.62361878453038677,1.0519457825737097,0.2907276239536381,True,264,434,842,0.18333333333333332,0.30138888888888887,0.58472222222222225,0.60829493087557607,1.0403143710936218,0.2608695652173913,False,281,457,849,0.19513888888888889,0.31736111111111109,0.58958333333333335,0.61487964989059085,1.0429054132419915,0.27414634146341466,False,0.56375505561172912,0.6601102941176471,100,0.98256468690026477,1.0954061750103361,100,0.31,50,0.5,100
0ca2f9b10d82,3542b427d129,"[""DEP_nsubj:pass_rate_baixo"", ""POS_PRON_rate_baixo""]","[""DEP_acl:relcl_rate_baixo""]","[""DEP_acl:relcl_rate_baixo"", ""DEP_nsubj:pass_rate_baixo"", ""POS_PRON_rate_baixo""]",980,1014,2625,0.22685185185185186,0.23472222222222222,0.60763888888888884,0.9664694280078896,1.5905325443786982,0.36855960887551709,True,297,312,865,0.20624999999999999,0.21666666666666667,0.60069444444444442,0.95192307692307687,1.5847043130280125,0.33750000000000002,True,319,331,838,0.22152777777777777,0.2298611111111111,0.58194444444444449,0.96374622356495465,1.6560794295149579,0.37529411764705883,True,0.94611650485436893,0.98231191829840592,100,1.598860873305969,1.724442695257302,100,1,100,1,100
6c00b598f628,3542b427d129,"[""DEP_acl:relcl_rate_baixo"", ""DEP_nsubj:pass_rate_baixo""]","[""POS_PRON_rate_baixo""]","[""DEP_acl:relcl_rate_baixo"", ""DEP_nsubj:pass_rate_baixo"", ""POS_PRON_rate_baixo""]",980,1901,1448,0.22685185185185186,0.44004629629629627,0.3351851851851852,0.51551814834297738,1.5380099453326397,0.41367665681722243,True,297,634,434,0.20624999999999999,0.44027777777777777,0.30138888888888887,0.46845425867507884,1.554318277631598,0.38521400778210119,False,319,618,457,0.22152777777777777,0.42916666666666664,0.31736111111111109,0.51618122977346281,1.6264791485203203,0.42195767195767198,True,0.48018627450980395,0.55856182485551309,100,1.5484078061956619,1.7302682065039068,100,0.82999999999999996,95,0.94999999999999996,100
ea8ff9e87320,3542b427d129,"[""POS_PRON_rate_baixo""]","[""DEP_acl:relcl_rate_baixo"", ""DEP_nsubj:pass_rate_baixo""]","[""DEP_acl:relcl_rate_baixo"", ""DEP_nsubj:pass_rate_baixo"", ""POS_PRON_rate_baixo""]",980,1448,1901,0.22685185185185186,0.3351851851851852,0.44004629629629627,0.67679558011049723,1.5380099453326397,0.41367665681722243,True,297,434,634,0.20624999999999999,0.30138888888888887,0.44027777777777777,0.68433179723502302,1.554318277631598,0.38521400778210119,True,319,457,618,0.22152777777777777,0.31736111111111109,0.42916666666666664,0.69803063457330417,1.6264791485203203,0.42195767195767198,True,0.6614383496241254,0.73954183072784685,100,1.5484078061956619,1.7302682065039068,100,1,100,1,100
6b3e9b995dbd,1d57b1df1486,"[""DEP_advcl_rate_baixo"", ""POS_PRON_rate_baixo""]","[""DEP_acl:relcl_rate_baixo""]","[""DEP_acl:relcl_rate_baixo"", ""DEP_advcl_rate_baixo"", ""POS_PRON_rate_baixo""]",843,883,2625,0.19513888888888889,0.20439814814814813,0.60763888888888884,0.95469988674971684,1.5711632421938198,0.31632270168855536,True,264,275,865,0.18333333333333332,0.19097222222222221,0.60069444444444442,0.95999999999999996,1.5981502890173411,0.30136986301369861,True,275,285,838,0.19097222222222221,0.19791666666666666,0.58194444444444449,0.96491228070175439,1.6580831553824897,0.3242924528301887,True,0.94964972303681983,0.98328690028643029,100,1.593240903909424,1.7291058983547654,100,1,100,1,100
b526f9ea6d34,1d57b1df1486,"[""DEP_acl:relcl_rate_baixo"", ""DEP_advcl_rate_baixo""]","[""POS_PRON_rate_baixo""]","[""DEP_acl:relcl_rate_baixo"", ""DEP_advcl_rate_baixo"", ""POS_PRON_rate_baixo""]",843,1478,1448,0.19513888888888889,0.34212962962962962,0.3351851851851852,0.57036535859269277,1.7016425062986416,0.40470475276044166,True,264,508,434,0.18333333333333332,0.3527777777777778,0.30138888888888887,0.51968503937007871,1.7243005914583258,0.38938053097345132,True,275,468,457,0.19097222222222221,0.32500000000000001,0.31736111111111109,0.58760683760683763,1.851540144756775,0.42307692307692307,True,0.54246576546658598,0.6429141485958052,100,1.7246588414967388,1.9482150823984077,100,1,100,1,100
01045281b6ce,1d57b1df1486,"[""POS_PRON_rate_baixo""]","[""DEP_acl:relcl_rate_baixo"", ""DEP_advcl_rate_baixo""]","[""DEP_acl:relcl_rate_baixo"", ""DEP_advcl_rate_baixo"", ""POS_PRON_rate_baixo""]",843,1448,1478,0.19513888888888889,0.3351851851851852,0.34212962962962962,0.58218232044198892,1.7016425062986416,0.40470475276044166,True,264,434,508,0.18333333333333332,0.30138888888888887,0.3527777777777778,0.60829493087557607,1.7243005914583258,0.38938053097345132,True,275,457,468,0.19097222222222221,0.31736111111111109,0.32500000000000001,0.60175054704595188,1.851540144756775,0.42307692307692307,True,0.55663853241589489,0.6483225108225108,100,1.7246588414967388,1.9482150823984077,100,1,100,1,100
df715968ab07,7e0ef798e858,"[""DEP_nsubj:pass_rate_baixo"", ""POS_PRON_rate_baixo""]","[""DEP_advcl_rate_baixo""]","[""DEP_advcl_rate_baixo"", ""DEP_nsubj:pass_rate_baixo"", ""POS_PRON_rate_baixo""]",635,1014,2534,0.14699074074074073,0.23472222222222222,0.58657407407407403,0.62623274161735698,1.0676106723705534,0.21798832818400274,True,204,312,857,0.14166666666666666,0.21666666666666667,0.59513888888888888,0.65384615384615385,1.0986446459025223,0.21139896373056996,True,210,331,833,0.14583333333333334,0.2298611111111111,0.57847222222222228,0.6344410876132931,1.0967529005559928,0.22012578616352202,True,0.58685263005361543,0.68241496598639451,100,1.0217489716534025,1.1720525503278501,100,0.85999999999999999,78,0.78000000000000003,100
0b6b1f165afa,feed2c37682a,"[""DEP_advcl_rate_baixo"", ""POS_PRON_rate_baixo""]","[""DEP_ccomp_rate_baixo""]","[""DEP_advcl_rate_baixo"", ""DEP_ccomp_rate_baixo"", ""POS_PRON_rate_baixo""]",555,883,2561,0.12847222222222221,0.20439814814814813,0.59282407407407411,0.62853907134767839,1.0602455244912028,0.19210799584631361,True,166,275,842,0.11527777777777778,0.19097222222222221,0.58472222222222225,0.60363636363636364,1.0323472252213344,0.17455310199789695,False,178,285,849,0.12361111111111112,0.19791666666666666,0.58958333333333335,0.62456140350877198,1.0593267621350195,0.18619246861924685,True,0.56423994159636603,0.67969773674806433,100,0.97839845070321552,1.1347868933590224,100,0.54000000000000004,65,0.65000000000000002,100
f101f5d8b420,9193a887d511,"[""DEP_acl:relcl_rate_baixo"", ""POS_PRON_rate_baixo""]","[""DEP_ccomp_rate_baixo""]","[""DEP_acl:relcl_rate_baixo"", ""DEP_ccomp_rate_baixo"", ""POS_PRON_rate_baixo""]",873,1396,2561,0.20208333333333334,0.32314814814814813,0.59282407407407411,0.62535816618911177,1.054879843005452,0.28307392996108949,True,251,414,842,0.17430555555555555,0.28749999999999998,0.58472222222222225,0.606280193236715,1.0368687390271609,0.24975124378109453,False,270,441,849,0.1875,0.30625000000000002,0.58958333333333335,0.61224489795918369,1.0384365760438452,0.26470588235294118,False,0.56255681818181824,0.65771417334096105,100,0.97782657880484392,1.0987724413640809,100,0.26000000000000001,57,0.56999999999999995,100
c402d68f8f70,9193a887d511,"[""DEP_ccomp_rate_baixo"", ""POS_PRON_rate_baixo""]","[""DEP_acl:relcl_rate_baixo""]","[""DEP_acl:relcl_rate_baixo"", ""DEP_ccomp_rate_baixo"", ""POS_PRON_rate_baixo""]",873,903,2625,0.20208333333333334,0.20902777777777778,0.60763888888888884,0.96677740863787376,1.5910393925011865,0.32881355932203388,True,251,264,865,0.17430555555555555,0.18333333333333332,0.60069444444444442,0.9507575757575758,1.5827640567524961,0.28587699316628701,True,270,281,838,0.1875,0.19513888888888889,0.58194444444444449,0.96085409252669041,1.6511096578024274,0.31802120141342755,True,0.94413691883920869,0.97993839187337084,100,1.5819638677392451,1.7172988880170148,100,1,100,1,100
7f5dc628ad74,9193a887d511,"[""DEP_acl:relcl_rate_baixo"", ""DEP_ccomp_rate_baixo""]","[""POS_PRON_rate_baixo""]","[""DEP_acl:relcl_rate_baixo"", ""DEP_ccomp_rate_baixo"", ""POS_PRON_rate_baixo""]",873,1514,1448,0.20208333333333334,0.35046296296296298,0.3351851851851852,0.57661822985468958,1.7202974813344329,0.41790330301579703,True,251,474,434,0.17430555555555555,0.32916666666666666,0.30138888888888887,0.52953586497890293,1.7569853584553463,0.38203957382039572,True,270,460,457,0.1875,0.31944444444444442,0.31736111111111109,0.58695652173913049,1.8494910094187043,0.41731066460587324,True,0.54378147662101939,0.62362763343009275,100,1.7087107957129921,1.9815838924416116,100,1,100,1,100
f7604540bc79,9193a887d511,"[""POS_PRON_rate_baixo""]","[""DEP_acl:relcl_rate_baixo"", ""DEP_ccomp_rate_baixo""]","[""DEP_acl:relcl_rate_baixo"", ""DEP_ccomp_rate_baixo"", ""POS_PRON_rate_baixo""]",873,1448,1514,0.20208333333333334,0.3351851851851852,0.35046296296296298,0.60290055248618779,1.7202974813344329,0.41790330301579703,True,251,434,474,0.17430555555555555,0.30138888888888887,0.32916666666666666,0.57834101382488479,1.7569853584553463,0.38203957382039572,True,270,457,460,0.1875,0.31736111111111109,0.31944444444444442,0.5908096280087527,1.8494910094187043,0.41731066460587324,True,0.54377780586450963,0.63835784313725485,100,1.7087107957129921,1.9815838924416116,100,1,100,1,100
1d549773767e,7e58f2198b9a,"[""POS_NUM_rate_baixo"", ""POS_PRON_rate_baixo""]","[""DEP_acl:relcl_rate_baixo""]","[""DEP_acl:relcl_rate_baixo"", ""POS_NUM_rate_baixo"", ""POS_PRON_rate_baixo""]",566,591,2625,0.13101851851851851,0.13680555555555557,0.60763888888888884,0.95769881556683589,1.5760986221899926,0.21358490566037736,True,143,152,865,0.09930555555555555,0.10555555555555556,0.60069444444444442,0.94078947368421051,1.5661697596592639,0.16361556064073227,True,169,176,838,0.11736111111111111,0.12222222222222222,0.58194444444444449,0.96022727272727271,1.6500325450206119,0.20000000000000001,True,0.93192704495210021,0.98231161640782783,100,1.5776698072626059,1.7350346765045077,100,1,100,1,100
0565d0f5c73f,7e58f2198b9a,"[""DEP_acl:relcl_rate_baixo"", ""POS_NUM_rate_baixo""]","[""POS_PRON_rate_baixo""]","[""DEP_acl:relcl_rate_baixo"", ""POS_NUM_rate_baixo"", ""POS_PRON_rate_baixo""]",566,1066,1448,0.13101851851851851,0.24675925925925926,0.3351851851851852,0.53095684803001875,1.5840701543437024,0.29055441478439425,True,143,322,434,0.09930555555555555,0.22361111111111112,0.30138888888888887,0.44409937888198758,1.4735094598849356,0.23327895595432299,False,169,332,457,0.11736111111111111,0.23055555555555557,0.31736111111111109,0.50903614457831325,1.6039650945137223,0.27258064516129032,True,0.46149163797343828,0.55639722644376899,100,1.4689045331760153,1.7802367412751952,100,0.71999999999999997,98,0.97999999999999998,100
ed8439668399,7e182fc57513,"[""POS_PRON_rate_baixo"", ""uppercaseRatio_baixo""]","[""DEP_acl:relcl_rate_baixo""]","[""DEP_acl:relcl_rate_baixo"", ""POS_PRON_rate_baixo"", ""uppercaseRatio_baixo""]",524,547,2625,0.12129629629629629,0.12662037037037038,0.60763888888888884,0.9579524680073126,1.5765160616348917,0.19788519637462235,True,162,168,865,0.1125,0.11666666666666667,0.60069444444444442,0.9642857142857143,1.6052848885218827,0.18599311136624569,True,172,179,838,0.11944444444444445,0.12430555555555556,0.58194444444444449,0.96089385474860334,1.6511779842935428,0.20355029585798817,True,0.93666666666666665,0.98870524296675188,100,1.593525152948174,1.7352897803002647,100,1,100,1,100
23966564f206,c2a6c625af8e,"[""POS_PRON_rate_baixo"", ""uppercaseRatio_baixo""]","[""DEP_ccomp_rate_baixo""]","[""DEP_ccomp_rate_baixo"", ""POS_PRON_rate_baixo"", ""uppercaseRatio_baixo""]",350,547,2561,0.081018518518518517,0.12662037037037038,0.59282407407407411,0.63985374771480807,1.0793315853682042,0.12690355329949238,True,108,168,842,0.074999999999999997,0.11666666666666667,0.58472222222222225,0.6428571428571429,1.0994231421784866,0.11973392461197339,False,112,179,849,0.077777777777777779,0.12430555555555556,0.58958333333333335,0.62569832402234637,1.0612551078824248,0.1222707423580786,False,0.56019382627422831,0.69054275170589052,100,0.97026654620638231,1.1502102648609578,100,0.33000000000000002,53,0.53000000000000003,100
c36d16ef8d20,83a548913257,"[""DEP_obl_rate_baixo""]","[""DEP_nsubj:pass_rate_baixo""]","[""DEP_nsubj:pass_rate_baixo"", ""DEP_obl_rate_baixo""]",844,1093,3138,0.19537037037037036,0.25300925925925927,0.72638888888888886,0.77218664226898448,1.0630485323779517,0.24918807204015353,True,284,379,1060,0.19722222222222222,0.26319444444444445,0.73611111111111116,0.74934036939313986,1.0179718225718126,0.24588744588744588,False,280,366,1073,0.19444444444444445,0.25416666666666665,0.74513888888888891,0.76502732240437155,1.0266909079797717,0.24158757549611734,False,0.70845750427658227,0.80823661971830985,100,0.96772976376194197,1.0762257709150831,100,0.20999999999999999,78,0.78000000000000003,100
41a80f9505d0,e2f13acdfd5d,"[""DEP_obl_rate_baixo""]","[""DEP_acl:relcl_rate_baixo""]","[""DEP_acl:relcl_rate_baixo"", ""DEP_obl_rate_baixo""]",698,1093,2625,0.16157407407407406,0.25300925925925927,0.60763888888888884,0.63860933211344917,1.0509685008495622,0.23112582781456953,True,233,379,865,0.16180555555555556,0.26319444444444445,0.60069444444444442,0.61477572559366755,1.0234416703524638,0.2304648862512364,False,220,366,838,0.15277777777777779,0.25416666666666665,0.58194444444444449,0.60109289617486339,1.0329042607300756,0.22357723577235772,False,0.55717188739095957,0.64918818385278509,100,0.95014560076229904,1.1070118908234559,100,0.33000000000000002,54,0.54000000000000004,100
7b7d5e355d1f,8f8174f3a2b5,"[""DEP_acl:relcl_rate_baixo"", ""DEP_obl_rate_baixo""]","[""DEP_nsubj:pass_rate_baixo""]","[""DEP_acl:relcl_rate_baixo"", ""DEP_nsubj:pass_rate_baixo"", ""DEP_obl_rate_baixo""]",537,698,3138,0.12430555555555556,0.16157407407407406,0.72638888888888886,0.7693409742120344,1.0591309778827243,0.16277659896938465,True,179,233,1060,0.12430555555555556,0.16180555555555556,0.73611111111111116,0.76824034334763946,1.0436472588873593,0.16068222621184919,False,164,220,1073,0.11388888888888889,0.15277777777777779,0.74513888888888891,0.74545454545454548,1.0004236211132762,0.14526129317980513,False,0.68210968379446646,0.80095994570468876,100,0.93176628378202575,1.0628584212257608,100,0.080000000000000002,65,0.65000000000000002,100
c2b03a4d69c1,4c5e16052363,"[""DEP_advcl_rate_baixo"", ""DEP_obl_rate_baixo""]","[""DEP_nsubj:pass_rate_baixo""]","[""DEP_advcl_rate_baixo"", ""DEP_nsubj:pass_rate_baixo"", ""DEP_obl_rate_baixo""]",467,604,3138,0.10810185185185185,0.13981481481481481,0.72638888888888886,0.77317880794701987,1.0644144201182684,0.14259541984732824,True,159,212,1060,0.11041666666666666,0.14722222222222223,0.73611111111111116,0.75,1.0188679245283019,0.14285714285714285,False,166,211,1073,0.11527777777777778,0.14652777777777778,0.74513888888888891,0.78672985781990523,1.0558163981926034,0.14847942754919499,True,0.72492020575046157,0.82785790598290598,100,0.98467969847438441,1.1145595870006761,100,0.54000000000000004,74,0.73999999999999999,100
4ab963bd2121,fac9d35fa98c,"[""DEP_obl_rate_baixo"", ""POS_PRON_rate_baixo""]","[""DEP_acl:relcl_rate_baixo""]","[""DEP_acl:relcl_rate_baixo"", ""DEP_obl_rate_baixo"", ""POS_PRON_rate_baixo""]",369,387,2625,0.085416666666666669,0.089583333333333334,0.60763888888888884,0.95348837209302328,1.5691694352159469,0.13961407491486946,True,113,120,865,0.078472222222222221,0.083333333333333329,0.60069444444444442,0.94166666666666665,1.5676300578034683,0.12958715596330275,False,124,127,838,0.08611111111111111,0.08819444444444445,0.58194444444444449,0.97637795275590555,1.6777855035423674,0.14744351961950058,True,0.954525627044711,1,100,1.6208684531313606,1.7619314248284006,100,0.83999999999999997,96,0.95999999999999996,100
863b38f47a44,fac9d35fa98c,"[""DEP_acl:relcl_rate_baixo"", ""DEP_obl_rate_baixo""]","[""POS_PRON_rate_baixo""]","[""DEP_acl:relcl_rate_baixo"", ""DEP_obl_rate_baixo"", ""POS_PRON_rate_baixo""]",369,698,1448,0.085416666666666669,0.16157407407407406,0.3351851851851852,0.52865329512893988,1.5771976760752902,0.20765334833989871,True,113,233,434,0.078472222222222221,0.16180555555555556,0.30138888888888887,0.48497854077253216,1.6091453887383556,0.20397111913357402,False,124,220,457,0.08611111111111111,0.15277777777777779,0.31736111111111109,0.5636363636363636,1.7760095484384324,0.22423146473779385,True,0.50678586816027571,0.62547199897946171,100,1.6012460658066452,1.9703147507723098,100,0.83999999999999997,93,0.93000000000000005,100
2d54653a0ff0,83434a3c5948,"[""DEP_ccomp_rate_baixo"", ""DEP_obl_rate_baixo""]","[""DEP_nsubj:pass_rate_baixo""]","[""DEP_ccomp_rate_baixo"", ""DEP_nsubj:pass_rate_baixo"", ""DEP_obl_rate_baixo""]",462,599,3138,0.10694444444444444,0.1386574074074074,0.72638888888888886,0.77128547579298834,1.0618079207857583,0.14106870229007634,True,150,205,1060,0.10416666666666667,0.1423611111111111,0.73611111111111116,0.73170731707317072,0.99401748734468476,0.13452914798206278,False,149,194,1073,0.10347222222222222,0.13472222222222222,0.74513888888888891,0.76804123711340211,1.0307356770207818,0.13327370304114491,False,0.71205275738011931,0.82929747812660826,100,0.96440251196159599,1.1056876096227197,100,0.37,74,0.73999999999999999,100
25ad727c1566,93fd0ad493e5,"[""DEP_obl_rate_baixo"", ""uppercaseRatio_baixo""]","[""DEP_nsubj:pass_rate_baixo""]","[""DEP_nsubj:pass_rate_baixo"", ""DEP_obl_rate_baixo"", ""uppercaseRatio_baixo""]",358,458,3138,0.082870370370370372,0.10601851851851851,0.72638888888888886,0.78165938864628826,1.0760894069317926,0.11056207535515751,True,128,163,1060,0.088888888888888892,0.11319444444444444,0.73611111111111116,0.78527607361963192,1.0667901377474245,0.11689497716894977,True,135,174,1073,0.09375,0.12083333333333333,0.74513888888888891,0.77586206896551724,1.0412314811839187,0.12140287769784172,False,0.70233581414060142,0.83143866409762357,100,0.94042411302933726,1.1069140612525148,100,0.34000000000000002,81,0.81000000000000005,100
0a184cebec43,bdf7380623b4,"[""DEP_obl_rate_baixo"", ""POS_NUM_rate_baixo""]","[""DEP_nsubj:pass_rate_baixo""]","[""DEP_nsubj:pass_rate_baixo"", ""DEP_obl_rate_baixo"", ""POS_NUM_rate_baixo""]",412,535,3138,0.095370370370370369,0.12384259259259259,0.72638888888888886,0.77009345794392525,1.0601669019495721,0.12634161300214658,True,125,168,1060,0.086805555555555552,0.11666666666666667,0.73611111111111116,0.74404761904761907,1.0107816711590296,0.11332728921124206,False,130,166,1073,0.090277777777777776,0.11527777777777778,0.74513888888888891,0.7831325301204819,1.0509886704319609,0.11722272317403065,True,0.72158771106941832,0.8416096751483455,100,0.97639795368915849,1.1211080595342688,100,0.53000000000000003,69,0.68999999999999995,100
9d12bdf58d72,c36e4bfa41b4,"[""DEP_acl:relcl_rate_baixo"", ""DEP_obl_rate_baixo""]","[""POS_NUM_rate_baixo""]","[""DEP_acl:relcl_rate_baixo"", ""DEP_obl_rate_baixo"", ""POS_NUM_rate_baixo""]",350,698,1754,0.081018518518518517,0.16157407407407406,0.4060185185185185,0.50143266475644699,1.2349994935848638,0.1665080875356803,True,99,233,570,0.068750000000000006,0.16180555555555556,0.39583333333333331,0.42489270386266093,1.0734131466004067,0.140625,False,97,220,567,0.067361111111111108,0.15277777777777779,0.39374999999999999,0.44090909090909092,1.1197691197691197,0.14057971014492754,False,0.37825947838686308,0.49765347735038024,100,0.95895571763691367,1.2549602795407495,100,0.01,54,0.54000000000000004,100
9812ae0bc47f,c36e4bfa41b4,"[""DEP_obl_rate_baixo"", ""POS_NUM_rate_baixo""]","[""DEP_acl:relcl_rate_baixo""]","[""DEP_acl:relcl_rate_baixo"", ""DEP_obl_rate_baixo"", ""POS_NUM_rate_baixo""]",350,535,2625,0.081018518518518517,0.12384259259259259,0.60763888888888884,0.65420560747663548,1.0766355140186916,0.12455516014234876,True,99,168,865,0.068750000000000006,0.11666666666666667,0.60069444444444442,0.5892857142857143,0.98100743187448392,0.10599571734475374,False,97,166,838,0.067361111111111108,0.11527777777777778,0.58194444444444449,0.58433734939759041,1.0041119130459786,0.10694597574421169,False,0.50402934317916825,0.66243305924520346,100,0.85546848568560618,1.1397535192240886,100,0.02,60,0.59999999999999998,100
d81d54846573,f75fe5629723,"[""DEP_ccomp_rate_alto""]","[""DEP_acl:relcl_rate_baixo""]","[""DEP_acl:relcl_rate_baixo"", ""DEP_ccomp_rate_alto""]",734,1092,2625,0.1699074074074074,0.25277777777777777,0.60763888888888884,0.67216117216117222,1.1061852433281005,0.24606101240362052,True,251,373,865,0.17430555555555555,0.2590277777777778,0.60069444444444442,0.67292225201072386,1.1202405120178525,0.25430597771023306,True,267,398,838,0.18541666666666667,0.27638888888888891,0.58194444444444449,0.67085427135678388,1.1527806094913708,0.27554179566563469,True,0.62559919221050131,0.70834856098675192,100,1.0757950556523901,1.212272356566604,100,1,99,0.98999999999999999,100
9f6de4291acb,391556864d68,"[""DEP_ccomp_rate_alto""]","[""POS_NUM_rate_baixo""]","[""DEP_ccomp_rate_alto"", ""POS_NUM_rate_baixo""]",554,1092,1754,0.12824074074074074,0.25277777777777777,0.4060185185185185,0.5073260073260073,1.2495144536193568,0.24171029668411867,True,185,373,570,0.12847222222222221,0.2590277777777778,0.39583333333333331,0.49597855227882037,1.2529984478622831,0.24406332453825857,False,192,398,567,0.13333333333333333,0.27638888888888891,0.39374999999999999,0.48241206030150752,1.2251734864800192,0.24838292367399742,False,0.43786697911598604,0.52185945002182454,100,1.1182853593340085,1.3076516804888694,100,0.27000000000000002,73,0.72999999999999998,100
b72f0ac875b5,1a5a40f115dc,"[""DEP_ccomp_rate_alto"", ""DEP_nsubj:pass_rate_baixo""]","[""DEP_acl:relcl_rate_baixo""]","[""DEP_acl:relcl_rate_baixo"", ""DEP_ccomp_rate_alto"", ""DEP_nsubj:pass_rate_baixo""]",565,826,2625,0.13078703703703703,0.19120370370370371,0.60763888888888884,0.68401937046004846,1.125700449671394,0.19577269577269577,True,195,281,865,0.13541666666666666,0.19513888888888889,0.60069444444444442,0.69395017793594305,1.1552465389916278,0.20504731861198738,True,211,316,838,0.14652777777777778,0.21944444444444444,0.58194444444444449,0.66772151898734178,1.1473973595963869,0.22375397667020147,True,0.61838456229760574,0.7132401952352283,100,1.0603619990894788,1.2288932500709941,100,0.97999999999999998,100,1,100
1854d557387f,1a5a40f115dc,"[""DEP_acl:relcl_rate_baixo"", ""DEP_ccomp_rate_alto""]","[""DEP_nsubj:pass_rate_baixo""]","[""DEP_acl:relcl_rate_baixo"", ""DEP_ccomp_rate_alto"", ""DEP_nsubj:pass_rate_baixo""]",565,734,3138,0.13078703703703703,0.1699074074074074,0.72638888888888886,0.76975476839237056,1.0597006371749653,0.17084971273057151,True,195,251,1060,0.13541666666666666,0.17430555555555555,0.73611111111111116,0.77689243027888444,1.055401037359994,0.17473118279569894,True,211,267,1073,0.14652777777777778,0.18541666666666667,0.74513888888888891,0.79026217228464424,1.0605568761322346,0.18689105403011513,True,0.73552153110047847,0.84876443915290301,100,0.99887412145409171,1.1260305751805404,100,0.59999999999999998,60,0.59999999999999998,100
106d28184664,1a5a40f115dc,"[""DEP_ccomp_rate_alto""]","[""DEP_acl:relcl_rate_baixo"", ""DEP_nsubj:pass_rate_baixo""]","[""DEP_acl:relcl_rate_baixo"", ""DEP_ccomp_rate_alto"", ""DEP_nsubj:pass_rate_baixo""]",565,1092,1901,0.13078703703703703,0.25277777777777777,0.44004629629629627,0.51739926739926745,1.175783711291339,0.23270181219110378,True,195,373,634,0.13541666666666666,0.2590277777777778,0.44027777777777777,0.52278820375335122,1.1874053839192835,0.24014778325123154,True,211,398,618,0.14652777777777778,0.27638888888888891,0.42916666666666664,0.53015075376884424,1.235302727228375,0.26211180124223604,True,0.48019905416474684,0.58344689573236708,100,1.1292831694412866,1.3533459005055231,100,0.90000000000000002,81,0.81000000000000005,100
139dbac4b301,cbddaeae11e1,"[""DEP_advcl_rate_baixo"", ""DEP_ccomp_rate_alto""]","[""DEP_acl:relcl_rate_baixo""]","[""DEP_acl:relcl_rate_baixo"", ""DEP_advcl_rate_baixo"", ""DEP_ccomp_rate_alto""]",408,632,2625,0.094444444444444442,0.14629629629629629,0.60763888888888884,0.64556962025316456,1.0624231464737794,0.14320814320814321,True,153,225,865,0.10625,0.15625,0.60069444444444442,0.68000000000000005,1.1320231213872833,0.1632870864461046,True,146,228,838,0.10138888888888889,0.15833333333333333,0.58194444444444449,0.64035087719298245,1.1003642758447432,0.15869565217391304,True,0.59051494525007397,0.69781746031746028,100,1.0192962717506897,1.1975873054174313,100,0.87,67,0.67000000000000004,100
31df6377e21e,b6e0cdcd2e9f,"[""DEP_ccomp_rate_alto"", ""DEP_nsubj_rate_alto""]","[""DEP_nsubj:pass_rate_baixo""]","[""DEP_ccomp_rate_alto"", ""DEP_nsubj:pass_rate_baixo"", ""DEP_nsubj_rate_alto""]",406,482,3138,0.093981481481481485,0.11157407407407408,0.72638888888888886,0.84232365145228216,1.1596042620375586,0.12632233976353455,True,142,163,1060,0.098611111111111108,0.11319444444444444,0.73611111111111116,0.87116564417177911,1.183470309063549,0.13135985198889916,True,151,166,1073,0.10486111111111111,0.11527777777777778,0.74513888888888891,0.90963855421686746,1.2207637633478929,0.13878676470588236,True,0.86390532544378695,0.94627444612831058,100,1.1576454030902583,1.2803470251663021,100,1,100,1,100
fda68f59decc,63150cc1db44,"[""DEP_ccomp_rate_alto"", ""POS_PRON_rate_baixo""]","[""DEP_acl:relcl_rate_baixo""]","[""DEP_acl:relcl_rate_baixo"", ""DEP_ccomp_rate_alto"", ""POS_PRON_rate_baixo""]",362,377,2625,0.083796296296296299,0.087268518518518523,0.60763888888888884,0.96021220159151188,1.5802349374763167,0.13712121212121212,True,110,115,865,0.076388888888888895,0.079861111111111105,0.60069444444444442,0.95652173913043481,1.5923598894194522,0.12643678160919541,False,131,136,838,0.090972222222222218,0.094444444444444442,0.58194444444444449,0.96323529411764708,1.655201460058964,0.15539739027283511,True,0.93415584415584418,0.99301125244618393,100,1.583435241438732,1.7341385513106562,100,0.91000000000000003,90,0.90000000000000002,100
0f16b73aae01,ddcee17e1cea,"[""DEP_ccomp_rate_alto"", ""DEP_nsubj:pass_rate_baixo""]","[""POS_NUM_rate_baixo""]","[""DEP_ccomp_rate_alto"", ""DEP_nsubj:pass_rate_baixo"", ""POS_NUM_rate_baixo""]",417,826,1754,0.096527777777777782,0.19120370370370371,0.4060185185185185,0.50484261501210659,1.2433980027664198,0.1927877947295423,True,145,281,570,0.10069444444444445,0.19513888888888889,0.39583333333333331,0.51601423487544484,1.3036149091590186,0.20538243626062322,True,165,316,567,0.11458333333333333,0.21944444444444444,0.39374999999999999,0.52215189873417722,1.3261000602772754,0.2298050139275766,True,0.46945337620578781,0.5694500604443703,100,1.218650542775072,1.4311802908916513,100,0.77000000000000002,73,0.72999999999999998,100
412f97840322,e73aef4ae22d,"[""DEP_acl:relcl_rate_baixo"", ""DEP_ccomp_rate_alto""]","[""POS_NUM_rate_baixo""]","[""DEP_acl:relcl_rate_baixo"", ""DEP_ccomp_rate_alto"", ""POS_NUM_rate_baixo""]",377,734,1754,0.087268518518518523,0.1699074074074074,0.4060185185185185,0.51362397820163486,1.2650259896414269,0.17858834675509239,True,119,251,570,0.082638888888888887,0.17430555555555555,0.39583333333333331,0.47410358565737054,1.1977353742923045,0.16951566951566951,False,133,267,567,0.092361111111111116,0.18541666666666667,0.39374999999999999,0.49812734082397003,1.2650853100291302,0.18972895863052783,False,0.44033596837944666,0.54718493502051979,100,1.1294244418634662,1.38193271760593,100,0.5,71,0.70999999999999996,100
cd2ef03a554d,e73aef4ae22d,"[""DEP_ccomp_rate_alto"", ""POS_NUM_rate_baixo""]","[""DEP_acl:relcl_rate_baixo""]","[""DEP_acl:relcl_rate_baixo"", ""DEP_ccomp_rate_alto"", ""POS_NUM_rate_baixo""]",377,554,2625,0.087268518518518523,0.12824074074074074,0.60763888888888884,0.68050541516245489,1.1199174832387828,0.13454675231977159,True,119,185,865,0.082638888888888887,0.12847222222222221,0.60069444444444442,0.64324324324324322,1.070832682393376,0.12781954887218044,True,133,192,838,0.092361111111111116,0.13333333333333333,0.58194444444444449,0.69270833333333337,1.1903341288782816,0.14827201783723523,True,0.62188288856833762,0.73702888676931466,100,1.0866245371645002,1.2864812926504037,100,0.93000000000000005,97,0.96999999999999997,100
367f068cdc49,11e010b31664,"[""DEP_advmod_rate_baixo""]","[""DEP_advcl_rate_baixo""]","[""DEP_advcl_rate_baixo"", ""DEP_advmod_rate_baixo""]",896,1409,2534,0.2074074074074074,0.3261574074074074,0.58657407407407403,0.63591199432221435,1.0841120029486844,0.2940597308828356,True,314,487,857,0.21805555555555556,0.33819444444444446,0.59513888888888888,0.64476386036960986,1.0833838493958439,0.30485436893203882,True,295,479,833,0.2048611111111111,0.33263888888888887,0.57847222222222228,0.615866388308977,1.0646429761883878,0.29006882989183874,True,0.57239795918367342,0.65831433456825306,100,1.0136000214035492,1.1404821934044207,100,0.67000000000000004,95,0.94999999999999996,100
4513ef5e02ed,6e0bc967e9df,"[""DEP_advmod_rate_baixo"", ""DEP_nsubj:pass_rate_baixo""]","[""DEP_advcl_rate_baixo""]","[""DEP_advcl_rate_baixo"", ""DEP_advmod_rate_baixo"", ""DEP_nsubj:pass_rate_baixo""]",644,1019,2534,0.14907407407407408,0.23587962962962963,0.58657407407407403,0.63199214916584889,1.0774293940001844,0.22138191818494327,True,217,343,857,0.15069444444444444,0.23819444444444443,0.59513888888888888,0.63265306122448983,1.0630343152430166,0.22075279755849442,True,217,345,833,0.15069444444444444,0.23958333333333334,0.57847222222222228,0.62898550724637681,1.0873218852758495,0.22580645161290322,True,0.57397528160200251,0.68704996186117473,100,1.0290283067549368,1.1847910050034416,100,0.84999999999999998,84,0.83999999999999997,100
f29a269a9955,41a962e4c892,"[""DEP_advcl_rate_baixo"", ""DEP_advmod_rate_baixo""]","[""DEP_ccomp_rate_baixo""]","[""DEP_advcl_rate_baixo"", ""DEP_advmod_rate_baixo"", ""DEP_ccomp_rate_baixo""]",560,896,2561,0.12962962962962962,0.2074074074074074,0.59282407407407411,0.625,1.0542756735650136,0.19330341732827064,True,193,314,842,0.13402777777777777,0.21805555555555556,0.58472222222222225,0.61464968152866239,1.0511823532081637,0.20041536863966772,True,184,295,849,0.12777777777777777,0.2048611111111111,0.58958333333333335,0.62372881355932208,1.0579145954363058,0.19166666666666668,True,0.58201380158878757,0.67586347486749376,100,0.98734407446820527,1.1235077335590069,100,0.55000000000000004,60,0.59999999999999998,100
c39dc0f07e9d,41a962e4c892,"[""DEP_advmod_rate_baixo"", ""DEP_ccomp_rate_baixo""]","[""DEP_advcl_rate_baixo""]","[""DEP_advcl_rate_baixo"", ""DEP_advmod_rate_baixo"", ""DEP_ccomp_rate_baixo""]",560,869,2534,0.12962962962962962,0.2011574074074074,0.58657407407407403,0.64441887226697359,1.0986146520099944,0.1969750263805839,True,193,296,857,0.13402777777777777,0.20555555555555555,0.59513888888888888,0.65202702702702697,1.0955880034059731,0.20104166666666667,True,184,290,833,0.12777777777777777,0.2013888888888889,0.57847222222222228,0.6344827586206897,1.0968249368713003,0.1959531416400426,True,0.58556624244912314,0.67951990632318504,100,1.0126577505966958,1.1798442762365629,100,0.87,97,0.96999999999999997,100
4f3f7041aec0,b62a57cf20e0,"[""DEP_acl:relcl_rate_baixo"", ""DEP_advmod_rate_baixo""]","[""DEP_advcl_rate_baixo""]","[""DEP_acl:relcl_rate_baixo"", ""DEP_advcl_rate_baixo"", ""DEP_advmod_rate_baixo""]",547,885,2534,0.12662037037037038,0.2048611111111111,0.58657407407407403,0.61807909604519773,1.0537102189878667,0.19045961002785516,True,186,299,857,0.12916666666666668,0.2076388888888889,0.59513888888888888,0.62207357859531776,1.04525782167708,0.19175257731958764,False,185,299,833,0.12847222222222221,0.2076388888888889,0.57847222222222228,0.61872909698996659,1.0695917162851762,0.19535374868004224,True,0.56480292344443184,0.67095592838362328,100,0.99595818419024085,1.1457574278146672,100,0.70999999999999996,48,0.47999999999999998,100
71cd6390f926,59e815a8e4f0,"[""DEP_advmod_rate_baixo"", ""POS_NUM_rate_baixo""]","[""DEP_nsubj:pass_rate_baixo""]","[""DEP_advmod_rate_baixo"", ""DEP_nsubj:pass_rate_baixo"", ""POS_NUM_rate_baixo""]",468,611,3138,0.10833333333333334,0.14143518518518519,0.72638888888888886,0.76595744680851063,1.0544729669256743,0.14263943919536726,True,162,215,1060,0.1125,0.14930555555555555,0.73611111111111116,0.75348837209302322,1.0236068451075033,0.14555256064690028,False,148,198,1073,0.10277777777777777,0.13750000000000001,0.74513888888888891,0.74747474747474751,1.0031347962382444,0.13178984861976847,False,0.68827624650125718,0.80687728937728931,100,0.92835120548842975,1.064273771024131,100,0.059999999999999998,57,0.56999999999999995,100
1ba078c08175,31010b851e91,"[""DEP_advmod_rate_baixo"", ""POS_PRON_rate_baixo""]","[""DEP_acl:relcl_rate_baixo""]","[""DEP_acl:relcl_rate_baixo"", ""DEP_advmod_rate_baixo"", ""POS_PRON_rate_baixo""]",545,557,2625,0.12615740740740741,0.12893518518518518,0.60763888888888884,0.97845601436265706,1.6102590407796871,0.20667425104285173,True,161,168,865,0.11180555555555556,0.11666666666666667,0.60069444444444442,0.95833333333333337,1.5953757225433527,0.18463302752293578,True,182,189,838,0.12638888888888888,0.13125000000000001,0.58194444444444449,0.96296296296296291,1.6547334924423229,0.2153846153846154,True,0.93586484137331594,0.98474158031088077,100,1.5868313075320084,1.7259422957324975,100,1,100,1,100
d1369887aa9e,31010b851e91,"[""DEP_acl:relcl_rate_baixo"", ""DEP_advmod_rate_baixo""]","[""POS_PRON_rate_baixo""]","[""DEP_acl:relcl_rate_baixo"", ""DEP_advmod_rate_baixo"", ""POS_PRON_rate_baixo""]",545,885,1448,0.12615740740740741,0.2048611111111111,0.3351851851851852,0.61581920903954801,1.8372506789025189,0.30480984340044742,True,161,299,434,0.11180555555555556,0.2076388888888889,0.30138888888888887,0.53846153846153844,1.7866004962779156,0.28146853146853146,True,182,299,457,0.12638888888888888,0.2076388888888889,0.31736111111111109,0.60869565217391308,1.9179906764342118,0.31707317073170732,True,0.54667540283440108,0.66443743972751701,100,1.7436476309576627,2.0525323043815842,100,1,100,1,100
530864404d97,e485a8970aca,"[""DEP_advmod_rate_baixo"", ""POS_PRON_rate_baixo""]","[""DEP_ccomp_rate_baixo""]","[""DEP_advmod_rate_baixo"", ""DEP_ccomp_rate_baixo"", ""POS_PRON_rate_baixo""]",356,557,2561,0.082407407407407401,0.12893518518518518,0.59282407407407411,0.6391382405745063,1.0781246385325525,0.12889210716871832,True,105,168,842,0.072916666666666671,0.11666666666666667,0.58472222222222225,0.625,1.0688836104513064,0.11602209944751381,False,117,189,849,0.081250000000000003,0.13125000000000001,0.58958333333333335,0.61904761904761907,1.0499747602221101,0.12703583061889251,False,0.55318571891191715,0.68512737062037921,100,0.94453480865496009,1.1494411318408173,100,0.34999999999999998,60,0.59999999999999998,100
7c209330a1d6,f44ef52cb2f0,"[""DEP_advmod_rate_baixo"", ""POS_PRON_rate_baixo""]","[""DEP_advcl_rate_baixo""]","[""DEP_advcl_rate_baixo"", ""DEP_advmod_rate_baixo"", ""POS_PRON_rate_baixo""]",356,557,2534,0.082407407407407401,0.12893518518518518,0.58657407407407403,0.6391382405745063,1.0896121544127337,0.13016453382084095,True,105,168,857,0.072916666666666671,0.11666666666666667,0.59513888888888888,0.625,1.0501750291715286,0.11413043478260869,False,127,189,833,0.08819444444444445,0.13125000000000001,0.57847222222222228,0.67195767195767198,1.1616075001429143,0.14189944134078211,True,0.59906447898675874,0.72942215021601842,100,1.0526580021302314,1.2581469789799258,100,0.87,73,0.72999999999999998,100
d56f60a0f8e1,8cccc8454c6b,"[""DEP_cc_rate_baixo"", ""POS_PRON_rate_baixo""]","[""DEP_acl:relcl_rate_baixo""]","[""DEP_acl:relcl_rate_baixo"", ""DEP_cc_rate_baixo"", ""POS_PRON_rate_baixo""]",409,429,2625,0.094675925925925927,0.09930555555555555,0.60763888888888884,0.9533799533799534,1.5689910089910091,0.15463137996219281,True,132,138,865,0.09166666666666666,0.09583333333333334,0.60069444444444442,0.95652173913043481,1.5923598894194522,0.15154994259471871,True,109,116,838,0.075694444444444439,0.080555555555555561,0.58194444444444449,0.93965517241379315,1.6146819191836064,0.1289940828402367,False,0.90292986952469712,0.98361680672268903,100,1.5396616558646019,1.7074560768040972,100,0.26000000000000001,100,1,100
61ccba8ec92d,8cccc8454c6b,"[""DEP_acl:relcl_rate_baixo"", ""DEP_cc_rate_baixo""]","[""POS_PRON_rate_baixo""]","[""DEP_acl:relcl_rate_baixo"", ""DEP_cc_rate_baixo"", ""POS_PRON_rate_baixo""]",409,760,1448,0.094675925925925927,0.17592592592592593,0.3351851851851852,0.53815789473684206,1.6055539400988659,0.2273485269594219,True,132,267,434,0.09166666666666666,0.18541666666666667,0.30138888888888887,0.4943820224719101,1.6403458810127893,0.23198594024604569,False,109,230,457,0.075694444444444439,0.15972222222222221,0.31736111111111109,0.47391304347826085,1.493292740938065,0.18858131487889274,False,0.41083047945205475,0.53041125541125533,100,1.339088441808107,1.6560729432776766,100,0.11,100,1,100
e16ef8f4fcce,afaef19656e5,"[""DEP_advmod_rate_baixo""]","[""POS_ADV_rate_baixo""]","[""DEP_advmod_rate_baixo"", ""POS_ADV_rate_baixo""]",1231,1409,1278,0.28495370370370371,0.3261574074074074,0.29583333333333334,0.87366926898509578,2.9532482331890564,0.84546703296703296,True,426,487,443,0.29583333333333334,0.33819444444444446,0.30763888888888891,0.87474332648870634,2.8434094585637406,0.84523809523809523,True,416,479,434,0.28888888888888886,0.33263888888888887,0.30138888888888887,0.86847599164926936,2.8815793271312162,0.83702213279678073,True,0.84299456482614643,0.89734810824490685,100,2.6863577586206899,3.105251725465878,100,1,100,1,100
909d0314f156,afaef19656e5,"[""POS_ADV_rate_baixo""]","[""DEP_advmod_rate_baixo""]","[""DEP_advmod_rate_baixo"", ""POS_ADV_rate_baixo""]",1231,1278,1409,0.28495370370370371,0.29583333333333334,0.3261574074074074,0.96322378716744916,2.9532482331890564,0.84546703296703296,True,426,443,487,0.29583333333333334,0.30763888888888891,0.33819444444444446,0.96162528216704291,2.8434094585637406,0.84523809523809523,True,416,434,479,0.28888888888888886,0.30138888888888887,0.33263888888888887,0.95852534562211977,2.8815793271312162,0.83702213279678073,True,0.93799128250591013,0.97950782614118226,100,2.6863577586206899,3.105251725465878,100,1,100,1,100
0d6a1ab9b984,0be090b950f3,"[""POS_ADV_rate_baixo""]","[""DEP_advcl_rate_baixo""]","[""DEP_advcl_rate_baixo"", ""POS_ADV_rate_baixo""]",820,1278,2534,0.18981481481481483,0.29583333333333334,0.58657407407407403,0.64162754303599379,1.0938559533999577,0.27406417112299464,True,294,443,857,0.20416666666666666,0.30763888888888891,0.59513888888888888,0.66365688487584651,1.1151294214950047,0.2922465208747515,True,269,434,833,0.18680555555555556,0.30138888888888887,0.57847222222222228,0.61981566820276501,1.0714700626794496,0.26953907815631262,True,0.57185507129187896,0.6660543071161048,100,1.0019430735000845,1.1445835821807779,100,0.71999999999999997,99,0.98999999999999999,100
bc7b241e46db,340698e8be61,"[""DEP_advmod_rate_baixo"", ""DEP_nsubj:pass_rate_baixo""]","[""POS_ADV_rate_baixo""]","[""DEP_advmod_rate_baixo"", ""DEP_nsubj:pass_rate_baixo"", ""POS_ADV_rate_baixo""]",884,1019,1278,0.20462962962962963,0.23587962962962963,0.29583333333333334,0.8675171736997056,2.9324524181398499,0.62561924982307149,True,294,343,443,0.20416666666666666,0.23819444444444443,0.30763888888888891,0.8571428571428571,2.7861980006449532,0.59756097560975607,True,294,345,434,0.20416666666666666,0.23958333333333334,0.30138888888888887,0.85217391304347823,2.8274894810659186,0.60618556701030923,True,0.8210323859436941,0.88430615542930024,100,2.6256778836205541,3.0883456563608407,100,1,100,1,100
543fc065b6ff,340698e8be61,"[""DEP_nsubj:pass_rate_baixo"", ""POS_ADV_rate_baixo""]","[""DEP_advmod_rate_baixo""]","[""DEP_advmod_rate_baixo"", ""DEP_nsubj:pass_rate_baixo"", ""POS_ADV_rate_baixo""]",884,921,1409,0.20462962962962963,0.21319444444444444,0.3261574074074074,0.95982627578718782,2.9428314488294189,0.6113416320885201,True,294,308,487,0.20416666666666666,0.21388888888888888,0.33819444444444446,0.95454545454545459,2.8224752660070935,0.58682634730538918,True,294,308,479,0.20416666666666666,0.21388888888888888,0.33263888888888887,0.95454545454545459,2.8696147276523059,0.59634888438133871,True,0.92811962134251291,0.97931279088756429,100,2.662363921166059,3.0987634106073143,100,1,100,1,100
361304d7f88a,340698e8be61,"[""DEP_advmod_rate_baixo""]","[""DEP_nsubj:pass_rate_baixo"", ""POS_ADV_rate_baixo""]","[""DEP_advmod_rate_baixo"", ""DEP_nsubj:pass_rate_baixo"", ""POS_ADV_rate_baixo""]",884,1409,921,0.20462962962962963,0.3261574074074074,0.21319444444444444,0.6273953158268275,2.9428314488294189,0.6113416320885201,True,294,487,308,0.20416666666666666,0.33819444444444446,0.21388888888888888,0.60369609856262829,2.8224752660070935,0.58682634730538918,True,294,479,308,0.20416666666666666,0.33263888888888887,0.21388888888888888,0.61377870563674319,2.8696147276523059,0.59634888438133871,True,0.58418595792184091,0.6536470184714227,100,2.662363921166059,3.0987634106073143,100,1,100,1,100
8cd7b88af144,340698e8be61,"[""POS_ADV_rate_baixo""]","[""DEP_advmod_rate_baixo"", ""DEP_nsubj:pass_rate_baixo""]","[""DEP_advmod_rate_baixo"", ""DEP_nsubj:pass_rate_baixo"", ""POS_ADV_rate_baixo""]",884,1278,1019,0.20462962962962963,0.29583333333333334,0.23587962962962963,0.69170579029733958,2.9324524181398499,0.62561924982307149,True,294,443,343,0.20416666666666666,0.30763888888888891,0.23819444444444443,0.66365688487584651,2.7861980006449532,0.59756097560975607,True,294,434,345,0.20416666666666666,0.30138888888888887,0.23958333333333334,0.67741935483870963,2.8274894810659186,0.60618556701030923,True,0.63875449493298464,0.71851731601731594,100,2.6256778836205541,3.0883456563608407,100,1,100,1,100
52ce443b15a9,b86bb0636b87,"[""DEP_advcl_rate_baixo"", ""DEP_advmod_rate_baixo""]","[""POS_ADV_rate_baixo""]","[""DEP_advcl_rate_baixo"", ""DEP_advmod_rate_baixo"", ""POS_ADV_rate_baixo""]",798,896,1278,0.18472222222222223,0.2074074074074074,0.29583333333333334,0.890625,3.01056338028169,0.57994186046511631,True,286,314,443,0.1986111111111111,0.21805555555555556,0.30763888888888891,0.91082802547770703,2.9607050941036075,0.60721868365180465,True,259,295,434,0.17986111111111111,0.2048611111111111,0.30138888888888887,0.87796610169491529,2.9130672498633134,0.55106382978723401,True,0.84640846957920135,0.9169239891247758,100,2.6889704669912433,3.1803012833041757,100,1,100,1,100
a9cc0766f780,b86bb0636b87,"[""DEP_advmod_rate_baixo"", ""POS_ADV_rate_baixo""]","[""DEP_advcl_rate_baixo""]","[""DEP_advcl_rate_baixo"", ""DEP_advmod_rate_baixo"", ""POS_ADV_rate_baixo""]",798,1231,2534,0.18472222222222223,0.28495370370370371,0.58657407407407403,0.64825345247766042,1.1051519000408419,0.26895854398382202,True,286,426,857,0.1986111111111111,0.29583333333333334,0.59513888888888888,0.67136150234741787,1.1280753364997453,0.28686058174523571,True,259,416,833,0.17986111111111111,0.28888888888888886,0.57847222222222228,0.62259615384615385,1.0762766645119586,0.26161616161616164,True,0.57913628529762695,0.66888625901155208,100,1.008757946916353,1.1564230023141977,100,0.73999999999999999,100,1,100
7e1c9731ccca,b86bb0636b87,"[""DEP_advcl_rate_baixo"", ""POS_ADV_rate_baixo""]","[""DEP_advmod_rate_baixo""]","[""DEP_advcl_rate_baixo"", ""DEP_advmod_rate_baixo"", ""POS_ADV_rate_baixo""]",798,820,1409,0.18472222222222223,0.18981481481481483,0.3261574074074074,0.97317073170731705,2.9837456075057558,0.55765199161425572,True,286,294,487,0.1986111111111111,0.20416666666666666,0.33819444444444446,0.97278911564625847,2.8764195616645014,0.57777777777777772,True,259,269,479,0.17986111111111111,0.18680555555555556,0.33263888888888887,0.96282527881040891,2.8945060573841102,0.52965235173824132,True,0.93662631433314891,0.9877106187108371,100,2.6832462048027801,3.1245318557846646,100,1,100,1,100
6a7d0b0aeb06,b86bb0636b87,"[""DEP_advmod_rate_baixo""]","[""DEP_advcl_rate_baixo"", ""POS_ADV_rate_baixo""]","[""DEP_advcl_rate_baixo"", ""DEP_advmod_rate_baixo"", ""POS_ADV_rate_baixo""]",798,1409,820,0.18472222222222223,0.3261574074074074,0.18981481481481483,0.56635911994322219,2.9837456075057558,0.55765199161425572,True,286,487,294,0.1986111111111111,0.33819444444444446,0.20416666666666666,0.58726899383983577,2.8764195616645014,0.57777777777777772,True,259,479,269,0.17986111111111111,0.33263888888888887,0.18680555555555556,0.54070981210855951,2.8945060573841102,0.52965235173824132,True,0.49512709643605868,0.5796173961245541,100,2.6832462048027801,3.1245318557846646,100,0.95999999999999996,100,1,100
320210af9326,b86bb0636b87,"[""POS_ADV_rate_baixo""]","[""DEP_advcl_rate_baixo"", ""DEP_advmod_rate_baixo""]","[""DEP_advcl_rate_baixo"", ""DEP_advmod_rate_baixo"", ""POS_ADV_rate_baixo""]",798,1278,896,0.18472222222222223,0.29583333333333334,0.2074074074074074,0.62441314553990612,3.01056338028169,0.57994186046511631,True,286,443,314,0.1986111111111111,0.30763888888888891,0.21805555555555556,0.64559819413092556,2.9607050941036075,0.60721868365180465,True,259,434,295,0.17986111111111111,0.30138888888888887,0.2048611111111111,0.59677419354838712,2.9130672498633134,0.55106382978723401,True,0.54959354478133293,0.64520642201834855,100,2.6889704669912433,3.1803012833041757,100,1,100,1,100
c6a24be42700,42f60e5cc007,"[""DEP_nsubj:pass_rate_baixo"", ""POS_ADV_rate_baixo""]","[""DEP_advcl_rate_baixo""]","[""DEP_advcl_rate_baixo"", ""DEP_nsubj:pass_rate_baixo"", ""POS_ADV_rate_baixo""]",593,921,2534,0.13726851851851851,0.21319444444444444,0.58657407407407403,0.64386536373507053,1.0976710226264819,0.2071977638015374,True,200,308,857,0.1388888888888889,0.21388888888888888,0.59513888888888888,0.64935064935064934,1.0910909393989907,0.20725388601036268,True,194,308,833,0.13472222222222222,0.21388888888888888,0.57847222222222228,0.62987012987012991,1.0888511248655306,0.20485744456177402,True,0.56849262836807313,0.68745789530143742,100,1.0149949125308944,1.1948809119971937,100,0.77000000000000002,97,0.96999999999999997,100
5bd1b89b2971,7313e2f29fbd,"[""DEP_advmod_rate_baixo"", ""DEP_ccomp_rate_baixo""]","[""POS_ADV_rate_baixo""]","[""DEP_advmod_rate_baixo"", ""DEP_ccomp_rate_baixo"", ""POS_ADV_rate_baixo""]",758,869,1278,0.17546296296296296,0.2011574074074074,0.29583333333333334,0.87226697353279636,2.9485080795474805,0.54571634269258462,True,262,296,443,0.18194444444444444,0.20555555555555555,0.30763888888888891,0.88513513513513509,2.8771887011164665,0.54926624737945495,True,252,290,434,0.17499999999999999,0.2013888888888889,0.30138888888888887,0.86896551724137927,2.8832035595105672,0.53389830508474578,True,0.83451918117983104,0.90530679933665004,100,2.6496535461125905,3.1256961434508006,100,1,100,1,100
6bc0044768d2,7313e2f29fbd,"[""DEP_ccomp_rate_baixo"", ""POS_ADV_rate_baixo""]","[""DEP_advmod_rate_baixo""]","[""DEP_advmod_rate_baixo"", ""DEP_ccomp_rate_baixo"", ""POS_ADV_rate_baixo""]",758,788,1409,0.17546296296296296,0.18240740740740741,0.3261574074074074,0.96192893401015234,2.9492782078948601,0.5267546907574705,True,262,275,487,0.18194444444444444,0.19097222222222221,0.33819444444444446,0.95272727272727276,2.8170991226432704,0.52400000000000002,True,252,264,479,0.17499999999999999,0.18333333333333332,0.33263888888888887,0.95454545454545459,2.8696147276523059,0.51323828920570269,True,0.92685002736726874,0.98283461084905654,100,2.6699267840083794,3.0982785882886756,100,1,100,1,100
a686b7ddfc02,7313e2f29fbd,"[""DEP_advmod_rate_baixo""]","[""DEP_ccomp_rate_baixo"", ""POS_ADV_rate_baixo""]","[""DEP_advmod_rate_baixo"", ""DEP_ccomp_rate_baixo"", ""POS_ADV_rate_baixo""]",758,1409,788,0.17546296296296296,0.3261574074074074,0.18240740740740741,0.53797019162526616,2.9492782078948601,0.5267546907574705,True,262,487,275,0.18194444444444444,0.33819444444444446,0.19097222222222221,0.53798767967145789,2.8170991226432704,0.52400000000000002,True,252,479,264,0.17499999999999999,0.33263888888888887,0.18333333333333332,0.52609603340292277,2.8696147276523059,0.51323828920570269,True,0.48543572304844718,0.56927807757900173,100,2.6699267840083794,3.0982785882886756,100,0.85999999999999999,100,1,100
8f07dbefebd7,7313e2f29fbd,"[""POS_ADV_rate_baixo""]","[""DEP_advmod_rate_baixo"", ""DEP_ccomp_rate_baixo""]","[""DEP_advmod_rate_baixo"", ""DEP_ccomp_rate_baixo"", ""POS_ADV_rate_baixo""]",758,1278,869,0.17546296296296296,0.29583333333333334,0.2011574074074074,0.59311424100156496,2.9485080795474805,0.54571634269258462,True,262,443,296,0.18194444444444444,0.30763888888888891,0.20555555555555555,0.5914221218961625,2.8771887011164665,0.54926624737945495,True,252,434,290,0.17499999999999999,0.30138888888888887,0.2013888888888889,0.58064516129032262,2.8832035595105672,0.53389830508474578,True,0.54009443681318681,0.62155858749695203,100,2.6496535461125905,3.1256961434508006,100,1,100,1,100
acff811bbbf2,f7b0aa33cc43,"[""DEP_advcl_rate_baixo"", ""POS_ADV_rate_baixo""]","[""DEP_ccomp_rate_baixo""]","[""DEP_advcl_rate_baixo"", ""DEP_ccomp_rate_baixo"", ""POS_ADV_rate_baixo""]",516,820,2561,0.11944444444444445,0.18981481481481483,0.59282407407407411,0.62926829268292683,1.0614756049942382,0.18010471204188483,True,186,294,842,0.12916666666666668,0.20416666666666666,0.58472222222222225,0.63265306122448983,1.0819719811915265,0.19578947368421051,True,168,269,849,0.11666666666666667,0.18680555555555556,0.58958333333333335,0.62453531598513012,1.059282514745097,0.17684210526315788,True,0.56507534730397935,0.67311965811965813,100,0.96967824977107164,1.1350038065019059,100,0.56999999999999995,71,0.70999999999999996,100
ad53ca705d2e,f7b0aa33cc43,"[""DEP_ccomp_rate_baixo"", ""POS_ADV_rate_baixo""]","[""DEP_advcl_rate_baixo""]","[""DEP_advcl_rate_baixo"", ""DEP_ccomp_rate_baixo"", ""POS_ADV_rate_baixo""]",516,788,2534,0.11944444444444445,0.18240740740740741,0.58657407407407403,0.65482233502538068,1.1163506264047531,0.18389166072701355,True,186,275,857,0.12916666666666668,0.19097222222222221,0.59513888888888888,0.67636363636363639,1.1364803224779887,0.19661733615221988,True,168,264,833,0.11666666666666667,0.18333333333333332,0.57847222222222228,0.63636363636363635,1.1000763941940412,0.18083961248654468,True,0.58212285902503291,0.69186314363143631,100,1.0057086478072625,1.1938458318874787,100,0.87,100,1,100
86dab6a5f8ff,d6653a7c843d,"[""DEP_advmod_rate_baixo"", ""uppercaseRatio_baixo""]","[""POS_ADV_rate_baixo""]","[""DEP_advmod_rate_baixo"", ""POS_ADV_rate_baixo"", ""uppercaseRatio_baixo""]",463,542,1278,0.10717592592592592,0.12546296296296297,0.29583333333333334,0.85424354243542433,2.887583805415519,0.34119380987472364,True,177,210,443,0.12291666666666666,0.14583333333333334,0.30763888888888891,0.84285714285714286,2.7397613673008707,0.37184873949579833,True,153,174,434,0.10625,0.12083333333333333,0.30138888888888887,0.87931034482758619,2.9175274114095027,0.33626373626373629,True,0.83342231802354505,0.91819315445476424,100,2.7121300294934043,3.1539968985599733,100,1,100,1,100
527f687a01c3,d6653a7c843d,"[""POS_ADV_rate_baixo"", ""uppercaseRatio_baixo""]","[""DEP_advmod_rate_baixo""]","[""DEP_advmod_rate_baixo"", ""POS_ADV_rate_baixo"", ""uppercaseRatio_baixo""]",463,484,1409,0.10717592592592592,0.11203703703703703,0.3261574074074074,0.95661157024793386,2.9329751479567596,0.32377622377622378,True,177,183,487,0.12291666666666666,0.12708333333333333,0.33819444444444446,0.96721311475409832,2.8599320025583195,0.35902636916835701,True,153,163,479,0.10625,0.11319444444444444,0.33263888888888887,0.93865030674846628,2.8218297321874561,0.31288343558282211,True,0.88671305222566854,0.98097225558491474,100,2.6119741586538461,3.0750215917849211,100,1,100,1,100
a00ab37ad389,8eb983989690,"[""DEP_advmod_rate_baixo"", ""DEP_cc_rate_baixo""]","[""POS_ADV_rate_baixo""]","[""DEP_advmod_rate_baixo"", ""DEP_cc_rate_baixo"", ""POS_ADV_rate_baixo""]",395,448,1278,0.091435185185185189,0.1037037037037037,0.29583333333333334,0.8816964285714286,2.9803822937625752,0.29676934635612323,True,152,165,443,0.10555555555555556,0.11458333333333333,0.30763888888888891,0.92121212121212126,2.9944592653396267,0.33333333333333331,True,138,156,434,0.09583333333333334,0.10833333333333334,0.30138888888888887,0.88461538461538458,2.9351293867422901,0.30530973451327431,True,0.84073540419161674,0.92755675029868578,100,2.6834731080884926,3.1804645244617453,100,0.96999999999999997,100,1,100
66274f4256f0,8eb983989690,"[""DEP_cc_rate_baixo"", ""POS_ADV_rate_baixo""]","[""DEP_advmod_rate_baixo""]","[""DEP_advmod_rate_baixo"", ""DEP_cc_rate_baixo"", ""POS_ADV_rate_baixo""]",395,412,1409,0.091435185185185189,0.095370370370370369,0.3261574074074074,0.95873786407766992,2.9394943738932109,0.2769985974754558,True,152,158,487,0.10555555555555556,0.10972222222222222,0.33819444444444446,0.96202531645569622,2.8445923114911755,0.30831643002028397,True,138,144,479,0.09583333333333334,0.10000000000000001,0.33263888888888887,0.95833333333333337,2.8810020876826723,0.28453608247422679,True,0.91812747487054525,0.98945806352143073,100,2.6620838882484867,3.1277897550879614,100,0.96999999999999997,100,1,100
fdca8596d86f,2465ffe4f09d,"[""DEP_acl:relcl_rate_baixo"", ""DEP_advmod_rate_baixo""]","[""POS_ADV_rate_baixo""]","[""DEP_acl:relcl_rate_baixo"", ""DEP_advmod_rate_baixo"", ""POS_ADV_rate_baixo""]",775,885,1278,0.17939814814814814,0.2048611111111111,0.29583333333333334,0.87570621468926557,2.960133683456672,0.55835734870317,True,255,299,443,0.17708333333333334,0.2076388888888889,0.30763888888888891,0.85284280936454848,2.7722204187019184,0.52361396303901442,True,266,299,434,0.18472222222222223,0.2076388888888889,0.30138888888888887,0.88963210702341133,2.9517747329809039,0.56959314775160597,True,0.85722042656565245,0.91883256771740851,100,2.716063871225757,3.2257032371793879,100,1,100,1,100
8a3ee76b1f9e,2465ffe4f09d,"[""DEP_acl:relcl_rate_baixo"", ""POS_ADV_rate_baixo""]","[""DEP_advmod_rate_baixo""]","[""DEP_acl:relcl_rate_baixo"", ""DEP_advmod_rate_baixo"", ""POS_ADV_rate_baixo""]",775,802,1409,0.17939814814814814,0.18564814814814815,0.3261574074074074,0.96633416458852872,2.9627846636071284,0.53969359331476319,True,255,265,487,0.17708333333333334,0.18402777777777779,0.33819444444444446,0.96226415094339623,2.845298516136531,0.51307847082494973,True,266,270,479,0.18472222222222223,0.1875,0.33263888888888887,0.98518518518518516,2.9617258176757133,0.55072463768115942,True,0.96729775481111901,0.99637249861583488,100,2.744939472810211,3.1781933145559815,100,1,100,1,100
c63bc41a056f,2465ffe4f09d,"[""DEP_advmod_rate_baixo""]","[""DEP_acl:relcl_rate_baixo"", ""POS_ADV_rate_baixo""]","[""DEP_acl:relcl_rate_baixo"", ""DEP_advmod_rate_baixo"", ""POS_ADV_rate_baixo""]",775,1409,802,0.17939814814814814,0.3261574074074074,0.18564814814814815,0.55003548616039744,2.9627846636071284,0.53969359331476319,True,255,487,265,0.17708333333333334,0.33819444444444446,0.18402777777777779,0.52361396303901442,2.845298516136531,0.51307847082494973,True,266,479,270,0.18472222222222223,0.33263888888888887,0.1875,0.55532359081419624,2.9617258176757133,0.55072463768115942,True,0.51921877498800573,0.60450805573074928,100,2.744939472810211,3.1781933145559815,100,1,100,1,100
1c1ee6e7cfb6,2465ffe4f09d,"[""POS_ADV_rate_baixo""]","[""DEP_acl:relcl_rate_baixo"", ""DEP_advmod_rate_baixo""]","[""DEP_acl:relcl_rate_baixo"", ""DEP_advmod_rate_baixo"", ""POS_ADV_rate_baixo""]",775,1278,885,0.17939814814814814,0.29583333333333334,0.2048611111111111,0.60641627543035992,2.960133683456672,0.55835734870317,True,255,443,299,0.17708333333333334,0.30763888888888891,0.2076388888888889,0.57562076749435664,2.7722204187019184,0.52361396303901442,True,266,434,299,0.18472222222222223,0.30138888888888887,0.2076388888888889,0.61290322580645162,2.9517747329809039,0.56959314775160597,True,0.57337165834520276,0.65419528102819879,100,2.716063871225757,3.2257032371793879,100,1,100,1,100
e41ab6ba84f2,716fa36b3452,"[""DEP_acl:relcl_rate_baixo"", ""POS_ADV_rate_baixo""]","[""DEP_advcl_rate_baixo""]","[""DEP_acl:relcl_rate_baixo"", ""DEP_advcl_rate_baixo"", ""POS_ADV_rate_baixo""]",502,802,2534,0.1162037037037037,0.18564814814814815,0.58657407407407403,0.62593516209476308,1.0671033544788384,0.17713479181369091,True,172,265,857,0.11944444444444445,0.18402777777777779,0.59513888888888888,0.64905660377358487,1.0905968604830365,0.18105263157894738,True,169,270,833,0.11736111111111111,0.1875,0.57847222222222228,0.62592592592592589,1.0820328131252501,0.18094218415417559,True,0.56234681372549022,0.68131124290871581,100,0.98561731986389522,1.1618033239332426,100,0.77000000000000002,68,0.68000000000000005,100
496c5aed3a1e,617fe5f18ff2,"[""DEP_advmod_rate_baixo"", ""POS_NUM_rate_baixo""]","[""POS_ADV_rate_baixo""]","[""DEP_advmod_rate_baixo"", ""POS_ADV_rate_baixo"", ""POS_NUM_rate_baixo""]",533,611,1278,0.12337962962962963,0.14143518518518519,0.29583333333333334,0.87234042553191493,2.9487563679952054,0.39306784660766964,True,185,215,443,0.12847222222222221,0.14930555555555555,0.30763888888888891,0.86046511627906974,2.7969972177017168,0.39112050739957716,True,165,198,434,0.11458333333333333,0.13750000000000001,0.30138888888888887,0.83333333333333337,2.7649769585253456,0.35331905781584583,True,0.77015909090909096,0.88666773081343375,100,2.537519016538254,3.0445119502412452,100,1,100,1,100
ebb5c1b30ec6,617fe5f18ff2,"[""POS_ADV_rate_baixo"", ""POS_NUM_rate_baixo""]","[""DEP_advmod_rate_baixo""]","[""DEP_advmod_rate_baixo"", ""POS_ADV_rate_baixo"", ""POS_NUM_rate_baixo""]",533,551,1409,0.12337962962962963,0.1275462962962963,0.3261574074074074,0.96733212341197827,2.9658444096094718,0.37351086194814298,True,185,190,487,0.12847222222222221,0.13194444444444445,0.33819444444444446,0.97368421052631582,2.8790662487841781,0.37601626016260165,True,165,170,479,0.11458333333333333,0.11805555555555555,0.33263888888888887,0.97058823529411764,2.9178435466044457,0.34090909090909088,True,0.94337737127371268,0.99238805970149246,100,2.7095167392673312,3.1398162065629882,100,1,100,1,100
19309d369bba,24050929514e,"[""POS_ADV_rate_baixo"", ""POS_NUM_rate_baixo""]","[""DEP_nsubj:pass_rate_baixo""]","[""DEP_nsubj:pass_rate_baixo"", ""POS_ADV_rate_baixo"", ""POS_NUM_rate_baixo""]",422,551,3138,0.09768518518518518,0.1275462962962963,0.72638888888888886,0.76588021778584392,1.0543666478122518,0.12917049280685644,True,144,190,1060,0.10000000000000001,0.13194444444444445,0.73611111111111116,0.75789473684210529,1.0295928500496525,0.1301989150090416,False,129,170,1073,0.089583333333333334,0.11805555555555555,0.74513888888888891,0.75882352941176467,1.0183652212049779,0.11579892280071813,False,0.69232042150970374,0.82383404586086273,100,0.93669939536722591,1.0860466543101086,100,0.14999999999999999,58,0.57999999999999996,100
127471edfb30,26f10eb66771,"[""POS_ADV_rate_baixo"", ""POS_PRON_rate_baixo""]","[""DEP_acl:relcl_rate_baixo""]","[""DEP_acl:relcl_rate_baixo"", ""POS_ADV_rate_baixo"", ""POS_PRON_rate_baixo""]",501,511,2625,0.11597222222222223,0.11828703703703704,0.60763888888888884,0.98043052837573386,1.6135085266983507,0.19013282732447817,True,148,155,865,0.10277777777777777,0.1076388888888889,0.60069444444444442,0.95483870967741935,1.5895580831624092,0.16972477064220184,True,166,172,838,0.11527777777777778,0.11944444444444445,0.58194444444444449,0.96511627906976749,1.658433701504135,0.19668246445497631,True,0.94203839899475206,0.99168374316939889,100,1.5871284303159312,1.7334828279399834,100,1,100,1,100
ec0f417cee0c,26f10eb66771,"[""DEP_acl:relcl_rate_baixo"", ""POS_ADV_rate_baixo""]","[""POS_PRON_rate_baixo""]","[""DEP_acl:relcl_rate_baixo"", ""POS_ADV_rate_baixo"", ""POS_PRON_rate_baixo""]",501,802,1448,0.11597222222222223,0.18564814814814815,0.3351851851851852,0.62468827930174564,1.863710888524545,0.28644939965694682,True,148,265,434,0.10277777777777777,0.18402777777777779,0.30138888888888887,0.55849056603773584,1.853056255977741,0.26860254083484575,True,166,270,457,0.11527777777777778,0.1875,0.31736111111111109,0.61481481481481481,1.9372720641867249,0.29590017825311943,True,0.54930904697091754,0.67761607514030342,100,1.7684484045625786,2.0730490713111829,100,1,100,1,100
29ad7ad49736,07169a263124,"[""DEP_advmod_rate_baixo"", ""POS_PRON_rate_baixo""]","[""POS_ADV_rate_baixo""]","[""DEP_advmod_rate_baixo"", ""POS_ADV_rate_baixo"", ""POS_PRON_rate_baixo""]",493,557,1278,0.11412037037037037,0.12893518518518518,0.29583333333333334,0.88509874326750448,2.991883075833818,0.36736214605067063,True,150,168,443,0.10416666666666667,0.11666666666666667,0.30763888888888891,0.8928571428571429,2.9022895840051595,0.32537960954446854,True,171,189,434,0.11874999999999999,0.13125000000000001,0.30138888888888887,0.90476190476190477,3.0019749835418037,0.37831858407079644,True,0.86021505376344087,0.9461181839321009,100,2.7639986786159567,3.2831428629852923,100,1,100,1,100
f5ab4e4371a9,07169a263124,"[""POS_ADV_rate_baixo"", ""POS_PRON_rate_baixo""]","[""DEP_advmod_rate_baixo""]","[""DEP_advmod_rate_baixo"", ""POS_ADV_rate_baixo"", ""POS_PRON_rate_baixo""]",493,511,1409,0.11412037037037037,0.11828703703703704,0.3261574074074074,0.96477495107632094,2.9580041083390394,0.34548002803083394,True,150,155,487,0.10416666666666667,0.1076388888888889,0.33819444444444446,0.967741935483871,2.86149566138968,0.3048780487804878,True,171,172,479,0.11874999999999999,0.11944444444444445,0.33263888888888887,0.9941860465116279,2.9887847744817204,0.35625000000000001,True,0.97839779005524863,1,100,2.7888645752275707,3.2075,100,1,100,1,100
3d086ad2bddd,044b4a18072c,"[""POS_VERB_rate_baixo""]","[""DEP_ccomp_rate_baixo""]","[""DEP_ccomp_rate_baixo"", ""POS_VERB_rate_baixo""]",904,1132,2561,0.20925925925925926,0.26203703703703701,0.59282407407407411,0.79858657243816256,1.3470886344915511,0.32413051272857657,True,281,352,842,0.19513888888888889,0.24444444444444444,0.58472222222222225,0.79829545454545459,1.3652558842582596,0.30777656078860899,True,281,350,849,0.19513888888888889,0.24305555555555555,0.58958333333333335,0.80285714285714282,1.3617364967188288,0.30610021786492375,True,0.76270630486831603,0.8386882958311529,100,1.2904105323904469,1.4313671237045726,100,1,100,1,100
3463c6400cca,19c77db982d8,"[""POS_VERB_rate_baixo""]","[""DEP_advcl_rate_baixo""]","[""DEP_advcl_rate_baixo"", ""POS_VERB_rate_baixo""]",877,1132,2534,0.20300925925925925,0.26203703703703701,0.58657407407407403,0.77473498233215543,1.3207794489640536,0.31444962352097527,True,261,352,857,0.18124999999999999,0.24444444444444444,0.59513888888888888,0.74147727272727271,1.2458894664262226,0.27531645569620256,True,272,350,833,0.18888888888888888,0.24305555555555555,0.57847222222222228,0.77714285714285714,1.3434402332361517,0.29857299670691545,True,0.73406797235023047,0.8187211093990755,100,1.2722821524128001,1.3993274914592715,100,1,100,1,100
95991eb66eba,68d6efffbf00,"[""POS_VERB_rate_baixo""]","[""DEP_acl:relcl_rate_baixo""]","[""DEP_acl:relcl_rate_baixo"", ""POS_VERB_rate_baixo""]",762,1132,2625,0.1763888888888889,0.26203703703703701,0.60763888888888884,0.67314487632508835,1.107804139323574,0.25442404006677799,True,247,352,865,0.17152777777777778,0.24444444444444444,0.60069444444444442,0.70170454545454541,1.1681555438780873,0.25463917525773194,True,233,350,838,0.16180555555555556,0.24305555555555555,0.58194444444444449,0.6657142857142857,1.1439481759290828,0.24397905759162303,True,0.60703385235107288,0.70397756955796353,100,1.0699768460236936,1.2129025867832568,100,0.98999999999999999,99,0.98999999999999999,100
37419ebed314,295d4f796a9f,"[""DEP_advcl_rate_baixo"", ""POS_VERB_rate_baixo""]","[""DEP_ccomp_rate_baixo""]","[""DEP_advcl_rate_baixo"", ""DEP_ccomp_rate_baixo"", ""POS_VERB_rate_baixo""]",684,877,2561,0.15833333333333333,0.20300925925925925,0.59282407407407411,0.77993158494868875,1.315620635290252,0.24836601307189543,True,202,261,842,0.14027777777777778,0.18124999999999999,0.58472222222222225,0.77394636015325668,1.3236137275780162,0.2241953385127636,True,220,272,849,0.15277777777777779,0.18888888888888888,0.58958333333333335,0.80882352941176472,1.3718561629598836,0.24417314095449499,True,0.77141763625229631,0.84710004171663977,100,1.2983634630607928,1.4421276988366822,100,1,100,1,100
cead9c6146a2,295d4f796a9f,"[""DEP_ccomp_rate_baixo"", ""POS_VERB_rate_baixo""]","[""DEP_advcl_rate_baixo""]","[""DEP_advcl_rate_baixo"", ""DEP_ccomp_rate_baixo"", ""POS_VERB_rate_baixo""]",684,904,2534,0.15833333333333333,0.20925925925925926,0.58657407407407403,0.75663716814159288,1.2899260325065831,0.24836601307189543,True,202,281,857,0.14027777777777778,0.19513888888888889,0.59513888888888888,0.71886120996441283,1.207888147431452,0.21581196581196582,True,220,281,833,0.15277777777777779,0.19513888888888889,0.57847222222222228,0.7829181494661922,1.3534239318503203,0.24608501118568232,True,0.72560908842047633,0.82527777777777778,100,1.2752832687845457,1.4214140834170372,100,1,100,1,100
997465f0e852,295d4f796a9f,"[""POS_VERB_rate_baixo""]","[""DEP_advcl_rate_baixo"", ""DEP_ccomp_rate_baixo""]","[""DEP_advcl_rate_baixo"", ""DEP_ccomp_rate_baixo"", ""POS_VERB_rate_baixo""]",684,1132,1519,0.15833333333333333,0.26203703703703701,0.35162037037037036,0.60424028268551233,1.718445043582234,0.34773767158108793,True,202,352,505,0.14027777777777778,0.24444444444444444,0.35069444444444442,0.57386363636363635,1.6363636363636365,0.30839694656488548,True,220,350,500,0.15277777777777779,0.24305555555555555,0.34722222222222221,0.62857142857142856,1.8102857142857143,0.34920634920634919,True,0.59235200283587386,0.67299481347300782,100,1.685402382658002,1.9201741158395909,100,1,100,1,100
67fe3a473999,34a758a7c8f0,"[""DEP_nsubj:pass_rate_baixo"", ""POS_VERB_rate_baixo""]","[""DEP_ccomp_rate_baixo""]","[""DEP_ccomp_rate_baixo"", ""DEP_nsubj:pass_rate_baixo"", ""POS_VERB_rate_baixo""]",662,841,2561,0.15324074074074073,0.19467592592592592,0.59282407407407411,0.78715814506539838,1.3278106937456153,0.2416058394160584,True,207,267,842,0.14374999999999999,0.18541666666666667,0.58472222222222225,0.7752808988764045,1.3258960740879127,0.229490022172949,True,214,268,849,0.14861111111111111,0.18611111111111112,0.58958333333333335,0.79850746268656714,1.3543589473129054,0.23698781838316721,True,0.7543886618796366,0.84570868536667787,100,1.2797980503944355,1.4306048327014815,100,1,100,1,100
481e7ed4c0ad,34a758a7c8f0,"[""POS_VERB_rate_baixo""]","[""DEP_ccomp_rate_baixo"", ""DEP_nsubj:pass_rate_baixo""]","[""DEP_ccomp_rate_baixo"", ""DEP_nsubj:pass_rate_baixo"", ""POS_VERB_rate_baixo""]",662,1132,1823,0.15324074074074073,0.26203703703703701,0.42199074074074072,0.5848056537102474,1.3858257948591708,0.28870475359790665,True,207,352,612,0.14374999999999999,0.24444444444444444,0.42499999999999999,0.58806818181818177,1.3836898395721926,0.27344782034346105,True,214,350,621,0.14861111111111111,0.24305555555555555,0.43125000000000002,0.61142857142857143,1.4178053830227744,0.28269484808454426,True,0.57086190187764985,0.65495488676274671,100,1.320129846628415,1.5135035042358471,100,1,100,1,100
93a39f5d2090,07c1b7323bbd,"[""DEP_nsubj:pass_rate_baixo"", ""POS_VERB_rate_baixo""]","[""DEP_advcl_rate_baixo""]","[""DEP_advcl_rate_baixo"", ""DEP_nsubj:pass_rate_baixo"", ""POS_VERB_rate_baixo""]",651,841,2534,0.15069444444444444,0.19467592592592592,0.58657407407407403,0.77407847800237817,1.3196602308485688,0.23898678414096916,True,202,267,857,0.14027777777777778,0.18541666666666667,0.59513888888888888,0.75655430711610483,1.2712231064728017,0.21908893709327548,True,213,268,833,0.14791666666666667,0.18611111111111112,0.57847222222222228,0.79477611940298509,1.3739227034097221,0.23986486486486486,True,0.74553224013340746,0.83958446496469308,100,1.308943423818262,1.4520742503600677,100,1,100,1,100
63a26a24c55d,07c1b7323bbd,"[""POS_VERB_rate_baixo""]","[""DEP_advcl_rate_baixo"", ""DEP_nsubj:pass_rate_baixo""]","[""DEP_advcl_rate_baixo"", ""DEP_nsubj:pass_rate_baixo"", ""POS_VERB_rate_baixo""]",651,1132,1844,0.15069444444444444,0.26203703703703701,0.42685185185185187,0.57508833922261482,1.3472785387427852,0.28000000000000003,True,202,352,631,0.14027777777777778,0.24444444444444444,0.43819444444444444,0.57386363636363635,1.309609566344907,0.2586427656850192,True,213,350,636,0.14791666666666667,0.24305555555555555,0.44166666666666665,0.60857142857142854,1.3778975741239892,0.27554980595084089,True,0.56675107427869864,0.66091274568195346,100,1.2994182288299936,1.5053260436650953,100,1,100,1,100
72c462423c12,87391334a5cc,"[""POS_VERB_rate_baixo"", ""uppercaseRatio_baixo""]","[""DEP_ccomp_rate_baixo""]","[""DEP_ccomp_rate_baixo"", ""POS_VERB_rate_baixo"", ""uppercaseRatio_baixo""]",386,462,2561,0.089351851851851849,0.10694444444444444,0.59282407407407411,0.83549783549783552,1.4093520692505463,0.14637846037163443,True,124,151,842,0.08611111111111111,0.10486111111111111,0.58472222222222225,0.82119205298013243,1.4044139623413192,0.14269275028768699,True,122,145,849,0.084722222222222227,0.10069444444444445,0.58958333333333335,0.8413793103448276,1.4270744486414038,0.13990825688073394,True,0.79016731443738752,0.90698123620309046,100,1.3316365576044322,1.5196999911933073,100,0.80000000000000004,97,0.96999999999999997,100
69f8813a8df9,e22dcb87615c,"[""POS_VERB_rate_baixo"", ""uppercaseRatio_baixo""]","[""DEP_advcl_rate_baixo""]","[""DEP_advcl_rate_baixo"", ""POS_VERB_rate_baixo"", ""uppercaseRatio_baixo""]",357,462,2534,0.082638888888888887,0.10694444444444444,0.58657407407407403,0.77272727272727271,1.3173566764726985,0.13527851458885942,True,114,151,857,0.079166666666666663,0.10486111111111111,0.59513888888888888,0.75496688741721851,1.2685557968270651,0.12751677852348994,False,114,145,833,0.079166666666666663,0.10069444444444445,0.57847222222222228,0.78620689655172415,1.3591091609057415,0.13194444444444445,False,0.72921064312487671,0.83395613820142123,100,1.2719336924555429,1.4376587267769905,100,0.46999999999999997,55,0.55000000000000004,100
89bfe376f7a5,eee0574f0591,"[""DEP_advmod_rate_baixo"", ""POS_VERB_rate_baixo""]","[""DEP_ccomp_rate_baixo""]","[""DEP_advmod_rate_baixo"", ""DEP_ccomp_rate_baixo"", ""POS_VERB_rate_baixo""]",367,447,2561,0.084953703703703698,0.10347222222222222,0.59282407407407411,0.82102908277404918,1.3849455828129218,0.13896251419916697,True,110,132,842,0.076388888888888895,0.09166666666666666,0.58472222222222225,0.83333333333333337,1.4251781472684086,0.12731481481481483,False,117,144,849,0.081250000000000003,0.10000000000000001,0.58958333333333335,0.8125,1.3780918727915195,0.13356164383561644,True,0.76525362318840584,0.86558007475560661,100,1.2848794543760753,1.4851771801945577,100,0.66000000000000003,82,0.81999999999999995,100
d8a685f8cc64,8685f3180b9e,"[""DEP_advmod_rate_baixo"", ""POS_VERB_rate_baixo""]","[""DEP_advcl_rate_baixo""]","[""DEP_advcl_rate_baixo"", ""DEP_advmod_rate_baixo"", ""POS_VERB_rate_baixo""]",361,447,2534,0.083564814814814814,0.10347222222222222,0.58657407407407403,0.80760626398210289,1.3768188872938771,0.13778625954198473,True,99,132,857,0.068750000000000006,0.09166666666666666,0.59513888888888888,0.75,1.2602100350058343,0.11123595505617978,False,115,144,833,0.079861111111111105,0.10000000000000001,0.57847222222222228,0.79861111111111116,1.3805522208883554,0.13341067285382829,False,0.72862403100775186,0.85952284765239251,100,1.2697565510322422,1.4708769120868346,100,0.57999999999999996,69,0.68999999999999995,100
f3247c4cde1d,960f402600bc,"[""DEP_advmod_rate_baixo"", ""POS_VERB_rate_baixo""]","[""POS_ADV_rate_baixo""]","[""DEP_advmod_rate_baixo"", ""POS_ADV_rate_baixo"", ""POS_VERB_rate_baixo""]",386,447,1278,0.089351851851851849,0.10347222222222222,0.29583333333333334,0.86353467561521258,2.9189904527838171,0.28827483196415238,True,117,132,443,0.081250000000000003,0.09166666666666666,0.30763888888888891,0.88636363636363635,2.8811820233942131,0.25545851528384278,True,126,144,434,0.087499999999999994,0.10000000000000001,0.30138888888888887,0.875,2.903225806451613,0.27876106194690264,True,0.81953974184782608,0.93597972972972965,100,2.6269225187976639,3.1523866758241756,100,0.88,98,0.97999999999999998,100
879aa9d69381,960f402600bc,"[""POS_ADV_rate_baixo"", ""POS_VERB_rate_baixo""]","[""DEP_advmod_rate_baixo""]","[""DEP_advmod_rate_baixo"", ""POS_ADV_rate_baixo"", ""POS_VERB_rate_baixo""]",386,397,1409,0.089351851851851849,0.091898148148148145,0.3261574074074074,0.97229219143576828,2.9810519992920645,0.27183098591549298,True,117,123,487,0.081250000000000003,0.085416666666666669,0.33819444444444446,0.95121951219512191,2.8126408574147344,0.23732251521298176,True,126,128,479,0.087499999999999994,0.088888888888888892,0.33263888888888887,0.984375,2.9592901878914404,0.26195426195426197,True,0.95774647887323938,1,100,2.7112129703332402,3.1871156958293021,100,0.88,98,0.97999999999999998,100
49b939f28fc8,9ca7cb4266ca,"[""DEP_acl:relcl_rate_baixo"", ""POS_VERB_rate_baixo""]","[""DEP_advcl_rate_baixo""]","[""DEP_acl:relcl_rate_baixo"", ""DEP_advcl_rate_baixo"", ""POS_VERB_rate_baixo""]",571,762,2534,0.13217592592592592,0.1763888888888889,0.58657407407407403,0.74934383202099741,1.277492247170761,0.20954128440366973,True,184,247,857,0.12777777777777777,0.17152777777777778,0.59513888888888888,0.74493927125506076,1.251706593474081,0.20000000000000001,True,178,233,833,0.12361111111111112,0.16180555555555556,0.57847222222222228,0.76394849785407726,1.3206312567945633,0.20045045045045046,True,0.70559509067159754,0.81403288740245261,100,1.2298857287876181,1.4137804811222532,100,1,100,1,100
16557f76d054,9ca7cb4266ca,"[""DEP_advcl_rate_baixo"", ""POS_VERB_rate_baixo""]","[""DEP_acl:relcl_rate_baixo""]","[""DEP_acl:relcl_rate_baixo"", ""DEP_advcl_rate_baixo"", ""POS_VERB_rate_baixo""]",571,877,2625,0.13217592592592592,0.20300925925925925,0.60763888888888884,0.65108323831242876,1.0714969864798827,0.19481405663596044,True,184,261,865,0.12777777777777777,0.18124999999999999,0.60069444444444442,0.70498084291187735,1.1736097269284433,0.19532908704883228,True,178,272,838,0.12361111111111112,0.18888888888888888,0.58194444444444449,0.65441176470588236,1.124526182788151,0.19098712446351931,True,0.5963049721417133,0.69992968941061384,100,1.0273060616963889,1.1920602177784461,100,0.93000000000000005,84,0.83999999999999997,100
4364afb5950b,9ca7cb4266ca,"[""POS_VERB_rate_baixo""]","[""DEP_acl:relcl_rate_baixo"", ""DEP_advcl_rate_baixo""]","[""DEP_acl:relcl_rate_baixo"", ""DEP_advcl_rate_baixo"", ""POS_VERB_rate_baixo""]",571,1132,1478,0.13217592592592592,0.26203703703703701,0.34212962962962962,0.50441696113074208,1.4743445683929672,0.28003923491907801,True,184,352,508,0.12777777777777777,0.24444444444444444,0.3527777777777778,0.52272727272727271,1.481746599856836,0.27218934911242604,True,178,350,468,0.12361111111111112,0.24305555555555555,0.32500000000000001,0.50857142857142856,1.5648351648351648,0.27812500000000001,True,0.45307731040359439,0.55162627158304389,100,1.4273499029164101,1.6749628336501567,100,0.64000000000000001,67,0.67000000000000004,100
4035bde92a56,b4fe8ba1f6ae,"[""DEP_nsubj:pass_rate_baixo"", ""POS_VERB_rate_baixo""]","[""DEP_acl:relcl_rate_baixo""]","[""DEP_acl:relcl_rate_baixo"", ""DEP_nsubj:pass_rate_baixo"", ""POS_VERB_rate_baixo""]",557,841,2625,0.12893518518518518,0.19467592592592592,0.60763888888888884,0.66230677764565993,1.0899677254968574,0.19147473358542455,True,186,267,865,0.12916666666666668,0.18541666666666667,0.60069444444444442,0.6966292134831461,1.1597064363187635,0.19661733615221988,True,176,268,838,0.12222222222222222,0.18611111111111112,0.58194444444444449,0.65671641791044777,1.1284864460513662,0.18924731182795698,True,0.60338030604305348,0.70683911177712688,100,1.040407400859559,1.2106585039305715,100,0.95999999999999996,97,0.96999999999999997,100
7ceb7a8a3798,9bf72af9c991,"[""DEP_acl:relcl_rate_baixo"", ""POS_VERB_rate_baixo""]","[""DEP_ccomp_rate_baixo""]","[""DEP_acl:relcl_rate_baixo"", ""DEP_ccomp_rate_baixo"", ""POS_VERB_rate_baixo""]",597,762,2561,0.13819444444444445,0.1763888888888889,0.59282407407407411,0.78346456692913391,1.3215802144216549,0.21900220102714602,True,190,247,842,0.13194444444444445,0.17152777777777778,0.58472222222222225,0.76923076923076927,1.3155490590169925,0.21134593993325917,True,179,233,849,0.12430555555555556,0.16180555555555556,0.58958333333333335,0.76824034334763946,1.3030224904836287,0.1982281284606866,True,0.72288920840322701,0.81001991726673817,100,1.2223240318906605,1.3784039204954963,100,1,100,1,100
06b4870014d1,9bf72af9c991,"[""DEP_ccomp_rate_baixo"", ""POS_VERB_rate_baixo""]","[""DEP_acl:relcl_rate_baixo""]","[""DEP_acl:relcl_rate_baixo"", ""DEP_ccomp_rate_baixo"", ""POS_VERB_rate_baixo""]",597,904,2625,0.13819444444444445,0.20925925925925926,0.60763888888888884,0.66039823008849563,1.086826801517067,0.20361527967257845,True,190,281,865,0.13194444444444445,0.19513888888888889,0.60069444444444442,0.67615658362989328,1.1256248328636373,0.19874476987447698,True,179,281,838,0.12430555555555556,0.19513888888888889,0.58194444444444449,0.63701067615658358,1.0946245509134611,0.19042553191489361,True,0.58118943522788524,0.67611611059584387,100,1.0213842822445505,1.1667368330677681,100,0.84999999999999998,96,0.95999999999999996,100
f972dc14eb73,9bf72af9c991,"[""POS_VERB_rate_baixo""]","[""DEP_acl:relcl_rate_baixo"", ""DEP_ccomp_rate_baixo""]","[""DEP_acl:relcl_rate_baixo"", ""DEP_ccomp_rate_baixo"", ""POS_VERB_rate_baixo""]",597,1132,1514,0.13819444444444445,0.26203703703703701,0.35046296296296298,0.52738515901060068,1.5048242317871829,0.29136163982430452,True,190,352,474,0.13194444444444445,0.24444444444444444,0.32916666666666666,0.53977272727272729,1.6398158803222094,0.29874213836477986,True,179,350,460,0.12430555555555556,0.24305555555555555,0.31944444444444442,0.51142857142857145,1.6009937888198758,0.28367670364500791,True,0.46723879353441095,0.56445251177394029,100,1.458364301067415,1.7408502405483894,100,0.70999999999999996,96,0.95999999999999996,100
0aa7f9e41b46,f9604de1bec1,"[""POS_PRON_rate_baixo"", ""POS_VERB_rate_baixo""]","[""DEP_acl:relcl_rate_baixo""]","[""DEP_acl:relcl_rate_baixo"", ""POS_PRON_rate_baixo"", ""POS_VERB_rate_baixo""]",496,514,2625,0.11481481481481481,0.11898148148148148,0.60763888888888884,0.96498054474708173,1.588082267926626,0.18766553159288688,True,137,141,865,0.095138888888888884,0.097916666666666666,0.60069444444444442,0.97163120567375882,1.6175132210060263,0.15765247410817032,True,144,148,838,0.10000000000000001,0.10277777777777777,0.58194444444444449,0.97297297297297303,1.6719344642972327,0.17102137767220901,True,0.95232142857142854,0.99379245137388084,100,1.6076657419688065,1.7519470061036531,100,1,100,1,100
6744a50c33fb,f9604de1bec1,"[""DEP_acl:relcl_rate_baixo"", ""POS_VERB_rate_baixo""]","[""POS_PRON_rate_baixo""]","[""DEP_acl:relcl_rate_baixo"", ""POS_PRON_rate_baixo"", ""POS_VERB_rate_baixo""]",496,762,1448,0.11481481481481481,0.1763888888888889,0.3351851851851852,0.65091863517060367,1.9419671988515248,0.2893815635939323,True,137,247,434,0.095138888888888884,0.17152777777777778,0.30138888888888887,0.55465587044534415,1.8403328420306349,0.25183823529411764,True,144,233,457,0.10000000000000001,0.16180555555555556,0.31736111111111109,0.61802575107296143,1.9473896751533137,0.26373626373626374,True,0.55643252032520329,0.6732043977566099,100,1.7602451044721321,2.1197407791207912,100,1,100,1,100
c882a83d95db,6b9567259c15,"[""POS_PRON_rate_baixo"", ""POS_VERB_rate_baixo""]","[""DEP_ccomp_rate_baixo""]","[""DEP_ccomp_rate_baixo"", ""POS_PRON_rate_baixo"", ""POS_VERB_rate_baixo""]",399,514,2561,0.092361111111111116,0.11898148148148148,0.59282407407407411,0.77626459143968873,1.3094350000075967,0.1491031390134529,True,112,141,842,0.077777777777777779,0.097916666666666666,0.58472222222222225,0.79432624113475181,1.3584676808005256,0.12858783008036739,False,119,148,849,0.082638888888888887,0.10277777777777777,0.58958333333333335,0.80405405405405406,1.3637665934485723,0.13553530751708429,True,0.74377413127413128,0.85879726890756303,100,1.2592302674970455,1.4401342562162489,100,0.67000000000000004,100,1,100
9abddbcf520f,f2303e71ec21,"[""POS_PRON_rate_baixo"", ""POS_VERB_rate_baixo""]","[""DEP_advcl_rate_baixo""]","[""DEP_advcl_rate_baixo"", ""POS_PRON_rate_baixo"", ""POS_VERB_rate_baixo""]",394,514,2534,0.091203703703703703,0.11898148148148148,0.58657407407407403,0.7665369649805448,1.306803349927369,0.14845516201959308,True,109,141,857,0.075694444444444439,0.097916666666666666,0.59513888888888888,0.77304964539007093,1.2989398942376922,0.12260967379077616,False,114,148,833,0.079166666666666663,0.10277777777777777,0.57847222222222228,0.77027027027027029,1.3315596508873819,0.13148788927335639,False,0.69713361210673042,0.82524350649350653,100,1.2272833268558103,1.4384839421561844,100,0.42999999999999999,99,0.98999999999999999,100
55fb7d02f8dd,289d0ff46923,"[""POS_ADJ_rate_baixo"", ""POS_PRON_rate_baixo""]","[""DEP_acl:relcl_rate_baixo""]","[""DEP_acl:relcl_rate_baixo"", ""POS_ADJ_rate_baixo"", ""POS_PRON_rate_baixo""]",353,364,2625,0.081712962962962959,0.084259259259259256,0.60763888888888884,0.96978021978021978,1.5959811616954473,0.13391502276176023,True,98,102,865,0.06805555555555555,0.070833333333333331,0.60069444444444442,0.96078431372549022,1.5994559673580415,0.11277330264672036,False,122,126,838,0.084722222222222227,0.087499999999999994,0.58194444444444449,0.96825396825396826,1.6638254347084895,0.14489311163895488,True,0.94628038343033205,1,100,1.5745774030605368,1.7459747632441358,100,0.71999999999999997,69,0.68999999999999995,100
c042f84996f6,289d0ff46923,"[""DEP_acl:relcl_rate_baixo"", ""POS_ADJ_rate_baixo""]","[""POS_PRON_rate_baixo""]","[""DEP_acl:relcl_rate_baixo"", ""POS_ADJ_rate_baixo"", ""POS_PRON_rate_baixo""]",353,690,1448,0.081712962962962959,0.15972222222222221,0.3351851851851852,0.51159420289855073,1.5263031467691568,0.19775910364145657,True,98,226,434,0.06805555555555555,0.15694444444444444,0.30138888888888887,0.4336283185840708,1.4387667713388523,0.17437722419928825,False,122,236,457,0.084722222222222227,0.16388888888888889,0.31736111111111109,0.51694915254237284,1.6288988614026629,0.2136602451838879,True,0.45576902641701911,0.57115384615384612,100,1.4727124894061678,1.7906478227932088,100,0.60999999999999999,65,0.65000000000000002,100
966f6f84a624,e2afbb3aeb75,"[""POS_NUM_rate_alto""]","[""DEP_ccomp_rate_baixo""]","[""DEP_ccomp_rate_baixo"", ""POS_NUM_rate_alto""]",756,1086,2561,0.17499999999999999,0.25138888888888888,0.59282407407407411,0.69613259668508287,1.1742650596171644,0.26150121065375304,True,240,350,842,0.16666666666666666,0.24305555555555555,0.58472222222222225,0.68571428571428572,1.1727180183237191,0.25210084033613445,True,247,367,849,0.17152777777777778,0.25486111111111109,0.58958333333333335,0.67302452316076289,1.1415256929935202,0.25490196078431371,True,0.63912735849056601,0.71197656483804872,100,1.0779470687224775,1.1980270457428099,100,0.98999999999999999,100,1,100
99feb46b5ad1,b87b258a774e,"[""POS_NUM_rate_alto""]","[""DEP_advcl_rate_baixo""]","[""DEP_advcl_rate_baixo"", ""POS_NUM_rate_alto""]",707,1086,2534,0.16365740740740742,0.25138888888888888,0.58657407407407403,0.651012891344383,1.1098562314947651,0.24270511500171643,True,222,350,857,0.15416666666666667,0.24305555555555555,0.59513888888888888,0.63428571428571423,1.0657776296049342,0.22538071065989848,True,224,367,833,0.15555555555555556,0.25486111111111109,0.57847222222222228,0.61035422343324253,1.055114143750143,0.22950819672131148,True,0.56061215753424665,0.65267182130584189,100,0.97171126886003845,1.1173353001360622,100,0.56999999999999995,100,1,100
db5e3172c89d,73513ea4d96d,"[""POS_NUM_rate_alto""]","[""DEP_acl:relcl_rate_baixo""]","[""DEP_acl:relcl_rate_baixo"", ""POS_NUM_rate_alto""]",706,1086,2625,0.16342592592592592,0.25138888888888888,0.60763888888888884,0.65009208103130756,1.0698658247829518,0.23494176372712147,True,227,350,865,0.15763888888888888,0.24305555555555555,0.60069444444444442,0.64857142857142858,1.0797027250206441,0.22975708502024292,True,224,367,838,0.15555555555555556,0.25486111111111109,0.58194444444444449,0.61035422343324253,1.0488187132981732,0.22833843017329256,False,0.55829776422764232,0.66059351549149259,100,0.97664268265680665,1.1271263465102608,100,0.48999999999999999,77,0.77000000000000002,100
5b78f6b7fad3,833ebfb1fa54,"[""DEP_nsubj:pass_rate_baixo"", ""POS_NUM_rate_alto""]","[""DEP_ccomp_rate_baixo""]","[""DEP_ccomp_rate_baixo"", ""DEP_nsubj:pass_rate_baixo"", ""POS_NUM_rate_alto""]",511,755,2561,0.11828703703703704,0.17476851851851852,0.59282407407407411,0.67682119205298008,1.1416897890155697,0.18217468805704101,True,171,246,842,0.11874999999999999,0.17083333333333334,0.58472222222222225,0.69512195121951215,1.1888071374775506,0.18647764449291168,True,176,259,849,0.12222222222222222,0.17986111111111111,0.58958333333333335,0.67953667953667951,1.1525710465639794,0.18884120171673821,True,0.63224279353175528,0.72186073059360722,100,1.0815267158805597,1.2169673300379893,100,1,100,1,100
4c28c54ab456,eddbc0e74c77,"[""DEP_advcl_rate_baixo"", ""POS_NUM_rate_alto""]","[""DEP_ccomp_rate_baixo""]","[""DEP_advcl_rate_baixo"", ""DEP_ccomp_rate_baixo"", ""POS_NUM_rate_alto""]",492,707,2561,0.11388888888888889,0.16365740740740742,0.59282407407407411,0.69589816124469595,1.17386960428625,0.17723342939481268,True,147,222,842,0.10208333333333333,0.15416666666666667,0.58472222222222225,0.66216216216216217,1.1324388521538165,0.16030534351145037,True,148,224,849,0.10277777777777777,0.15555555555555556,0.58958333333333335,0.6607142857142857,1.1206461383139827,0.16,True,0.61734078068823828,0.71745934959349578,100,1.0476870661741982,1.2041716875400765,100,0.95999999999999996,100,1,100
88ca8b09e251,eddbc0e74c77,"[""DEP_ccomp_rate_baixo"", ""POS_NUM_rate_alto""]","[""DEP_advcl_rate_baixo""]","[""DEP_advcl_rate_baixo"", ""DEP_ccomp_rate_baixo"", ""POS_NUM_rate_alto""]",492,756,2534,0.11388888888888889,0.17499999999999999,0.58657407407407403,0.65079365079365081,1.1094824670199572,0.1758398856325947,True,147,240,857,0.10208333333333333,0.16666666666666666,0.59513888888888888,0.61250000000000004,1.029171528588098,0.15473684210526314,False,148,247,833,0.10277777777777777,0.17152777777777778,0.57847222222222228,0.59919028340080971,1.0358151357709076,0.15879828326180256,False,0.54400148790270408,0.64430180180180185,100,0.94306822808397683,1.1221602571494462,100,0.37,99,0.98999999999999999,100
e01b92a20d06,d6b3a4a1c767,"[""DEP_nsubj:pass_rate_baixo"", ""POS_NUM_rate_alto""]","[""DEP_advcl_rate_baixo""]","[""DEP_advcl_rate_baixo"", ""DEP_nsubj:pass_rate_baixo"", ""POS_NUM_rate_alto""]",485,755,2534,0.11226851851851852,0.17476851851851852,0.58657407407407403,0.64238410596026485,1.0951457528604358,0.17296718972895864,True,159,246,857,0.11041666666666666,0.17083333333333334,0.59513888888888888,0.64634146341463417,1.0860346643139711,0.1684322033898305,True,165,259,833,0.11458333333333333,0.17986111111111111,0.57847222222222228,0.63706563706563701,1.1012899368241504,0.17799352750809061,True,0.58125224191118441,0.68182555874988415,100,1.0135701937664165,1.1720151956703979,100,0.84999999999999998,96,0.95999999999999996,100
458e86e9e217,0e32dead775b,"[""POS_NUM_rate_alto"", ""uppercaseRatio_baixo""]","[""DEP_ccomp_rate_baixo""]","[""DEP_ccomp_rate_baixo"", ""POS_NUM_rate_alto"", ""uppercaseRatio_baixo""]",350,495,2561,0.081018518518518517,0.11458333333333333,0.59282407407407411,0.70707070707070707,1.1927159135280962,0.12934220251293421,True,119,178,842,0.082638888888888887,0.12361111111111112,0.58472222222222225,0.6685393258426966,1.1433451653366784,0.13207547169811321,True,119,165,849,0.082638888888888887,0.11458333333333333,0.58958333333333335,0.72121212121212119,1.2232573080629618,0.1329608938547486,True,0.66111607142857143,0.77533653846153849,100,1.119183640417057,1.3169181276148201,100,0.60999999999999999,73,0.72999999999999998,100
3729703bf896,7b36d39b3251,"[""DEP_acl:relcl_rate_baixo"", ""POS_NUM_rate_alto""]","[""DEP_ccomp_rate_baixo""]","[""DEP_acl:relcl_rate_baixo"", ""DEP_ccomp_rate_baixo"", ""POS_NUM_rate_alto""]",487,706,2561,0.11273148148148149,0.16342592592592592,0.59282407407407411,0.6898016997167139,1.1635858425522076,0.17517985611510792,True,150,227,842,0.10416666666666667,0.15763888888888888,0.58472222222222225,0.66079295154185025,1.1300972092877248,0.1632208922742111,True,147,224,849,0.10208333333333333,0.15555555555555556,0.58958333333333335,0.65625,1.1130742049469964,0.15874730021598271,True,0.61239768897448243,0.70595220479431775,100,1.0227974413529071,1.179247731492586,100,0.88,100,1,100
63dbeea49e85,7b36d39b3251,"[""DEP_ccomp_rate_baixo"", ""POS_NUM_rate_alto""]","[""DEP_acl:relcl_rate_baixo""]","[""DEP_acl:relcl_rate_baixo"", ""DEP_ccomp_rate_baixo"", ""POS_NUM_rate_alto""]",487,756,2625,0.11273148148148149,0.17499999999999999,0.60763888888888884,0.64417989417989419,1.0601360544217686,0.16827919834139599,True,150,240,865,0.10416666666666667,0.16666666666666666,0.60069444444444442,0.625,1.0404624277456647,0.15706806282722513,False,147,247,838,0.10208333333333333,0.17152777777777778,0.58194444444444449,0.59514170040485825,1.0226778622708783,0.15671641791044777,False,0.53173543307086624,0.64307892628205121,100,0.92423041991938371,1.1168746459143319,100,0.26000000000000001,55,0.55000000000000004,100
e18de91386a1,a1486f776020,"[""DEP_acl:relcl_rate_baixo"", ""POS_NUM_rate_alto""]","[""DEP_advcl_rate_baixo""]","[""DEP_acl:relcl_rate_baixo"", ""DEP_advcl_rate_baixo"", ""POS_NUM_rate_alto""]",456,706,2534,0.10555555555555556,0.16342592592592592,0.58657407407407403,0.6458923512747875,1.1011266604211059,0.16379310344827586,True,145,227,857,0.10069444444444445,0.15763888888888888,0.59513888888888888,0.63876651982378851,1.0733066377435887,0.15441959531416399,True,137,224,833,0.095138888888888884,0.15555555555555556,0.57847222222222228,0.6116071428571429,1.0572800548790946,0.14891304347826087,True,0.55695492097701149,0.66136420761593562,100,0.96094751360458885,1.1369146081942882,100,0.62,98,0.97999999999999998,100
b0dd4d1e1bae,a1486f776020,"[""DEP_advcl_rate_baixo"", ""POS_NUM_rate_alto""]","[""DEP_acl:relcl_rate_baixo""]","[""DEP_acl:relcl_rate_baixo"", ""DEP_advcl_rate_baixo"", ""POS_NUM_rate_alto""]",456,707,2625,0.10555555555555556,0.16365740740740742,0.60763888888888884,0.64497878359264493,1.0614507981410386,0.15855354659248957,True,145,222,865,0.10069444444444445,0.15416666666666667,0.60069444444444442,0.65315315315315314,1.0873301046711452,0.15392781316348195,True,137,224,838,0.095138888888888884,0.15555555555555556,0.58194444444444449,0.6116071428571429,1.0509717013296966,0.14810810810810812,True,0.53298922521175884,0.67352963128825194,100,0.92703910844250326,1.1488392075817442,100,0.56000000000000005,67,0.67000000000000004,100
699dddb3d227,bc96b0610d88,"[""DEP_nsubj:pass_rate_baixo"", ""POS_NUM_rate_alto""]","[""DEP_acl:relcl_rate_baixo""]","[""DEP_acl:relcl_rate_baixo"", ""DEP_nsubj:pass_rate_baixo"", ""POS_NUM_rate_alto""]",484,755,2625,0.11203703703703703,0.17476851851851852,0.60763888888888884,0.64105960264900663,1.0550009460737937,0.16712707182320441,True,158,246,865,0.10972222222222222,0.17083333333333334,0.60069444444444442,0.64227642276422769,1.0692231777809107,0.16579223504721929,True,149,259,838,0.10347222222222222,0.17986111111111111,0.58194444444444449,0.57528957528957525,0.98856442531860189,0.15717299578059071,False,0.51773139462163853,0.62955892608089237,100,0.9007110398906425,1.0824637782703959,100,0.089999999999999997,56,0.56000000000000005,100
c2980be21940,f9d95d15ef83,"[""POS_NUM_rate_alto"", ""POS_PRON_rate_baixo""]","[""DEP_acl:relcl_rate_baixo""]","[""DEP_acl:relcl_rate_baixo"", ""POS_NUM_rate_alto"", ""POS_PRON_rate_baixo""]",411,426,2625,0.095138888888888884,0.098611111111111108,0.60763888888888884,0.96478873239436624,1.5877665995975856,0.15568181818181817,True,116,120,865,0.080555555555555561,0.083333333333333329,0.60069444444444442,0.96666666666666667,1.6092485549132949,0.13348676639815879,True,134,138,838,0.093055555555555558,0.09583333333333334,0.58194444444444449,0.97101449275362317,1.6685690567604026,0.15914489311163896,True,0.95038245120450149,0.99331371934848756,100,1.5907623174586658,1.745374877155365,100,0.93999999999999995,100,1,100
a7616feda517,f9d95d15ef83,"[""DEP_acl:relcl_rate_baixo"", ""POS_NUM_rate_alto""]","[""POS_PRON_rate_baixo""]","[""DEP_acl:relcl_rate_baixo"", ""POS_NUM_rate_alto"", ""POS_PRON_rate_baixo""]",411,706,1448,0.095138888888888884,0.16342592592592592,0.3351851851851852,0.5821529745042493,1.7368099791839482,0.23580034423407917,True,116,227,434,0.080555555555555561,0.15763888888888888,0.30138888888888887,0.51101321585903081,1.6955277208225907,0.21284403669724772,True,134,224,457,0.093055555555555558,0.15555555555555556,0.31736111111111109,0.5982142857142857,1.8849640512660206,0.2449725776965265,True,0.53600996498788045,0.68147611905860628,100,1.7266437162197854,2.1266809606266337,100,0.93999999999999995,100,1,100
714dc4c2aebf,b1ddd811a80b,"[""POS_PROPN_rate_alto""]","[""DEP_advcl_rate_baixo""]","[""DEP_advcl_rate_baixo"", ""POS_PROPN_rate_alto""]",712,1082,2534,0.1648148148148148,0.25046296296296294,0.58657407407407403,0.65804066543438078,1.1218372828242009,0.24517906336088155,True,234,362,857,0.16250000000000001,0.25138888888888888,0.59513888888888888,0.64640883977900554,1.0861478754746416,0.23756345177664975,True,253,362,833,0.17569444444444443,0.25138888888888888,0.57847222222222228,0.69889502762430944,1.2081738772857209,0.26857749469214437,True,0.64504096611060024,0.75338096276905175,100,1.1230534188034187,1.2911347205489108,100,1,100,1,100
2698eb8a7fd7,c29b979659d6,"[""POS_PROPN_rate_alto""]","[""DEP_ccomp_rate_baixo""]","[""DEP_ccomp_rate_baixo"", ""POS_PROPN_rate_alto""]",697,1082,2561,0.16134259259259259,0.25046296296296294,0.59282407407407411,0.64417744916820707,1.086624982587526,0.23659198913781398,True,221,362,842,0.15347222222222223,0.25138888888888888,0.58472222222222225,0.61049723756906082,1.0440807863413866,0.22482197355035605,False,223,362,849,0.15486111111111112,0.25138888888888888,0.58958333333333335,0.61602209944751385,1.0448431368721083,0.22570850202429149,False,0.56747991680955101,0.66857402361489549,100,0.97964731096526902,1.1196313705782304,100,0.46999999999999997,90,0.90000000000000002,100
5d6298b850b6,7c4b369da5c2,"[""POS_PROPN_rate_alto""]","[""DEP_acl:relcl_rate_baixo""]","[""DEP_acl:relcl_rate_baixo"", ""POS_PROPN_rate_alto""]",775,1082,2625,0.17939814814814814,0.25046296296296294,0.60763888888888884,0.7162661737523105,1.1787694745180881,0.26432469304229195,True,262,362,865,0.18194444444444444,0.25138888888888888,0.60069444444444442,0.72375690607734811,1.2048669881518859,0.27150259067357513,True,241,362,838,0.1673611111111111,0.25138888888888888,0.58194444444444449,0.66574585635359118,1.1440024261923285,0.25130344108446301,True,0.6230699173322124,0.71875499866702219,100,1.0873237897199417,1.2296189434047566,100,1,100,1,100
353e639be4c5,f3c21da90f10,"[""DEP_nsubj:pass_rate_baixo"", ""POS_PROPN_rate_alto""]","[""DEP_advcl_rate_baixo""]","[""DEP_advcl_rate_baixo"", ""DEP_nsubj:pass_rate_baixo"", ""POS_PROPN_rate_alto""]",521,783,2534,0.12060185185185185,0.18124999999999999,0.58657407407407403,0.665389527458493,1.1343657295267127,0.1863376251788269,True,179,271,857,0.12430555555555556,0.18819444444444444,0.59513888888888888,0.66051660516605171,1.1098528721576597,0.18861959957850369,True,196,277,833,0.1361111111111111,0.19236111111111112,0.57847222222222228,0.70758122743682306,1.2231896368655766,0.21444201312910285,True,0.64453421016764345,0.7719069693094629,100,1.1326324165503872,1.33125403745018,100,1,100,1,100
e01011746b0c,cbf1c614fcd4,"[""DEP_advcl_rate_baixo"", ""POS_PROPN_rate_alto""]","[""DEP_acl:relcl_rate_baixo""]","[""DEP_acl:relcl_rate_baixo"", ""DEP_advcl_rate_baixo"", ""POS_PROPN_rate_alto""]",487,712,2625,0.11273148148148149,0.1648148148148148,0.60763888888888884,0.6839887640449438,1.1256500802568219,0.17087719298245613,True,164,234,865,0.11388888888888889,0.16250000000000001,0.60069444444444442,0.70085470085470081,1.1667407736771898,0.17540106951871659,True,167,253,838,0.11597222222222223,0.17569444444444443,0.58194444444444449,0.66007905138339917,1.1342647183676549,0.18073593073593072,True,0.60848780295255389,0.70935661764705882,100,1.047842311987726,1.2248346054920416,100,0.96999999999999997,100,1,100
b1901f639dc0,cbf1c614fcd4,"[""DEP_acl:relcl_rate_baixo"", ""POS_PROPN_rate_alto""]","[""DEP_advcl_rate_baixo""]","[""DEP_acl:relcl_rate_baixo"", ""DEP_advcl_rate_baixo"", ""POS_PROPN_rate_alto""]",487,775,2534,0.11273148148148149,0.17939814814814814,0.58657407407407403,0.62838709677419358,1.0712834483285383,0.17257264351523743,True,164,262,857,0.11388888888888889,0.18194444444444444,0.59513888888888888,0.62595419847328249,1.0517783498267523,0.17172774869109947,True,167,241,833,0.11597222222222223,0.1673611111111111,0.57847222222222228,0.69294605809128629,1.1978899443594866,0.18412348401323042,True,0.62588232816711586,0.75486338797814201,100,1.0817776617550372,1.2895074496056089,100,0.98999999999999999,77,0.77000000000000002,100
7d1a76c08255,32e7917fe9e5,"[""DEP_nsubj:pass_rate_baixo"", ""POS_PROPN_rate_alto""]","[""DEP_ccomp_rate_baixo""]","[""DEP_ccomp_rate_baixo"", ""DEP_nsubj:pass_rate_baixo"", ""POS_PROPN_rate_alto""]",492,783,2561,0.11388888888888889,0.18124999999999999,0.59282407407407411,0.62835249042145591,1.0599307921205348,0.17251051893408134,True,160,271,842,0.1111111111111111,0.18819444444444444,0.58472222222222225,0.59040590405904059,1.0097203109798318,0.16789087093389296,False,166,277,849,0.11527777777777778,0.19236111111111112,0.58958333333333335,0.59927797833935015,1.0164432141444808,0.17291666666666666,False,0.53867574257425743,0.65578888888888887,100,0.93502474349284415,1.1138014820247844,100,0.27000000000000002,52,0.52000000000000002,100
ba4f4bdbb3e8,40dd9a8492f4,"[""DEP_advcl_rate_baixo"", ""POS_PROPN_rate_alto""]","[""DEP_ccomp_rate_baixo""]","[""DEP_advcl_rate_baixo"", ""DEP_ccomp_rate_baixo"", ""POS_PROPN_rate_alto""]",465,712,2561,0.1076388888888889,0.1648148148148148,0.59282407407407411,0.6530898876404494,1.1016588499050142,0.16559829059829059,True,149,234,842,0.10347222222222222,0.16250000000000001,0.58472222222222225,0.63675213675213671,1.0889822766307327,0.16073354908306364,True,169,253,849,0.11736111111111111,0.17569444444444443,0.58958333333333335,0.66798418972332019,1.1329767175519212,0.18113612004287247,True,0.61230027354983518,0.73389492753623187,100,1.0602429843140748,1.2290529038351712,100,0.98999999999999999,94,0.93999999999999995,100
2ab69402d49c,40dd9a8492f4,"[""DEP_ccomp_rate_baixo"", ""POS_PROPN_rate_alto""]","[""DEP_advcl_rate_baixo""]","[""DEP_advcl_rate_baixo"", ""DEP_ccomp_rate_baixo"", ""POS_PROPN_rate_alto""]",465,697,2534,0.1076388888888889,0.16134259259259259,0.58657407407407403,0.66714490674318505,1.137358325623741,0.16811279826464209,True,149,221,857,0.10347222222222222,0.15347222222222223,0.59513888888888888,0.67420814479638014,1.1328584930067531,0.16038751345532831,True,169,223,833,0.11736111111111111,0.15486111111111112,0.57847222222222228,0.75784753363228696,1.31008457194537,0.19052987598647125,True,0.69124616760347468,0.80693277310924361,100,1.2064733005294261,1.4074029472846761,100,1,100,1,100
83dbc1643049,cc925455f2fa,"[""DEP_ccomp_rate_baixo"", ""POS_PROPN_rate_alto""]","[""DEP_acl:relcl_rate_baixo""]","[""DEP_acl:relcl_rate_baixo"", ""DEP_ccomp_rate_baixo"", ""POS_PROPN_rate_alto""]",479,697,2625,0.11087962962962963,0.16134259259259259,0.60763888888888884,0.68723098995695842,1.1309858577577372,0.16848399577910658,True,154,221,865,0.10694444444444444,0.15347222222222223,0.60069444444444442,0.69683257918552033,1.1600449873146235,0.16523605150214593,True,144,223,838,0.10000000000000001,0.15486111111111112,0.58194444444444449,0.64573991031390132,1.1096246668878496,0.15703380588876772,True,0.59544063204483877,0.70760483935262697,100,1.0400174980346411,1.2123521246247035,100,0.93999999999999995,100,1,100
b5d3857df26e,575ce0385139,"[""DEP_advmod_rate_baixo"", ""POS_PROPN_rate_alto""]","[""DEP_advcl_rate_baixo""]","[""DEP_advcl_rate_baixo"", ""DEP_advmod_rate_baixo"", ""POS_PROPN_rate_alto""]",351,506,2534,0.081250000000000003,0.11712962962962963,0.58657407407407403,0.69367588932806323,1.1825887300304787,0.1305317962067683,True,122,179,857,0.084722222222222227,0.12430555555555556,0.59513888888888888,0.68156424581005581,1.1452188027613541,0.13347921225382933,True,122,176,833,0.084722222222222227,0.12222222222222222,0.57847222222222228,0.69318181818181823,1.1982975008185093,0.1375422773393461,True,0.62274393530997307,0.77177304964539006,100,1.0875218502750894,1.3278645154344266,100,0.67000000000000004,70,0.69999999999999996,100
f481e1082555,caee7632f7f9,"[""DEP_advmod_rate_baixo"", ""POS_PROPN_rate_alto""]","[""DEP_acl:relcl_rate_baixo""]","[""DEP_acl:relcl_rate_baixo"", ""DEP_advmod_rate_baixo"", ""POS_PROPN_rate_alto""]",355,506,2625,0.08217592592592593,0.11712962962962963,0.60763888888888884,0.70158102766798414,1.1546019198193112,0.12788184438040345,True,131,179,865,0.090972222222222218,0.12430555555555556,0.60069444444444442,0.73184357541899436,1.2183291891368231,0.14348302300109528,True,121,176,838,0.084027777777777785,0.12222222222222222,0.58194444444444449,0.6875,1.1813842482100239,0.13549832026875699,True,0.63622019032332033,0.75686977747162243,100,1.078714284559142,1.3017246081030842,100,0.75,79,0.79000000000000004,100
9a32ada49b69,a9370ac537f5,"[""DEP_advmod_rate_baixo"", ""POS_PROPN_rate_alto""]","[""POS_ADV_rate_baixo""]","[""DEP_advmod_rate_baixo"", ""POS_ADV_rate_baixo"", ""POS_PROPN_rate_alto""]",457,506,1278,0.10578703703703704,0.11712962962962963,0.29583333333333334,0.90316205533596838,3.0529421588821468,0.34438583270535039,True,159,179,443,0.11041666666666666,0.12430555555555556,0.30763888888888891,0.88826815642458101,2.8873727883778706,0.3434125269978402,True,152,176,434,0.10555555555555556,0.12222222222222222,0.30138888888888887,0.86363636363636365,2.8655215751989944,0.33187772925764192,True,0.80968642138503344,0.92951149425287349,100,2.6265715428506127,3.1781271482464715,100,1,100,1,100
e59bc16c1973,a9370ac537f5,"[""POS_ADV_rate_baixo"", ""POS_PROPN_rate_alto""]","[""DEP_advmod_rate_baixo""]","[""DEP_advmod_rate_baixo"", ""POS_ADV_rate_baixo"", ""POS_PROPN_rate_alto""]",457,468,1409,0.10578703703703704,0.10833333333333334,0.3261574074074074,0.97649572649572647,2.9939400556859748,0.32183098591549297,True,159,165,487,0.11041666666666666,0.11458333333333333,0.33819444444444446,0.96363636363636362,2.8493559828262085,0.3225152129817444,True,152,156,479,0.10555555555555556,0.10833333333333334,0.33263888888888887,0.97435897435897434,2.9291793801188373,0.31469979296066253,True,0.93782794192562402,0.997172619047619,100,2.7219375281162592,3.1787549752210902,100,1,100,1,100
73d91e3a484a,9e0e19ee5e38,"[""POS_PROPN_rate_alto"", ""POS_VERB_rate_baixo""]","[""DEP_ccomp_rate_baixo""]","[""DEP_ccomp_rate_baixo"", ""POS_PROPN_rate_alto"", ""POS_VERB_rate_baixo""]",358,446,2561,0.082870370370370372,0.10324074074074074,0.59282407407407411,0.80269058295964124,1.3540114480225107,0.13514533786334465,True,108,130,842,0.074999999999999997,0.090277777777777776,0.58472222222222225,0.83076923076923082,1.4207929837383519,0.125,False,108,139,849,0.074999999999999997,0.096527777777777782,0.58958333333333335,0.7769784172661871,1.3178432519002465,0.12272727272727273,False,0.71996798719487798,0.83885519536281661,100,1.2303578151620129,1.4210934834128761,100,0.25,70,0.69999999999999996,100
8694bd72e0dc,9e0e19ee5e38,"[""DEP_ccomp_rate_baixo"", ""POS_PROPN_rate_alto""]","[""POS_VERB_rate_baixo""]","[""DEP_ccomp_rate_baixo"", ""POS_PROPN_rate_alto"", ""POS_VERB_rate_baixo""]",358,697,1132,0.082870370370370372,0.16134259259259259,0.26203703703703701,0.51362984218077479,1.9601421539054302,0.24337185588035351,True,108,221,352,0.074999999999999997,0.15347222222222223,0.24444444444444444,0.48868778280542985,1.9991772932949403,0.23225806451612904,False,108,223,350,0.074999999999999997,0.15486111111111112,0.24305555555555555,0.48430493273542602,1.9925688661114671,0.23225806451612904,False,0.42029487179487179,0.54822134387351773,100,1.7936928863932238,2.2397485110974764,100,0.20999999999999999,50,0.5,100
28cc47fd7d1b,f6f158f4942a,"[""POS_PROPN_rate_alto"", ""POS_VERB_rate_baixo""]","[""DEP_advcl_rate_baixo""]","[""DEP_advcl_rate_baixo"", ""POS_PROPN_rate_alto"", ""POS_VERB_rate_baixo""]",358,446,2534,0.082870370370370372,0.10324074074074074,0.58657407407407403,0.80269058295964124,1.368438562898836,0.13653699466056446,True,102,130,857,0.070833333333333331,0.090277777777777776,0.59513888888888888,0.7846153846153846,1.3183735750830265,0.11525423728813559,False,118,139,833,0.081944444444444445,0.096527777777777782,0.57847222222222228,0.84892086330935257,1.4675222607028422,0.13817330210772832,True,0.78117310754088864,0.90858153387937446,100,1.3445721187224942,1.5625331739959489,100,0.55000000000000004,75,0.75,100
b353e43e74ed,f6f158f4942a,"[""DEP_advcl_rate_baixo"", ""POS_PROPN_rate_alto""]","[""POS_VERB_rate_baixo""]","[""DEP_advcl_rate_baixo"", ""POS_PROPN_rate_alto"", ""POS_VERB_rate_baixo""]",358,712,1132,0.082870370370370372,0.1648148148148148,0.26203703703703701,0.5028089887640449,1.918847024258546,0.24091520861372812,True,102,234,352,0.070833333333333331,0.16250000000000001,0.24444444444444444,0.4358974358974359,1.7832167832167831,0.21074380165289255,False,118,253,350,0.081944444444444445,0.17569444444444443,0.24305555555555555,0.466403162055336,1.9189158667419537,0.24329896907216494,False,0.41014048411335335,0.54239042535985771,100,1.7132699364962938,2.1434287473068636,100,0.16,33,0.33000000000000002,100
3b31f02868cb,385ce90681c3,"[""POS_NOUN_rate_baixo"", ""POS_PROPN_rate_alto""]","[""DEP_acl:relcl_rate_baixo""]","[""DEP_acl:relcl_rate_baixo"", ""POS_NOUN_rate_baixo"", ""POS_PROPN_rate_alto""]",362,525,2625,0.083796296296296299,0.12152777777777778,0.60763888888888884,0.68952380952380954,1.1347591836734694,0.12984218077474893,True,132,180,865,0.09166666666666666,0.125,0.60069444444444442,0.73333333333333328,1.2208092485549134,0.14457831325301204,True,110,183,838,0.076388888888888895,0.12708333333333333,0.58194444444444449,0.60109289617486339,1.0329042607300756,0.12074643249176729,False,0.53799466429524234,0.67777978525707205,100,0.9291444495012966,1.160788263192539,100,0.12,90,0.90000000000000002,100
9f694dc83bed,385ce90681c3,"[""DEP_acl:relcl_rate_baixo"", ""POS_NOUN_rate_baixo""]","[""POS_PROPN_rate_alto""]","[""DEP_acl:relcl_rate_baixo"", ""POS_NOUN_rate_baixo"", ""POS_PROPN_rate_alto""]",362,646,1082,0.083796296296296299,0.14953703703703702,0.25046296296296294,0.56037151702786381,2.2373428406288092,0.26500732064421667,True,132,247,362,0.09166666666666666,0.17152777777777778,0.25138888888888888,0.53441295546558709,2.1258415908023354,0.27672955974842767,True,110,210,362,0.076388888888888895,0.14583333333333334,0.25138888888888888,0.52380952380952384,2.0836621941594315,0.23809523809523808,False,0.45000000000000001,0.57932427900737749,100,1.8454193660367186,2.3703313294383563,100,0.17999999999999999,90,0.90000000000000002,100
c17904558605,a65105bd94c6,"[""DEP_nsubj:pass_rate_baixo"", ""POS_PROPN_rate_alto""]","[""DEP_acl:relcl_rate_baixo""]","[""DEP_acl:relcl_rate_baixo"", ""DEP_nsubj:pass_rate_baixo"", ""POS_PROPN_rate_alto""]",562,783,2625,0.13009259259259259,0.18124999999999999,0.60763888888888884,0.71775223499361429,1.1812151067323482,0.19747013352073084,True,194,271,865,0.13472222222222222,0.18819444444444444,0.60069444444444442,0.71586715867158668,1.1917326109677282,0.20594479830148621,True,184,277,838,0.12777777777777777,0.19236111111111112,0.58194444444444449,0.66425992779783394,1.1414490406072564,0.19763694951664876,True,0.6310606060606061,0.73578967152440433,100,1.0880621329550468,1.2594065828164769,100,1,100,1,100
67b972a0cb12,a65105bd94c6,"[""POS_PROPN_rate_alto""]","[""DEP_acl:relcl_rate_baixo"", ""DEP_nsubj:pass_rate_baixo""]","[""DEP_acl:relcl_rate_baixo"", ""DEP_nsubj:pass_rate_baixo"", ""POS_PROPN_rate_alto""]",562,1082,1901,0.13009259259259259,0.25046296296296294,0.44004629629629627,0.51940850277264328,1.180349674896275,0.23213548120611319,True,194,362,634,0.13472222222222222,0.25138888888888888,0.44027777777777777,0.53591160220994472,1.2172124718964046,0.24189526184538654,True,184,362,618,0.12777777777777777,0.25138888888888888,0.42916666666666664,0.50828729281767959,1.1843587405460494,0.23115577889447236,True,0.47040552200172564,0.55839685939739481,100,1.1008746593056329,1.3012114572956952,100,0.71999999999999997,90,0.90000000000000002,100
6bddc116755c,5f8cc695f8c6,"[""POS_PRON_rate_baixo"", ""POS_PROPN_rate_alto""]","[""DEP_acl:relcl_rate_baixo""]","[""DEP_acl:relcl_rate_baixo"", ""POS_PRON_rate_baixo"", ""POS_PROPN_rate_alto""]",497,513,2625,0.1150462962962963,0.11874999999999999,0.60763888888888884,0.96881091617933723,1.5943859649122807,0.1881862930708065,True,157,162,865,0.10902777777777778,0.1125,0.60069444444444442,0.96913580246913578,1.6133590237636481,0.18045977011494252,True,151,157,838,0.10486111111111111,0.10902777777777778,0.58194444444444449,0.96178343949044587,1.6527066263320311,0.17890995260663506,True,0.93187734836285563,0.98649463347796296,100,1.5828276469847664,1.7356447262920038,100,1,100,1,100
16cd63629787,5f8cc695f8c6,"[""DEP_acl:relcl_rate_baixo"", ""POS_PROPN_rate_alto""]","[""POS_PRON_rate_baixo""]","[""DEP_acl:relcl_rate_baixo"", ""POS_PRON_rate_baixo"", ""POS_PROPN_rate_alto""]",497,775,1448,0.1150462962962963,0.17939814814814814,0.3351851851851852,0.64129032258064511,1.9132418463731955,0.28794901506373116,True,157,262,434,0.10902777777777778,0.18194444444444444,0.30138888888888887,0.5992366412213741,1.9882506068174624,0.29128014842300559,True,151,241,457,0.10486111111111111,0.1673611111111111,0.31736111111111109,0.62655601659751037,1.9742684111606454,0.27605118829981717,True,0.56563785453826942,0.68895188053097345,100,1.8121779307299757,2.1795460107684779,100,1,100,1,100
7d61b8e156e6,c265f09d128e,"[""POS_NUM_rate_baixo"", ""POS_PROPN_rate_alto""]","[""DEP_acl:relcl_rate_baixo""]","[""DEP_acl:relcl_rate_baixo"", ""POS_NUM_rate_baixo"", ""POS_PROPN_rate_alto""]",353,493,2625,0.081712962962962959,0.11412037037037037,0.60763888888888884,0.71602434077079102,1.1783714865256447,0.12766726943942133,True,104,154,865,0.072222222222222215,0.10694444444444444,0.60069444444444442,0.67532467532467533,1.1242399219277832,0.11366120218579236,False,108,174,838,0.074999999999999997,0.12083333333333333,0.58194444444444449,0.62068965517241381,1.0665788823965106,0.11946902654867257,False,0.55449323035850495,0.69092121782799742,100,0.9513105434352358,1.1748211005697369,100,0.16,78,0.78000000000000003,100
1cb76170ec18,572a56eaf3fd,"[""DEP_advcl_rate_alto""]","[""DEP_acl:relcl_rate_baixo""]","[""DEP_acl:relcl_rate_baixo"", ""DEP_advcl_rate_alto""]",835,1237,2625,0.19328703703703703,0.28634259259259259,0.60763888888888884,0.67502021018593372,1.1108904030488509,0.27585067723818962,True,250,395,865,0.1736111111111111,0.27430555555555558,0.60069444444444442,0.63291139240506333,1.0536328382234579,0.24752475247524752,True,257,407,838,0.17847222222222223,0.28263888888888888,0.58194444444444449,0.6314496314496314,1.0850685791019921,0.26012145748987853,True,0.58153306806048721,0.67202068358515477,100,1.0131871146846334,1.1445725018652118,100,0.80000000000000004,100,1,100
3c61a3da3abc,9fbf6efdf099,"[""DEP_advcl_rate_alto"", ""DEP_nsubj:pass_rate_baixo""]","[""DEP_acl:relcl_rate_baixo""]","[""DEP_acl:relcl_rate_baixo"", ""DEP_advcl_rate_alto"", ""DEP_nsubj:pass_rate_baixo""]",615,909,2625,0.1423611111111111,0.21041666666666667,0.60763888888888884,0.67656765676567654,1.1134370579915134,0.21068859198355602,True,181,292,865,0.12569444444444444,0.20277777777777778,0.60069444444444442,0.61986301369863017,1.0319106817641934,0.18545081967213115,False,190,300,838,0.13194444444444445,0.20833333333333334,0.58194444444444449,0.6333333333333333,1.0883054892601431,0.20042194092827004,True,0.57367549668874163,0.67706996269659536,100,1.0074315270459711,1.1514197031241584,100,0.76000000000000001,100,1,100
bba7cd248181,981dfd062dd0,"[""DEP_advcl_rate_alto"", ""DEP_ccomp_rate_baixo""]","[""DEP_acl:relcl_rate_baixo""]","[""DEP_acl:relcl_rate_baixo"", ""DEP_advcl_rate_alto"", ""DEP_ccomp_rate_baixo""]",486,740,2625,0.1125,0.17129629629629631,0.60763888888888884,0.65675675675675671,1.0808339768339768,0.16880861410211878,True,134,228,865,0.093055555555555558,0.15833333333333333,0.60069444444444442,0.58771929824561409,0.97839975661697598,0.1397288842544317,False,131,229,838,0.090972222222222218,0.15902777777777777,0.58194444444444449,0.57205240174672489,0.98300174047169908,0.13995726495726496,False,0.5,0.62337688686901482,100,0.8823959252642759,1.0581352371899819,100,0.070000000000000007,87,0.87,100
7bf54c1cdc25,f57f0788284c,"[""DEP_advcl_rate_alto"", ""POS_NUM_rate_baixo""]","[""DEP_acl:relcl_rate_baixo""]","[""DEP_acl:relcl_rate_baixo"", ""DEP_advcl_rate_alto"", ""POS_NUM_rate_baixo""]",410,594,2625,0.094907407407407413,0.13750000000000001,0.60763888888888884,0.6902356902356902,1.135930735930736,0.14595941616233535,True,101,174,865,0.07013888888888889,0.12083333333333333,0.60069444444444442,0.58045977011494254,0.96631453059597372,0.10767590618336886,False,121,187,838,0.084027777777777785,0.12986111111111112,0.58194444444444449,0.6470588235294118,1.1118910571388461,0.13384955752212391,True,0.57730021994134906,0.70570931580981833,100,0.99523871162673971,1.2028354917896409,100,0.68000000000000005,98,0.97999999999999998,100
01af5d620f15,5ce7665ab3c0,"[""DEP_advcl_rate_alto"", ""POS_PRON_rate_baixo""]","[""DEP_acl:relcl_rate_baixo""]","[""DEP_acl:relcl_rate_baixo"", ""DEP_advcl_rate_alto"", ""POS_PRON_rate_baixo""]",422,432,2625,0.09768518518518518,0.10000000000000001,0.60763888888888884,0.97685185185185186,1.6076190476190477,0.16015180265654649,True,118,124,865,0.081944444444444445,0.08611111111111111,0.60069444444444442,0.95161290322580649,1.5841879545030766,0.13547646383467279,True,118,123,838,0.081944444444444445,0.085416666666666669,0.58194444444444449,0.95934959349593496,1.6485243611385993,0.13997627520759193,True,0.92607012750455375,0.98595680537708807,100,1.5832475047672045,1.726647928189319,100,0.58999999999999997,100,1,100
6b069fa33dec,5ce7665ab3c0,"[""DEP_acl:relcl_rate_baixo"", ""DEP_advcl_rate_alto""]","[""POS_PRON_rate_baixo""]","[""DEP_acl:relcl_rate_baixo"", ""DEP_advcl_rate_alto"", ""POS_PRON_rate_baixo""]",422,835,1448,0.09768518518518518,0.19328703703703703,0.3351851851851852,0.50538922155688626,1.5077910477387766,0.22675980655561526,True,118,250,434,0.081944444444444445,0.1736111111111111,0.30138888888888887,0.47199999999999998,1.5660829493087558,0.20848056537102475,False,118,257,457,0.081944444444444445,0.17847222222222223,0.31736111111111109,0.45914396887159531,1.4467556130746111,0.19798657718120805,False,0.4050030319268953,0.52940921690921683,100,1.2887732253275699,1.6581573745158995,100,0.14999999999999999,73,0.72999999999999998,100
d4448b7c5c68,728cda3555ce,"[""POS_ADV_rate_alto""]","[""uppercaseRatio_baixo""]","[""POS_ADV_rate_alto"", ""uppercaseRatio_baixo""]",593,1181,1882,0.13726851851851851,0.27337962962962964,0.43564814814814817,0.50211685012701102,1.1525742787187501,0.24008097165991904,True,205,383,645,0.1423611111111111,0.26597222222222222,0.44791666666666669,0.53524804177545693,1.1949723723359038,0.24908869987849333,True,204,372,629,0.14166666666666666,0.25833333333333336,0.43680555555555556,0.54838709677419351,1.2554489973844813,0.25595984943538269,True,0.50276469623485853,0.61196391714580567,100,1.1575408701445975,1.3482016917709607,100,0.98999999999999999,65,0.65000000000000002,100
8ae4d1a5fd42,1ce41c50a8ed,"[""DEP_nsubj:pass_rate_baixo"", ""POS_ADV_rate_alto""]","[""uppercaseRatio_baixo""]","[""DEP_nsubj:pass_rate_baixo"", ""POS_ADV_rate_alto"", ""uppercaseRatio_baixo""]",452,896,1882,0.10462962962962963,0.2074074074074074,0.43564814814814817,0.5044642857142857,1.1579626537118566,0.19432502149613071,True,161,290,645,0.11180555555555556,0.2013888888888889,0.44791666666666669,0.55517241379310345,1.2394546912590216,0.20801033591731266,True,162,287,629,0.1125,0.19930555555555557,0.43680555555555556,0.56445993031358888,1.2922453094619522,0.21485411140583555,True,0.51278521221951878,0.6271494252873564,100,1.2017572179688221,1.401770126025834,100,1,68,0.68000000000000005,100
5793f4d48119,20ec528dd947,"[""POS_ADV_rate_alto"", ""POS_NUM_rate_baixo""]","[""DEP_nsubj:pass_rate_baixo""]","[""DEP_nsubj:pass_rate_baixo"", ""POS_ADV_rate_alto"", ""POS_NUM_rate_baixo""]",394,504,3138,0.091203703703703703,0.11666666666666667,0.72638888888888886,0.78174603174603174,1.0762086861513247,0.12130541871921183,True,124,155,1060,0.08611111111111111,0.1076388888888889,0.73611111111111116,0.80000000000000004,1.0867924528301887,0.11365719523373052,True,130,163,1073,0.090277777777777776,0.11319444444444444,0.74513888888888891,0.7975460122699386,1.0703320201945123,0.11754068716094032,True,0.73990177341215169,0.85870550496688736,100,1.0018925560581884,1.1437052317177514,100,0.67000000000000004,84,0.83999999999999997,100
0e6f83146046,bd070c47a225,"[""POS_ADV_rate_alto""]","[""DEP_advmod_rate_alto""]","[""DEP_advmod_rate_alto"", ""POS_ADV_rate_alto""]",1008,1181,1166,0.23333333333333334,0.27337962962962964,0.26990740740740743,0.85351397121083827,3.1622473032854383,0.75280059746079164,True,326,383,383,0.22638888888888889,0.26597222222222222,0.26597222222222222,0.8511749347258486,3.2002399634601093,0.74090909090909096,True,331,372,366,0.2298611111111111,0.25833333333333336,0.25416666666666665,0.88978494623655913,3.5007932310946588,0.81326781326781328,True,0.86842424263354934,0.91302030988274707,100,3.2400148108617537,3.7776140062785943,100,1,100,1,100
2b20d484cff5,bd070c47a225,"[""DEP_advmod_rate_alto""]","[""POS_ADV_rate_alto""]","[""DEP_advmod_rate_alto"", ""POS_ADV_rate_alto""]",1008,1166,1181,0.23333333333333334,0.26990740740740743,0.27337962962962964,0.86449399656946824,3.1622473032854383,0.75280059746079164,True,326,383,383,0.22638888888888889,0.26597222222222222,0.26597222222222222,0.8511749347258486,3.2002399634601093,0.74090909090909096,True,331,366,372,0.2298611111111111,0.25416666666666665,0.25833333333333336,0.90437158469945356,3.5007932310946588,0.81326781326781328,True,0.87452900213715057,0.92890516117430211,100,3.2400148108617537,3.7776140062785943,100,1,100,1,100
56957b554c4f,413b4701a914,"[""DEP_advmod_rate_alto""]","[""uppercaseRatio_baixo""]","[""DEP_advmod_rate_alto"", ""uppercaseRatio_baixo""]",602,1166,1882,0.13935185185185187,0.26990740740740743,0.43564814814814817,0.516295025728988,1.1851192939156365,0.24611610793131644,True,202,383,645,0.14027777777777778,0.26597222222222222,0.44791666666666669,0.52741514360313313,1.1774849717651346,0.24455205811138014,True,205,366,629,0.1423611111111111,0.25416666666666665,0.43680555555555556,0.56010928961748629,1.2822851781386015,0.25949367088607594,True,0.51233071698727073,0.62700888636793339,100,1.1900773639803031,1.3717057966792536,100,0.98999999999999999,87,0.87,100
abf74342b5ba,1f157ecd3cc3,"[""DEP_nsubj:pass_rate_baixo"", ""POS_ADV_rate_alto""]","[""DEP_advmod_rate_alto""]","[""DEP_advmod_rate_alto"", ""DEP_nsubj:pass_rate_baixo"", ""POS_ADV_rate_alto""]",759,896,1166,0.17569444444444443,0.2074074074074074,0.26990740740740743,0.8470982142857143,3.138477088948787,0.58250191864927092,True,247,290,383,0.17152777777777778,0.2013888888888889,0.26597222222222222,0.85172413793103452,3.2023048527955345,0.57981220657276999,True,252,287,366,0.17499999999999999,0.19930555555555557,0.25416666666666665,0.87804878048780488,3.4546181527389046,0.62842892768079806,True,0.8469926384473816,0.90258333333333329,100,3.1836430343174538,3.7364776756507427,100,1,100,1,100
977c5a6ed7e1,1f157ecd3cc3,"[""DEP_advmod_rate_alto"", ""DEP_nsubj:pass_rate_baixo""]","[""POS_ADV_rate_alto""]","[""DEP_advmod_rate_alto"", ""DEP_nsubj:pass_rate_baixo"", ""POS_ADV_rate_alto""]",759,875,1181,0.17569444444444443,0.20254629629629631,0.27337962962962964,0.86742857142857144,3.1729817346074753,0.5851966075558982,True,247,289,383,0.17152777777777778,0.20069444444444445,0.26597222222222222,0.8546712802768166,3.2133854924245848,0.58117647058823529,True,252,275,372,0.17499999999999999,0.19097222222222221,0.25833333333333336,0.91636363636363638,3.5472140762463344,0.63797468354430376,True,0.88200220043745226,0.94753375381886262,100,3.2521292822625871,3.8280238985779609,100,1,100,1,100
890f7d0b7bd8,1f157ecd3cc3,"[""POS_ADV_rate_alto""]","[""DEP_advmod_rate_alto"", ""DEP_nsubj:pass_rate_baixo""]","[""DEP_advmod_rate_alto"", ""DEP_nsubj:pass_rate_baixo"", ""POS_ADV_rate_alto""]",759,1181,875,0.17569444444444443,0.27337962962962964,0.20254629629629631,0.64267569856054196,3.1729817346074753,0.5851966075558982,True,247,383,289,0.17152777777777778,0.26597222222222222,0.20069444444444445,0.64490861618798956,3.2133854924245848,0.58117647058823529,True,252,372,275,0.17499999999999999,0.25833333333333336,0.19097222222222221,0.67741935483870963,3.5472140762463344,0.63797468354430376,True,0.64085592769803301,0.72622518990443519,100,3.2521292822625871,3.8280238985779609,100,1,100,1,100
115b631601db,1f157ecd3cc3,"[""DEP_advmod_rate_alto""]","[""DEP_nsubj:pass_rate_baixo"", ""POS_ADV_rate_alto""]","[""DEP_advmod_rate_alto"", ""DEP_nsubj:pass_rate_baixo"", ""POS_ADV_rate_alto""]",759,1166,896,0.17569444444444443,0.26990740740740743,0.2074074074074074,0.65094339622641506,3.138477088948787,0.58250191864927092,True,247,383,290,0.17152777777777778,0.26597222222222222,0.2013888888888889,0.64490861618798956,3.2023048527955345,0.57981220657276999,True,252,366,287,0.17499999999999999,0.25416666666666665,0.19930555555555557,0.68852459016393441,3.4546181527389046,0.62842892768079806,True,0.65124602332979853,0.74652777777777768,100,3.1836430343174538,3.7364776756507427,100,1,100,1,100
30553b8c2ed9,c25927785443,"[""POS_ADV_rate_alto"", ""uppercaseRatio_baixo""]","[""DEP_advmod_rate_alto""]","[""DEP_advmod_rate_alto"", ""POS_ADV_rate_alto"", ""uppercaseRatio_baixo""]",520,593,1166,0.12037037037037036,0.13726851851851851,0.26990740740740743,0.87689713322091067,3.2488813169076618,0.41969330104923325,True,178,205,383,0.12361111111111112,0.1423611111111111,0.26597222222222222,0.86829268292682926,3.2645991211870342,0.43414634146341463,True,187,204,366,0.12986111111111112,0.14166666666666666,0.25416666666666665,0.91666666666666663,3.6065573770491803,0.48825065274151436,True,0.877067365873336,0.95095486111111105,100,3.2874932401250998,3.865775215096019,100,1,100,1,100
4203ea06f871,c25927785443,"[""DEP_advmod_rate_alto"", ""uppercaseRatio_baixo""]","[""POS_ADV_rate_alto""]","[""DEP_advmod_rate_alto"", ""POS_ADV_rate_alto"", ""uppercaseRatio_baixo""]",520,602,1181,0.12037037037037036,0.13935185185185187,0.27337962962962964,0.86378737541528239,3.159662541739221,0.41171813143309582,True,178,202,383,0.12361111111111112,0.14027777777777778,0.26597222222222222,0.88118811881188119,3.3130832665511982,0.43734643734643736,True,187,205,372,0.12986111111111112,0.1423611111111111,0.25833333333333336,0.91219512195121955,3.5310778914240757,0.4794871794871795,True,0.87233801717408277,0.94149825037491963,100,3.2544049415015448,3.7607312680115275,100,1,100,1,100
c0151b5459e7,c25927785443,"[""DEP_advmod_rate_alto"", ""POS_ADV_rate_alto""]","[""uppercaseRatio_baixo""]","[""DEP_advmod_rate_alto"", ""POS_ADV_rate_alto"", ""uppercaseRatio_baixo""]",520,1008,1882,0.12037037037037036,0.23333333333333334,0.43564814814814817,0.51587301587301593,1.1841505996660089,0.21940928270042195,True,178,326,645,0.12361111111111112,0.22638888888888889,0.44791666666666669,0.54601226993865026,1.2190041375374518,0.2244640605296343,True,187,331,629,0.12986111111111112,0.2298611111111111,0.43680555555555556,0.56495468277945615,1.2933779701151302,0.24191461836998707,True,0.5079573261321727,0.63331289801349677,100,1.1757267420192608,1.3819011827920267,100,1,88,0.88,100
122ba23756e6,a4583da77878,"[""DEP_advmod_rate_alto"", ""DEP_nsubj:pass_rate_baixo""]","[""uppercaseRatio_baixo""]","[""DEP_advmod_rate_alto"", ""DEP_nsubj:pass_rate_baixo"", ""uppercaseRatio_baixo""]",454,875,1882,0.1050925925925926,0.20254629629629631,0.43564814814814817,0.51885714285714291,1.1910004554425384,0.19713417281806339,True,154,289,645,0.10694444444444444,0.20069444444444445,0.44791666666666669,0.53287197231833905,1.1896676591293152,0.19743589743589743,True,158,275,629,0.10972222222222222,0.19097222222222221,0.43680555555555556,0.57454545454545458,1.3153345859228212,0.21179624664879357,True,0.51838121783876501,0.63982941336498977,100,1.2182791656137779,1.4129514219916652,100,1,89,0.89000000000000001,100
049296627135,1dc3fb87602d,"[""DEP_acl:relcl_rate_baixo"", ""POS_ADV_rate_alto""]","[""DEP_advmod_rate_alto""]","[""DEP_acl:relcl_rate_baixo"", ""DEP_advmod_rate_alto"", ""POS_ADV_rate_alto""]",618,716,1166,0.14305555555555555,0.16574074074074074,0.26990740740740743,0.86312849162011174,3.1978688540299167,0.48892405063291139,True,185,228,383,0.12847222222222221,0.15833333333333333,0.26597222222222222,0.81140350877192979,3.0507077092208328,0.43427230046948356,True,185,208,366,0.12847222222222221,0.14444444444444443,0.25416666666666665,0.88942307692307687,3.4993694829760402,0.47557840616966579,True,0.85563531945441496,0.92538985148514852,100,3.2190888086357901,3.7925227816083988,100,1,100,1,100
2fdf951bf918,1dc3fb87602d,"[""DEP_acl:relcl_rate_baixo"", ""DEP_advmod_rate_alto""]","[""POS_ADV_rate_alto""]","[""DEP_acl:relcl_rate_baixo"", ""DEP_advmod_rate_alto"", ""POS_ADV_rate_alto""]",618,710,1181,0.14305555555555555,0.16435185185185186,0.27337962962962964,0.87042253521126756,3.1839334056838915,0.48546739984289083,True,185,222,383,0.12847222222222221,0.15416666666666667,0.26597222222222222,0.83333333333333337,3.133159268929504,0.44047619047619047,True,185,208,372,0.12847222222222221,0.14444444444444443,0.25833333333333336,0.88942307692307687,3.4429280397022333,0.46835443037974683,True,0.83438888888888896,0.93041493665495578,100,3.1468167192549084,3.7639751421034595,100,1,100,1,100
6fefbe8efb35,1dc3fb87602d,"[""POS_ADV_rate_alto""]","[""DEP_acl:relcl_rate_baixo"", ""DEP_advmod_rate_alto""]","[""DEP_acl:relcl_rate_baixo"", ""DEP_advmod_rate_alto"", ""POS_ADV_rate_alto""]",618,1181,710,0.14305555555555555,0.27337962962962964,0.16435185185185186,0.52328535139712107,3.1839334056838915,0.48546739984289083,True,185,383,222,0.12847222222222221,0.26597222222222222,0.15416666666666667,0.48302872062663188,3.133159268929504,0.44047619047619047,False,185,372,208,0.12847222222222221,0.25833333333333336,0.14444444444444443,0.49731182795698925,3.4429280397022333,0.46835443037974683,False,0.45304166666666668,0.53599847243438414,100,3.1468167192549084,3.7639751421034595,100,0.37,95,0.94999999999999996,100
001171050812,1dc3fb87602d,"[""DEP_advmod_rate_alto""]","[""DEP_acl:relcl_rate_baixo"", ""POS_ADV_rate_alto""]","[""DEP_acl:relcl_rate_baixo"", ""DEP_advmod_rate_alto"", ""POS_ADV_rate_alto""]",618,1166,716,0.14305555555555555,0.26990740740740743,0.16574074074074074,0.53001715265866212,3.1978688540299167,0.48892405063291139,True,185,383,228,0.12847222222222221,0.26597222222222222,0.15833333333333333,0.48302872062663188,3.0507077092208328,0.43427230046948356,False,185,366,208,0.12847222222222221,0.25416666666666665,0.14444444444444443,0.50546448087431695,3.4993694829760402,0.47557840616966579,True,0.45989115985377199,0.54610506380318469,100,3.2190888086357901,3.7925227816083988,100,0.46999999999999997,65,0.65000000000000002,100
3a43eba7e197,325226a1f87d,"[""DEP_advmod_rate_alto"", ""DEP_ccomp_rate_baixo""]","[""POS_ADV_rate_alto""]","[""DEP_advmod_rate_alto"", ""DEP_ccomp_rate_baixo"", ""POS_ADV_rate_alto""]",564,654,1181,0.13055555555555556,0.15138888888888888,0.27337962962962964,0.86238532110091748,3.1545339434004771,0.44374508261211643,True,171,198,383,0.11874999999999999,0.13750000000000001,0.26597222222222222,0.86363636363636365,3.247092333254213,0.4170731707317073,True,176,199,372,0.12222222222222222,0.13819444444444445,0.25833333333333336,0.88442211055276387,3.4235694602042472,0.44556962025316454,True,0.84102108505093576,0.92444101037851034,100,3.1288388017123392,3.7212894609570899,100,1,100,1,100
e9d40e61c25e,325226a1f87d,"[""DEP_ccomp_rate_baixo"", ""POS_ADV_rate_alto""]","[""DEP_advmod_rate_alto""]","[""DEP_advmod_rate_alto"", ""DEP_ccomp_rate_baixo"", ""POS_ADV_rate_alto""]",564,672,1166,0.13055555555555556,0.15555555555555556,0.26990740740740743,0.8392857142857143,3.1095319774565056,0.44270015698587128,True,171,207,383,0.11874999999999999,0.14374999999999999,0.26597222222222222,0.82608695652173914,3.1059144057214212,0.40811455847255368,True,176,205,366,0.12222222222222222,0.1423611111111111,0.25416666666666665,0.85853658536585364,3.3778488604558179,0.44556962025316454,True,0.81698705054060849,0.90113914475147949,100,3.0990805764035034,3.6750173533231019,100,1,100,1,100
9300fc3b3306,aedde8177efa,"[""DEP_advcl_rate_baixo"", ""POS_ADV_rate_alto""]","[""DEP_advmod_rate_alto""]","[""DEP_advcl_rate_baixo"", ""DEP_advmod_rate_alto"", ""POS_ADV_rate_alto""]",554,638,1166,0.12824074074074074,0.1476851851851852,0.26990740740740743,0.86833855799373039,3.2171720158944384,0.44319999999999998,True,174,203,383,0.12083333333333333,0.14097222222222222,0.26597222222222222,0.8571428571428571,3.2226781051846327,0.42233009708737862,True,173,194,366,0.12013888888888889,0.13472222222222222,0.25416666666666665,0.89175257731958768,3.5085347304377219,0.44702842377260982,True,0.85544926616640915,0.92413183015141531,100,3.2455314572995131,3.809719747723006,100,1,100,1,100
16c6600c19ac,aedde8177efa,"[""DEP_advcl_rate_baixo"", ""DEP_advmod_rate_alto""]","[""POS_ADV_rate_alto""]","[""DEP_advcl_rate_baixo"", ""DEP_advmod_rate_alto"", ""POS_ADV_rate_alto""]",554,643,1181,0.12824074074074074,0.14884259259259258,0.27337962962962964,0.8615863141524106,3.1516112422848548,0.43622047244094486,True,174,201,383,0.12083333333333333,0.13958333333333334,0.26597222222222222,0.86567164179104472,3.25474455399244,0.42439024390243901,True,173,186,372,0.12013888888888889,0.12916666666666668,0.25833333333333336,0.93010752688172038,3.6004162330905305,0.44935064935064933,True,0.89852575309306082,0.96362732095490711,100,3.3049598427887901,3.9322447473560578,100,1,100,1,100
dedb88581916,5d6a4efc2b5d,"[""POS_ADV_rate_alto"", ""POS_NUM_rate_baixo""]","[""DEP_advmod_rate_alto""]","[""DEP_advmod_rate_alto"", ""POS_ADV_rate_alto"", ""POS_NUM_rate_baixo""]",443,504,1166,0.1025462962962963,0.11666666666666667,0.26990740740740743,0.87896825396825395,3.2565547659887284,0.36104319478402608,True,130,155,383,0.090277777777777776,0.1076388888888889,0.26597222222222222,0.83870967741935487,3.1533731996967909,0.31862745098039214,True,147,163,366,0.10208333333333333,0.11319444444444444,0.25416666666666665,0.90184049079754602,3.5482248818264104,0.38481675392670156,True,0.86443178100119966,0.94225489106269456,100,3.2463382599417385,3.8748776826526474,100,1,100,1,100
e2ddbbd83ea5,5d6a4efc2b5d,"[""DEP_advmod_rate_alto"", ""POS_NUM_rate_baixo""]","[""POS_ADV_rate_alto""]","[""DEP_advmod_rate_alto"", ""POS_ADV_rate_alto"", ""POS_NUM_rate_baixo""]",443,513,1181,0.1025462962962963,0.11874999999999999,0.27337962962962964,0.8635477582846004,3.1587860421587415,0.35411670663469225,True,130,154,383,0.090277777777777776,0.10694444444444444,0.26597222222222222,0.8441558441558441,3.1738496490454713,0.31941031941031939,True,147,155,372,0.10208333333333333,0.1076388888888889,0.25833333333333336,0.94838709677419353,3.671175858480749,0.38684210526315788,True,0.90807627774909661,0.97994115804546267,100,3.3816201702188522,3.9499959569769985,100,1,100,1,100
7442db5c0adf,45e96ebb91eb,"[""DEP_advmod_rate_alto"", ""POS_NUM_rate_baixo""]","[""DEP_nsubj:pass_rate_baixo""]","[""DEP_advmod_rate_alto"", ""DEP_nsubj:pass_rate_baixo"", ""POS_NUM_rate_baixo""]",397,513,3138,0.091898148148148145,0.11874999999999999,0.72638888888888886,0.77387914230019494,1.0653785515413774,0.12200368776889982,True,121,154,1060,0.084027777777777785,0.10694444444444444,0.73611111111111116,0.7857142857142857,1.0673854447439353,0.11070448307410796,True,123,155,1073,0.085416666666666669,0.1076388888888889,0.74513888888888891,0.79354838709677422,1.0649670805399394,0.11131221719457013,True,0.72127914110429447,0.85764961389961392,100,0.98218280530086333,1.1416978324163012,100,0.54000000000000004,78,0.78000000000000003,100
12141a4f6b1e,b38b5fa88b86,"[""POS_NOUN_rate_alto""]","[""DEP_ccomp_rate_baixo""]","[""DEP_ccomp_rate_baixo"", ""POS_NOUN_rate_alto""]",729,1092,2561,0.16875000000000001,0.25277777777777777,0.59282407407407411,0.66758241758241754,1.1261054447309817,0.24931600547195623,True,233,333,842,0.16180555555555556,0.23125000000000001,0.58472222222222225,0.6996996996996997,1.1966360659947359,0.24734607218683652,True,239,357,849,0.16597222222222222,0.24791666666666667,0.58958333333333335,0.66946778711484589,1.1354930664845444,0.24715615305067218,True,0.619941936966102,0.70905572755417956,100,1.0635481290746223,1.1839926168499901,100,0.98999999999999999,100,1,100
93993666a2b1,c206aeeaf203,"[""POS_NOUN_rate_alto""]","[""DEP_advcl_rate_baixo""]","[""DEP_advcl_rate_baixo"", ""POS_NOUN_rate_alto""]",691,1092,2534,0.15995370370370371,0.25277777777777777,0.58657407407407403,0.63278388278388276,1.0787791529701554,0.23543441226575809,True,237,333,857,0.16458333333333333,0.23125000000000001,0.59513888888888888,0.71171171171171166,1.1958749881737045,0.24868835257082897,True,224,357,833,0.15555555555555556,0.24791666666666667,0.57847222222222228,0.62745098039215685,1.0846691617823601,0.2318840579710145,True,0.58261117221873038,0.68018918021905073,100,1.0172352388550421,1.1619872277057923,100,0.83999999999999997,92,0.92000000000000004,100
692298c7e196,db6f966588f8,"[""POS_NOUN_rate_alto""]","[""uppercaseRatio_baixo""]","[""POS_NOUN_rate_alto"", ""uppercaseRatio_baixo""]",576,1092,1882,0.13333333333333333,0.25277777777777777,0.43564814814814817,0.52747252747252749,1.2107764711377889,0.24020016680567138,True,178,333,645,0.12361111111111112,0.23125000000000001,0.44791666666666669,0.53453453453453459,1.1933794259375654,0.2225,True,182,357,629,0.12638888888888888,0.24791666666666667,0.43680555555555556,0.50980392156862742,1.1671186757691947,0.2263681592039801,True,0.47099999999999997,0.55997101449275355,100,1.0818182199890285,1.2626780505246902,100,0.72999999999999998,97,0.96999999999999997,100
1b7fe8f7625d,4af4ae28eb07,"[""DEP_nsubj:pass_rate_baixo"", ""POS_NOUN_rate_alto""]","[""DEP_ccomp_rate_baixo""]","[""DEP_ccomp_rate_baixo"", ""DEP_nsubj:pass_rate_baixo"", ""POS_NOUN_rate_alto""]",546,821,2561,0.12638888888888888,0.1900462962962963,0.59282407407407411,0.66504263093788063,1.1218212282903726,0.19252468265162201,True,176,258,842,0.12222222222222222,0.17916666666666667,0.58472222222222225,0.68217054263565891,1.1666574600894879,0.19047619047619047,True,188,277,849,0.13055555555555556,0.19236111111111112,0.58958333333333335,0.67870036101083031,1.1511525557780868,0.20042643923240938,True,0.61557925290257443,0.7256810253965067,100,1.0689150862209953,1.2116331380156604,100,0.97999999999999998,100,1,100
54aaac4947b5,4af4ae28eb07,"[""POS_NOUN_rate_alto""]","[""DEP_ccomp_rate_baixo"", ""DEP_nsubj:pass_rate_baixo""]","[""DEP_ccomp_rate_baixo"", ""DEP_nsubj:pass_rate_baixo"", ""POS_NOUN_rate_alto""]",546,1092,1823,0.12638888888888888,0.25277777777777777,0.42199074074074072,0.5,1.1848601206801974,0.23047699451245252,True,176,333,612,0.12222222222222222,0.23125000000000001,0.42499999999999999,0.5285285285285285,1.2435965377141849,0.22886866059817945,True,188,357,621,0.13055555555555556,0.24791666666666667,0.43125000000000002,0.5266106442577031,1.2211261316120652,0.23797468354430379,True,0.48615220249835633,0.56758356164383561,100,1.1121892115123593,1.3027932622523339,100,0.90000000000000002,53,0.53000000000000003,100
bb163a564f06,bcf49a1c7a83,"[""DEP_nsubj:pass_rate_baixo"", ""POS_NOUN_rate_alto""]","[""DEP_advcl_rate_baixo""]","[""DEP_advcl_rate_baixo"", ""DEP_nsubj:pass_rate_baixo"", ""POS_NOUN_rate_alto""]",513,821,2534,0.11874999999999999,0.1900462962962963,0.58657407407407403,0.62484774665042631,1.0652495128373487,0.1805066854327938,True,184,258,857,0.12777777777777777,0.17916666666666667,0.59513888888888888,0.71317829457364346,1.1983392580934031,0.19763694951664876,True,172,277,833,0.11944444444444445,0.19236111111111112,0.57847222222222228,0.62093862815884482,1.0734113139840773,0.18336886993603413,True,0.56980805403556767,0.68007451181911616,100,1.0063634560556534,1.1552877088718498,100,0.69999999999999996,71,0.70999999999999996,100
a8b60cb484f2,27b247a1a578,"[""DEP_advcl_rate_baixo"", ""POS_NOUN_rate_alto""]","[""DEP_ccomp_rate_baixo""]","[""DEP_advcl_rate_baixo"", ""DEP_ccomp_rate_baixo"", ""POS_NOUN_rate_alto""]",469,691,2561,0.10856481481481481,0.15995370370370371,0.59282407407407411,0.678726483357453,1.1449037126529469,0.16852317642831477,True,164,237,842,0.11388888888888889,0.16458333333333333,0.58472222222222225,0.69198312236286919,1.1834390691241468,0.17923497267759564,True,148,224,849,0.10277777777777777,0.15555555555555556,0.58958333333333335,0.6607142857142857,1.1206461383139827,0.16,True,0.61733677821522315,0.71367073121816205,100,1.0491590368842076,1.2045461320310082,100,0.96999999999999997,100,1,100
1a6f3c48df21,27b247a1a578,"[""DEP_ccomp_rate_baixo"", ""POS_NOUN_rate_alto""]","[""DEP_advcl_rate_baixo""]","[""DEP_advcl_rate_baixo"", ""DEP_ccomp_rate_baixo"", ""POS_NOUN_rate_alto""]",469,729,2534,0.10856481481481481,0.16875000000000001,0.58657407407407403,0.64334705075445819,1.0967873951299365,0.16785969935576234,True,164,233,857,0.11388888888888889,0.16180555555555556,0.59513888888888888,0.70386266094420602,1.1826863847837301,0.17710583153347731,True,148,239,833,0.10277777777777777,0.16597222222222222,0.57847222222222228,0.61924686192468614,1.0704867721147036,0.16017316017316016,True,0.56325252921060132,0.66939924906132664,100,0.99840495452658329,1.1597294044919724,100,0.68000000000000005,92,0.92000000000000004,100
2b61e46a9b16,e07072a847b7,"[""DEP_acl:relcl_rate_baixo"", ""POS_NOUN_rate_alto""]","[""DEP_ccomp_rate_baixo""]","[""DEP_acl:relcl_rate_baixo"", ""DEP_ccomp_rate_baixo"", ""POS_NOUN_rate_alto""]",444,664,2561,0.10277777777777777,0.1537037037037037,0.59282407407407411,0.66867469879518071,1.127947949549075,0.15965480043149946,True,129,199,842,0.089583333333333334,0.13819444444444445,0.58472222222222225,0.64824120603015079,1.1086310411917069,0.14144736842105263,True,149,223,849,0.10347222222222222,0.15486111111111112,0.58958333333333335,0.66816143497757852,1.1332773455450094,0.16143011917659805,True,0.60882108758821085,0.73089666714582002,100,1.0475770230872272,1.2294104378148754,100,0.95999999999999996,100,1,100
5c19acd09d8c,5a7ccfc138e8,"[""DEP_nsubj:pass_rate_baixo"", ""POS_NOUN_rate_alto""]","[""uppercaseRatio_baixo""]","[""DEP_nsubj:pass_rate_baixo"", ""POS_NOUN_rate_alto"", ""uppercaseRatio_baixo""]",435,821,1882,0.10069444444444445,0.1900462962962963,0.43564814814814817,0.52984165651644333,1.2162146419506032,0.1917989417989418,True,135,258,645,0.09375,0.17916666666666667,0.44791666666666669,0.52325581395348841,1.1681990265008113,0.17578125,True,140,277,629,0.097222222222222224,0.19236111111111112,0.43680555555555556,0.50541516245487361,1.1570712781160859,0.18276762402088773,True,0.46082873138109232,0.56042835437120153,100,1.0456988082340195,1.276965185983433,100,0.65000000000000002,96,0.95999999999999996,100
9d2f2cf10054,1d9d91f02235,"[""POS_NOUN_rate_alto"", ""uppercaseRatio_baixo""]","[""DEP_ccomp_rate_baixo""]","[""DEP_ccomp_rate_baixo"", ""POS_NOUN_rate_alto"", ""uppercaseRatio_baixo""]",376,576,2561,0.087037037037037038,0.13333333333333333,0.59282407407407411,0.65277777777777779,1.1011323701679032,0.13618254255704454,True,128,178,842,0.088888888888888892,0.12361111111111112,0.58472222222222225,0.7191011235955056,1.2298166484293682,0.14349775784753363,True,127,182,849,0.08819444444444445,0.12638888888888888,0.58958333333333335,0.69780219780219777,1.1835514309012543,0.14048672566371681,True,0.61755776636713733,0.75549818840579708,100,1.0667820572915294,1.2757358426609393,100,0.91000000000000003,97,0.96999999999999997,100
38d9c569a5ce,1d9d91f02235,"[""DEP_ccomp_rate_baixo"", ""POS_NOUN_rate_alto""]","[""uppercaseRatio_baixo""]","[""DEP_ccomp_rate_baixo"", ""POS_NOUN_rate_alto"", ""uppercaseRatio_baixo""]",376,729,1882,0.087037037037037038,0.16875000000000001,0.43564814814814817,0.51577503429355276,1.1839256897705357,0.16823266219239374,True,128,233,645,0.088888888888888892,0.16180555555555556,0.44791666666666669,0.54935622317596566,1.2264697075556443,0.17066666666666666,True,127,239,629,0.08819444444444445,0.16597222222222222,0.43680555555555556,0.53138075313807531,1.2165155556738132,0.17139001349527666,True,0.47425488310899705,0.58937095282146157,100,1.0931655962459221,1.3297855829824401,100,0.83999999999999997,80,0.80000000000000004,100
793bbc696d49,763262cc64de,"[""DEP_advcl_rate_baixo"", ""POS_NOUN_rate_alto""]","[""uppercaseRatio_baixo""]","[""DEP_advcl_rate_baixo"", ""POS_NOUN_rate_alto"", ""uppercaseRatio_baixo""]",353,691,1882,0.081712962962962959,0.15995370370370371,0.43564814814814817,0.51085383502170767,1.172629419390955,0.15900900900900902,True,121,237,645,0.084027777777777785,0.16458333333333333,0.44791666666666669,0.51054852320675104,1.1398292611127465,0.15900131406044679,True,109,224,629,0.075694444444444439,0.15555555555555556,0.43680555555555556,0.48660714285714285,1.1140131728367022,0.14650537634408603,False,0.43003227107704722,0.55708976157082746,100,0.96567875059722885,1.245605620239215,100,0.20000000000000001,59,0.58999999999999997,100
888cb1cd0f80,70fe793e7904,"[""POS_NOUN_rate_alto"", ""POS_NUM_rate_baixo""]","[""DEP_nsubj:pass_rate_baixo""]","[""DEP_nsubj:pass_rate_baixo"", ""POS_NOUN_rate_alto"", ""POS_NUM_rate_baixo""]",359,463,3138,0.083101851851851857,0.10717592592592592,0.72638888888888886,0.77537796976241902,1.0674419469004621,0.11073411474398519,True,111,139,1060,0.077083333333333337,0.096527777777777782,0.73611111111111116,0.79856115107913672,1.0848377901452424,0.10202205882352941,False,105,137,1073,0.072916666666666671,0.095138888888888884,0.74513888888888891,0.76642335766423353,1.0285644315344793,0.095022624434389136,False,0.71109430017605635,0.8283222591362126,100,0.95949690994992531,1.1065110536430307,100,0.089999999999999997,64,0.64000000000000001,100
8bad928b6332,a24f9988ec4b,"[""POS_NOUN_rate_alto"", ""POS_PRON_rate_baixo""]","[""DEP_acl:relcl_rate_baixo""]","[""DEP_acl:relcl_rate_baixo"", ""POS_NOUN_rate_alto"", ""POS_PRON_rate_baixo""]",424,436,2625,0.098148148148148151,0.10092592592592593,0.60763888888888884,0.97247706422018354,1.6004193971166447,0.1607887751232461,True,109,111,865,0.075694444444444439,0.077083333333333337,0.60069444444444442,0.98198198198198194,1.6347445711607562,0.12572087658592848,False,143,146,838,0.09930555555555555,0.10138888888888889,0.58194444444444449,0.97945205479452058,1.6830679700526368,0.1700356718192628,True,0.95756993006993008,1,100,1.605966930717609,1.7507192458000529,100,0.97999999999999998,100,1,100
e420f8b07f29,a24f9988ec4b,"[""DEP_acl:relcl_rate_baixo"", ""POS_NOUN_rate_alto""]","[""POS_PRON_rate_baixo""]","[""DEP_acl:relcl_rate_baixo"", ""POS_NOUN_rate_alto"", ""POS_PRON_rate_baixo""]",424,664,1448,0.098148148148148151,0.1537037037037037,0.3351851851851852,0.63855421686746983,1.90507887905212,0.25118483412322273,True,109,199,434,0.075694444444444439,0.13819444444444445,0.30138888888888887,0.54773869346733672,1.8173818400759558,0.20801526717557253,False,143,223,457,0.09930555555555555,0.15486111111111112,0.31736111111111109,0.64125560538116588,2.020586590260129,0.26629422718808193,True,0.58027213625617879,0.69347890603597839,100,1.8559191537080382,2.1795798173097989,100,0.97999999999999998,100,1,100
15f76ab8f838,f953efc08f59,"[""DEP_advmod_rate_baixo"", ""POS_NOUN_rate_alto""]","[""POS_ADV_rate_baixo""]","[""DEP_advmod_rate_baixo"", ""POS_ADV_rate_baixo"", ""POS_NOUN_rate_alto""]",395,446,1278,0.091435185185185189,0.10324074074074074,0.29583333333333334,0.88565022421524664,2.9937472367839324,0.29721595184349137,True,116,126,443,0.080555555555555561,0.087499999999999994,0.30763888888888891,0.92063492063492058,2.9925830377297644,0.25607064017660042,True,143,159,434,0.09930555555555555,0.11041666666666666,0.30138888888888887,0.89937106918238996,2.9840883401443352,0.31777777777777777,True,0.84905244394408474,0.94001733410373789,100,2.7542911714770799,3.2342088069228576,100,1,99,0.98999999999999999,100
e3f4f788feaf,f953efc08f59,"[""POS_ADV_rate_baixo"", ""POS_NOUN_rate_alto""]","[""DEP_advmod_rate_baixo""]","[""DEP_advmod_rate_baixo"", ""POS_ADV_rate_baixo"", ""POS_NOUN_rate_alto""]",395,409,1409,0.091435185185185189,0.094675925925925927,0.3261574074074074,0.96577017114914421,2.9610554573203003,0.27758257203092057,True,116,120,487,0.080555555555555561,0.083333333333333329,0.33819444444444446,0.96666666666666667,2.8583162217659139,0.23625254582484725,True,143,148,479,0.09930555555555555,0.10277777777777777,0.33263888888888887,0.96621621621621623,2.9047001072053265,0.29545454545454547,True,0.93336976682564921,0.99298645320197043,100,2.7239022836230276,3.1321979010494752,100,1,99,0.98999999999999999,100
359428f79103,d8e99fae62e8,"[""POS_AUX_rate_baixo"", ""POS_NOUN_rate_alto""]","[""DEP_nsubj:pass_rate_baixo""]","[""DEP_nsubj:pass_rate_baixo"", ""POS_AUX_rate_baixo"", ""POS_NOUN_rate_alto""]",378,379,3138,0.087499999999999994,0.08773148148148148,0.72638888888888886,0.99736147757255933,1.3730406574612672,0.12042051608792609,True,113,113,1060,0.078472222222222221,0.078472222222222221,0.73611111111111116,1,1.3584905660377358,0.10660377358490566,False,132,132,1073,0.09166666666666666,0.09166666666666666,0.74513888888888891,1,1.342031686859273,0.12301957129543337,True,1,1,100,1.2990237407753431,1.3820954907161804,100,0.96999999999999997,100,1,100
b8a91c1713be,dcc82376b8a6,"[""DEP_nsubj_rate_baixo""]","[""DEP_ccomp_rate_baixo""]","[""DEP_ccomp_rate_baixo"", ""DEP_nsubj_rate_baixo""]",869,1108,2561,0.2011574074074074,0.25648148148148148,0.59282407407407411,0.78429602888086647,1.3229827585963854,0.31035714285714283,True,261,342,842,0.18124999999999999,0.23749999999999999,0.58472222222222225,0.76315789473684215,1.3051631453931742,0.28277356446370533,True,294,384,849,0.20416666666666666,0.26666666666666666,0.58958333333333335,0.765625,1.2985865724381624,0.31309904153354634,True,0.71639851485148509,0.80259659135740768,100,1.2208012124587528,1.3577254967060115,100,1,100,1,100
e1d8c1256baa,6f18c83ea455,"[""DEP_nsubj_rate_baixo""]","[""DEP_acl:relcl_rate_baixo""]","[""DEP_acl:relcl_rate_baixo"", ""DEP_nsubj_rate_baixo""]",821,1108,2625,0.1900462962962963,0.25648148148148148,0.60763888888888884,0.74097472924187724,1.2194326972666323,0.28193681318681318,True,266,342,865,0.18472222222222223,0.23749999999999999,0.60069444444444442,0.77777777777777779,1.2947976878612717,0.28267800212539851,True,275,384,838,0.19097222222222221,0.26666666666666666,0.58194444444444449,0.71614583333333337,1.2306085918854415,0.29039070749736007,True,0.67723048493873239,0.75800925925925922,100,1.1611405935946886,1.2914304284310596,100,1,100,1,100
5b29d22834ee,db4d3c9a5701,"[""DEP_nsubj_rate_baixo""]","[""POS_PRON_rate_baixo""]","[""DEP_nsubj_rate_baixo"", ""POS_PRON_rate_baixo""]",558,1108,1448,0.12916666666666668,0.25648148148148148,0.3351851851851852,0.50361010830324915,1.5024831960428426,0.27927927927927926,True,163,342,434,0.11319444444444444,0.23749999999999999,0.30138888888888887,0.47660818713450293,1.5813727868057239,0.265905383360522,False,177,384,457,0.12291666666666666,0.26666666666666666,0.31736111111111109,0.4609375,1.4524070021881839,0.26656626506024095,False,0.41420099374899821,0.51472973351346429,100,1.3280700518913127,1.5774291815486654,100,0.050000000000000003,65,0.65000000000000002,100
009210998a05,93b724bf542f,"[""DEP_advcl_rate_baixo"", ""DEP_nsubj_rate_baixo""]","[""DEP_ccomp_rate_baixo""]","[""DEP_advcl_rate_baixo"", ""DEP_ccomp_rate_baixo"", ""DEP_nsubj_rate_baixo""]",519,657,2561,0.12013888888888889,0.15208333333333332,0.59282407407407411,0.78995433789954339,1.3325274266794327,0.19229344201556131,True,157,203,842,0.10902777777777778,0.14097222222222222,0.58472222222222225,0.77339901477832518,1.3226776499771831,0.1768018018018018,True,179,223,849,0.12430555555555556,0.15486111111111112,0.58958333333333335,0.80269058295964124,1.3614539922990381,0.20044792833146696,True,0.75085120743962808,0.85622171945701353,100,1.2635139967701743,1.4461644595094856,100,1,100,1,100
53d823a4acb9,74627a5bd54c,"[""DEP_advcl_rate_baixo"", ""DEP_nsubj_rate_baixo""]","[""DEP_acl:relcl_rate_baixo""]","[""DEP_acl:relcl_rate_baixo"", ""DEP_advcl_rate_baixo"", ""DEP_nsubj_rate_baixo""]",480,657,2625,0.1111111111111111,0.15208333333333332,0.60763888888888884,0.73059360730593603,1.2023483365949119,0.17130620985010706,True,153,203,865,0.10625,0.14097222222222222,0.60069444444444442,0.75369458128078815,1.2547054301090579,0.16721311475409836,True,155,223,838,0.1076388888888889,0.15486111111111112,0.58194444444444449,0.69506726457399104,1.1943876622751159,0.17108167770419427,True,0.64204975124378105,0.75234518022852093,100,1.111406869138253,1.2812496342544542,100,0.98999999999999999,100,1,100
7eeecf30eb02,f41c3bd669cf,"[""DEP_nsubj:pass_rate_baixo"", ""DEP_nsubj_rate_baixo""]","[""DEP_ccomp_rate_baixo""]","[""DEP_ccomp_rate_baixo"", ""DEP_nsubj:pass_rate_baixo"", ""DEP_nsubj_rate_baixo""]",483,615,2561,0.11180555555555556,0.1423611111111111,0.59282407407407411,0.78536585365853662,1.3247873829773049,0.17935388043074638,True,146,191,842,0.10138888888888889,0.13263888888888889,0.58472222222222225,0.76439790575916233,1.3072838293268334,0.16459977452085683,True,173,218,849,0.12013888888888889,0.15138888888888888,0.58958333333333335,0.79357798165137616,1.3459979900800727,0.19351230425055929,True,0.73327705827937095,0.83954756795422036,100,1.2565812651744479,1.4284400592932129,100,1,100,1,100
606d6e65c1a6,11bbe394e949,"[""DEP_nsubj:pass_rate_baixo"", ""DEP_nsubj_rate_baixo""]","[""DEP_acl:relcl_rate_baixo""]","[""DEP_acl:relcl_rate_baixo"", ""DEP_nsubj:pass_rate_baixo"", ""DEP_nsubj_rate_baixo""]",472,615,2625,0.10925925925925926,0.1423611111111111,0.60763888888888884,0.76747967479674795,1.2630522648083624,0.17052023121387283,True,152,191,865,0.10555555555555556,0.13263888888888889,0.60069444444444442,0.79581151832460728,1.3248191750143752,0.16814159292035399,True,153,218,838,0.10625,0.15138888888888888,0.58194444444444449,0.70183486238532111,1.2060169472969717,0.16943521594684385,True,0.64918313540798167,0.75062723508375673,100,1.1240279312360411,1.2901726342710997,100,1,100,1,100
4beed172b147,6e9988cef987,"[""DEP_acl:relcl_rate_baixo"", ""DEP_nsubj_rate_baixo""]","[""DEP_ccomp_rate_baixo""]","[""DEP_acl:relcl_rate_baixo"", ""DEP_ccomp_rate_baixo"", ""DEP_nsubj_rate_baixo""]",643,821,2561,0.14884259259259258,0.1900462962962963,0.59282407407407411,0.7831912302070646,1.3211191388108234,0.23475721066082511,True,203,266,842,0.14097222222222222,0.18472222222222223,0.58472222222222225,0.76315789473684215,1.3051631453931742,0.22430939226519336,True,206,275,849,0.14305555555555555,0.19097222222222221,0.58958333333333335,0.74909090909090914,1.2705428846771603,0.22440087145969498,True,0.68681423955558074,0.78623523898781622,100,1.184957075361887,1.3384707044543149,100,1,100,1,100
12bc2477885a,6e9988cef987,"[""DEP_ccomp_rate_baixo"", ""DEP_nsubj_rate_baixo""]","[""DEP_acl:relcl_rate_baixo""]","[""DEP_acl:relcl_rate_baixo"", ""DEP_ccomp_rate_baixo"", ""DEP_nsubj_rate_baixo""]",643,869,2625,0.14884259259259258,0.2011574074074074,0.60763888888888884,0.73993095512082852,1.2177149432845635,0.22553490003507543,True,203,261,865,0.14097222222222222,0.18124999999999999,0.60069444444444442,0.77777777777777779,1.2947976878612717,0.2199349945828819,True,206,294,838,0.14305555555555555,0.20416666666666666,0.58194444444444449,0.70068027210884354,1.2040329258194924,0.2224622030237581,True,0.65643958500515875,0.73984920634920637,100,1.1199760172941728,1.2794631197755186,100,1,100,1,100
5e48e3f8499c,6e9988cef987,"[""DEP_nsubj_rate_baixo""]","[""DEP_acl:relcl_rate_baixo"", ""DEP_ccomp_rate_baixo""]","[""DEP_acl:relcl_rate_baixo"", ""DEP_ccomp_rate_baixo"", ""DEP_nsubj_rate_baixo""]",643,1108,1514,0.14884259259259258,0.25648148148148148,0.35046296296296298,0.58032490974729245,1.6558808521190906,0.32491157150075795,True,203,342,474,0.14097222222222222,0.23749999999999999,0.32916666666666666,0.5935672514619883,1.8032422829224961,0.33115823817292006,True,206,384,460,0.14305555555555555,0.26666666666666666,0.31944444444444442,0.53645833333333337,1.6793478260869565,0.32288401253918497,True,0.48668669205599957,0.57581804800724634,100,1.556881440728983,1.8084493625015585,100,0.92000000000000004,100,1,100
d44b2ebe3dff,fb3a43dcbf7c,"[""DEP_nsubj_rate_baixo"", ""POS_PRON_rate_baixo""]","[""DEP_acl:relcl_rate_baixo""]","[""DEP_acl:relcl_rate_baixo"", ""DEP_nsubj_rate_baixo"", ""POS_PRON_rate_baixo""]",541,558,2625,0.12523148148148147,0.12916666666666668,0.60763888888888884,0.96953405017921146,1.5955760368663594,0.20476911430734293,True,155,163,865,0.1076388888888889,0.11319444444444444,0.60069444444444442,0.95092024539877296,1.583034859392177,0.17754868270332189,True,172,177,838,0.11944444444444445,0.12291666666666666,0.58194444444444449,0.97175141242937857,1.6698353626471421,0.2040332147093713,True,0.95743994826311896,0.99390407138873393,100,1.599208744478428,1.7474932231522553,100,1,100,1,100
86d5bac5eea3,fb3a43dcbf7c,"[""DEP_acl:relcl_rate_baixo"", ""DEP_nsubj_rate_baixo""]","[""POS_PRON_rate_baixo""]","[""DEP_acl:relcl_rate_baixo"", ""DEP_nsubj_rate_baixo"", ""POS_PRON_rate_baixo""]",541,821,1448,0.12523148148148147,0.1900462962962963,0.3351851851851852,0.65895249695493296,1.9659356262743857,0.31307870370370372,True,155,266,434,0.1076388888888889,0.18472222222222223,0.30138888888888887,0.58270676691729328,1.9334049409237379,0.28440366972477066,True,172,275,457,0.11944444444444445,0.19097222222222221,0.31736111111111109,0.62545454545454549,1.9707976924607122,0.30714285714285716,True,0.56901552287581703,0.68299178175707609,100,1.8351401553529212,2.1240094668313816,100,1,100,1,100
27ce67299da0,f294053424b2,"[""DEP_nsubj_rate_baixo"", ""POS_PRON_rate_baixo""]","[""DEP_ccomp_rate_baixo""]","[""DEP_ccomp_rate_baixo"", ""DEP_nsubj_rate_baixo"", ""POS_PRON_rate_baixo""]",447,558,2561,0.10347222222222222,0.12916666666666668,0.59282407407407411,0.80107526881720426,1.3512866697736519,0.16729041916167664,True,132,163,842,0.09166666666666666,0.11319444444444444,0.58472222222222225,0.80981595092024539,1.3849583958731038,0.15120274914089346,True,134,177,849,0.093055555555555558,0.12291666666666666,0.58958333333333335,0.75706214689265539,1.2840630053302988,0.15022421524663676,True,0.6894556847350144,0.81370703764320773,100,1.190199309429619,1.3668009897490279,100,0.95999999999999996,100,1,100
5e06e3b1b794,f294053424b2,"[""DEP_ccomp_rate_baixo"", ""DEP_nsubj_rate_baixo""]","[""POS_PRON_rate_baixo""]","[""DEP_ccomp_rate_baixo"", ""DEP_nsubj_rate_baixo"", ""POS_PRON_rate_baixo""]",447,869,1448,0.10347222222222222,0.2011574074074074,0.3351851851851852,0.51438434982738779,1.5346273420264609,0.23903743315508022,True,132,261,434,0.09166666666666666,0.18124999999999999,0.30138888888888887,0.50574712643678166,1.6780549817257271,0.23445825932504441,True,134,294,457,0.093055555555555558,0.20416666666666666,0.31736111111111109,0.45578231292517007,1.4361630866788728,0.21717990275526741,False,0.4039816117363344,0.51916666666666667,100,1.2748904659055846,1.5902487656886959,100,0.080000000000000002,82,0.81999999999999995,100
fbadc1bd5861,6c0ca72adca7,"[""DEP_nsubj_rate_baixo"", ""uppercaseRatio_baixo""]","[""DEP_ccomp_rate_baixo""]","[""DEP_ccomp_rate_baixo"", ""DEP_nsubj_rate_baixo"", ""uppercaseRatio_baixo""]",370,478,2561,0.085648148148148154,0.11064814814814815,0.59282407407407411,0.77405857740585771,1.3057138049173391,0.13862869988759835,True,115,155,842,0.079861111111111105,0.1076388888888889,0.58472222222222225,0.74193548387096775,1.2688682859550993,0.13038548752834467,False,131,160,849,0.090972222222222218,0.1111111111111111,0.58958333333333335,0.81874999999999998,1.3886925795053005,0.14920273348519361,True,0.75635710337202877,0.87268668831168827,100,1.2832082032621361,1.4851620475685521,100,0.92000000000000004,94,0.93999999999999995,100
f5aa05536552,0a168850bbc9,"[""DEP_advmod_rate_baixo"", ""DEP_nsubj_rate_baixo""]","[""POS_ADV_rate_baixo""]","[""DEP_advmod_rate_baixo"", ""DEP_nsubj_rate_baixo"", ""POS_ADV_rate_baixo""]",357,416,1278,0.082638888888888887,0.096296296296296297,0.29583333333333334,0.85817307692307687,2.9008667388949081,0.26701570680628273,True,113,125,443,0.078472222222222221,0.086805555555555552,0.30763888888888891,0.90400000000000003,2.938510158013544,0.24835164835164836,False,129,149,434,0.089583333333333334,0.10347222222222222,0.30138888888888887,0.86577181208053688,2.8726069340921039,0.28414096916299558,True,0.81368243243243243,0.90947362424518619,100,2.6170831054551984,3.1377546030531103,100,0.93000000000000005,76,0.76000000000000001,100
4f57e9821bf1,0a168850bbc9,"[""DEP_nsubj_rate_baixo"", ""POS_ADV_rate_baixo""]","[""DEP_advmod_rate_baixo""]","[""DEP_advmod_rate_baixo"", ""DEP_nsubj_rate_baixo"", ""POS_ADV_rate_baixo""]",357,372,1409,0.082638888888888887,0.08611111111111111,0.3261574074074074,0.95967741935483875,2.9423750543739553,0.25070224719101125,True,113,117,487,0.078472222222222221,0.081250000000000003,0.33819444444444446,0.96581196581196582,2.8557889748854843,0.23014256619144602,False,129,132,479,0.089583333333333334,0.09166666666666666,0.33263888888888887,0.97727272727272729,2.9379388878345036,0.26763485477178423,True,0.94836711711711708,1,100,2.6930107614290857,3.156826314957681,100,0.93000000000000005,76,0.76000000000000001,100
2ebde835a7b8,9948d6356c85,"[""DEP_nsubj_rate_baixo"", ""POS_VERB_rate_baixo""]","[""DEP_ccomp_rate_baixo""]","[""DEP_ccomp_rate_baixo"", ""DEP_nsubj_rate_baixo"", ""POS_VERB_rate_baixo""]",441,498,2561,0.10208333333333333,0.11527777777777778,0.59282407407407411,0.88554216867469882,1.4937689061595856,0.16844919786096257,True,134,149,842,0.093055555555555558,0.10347222222222222,0.58472222222222225,0.89932885906040272,1.5380446045688596,0.15635939323220538,True,150,165,849,0.10416666666666667,0.11458333333333333,0.58958333333333335,0.90909090909090906,1.5419209765499517,0.1736111111111111,True,0.86884761267291388,0.94791507430997879,100,1.4691507818025229,1.6347457696411705,100,1,100,1,100
a2acdc4b20e2,9948d6356c85,"[""DEP_ccomp_rate_baixo"", ""DEP_nsubj_rate_baixo""]","[""POS_VERB_rate_baixo""]","[""DEP_ccomp_rate_baixo"", ""DEP_nsubj_rate_baixo"", ""POS_VERB_rate_baixo""]",441,869,1132,0.10208333333333333,0.2011574074074074,0.26203703703703701,0.50747986191024164,1.9366722645337844,0.28269230769230769,True,134,261,352,0.093055555555555558,0.18124999999999999,0.24444444444444444,0.51340996168582376,2.1003134796238245,0.27974947807933193,True,150,294,350,0.10416666666666667,0.20416666666666666,0.24305555555555555,0.51020408163265307,2.0991253644314867,0.30364372469635625,True,0.4626809015421115,0.56669347788074831,100,1.9450279244096391,2.2763215027012125,100,0.75,48,0.47999999999999998,100
5642e26ff2c3,c760b2a99356,"[""DEP_nsubj_rate_baixo"", ""POS_VERB_rate_baixo""]","[""DEP_advcl_rate_baixo""]","[""DEP_advcl_rate_baixo"", ""DEP_nsubj_rate_baixo"", ""POS_VERB_rate_baixo""]",366,498,2534,0.084722222222222227,0.11527777777777778,0.58657407407407403,0.73493975903614461,1.2529359743631194,0.13728432108027006,True,106,149,857,0.073611111111111113,0.10347222222222222,0.59513888888888888,0.71140939597315433,1.195367013070411,0.11777777777777777,False,126,165,833,0.087499999999999994,0.11458333333333333,0.57847222222222228,0.76363636363636367,1.3200916730328496,0.14449541284403669,True,0.69166240409207158,0.83013010235540763,100,1.2246249447442639,1.4188602072149876,100,0.83999999999999997,80,0.80000000000000004,100
1d75f4885400,c760b2a99356,"[""DEP_advcl_rate_baixo"", ""DEP_nsubj_rate_baixo""]","[""POS_VERB_rate_baixo""]","[""DEP_advcl_rate_baixo"", ""DEP_nsubj_rate_baixo"", ""POS_VERB_rate_baixo""]",366,657,1132,0.084722222222222227,0.15208333333333332,0.26203703703703701,0.55707762557077622,2.1259499491746938,0.25720309205903019,True,106,203,352,0.073611111111111113,0.14097222222222222,0.24444444444444444,0.52216748768472909,2.136139722346619,0.23608017817371937,False,126,223,350,0.087499999999999994,0.15486111111111112,0.24305555555555555,0.56502242152466364,2.3246636771300446,0.28187919463087246,True,0.51273255813953489,0.63079049198452186,100,2.1023033560256721,2.580017935320801,100,0.83999999999999997,80,0.80000000000000004,100
d176a27c9854,10e6e07a8421,"[""DEP_nsubj_rate_baixo"", ""POS_VERB_rate_baixo""]","[""DEP_acl:relcl_rate_baixo""]","[""DEP_acl:relcl_rate_baixo"", ""DEP_nsubj_rate_baixo"", ""POS_VERB_rate_baixo""]",378,498,2625,0.087499999999999994,0.11527777777777778,0.60763888888888884,0.75903614457831325,1.2491566265060241,0.13770491803278689,True,122,149,865,0.084722222222222227,0.10347222222222222,0.60069444444444442,0.81879194630872487,1.3630756100399581,0.1367713004484305,True,123,165,838,0.085416666666666669,0.11458333333333333,0.58194444444444449,0.74545454545454548,1.2809720112822738,0.13977272727272727,True,0.67436777456647401,0.80007039994296714,100,1.1571769255198248,1.3824894901227935,100,0.81999999999999995,97,0.96999999999999997,100
c672065287b4,3624da99214c,"[""DEP_obj_rate_baixo""]","[""DEP_advcl_rate_baixo""]","[""DEP_advcl_rate_baixo"", ""DEP_obj_rate_baixo""]",798,1106,2534,0.18472222222222223,0.25601851851851853,0.58657407407407403,0.72151898734177211,1.2300560478754758,0.28078817733990147,True,270,393,857,0.1875,0.27291666666666664,0.59513888888888888,0.68702290076335881,1.1543908717610696,0.27551020408163263,True,251,349,833,0.17430555555555555,0.24236111111111111,0.57847222222222228,0.71919770773638969,1.2432709473474204,0.26960257787325459,True,0.66696403662279036,0.76131498145817034,100,1.1810683231759729,1.3130075762044491,100,1,100,1,100
f10680cfa493,d2cbcf7042ad,"[""DEP_obj_rate_baixo""]","[""DEP_acl:relcl_rate_baixo""]","[""DEP_acl:relcl_rate_baixo"", ""DEP_obj_rate_baixo""]",731,1106,2625,0.16921296296296295,0.25601851851851853,0.60763888888888884,0.66094032549728754,1.0877189356755361,0.24366666666666667,True,288,393,865,0.20000000000000001,0.27291666666666664,0.60069444444444442,0.73282442748091603,1.2199620526849932,0.29690721649484536,True,213,349,838,0.14791666666666667,0.24236111111111111,0.58194444444444449,0.61031518624641834,1.0487516326907427,0.21868583162217659,False,0.54782708081215548,0.65476163058498382,100,0.96560446418082968,1.1279817936500793,100,0.40999999999999998,98,0.97999999999999998,100
2b8a02133fb8,ac4e8be6b94e,"[""DEP_acl:relcl_rate_baixo"", ""DEP_obj_rate_baixo""]","[""DEP_advcl_rate_baixo""]","[""DEP_acl:relcl_rate_baixo"", ""DEP_advcl_rate_baixo"", ""DEP_obj_rate_baixo""]",511,731,2534,0.11828703703703704,0.16921296296296295,0.58657407407407403,0.69904240766073866,1.1917376484192546,0.18554829339143064,True,193,288,857,0.13402777777777777,0.20000000000000001,0.59513888888888888,0.67013888888888884,1.1260210035005835,0.20273109243697479,True,150,213,833,0.10416666666666667,0.14791666666666667,0.57847222222222228,0.70422535211267601,1.2173883637962226,0.16741071428571427,True,0.63375179102832579,0.7625473484848484,100,1.1216785385346835,1.3218678911449995,100,1,100,1,100
05c2d8df2934,ac4e8be6b94e,"[""DEP_advcl_rate_baixo"", ""DEP_obj_rate_baixo""]","[""DEP_acl:relcl_rate_baixo""]","[""DEP_acl:relcl_rate_baixo"", ""DEP_advcl_rate_baixo"", ""DEP_obj_rate_baixo""]",511,798,2625,0.11828703703703704,0.18472222222222223,0.60763888888888884,0.64035087719298245,1.0538345864661653,0.17548076923076922,True,193,270,865,0.13402777777777777,0.1875,0.60069444444444442,0.71481481481481479,1.189980732177264,0.20488322717622082,True,150,251,838,0.10416666666666667,0.17430555555555555,0.58194444444444449,0.59760956175298807,1.026918578668619,0.15974440894568689,False,0.53073160836639022,0.65169291338582669,100,0.92503142382234071,1.1010986500594091,100,0.28999999999999998,57,0.56999999999999995,100
f568b2ebd046,2cb47a1ba017,"[""DEP_nsubj:pass_rate_baixo"", ""DEP_obj_rate_baixo""]","[""DEP_advcl_rate_baixo""]","[""DEP_advcl_rate_baixo"", ""DEP_nsubj:pass_rate_baixo"", ""DEP_obj_rate_baixo""]",493,668,2534,0.11412037037037037,0.15462962962962962,0.58657407407407403,0.7380239520958084,1.2581939514814098,0.18198597268364711,True,188,263,857,0.13055555555555556,0.18263888888888888,0.59513888888888888,0.71482889733840305,1.2011127329840146,0.20171673819742489,True,165,221,833,0.11458333333333333,0.15347222222222223,0.57847222222222228,0.74660633484162897,1.2906520074092986,0.18560179977502811,True,0.69992289550072562,0.79348334178554891,100,1.2129603991770268,1.3856022662929046,100,1,100,1,100
8d5ac4c1fb4b,59665a794bbb,"[""DEP_nsubj:pass_rate_baixo"", ""DEP_obj_rate_baixo""]","[""DEP_acl:relcl_rate_baixo""]","[""DEP_acl:relcl_rate_baixo"", ""DEP_nsubj:pass_rate_baixo"", ""DEP_obj_rate_baixo""]",441,668,2625,0.10208333333333333,0.15462962962962962,0.60763888888888884,0.66017964071856283,1.0864670658682636,0.15462833099579243,True,186,263,865,0.12916666666666668,0.18263888888888888,0.60069444444444442,0.70722433460076051,1.1773445570232313,0.19745222929936307,True,137,221,838,0.095138888888888884,0.15347222222222223,0.58194444444444449,0.61990950226244346,1.0652382855106426,0.14859002169197397,True,0.55549677056319424,0.67407428970656724,100,0.96978107224582843,1.1419406594996393,100,0.56000000000000005,94,0.93999999999999995,100
9c5cae8f2917,749616b65649,"[""DEP_ccomp_rate_baixo"", ""DEP_obj_rate_baixo""]","[""DEP_advcl_rate_baixo""]","[""DEP_advcl_rate_baixo"", ""DEP_ccomp_rate_baixo"", ""DEP_obj_rate_baixo""]",472,647,2534,0.10925925925925926,0.14976851851851852,0.58657407407407403,0.72952086553323026,1.2436977660235022,0.17423403469915097,True,162,244,857,0.1125,0.16944444444444445,0.59513888888888888,0.66393442622950816,1.1155957686936895,0.17252396166134185,True,158,213,833,0.10972222222222222,0.14791666666666667,0.57847222222222228,0.74178403755868549,1.282315743198688,0.17792792792792791,True,0.67451737451737448,0.79697949985460892,100,1.1769420756721285,1.374348636502116,100,1,100,1,100
2755e1bf7bee,b02828c2aba7,"[""DEP_ccomp_rate_baixo"", ""DEP_obj_rate_baixo""]","[""DEP_acl:relcl_rate_baixo""]","[""DEP_acl:relcl_rate_baixo"", ""DEP_ccomp_rate_baixo"", ""DEP_obj_rate_baixo""]",434,647,2625,0.10046296296296296,0.14976851851851852,0.60763888888888884,0.67078825347758886,1.1039258114374033,0.1529245947850599,True,180,244,865,0.125,0.16944444444444445,0.60069444444444442,0.73770491803278693,1.2280867999620961,0.193756727664155,True,131,213,838,0.090972222222222218,0.14791666666666667,0.58194444444444449,0.61502347417840375,1.0568422467982117,0.1423913043478261,True,0.55304379800621017,0.67182142857142857,100,0.96248172910348229,1.1481682943803766,100,0.51000000000000001,98,0.97999999999999998,100
c96bc22ba243,1a54c655c65f,"[""DEP_obj_rate_baixo"", ""POS_PRON_rate_baixo""]","[""DEP_acl:relcl_rate_baixo""]","[""DEP_acl:relcl_rate_baixo"", ""DEP_obj_rate_baixo"", ""POS_PRON_rate_baixo""]",408,425,2625,0.094444444444444442,0.098379629629629636,0.60763888888888884,0.95999999999999996,1.5798857142857143,0.15442846328538987,True,141,148,865,0.097916666666666666,0.10277777777777777,0.60069444444444442,0.95270270270270274,1.5860021871582566,0.16169724770642202,True,107,111,838,0.074305555555555555,0.077083333333333337,0.58194444444444449,0.963963963963964,1.6564535896278139,0.12707838479809977,False,0.93217753120665736,0.99610655737704912,100,1.5674309413126506,1.7426083484475243,100,0.14999999999999999,100,1,100
4ba79d3c8d88,1a54c655c65f,"[""DEP_acl:relcl_rate_baixo"", ""DEP_obj_rate_baixo""]","[""POS_PRON_rate_baixo""]","[""DEP_acl:relcl_rate_baixo"", ""DEP_obj_rate_baixo"", ""POS_PRON_rate_baixo""]",408,731,1448,0.094444444444444442,0.16921296296296295,0.3351851851851852,0.55813953488372092,1.665167673133753,0.23037831733483907,True,141,288,434,0.097916666666666666,0.20000000000000001,0.30138888888888887,0.48958333333333331,1.6244239631336406,0.24268502581755594,False,107,213,457,0.074305555555555555,0.14791666666666667,0.31736111111111109,0.50234741784037562,1.5828890190156255,0.19005328596802842,False,0.42933481152993347,0.57025539914714096,100,1.3757612325085866,1.7687668475377005,100,0.14999999999999999,100,1,100
67ea8cfa0d8f,690a7839d4a6,"[""DEP_obj_rate_baixo"", ""POS_VERB_rate_baixo""]","[""DEP_advcl_rate_baixo""]","[""DEP_advcl_rate_baixo"", ""DEP_obj_rate_baixo"", ""POS_VERB_rate_baixo""]",430,521,2534,0.099537037037037035,0.12060185185185185,0.58657407407407403,0.82533589251439543,1.4070446154941547,0.16380952380952382,True,148,196,857,0.10277777777777777,0.1361111111111111,0.59513888888888888,0.75510204081632648,1.2687828923868263,0.16353591160220995,True,133,161,833,0.092361111111111116,0.11180555555555556,0.57847222222222228,0.82608695652173914,1.42804948066183,0.15447154471544716,True,0.76053921568627447,0.89328326071537134,100,1.3198035415784186,1.5172358709961229,100,0.93999999999999995,100,1,100
2ecdeb5efa23,690a7839d4a6,"[""DEP_advcl_rate_baixo"", ""DEP_obj_rate_baixo""]","[""POS_VERB_rate_baixo""]","[""DEP_advcl_rate_baixo"", ""DEP_obj_rate_baixo"", ""POS_VERB_rate_baixo""]",430,798,1132,0.099537037037037035,0.18472222222222223,0.26203703703703701,0.53884711779448624,2.0563776933499827,0.28666666666666668,True,148,270,352,0.10277777777777777,0.1875,0.24444444444444444,0.54814814814814816,2.2424242424242422,0.31223628691983124,True,133,251,350,0.092361111111111116,0.17430555555555555,0.24305555555555555,0.52988047808764938,2.1800796812749006,0.28418803418803418,True,0.48919079350490197,0.60118395394187008,100,1.9897348469394862,2.436224593784472,100,0.88,96,0.95999999999999996,100
9a59a88003cf,e8066b29ad40,"[""DEP_obj_rate_baixo"", ""POS_VERB_rate_baixo""]","[""DEP_ccomp_rate_baixo""]","[""DEP_ccomp_rate_baixo"", ""DEP_obj_rate_baixo"", ""POS_VERB_rate_baixo""]",389,521,2561,0.090046296296296291,0.12060185185185185,0.59282407407407411,0.74664107485604603,1.259464835368262,0.14444857036761977,True,151,196,842,0.10486111111111111,0.1361111111111111,0.58472222222222225,0.77040816326530615,1.3175626545154879,0.17023675310033823,True,124,161,849,0.08611111111111111,0.11180555555555556,0.58958333333333335,0.77018633540372672,1.3063231130522572,0.1399548532731377,True,0.70487462994527672,0.82081834532374098,100,1.1831045293597957,1.4011383511735338,100,0.78000000000000003,100,1,100
ac481854c364,e8066b29ad40,"[""DEP_ccomp_rate_baixo"", ""DEP_obj_rate_baixo""]","[""POS_VERB_rate_baixo""]","[""DEP_ccomp_rate_baixo"", ""DEP_obj_rate_baixo"", ""POS_VERB_rate_baixo""]",389,647,1132,0.090046296296296291,0.14976851851851852,0.26203703703703701,0.60123647604327668,2.2944713573382995,0.27985611510791369,True,151,244,352,0.10486111111111111,0.16944444444444445,0.24444444444444444,0.61885245901639341,2.5316691505216093,0.33932584269662919,True,124,213,350,0.08611111111111111,0.14791666666666667,0.24305555555555555,0.5821596244131455,2.3951710261569414,0.28246013667425968,True,0.52423273155416017,0.65400026835158931,100,2.1988957537866813,2.6561280139690475,100,0.78000000000000003,100,1,100
c6410029760f,e1451f6e6a8d,"[""DEP_obj_rate_baixo"", ""POS_VERB_rate_baixo""]","[""DEP_acl:relcl_rate_baixo""]","[""DEP_acl:relcl_rate_baixo"", ""DEP_obj_rate_baixo"", ""POS_VERB_rate_baixo""]",373,521,2625,0.086342592592592596,0.12060185185185185,0.60763888888888884,0.71593090211132437,1.1782177131889224,0.13451135953840607,True,153,196,865,0.10625,0.1361111111111111,0.60069444444444442,0.78061224489795922,1.2995163383272383,0.16850220264317181,True,108,161,838,0.074999999999999997,0.11180555555555556,0.58194444444444449,0.67080745341614911,1.1527001586148624,0.12121212121212122,False,0.57536000867490789,0.7254872563718141,100,1.0083876437885686,1.2392580196572935,100,0.17000000000000001,93,0.93000000000000005,100
8d0eac8b85cb,e1451f6e6a8d,"[""DEP_acl:relcl_rate_baixo"", ""DEP_obj_rate_baixo""]","[""POS_VERB_rate_baixo""]","[""DEP_acl:relcl_rate_baixo"", ""DEP_obj_rate_baixo"", ""POS_VERB_rate_baixo""]",373,731,1132,0.086342592592592596,0.16921296296296295,0.26203703703703701,0.51025991792065661,1.9472816655629299,0.25033557046979865,True,153,288,352,0.10625,0.20000000000000001,0.24444444444444444,0.53125,2.1732954545454546,0.31416837782340862,True,108,213,350,0.074999999999999997,0.14791666666666667,0.24305555555555555,0.50704225352112675,2.0861167002012073,0.23736263736263735,False,0.4538257632726726,0.58016907401186879,100,1.8434636770848696,2.3521997345712378,100,0.16,60,0.59999999999999998,100
28044bc43f6a,8bad395cd930,"[""DEP_nsubj:pass_rate_alto""]","[""DEP_ccomp_rate_baixo""]","[""DEP_ccomp_rate_baixo"", ""DEP_nsubj:pass_rate_alto""]",691,1106,2561,0.15995370370370371,0.25601851851851853,0.59282407407407411,0.62477396021699816,1.053894380373851,0.23219086021505375,True,216,358,842,0.14999999999999999,0.24861111111111112,0.58472222222222225,0.6033519553072626,1.0318608261786912,0.21951219512195122,False,212,341,849,0.14722222222222223,0.23680555555555555,0.58958333333333335,0.6217008797653959,1.0544749904148059,0.21676891615541921,True,0.5800893800634026,0.67473700434684203,100,0.98702522747135812,1.1401161587683055,100,0.48999999999999999,57,0.56999999999999995,100
2bacee6428f8,eae0a048743f,"[""DEP_nsubj:pass_rate_alto"", ""DEP_nsubj_rate_baixo""]","[""DEP_ccomp_rate_baixo""]","[""DEP_ccomp_rate_baixo"", ""DEP_nsubj:pass_rate_alto"", ""DEP_nsubj_rate_baixo""]",357,452,2561,0.082638888888888887,0.10462962962962963,0.59282407407407411,0.78982300884955747,1.3323058954432208,0.13441265060240964,True,109,140,842,0.075694444444444439,0.097222222222222224,0.58472222222222225,0.77857142857142858,1.331523583305056,0.12485681557846506,False,109,149,849,0.075694444444444439,0.10347222222222222,0.58958333333333335,0.73154362416107388,1.2407807052908673,0.12260967379077616,False,0.66533082302313074,0.7932772819285977,100,1.1241401114597538,1.3257187070654453,100,0.17000000000000001,79,0.79000000000000004,100
c4a222a0e20a,eae0a048743f,"[""DEP_ccomp_rate_baixo"", ""DEP_nsubj:pass_rate_alto""]","[""DEP_nsubj_rate_baixo""]","[""DEP_ccomp_rate_baixo"", ""DEP_nsubj:pass_rate_alto"", ""DEP_nsubj_rate_baixo""]",357,691,1108,0.082638888888888887,0.15995370370370371,0.25648148148148148,0.51664254703328505,2.0143463927651548,0.24757281553398058,True,109,216,342,0.075694444444444439,0.14999999999999999,0.23749999999999999,0.50462962962962965,2.1247563352826511,0.24276169265033407,False,109,212,384,0.075694444444444439,0.14722222222222223,0.26666666666666666,0.51415094339622647,1.9280660377358489,0.22381930184804927,False,0.45701210400478182,0.55819299198696182,100,1.7193810881950193,2.1685286562140131,100,0.16,72,0.71999999999999997,100
4ce01004ef8a,c653ac34978f,"[""DEP_nsubj:pass_rate_alto"", ""POS_PRON_rate_baixo""]","[""DEP_acl:relcl_rate_baixo""]","[""DEP_acl:relcl_rate_baixo"", ""DEP_nsubj:pass_rate_alto"", ""POS_PRON_rate_baixo""]",401,419,2625,0.092824074074074073,0.096990740740740738,0.60763888888888884,0.95704057279236276,1.5750153426525741,0.15172152856602344,True,114,119,865,0.079166666666666663,0.082638888888888887,0.60069444444444442,0.95798319327731096,1.5947928304269685,0.1310344827586207,False,113,117,838,0.078472222222222221,0.081250000000000003,0.58194444444444449,0.96581196581196582,1.6596291536625665,0.13420427553444181,False,0.9364171452009844,0.99134615384615388,100,1.5817911431169844,1.7574916176198196,100,0.28999999999999998,100,1,100
cc995c0d6a4c,c653ac34978f,"[""DEP_acl:relcl_rate_baixo"", ""DEP_nsubj:pass_rate_alto""]","[""POS_PRON_rate_baixo""]","[""DEP_acl:relcl_rate_baixo"", ""DEP_nsubj:pass_rate_alto"", ""POS_PRON_rate_baixo""]",401,695,1448,0.092824074074074073,0.16087962962962962,0.3351851851851852,0.57697841726618704,1.7213720736118288,0.23019517795637198,True,114,221,434,0.079166666666666663,0.15347222222222223,0.30138888888888887,0.51583710407239824,1.711533248535146,0.21072088724584104,False,113,202,457,0.078472222222222221,0.14027777777777778,0.31736111111111109,0.55940594059405946,1.7626795502307342,0.20695970695970695,False,0.50261671738355673,0.61000783699059558,100,1.5973238234175975,1.9490274826224576,100,0.28999999999999998,100,1,100
3186b0fd1847,4888999f9a3e,"[""DEP_advcl_rate_baixo"", ""DEP_nsubj:pass_rate_alto""]","[""DEP_ccomp_rate_baixo""]","[""DEP_advcl_rate_baixo"", ""DEP_ccomp_rate_baixo"", ""DEP_nsubj:pass_rate_alto""]",408,648,2561,0.094444444444444442,0.14999999999999999,0.59282407407407411,0.62962962962962965,1.0620851229988286,0.14566226347732952,True,125,212,842,0.086805555555555552,0.14722222222222223,0.58472222222222225,0.589622641509434,1.0083807645767042,0.13455328310010764,False,112,186,849,0.077777777777777779,0.12916666666666668,0.58958333333333335,0.60215053763440862,1.0213153995212585,0.12134344528710726,False,0.51809162621359217,0.67882812499999989,100,0.8854086641351635,1.1553350742529898,100,0.17999999999999999,63,0.63,100
6204e15a97e3,bc11320f07cb,"[""POS_ADP_rate_alto""]","[""DEP_acl:relcl_rate_baixo""]","[""DEP_acl:relcl_rate_baixo"", ""POS_ADP_rate_alto""]",747,1098,2625,0.17291666666666666,0.25416666666666665,0.60763888888888884,0.68032786885245899,1.1196252927400467,0.25100806451612906,True,252,372,865,0.17499999999999999,0.25833333333333336,0.60069444444444442,0.67741935483870963,1.1277270184598174,0.25583756345177666,True,238,353,838,0.16527777777777777,0.24513888888888888,0.58194444444444449,0.67422096317280455,1.1585658555714065,0.24973767051416579,True,0.63804769623735147,0.71178457594235023,100,1.0835798556009044,1.2195631102856239,100,0.98999999999999999,100,1,100
388b007433ad,9865be178551,"[""POS_ADP_rate_alto""]","[""DEP_ccomp_rate_baixo""]","[""DEP_ccomp_rate_baixo"", ""POS_ADP_rate_alto""]",801,1098,2561,0.18541666666666667,0.25416666666666665,0.59282407407407411,0.72950819672131151,1.2305643927512946,0.28026592022393282,True,279,372,842,0.19375000000000001,0.25833333333333336,0.58472222222222225,0.75,1.2826603325415677,0.29839572192513369,True,264,353,849,0.18333333333333332,0.24513888888888888,0.58958333333333335,0.74787535410764872,1.2684811659776374,0.28144989339019189,True,0.70941575909743049,0.79352941176470582,100,1.2096265583842858,1.3409090218326438,100,1,100,1,100
a1f0bdbd07c0,bacd5411ac45,"[""POS_ADP_rate_alto""]","[""DEP_advcl_rate_baixo""]","[""DEP_advcl_rate_baixo"", ""POS_ADP_rate_alto""]",765,1098,2534,0.17708333333333334,0.25416666666666665,0.58657407407407403,0.69672131147540983,1.1877806099344004,0.26682943843739099,True,273,372,857,0.18958333333333333,0.25833333333333336,0.59513888888888888,0.7338709677419355,1.23310874393044,0.28556485355648537,True,243,353,833,0.16875000000000001,0.24513888888888888,0.57847222222222228,0.68838526912181308,1.1900057473414294,0.25768822905620359,True,0.6403716793980162,0.73334413228281148,100,1.1259627164949995,1.277045932191502,100,1,100,1,100
7e33a041e706,25adae7b1426,"[""DEP_nsubj:pass_rate_baixo"", ""POS_ADP_rate_alto""]","[""DEP_ccomp_rate_baixo""]","[""DEP_ccomp_rate_baixo"", ""DEP_nsubj:pass_rate_baixo"", ""POS_ADP_rate_alto""]",541,750,2561,0.12523148148148147,0.1736111111111111,0.59282407407407411,0.72133333333333338,1.2167746973838345,0.19530685920577617,True,193,263,842,0.13402777777777777,0.18263888888888888,0.58472222222222225,0.73384030418250945,1.255023798126857,0.21162280701754385,True,179,242,849,0.12430555555555556,0.16805555555555557,0.58958333333333335,0.73966942148760328,1.2545629763747335,0.1962719298245614,True,0.68549915605879452,0.79427947052947045,100,1.1752538759949054,1.3490995259051095,100,1,100,1,100
bbe72c50229c,78ee3a59c22c,"[""DEP_nsubj:pass_rate_baixo"", ""POS_ADP_rate_alto""]","[""DEP_advcl_rate_baixo""]","[""DEP_advcl_rate_baixo"", ""DEP_nsubj:pass_rate_baixo"", ""POS_ADP_rate_alto""]",521,750,2534,0.12060185185185185,0.1736111111111111,0.58657407407407403,0.69466666666666665,1.184277821625888,0.18856315598986609,True,196,263,857,0.1361111111111111,0.18263888888888888,0.59513888888888888,0.74524714828897343,1.2522239131109938,0.21212121212121213,True,177,242,833,0.12291666666666666,0.16805555555555557,0.57847222222222228,0.73140495867768596,1.2643735180022422,0.19710467706013363,True,0.67083333333333328,0.79628789191061833,100,1.186755942675749,1.3648416398478096,100,1,100,1,100
0512684641f9,340d9d5c17e8,"[""DEP_nsubj:pass_rate_baixo"", ""POS_ADP_rate_alto""]","[""DEP_acl:relcl_rate_baixo""]","[""DEP_acl:relcl_rate_baixo"", ""DEP_nsubj:pass_rate_baixo"", ""POS_ADP_rate_alto""]",517,750,2625,0.11967592592592592,0.1736111111111111,0.60763888888888884,0.68933333333333335,1.1344457142857143,0.18089573128061581,True,179,263,865,0.12430555555555556,0.18263888888888888,0.60069444444444442,0.68060836501901145,1.133035890898701,0.18861959957850369,True,161,242,838,0.11180555555555556,0.16805555555555557,0.58194444444444449,0.66528925619834711,1.1432178149470404,0.17519042437431992,True,0.61324391137154366,0.70712199790589625,100,1.0595741991247769,1.2171177616686599,100,1,100,1,100
68550e86c887,651870837e5e,"[""DEP_acl:relcl_rate_baixo"", ""POS_ADP_rate_alto""]","[""DEP_ccomp_rate_baixo""]","[""DEP_acl:relcl_rate_baixo"", ""DEP_ccomp_rate_baixo"", ""POS_ADP_rate_alto""]",536,747,2561,0.12407407407407407,0.17291666666666666,0.59282407407407411,0.71753681392235613,1.2103705724890974,0.19336219336219337,True,186,252,842,0.12916666666666668,0.17499999999999999,0.58472222222222225,0.73809523809523814,1.2623006447234475,0.20484581497797358,True,173,238,849,0.12013888888888889,0.16527777777777777,0.58958333333333335,0.72689075630252098,1.2328889152834279,0.18927789934354486,True,0.67172303271441203,0.77754860460447051,100,1.1522310683649577,1.3263758660483378,100,1,100,1,100
f4dfed335156,651870837e5e,"[""DEP_ccomp_rate_baixo"", ""POS_ADP_rate_alto""]","[""DEP_acl:relcl_rate_baixo""]","[""DEP_acl:relcl_rate_baixo"", ""DEP_ccomp_rate_baixo"", ""POS_ADP_rate_alto""]",536,801,2625,0.12407407407407407,0.18541666666666667,0.60763888888888884,0.66916354556803992,1.1012520064205458,0.18546712802768167,True,186,279,865,0.12916666666666668,0.19375000000000001,0.60069444444444442,0.66666666666666663,1.1098265895953756,0.19415448851774531,True,173,264,838,0.12013888888888889,0.18333333333333332,0.58194444444444449,0.65530303030303028,1.126057713169885,0.18622174381054898,True,0.60352729395738058,0.70529177718832892,100,1.043335505821714,1.2107167587765477,100,0.93000000000000005,99,0.98999999999999999,100
b789b20bdbb6,fb402c8e72f2,"[""DEP_acl:relcl_rate_baixo"", ""POS_ADP_rate_alto""]","[""DEP_advcl_rate_baixo""]","[""DEP_acl:relcl_rate_baixo"", ""DEP_advcl_rate_baixo"", ""POS_ADP_rate_alto""]",500,747,2534,0.11574074074074074,0.17291666666666666,0.58657407407407403,0.66934404283801874,1.1411074447751544,0.17979144192736426,True,177,252,857,0.12291666666666666,0.17499999999999999,0.59513888888888888,0.70238095238095233,1.1801966994499082,0.18991416309012876,True,166,238,833,0.11527777777777778,0.16527777777777777,0.57847222222222228,0.69747899159663862,1.2057259878741413,0.18342541436464088,True,0.64882630494969273,0.74138392857142865,100,1.1122653159763325,1.2956794659887141,100,1,100,1,100
e518a54590e4,fb402c8e72f2,"[""DEP_advcl_rate_baixo"", ""POS_ADP_rate_alto""]","[""DEP_acl:relcl_rate_baixo""]","[""DEP_acl:relcl_rate_baixo"", ""DEP_advcl_rate_baixo"", ""POS_ADP_rate_alto""]",500,765,2625,0.11574074074074074,0.17708333333333334,0.60763888888888884,0.65359477124183007,1.0756302521008403,0.17301038062283736,True,177,273,865,0.12291666666666666,0.18958333333333333,0.60069444444444442,0.64835164835164838,1.0793368481229753,0.18418314255983351,True,166,243,838,0.11527777777777778,0.16875000000000001,0.58194444444444449,0.6831275720164609,1.1738707681428444,0.18142076502732241,True,0.62949186991869921,0.72389571948998177,100,1.0832845246935094,1.246217153849505,100,0.98999999999999999,85,0.84999999999999998,100
8ecdb7936017,9c2f424adb35,"[""DEP_advmod_rate_baixo"", ""POS_ADP_rate_alto""]","[""DEP_ccomp_rate_baixo""]","[""DEP_advmod_rate_baixo"", ""DEP_ccomp_rate_baixo"", ""POS_ADP_rate_alto""]",364,499,2561,0.084259259259259256,0.11550925925925926,0.59282407407407411,0.72945891783567129,1.2304812671027334,0.13501483679525222,True,145,186,842,0.10069444444444445,0.12916666666666668,0.58472222222222225,0.77956989247311825,1.3332311700252855,0.16421291053227632,True,136,178,849,0.094444444444444442,0.12361111111111112,0.58958333333333335,0.7640449438202247,1.2959066184936674,0.1526374859708193,True,0.70448298429319367,0.82215746421267888,100,1.1929688409232193,1.3870706031592914,100,0.97999999999999998,94,0.93999999999999995,100
cf20fc69b82b,79c44e822569,"[""DEP_advmod_rate_baixo"", ""POS_ADP_rate_alto""]","[""DEP_advcl_rate_baixo""]","[""DEP_advcl_rate_baixo"", ""DEP_advmod_rate_baixo"", ""POS_ADP_rate_alto""]",358,499,2534,0.082870370370370372,0.11550925925925926,0.58657407407407403,0.71743486973947901,1.2230933848755126,0.13383177570093457,True,138,186,857,0.09583333333333334,0.12916666666666668,0.59513888888888888,0.74193548387096775,1.2466593894681373,0.15248618784530388,True,124,178,833,0.08611111111111111,0.12361111111111112,0.57847222222222228,0.6966292134831461,1.2042569836923533,0.13979706877113868,True,0.6283932663493742,0.75553881602268691,100,1.0952984278735034,1.2993906898694356,100,0.76000000000000001,82,0.81999999999999995,100
621d3387f92c,cbed3bd1c220,"[""DEP_advmod_rate_baixo"", ""POS_ADP_rate_alto""]","[""POS_ADV_rate_baixo""]","[""DEP_advmod_rate_baixo"", ""POS_ADP_rate_alto"", ""POS_ADV_rate_baixo""]",447,499,1278,0.10347222222222222,0.11550925925925926,0.29583333333333334,0.89579158316633267,3.0280278867594346,0.33609022556390977,True,171,186,443,0.11874999999999999,0.12916666666666668,0.30763888888888891,0.91935483870967738,2.9884220490788613,0.37336244541484714,True,157,178,434,0.10902777777777778,0.12361111111111112,0.30138888888888887,0.8820224719101124,2.9265261740796356,0.34505494505494505,True,0.83906012176560119,0.92070786516853931,100,2.6709841047268532,3.1702489159989327,100,1,100,1,100
342c57f3fe6b,cbed3bd1c220,"[""POS_ADP_rate_alto"", ""POS_ADV_rate_baixo""]","[""DEP_advmod_rate_baixo""]","[""DEP_advmod_rate_baixo"", ""POS_ADP_rate_alto"", ""POS_ADV_rate_baixo""]",447,465,1409,0.10347222222222222,0.1076388888888889,0.3261574074074074,0.96129032258064517,2.947320222532567,0.31324456902592851,True,171,176,487,0.11874999999999999,0.12222222222222222,0.33819444444444446,0.97159090909090906,2.8728766100429346,0.34756097560975607,True,157,161,479,0.10902777777777778,0.11180555555555556,0.33263888888888887,0.97515527950310554,2.9315732828485848,0.32505175983436851,True,0.95187516007464057,0.9939786585365854,100,2.7275166004928804,3.1531109912534463,100,1,100,1,100
851a379e9b0c,e2653c601e80,"[""DEP_advcl_rate_baixo"", ""POS_ADP_rate_alto""]","[""DEP_ccomp_rate_baixo""]","[""DEP_advcl_rate_baixo"", ""DEP_ccomp_rate_baixo"", ""POS_ADP_rate_alto""]",555,765,2561,0.12847222222222221,0.17708333333333334,0.59282407407407411,0.72549019607843135,1.2237866642166433,0.20028870443883073,True,203,273,842,0.14097222222222222,0.18958333333333333,0.58472222222222225,0.74358974358974361,1.271697423716426,0.22258771929824561,True,181,243,849,0.12569444444444444,0.16875000000000001,0.58958333333333335,0.74485596707818935,1.2633599441608865,0.19868276619099889,True,0.68670361661628043,0.7908753619691119,100,1.1649119470319156,1.3448893615780277,100,1,100,1,100
8d036e71b5bb,e2653c601e80,"[""DEP_ccomp_rate_baixo"", ""POS_ADP_rate_alto""]","[""DEP_advcl_rate_baixo""]","[""DEP_advcl_rate_baixo"", ""DEP_ccomp_rate_baixo"", ""POS_ADP_rate_alto""]",555,801,2534,0.12847222222222221,0.18541666666666667,0.58657407407407403,0.69288389513108617,1.1812385268217411,0.19964028776978418,True,203,279,857,0.14097222222222222,0.19375000000000001,0.59513888888888888,0.72759856630824371,1.2225693529566757,0.21757770632368703,True,181,264,833,0.12569444444444444,0.18333333333333332,0.57847222222222228,0.68560606060606055,1.1852013532685801,0.19759825327510916,True,0.62401804589601395,0.74128596993557616,100,1.0940223128429098,1.2964220794618015,100,1,100,1,100
52b5b8a737b5,e2653c601e80,"[""POS_ADP_rate_alto""]","[""DEP_advcl_rate_baixo"", ""DEP_ccomp_rate_baixo""]","[""DEP_advcl_rate_baixo"", ""DEP_ccomp_rate_baixo"", ""POS_ADP_rate_alto""]",555,1098,1519,0.12847222222222221,0.25416666666666665,0.35162037037037036,0.50546448087431695,1.437529004198189,0.2691561590688652,True,203,372,505,0.14097222222222222,0.25833333333333336,0.35069444444444442,0.54569892473118276,1.5560523794314916,0.30118694362017806,True,181,353,500,0.12569444444444444,0.24513888888888888,0.34722222222222221,0.5127478753541076,1.4767138810198299,0.26934523809523808,True,0.46451475617871457,0.5699043622347898,100,1.3606300862627716,1.6146371846480196,100,0.60999999999999999,62,0.62,100
6b6467d19017,2dfe83fa60d6,"[""POS_ADP_rate_alto"", ""POS_PRON_rate_baixo""]","[""DEP_acl:relcl_rate_baixo""]","[""DEP_acl:relcl_rate_baixo"", ""POS_ADP_rate_alto"", ""POS_PRON_rate_baixo""]",489,499,2625,0.11319444444444444,0.11550925925925926,0.60763888888888884,0.97995991983967934,1.6127340395075866,0.18557874762808349,True,159,165,865,0.11041666666666666,0.11458333333333333,0.60069444444444442,0.96363636363636362,1.6042038885969523,0.182548794489093,True,144,150,838,0.10000000000000001,0.10416666666666667,0.58194444444444449,0.95999999999999996,1.6496420047732696,0.17061611374407584,True,0.93618996125078846,0.98616700201207241,100,1.5707000831054714,1.7262658647094671,100,0.98999999999999999,100,1,100
b90b9e2ddea8,2dfe83fa60d6,"[""DEP_acl:relcl_rate_baixo"", ""POS_ADP_rate_alto""]","[""POS_PRON_rate_baixo""]","[""DEP_acl:relcl_rate_baixo"", ""POS_ADP_rate_alto"", ""POS_PRON_rate_baixo""]",489,747,1448,0.11319444444444444,0.17291666666666666,0.3351851851851852,0.65461847389558236,1.9530053917326766,0.28663540445486518,True,159,252,434,0.11041666666666666,0.17499999999999999,0.30138888888888887,0.63095238095238093,2.0934825543120472,0.301707779886148,True,144,238,457,0.10000000000000001,0.16527777777777777,0.31736111111111109,0.60504201680672265,1.9064781273559752,0.2613430127041742,True,0.54387039075399013,0.65577353035116914,100,1.7218784540649992,2.0835384251738214,100,0.98999999999999999,100,1,100
4d02135fe6b0,163e7b3249a0,"[""POS_ADP_rate_alto"", ""POS_PRON_rate_baixo""]","[""DEP_ccomp_rate_baixo""]","[""DEP_ccomp_rate_baixo"", ""POS_ADP_rate_alto"", ""POS_PRON_rate_baixo""]",370,499,2561,0.085648148148148154,0.11550925925925926,0.59282407407407411,0.74148296593186369,1.2507639253516796,0.13754646840148699,True,126,165,842,0.087499999999999994,0.11458333333333333,0.58472222222222225,0.76363636363636367,1.305981429496869,0.14301929625425652,True,113,150,849,0.078472222222222221,0.10416666666666667,0.58958333333333335,0.7533333333333333,1.2777385159010601,0.1275395033860045,False,0.6859649824112567,0.81659799220857043,100,1.1765551622501227,1.3875229422576496,100,0.39000000000000001,93,0.93000000000000005,100
9a822965db6b,c91ec705edaf,"[""POS_ADP_rate_alto"", ""POS_PRON_rate_baixo""]","[""DEP_advcl_rate_baixo""]","[""DEP_advcl_rate_baixo"", ""POS_ADP_rate_alto"", ""POS_PRON_rate_baixo""]",351,499,2534,0.081250000000000003,0.11550925925925926,0.58657407407407403,0.70340681362725455,1.1991781510930306,0.13087248322147652,True,120,165,857,0.083333333333333329,0.11458333333333333,0.59513888888888888,0.72727272727272729,1.2220218521268695,0.13303769401330376,True,115,150,833,0.079861111111111105,0.10416666666666667,0.57847222222222228,0.76666666666666672,1.325330132052821,0.13248847926267282,False,0.69301900584795317,0.83395266127054191,100,1.2201041257826979,1.4375576807706101,100,0.53000000000000003,60,0.59999999999999998,100
e2cf9777cb36,d7514066ddfd,"[""DEP_nsubj_rate_baixo"", ""POS_ADP_rate_alto""]","[""DEP_ccomp_rate_baixo""]","[""DEP_ccomp_rate_baixo"", ""DEP_nsubj_rate_baixo"", ""POS_ADP_rate_alto""]",407,491,2561,0.094212962962962957,0.1136574074074074,0.59282407407407411,0.82892057026476573,1.3982572680764498,0.15387523629489602,True,125,146,842,0.086805555555555552,0.10138888888888889,0.58472222222222225,0.85616438356164382,1.4642241239058993,0.14484356894553882,True,146,167,849,0.10138888888888889,0.11597222222222223,0.58958333333333335,0.87425149700598803,1.4828293942151034,0.167816091954023,True,0.82182073544433099,0.91542758089368259,100,1.4047591031713218,1.5618494586098499,100,1,100,1,100
887ddf212a8b,d7514066ddfd,"[""DEP_ccomp_rate_baixo"", ""POS_ADP_rate_alto""]","[""DEP_nsubj_rate_baixo""]","[""DEP_ccomp_rate_baixo"", ""DEP_nsubj_rate_baixo"", ""POS_ADP_rate_alto""]",407,801,1108,0.094212962962962957,0.18541666666666667,0.25648148148148148,0.50811485642946319,1.9810976351762464,0.27097203728362185,True,125,279,342,0.086805555555555552,0.19375000000000001,0.23749999999999999,0.44802867383512546,1.8864365214110546,0.25201612903225806,False,146,264,384,0.10138888888888889,0.18333333333333332,0.26666666666666666,0.55303030303030298,2.0738636363636362,0.2908366533864542,True,0.50348683631240643,0.60347066192791088,100,1.9060063730321986,2.2767674970122576,100,0.97999999999999998,74,0.73999999999999999,100
75e0777f9a7d,2547ab7c2f73,"[""DEP_nsubj_rate_baixo"", ""POS_ADP_rate_alto""]","[""DEP_acl:relcl_rate_baixo""]","[""DEP_acl:relcl_rate_baixo"", ""DEP_nsubj_rate_baixo"", ""POS_ADP_rate_alto""]",369,491,2625,0.085416666666666669,0.1136574074074074,0.60763888888888884,0.75152749490835036,1.2367995344777423,0.13432835820895522,True,120,146,865,0.083333333333333329,0.10138888888888889,0.60069444444444442,0.82191780821917804,1.3682793570353948,0.13468013468013468,True,118,167,838,0.081944444444444445,0.11597222222222223,0.58194444444444449,0.70658682634730541,1.214182613293699,0.13303269447576099,True,0.65016722408026761,0.76507255389718065,100,1.1156825562650985,1.3379325629683125,100,0.67000000000000004,95,0.94999999999999996,100
18022f6eb665,10f9a490dc46,"[""POS_ADP_rate_alto"", ""POS_VERB_rate_baixo""]","[""DEP_ccomp_rate_baixo""]","[""DEP_ccomp_rate_baixo"", ""POS_ADP_rate_alto"", ""POS_VERB_rate_baixo""]",405,494,2561,0.09375,0.11435185185185186,0.59282407407407411,0.81983805668016196,1.3829365110731353,0.15283018867924528,True,151,179,842,0.10486111111111111,0.12430555555555556,0.58472222222222225,0.84357541899441346,1.4426943032683555,0.1735632183908046,True,151,181,849,0.10486111111111111,0.12569444444444444,0.58958333333333335,0.83425414364640882,1.4149893602483259,0.17178612059158135,True,0.79479417670682728,0.87373720562536406,100,1.3362325464445068,1.4970334171757096,100,1,100,1,100
0db2ca13a5cc,10f9a490dc46,"[""DEP_ccomp_rate_baixo"", ""POS_ADP_rate_alto""]","[""POS_VERB_rate_baixo""]","[""DEP_ccomp_rate_baixo"", ""POS_ADP_rate_alto"", ""POS_VERB_rate_baixo""]",405,801,1132,0.09375,0.18541666666666667,0.26203703703703701,0.5056179775280899,1.9295668400365267,0.2650523560209424,True,151,279,352,0.10486111111111111,0.19375000000000001,0.24444444444444444,0.54121863799283154,2.2140762463343107,0.31458333333333333,True,151,264,350,0.10486111111111111,0.18333333333333332,0.24305555555555555,0.57196969696969702,2.3532467532467534,0.326133909287257,True,0.51639174761950557,0.62812112047333524,100,2.1338001863350926,2.6236848886596347,100,0.98999999999999999,41,0.40999999999999998,100
d16ea6a1afdd,2c2cef9432c1,"[""POS_ADP_rate_alto"", ""POS_VERB_rate_baixo""]","[""DEP_advcl_rate_baixo""]","[""DEP_advcl_rate_baixo"", ""POS_ADP_rate_alto"", ""POS_VERB_rate_baixo""]",397,494,2534,0.091898148148148145,0.11435185185185186,0.58657407407407403,0.80364372469635625,1.3700634927735829,0.15089319650323071,True,142,179,857,0.098611111111111108,0.12430555555555556,0.59513888888888888,0.79329608938547491,1.332959590099281,0.15883668903803133,True,140,181,833,0.097222222222222224,0.12569444444444444,0.57847222222222228,0.77348066298342544,1.337109429407122,0.16018306636155608,True,0.7120183982683983,0.82985851726089421,100,1.2242246280703775,1.4467617016465784,100,1,100,1,100
43264d1aa2dd,2c2cef9432c1,"[""DEP_advcl_rate_baixo"", ""POS_ADP_rate_alto""]","[""POS_VERB_rate_baixo""]","[""DEP_advcl_rate_baixo"", ""POS_ADP_rate_alto"", ""POS_VERB_rate_baixo""]",397,765,1132,0.091898148148148145,0.17708333333333334,0.26203703703703701,0.51895424836601312,1.9804614425275411,0.26466666666666666,True,142,273,352,0.098611111111111108,0.18958333333333333,0.24444444444444444,0.52014652014652019,2.127872127872128,0.2939958592132505,True,140,243,350,0.097222222222222224,0.16875000000000001,0.24305555555555555,0.5761316872427984,2.3703703703703702,0.30905077262693159,True,0.52748924681980414,0.63974083414531624,100,2.1318093922861086,2.6619649961043717,100,1,67,0.67000000000000004,100
7805329696d8,11b339a7537d,"[""DEP_nsubj:pass_rate_baixo"", ""POS_ADP_rate_alto""]","[""POS_AUX_rate_baixo""]","[""DEP_nsubj:pass_rate_baixo"", ""POS_ADP_rate_alto"", ""POS_AUX_rate_baixo""]",385,750,1143,0.089120370370370364,0.1736111111111111,0.26458333333333334,0.51333333333333331,1.9401574803149606,0.25530503978779839,True,122,263,369,0.084722222222222227,0.18263888888888888,0.25624999999999998,0.46387832699619774,1.8102568858388204,0.23921568627450981,False,128,242,387,0.088888888888888892,0.16805555555555557,0.26874999999999999,0.52892561983471076,1.9680953296175283,0.2554890219560878,True,0.47391019855595667,0.60088983050847455,100,1.7612795100982532,2.1813111825516178,100,0.82999999999999996,78,0.78000000000000003,100
7c8569b63919,11b339a7537d,"[""POS_ADP_rate_alto"", ""POS_AUX_rate_baixo""]","[""DEP_nsubj:pass_rate_baixo""]","[""DEP_nsubj:pass_rate_baixo"", ""POS_ADP_rate_alto"", ""POS_AUX_rate_baixo""]",385,388,3138,0.089120370370370364,0.08981481481481482,0.72638888888888886,0.99226804123711343,1.3660286609765233,0.12257242916268704,True,122,123,1060,0.084722222222222227,0.085416666666666669,0.73611111111111116,0.99186991869918695,1.3474459272894617,0.11498586239396795,True,128,128,1073,0.088888888888888892,0.088888888888888892,0.74513888888888891,1,1.342031686859273,0.11929170549860205,True,1,1,100,1.2990237407753431,1.3820954907161804,100,0.90000000000000002,100,1,100
