record_id,partition,group_id,pair_id
fake/10,train,group-df4587fa71e21c58,10
fake/1001,train,group-bc8ebcf93cc04f17,1001
fake/1005,train,group-23511f02f5d644c9,1005
fake/1006,train,group-d5bf4130f46f0de9,1006
fake/1008,train,group-a418876ff7b747cf,1008
fake/1009,train,group-d7deb763c57383e6,1009
fake/101,train,group-14e4e06c23bafec5,101
fake/1010,train,group-57c9a406b4a2a8fb,1010
fake/1013,train,group-e93b5cfd9b072408,1013
fake/1014,train,group-9c275263ddfd8ac8,1014
fake/1015,train,group-999de3a2a0db6a89,1015
fake/1016,train,group-a026f5dbfe28c1ed,1016
fake/1019,train,group-7ae7155f34fa07d2,1019
fake/1022,train,group-34d843e1d3b68c57,1022
fake/1024,train,group-723bb923c8afb7a2,1024
fake/1025,train,group-80027821e56394c9,1025
fake/1026,train,group-8d14e98c8fa416f8,1026
fake/1028,train,group-9f347e35c4f04048,1028
fake/1030,train,group-f1c7728ea99efb5a,1030
fake/1031,train,group-5c856a335b4d6b85,1031
fake/1033,train,group-d67f4f70cac03d48,1033
fake/1034,train,group-9bd5bc6c1931a407,1034
fake/1035,train,group-9250bec2c979276e,1035
fake/1037,train,group-0e291b0286a6fe78,1037
fake/1039,train,group-4fe169b3ccd0c9dc,1039
fake/1040,train,group-a27e465a3a2e554f,1040
fake/1041,train,group-11bf354a97c2dafd,1041
fake/1042,train,group-a07d5406940cf2ab,1042
fake/1043,train,group-13357bd21e0af22b,1043
fake/1044,train,group-2ebc624236716584,1044
fake/1045,train,group-3c2ab597793ad670,1045
fake/1047,train,group-7ba68c8279b83ee2,1047
fake/1048,train,group-7332035d25caa420,1048
fake/1049,train,group-915a18bd2de7bf48,1049
fake/1052,train,group-bc48f9a8de0f1d7c,1052
fake/1053,train,group-af00691e3917b23b,1053
fake/1054,train,group-fc72a2c43d0a82e2,1054
fake/1055,train,group-ff1c0f547d05989d,1055
fake/1058,train,group-e8bb1cf26305fcab,1058
fake/1060,train,group-89c4f9d24e49e546,1060
fake/1061,train,group-6e13708006b01111,1061
fake/1062,train,group-cdbb9ec20c6569d1,1062
fake/1063,train,group-57aad695c2f5252e,1063
fake/1065,train,group-6967fc0594e1a0ad,1065
fake/1066,train,group-ee538b3af64bc42d,1066
fake/1067,train,group-0c3918182ef8f517,1067
fake/1069,train,group-d6c5bb3be9c13cae,1069
fake/1070,train,group-830747ae445356ff,1070
fake/1072,train,group-c33783b7cf528d58,1072
fake/1073,train,group-f15380a3e55a1eb6,1073
fake/1074,train,group-81628cae3782e343,1074
fake/1075,train,group-da84a092d96bfb01,1075
fake/1076,train,group-181a1a5f64de4ce1,1076
fake/1078,train,group-5bda0897c61d23be,1078
fake/1080,train,group-71b587ac5b1d8211,1080
fake/1082,train,group-df74ec33f327dd22,1082
fake/1083,train,group-e349ada3346cdcee,1083
fake/1084,train,group-192427d5c45e0f2d,1084
fake/1086,train,group-607c88c5f35ba641,1086
fake/1087,train,group-74ca352f86dbaaae,1087
fake/109,train,group-df6c10b72ddfe637,109
fake/1090,train,group-69fbceeac69b08b2,1090
fake/1091,train,group-533e26734c986be1,1091
fake/1092,train,group-50252ab60de2a398,1092
fake/1093,train,group-3c41fcd6ade7e2dc,1093
fake/1094,train,group-2075b6eae8817dc6,1094
fake/1096,train,group-708c5fa5f49076c1,1096
fake/1099,train,group-7f50b8fd1d666041,1099
fake/11,train,group-210f612a7ccf59a2,11
fake/110,train,group-b20d674adb29664f,110
fake/1101,train,group-fe17512dffeb1162,1101
fake/1103,train,group-c5484538da20b0e7,1103
fake/1104,train,group-acad952e917267e5,1104
fake/1106,train,group-1bcbf126c9b3465c,1106
fake/1107,train,group-3cd941b6f75b9ee8,1107
fake/1108,train,group-406bbd66b4f50c86,1108
fake/1109,train,group-198a7335ac17deb7,1109
fake/1110,train,group-01ba21e4e915bf0a,1110
fake/1112,train,group-4e1b8179ac2fb94a,1112
fake/1114,train,group-8ffd2c4b5c10504d,1114
fake/1115,train,group-2ba34e6cb98e9bc1,1115
fake/1118,train,group-d14632c11dbdbcdf,1118
fake/1119,train,group-a66242f489948357,1119
fake/112,train,group-2956a82dfaf5ce16,112
fake/1121,train,group-2f8f71854d06ac6d,1121
fake/1125,train,group-4791031c583c2aa9,1125
fake/1127,train,group-6f412658d52a5315,1127
fake/1128,train,group-6b166dd13bbd76f3,1128
fake/1131,train,group-1cf6b7451b3da616,1131
fake/1134,train,group-b09b87be368eb199,1134
fake/1135,train,group-7263ae14cba1657e,1135
fake/1136,train,group-d7c291237cd33591,1136
fake/1137,train,group-2715b6051a113f03,1137
fake/1139,train,group-7b3f6d66ec35cba4,1139
fake/114,train,group-f2b2594a6429023b,114
fake/1140,train,group-ea37cb18b3939e31,1140
fake/1142,train,group-7b8fee6a7dda4747,1142
fake/1144,train,group-886f53d23264ba99,1144
fake/1147,train,group-80c0f5abc32b78b4,1147
fake/1148,train,group-94dc8eeb55957db6,1148
fake/1149,train,group-358d9dc3729f48d5,1149
fake/115,train,group-bccb037e0bc03b21,115
fake/1153,train,group-18661c57b4a644fb,1153
fake/1154,train,group-1e943ecba7a9215b,1154
fake/1155,train,group-fbeed43d66da01f5,1155
fake/1156,train,group-6225cc93358e05fc,1156
fake/116,train,group-4dafdb604f51c688,116
fake/1160,train,group-7f5eda23f7b50636,1160
fake/1162,train,group-3d49e34213ff8242,1162
fake/1165,train,group-d8ad859102ff77eb,1165
fake/1167,train,group-c336c97ff5143cff,1167
fake/1169,train,group-2353eab2290f541b,1169
fake/117,train,group-d5284ad5b4813a9f,117
fake/1171,train,group-4855f416d4e8995f,1171
fake/1172,train,group-bbafaf22be9d1f01,1172
fake/1174,train,group-83944e2809281170,1174
fake/1175,train,group-b079f89269291ab5,1175
fake/1177,train,group-0b8e01b6a623d3c4,1177
fake/1179,train,group-d694fe004f76b47a,1179
fake/118,train,group-98c1b43fff1d3c13,118
fake/1180,train,group-e0a8584729456702,1180
fake/1181,train,group-3b45fdbbd34cf3d1,1181
fake/1182,train,group-5cb7af31e647637a,1182
fake/1183,train,group-d2e396c3073da51e,1183
fake/1184,train,group-02412c88a8ba03d6,1184
fake/1185,train,group-23f4485ea5ef5c5a,1185
fake/1186,train,group-88406eab0b72f7e6,1186
fake/1187,train,group-94218303332dd102,1187
fake/1189,train,group-032f3e51a1875411,1189
fake/119,train,group-4856c2aa61bc12f0,119
fake/1190,train,group-194c4a512493dfc9,1190
fake/1191,train,group-833d422b8e2689ac,1191
fake/1192,train,group-e22b995e0f793ab1,1192
fake/1194,train,group-a10064254d7f20ff,1194
fake/1196,train,group-d9979859050a5db3,1196
fake/1197,train,group-cb7af6fc954846d1,1197
fake/1198,train,group-183612b7881a749c,1198
fake/1199,train,group-3c56fde6586ceec7,1199
fake/12,train,group-3eb1a3c271a15a70,12
fake/120,train,group-3dbe7899ac859281,120
fake/1200,train,group-2f8e7a71f8b6b12a,1200
fake/1201,train,group-fe5166d3d0080c80,1201
fake/1202,train,group-8c15e31c3f3a11c7,1202
fake/1204,train,group-565f60a2a28fd577,1204
fake/1205,train,group-b46776b98228b5bf,1205
fake/1208,train,group-b9fc338a9b4a5f22,1208
fake/1209,train,group-92e745a3551f0682,1209
fake/1210,train,group-f678b5c77d0997da,1210
fake/1212,train,group-c1247c922145937a,1212
fake/1213,train,group-e2c130b833e946b3,1213
fake/1215,train,group-073b6230d7ca0efc,1215
fake/1216,train,group-b03a726a692600ff,1216
fake/1217,train,group-6c73da71e7c60ede,1217
fake/1218,train,group-dc74b9b9e71b7ddd,1218
fake/1221,train,group-ae25c24302ec892c,1221
fake/1227,train,group-64d942b1faed5272,1227
fake/1228,train,group-85c2f66f885c1812,1228
fake/1231,train,group-5cdb2d6d6cf15bba,1231
fake/1232,train,group-20ed538e0803055d,1232
fake/1234,train,group-683020e597821bea,1234
fake/1235,train,group-65457219b16597b8,1235
fake/1237,train,group-b9519033f2f59395,1237
fake/124,train,group-dfab38b07547f1ef,124
fake/1240,train,group-8d4927b0c16e53d2,1240
fake/1241,train,group-ecffbc33eeb0a8bf,1241
fake/1242,train,group-6ff5472efe09753f,1242
fake/1243,train,group-58c762b81c00ee14,1243
fake/1244,train,group-f4e7a5887dde4628,1244
fake/1246,train,group-2123921c6d5f0d66,1246
fake/1249,train,group-d043c290a464c82e,1249
fake/125,train,group-c639ffc3730374cf,125
fake/1250,train,group-d2afe9ea826aa74f,1250
fake/1251,train,group-c1887ede19f3c5b1,1251
fake/1252,train,group-684a2152acf931f8,1252
fake/1253,train,group-0c1621a85dabc54d,1253
fake/1256,train,group-fca8d246aa41504c,1256
fake/1257,train,group-5a1c659e8ea23c2f,1257
fake/1258,train,group-9907283e8cd5d845,1258
fake/1259,train,group-541d39723a3c42f0,1259
fake/126,train,group-1163ed08e8624795,126
fake/1260,train,group-29d80434d89ec043,1260
fake/1261,train,group-0947075baafca104,1261
fake/1263,train,group-de7125ae5368ea2d,1263
fake/1265,train,group-ff4e3a7010fc5a1e,1265
fake/1266,train,group-313a0995568fcf6c,1266
fake/1267,train,group-1204b8426a87b9ae,1267
fake/1268,train,group-eccd8bcfe84e11f1,1268
fake/1269,train,group-4d8d022dc3930038,1269
fake/1270,train,group-7010251cb204a2dc,1270
fake/1272,train,group-291ff6513cc57115,1272
fake/1273,train,group-bc0683be7d6f41c1,1273
fake/1274,train,group-b541b517016b24a2,1274
fake/1275,train,group-0e285e5a8bf6952b,1275
fake/1278,train,group-7054f5761543676b,1278
fake/1279,train,group-27a14d30d9b2a90b,1279
fake/1281,train,group-84c647d8c100a766,1281
fake/1282,train,group-e605e0c94b2d839b,1282
fake/1283,train,group-81092b0cd53fdd89,1283
fake/1284,train,group-1471aa8a1034fb5d,1284
fake/1285,train,group-7805ccba47dfc36c,1285
fake/1287,train,group-1408171ecc0e0db9,1287
fake/1289,train,group-942b4f01190e7ef7,1289
fake/129,train,group-d66cad5ac4276a58,129
fake/1290,train,group-777eba306129bfe5,1290
fake/1292,train,group-37a07819296694a9,1292
fake/1293,train,group-88bdbd226597d334,1293
fake/1296,train,group-f0414f99b5455214,1296
fake/1298,train,group-1be751b4efda4676,1298
fake/1299,train,group-9b531058930ea895,1299
fake/13,train,group-24b696c18aee19c0,13
fake/130,train,group-177d7874071ff63b,130
fake/1301,train,group-b832849f1f0ed2e8,1301
fake/1302,train,group-d28854eeece84160,1302
fake/1303,train,group-e67d2d0b510538ea,1303
fake/1304,train,group-0e4e4d14c507e237,1304
fake/1308,train,group-6be81946121e03a2,1308
fake/131,train,group-b7d224e292bbab64,131
fake/1311,train,group-d3bf8b4488e39a72,1311
fake/1313,train,group-d0d8b1764f4d8e46,1313
fake/1314,train,group-fd527dcd5ad70934,1314
fake/1317,train,group-d131f854eccf2624,1317
fake/1320,train,group-b624b5677fcb99f9,1320
fake/1322,train,group-1b8c004bdefba08f,1322
fake/1323,train,group-a32a7db6d58d66c9,1323
fake/1324,train,group-c799cc18210b77ee,1324
fake/1326,train,group-e3e3ddc30e24d39c,1326
fake/1327,train,group-f07c798aa802ea07,1327
fake/1328,train,group-6b04efe19472d24b,1328
fake/133,train,group-924df062165514c6,133
fake/1330,train,group-585c1f8376949fce,1330
fake/1331,train,group-3f169b59a47d2a34,1331
fake/1332,train,group-5cb8588ddcd06272,1332
fake/1336,train,group-cf8f57ea4c022c1d,1336
fake/1337,train,group-ed84c54943453d06,1337
fake/1338,train,group-6728479af89e0e7f,1338
fake/1340,train,group-10d2ff5f351292ad,1340
fake/1341,train,group-564cacbeef3819f6,1341
fake/1342,train,group-b0f8d9a5bfd28399,1342
fake/1345,train,group-9632c2b88178412f,1345
fake/1346,train,group-516b50c724a2f9f7,1346
fake/1347,train,group-6ab2b7ab689afc5c,1347
fake/1351,train,group-30eb4c2e621fcadf,1351
fake/1352,train,group-63dbc2a79254401e,1352
fake/1354,train,group-087d5d2f11a260d0,1354
fake/1358,train,group-d2e5e5ca69998d24,1358
fake/1359,train,group-e7da6bb18bfd0b18,1359
fake/1361,train,group-1ffc05618f776558,1361
fake/1365,train,group-cff479c13c3cac20,1365
fake/1367,train,group-d35cfe41fde85659,1367
fake/1372,train,group-1c5f30fedac19617,1372
fake/1375,train,group-70e4f0f713100f60,1375
fake/1376,train,group-2e3ed5738058e7d0,1376
fake/1378,train,group-576a182ce28a9533,1378
fake/1382,train,group-2b72b35223a17da4,1382
fake/1384,train,group-435b46af612aa73f,1384
fake/1393,train,group-0ffae3d360846d50,1393
fake/1395,train,group-37863fdf80450074,1395
fake/1397,train,group-3fc8732456cf6700,1397
fake/1398,train,group-e8381f600cffda92,1398
fake/1399,train,group-12adee866a1775b0,1399
fake/140,train,group-e6e2e84a8f5ae01f,140
fake/1400,train,group-6418be88e439256a,1400
fake/1401,train,group-ab09c68cd8c9b2eb,1401
fake/1403,train,group-24d30e9f297890ea,1403
fake/1404,train,group-a8af64ce3d951d00,1404
fake/1405,train,group-c4388978ddc406a6,1405
fake/1406,train,group-5fbdb3ebab16a51b,1406
fake/1407,train,group-68c6ae3e075ae3be,1407
fake/1408,train,group-dbc23755034fbb38,1408
fake/1409,train,group-6d838e869ad8a3fe,1409
fake/141,train,group-17a74671f33c1754,141
fake/1410,train,group-cb1947f9f2072775,1410
fake/1412,train,group-f9e80a165d0b4f45,1412
fake/1413,train,group-917f6b7776b11dfb,1413
fake/1414,train,group-c146ebcc5b2c7795,1414
fake/1415,train,group-87238176ddf582db,1415
fake/1416,train,group-60885b43d3c6b317,1416
fake/1417,train,group-e6e7f124861254c7,1417
fake/1418,train,group-92d2fb8fdeb6eed6,1418
fake/1419,train,group-d99e022a7f47f2dc,1419
fake/1421,train,group-0a3c8d3ace000319,1421
fake/1422,train,group-6419655a131436c8,1422
fake/1425,train,group-7c88e9d43582d8a2,1425
fake/1428,train,group-b91dde0ef7bf81e8,1428
fake/1429,train,group-4adfaff19d3af67a,1429
fake/1430,train,group-8ebfa05a74ec2790,1430
fake/1431,train,group-c82226f5232aad92,1431
fake/1432,train,group-5d1835831b7b1d16,1432
fake/1434,train,group-5bbd776a42d88cff,1434
fake/1436,train,group-d707e194f9297336,1436
fake/1439,train,group-ca3c482a1168cff4,1439
fake/144,train,group-66c5fc6b3d490985,144
fake/1441,train,group-93b5272803c5162f,1441
fake/1442,train,group-271635cf10ebebec,1442
fake/1443,train,group-28791e1a8913f356,1443
fake/1444,train,group-e4477780e67d0edd,1444
fake/1448,train,group-79d23f80de4f1946,1448
fake/1449,train,group-74af677abf5211b8,1449
fake/145,train,group-faf6c0f089a26ed9,145
fake/1450,train,group-4caa266f70d7f0fc,1450
fake/1453,train,group-df5e569df478b7bd,1453
fake/1456,train,group-4d828776f220be67,1456
fake/1457,train,group-8b63f6da94710a0b,1457
fake/1458,train,group-e1ddb987a1c24db5,1458
fake/146,train,group-c83197c23503f933,146
fake/1462,train,group-17f0a4a346472ee0,1462
fake/1466,train,group-cf1c82d096ab9e19,1466
fake/1467,train,group-3ee4d4c1742d75ac,1467
fake/1469,train,group-695c6181b77d17fc,1469
fake/147,train,group-fd583f3e0d9db0fb,147
fake/1470,train,group-28cc954c8754a594,1470
fake/1474,train,group-4a118295a5614a95,1474
fake/1477,train,group-7dc5b8c6a4449dfc,1477
fake/1478,train,group-6e5ae919720318aa,1478
fake/1479,train,group-327b36bd33a14989,1479
fake/148,train,group-c07fe8346d99aad4,148
fake/1480,train,group-10fad44132866bd3,1480
fake/1485,train,group-9461518c5dc8b9f1,1485
fake/1486,train,group-96302d4c70f00129,1486
fake/1487,train,group-2deceb1b62372288,1487
fake/1488,train,group-bf07687867b9a1fa,1488
fake/1489,train,group-22e0bff7b2becc37,1489
fake/1490,train,group-838c3778c81f0faf,1490
fake/1491,train,group-6bc8fbb3da071bc6,1491
fake/1492,train,group-819ab1b3367bb94a,1492
fake/1493,train,group-9568b4d9da838e70,1493
fake/1495,train,group-c73c2940cb592a1c,1495
fake/1496,train,group-78698075d9b582e8,1496
fake/1497,train,group-73460eedbcd24ba8,1497
fake/1500,train,group-1c11b436a87df56f,1500
fake/1502,train,group-b56741f077a8a1b6,1502
fake/1504,train,group-d857ce6fae2d2900,1504
fake/1505,train,group-85dc4f00c83108b0,1505
fake/1506,train,group-1bbb5c7eff6f87cc,1506
fake/1507,train,group-c89f8811e37d5e5c,1507
fake/1508,train,group-e133ad01e9b58f2b,1508
fake/151,train,group-05ff30fc6d9613dc,151
fake/1511,train,group-f8ffe0eb74bf8c20,1511
fake/1513,train,group-f2a05c672995bed0,1513
fake/1516,train,group-949122f4504701b9,1516
fake/1517,train,group-744e28d6154fea75,1517
fake/1518,train,group-aeec5bbb9cb8af6d,1518
fake/1519,train,group-46633fb85f480203,1519
fake/152,train,group-40cef545596483ee,152
fake/1520,train,group-ecc6aabde582715c,1520
fake/1525,train,group-7be91d409f31a0d3,1525
fake/1526,train,group-5d4cf36e7a0fda37,1526
fake/1527,train,group-20dc33066a040689,1527
fake/1528,train,group-ea09907e41841e72,1528
fake/1529,train,group-60ff9843b6f2f660,1529
fake/1531,train,group-772c695dcedc7113,1531
fake/1534,train,group-b103981cfff2a5cd,1534
fake/154,train,group-3d5ed5d53a5614d4,154
fake/1540,train,group-d244a9cc59e5ce01,1540
fake/1545,train,group-dd0dcd551b89fe5f,1545
fake/1546,train,group-8f5b7652bf065b81,1546
fake/1548,train,group-78d7eaa4de1dc8af,1548
fake/1549,train,group-5cb880833debe88f,1549
fake/155,train,group-d71d163dc0c66402,155
fake/1550,train,group-1ac1f76bb99c969e,1550
fake/1551,train,group-5006b642112d301d,1551
fake/1552,train,group-a98fe4dcab4c0f28,1552
fake/1553,train,group-6efdaa0c134eef77,1553
fake/1554,train,group-5c256021f5c61421,1554
fake/1555,train,group-361ee718fc7b9430,1555
fake/1556,train,group-45a41e312b20789a,1556
fake/1557,train,group-4587c8867feb876a,1557
fake/1558,train,group-069c2a24c77183db,1558
fake/156,train,group-0ef23b56c89faaf7,156
fake/1560,train,group-713679b0084b8d1c,1560
fake/1561,train,group-8669f7266aab67fb,1561
fake/1563,train,group-1d8b0a23e153b499,1563
fake/1566,train,group-c5148470ae9045d9,1566
fake/1567,train,group-3697be49c221ce96,1567
fake/1568,train,group-6587f02bacbb6706,1568
fake/1569,train,group-b58789748b6c2b61,1569
fake/157,train,group-34396120b85704ea,157
fake/1570,train,group-696798e6077955dd,1570
fake/1571,train,group-bfa54e7c93a0a659,1571
fake/1572,train,group-5c8baf1fa5562b89,1572
fake/1573,train,group-f7cddd52cadaf3cc,1573
fake/1574,train,group-1600ef3008d37dde,1574
fake/1576,train,group-7bf2fa0699ec1d9c,1576
fake/1577,train,group-8870e7d09c96d527,1577
fake/1578,train,group-15e3dea2c64a0dc4,1578
fake/1579,train,group-b89a194316b01326,1579
fake/158,train,group-8e638ea291ee2a23,158
fake/1583,train,group-69dd5902a3049370,1583
fake/1586,train,group-ef23706a38509b9f,1586
fake/1587,train,group-815bf00be602fe0e,1587
fake/1588,train,group-aaf6c66858c0d59e,1588
fake/1589,train,group-84a34676a3c1e0b6,1589
fake/159,train,group-c34c813668d080f5,159
fake/1591,train,group-e42da80729e04cb5,1591
fake/1592,train,group-96663515ccf7acfb,1592
fake/1598,train,group-72a7a7b6f4331458,1598
fake/1599,train,group-b79d0b22423e971d,1599
fake/160,train,group-c3c0fccc8f344d36,160
fake/1600,train,group-e712c972bb402f30,1600
fake/1601,train,group-c65b253fedbf1d73,1601
fake/1602,train,group-8daf971cfa18032b,1602
fake/1604,train,group-bb6a584b4aa629e9,1604
fake/1606,train,group-1fd94c298ed91100,1606
fake/1609,train,group-ca58d075b8699215,1609
fake/1611,train,group-e527c363642e53a0,1611
fake/1613,train,group-59e076e517bbf916,1613
fake/1614,train,group-2adf7e1779a60daa,1614
fake/1616,train,group-67bf3e42ec84585c,1616
fake/1617,train,group-b0f58bd324548d82,1617
fake/1618,train,group-e1f0399f2c052614,1618
fake/1619,train,group-2b2fb9ce5c33360c,1619
fake/162,train,group-eb5346757827a1ba,162
fake/1622,train,group-069eec20fcd7e98e,1622
fake/1624,train,group-a7d927c98bf8585b,1624
fake/1625,train,group-d891e7d2650204db,1625
fake/1626,train,group-0439748e09d3729d,1626
fake/1627,train,group-44fdfad950dca24b,1627
fake/1628,train,group-e8c2be473240f64b,1628
fake/1630,train,group-8e0f921a7d0c39c6,1630
fake/1631,train,group-555af01dfe552525,1631
fake/1633,train,group-7289236a65019d26,1633
fake/1634,train,group-e65bdecce7bc449c,1634
fake/1635,train,group-6cf11be05c4d537f,1635
fake/1637,train,group-402d9db0039d45aa,1637
fake/1638,train,group-5d914215adb00c82,1638
fake/1639,train,group-405d2543f3db9a27,1639
fake/1641,train,group-4d7bdc85f23913f1,1641
fake/1644,train,group-73b672ce22767779,1644
fake/1647,train,group-1033bf68dd7e716b,1647
fake/1648,train,group-edeb639b86b2061b,1648
fake/1649,train,group-a297f552359f855b,1649
fake/165,train,group-83535ee1320cf154,165
fake/1651,train,group-f25f9ff1c6351a1a,1651
fake/1653,train,group-39bd63dc9ae35c2d,1653
fake/1654,train,group-8c27f05c0ee70273,1654
fake/1655,train,group-dbf8998009d911df,1655
fake/1656,train,group-8402fa8cae9595cc,1656
fake/1658,train,group-f1bbda3a734e3cd2,1658
fake/1659,train,group-ecf173d0d6bcbc73,1659
fake/166,train,group-9486aefb140e972e,166
fake/1660,train,group-cdd1373133bc18b7,1660
fake/1661,train,group-2f606b63e2ea6677,1661
fake/1662,train,group-a566dd716ebb54de,1662
fake/1663,train,group-2cd0b3fb37eb96fa,1663
fake/1666,train,group-4699f9e121501ab7,1666
fake/1667,train,group-98108945c69acea0,1667
fake/1668,train,group-bfbc2b6860fe1034,1668
fake/1669,train,group-5668e9ac6c361292,1669
fake/1670,train,group-ce937f0ef363c43d,1670
fake/1671,train,group-104a05524a1dd5f1,1671
fake/1672,train,group-e513d546a1b2ae7b,1672
fake/1673,train,group-eda6853d4a206c2e,1673
fake/1674,train,group-c67eb7cd0c674b39,1674
fake/1677,train,group-202587183d5f18de,1677
fake/1678,train,group-c680a969ec733d6c,1678
fake/1679,train,group-f676a134d0e961fc,1679
fake/1682,train,group-bbb83cef5fe0cda9,1682
fake/1683,train,group-36e516fef655a3f1,1683
fake/1688,train,group-fe73f7144a2bb3bf,1688
fake/1689,train,group-d11de3d11234f5ad,1689
fake/1690,train,group-33e673be6a5d8a95,1690
fake/1692,train,group-2aca8eef53055c71,1692
fake/1693,train,group-59088955c1c8f0b4,1693
fake/1695,train,group-9eb486de2ab0006c,1695
fake/1697,train,group-0e808a1d24dd30ba,1697
fake/1698,train,group-2ba1969ebc31fc8d,1698
fake/1699,train,group-181199bf175da623,1699
fake/170,train,group-ddb66e23a829bebd,170
fake/1701,train,group-18d8b52cfccdf77c,1701
fake/1703,train,group-51152f20fb4a9ead,1703
fake/1704,train,group-09daeb0d1444fa42,1704
fake/1705,train,group-9920d636578cbdc0,1705
fake/1706,train,group-8c9a321e6bc7c4f3,1706
fake/1707,train,group-c433bef60d0259e4,1707
fake/1709,train,group-af9a13d83dfd9444,1709
fake/171,train,group-62c5b364460cdff1,171
fake/1711,train,group-374d724f6894d6b5,1711
fake/1714,train,group-65e662f5dfceb53c,1714
fake/1718,train,group-d2502d466263e867,1718
fake/1721,train,group-d3a1d33016bcd8fa,1721
fake/1724,train,group-921555c6898bf607,1724
fake/1725,train,group-60b6980b4bbfa6ca,1725
fake/1726,train,group-6d5299e434a4e87e,1726
fake/1728,train,group-e12b6f36ae246d6b,1728
fake/1729,train,group-141810b522f63cc2,1729
fake/1732,train,group-1f1a8cd3b9bdf488,1732
fake/1733,train,group-4b4f798742a8178e,1733
fake/1734,train,group-4da1a716c4715c54,1734
fake/1736,train,group-5026195e373d27f9,1736
fake/174,train,group-d2ba85706ca6b43c,174
fake/1741,train,group-d34ce743df61a755,1741
fake/1745,train,group-f841906fd5d37acb,1745
fake/1746,train,group-07f297eec30cb981,1746
fake/1747,train,group-3edb41167b5d85b4,1747
fake/1748,train,group-a8a223069d1ca768,1748
fake/1749,train,group-5eb3f63484315d93,1749
fake/175,train,group-d893f5784a144c3f,175
fake/1750,train,group-ca58131575fb28f7,1750
fake/1751,train,group-661d372a07faa0d7,1751
fake/1753,train,group-f5eb689f9855bf9e,1753
fake/1754,train,group-acc2b040fd870842,1754
fake/1755,train,group-cb7ec2c634496171,1755
fake/1756,train,group-6c4046f12696c236,1756
fake/1757,train,group-4017187d57734737,1757
fake/1758,train,group-4aa17c8853e2572b,1758
fake/176,train,group-74c5f066ce56d589,176
fake/1760,train,group-490d204098a2bbca,1760
fake/1761,train,group-a3c9450cdf7f0eb0,1761
fake/1765,train,group-946c6dd94cfe1323,1765
fake/1767,train,group-8502e7e751152e75,1767
fake/1768,train,group-ceec2fcb19238bb7,1768
fake/1769,train,group-cd24536708e87115,1769
fake/1770,train,group-f64d0a3f84c87e5e,1770
fake/1772,train,group-b273353fe69543c8,1772
fake/1773,train,group-20cc0811fb55fb18,1773
fake/1775,train,group-b67b2c82b3ffe29d,1775
fake/1776,train,group-5cad86a4f0de5276,1776
fake/1778,train,group-6f7644707258352e,1778
fake/1779,train,group-0eda8ed7427fe7a3,1779
fake/1780,train,group-423ee29dae242b69,1780
fake/1782,train,group-73faf9c3f44cf73b,1782
fake/1783,train,group-adac087c30dcd7b5,1783
fake/1784,train,group-c1534ea23ab642fb,1784
fake/1789,train,group-6f6527426d10e6a3,1789
fake/1790,train,group-2c3ac3bad0ce78bb,1790
fake/1791,train,group-2bd3667b56f36c4c,1791
fake/1793,train,group-e5c899d47c0c7c90,1793
fake/1796,train,group-af092a04e5bf6434,1796
fake/1799,train,group-721ed227126a00cd,1799
fake/18,train,group-a13cb72f2259c7ff,18
fake/1800,train,group-022a2ddfe518e338,1800
fake/1801,train,group-d8fccee241ae2310,1801
fake/1802,train,group-1a3dd45bcb9e055a,1802
fake/1803,train,group-bd59810166537cb7,1803
fake/1805,train,group-6b9e9cc839650d94,1805
fake/1806,train,group-33a56415426a3a2b,1806
fake/1807,train,group-ba057bd711e37743,1807
fake/1809,train,group-1cc2325aad8094dc,1809
fake/181,train,group-578debb92b9ed8d7,181
fake/1810,train,group-39a5d27a66971bb0,1810
fake/1811,train,group-ac6f5d0df31c5c87,1811
fake/1813,train,group-76eb326a6bd5f8ac,1813
fake/1816,train,group-fda19a3fb6efb0a6,1816
fake/1818,train,group-024d5f16bdd8834f,1818
fake/1821,train,group-d1d948ef97433492,1821
fake/1822,train,group-a48f6cdbe7521d05,1822
fake/1823,train,group-adc19f061d6b1e88,1823
fake/1826,train,group-add26d37418b2521,1826
fake/1829,train,group-df037ae76cd6b9df,1829
fake/183,train,group-055035c084e87edc,183
fake/1830,train,group-ae5c8c7538eec770,1830
fake/1831,train,group-8b422e31811b53b4,1831
fake/1833,train,group-d1995b440d9d3d26,1833
fake/1834,train,group-f6ede8467f2454bd,1834
fake/1835,train,group-a694ca96cd63576d,1835
fake/1836,train,group-2c39e4ed23185e96,1836
fake/1837,train,group-45ccc336732efe2f,1837
fake/1838,train,group-b4bd979ff835f545,1838
fake/1839,train,group-a39e5e4d90f2f471,1839
fake/184,train,group-9d304be62ede2b31,184
fake/1840,train,group-fa3fb7b3cd11491d,1840
fake/1841,train,group-87ed7ace7b526542,1841
fake/1843,train,group-f451bdbc8167d6cb,1843
fake/1844,train,group-03b18497f6e92cf8,1844
fake/1846,train,group-43b1de6fbee6b997,1846
fake/1848,train,group-fe841a6b8a8079da,1848
fake/1849,train,group-2727f88d19772480,1849
fake/1851,train,group-5ea934688b689ad4,1851
fake/1854,train,group-be5e130293e41a3d,1854
fake/1856,train,group-059a459948a19503,1856
fake/1857,train,group-bbe2ffd03a685aa6,1857
fake/186,train,group-3c0c38890c4ea8f5,186
fake/1860,train,group-262314aaae27587b,1860
fake/1861,train,group-658bbc49c6264ad3,1861
fake/1863,train,group-47a1c65d0b3f56c4,1863
fake/1865,train,group-15d8f1835a3a2a12,1865
fake/1866,train,group-229dbfb6f047e480,1866
fake/1867,train,group-de850a3ac382a42e,1867
fake/1869,train,group-9770e32ac8097ed4,1869
fake/187,train,group-c94048d2f4b0385a,187
fake/1870,train,group-35a9744c80709a62,1870
fake/1872,train,group-b0d5467be0bc0e9d,1872
fake/1873,train,group-99263d17863ff547,1873
fake/1874,train,group-6278c984589024ea,1874
fake/1875,train,group-54ee9c8ff9da9540,1875
fake/1876,train,group-859bc18b8e210c31,1876
fake/188,train,group-460a27e073c125e7,188
fake/1880,train,group-c1598cb0013114ad,1880
fake/1882,train,group-c511bad44d284690,1882
fake/1884,train,group-906d483206bc4cf3,1884
fake/1886,train,group-e77eefcc82b48cdd,1886
fake/1887,train,group-d66b5d0f1b12d5ca,1887
fake/1888,train,group-3356415056fe0310,1888
fake/1889,train,group-896d8b753c70e9cb,1889
fake/189,train,group-1a4106256006e086,189
fake/1891,train,group-949f995ebeffb14d,1891
fake/1892,train,group-38ef651869e61703,1892
fake/1893,train,group-c6e98897bbfe7f75,1893
fake/1896,train,group-ea92776a3217a809,1896
fake/1897,train,group-82b820c13f4eab50,1897
fake/1898,train,group-a852ff1100438c85,1898
fake/1899,train,group-8758ba421f074b97,1899
fake/1901,train,group-79b6fcc97d3f0672,1901
fake/1907,train,group-a7630244ae555e8d,1907
fake/1908,train,group-5c9ddabb05264922,1908
fake/1909,train,group-f599cb8fdf158eaa,1909
fake/191,train,group-69b3c38efd1e8a7e,191
fake/1910,train,group-f8f262ab8befa832,1910
fake/1911,train,group-387267f994d81fea,1911
fake/1916,train,group-dc9cab3a89c682ee,1916
fake/1917,train,group-02baaefd060a6fb2,1917
fake/1918,train,group-daa61bb7ad05215d,1918
fake/192,train,group-814cdc5379de7dbf,192
fake/1920,train,group-000e3d8dc9ea691f,1920
fake/1924,train,group-ba994b6f5449ef4f,1924
fake/1925,train,group-0920847e5e5eace0,1925
fake/1927,train,group-04d5508b4e08c182,1927
fake/1928,train,group-8a97809cc1e73536,1928
fake/193,train,group-85f487ddd9a8c891,193
fake/1932,train,group-369f089d0551f95c,1932
fake/1934,train,group-3c7a24e67e972a09,1934
fake/1935,train,group-5484e56f3c2b75c9,1935
fake/1936,train,group-6c62530ab7994bcc,1936
fake/1937,train,group-9f561ad3d9f62561,1937
fake/1938,train,group-c34f87b86105684d,1938
fake/194,train,group-5623b121c96b2ba5,194
fake/1940,train,group-e7e68de5563a7e7b,1940
fake/1943,train,group-a76ed588a3b1b1ee,1943
fake/1944,train,group-d4e22664f89ccf8e,1944
fake/1947,train,group-556124656256c519,1947
fake/1950,train,group-c3e6c145edf193a7,1950
fake/1952,train,group-d042667b9df9e402,1952
fake/1953,train,group-1a0545f72eb8ad3f,1953
fake/1956,train,group-c7c076ed35e29f88,1956
fake/1958,train,group-31fb3cc84521258e,1958
fake/1960,train,group-93e0f1d7e96551b9,1960
fake/1964,train,group-0defbbd8095f65c7,1964
fake/1965,train,group-4e8e9f328434cb3e,1965
fake/1966,train,group-846a3072ff5a5127,1966
fake/1967,train,group-f2a7bfa5cb36f636,1967
fake/1968,train,group-7d9ece25713f28b3,1968
fake/197,train,group-06e45bf1b93f3808,197
fake/1970,train,group-5159f49e0288c1a7,1970
fake/1971,train,group-a1b68045ca0e588b,1971
fake/1972,train,group-a5320d1f475afcf3,1972
fake/1973,train,group-1e5b1d73da1723d9,1973
fake/1974,train,group-e5dcfea01be68ad2,1974
fake/1977,train,group-7fc108abbfb839f9,1977
fake/1982,train,group-49fe6ff3683e6304,1982
fake/1983,train,group-dea55deed92bbed4,1983
fake/1984,train,group-5713833fb5f3db68,1984
fake/1988,train,group-675f1b23f6d676d9,1988
fake/1989,train,group-7035df96a53eaaa6,1989
fake/1995,train,group-f6d9699cb0de7099,1995
fake/1996,train,group-10737f5b14875917,1996
fake/1997,train,group-a91c7d2cf2e273de,1997
fake/1998,train,group-80c7871f8517d4fb,1998
fake/1999,train,group-b48d5455a6cd8c02,1999
fake/20,train,group-ed6cdfe233b4fe01,20
fake/2000,train,group-7f6c377a20d05cc8,2000
fake/2001,train,group-ffc676a93c8e5bdb,2001
fake/2002,train,group-ae0e6897637c96ca,2002
fake/2003,train,group-49961711cce5c9ed,2003
fake/2004,train,group-a3acf0dd485eaafc,2004
fake/2005,train,group-60f9430d8c633b31,2005
fake/2006,train,group-5561b70c6c59252b,2006
fake/2007,train,group-aa742d6ecf3f865e,2007
fake/2009,train,group-d697fee58527dd48,2009
fake/2010,train,group-af2e641264c693c0,2010
fake/2011,train,group-29eb0501fa06ba6f,2011
fake/2013,train,group-a6351d0f6b6b1363,2013
fake/2015,train,group-1ce6377d4f33d5f9,2015
fake/2017,train,group-c9ed71423864efc3,2017
fake/2019,train,group-4df29cb83727a133,2019
fake/2020,train,group-e1ad0fd8a6769ba5,2020
fake/2021,train,group-808c384128735bbc,2021
fake/2022,train,group-f3382609eb069834,2022
fake/2023,train,group-93aa67561a8dcbf2,2023
fake/2025,train,group-2751084d29620692,2025
fake/2026,train,group-a5ef9344dfe1b0cc,2026
fake/2027,train,group-0753bf664fb7d12b,2027
fake/2028,train,group-258105d4554e91a5,2028
fake/2030,train,group-685a5f9e6226d572,2030
fake/2033,train,group-87a0f2f73da8075f,2033
fake/2035,train,group-a616b9e57c2dc119,2035
fake/2036,train,group-8adeb6f9cd795086,2036
fake/2038,train,group-1cb44e1b020df261,2038
fake/2039,train,group-387087d07d3c1336,2039
fake/2040,train,group-a5def829ed66877f,2040
fake/2041,train,group-58c2356572dc1c30,2041
fake/2042,train,group-1458778ad251c172,2042
fake/2045,train,group-1280dad280ef042a,2045
fake/2046,train,group-3fc4575f8548a779,2046
fake/2051,train,group-e4c47d598d4ab00a,2051
fake/2052,train,group-f9a45926086f481c,2052
fake/2053,train,group-15deafd16c6faa56,2053
fake/2054,train,group-efca95f79fe17c1a,2054
fake/2055,train,group-9e90b8beb7ff276e,2055
fake/2056,train,group-d67189a7c62bd8bf,2056
fake/2057,train,group-cdea166ad95f2ec0,2057
fake/2061,train,group-1659e9f1ee991859,2061
fake/2062,train,group-f41734facf14685e,2062
fake/2063,train,group-7b3d1a415e2dbdc5,2063
fake/2064,train,group-faaa7788e308cf8e,2064
fake/2066,train,group-c3efaef411f8163a,2066
fake/2067,train,group-68e58ec6dc54dc53,2067
fake/2068,train,group-270bb4d10ec338c2,2068
fake/2069,train,group-2fdda8420c529ec9,2069
fake/207,train,group-7fbe4c718aab8755,207
fake/2071,train,group-bae96333008e0cd1,2071
fake/2072,train,group-bcabcb6c9bc4c0be,2072
fake/2073,train,group-430007a1ba47bd29,2073
fake/2074,train,group-bd85e9774a72bc4c,2074
fake/2075,train,group-fb753645963e90c8,2075
fake/2077,train,group-6a144414ba9040ca,2077
fake/2079,train,group-60e03031f8040966,2079
fake/2080,train,group-d3b52942dc24dcc3,2080
fake/2081,train,group-f4cb65838c3ee738,2081
fake/2086,train,group-9aa7cb7ee43dfbc0,2086
fake/2087,train,group-85b5701f92d93e33,2087
fake/2088,train,group-505577b2931bc506,2088
fake/2089,train,group-2dab33b5522aaa06,2089
fake/209,train,group-04d9b0b88bb217ce,209
fake/2090,train,group-8509cd03a21c91d1,2090
fake/2094,train,group-2435a3027c3eb64d,2094
fake/2095,train,group-9c3bb66b5d6e5ddc,2095
fake/2096,train,group-821ae14d819966e4,2096
fake/2097,train,group-e082532b3440cd54,2097
fake/2098,train,group-420a4c2d207b0cea,2098
fake/2099,train,group-36bf56c960b0569d,2099
fake/21,train,group-a65c3add4faa7d70,21
fake/2103,train,group-1e2552403994541e,2103
fake/2104,train,group-8394bc9d871a4017,2104
fake/2105,train,group-d75bbb852705472b,2105
fake/2106,train,group-bdd48d2766621f9a,2106
fake/2107,train,group-d9848187cecfff0e,2107
fake/2108,train,group-410663c13f8dc919,2108
fake/211,train,group-68f32446d1562ed9,211
fake/2110,train,group-b5bec67e5c2cb1dd,2110
fake/2111,train,group-55895f9222faae6b,2111
fake/2113,train,group-3338dde24eb595a6,2113
fake/2116,train,group-868800e2e60ff137,2116
fake/2120,train,group-b005ca57bd1f3849,2120
fake/2122,train,group-5d8fe3cbb581ec2a,2122
fake/2123,train,group-6b8d045be7b366f7,2123
fake/2125,train,group-097b98190d2eee53,2125
fake/2127,train,group-09df9a005cd06366,2127
fake/213,train,group-c627fe50a4ddaf0e,213
fake/2133,train,group-ed41f1ad4cade9b2,2133
fake/2134,train,group-c0fa4f2ae08499d0,2134
fake/2135,train,group-9ae2f5e95c4532c3,2135
fake/2137,train,group-53f263e67f1e8777,2137
fake/2138,train,group-cc86b4cde0d816e3,2138
fake/2139,train,group-da7f0f197322bf75,2139
fake/214,train,group-e91c3730c920ad13,214
fake/2140,train,group-9eec8fd56640b965,2140
fake/2141,train,group-77399c738aa84377,2141
fake/2142,train,group-cb0ebc8afc8a1d55,2142
fake/2144,train,group-d80f3fb6dd752076,2144
fake/2145,train,group-3d3863a3fb0f3fb4,2145
fake/2146,train,group-b7917d7f6b04b679,2146
fake/2147,train,group-841f0cabcf99fc16,2147
fake/2148,train,group-71ae95c5890b59b7,2148
fake/2149,train,group-33905da769762858,2149
fake/215,train,group-743fd36fdef31b87,215
fake/2150,train,group-a464328045f98102,2150
fake/2152,train,group-5e8bb4a8a29b81fb,2152
fake/2153,train,group-ec41c3dbb2bd10c5,2153
fake/2154,train,group-4e0e422b1b886cae,2154
fake/2155,train,group-4da4ccdc4585aac4,2155
fake/2156,train,group-9db06aadac709f53,2156
fake/2157,train,group-b453738177e34f62,2157
fake/216,train,group-f006ad7c75a165c3,216
fake/2160,train,group-0ac80fb59bcb8536,2160
fake/2161,train,group-3325f935222203c2,2161
fake/2163,train,group-53dbcdb0f8c5aec4,2163
fake/2164,train,group-e940bb1e52601df2,2164
fake/2166,train,group-d17a71c1ce16ad35,2166
fake/2167,train,group-1ac389bba3132e9c,2167
fake/2168,train,group-1a3c3608a896c72c,2168
fake/217,train,group-596fd8ba0bb0f049,217
fake/2170,train,group-c9323e84ada2fe17,2170
fake/2171,train,group-ba60355611ebd410,2171
fake/2173,train,group-b35ee2623ec88562,2173
fake/2174,train,group-9bf3ef4228aab396,2174
fake/2175,train,group-542e826056113007,2175
fake/2176,train,group-a7ce6f388cd73d89,2176
fake/2177,train,group-26cd2b19fe1f2ff7,2177
fake/2178,train,group-aeae0a77a895939e,2178
fake/2179,train,group-a6c673893e0adf81,2179
fake/2180,train,group-c5d1078c4260ca04,2180
fake/2185,train,group-d6906207739165de,2185
fake/2186,train,group-0d7bf0c04657c7ce,2186
fake/2187,train,group-fdd053931b66084e,2187
fake/219,train,group-b755c769f3fa051c,219
fake/2190,train,group-cddc7afbee87f73f,2190
fake/2191,train,group-354e4ffa7748d3d9,2191
fake/2193,train,group-8989f99112504f01,2193
fake/2194,train,group-a1191db584ba06dc,2194
fake/2195,train,group-e685f9bf96ca1c5e,2195
fake/2197,train,group-e6b7cb6892d5709c,2197
fake/2198,train,group-38cc48b74247ac72,2198
fake/2199,train,group-daba779362746d7a,2199
fake/220,train,group-798f293128271aeb,220
fake/2202,train,group-5a5f47478315f8f2,2202
fake/2206,train,group-8224429b24bd7fb4,2206
fake/2207,train,group-6f0c4d159a697773,2207
fake/2209,train,group-021dce42d27dedcd,2209
fake/2210,train,group-6e404bde96acde7c,2210
fake/2211,train,group-ef82f93a7b21ca80,2211
fake/2214,train,group-9a0974b8dca31027,2214
fake/2215,train,group-56a0847b319c5b75,2215
fake/2216,train,group-f210518926563597,2216
fake/2218,train,group-e91d767d389121b5,2218
fake/2219,train,group-1bacaea8ea3b1533,2219
fake/222,train,group-05a6bcd41ec2a219,222
fake/2221,train,group-4972fa8eb6853b73,2221
fake/2222,train,group-f3c8848091c92add,2222
fake/2225,train,group-f83e7e83499d39b0,2225
fake/2226,train,group-e7ff0b33b12a4155,2226
fake/2227,train,group-2ef46aa32c44e503,2227
fake/2228,train,group-3f8f13beac9627d0,2228
fake/2229,train,group-cfb6663ec08e2908,2229
fake/2231,train,group-4a9a1611c3451cde,2231
fake/2232,train,group-548f9de5c6af5ec0,2232
fake/2233,train,group-c2ebd5c75b990aa7,2233
fake/2234,train,group-9949688c62e0a39f,2234
fake/2235,train,group-0aaaeaad02d37653,2235
fake/2236,train,group-53b79461fc884988,2236
fake/2237,train,group-978dc91e24d1795d,2237
fake/2238,train,group-1b8fd1684d958b74,2238
fake/2239,train,group-fca37dcc3245ac9c,2239
fake/224,train,group-8ca27555c97572f9,224
fake/2240,train,group-73fa462bcfa0d5e7,2240
fake/2241,train,group-de517599b6cf09f9,2241
fake/2242,train,group-ebe8ca0467f56e56,2242
fake/2245,train,group-4500e8d668211b9b,2245
fake/2246,train,group-b1a7470aa6b39317,2246
fake/2248,train,group-dc30f084c6ee1955,2248
fake/2249,train,group-e69a8bfa2222bdc5,2249
fake/2250,train,group-1d74708f4b6a1d35,2250
fake/2253,train,group-4798186bf11660b2,2253
fake/2257,train,group-6aa6676f82f4a7d6,2257
fake/2259,train,group-f855c3e4e0203551,2259
fake/226,train,group-7392d8884d469c93,226
fake/2261,train,group-12cd4b8886584aad,2261
fake/2264,train,group-b7f95f4c5dde5d01,2264
fake/2267,train,group-0a1e0c5eef648e0a,2267
fake/2268,train,group-2d288efaacb95bc3,2268
fake/2269,train,group-1d15f4cba2d6f599,2269
fake/227,train,group-0c933bf5e5b683ee,227
fake/2270,train,group-13b954c5082e2aa0,2270
fake/2271,train,group-ceb19f3e42c46c8b,2271
fake/2272,train,group-1edf9af2935addda,2272
fake/2273,train,group-5d89212c483f177a,2273
fake/2274,train,group-55071b9ab321c309,2274
fake/2277,train,group-21e5b7248247ee54,2277
fake/2278,train,group-1cc11b3914635a4d,2278
fake/2279,train,group-cb2bd47d5162c73d,2279
fake/2280,train,group-9504fd570358b3c9,2280
fake/2281,train,group-da42e5fdce82a14a,2281
fake/2282,train,group-082fe5e47eb1a3c9,2282
fake/2283,train,group-b8e691f45139d662,2283
fake/2286,train,group-079f1989b3759ea7,2286
fake/2287,train,group-473b20e16e9cdc9c,2287
fake/2288,train,group-510508981843dd34,2288
fake/2289,train,group-71d469c48575f461,2289
fake/229,train,group-267d7ac131986d1d,229
fake/2293,train,group-d1a20a0295a1fde3,2293
fake/2295,train,group-214003788b0041d7,2295
fake/2297,train,group-b0de934b3146778f,2297
fake/2298,train,group-35f753373be1b93d,2298
fake/2299,train,group-ea1325a8f991b4a3,2299
fake/230,train,group-bf59ae25d54c5a52,230
fake/2300,train,group-8f377c32b41efdd0,2300
fake/2303,train,group-c2565d77e74504a3,2303
fake/2305,train,group-6643e61f8a07e3e7,2305
fake/2308,train,group-548662230a6d2263,2308
fake/2309,train,group-b170d05a2b924055,2309
fake/2310,train,group-39572d7f7192b7e9,2310
fake/2312,train,group-305e6855b82561d2,2312
fake/2313,train,group-74e22261da70b70a,2313
fake/2314,train,group-27aff4cdbbf3961a,2314
fake/2315,train,group-3e850c9b31e54af2,2315
fake/2318,train,group-cc8f9bb4775eac85,2318
fake/2320,train,group-b692bca39abe195f,2320
fake/2323,train,group-1a803668f51db483,2323
fake/2325,train,group-426c491e5280bf45,2325
fake/2326,train,group-c9993bd1e33088c3,2326
fake/2328,train,group-f69206c71e6fa364,2328
fake/233,train,group-2571ada958011c12,233
fake/2330,train,group-7dbeac6d0b80d9db,2330
fake/2333,train,group-e591c60431fb2f45,2333
fake/2335,train,group-9e257052ab91a938,2335
fake/2336,train,group-104bd0e331df285d,2336
fake/2337,train,group-b60dd1be7bef425f,2337
fake/2338,train,group-37c51f30c3ae2dd3,2338
fake/234,train,group-2be9367e3aa5e69a,234
fake/2341,train,group-6548a3e50552c1d1,2341
fake/2342,train,group-5b681facc8d889fc,2342
fake/2343,train,group-6c1536887ca07fd7,2343
fake/2344,train,group-a01eca8ac24d10de,2344
fake/2347,train,group-34a4a3e4a3f76d20,2347
fake/2349,train,group-084faaf46e7eb251,2349
fake/235,train,group-1b1f93cf7759e48e,235
fake/2350,train,group-2e7792a099c595ba,2350
fake/2351,train,group-c7e49708bfe5acc5,2351
fake/2352,train,group-213d63af10bcbf17,2352
fake/2354,train,group-59b3c0e835926e9e,2354
fake/2356,train,group-ec711dca4abb54bd,2356
fake/2357,train,group-2de70713f83ce5c3,2357
fake/236,train,group-4e6747bb4ce90717,236
fake/2360,train,group-2ccc1e13ad32617a,2360
fake/2361,train,group-dd1d3aa524c9bbec,2361
fake/2365,train,group-2c9806abe273e5ac,2365
fake/2369,train,group-1fbe3fcf075834cb,2369
fake/237,train,group-71d4481cd0ce7049,237
fake/2370,train,group-e379a7062e12c859,2370
fake/2373,train,group-1efdd8f1e6286e02,2373
fake/2376,train,group-288490b4bcf4bfbb,2376
fake/2377,train,group-41bb700aac9d1d06,2377
fake/2378,train,group-4a35e0cb6befd02a,2378
fake/2380,train,group-52150f6a2101966b,2380
fake/2381,train,group-aa1f8880802eecc3,2381
fake/2382,train,group-cb21702ce8d8bf26,2382
fake/2383,train,group-8c0b9a8dec17d9a8,2383
fake/2385,train,group-d7346b20b7cd454e,2385
fake/2386,train,group-6b767ed3409c5430,2386
fake/2387,train,group-9344f921bd181bfa,2387
fake/2388,train,group-65a61e9880d48594,2388
fake/2390,train,group-07ff1f15ab695d50,2390
fake/2392,train,group-09429eb088ec461b,2392
fake/2393,train,group-e27134b836963bbf,2393
fake/2394,train,group-3e3eff58d6274b92,2394
fake/2395,train,group-ca5c888a4d35ad5b,2395
fake/2398,train,group-379c92c8d9c7608f,2398
fake/240,train,group-3e392ff312c60af7,240
fake/2400,train,group-e264e72dbc61c409,2400
fake/2401,train,group-d87e815e8eae3ee6,2401
fake/2402,train,group-4721b51002bdca20,2402
fake/2404,train,group-7024dbf4bb37091d,2404
fake/2405,train,group-1d6beffef7f82f85,2405
fake/2406,train,group-a27900dfbbbef94e,2406
fake/2407,train,group-174709add91f054f,2407
fake/2408,train,group-17cc3b4e28d46f21,2408
fake/2409,train,group-da88e0c2fc457cf8,2409
fake/241,train,group-28a0921a7574d162,241
fake/2410,train,group-68c6d70df751e474,2410
fake/2411,train,group-d241f5a0002e3af9,2411
fake/2416,train,group-6529777f4455a48c,2416
fake/2417,train,group-5b181d61c7775f7c,2417
fake/2418,train,group-ccde694763b6339e,2418
fake/2419,train,group-cb8b6ef5466cfa5d,2419
fake/2421,train,group-2fd414a32db682d4,2421
fake/2422,train,group-45ea439ee0043ab7,2422
fake/2425,train,group-f37ae78ac4d77172,2425
fake/2426,train,group-5df3eff902743b06,2426
fake/2427,train,group-036f8828f91c3710,2427
fake/2428,train,group-38c2cd03437026d1,2428
fake/2429,train,group-e8b5b0c39dfea9ea,2429
fake/243,train,group-a247e10beea1cc72,243
fake/2431,train,group-854c0bc5f6c4c535,2431
fake/2432,train,group-d040cd23d05c2c5c,2432
fake/2433,train,group-d0bb608445effd91,2433
fake/2434,train,group-817266357b3f727a,2434
fake/2435,train,group-cefb7388bc8d6a3c,2435
fake/2436,train,group-07d34c315e5efde5,2436
fake/2437,train,group-523aee7318157093,2437
fake/2438,train,group-be5679989c1b9aba,2438
fake/2439,train,group-04558eded3d35098,2439
fake/2441,train,group-2bd4366a7180d2a2,2441
fake/2442,train,group-f8a95d98f2ea1536,2442
fake/2444,train,group-fb384d37316ff664,2444
fake/2448,train,group-5bb2158482a46a8b,2448
fake/2449,train,group-8aa0415b92d9a1c5,2449
fake/2450,train,group-8fda5d81122c2949,2450
fake/2453,train,group-c339cb5f620fa203,2453
fake/2455,train,group-1f18f1ea0c0a054f,2455
fake/2456,train,group-e458783c7de9c664,2456
fake/2457,train,group-4c571a3eafa3f997,2457
fake/2459,train,group-75daea434958da4b,2459
fake/246,train,group-84345d3e854c4613,246
fake/2460,train,group-5cf1f3c5f6a1a755,2460
fake/2461,train,group-2025d664644469aa,2461
fake/2462,train,group-fba53c72c002b0b1,2462
fake/2464,train,group-6da9ad9e3ea4f547,2464
fake/2465,train,group-c329521b2319c444,2465
fake/2467,train,group-0f8b4adf3991219c,2467
fake/2469,train,group-2e996683efc82228,2469
fake/247,train,group-c32804ff602fef17,247
fake/2471,train,group-ca66cf1f1a031fc1,2471
fake/2472,train,group-22b2e50a401b8f99,2472
fake/2475,train,group-65b25aff1b846c7d,2475
fake/2477,train,group-10949d232b2f0892,2477
fake/2478,train,group-3509a5427d8c32bc,2478
fake/2479,train,group-6ed168b27e37198b,2479
fake/2480,train,group-02977216aefcb54b,2480
fake/2482,train,group-acb83faf391d7664,2482
fake/2486,train,group-0d1e6353e626e8f8,2486
fake/2487,train,group-808158d2945245c1,2487
fake/2489,train,group-7f6db3e10031366e,2489
fake/2491,train,group-82b04176410832cd,2491
fake/2493,train,group-b93f3747fbc35266,2493
fake/2495,train,group-0bea85614177b040,2495
fake/2496,train,group-8395e9d1c1f29aea,2496
fake/2499,train,group-3da6f0a56918e4cd,2499
fake/25,train,group-8fa2621bfdb71ecf,25
fake/2501,train,group-abe5e6c46fee3c6f,2501
fake/2502,train,group-601c2a7bd01b5cf2,2502
fake/2504,train,group-7a43a4bf5493151c,2504
fake/2505,train,group-ce788aa02b970407,2505
fake/2506,train,group-9ff37127b6f72acc,2506
fake/2508,train,group-296776405c1d932d,2508
fake/2509,train,group-471f68a7d80b7f66,2509
fake/251,train,group-e76f923d726a81f1,251
fake/2513,train,group-4ba9a5c30079d572,2513
fake/2514,train,group-b1d77e4a77c2cb9a,2514
fake/2519,train,group-a5bd7e9c8036a392,2519
fake/252,train,group-d5b67ffa343dd654,252
fake/2520,train,group-a5b1624868f685ff,2520
fake/2524,train,group-aac9651e1630e07b,2524
fake/2526,train,group-75ee1f76e7d11ab3,2526
fake/2527,train,group-87872c06da41e770,2527
fake/2528,train,group-14ab8f68b343664d,2528
fake/2529,train,group-aef6ddf86221bf24,2529
fake/2530,train,group-9de40b9deaddf714,2530
fake/2531,train,group-ea907b06b2561ebd,2531
fake/2532,train,group-7074a1c07bb88687,2532
fake/2533,train,group-ad64a316db8e344d,2533
fake/2534,train,group-411b8241bd1d5622,2534
fake/2536,train,group-7d47c097c2861282,2536
fake/2537,train,group-909649fa3ab4827d,2537
fake/2538,train,group-02c2657016f567c1,2538
fake/2539,train,group-a2dd79833a34cc3d,2539
fake/254,train,group-ffdd6784dbcfc082,254
fake/2540,train,group-4a63d6c4bb64a419,2540
fake/2541,train,group-6a4bf7ae6be204c4,2541
fake/2542,train,group-010ebedcf33a7e2a,2542
fake/2546,train,group-8a6d4d7d6cff4d76,2546
fake/2547,train,group-3e9211a8e554c75b,2547
fake/2548,train,group-b9473f03d4403680,2548
fake/2549,train,group-a33da6eaac22e8a1,2549
fake/255,train,group-955aecc9952d1e60,255
fake/2550,train,group-39252324cea65297,2550
fake/2552,train,group-4accc509e54e7e93,2552
fake/2553,train,group-879fbe157284b6e2,2553
fake/2558,train,group-60df85080125359e,2558
fake/2559,train,group-534adc5f41876ee0,2559
fake/256,train,group-8e9fd378f48c6f71,256
fake/2561,train,group-be81f8dcca702f8d,2561
fake/2562,train,group-8e5dae5416066943,2562
fake/2563,train,group-d7f2e11423c1b18e,2563
fake/2564,train,group-81047178becfdac8,2564
fake/2565,train,group-d604b1facda4522e,2565
fake/2566,train,group-9b7b04d21d37ede9,2566
fake/2567,train,group-b0c4e2b8319dce50,2567
fake/2568,train,group-906f1cee2a85f409,2568
fake/2569,train,group-b6b4fe7f52fcc415,2569
fake/2570,train,group-fe37500a1910a44f,2570
fake/2573,train,group-869188866aa2b44e,2573
fake/2575,train,group-496feb3989c112cb,2575
fake/2576,train,group-29452de7636870f7,2576
fake/2577,train,group-0aa69436f3b0a85f,2577
fake/2578,train,group-bd7b563bb8019a97,2578
fake/258,train,group-0b6627dfa2b72c48,258
fake/2580,train,group-98e61a1f52bf3963,2580
fake/2582,train,group-ee8e910d7d73d4cf,2582
fake/2584,train,group-e86726ccd5ebaa48,2584
fake/2585,train,group-59a97f4d3359798c,2585
fake/2587,train,group-da998b259c133d38,2587
fake/2588,train,group-fb61ea3f5590c7dd,2588
fake/2591,train,group-9b9e1d9d01209eab,2591
fake/2592,train,group-e73ae0364dec93b3,2592
fake/2594,train,group-ceac13f5b5558c2d,2594
fake/2595,train,group-dccbbcaf885bb010,2595
fake/2598,train,group-a7c47ecb2e3b4db6,2598
fake/2599,train,group-1e677aa1b7202988,2599
fake/260,train,group-29e2eed7abb0c6f0,260
fake/2600,train,group-4f0fd9153492295b,2600
fake/2602,train,group-003cc812ab907c4a,2602
fake/2603,train,group-1210e611d7686c79,2603
fake/2606,train,group-cb1c04239d23c919,2606
fake/2607,train,group-10c11ebe834a2d4d,2607
fake/2608,train,group-7250aebd3983b99e,2608
fake/2609,train,group-08db71cad545355a,2609
fake/261,train,group-10468b609dc8b48a,261
fake/2610,train,group-ec4e918f2f1de853,2610
fake/2613,train,group-6943d90185a10d72,2613
fake/2614,train,group-d845fdd88a5d4ecf,2614
fake/2616,train,group-63cbcaabc516343b,2616
fake/262,train,group-14e9947fdc31a9d4,262
fake/2620,train,group-d17f2a380671f94e,2620
fake/2621,train,group-68e46671e88cbc20,2621
fake/2622,train,group-f2eacd6545c88c67,2622
fake/2623,train,group-4a5457e15b6599c8,2623
fake/263,train,group-8336c4dcc1eab9ab,263
fake/2630,train,group-c23eedd6358b089a,2630
fake/2631,train,group-3dc2f7c9599636cd,2631
fake/2635,train,group-84f07b7662d6310b,2635
fake/2636,train,group-210a408540419449,2636
fake/2637,train,group-36737894d905179c,2637
fake/2638,train,group-9fa6942b891cc088,2638
fake/2640,train,group-66c89db7bfe95b0d,2640
fake/2641,train,group-7f59d2669004fb13,2641
fake/2642,train,group-fc1e24d05d9ac849,2642
fake/2645,train,group-c55ac5a8bbea9935,2645
fake/2646,train,group-64e1c86d8a331848,2646
fake/2648,train,group-11849803b6c105a6,2648
fake/265,train,group-a00a0325ca282a79,265
fake/2650,train,group-6615999ee966937b,2650
fake/2652,train,group-d232f4e025aecc47,2652
fake/2657,train,group-6198b04522b51329,2657
fake/2659,train,group-5e28a4587ef070ed,2659
fake/2663,train,group-7d7271238bd64390,2663
fake/2664,train,group-a04d1e38331d7dfe,2664
fake/2665,train,group-f1b59577a9963b45,2665
fake/2666,train,group-6b60b14d07f164c3,2666
fake/2667,train,group-d0f96ba424cbe4fe,2667
fake/2668,train,group-75e2cc0093e5c1ad,2668
fake/2669,train,group-b88090e4c3e89940,2669
fake/267,train,group-040184540d918fd3,267
fake/2670,train,group-882d565bdf1de0f1,2670
fake/2671,train,group-95d9d0368ba581a2,2671
fake/2676,train,group-d85e54f5db144f9f,2676
fake/2677,train,group-160f866f0af516df,2677
fake/2680,train,group-0bbff8cfd32db0f9,2680
fake/2681,train,group-6fc1a7af30b66568,2681
fake/2682,train,group-710579cfba4267d6,2682
fake/2683,train,group-1eb99afab27c85ab,2683
fake/2685,train,group-1e7b4e57744a0afa,2685
fake/2686,train,group-b9ad7faf60cfd94b,2686
fake/2688,train,group-9133912f095899a6,2688
fake/2689,train,group-b766d8324cf133ae,2689
fake/269,train,group-4606fa8bafcab84b,269
fake/2691,train,group-6fed99a7b860c5e7,2691
fake/2693,train,group-c77791a142ffbdd8,2693
fake/2694,train,group-bae3eb00f235a014,2694
fake/2697,train,group-a280aae6fa27fcbf,2697
fake/2698,train,group-a196626f0225496b,2698
fake/2699,train,group-7d89e3eb2a5b85ce,2699
fake/2700,train,group-7f9b33af639fa483,2700
fake/2701,train,group-44455cce7739eb73,2701
fake/2702,train,group-741a40fbd549c396,2702
fake/2703,train,group-582aacca7e0d36f8,2703
fake/2704,train,group-28863bd247864b8a,2704
fake/2707,train,group-06ceee54b543e04e,2707
fake/2708,train,group-58aa3d6a6b3b129d,2708
fake/2709,train,group-62725494eabcf80e,2709
fake/271,train,group-3d4920bae141467a,271
fake/2710,train,group-2d256b7b52e6b01f,2710
fake/2711,train,group-a298a095a24812e0,2711
fake/2714,train,group-e8b0d78e989518a5,2714
fake/2716,train,group-7fccfbd65438f4a0,2716
fake/2717,train,group-0bd5422a21b964f8,2717
fake/2719,train,group-2ebb8ba92664ba19,2719
fake/272,train,group-931245167ed97a0e,272
fake/2721,train,group-0a0825c513b1a9dc,2721
fake/2724,train,group-a8de02cc9fd5ad8b,2724
fake/2725,train,group-1c65b9ef116ce161,2725
fake/2728,train,group-2a73e845af9d64de,2728
fake/2729,train,group-645eb8fd485bbb67,2729
fake/273,train,group-e12d42009c33fca1,273
fake/2731,train,group-b8e7b7411e04b354,2731
fake/2734,train,group-28606700ca7eb8cb,2734
fake/2735,train,group-3acebdef065dfa94,2735
fake/2737,train,group-b7fcabd0e770cd88,2737
fake/2738,train,group-f46b7232d6ddbc32,2738
fake/274,train,group-949445835b2e0643,274
fake/2741,train,group-f8d9a1937c39421d,2741
fake/2742,train,group-8be8228014e678eb,2742
fake/2744,train,group-11c6977322c960e8,2744
fake/2747,train,group-3f2aac974d4014b1,2747
fake/2750,train,group-5dbb8f3742975cce,2750
fake/2751,train,group-5f0981515c9dbb0f,2751
fake/2752,train,group-26f20d6ce88339a0,2752
fake/2753,train,group-a53f56a9a09c3af0,2753
fake/2754,train,group-e90800fa2e172f25,2754
fake/2756,train,group-4acef8e373e47982,2756
fake/2757,train,group-d768bc76430c957e,2757
fake/2763,train,group-7d6c0ff6c395eb22,2763
fake/2765,train,group-2bacc1413a55c16f,2765
fake/2767,train,group-615a78d5e772220a,2767
fake/2769,train,group-29a5fffe6d4823c5,2769
fake/2770,train,group-56bb26ce8fe9fc88,2770
fake/2771,train,group-15377182dd3833c7,2771
fake/2773,train,group-c09b40efded4779e,2773
fake/2774,train,group-e417c9ed61c9334a,2774
fake/2776,train,group-d729411fe5a40efe,2776
fake/2778,train,group-05f8d16d497ad0b0,2778
fake/2779,train,group-19472439c196dda0,2779
fake/278,train,group-f07be22009a71970,278
fake/2780,train,group-43b648924c107d21,2780
fake/2782,train,group-838690401e874821,2782
fake/2784,train,group-595971f5ca4842a8,2784
fake/2785,train,group-c8deeb1ba54c0d19,2785
fake/2789,train,group-d52958032fab1a38,2789
fake/279,train,group-5b9a0bc8ca1d4490,279
fake/2790,train,group-da6d94f4499225f8,2790
fake/2794,train,group-dbb780d12a18b3b0,2794
fake/2795,train,group-7eceba54200979e6,2795
fake/2798,train,group-6aaaa66fd7bc7dc7,2798
fake/28,train,group-3a53897e16333645,28
fake/280,train,group-0094faa5ce8d4f3d,280
fake/2801,train,group-5e4b63c6f6e379d8,2801
fake/2802,train,group-5ae01d11b36b61ae,2802
fake/2803,train,group-0a919c0cb16b8916,2803
fake/2804,train,group-909a3c2744dc5363,2804
fake/2806,train,group-af6137f508151ca5,2806
fake/2807,train,group-2f2ec84c28384427,2807
fake/2809,train,group-191b0879707416d4,2809
fake/281,train,group-2131af320197fa5f,281
fake/2811,train,group-bfd894f132dbb212,2811
fake/2812,train,group-5111b5bf155a8134,2812
fake/2813,train,group-749346c68dcec8cb,2813
fake/2815,train,group-62498c49520acc77,2815
fake/2817,train,group-3f7011127f58e391,2817
fake/2819,train,group-b47582fc3078ef66,2819
fake/2820,train,group-516c54da32fe0707,2820
fake/2822,train,group-0bac75bbe4931817,2822
fake/2823,train,group-a282acfc33a7b62d,2823
fake/2824,train,group-6408ab2b417aab0e,2824
fake/2826,train,group-d6121cf62e469736,2826
fake/2829,train,group-0f516087212affe8,2829
fake/2830,train,group-8b76c2982625a7f6,2830
fake/2831,train,group-4165d4d0185792d1,2831
fake/2832,train,group-40ec5cb3ab5d9e33,2832
fake/2833,train,group-8a9da7161543ad44,2833
fake/2834,train,group-c62cce39d1cf1fbe,2834
fake/2839,train,group-601aa4e40efe732d,2839
fake/284,train,group-b58ed4e68628436d,284
fake/2840,train,group-f2f360e4da089f61,2840
fake/2843,train,group-861c2c2a03afed6e,2843
fake/2845,train,group-5d6df34317f58391,2845
fake/2847,train,group-85ee3a9f79f6e922,2847
fake/2848,train,group-320780639178e656,2848
fake/2849,train,group-81d23e1fa8d0bbbd,2849
fake/2850,train,group-40f3e664721472a7,2850
fake/2853,train,group-73a2101788603ca3,2853
fake/2854,train,group-647acceef9b27af6,2854
fake/2855,train,group-60166f00117919c4,2855
fake/2856,train,group-142f304d567b5ca8,2856
fake/2857,train,group-ee603251a6ed0f8c,2857
fake/2859,train,group-8563502846b2939f,2859
fake/286,train,group-38d7cd8cbd9681de,286
fake/2861,train,group-f11e96d1133ed03a,2861
fake/2862,train,group-0470fb0953dceff1,2862
fake/2865,train,group-13a2f5ce3600dd46,2865
fake/2867,train,group-df403bda668a03ba,2867
fake/2868,train,group-fea6e237d85f9019,2868
fake/2870,train,group-58067c1879aa4732,2870
fake/2871,train,group-8e2e64db0a56f898,2871
fake/2872,train,group-cd24130fcc202aca,2872
fake/2873,train,group-39d7d8a0640ff5a8,2873
fake/2874,train,group-f41e482a4f0fa1f5,2874
fake/2875,train,group-e2460c989d80c762,2875
fake/2876,train,group-f1ceebd2f4a550e7,2876
fake/2878,train,group-d1b82e34e9125f39,2878
fake/2880,train,group-4a2cb11b18c6ad90,2880
fake/2881,train,group-ab15aee96225199a,2881
fake/2882,train,group-a679a6a1e70ec50e,2882
fake/2885,train,group-929f482715809f31,2885
fake/2886,train,group-d5f36dac0b8f82c5,2886
fake/2887,train,group-145b93f6a57db2d2,2887
fake/2888,train,group-876b90cde5d02188,2888
fake/289,train,group-729eb9cde0845fb1,289
fake/2890,train,group-b4a74b7335ee8959,2890
fake/2891,train,group-8386b44b146ab35a,2891
fake/2892,train,group-606a3709bdd76f17,2892
fake/2894,train,group-a62b1bf6696947fb,2894
fake/2896,train,group-46d19cb1e3c84ee5,2896
fake/2897,train,group-e6c9b3a1aa19b73e,2897
fake/2899,train,group-f4786db7daeda897,2899
fake/29,train,group-ea277fc5bed12461,29
fake/2901,train,group-7552b45588014cc8,2901
fake/2903,train,group-0cea48fa783f28b7,2903
fake/2904,train,group-3c43ec7925409a49,2904
fake/2905,train,group-3862bcf3b8ca3bf3,2905
fake/2906,train,group-ad2a5156b16e0a63,2906
fake/2909,train,group-9b32ed5f9209807c,2909
fake/2910,train,group-74a2cf1f7dcd8f06,2910
fake/2915,train,group-bfaa6026ac72d216,2915
fake/2916,train,group-f4a7ae67c62ee34d,2916
fake/2917,train,group-deb75ad9bdbdaf68,2917
fake/292,train,group-5322381ebbe0f82d,292
fake/2925,train,group-979daf5cbdf67f06,2925
fake/2926,train,group-5a4a52eb923dc141,2926
fake/2927,train,group-205eea17b7ee7b36,2927
fake/2930,train,group-b16885331a3b5426,2930
fake/2931,train,group-403fd7e2ba42926f,2931
fake/2933,train,group-c8c1ad7544c4e882,2933
fake/2934,train,group-e6eabf4de7c22c01,2934
fake/2936,train,group-a0db2518961b3ed1,2936
fake/2940,train,group-d9c6e27ca2ba6cef,2940
fake/2941,train,group-0a392a028984aff5,2941
fake/2942,train,group-2623916dcc0c76e3,2942
fake/2943,train,group-2000d7c6ff0dfe00,2943
fake/2945,train,group-40e3fd4b96f8ff9b,2945
fake/2947,train,group-42f10043d78d8e8b,2947
fake/2948,train,group-eae0d5b90d59e550,2948
fake/2949,train,group-135529da48fea3b9,2949
fake/2950,train,group-1ce01ed900573a44,2950
fake/2952,train,group-3157c3866ccef1ae,2952
fake/2953,train,group-7bf20b892973122a,2953
fake/2954,train,group-5387bdf6267b2d55,2954
fake/2959,train,group-572a912ae835a893,2959
fake/296,train,group-9dadd505cd13c706,296
fake/2960,train,group-a786b747ac7c2577,2960
fake/2962,train,group-94cbbea8c0ca4e2c,2962
fake/2967,train,group-7b44f8ed6ba9b495,2967
fake/2968,train,group-cf1e37267ce611b1,2968
fake/2969,train,group-eb396f9da0d411d6,2969
fake/297,train,group-ed7b75d54565f9fb,297
fake/2970,train,group-375b17c76894fa7b,2970
fake/2973,train,group-6c99726af05221c0,2973
fake/2974,train,group-917b9d66ee3cf402,2974
fake/2977,train,group-eb07a2ad6f800932,2977
fake/2978,train,group-0d496e77358a3e8b,2978
fake/2979,train,group-ba9b5a70f780ab0f,2979
fake/2980,train,group-08890bd953224d5c,2980
fake/2981,train,group-b945eccf8ce824bd,2981
fake/2984,train,group-f8ba5c175d6a120e,2984
fake/2986,train,group-95061127e81a148a,2986
fake/2988,train,group-003a144bd8c5254b,2988
fake/2989,train,group-b35e13fc93e5e1a6,2989
fake/299,train,group-93438c95ced1858e,299
fake/2992,train,group-b7675030c4c6dae5,2992
fake/2993,train,group-22634a63da5034d7,2993
fake/2994,train,group-e3be7e2c961d91fe,2994
fake/2996,train,group-f392d7245a1e0d47,2996
fake/2997,train,group-b2877a2ca97e21b3,2997
fake/2999,train,group-0799c681d24b7529,2999
fake/30,train,group-9ca02810e5294498,30
fake/300,train,group-828be65e592520b7,300
fake/3000,train,group-fd4035a3a94c7c9b,3000
fake/3001,train,group-0f6a7746e1ad45c2,3001
fake/3002,train,group-97cd367bc0116815,3002
fake/3005,train,group-1146268447bd291d,3005
fake/3009,train,group-b7fb84ac4b89bca0,3009
fake/3011,train,group-1aafa27b188712a5,3011
fake/3014,train,group-77b80390bc835dae,3014
fake/3015,train,group-05c2ec8d13c5f01c,3015
fake/3017,train,group-16247f2ce437e31e,3017
fake/3019,train,group-6e96ade431c7b805,3019
fake/302,train,group-4d08d0dce4ddc67b,302
fake/3021,train,group-ce05c82a4c337eab,3021
fake/3022,train,group-be51af9ad4ac91bf,3022
fake/3023,train,group-b78f97c34c188000,3023
fake/3027,train,group-9bcc455f9f368776,3027
fake/3028,train,group-04735417205fc0e2,3028
fake/3029,train,group-0e7d202427e68acf,3029
fake/303,train,group-a102276c4cfb972c,303
fake/3034,train,group-53dad6c4f60dcbf1,3034
fake/3035,train,group-206e93e39ae11d4d,3035
fake/3037,train,group-baf0062e3f6b2402,3037
fake/3038,train,group-80a9f13ceb3bb61b,3038
fake/3039,train,group-7aab60071f45515a,3039
fake/304,train,group-1a61a6aefeb958cf,304
fake/3040,train,group-0bc0caabb133fce9,3040
fake/3041,train,group-1b7c13c5f8826752,3041
fake/3042,train,group-21d1a78b4ce10f97,3042
fake/3044,train,group-a67b8d86c0f80f8b,3044
fake/3045,train,group-151af844dc23f22b,3045
fake/3046,train,group-b3142a9d560efb29,3046
fake/3049,train,group-409c30fc3e5b34cc,3049
fake/305,train,group-dee845899d2659fa,305
fake/3051,train,group-6110fb98c243d95c,3051
fake/3052,train,group-d4bc175cf2a821cf,3052
fake/3053,train,group-110a5bfb68edc238,3053
fake/3055,train,group-f544465270b03a6c,3055
fake/3056,train,group-a62fc4bc7a92c8af,3056
fake/3057,train,group-b646884191aad8e9,3057
fake/3058,train,group-9ad6e4921b914da7,3058
fake/3059,train,group-595b66740355533a,3059
fake/306,train,group-19172dd47f25e748,306
fake/3060,train,group-ad33a731a0b1e962,3060
fake/3062,train,group-529787772e1b4c97,3062
fake/3063,train,group-73352bdc56c5418a,3063
fake/3064,train,group-ba4618712cd2aafd,3064
fake/3065,train,group-30940dd25edd3dc8,3065
fake/3066,train,group-7ece239c580dc1e7,3066
fake/3067,train,group-5f2914b2f1c2ff8f,3067
fake/3068,train,group-1c4807290ba96285,3068
fake/3070,train,group-e9f2b47a43e51055,3070
fake/3071,train,group-6d57d61d2c59ecfe,3071
fake/3072,train,group-eabb8df86a4baf87,3072
fake/3074,train,group-6a0357b5b954d452,3074
fake/3075,train,group-54bd2d2ebd680004,3075
fake/3076,train,group-be6a9c4dc0711cfe,3076
fake/3077,train,group-f40ca56d54cee50f,3077
fake/3078,train,group-e16d0a02cc9bac59,3078
fake/3079,train,group-fa1763a50463da46,3079
fake/308,train,group-c5f559f3140da87f,308
fake/3080,train,group-6f381f075f3d0d1a,3080
fake/3081,train,group-24b27795d8003366,3081
fake/3082,train,group-95000413b4473ca6,3082
fake/3085,train,group-1c580469ff60b6d8,3085
fake/3087,train,group-e942981441a74f9d,3087
fake/3089,train,group-deda1edf3c67cebb,3089
fake/3094,train,group-fce5c9042529fa76,3094
fake/3095,train,group-65f2409bd301c249,3095
fake/3097,train,group-bfa7aa21f38b7f60,3097
fake/3098,train,group-fb7b1d2ee38489de,3098
fake/310,train,group-12abb8d24aab1a2b,310
fake/3100,train,group-57edcb1c27f4ad87,3100
fake/3101,train,group-e14e004bac919a40,3101
fake/3102,train,group-56b62d99c22acdfb,3102
fake/3104,train,group-f1d8788337a00d2a,3104
fake/3105,train,group-336572ff72ee68db,3105
fake/3106,train,group-793fa359de1a0a68,3106
fake/3108,train,group-b8c5e50b51f6c029,3108
fake/3109,train,group-18ef1262b8387795,3109
fake/311,train,group-df4ec41be353315c,311
fake/3111,train,group-d83e517b22c17f06,3111
fake/3112,train,group-32141c6c641d61f6,3112
fake/3114,train,group-84f179a3dd203870,3114
fake/3115,train,group-bafbb0fb23eca3fd,3115
fake/3117,train,group-80cc22d1695c4ffa,3117
fake/3118,train,group-984afa68c7c4745b,3118
fake/312,train,group-c7a3f8af53ed7a05,312
fake/3126,train,group-6b7b4df6af0229c7,3126
fake/3127,train,group-e2b477d30e12025e,3127
fake/3129,train,group-44261dd5027ee170,3129
fake/3131,train,group-4991f30e993d3019,3131
fake/3133,train,group-42ad44437849fc45,3133
fake/3134,train,group-b9d9849e47f2c9cb,3134
fake/3136,train,group-f1483a19b25274fd,3136
fake/3137,train,group-b3a936a90c28d54d,3137
fake/3138,train,group-258f869f273b4a11,3138
fake/3139,train,group-6a11f02638b4593d,3139
fake/314,train,group-3949de98b0093774,314
fake/3144,train,group-4d8e5b562023e4cc,3144
fake/3145,train,group-f921b25064600e1d,3145
fake/3146,train,group-3c53fb5975d9366d,3146
fake/3147,train,group-f50e99d8f6ea61ab,3147
fake/3148,train,group-822d99b54215439e,3148
fake/3150,train,group-4431f4b2fdcaf601,3150
fake/3152,train,group-2ffefb5dafd40df8,3152
fake/3153,train,group-6ae3646ef2a83612,3153
fake/3154,train,group-bf57d1559a0fd5c5,3154
fake/3157,train,group-e53cb5165d343219,3157
fake/3158,train,group-364d4c440eaebd6c,3158
fake/3159,train,group-ad0b77b1b89c0380,3159
fake/316,train,group-213678f8adf83fb0,316
fake/3162,train,group-7e8eb7096ac2a32f,3162
fake/3164,train,group-ae57e6e65550d89c,3164
fake/3165,train,group-0321f07e88463925,3165
fake/3166,train,group-bf4c2c0bf56d296f,3166
fake/3168,train,group-cb7b70eebb89406e,3168
fake/3169,train,group-cb873a66aabcfe38,3169
fake/317,train,group-0242666c85b7ab26,317
fake/3170,train,group-e428bcad255de1de,3170
fake/3173,train,group-33c8cff462dacd84,3173
fake/3174,train,group-989f9f380feeb6e9,3174
fake/3177,train,group-f0883ce6ee538a44,3177
fake/3178,train,group-0d6d5695e08b1204,3178
fake/3179,train,group-85e0fcf8ecaf55aa,3179
fake/3182,train,group-e09c001d333f709f,3182
fake/3183,train,group-0fdfb0603866c823,3183
fake/3184,train,group-1fa52b3cce9ba06e,3184
fake/3186,train,group-6f1e81476dcfd901,3186
fake/3188,train,group-f5a833005f225a05,3188
fake/319,train,group-dd8f365a9949f050,319
fake/3190,train,group-5d48f004d66a80b4,3190
fake/3191,train,group-6b6fa8a99853f969,3191
fake/3193,train,group-7b81059ffd4f71a2,3193
fake/3194,train,group-f6d93135a2a24573,3194
fake/3196,train,group-9b7fdec6be0837c4,3196
fake/3197,train,group-35b300f7491d46e4,3197
fake/3199,train,group-7ab78ad2af260f1e,3199
fake/32,train,group-738356db75cefa14,32
fake/320,train,group-fed357626a800c3a,320
fake/3200,train,group-ca9b62d7983c938c,3200
fake/3202,train,group-b1308ed6bab151de,3202
fake/3203,train,group-413162e46c2939e7,3203
fake/3205,train,group-1db27dbf86302227,3205
fake/3206,train,group-bf2ab4ae994c98b7,3206
fake/3207,train,group-8df87816260f9f09,3207
fake/3209,train,group-5289ffa733352274,3209
fake/321,train,group-2bb16ea18314d46d,321
fake/3210,train,group-222834820df96038,3210
fake/3212,train,group-dbdf050dd15b2731,3212
fake/3214,train,group-c71994c50a5b8825,3214
fake/3215,train,group-85c83bd0de57b854,3215
fake/3219,train,group-6c0295afeeda1f53,3219
fake/3221,train,group-c1e2e4d8f83f7674,3221
fake/3225,train,group-e24891dc4b89ead9,3225
fake/3226,train,group-d7ad1ffab33614ec,3226
fake/3227,train,group-0330638551ce9e37,3227
fake/3228,train,group-d6df28120afb6955,3228
fake/3229,train,group-659ab9f622dcf66e,3229
fake/323,train,group-6c331c9170f28221,323
fake/3232,train,group-f68d27c62b6d54df,3232
fake/3233,train,group-a24134f8d8ae4bb0,3233
fake/3234,train,group-03f9923095a8b778,3234
fake/3235,train,group-03f488cc2b2b0da5,3235
fake/3239,train,group-6905566c0a056839,3239
fake/3241,train,group-3202beab3c790196,3241
fake/3242,train,group-3d98076eb401c75e,3242
fake/3243,train,group-75958e2eb087bf40,3243
fake/3245,train,group-17d2a34290d159d1,3245
fake/3246,train,group-93d0afd9eb857e6c,3246
fake/3248,train,group-92ce3557d14d9b0f,3248
fake/3249,train,group-559e6ea86001a2f0,3249
fake/325,train,group-f837fb36742fb919,325
fake/3251,train,group-3761708639d89afd,3251
fake/3252,train,group-e0bd049c8882e8cf,3252
fake/3253,train,group-c01c29ca75f0075b,3253
fake/3255,train,group-aceaebcd9f156da3,3255
fake/3256,train,group-b4776fca56d69f2b,3256
fake/3257,train,group-c3d02b94914e2f37,3257
fake/3258,train,group-e5e2e7ca644f60ce,3258
fake/3259,train,group-fb80a9bc9d4914fa,3259
fake/326,train,group-b1bdc1fdef03a1bf,326
fake/3260,train,group-1c6a90eea8a9ca75,3260
fake/3264,train,group-c800f5f0cfe8e584,3264
fake/3266,train,group-22f1e8298fc566cb,3266
fake/3267,train,group-428ae10c031d71a0,3267
fake/3270,train,group-e70eb63ea0b237a6,3270
fake/3273,train,group-a18d2449679a6e33,3273
fake/3276,train,group-45547155393dd484,3276
fake/3277,train,group-813e3756fe9bd40c,3277
fake/3278,train,group-23b9ec065f6f12a3,3278
fake/3280,train,group-6bcbc9ac0f993149,3280
fake/3281,train,group-eee07a519a4cffb6,3281
fake/3283,train,group-446263ebf107b301,3283
fake/3284,train,group-5f8f300eb2904f75,3284
fake/3285,train,group-284cc65c271ac469,3285
fake/3287,train,group-bde407a6730ac099,3287
fake/329,train,group-bae529942a217fca,329
fake/3290,train,group-665a80358ef52ef9,3290
fake/3293,train,group-fe56e915d2fd4280,3293
fake/3297,train,group-bc74d64338ccff98,3297
fake/3298,train,group-8a12d44663b77fcb,3298
fake/3299,train,group-1794de3b0c680225,3299
fake/330,train,group-0c8525a0984f3aa4,330
fake/3301,train,group-9cabe993e36793de,3301
fake/3303,train,group-385455fc9c650569,3303
fake/3304,train,group-0acd60eb7859392f,3304
fake/3305,train,group-80e8a3434783013c,3305
fake/3306,train,group-cf155c872834dd45,3306
fake/3308,train,group-c53ae802410d91d2,3308
fake/331,train,group-0839ef6e5c204a0b,331
fake/3310,train,group-5c32ea7fca00a2ee,3310
fake/3311,train,group-c92c4a63886c84df,3311
fake/3314,train,group-de48170ff1a5fe95,3314
fake/3315,train,group-628bfb8270d5c717,3315
fake/3316,train,group-e834f27a5d5a6224,3316
fake/3317,train,group-2ee431b87791ed54,3317
fake/3320,train,group-54b8c55bf5d4a027,3320
fake/3322,train,group-5fe0568cd8b3503d,3322
fake/3323,train,group-0024d68c9ebdeb0c,3323
fake/3324,train,group-85564206fc24d242,3324
fake/3325,train,group-9b69e8c5e15cae8c,3325
fake/3327,train,group-fa48a52214a8861f,3327
fake/3328,train,group-5a0430acbec89b46,3328
fake/3329,train,group-956d3a6e731c3f6e,3329
fake/333,train,group-167afa2440ec3751,333
fake/3330,train,group-257d7662ecb8fd43,3330
fake/3332,train,group-964afb8c37ef7375,3332
fake/3335,train,group-f42c633419b571eb,3335
fake/3337,train,group-2908c4edb5d6aed4,3337
fake/3338,train,group-96760cc8486c3068,3338
fake/334,train,group-c92dc7993126aff4,334
fake/3341,train,group-00b91c13af082ce3,3341
fake/3344,train,group-3552ddfec67e2274,3344
fake/3347,train,group-af86b68be223d1b0,3347
fake/3348,train,group-61245262df836b6b,3348
fake/335,train,group-4b727bbe17b9d9ac,335
fake/3353,train,group-21e5a1863c036192,3353
fake/3354,train,group-d58131eaae7fb49f,3354
fake/3355,train,group-33f7b0ea658c5723,3355
fake/3360,train,group-07dabfa50dd321df,3360
fake/3362,train,group-f722357852d71693,3362
fake/3366,train,group-0b4169b7137b43b1,3366
fake/3367,train,group-10bbff3d509d27cf,3367
fake/3369,train,group-8ae1a7d62bcfa9c4,3369
fake/3370,train,group-d724a75a44a6e043,3370
fake/3372,train,group-319147be13bec296,3372
fake/3374,train,group-91d2de1a20b7fa2e,3374
fake/3375,train,group-e9faaea04c38943a,3375
fake/3378,train,group-5e9b70913e2fd613,3378
fake/338,train,group-9a2f7b4512939b10,338
fake/3380,train,group-e3fb0ae665599656,3380
fake/3384,train,group-c2ecb8e5af77f08b,3384
fake/3386,train,group-0ff5245578468f6e,3386
fake/3387,train,group-f3dc6148e29b5d8c,3387
fake/3388,train,group-323236734fd07989,3388
fake/339,train,group-0410062c027681b7,339
fake/3390,train,group-88c38e64e4002c1d,3390
fake/3391,train,group-36f77786a0a2e9ce,3391
fake/3392,train,group-7d4e2576828c2059,3392
fake/3393,train,group-01fc51b2ef3e0067,3393
fake/3396,train,group-aaec962b68da74c9,3396
fake/3397,train,group-48cc28b1539a300d,3397
fake/34,train,group-1098fe6bbae42b3a,34
fake/3400,train,group-25776dc4416224ba,3400
fake/3404,train,group-4f88bedf2f9d13e7,3404
fake/3405,train,group-9cf064fd574dfb78,3405
fake/3407,train,group-25fc765120b9c2ce,3407
fake/3408,train,group-54ee22ea8e915fdf,3408
fake/3409,train,group-06abf0c0cabf215f,3409
fake/341,train,group-ee9d8cd1ebf76f6e,341
fake/3410,train,group-97b4bcda25dd0415,3410
fake/3412,train,group-2582a29443903f96,3412
fake/3413,train,group-16af562035c9cdbb,3413
fake/3417,train,group-5bb5fbc06bfa98f2,3417
fake/3419,train,group-029cf6212d42be2f,3419
fake/342,train,group-9df5b1a1f9431124,342
fake/3420,train,group-e61b179411108313,3420
fake/3422,train,group-ab0d744b41b7541c,3422
fake/3423,train,group-9f59a5c67ebca4b6,3423
fake/3425,train,group-c7e514e659bd82af,3425
fake/3426,train,group-77def2cac6db2072,3426
fake/3427,train,group-96d54fd8ef4d0c9e,3427
fake/3429,train,group-51ef5ca84bcaed2d,3429
fake/343,train,group-eeac645def86d6ce,343
fake/3430,train,group-8f5d7fb8d2ff0bc3,3430
fake/3431,train,group-98e08bcb38be8ac4,3431
fake/3432,train,group-a4d8146f8d1535cd,3432
fake/3434,train,group-215125eec8cf6ea3,3434
fake/3435,train,group-0c58b9a52dbc806d,3435
fake/3436,train,group-541756e53d77cfa4,3436
fake/3437,train,group-7b03790bb626f906,3437
fake/3438,train,group-21caae010ef2daac,3438
fake/3439,train,group-67204eae43e4e4d1,3439
fake/344,train,group-edb2adce497c196a,344
fake/3440,train,group-c3b4d0fbf8efb048,3440
fake/3441,train,group-536a2bb5cd94ee31,3441
fake/3445,train,group-f1c7fc017aa53315,3445
fake/3446,train,group-6457912eb21a8e87,3446
fake/3447,train,group-d5a1d72e8ade3dae,3447
fake/345,train,group-ce8b3905acb984c7,345
fake/3450,train,group-5d68f8b71620cd99,3450
fake/3451,train,group-2189b9b9fa4d6e5b,3451
fake/3452,train,group-8f8457af4c66a4d2,3452
fake/3453,train,group-2fb92e1ef0cca7e2,3453
fake/3455,train,group-e4f942767a81f4e1,3455
fake/3456,train,group-7c1e8e75ac2f1180,3456
fake/3459,train,group-929869a44a21e7fa,3459
fake/3460,train,group-82a9415a22caa8a2,3460
fake/3462,train,group-73be3f34f85d8ca1,3462
fake/3468,train,group-383e86339cae60bf,3468
fake/3469,train,group-ce3992b99a81333d,3469
fake/3470,train,group-e97f50e3e0ef05e7,3470
fake/3471,train,group-a34121928482e90a,3471
fake/3472,train,group-074f81336f8ba050,3472
fake/3473,train,group-a0c0fb0fc64cc4f0,3473
fake/3475,train,group-91599202dcbb8601,3475
fake/3477,train,group-5d02fc46057d9393,3477
fake/3478,train,group-ec52aaff67384db4,3478
fake/3479,train,group-fed337f154cdde91,3479
fake/348,train,group-f5b3f5c974fcc551,348
fake/3482,train,group-d776baef77894dfd,3482
fake/3485,train,group-5aa62a1c3e7c055f,3485
fake/3486,train,group-56d41af2ffde655d,3486
fake/3487,train,group-569aa7961881d500,3487
fake/3488,train,group-d8031ce91b0b3649,3488
fake/3490,train,group-1473102bab418f10,3490
fake/3491,train,group-64e227ef2aa3f1a1,3491
fake/3492,train,group-ef2137edb868629c,3492
fake/3493,train,group-0e5cabad670e6a18,3493
fake/3494,train,group-b4037e59b081a40e,3494
fake/3498,train,group-72fde91232b67a30,3498
fake/3499,train,group-20e3fbe2734321b2,3499
fake/35,train,group-e51bc934a58c6b4a,35
fake/350,train,group-280b07b50f3e0e1f,350
fake/3500,train,group-61c53513f4cd9bcb,3500
fake/3502,train,group-0b0b5739f220a891,3502
fake/3503,train,group-05c4371ecad2e28c,3503
fake/3508,train,group-7854acf5c2f52b1d,3508
fake/3512,train,group-b49210044d8e498f,3512
fake/3514,train,group-13ee1c8248c00b63,3514
fake/3515,train,group-44ba949b78035df2,3515
fake/3518,train,group-c883d821007e8410,3518
fake/3519,train,group-0a355cfd62eb5806,3519
fake/352,train,group-bc564d76aa42fbe0,352
fake/3521,train,group-9b3700417f53426a,3521
fake/3522,train,group-a1af8092df63f483,3522
fake/3523,train,group-23b71b7e58bfd26e,3523
fake/3524,train,group-9fdd9f0e97b09e6a,3524
fake/3525,train,group-71d4c710ce0e228f,3525
fake/353,train,group-2eb2e312ecd5f362,353
fake/3530,train,group-3639e9360b00a3e2,3530
fake/3531,train,group-24facf44168c0418,3531
fake/3532,train,group-6ee3d46a5ed6237d,3532
fake/3535,train,group-e59d3db1af30918c,3535
fake/3536,train,group-526be4c0c9120452,3536
fake/3537,train,group-92bff59444bb775f,3537
fake/3538,train,group-5fdb6e1ed7756774,3538
fake/3539,train,group-cf4848053a4880c2,3539
fake/3541,train,group-a8391887ef8e9122,3541
fake/3544,train,group-0752db13a5a555e3,3544
fake/3545,train,group-7023a4d0dd6ae0ae,3545
fake/3546,train,group-e00a862819c720da,3546
fake/3547,train,group-bfa548e6874aead3,3547
fake/3548,train,group-c0179c871d014b5d,3548
fake/355,train,group-aa8786b5dd9e62ec,355
fake/3550,train,group-f5c02e046a5fd2e2,3550
fake/3552,train,group-1b3e6f2ce6d7b0b6,3552
fake/3558,train,group-cfed6e2de0fe527f,3558
fake/3559,train,group-b53ca84fea413ef8,3559
fake/356,train,group-f6b48e40d283efca,356
fake/3561,train,group-59f3cee01daf5ae9,3561
fake/3563,train,group-438b1796e099816d,3563
fake/3565,train,group-843b1159ffb70cf4,3565
fake/3566,train,group-31bae30361aa3443,3566
fake/3567,train,group-2cfce7d18348e448,3567
fake/3568,train,group-12ae519da0ea54eb,3568
fake/3575,train,group-c7cdb16547aff3d8,3575
fake/3576,train,group-6c888e5b8ea8596c,3576
fake/3577,train,group-5db9a76620871c56,3577
fake/3579,train,group-63c93067029e9c99,3579
fake/3580,train,group-0e69f6d9f2efa0e9,3580
fake/3585,train,group-6a554e87456f7222,3585
fake/3586,train,group-a130dbae5e45a02a,3586
fake/3588,train,group-dfc95f0d3d0117af,3588
fake/3589,train,group-e75ec4237e7e6185,3589
fake/3590,train,group-1001c3f2a7a3afaa,3590
fake/3593,train,group-21274032dc12a93f,3593
fake/3596,train,group-19b04eb6bd020cae,3596
fake/3597,train,group-00b4d720819dd547,3597
fake/36,train,group-4030d08f9f583ece,36
fake/360,train,group-3dc864106d5b3062,360
fake/3601,train,group-dbec8a362d430477,3601
fake/3602,train,group-a6d37b195700e0d3,3602
fake/362,train,group-4befc552fe60bda5,362
fake/363,train,group-f6019b80dede50cb,363
fake/364,train,group-30514275978ec51b,364
fake/365,train,group-8ddfc3d1719fb786,365
fake/366,train,group-8c91d18bd1267dd5,366
fake/37,train,group-37f0192c7bac6211,37
fake/370,train,group-d2caab92714d7750,370
fake/372,train,group-56e2913ec9bc5dd1,372
fake/378,train,group-bd7a7ea380c6c3a9,378
fake/379,train,group-0477e72baebb7ccb,379
fake/38,train,group-28e005291e8c293b,38
fake/380,train,group-7dd53f33e8332699,380
fake/381,train,group-758987e83ba4e39f,381
fake/382,train,group-e8e8680ad0a9f1f7,382
fake/383,train,group-12af70b1444f2d2d,383
fake/386,train,group-08ddbd35c786bc43,386
fake/387,train,group-bb5b7e3bb1118584,387
fake/388,train,group-b58aa61a9bdcf417,388
fake/389,train,group-2c72c7feea6f2ae7,389
fake/39,train,group-8cade2cde2dbea97,39
fake/392,train,group-0b3ccba7e0a3e970,392
fake/393,train,group-c35405e2f624d9f8,393
fake/394,train,group-79acd29a357d1423,394
fake/398,train,group-1f9ef3d8ee8da19c,398
fake/399,train,group-a78cc71fd0f4640e,399
fake/400,train,group-97c6262facace2da,400
fake/402,train,group-8b70aeb214a52e89,402
fake/403,train,group-c1cb5aeea5a9373e,403
fake/404,train,group-b9bfa31d4fc3929f,404
fake/405,train,group-be5482230d413142,405
fake/406,train,group-012bad77586f4a5e,406
fake/411,train,group-a07fac7c28936a8a,411
fake/412,train,group-1647ba72df1497f0,412
fake/413,train,group-951e83e4705dff70,413
fake/414,train,group-03142d980d455bb4,414
fake/416,train,group-cd8d0dfc2037b4ca,416
fake/417,train,group-0a96608d0af3dafe,417
fake/418,train,group-289a268600bc9d0e,418
fake/42,train,group-b618ca34d9a8a899,42
fake/424,train,group-daee6b8b326a7be9,424
fake/425,train,group-fccb09a238e01689,425
fake/426,train,group-b49857df1f41a386,426
fake/427,train,group-30feca04da5f0891,427
fake/428,train,group-606558de3ef7dd2c,428
fake/429,train,group-ba4b09d568303cf2,429
fake/43,train,group-394235f282b8feff,43
fake/430,train,group-2b99ca88de71642d,430
fake/432,train,group-92875c43d0a2c27d,432
fake/433,train,group-12de1311351f9bcc,433
fake/435,train,group-090e34bfc139b8a4,435
fake/436,train,group-9bd85d8b69c59c3f,436
fake/437,train,group-0b096a647595f9a6,437
fake/438,train,group-64d57d94a3a049d0,438
fake/439,train,group-11249b6a9956a382,439
fake/440,train,group-7e86e9f0d6af75a5,440
fake/441,train,group-9b3b9909c2fdccd6,441
fake/445,train,group-193856ebae62affd,445
fake/446,train,group-309120c51910da81,446
fake/448,train,group-59b961b2eec4177e,448
fake/45,train,group-bcf88e61933f5b39,45
fake/450,train,group-cad6a6ea2e3c234e,450
fake/452,train,group-9c0dbcab70ebfaba,452
fake/457,train,group-ed5b36b9515a4018,457
fake/458,train,group-ecb80dcb5532d417,458
fake/46,train,group-0ab9549e105ad264,46
fake/461,train,group-c2eaae4af01e56ea,461
fake/462,train,group-05127bacca23f3ce,462
fake/463,train,group-f3cc705a44c13e88,463
fake/464,train,group-2c132135a7eac0c5,464
fake/465,train,group-6dd591e00dff1798,465
fake/466,train,group-565ef3064ca6c152,466
fake/467,train,group-3ffbb0bfb1f34ec7,467
fake/468,train,group-52fd380629deb86b,468
fake/469,train,group-27c8c6dd6b7143a0,469
fake/47,train,group-5182631242474a8e,47
fake/470,train,group-74cb58088651d587,470
fake/471,train,group-816657d43cec5adb,471
fake/473,train,group-526b2026c3bc3f36,473
fake/477,train,group-f01406a18cdc9ca0,477
fake/478,train,group-687b954fa020e642,478
fake/479,train,group-d11ce82d1d5c1cc0,479
fake/481,train,group-b6322b0a7b6e16c2,481
fake/484,train,group-16f4911be6420116,484
fake/487,train,group-80be76ad238c71b4,487
fake/488,train,group-cfa320f918593f26,488
fake/49,train,group-dc33d059b7de6699,49
fake/490,train,group-7b9e0c62c3c41bdd,490
fake/491,train,group-6f7702135b38acf4,491
fake/492,train,group-72d033db9b2e676e,492
fake/493,train,group-f4d3f870e294195a,493
fake/494,train,group-49422a39e418e847,494
fake/495,train,group-0f2926021ea3649d,495
fake/496,train,group-0a2651be777f90fd,496
fake/497,train,group-78ce9934338a206b,497
fake/500,train,group-cb5c707457386363,500
fake/501,train,group-427c8a6def1e3ef5,501
fake/503,train,group-2895efa6684bf6f3,503
fake/504,train,group-e9d144e9002ac011,504
fake/505,train,group-f952ca86938fc8b4,505
fake/506,train,group-ede213f5a4d30b1b,506
fake/508,train,group-c25ba3bb8d36f376,508
fake/51,train,group-cf90ad18095814ac,51
fake/511,train,group-af60a46772e8f0a4,511
fake/512,train,group-6976e5c7203ea815,512
fake/513,train,group-4df44a2a8d7e6297,513
fake/515,train,group-cdf82c2fe2141f1c,515
fake/516,train,group-757bfc4aa4613afd,516
fake/517,train,group-4ea2607c30525051,517
fake/518,train,group-e58933079a918107,518
fake/519,train,group-b984a63b9bada821,519
fake/520,train,group-e3c7300624bce5b9,520
fake/521,train,group-4464db447e4a8196,521
fake/522,train,group-6ff9c3314e70a611,522
fake/523,train,group-8aab7ac332f3b950,523
fake/525,train,group-2ca6eadbd34d3d48,525
fake/527,train,group-05b12a88393c7c48,527
fake/528,train,group-7064b0d05e148698,528
fake/529,train,group-bdedae0ee4a14bb9,529
fake/53,train,group-59aee4c471f0f36d,53
fake/531,train,group-e9a815dd3f1bdd00,531
fake/532,train,group-2ecd9d8118fc4e1a,532
fake/535,train,group-5f6d718751d824aa,535
fake/537,train,group-84557f39e3bdb3bb,537
fake/538,train,group-7e207b25fb7341a8,538
fake/54,train,group-c2d2781836082abf,54
fake/540,train,group-af755c5955a06b29,540
fake/544,train,group-28bd5984035aa634,544
fake/546,train,group-3d0e3630289cce92,546
fake/547,train,group-08c707554571ee3c,547
fake/548,train,group-257b5a0d926efdd9,548
fake/549,train,group-84715826cfb977bb,549
fake/55,train,group-e6aa0321ef9e5956,55
fake/551,train,group-8e3acecd50d3fbc9,551
fake/554,train,group-5a7047580132add4,554
fake/555,train,group-909a5389aa6e03a9,555
fake/557,train,group-dc7f0da6bd6786b2,557
fake/559,train,group-fc2377ff8a68457b,559
fake/56,train,group-c8cb6da6ca846daa,56
fake/560,train,group-e22a31f56fee7385,560
fake/561,train,group-c45e3bdd2087a6cf,561
fake/562,train,group-f1512568a5f465ff,562
fake/563,train,group-505bcd810c152aab,563
fake/564,train,group-8655719cc9f826d4,564
fake/566,train,group-c69e936cca017ded,566
fake/567,train,group-03c04dd455883c9c,567
fake/568,train,group-28940ed6307b8c2e,568
fake/569,train,group-34acea9b1c14cafe,569
fake/571,train,group-b8022da272dba6dc,571
fake/573,train,group-650640fdfeb9726d,573
fake/574,train,group-299896072e836c28,574
fake/575,train,group-9c300e0efe8ca645,575
fake/58,train,group-2e2faf2bc2d07770,58
fake/580,train,group-130f894c064208a8,580
fake/581,train,group-a14ff106045e2917,581
fake/582,train,group-fde75ea5dad81fff,582
fake/583,train,group-219ea564353205b6,583
fake/584,train,group-645f0499d202dc1a,584
fake/587,train,group-d060f0c2fad36a98,587
fake/59,train,group-d49d362645180450,59
fake/590,train,group-249898277449cf6d,590
fake/591,train,group-3ad30a316ecaf81d,591
fake/592,train,group-6bd45c68f859bee5,592
fake/593,train,group-7ec324b68f40b052,593
fake/594,train,group-7692e19cc2d36bba,594
fake/595,train,group-8222472898295bd5,595
fake/598,train,group-577586affea19e72,598
fake/599,train,group-714533d7ba4d1557,599
fake/60,train,group-7acf1ace10f8d2c2,60
fake/600,train,group-cde1eaf79b0ba2d2,600
fake/603,train,group-02431e903e879a65,603
fake/604,train,group-3f1d39f6b21f9085,604
fake/606,train,group-2960d3ffc93c3b05,606
fake/607,train,group-5c5b1e40debad859,607
fake/608,train,group-1bc2dfe1f5b4a66f,608
fake/609,train,group-208f8395d8f15767,609
fake/61,train,group-aac840cf47c8bd9b,61
fake/612,train,group-3e544592e2eaa433,612
fake/616,train,group-abfb253305c520c1,616
fake/617,train,group-150b5a2eb45141bc,617
fake/619,train,group-d9f1520edc487f6f,619
fake/62,train,group-39b39f35dd32a8bc,62
fake/621,train,group-fc8bf3eb0265b394,621
fake/623,train,group-f0010821068e1a61,623
fake/626,train,group-2a20aca5663a03a3,626
fake/627,train,group-1a759086c5d16e55,627
fake/628,train,group-9cfdd649066a405d,628
fake/629,train,group-69eeac547a8604dd,629
fake/63,train,group-3bb2a3edec744d50,63
fake/630,train,group-8c4dc4dd19edd84c,630
fake/633,train,group-854ce59098505aea,633
fake/634,train,group-0fdbc841005c5922,634
fake/635,train,group-94ad18c415550b80,635
fake/636,train,group-3e59f7d6c2d66280,636
fake/637,train,group-8630feef6cb25805,637
fake/638,train,group-3b513e0b4cb541ce,638
fake/640,train,group-f920a5114f4ff337,640
fake/641,train,group-8401d718e68f1fc2,641
fake/643,train,group-f5aa9a9ec4369574,643
fake/645,train,group-a6537ed611d399a5,645
fake/647,train,group-e9e1af4855de6fc5,647
fake/648,train,group-dcf541eb92d1d0dc,648
fake/65,train,group-5665ec75d04cbd8b,65
fake/650,train,group-eff350380b80e8b6,650
fake/652,train,group-6b3aaf1f80cb9d1e,652
fake/653,train,group-ebc9fb164df4bc48,653
fake/656,train,group-6929fc611516262e,656
fake/657,train,group-cd799e2aa10af1f8,657
fake/658,train,group-d67d37f31e2bffe9,658
fake/659,train,group-4d8f861d3e00904d,659
fake/660,train,group-950eae06817df9d1,660
fake/661,train,group-867ccfc711641815,661
fake/662,train,group-a653f44eef0d7245,662
fake/665,train,group-c02cbc137335454c,665
fake/668,train,group-72be68ee4f10c43d,668
fake/670,train,group-c99bc81fe0564cd4,670
fake/671,train,group-5719eeddba3a6454,671
fake/673,train,group-c94cd92d976c4056,673
fake/675,train,group-d8ca811de6eab6aa,675
fake/677,train,group-bfcc79a99a45d831,677
fake/680,train,group-f1dd6c65c77a5894,680
fake/681,train,group-383abc6e2b5bfe93,681
fake/682,train,group-74b237e33058afa3,682
fake/683,train,group-8eb68844cdbbd726,683
fake/685,train,group-12238131d8a5d08a,685
fake/686,train,group-0c2c76fabf1ce635,686
fake/687,train,group-c387c060307cc5b4,687
fake/689,train,group-2db483c625830286,689
fake/69,train,group-aac840cf47c8bd9b,69
fake/691,train,group-8c1179a6b9a931cd,691
fake/692,train,group-bd0cb67b911c5d99,692
fake/693,train,group-87f0159ca55bcd3b,693
fake/694,train,group-68d5a458a0d10634,694
fake/695,train,group-6047986b8c312cfc,695
fake/696,train,group-fecfef9e211c937e,696
fake/698,train,group-715dc897d4f19379,698
fake/699,train,group-b5b794231d2207ac,699
fake/7,train,group-b4b001fcabe46943,7
fake/70,train,group-5dca54adb6d2597c,70
fake/701,train,group-5a43fc5fa709c4b2,701
fake/702,train,group-7875f0ff74e1b3db,702
fake/703,train,group-8733cd25ba098e78,703
fake/706,train,group-5d9ae7ef1bf86a50,706
fake/707,train,group-717cc4eff057c25d,707
fake/709,train,group-966de4f96bb7235f,709
fake/71,train,group-feadcfe560b491f0,71
fake/710,train,group-cb1af262a8b64904,710
fake/711,train,group-494e23e2054411c0,711
fake/714,train,group-42e6e7a04ee205a6,714
fake/715,train,group-4b61745f79637f09,715
fake/718,train,group-ff75dc545da9adc1,718
fake/719,train,group-9a27f604074f27c9,719
fake/72,train,group-746ce4894744e290,72
fake/720,train,group-4ac3e330c8954c83,720
fake/721,train,group-f9b2b6cd8441b2ba,721
fake/723,train,group-b3615b3cc15cf4b3,723
fake/725,train,group-40dc23e588004591,725
fake/726,train,group-82dd6ca5c9a0363c,726
fake/727,train,group-87fe795685db9262,727
fake/73,train,group-d29096460ecc5b6a,73
fake/730,train,group-ae08e95d10cac815,730
fake/731,train,group-8009f2adfa68800b,731
fake/734,train,group-2f0c507afe8426bd,734
fake/735,train,group-1827f11504a01a6d,735
fake/736,train,group-14b9567f73c54e2d,736
fake/739,train,group-028ddc21bb308b73,739
fake/74,train,group-d828d53cf0f3a439,74
fake/740,train,group-d7301bde64b2ec5b,740
fake/742,train,group-1214d9ca5c9ac0c8,742
fake/743,train,group-6afafe9a9e496426,743
fake/744,train,group-c1ecce14758c2f48,744
fake/747,train,group-c0af09d3ba66f373,747
fake/749,train,group-06a1448266ab8d0c,749
fake/75,train,group-7ad5c0a1b36caacc,75
fake/750,train,group-7424b7b0cb62db7d,750
fake/751,train,group-ee03254dc2c1ea12,751
fake/754,train,group-2bd7f59df66b6ca3,754
fake/756,train,group-36f21c3cfec39ef0,756
fake/757,train,group-2041fe0e98ab088f,757
fake/758,train,group-89cd700e373dcae9,758
fake/76,train,group-fe3ce287f8aab848,76
fake/761,train,group-90ef370f5bf8e1ad,761
fake/762,train,group-639efcd73f07ba86,762
fake/764,train,group-3c58ffa08f275711,764
fake/767,train,group-405de4a135c6613a,767
fake/770,train,group-f261234f7fc5c6d1,770
fake/771,train,group-01b0b0e157ecaa59,771
fake/772,train,group-12c668edc5feb7a5,772
fake/773,train,group-2b0fb2b909bc3a73,773
fake/774,train,group-741af04beaaa4e8c,774
fake/775,train,group-20a7cfa703ea6263,775
fake/777,train,group-39ec0a828fb4150e,777
fake/779,train,group-4d7b1389c34ed0a8,779
fake/780,train,group-ed4e146be9c71003,780
fake/781,train,group-05174e1fa75a7f8c,781
fake/782,train,group-cdcaef13b56997ed,782
fake/784,train,group-6b69ce9701a6caab,784
fake/787,train,group-aef22994793f0e4f,787
fake/788,train,group-acf4aefef92bb6a1,788
fake/790,train,group-15807192c0ce924e,790
fake/792,train,group-dbef2383dec19ebf,792
fake/794,train,group-bc3e877fc2efcdb1,794
fake/795,train,group-feb97876cf94bbee,795
fake/798,train,group-1b794a4b8aa53176,798
fake/80,train,group-85598f19b900df01,80
fake/800,train,group-e2a3e2fe006130ad,800
fake/802,train,group-5f461619dbe9816c,802
fake/806,train,group-998f2bf6fcadd059,806
fake/809,train,group-65ae7da5df1ee8fc,809
fake/810,train,group-a1956de33e4fc142,810
fake/811,train,group-f0212eb4cfa0b720,811
fake/812,train,group-7e30aeae804c8eb6,812
fake/813,train,group-8e685e3c4fe6d942,813
fake/814,train,group-6e231af163751cb5,814
fake/815,train,group-a5721a3cf575eb65,815
fake/82,train,group-fda14163ad08d9b4,82
fake/820,train,group-d5c2fc2d2ad23fb1,820
fake/821,train,group-4114db6a363f1d1e,821
fake/822,train,group-6e6f88ce2852478a,822
fake/823,train,group-c9b6c3be19faeff4,823
fake/825,train,group-b194d556f3e6bfed,825
fake/826,train,group-dafc1329a087fc9c,826
fake/827,train,group-d33b86b8859f171e,827
fake/828,train,group-bc9f91734cd2aaab,828
fake/829,train,group-de3947b9c20ab268,829
fake/832,train,group-57c8708aabb16814,832
fake/834,train,group-f69d9713fceda174,834
fake/836,train,group-04a1dc708ca7b277,836
fake/837,train,group-11e35c6d6793e470,837
fake/84,train,group-06cdcc2f1aee1aa4,84
fake/842,train,group-b1310633b5cac05b,842
fake/843,train,group-fbe8418d7578d94c,843
fake/846,train,group-397d9356a566192c,846
fake/848,train,group-fbdf875db421ab51,848
fake/849,train,group-bcca83ea7a954b51,849
fake/85,train,group-8ffe2f1b21d01391,85
fake/851,train,group-a74d6577c8288c98,851
fake/852,train,group-9bef055ee4a00111,852
fake/854,train,group-c63369c910c42e32,854
fake/855,train,group-25851cce8d4e2207,855
fake/857,train,group-cbaef1c5dda95c37,857
fake/858,train,group-3043037fa2390384,858
fake/860,train,group-53559dcf7f95af81,860
fake/861,train,group-c035e8d021017cd6,861
fake/865,train,group-38909200da54f179,865
fake/870,train,group-b006f138719e0b2d,870
fake/871,train,group-eeb09c558b76c6ea,871
fake/872,train,group-2e227b99565f51e9,872
fake/874,train,group-76e63a1c799e7654,874
fake/875,train,group-3395734c63546a2d,875
fake/876,train,group-f6b0bb7504d47f25,876
fake/877,train,group-144d22b8fbaa4344,877
fake/878,train,group-b95885c346513238,878
fake/88,train,group-1f3a3f1cd3fe2648,88
fake/880,train,group-cdc23c14be95c601,880
fake/881,train,group-906e0975294eb345,881
fake/882,train,group-0f99b15d83a3e795,882
fake/883,train,group-023b0f26d7f16d94,883
fake/884,train,group-59cc6a0a141a5927,884
fake/886,train,group-51ecf5d4c224e5bc,886
fake/887,train,group-b812bcce0a41d20b,887
fake/888,train,group-4df7e122d58ff826,888
fake/889,train,group-ca37de588141613b,889
fake/89,train,group-0c4e8d324c0e00c8,89
fake/890,train,group-eb48c663b5f1d929,890
fake/892,train,group-f5f7358d882ab932,892
fake/894,train,group-1bdc0e84be47776c,894
fake/895,train,group-a44939b0b6ad772e,895
fake/897,train,group-be3e58eb80e611ef,897
fake/899,train,group-53f160b5128b82c6,899
fake/9,train,group-bb35599791d1360a,9
fake/903,train,group-77f4a98daa910aa7,903
fake/904,train,group-b5a9d92f568fef86,904
fake/905,train,group-6008d19ac356086e,905
fake/906,train,group-9ad039e51a089ff3,906
fake/907,train,group-7f09ed18862192cf,907
fake/908,train,group-72fd628e121b5d82,908
fake/91,train,group-66f52e9498476edf,91
fake/910,train,group-5f17e82b1c5ffc64,910
fake/913,train,group-d452909c1295ea62,913
fake/914,train,group-b6e07ca256cca3e0,914
fake/916,train,group-4a3a096a86ac8b0c,916
fake/918,train,group-8b087ad4359ebeec,918
fake/92,train,group-5116aaad16e9f1d1,92
fake/921,train,group-39f3a95bd67a27d7,921
fake/922,train,group-7e45cc2de0df5fd1,922
fake/925,train,group-264cad77eeb31b8d,925
fake/926,train,group-bb127eafc4346162,926
fake/927,train,group-d835a20905164056,927
fake/928,train,group-d1f5243e69d51c0c,928
fake/931,train,group-f7dc8c7393b1705d,931
fake/932,train,group-d4cc9ea31c7cf4f3,932
fake/934,train,group-4a0639372f790b4a,934
fake/936,train,group-d0cebef59008c119,936
fake/938,train,group-a715b58f33dd1f5f,938
fake/939,train,group-c4f7c489a9b86ff0,939
fake/940,train,group-c6ec8e8a28db1ea5,940
fake/944,train,group-72bd0a15d2823988,944
fake/945,train,group-9ae5ceae8abe305b,945
fake/947,train,group-ef8a7d2b0423d338,947
fake/949,train,group-f0bbd839c7d01ff7,949
fake/951,train,group-a5258bbf45886c6c,951
fake/952,train,group-6105a06987fed2d4,952
fake/955,train,group-63afb3d6986e0808,955
fake/957,train,group-6aff56b5ab949463,957
fake/958,train,group-90936bd07ea58eae,958
fake/959,train,group-aaf4afbcca3d48ba,959
fake/96,train,group-bc771e3ef995b5d6,96
fake/960,train,group-5c19ff5b8249a7fc,960
fake/961,train,group-16aaf914074e6099,961
fake/962,train,group-5bbcd9999523a60c,962
fake/964,train,group-4bce87da41a2d450,964
fake/966,train,group-7479b05b3fd41dbb,966
fake/968,train,group-6aa0cb4dd6c0f3ca,968
fake/969,train,group-43d31f34e0f6462b,969
fake/97,train,group-d8c83bcd246a7828,97
fake/970,train,group-33b8796408276bd3,970
fake/972,train,group-4bdd9e0ceb4e1c18,972
fake/973,train,group-dca28449964a1808,973
fake/974,train,group-667dfa034dc135f3,974
fake/975,train,group-41e6d95157d8106d,975
fake/977,train,group-ba3570f520278dab,977
fake/979,train,group-a37d90e7445d2a8e,979
fake/980,train,group-10f110053954fcea,980
fake/982,train,group-be3d9fbbed3496d4,982
fake/983,train,group-8bb8e04a9481389f,983
fake/984,train,group-5b5355f5cd258a23,984
fake/985,train,group-bc9075664d7a1d3b,985
fake/989,train,group-c13baea406cc4a79,989
fake/991,train,group-ad1b3893483828dc,991
fake/992,train,group-9e19adc131fdecbb,992
fake/994,train,group-dbe9e4fdc2b0ab97,994
fake/995,train,group-5a6debb438f8261b,995
fake/996,train,group-450c56d2df004ac7,996
fake/997,train,group-6dbac845061ff48a,997
fake/999,train,group-d26fb74e59108562,999
true/10,train,group-df4587fa71e21c58,10
true/1001,train,group-bc8ebcf93cc04f17,1001
true/1005,train,group-23511f02f5d644c9,1005
true/1006,train,group-d5bf4130f46f0de9,1006
true/1008,train,group-a418876ff7b747cf,1008
true/1009,train,group-d7deb763c57383e6,1009
true/101,train,group-14e4e06c23bafec5,101
true/1010,train,group-57c9a406b4a2a8fb,1010
true/1013,train,group-e93b5cfd9b072408,1013
true/1014,train,group-9c275263ddfd8ac8,1014
true/1015,train,group-999de3a2a0db6a89,1015
true/1016,train,group-a026f5dbfe28c1ed,1016
true/1019,train,group-7ae7155f34fa07d2,1019
true/1022,train,group-34d843e1d3b68c57,1022
true/1024,train,group-723bb923c8afb7a2,1024
true/1025,train,group-80027821e56394c9,1025
true/1026,train,group-8d14e98c8fa416f8,1026
true/1028,train,group-9f347e35c4f04048,1028
true/1030,train,group-f1c7728ea99efb5a,1030
true/1031,train,group-5c856a335b4d6b85,1031
true/1033,train,group-d67f4f70cac03d48,1033
true/1034,train,group-9bd5bc6c1931a407,1034
true/1035,train,group-9250bec2c979276e,1035
true/1037,train,group-0e291b0286a6fe78,1037
true/1039,train,group-4fe169b3ccd0c9dc,1039
true/1040,train,group-a27e465a3a2e554f,1040
true/1041,train,group-11bf354a97c2dafd,1041
true/1042,train,group-a07d5406940cf2ab,1042
true/1043,train,group-13357bd21e0af22b,1043
true/1044,train,group-2ebc624236716584,1044
true/1045,train,group-3c2ab597793ad670,1045
true/1047,train,group-7ba68c8279b83ee2,1047
true/1048,train,group-7332035d25caa420,1048
true/1049,train,group-915a18bd2de7bf48,1049
true/1052,train,group-bc48f9a8de0f1d7c,1052
true/1053,train,group-af00691e3917b23b,1053
true/1054,train,group-fc72a2c43d0a82e2,1054
true/1055,train,group-ff1c0f547d05989d,1055
true/1058,train,group-e8bb1cf26305fcab,1058
true/1060,train,group-89c4f9d24e49e546,1060
true/1061,train,group-6e13708006b01111,1061
true/1062,train,group-cdbb9ec20c6569d1,1062
true/1063,train,group-57aad695c2f5252e,1063
true/1065,train,group-6967fc0594e1a0ad,1065
true/1066,train,group-ee538b3af64bc42d,1066
true/1067,train,group-0c3918182ef8f517,1067
true/1069,train,group-d6c5bb3be9c13cae,1069
true/1070,train,group-830747ae445356ff,1070
true/1072,train,group-c33783b7cf528d58,1072
true/1073,train,group-f15380a3e55a1eb6,1073
true/1074,train,group-81628cae3782e343,1074
true/1075,train,group-da84a092d96bfb01,1075
true/1076,train,group-181a1a5f64de4ce1,1076
true/1078,train,group-5bda0897c61d23be,1078
true/1080,train,group-71b587ac5b1d8211,1080
true/1082,train,group-df74ec33f327dd22,1082
true/1083,train,group-e349ada3346cdcee,1083
true/1084,train,group-192427d5c45e0f2d,1084
true/1086,train,group-607c88c5f35ba641,1086
true/1087,train,group-74ca352f86dbaaae,1087
true/109,train,group-df6c10b72ddfe637,109
true/1090,train,group-69fbceeac69b08b2,1090
true/1091,train,group-533e26734c986be1,1091
true/1092,train,group-50252ab60de2a398,1092
true/1093,train,group-3c41fcd6ade7e2dc,1093
true/1094,train,group-2075b6eae8817dc6,1094
true/1096,train,group-708c5fa5f49076c1,1096
true/1099,train,group-7f50b8fd1d666041,1099
true/11,train,group-210f612a7ccf59a2,11
true/110,train,group-b20d674adb29664f,110
true/1101,train,group-fe17512dffeb1162,1101
true/1103,train,group-c5484538da20b0e7,1103
true/1104,train,group-acad952e917267e5,1104
true/1106,train,group-1bcbf126c9b3465c,1106
true/1107,train,group-3cd941b6f75b9ee8,1107
true/1108,train,group-406bbd66b4f50c86,1108
true/1109,train,group-198a7335ac17deb7,1109
true/1110,train,group-01ba21e4e915bf0a,1110
true/1112,train,group-4e1b8179ac2fb94a,1112
true/1114,train,group-8ffd2c4b5c10504d,1114
true/1115,train,group-2ba34e6cb98e9bc1,1115
true/1118,train,group-d14632c11dbdbcdf,1118
true/1119,train,group-a66242f489948357,1119
true/112,train,group-2956a82dfaf5ce16,112
true/1121,train,group-2f8f71854d06ac6d,1121
true/1125,train,group-4791031c583c2aa9,1125
true/1127,train,group-6f412658d52a5315,1127
true/1128,train,group-6b166dd13bbd76f3,1128
true/1131,train,group-1cf6b7451b3da616,1131
true/1134,train,group-b09b87be368eb199,1134
true/1135,train,group-7263ae14cba1657e,1135
true/1136,train,group-d7c291237cd33591,1136
true/1137,train,group-2715b6051a113f03,1137
true/1139,train,group-7b3f6d66ec35cba4,1139
true/114,train,group-f2b2594a6429023b,114
true/1140,train,group-ea37cb18b3939e31,1140
true/1142,train,group-7b8fee6a7dda4747,1142
true/1144,train,group-886f53d23264ba99,1144
true/1147,train,group-80c0f5abc32b78b4,1147
true/1148,train,group-94dc8eeb55957db6,1148
true/1149,train,group-358d9dc3729f48d5,1149
true/115,train,group-bccb037e0bc03b21,115
true/1153,train,group-18661c57b4a644fb,1153
true/1154,train,group-1e943ecba7a9215b,1154
true/1155,train,group-fbeed43d66da01f5,1155
true/1156,train,group-6225cc93358e05fc,1156
true/116,train,group-4dafdb604f51c688,116
true/1160,train,group-7f5eda23f7b50636,1160
true/1162,train,group-3d49e34213ff8242,1162
true/1165,train,group-d8ad859102ff77eb,1165
true/1167,train,group-c336c97ff5143cff,1167
true/1169,train,group-2353eab2290f541b,1169
true/117,train,group-d5284ad5b4813a9f,117
true/1171,train,group-4855f416d4e8995f,1171
true/1172,train,group-bbafaf22be9d1f01,1172
true/1174,train,group-83944e2809281170,1174
true/1175,train,group-b079f89269291ab5,1175
true/1177,train,group-0b8e01b6a623d3c4,1177
true/1179,train,group-d694fe004f76b47a,1179
true/118,train,group-98c1b43fff1d3c13,118
true/1180,train,group-e0a8584729456702,1180
true/1181,train,group-3b45fdbbd34cf3d1,1181
true/1182,train,group-5cb7af31e647637a,1182
true/1183,train,group-d2e396c3073da51e,1183
true/1184,train,group-02412c88a8ba03d6,1184
true/1185,train,group-23f4485ea5ef5c5a,1185
true/1186,train,group-88406eab0b72f7e6,1186
true/1187,train,group-94218303332dd102,1187
true/1189,train,group-032f3e51a1875411,1189
true/119,train,group-4856c2aa61bc12f0,119
true/1190,train,group-194c4a512493dfc9,1190
true/1191,train,group-833d422b8e2689ac,1191
true/1192,train,group-e22b995e0f793ab1,1192
true/1194,train,group-a10064254d7f20ff,1194
true/1196,train,group-d9979859050a5db3,1196
true/1197,train,group-cb7af6fc954846d1,1197
true/1198,train,group-183612b7881a749c,1198
true/1199,train,group-3c56fde6586ceec7,1199
true/12,train,group-3eb1a3c271a15a70,12
true/120,train,group-3dbe7899ac859281,120
true/1200,train,group-2f8e7a71f8b6b12a,1200
true/1201,train,group-fe5166d3d0080c80,1201
true/1202,train,group-8c15e31c3f3a11c7,1202
true/1204,train,group-565f60a2a28fd577,1204
true/1205,train,group-b46776b98228b5bf,1205
true/1208,train,group-b9fc338a9b4a5f22,1208
true/1209,train,group-92e745a3551f0682,1209
true/1210,train,group-f678b5c77d0997da,1210
true/1212,train,group-c1247c922145937a,1212
true/1213,train,group-e2c130b833e946b3,1213
true/1215,train,group-073b6230d7ca0efc,1215
true/1216,train,group-b03a726a692600ff,1216
true/1217,train,group-6c73da71e7c60ede,1217
true/1218,train,group-dc74b9b9e71b7ddd,1218
true/1221,train,group-ae25c24302ec892c,1221
true/1227,train,group-64d942b1faed5272,1227
true/1228,train,group-85c2f66f885c1812,1228
true/1231,train,group-5cdb2d6d6cf15bba,1231
true/1232,train,group-20ed538e0803055d,1232
true/1234,train,group-683020e597821bea,1234
true/1235,train,group-65457219b16597b8,1235
true/1237,train,group-b9519033f2f59395,1237
true/124,train,group-dfab38b07547f1ef,124
true/1240,train,group-8d4927b0c16e53d2,1240
true/1241,train,group-ecffbc33eeb0a8bf,1241
true/1242,train,group-6ff5472efe09753f,1242
true/1243,train,group-58c762b81c00ee14,1243
true/1244,train,group-f4e7a5887dde4628,1244
true/1246,train,group-2123921c6d5f0d66,1246
true/1249,train,group-d043c290a464c82e,1249
true/125,train,group-c639ffc3730374cf,125
true/1250,train,group-d2afe9ea826aa74f,1250
true/1251,train,group-c1887ede19f3c5b1,1251
true/1252,train,group-684a2152acf931f8,1252
true/1253,train,group-0c1621a85dabc54d,1253
true/1256,train,group-fca8d246aa41504c,1256
true/1257,train,group-5a1c659e8ea23c2f,1257
true/1258,train,group-9907283e8cd5d845,1258
true/1259,train,group-541d39723a3c42f0,1259
true/126,train,group-1163ed08e8624795,126
true/1260,train,group-29d80434d89ec043,1260
true/1261,train,group-0947075baafca104,1261
true/1263,train,group-de7125ae5368ea2d,1263
true/1265,train,group-ff4e3a7010fc5a1e,1265
true/1266,train,group-313a0995568fcf6c,1266
true/1267,train,group-1204b8426a87b9ae,1267
true/1268,train,group-eccd8bcfe84e11f1,1268
true/1269,train,group-4d8d022dc3930038,1269
true/1270,train,group-7010251cb204a2dc,1270
true/1272,train,group-291ff6513cc57115,1272
true/1273,train,group-bc0683be7d6f41c1,1273
true/1274,train,group-b541b517016b24a2,1274
true/1275,train,group-0e285e5a8bf6952b,1275
true/1278,train,group-7054f5761543676b,1278
true/1279,train,group-27a14d30d9b2a90b,1279
true/1281,train,group-84c647d8c100a766,1281
true/1282,train,group-e605e0c94b2d839b,1282
true/1283,train,group-81092b0cd53fdd89,1283
true/1284,train,group-1471aa8a1034fb5d,1284
true/1285,train,group-7805ccba47dfc36c,1285
true/1287,train,group-1408171ecc0e0db9,1287
true/1289,train,group-942b4f01190e7ef7,1289
true/129,train,group-d66cad5ac4276a58,129
true/1290,train,group-777eba306129bfe5,1290
true/1292,train,group-37a07819296694a9,1292
true/1293,train,group-88bdbd226597d334,1293
true/1296,train,group-f0414f99b5455214,1296
true/1298,train,group-1be751b4efda4676,1298
true/1299,train,group-9b531058930ea895,1299
true/13,train,group-24b696c18aee19c0,13
true/130,train,group-177d7874071ff63b,130
true/1301,train,group-b832849f1f0ed2e8,1301
true/1302,train,group-d28854eeece84160,1302
true/1303,train,group-e67d2d0b510538ea,1303
true/1304,train,group-0e4e4d14c507e237,1304
true/1308,train,group-6be81946121e03a2,1308
true/131,train,group-b7d224e292bbab64,131
true/1311,train,group-d3bf8b4488e39a72,1311
true/1313,train,group-d0d8b1764f4d8e46,1313
true/1314,train,group-fd527dcd5ad70934,1314
true/1317,train,group-d131f854eccf2624,1317
true/1320,train,group-b624b5677fcb99f9,1320
true/1322,train,group-1b8c004bdefba08f,1322
true/1323,train,group-a32a7db6d58d66c9,1323
true/1324,train,group-c799cc18210b77ee,1324
true/1326,train,group-e3e3ddc30e24d39c,1326
true/1327,train,group-f07c798aa802ea07,1327
true/1328,train,group-6b04efe19472d24b,1328
true/133,train,group-924df062165514c6,133
true/1330,train,group-585c1f8376949fce,1330
true/1331,train,group-3f169b59a47d2a34,1331
true/1332,train,group-5cb8588ddcd06272,1332
true/1336,train,group-cf8f57ea4c022c1d,1336
true/1337,train,group-ed84c54943453d06,1337
true/1338,train,group-6728479af89e0e7f,1338
true/1340,train,group-10d2ff5f351292ad,1340
true/1341,train,group-564cacbeef3819f6,1341
true/1342,train,group-b0f8d9a5bfd28399,1342
true/1345,train,group-9632c2b88178412f,1345
true/1346,train,group-516b50c724a2f9f7,1346
true/1347,train,group-6ab2b7ab689afc5c,1347
true/1351,train,group-30eb4c2e621fcadf,1351
true/1352,train,group-63dbc2a79254401e,1352
true/1354,train,group-087d5d2f11a260d0,1354
true/1358,train,group-d2e5e5ca69998d24,1358
true/1359,train,group-e7da6bb18bfd0b18,1359
true/1361,train,group-1ffc05618f776558,1361
true/1365,train,group-cff479c13c3cac20,1365
true/1367,train,group-d35cfe41fde85659,1367
true/1372,train,group-1c5f30fedac19617,1372
true/1375,train,group-70e4f0f713100f60,1375
true/1376,train,group-2e3ed5738058e7d0,1376
true/1378,train,group-576a182ce28a9533,1378
true/1382,train,group-2b72b35223a17da4,1382
true/1384,train,group-435b46af612aa73f,1384
true/1393,train,group-0ffae3d360846d50,1393
true/1395,train,group-37863fdf80450074,1395
true/1397,train,group-3fc8732456cf6700,1397
true/1398,train,group-e8381f600cffda92,1398
true/1399,train,group-12adee866a1775b0,1399
true/140,train,group-e6e2e84a8f5ae01f,140
true/1400,train,group-6418be88e439256a,1400
true/1401,train,group-ab09c68cd8c9b2eb,1401
true/1403,train,group-24d30e9f297890ea,1403
true/1404,train,group-a8af64ce3d951d00,1404
true/1405,train,group-c4388978ddc406a6,1405
true/1406,train,group-5fbdb3ebab16a51b,1406
true/1407,train,group-68c6ae3e075ae3be,1407
true/1408,train,group-dbc23755034fbb38,1408
true/1409,train,group-6d838e869ad8a3fe,1409
true/141,train,group-17a74671f33c1754,141
true/1410,train,group-cb1947f9f2072775,1410
true/1412,train,group-f9e80a165d0b4f45,1412
true/1413,train,group-917f6b7776b11dfb,1413
true/1414,train,group-c146ebcc5b2c7795,1414
true/1415,train,group-87238176ddf582db,1415
true/1416,train,group-60885b43d3c6b317,1416
true/1417,train,group-e6e7f124861254c7,1417
true/1418,train,group-92d2fb8fdeb6eed6,1418
true/1419,train,group-d99e022a7f47f2dc,1419
true/1421,train,group-0a3c8d3ace000319,1421
true/1422,train,group-6419655a131436c8,1422
true/1425,train,group-7c88e9d43582d8a2,1425
true/1428,train,group-b91dde0ef7bf81e8,1428
true/1429,train,group-4adfaff19d3af67a,1429
true/1430,train,group-8ebfa05a74ec2790,1430
true/1431,train,group-c82226f5232aad92,1431
true/1432,train,group-5d1835831b7b1d16,1432
true/1434,train,group-5bbd776a42d88cff,1434
true/1436,train,group-d707e194f9297336,1436
true/1439,train,group-ca3c482a1168cff4,1439
true/144,train,group-66c5fc6b3d490985,144
true/1441,train,group-93b5272803c5162f,1441
true/1442,train,group-271635cf10ebebec,1442
true/1443,train,group-28791e1a8913f356,1443
true/1444,train,group-e4477780e67d0edd,1444
true/1448,train,group-79d23f80de4f1946,1448
true/1449,train,group-74af677abf5211b8,1449
true/145,train,group-faf6c0f089a26ed9,145
true/1450,train,group-4caa266f70d7f0fc,1450
true/1453,train,group-df5e569df478b7bd,1453
true/1456,train,group-4d828776f220be67,1456
true/1457,train,group-8b63f6da94710a0b,1457
true/1458,train,group-e1ddb987a1c24db5,1458
true/146,train,group-c83197c23503f933,146
true/1462,train,group-17f0a4a346472ee0,1462
true/1466,train,group-cf1c82d096ab9e19,1466
true/1467,train,group-3ee4d4c1742d75ac,1467
true/1469,train,group-695c6181b77d17fc,1469
true/147,train,group-fd583f3e0d9db0fb,147
true/1470,train,group-28cc954c8754a594,1470
true/1474,train,group-4a118295a5614a95,1474
true/1477,train,group-7dc5b8c6a4449dfc,1477
true/1478,train,group-6e5ae919720318aa,1478
true/1479,train,group-327b36bd33a14989,1479
true/148,train,group-c07fe8346d99aad4,148
true/1480,train,group-10fad44132866bd3,1480
true/1485,train,group-9461518c5dc8b9f1,1485
true/1486,train,group-96302d4c70f00129,1486
true/1487,train,group-2deceb1b62372288,1487
true/1488,train,group-bf07687867b9a1fa,1488
true/1489,train,group-22e0bff7b2becc37,1489
true/1490,train,group-838c3778c81f0faf,1490
true/1491,train,group-6bc8fbb3da071bc6,1491
true/1492,train,group-819ab1b3367bb94a,1492
true/1493,train,group-9568b4d9da838e70,1493
true/1495,train,group-c73c2940cb592a1c,1495
true/1496,train,group-78698075d9b582e8,1496
true/1497,train,group-73460eedbcd24ba8,1497
true/1500,train,group-1c11b436a87df56f,1500
true/1502,train,group-b56741f077a8a1b6,1502
true/1504,train,group-d857ce6fae2d2900,1504
true/1505,train,group-85dc4f00c83108b0,1505
true/1506,train,group-1bbb5c7eff6f87cc,1506
true/1507,train,group-c89f8811e37d5e5c,1507
true/1508,train,group-e133ad01e9b58f2b,1508
true/151,train,group-05ff30fc6d9613dc,151
true/1511,train,group-f8ffe0eb74bf8c20,1511
true/1513,train,group-f2a05c672995bed0,1513
true/1516,train,group-949122f4504701b9,1516
true/1517,train,group-744e28d6154fea75,1517
true/1518,train,group-aeec5bbb9cb8af6d,1518
true/1519,train,group-46633fb85f480203,1519
true/152,train,group-40cef545596483ee,152
true/1520,train,group-ecc6aabde582715c,1520
true/1525,train,group-7be91d409f31a0d3,1525
true/1526,train,group-5d4cf36e7a0fda37,1526
true/1527,train,group-20dc33066a040689,1527
true/1528,train,group-ea09907e41841e72,1528
true/1529,train,group-60ff9843b6f2f660,1529
true/1531,train,group-772c695dcedc7113,1531
true/1534,train,group-b103981cfff2a5cd,1534
true/154,train,group-3d5ed5d53a5614d4,154
true/1540,train,group-d244a9cc59e5ce01,1540
true/1545,train,group-dd0dcd551b89fe5f,1545
true/1546,train,group-8f5b7652bf065b81,1546
true/1548,train,group-78d7eaa4de1dc8af,1548
true/1549,train,group-5cb880833debe88f,1549
true/155,train,group-d71d163dc0c66402,155
true/1550,train,group-1ac1f76bb99c969e,1550
true/1551,train,group-5006b642112d301d,1551
true/1552,train,group-a98fe4dcab4c0f28,1552
true/1553,train,group-6efdaa0c134eef77,1553
true/1554,train,group-5c256021f5c61421,1554
true/1555,train,group-361ee718fc7b9430,1555
true/1556,train,group-45a41e312b20789a,1556
true/1557,train,group-4587c8867feb876a,1557
true/1558,train,group-069c2a24c77183db,1558
true/156,train,group-0ef23b56c89faaf7,156
true/1560,train,group-713679b0084b8d1c,1560
true/1561,train,group-8669f7266aab67fb,1561
true/1563,train,group-1d8b0a23e153b499,1563
true/1566,train,group-c5148470ae9045d9,1566
true/1567,train,group-3697be49c221ce96,1567
true/1568,train,group-6587f02bacbb6706,1568
true/1569,train,group-b58789748b6c2b61,1569
true/157,train,group-34396120b85704ea,157
true/1570,train,group-696798e6077955dd,1570
true/1571,train,group-bfa54e7c93a0a659,1571
true/1572,train,group-5c8baf1fa5562b89,1572
true/1573,train,group-f7cddd52cadaf3cc,1573
true/1574,train,group-1600ef3008d37dde,1574
true/1576,train,group-7bf2fa0699ec1d9c,1576
true/1577,train,group-8870e7d09c96d527,1577
true/1578,train,group-15e3dea2c64a0dc4,1578
true/1579,train,group-b89a194316b01326,1579
true/158,train,group-8e638ea291ee2a23,158
true/1583,train,group-69dd5902a3049370,1583
true/1586,train,group-ef23706a38509b9f,1586
true/1587,train,group-815bf00be602fe0e,1587
true/1588,train,group-aaf6c66858c0d59e,1588
true/1589,train,group-84a34676a3c1e0b6,1589
true/159,train,group-c34c813668d080f5,159
true/1591,train,group-e42da80729e04cb5,1591
true/1592,train,group-96663515ccf7acfb,1592
true/1598,train,group-72a7a7b6f4331458,1598
true/1599,train,group-b79d0b22423e971d,1599
true/160,train,group-c3c0fccc8f344d36,160
true/1600,train,group-e712c972bb402f30,1600
true/1601,train,group-c65b253fedbf1d73,1601
true/1602,train,group-8daf971cfa18032b,1602
true/1604,train,group-bb6a584b4aa629e9,1604
true/1606,train,group-1fd94c298ed91100,1606
true/1609,train,group-ca58d075b8699215,1609
true/1611,train,group-e527c363642e53a0,1611
true/1613,train,group-59e076e517bbf916,1613
true/1614,train,group-2adf7e1779a60daa,1614
true/1616,train,group-67bf3e42ec84585c,1616
true/1617,train,group-b0f58bd324548d82,1617
true/1618,train,group-e1f0399f2c052614,1618
true/1619,train,group-2b2fb9ce5c33360c,1619
true/162,train,group-eb5346757827a1ba,162
true/1622,train,group-069eec20fcd7e98e,1622
true/1624,train,group-a7d927c98bf8585b,1624
true/1625,train,group-d891e7d2650204db,1625
true/1626,train,group-0439748e09d3729d,1626
true/1627,train,group-44fdfad950dca24b,1627
true/1628,train,group-e8c2be473240f64b,1628
true/1630,train,group-8e0f921a7d0c39c6,1630
true/1631,train,group-555af01dfe552525,1631
true/1633,train,group-7289236a65019d26,1633
true/1634,train,group-e65bdecce7bc449c,1634
true/1635,train,group-6cf11be05c4d537f,1635
true/1637,train,group-402d9db0039d45aa,1637
true/1638,train,group-5d914215adb00c82,1638
true/1639,train,group-405d2543f3db9a27,1639
true/1641,train,group-4d7bdc85f23913f1,1641
true/1644,train,group-73b672ce22767779,1644
true/1647,train,group-1033bf68dd7e716b,1647
true/1648,train,group-edeb639b86b2061b,1648
true/1649,train,group-a297f552359f855b,1649
true/165,train,group-83535ee1320cf154,165
true/1651,train,group-f25f9ff1c6351a1a,1651
true/1653,train,group-39bd63dc9ae35c2d,1653
true/1654,train,group-8c27f05c0ee70273,1654
true/1655,train,group-dbf8998009d911df,1655
true/1656,train,group-8402fa8cae9595cc,1656
true/1658,train,group-f1bbda3a734e3cd2,1658
true/1659,train,group-ecf173d0d6bcbc73,1659
true/166,train,group-9486aefb140e972e,166
true/1660,train,group-cdd1373133bc18b7,1660
true/1661,train,group-2f606b63e2ea6677,1661
true/1662,train,group-a566dd716ebb54de,1662
true/1663,train,group-2cd0b3fb37eb96fa,1663
true/1666,train,group-4699f9e121501ab7,1666
true/1667,train,group-98108945c69acea0,1667
true/1668,train,group-bfbc2b6860fe1034,1668
true/1669,train,group-5668e9ac6c361292,1669
true/1670,train,group-ce937f0ef363c43d,1670
true/1671,train,group-104a05524a1dd5f1,1671
true/1672,train,group-e513d546a1b2ae7b,1672
true/1673,train,group-eda6853d4a206c2e,1673
true/1674,train,group-c67eb7cd0c674b39,1674
true/1677,train,group-202587183d5f18de,1677
true/1678,train,group-c680a969ec733d6c,1678
true/1679,train,group-f676a134d0e961fc,1679
true/1682,train,group-bbb83cef5fe0cda9,1682
true/1683,train,group-36e516fef655a3f1,1683
true/1688,train,group-fe73f7144a2bb3bf,1688
true/1689,train,group-d11de3d11234f5ad,1689
true/1690,train,group-33e673be6a5d8a95,1690
true/1692,train,group-2aca8eef53055c71,1692
true/1693,train,group-59088955c1c8f0b4,1693
true/1695,train,group-9eb486de2ab0006c,1695
true/1697,train,group-0e808a1d24dd30ba,1697
true/1698,train,group-2ba1969ebc31fc8d,1698
true/1699,train,group-181199bf175da623,1699
true/170,train,group-ddb66e23a829bebd,170
true/1701,train,group-18d8b52cfccdf77c,1701
true/1703,train,group-51152f20fb4a9ead,1703
true/1704,train,group-09daeb0d1444fa42,1704
true/1705,train,group-9920d636578cbdc0,1705
true/1706,train,group-8c9a321e6bc7c4f3,1706
true/1707,train,group-c433bef60d0259e4,1707
true/1709,train,group-af9a13d83dfd9444,1709
true/171,train,group-62c5b364460cdff1,171
true/1711,train,group-374d724f6894d6b5,1711
true/1714,train,group-65e662f5dfceb53c,1714
true/1718,train,group-d2502d466263e867,1718
true/1721,train,group-d3a1d33016bcd8fa,1721
true/1724,train,group-921555c6898bf607,1724
true/1725,train,group-60b6980b4bbfa6ca,1725
true/1726,train,group-6d5299e434a4e87e,1726
true/1728,train,group-e12b6f36ae246d6b,1728
true/1729,train,group-141810b522f63cc2,1729
true/1732,train,group-1f1a8cd3b9bdf488,1732
true/1733,train,group-4b4f798742a8178e,1733
true/1734,train,group-4da1a716c4715c54,1734
true/1736,train,group-5026195e373d27f9,1736
true/174,train,group-d2ba85706ca6b43c,174
true/1741,train,group-d34ce743df61a755,1741
true/1745,train,group-f841906fd5d37acb,1745
true/1746,train,group-07f297eec30cb981,1746
true/1747,train,group-3edb41167b5d85b4,1747
true/1748,train,group-a8a223069d1ca768,1748
true/1749,train,group-5eb3f63484315d93,1749
true/175,train,group-d893f5784a144c3f,175
true/1750,train,group-ca58131575fb28f7,1750
true/1751,train,group-661d372a07faa0d7,1751
true/1753,train,group-f5eb689f9855bf9e,1753
true/1754,train,group-acc2b040fd870842,1754
true/1755,train,group-cb7ec2c634496171,1755
true/1756,train,group-6c4046f12696c236,1756
true/1757,train,group-4017187d57734737,1757
true/1758,train,group-4aa17c8853e2572b,1758
true/176,train,group-74c5f066ce56d589,176
true/1760,train,group-490d204098a2bbca,1760
true/1761,train,group-a3c9450cdf7f0eb0,1761
true/1765,train,group-946c6dd94cfe1323,1765
true/1767,train,group-8502e7e751152e75,1767
true/1768,train,group-ceec2fcb19238bb7,1768
true/1769,train,group-cd24536708e87115,1769
true/1770,train,group-f64d0a3f84c87e5e,1770
true/1772,train,group-b273353fe69543c8,1772
true/1773,train,group-20cc0811fb55fb18,1773
true/1775,train,group-b67b2c82b3ffe29d,1775
true/1776,train,group-5cad86a4f0de5276,1776
true/1778,train,group-6f7644707258352e,1778
true/1779,train,group-0eda8ed7427fe7a3,1779
true/1780,train,group-423ee29dae242b69,1780
true/1782,train,group-73faf9c3f44cf73b,1782
true/1783,train,group-adac087c30dcd7b5,1783
true/1784,train,group-c1534ea23ab642fb,1784
true/1789,train,group-6f6527426d10e6a3,1789
true/1790,train,group-2c3ac3bad0ce78bb,1790
true/1791,train,group-2bd3667b56f36c4c,1791
true/1793,train,group-e5c899d47c0c7c90,1793
true/1796,train,group-af092a04e5bf6434,1796
true/1799,train,group-721ed227126a00cd,1799
true/18,train,group-a13cb72f2259c7ff,18
true/1800,train,group-022a2ddfe518e338,1800
true/1801,train,group-d8fccee241ae2310,1801
true/1802,train,group-1a3dd45bcb9e055a,1802
true/1803,train,group-bd59810166537cb7,1803
true/1805,train,group-6b9e9cc839650d94,1805
true/1806,train,group-33a56415426a3a2b,1806
true/1807,train,group-ba057bd711e37743,1807
true/1809,train,group-1cc2325aad8094dc,1809
true/181,train,group-578debb92b9ed8d7,181
true/1810,train,group-39a5d27a66971bb0,1810
true/1811,train,group-ac6f5d0df31c5c87,1811
true/1813,train,group-76eb326a6bd5f8ac,1813
true/1816,train,group-fda19a3fb6efb0a6,1816
true/1818,train,group-024d5f16bdd8834f,1818
true/1821,train,group-d1d948ef97433492,1821
true/1822,train,group-a48f6cdbe7521d05,1822
true/1823,train,group-adc19f061d6b1e88,1823
true/1826,train,group-add26d37418b2521,1826
true/1829,train,group-df037ae76cd6b9df,1829
true/183,train,group-055035c084e87edc,183
true/1830,train,group-ae5c8c7538eec770,1830
true/1831,train,group-8b422e31811b53b4,1831
true/1833,train,group-d1995b440d9d3d26,1833
true/1834,train,group-f6ede8467f2454bd,1834
true/1835,train,group-a694ca96cd63576d,1835
true/1836,train,group-2c39e4ed23185e96,1836
true/1837,train,group-45ccc336732efe2f,1837
true/1838,train,group-b4bd979ff835f545,1838
true/1839,train,group-a39e5e4d90f2f471,1839
true/184,train,group-9d304be62ede2b31,184
true/1840,train,group-fa3fb7b3cd11491d,1840
true/1841,train,group-87ed7ace7b526542,1841
true/1843,train,group-f451bdbc8167d6cb,1843
true/1844,train,group-03b18497f6e92cf8,1844
true/1846,train,group-43b1de6fbee6b997,1846
true/1848,train,group-fe841a6b8a8079da,1848
true/1849,train,group-2727f88d19772480,1849
true/1851,train,group-5ea934688b689ad4,1851
true/1854,train,group-be5e130293e41a3d,1854
true/1856,train,group-059a459948a19503,1856
true/1857,train,group-bbe2ffd03a685aa6,1857
true/186,train,group-3c0c38890c4ea8f5,186
true/1860,train,group-262314aaae27587b,1860
true/1861,train,group-658bbc49c6264ad3,1861
true/1863,train,group-47a1c65d0b3f56c4,1863
true/1865,train,group-15d8f1835a3a2a12,1865
true/1866,train,group-229dbfb6f047e480,1866
true/1867,train,group-de850a3ac382a42e,1867
true/1869,train,group-9770e32ac8097ed4,1869
true/187,train,group-c94048d2f4b0385a,187
true/1870,train,group-35a9744c80709a62,1870
true/1872,train,group-b0d5467be0bc0e9d,1872
true/1873,train,group-99263d17863ff547,1873
true/1874,train,group-6278c984589024ea,1874
true/1875,train,group-54ee9c8ff9da9540,1875
true/1876,train,group-859bc18b8e210c31,1876
true/188,train,group-460a27e073c125e7,188
true/1880,train,group-c1598cb0013114ad,1880
true/1882,train,group-c511bad44d284690,1882
true/1884,train,group-906d483206bc4cf3,1884
true/1886,train,group-e77eefcc82b48cdd,1886
true/1887,train,group-d66b5d0f1b12d5ca,1887
true/1888,train,group-3356415056fe0310,1888
true/1889,train,group-896d8b753c70e9cb,1889
true/189,train,group-1a4106256006e086,189
true/1891,train,group-949f995ebeffb14d,1891
true/1892,train,group-38ef651869e61703,1892
true/1893,train,group-c6e98897bbfe7f75,1893
true/1896,train,group-ea92776a3217a809,1896
true/1897,train,group-82b820c13f4eab50,1897
true/1898,train,group-a852ff1100438c85,1898
true/1899,train,group-8758ba421f074b97,1899
true/1901,train,group-79b6fcc97d3f0672,1901
true/1907,train,group-a7630244ae555e8d,1907
true/1908,train,group-5c9ddabb05264922,1908
true/1909,train,group-f599cb8fdf158eaa,1909
true/191,train,group-69b3c38efd1e8a7e,191
true/1910,train,group-f8f262ab8befa832,1910
true/1911,train,group-387267f994d81fea,1911
true/1916,train,group-dc9cab3a89c682ee,1916
true/1917,train,group-02baaefd060a6fb2,1917
true/1918,train,group-daa61bb7ad05215d,1918
true/192,train,group-814cdc5379de7dbf,192
true/1920,train,group-000e3d8dc9ea691f,1920
true/1924,train,group-ba994b6f5449ef4f,1924
true/1925,train,group-0920847e5e5eace0,1925
true/1927,train,group-04d5508b4e08c182,1927
true/1928,train,group-8a97809cc1e73536,1928
true/193,train,group-85f487ddd9a8c891,193
true/1932,train,group-369f089d0551f95c,1932
true/1934,train,group-3c7a24e67e972a09,1934
true/1935,train,group-5484e56f3c2b75c9,1935
true/1936,train,group-6c62530ab7994bcc,1936
true/1937,train,group-9f561ad3d9f62561,1937
true/1938,train,group-c34f87b86105684d,1938
true/194,train,group-5623b121c96b2ba5,194
true/1940,train,group-e7e68de5563a7e7b,1940
true/1943,train,group-a76ed588a3b1b1ee,1943
true/1944,train,group-d4e22664f89ccf8e,1944
true/1947,train,group-556124656256c519,1947
true/1950,train,group-c3e6c145edf193a7,1950
true/1952,train,group-d042667b9df9e402,1952
true/1953,train,group-1a0545f72eb8ad3f,1953
true/1956,train,group-c7c076ed35e29f88,1956
true/1958,train,group-31fb3cc84521258e,1958
true/1960,train,group-93e0f1d7e96551b9,1960
true/1964,train,group-0defbbd8095f65c7,1964
true/1965,train,group-4e8e9f328434cb3e,1965
true/1966,train,group-846a3072ff5a5127,1966
true/1967,train,group-f2a7bfa5cb36f636,1967
true/1968,train,group-7d9ece25713f28b3,1968
true/197,train,group-06e45bf1b93f3808,197
true/1970,train,group-5159f49e0288c1a7,1970
true/1971,train,group-a1b68045ca0e588b,1971
true/1972,train,group-a5320d1f475afcf3,1972
true/1973,train,group-1e5b1d73da1723d9,1973
true/1974,train,group-e5dcfea01be68ad2,1974
true/1977,train,group-7fc108abbfb839f9,1977
true/1982,train,group-49fe6ff3683e6304,1982
true/1983,train,group-dea55deed92bbed4,1983
true/1984,train,group-5713833fb5f3db68,1984
true/1988,train,group-675f1b23f6d676d9,1988
true/1989,train,group-7035df96a53eaaa6,1989
true/1995,train,group-f6d9699cb0de7099,1995
true/1996,train,group-10737f5b14875917,1996
true/1997,train,group-a91c7d2cf2e273de,1997
true/1998,train,group-80c7871f8517d4fb,1998
true/1999,train,group-b48d5455a6cd8c02,1999
true/20,train,group-ed6cdfe233b4fe01,20
true/2000,train,group-7f6c377a20d05cc8,2000
true/2001,train,group-ffc676a93c8e5bdb,2001
true/2002,train,group-ae0e6897637c96ca,2002
true/2003,train,group-49961711cce5c9ed,2003
true/2004,train,group-a3acf0dd485eaafc,2004
true/2005,train,group-60f9430d8c633b31,2005
true/2006,train,group-5561b70c6c59252b,2006
true/2007,train,group-aa742d6ecf3f865e,2007
true/2009,train,group-d697fee58527dd48,2009
true/2010,train,group-af2e641264c693c0,2010
true/2011,train,group-29eb0501fa06ba6f,2011
true/2013,train,group-a6351d0f6b6b1363,2013
true/2015,train,group-1ce6377d4f33d5f9,2015
true/2017,train,group-c9ed71423864efc3,2017
true/2019,train,group-4df29cb83727a133,2019
true/2020,train,group-e1ad0fd8a6769ba5,2020
true/2021,train,group-808c384128735bbc,2021
true/2022,train,group-f3382609eb069834,2022
true/2023,train,group-93aa67561a8dcbf2,2023
true/2025,train,group-2751084d29620692,2025
true/2026,train,group-a5ef9344dfe1b0cc,2026
true/2027,train,group-0753bf664fb7d12b,2027
true/2028,train,group-258105d4554e91a5,2028
true/2030,train,group-685a5f9e6226d572,2030
true/2033,train,group-87a0f2f73da8075f,2033
true/2035,train,group-a616b9e57c2dc119,2035
true/2036,train,group-8adeb6f9cd795086,2036
true/2038,train,group-1cb44e1b020df261,2038
true/2039,train,group-387087d07d3c1336,2039
true/2040,train,group-a5def829ed66877f,2040
true/2041,train,group-58c2356572dc1c30,2041
true/2042,train,group-1458778ad251c172,2042
true/2045,train,group-1280dad280ef042a,2045
true/2046,train,group-3fc4575f8548a779,2046
true/2051,train,group-e4c47d598d4ab00a,2051
true/2052,train,group-f9a45926086f481c,2052
true/2053,train,group-15deafd16c6faa56,2053
true/2054,train,group-efca95f79fe17c1a,2054
true/2055,train,group-9e90b8beb7ff276e,2055
true/2056,train,group-d67189a7c62bd8bf,2056
true/2057,train,group-cdea166ad95f2ec0,2057
true/2061,train,group-1659e9f1ee991859,2061
true/2062,train,group-f41734facf14685e,2062
true/2063,train,group-7b3d1a415e2dbdc5,2063
true/2064,train,group-faaa7788e308cf8e,2064
true/2066,train,group-c3efaef411f8163a,2066
true/2067,train,group-68e58ec6dc54dc53,2067
true/2068,train,group-270bb4d10ec338c2,2068
true/2069,train,group-2fdda8420c529ec9,2069
true/207,train,group-7fbe4c718aab8755,207
true/2071,train,group-bae96333008e0cd1,2071
true/2072,train,group-bcabcb6c9bc4c0be,2072
true/2073,train,group-430007a1ba47bd29,2073
true/2074,train,group-bd85e9774a72bc4c,2074
true/2075,train,group-fb753645963e90c8,2075
true/2077,train,group-6a144414ba9040ca,2077
true/2079,train,group-60e03031f8040966,2079
true/2080,train,group-d3b52942dc24dcc3,2080
true/2081,train,group-f4cb65838c3ee738,2081
true/2086,train,group-9aa7cb7ee43dfbc0,2086
true/2087,train,group-85b5701f92d93e33,2087
true/2088,train,group-505577b2931bc506,2088
true/2089,train,group-2dab33b5522aaa06,2089
true/209,train,group-04d9b0b88bb217ce,209
true/2090,train,group-8509cd03a21c91d1,2090
true/2094,train,group-2435a3027c3eb64d,2094
true/2095,train,group-9c3bb66b5d6e5ddc,2095
true/2096,train,group-821ae14d819966e4,2096
true/2097,train,group-e082532b3440cd54,2097
true/2098,train,group-420a4c2d207b0cea,2098
true/2099,train,group-36bf56c960b0569d,2099
true/21,train,group-a65c3add4faa7d70,21
true/2103,train,group-1e2552403994541e,2103
true/2104,train,group-8394bc9d871a4017,2104
true/2105,train,group-d75bbb852705472b,2105
true/2106,train,group-bdd48d2766621f9a,2106
true/2107,train,group-d9848187cecfff0e,2107
true/2108,train,group-410663c13f8dc919,2108
true/211,train,group-68f32446d1562ed9,211
true/2110,train,group-b5bec67e5c2cb1dd,2110
true/2111,train,group-55895f9222faae6b,2111
true/2113,train,group-3338dde24eb595a6,2113
true/2116,train,group-868800e2e60ff137,2116
true/2120,train,group-b005ca57bd1f3849,2120
true/2122,train,group-5d8fe3cbb581ec2a,2122
true/2123,train,group-6b8d045be7b366f7,2123
true/2125,train,group-097b98190d2eee53,2125
true/2127,train,group-09df9a005cd06366,2127
true/213,train,group-c627fe50a4ddaf0e,213
true/2133,train,group-ed41f1ad4cade9b2,2133
true/2134,train,group-c0fa4f2ae08499d0,2134
true/2135,train,group-9ae2f5e95c4532c3,2135
true/2137,train,group-53f263e67f1e8777,2137
true/2138,train,group-cc86b4cde0d816e3,2138
true/2139,train,group-da7f0f197322bf75,2139
true/214,train,group-e91c3730c920ad13,214
true/2140,train,group-9eec8fd56640b965,2140
true/2141,train,group-77399c738aa84377,2141
true/2142,train,group-cb0ebc8afc8a1d55,2142
true/2144,train,group-d80f3fb6dd752076,2144
true/2145,train,group-3d3863a3fb0f3fb4,2145
true/2146,train,group-b7917d7f6b04b679,2146
true/2147,train,group-841f0cabcf99fc16,2147
true/2148,train,group-71ae95c5890b59b7,2148
true/2149,train,group-33905da769762858,2149
true/215,train,group-743fd36fdef31b87,215
true/2150,train,group-a464328045f98102,2150
true/2152,train,group-5e8bb4a8a29b81fb,2152
true/2153,train,group-ec41c3dbb2bd10c5,2153
true/2154,train,group-4e0e422b1b886cae,2154
true/2155,train,group-4da4ccdc4585aac4,2155
true/2156,train,group-9db06aadac709f53,2156
true/2157,train,group-b453738177e34f62,2157
true/216,train,group-f006ad7c75a165c3,216
true/2160,train,group-0ac80fb59bcb8536,2160
true/2161,train,group-3325f935222203c2,2161
true/2163,train,group-53dbcdb0f8c5aec4,2163
true/2164,train,group-e940bb1e52601df2,2164
true/2166,train,group-d17a71c1ce16ad35,2166
true/2167,train,group-1ac389bba3132e9c,2167
true/2168,train,group-1a3c3608a896c72c,2168
true/217,train,group-596fd8ba0bb0f049,217
true/2170,train,group-c9323e84ada2fe17,2170
true/2171,train,group-ba60355611ebd410,2171
true/2173,train,group-b35ee2623ec88562,2173
true/2174,train,group-9bf3ef4228aab396,2174
true/2175,train,group-542e826056113007,2175
true/2176,train,group-a7ce6f388cd73d89,2176
true/2177,train,group-26cd2b19fe1f2ff7,2177
true/2178,train,group-aeae0a77a895939e,2178
true/2179,train,group-a6c673893e0adf81,2179
true/2180,train,group-c5d1078c4260ca04,2180
true/2185,train,group-d6906207739165de,2185
true/2186,train,group-0d7bf0c04657c7ce,2186
true/2187,train,group-fdd053931b66084e,2187
true/219,train,group-b755c769f3fa051c,219
true/2190,train,group-cddc7afbee87f73f,2190
true/2191,train,group-354e4ffa7748d3d9,2191
true/2193,train,group-8989f99112504f01,2193
true/2194,train,group-a1191db584ba06dc,2194
true/2195,train,group-e685f9bf96ca1c5e,2195
true/2197,train,group-e6b7cb6892d5709c,2197
true/2198,train,group-38cc48b74247ac72,2198
true/2199,train,group-daba779362746d7a,2199
true/220,train,group-798f293128271aeb,220
true/2202,train,group-5a5f47478315f8f2,2202
true/2206,train,group-8224429b24bd7fb4,2206
true/2207,train,group-6f0c4d159a697773,2207
true/2209,train,group-021dce42d27dedcd,2209
true/2210,train,group-6e404bde96acde7c,2210
true/2211,train,group-ef82f93a7b21ca80,2211
true/2214,train,group-9a0974b8dca31027,2214
true/2215,train,group-56a0847b319c5b75,2215
true/2216,train,group-f210518926563597,2216
true/2218,train,group-e91d767d389121b5,2218
true/2219,train,group-1bacaea8ea3b1533,2219
true/222,train,group-05a6bcd41ec2a219,222
true/2221,train,group-4972fa8eb6853b73,2221
true/2222,train,group-f3c8848091c92add,2222
true/2225,train,group-f83e7e83499d39b0,2225
true/2226,train,group-e7ff0b33b12a4155,2226
true/2227,train,group-2ef46aa32c44e503,2227
true/2228,train,group-3f8f13beac9627d0,2228
true/2229,train,group-cfb6663ec08e2908,2229
true/2231,train,group-4a9a1611c3451cde,2231
true/2232,train,group-548f9de5c6af5ec0,2232
true/2233,train,group-c2ebd5c75b990aa7,2233
true/2234,train,group-9949688c62e0a39f,2234
true/2235,train,group-0aaaeaad02d37653,2235
true/2236,train,group-53b79461fc884988,2236
true/2237,train,group-978dc91e24d1795d,2237
true/2238,train,group-1b8fd1684d958b74,2238
true/2239,train,group-fca37dcc3245ac9c,2239
true/224,train,group-8ca27555c97572f9,224
true/2240,train,group-73fa462bcfa0d5e7,2240
true/2241,train,group-de517599b6cf09f9,2241
true/2242,train,group-ebe8ca0467f56e56,2242
true/2245,train,group-4500e8d668211b9b,2245
true/2246,train,group-b1a7470aa6b39317,2246
true/2248,train,group-dc30f084c6ee1955,2248
true/2249,train,group-e69a8bfa2222bdc5,2249
true/2250,train,group-1d74708f4b6a1d35,2250
true/2253,train,group-4798186bf11660b2,2253
true/2257,train,group-6aa6676f82f4a7d6,2257
true/2259,train,group-f855c3e4e0203551,2259
true/226,train,group-7392d8884d469c93,226
true/2261,train,group-12cd4b8886584aad,2261
true/2264,train,group-b7f95f4c5dde5d01,2264
true/2267,train,group-0a1e0c5eef648e0a,2267
true/2268,train,group-2d288efaacb95bc3,2268
true/2269,train,group-1d15f4cba2d6f599,2269
true/227,train,group-0c933bf5e5b683ee,227
true/2270,train,group-13b954c5082e2aa0,2270
true/2271,train,group-ceb19f3e42c46c8b,2271
true/2272,train,group-1edf9af2935addda,2272
true/2273,train,group-5d89212c483f177a,2273
true/2274,train,group-55071b9ab321c309,2274
true/2277,train,group-21e5b7248247ee54,2277
true/2278,train,group-1cc11b3914635a4d,2278
true/2279,train,group-cb2bd47d5162c73d,2279
true/2280,train,group-9504fd570358b3c9,2280
true/2281,train,group-da42e5fdce82a14a,2281
true/2282,train,group-082fe5e47eb1a3c9,2282
true/2283,train,group-b8e691f45139d662,2283
true/2286,train,group-079f1989b3759ea7,2286
true/2287,train,group-473b20e16e9cdc9c,2287
true/2288,train,group-510508981843dd34,2288
true/2289,train,group-71d469c48575f461,2289
true/229,train,group-267d7ac131986d1d,229
true/2293,train,group-d1a20a0295a1fde3,2293
true/2295,train,group-214003788b0041d7,2295
true/2297,train,group-b0de934b3146778f,2297
true/2298,train,group-35f753373be1b93d,2298
true/2299,train,group-ea1325a8f991b4a3,2299
true/230,train,group-bf59ae25d54c5a52,230
true/2300,train,group-8f377c32b41efdd0,2300
true/2303,train,group-c2565d77e74504a3,2303
true/2305,train,group-6643e61f8a07e3e7,2305
true/2308,train,group-548662230a6d2263,2308
true/2309,train,group-b170d05a2b924055,2309
true/2310,train,group-39572d7f7192b7e9,2310
true/2312,train,group-305e6855b82561d2,2312
true/2313,train,group-74e22261da70b70a,2313
true/2314,train,group-27aff4cdbbf3961a,2314
true/2315,train,group-3e850c9b31e54af2,2315
true/2318,train,group-cc8f9bb4775eac85,2318
true/2320,train,group-b692bca39abe195f,2320
true/2323,train,group-1a803668f51db483,2323
true/2325,train,group-426c491e5280bf45,2325
true/2326,train,group-c9993bd1e33088c3,2326
true/2328,train,group-f69206c71e6fa364,2328
true/233,train,group-2571ada958011c12,233
true/2330,train,group-7dbeac6d0b80d9db,2330
true/2333,train,group-e591c60431fb2f45,2333
true/2335,train,group-9e257052ab91a938,2335
true/2336,train,group-104bd0e331df285d,2336
true/2337,train,group-b60dd1be7bef425f,2337
true/2338,train,group-37c51f30c3ae2dd3,2338
true/234,train,group-2be9367e3aa5e69a,234
true/2341,train,group-6548a3e50552c1d1,2341
true/2342,train,group-5b681facc8d889fc,2342
true/2343,train,group-6c1536887ca07fd7,2343
true/2344,train,group-a01eca8ac24d10de,2344
true/2347,train,group-34a4a3e4a3f76d20,2347
true/2349,train,group-084faaf46e7eb251,2349
true/235,train,group-1b1f93cf7759e48e,235
true/2350,train,group-2e7792a099c595ba,2350
true/2351,train,group-c7e49708bfe5acc5,2351
true/2352,train,group-213d63af10bcbf17,2352
true/2354,train,group-59b3c0e835926e9e,2354
true/2356,train,group-ec711dca4abb54bd,2356
true/2357,train,group-2de70713f83ce5c3,2357
true/236,train,group-4e6747bb4ce90717,236
true/2360,train,group-2ccc1e13ad32617a,2360
true/2361,train,group-dd1d3aa524c9bbec,2361
true/2365,train,group-2c9806abe273e5ac,2365
true/2369,train,group-1fbe3fcf075834cb,2369
true/237,train,group-71d4481cd0ce7049,237
true/2370,train,group-e379a7062e12c859,2370
true/2373,train,group-1efdd8f1e6286e02,2373
true/2376,train,group-288490b4bcf4bfbb,2376
true/2377,train,group-41bb700aac9d1d06,2377
true/2378,train,group-4a35e0cb6befd02a,2378
true/2380,train,group-52150f6a2101966b,2380
true/2381,train,group-aa1f8880802eecc3,2381
true/2382,train,group-cb21702ce8d8bf26,2382
true/2383,train,group-8c0b9a8dec17d9a8,2383
true/2385,train,group-d7346b20b7cd454e,2385
true/2386,train,group-6b767ed3409c5430,2386
true/2387,train,group-9344f921bd181bfa,2387
true/2388,train,group-65a61e9880d48594,2388
true/2390,train,group-07ff1f15ab695d50,2390
true/2392,train,group-09429eb088ec461b,2392
true/2393,train,group-e27134b836963bbf,2393
true/2394,train,group-3e3eff58d6274b92,2394
true/2395,train,group-ca5c888a4d35ad5b,2395
true/2398,train,group-379c92c8d9c7608f,2398
true/240,train,group-3e392ff312c60af7,240
true/2400,train,group-e264e72dbc61c409,2400
true/2401,train,group-d87e815e8eae3ee6,2401
true/2402,train,group-4721b51002bdca20,2402
true/2404,train,group-7024dbf4bb37091d,2404
true/2405,train,group-1d6beffef7f82f85,2405
true/2406,train,group-a27900dfbbbef94e,2406
true/2407,train,group-174709add91f054f,2407
true/2408,train,group-17cc3b4e28d46f21,2408
true/2409,train,group-da88e0c2fc457cf8,2409
true/241,train,group-28a0921a7574d162,241
true/2410,train,group-68c6d70df751e474,2410
true/2411,train,group-d241f5a0002e3af9,2411
true/2416,train,group-6529777f4455a48c,2416
true/2417,train,group-5b181d61c7775f7c,2417
true/2418,train,group-ccde694763b6339e,2418
true/2419,train,group-cb8b6ef5466cfa5d,2419
true/2421,train,group-2fd414a32db682d4,2421
true/2422,train,group-45ea439ee0043ab7,2422
true/2425,train,group-f37ae78ac4d77172,2425
true/2426,train,group-5df3eff902743b06,2426
true/2427,train,group-036f8828f91c3710,2427
true/2428,train,group-38c2cd03437026d1,2428
true/2429,train,group-e8b5b0c39dfea9ea,2429
true/243,train,group-a247e10beea1cc72,243
true/2431,train,group-854c0bc5f6c4c535,2431
true/2432,train,group-d040cd23d05c2c5c,2432
true/2433,train,group-d0bb608445effd91,2433
true/2434,train,group-817266357b3f727a,2434
true/2435,train,group-cefb7388bc8d6a3c,2435
true/2436,train,group-07d34c315e5efde5,2436
true/2437,train,group-523aee7318157093,2437
true/2438,train,group-be5679989c1b9aba,2438
true/2439,train,group-04558eded3d35098,2439
true/2441,train,group-2bd4366a7180d2a2,2441
true/2442,train,group-f8a95d98f2ea1536,2442
true/2444,train,group-fb384d37316ff664,2444
true/2448,train,group-5bb2158482a46a8b,2448
true/2449,train,group-8aa0415b92d9a1c5,2449
true/2450,train,group-8fda5d81122c2949,2450
true/2453,train,group-c339cb5f620fa203,2453
true/2455,train,group-1f18f1ea0c0a054f,2455
true/2456,train,group-e458783c7de9c664,2456
true/2457,train,group-4c571a3eafa3f997,2457
true/2459,train,group-75daea434958da4b,2459
true/246,train,group-84345d3e854c4613,246
true/2460,train,group-5cf1f3c5f6a1a755,2460
true/2461,train,group-2025d664644469aa,2461
true/2462,train,group-fba53c72c002b0b1,2462
true/2464,train,group-6da9ad9e3ea4f547,2464
true/2465,train,group-c329521b2319c444,2465
true/2467,train,group-0f8b4adf3991219c,2467
true/2469,train,group-2e996683efc82228,2469
true/247,train,group-c32804ff602fef17,247
true/2471,train,group-ca66cf1f1a031fc1,2471
true/2472,train,group-22b2e50a401b8f99,2472
true/2475,train,group-65b25aff1b846c7d,2475
true/2477,train,group-10949d232b2f0892,2477
true/2478,train,group-3509a5427d8c32bc,2478
true/2479,train,group-6ed168b27e37198b,2479
true/2480,train,group-02977216aefcb54b,2480
true/2482,train,group-acb83faf391d7664,2482
true/2486,train,group-0d1e6353e626e8f8,2486
true/2487,train,group-808158d2945245c1,2487
true/2489,train,group-7f6db3e10031366e,2489
true/2491,train,group-82b04176410832cd,2491
true/2493,train,group-b93f3747fbc35266,2493
true/2495,train,group-0bea85614177b040,2495
true/2496,train,group-8395e9d1c1f29aea,2496
true/2499,train,group-3da6f0a56918e4cd,2499
true/25,train,group-8fa2621bfdb71ecf,25
true/2501,train,group-abe5e6c46fee3c6f,2501
true/2502,train,group-601c2a7bd01b5cf2,2502
true/2504,train,group-7a43a4bf5493151c,2504
true/2505,train,group-ce788aa02b970407,2505
true/2506,train,group-9ff37127b6f72acc,2506
true/2508,train,group-296776405c1d932d,2508
true/2509,train,group-471f68a7d80b7f66,2509
true/251,train,group-e76f923d726a81f1,251
true/2513,train,group-4ba9a5c30079d572,2513
true/2514,train,group-b1d77e4a77c2cb9a,2514
true/2519,train,group-a5bd7e9c8036a392,2519
true/252,train,group-d5b67ffa343dd654,252
true/2520,train,group-a5b1624868f685ff,2520
true/2524,train,group-aac9651e1630e07b,2524
true/2526,train,group-75ee1f76e7d11ab3,2526
true/2527,train,group-87872c06da41e770,2527
true/2528,train,group-14ab8f68b343664d,2528
true/2529,train,group-aef6ddf86221bf24,2529
true/2530,train,group-9de40b9deaddf714,2530
true/2531,train,group-ea907b06b2561ebd,2531
true/2532,train,group-7074a1c07bb88687,2532
true/2533,train,group-ad64a316db8e344d,2533
true/2534,train,group-411b8241bd1d5622,2534
true/2536,train,group-7d47c097c2861282,2536
true/2537,train,group-909649fa3ab4827d,2537
true/2538,train,group-02c2657016f567c1,2538
true/2539,train,group-a2dd79833a34cc3d,2539
true/254,train,group-ffdd6784dbcfc082,254
true/2540,train,group-4a63d6c4bb64a419,2540
true/2541,train,group-6a4bf7ae6be204c4,2541
true/2542,train,group-010ebedcf33a7e2a,2542
true/2546,train,group-8a6d4d7d6cff4d76,2546
true/2547,train,group-3e9211a8e554c75b,2547
true/2548,train,group-b9473f03d4403680,2548
true/2549,train,group-a33da6eaac22e8a1,2549
true/255,train,group-955aecc9952d1e60,255
true/2550,train,group-39252324cea65297,2550
true/2552,train,group-4accc509e54e7e93,2552
true/2553,train,group-879fbe157284b6e2,2553
true/2558,train,group-60df85080125359e,2558
true/2559,train,group-534adc5f41876ee0,2559
true/256,train,group-8e9fd378f48c6f71,256
true/2561,train,group-be81f8dcca702f8d,2561
true/2562,train,group-8e5dae5416066943,2562
true/2563,train,group-d7f2e11423c1b18e,2563
true/2564,train,group-81047178becfdac8,2564
true/2565,train,group-d604b1facda4522e,2565
true/2566,train,group-9b7b04d21d37ede9,2566
true/2567,train,group-b0c4e2b8319dce50,2567
true/2568,train,group-906f1cee2a85f409,2568
true/2569,train,group-b6b4fe7f52fcc415,2569
true/2570,train,group-fe37500a1910a44f,2570
true/2573,train,group-869188866aa2b44e,2573
true/2575,train,group-496feb3989c112cb,2575
true/2576,train,group-29452de7636870f7,2576
true/2577,train,group-0aa69436f3b0a85f,2577
true/2578,train,group-bd7b563bb8019a97,2578
true/258,train,group-0b6627dfa2b72c48,258
true/2580,train,group-98e61a1f52bf3963,2580
true/2582,train,group-ee8e910d7d73d4cf,2582
true/2584,train,group-e86726ccd5ebaa48,2584
true/2585,train,group-59a97f4d3359798c,2585
true/2587,train,group-da998b259c133d38,2587
true/2588,train,group-fb61ea3f5590c7dd,2588
true/2591,train,group-9b9e1d9d01209eab,2591
true/2592,train,group-e73ae0364dec93b3,2592
true/2594,train,group-ceac13f5b5558c2d,2594
true/2595,train,group-dccbbcaf885bb010,2595
true/2598,train,group-a7c47ecb2e3b4db6,2598
true/2599,train,group-1e677aa1b7202988,2599
true/260,train,group-29e2eed7abb0c6f0,260
true/2600,train,group-4f0fd9153492295b,2600
true/2602,train,group-003cc812ab907c4a,2602
true/2603,train,group-1210e611d7686c79,2603
true/2606,train,group-cb1c04239d23c919,2606
true/2607,train,group-10c11ebe834a2d4d,2607
true/2608,train,group-7250aebd3983b99e,2608
true/2609,train,group-08db71cad545355a,2609
true/261,train,group-10468b609dc8b48a,261
true/2610,train,group-ec4e918f2f1de853,2610
true/2613,train,group-6943d90185a10d72,2613
true/2614,train,group-d845fdd88a5d4ecf,2614
true/2616,train,group-63cbcaabc516343b,2616
true/262,train,group-14e9947fdc31a9d4,262
true/2620,train,group-d17f2a380671f94e,2620
true/2621,train,group-68e46671e88cbc20,2621
true/2622,train,group-f2eacd6545c88c67,2622
true/2623,train,group-4a5457e15b6599c8,2623
true/263,train,group-8336c4dcc1eab9ab,263
true/2630,train,group-c23eedd6358b089a,2630
true/2631,train,group-3dc2f7c9599636cd,2631
true/2635,train,group-84f07b7662d6310b,2635
true/2636,train,group-210a408540419449,2636
true/2637,train,group-36737894d905179c,2637
true/2638,train,group-9fa6942b891cc088,2638
true/2640,train,group-66c89db7bfe95b0d,2640
true/2641,train,group-7f59d2669004fb13,2641
true/2642,train,group-fc1e24d05d9ac849,2642
true/2645,train,group-c55ac5a8bbea9935,2645
true/2646,train,group-64e1c86d8a331848,2646
true/2648,train,group-11849803b6c105a6,2648
true/265,train,group-a00a0325ca282a79,265
true/2650,train,group-6615999ee966937b,2650
true/2652,train,group-d232f4e025aecc47,2652
true/2657,train,group-6198b04522b51329,2657
true/2659,train,group-5e28a4587ef070ed,2659
true/2663,train,group-7d7271238bd64390,2663
true/2664,train,group-a04d1e38331d7dfe,2664
true/2665,train,group-f1b59577a9963b45,2665
true/2666,train,group-6b60b14d07f164c3,2666
true/2667,train,group-d0f96ba424cbe4fe,2667
true/2668,train,group-75e2cc0093e5c1ad,2668
true/2669,train,group-b88090e4c3e89940,2669
true/267,train,group-040184540d918fd3,267
true/2670,train,group-882d565bdf1de0f1,2670
true/2671,train,group-95d9d0368ba581a2,2671
true/2676,train,group-d85e54f5db144f9f,2676
true/2677,train,group-160f866f0af516df,2677
true/2680,train,group-0bbff8cfd32db0f9,2680
true/2681,train,group-6fc1a7af30b66568,2681
true/2682,train,group-710579cfba4267d6,2682
true/2683,train,group-1eb99afab27c85ab,2683
true/2685,train,group-1e7b4e57744a0afa,2685
true/2686,train,group-b9ad7faf60cfd94b,2686
true/2688,train,group-9133912f095899a6,2688
true/2689,train,group-b766d8324cf133ae,2689
true/269,train,group-4606fa8bafcab84b,269
true/2691,train,group-6fed99a7b860c5e7,2691
true/2693,train,group-c77791a142ffbdd8,2693
true/2694,train,group-bae3eb00f235a014,2694
true/2697,train,group-a280aae6fa27fcbf,2697
true/2698,train,group-a196626f0225496b,2698
true/2699,train,group-7d89e3eb2a5b85ce,2699
true/2700,train,group-7f9b33af639fa483,2700
true/2701,train,group-44455cce7739eb73,2701
true/2702,train,group-741a40fbd549c396,2702
true/2703,train,group-582aacca7e0d36f8,2703
true/2704,train,group-28863bd247864b8a,2704
true/2707,train,group-06ceee54b543e04e,2707
true/2708,train,group-58aa3d6a6b3b129d,2708
true/2709,train,group-62725494eabcf80e,2709
true/271,train,group-3d4920bae141467a,271
true/2710,train,group-2d256b7b52e6b01f,2710
true/2711,train,group-a298a095a24812e0,2711
true/2714,train,group-e8b0d78e989518a5,2714
true/2716,train,group-7fccfbd65438f4a0,2716
true/2717,train,group-0bd5422a21b964f8,2717
true/2719,train,group-2ebb8ba92664ba19,2719
true/272,train,group-931245167ed97a0e,272
true/2721,train,group-0a0825c513b1a9dc,2721
true/2724,train,group-a8de02cc9fd5ad8b,2724
true/2725,train,group-1c65b9ef116ce161,2725
true/2728,train,group-2a73e845af9d64de,2728
true/2729,train,group-645eb8fd485bbb67,2729
true/273,train,group-e12d42009c33fca1,273
true/2731,train,group-b8e7b7411e04b354,2731
true/2734,train,group-28606700ca7eb8cb,2734
true/2735,train,group-3acebdef065dfa94,2735
true/2737,train,group-b7fcabd0e770cd88,2737
true/2738,train,group-f46b7232d6ddbc32,2738
true/274,train,group-949445835b2e0643,274
true/2741,train,group-f8d9a1937c39421d,2741
true/2742,train,group-8be8228014e678eb,2742
true/2744,train,group-11c6977322c960e8,2744
true/2747,train,group-3f2aac974d4014b1,2747
true/2750,train,group-5dbb8f3742975cce,2750
true/2751,train,group-5f0981515c9dbb0f,2751
true/2752,train,group-26f20d6ce88339a0,2752
true/2753,train,group-a53f56a9a09c3af0,2753
true/2754,train,group-e90800fa2e172f25,2754
true/2756,train,group-4acef8e373e47982,2756
true/2757,train,group-d768bc76430c957e,2757
true/2763,train,group-7d6c0ff6c395eb22,2763
true/2765,train,group-2bacc1413a55c16f,2765
true/2767,train,group-615a78d5e772220a,2767
true/2769,train,group-29a5fffe6d4823c5,2769
true/2770,train,group-56bb26ce8fe9fc88,2770
true/2771,train,group-15377182dd3833c7,2771
true/2773,train,group-c09b40efded4779e,2773
true/2774,train,group-e417c9ed61c9334a,2774
true/2776,train,group-d729411fe5a40efe,2776
true/2778,train,group-05f8d16d497ad0b0,2778
true/2779,train,group-19472439c196dda0,2779
true/278,train,group-f07be22009a71970,278
true/2780,train,group-43b648924c107d21,2780
true/2782,train,group-838690401e874821,2782
true/2784,train,group-595971f5ca4842a8,2784
true/2785,train,group-c8deeb1ba54c0d19,2785
true/2789,train,group-d52958032fab1a38,2789
true/279,train,group-5b9a0bc8ca1d4490,279
true/2790,train,group-da6d94f4499225f8,2790
true/2794,train,group-dbb780d12a18b3b0,2794
true/2795,train,group-7eceba54200979e6,2795
true/2798,train,group-6aaaa66fd7bc7dc7,2798
true/28,train,group-3a53897e16333645,28
true/280,train,group-0094faa5ce8d4f3d,280
true/2801,train,group-5e4b63c6f6e379d8,2801
true/2802,train,group-5ae01d11b36b61ae,2802
true/2803,train,group-0a919c0cb16b8916,2803
true/2804,train,group-909a3c2744dc5363,2804
true/2806,train,group-af6137f508151ca5,2806
true/2807,train,group-2f2ec84c28384427,2807
true/2809,train,group-191b0879707416d4,2809
true/281,train,group-2131af320197fa5f,281
true/2811,train,group-bfd894f132dbb212,2811
true/2812,train,group-5111b5bf155a8134,2812
true/2813,train,group-749346c68dcec8cb,2813
true/2815,train,group-62498c49520acc77,2815
true/2817,train,group-3f7011127f58e391,2817
true/2819,train,group-b47582fc3078ef66,2819
true/2820,train,group-516c54da32fe0707,2820
true/2822,train,group-0bac75bbe4931817,2822
true/2823,train,group-a282acfc33a7b62d,2823
true/2824,train,group-6408ab2b417aab0e,2824
true/2826,train,group-d6121cf62e469736,2826
true/2829,train,group-0f516087212affe8,2829
true/2830,train,group-8b76c2982625a7f6,2830
true/2831,train,group-4165d4d0185792d1,2831
true/2832,train,group-40ec5cb3ab5d9e33,2832
true/2833,train,group-8a9da7161543ad44,2833
true/2834,train,group-c62cce39d1cf1fbe,2834
true/2839,train,group-601aa4e40efe732d,2839
true/284,train,group-b58ed4e68628436d,284
true/2840,train,group-f2f360e4da089f61,2840
true/2843,train,group-861c2c2a03afed6e,2843
true/2845,train,group-5d6df34317f58391,2845
true/2847,train,group-85ee3a9f79f6e922,2847
true/2848,train,group-320780639178e656,2848
true/2849,train,group-81d23e1fa8d0bbbd,2849
true/2850,train,group-40f3e664721472a7,2850
true/2853,train,group-73a2101788603ca3,2853
true/2854,train,group-647acceef9b27af6,2854
true/2855,train,group-60166f00117919c4,2855
true/2856,train,group-142f304d567b5ca8,2856
true/2857,train,group-ee603251a6ed0f8c,2857
true/2859,train,group-8563502846b2939f,2859
true/286,train,group-38d7cd8cbd9681de,286
true/2861,train,group-f11e96d1133ed03a,2861
true/2862,train,group-0470fb0953dceff1,2862
true/2865,train,group-13a2f5ce3600dd46,2865
true/2867,train,group-df403bda668a03ba,2867
true/2868,train,group-fea6e237d85f9019,2868
true/2870,train,group-58067c1879aa4732,2870
true/2871,train,group-8e2e64db0a56f898,2871
true/2872,train,group-cd24130fcc202aca,2872
true/2873,train,group-39d7d8a0640ff5a8,2873
true/2874,train,group-f41e482a4f0fa1f5,2874
true/2875,train,group-e2460c989d80c762,2875
true/2876,train,group-f1ceebd2f4a550e7,2876
true/2878,train,group-d1b82e34e9125f39,2878
true/2880,train,group-4a2cb11b18c6ad90,2880
true/2881,train,group-ab15aee96225199a,2881
true/2882,train,group-a679a6a1e70ec50e,2882
true/2885,train,group-929f482715809f31,2885
true/2886,train,group-d5f36dac0b8f82c5,2886
true/2887,train,group-145b93f6a57db2d2,2887
true/2888,train,group-876b90cde5d02188,2888
true/289,train,group-729eb9cde0845fb1,289
true/2890,train,group-b4a74b7335ee8959,2890
true/2891,train,group-8386b44b146ab35a,2891
true/2892,train,group-606a3709bdd76f17,2892
true/2894,train,group-a62b1bf6696947fb,2894
true/2896,train,group-46d19cb1e3c84ee5,2896
true/2897,train,group-e6c9b3a1aa19b73e,2897
true/2899,train,group-f4786db7daeda897,2899
true/29,train,group-ea277fc5bed12461,29
true/2901,train,group-7552b45588014cc8,2901
true/2903,train,group-0cea48fa783f28b7,2903
true/2904,train,group-3c43ec7925409a49,2904
true/2905,train,group-3862bcf3b8ca3bf3,2905
true/2906,train,group-ad2a5156b16e0a63,2906
true/2909,train,group-9b32ed5f9209807c,2909
true/2910,train,group-74a2cf1f7dcd8f06,2910
true/2915,train,group-bfaa6026ac72d216,2915
true/2916,train,group-f4a7ae67c62ee34d,2916
true/2917,train,group-deb75ad9bdbdaf68,2917
true/292,train,group-5322381ebbe0f82d,292
true/2925,train,group-979daf5cbdf67f06,2925
true/2926,train,group-5a4a52eb923dc141,2926
true/2927,train,group-205eea17b7ee7b36,2927
true/2930,train,group-b16885331a3b5426,2930
true/2931,train,group-403fd7e2ba42926f,2931
true/2933,train,group-c8c1ad7544c4e882,2933
true/2934,train,group-e6eabf4de7c22c01,2934
true/2936,train,group-a0db2518961b3ed1,2936
true/2940,train,group-d9c6e27ca2ba6cef,2940
true/2941,train,group-0a392a028984aff5,2941
true/2942,train,group-2623916dcc0c76e3,2942
true/2943,train,group-2000d7c6ff0dfe00,2943
true/2945,train,group-40e3fd4b96f8ff9b,2945
true/2947,train,group-42f10043d78d8e8b,2947
true/2948,train,group-eae0d5b90d59e550,2948
true/2949,train,group-135529da48fea3b9,2949
true/2950,train,group-1ce01ed900573a44,2950
true/2952,train,group-3157c3866ccef1ae,2952
true/2953,train,group-7bf20b892973122a,2953
true/2954,train,group-5387bdf6267b2d55,2954
true/2959,train,group-572a912ae835a893,2959
true/296,train,group-9dadd505cd13c706,296
true/2960,train,group-a786b747ac7c2577,2960
true/2962,train,group-94cbbea8c0ca4e2c,2962
true/2967,train,group-7b44f8ed6ba9b495,2967
true/2968,train,group-cf1e37267ce611b1,2968
true/2969,train,group-eb396f9da0d411d6,2969
true/297,train,group-ed7b75d54565f9fb,297
true/2970,train,group-375b17c76894fa7b,2970
true/2973,train,group-6c99726af05221c0,2973
true/2974,train,group-917b9d66ee3cf402,2974
true/2977,train,group-eb07a2ad6f800932,2977
true/2978,train,group-0d496e77358a3e8b,2978
true/2979,train,group-ba9b5a70f780ab0f,2979
true/2980,train,group-08890bd953224d5c,2980
true/2981,train,group-b945eccf8ce824bd,2981
true/2984,train,group-f8ba5c175d6a120e,2984
true/2986,train,group-95061127e81a148a,2986
true/2988,train,group-003a144bd8c5254b,2988
true/2989,train,group-b35e13fc93e5e1a6,2989
true/299,train,group-93438c95ced1858e,299
true/2992,train,group-b7675030c4c6dae5,2992
true/2993,train,group-22634a63da5034d7,2993
true/2994,train,group-e3be7e2c961d91fe,2994
true/2996,train,group-f392d7245a1e0d47,2996
true/2997,train,group-b2877a2ca97e21b3,2997
true/2999,train,group-0799c681d24b7529,2999
true/30,train,group-9ca02810e5294498,30
true/300,train,group-828be65e592520b7,300
true/3000,train,group-fd4035a3a94c7c9b,3000
true/3001,train,group-0f6a7746e1ad45c2,3001
true/3002,train,group-97cd367bc0116815,3002
true/3005,train,group-1146268447bd291d,3005
true/3009,train,group-b7fb84ac4b89bca0,3009
true/3011,train,group-1aafa27b188712a5,3011
true/3014,train,group-77b80390bc835dae,3014
true/3015,train,group-05c2ec8d13c5f01c,3015
true/3017,train,group-16247f2ce437e31e,3017
true/3019,train,group-6e96ade431c7b805,3019
true/302,train,group-4d08d0dce4ddc67b,302
true/3021,train,group-ce05c82a4c337eab,3021
true/3022,train,group-be51af9ad4ac91bf,3022
true/3023,train,group-b78f97c34c188000,3023
true/3027,train,group-9bcc455f9f368776,3027
true/3028,train,group-04735417205fc0e2,3028
true/3029,train,group-0e7d202427e68acf,3029
true/303,train,group-a102276c4cfb972c,303
true/3034,train,group-53dad6c4f60dcbf1,3034
true/3035,train,group-206e93e39ae11d4d,3035
true/3037,train,group-baf0062e3f6b2402,3037
true/3038,train,group-80a9f13ceb3bb61b,3038
true/3039,train,group-7aab60071f45515a,3039
true/304,train,group-1a61a6aefeb958cf,304
true/3040,train,group-0bc0caabb133fce9,3040
true/3041,train,group-1b7c13c5f8826752,3041
true/3042,train,group-21d1a78b4ce10f97,3042
true/3044,train,group-a67b8d86c0f80f8b,3044
true/3045,train,group-151af844dc23f22b,3045
true/3046,train,group-b3142a9d560efb29,3046
true/3049,train,group-409c30fc3e5b34cc,3049
true/305,train,group-dee845899d2659fa,305
true/3051,train,group-6110fb98c243d95c,3051
true/3052,train,group-d4bc175cf2a821cf,3052
true/3053,train,group-110a5bfb68edc238,3053
true/3055,train,group-f544465270b03a6c,3055
true/3056,train,group-a62fc4bc7a92c8af,3056
true/3057,train,group-b646884191aad8e9,3057
true/3058,train,group-9ad6e4921b914da7,3058
true/3059,train,group-595b66740355533a,3059
true/306,train,group-19172dd47f25e748,306
true/3060,train,group-ad33a731a0b1e962,3060
true/3062,train,group-529787772e1b4c97,3062
true/3063,train,group-73352bdc56c5418a,3063
true/3064,train,group-ba4618712cd2aafd,3064
true/3065,train,group-30940dd25edd3dc8,3065
true/3066,train,group-7ece239c580dc1e7,3066
true/3067,train,group-5f2914b2f1c2ff8f,3067
true/3068,train,group-1c4807290ba96285,3068
true/3070,train,group-e9f2b47a43e51055,3070
true/3071,train,group-6d57d61d2c59ecfe,3071
true/3072,train,group-eabb8df86a4baf87,3072
true/3074,train,group-6a0357b5b954d452,3074
true/3075,train,group-54bd2d2ebd680004,3075
true/3076,train,group-be6a9c4dc0711cfe,3076
true/3077,train,group-f40ca56d54cee50f,3077
true/3078,train,group-e16d0a02cc9bac59,3078
true/3079,train,group-fa1763a50463da46,3079
true/308,train,group-c5f559f3140da87f,308
true/3080,train,group-6f381f075f3d0d1a,3080
true/3081,train,group-24b27795d8003366,3081
true/3082,train,group-95000413b4473ca6,3082
true/3085,train,group-1c580469ff60b6d8,3085
true/3087,train,group-e942981441a74f9d,3087
true/3089,train,group-deda1edf3c67cebb,3089
true/3094,train,group-fce5c9042529fa76,3094
true/3095,train,group-65f2409bd301c249,3095
true/3097,train,group-bfa7aa21f38b7f60,3097
true/3098,train,group-fb7b1d2ee38489de,3098
true/310,train,group-12abb8d24aab1a2b,310
true/3100,train,group-57edcb1c27f4ad87,3100
true/3101,train,group-e14e004bac919a40,3101
true/3102,train,group-56b62d99c22acdfb,3102
true/3104,train,group-f1d8788337a00d2a,3104
true/3105,train,group-336572ff72ee68db,3105
true/3106,train,group-793fa359de1a0a68,3106
true/3108,train,group-b8c5e50b51f6c029,3108
true/3109,train,group-18ef1262b8387795,3109
true/311,train,group-df4ec41be353315c,311
true/3111,train,group-d83e517b22c17f06,3111
true/3112,train,group-32141c6c641d61f6,3112
true/3114,train,group-84f179a3dd203870,3114
true/3115,train,group-bafbb0fb23eca3fd,3115
true/3117,train,group-80cc22d1695c4ffa,3117
true/3118,train,group-984afa68c7c4745b,3118
true/312,train,group-c7a3f8af53ed7a05,312
true/3126,train,group-6b7b4df6af0229c7,3126
true/3127,train,group-e2b477d30e12025e,3127
true/3129,train,group-44261dd5027ee170,3129
true/3131,train,group-4991f30e993d3019,3131
true/3133,train,group-42ad44437849fc45,3133
true/3134,train,group-b9d9849e47f2c9cb,3134
true/3136,train,group-f1483a19b25274fd,3136
true/3137,train,group-b3a936a90c28d54d,3137
true/3138,train,group-258f869f273b4a11,3138
true/3139,train,group-6a11f02638b4593d,3139
true/314,train,group-3949de98b0093774,314
true/3144,train,group-4d8e5b562023e4cc,3144
true/3145,train,group-f921b25064600e1d,3145
true/3146,train,group-3c53fb5975d9366d,3146
true/3147,train,group-f50e99d8f6ea61ab,3147
true/3148,train,group-822d99b54215439e,3148
true/3150,train,group-4431f4b2fdcaf601,3150
true/3152,train,group-2ffefb5dafd40df8,3152
true/3153,train,group-6ae3646ef2a83612,3153
true/3154,train,group-bf57d1559a0fd5c5,3154
true/3157,train,group-e53cb5165d343219,3157
true/3158,train,group-364d4c440eaebd6c,3158
true/3159,train,group-ad0b77b1b89c0380,3159
true/316,train,group-213678f8adf83fb0,316
true/3162,train,group-7e8eb7096ac2a32f,3162
true/3164,train,group-ae57e6e65550d89c,3164
true/3165,train,group-0321f07e88463925,3165
true/3166,train,group-bf4c2c0bf56d296f,3166
true/3168,train,group-cb7b70eebb89406e,3168
true/3169,train,group-cb873a66aabcfe38,3169
true/317,train,group-0242666c85b7ab26,317
true/3170,train,group-e428bcad255de1de,3170
true/3173,train,group-33c8cff462dacd84,3173
true/3174,train,group-989f9f380feeb6e9,3174
true/3177,train,group-f0883ce6ee538a44,3177
true/3178,train,group-0d6d5695e08b1204,3178
true/3179,train,group-85e0fcf8ecaf55aa,3179
true/3182,train,group-e09c001d333f709f,3182
true/3183,train,group-0fdfb0603866c823,3183
true/3184,train,group-1fa52b3cce9ba06e,3184
true/3186,train,group-6f1e81476dcfd901,3186
true/3188,train,group-f5a833005f225a05,3188
true/319,train,group-dd8f365a9949f050,319
true/3190,train,group-5d48f004d66a80b4,3190
true/3191,train,group-6b6fa8a99853f969,3191
true/3193,train,group-7b81059ffd4f71a2,3193
true/3194,train,group-f6d93135a2a24573,3194
true/3196,train,group-9b7fdec6be0837c4,3196
true/3197,train,group-35b300f7491d46e4,3197
true/3199,train,group-7ab78ad2af260f1e,3199
true/32,train,group-738356db75cefa14,32
true/320,train,group-fed357626a800c3a,320
true/3200,train,group-ca9b62d7983c938c,3200
true/3202,train,group-b1308ed6bab151de,3202
true/3203,train,group-413162e46c2939e7,3203
true/3205,train,group-1db27dbf86302227,3205
true/3206,train,group-bf2ab4ae994c98b7,3206
true/3207,train,group-8df87816260f9f09,3207
true/3209,train,group-5289ffa733352274,3209
true/321,train,group-2bb16ea18314d46d,321
true/3210,train,group-222834820df96038,3210
true/3212,train,group-dbdf050dd15b2731,3212
true/3214,train,group-c71994c50a5b8825,3214
true/3215,train,group-85c83bd0de57b854,3215
true/3219,train,group-6c0295afeeda1f53,3219
true/3221,train,group-c1e2e4d8f83f7674,3221
true/3225,train,group-e24891dc4b89ead9,3225
true/3226,train,group-d7ad1ffab33614ec,3226
true/3227,train,group-0330638551ce9e37,3227
true/3228,train,group-d6df28120afb6955,3228
true/3229,train,group-659ab9f622dcf66e,3229
true/323,train,group-6c331c9170f28221,323
true/3232,train,group-f68d27c62b6d54df,3232
true/3233,train,group-a24134f8d8ae4bb0,3233
true/3234,train,group-03f9923095a8b778,3234
true/3235,train,group-03f488cc2b2b0da5,3235
true/3239,train,group-6905566c0a056839,3239
true/3241,train,group-3202beab3c790196,3241
true/3242,train,group-3d98076eb401c75e,3242
true/3243,train,group-75958e2eb087bf40,3243
true/3245,train,group-17d2a34290d159d1,3245
true/3246,train,group-93d0afd9eb857e6c,3246
true/3248,train,group-92ce3557d14d9b0f,3248
true/3249,train,group-559e6ea86001a2f0,3249
true/325,train,group-f837fb36742fb919,325
true/3251,train,group-3761708639d89afd,3251
true/3252,train,group-e0bd049c8882e8cf,3252
true/3253,train,group-c01c29ca75f0075b,3253
true/3255,train,group-aceaebcd9f156da3,3255
true/3256,train,group-b4776fca56d69f2b,3256
true/3257,train,group-c3d02b94914e2f37,3257
true/3258,train,group-e5e2e7ca644f60ce,3258
true/3259,train,group-fb80a9bc9d4914fa,3259
true/326,train,group-b1bdc1fdef03a1bf,326
true/3260,train,group-1c6a90eea8a9ca75,3260
true/3264,train,group-c800f5f0cfe8e584,3264
true/3266,train,group-22f1e8298fc566cb,3266
true/3267,train,group-428ae10c031d71a0,3267
true/3270,train,group-e70eb63ea0b237a6,3270
true/3273,train,group-a18d2449679a6e33,3273
true/3276,train,group-45547155393dd484,3276
true/3277,train,group-813e3756fe9bd40c,3277
true/3278,train,group-23b9ec065f6f12a3,3278
true/3280,train,group-6bcbc9ac0f993149,3280
true/3281,train,group-eee07a519a4cffb6,3281
true/3283,train,group-446263ebf107b301,3283
true/3284,train,group-5f8f300eb2904f75,3284
true/3285,train,group-284cc65c271ac469,3285
true/3287,train,group-bde407a6730ac099,3287
true/329,train,group-bae529942a217fca,329
true/3290,train,group-665a80358ef52ef9,3290
true/3293,train,group-fe56e915d2fd4280,3293
true/3297,train,group-bc74d64338ccff98,3297
true/3298,train,group-8a12d44663b77fcb,3298
true/3299,train,group-1794de3b0c680225,3299
true/330,train,group-0c8525a0984f3aa4,330
true/3301,train,group-9cabe993e36793de,3301
true/3303,train,group-385455fc9c650569,3303
true/3304,train,group-0acd60eb7859392f,3304
true/3305,train,group-80e8a3434783013c,3305
true/3306,train,group-cf155c872834dd45,3306
true/3308,train,group-c53ae802410d91d2,3308
true/331,train,group-0839ef6e5c204a0b,331
true/3310,train,group-5c32ea7fca00a2ee,3310
true/3311,train,group-c92c4a63886c84df,3311
true/3314,train,group-de48170ff1a5fe95,3314
true/3315,train,group-628bfb8270d5c717,3315
true/3316,train,group-e834f27a5d5a6224,3316
true/3317,train,group-2ee431b87791ed54,3317
true/3320,train,group-54b8c55bf5d4a027,3320
true/3322,train,group-5fe0568cd8b3503d,3322
true/3323,train,group-0024d68c9ebdeb0c,3323
true/3324,train,group-85564206fc24d242,3324
true/3325,train,group-9b69e8c5e15cae8c,3325
true/3327,train,group-fa48a52214a8861f,3327
true/3328,train,group-5a0430acbec89b46,3328
true/3329,train,group-956d3a6e731c3f6e,3329
true/333,train,group-167afa2440ec3751,333
true/3330,train,group-257d7662ecb8fd43,3330
true/3332,train,group-964afb8c37ef7375,3332
true/3335,train,group-f42c633419b571eb,3335
true/3337,train,group-2908c4edb5d6aed4,3337
true/3338,train,group-96760cc8486c3068,3338
true/334,train,group-c92dc7993126aff4,334
true/3341,train,group-00b91c13af082ce3,3341
true/3344,train,group-3552ddfec67e2274,3344
true/3347,train,group-af86b68be223d1b0,3347
true/3348,train,group-61245262df836b6b,3348
true/335,train,group-4b727bbe17b9d9ac,335
true/3353,train,group-21e5a1863c036192,3353
true/3354,train,group-d58131eaae7fb49f,3354
true/3355,train,group-33f7b0ea658c5723,3355
true/3360,train,group-07dabfa50dd321df,3360
true/3362,train,group-f722357852d71693,3362
true/3366,train,group-0b4169b7137b43b1,3366
true/3367,train,group-10bbff3d509d27cf,3367
true/3369,train,group-8ae1a7d62bcfa9c4,3369
true/3370,train,group-d724a75a44a6e043,3370
true/3372,train,group-319147be13bec296,3372
true/3374,train,group-91d2de1a20b7fa2e,3374
true/3375,train,group-e9faaea04c38943a,3375
true/3378,train,group-5e9b70913e2fd613,3378
true/338,train,group-9a2f7b4512939b10,338
true/3380,train,group-e3fb0ae665599656,3380
true/3384,train,group-c2ecb8e5af77f08b,3384
true/3386,train,group-0ff5245578468f6e,3386
true/3387,train,group-f3dc6148e29b5d8c,3387
true/3388,train,group-323236734fd07989,3388
true/339,train,group-0410062c027681b7,339
true/3390,train,group-88c38e64e4002c1d,3390
true/3391,train,group-36f77786a0a2e9ce,3391
true/3392,train,group-7d4e2576828c2059,3392
true/3393,train,group-01fc51b2ef3e0067,3393
true/3396,train,group-aaec962b68da74c9,3396
true/3397,train,group-48cc28b1539a300d,3397
true/34,train,group-1098fe6bbae42b3a,34
true/3400,train,group-25776dc4416224ba,3400
true/3404,train,group-4f88bedf2f9d13e7,3404
true/3405,train,group-9cf064fd574dfb78,3405
true/3407,train,group-25fc765120b9c2ce,3407
true/3408,train,group-54ee22ea8e915fdf,3408
true/3409,train,group-06abf0c0cabf215f,3409
true/341,train,group-ee9d8cd1ebf76f6e,341
true/3410,train,group-97b4bcda25dd0415,3410
true/3412,train,group-2582a29443903f96,3412
true/3413,train,group-16af562035c9cdbb,3413
true/3417,train,group-5bb5fbc06bfa98f2,3417
true/3419,train,group-029cf6212d42be2f,3419
true/342,train,group-9df5b1a1f9431124,342
true/3420,train,group-e61b179411108313,3420
true/3422,train,group-ab0d744b41b7541c,3422
true/3423,train,group-9f59a5c67ebca4b6,3423
true/3425,train,group-c7e514e659bd82af,3425
true/3426,train,group-77def2cac6db2072,3426
true/3427,train,group-96d54fd8ef4d0c9e,3427
true/3429,train,group-51ef5ca84bcaed2d,3429
true/343,train,group-eeac645def86d6ce,343
true/3430,train,group-8f5d7fb8d2ff0bc3,3430
true/3431,train,group-98e08bcb38be8ac4,3431
true/3432,train,group-a4d8146f8d1535cd,3432
true/3434,train,group-215125eec8cf6ea3,3434
true/3435,train,group-0c58b9a52dbc806d,3435
true/3436,train,group-541756e53d77cfa4,3436
true/3437,train,group-7b03790bb626f906,3437
true/3438,train,group-21caae010ef2daac,3438
true/3439,train,group-67204eae43e4e4d1,3439
true/344,train,group-edb2adce497c196a,344
true/3440,train,group-c3b4d0fbf8efb048,3440
true/3441,train,group-536a2bb5cd94ee31,3441
true/3445,train,group-f1c7fc017aa53315,3445
true/3446,train,group-6457912eb21a8e87,3446
true/3447,train,group-d5a1d72e8ade3dae,3447
true/345,train,group-ce8b3905acb984c7,345
true/3450,train,group-5d68f8b71620cd99,3450
true/3451,train,group-2189b9b9fa4d6e5b,3451
true/3452,train,group-8f8457af4c66a4d2,3452
true/3453,train,group-2fb92e1ef0cca7e2,3453
true/3455,train,group-e4f942767a81f4e1,3455
true/3456,train,group-7c1e8e75ac2f1180,3456
true/3459,train,group-929869a44a21e7fa,3459
true/3460,train,group-82a9415a22caa8a2,3460
true/3462,train,group-73be3f34f85d8ca1,3462
true/3468,train,group-383e86339cae60bf,3468
true/3469,train,group-ce3992b99a81333d,3469
true/3470,train,group-e97f50e3e0ef05e7,3470
true/3471,train,group-a34121928482e90a,3471
true/3472,train,group-074f81336f8ba050,3472
true/3473,train,group-a0c0fb0fc64cc4f0,3473
true/3475,train,group-91599202dcbb8601,3475
true/3477,train,group-5d02fc46057d9393,3477
true/3478,train,group-ec52aaff67384db4,3478
true/3479,train,group-fed337f154cdde91,3479
true/348,train,group-f5b3f5c974fcc551,348
true/3482,train,group-d776baef77894dfd,3482
true/3485,train,group-5aa62a1c3e7c055f,3485
true/3486,train,group-56d41af2ffde655d,3486
true/3487,train,group-569aa7961881d500,3487
true/3488,train,group-d8031ce91b0b3649,3488
true/3490,train,group-1473102bab418f10,3490
true/3491,train,group-64e227ef2aa3f1a1,3491
true/3492,train,group-ef2137edb868629c,3492
true/3493,train,group-0e5cabad670e6a18,3493
true/3494,train,group-b4037e59b081a40e,3494
true/3498,train,group-72fde91232b67a30,3498
true/3499,train,group-20e3fbe2734321b2,3499
true/35,train,group-e51bc934a58c6b4a,35
true/350,train,group-280b07b50f3e0e1f,350
true/3500,train,group-61c53513f4cd9bcb,3500
true/3502,train,group-0b0b5739f220a891,3502
true/3503,train,group-05c4371ecad2e28c,3503
true/3508,train,group-7854acf5c2f52b1d,3508
true/3512,train,group-b49210044d8e498f,3512
true/3514,train,group-13ee1c8248c00b63,3514
true/3515,train,group-44ba949b78035df2,3515
true/3518,train,group-c883d821007e8410,3518
true/3519,train,group-0a355cfd62eb5806,3519
true/352,train,group-bc564d76aa42fbe0,352
true/3521,train,group-9b3700417f53426a,3521
true/3522,train,group-a1af8092df63f483,3522
true/3523,train,group-23b71b7e58bfd26e,3523
true/3524,train,group-9fdd9f0e97b09e6a,3524
true/3525,train,group-71d4c710ce0e228f,3525
true/353,train,group-2eb2e312ecd5f362,353
true/3530,train,group-3639e9360b00a3e2,3530
true/3531,train,group-24facf44168c0418,3531
true/3532,train,group-6ee3d46a5ed6237d,3532
true/3535,train,group-e59d3db1af30918c,3535
true/3536,train,group-526be4c0c9120452,3536
true/3537,train,group-92bff59444bb775f,3537
true/3538,train,group-5fdb6e1ed7756774,3538
true/3539,train,group-cf4848053a4880c2,3539
true/3541,train,group-a8391887ef8e9122,3541
true/3544,train,group-0752db13a5a555e3,3544
true/3545,train,group-7023a4d0dd6ae0ae,3545
true/3546,train,group-e00a862819c720da,3546
true/3547,train,group-bfa548e6874aead3,3547
true/3548,train,group-c0179c871d014b5d,3548
true/355,train,group-aa8786b5dd9e62ec,355
true/3550,train,group-f5c02e046a5fd2e2,3550
true/3552,train,group-1b3e6f2ce6d7b0b6,3552
true/3558,train,group-cfed6e2de0fe527f,3558
true/3559,train,group-b53ca84fea413ef8,3559
true/356,train,group-f6b48e40d283efca,356
true/3561,train,group-59f3cee01daf5ae9,3561
true/3563,train,group-438b1796e099816d,3563
true/3565,train,group-843b1159ffb70cf4,3565
true/3566,train,group-31bae30361aa3443,3566
true/3567,train,group-2cfce7d18348e448,3567
true/3568,train,group-12ae519da0ea54eb,3568
true/3575,train,group-c7cdb16547aff3d8,3575
true/3576,train,group-6c888e5b8ea8596c,3576
true/3577,train,group-5db9a76620871c56,3577
true/3579,train,group-63c93067029e9c99,3579
true/3580,train,group-0e69f6d9f2efa0e9,3580
true/3585,train,group-6a554e87456f7222,3585
true/3586,train,group-a130dbae5e45a02a,3586
true/3588,train,group-dfc95f0d3d0117af,3588
true/3589,train,group-e75ec4237e7e6185,3589
true/3590,train,group-1001c3f2a7a3afaa,3590
true/3593,train,group-21274032dc12a93f,3593
true/3596,train,group-19b04eb6bd020cae,3596
true/3597,train,group-00b4d720819dd547,3597
true/36,train,group-4030d08f9f583ece,36
true/360,train,group-3dc864106d5b3062,360
true/3601,train,group-dbec8a362d430477,3601
true/3602,train,group-a6d37b195700e0d3,3602
true/362,train,group-4befc552fe60bda5,362
true/363,train,group-f6019b80dede50cb,363
true/364,train,group-30514275978ec51b,364
true/365,train,group-8ddfc3d1719fb786,365
true/366,train,group-8c91d18bd1267dd5,366
true/37,train,group-37f0192c7bac6211,37
true/370,train,group-d2caab92714d7750,370
true/372,train,group-56e2913ec9bc5dd1,372
true/378,train,group-bd7a7ea380c6c3a9,378
true/379,train,group-0477e72baebb7ccb,379
true/38,train,group-28e005291e8c293b,38
true/380,train,group-7dd53f33e8332699,380
true/381,train,group-758987e83ba4e39f,381
true/382,train,group-e8e8680ad0a9f1f7,382
true/383,train,group-12af70b1444f2d2d,383
true/386,train,group-08ddbd35c786bc43,386
true/387,train,group-bb5b7e3bb1118584,387
true/388,train,group-b58aa61a9bdcf417,388
true/389,train,group-2c72c7feea6f2ae7,389
true/39,train,group-8cade2cde2dbea97,39
true/392,train,group-0b3ccba7e0a3e970,392
true/393,train,group-c35405e2f624d9f8,393
true/394,train,group-79acd29a357d1423,394
true/398,train,group-1f9ef3d8ee8da19c,398
true/399,train,group-a78cc71fd0f4640e,399
true/400,train,group-97c6262facace2da,400
true/402,train,group-8b70aeb214a52e89,402
true/403,train,group-c1cb5aeea5a9373e,403
true/404,train,group-b9bfa31d4fc3929f,404
true/405,train,group-be5482230d413142,405
true/406,train,group-012bad77586f4a5e,406
true/411,train,group-a07fac7c28936a8a,411
true/412,train,group-1647ba72df1497f0,412
true/413,train,group-951e83e4705dff70,413
true/414,train,group-03142d980d455bb4,414
true/416,train,group-cd8d0dfc2037b4ca,416
true/417,train,group-0a96608d0af3dafe,417
true/418,train,group-289a268600bc9d0e,418
true/42,train,group-b618ca34d9a8a899,42
true/424,train,group-daee6b8b326a7be9,424
true/425,train,group-fccb09a238e01689,425
true/426,train,group-b49857df1f41a386,426
true/427,train,group-30feca04da5f0891,427
true/428,train,group-606558de3ef7dd2c,428
true/429,train,group-ba4b09d568303cf2,429
true/43,train,group-394235f282b8feff,43
true/430,train,group-2b99ca88de71642d,430
true/432,train,group-92875c43d0a2c27d,432
true/433,train,group-12de1311351f9bcc,433
true/435,train,group-090e34bfc139b8a4,435
true/436,train,group-9bd85d8b69c59c3f,436
true/437,train,group-0b096a647595f9a6,437
true/438,train,group-64d57d94a3a049d0,438
true/439,train,group-11249b6a9956a382,439
true/440,train,group-7e86e9f0d6af75a5,440
true/441,train,group-9b3b9909c2fdccd6,441
true/445,train,group-193856ebae62affd,445
true/446,train,group-309120c51910da81,446
true/448,train,group-59b961b2eec4177e,448
true/45,train,group-bcf88e61933f5b39,45
true/450,train,group-cad6a6ea2e3c234e,450
true/452,train,group-9c0dbcab70ebfaba,452
true/457,train,group-ed5b36b9515a4018,457
true/458,train,group-ecb80dcb5532d417,458
true/46,train,group-0ab9549e105ad264,46
true/461,train,group-c2eaae4af01e56ea,461
true/462,train,group-05127bacca23f3ce,462
true/463,train,group-f3cc705a44c13e88,463
true/464,train,group-2c132135a7eac0c5,464
true/465,train,group-6dd591e00dff1798,465
true/466,train,group-565ef3064ca6c152,466
true/467,train,group-3ffbb0bfb1f34ec7,467
true/468,train,group-52fd380629deb86b,468
true/469,train,group-27c8c6dd6b7143a0,469
true/47,train,group-5182631242474a8e,47
true/470,train,group-74cb58088651d587,470
true/471,train,group-816657d43cec5adb,471
true/473,train,group-526b2026c3bc3f36,473
true/477,train,group-f01406a18cdc9ca0,477
true/478,train,group-687b954fa020e642,478
true/479,train,group-d11ce82d1d5c1cc0,479
true/481,train,group-b6322b0a7b6e16c2,481
true/484,train,group-16f4911be6420116,484
true/487,train,group-80be76ad238c71b4,487
true/488,train,group-cfa320f918593f26,488
true/49,train,group-dc33d059b7de6699,49
true/490,train,group-7b9e0c62c3c41bdd,490
true/491,train,group-6f7702135b38acf4,491
true/492,train,group-72d033db9b2e676e,492
true/493,train,group-f4d3f870e294195a,493
true/494,train,group-49422a39e418e847,494
true/495,train,group-0f2926021ea3649d,495
true/496,train,group-0a2651be777f90fd,496
true/497,train,group-78ce9934338a206b,497
true/500,train,group-cb5c707457386363,500
true/501,train,group-427c8a6def1e3ef5,501
true/503,train,group-2895efa6684bf6f3,503
true/504,train,group-e9d144e9002ac011,504
true/505,train,group-f952ca86938fc8b4,505
true/506,train,group-ede213f5a4d30b1b,506
true/508,train,group-c25ba3bb8d36f376,508
true/51,train,group-cf90ad18095814ac,51
true/511,train,group-af60a46772e8f0a4,511
true/512,train,group-6976e5c7203ea815,512
true/513,train,group-4df44a2a8d7e6297,513
true/515,train,group-cdf82c2fe2141f1c,515
true/516,train,group-757bfc4aa4613afd,516
true/517,train,group-4ea2607c30525051,517
true/518,train,group-e58933079a918107,518
true/519,train,group-b984a63b9bada821,519
true/520,train,group-e3c7300624bce5b9,520
true/521,train,group-4464db447e4a8196,521
true/522,train,group-6ff9c3314e70a611,522
true/523,train,group-8aab7ac332f3b950,523
true/525,train,group-2ca6eadbd34d3d48,525
true/527,train,group-05b12a88393c7c48,527
true/528,train,group-7064b0d05e148698,528
true/529,train,group-bdedae0ee4a14bb9,529
true/53,train,group-59aee4c471f0f36d,53
true/531,train,group-e9a815dd3f1bdd00,531
true/532,train,group-2ecd9d8118fc4e1a,532
true/535,train,group-5f6d718751d824aa,535
true/537,train,group-84557f39e3bdb3bb,537
true/538,train,group-7e207b25fb7341a8,538
true/54,train,group-c2d2781836082abf,54
true/540,train,group-af755c5955a06b29,540
true/544,train,group-28bd5984035aa634,544
true/546,train,group-3d0e3630289cce92,546
true/547,train,group-08c707554571ee3c,547
true/548,train,group-257b5a0d926efdd9,548
true/549,train,group-84715826cfb977bb,549
true/55,train,group-e6aa0321ef9e5956,55
true/551,train,group-8e3acecd50d3fbc9,551
true/554,train,group-5a7047580132add4,554
true/555,train,group-909a5389aa6e03a9,555
true/557,train,group-dc7f0da6bd6786b2,557
true/559,train,group-fc2377ff8a68457b,559
true/56,train,group-c8cb6da6ca846daa,56
true/560,train,group-e22a31f56fee7385,560
true/561,train,group-c45e3bdd2087a6cf,561
true/562,train,group-f1512568a5f465ff,562
true/563,train,group-505bcd810c152aab,563
true/564,train,group-8655719cc9f826d4,564
true/566,train,group-c69e936cca017ded,566
true/567,train,group-03c04dd455883c9c,567
true/568,train,group-28940ed6307b8c2e,568
true/569,train,group-34acea9b1c14cafe,569
true/571,train,group-b8022da272dba6dc,571
true/573,train,group-650640fdfeb9726d,573
true/574,train,group-299896072e836c28,574
true/575,train,group-9c300e0efe8ca645,575
true/58,train,group-2e2faf2bc2d07770,58
true/580,train,group-130f894c064208a8,580
true/581,train,group-a14ff106045e2917,581
true/582,train,group-fde75ea5dad81fff,582
true/583,train,group-219ea564353205b6,583
true/584,train,group-645f0499d202dc1a,584
true/587,train,group-d060f0c2fad36a98,587
true/59,train,group-d49d362645180450,59
true/590,train,group-249898277449cf6d,590
true/591,train,group-3ad30a316ecaf81d,591
true/592,train,group-6bd45c68f859bee5,592
true/593,train,group-7ec324b68f40b052,593
true/594,train,group-7692e19cc2d36bba,594
true/595,train,group-8222472898295bd5,595
true/598,train,group-577586affea19e72,598
true/599,train,group-714533d7ba4d1557,599
true/60,train,group-7acf1ace10f8d2c2,60
true/600,train,group-cde1eaf79b0ba2d2,600
true/603,train,group-02431e903e879a65,603
true/604,train,group-3f1d39f6b21f9085,604
true/606,train,group-2960d3ffc93c3b05,606
true/607,train,group-5c5b1e40debad859,607
true/608,train,group-1bc2dfe1f5b4a66f,608
true/609,train,group-208f8395d8f15767,609
true/61,train,group-aac840cf47c8bd9b,61
true/612,train,group-3e544592e2eaa433,612
true/616,train,group-abfb253305c520c1,616
true/617,train,group-150b5a2eb45141bc,617
true/619,train,group-d9f1520edc487f6f,619
true/62,train,group-39b39f35dd32a8bc,62
true/621,train,group-fc8bf3eb0265b394,621
true/623,train,group-f0010821068e1a61,623
true/626,train,group-2a20aca5663a03a3,626
true/627,train,group-1a759086c5d16e55,627
true/628,train,group-9cfdd649066a405d,628
true/629,train,group-69eeac547a8604dd,629
true/63,train,group-3bb2a3edec744d50,63
true/630,train,group-8c4dc4dd19edd84c,630
true/633,train,group-854ce59098505aea,633
true/634,train,group-0fdbc841005c5922,634
true/635,train,group-94ad18c415550b80,635
true/636,train,group-3e59f7d6c2d66280,636
true/637,train,group-8630feef6cb25805,637
true/638,train,group-3b513e0b4cb541ce,638
true/640,train,group-f920a5114f4ff337,640
true/641,train,group-8401d718e68f1fc2,641
true/643,train,group-f5aa9a9ec4369574,643
true/645,train,group-a6537ed611d399a5,645
true/647,train,group-e9e1af4855de6fc5,647
true/648,train,group-dcf541eb92d1d0dc,648
true/65,train,group-5665ec75d04cbd8b,65
true/650,train,group-eff350380b80e8b6,650
true/652,train,group-6b3aaf1f80cb9d1e,652
true/653,train,group-ebc9fb164df4bc48,653
true/656,train,group-6929fc611516262e,656
true/657,train,group-cd799e2aa10af1f8,657
true/658,train,group-d67d37f31e2bffe9,658
true/659,train,group-4d8f861d3e00904d,659
true/660,train,group-950eae06817df9d1,660
true/661,train,group-867ccfc711641815,661
true/662,train,group-a653f44eef0d7245,662
true/665,train,group-c02cbc137335454c,665
true/668,train,group-72be68ee4f10c43d,668
true/670,train,group-c99bc81fe0564cd4,670
true/671,train,group-5719eeddba3a6454,671
true/673,train,group-c94cd92d976c4056,673
true/675,train,group-d8ca811de6eab6aa,675
true/677,train,group-bfcc79a99a45d831,677
true/680,train,group-f1dd6c65c77a5894,680
true/681,train,group-383abc6e2b5bfe93,681
true/682,train,group-74b237e33058afa3,682
true/683,train,group-8eb68844cdbbd726,683
true/685,train,group-12238131d8a5d08a,685
true/686,train,group-0c2c76fabf1ce635,686
true/687,train,group-c387c060307cc5b4,687
true/689,train,group-2db483c625830286,689
true/69,train,group-aac840cf47c8bd9b,69
true/691,train,group-8c1179a6b9a931cd,691
true/692,train,group-bd0cb67b911c5d99,692
true/693,train,group-87f0159ca55bcd3b,693
true/694,train,group-68d5a458a0d10634,694
true/695,train,group-6047986b8c312cfc,695
true/696,train,group-fecfef9e211c937e,696
true/698,train,group-715dc897d4f19379,698
true/699,train,group-b5b794231d2207ac,699
true/7,train,group-b4b001fcabe46943,7
true/70,train,group-5dca54adb6d2597c,70
true/701,train,group-5a43fc5fa709c4b2,701
true/702,train,group-7875f0ff74e1b3db,702
true/703,train,group-8733cd25ba098e78,703
true/706,train,group-5d9ae7ef1bf86a50,706
true/707,train,group-717cc4eff057c25d,707
true/709,train,group-966de4f96bb7235f,709
true/71,train,group-feadcfe560b491f0,71
true/710,train,group-cb1af262a8b64904,710
true/711,train,group-494e23e2054411c0,711
true/714,train,group-42e6e7a04ee205a6,714
true/715,train,group-4b61745f79637f09,715
true/718,train,group-ff75dc545da9adc1,718
true/719,train,group-9a27f604074f27c9,719
true/72,train,group-746ce4894744e290,72
true/720,train,group-4ac3e330c8954c83,720
true/721,train,group-f9b2b6cd8441b2ba,721
true/723,train,group-b3615b3cc15cf4b3,723
true/725,train,group-40dc23e588004591,725
true/726,train,group-82dd6ca5c9a0363c,726
true/727,train,group-87fe795685db9262,727
true/73,train,group-d29096460ecc5b6a,73
true/730,train,group-ae08e95d10cac815,730
true/731,train,group-8009f2adfa68800b,731
true/734,train,group-2f0c507afe8426bd,734
true/735,train,group-1827f11504a01a6d,735
true/736,train,group-14b9567f73c54e2d,736
true/739,train,group-028ddc21bb308b73,739
true/74,train,group-d828d53cf0f3a439,74
true/740,train,group-d7301bde64b2ec5b,740
true/742,train,group-1214d9ca5c9ac0c8,742
true/743,train,group-6afafe9a9e496426,743
true/744,train,group-c1ecce14758c2f48,744
true/747,train,group-c0af09d3ba66f373,747
true/749,train,group-06a1448266ab8d0c,749
true/75,train,group-7ad5c0a1b36caacc,75
true/750,train,group-7424b7b0cb62db7d,750
true/751,train,group-ee03254dc2c1ea12,751
true/754,train,group-2bd7f59df66b6ca3,754
true/756,train,group-36f21c3cfec39ef0,756
true/757,train,group-2041fe0e98ab088f,757
true/758,train,group-89cd700e373dcae9,758
true/76,train,group-fe3ce287f8aab848,76
true/761,train,group-90ef370f5bf8e1ad,761
true/762,train,group-639efcd73f07ba86,762
true/764,train,group-3c58ffa08f275711,764
true/767,train,group-405de4a135c6613a,767
true/770,train,group-f261234f7fc5c6d1,770
true/771,train,group-01b0b0e157ecaa59,771
true/772,train,group-12c668edc5feb7a5,772
true/773,train,group-2b0fb2b909bc3a73,773
true/774,train,group-741af04beaaa4e8c,774
true/775,train,group-20a7cfa703ea6263,775
true/777,train,group-39ec0a828fb4150e,777
true/779,train,group-4d7b1389c34ed0a8,779
true/780,train,group-ed4e146be9c71003,780
true/781,train,group-05174e1fa75a7f8c,781
true/782,train,group-cdcaef13b56997ed,782
true/784,train,group-6b69ce9701a6caab,784
true/787,train,group-aef22994793f0e4f,787
true/788,train,group-acf4aefef92bb6a1,788
true/790,train,group-15807192c0ce924e,790
true/792,train,group-dbef2383dec19ebf,792
true/794,train,group-bc3e877fc2efcdb1,794
true/795,train,group-feb97876cf94bbee,795
true/798,train,group-1b794a4b8aa53176,798
true/80,train,group-85598f19b900df01,80
true/800,train,group-e2a3e2fe006130ad,800
true/802,train,group-5f461619dbe9816c,802
true/806,train,group-998f2bf6fcadd059,806
true/809,train,group-65ae7da5df1ee8fc,809
true/810,train,group-a1956de33e4fc142,810
true/811,train,group-f0212eb4cfa0b720,811
true/812,train,group-7e30aeae804c8eb6,812
true/813,train,group-8e685e3c4fe6d942,813
true/814,train,group-6e231af163751cb5,814
true/815,train,group-a5721a3cf575eb65,815
true/82,train,group-fda14163ad08d9b4,82
true/820,train,group-d5c2fc2d2ad23fb1,820
true/821,train,group-4114db6a363f1d1e,821
true/822,train,group-6e6f88ce2852478a,822
true/823,train,group-c9b6c3be19faeff4,823
true/825,train,group-b194d556f3e6bfed,825
true/826,train,group-dafc1329a087fc9c,826
true/827,train,group-d33b86b8859f171e,827
true/828,train,group-bc9f91734cd2aaab,828
true/829,train,group-de3947b9c20ab268,829
true/832,train,group-57c8708aabb16814,832
true/834,train,group-f69d9713fceda174,834
true/836,train,group-04a1dc708ca7b277,836
true/837,train,group-11e35c6d6793e470,837
true/84,train,group-06cdcc2f1aee1aa4,84
true/842,train,group-b1310633b5cac05b,842
true/843,train,group-fbe8418d7578d94c,843
true/846,train,group-397d9356a566192c,846
true/848,train,group-fbdf875db421ab51,848
true/849,train,group-bcca83ea7a954b51,849
true/85,train,group-8ffe2f1b21d01391,85
true/851,train,group-a74d6577c8288c98,851
true/852,train,group-9bef055ee4a00111,852
true/854,train,group-c63369c910c42e32,854
true/855,train,group-25851cce8d4e2207,855
true/857,train,group-cbaef1c5dda95c37,857
true/858,train,group-3043037fa2390384,858
true/860,train,group-53559dcf7f95af81,860
true/861,train,group-c035e8d021017cd6,861
true/865,train,group-38909200da54f179,865
true/870,train,group-b006f138719e0b2d,870
true/871,train,group-eeb09c558b76c6ea,871
true/872,train,group-2e227b99565f51e9,872
true/874,train,group-76e63a1c799e7654,874
true/875,train,group-3395734c63546a2d,875
true/876,train,group-f6b0bb7504d47f25,876
true/877,train,group-144d22b8fbaa4344,877
true/878,train,group-b95885c346513238,878
true/88,train,group-1f3a3f1cd3fe2648,88
true/880,train,group-cdc23c14be95c601,880
true/881,train,group-906e0975294eb345,881
true/882,train,group-0f99b15d83a3e795,882
true/883,train,group-023b0f26d7f16d94,883
true/884,train,group-59cc6a0a141a5927,884
true/886,train,group-51ecf5d4c224e5bc,886
true/887,train,group-b812bcce0a41d20b,887
true/888,train,group-4df7e122d58ff826,888
true/889,train,group-ca37de588141613b,889
true/89,train,group-0c4e8d324c0e00c8,89
true/890,train,group-eb48c663b5f1d929,890
true/892,train,group-f5f7358d882ab932,892
true/894,train,group-1bdc0e84be47776c,894
true/895,train,group-a44939b0b6ad772e,895
true/897,train,group-be3e58eb80e611ef,897
true/899,train,group-53f160b5128b82c6,899
true/9,train,group-bb35599791d1360a,9
true/903,train,group-77f4a98daa910aa7,903
true/904,train,group-b5a9d92f568fef86,904
true/905,train,group-6008d19ac356086e,905
true/906,train,group-9ad039e51a089ff3,906
true/907,train,group-7f09ed18862192cf,907
true/908,train,group-72fd628e121b5d82,908
true/91,train,group-66f52e9498476edf,91
true/910,train,group-5f17e82b1c5ffc64,910
true/913,train,group-d452909c1295ea62,913
true/914,train,group-b6e07ca256cca3e0,914
true/916,train,group-4a3a096a86ac8b0c,916
true/918,train,group-8b087ad4359ebeec,918
true/92,train,group-5116aaad16e9f1d1,92
true/921,train,group-39f3a95bd67a27d7,921
true/922,train,group-7e45cc2de0df5fd1,922
true/925,train,group-264cad77eeb31b8d,925
true/926,train,group-bb127eafc4346162,926
true/927,train,group-d835a20905164056,927
true/928,train,group-d1f5243e69d51c0c,928
true/931,train,group-f7dc8c7393b1705d,931
true/932,train,group-d4cc9ea31c7cf4f3,932
true/934,train,group-4a0639372f790b4a,934
true/936,train,group-d0cebef59008c119,936
true/938,train,group-a715b58f33dd1f5f,938
true/939,train,group-c4f7c489a9b86ff0,939
true/940,train,group-c6ec8e8a28db1ea5,940
true/944,train,group-72bd0a15d2823988,944
true/945,train,group-9ae5ceae8abe305b,945
true/947,train,group-ef8a7d2b0423d338,947
true/949,train,group-f0bbd839c7d01ff7,949
true/951,train,group-a5258bbf45886c6c,951
true/952,train,group-6105a06987fed2d4,952
true/955,train,group-63afb3d6986e0808,955
true/957,train,group-6aff56b5ab949463,957
true/958,train,group-90936bd07ea58eae,958
true/959,train,group-aaf4afbcca3d48ba,959
true/96,train,group-bc771e3ef995b5d6,96
true/960,train,group-5c19ff5b8249a7fc,960
true/961,train,group-16aaf914074e6099,961
true/962,train,group-5bbcd9999523a60c,962
true/964,train,group-4bce87da41a2d450,964
true/966,train,group-7479b05b3fd41dbb,966
true/968,train,group-6aa0cb4dd6c0f3ca,968
true/969,train,group-43d31f34e0f6462b,969
true/97,train,group-d8c83bcd246a7828,97
true/970,train,group-33b8796408276bd3,970
true/972,train,group-4bdd9e0ceb4e1c18,972
true/973,train,group-dca28449964a1808,973
true/974,train,group-667dfa034dc135f3,974
true/975,train,group-41e6d95157d8106d,975
true/977,train,group-ba3570f520278dab,977
true/979,train,group-a37d90e7445d2a8e,979
true/980,train,group-10f110053954fcea,980
true/982,train,group-be3d9fbbed3496d4,982
true/983,train,group-8bb8e04a9481389f,983
true/984,train,group-5b5355f5cd258a23,984
true/985,train,group-bc9075664d7a1d3b,985
true/989,train,group-c13baea406cc4a79,989
true/991,train,group-ad1b3893483828dc,991
true/992,train,group-9e19adc131fdecbb,992
true/994,train,group-dbe9e4fdc2b0ab97,994
true/995,train,group-5a6debb438f8261b,995
true/996,train,group-450c56d2df004ac7,996
true/997,train,group-6dbac845061ff48a,997
true/999,train,group-d26fb74e59108562,999
fake/100,validation,group-2802fda48e63f07f,100
fake/1000,validation,group-bcbaa617ed025011,1000
fake/1003,validation,group-fabb8155499c8bdd,1003
fake/1007,validation,group-2acec45c30402e40,1007
fake/1012,validation,group-371114d930354dcc,1012
fake/102,validation,group-db396a4e6086a022,102
fake/1020,validation,group-677a25da4b8ff5e4,1020
fake/1021,validation,group-fd1a0cb41f67daf3,1021
fake/1023,validation,group-3d2f60e52695661c,1023
fake/1029,validation,group-6cabecb1e4334d84,1029
fake/103,validation,group-3d2fed8c18bf604b,103
fake/1038,validation,group-cab144a71fb85064,1038
fake/105,validation,group-5ed40a2a9af3b13c,105
fake/1050,validation,group-6a28d1bce6165c24,1050
fake/1057,validation,group-90984f90129f2b14,1057
fake/106,validation,group-150a1a9e878d3748,106
fake/1068,validation,group-dc32e5f7b262cb2d,1068
fake/107,validation,group-fdd059631b226667,107
fake/1077,validation,group-1963d0b92aa0b096,1077
fake/1085,validation,group-458d855bae4e9ea0,1085
fake/1098,validation,group-d61ac71c21b0a1c9,1098
fake/1100,validation,group-77d071d818cc4b0f,1100
fake/111,validation,group-b89b437456a47613,111
fake/1117,validation,group-111becd2eaaccba2,1117
fake/1120,validation,group-9fd3a378b7a894ed,1120
fake/1122,validation,group-608a545e1e85d3c7,1122
fake/1123,validation,group-664bdd6494b1cbc4,1123
fake/1124,validation,group-a3d04f523ce02706,1124
fake/1126,validation,group-1eb5ce97c791436c,1126
fake/113,validation,group-ca2c1a14bdfb3839,113
fake/1132,validation,group-04b7ef495f8d8086,1132
fake/1133,validation,group-2f64111a59415817,1133
fake/1141,validation,group-aaac21ee2e96c18a,1141
fake/1143,validation,group-4eb68e1a54b9163a,1143
fake/1150,validation,group-a5ffeb84c45a9e55,1150
fake/1151,validation,group-345f32b8ee83fa90,1151
fake/1152,validation,group-2d5c40d898302cd1,1152
fake/1157,validation,group-7d7a12d8e890976a,1157
fake/1158,validation,group-30bc9f956d7dd801,1158
fake/1159,validation,group-35b044b254afbbd0,1159
fake/1163,validation,group-6deda01df6472809,1163
fake/1164,validation,group-39fb7789d1c4a27d,1164
fake/1166,validation,group-88992e3a6c0a8fca,1166
fake/1178,validation,group-cc61f1d5b80e441b,1178
fake/1193,validation,group-9e6bc715a203c032,1193
fake/1195,validation,group-d2ce1cdcaa078b0c,1195
fake/1206,validation,group-40dc1bc92d3bf8aa,1206
fake/1207,validation,group-e7906069a7707864,1207
fake/121,validation,group-22782c5757ff451d,121
fake/1214,validation,group-72ae3c340401f588,1214
fake/1219,validation,group-bc33197e4d06e38e,1219
fake/1220,validation,group-fa2ef44188b1787f,1220
fake/1223,validation,group-8044c97c172f3e4d,1223
fake/1224,validation,group-f296674d0387fe12,1224
fake/1225,validation,group-35c28138ecd846a5,1225
fake/123,validation,group-bdd55f76359e2c4f,123
fake/1233,validation,group-a91629f6d2d6635b,1233
fake/1236,validation,group-64279ac3436c05a2,1236
fake/1239,validation,group-4bc08e4604734e52,1239
fake/1245,validation,group-7cb282bd85e9e739,1245
fake/1247,validation,group-b31a9c46e1d3066a,1247
fake/1248,validation,group-ab027c7fe12121c0,1248
fake/1262,validation,group-19e392ee7f70d123,1262
fake/127,validation,group-5d17f9344c0144a0,127
fake/1271,validation,group-6efd892d388cedd6,1271
fake/1276,validation,group-77f7c7468c09bf6b,1276
fake/1277,validation,group-fe506373455e59c3,1277
fake/1280,validation,group-8105a008d5dde6b2,1280
fake/1286,validation,group-be84cea7be839c13,1286
fake/1288,validation,group-f44c5027253e6e1d,1288
fake/1291,validation,group-7e1e3c1f7c0d95b5,1291
fake/1294,validation,group-fbe885cf96a9c66e,1294
fake/1297,validation,group-103c9614b48f1ec5,1297
fake/1300,validation,group-cbc664db17343a75,1300
fake/1305,validation,group-8bee050645be4dc9,1305
fake/1310,validation,group-1a9c49ca7cddcab1,1310
fake/1312,validation,group-8b2bd42b0d42f82f,1312
fake/1316,validation,group-972358b5ccff6d0d,1316
fake/1319,validation,group-38e3f61bfff64643,1319
fake/132,validation,group-b4576b8191781afe,132
fake/1321,validation,group-46538171207fd118,1321
fake/1325,validation,group-1bb6e7861846e3d0,1325
fake/1329,validation,group-078c1a7bc933e18c,1329
fake/1333,validation,group-06ad9f4b1494e2f9,1333
fake/1334,validation,group-0a1e1becc58afafc,1334
fake/1335,validation,group-61cac238a8635e29,1335
fake/134,validation,group-ef3095af81db00ba,134
fake/1344,validation,group-84270588dc919ddc,1344
fake/1348,validation,group-ba3a04688879a72b,1348
fake/1353,validation,group-aef095de39fa2f4a,1353
fake/1355,validation,group-628735eb40860a6d,1355
fake/1363,validation,group-bddf0b1f34ed8adc,1363
fake/1364,validation,group-c7d84477787a4ae8,1364
fake/1368,validation,group-4be044b4df8116ac,1368
fake/1369,validation,group-12993741d7179927,1369
fake/137,validation,group-308f084b8457684d,137
fake/1370,validation,group-24690ec9f85c913b,1370
fake/1371,validation,group-fff298c2a4237876,1371
fake/138,validation,group-135cdbe8ff150d75,138
fake/1385,validation,group-127f6280c9238cca,1385
fake/1387,validation,group-e68991265394d270,1387
fake/1388,validation,group-7d3bb06fba4e6488,1388
fake/1389,validation,group-0f2101805ea8b744,1389
fake/139,validation,group-a4b09da816d55ba1,139
fake/1391,validation,group-69ef815d510a041f,1391
fake/1394,validation,group-200887156e06ad3e,1394
fake/1411,validation,group-273cc8658846003f,1411
fake/1423,validation,group-a9108803afdc327b,1423
fake/1424,validation,group-76baf3a261e2e2f3,1424
fake/1427,validation,group-94dd7c76c0cdde58,1427
fake/1433,validation,group-a9b9e8549405bab4,1433
fake/1435,validation,group-5b03fffaec5732ed,1435
fake/1437,validation,group-34ffb813b796ff89,1437
fake/1438,validation,group-182d42e50f70881b,1438
fake/1440,validation,group-71e9a47895b357d3,1440
fake/1446,validation,group-cd829106ec772987,1446
fake/1451,validation,group-49beca41146b8203,1451
fake/1452,validation,group-4ba5909e5f0f9711,1452
fake/1455,validation,group-18e71644ec4ec461,1455
fake/1461,validation,group-2a3c4b19a5ce4ffe,1461
fake/1463,validation,group-4e03b6b8a44ce10b,1463
fake/1464,validation,group-087eb771b2ff6d04,1464
fake/1472,validation,group-ca8aae48ec927873,1472
fake/1473,validation,group-d7b066a20c57bdc4,1473
fake/1475,validation,group-5dd511838412f80b,1475
fake/1481,validation,group-66f10a7d65e77829,1481
fake/1483,validation,group-b0e17b76afe69d01,1483
fake/1484,validation,group-d0fb773c6131bacc,1484
fake/149,validation,group-99ecf0e87d6fdd5b,149
fake/1501,validation,group-c0c26de6a68319c2,1501
fake/1509,validation,group-f6945bebdde3a57b,1509
fake/1510,validation,group-6d8364fcadbbd58f,1510
fake/1512,validation,group-284073a544566aa0,1512
fake/1522,validation,group-8582cad8d0fc1164,1522
fake/1523,validation,group-903c06f0da70d8ce,1523
fake/1530,validation,group-1ec15330532c6ebd,1530
fake/1533,validation,group-9b8d08721ce785d6,1533
fake/1535,validation,group-45e898c1a79d560e,1535
fake/1536,validation,group-a18a4e090a1b1ef9,1536
fake/1562,validation,group-20e6d96620fa8afe,1562
fake/1564,validation,group-0c6be4b3de1c019d,1564
fake/1565,validation,group-1b921544e73b4842,1565
fake/1575,validation,group-7381fb4d4b7b6402,1575
fake/1580,validation,group-e414957806b8c9be,1580
fake/1585,validation,group-6915b54e43fd8539,1585
fake/1594,validation,group-e30b5ce60eb38f40,1594
fake/1595,validation,group-f10b9c526060299c,1595
fake/1596,validation,group-bb0c84f0553a74d2,1596
fake/1603,validation,group-8ee9f95a5d4cec36,1603
fake/1605,validation,group-f850008d638a8b0d,1605
fake/1608,validation,group-72e62fac726b8286,1608
fake/161,validation,group-98fc75c7e8ab8eb2,161
fake/1620,validation,group-1e5ebcde2ef81ef0,1620
fake/1621,validation,group-cdc5841540450292,1621
fake/1629,validation,group-2c2028f39e8618d4,1629
fake/1636,validation,group-0e4a7ea0b26ef171,1636
fake/1640,validation,group-032d1c99f4f8c64d,1640
fake/1642,validation,group-fd33464aa96136d3,1642
fake/1652,validation,group-cfd7b7df5fa5ddbc,1652
fake/1657,validation,group-8533375e803d3f15,1657
fake/167,validation,group-1092ff473229b652,167
fake/1680,validation,group-f0396d6c2fad0cf4,1680
fake/1681,validation,group-7920886d7a2dbc58,1681
fake/1686,validation,group-7a79a0e31e3b7615,1686
fake/1687,validation,group-ae22cb5f2657d16c,1687
fake/1694,validation,group-18650ee132e94b62,1694
fake/17,validation,group-f56013fea9f82af1,17
fake/1702,validation,group-702cec4171f9dc88,1702
fake/1708,validation,group-1f46baf528bb5629,1708
fake/1713,validation,group-15c99b19179190e0,1713
fake/1715,validation,group-46ae922f903ab6ac,1715
fake/1717,validation,group-ed88c6d0047a3f8e,1717
fake/1719,validation,group-2363e8eded02f664,1719
fake/173,validation,group-064971bc9a605b22,173
fake/1735,validation,group-bd1065b04ee43357,1735
fake/1738,validation,group-deaf6fa4eab96907,1738
fake/1740,validation,group-1bb1694350234d46,1740
fake/1742,validation,group-485b0b85c73ec242,1742
fake/1744,validation,group-586e022b5959409a,1744
fake/1762,validation,group-b5521a723dc51e50,1762
fake/1763,validation,group-e696034e2262a1fe,1763
fake/1766,validation,group-e43a2c0203d0cf18,1766
fake/177,validation,group-3b27dcca0f8b73a5,177
fake/1771,validation,group-0533de7cfa7e656f,1771
fake/1774,validation,group-508ed6f142f21724,1774
fake/1781,validation,group-a9a7d647f064f62c,1781
fake/1785,validation,group-75f2222b24684e47,1785
fake/179,validation,group-8753699a9ca46c60,179
fake/1792,validation,group-f2e6e76c2eee1044,1792
fake/1794,validation,group-5bd888170073fa1a,1794
fake/1795,validation,group-ec185c552b6d3a1f,1795
fake/180,validation,group-e1c8de368a025278,180
fake/1804,validation,group-e408090edae8c267,1804
fake/1812,validation,group-0d5d7f090a1c0e4a,1812
fake/1817,validation,group-0b7f7b52b61d81e2,1817
fake/182,validation,group-4acaeaebf17c0b68,182
fake/1820,validation,group-69f5f085bf5c79d5,1820
fake/1825,validation,group-a22d401ee4b08594,1825
fake/1827,validation,group-108ea56df7042639,1827
fake/1832,validation,group-e527b61a9d2b9288,1832
fake/1842,validation,group-22e08c1b2885bff9,1842
fake/1845,validation,group-6cf8c8360ae81400,1845
fake/1850,validation,group-18a70a3e220aaf6d,1850
fake/1852,validation,group-86384ceafcdee564,1852
fake/1853,validation,group-327ddad3e316342f,1853
fake/1855,validation,group-080e874c57baf632,1855
fake/1881,validation,group-b4d2c9c785c7c086,1881
fake/1883,validation,group-269f7bb05807df9f,1883
fake/1890,validation,group-610790f83797f367,1890
fake/19,validation,group-61ed1d8b08d3477e,19
fake/1900,validation,group-5b94895dd1818cd4,1900
fake/1902,validation,group-086ddf17a6d32eba,1902
fake/1904,validation,group-a022a41e53b8c092,1904
fake/1905,validation,group-a6dfa86d94e4faef,1905
fake/1906,validation,group-39b45a6e09daed88,1906
fake/1912,validation,group-b79d859b82f5fd78,1912
fake/1915,validation,group-e07d51a1de162dda,1915
fake/1919,validation,group-d2d6d10573b0c5d7,1919
fake/1922,validation,group-e842e5675dbe8fe5,1922
fake/1923,validation,group-ef19eeda0b7ca3e6,1923
fake/1930,validation,group-1c17adbc64f2ad5c,1930
fake/1931,validation,group-96a3cad4e2b13c50,1931
fake/1939,validation,group-f0fbcf0bcd7a1b0e,1939
fake/1942,validation,group-ebb344ac0f509fb6,1942
fake/1946,validation,group-dd15c1dd3cb07517,1946
fake/1954,validation,group-a630a0356d269fad,1954
fake/1959,validation,group-abe2642956a67384,1959
fake/1963,validation,group-f98608367791a357,1963
fake/1979,validation,group-017262a5d5600e0e,1979
fake/1980,validation,group-4b4b092d0cf18147,1980
fake/1981,validation,group-6623b54623003b9a,1981
fake/1987,validation,group-b3e6e3a9fd5a77be,1987
fake/1991,validation,group-e9f85f05914697bf,1991
fake/1993,validation,group-c2f982f53194c713,1993
fake/2,validation,group-f8b0e5397a7ec62b,2
fake/200,validation,group-015561fc1ce9e213,200
fake/201,validation,group-c9af827a62ab9716,201
fake/2012,validation,group-ed1555b9b5a38951,2012
fake/2018,validation,group-67d6fa800ef76983,2018
fake/202,validation,group-cabba8d4e39a4845,202
fake/203,validation,group-3bf7e3d2b2ee9b76,203
fake/2031,validation,group-02484bddf6efb822,2031
fake/2037,validation,group-7ea005d0659631e5,2037
fake/204,validation,group-b8c925258384b9b1,204
fake/2048,validation,group-b2511c94dac569ce,2048
fake/2049,validation,group-4c101fdfd46658b9,2049
fake/205,validation,group-380d51613ddb20cc,205
fake/2050,validation,group-16d070357a6b2e96,2050
fake/2058,validation,group-1f78801100f49aaa,2058
fake/2059,validation,group-feb1b1bcc72a8775,2059
fake/206,validation,group-1d571c783c95c37b,206
fake/2065,validation,group-e2fccb7c482c4833,2065
fake/2070,validation,group-7f8251c0e11725c2,2070
fake/2076,validation,group-5be4ab196b3469d3,2076
fake/2078,validation,group-8fa6917ddd31e1b9,2078
fake/208,validation,group-f52d300c5f039e45,208
fake/2082,validation,group-d0d77a5c03fb9564,2082
fake/2084,validation,group-14e017e28cb9b135,2084
fake/2091,validation,group-1b93db9e95f8f0c6,2091
fake/2092,validation,group-ee0c9a837825edfb,2092
fake/2093,validation,group-59a9a171887429d8,2093
fake/210,validation,group-ea9086f067b63116,210
fake/2109,validation,group-b73aea6b3ae3defb,2109
fake/2112,validation,group-370acee6307be0b2,2112
fake/2119,validation,group-f93f06d6c85474c1,2119
fake/2126,validation,group-9a706d9f5276b6af,2126
fake/2128,validation,group-5b8a4290dd4fadec,2128
fake/2132,validation,group-d5e8c00720f3ca0b,2132
fake/2158,validation,group-6d4efe4a2a350c91,2158
fake/2159,validation,group-c33ebf12be65301f,2159
fake/2162,validation,group-47f4eef9399f32fb,2162
fake/2165,validation,group-b3ed877e037b102d,2165
fake/2169,validation,group-089bea7841b03955,2169
fake/2172,validation,group-678318fcc9c8242e,2172
fake/218,validation,group-53d51f453b2a2456,218
fake/2183,validation,group-be95d48b1b262c0c,2183
fake/2188,validation,group-1ae7a8ec48d3956f,2188
fake/22,validation,group-8fae07fda8ce01e0,22
fake/2201,validation,group-c8111633287c5fd2,2201
fake/2204,validation,group-1f5807112e5bea00,2204
fake/221,validation,group-45a9a424eedbf255,221
fake/2212,validation,group-33c0c4acd8c7011c,2212
fake/2230,validation,group-0005849692b722b5,2230
fake/2252,validation,group-c6909cb4ec6daa8e,2252
fake/2254,validation,group-e19031fe705a668e,2254
fake/2255,validation,group-50bd4dde67c84d80,2255
fake/2256,validation,group-64fe0437d9dd58d9,2256
fake/2262,validation,group-8bf1d990668a6984,2262
fake/2263,validation,group-dfb01f83f7807b95,2263
fake/2275,validation,group-aaedd94433b6342b,2275
fake/2276,validation,group-38a2a207ce7e4f74,2276
fake/228,validation,group-8062d638af33c8d6,228
fake/2291,validation,group-8c683d1ead92c1b6,2291
fake/2292,validation,group-6cd2e410ac5e78d0,2292
fake/2294,validation,group-53e4b242ab72ac24,2294
fake/2307,validation,group-cd50c9b521cdd4e4,2307
fake/231,validation,group-bfa24325e529e9ce,231
fake/2316,validation,group-20d615efad699cd1,2316
fake/2317,validation,group-f75eb71eeda44ada,2317
fake/2319,validation,group-2500ae8e9eeccafa,2319
fake/232,validation,group-6dfefdce130becc1,232
fake/2324,validation,group-3a99604436a1d1e9,2324
fake/2331,validation,group-861356ef34b6900a,2331
fake/2332,validation,group-457d27c3e19745ad,2332
fake/2334,validation,group-44348ecd5e6fd3a1,2334
fake/2339,validation,group-cdb1c827ce342027,2339
fake/2340,validation,group-f1302fa9a7672735,2340
fake/2345,validation,group-5fca9de6ee75331d,2345
fake/2348,validation,group-6012cd34f927b029,2348
fake/2353,validation,group-7933c98f2cd956cb,2353
fake/2358,validation,group-89a984b7dfbfe6f1,2358
fake/2364,validation,group-c6d8b948f1167ef2,2364
fake/2366,validation,group-a0233564ecef0040,2366
fake/2367,validation,group-07b27030b7d778dd,2367
fake/2374,validation,group-49f4bbf925e701fc,2374
fake/2379,validation,group-62c566c2e5d82597,2379
fake/2384,validation,group-588b5b5642fdc839,2384
fake/2389,validation,group-660c1fd59c6a0ce0,2389
fake/24,validation,group-6a2731a783260bfb,24
fake/2403,validation,group-28bc97f531aaf16b,2403
fake/2412,validation,group-f3b9f5840c838ec3,2412
fake/2413,validation,group-569d1ee722dda4a7,2413
fake/242,validation,group-076346f175c13f55,242
fake/2423,validation,group-f1e0f2999d917cc4,2423
fake/244,validation,group-7be5d859e0b97020,244
fake/2447,validation,group-7a94f2635c02c013,2447
fake/245,validation,group-7d8e62b05201acdf,245
fake/2451,validation,group-e9b616e93338c884,2451
fake/2452,validation,group-50699432d7119520,2452
fake/2470,validation,group-8094d683b49b0438,2470
fake/248,validation,group-dd98695152e08c5c,248
fake/2481,validation,group-f6b1a65bc33fca27,2481
fake/2483,validation,group-839bfbf61e299abb,2483
fake/2485,validation,group-11f0adf65cb05bed,2485
fake/2494,validation,group-1ed0cfe02ba8314e,2494
fake/2497,validation,group-3c7f6338e6c8cc6c,2497
fake/2498,validation,group-0e1062ac8049b19c,2498
fake/2503,validation,group-1c17cf51b23d48b5,2503
fake/2507,validation,group-847db80adeae1d54,2507
fake/2512,validation,group-d6c2b4e5d2777877,2512
fake/2516,validation,group-f0c81c6f2a208b76,2516
fake/2517,validation,group-205bef06a769fc72,2517
fake/2518,validation,group-2111d529a1c26088,2518
fake/2521,validation,group-d57db8d38fe6ddf9,2521
fake/2545,validation,group-76b5097f544d8bee,2545
fake/2551,validation,group-2dbc197e82dfd730,2551
fake/2554,validation,group-a1fa6e04adc074e4,2554
fake/2556,validation,group-023bdbf3d9595dfc,2556
fake/2560,validation,group-c3a6324368e1604f,2560
fake/257,validation,group-d2b56d74285b09b0,257
fake/2571,validation,group-39f0f25cfa3ad897,2571
fake/2586,validation,group-93214711b0aa7857,2586
fake/2589,validation,group-4ff2e79000d71076,2589
fake/2593,validation,group-c75f0dec252ebe95,2593
fake/2596,validation,group-8935724b3d416e7b,2596
fake/26,validation,group-ec7a20b795cb3704,26
fake/2604,validation,group-769076d26971c705,2604
fake/2615,validation,group-af7e3a1b009d5e1f,2615
fake/2617,validation,group-455d0e913b41bb1a,2617
fake/2619,validation,group-9666b0c220c18deb,2619
fake/2624,validation,group-691e370cce758cb8,2624
fake/2627,validation,group-9375bf918415ab64,2627
fake/2632,validation,group-e15443e80dbeba03,2632
fake/2633,validation,group-75a98f6d8ae62a40,2633
fake/2639,validation,group-456597e0722031de,2639
fake/2647,validation,group-c6df8043b1d2c76b,2647
fake/2651,validation,group-8edd97e7bb0b7aad,2651
fake/2654,validation,group-baf65c220b8d2ac7,2654
fake/2655,validation,group-49c6cd6a4b3d8945,2655
fake/2656,validation,group-a6d5ec0e4a00d408,2656
fake/266,validation,group-c3fe198d0b45f2d0,266
fake/2661,validation,group-9b95a717b9af2e75,2661
fake/2673,validation,group-04a35812cb5010bc,2673
fake/2674,validation,group-ece2a3a4f71504fc,2674
fake/2679,validation,group-3a8b598c20a91f42,2679
fake/2684,validation,group-31ff4eab5fec59bd,2684
fake/2690,validation,group-5a15834eb9ed0972,2690
fake/27,validation,group-8bc410b1d0221b14,27
fake/2705,validation,group-f1f544a653e0406a,2705
fake/2706,validation,group-60e5301d517476cf,2706
fake/2715,validation,group-e3941793eb0e906c,2715
fake/2722,validation,group-9d72b87dd383502a,2722
fake/2723,validation,group-f1a96b462a283001,2723
fake/2726,validation,group-fd5039a4c2c6f561,2726
fake/2730,validation,group-9a08dd8f05573025,2730
fake/2732,validation,group-99903d819d944054,2732
fake/2739,validation,group-82bbd11a285ecf84,2739
fake/2740,validation,group-9ce58bf888e460e5,2740
fake/2745,validation,group-3b0d954a72e84194,2745
fake/2746,validation,group-9c3d27f320a2cfa3,2746
fake/2748,validation,group-e8b5b39afa09863b,2748
fake/2749,validation,group-67ecd0891bc28650,2749
fake/275,validation,group-fcdd823f943990fb,275
fake/2755,validation,group-468efd77beda1fd5,2755
fake/2760,validation,group-50c3251c0d97501f,2760
fake/2764,validation,group-cb2771b220b7f098,2764
fake/2766,validation,group-8d8f329319f82116,2766
fake/2783,validation,group-1052a5a07a67ecaf,2783
fake/2786,validation,group-248cad12634cc1f0,2786
fake/2788,validation,group-1c424fbc78a54f78,2788
fake/2791,validation,group-4340da3a6af25019,2791
fake/2793,validation,group-4298372372ef50d7,2793
fake/2796,validation,group-2e8bbac9c543a782,2796
fake/2797,validation,group-1eef0308d0890d5c,2797
fake/2799,validation,group-44bfc8fd2b0bf64d,2799
fake/2808,validation,group-ffab6e77fa4dd252,2808
fake/2810,validation,group-ff222d6b3423ba8f,2810
fake/2818,validation,group-e72c8afcbe19b1ba,2818
fake/282,validation,group-0c75103f40b467e4,282
fake/2825,validation,group-d0d50290e823b408,2825
fake/2827,validation,group-46437297fba9505d,2827
fake/2828,validation,group-8065e7b69cd9d952,2828
fake/283,validation,group-22a888bea76ad353,283
fake/2835,validation,group-503c43053c367698,2835
fake/2836,validation,group-e93dc50bfdc519f7,2836
fake/2837,validation,group-c39ac3137bb7c54c,2837
fake/2844,validation,group-e758c4c95c4edb19,2844
fake/2846,validation,group-49d6a09cda85ff82,2846
fake/2852,validation,group-0684046aceca41cf,2852
fake/2860,validation,group-562ff6f7a5ef39ed,2860
fake/287,validation,group-b26ccb05d4bfd564,287
fake/288,validation,group-39d1d2189be0b324,288
fake/2883,validation,group-a2a453db51acc504,2883
fake/2884,validation,group-2b5916533d79b66f,2884
fake/2895,validation,group-3dd1be973381b0c2,2895
fake/2898,validation,group-36612725e939048a,2898
fake/2900,validation,group-ac978db57c9b8c0a,2900
fake/2902,validation,group-52ba6a39fbe4f273,2902
fake/291,validation,group-92a91b68d9671962,291
fake/2911,validation,group-88d89a1c5ac7ce1f,2911
fake/2918,validation,group-c05483c61606dabb,2918
fake/2921,validation,group-862248966ccb3a2a,2921
fake/2929,validation,group-479bb4ce590c3ed4,2929
fake/293,validation,group-38c2ccae083a029b,293
fake/2937,validation,group-b7aaf8e9ce583594,2937
fake/2938,validation,group-6f53c4046f604a8c,2938
fake/2946,validation,group-1bfc6a50f911c83e,2946
fake/2951,validation,group-44d2747b0acfa13e,2951
fake/2956,validation,group-ca86b38bedf75463,2956
fake/2963,validation,group-53eb6eb9acacb36c,2963
fake/2965,validation,group-7224335e68213cc5,2965
fake/2966,validation,group-81b14705a2b727b0,2966
fake/2972,validation,group-8f5b2b7e1be49694,2972
fake/2975,validation,group-189ff58529a73a2f,2975
fake/2976,validation,group-e77cefebbcc2f46e,2976
fake/2982,validation,group-d11056ee8fd91f1a,2982
fake/2983,validation,group-c477de837bd29978,2983
fake/2985,validation,group-a605dade1a94d32d,2985
fake/2987,validation,group-2420f6da9806f2fd,2987
fake/2990,validation,group-d8b369ae18dd7e75,2990
fake/2991,validation,group-7d8594d9c8b36df9,2991
fake/2995,validation,group-c6f1743eb30fc198,2995
fake/3,validation,group-d84d395d2aef397a,3
fake/3006,validation,group-1ea0c09cb0549d78,3006
fake/3008,validation,group-3b3bc534479458ab,3008
fake/3010,validation,group-ea868791f8e4fdb3,3010
fake/3018,validation,group-5383f5fe6e84651d,3018
fake/3024,validation,group-ca3733637f612c96,3024
fake/3025,validation,group-7285a4e69e7d2ccf,3025
fake/3026,validation,group-deaab231a8946713,3026
fake/3031,validation,group-10b70c037eab3fc2,3031
fake/3032,validation,group-a3e704e230e88ed6,3032
fake/3043,validation,group-e6b85453d33a268c,3043
fake/3047,validation,group-0613c10a6f9b27dc,3047
fake/3048,validation,group-0d403d330612abe1,3048
fake/3061,validation,group-8e8ee534f644c717,3061
fake/307,validation,group-9aeeede109c88612,307
fake/3084,validation,group-6091491fe194f05f,3084
fake/3086,validation,group-21201352d64f9644,3086
fake/3088,validation,group-26e5b937f8ed1cff,3088
fake/3090,validation,group-dfb19f7c2439c003,3090
fake/3091,validation,group-f801a8cadcd46927,3091
fake/3092,validation,group-3b16235e86730832,3092
fake/3093,validation,group-4bbbd70b9d97683a,3093
fake/31,validation,group-d169b6120ac7c50c,31
fake/3103,validation,group-6459171699b43158,3103
fake/3107,validation,group-70a6f470da58a8f6,3107
fake/3110,validation,group-bc569637d77c598b,3110
fake/3130,validation,group-63e08c4dc9fa54ea,3130
fake/3135,validation,group-4d0bb4605270f4d4,3135
fake/3142,validation,group-20446e0239ec5e28,3142
fake/3143,validation,group-b3f63580fea7cde9,3143
fake/3149,validation,group-9acb2bee15a38afd,3149
fake/315,validation,group-094bf6d5757b9e1d,315
fake/3155,validation,group-235f443136c251fd,3155
fake/3156,validation,group-21838a6a3ca7f583,3156
fake/3161,validation,group-92d8676d9b76e561,3161
fake/3163,validation,group-4faf04481c90c327,3163
fake/3171,validation,group-8448c6455942323f,3171
fake/3172,validation,group-db35b7b515fcef84,3172
fake/3175,validation,group-eecf16c944b5bf55,3175
fake/3176,validation,group-f919152504996474,3176
fake/318,validation,group-99738d26a0dfbf24,318
fake/3180,validation,group-9df97f766b153c14,3180
fake/3187,validation,group-77451e8f0661a54b,3187
fake/3201,validation,group-2d016797c557e55b,3201
fake/3204,validation,group-54628e95290e999d,3204
fake/3208,validation,group-4feea5cd6e0d4384,3208
fake/3211,validation,group-1d25ed5a0a209bc6,3211
fake/3216,validation,group-fb644818304b5876,3216
fake/3217,validation,group-92d33f53e98fcc16,3217
fake/3218,validation,group-b530cc72f863c55e,3218
fake/3222,validation,group-df6ff72bcb2f921b,3222
fake/3223,validation,group-ba6d5a60f7642333,3223
fake/3230,validation,group-d33e67fd7b5753f3,3230
fake/3236,validation,group-a939d964ac7b8d47,3236
fake/3238,validation,group-40d51e545cbf9c4c,3238
fake/3244,validation,group-1c7a9faf28835a28,3244
fake/3250,validation,group-6894775c45e8891b,3250
fake/3261,validation,group-c24ef51e054cc11b,3261
fake/3263,validation,group-1a5a17bf975d0b2e,3263
fake/3269,validation,group-a0787c446b977d58,3269
fake/3271,validation,group-9aaf8f613e17db52,3271
fake/3272,validation,group-dab4aa4cff2b2c65,3272
fake/3274,validation,group-8fbef2a0b2d20a9d,3274
fake/3279,validation,group-49ca26057d0267c3,3279
fake/328,validation,group-578372d3818780a7,328
fake/3282,validation,group-c96d52fbdb2b58eb,3282
fake/3286,validation,group-1046ddc59c4ac274,3286
fake/3289,validation,group-596f6047d5f378e9,3289
fake/3294,validation,group-4ad1b5c0e0680fa9,3294
fake/3296,validation,group-21d99d749c3dad80,3296
fake/33,validation,group-d9bcdd5103dc69fa,33
fake/3309,validation,group-ae8b984a64a4c47e,3309
fake/3313,validation,group-6c9418bb4232bd38,3313
fake/3318,validation,group-0529e5fbb7bfe7f3,3318
fake/332,validation,group-18dd7c86a9a76415,332
fake/3331,validation,group-1da75cb430a2ed54,3331
fake/3333,validation,group-483c393fe948c60f,3333
fake/3339,validation,group-3e23f65d0983c680,3339
fake/3345,validation,group-e0600de74d023fa7,3345
fake/3349,validation,group-70892d8b63fc1c1d,3349
fake/3352,validation,group-e2dcd102a1ff5c3d,3352
fake/3361,validation,group-2a02ede55c8c225f,3361
fake/3363,validation,group-dca7d75ab9996659,3363
fake/3364,validation,group-92833eafb6399be3,3364
fake/3368,validation,group-39027f76015351bf,3368
fake/337,validation,group-edbee8b3e726cfa6,337
fake/3373,validation,group-29eb11347e59e03d,3373
fake/3377,validation,group-280e12aa1c6e9baf,3377
fake/3382,validation,group-433c90938920fe48,3382
fake/3383,validation,group-bb2bae80f4ac225f,3383
fake/3385,validation,group-c5183cec8240cfb5,3385
fake/3398,validation,group-ad101e438b04d10c,3398
fake/3399,validation,group-73bd01676fc79f1e,3399
fake/3401,validation,group-6752af6dfc1f4e8b,3401
fake/3402,validation,group-4107037ef6d4e1bc,3402
fake/3403,validation,group-5b3c8324be233291,3403
fake/3406,validation,group-098f3cf03df3dca4,3406
fake/3415,validation,group-a45b80c4b692be1d,3415
fake/3416,validation,group-4eec0306603af7e4,3416
fake/3424,validation,group-f7e7114666a45103,3424
fake/3433,validation,group-9022869a82932da9,3433
fake/3442,validation,group-804d944faf6f02dc,3442
fake/3443,validation,group-0c7e494a6a604cce,3443
fake/3448,validation,group-9f00e64ceb683738,3448
fake/3449,validation,group-472b79b2f2e18ae6,3449
fake/3454,validation,group-ad927f5b5671738f,3454
fake/3461,validation,group-991b7eb3e95c4280,3461
fake/3463,validation,group-e961cf97396104b8,3463
fake/3465,validation,group-57d2d8fd1aab517a,3465
fake/3466,validation,group-2b751c328837532c,3466
fake/3474,validation,group-98eba8fd3225043f,3474
fake/3476,validation,group-9e9c7d3065360dad,3476
fake/3480,validation,group-131b3fd2db470c54,3480
fake/3484,validation,group-4f70881fa2505908,3484
fake/349,validation,group-6668388926e55fc6,349
fake/3504,validation,group-804594b67c994a4d,3504
fake/351,validation,group-e0d3071062700a23,351
fake/3510,validation,group-634d734d570330ef,3510
fake/3511,validation,group-97ccb793203c3fd8,3511
fake/3513,validation,group-15adc9119967f9c2,3513
fake/3527,validation,group-f4e96d87a6778c2f,3527
fake/3528,validation,group-bc5d1d0097beff27,3528
fake/3529,validation,group-5fb3b0968c4f2781,3529
fake/3533,validation,group-a1965cf1077d69c8,3533
fake/3534,validation,group-db915988a876ea5d,3534
fake/354,validation,group-c4007040245662fb,354
fake/3540,validation,group-fc4c9c64651f560d,3540
fake/3543,validation,group-7adde2e66bc62c1a,3543
fake/3549,validation,group-edadaaa7c26a115d,3549
fake/3557,validation,group-447c4dfd7987b728,3557
fake/3562,validation,group-f7d56268a5374d7d,3562
fake/3564,validation,group-dc84cce51b0e6585,3564
fake/3569,validation,group-276c52178dbee9e0,3569
fake/3571,validation,group-e10c8dd7f69752db,3571
fake/3572,validation,group-eda6c15b29c772b8,3572
fake/3574,validation,group-5d43e23c8782b6c0,3574
fake/358,validation,group-d29d2f85ec53adf3,358
fake/3582,validation,group-1348633a238a6c08,3582
fake/3583,validation,group-a4b743631f7427e9,3583
fake/3584,validation,group-c4e17c633610fe02,3584
fake/359,validation,group-9ef48565b93ea954,359
fake/3591,validation,group-135f82def9dea70b,3591
fake/3595,validation,group-23028bdb55cd603c,3595
fake/3598,validation,group-f57b56ef65253fa2,3598
fake/3599,validation,group-6aa4843f139eaff8,3599
fake/367,validation,group-45632639325b1436,367
fake/368,validation,group-0a6f06448d65feaf,368
fake/369,validation,group-dd9eb30f20deba5b,369
fake/371,validation,group-d4ea676aca3891e6,371
fake/373,validation,group-3d75e4b798f4936f,373
fake/377,validation,group-05d0bd194ddab575,377
fake/385,validation,group-86654aaeb3aaf893,385
fake/391,validation,group-e6e2f1a06faa47b9,391
fake/395,validation,group-6e38f0aa2ce9bfc2,395
fake/397,validation,group-439ddcbdd3339b73,397
fake/4,validation,group-b015fdfba7c09ea8,4
fake/401,validation,group-35c39d1f5a0115b3,401
fake/407,validation,group-11d7c9e367ed668f,407
fake/409,validation,group-431bacb956e41cb4,409
fake/41,validation,group-2e62ebeeab3987ed,41
fake/415,validation,group-34486284c4eb5abf,415
fake/420,validation,group-1f8f6a6fbf386c64,420
fake/421,validation,group-d0428bc3a83feff5,421
fake/44,validation,group-aae6cd2a1105325e,44
fake/449,validation,group-3c6cfa73e64d7c53,449
fake/454,validation,group-c7a573bb61835a16,454
fake/456,validation,group-757c71eccf9d6e0b,456
fake/472,validation,group-541348083c9c4af2,472
fake/48,validation,group-169067678ae0b755,48
fake/482,validation,group-e9269091e1b14430,482
fake/483,validation,group-def6e168f6a95410,483
fake/486,validation,group-9955046b63addae3,486
fake/5,validation,group-ccef0a569cfe2c4d,5
fake/50,validation,group-63267de44e78c12a,50
fake/507,validation,group-70d4554050c15c2b,507
fake/510,validation,group-42d83b2b4232409c,510
fake/514,validation,group-262839899c475017,514
fake/534,validation,group-e417aaf3785088fd,534
fake/536,validation,group-8a925963df0237a4,536
fake/539,validation,group-06ba3dae039fc451,539
fake/542,validation,group-f03d9bfae4d9af56,542
fake/545,validation,group-0c6623269994538d,545
fake/550,validation,group-8d952f6ad582a4f3,550
fake/556,validation,group-9da789c73786a008,556
fake/565,validation,group-198d25b6c1a855c3,565
fake/57,validation,group-39a66cce4dd09e4d,57
fake/570,validation,group-acd4bb3482ecbf7a,570
fake/585,validation,group-2a938ee5e58d74a3,585
fake/6,validation,group-24d1fd3c13060c6c,6
fake/605,validation,group-83036bc2dfba7efa,605
fake/613,validation,group-fdf0f13be2928d3f,613
fake/622,validation,group-33609f58a98b6e78,622
fake/624,validation,group-26e5255d505ae94e,624
fake/625,validation,group-a741de247de5ed09,625
fake/639,validation,group-630ebf9862757363,639
fake/642,validation,group-b02479e839119d70,642
fake/649,validation,group-42bd6fb927fbefd6,649
fake/66,validation,group-062e961dc9fb2176,66
fake/666,validation,group-ce51cf73f0ec55e9,666
fake/669,validation,group-c8ce5fb9a7690703,669
fake/672,validation,group-9909481c0b221018,672
fake/688,validation,group-e7b34cb06396fe9d,688
fake/690,validation,group-a5d7dc965baf1d35,690
fake/700,validation,group-e831417953118cac,700
fake/704,validation,group-7f5f736d0fd20008,704
fake/708,validation,group-4495a2abff7ec581,708
fake/713,validation,group-afe61359e5683cdf,713
fake/729,validation,group-98b78b489eb324e9,729
fake/732,validation,group-10738e65e378e118,732
fake/737,validation,group-c22deee921c9ce3a,737
fake/745,validation,group-b900453ee1c7af92,745
fake/746,validation,group-faa8ce9ccf7e2fd4,746
fake/752,validation,group-dec1110715fd8b91,752
fake/753,validation,group-6ca1e338c2992d6c,753
fake/760,validation,group-3fcd02de15d136a1,760
fake/763,validation,group-28345ee7aa62a057,763
fake/768,validation,group-d8cb11f9a203f004,768
fake/769,validation,group-e9de848cd269f2e0,769
fake/783,validation,group-8ba3957fdbf036c4,783
fake/789,validation,group-30ae20243b9e777f,789
fake/791,validation,group-f13654944afe0936,791
fake/793,validation,group-916da4d118c0847e,793
fake/796,validation,group-355e7abdd9910c94,796
fake/801,validation,group-bd0a6c0fbe1f615d,801
fake/803,validation,group-f3ab7d0c38f12add,803
fake/804,validation,group-6b21d242b85f8866,804
fake/807,validation,group-8af681ddd13344ab,807
fake/81,validation,group-1eb841f8e5caaca9,81
fake/817,validation,group-e27565ab20f2e9bf,817
fake/818,validation,group-1694554c0970041a,818
fake/824,validation,group-84c9a7c6fe9fd0e6,824
fake/83,validation,group-d7c770ddba620521,83
fake/838,validation,group-c2d2128772513c76,838
fake/841,validation,group-1cf87c35d164eb55,841
fake/847,validation,group-df381afa6e12b985,847
fake/850,validation,group-3ca9e6bb79fa75af,850
fake/853,validation,group-333fab3ce5dbfb55,853
fake/856,validation,group-20496403608680db,856
fake/859,validation,group-510b14ff28bbac63,859
fake/86,validation,group-f20303579530bdf6,86
fake/863,validation,group-c1997c649d711761,863
fake/866,validation,group-54f26ef16155fb42,866
fake/867,validation,group-f23fc74e58cf0b36,867
fake/868,validation,group-4eaf12c5972d2b0c,868
fake/869,validation,group-590862f82c7d097d,869
fake/873,validation,group-447a0ae205dedf88,873
fake/891,validation,group-2d3d84d8e0396a3f,891
fake/893,validation,group-33fd14eba41c8a57,893
fake/896,validation,group-14aa8f25cd5f5343,896
fake/90,validation,group-0b7be84f01f82ebe,90
fake/920,validation,group-97391bd0a4c0aefd,920
fake/923,validation,group-5c56d98617f51af5,923
fake/924,validation,group-cbfd1b2397332287,924
fake/929,validation,group-d4391614322503e7,929
fake/93,validation,group-2546b998901b08a1,93
fake/935,validation,group-efd00378825bde28,935
fake/941,validation,group-f13b99fae29c0cd5,941
fake/942,validation,group-bda2e1d9f767a80c,942
fake/943,validation,group-afd548c2dbe75c92,943
fake/946,validation,group-c180a67c59df745b,946
fake/948,validation,group-5dc26f798ace9ee5,948
fake/965,validation,group-0e1893ea800fdd07,965
fake/971,validation,group-322ccc195fcc2598,971
fake/976,validation,group-a6f25c520f31dfdc,976
fake/98,validation,group-a971881b295125d5,98
fake/986,validation,group-b33b626d90cadea1,986
fake/988,validation,group-3020a4967d87ce6b,988
fake/993,validation,group-3fdbd379767794c4,993
true/100,validation,group-2802fda48e63f07f,100
true/1000,validation,group-bcbaa617ed025011,1000
true/1003,validation,group-fabb8155499c8bdd,1003
true/1007,validation,group-2acec45c30402e40,1007
true/1012,validation,group-371114d930354dcc,1012
true/102,validation,group-db396a4e6086a022,102
true/1020,validation,group-677a25da4b8ff5e4,1020
true/1021,validation,group-fd1a0cb41f67daf3,1021
true/1023,validation,group-3d2f60e52695661c,1023
true/1029,validation,group-6cabecb1e4334d84,1029
true/103,validation,group-3d2fed8c18bf604b,103
true/1038,validation,group-cab144a71fb85064,1038
true/105,validation,group-5ed40a2a9af3b13c,105
true/1050,validation,group-6a28d1bce6165c24,1050
true/1057,validation,group-90984f90129f2b14,1057
true/106,validation,group-150a1a9e878d3748,106
true/1068,validation,group-dc32e5f7b262cb2d,1068
true/107,validation,group-fdd059631b226667,107
true/1077,validation,group-1963d0b92aa0b096,1077
true/1085,validation,group-458d855bae4e9ea0,1085
true/1098,validation,group-d61ac71c21b0a1c9,1098
true/1100,validation,group-77d071d818cc4b0f,1100
true/111,validation,group-b89b437456a47613,111
true/1117,validation,group-111becd2eaaccba2,1117
true/1120,validation,group-9fd3a378b7a894ed,1120
true/1122,validation,group-608a545e1e85d3c7,1122
true/1123,validation,group-664bdd6494b1cbc4,1123
true/1124,validation,group-a3d04f523ce02706,1124
true/1126,validation,group-1eb5ce97c791436c,1126
true/113,validation,group-ca2c1a14bdfb3839,113
true/1132,validation,group-04b7ef495f8d8086,1132
true/1133,validation,group-2f64111a59415817,1133
true/1141,validation,group-aaac21ee2e96c18a,1141
true/1143,validation,group-4eb68e1a54b9163a,1143
true/1150,validation,group-a5ffeb84c45a9e55,1150
true/1151,validation,group-345f32b8ee83fa90,1151
true/1152,validation,group-2d5c40d898302cd1,1152
true/1157,validation,group-7d7a12d8e890976a,1157
true/1158,validation,group-30bc9f956d7dd801,1158
true/1159,validation,group-35b044b254afbbd0,1159
true/1163,validation,group-6deda01df6472809,1163
true/1164,validation,group-39fb7789d1c4a27d,1164
true/1166,validation,group-88992e3a6c0a8fca,1166
true/1178,validation,group-cc61f1d5b80e441b,1178
true/1193,validation,group-9e6bc715a203c032,1193
true/1195,validation,group-d2ce1cdcaa078b0c,1195
true/1206,validation,group-40dc1bc92d3bf8aa,1206
true/1207,validation,group-e7906069a7707864,1207
true/121,validation,group-22782c5757ff451d,121
true/1214,validation,group-72ae3c340401f588,1214
true/1219,validation,group-bc33197e4d06e38e,1219
true/1220,validation,group-fa2ef44188b1787f,1220
true/1223,validation,group-8044c97c172f3e4d,1223
true/1224,validation,group-f296674d0387fe12,1224
true/1225,validation,group-35c28138ecd846a5,1225
true/123,validation,group-bdd55f76359e2c4f,123
true/1233,validation,group-a91629f6d2d6635b,1233
true/1236,validation,group-64279ac3436c05a2,1236
true/1239,validation,group-4bc08e4604734e52,1239
true/1245,validation,group-7cb282bd85e9e739,1245
true/1247,validation,group-b31a9c46e1d3066a,1247
true/1248,validation,group-ab027c7fe12121c0,1248
true/1262,validation,group-19e392ee7f70d123,1262
true/127,validation,group-5d17f9344c0144a0,127
true/1271,validation,group-6efd892d388cedd6,1271
true/1276,validation,group-77f7c7468c09bf6b,1276
true/1277,validation,group-fe506373455e59c3,1277
true/1280,validation,group-8105a008d5dde6b2,1280
true/1286,validation,group-be84cea7be839c13,1286
true/1288,validation,group-f44c5027253e6e1d,1288
true/1291,validation,group-7e1e3c1f7c0d95b5,1291
true/1294,validation,group-fbe885cf96a9c66e,1294
true/1297,validation,group-103c9614b48f1ec5,1297
true/1300,validation,group-cbc664db17343a75,1300
true/1305,validation,group-8bee050645be4dc9,1305
true/1310,validation,group-1a9c49ca7cddcab1,1310
true/1312,validation,group-8b2bd42b0d42f82f,1312
true/1316,validation,group-972358b5ccff6d0d,1316
true/1319,validation,group-38e3f61bfff64643,1319
true/132,validation,group-b4576b8191781afe,132
true/1321,validation,group-46538171207fd118,1321
true/1325,validation,group-1bb6e7861846e3d0,1325
true/1329,validation,group-078c1a7bc933e18c,1329
true/1333,validation,group-06ad9f4b1494e2f9,1333
true/1334,validation,group-0a1e1becc58afafc,1334
true/1335,validation,group-61cac238a8635e29,1335
true/134,validation,group-ef3095af81db00ba,134
true/1344,validation,group-84270588dc919ddc,1344
true/1348,validation,group-ba3a04688879a72b,1348
true/1353,validation,group-aef095de39fa2f4a,1353
true/1355,validation,group-628735eb40860a6d,1355
true/1363,validation,group-bddf0b1f34ed8adc,1363
true/1364,validation,group-c7d84477787a4ae8,1364
true/1368,validation,group-4be044b4df8116ac,1368
true/1369,validation,group-12993741d7179927,1369
true/137,validation,group-308f084b8457684d,137
true/1370,validation,group-24690ec9f85c913b,1370
true/1371,validation,group-fff298c2a4237876,1371
true/138,validation,group-135cdbe8ff150d75,138
true/1385,validation,group-127f6280c9238cca,1385
true/1387,validation,group-e68991265394d270,1387
true/1388,validation,group-7d3bb06fba4e6488,1388
true/1389,validation,group-0f2101805ea8b744,1389
true/139,validation,group-a4b09da816d55ba1,139
true/1391,validation,group-69ef815d510a041f,1391
true/1394,validation,group-200887156e06ad3e,1394
true/1411,validation,group-273cc8658846003f,1411
true/1423,validation,group-a9108803afdc327b,1423
true/1424,validation,group-76baf3a261e2e2f3,1424
true/1427,validation,group-94dd7c76c0cdde58,1427
true/1433,validation,group-a9b9e8549405bab4,1433
true/1435,validation,group-5b03fffaec5732ed,1435
true/1437,validation,group-34ffb813b796ff89,1437
true/1438,validation,group-182d42e50f70881b,1438
true/1440,validation,group-71e9a47895b357d3,1440
true/1446,validation,group-cd829106ec772987,1446
true/1451,validation,group-49beca41146b8203,1451
true/1452,validation,group-4ba5909e5f0f9711,1452
true/1455,validation,group-18e71644ec4ec461,1455
true/1461,validation,group-2a3c4b19a5ce4ffe,1461
true/1463,validation,group-4e03b6b8a44ce10b,1463
true/1464,validation,group-087eb771b2ff6d04,1464
true/1472,validation,group-ca8aae48ec927873,1472
true/1473,validation,group-d7b066a20c57bdc4,1473
true/1475,validation,group-5dd511838412f80b,1475
true/1481,validation,group-66f10a7d65e77829,1481
true/1483,validation,group-b0e17b76afe69d01,1483
true/1484,validation,group-d0fb773c6131bacc,1484
true/149,validation,group-99ecf0e87d6fdd5b,149
true/1501,validation,group-c0c26de6a68319c2,1501
true/1509,validation,group-f6945bebdde3a57b,1509
true/1510,validation,group-6d8364fcadbbd58f,1510
true/1512,validation,group-284073a544566aa0,1512
true/1522,validation,group-8582cad8d0fc1164,1522
true/1523,validation,group-903c06f0da70d8ce,1523
true/1530,validation,group-1ec15330532c6ebd,1530
true/1533,validation,group-9b8d08721ce785d6,1533
true/1535,validation,group-45e898c1a79d560e,1535
true/1536,validation,group-a18a4e090a1b1ef9,1536
true/1562,validation,group-20e6d96620fa8afe,1562
true/1564,validation,group-0c6be4b3de1c019d,1564
true/1565,validation,group-1b921544e73b4842,1565
true/1575,validation,group-7381fb4d4b7b6402,1575
true/1580,validation,group-e414957806b8c9be,1580
true/1585,validation,group-6915b54e43fd8539,1585
true/1594,validation,group-e30b5ce60eb38f40,1594
true/1595,validation,group-f10b9c526060299c,1595
true/1596,validation,group-bb0c84f0553a74d2,1596
true/1603,validation,group-8ee9f95a5d4cec36,1603
true/1605,validation,group-f850008d638a8b0d,1605
true/1608,validation,group-72e62fac726b8286,1608
true/161,validation,group-98fc75c7e8ab8eb2,161
true/1620,validation,group-1e5ebcde2ef81ef0,1620
true/1621,validation,group-cdc5841540450292,1621
true/1629,validation,group-2c2028f39e8618d4,1629
true/1636,validation,group-0e4a7ea0b26ef171,1636
true/1640,validation,group-032d1c99f4f8c64d,1640
true/1642,validation,group-fd33464aa96136d3,1642
true/1652,validation,group-cfd7b7df5fa5ddbc,1652
true/1657,validation,group-8533375e803d3f15,1657
true/167,validation,group-1092ff473229b652,167
true/1680,validation,group-f0396d6c2fad0cf4,1680
true/1681,validation,group-7920886d7a2dbc58,1681
true/1686,validation,group-7a79a0e31e3b7615,1686
true/1687,validation,group-ae22cb5f2657d16c,1687
true/1694,validation,group-18650ee132e94b62,1694
true/17,validation,group-f56013fea9f82af1,17
true/1702,validation,group-702cec4171f9dc88,1702
true/1708,validation,group-1f46baf528bb5629,1708
true/1713,validation,group-15c99b19179190e0,1713
true/1715,validation,group-46ae922f903ab6ac,1715
true/1717,validation,group-ed88c6d0047a3f8e,1717
true/1719,validation,group-2363e8eded02f664,1719
true/173,validation,group-064971bc9a605b22,173
true/1735,validation,group-bd1065b04ee43357,1735
true/1738,validation,group-deaf6fa4eab96907,1738
true/1740,validation,group-1bb1694350234d46,1740
true/1742,validation,group-485b0b85c73ec242,1742
true/1744,validation,group-586e022b5959409a,1744
true/1762,validation,group-b5521a723dc51e50,1762
true/1763,validation,group-e696034e2262a1fe,1763
true/1766,validation,group-e43a2c0203d0cf18,1766
true/177,validation,group-3b27dcca0f8b73a5,177
true/1771,validation,group-0533de7cfa7e656f,1771
true/1774,validation,group-508ed6f142f21724,1774
true/1781,validation,group-a9a7d647f064f62c,1781
true/1785,validation,group-75f2222b24684e47,1785
true/179,validation,group-8753699a9ca46c60,179
true/1792,validation,group-f2e6e76c2eee1044,1792
true/1794,validation,group-5bd888170073fa1a,1794
true/1795,validation,group-ec185c552b6d3a1f,1795
true/180,validation,group-e1c8de368a025278,180
true/1804,validation,group-e408090edae8c267,1804
true/1812,validation,group-0d5d7f090a1c0e4a,1812
true/1817,validation,group-0b7f7b52b61d81e2,1817
true/182,validation,group-4acaeaebf17c0b68,182
true/1820,validation,group-69f5f085bf5c79d5,1820
true/1825,validation,group-a22d401ee4b08594,1825
true/1827,validation,group-108ea56df7042639,1827
true/1832,validation,group-e527b61a9d2b9288,1832
true/1842,validation,group-22e08c1b2885bff9,1842
true/1845,validation,group-6cf8c8360ae81400,1845
true/1850,validation,group-18a70a3e220aaf6d,1850
true/1852,validation,group-86384ceafcdee564,1852
true/1853,validation,group-327ddad3e316342f,1853
true/1855,validation,group-080e874c57baf632,1855
true/1881,validation,group-b4d2c9c785c7c086,1881
true/1883,validation,group-269f7bb05807df9f,1883
true/1890,validation,group-610790f83797f367,1890
true/19,validation,group-61ed1d8b08d3477e,19
true/1900,validation,group-5b94895dd1818cd4,1900
true/1902,validation,group-086ddf17a6d32eba,1902
true/1904,validation,group-a022a41e53b8c092,1904
true/1905,validation,group-a6dfa86d94e4faef,1905
true/1906,validation,group-39b45a6e09daed88,1906
true/1912,validation,group-b79d859b82f5fd78,1912
true/1915,validation,group-e07d51a1de162dda,1915
true/1919,validation,group-d2d6d10573b0c5d7,1919
true/1922,validation,group-e842e5675dbe8fe5,1922
true/1923,validation,group-ef19eeda0b7ca3e6,1923
true/1930,validation,group-1c17adbc64f2ad5c,1930
true/1931,validation,group-96a3cad4e2b13c50,1931
true/1939,validation,group-f0fbcf0bcd7a1b0e,1939
true/1942,validation,group-ebb344ac0f509fb6,1942
true/1946,validation,group-dd15c1dd3cb07517,1946
true/1954,validation,group-a630a0356d269fad,1954
true/1959,validation,group-abe2642956a67384,1959
true/1963,validation,group-f98608367791a357,1963
true/1979,validation,group-017262a5d5600e0e,1979
true/1980,validation,group-4b4b092d0cf18147,1980
true/1981,validation,group-6623b54623003b9a,1981
true/1987,validation,group-b3e6e3a9fd5a77be,1987
true/1991,validation,group-e9f85f05914697bf,1991
true/1993,validation,group-c2f982f53194c713,1993
true/2,validation,group-f8b0e5397a7ec62b,2
true/200,validation,group-015561fc1ce9e213,200
true/201,validation,group-c9af827a62ab9716,201
true/2012,validation,group-ed1555b9b5a38951,2012
true/2018,validation,group-67d6fa800ef76983,2018
true/202,validation,group-cabba8d4e39a4845,202
true/203,validation,group-3bf7e3d2b2ee9b76,203
true/2031,validation,group-02484bddf6efb822,2031
true/2037,validation,group-7ea005d0659631e5,2037
true/204,validation,group-b8c925258384b9b1,204
true/2048,validation,group-b2511c94dac569ce,2048
true/2049,validation,group-4c101fdfd46658b9,2049
true/205,validation,group-380d51613ddb20cc,205
true/2050,validation,group-16d070357a6b2e96,2050
true/2058,validation,group-1f78801100f49aaa,2058
true/2059,validation,group-feb1b1bcc72a8775,2059
true/206,validation,group-1d571c783c95c37b,206
true/2065,validation,group-e2fccb7c482c4833,2065
true/2070,validation,group-7f8251c0e11725c2,2070
true/2076,validation,group-5be4ab196b3469d3,2076
true/2078,validation,group-8fa6917ddd31e1b9,2078
true/208,validation,group-f52d300c5f039e45,208
true/2082,validation,group-d0d77a5c03fb9564,2082
true/2084,validation,group-14e017e28cb9b135,2084
true/2091,validation,group-1b93db9e95f8f0c6,2091
true/2092,validation,group-ee0c9a837825edfb,2092
true/2093,validation,group-59a9a171887429d8,2093
true/210,validation,group-ea9086f067b63116,210
true/2109,validation,group-b73aea6b3ae3defb,2109
true/2112,validation,group-370acee6307be0b2,2112
true/2119,validation,group-f93f06d6c85474c1,2119
true/2126,validation,group-9a706d9f5276b6af,2126
true/2128,validation,group-5b8a4290dd4fadec,2128
true/2132,validation,group-d5e8c00720f3ca0b,2132
true/2158,validation,group-6d4efe4a2a350c91,2158
true/2159,validation,group-c33ebf12be65301f,2159
true/2162,validation,group-47f4eef9399f32fb,2162
true/2165,validation,group-b3ed877e037b102d,2165
true/2169,validation,group-089bea7841b03955,2169
true/2172,validation,group-678318fcc9c8242e,2172
true/218,validation,group-53d51f453b2a2456,218
true/2183,validation,group-be95d48b1b262c0c,2183
true/2188,validation,group-1ae7a8ec48d3956f,2188
true/22,validation,group-8fae07fda8ce01e0,22
true/2201,validation,group-c8111633287c5fd2,2201
true/2204,validation,group-1f5807112e5bea00,2204
true/221,validation,group-45a9a424eedbf255,221
true/2212,validation,group-33c0c4acd8c7011c,2212
true/2230,validation,group-0005849692b722b5,2230
true/2252,validation,group-c6909cb4ec6daa8e,2252
true/2254,validation,group-e19031fe705a668e,2254
true/2255,validation,group-50bd4dde67c84d80,2255
true/2256,validation,group-64fe0437d9dd58d9,2256
true/2262,validation,group-8bf1d990668a6984,2262
true/2263,validation,group-dfb01f83f7807b95,2263
true/2275,validation,group-aaedd94433b6342b,2275
true/2276,validation,group-38a2a207ce7e4f74,2276
true/228,validation,group-8062d638af33c8d6,228
true/2291,validation,group-8c683d1ead92c1b6,2291
true/2292,validation,group-6cd2e410ac5e78d0,2292
true/2294,validation,group-53e4b242ab72ac24,2294
true/2307,validation,group-cd50c9b521cdd4e4,2307
true/231,validation,group-bfa24325e529e9ce,231
true/2316,validation,group-20d615efad699cd1,2316
true/2317,validation,group-f75eb71eeda44ada,2317
true/2319,validation,group-2500ae8e9eeccafa,2319
true/232,validation,group-6dfefdce130becc1,232
true/2324,validation,group-3a99604436a1d1e9,2324
true/2331,validation,group-861356ef34b6900a,2331
true/2332,validation,group-457d27c3e19745ad,2332
true/2334,validation,group-44348ecd5e6fd3a1,2334
true/2339,validation,group-cdb1c827ce342027,2339
true/2340,validation,group-f1302fa9a7672735,2340
true/2345,validation,group-5fca9de6ee75331d,2345
true/2348,validation,group-6012cd34f927b029,2348
true/2353,validation,group-7933c98f2cd956cb,2353
true/2358,validation,group-89a984b7dfbfe6f1,2358
true/2364,validation,group-c6d8b948f1167ef2,2364
true/2366,validation,group-a0233564ecef0040,2366
true/2367,validation,group-07b27030b7d778dd,2367
true/2374,validation,group-49f4bbf925e701fc,2374
true/2379,validation,group-62c566c2e5d82597,2379
true/2384,validation,group-588b5b5642fdc839,2384
true/2389,validation,group-660c1fd59c6a0ce0,2389
true/24,validation,group-6a2731a783260bfb,24
true/2403,validation,group-28bc97f531aaf16b,2403
true/2412,validation,group-f3b9f5840c838ec3,2412
true/2413,validation,group-569d1ee722dda4a7,2413
true/242,validation,group-076346f175c13f55,242
true/2423,validation,group-f1e0f2999d917cc4,2423
true/244,validation,group-7be5d859e0b97020,244
true/2447,validation,group-7a94f2635c02c013,2447
true/245,validation,group-7d8e62b05201acdf,245
true/2451,validation,group-e9b616e93338c884,2451
true/2452,validation,group-50699432d7119520,2452
true/2470,validation,group-8094d683b49b0438,2470
true/248,validation,group-dd98695152e08c5c,248
true/2481,validation,group-f6b1a65bc33fca27,2481
true/2483,validation,group-839bfbf61e299abb,2483
true/2485,validation,group-11f0adf65cb05bed,2485
true/2494,validation,group-1ed0cfe02ba8314e,2494
true/2497,validation,group-3c7f6338e6c8cc6c,2497
true/2498,validation,group-0e1062ac8049b19c,2498
true/2503,validation,group-1c17cf51b23d48b5,2503
true/2507,validation,group-847db80adeae1d54,2507
true/2512,validation,group-d6c2b4e5d2777877,2512
true/2516,validation,group-f0c81c6f2a208b76,2516
true/2517,validation,group-205bef06a769fc72,2517
true/2518,validation,group-2111d529a1c26088,2518
true/2521,validation,group-d57db8d38fe6ddf9,2521
true/2545,validation,group-76b5097f544d8bee,2545
true/2551,validation,group-2dbc197e82dfd730,2551
true/2554,validation,group-a1fa6e04adc074e4,2554
true/2556,validation,group-023bdbf3d9595dfc,2556
true/2560,validation,group-c3a6324368e1604f,2560
true/257,validation,group-d2b56d74285b09b0,257
true/2571,validation,group-39f0f25cfa3ad897,2571
true/2586,validation,group-93214711b0aa7857,2586
true/2589,validation,group-4ff2e79000d71076,2589
true/2593,validation,group-c75f0dec252ebe95,2593
true/2596,validation,group-8935724b3d416e7b,2596
true/26,validation,group-ec7a20b795cb3704,26
true/2604,validation,group-769076d26971c705,2604
true/2615,validation,group-af7e3a1b009d5e1f,2615
true/2617,validation,group-455d0e913b41bb1a,2617
true/2619,validation,group-9666b0c220c18deb,2619
true/2624,validation,group-691e370cce758cb8,2624
true/2627,validation,group-9375bf918415ab64,2627
true/2632,validation,group-e15443e80dbeba03,2632
true/2633,validation,group-75a98f6d8ae62a40,2633
true/2639,validation,group-456597e0722031de,2639
true/2647,validation,group-c6df8043b1d2c76b,2647
true/2651,validation,group-8edd97e7bb0b7aad,2651
true/2654,validation,group-baf65c220b8d2ac7,2654
true/2655,validation,group-49c6cd6a4b3d8945,2655
true/2656,validation,group-a6d5ec0e4a00d408,2656
true/266,validation,group-c3fe198d0b45f2d0,266
true/2661,validation,group-9b95a717b9af2e75,2661
true/2673,validation,group-04a35812cb5010bc,2673
true/2674,validation,group-ece2a3a4f71504fc,2674
true/2679,validation,group-3a8b598c20a91f42,2679
true/2684,validation,group-31ff4eab5fec59bd,2684
true/2690,validation,group-5a15834eb9ed0972,2690
true/27,validation,group-8bc410b1d0221b14,27
true/2705,validation,group-f1f544a653e0406a,2705
true/2706,validation,group-60e5301d517476cf,2706
true/2715,validation,group-e3941793eb0e906c,2715
true/2722,validation,group-9d72b87dd383502a,2722
true/2723,validation,group-f1a96b462a283001,2723
true/2726,validation,group-fd5039a4c2c6f561,2726
true/2730,validation,group-9a08dd8f05573025,2730
true/2732,validation,group-99903d819d944054,2732
true/2739,validation,group-82bbd11a285ecf84,2739
true/2740,validation,group-9ce58bf888e460e5,2740
true/2745,validation,group-3b0d954a72e84194,2745
true/2746,validation,group-9c3d27f320a2cfa3,2746
true/2748,validation,group-e8b5b39afa09863b,2748
true/2749,validation,group-67ecd0891bc28650,2749
true/275,validation,group-fcdd823f943990fb,275
true/2755,validation,group-468efd77beda1fd5,2755
true/2760,validation,group-50c3251c0d97501f,2760
true/2764,validation,group-cb2771b220b7f098,2764
true/2766,validation,group-8d8f329319f82116,2766
true/2783,validation,group-1052a5a07a67ecaf,2783
true/2786,validation,group-248cad12634cc1f0,2786
true/2788,validation,group-1c424fbc78a54f78,2788
true/2791,validation,group-4340da3a6af25019,2791
true/2793,validation,group-4298372372ef50d7,2793
true/2796,validation,group-2e8bbac9c543a782,2796
true/2797,validation,group-1eef0308d0890d5c,2797
true/2799,validation,group-44bfc8fd2b0bf64d,2799
true/2808,validation,group-ffab6e77fa4dd252,2808
true/2810,validation,group-ff222d6b3423ba8f,2810
true/2818,validation,group-e72c8afcbe19b1ba,2818
true/282,validation,group-0c75103f40b467e4,282
true/2825,validation,group-d0d50290e823b408,2825
true/2827,validation,group-46437297fba9505d,2827
true/2828,validation,group-8065e7b69cd9d952,2828
true/283,validation,group-22a888bea76ad353,283
true/2835,validation,group-503c43053c367698,2835
true/2836,validation,group-e93dc50bfdc519f7,2836
true/2837,validation,group-c39ac3137bb7c54c,2837
true/2844,validation,group-e758c4c95c4edb19,2844
true/2846,validation,group-49d6a09cda85ff82,2846
true/2852,validation,group-0684046aceca41cf,2852
true/2860,validation,group-562ff6f7a5ef39ed,2860
true/287,validation,group-b26ccb05d4bfd564,287
true/288,validation,group-39d1d2189be0b324,288
true/2883,validation,group-a2a453db51acc504,2883
true/2884,validation,group-2b5916533d79b66f,2884
true/2895,validation,group-3dd1be973381b0c2,2895
true/2898,validation,group-36612725e939048a,2898
true/2900,validation,group-ac978db57c9b8c0a,2900
true/2902,validation,group-52ba6a39fbe4f273,2902
true/291,validation,group-92a91b68d9671962,291
true/2911,validation,group-88d89a1c5ac7ce1f,2911
true/2918,validation,group-c05483c61606dabb,2918
true/2921,validation,group-862248966ccb3a2a,2921
true/2929,validation,group-479bb4ce590c3ed4,2929
true/293,validation,group-38c2ccae083a029b,293
true/2937,validation,group-b7aaf8e9ce583594,2937
true/2938,validation,group-6f53c4046f604a8c,2938
true/2946,validation,group-1bfc6a50f911c83e,2946
true/2951,validation,group-44d2747b0acfa13e,2951
true/2956,validation,group-ca86b38bedf75463,2956
true/2963,validation,group-53eb6eb9acacb36c,2963
true/2965,validation,group-7224335e68213cc5,2965
true/2966,validation,group-81b14705a2b727b0,2966
true/2972,validation,group-8f5b2b7e1be49694,2972
true/2975,validation,group-189ff58529a73a2f,2975
true/2976,validation,group-e77cefebbcc2f46e,2976
true/2982,validation,group-d11056ee8fd91f1a,2982
true/2983,validation,group-c477de837bd29978,2983
true/2985,validation,group-a605dade1a94d32d,2985
true/2987,validation,group-2420f6da9806f2fd,2987
true/2990,validation,group-d8b369ae18dd7e75,2990
true/2991,validation,group-7d8594d9c8b36df9,2991
true/2995,validation,group-c6f1743eb30fc198,2995
true/3,validation,group-d84d395d2aef397a,3
true/3006,validation,group-1ea0c09cb0549d78,3006
true/3008,validation,group-3b3bc534479458ab,3008
true/3010,validation,group-ea868791f8e4fdb3,3010
true/3018,validation,group-5383f5fe6e84651d,3018
true/3024,validation,group-ca3733637f612c96,3024
true/3025,validation,group-7285a4e69e7d2ccf,3025
true/3026,validation,group-deaab231a8946713,3026
true/3031,validation,group-10b70c037eab3fc2,3031
true/3032,validation,group-a3e704e230e88ed6,3032
true/3043,validation,group-e6b85453d33a268c,3043
true/3047,validation,group-0613c10a6f9b27dc,3047
true/3048,validation,group-0d403d330612abe1,3048
true/3061,validation,group-8e8ee534f644c717,3061
true/307,validation,group-9aeeede109c88612,307
true/3084,validation,group-6091491fe194f05f,3084
true/3086,validation,group-21201352d64f9644,3086
true/3088,validation,group-26e5b937f8ed1cff,3088
true/3090,validation,group-dfb19f7c2439c003,3090
true/3091,validation,group-f801a8cadcd46927,3091
true/3092,validation,group-3b16235e86730832,3092
true/3093,validation,group-4bbbd70b9d97683a,3093
true/31,validation,group-d169b6120ac7c50c,31
true/3103,validation,group-6459171699b43158,3103
true/3107,validation,group-70a6f470da58a8f6,3107
true/3110,validation,group-bc569637d77c598b,3110
true/3130,validation,group-63e08c4dc9fa54ea,3130
true/3135,validation,group-4d0bb4605270f4d4,3135
true/3142,validation,group-20446e0239ec5e28,3142
true/3143,validation,group-b3f63580fea7cde9,3143
true/3149,validation,group-9acb2bee15a38afd,3149
true/315,validation,group-094bf6d5757b9e1d,315
true/3155,validation,group-235f443136c251fd,3155
true/3156,validation,group-21838a6a3ca7f583,3156
true/3161,validation,group-92d8676d9b76e561,3161
true/3163,validation,group-4faf04481c90c327,3163
true/3171,validation,group-8448c6455942323f,3171
true/3172,validation,group-db35b7b515fcef84,3172
true/3175,validation,group-eecf16c944b5bf55,3175
true/3176,validation,group-f919152504996474,3176
true/318,validation,group-99738d26a0dfbf24,318
true/3180,validation,group-9df97f766b153c14,3180
true/3187,validation,group-77451e8f0661a54b,3187
true/3201,validation,group-2d016797c557e55b,3201
true/3204,validation,group-54628e95290e999d,3204
true/3208,validation,group-4feea5cd6e0d4384,3208
true/3211,validation,group-1d25ed5a0a209bc6,3211
true/3216,validation,group-fb644818304b5876,3216
true/3217,validation,group-92d33f53e98fcc16,3217
true/3218,validation,group-b530cc72f863c55e,3218
true/3222,validation,group-df6ff72bcb2f921b,3222
true/3223,validation,group-ba6d5a60f7642333,3223
true/3230,validation,group-d33e67fd7b5753f3,3230
true/3236,validation,group-a939d964ac7b8d47,3236
true/3238,validation,group-40d51e545cbf9c4c,3238
true/3244,validation,group-1c7a9faf28835a28,3244
true/3250,validation,group-6894775c45e8891b,3250
true/3261,validation,group-c24ef51e054cc11b,3261
true/3263,validation,group-1a5a17bf975d0b2e,3263
true/3269,validation,group-a0787c446b977d58,3269
true/3271,validation,group-9aaf8f613e17db52,3271
true/3272,validation,group-dab4aa4cff2b2c65,3272
true/3274,validation,group-8fbef2a0b2d20a9d,3274
true/3279,validation,group-49ca26057d0267c3,3279
true/328,validation,group-578372d3818780a7,328
true/3282,validation,group-c96d52fbdb2b58eb,3282
true/3286,validation,group-1046ddc59c4ac274,3286
true/3289,validation,group-596f6047d5f378e9,3289
true/3294,validation,group-4ad1b5c0e0680fa9,3294
true/3296,validation,group-21d99d749c3dad80,3296
true/33,validation,group-d9bcdd5103dc69fa,33
true/3309,validation,group-ae8b984a64a4c47e,3309
true/3313,validation,group-6c9418bb4232bd38,3313
true/3318,validation,group-0529e5fbb7bfe7f3,3318
true/332,validation,group-18dd7c86a9a76415,332
true/3331,validation,group-1da75cb430a2ed54,3331
true/3333,validation,group-483c393fe948c60f,3333
true/3339,validation,group-3e23f65d0983c680,3339
true/3345,validation,group-e0600de74d023fa7,3345
true/3349,validation,group-70892d8b63fc1c1d,3349
true/3352,validation,group-e2dcd102a1ff5c3d,3352
true/3361,validation,group-2a02ede55c8c225f,3361
true/3363,validation,group-dca7d75ab9996659,3363
true/3364,validation,group-92833eafb6399be3,3364
true/3368,validation,group-39027f76015351bf,3368
true/337,validation,group-edbee8b3e726cfa6,337
true/3373,validation,group-29eb11347e59e03d,3373
true/3377,validation,group-280e12aa1c6e9baf,3377
true/3382,validation,group-433c90938920fe48,3382
true/3383,validation,group-bb2bae80f4ac225f,3383
true/3385,validation,group-c5183cec8240cfb5,3385
true/3398,validation,group-ad101e438b04d10c,3398
true/3399,validation,group-73bd01676fc79f1e,3399
true/3401,validation,group-6752af6dfc1f4e8b,3401
true/3402,validation,group-4107037ef6d4e1bc,3402
true/3403,validation,group-5b3c8324be233291,3403
true/3406,validation,group-098f3cf03df3dca4,3406
true/3415,validation,group-a45b80c4b692be1d,3415
true/3416,validation,group-4eec0306603af7e4,3416
true/3424,validation,group-f7e7114666a45103,3424
true/3433,validation,group-9022869a82932da9,3433
true/3442,validation,group-804d944faf6f02dc,3442
true/3443,validation,group-0c7e494a6a604cce,3443
true/3448,validation,group-9f00e64ceb683738,3448
true/3449,validation,group-472b79b2f2e18ae6,3449
true/3454,validation,group-ad927f5b5671738f,3454
true/3461,validation,group-991b7eb3e95c4280,3461
true/3463,validation,group-e961cf97396104b8,3463
true/3465,validation,group-57d2d8fd1aab517a,3465
true/3466,validation,group-2b751c328837532c,3466
true/3474,validation,group-98eba8fd3225043f,3474
true/3476,validation,group-9e9c7d3065360dad,3476
true/3480,validation,group-131b3fd2db470c54,3480
true/3484,validation,group-4f70881fa2505908,3484
true/349,validation,group-6668388926e55fc6,349
true/3504,validation,group-804594b67c994a4d,3504
true/351,validation,group-e0d3071062700a23,351
true/3510,validation,group-634d734d570330ef,3510
true/3511,validation,group-97ccb793203c3fd8,3511
true/3513,validation,group-15adc9119967f9c2,3513
true/3527,validation,group-f4e96d87a6778c2f,3527
true/3528,validation,group-bc5d1d0097beff27,3528
true/3529,validation,group-5fb3b0968c4f2781,3529
true/3533,validation,group-a1965cf1077d69c8,3533
true/3534,validation,group-db915988a876ea5d,3534
true/354,validation,group-c4007040245662fb,354
true/3540,validation,group-fc4c9c64651f560d,3540
true/3543,validation,group-7adde2e66bc62c1a,3543
true/3549,validation,group-edadaaa7c26a115d,3549
true/3557,validation,group-447c4dfd7987b728,3557
true/3562,validation,group-f7d56268a5374d7d,3562
true/3564,validation,group-dc84cce51b0e6585,3564
true/3569,validation,group-276c52178dbee9e0,3569
true/3571,validation,group-e10c8dd7f69752db,3571
true/3572,validation,group-eda6c15b29c772b8,3572
true/3574,validation,group-5d43e23c8782b6c0,3574
true/358,validation,group-d29d2f85ec53adf3,358
true/3582,validation,group-1348633a238a6c08,3582
true/3583,validation,group-a4b743631f7427e9,3583
true/3584,validation,group-c4e17c633610fe02,3584
true/359,validation,group-9ef48565b93ea954,359
true/3591,validation,group-135f82def9dea70b,3591
true/3595,validation,group-23028bdb55cd603c,3595
true/3598,validation,group-f57b56ef65253fa2,3598
true/3599,validation,group-6aa4843f139eaff8,3599
true/367,validation,group-45632639325b1436,367
true/368,validation,group-0a6f06448d65feaf,368
true/369,validation,group-dd9eb30f20deba5b,369
true/371,validation,group-d4ea676aca3891e6,371
true/373,validation,group-3d75e4b798f4936f,373
true/377,validation,group-05d0bd194ddab575,377
true/385,validation,group-86654aaeb3aaf893,385
true/391,validation,group-e6e2f1a06faa47b9,391
true/395,validation,group-6e38f0aa2ce9bfc2,395
true/397,validation,group-439ddcbdd3339b73,397
true/4,validation,group-b015fdfba7c09ea8,4
true/401,validation,group-35c39d1f5a0115b3,401
true/407,validation,group-11d7c9e367ed668f,407
true/409,validation,group-431bacb956e41cb4,409
true/41,validation,group-2e62ebeeab3987ed,41
true/415,validation,group-34486284c4eb5abf,415
true/420,validation,group-1f8f6a6fbf386c64,420
true/421,validation,group-d0428bc3a83feff5,421
true/44,validation,group-aae6cd2a1105325e,44
true/449,validation,group-3c6cfa73e64d7c53,449
true/454,validation,group-c7a573bb61835a16,454
true/456,validation,group-757c71eccf9d6e0b,456
true/472,validation,group-541348083c9c4af2,472
true/48,validation,group-169067678ae0b755,48
true/482,validation,group-e9269091e1b14430,482
true/483,validation,group-def6e168f6a95410,483
true/486,validation,group-9955046b63addae3,486
true/5,validation,group-ccef0a569cfe2c4d,5
true/50,validation,group-63267de44e78c12a,50
true/507,validation,group-70d4554050c15c2b,507
true/510,validation,group-42d83b2b4232409c,510
true/514,validation,group-262839899c475017,514
true/534,validation,group-e417aaf3785088fd,534
true/536,validation,group-8a925963df0237a4,536
true/539,validation,group-06ba3dae039fc451,539
true/542,validation,group-f03d9bfae4d9af56,542
true/545,validation,group-0c6623269994538d,545
true/550,validation,group-8d952f6ad582a4f3,550
true/556,validation,group-9da789c73786a008,556
true/565,validation,group-198d25b6c1a855c3,565
true/57,validation,group-39a66cce4dd09e4d,57
true/570,validation,group-acd4bb3482ecbf7a,570
true/585,validation,group-2a938ee5e58d74a3,585
true/6,validation,group-24d1fd3c13060c6c,6
true/605,validation,group-83036bc2dfba7efa,605
true/613,validation,group-fdf0f13be2928d3f,613
true/622,validation,group-33609f58a98b6e78,622
true/624,validation,group-26e5255d505ae94e,624
true/625,validation,group-a741de247de5ed09,625
true/639,validation,group-630ebf9862757363,639
true/642,validation,group-b02479e839119d70,642
true/649,validation,group-42bd6fb927fbefd6,649
true/66,validation,group-062e961dc9fb2176,66
true/666,validation,group-ce51cf73f0ec55e9,666
true/669,validation,group-c8ce5fb9a7690703,669
true/672,validation,group-9909481c0b221018,672
true/688,validation,group-e7b34cb06396fe9d,688
true/690,validation,group-a5d7dc965baf1d35,690
true/700,validation,group-e831417953118cac,700
true/704,validation,group-7f5f736d0fd20008,704
true/708,validation,group-4495a2abff7ec581,708
true/713,validation,group-afe61359e5683cdf,713
true/729,validation,group-98b78b489eb324e9,729
true/732,validation,group-10738e65e378e118,732
true/737,validation,group-c22deee921c9ce3a,737
true/745,validation,group-b900453ee1c7af92,745
true/746,validation,group-faa8ce9ccf7e2fd4,746
true/752,validation,group-dec1110715fd8b91,752
true/753,validation,group-6ca1e338c2992d6c,753
true/760,validation,group-3fcd02de15d136a1,760
true/763,validation,group-28345ee7aa62a057,763
true/768,validation,group-d8cb11f9a203f004,768
true/769,validation,group-e9de848cd269f2e0,769
true/783,validation,group-8ba3957fdbf036c4,783
true/789,validation,group-30ae20243b9e777f,789
true/791,validation,group-f13654944afe0936,791
true/793,validation,group-916da4d118c0847e,793
true/796,validation,group-355e7abdd9910c94,796
true/801,validation,group-bd0a6c0fbe1f615d,801
true/803,validation,group-f3ab7d0c38f12add,803
true/804,validation,group-6b21d242b85f8866,804
true/807,validation,group-8af681ddd13344ab,807
true/81,validation,group-1eb841f8e5caaca9,81
true/817,validation,group-e27565ab20f2e9bf,817
true/818,validation,group-1694554c0970041a,818
true/824,validation,group-84c9a7c6fe9fd0e6,824
true/83,validation,group-d7c770ddba620521,83
true/838,validation,group-c2d2128772513c76,838
true/841,validation,group-1cf87c35d164eb55,841
true/847,validation,group-df381afa6e12b985,847
true/850,validation,group-3ca9e6bb79fa75af,850
true/853,validation,group-333fab3ce5dbfb55,853
true/856,validation,group-20496403608680db,856
true/859,validation,group-510b14ff28bbac63,859
true/86,validation,group-f20303579530bdf6,86
true/863,validation,group-c1997c649d711761,863
true/866,validation,group-54f26ef16155fb42,866
true/867,validation,group-f23fc74e58cf0b36,867
true/868,validation,group-4eaf12c5972d2b0c,868
true/869,validation,group-590862f82c7d097d,869
true/873,validation,group-447a0ae205dedf88,873
true/891,validation,group-2d3d84d8e0396a3f,891
true/893,validation,group-33fd14eba41c8a57,893
true/896,validation,group-14aa8f25cd5f5343,896
true/90,validation,group-0b7be84f01f82ebe,90
true/920,validation,group-97391bd0a4c0aefd,920
true/923,validation,group-5c56d98617f51af5,923
true/924,validation,group-cbfd1b2397332287,924
true/929,validation,group-d4391614322503e7,929
true/93,validation,group-2546b998901b08a1,93
true/935,validation,group-efd00378825bde28,935
true/941,validation,group-f13b99fae29c0cd5,941
true/942,validation,group-bda2e1d9f767a80c,942
true/943,validation,group-afd548c2dbe75c92,943
true/946,validation,group-c180a67c59df745b,946
true/948,validation,group-5dc26f798ace9ee5,948
true/965,validation,group-0e1893ea800fdd07,965
true/971,validation,group-322ccc195fcc2598,971
true/976,validation,group-a6f25c520f31dfdc,976
true/98,validation,group-a971881b295125d5,98
true/986,validation,group-b33b626d90cadea1,986
true/988,validation,group-3020a4967d87ce6b,988
true/993,validation,group-3fdbd379767794c4,993
fake/1,test,group-be2c2bf132eb1630,1
fake/1002,test,group-b4ac1c3acb671e26,1002
fake/1004,test,group-9e0ad4c21c31397e,1004
fake/1011,test,group-95ee672641fcefa9,1011
fake/1017,test,group-7c21f3c0c4453847,1017
fake/1018,test,group-068e61af6b729de6,1018
fake/1027,test,group-bd17ce7dddadc2cb,1027
fake/1032,test,group-aa08dd569afe5a1a,1032
fake/1036,test,group-324a903d2e428105,1036
fake/104,test,group-9e433879bae89523,104
fake/1046,test,group-c4b9aba7268a1142,1046
fake/1051,test,group-ede6438b797d219b,1051
fake/1056,test,group-58523571a3d80f99,1056
fake/1059,test,group-c081349f2cd10d2a,1059
fake/1064,test,group-e384a7b9499383d3,1064
fake/1071,test,group-ac4000c3afccce1d,1071
fake/1079,test,group-47c6a1066df225d9,1079
fake/108,test,group-3b741a4788cb1f7e,108
fake/1081,test,group-537c3728d18d491a,1081
fake/1088,test,group-52ec2ad23b6cc377,1088
fake/1089,test,group-be2a1fa0dae31c6f,1089
fake/1095,test,group-13b804e706237dde,1095
fake/1097,test,group-d576b987567ab71f,1097
fake/1102,test,group-fda006867beb7412,1102
fake/1105,test,group-87238f1cdff44f37,1105
fake/1111,test,group-2602cf3b5ecc80f6,1111
fake/1113,test,group-923093fd3f13b5d2,1113
fake/1116,test,group-04738eb000757880,1116
fake/1129,test,group-7bbaab595d0553a8,1129
fake/1130,test,group-faa3d94291bf7c99,1130
fake/1138,test,group-6ae1a551bbea166a,1138
fake/1145,test,group-9deefa3ccd7cde00,1145
fake/1146,test,group-bd250cece650f7b9,1146
fake/1161,test,group-0d065ebc02f69a5a,1161
fake/1168,test,group-b9858aaae96ed4cf,1168
fake/1170,test,group-9eb09cbed190673d,1170
fake/1173,test,group-3302750b3b2b0c68,1173
fake/1176,test,group-f2d3c65a76a76b59,1176
fake/1188,test,group-529e0fa7883df7b0,1188
fake/1203,test,group-1f500b5720220907,1203
fake/1211,test,group-a9e55331fbc94bc5,1211
fake/122,test,group-71ef5e65e9a6d0b0,122
fake/1222,test,group-88e57b9cf32b23ad,1222
fake/1226,test,group-49f33bee302dc4a2,1226
fake/1229,test,group-16619b8fcebc7d89,1229
fake/1230,test,group-5fc483025d54ec18,1230
fake/1238,test,group-ab4f3ac22d55dd08,1238
fake/1254,test,group-5cf566df9e96bd75,1254
fake/1255,test,group-9796093741337901,1255
fake/1264,test,group-4e94978a8becbbd3,1264
fake/128,test,group-e191ba05577cc538,128
fake/1295,test,group-9cef48f6b6b1eb9c,1295
fake/1306,test,group-ba1394b0da4b2f62,1306
fake/1307,test,group-2c39ca4b5303c636,1307
fake/1309,test,group-fed5efc0a2bd5208,1309
fake/1315,test,group-e475675cb44b8a37,1315
fake/1318,test,group-5e8ef11ee99130bb,1318
fake/1339,test,group-de71c05d872106fd,1339
fake/1343,test,group-2021577f2f805ef9,1343
fake/1349,test,group-08832ee26577746c,1349
fake/135,test,group-5c0eca0bc715d816,135
fake/1350,test,group-f6465b0df4eaa504,1350
fake/1356,test,group-e9eaaf50a4fa0fe0,1356
fake/1357,test,group-30bba5c488e8bb80,1357
fake/136,test,group-0a15b5e360ff0b0d,136
fake/1360,test,group-b6b84f34f5f03de7,1360
fake/1362,test,group-3a941c71311f2c0e,1362
fake/1366,test,group-f22825adc26b2354,1366
fake/1373,test,group-4492d42414a1d0ba,1373
fake/1374,test,group-9173b7921070062f,1374
fake/1377,test,group-04ff3b4cf788c2cb,1377
fake/1379,test,group-247d73045344ccb0,1379
fake/1380,test,group-d88f3b3fc54a7068,1380
fake/1381,test,group-bb32ca3d3634879e,1381
fake/1383,test,group-4528451a381f0842,1383
fake/1386,test,group-6c429e2839916ac2,1386
fake/1390,test,group-8dee97ab071d0d1f,1390
fake/1392,test,group-b6546926ced26aae,1392
fake/1396,test,group-daa246ff2555e85f,1396
fake/14,test,group-9b57246cb1f50454,14
fake/1402,test,group-0f8bfb1b4f254f28,1402
fake/142,test,group-6dc517068a94dba8,142
fake/1420,test,group-9ed32e56aefabada,1420
fake/1426,test,group-600c92f0ab2c8ad9,1426
fake/143,test,group-1b5207aa1ee534bb,143
fake/1445,test,group-2cc00bcfeb1e0a6b,1445
fake/1447,test,group-ed6e4a4feba98894,1447
fake/1454,test,group-0c644b985c9050cd,1454
fake/1459,test,group-382e80bda225f073,1459
fake/1460,test,group-df8fd4ec1e238b40,1460
fake/1465,test,group-686bbc2fd44dba00,1465
fake/1471,test,group-3916b5c05e2721a5,1471
fake/1476,test,group-8b8e3d9a0a36bba5,1476
fake/1482,test,group-1635df203c03157d,1482
fake/1494,test,group-93fc5d6bdb3d7405,1494
fake/1498,test,group-be49d821207b35e4,1498
fake/1499,test,group-8c1847060c605e79,1499
fake/15,test,group-e4285fecfb18824d,15
fake/150,test,group-f6f367519829c2db,150
fake/1503,test,group-a2f2b6cdb10edf8f,1503
fake/1514,test,group-a9960741809d5b8b,1514
fake/1515,test,group-f6e9e1c8c8c7d850,1515
fake/1521,test,group-4af9069001c65f19,1521
fake/1524,test,group-2e4f7f47dbbe16c6,1524
fake/153,test,group-d7794f87978c3f15,153
fake/1532,test,group-46145924e8f9e36d,1532
fake/1537,test,group-64dc17fbde2b7d57,1537
fake/1538,test,group-d556209e626168f7,1538
fake/1539,test,group-60b98e06d58a40bb,1539
fake/1541,test,group-8fe661e67d05fbe0,1541
fake/1542,test,group-59e7fdba0b768777,1542
fake/1543,test,group-8919edb406fadfed,1543
fake/1544,test,group-a9d44a7f3aa76306,1544
fake/1547,test,group-1d2a1e231e829ec5,1547
fake/1559,test,group-89164d2b556ccfbd,1559
fake/1581,test,group-9ff832ca93cfbdb1,1581
fake/1582,test,group-3f4d3cdcd0fca836,1582
fake/1584,test,group-724896ee630b44b5,1584
fake/1590,test,group-a0ef24a3879d4455,1590
fake/1593,test,group-35b357783f53d13d,1593
fake/1597,test,group-23a165d1d9017e98,1597
fake/16,test,group-73415c6cd9e6aa6b,16
fake/1607,test,group-a293e0f29766fff5,1607
fake/1610,test,group-da17d79afecc1a8c,1610
fake/1612,test,group-91b53acd1d385629,1612
fake/1615,test,group-c08ebf1cc85cfa99,1615
fake/1623,test,group-5c27a70b1d86a98b,1623
fake/163,test,group-3650a75007f4367d,163
fake/1632,test,group-b28480daaedcfadc,1632
fake/164,test,group-dfb0814125fa7c93,164
fake/1643,test,group-8efcc037f435e89a,1643
fake/1645,test,group-1f29980f4fb83600,1645
fake/1646,test,group-2181411fd6f8cd92,1646
fake/1650,test,group-acc5d487025a6db8,1650
fake/1664,test,group-7b2fa80f02014897,1664
fake/1665,test,group-ecc3013bd9e5323b,1665
fake/1675,test,group-bdd1d6cd86e3c262,1675
fake/1676,test,group-8561883c3560aa33,1676
fake/168,test,group-dea92d1be99c1160,168
fake/1684,test,group-65ad26cc002f38a9,1684
fake/1685,test,group-173c43ffc9f019e4,1685
fake/169,test,group-a60ef045e9b20d47,169
fake/1691,test,group-11ffee18431447fb,1691
fake/1696,test,group-f83bf49c94d225ab,1696
fake/1700,test,group-509be7c05e819dbc,1700
fake/1710,test,group-275a65479bed7aa2,1710
fake/1712,test,group-624a15c203cec245,1712
fake/1716,test,group-fba6c9ae4564e9cd,1716
fake/172,test,group-a8bc1c810a3c7baf,172
fake/1720,test,group-d51338ae5c2899d9,1720
fake/1722,test,group-907ccb8987f569bf,1722
fake/1723,test,group-d1a7ccc4225900d9,1723
fake/1727,test,group-be7e0db0b9478458,1727
fake/1730,test,group-928d0f199049cab2,1730
fake/1731,test,group-53d860f090357473,1731
fake/1737,test,group-1b6d0b23fe47dea7,1737
fake/1739,test,group-ee081958d3bcbad8,1739
fake/1743,test,group-9c8f8300155cf80d,1743
fake/1752,test,group-b5bb816abcda3e69,1752
fake/1759,test,group-b32ea6c1470d9eab,1759
fake/1764,test,group-ef2b479a81a2ae6f,1764
fake/1777,test,group-1ee2f11170869179,1777
fake/178,test,group-97170aa91fafd808,178
fake/1786,test,group-cb99fb6473313de3,1786
fake/1787,test,group-23bb8891d6408531,1787
fake/1788,test,group-db4a304bd977982b,1788
fake/1797,test,group-0dbdf034de1ce5dc,1797
fake/1798,test,group-5527c888a2326c25,1798
fake/1808,test,group-2e9651a826f4436d,1808
fake/1814,test,group-a79299e40a4e66e1,1814
fake/1815,test,group-08777c45a6831771,1815
fake/1819,test,group-cef7f9ca7aa9a6d3,1819
fake/1824,test,group-cf64f53bed7faca4,1824
fake/1828,test,group-073e36f73b2c7b61,1828
fake/1847,test,group-f6d7d408ca41f777,1847
fake/185,test,group-8d5600557677e8b0,185
fake/1858,test,group-57cde4c66575bfc4,1858
fake/1859,test,group-711a2b776f9f4bb1,1859
fake/1862,test,group-2bd0abf0c11fa6f7,1862
fake/1864,test,group-0cefe08c2d5e5478,1864
fake/1868,test,group-cbcbb80f91233631,1868
fake/1871,test,group-ed35372ee967696f,1871
fake/1877,test,group-72ac4a27bb200717,1877
fake/1878,test,group-da3af591a5943583,1878
fake/1879,test,group-1fba59e225c31dc2,1879
fake/1885,test,group-7796b8567c84a430,1885
fake/1894,test,group-ab528349414650f7,1894
fake/1895,test,group-595c10bb50c258ed,1895
fake/190,test,group-8683ae9361d6fe82,190
fake/1903,test,group-05a0835c86217a91,1903
fake/1913,test,group-d90502130047f47e,1913
fake/1914,test,group-b54e6d0e1f11a6b8,1914
fake/1921,test,group-4219f42cd48b35fa,1921
fake/1926,test,group-a6518dee697020bf,1926
fake/1929,test,group-c80e2ba172d6fbac,1929
fake/1933,test,group-aab28eb70535c380,1933
fake/1941,test,group-7508aac252483ef8,1941
fake/1945,test,group-0c3334c4fb6e8f6e,1945
fake/1948,test,group-707336b490d8a262,1948
fake/1949,test,group-51ece8f0fefa0281,1949
fake/195,test,group-9a0d990c4ea2ac02,195
fake/1951,test,group-5288b9d8778f92fe,1951
fake/1955,test,group-df07916ce4d9a84e,1955
fake/1957,test,group-7ead9cf72dd355fc,1957
fake/196,test,group-be762059d13e250f,196
fake/1961,test,group-4c2c349c1253e5db,1961
fake/1962,test,group-dd735380547076a9,1962
fake/1969,test,group-240dd4bf35fe7b50,1969
fake/1975,test,group-4434bd6624699e17,1975
fake/1976,test,group-79606497a118dabb,1976
fake/1978,test,group-9b80fab90a458adb,1978
fake/198,test,group-f2b84e84cb1ede6f,198
fake/1985,test,group-ffadc148e0786f26,1985
fake/1986,test,group-f9fe471efb1ce06e,1986
fake/199,test,group-67290eed80f66493,199
fake/1990,test,group-e8411b9ba8546f2a,1990
fake/1992,test,group-4d0d3e8d2fc34f2b,1992
fake/1994,test,group-eee51525279a73d8,1994
fake/2008,test,group-50310b949058a38c,2008
fake/2014,test,group-44ba7644d0aca350,2014
fake/2016,test,group-dbbf8d67cf7e5a5d,2016
fake/2024,test,group-4d97b65353be763e,2024
fake/2029,test,group-498379e96c03ca51,2029
fake/2032,test,group-9eff80b6397fffeb,2032
fake/2034,test,group-177b149e3b1e9503,2034
fake/2043,test,group-f5c80839d0d499b0,2043
fake/2044,test,group-3c588a2c6a827e4a,2044
fake/2047,test,group-56cb5efeb33af0a7,2047
fake/2060,test,group-5b0893ea1b2f9143,2060
fake/2083,test,group-11ed94b295e083e3,2083
fake/2085,test,group-f8efc0cc16e61524,2085
fake/2100,test,group-277eb373a611c1e3,2100
fake/2101,test,group-0ce619181894949b,2101
fake/2102,test,group-93faa7d98e3259a1,2102
fake/2114,test,group-60e7510fa47b126f,2114
fake/2115,test,group-c157403d5e38a8c4,2115
fake/2117,test,group-ac806d7daab0ce28,2117
fake/2118,test,group-e60f3eb8539b7b45,2118
fake/212,test,group-78f24843e0ed975c,212
fake/2121,test,group-4ba9dc7e1e97e178,2121
fake/2124,test,group-57b49a0e2d71d893,2124
fake/2129,test,group-135c3babe462eafd,2129
fake/2130,test,group-b7ac348569f0cf7a,2130
fake/2131,test,group-d097c5cf4b225310,2131
fake/2136,test,group-a6b40a6058e6bb95,2136
fake/2143,test,group-6c2fb5ef9437eab2,2143
fake/2151,test,group-3f1cf5151ff34c4e,2151
fake/2181,test,group-c2156d42523a5cf5,2181
fake/2182,test,group-3412e310e42d78cf,2182
fake/2184,test,group-726547a03b67b7a4,2184
fake/2189,test,group-100edde7a9e8f24f,2189
fake/2192,test,group-6585930c2e7edda4,2192
fake/2196,test,group-cb84f009aab5b304,2196
fake/2200,test,group-ce62dc4f0ed76deb,2200
fake/2203,test,group-19f052bada2c4180,2203
fake/2205,test,group-1795916af9d4b5f0,2205
fake/2208,test,group-504d28f60825ad63,2208
fake/2213,test,group-233e60b32b9a7480,2213
fake/2217,test,group-160b5ec4599f492a,2217
fake/2220,test,group-747048b65104c9ea,2220
fake/2223,test,group-41a94fb8791cb97e,2223
fake/2224,test,group-df2fb9c7fb945b52,2224
fake/223,test,group-ef4bded948586072,223
fake/2243,test,group-bc688f6f02d8a7d1,2243
fake/2244,test,group-72103c09afa54163,2244
fake/2247,test,group-7d984dd5c42b89f5,2247
fake/225,test,group-de710f133443a76c,225
fake/2251,test,group-50c92a934110c3f1,2251
fake/2258,test,group-c3fc68d20acb88e1,2258
fake/2260,test,group-18cdac11b0cc8f40,2260
fake/2265,test,group-980f2a33bb133527,2265
fake/2266,test,group-a3aad1badd750f12,2266
fake/2284,test,group-9a55e25ddbaa9bef,2284
fake/2285,test,group-ab5a9ba614df62b2,2285
fake/2290,test,group-42669050cf3572e1,2290
fake/2296,test,group-e045bbd5c7bb9916,2296
fake/23,test,group-834587d33de368a0,23
fake/2301,test,group-28aa995379a8db1a,2301
fake/2302,test,group-f61ed49f4a582306,2302
fake/2304,test,group-724d9516f7a50387,2304
fake/2306,test,group-325657cf1d562dc7,2306
fake/2311,test,group-092787e9b2f9c657,2311
fake/2321,test,group-08d0eff7c3065f85,2321
fake/2322,test,group-14c9b5cd3424ef5d,2322
fake/2327,test,group-9893943bedc57a2b,2327
fake/2329,test,group-281d4aef75853df7,2329
fake/2346,test,group-32326d3dd8d75c03,2346
fake/2355,test,group-51e2a57f773a6e7b,2355
fake/2359,test,group-209a3cc7a75f1fad,2359
fake/2362,test,group-5d5361fe2feaa9bc,2362
fake/2363,test,group-fa69c77f3fe365c1,2363
fake/2368,test,group-096aaa5abe1204a4,2368
fake/2371,test,group-0fae623888232e03,2371
fake/2372,test,group-a8ceed2e4c42badd,2372
fake/2375,test,group-7ef4747326ba6ad5,2375
fake/238,test,group-63b04ce4470f026f,238
fake/239,test,group-ba1e25e7a38f825e,239
fake/2391,test,group-c25bcc395c071cee,2391
fake/2396,test,group-fdeadc023d3d43c2,2396
fake/2397,test,group-912d40299bb3f745,2397
fake/2399,test,group-3320cb653683b63a,2399
fake/2414,test,group-29ed7bbc7ec94f18,2414
fake/2415,test,group-f5a3466c06cdf404,2415
fake/2420,test,group-1ff9e8d19fc1abaf,2420
fake/2424,test,group-4fa2f0cf751467ab,2424
fake/2430,test,group-1df72964357dced9,2430
fake/2440,test,group-d07c47433fbfba49,2440
fake/2443,test,group-f0e159970dc94a27,2443
fake/2445,test,group-116c79ec5db527eb,2445
fake/2446,test,group-2c43bdf8832e9e1f,2446
fake/2454,test,group-055e00802b1ed6a2,2454
fake/2458,test,group-7a30db4a9c11e739,2458
fake/2463,test,group-beef6c03b1dbe6ea,2463
fake/2466,test,group-72c2652ad700f19f,2466
fake/2468,test,group-174566b5715ec771,2468
fake/2473,test,group-693f253e77528504,2473
fake/2474,test,group-4a0884265252bfc0,2474
fake/2476,test,group-cb184462facd77a4,2476
fake/2484,test,group-ac8136856f05b110,2484
fake/2488,test,group-f03b56b34a64d2a7,2488
fake/249,test,group-69798dce08fd0c50,249
fake/2490,test,group-24caaa4fda351ec5,2490
fake/2492,test,group-8ba962db20939bb9,2492
fake/250,test,group-4c51c9888492f221,250
fake/2500,test,group-1615f3c7dd39d931,2500
fake/2510,test,group-f8ad563fb56d8aa6,2510
fake/2511,test,group-651d9fc643a733af,2511
fake/2515,test,group-80c9577ab8d1a03a,2515
fake/2522,test,group-670714b689ddaae6,2522
fake/2523,test,group-4b27b1aab9180bae,2523
fake/2525,test,group-915385ce2cd45a74,2525
fake/253,test,group-e05a21a93f04cc66,253
fake/2535,test,group-4ffafa1f0ea53d41,2535
fake/2543,test,group-67ecfc1532b65113,2543
fake/2544,test,group-479c6248b1d77075,2544
fake/2555,test,group-d83b85c6edacf770,2555
fake/2557,test,group-ee64eea962c2c960,2557
fake/2572,test,group-6d1666e132e0c530,2572
fake/2574,test,group-c4857ebdc8651544,2574
fake/2579,test,group-bf6c957185ac4777,2579
fake/2581,test,group-085ee030b41b7da4,2581
fake/2583,test,group-4b1d305282b11475,2583
fake/259,test,group-126d014facdb03a8,259
fake/2590,test,group-6f3de1b3c25af421,2590
fake/2597,test,group-1e324625a27079cb,2597
fake/2601,test,group-433a675e6dc09ce7,2601
fake/2605,test,group-721c1438dcd436eb,2605
fake/2611,test,group-701eb7b88608a438,2611
fake/2612,test,group-90f3c1b852c0723a,2612
fake/2618,test,group-c741c21121071ac5,2618
fake/2625,test,group-05da921dc90cd3a4,2625
fake/2626,test,group-03676f6c2f233d85,2626
fake/2628,test,group-ad373ba526b8bbbd,2628
fake/2629,test,group-01743d632bc9ab54,2629
fake/2634,test,group-5822116bfac8b1d0,2634
fake/264,test,group-526a221a20ec8842,264
fake/2643,test,group-630ae3aeaff913ab,2643
fake/2644,test,group-083a55a67fb555cc,2644
fake/2649,test,group-b719391482cc0fba,2649
fake/2653,test,group-05dcd67a6f488057,2653
fake/2658,test,group-312e08c0578bc7cc,2658
fake/2660,test,group-71ee5ac3c0adb356,2660
fake/2662,test,group-bc391f3383f211e4,2662
fake/2672,test,group-e9e2eb50aa4d25e2,2672
fake/2675,test,group-02759f2e5e12dc16,2675
fake/2678,test,group-0dbfc006970bdd55,2678
fake/268,test,group-8ebc5af45a2ec5c4,268
fake/2687,test,group-2bd37160aa0e1fe3,2687
fake/2692,test,group-de7af8a7745fccba,2692
fake/2695,test,group-fbac562ab1c763de,2695
fake/2696,test,group-7bc2b9dff8cdbfb9,2696
fake/270,test,group-9f96d6273468c397,270
fake/2712,test,group-d2ba2681bec4df67,2712
fake/2713,test,group-fbdd30152c2d7a55,2713
fake/2718,test,group-13470ba6e8234338,2718
fake/2720,test,group-6e3a4ea4a86c85b3,2720
fake/2727,test,group-0a2b5b3f11bdbbc5,2727
fake/2733,test,group-88ce79b95ba27334,2733
fake/2736,test,group-8de3786632dd0166,2736
fake/2743,test,group-3aa368f18b03d345,2743
fake/2758,test,group-bb0259efcef66c44,2758
fake/2759,test,group-2bb480b719753d95,2759
fake/276,test,group-ee6aca44a8f9cffe,276
fake/2761,test,group-1fed0b7caa115221,2761
fake/2762,test,group-66f79c913c140609,2762
fake/2768,test,group-23ce105df8289440,2768
fake/277,test,group-171e64bfd690464b,277
fake/2772,test,group-b27d942af297a288,2772
fake/2775,test,group-6bd705e74aae8bfb,2775
fake/2777,test,group-b97a6432ddaf4d2a,2777
fake/2781,test,group-eb6813e43d2cf043,2781
fake/2787,test,group-f03f5c7bac56b084,2787
fake/2792,test,group-532430af917035e8,2792
fake/2800,test,group-229dbe557e85cf83,2800
fake/2805,test,group-a238b73b12c296ed,2805
fake/2814,test,group-f8db31f71f34201d,2814
fake/2816,test,group-1ec26e9f9381b7ed,2816
fake/2821,test,group-39efb6eda71abc9a,2821
fake/2838,test,group-2a2b5a525e2a2dbb,2838
fake/2841,test,group-fab30801effe94f3,2841
fake/2842,test,group-7b5d41d956d2b9e6,2842
fake/285,test,group-3e187c4d9772b709,285
fake/2851,test,group-6264a2a15c1e0830,2851
fake/2858,test,group-746e5c748bdf6101,2858
fake/2863,test,group-e910f31f5d8b1577,2863
fake/2864,test,group-b25dc26a2dd1369d,2864
fake/2866,test,group-5a9bf77090ff744b,2866
fake/2869,test,group-7432841470e3656f,2869
fake/2877,test,group-be778382c1ab061a,2877
fake/2879,test,group-3ddae4942c063c45,2879
fake/2889,test,group-71bdf1a74aa3b38b,2889
fake/2893,test,group-e72a407d0723d6d2,2893
fake/290,test,group-61ac43f7811053e7,290
fake/2907,test,group-5346ecf0cea7301d,2907
fake/2908,test,group-2ed99ada174c4205,2908
fake/2912,test,group-937a8de26ec39346,2912
fake/2913,test,group-24f5afc4a98655f2,2913
fake/2914,test,group-0bd3179a3e2647a7,2914
fake/2919,test,group-681e945b008e4dda,2919
fake/2920,test,group-63d14a5a1b63a9cd,2920
fake/2922,test,group-159b3705482ffd94,2922
fake/2923,test,group-7cd355f02855c9df,2923
fake/2924,test,group-45b0e0afc84ce617,2924
fake/2928,test,group-70f00f93d22ccfc2,2928
fake/2932,test,group-79791912d594e9f2,2932
fake/2935,test,group-9a44eedea53183fb,2935
fake/2939,test,group-210b4ab0e5d35da7,2939
fake/294,test,group-6dcbe5d3f6701dbb,294
fake/2944,test,group-bb2fc1bc88e8f293,2944
fake/295,test,group-cb4da51ed83e2416,295
fake/2955,test,group-a5fa38cc0e6c7f24,2955
fake/2957,test,group-fa9de1d4caee1d97,2957
fake/2958,test,group-d500024b7db8894a,2958
fake/2961,test,group-9e704a7ab1a25b9e,2961
fake/2964,test,group-bb9b1fb385a479e9,2964
fake/2971,test,group-2055c8955d5e3e48,2971
fake/298,test,group-71a139514abaf789,298
fake/2998,test,group-a0a7a00bca31f4f2,2998
fake/3003,test,group-17a3a101510af71c,3003
fake/3004,test,group-11e151671bbcade6,3004
fake/3007,test,group-05f8284a8174d2b5,3007
fake/301,test,group-181a438b36304bf8,301
fake/3012,test,group-158ac3d7cf9992e9,3012
fake/3013,test,group-5c955eb8e703e1a4,3013
fake/3016,test,group-996a2600e54eec7f,3016
fake/3020,test,group-41484c567c11ce13,3020
fake/3030,test,group-f7e884eb5af0fae0,3030
fake/3033,test,group-90480e337e2baccf,3033
fake/3036,test,group-5ddf03db7232bc9a,3036
fake/3050,test,group-31f3c219f1ece86d,3050
fake/3054,test,group-198c3c052aaff797,3054
fake/3069,test,group-a7690ba1df6e26cf,3069
fake/3073,test,group-85e3d33d70caf235,3073
fake/3083,test,group-e6d20576834eebd8,3083
fake/309,test,group-89f134999e35149f,309
fake/3096,test,group-03ffa47260064e1d,3096
fake/3099,test,group-6088022c0758b2bf,3099
fake/3113,test,group-9dc6c5f6a86fd3b0,3113
fake/3116,test,group-cae0ad83057cb022,3116
fake/3119,test,group-62b6a0eb13c0d1c2,3119
fake/3120,test,group-487ad7fb32211a74,3120
fake/3121,test,group-ae8f08693e012719,3121
fake/3122,test,group-edae96c7638fa0a5,3122
fake/3123,test,group-4174fd589c1e07bd,3123
fake/3124,test,group-2557f3cef49fdbbe,3124
fake/3125,test,group-eca1b0ca1b2c7438,3125
fake/3128,test,group-9abfae07792efefe,3128
fake/313,test,group-a85309c72d34ff27,313
fake/3132,test,group-f85de7beb1baf1bc,3132
fake/3140,test,group-cf882e57737990f0,3140
fake/3141,test,group-126c446baf2fe4bc,3141
fake/3151,test,group-9e9a5b2a91253b05,3151
fake/3160,test,group-3bcebf9e86314133,3160
fake/3167,test,group-4b3d683d2e95c148,3167
fake/3181,test,group-d923233d8e0ae251,3181
fake/3185,test,group-c8ddfdbc23ad2772,3185
fake/3189,test,group-0a979e3f06e18f26,3189
fake/3192,test,group-181e2bbce14ae3fd,3192
fake/3195,test,group-6212d5eb21257364,3195
fake/3198,test,group-889da8e77a486aee,3198
fake/3213,test,group-dec75e3dae685905,3213
fake/322,test,group-2ea81baba2e06ba6,322
fake/3220,test,group-327cee981e5015d7,3220
fake/3224,test,group-39956e2e202a0b1d,3224
fake/3231,test,group-c82388c7e61b7e40,3231
fake/3237,test,group-b82a0d11d4a8213c,3237
fake/324,test,group-b8a5cc3c91367f5a,324
fake/3240,test,group-8cd2ce209ccacf75,3240
fake/3247,test,group-197623ff4783808e,3247
fake/3254,test,group-de09993aeed9416f,3254
fake/3262,test,group-c3b3a3573c9dd393,3262
fake/3265,test,group-747205f2d19cdfae,3265
fake/3268,test,group-d7d20daa8e5424a6,3268
fake/327,test,group-d71008cbf1152e29,327
fake/3275,test,group-b2bd1a0bbe04b581,3275
fake/3288,test,group-c82e84f5ed8cdb84,3288
fake/3291,test,group-f9bbdf98f02a7b9a,3291
fake/3292,test,group-76ee33ec6446b6e2,3292
fake/3295,test,group-f4a257a37825bcb5,3295
fake/3300,test,group-2e229eda27a8cf29,3300
fake/3302,test,group-06f4679b6c058095,3302
fake/3307,test,group-5fc01be485fa7639,3307
fake/3312,test,group-de8fcf0feb17e4fb,3312
fake/3319,test,group-f4569dd534365387,3319
fake/3321,test,group-a85c4555d65a8199,3321
fake/3326,test,group-5cb2c1fb59962b25,3326
fake/3334,test,group-fcb0fede05ff8f43,3334
fake/3336,test,group-97478d700b3c9938,3336
fake/3340,test,group-3c7086d620c8ecc9,3340
fake/3342,test,group-cd85e54c4eb6b221,3342
fake/3343,test,group-2ca9ada0373f5088,3343
fake/3346,test,group-c9aa71523bf6cd65,3346
fake/3350,test,group-b4f5a1fa0d0056ba,3350
fake/3351,test,group-8cab6e7d55c46a9d,3351
fake/3356,test,group-e88038d4b97fffed,3356
fake/3357,test,group-e1dc6e9bb23db5ec,3357
fake/3358,test,group-c592a15f700b4581,3358
fake/3359,test,group-2bfc6378e98f5313,3359
fake/336,test,group-ddfadec98972a2dc,336
fake/3365,test,group-3e21e83fb2a62b0f,3365
fake/3371,test,group-42992dbad91a7e04,3371
fake/3376,test,group-8ad702279e137db3,3376
fake/3379,test,group-5235e86f9964dbcc,3379
fake/3381,test,group-48caea9dcadb286b,3381
fake/3389,test,group-d7ba409cd2c0efc3,3389
fake/3394,test,group-613b1cbc7c8a0101,3394
fake/3395,test,group-21c5bd15874bce9a,3395
fake/340,test,group-80630f03da91c78d,340
fake/3411,test,group-b11cfc178da0dbc5,3411
fake/3414,test,group-2bdf6bb5d70cabc4,3414
fake/3418,test,group-f96908b2b49acd1c,3418
fake/3421,test,group-3026b960059d560a,3421
fake/3428,test,group-f7c0d8af37003830,3428
fake/3444,test,group-a4619c86fd4651a9,3444
fake/3457,test,group-e309b1132a303094,3457
fake/3458,test,group-3fd125574d630871,3458
fake/346,test,group-588463454799f240,346
fake/3464,test,group-c74262288a216c77,3464
fake/3467,test,group-82d063113416655d,3467
fake/347,test,group-f0bbffbef341de44,347
fake/3481,test,group-5ecb9b4c5fce66e0,3481
fake/3483,test,group-8aec088ea02b983d,3483
fake/3489,test,group-99135d48eb2691ba,3489
fake/3495,test,group-2769fc56c4c0436c,3495
fake/3496,test,group-84276e1e55b57766,3496
fake/3497,test,group-a98de53f01c49c3a,3497
fake/3501,test,group-d4fbb8c3ee28d9ea,3501
fake/3505,test,group-8f25f92da29427e7,3505
fake/3506,test,group-7e5916c3d88ec9ac,3506
fake/3507,test,group-c0cd38d1656e439f,3507
fake/3509,test,group-b3d4b0c5488826b0,3509
fake/3516,test,group-e129f38d35ca5ac4,3516
fake/3517,test,group-6ab203def0b1c2cc,3517
fake/3520,test,group-bce98baa2d51ab64,3520
fake/3526,test,group-ada18c532ba10fce,3526
fake/3542,test,group-0168a1b3596c6d7c,3542
fake/3551,test,group-6cc9be8f2c1718a1,3551
fake/3553,test,group-078756cb8bce0c51,3553
fake/3554,test,group-13c4008f09d42585,3554
fake/3555,test,group-0c5dd85979fbdc63,3555
fake/3556,test,group-617f394895a0fb7a,3556
fake/3560,test,group-2282577a7de45b0c,3560
fake/357,test,group-7890f613194f781a,357
fake/3570,test,group-64a64e1e41b41200,3570
fake/3573,test,group-97928e6a289ecbed,3573
fake/3578,test,group-4b97b9ecbbf8bcc0,3578
fake/3581,test,group-c7dced7b4c8de07d,3581
fake/3587,test,group-53231955c7213303,3587
fake/3592,test,group-cc6c0f2b55d81000,3592
fake/3594,test,group-3bf2f43b1a81eeb4,3594
fake/3600,test,group-395340795fd42512,3600
fake/361,test,group-73e5d3886c141466,361
fake/374,test,group-74f7f33e51df00ef,374
fake/375,test,group-c7cba7c282eefed6,375
fake/376,test,group-74e60fa88dc34d39,376
fake/384,test,group-a58b7f467c9ac5a1,384
fake/390,test,group-3c1ddd83784024fe,390
fake/396,test,group-7e3e70acf61b1bea,396
fake/40,test,group-513347e8270e77a3,40
fake/408,test,group-a2d780eeddf65367,408
fake/410,test,group-0d8201a50399ff5b,410
fake/419,test,group-0bd319056dff04f5,419
fake/422,test,group-77f5d5d6f8a57d3f,422
fake/423,test,group-c963d0b57737975b,423
fake/431,test,group-896a4c11ff79f192,431
fake/434,test,group-58919559e7b43d23,434
fake/442,test,group-113d354eab74bebb,442
fake/443,test,group-c524a515c15d05d1,443
fake/444,test,group-292a71cedd53bd4e,444
fake/447,test,group-0f84c8d27359cbdb,447
fake/451,test,group-1f58718aafe9131b,451
fake/453,test,group-6466555a6a25bd06,453
fake/455,test,group-4b9d6fcc93dd054e,455
fake/459,test,group-8f77780b571d67b8,459
fake/460,test,group-6f2a4da50ae89e11,460
fake/474,test,group-985ba3183f4d4729,474
fake/475,test,group-50203f30f6ad010a,475
fake/476,test,group-753465cc6a82b704,476
fake/480,test,group-57eaa276cecbd1c0,480
fake/485,test,group-9e820612ffa9b583,485
fake/489,test,group-9116859cfa7bb6c8,489
fake/498,test,group-bb79c69892a6f43d,498
fake/499,test,group-3508333cb058f075,499
fake/502,test,group-7967b92bf985120e,502
fake/509,test,group-1aeec38fcf2947b8,509
fake/52,test,group-2ac0b4bdcffd62e9,52
fake/524,test,group-c2dd754cc6df905d,524
fake/526,test,group-5132d558eba76b61,526
fake/530,test,group-a7232d72623d1089,530
fake/533,test,group-003dd6d4f708e7d9,533
fake/541,test,group-d8b5095fefde99ac,541
fake/543,test,group-27e60164b9329648,543
fake/552,test,group-ce68bd03c0570a8b,552
fake/553,test,group-ebcc2f27b5a4db76,553
fake/558,test,group-1ce8d4f3cea7ec4a,558
fake/572,test,group-3a2fe61a38545ff0,572
fake/576,test,group-ca455cacfe4188fa,576
fake/577,test,group-d7ab8c91fa11fceb,577
fake/578,test,group-21ea1cfb92654aa0,578
fake/579,test,group-83ed18f7fcd377f7,579
fake/586,test,group-2a719903bc0e094b,586
fake/588,test,group-678b8599504a7c80,588
fake/589,test,group-a079f4dd8951745a,589
fake/596,test,group-6af7fa3d0a307fd9,596
fake/597,test,group-e05da92b18257560,597
fake/601,test,group-9e6247e125a13c37,601
fake/602,test,group-1430b9c2e3d73f73,602
fake/610,test,group-3e90d832a1b1d412,610
fake/611,test,group-f3219aabeed0f494,611
fake/614,test,group-d9e37d3ba3e29844,614
fake/615,test,group-a120de1c3550f61b,615
fake/618,test,group-84e9b0266869cf9e,618
fake/620,test,group-107cc3d98b142f52,620
fake/631,test,group-ec9a09dfa1303db1,631
fake/632,test,group-51757b3f2af205db,632
fake/64,test,group-345dc455294b38f0,64
fake/644,test,group-06871ffad0b9214c,644
fake/646,test,group-6288797007508614,646
fake/651,test,group-7f93c8e388f76ee4,651
fake/654,test,group-559a614039602d94,654
fake/655,test,group-82bf129b0509ab78,655
fake/663,test,group-9062b4b1dea2b05b,663
fake/664,test,group-a04f7ac708ec9750,664
fake/667,test,group-2507e9e68d5bf1a4,667
fake/67,test,group-70ba3756f448381c,67
fake/674,test,group-b026d212ad9a5ca5,674
fake/676,test,group-9e3bcee2581d52a7,676
fake/678,test,group-1cec4ef260fce2b1,678
fake/679,test,group-290d7857ba9fafd9,679
fake/68,test,group-ec2b47c95a8a014f,68
fake/684,test,group-e23e060729af0c2a,684
fake/705,test,group-b34d2997f42066f9,705
fake/712,test,group-7150ea4370d84ab9,712
fake/716,test,group-36f1b1425035719b,716
fake/717,test,group-729963e2d487b41f,717
fake/722,test,group-4bc5d1e08d9d12db,722
fake/724,test,group-5ecc79ce4ab1624a,724
fake/728,test,group-a0791583e88d13b3,728
fake/733,test,group-45e52030245c505a,733
fake/738,test,group-5e5c412aea4caf7d,738
fake/741,test,group-b0d9569e2b190375,741
fake/748,test,group-151ae07789bdee25,748
fake/755,test,group-f458e95957945a38,755
fake/759,test,group-c49704c2f2d7e8a4,759
fake/765,test,group-efa1e6cd6b66c57e,765
fake/766,test,group-f4c26737fb802b1c,766
fake/77,test,group-3e5dc7259d7824b7,77
fake/776,test,group-000b7c25bbc0b39e,776
fake/778,test,group-192211746772e302,778
fake/78,test,group-8b4f5b174c132015,78
fake/785,test,group-1edb79d3362a088c,785
fake/786,test,group-91a4b8a631c11ada,786
fake/79,test,group-5c971c74c4e3bad5,79
fake/797,test,group-e81934c7f695cbfa,797
fake/799,test,group-86c26c1bb288d4c6,799
fake/8,test,group-46f001f7d029f226,8
fake/805,test,group-eeeb222b9207d762,805
fake/808,test,group-56b2f946aabfeddc,808
fake/816,test,group-656f1a63c3876697,816
fake/819,test,group-08caa4c83e97029e,819
fake/830,test,group-57a16be96abcf2e9,830
fake/831,test,group-74fad224dc947e6f,831
fake/833,test,group-132dea51a852d7a1,833
fake/835,test,group-fd6d01cfbe1c1dc1,835
fake/839,test,group-7435a8baed6674e5,839
fake/840,test,group-9567dc740889c069,840
fake/844,test,group-3a38f2578fda16bd,844
fake/845,test,group-1476d29ffa4ce334,845
fake/862,test,group-cfc009088a2071f4,862
fake/864,test,group-553115cbbf0eb953,864
fake/87,test,group-dd895cd105a7a94b,87
fake/879,test,group-67aef179a058a6a8,879
fake/885,test,group-5871ee534cb03124,885
fake/898,test,group-051b2742a2a326d3,898
fake/900,test,group-3cf27e580747d725,900
fake/901,test,group-12cdaf72d516b2eb,901
fake/902,test,group-d881eb96b0c450a9,902
fake/909,test,group-3668db40ae4b150d,909
fake/911,test,group-bcb584f19867a868,911
fake/912,test,group-e4cb8111ebcc084c,912
fake/915,test,group-c39ce0dc4d50526b,915
fake/917,test,group-1ec668948a587ed3,917
fake/919,test,group-051cee3fbadb21c0,919
fake/930,test,group-e4b24ddaa9ede854,930
fake/933,test,group-0b82ceabd9cc82e8,933
fake/937,test,group-7ca1b9481ebe3643,937
fake/94,test,group-1bf11fc850ff89b2,94
fake/95,test,group-562ba6b118740187,95
fake/950,test,group-1196254bc27450a9,950
fake/953,test,group-9b60783bec1c24d8,953
fake/954,test,group-24c68fe9091dddf2,954
fake/956,test,group-10f41d819706802c,956
fake/963,test,group-ff833c640eccb83f,963
fake/967,test,group-95245b556b5a3053,967
fake/978,test,group-e25d593891d8d656,978
fake/981,test,group-a48e5b8fe3454c04,981
fake/987,test,group-d10b1673a0191299,987
fake/99,test,group-d8f2450b90c41c5e,99
fake/990,test,group-055d71426a3d2104,990
fake/998,test,group-3b76bb6a8e18723d,998
true/1,test,group-be2c2bf132eb1630,1
true/1002,test,group-b4ac1c3acb671e26,1002
true/1004,test,group-9e0ad4c21c31397e,1004
true/1011,test,group-95ee672641fcefa9,1011
true/1017,test,group-7c21f3c0c4453847,1017
true/1018,test,group-068e61af6b729de6,1018
true/1027,test,group-bd17ce7dddadc2cb,1027
true/1032,test,group-aa08dd569afe5a1a,1032
true/1036,test,group-324a903d2e428105,1036
true/104,test,group-9e433879bae89523,104
true/1046,test,group-c4b9aba7268a1142,1046
true/1051,test,group-ede6438b797d219b,1051
true/1056,test,group-58523571a3d80f99,1056
true/1059,test,group-c081349f2cd10d2a,1059
true/1064,test,group-e384a7b9499383d3,1064
true/1071,test,group-ac4000c3afccce1d,1071
true/1079,test,group-47c6a1066df225d9,1079
true/108,test,group-3b741a4788cb1f7e,108
true/1081,test,group-537c3728d18d491a,1081
true/1088,test,group-52ec2ad23b6cc377,1088
true/1089,test,group-be2a1fa0dae31c6f,1089
true/1095,test,group-13b804e706237dde,1095
true/1097,test,group-d576b987567ab71f,1097
true/1102,test,group-fda006867beb7412,1102
true/1105,test,group-87238f1cdff44f37,1105
true/1111,test,group-2602cf3b5ecc80f6,1111
true/1113,test,group-923093fd3f13b5d2,1113
true/1116,test,group-04738eb000757880,1116
true/1129,test,group-7bbaab595d0553a8,1129
true/1130,test,group-faa3d94291bf7c99,1130
true/1138,test,group-6ae1a551bbea166a,1138
true/1145,test,group-9deefa3ccd7cde00,1145
true/1146,test,group-bd250cece650f7b9,1146
true/1161,test,group-0d065ebc02f69a5a,1161
true/1168,test,group-b9858aaae96ed4cf,1168
true/1170,test,group-9eb09cbed190673d,1170
true/1173,test,group-3302750b3b2b0c68,1173
true/1176,test,group-f2d3c65a76a76b59,1176
true/1188,test,group-529e0fa7883df7b0,1188
true/1203,test,group-1f500b5720220907,1203
true/1211,test,group-a9e55331fbc94bc5,1211
true/122,test,group-71ef5e65e9a6d0b0,122
true/1222,test,group-88e57b9cf32b23ad,1222
true/1226,test,group-49f33bee302dc4a2,1226
true/1229,test,group-16619b8fcebc7d89,1229
true/1230,test,group-5fc483025d54ec18,1230
true/1238,test,group-ab4f3ac22d55dd08,1238
true/1254,test,group-5cf566df9e96bd75,1254
true/1255,test,group-9796093741337901,1255
true/1264,test,group-4e94978a8becbbd3,1264
true/128,test,group-e191ba05577cc538,128
true/1295,test,group-9cef48f6b6b1eb9c,1295
true/1306,test,group-ba1394b0da4b2f62,1306
true/1307,test,group-2c39ca4b5303c636,1307
true/1309,test,group-fed5efc0a2bd5208,1309
true/1315,test,group-e475675cb44b8a37,1315
true/1318,test,group-5e8ef11ee99130bb,1318
true/1339,test,group-de71c05d872106fd,1339
true/1343,test,group-2021577f2f805ef9,1343
true/1349,test,group-08832ee26577746c,1349
true/135,test,group-5c0eca0bc715d816,135
true/1350,test,group-f6465b0df4eaa504,1350
true/1356,test,group-e9eaaf50a4fa0fe0,1356
true/1357,test,group-30bba5c488e8bb80,1357
true/136,test,group-0a15b5e360ff0b0d,136
true/1360,test,group-b6b84f34f5f03de7,1360
true/1362,test,group-3a941c71311f2c0e,1362
true/1366,test,group-f22825adc26b2354,1366
true/1373,test,group-4492d42414a1d0ba,1373
true/1374,test,group-9173b7921070062f,1374
true/1377,test,group-04ff3b4cf788c2cb,1377
true/1379,test,group-247d73045344ccb0,1379
true/1380,test,group-d88f3b3fc54a7068,1380
true/1381,test,group-bb32ca3d3634879e,1381
true/1383,test,group-4528451a381f0842,1383
true/1386,test,group-6c429e2839916ac2,1386
true/1390,test,group-8dee97ab071d0d1f,1390
true/1392,test,group-b6546926ced26aae,1392
true/1396,test,group-daa246ff2555e85f,1396
true/14,test,group-9b57246cb1f50454,14
true/1402,test,group-0f8bfb1b4f254f28,1402
true/142,test,group-6dc517068a94dba8,142
true/1420,test,group-9ed32e56aefabada,1420
true/1426,test,group-600c92f0ab2c8ad9,1426
true/143,test,group-1b5207aa1ee534bb,143
true/1445,test,group-2cc00bcfeb1e0a6b,1445
true/1447,test,group-ed6e4a4feba98894,1447
true/1454,test,group-0c644b985c9050cd,1454
true/1459,test,group-382e80bda225f073,1459
true/1460,test,group-df8fd4ec1e238b40,1460
true/1465,test,group-686bbc2fd44dba00,1465
true/1471,test,group-3916b5c05e2721a5,1471
true/1476,test,group-8b8e3d9a0a36bba5,1476
true/1482,test,group-1635df203c03157d,1482
true/1494,test,group-93fc5d6bdb3d7405,1494
true/1498,test,group-be49d821207b35e4,1498
true/1499,test,group-8c1847060c605e79,1499
true/15,test,group-e4285fecfb18824d,15
true/150,test,group-f6f367519829c2db,150
true/1503,test,group-a2f2b6cdb10edf8f,1503
true/1514,test,group-a9960741809d5b8b,1514
true/1515,test,group-f6e9e1c8c8c7d850,1515
true/1521,test,group-4af9069001c65f19,1521
true/1524,test,group-2e4f7f47dbbe16c6,1524
true/153,test,group-d7794f87978c3f15,153
true/1532,test,group-46145924e8f9e36d,1532
true/1537,test,group-64dc17fbde2b7d57,1537
true/1538,test,group-d556209e626168f7,1538
true/1539,test,group-60b98e06d58a40bb,1539
true/1541,test,group-8fe661e67d05fbe0,1541
true/1542,test,group-59e7fdba0b768777,1542
true/1543,test,group-8919edb406fadfed,1543
true/1544,test,group-a9d44a7f3aa76306,1544
true/1547,test,group-1d2a1e231e829ec5,1547
true/1559,test,group-89164d2b556ccfbd,1559
true/1581,test,group-9ff832ca93cfbdb1,1581
true/1582,test,group-3f4d3cdcd0fca836,1582
true/1584,test,group-724896ee630b44b5,1584
true/1590,test,group-a0ef24a3879d4455,1590
true/1593,test,group-35b357783f53d13d,1593
true/1597,test,group-23a165d1d9017e98,1597
true/16,test,group-73415c6cd9e6aa6b,16
true/1607,test,group-a293e0f29766fff5,1607
true/1610,test,group-da17d79afecc1a8c,1610
true/1612,test,group-91b53acd1d385629,1612
true/1615,test,group-c08ebf1cc85cfa99,1615
true/1623,test,group-5c27a70b1d86a98b,1623
true/163,test,group-3650a75007f4367d,163
true/1632,test,group-b28480daaedcfadc,1632
true/164,test,group-dfb0814125fa7c93,164
true/1643,test,group-8efcc037f435e89a,1643
true/1645,test,group-1f29980f4fb83600,1645
true/1646,test,group-2181411fd6f8cd92,1646
true/1650,test,group-acc5d487025a6db8,1650
true/1664,test,group-7b2fa80f02014897,1664
true/1665,test,group-ecc3013bd9e5323b,1665
true/1675,test,group-bdd1d6cd86e3c262,1675
true/1676,test,group-8561883c3560aa33,1676
true/168,test,group-dea92d1be99c1160,168
true/1684,test,group-65ad26cc002f38a9,1684
true/1685,test,group-173c43ffc9f019e4,1685
true/169,test,group-a60ef045e9b20d47,169
true/1691,test,group-11ffee18431447fb,1691
true/1696,test,group-f83bf49c94d225ab,1696
true/1700,test,group-509be7c05e819dbc,1700
true/1710,test,group-275a65479bed7aa2,1710
true/1712,test,group-624a15c203cec245,1712
true/1716,test,group-fba6c9ae4564e9cd,1716
true/172,test,group-a8bc1c810a3c7baf,172
true/1720,test,group-d51338ae5c2899d9,1720
true/1722,test,group-907ccb8987f569bf,1722
true/1723,test,group-d1a7ccc4225900d9,1723
true/1727,test,group-be7e0db0b9478458,1727
true/1730,test,group-928d0f199049cab2,1730
true/1731,test,group-53d860f090357473,1731
true/1737,test,group-1b6d0b23fe47dea7,1737
true/1739,test,group-ee081958d3bcbad8,1739
true/1743,test,group-9c8f8300155cf80d,1743
true/1752,test,group-b5bb816abcda3e69,1752
true/1759,test,group-b32ea6c1470d9eab,1759
true/1764,test,group-ef2b479a81a2ae6f,1764
true/1777,test,group-1ee2f11170869179,1777
true/178,test,group-97170aa91fafd808,178
true/1786,test,group-cb99fb6473313de3,1786
true/1787,test,group-23bb8891d6408531,1787
true/1788,test,group-db4a304bd977982b,1788
true/1797,test,group-0dbdf034de1ce5dc,1797
true/1798,test,group-5527c888a2326c25,1798
true/1808,test,group-2e9651a826f4436d,1808
true/1814,test,group-a79299e40a4e66e1,1814
true/1815,test,group-08777c45a6831771,1815
true/1819,test,group-cef7f9ca7aa9a6d3,1819
true/1824,test,group-cf64f53bed7faca4,1824
true/1828,test,group-073e36f73b2c7b61,1828
true/1847,test,group-f6d7d408ca41f777,1847
true/185,test,group-8d5600557677e8b0,185
true/1858,test,group-57cde4c66575bfc4,1858
true/1859,test,group-711a2b776f9f4bb1,1859
true/1862,test,group-2bd0abf0c11fa6f7,1862
true/1864,test,group-0cefe08c2d5e5478,1864
true/1868,test,group-cbcbb80f91233631,1868
true/1871,test,group-ed35372ee967696f,1871
true/1877,test,group-72ac4a27bb200717,1877
true/1878,test,group-da3af591a5943583,1878
true/1879,test,group-1fba59e225c31dc2,1879
true/1885,test,group-7796b8567c84a430,1885
true/1894,test,group-ab528349414650f7,1894
true/1895,test,group-595c10bb50c258ed,1895
true/190,test,group-8683ae9361d6fe82,190
true/1903,test,group-05a0835c86217a91,1903
true/1913,test,group-d90502130047f47e,1913
true/1914,test,group-b54e6d0e1f11a6b8,1914
true/1921,test,group-4219f42cd48b35fa,1921
true/1926,test,group-a6518dee697020bf,1926
true/1929,test,group-c80e2ba172d6fbac,1929
true/1933,test,group-aab28eb70535c380,1933
true/1941,test,group-7508aac252483ef8,1941
true/1945,test,group-0c3334c4fb6e8f6e,1945
true/1948,test,group-707336b490d8a262,1948
true/1949,test,group-51ece8f0fefa0281,1949
true/195,test,group-9a0d990c4ea2ac02,195
true/1951,test,group-5288b9d8778f92fe,1951
true/1955,test,group-df07916ce4d9a84e,1955
true/1957,test,group-7ead9cf72dd355fc,1957
true/196,test,group-be762059d13e250f,196
true/1961,test,group-4c2c349c1253e5db,1961
true/1962,test,group-dd735380547076a9,1962
true/1969,test,group-240dd4bf35fe7b50,1969
true/1975,test,group-4434bd6624699e17,1975
true/1976,test,group-79606497a118dabb,1976
true/1978,test,group-9b80fab90a458adb,1978
true/198,test,group-f2b84e84cb1ede6f,198
true/1985,test,group-ffadc148e0786f26,1985
true/1986,test,group-f9fe471efb1ce06e,1986
true/199,test,group-67290eed80f66493,199
true/1990,test,group-e8411b9ba8546f2a,1990
true/1992,test,group-4d0d3e8d2fc34f2b,1992
true/1994,test,group-eee51525279a73d8,1994
true/2008,test,group-50310b949058a38c,2008
true/2014,test,group-44ba7644d0aca350,2014
true/2016,test,group-dbbf8d67cf7e5a5d,2016
true/2024,test,group-4d97b65353be763e,2024
true/2029,test,group-498379e96c03ca51,2029
true/2032,test,group-9eff80b6397fffeb,2032
true/2034,test,group-177b149e3b1e9503,2034
true/2043,test,group-f5c80839d0d499b0,2043
true/2044,test,group-3c588a2c6a827e4a,2044
true/2047,test,group-56cb5efeb33af0a7,2047
true/2060,test,group-5b0893ea1b2f9143,2060
true/2083,test,group-11ed94b295e083e3,2083
true/2085,test,group-f8efc0cc16e61524,2085
true/2100,test,group-277eb373a611c1e3,2100
true/2101,test,group-0ce619181894949b,2101
true/2102,test,group-93faa7d98e3259a1,2102
true/2114,test,group-60e7510fa47b126f,2114
true/2115,test,group-c157403d5e38a8c4,2115
true/2117,test,group-ac806d7daab0ce28,2117
true/2118,test,group-e60f3eb8539b7b45,2118
true/212,test,group-78f24843e0ed975c,212
true/2121,test,group-4ba9dc7e1e97e178,2121
true/2124,test,group-57b49a0e2d71d893,2124
true/2129,test,group-135c3babe462eafd,2129
true/2130,test,group-b7ac348569f0cf7a,2130
true/2131,test,group-d097c5cf4b225310,2131
true/2136,test,group-a6b40a6058e6bb95,2136
true/2143,test,group-6c2fb5ef9437eab2,2143
true/2151,test,group-3f1cf5151ff34c4e,2151
true/2181,test,group-c2156d42523a5cf5,2181
true/2182,test,group-3412e310e42d78cf,2182
true/2184,test,group-726547a03b67b7a4,2184
true/2189,test,group-100edde7a9e8f24f,2189
true/2192,test,group-6585930c2e7edda4,2192
true/2196,test,group-cb84f009aab5b304,2196
true/2200,test,group-ce62dc4f0ed76deb,2200
true/2203,test,group-19f052bada2c4180,2203
true/2205,test,group-1795916af9d4b5f0,2205
true/2208,test,group-504d28f60825ad63,2208
true/2213,test,group-233e60b32b9a7480,2213
true/2217,test,group-160b5ec4599f492a,2217
true/2220,test,group-747048b65104c9ea,2220
true/2223,test,group-41a94fb8791cb97e,2223
true/2224,test,group-df2fb9c7fb945b52,2224
true/223,test,group-ef4bded948586072,223
true/2243,test,group-bc688f6f02d8a7d1,2243
true/2244,test,group-72103c09afa54163,2244
true/2247,test,group-7d984dd5c42b89f5,2247
true/225,test,group-de710f133443a76c,225
true/2251,test,group-50c92a934110c3f1,2251
true/2258,test,group-c3fc68d20acb88e1,2258
true/2260,test,group-18cdac11b0cc8f40,2260
true/2265,test,group-980f2a33bb133527,2265
true/2266,test,group-a3aad1badd750f12,2266
true/2284,test,group-9a55e25ddbaa9bef,2284
true/2285,test,group-ab5a9ba614df62b2,2285
true/2290,test,group-42669050cf3572e1,2290
true/2296,test,group-e045bbd5c7bb9916,2296
true/23,test,group-834587d33de368a0,23
true/2301,test,group-28aa995379a8db1a,2301
true/2302,test,group-f61ed49f4a582306,2302
true/2304,test,group-724d9516f7a50387,2304
true/2306,test,group-325657cf1d562dc7,2306
true/2311,test,group-092787e9b2f9c657,2311
true/2321,test,group-08d0eff7c3065f85,2321
true/2322,test,group-14c9b5cd3424ef5d,2322
true/2327,test,group-9893943bedc57a2b,2327
true/2329,test,group-281d4aef75853df7,2329
true/2346,test,group-32326d3dd8d75c03,2346
true/2355,test,group-51e2a57f773a6e7b,2355
true/2359,test,group-209a3cc7a75f1fad,2359
true/2362,test,group-5d5361fe2feaa9bc,2362
true/2363,test,group-fa69c77f3fe365c1,2363
true/2368,test,group-096aaa5abe1204a4,2368
true/2371,test,group-0fae623888232e03,2371
true/2372,test,group-a8ceed2e4c42badd,2372
true/2375,test,group-7ef4747326ba6ad5,2375
true/238,test,group-63b04ce4470f026f,238
true/239,test,group-ba1e25e7a38f825e,239
true/2391,test,group-c25bcc395c071cee,2391
true/2396,test,group-fdeadc023d3d43c2,2396
true/2397,test,group-912d40299bb3f745,2397
true/2399,test,group-3320cb653683b63a,2399
true/2414,test,group-29ed7bbc7ec94f18,2414
true/2415,test,group-f5a3466c06cdf404,2415
true/2420,test,group-1ff9e8d19fc1abaf,2420
true/2424,test,group-4fa2f0cf751467ab,2424
true/2430,test,group-1df72964357dced9,2430
true/2440,test,group-d07c47433fbfba49,2440
true/2443,test,group-f0e159970dc94a27,2443
true/2445,test,group-116c79ec5db527eb,2445
true/2446,test,group-2c43bdf8832e9e1f,2446
true/2454,test,group-055e00802b1ed6a2,2454
true/2458,test,group-7a30db4a9c11e739,2458
true/2463,test,group-beef6c03b1dbe6ea,2463
true/2466,test,group-72c2652ad700f19f,2466
true/2468,test,group-174566b5715ec771,2468
true/2473,test,group-693f253e77528504,2473
true/2474,test,group-4a0884265252bfc0,2474
true/2476,test,group-cb184462facd77a4,2476
true/2484,test,group-ac8136856f05b110,2484
true/2488,test,group-f03b56b34a64d2a7,2488
true/249,test,group-69798dce08fd0c50,249
true/2490,test,group-24caaa4fda351ec5,2490
true/2492,test,group-8ba962db20939bb9,2492
true/250,test,group-4c51c9888492f221,250
true/2500,test,group-1615f3c7dd39d931,2500
true/2510,test,group-f8ad563fb56d8aa6,2510
true/2511,test,group-651d9fc643a733af,2511
true/2515,test,group-80c9577ab8d1a03a,2515
true/2522,test,group-670714b689ddaae6,2522
true/2523,test,group-4b27b1aab9180bae,2523
true/2525,test,group-915385ce2cd45a74,2525
true/253,test,group-e05a21a93f04cc66,253
true/2535,test,group-4ffafa1f0ea53d41,2535
true/2543,test,group-67ecfc1532b65113,2543
true/2544,test,group-479c6248b1d77075,2544
true/2555,test,group-d83b85c6edacf770,2555
true/2557,test,group-ee64eea962c2c960,2557
true/2572,test,group-6d1666e132e0c530,2572
true/2574,test,group-c4857ebdc8651544,2574
true/2579,test,group-bf6c957185ac4777,2579
true/2581,test,group-085ee030b41b7da4,2581
true/2583,test,group-4b1d305282b11475,2583
true/259,test,group-126d014facdb03a8,259
true/2590,test,group-6f3de1b3c25af421,2590
true/2597,test,group-1e324625a27079cb,2597
true/2601,test,group-433a675e6dc09ce7,2601
true/2605,test,group-721c1438dcd436eb,2605
true/2611,test,group-701eb7b88608a438,2611
true/2612,test,group-90f3c1b852c0723a,2612
true/2618,test,group-c741c21121071ac5,2618
true/2625,test,group-05da921dc90cd3a4,2625
true/2626,test,group-03676f6c2f233d85,2626
true/2628,test,group-ad373ba526b8bbbd,2628
true/2629,test,group-01743d632bc9ab54,2629
true/2634,test,group-5822116bfac8b1d0,2634
true/264,test,group-526a221a20ec8842,264
true/2643,test,group-630ae3aeaff913ab,2643
true/2644,test,group-083a55a67fb555cc,2644
true/2649,test,group-b719391482cc0fba,2649
true/2653,test,group-05dcd67a6f488057,2653
true/2658,test,group-312e08c0578bc7cc,2658
true/2660,test,group-71ee5ac3c0adb356,2660
true/2662,test,group-bc391f3383f211e4,2662
true/2672,test,group-e9e2eb50aa4d25e2,2672
true/2675,test,group-02759f2e5e12dc16,2675
true/2678,test,group-0dbfc006970bdd55,2678
true/268,test,group-8ebc5af45a2ec5c4,268
true/2687,test,group-2bd37160aa0e1fe3,2687
true/2692,test,group-de7af8a7745fccba,2692
true/2695,test,group-fbac562ab1c763de,2695
true/2696,test,group-7bc2b9dff8cdbfb9,2696
true/270,test,group-9f96d6273468c397,270
true/2712,test,group-d2ba2681bec4df67,2712
true/2713,test,group-fbdd30152c2d7a55,2713
true/2718,test,group-13470ba6e8234338,2718
true/2720,test,group-6e3a4ea4a86c85b3,2720
true/2727,test,group-0a2b5b3f11bdbbc5,2727
true/2733,test,group-88ce79b95ba27334,2733
true/2736,test,group-8de3786632dd0166,2736
true/2743,test,group-3aa368f18b03d345,2743
true/2758,test,group-bb0259efcef66c44,2758
true/2759,test,group-2bb480b719753d95,2759
true/276,test,group-ee6aca44a8f9cffe,276
true/2761,test,group-1fed0b7caa115221,2761
true/2762,test,group-66f79c913c140609,2762
true/2768,test,group-23ce105df8289440,2768
true/277,test,group-171e64bfd690464b,277
true/2772,test,group-b27d942af297a288,2772
true/2775,test,group-6bd705e74aae8bfb,2775
true/2777,test,group-b97a6432ddaf4d2a,2777
true/2781,test,group-eb6813e43d2cf043,2781
true/2787,test,group-f03f5c7bac56b084,2787
true/2792,test,group-532430af917035e8,2792
true/2800,test,group-229dbe557e85cf83,2800
true/2805,test,group-a238b73b12c296ed,2805
true/2814,test,group-f8db31f71f34201d,2814
true/2816,test,group-1ec26e9f9381b7ed,2816
true/2821,test,group-39efb6eda71abc9a,2821
true/2838,test,group-2a2b5a525e2a2dbb,2838
true/2841,test,group-fab30801effe94f3,2841
true/2842,test,group-7b5d41d956d2b9e6,2842
true/285,test,group-3e187c4d9772b709,285
true/2851,test,group-6264a2a15c1e0830,2851
true/2858,test,group-746e5c748bdf6101,2858
true/2863,test,group-e910f31f5d8b1577,2863
true/2864,test,group-b25dc26a2dd1369d,2864
true/2866,test,group-5a9bf77090ff744b,2866
true/2869,test,group-7432841470e3656f,2869
true/2877,test,group-be778382c1ab061a,2877
true/2879,test,group-3ddae4942c063c45,2879
true/2889,test,group-71bdf1a74aa3b38b,2889
true/2893,test,group-e72a407d0723d6d2,2893
true/290,test,group-61ac43f7811053e7,290
true/2907,test,group-5346ecf0cea7301d,2907
true/2908,test,group-2ed99ada174c4205,2908
true/2912,test,group-937a8de26ec39346,2912
true/2913,test,group-24f5afc4a98655f2,2913
true/2914,test,group-0bd3179a3e2647a7,2914
true/2919,test,group-681e945b008e4dda,2919
true/2920,test,group-63d14a5a1b63a9cd,2920
true/2922,test,group-159b3705482ffd94,2922
true/2923,test,group-7cd355f02855c9df,2923
true/2924,test,group-45b0e0afc84ce617,2924
true/2928,test,group-70f00f93d22ccfc2,2928
true/2932,test,group-79791912d594e9f2,2932
true/2935,test,group-9a44eedea53183fb,2935
true/2939,test,group-210b4ab0e5d35da7,2939
true/294,test,group-6dcbe5d3f6701dbb,294
true/2944,test,group-bb2fc1bc88e8f293,2944
true/295,test,group-cb4da51ed83e2416,295
true/2955,test,group-a5fa38cc0e6c7f24,2955
true/2957,test,group-fa9de1d4caee1d97,2957
true/2958,test,group-d500024b7db8894a,2958
true/2961,test,group-9e704a7ab1a25b9e,2961
true/2964,test,group-bb9b1fb385a479e9,2964
true/2971,test,group-2055c8955d5e3e48,2971
true/298,test,group-71a139514abaf789,298
true/2998,test,group-a0a7a00bca31f4f2,2998
true/3003,test,group-17a3a101510af71c,3003
true/3004,test,group-11e151671bbcade6,3004
true/3007,test,group-05f8284a8174d2b5,3007
true/301,test,group-181a438b36304bf8,301
true/3012,test,group-158ac3d7cf9992e9,3012
true/3013,test,group-5c955eb8e703e1a4,3013
true/3016,test,group-996a2600e54eec7f,3016
true/3020,test,group-41484c567c11ce13,3020
true/3030,test,group-f7e884eb5af0fae0,3030
true/3033,test,group-90480e337e2baccf,3033
true/3036,test,group-5ddf03db7232bc9a,3036
true/3050,test,group-31f3c219f1ece86d,3050
true/3054,test,group-198c3c052aaff797,3054
true/3069,test,group-a7690ba1df6e26cf,3069
true/3073,test,group-85e3d33d70caf235,3073
true/3083,test,group-e6d20576834eebd8,3083
true/309,test,group-89f134999e35149f,309
true/3096,test,group-03ffa47260064e1d,3096
true/3099,test,group-6088022c0758b2bf,3099
true/3113,test,group-9dc6c5f6a86fd3b0,3113
true/3116,test,group-cae0ad83057cb022,3116
true/3119,test,group-62b6a0eb13c0d1c2,3119
true/3120,test,group-487ad7fb32211a74,3120
true/3121,test,group-ae8f08693e012719,3121
true/3122,test,group-edae96c7638fa0a5,3122
true/3123,test,group-4174fd589c1e07bd,3123
true/3124,test,group-2557f3cef49fdbbe,3124
true/3125,test,group-eca1b0ca1b2c7438,3125
true/3128,test,group-9abfae07792efefe,3128
true/313,test,group-a85309c72d34ff27,313
true/3132,test,group-f85de7beb1baf1bc,3132
true/3140,test,group-cf882e57737990f0,3140
true/3141,test,group-126c446baf2fe4bc,3141
true/3151,test,group-9e9a5b2a91253b05,3151
true/3160,test,group-3bcebf9e86314133,3160
true/3167,test,group-4b3d683d2e95c148,3167
true/3181,test,group-d923233d8e0ae251,3181
true/3185,test,group-c8ddfdbc23ad2772,3185
true/3189,test,group-0a979e3f06e18f26,3189
true/3192,test,group-181e2bbce14ae3fd,3192
true/3195,test,group-6212d5eb21257364,3195
true/3198,test,group-889da8e77a486aee,3198
true/3213,test,group-dec75e3dae685905,3213
true/322,test,group-2ea81baba2e06ba6,322
true/3220,test,group-327cee981e5015d7,3220
true/3224,test,group-39956e2e202a0b1d,3224
true/3231,test,group-c82388c7e61b7e40,3231
true/3237,test,group-b82a0d11d4a8213c,3237
true/324,test,group-b8a5cc3c91367f5a,324
true/3240,test,group-8cd2ce209ccacf75,3240
true/3247,test,group-197623ff4783808e,3247
true/3254,test,group-de09993aeed9416f,3254
true/3262,test,group-c3b3a3573c9dd393,3262
true/3265,test,group-747205f2d19cdfae,3265
true/3268,test,group-d7d20daa8e5424a6,3268
true/327,test,group-d71008cbf1152e29,327
true/3275,test,group-b2bd1a0bbe04b581,3275
true/3288,test,group-c82e84f5ed8cdb84,3288
true/3291,test,group-f9bbdf98f02a7b9a,3291
true/3292,test,group-76ee33ec6446b6e2,3292
true/3295,test,group-f4a257a37825bcb5,3295
true/3300,test,group-2e229eda27a8cf29,3300
true/3302,test,group-06f4679b6c058095,3302
true/3307,test,group-5fc01be485fa7639,3307
true/3312,test,group-de8fcf0feb17e4fb,3312
true/3319,test,group-f4569dd534365387,3319
true/3321,test,group-a85c4555d65a8199,3321
true/3326,test,group-5cb2c1fb59962b25,3326
true/3334,test,group-fcb0fede05ff8f43,3334
true/3336,test,group-97478d700b3c9938,3336
true/3340,test,group-3c7086d620c8ecc9,3340
true/3342,test,group-cd85e54c4eb6b221,3342
true/3343,test,group-2ca9ada0373f5088,3343
true/3346,test,group-c9aa71523bf6cd65,3346
true/3350,test,group-b4f5a1fa0d0056ba,3350
true/3351,test,group-8cab6e7d55c46a9d,3351
true/3356,test,group-e88038d4b97fffed,3356
true/3357,test,group-e1dc6e9bb23db5ec,3357
true/3358,test,group-c592a15f700b4581,3358
true/3359,test,group-2bfc6378e98f5313,3359
true/336,test,group-ddfadec98972a2dc,336
true/3365,test,group-3e21e83fb2a62b0f,3365
true/3371,test,group-42992dbad91a7e04,3371
true/3376,test,group-8ad702279e137db3,3376
true/3379,test,group-5235e86f9964dbcc,3379
true/3381,test,group-48caea9dcadb286b,3381
true/3389,test,group-d7ba409cd2c0efc3,3389
true/3394,test,group-613b1cbc7c8a0101,3394
true/3395,test,group-21c5bd15874bce9a,3395
true/340,test,group-80630f03da91c78d,340
true/3411,test,group-b11cfc178da0dbc5,3411
true/3414,test,group-2bdf6bb5d70cabc4,3414
true/3418,test,group-f96908b2b49acd1c,3418
true/3421,test,group-3026b960059d560a,3421
true/3428,test,group-f7c0d8af37003830,3428
true/3444,test,group-a4619c86fd4651a9,3444
true/3457,test,group-e309b1132a303094,3457
true/3458,test,group-3fd125574d630871,3458
true/346,test,group-588463454799f240,346
true/3464,test,group-c74262288a216c77,3464
true/3467,test,group-82d063113416655d,3467
true/347,test,group-f0bbffbef341de44,347
true/3481,test,group-5ecb9b4c5fce66e0,3481
true/3483,test,group-8aec088ea02b983d,3483
true/3489,test,group-99135d48eb2691ba,3489
true/3495,test,group-2769fc56c4c0436c,3495
true/3496,test,group-84276e1e55b57766,3496
true/3497,test,group-a98de53f01c49c3a,3497
true/3501,test,group-d4fbb8c3ee28d9ea,3501
true/3505,test,group-8f25f92da29427e7,3505
true/3506,test,group-7e5916c3d88ec9ac,3506
true/3507,test,group-c0cd38d1656e439f,3507
true/3509,test,group-b3d4b0c5488826b0,3509
true/3516,test,group-e129f38d35ca5ac4,3516
true/3517,test,group-6ab203def0b1c2cc,3517
true/3520,test,group-bce98baa2d51ab64,3520
true/3526,test,group-ada18c532ba10fce,3526
true/3542,test,group-0168a1b3596c6d7c,3542
true/3551,test,group-6cc9be8f2c1718a1,3551
true/3553,test,group-078756cb8bce0c51,3553
true/3554,test,group-13c4008f09d42585,3554
true/3555,test,group-0c5dd85979fbdc63,3555
true/3556,test,group-617f394895a0fb7a,3556
true/3560,test,group-2282577a7de45b0c,3560
true/357,test,group-7890f613194f781a,357
true/3570,test,group-64a64e1e41b41200,3570
true/3573,test,group-97928e6a289ecbed,3573
true/3578,test,group-4b97b9ecbbf8bcc0,3578
true/3581,test,group-c7dced7b4c8de07d,3581
true/3587,test,group-53231955c7213303,3587
true/3592,test,group-cc6c0f2b55d81000,3592
true/3594,test,group-3bf2f43b1a81eeb4,3594
true/3600,test,group-395340795fd42512,3600
true/361,test,group-73e5d3886c141466,361
true/374,test,group-74f7f33e51df00ef,374
true/375,test,group-c7cba7c282eefed6,375
true/376,test,group-74e60fa88dc34d39,376
true/384,test,group-a58b7f467c9ac5a1,384
true/390,test,group-3c1ddd83784024fe,390
true/396,test,group-7e3e70acf61b1bea,396
true/40,test,group-513347e8270e77a3,40
true/408,test,group-a2d780eeddf65367,408
true/410,test,group-0d8201a50399ff5b,410
true/419,test,group-0bd319056dff04f5,419
true/422,test,group-77f5d5d6f8a57d3f,422
true/423,test,group-c963d0b57737975b,423
true/431,test,group-896a4c11ff79f192,431
true/434,test,group-58919559e7b43d23,434
true/442,test,group-113d354eab74bebb,442
true/443,test,group-c524a515c15d05d1,443
true/444,test,group-292a71cedd53bd4e,444
true/447,test,group-0f84c8d27359cbdb,447
true/451,test,group-1f58718aafe9131b,451
true/453,test,group-6466555a6a25bd06,453
true/455,test,group-4b9d6fcc93dd054e,455
true/459,test,group-8f77780b571d67b8,459
true/460,test,group-6f2a4da50ae89e11,460
true/474,test,group-985ba3183f4d4729,474
true/475,test,group-50203f30f6ad010a,475
true/476,test,group-753465cc6a82b704,476
true/480,test,group-57eaa276cecbd1c0,480
true/485,test,group-9e820612ffa9b583,485
true/489,test,group-9116859cfa7bb6c8,489
true/498,test,group-bb79c69892a6f43d,498
true/499,test,group-3508333cb058f075,499
true/502,test,group-7967b92bf985120e,502
true/509,test,group-1aeec38fcf2947b8,509
true/52,test,group-2ac0b4bdcffd62e9,52
true/524,test,group-c2dd754cc6df905d,524
true/526,test,group-5132d558eba76b61,526
true/530,test,group-a7232d72623d1089,530
true/533,test,group-003dd6d4f708e7d9,533
true/541,test,group-d8b5095fefde99ac,541
true/543,test,group-27e60164b9329648,543
true/552,test,group-ce68bd03c0570a8b,552
true/553,test,group-ebcc2f27b5a4db76,553
true/558,test,group-1ce8d4f3cea7ec4a,558
true/572,test,group-3a2fe61a38545ff0,572
true/576,test,group-ca455cacfe4188fa,576
true/577,test,group-d7ab8c91fa11fceb,577
true/578,test,group-21ea1cfb92654aa0,578
true/579,test,group-83ed18f7fcd377f7,579
true/586,test,group-2a719903bc0e094b,586
true/588,test,group-678b8599504a7c80,588
true/589,test,group-a079f4dd8951745a,589
true/596,test,group-6af7fa3d0a307fd9,596
true/597,test,group-e05da92b18257560,597
true/601,test,group-9e6247e125a13c37,601
true/602,test,group-1430b9c2e3d73f73,602
true/610,test,group-3e90d832a1b1d412,610
true/611,test,group-f3219aabeed0f494,611
true/614,test,group-d9e37d3ba3e29844,614
true/615,test,group-a120de1c3550f61b,615
true/618,test,group-84e9b0266869cf9e,618
true/620,test,group-107cc3d98b142f52,620
true/631,test,group-ec9a09dfa1303db1,631
true/632,test,group-51757b3f2af205db,632
true/64,test,group-345dc455294b38f0,64
true/644,test,group-06871ffad0b9214c,644
true/646,test,group-6288797007508614,646
true/651,test,group-7f93c8e388f76ee4,651
true/654,test,group-559a614039602d94,654
true/655,test,group-82bf129b0509ab78,655
true/663,test,group-9062b4b1dea2b05b,663
true/664,test,group-a04f7ac708ec9750,664
true/667,test,group-2507e9e68d5bf1a4,667
true/67,test,group-70ba3756f448381c,67
true/674,test,group-b026d212ad9a5ca5,674
true/676,test,group-9e3bcee2581d52a7,676
true/678,test,group-1cec4ef260fce2b1,678
true/679,test,group-290d7857ba9fafd9,679
true/68,test,group-ec2b47c95a8a014f,68
true/684,test,group-e23e060729af0c2a,684
true/705,test,group-b34d2997f42066f9,705
true/712,test,group-7150ea4370d84ab9,712
true/716,test,group-36f1b1425035719b,716
true/717,test,group-729963e2d487b41f,717
true/722,test,group-4bc5d1e08d9d12db,722
true/724,test,group-5ecc79ce4ab1624a,724
true/728,test,group-a0791583e88d13b3,728
true/733,test,group-45e52030245c505a,733
true/738,test,group-5e5c412aea4caf7d,738
true/741,test,group-b0d9569e2b190375,741
true/748,test,group-151ae07789bdee25,748
true/755,test,group-f458e95957945a38,755
true/759,test,group-c49704c2f2d7e8a4,759
true/765,test,group-efa1e6cd6b66c57e,765
true/766,test,group-f4c26737fb802b1c,766
true/77,test,group-3e5dc7259d7824b7,77
true/776,test,group-000b7c25bbc0b39e,776
true/778,test,group-192211746772e302,778
true/78,test,group-8b4f5b174c132015,78
true/785,test,group-1edb79d3362a088c,785
true/786,test,group-91a4b8a631c11ada,786
true/79,test,group-5c971c74c4e3bad5,79
true/797,test,group-e81934c7f695cbfa,797
true/799,test,group-86c26c1bb288d4c6,799
true/8,test,group-46f001f7d029f226,8
true/805,test,group-eeeb222b9207d762,805
true/808,test,group-56b2f946aabfeddc,808
true/816,test,group-656f1a63c3876697,816
true/819,test,group-08caa4c83e97029e,819
true/830,test,group-57a16be96abcf2e9,830
true/831,test,group-74fad224dc947e6f,831
true/833,test,group-132dea51a852d7a1,833
true/835,test,group-fd6d01cfbe1c1dc1,835
true/839,test,group-7435a8baed6674e5,839
true/840,test,group-9567dc740889c069,840
true/844,test,group-3a38f2578fda16bd,844
true/845,test,group-1476d29ffa4ce334,845
true/862,test,group-cfc009088a2071f4,862
true/864,test,group-553115cbbf0eb953,864
true/87,test,group-dd895cd105a7a94b,87
true/879,test,group-67aef179a058a6a8,879
true/885,test,group-5871ee534cb03124,885
true/898,test,group-051b2742a2a326d3,898
true/900,test,group-3cf27e580747d725,900
true/901,test,group-12cdaf72d516b2eb,901
true/902,test,group-d881eb96b0c450a9,902
true/909,test,group-3668db40ae4b150d,909
true/911,test,group-bcb584f19867a868,911
true/912,test,group-e4cb8111ebcc084c,912
true/915,test,group-c39ce0dc4d50526b,915
true/917,test,group-1ec668948a587ed3,917
true/919,test,group-051cee3fbadb21c0,919
true/930,test,group-e4b24ddaa9ede854,930
true/933,test,group-0b82ceabd9cc82e8,933
true/937,test,group-7ca1b9481ebe3643,937
true/94,test,group-1bf11fc850ff89b2,94
true/95,test,group-562ba6b118740187,95
true/950,test,group-1196254bc27450a9,950
true/953,test,group-9b60783bec1c24d8,953
true/954,test,group-24c68fe9091dddf2,954
true/956,test,group-10f41d819706802c,956
true/963,test,group-ff833c640eccb83f,963
true/967,test,group-95245b556b5a3053,967
true/978,test,group-e25d593891d8d656,978
true/981,test,group-a48e5b8fe3454c04,981
true/987,test,group-d10b1673a0191299,987
true/99,test,group-d8f2450b90c41c5e,99
true/990,test,group-055d71426a3d2104,990
true/998,test,group-3b76bb6a8e18723d,998
