record_id,pattern_id
fake/18,c300023d13bf
fake/21,c300023d13bf
fake/25,c300023d13bf
fake/29,c300023d13bf
fake/32,c300023d13bf
fake/34,c300023d13bf
fake/35,c300023d13bf
fake/37,c300023d13bf
fake/38,c300023d13bf
fake/39,c300023d13bf
fake/42,c300023d13bf
fake/43,c300023d13bf
fake/45,c300023d13bf
fake/46,c300023d13bf
fake/47,c300023d13bf
fake/49,c300023d13bf
fake/51,c300023d13bf
fake/55,c300023d13bf
fake/58,c300023d13bf
fake/59,c300023d13bf
fake/62,c300023d13bf
fake/63,c300023d13bf
fake/70,c300023d13bf
fake/72,c300023d13bf
fake/74,c300023d13bf
fake/76,c300023d13bf
fake/82,c300023d13bf
fake/84,c300023d13bf
fake/85,c300023d13bf
true/1009,c300023d13bf
true/1010,c300023d13bf
true/1024,c300023d13bf
true/1025,c300023d13bf
true/1028,c300023d13bf
true/1030,c300023d13bf
true/1033,c300023d13bf
true/1035,c300023d13bf
true/1039,c300023d13bf
true/1041,c300023d13bf
true/1044,c300023d13bf
true/1045,c300023d13bf
true/1049,c300023d13bf
true/1053,c300023d13bf
true/1055,c300023d13bf
true/1061,c300023d13bf
true/1062,c300023d13bf
true/1063,c300023d13bf
true/1073,c300023d13bf
true/1074,c300023d13bf
true/1076,c300023d13bf
true/1080,c300023d13bf
true/1084,c300023d13bf
true/109,c300023d13bf
true/1090,c300023d13bf
true/1096,c300023d13bf
true/1099,c300023d13bf
true/11,c300023d13bf
true/1101,c300023d13bf
true/1104,c300023d13bf
true/1108,c300023d13bf
true/1112,c300023d13bf
true/1118,c300023d13bf
true/1119,c300023d13bf
true/112,c300023d13bf
true/1121,c300023d13bf
true/1127,c300023d13bf
true/1128,c300023d13bf
true/114,c300023d13bf
true/1144,c300023d13bf
true/1147,c300023d13bf
true/115,c300023d13bf
true/1154,c300023d13bf
true/1156,c300023d13bf
true/1160,c300023d13bf
true/1165,c300023d13bf
true/117,c300023d13bf
true/1171,c300023d13bf
true/1172,c300023d13bf
true/1175,c300023d13bf
true/1179,c300023d13bf
true/1181,c300023d13bf
true/1182,c300023d13bf
true/1186,c300023d13bf
true/1187,c300023d13bf
true/1194,c300023d13bf
true/1198,c300023d13bf
true/1210,c300023d13bf
true/1213,c300023d13bf
true/1244,c300023d13bf
true/1246,c300023d13bf
true/1252,c300023d13bf
true/1259,c300023d13bf
true/1260,c300023d13bf
true/1263,c300023d13bf
true/1265,c300023d13bf
true/1266,c300023d13bf
true/1267,c300023d13bf
true/1269,c300023d13bf
true/1274,c300023d13bf
true/1287,c300023d13bf
true/1289,c300023d13bf
true/1290,c300023d13bf
true/1296,c300023d13bf
true/1303,c300023d13bf
true/131,c300023d13bf
true/1320,c300023d13bf
true/1330,c300023d13bf
true/1331,c300023d13bf
true/1336,c300023d13bf
true/1338,c300023d13bf
true/1358,c300023d13bf
true/1359,c300023d13bf
true/1361,c300023d13bf
true/1365,c300023d13bf
true/1375,c300023d13bf
true/1376,c300023d13bf
true/1382,c300023d13bf
true/1397,c300023d13bf
true/1403,c300023d13bf
true/1414,c300023d13bf
true/1417,c300023d13bf
true/1419,c300023d13bf
true/1431,c300023d13bf
true/1436,c300023d13bf
true/1442,c300023d13bf
true/1448,c300023d13bf
true/1449,c300023d13bf
true/145,c300023d13bf
true/1450,c300023d13bf
true/1453,c300023d13bf
true/1456,c300023d13bf
true/147,c300023d13bf
true/1470,c300023d13bf
true/1487,c300023d13bf
true/1493,c300023d13bf
true/1495,c300023d13bf
true/1505,c300023d13bf
true/1508,c300023d13bf
true/151,c300023d13bf
true/1511,c300023d13bf
true/1516,c300023d13bf
true/1517,c300023d13bf
true/1519,c300023d13bf
true/1526,c300023d13bf
true/1529,c300023d13bf
true/1531,c300023d13bf
true/1534,c300023d13bf
true/1540,c300023d13bf
true/1545,c300023d13bf
true/1546,c300023d13bf
true/1549,c300023d13bf
true/155,c300023d13bf
true/1551,c300023d13bf
true/1554,c300023d13bf
true/1557,c300023d13bf
true/1560,c300023d13bf
true/1563,c300023d13bf
true/1566,c300023d13bf
true/1567,c300023d13bf
true/1568,c300023d13bf
true/157,c300023d13bf
true/1570,c300023d13bf
true/1572,c300023d13bf
true/1574,c300023d13bf
true/1579,c300023d13bf
true/1592,c300023d13bf
true/1599,c300023d13bf
true/160,c300023d13bf
true/1609,c300023d13bf
true/1614,c300023d13bf
true/1622,c300023d13bf
true/1624,c300023d13bf
true/1631,c300023d13bf
true/1633,c300023d13bf
true/1635,c300023d13bf
true/1639,c300023d13bf
true/1641,c300023d13bf
true/1644,c300023d13bf
true/1647,c300023d13bf
true/1658,c300023d13bf
true/166,c300023d13bf
true/1660,c300023d13bf
true/1663,c300023d13bf
true/1668,c300023d13bf
true/1670,c300023d13bf
true/1673,c300023d13bf
true/1674,c300023d13bf
true/1677,c300023d13bf
true/1678,c300023d13bf
true/1679,c300023d13bf
true/1682,c300023d13bf
true/1688,c300023d13bf
true/1690,c300023d13bf
true/1695,c300023d13bf
true/1699,c300023d13bf
true/170,c300023d13bf
true/1701,c300023d13bf
true/1705,c300023d13bf
true/1709,c300023d13bf
true/171,c300023d13bf
true/1711,c300023d13bf
true/1714,c300023d13bf
true/1718,c300023d13bf
true/1721,c300023d13bf
true/1724,c300023d13bf
true/1725,c300023d13bf
true/1726,c300023d13bf
true/1732,c300023d13bf
true/1733,c300023d13bf
true/1734,c300023d13bf
true/174,c300023d13bf
true/1741,c300023d13bf
true/1745,c300023d13bf
true/1746,c300023d13bf
true/1749,c300023d13bf
true/175,c300023d13bf
true/1753,c300023d13bf
true/1754,c300023d13bf
true/1755,c300023d13bf
true/1756,c300023d13bf
true/1758,c300023d13bf
true/176,c300023d13bf
true/1765,c300023d13bf
true/1767,c300023d13bf
true/1768,c300023d13bf
true/1772,c300023d13bf
true/1779,c300023d13bf
true/1784,c300023d13bf
true/1790,c300023d13bf
true/1796,c300023d13bf
true/1799,c300023d13bf
true/1800,c300023d13bf
true/1803,c300023d13bf
true/1805,c300023d13bf
true/1806,c300023d13bf
true/181,c300023d13bf
true/1818,c300023d13bf
true/183,c300023d13bf
true/1831,c300023d13bf
true/1835,c300023d13bf
true/1837,c300023d13bf
true/1838,c300023d13bf
true/184,c300023d13bf
true/1840,c300023d13bf
true/1844,c300023d13bf
true/1846,c300023d13bf
true/1848,c300023d13bf
true/1860,c300023d13bf
true/1863,c300023d13bf
true/1865,c300023d13bf
true/1867,c300023d13bf
true/1870,c300023d13bf
true/1873,c300023d13bf
true/1876,c300023d13bf
true/188,c300023d13bf
true/1880,c300023d13bf
true/1886,c300023d13bf
true/1888,c300023d13bf
true/1893,c300023d13bf
true/1896,c300023d13bf
true/1897,c300023d13bf
true/1907,c300023d13bf
true/191,c300023d13bf
true/1910,c300023d13bf
true/1911,c300023d13bf
true/1916,c300023d13bf
true/192,c300023d13bf
true/1920,c300023d13bf
true/1928,c300023d13bf
true/193,c300023d13bf
true/1932,c300023d13bf
true/1936,c300023d13bf
true/1937,c300023d13bf
true/1940,c300023d13bf
true/1943,c300023d13bf
true/1953,c300023d13bf
true/1958,c300023d13bf
true/1964,c300023d13bf
true/1965,c300023d13bf
true/1968,c300023d13bf
true/197,c300023d13bf
true/1971,c300023d13bf
true/1972,c300023d13bf
true/1973,c300023d13bf
true/1974,c300023d13bf
true/1989,c300023d13bf
true/1996,c300023d13bf
true/1997,c300023d13bf
true/1998,c300023d13bf
true/2000,c300023d13bf
true/2001,c300023d13bf
true/2006,c300023d13bf
true/2007,c300023d13bf
true/2009,c300023d13bf
true/2010,c300023d13bf
true/2017,c300023d13bf
true/2020,c300023d13bf
true/2023,c300023d13bf
true/2027,c300023d13bf
true/2035,c300023d13bf
true/2038,c300023d13bf
true/2039,c300023d13bf
true/2045,c300023d13bf
true/2051,c300023d13bf
true/2056,c300023d13bf
true/2061,c300023d13bf
true/2064,c300023d13bf
true/2066,c300023d13bf
true/2074,c300023d13bf
true/2075,c300023d13bf
true/2077,c300023d13bf
true/2079,c300023d13bf
true/2086,c300023d13bf
true/2087,c300023d13bf
true/2089,c300023d13bf
true/209,c300023d13bf
true/2090,c300023d13bf
true/2095,c300023d13bf
true/2096,c300023d13bf
true/2097,c300023d13bf
true/2098,c300023d13bf
true/2099,c300023d13bf
true/21,c300023d13bf
true/2103,c300023d13bf
true/2106,c300023d13bf
true/2107,c300023d13bf
true/211,c300023d13bf
true/2110,c300023d13bf
true/2111,c300023d13bf
true/2116,c300023d13bf
true/2123,c300023d13bf
true/2125,c300023d13bf
true/2133,c300023d13bf
true/2135,c300023d13bf
true/2138,c300023d13bf
true/2139,c300023d13bf
true/2140,c300023d13bf
true/2144,c300023d13bf
true/2146,c300023d13bf
true/2148,c300023d13bf
true/2152,c300023d13bf
true/2153,c300023d13bf
true/2156,c300023d13bf
true/2157,c300023d13bf
true/2163,c300023d13bf
true/2166,c300023d13bf
true/2171,c300023d13bf
true/2173,c300023d13bf
true/2176,c300023d13bf
true/2180,c300023d13bf
true/2186,c300023d13bf
true/2191,c300023d13bf
true/2195,c300023d13bf
true/2197,c300023d13bf
true/2199,c300023d13bf
true/2202,c300023d13bf
true/2209,c300023d13bf
true/2218,c300023d13bf
true/2219,c300023d13bf
true/2228,c300023d13bf
true/2231,c300023d13bf
true/2233,c300023d13bf
true/2235,c300023d13bf
true/2237,c300023d13bf
true/2238,c300023d13bf
true/2239,c300023d13bf
true/224,c300023d13bf
true/2240,c300023d13bf
true/2241,c300023d13bf
true/2242,c300023d13bf
true/2245,c300023d13bf
true/2249,c300023d13bf
true/2253,c300023d13bf
true/2257,c300023d13bf
true/2259,c300023d13bf
true/2261,c300023d13bf
true/2268,c300023d13bf
true/2269,c300023d13bf
true/2278,c300023d13bf
true/2280,c300023d13bf
true/2288,c300023d13bf
true/2289,c300023d13bf
true/2298,c300023d13bf
true/2299,c300023d13bf
true/2303,c300023d13bf
true/2308,c300023d13bf
true/2309,c300023d13bf
true/2314,c300023d13bf
true/2315,c300023d13bf
true/2320,c300023d13bf
true/2323,c300023d13bf
true/2326,c300023d13bf
true/233,c300023d13bf
true/2330,c300023d13bf
true/2335,c300023d13bf
true/2336,c300023d13bf
true/2337,c300023d13bf
true/2338,c300023d13bf
true/2341,c300023d13bf
true/2342,c300023d13bf
true/2343,c300023d13bf
true/2349,c300023d13bf
true/2350,c300023d13bf
true/2351,c300023d13bf
true/2352,c300023d13bf
true/2354,c300023d13bf
true/236,c300023d13bf
true/2360,c300023d13bf
true/237,c300023d13bf
true/2373,c300023d13bf
true/2377,c300023d13bf
true/2380,c300023d13bf
true/2383,c300023d13bf
true/2386,c300023d13bf
true/2387,c300023d13bf
true/2388,c300023d13bf
true/2390,c300023d13bf
true/2398,c300023d13bf
true/2400,c300023d13bf
true/2401,c300023d13bf
true/2402,c300023d13bf
true/2404,c300023d13bf
true/2406,c300023d13bf
true/2410,c300023d13bf
true/2418,c300023d13bf
true/2419,c300023d13bf
true/2422,c300023d13bf
true/2425,c300023d13bf
true/2426,c300023d13bf
true/2427,c300023d13bf
true/2428,c300023d13bf
true/2429,c300023d13bf
true/243,c300023d13bf
true/2432,c300023d13bf
true/2434,c300023d13bf
true/2437,c300023d13bf
true/2438,c300023d13bf
true/2441,c300023d13bf
true/2442,c300023d13bf
true/2449,c300023d13bf
true/2455,c300023d13bf
true/2459,c300023d13bf
true/2462,c300023d13bf
true/2465,c300023d13bf
true/2467,c300023d13bf
true/2472,c300023d13bf
true/2475,c300023d13bf
true/2479,c300023d13bf
true/2482,c300023d13bf
true/2486,c300023d13bf
true/2491,c300023d13bf
true/2495,c300023d13bf
true/25,c300023d13bf
true/2505,c300023d13bf
true/251,c300023d13bf
true/2513,c300023d13bf
true/2514,c300023d13bf
true/2519,c300023d13bf
true/2520,c300023d13bf
true/2524,c300023d13bf
true/2526,c300023d13bf
true/2538,c300023d13bf
true/2539,c300023d13bf
true/2542,c300023d13bf
true/2550,c300023d13bf
true/2552,c300023d13bf
true/2558,c300023d13bf
true/2562,c300023d13bf
true/2565,c300023d13bf
true/2567,c300023d13bf
true/2569,c300023d13bf
true/2575,c300023d13bf
true/2576,c300023d13bf
true/2578,c300023d13bf
true/2582,c300023d13bf
true/2584,c300023d13bf
true/2585,c300023d13bf
true/2592,c300023d13bf
true/2599,c300023d13bf
true/2600,c300023d13bf
true/2602,c300023d13bf
true/2603,c300023d13bf
true/2609,c300023d13bf
true/2613,c300023d13bf
true/2614,c300023d13bf
true/2620,c300023d13bf
true/2622,c300023d13bf
true/263,c300023d13bf
true/2630,c300023d13bf
true/2631,c300023d13bf
true/2636,c300023d13bf
true/2637,c300023d13bf
true/2640,c300023d13bf
true/2642,c300023d13bf
true/2645,c300023d13bf
true/2650,c300023d13bf
true/2681,c300023d13bf
true/2683,c300023d13bf
true/2693,c300023d13bf
true/2699,c300023d13bf
true/2702,c300023d13bf
true/2703,c300023d13bf
true/2704,c300023d13bf
true/2707,c300023d13bf
true/2708,c300023d13bf
true/2709,c300023d13bf
true/271,c300023d13bf
true/2711,c300023d13bf
true/2717,c300023d13bf
true/2721,c300023d13bf
true/2728,c300023d13bf
true/2731,c300023d13bf
true/2734,c300023d13bf
true/274,c300023d13bf
true/2750,c300023d13bf
true/2751,c300023d13bf
true/2756,c300023d13bf
true/2757,c300023d13bf
true/2763,c300023d13bf
true/2769,c300023d13bf
true/2770,c300023d13bf
true/2771,c300023d13bf
true/2778,c300023d13bf
true/2782,c300023d13bf
true/2789,c300023d13bf
true/279,c300023d13bf
true/2798,c300023d13bf
true/280,c300023d13bf
true/2801,c300023d13bf
true/2802,c300023d13bf
true/2806,c300023d13bf
true/281,c300023d13bf
true/2811,c300023d13bf
true/2815,c300023d13bf
true/2823,c300023d13bf
true/2826,c300023d13bf
true/2833,c300023d13bf
true/2848,c300023d13bf
true/2849,c300023d13bf
true/2850,c300023d13bf
true/2855,c300023d13bf
true/2856,c300023d13bf
true/2867,c300023d13bf
true/2871,c300023d13bf
true/2875,c300023d13bf
true/2876,c300023d13bf
true/2880,c300023d13bf
true/2886,c300023d13bf
true/2887,c300023d13bf
true/2888,c300023d13bf
true/2891,c300023d13bf
true/2894,c300023d13bf
true/2899,c300023d13bf
true/2903,c300023d13bf
true/2904,c300023d13bf
true/2905,c300023d13bf
true/2906,c300023d13bf
true/2915,c300023d13bf
true/2927,c300023d13bf
true/2930,c300023d13bf
true/2933,c300023d13bf
true/2934,c300023d13bf
true/2942,c300023d13bf
true/2959,c300023d13bf
true/2968,c300023d13bf
true/2973,c300023d13bf
true/2974,c300023d13bf
true/2978,c300023d13bf
true/2979,c300023d13bf
true/2981,c300023d13bf
true/2984,c300023d13bf
true/2989,c300023d13bf
true/2992,c300023d13bf
true/2997,c300023d13bf
true/30,c300023d13bf
true/300,c300023d13bf
true/3000,c300023d13bf
true/3001,c300023d13bf
true/3002,c300023d13bf
true/3005,c300023d13bf
true/3017,c300023d13bf
true/302,c300023d13bf
true/3023,c300023d13bf
true/3027,c300023d13bf
true/3029,c300023d13bf
true/303,c300023d13bf
true/3037,c300023d13bf
true/3038,c300023d13bf
true/3040,c300023d13bf
true/3049,c300023d13bf
true/3053,c300023d13bf
true/3055,c300023d13bf
true/306,c300023d13bf
true/3064,c300023d13bf
true/3067,c300023d13bf
true/3070,c300023d13bf
true/3071,c300023d13bf
true/3074,c300023d13bf
true/3075,c300023d13bf
true/3080,c300023d13bf
true/3082,c300023d13bf
true/3087,c300023d13bf
true/3089,c300023d13bf
true/3100,c300023d13bf
true/3106,c300023d13bf
true/3109,c300023d13bf
true/311,c300023d13bf
true/3115,c300023d13bf
true/3117,c300023d13bf
true/312,c300023d13bf
true/3126,c300023d13bf
true/3127,c300023d13bf
true/3129,c300023d13bf
true/3131,c300023d13bf
true/3133,c300023d13bf
true/3139,c300023d13bf
true/3145,c300023d13bf
true/3146,c300023d13bf
true/3150,c300023d13bf
true/3158,c300023d13bf
true/3159,c300023d13bf
true/316,c300023d13bf
true/3166,c300023d13bf
true/3169,c300023d13bf
true/3170,c300023d13bf
true/3182,c300023d13bf
true/3183,c300023d13bf
true/3191,c300023d13bf
true/3194,c300023d13bf
true/3196,c300023d13bf
true/3197,c300023d13bf
true/320,c300023d13bf
true/3205,c300023d13bf
true/3206,c300023d13bf
true/3207,c300023d13bf
true/3212,c300023d13bf
true/3214,c300023d13bf
true/3215,c300023d13bf
true/3221,c300023d13bf
true/3225,c300023d13bf
true/3226,c300023d13bf
true/3228,c300023d13bf
true/3232,c300023d13bf
true/3233,c300023d13bf
true/3234,c300023d13bf
true/3235,c300023d13bf
true/3242,c300023d13bf
true/3246,c300023d13bf
true/3248,c300023d13bf
true/3252,c300023d13bf
true/3256,c300023d13bf
true/3258,c300023d13bf
true/326,c300023d13bf
true/3260,c300023d13bf
true/3264,c300023d13bf
true/3266,c300023d13bf
true/3267,c300023d13bf
true/3270,c300023d13bf
true/3273,c300023d13bf
true/3276,c300023d13bf
true/3277,c300023d13bf
true/3281,c300023d13bf
true/3284,c300023d13bf
true/3285,c300023d13bf
true/329,c300023d13bf
true/3290,c300023d13bf
true/3293,c300023d13bf
true/3297,c300023d13bf
true/3298,c300023d13bf
true/3299,c300023d13bf
true/3301,c300023d13bf
true/3306,c300023d13bf
true/331,c300023d13bf
true/3310,c300023d13bf
true/3311,c300023d13bf
true/3317,c300023d13bf
true/3320,c300023d13bf
true/3322,c300023d13bf
true/3325,c300023d13bf
true/3327,c300023d13bf
true/3332,c300023d13bf
true/3344,c300023d13bf
true/3347,c300023d13bf
true/3348,c300023d13bf
true/335,c300023d13bf
true/3353,c300023d13bf
true/3354,c300023d13bf
true/3369,c300023d13bf
true/3374,c300023d13bf
true/3375,c300023d13bf
true/3378,c300023d13bf
true/338,c300023d13bf
true/3384,c300023d13bf
true/3390,c300023d13bf
true/3392,c300023d13bf
true/3393,c300023d13bf
true/3397,c300023d13bf
true/3405,c300023d13bf
true/3409,c300023d13bf
true/341,c300023d13bf
true/3410,c300023d13bf
true/3413,c300023d13bf
true/3417,c300023d13bf
true/3419,c300023d13bf
true/3420,c300023d13bf
true/3423,c300023d13bf
true/3425,c300023d13bf
true/343,c300023d13bf
true/3430,c300023d13bf
true/3432,c300023d13bf
true/3434,c300023d13bf
true/3439,c300023d13bf
true/344,c300023d13bf
true/3440,c300023d13bf
true/3452,c300023d13bf
true/3459,c300023d13bf
true/3460,c300023d13bf
true/3468,c300023d13bf
true/3470,c300023d13bf
true/3471,c300023d13bf
true/3478,c300023d13bf
true/3479,c300023d13bf
true/3485,c300023d13bf
true/3490,c300023d13bf
true/3491,c300023d13bf
true/350,c300023d13bf
true/3500,c300023d13bf
true/3503,c300023d13bf
true/3512,c300023d13bf
true/3515,c300023d13bf
true/3521,c300023d13bf
true/3522,c300023d13bf
true/3523,c300023d13bf
true/3524,c300023d13bf
true/3525,c300023d13bf
true/3530,c300023d13bf
true/3531,c300023d13bf
true/3541,c300023d13bf
true/3544,c300023d13bf
true/3545,c300023d13bf
true/3547,c300023d13bf
true/3552,c300023d13bf
true/3559,c300023d13bf
true/3563,c300023d13bf
true/3567,c300023d13bf
true/3576,c300023d13bf
true/3585,c300023d13bf
true/3590,c300023d13bf
true/3596,c300023d13bf
true/3597,c300023d13bf
true/36,c300023d13bf
true/3601,c300023d13bf
true/363,c300023d13bf
true/366,c300023d13bf
true/378,c300023d13bf
true/38,c300023d13bf
true/380,c300023d13bf
true/382,c300023d13bf
true/383,c300023d13bf
true/387,c300023d13bf
true/389,c300023d13bf
true/39,c300023d13bf
true/393,c300023d13bf
true/394,c300023d13bf
true/398,c300023d13bf
true/399,c300023d13bf
true/404,c300023d13bf
true/411,c300023d13bf
true/412,c300023d13bf
true/414,c300023d13bf
true/417,c300023d13bf
true/425,c300023d13bf
true/426,c300023d13bf
true/427,c300023d13bf
true/430,c300023d13bf
true/432,c300023d13bf
true/436,c300023d13bf
true/441,c300023d13bf
true/446,c300023d13bf
true/450,c300023d13bf
true/46,c300023d13bf
true/462,c300023d13bf
true/464,c300023d13bf
true/465,c300023d13bf
true/466,c300023d13bf
true/468,c300023d13bf
true/469,c300023d13bf
true/470,c300023d13bf
true/471,c300023d13bf
true/473,c300023d13bf
true/478,c300023d13bf
true/481,c300023d13bf
true/490,c300023d13bf
true/492,c300023d13bf
true/494,c300023d13bf
true/500,c300023d13bf
true/504,c300023d13bf
true/505,c300023d13bf
true/508,c300023d13bf
true/511,c300023d13bf
true/512,c300023d13bf
true/513,c300023d13bf
true/515,c300023d13bf
true/518,c300023d13bf
true/519,c300023d13bf
true/520,c300023d13bf
true/521,c300023d13bf
true/522,c300023d13bf
true/525,c300023d13bf
true/527,c300023d13bf
true/528,c300023d13bf
true/529,c300023d13bf
true/531,c300023d13bf
true/532,c300023d13bf
true/535,c300023d13bf
true/544,c300023d13bf
true/546,c300023d13bf
true/549,c300023d13bf
true/551,c300023d13bf
true/554,c300023d13bf
true/559,c300023d13bf
true/561,c300023d13bf
true/562,c300023d13bf
true/563,c300023d13bf
true/566,c300023d13bf
true/569,c300023d13bf
true/574,c300023d13bf
true/575,c300023d13bf
true/58,c300023d13bf
true/583,c300023d13bf
true/587,c300023d13bf
true/592,c300023d13bf
true/593,c300023d13bf
true/594,c300023d13bf
true/598,c300023d13bf
true/599,c300023d13bf
true/60,c300023d13bf
true/609,c300023d13bf
true/612,c300023d13bf
true/617,c300023d13bf
true/619,c300023d13bf
true/62,c300023d13bf
true/623,c300023d13bf
true/629,c300023d13bf
true/630,c300023d13bf
true/633,c300023d13bf
true/634,c300023d13bf
true/636,c300023d13bf
true/637,c300023d13bf
true/641,c300023d13bf
true/643,c300023d13bf
true/648,c300023d13bf
true/650,c300023d13bf
true/652,c300023d13bf
true/653,c300023d13bf
true/656,c300023d13bf
true/659,c300023d13bf
true/662,c300023d13bf
true/665,c300023d13bf
true/668,c300023d13bf
true/670,c300023d13bf
true/671,c300023d13bf
true/677,c300023d13bf
true/681,c300023d13bf
true/685,c300023d13bf
true/686,c300023d13bf
true/691,c300023d13bf
true/696,c300023d13bf
true/699,c300023d13bf
true/702,c300023d13bf
true/707,c300023d13bf
true/709,c300023d13bf
true/710,c300023d13bf
true/711,c300023d13bf
true/714,c300023d13bf
true/715,c300023d13bf
true/72,c300023d13bf
true/727,c300023d13bf
true/731,c300023d13bf
true/734,c300023d13bf
true/735,c300023d13bf
true/739,c300023d13bf
true/743,c300023d13bf
true/749,c300023d13bf
true/751,c300023d13bf
true/758,c300023d13bf
true/764,c300023d13bf
true/767,c300023d13bf
true/770,c300023d13bf
true/771,c300023d13bf
true/773,c300023d13bf
true/774,c300023d13bf
true/780,c300023d13bf
true/792,c300023d13bf
true/795,c300023d13bf
true/798,c300023d13bf
true/800,c300023d13bf
true/809,c300023d13bf
true/810,c300023d13bf
true/812,c300023d13bf
true/820,c300023d13bf
true/821,c300023d13bf
true/823,c300023d13bf
true/829,c300023d13bf
true/834,c300023d13bf
true/836,c300023d13bf
true/84,c300023d13bf
true/857,c300023d13bf
true/858,c300023d13bf
true/860,c300023d13bf
true/870,c300023d13bf
true/876,c300023d13bf
true/88,c300023d13bf
true/884,c300023d13bf
true/886,c300023d13bf
true/889,c300023d13bf
true/89,c300023d13bf
true/890,c300023d13bf
true/894,c300023d13bf
true/895,c300023d13bf
true/897,c300023d13bf
true/899,c300023d13bf
true/9,c300023d13bf
true/903,c300023d13bf
true/904,c300023d13bf
true/905,c300023d13bf
true/91,c300023d13bf
true/918,c300023d13bf
true/921,c300023d13bf
true/922,c300023d13bf
true/925,c300023d13bf
true/926,c300023d13bf
true/927,c300023d13bf
true/928,c300023d13bf
true/939,c300023d13bf
true/945,c300023d13bf
true/949,c300023d13bf
true/952,c300023d13bf
true/955,c300023d13bf
true/957,c300023d13bf
true/960,c300023d13bf
true/961,c300023d13bf
true/966,c300023d13bf
true/969,c300023d13bf
true/97,c300023d13bf
true/970,c300023d13bf
true/972,c300023d13bf
true/979,c300023d13bf
true/985,c300023d13bf
true/989,c300023d13bf
true/991,c300023d13bf
true/992,c300023d13bf
true/999,c300023d13bf
fake/10,1800c0b9672c
fake/1008,1800c0b9672c
fake/1009,1800c0b9672c
fake/1010,1800c0b9672c
fake/1013,1800c0b9672c
fake/1014,1800c0b9672c
fake/1026,1800c0b9672c
fake/1030,1800c0b9672c
fake/1031,1800c0b9672c
fake/1033,1800c0b9672c
fake/1034,1800c0b9672c
fake/1041,1800c0b9672c
fake/1042,1800c0b9672c
fake/1043,1800c0b9672c
fake/1044,1800c0b9672c
fake/1045,1800c0b9672c
fake/1047,1800c0b9672c
fake/1048,1800c0b9672c
fake/1052,1800c0b9672c
fake/1053,1800c0b9672c
fake/1054,1800c0b9672c
fake/1055,1800c0b9672c
fake/1062,1800c0b9672c
fake/1063,1800c0b9672c
fake/1069,1800c0b9672c
fake/1073,1800c0b9672c
fake/1075,1800c0b9672c
fake/1076,1800c0b9672c
fake/1080,1800c0b9672c
fake/1083,1800c0b9672c
fake/1084,1800c0b9672c
fake/1087,1800c0b9672c
fake/109,1800c0b9672c
fake/1094,1800c0b9672c
fake/1096,1800c0b9672c
fake/1099,1800c0b9672c
fake/11,1800c0b9672c
fake/1103,1800c0b9672c
fake/1104,1800c0b9672c
fake/1109,1800c0b9672c
fake/1112,1800c0b9672c
fake/1114,1800c0b9672c
fake/1118,1800c0b9672c
fake/1119,1800c0b9672c
fake/112,1800c0b9672c
fake/1134,1800c0b9672c
fake/114,1800c0b9672c
fake/1144,1800c0b9672c
fake/1149,1800c0b9672c
fake/1154,1800c0b9672c
fake/1155,1800c0b9672c
fake/1160,1800c0b9672c
fake/1165,1800c0b9672c
fake/1169,1800c0b9672c
fake/117,1800c0b9672c
fake/1171,1800c0b9672c
fake/1172,1800c0b9672c
fake/1174,1800c0b9672c
fake/1175,1800c0b9672c
fake/1177,1800c0b9672c
fake/118,1800c0b9672c
fake/1182,1800c0b9672c
fake/1183,1800c0b9672c
fake/1186,1800c0b9672c
fake/119,1800c0b9672c
fake/1196,1800c0b9672c
fake/120,1800c0b9672c
fake/1200,1800c0b9672c
fake/1201,1800c0b9672c
fake/1213,1800c0b9672c
fake/1215,1800c0b9672c
fake/1217,1800c0b9672c
fake/1221,1800c0b9672c
fake/1231,1800c0b9672c
fake/1232,1800c0b9672c
fake/1241,1800c0b9672c
fake/1242,1800c0b9672c
fake/1244,1800c0b9672c
fake/1246,1800c0b9672c
fake/1249,1800c0b9672c
fake/125,1800c0b9672c
fake/1253,1800c0b9672c
fake/1257,1800c0b9672c
fake/1263,1800c0b9672c
fake/1265,1800c0b9672c
fake/1267,1800c0b9672c
fake/1269,1800c0b9672c
fake/1278,1800c0b9672c
fake/1279,1800c0b9672c
fake/1283,1800c0b9672c
fake/1289,1800c0b9672c
fake/1290,1800c0b9672c
fake/1292,1800c0b9672c
fake/1296,1800c0b9672c
fake/1302,1800c0b9672c
fake/1308,1800c0b9672c
fake/131,1800c0b9672c
fake/1314,1800c0b9672c
fake/1317,1800c0b9672c
fake/1323,1800c0b9672c
fake/1337,1800c0b9672c
fake/1340,1800c0b9672c
fake/1342,1800c0b9672c
fake/1354,1800c0b9672c
fake/1397,1800c0b9672c
fake/1398,1800c0b9672c
fake/1403,1800c0b9672c
fake/1404,1800c0b9672c
fake/1407,1800c0b9672c
fake/1408,1800c0b9672c
fake/1409,1800c0b9672c
fake/1417,1800c0b9672c
fake/1418,1800c0b9672c
fake/1422,1800c0b9672c
fake/1429,1800c0b9672c
fake/1430,1800c0b9672c
fake/144,1800c0b9672c
fake/1441,1800c0b9672c
fake/1442,1800c0b9672c
fake/1448,1800c0b9672c
fake/1449,1800c0b9672c
fake/145,1800c0b9672c
fake/1453,1800c0b9672c
fake/1456,1800c0b9672c
fake/1457,1800c0b9672c
fake/146,1800c0b9672c
fake/1462,1800c0b9672c
fake/1467,1800c0b9672c
fake/147,1800c0b9672c
fake/1470,1800c0b9672c
fake/1477,1800c0b9672c
fake/1479,1800c0b9672c
fake/1480,1800c0b9672c
fake/1486,1800c0b9672c
fake/1487,1800c0b9672c
fake/1488,1800c0b9672c
fake/1489,1800c0b9672c
fake/1490,1800c0b9672c
fake/1491,1800c0b9672c
fake/1496,1800c0b9672c
fake/1497,1800c0b9672c
fake/1506,1800c0b9672c
fake/151,1800c0b9672c
fake/1516,1800c0b9672c
fake/1518,1800c0b9672c
fake/1519,1800c0b9672c
fake/1520,1800c0b9672c
fake/1525,1800c0b9672c
fake/1527,1800c0b9672c
fake/1528,1800c0b9672c
fake/1529,1800c0b9672c
fake/1531,1800c0b9672c
fake/154,1800c0b9672c
fake/1548,1800c0b9672c
fake/1549,1800c0b9672c
fake/1551,1800c0b9672c
fake/1553,1800c0b9672c
fake/1557,1800c0b9672c
fake/1558,1800c0b9672c
fake/156,1800c0b9672c
fake/1563,1800c0b9672c
fake/1566,1800c0b9672c
fake/1568,1800c0b9672c
fake/1569,1800c0b9672c
fake/1570,1800c0b9672c
fake/1572,1800c0b9672c
fake/1576,1800c0b9672c
fake/1586,1800c0b9672c
fake/1587,1800c0b9672c
fake/1589,1800c0b9672c
fake/159,1800c0b9672c
fake/1599,1800c0b9672c
fake/1601,1800c0b9672c
fake/1604,1800c0b9672c
fake/1609,1800c0b9672c
fake/1614,1800c0b9672c
fake/1616,1800c0b9672c
fake/1618,1800c0b9672c
fake/162,1800c0b9672c
fake/1624,1800c0b9672c
fake/1625,1800c0b9672c
fake/1628,1800c0b9672c
fake/1630,1800c0b9672c
fake/1637,1800c0b9672c
fake/1638,1800c0b9672c
fake/1644,1800c0b9672c
fake/1647,1800c0b9672c
fake/1649,1800c0b9672c
fake/165,1800c0b9672c
fake/1651,1800c0b9672c
fake/1655,1800c0b9672c
fake/1656,1800c0b9672c
fake/166,1800c0b9672c
fake/1662,1800c0b9672c
fake/1666,1800c0b9672c
fake/1668,1800c0b9672c
fake/1671,1800c0b9672c
fake/1679,1800c0b9672c
fake/1693,1800c0b9672c
fake/1695,1800c0b9672c
fake/170,1800c0b9672c
fake/1701,1800c0b9672c
fake/1704,1800c0b9672c
fake/1705,1800c0b9672c
fake/1707,1800c0b9672c
fake/1709,1800c0b9672c
fake/171,1800c0b9672c
fake/1718,1800c0b9672c
fake/1721,1800c0b9672c
fake/1724,1800c0b9672c
fake/1725,1800c0b9672c
fake/1728,1800c0b9672c
fake/1736,1800c0b9672c
fake/174,1800c0b9672c
fake/1745,1800c0b9672c
fake/1747,1800c0b9672c
fake/1748,1800c0b9672c
fake/175,1800c0b9672c
fake/1750,1800c0b9672c
fake/1753,1800c0b9672c
fake/1754,1800c0b9672c
fake/1755,1800c0b9672c
fake/1756,1800c0b9672c
fake/1757,1800c0b9672c
fake/1758,1800c0b9672c
fake/176,1800c0b9672c
fake/1765,1800c0b9672c
fake/1767,1800c0b9672c
fake/1769,1800c0b9672c
fake/1770,1800c0b9672c
fake/1772,1800c0b9672c
fake/1783,1800c0b9672c
fake/1784,1800c0b9672c
fake/1790,1800c0b9672c
fake/1791,1800c0b9672c
fake/1796,1800c0b9672c
fake/1799,1800c0b9672c
fake/1802,1800c0b9672c
fake/1805,1800c0b9672c
fake/181,1800c0b9672c
fake/1811,1800c0b9672c
fake/1813,1800c0b9672c
fake/1816,1800c0b9672c
fake/1822,1800c0b9672c
fake/183,1800c0b9672c
fake/1831,1800c0b9672c
fake/1835,1800c0b9672c
fake/1836,1800c0b9672c
fake/1838,1800c0b9672c
fake/184,1800c0b9672c
fake/1840,1800c0b9672c
fake/1841,1800c0b9672c
fake/186,1800c0b9672c
fake/1861,1800c0b9672c
fake/187,1800c0b9672c
fake/1870,1800c0b9672c
fake/1876,1800c0b9672c
fake/1880,1800c0b9672c
fake/1882,1800c0b9672c
fake/1884,1800c0b9672c
fake/1887,1800c0b9672c
fake/1889,1800c0b9672c
fake/189,1800c0b9672c
fake/1891,1800c0b9672c
fake/1892,1800c0b9672c
fake/1893,1800c0b9672c
fake/1896,1800c0b9672c
fake/1899,1800c0b9672c
fake/1901,1800c0b9672c
fake/1907,1800c0b9672c
fake/1908,1800c0b9672c
fake/191,1800c0b9672c
fake/1910,1800c0b9672c
fake/1911,1800c0b9672c
fake/1916,1800c0b9672c
fake/192,1800c0b9672c
fake/1925,1800c0b9672c
fake/193,1800c0b9672c
fake/1934,1800c0b9672c
fake/1936,1800c0b9672c
fake/1937,1800c0b9672c
fake/194,1800c0b9672c
fake/1947,1800c0b9672c
fake/1952,1800c0b9672c
fake/1956,1800c0b9672c
fake/1965,1800c0b9672c
fake/1966,1800c0b9672c
fake/1973,1800c0b9672c
fake/1974,1800c0b9672c
fake/1983,1800c0b9672c
fake/1984,1800c0b9672c
fake/1999,1800c0b9672c
fake/2000,1800c0b9672c
fake/2002,1800c0b9672c
fake/2003,1800c0b9672c
fake/2007,1800c0b9672c
fake/2010,1800c0b9672c
fake/2020,1800c0b9672c
fake/2021,1800c0b9672c
fake/2022,1800c0b9672c
fake/2027,1800c0b9672c
fake/2030,1800c0b9672c
fake/2038,1800c0b9672c
fake/2045,1800c0b9672c
fake/2057,1800c0b9672c
fake/2061,1800c0b9672c
fake/2062,1800c0b9672c
fake/2063,1800c0b9672c
fake/2067,1800c0b9672c
fake/2071,1800c0b9672c
fake/2073,1800c0b9672c
fake/2075,1800c0b9672c
fake/2086,1800c0b9672c
fake/2087,1800c0b9672c
fake/2090,1800c0b9672c
fake/2094,1800c0b9672c
fake/2095,1800c0b9672c
fake/2099,1800c0b9672c
fake/2103,1800c0b9672c
fake/2105,1800c0b9672c
fake/2108,1800c0b9672c
fake/211,1800c0b9672c
fake/2110,1800c0b9672c
fake/2111,1800c0b9672c
fake/2120,1800c0b9672c
fake/2125,1800c0b9672c
fake/2133,1800c0b9672c
fake/2134,1800c0b9672c
fake/2139,1800c0b9672c
fake/214,1800c0b9672c
fake/2149,1800c0b9672c
fake/215,1800c0b9672c
fake/2153,1800c0b9672c
fake/2154,1800c0b9672c
fake/2155,1800c0b9672c
fake/2156,1800c0b9672c
fake/2157,1800c0b9672c
fake/216,1800c0b9672c
fake/2160,1800c0b9672c
fake/2168,1800c0b9672c
fake/2170,1800c0b9672c
fake/2171,1800c0b9672c
fake/2174,1800c0b9672c
fake/2179,1800c0b9672c
fake/2180,1800c0b9672c
fake/2185,1800c0b9672c
fake/2186,1800c0b9672c
fake/2187,1800c0b9672c
fake/219,1800c0b9672c
fake/2195,1800c0b9672c
fake/2209,1800c0b9672c
fake/222,1800c0b9672c
fake/2222,1800c0b9672c
fake/2232,1800c0b9672c
fake/2233,1800c0b9672c
fake/2234,1800c0b9672c
fake/2235,1800c0b9672c
fake/2236,1800c0b9672c
fake/2237,1800c0b9672c
fake/2238,1800c0b9672c
fake/224,1800c0b9672c
fake/2241,1800c0b9672c
fake/2245,1800c0b9672c
fake/2246,1800c0b9672c
fake/2249,1800c0b9672c
fake/2250,1800c0b9672c
fake/2261,1800c0b9672c
fake/2264,1800c0b9672c
fake/2267,1800c0b9672c
fake/2270,1800c0b9672c
fake/2273,1800c0b9672c
fake/2277,1800c0b9672c
fake/2278,1800c0b9672c
fake/2280,1800c0b9672c
fake/229,1800c0b9672c
fake/2295,1800c0b9672c
fake/230,1800c0b9672c
fake/2305,1800c0b9672c
fake/2312,1800c0b9672c
fake/2313,1800c0b9672c
fake/2318,1800c0b9672c
fake/2320,1800c0b9672c
fake/2323,1800c0b9672c
fake/2325,1800c0b9672c
fake/2326,1800c0b9672c
fake/2328,1800c0b9672c
fake/233,1800c0b9672c
fake/2333,1800c0b9672c
fake/2337,1800c0b9672c
fake/2342,1800c0b9672c
fake/2344,1800c0b9672c
fake/235,1800c0b9672c
fake/2350,1800c0b9672c
fake/2352,1800c0b9672c
fake/2354,1800c0b9672c
fake/236,1800c0b9672c
fake/2360,1800c0b9672c
fake/2369,1800c0b9672c
fake/2370,1800c0b9672c
fake/2373,1800c0b9672c
fake/2376,1800c0b9672c
fake/2381,1800c0b9672c
fake/2383,1800c0b9672c
fake/2385,1800c0b9672c
fake/2386,1800c0b9672c
fake/2392,1800c0b9672c
fake/2393,1800c0b9672c
fake/240,1800c0b9672c
fake/2406,1800c0b9672c
fake/241,1800c0b9672c
fake/2410,1800c0b9672c
fake/2417,1800c0b9672c
fake/2418,1800c0b9672c
fake/2419,1800c0b9672c
fake/2421,1800c0b9672c
fake/2422,1800c0b9672c
fake/2427,1800c0b9672c
fake/2428,1800c0b9672c
fake/2429,1800c0b9672c
fake/243,1800c0b9672c
fake/2432,1800c0b9672c
fake/2433,1800c0b9672c
fake/2434,1800c0b9672c
fake/2435,1800c0b9672c
fake/2436,1800c0b9672c
fake/2439,1800c0b9672c
fake/2442,1800c0b9672c
fake/2444,1800c0b9672c
fake/2449,1800c0b9672c
fake/2453,1800c0b9672c
fake/2455,1800c0b9672c
fake/2456,1800c0b9672c
fake/246,1800c0b9672c
fake/2461,1800c0b9672c
fake/2464,1800c0b9672c
fake/2465,1800c0b9672c
fake/2469,1800c0b9672c
fake/2472,1800c0b9672c
fake/2475,1800c0b9672c
fake/2477,1800c0b9672c
fake/2478,1800c0b9672c
fake/2480,1800c0b9672c
fake/2495,1800c0b9672c
fake/2499,1800c0b9672c
fake/2501,1800c0b9672c
fake/2505,1800c0b9672c
fake/2513,1800c0b9672c
fake/2526,1800c0b9672c
fake/2530,1800c0b9672c
fake/2531,1800c0b9672c
fake/2532,1800c0b9672c
fake/2533,1800c0b9672c
fake/2539,1800c0b9672c
fake/2542,1800c0b9672c
fake/2547,1800c0b9672c
fake/2548,1800c0b9672c
fake/2558,1800c0b9672c
fake/2559,1800c0b9672c
fake/256,1800c0b9672c
fake/2562,1800c0b9672c
fake/2567,1800c0b9672c
fake/2569,1800c0b9672c
fake/2570,1800c0b9672c
fake/2575,1800c0b9672c
fake/2578,1800c0b9672c
fake/258,1800c0b9672c
fake/2580,1800c0b9672c
fake/2585,1800c0b9672c
fake/2587,1800c0b9672c
fake/2588,1800c0b9672c
fake/2598,1800c0b9672c
fake/260,1800c0b9672c
fake/261,1800c0b9672c
fake/2613,1800c0b9672c
fake/2614,1800c0b9672c
fake/2620,1800c0b9672c
fake/2623,1800c0b9672c
fake/2635,1800c0b9672c
fake/2636,1800c0b9672c
fake/2642,1800c0b9672c
fake/2645,1800c0b9672c
fake/2646,1800c0b9672c
fake/2650,1800c0b9672c
fake/2652,1800c0b9672c
fake/2666,1800c0b9672c
fake/2669,1800c0b9672c
fake/267,1800c0b9672c
fake/2671,1800c0b9672c
fake/2680,1800c0b9672c
fake/269,1800c0b9672c
fake/2693,1800c0b9672c
fake/2704,1800c0b9672c
fake/2709,1800c0b9672c
fake/2710,1800c0b9672c
fake/2711,1800c0b9672c
fake/2714,1800c0b9672c
fake/2716,1800c0b9672c
fake/2717,1800c0b9672c
fake/2728,1800c0b9672c
fake/273,1800c0b9672c
fake/2731,1800c0b9672c
fake/2734,1800c0b9672c
fake/2744,1800c0b9672c
fake/2750,1800c0b9672c
fake/2751,1800c0b9672c
fake/2752,1800c0b9672c
fake/2756,1800c0b9672c
fake/2757,1800c0b9672c
fake/2765,1800c0b9672c
fake/2767,1800c0b9672c
fake/2770,1800c0b9672c
fake/2776,1800c0b9672c
fake/2779,1800c0b9672c
fake/279,1800c0b9672c
fake/2794,1800c0b9672c
fake/2798,1800c0b9672c
fake/280,1800c0b9672c
fake/2802,1800c0b9672c
fake/2804,1800c0b9672c
fake/2806,1800c0b9672c
fake/281,1800c0b9672c
fake/2811,1800c0b9672c
fake/2812,1800c0b9672c
fake/2817,1800c0b9672c
fake/2820,1800c0b9672c
fake/2822,1800c0b9672c
fake/2823,1800c0b9672c
fake/2826,1800c0b9672c
fake/2829,1800c0b9672c
fake/2830,1800c0b9672c
fake/2832,1800c0b9672c
fake/2834,1800c0b9672c
fake/2840,1800c0b9672c
fake/2845,1800c0b9672c
fake/2848,1800c0b9672c
fake/2850,1800c0b9672c
fake/2856,1800c0b9672c
fake/2868,1800c0b9672c
fake/2873,1800c0b9672c
fake/2875,1800c0b9672c
fake/2887,1800c0b9672c
fake/2890,1800c0b9672c
fake/2892,1800c0b9672c
fake/2896,1800c0b9672c
fake/2899,1800c0b9672c
fake/2903,1800c0b9672c
fake/2906,1800c0b9672c
fake/2909,1800c0b9672c
fake/2915,1800c0b9672c
fake/2917,1800c0b9672c
fake/292,1800c0b9672c
fake/2930,1800c0b9672c
fake/2931,1800c0b9672c
fake/2933,1800c0b9672c
fake/2934,1800c0b9672c
fake/2936,1800c0b9672c
fake/2943,1800c0b9672c
fake/2945,1800c0b9672c
fake/2947,1800c0b9672c
fake/2948,1800c0b9672c
fake/2969,1800c0b9672c
fake/2970,1800c0b9672c
fake/2974,1800c0b9672c
fake/2977,1800c0b9672c
fake/2978,1800c0b9672c
fake/2979,1800c0b9672c
fake/2986,1800c0b9672c
fake/2988,1800c0b9672c
fake/300,1800c0b9672c
fake/3015,1800c0b9672c
fake/3017,1800c0b9672c
fake/3029,1800c0b9672c
fake/3038,1800c0b9672c
fake/304,1800c0b9672c
fake/3040,1800c0b9672c
fake/3041,1800c0b9672c
fake/3042,1800c0b9672c
fake/3045,1800c0b9672c
fake/3046,1800c0b9672c
fake/3049,1800c0b9672c
fake/305,1800c0b9672c
fake/3053,1800c0b9672c
fake/306,1800c0b9672c
fake/3060,1800c0b9672c
fake/3062,1800c0b9672c
fake/3064,1800c0b9672c
fake/3065,1800c0b9672c
fake/3067,1800c0b9672c
fake/3068,1800c0b9672c
fake/3075,1800c0b9672c
fake/3077,1800c0b9672c
fake/3079,1800c0b9672c
fake/3080,1800c0b9672c
fake/3082,1800c0b9672c
fake/3089,1800c0b9672c
fake/3100,1800c0b9672c
fake/3101,1800c0b9672c
fake/3105,1800c0b9672c
fake/3109,1800c0b9672c
fake/311,1800c0b9672c
fake/3112,1800c0b9672c
fake/3115,1800c0b9672c
fake/3137,1800c0b9672c
fake/3138,1800c0b9672c
fake/314,1800c0b9672c
fake/3144,1800c0b9672c
fake/3146,1800c0b9672c
fake/3157,1800c0b9672c
fake/3168,1800c0b9672c
fake/317,1800c0b9672c
fake/3173,1800c0b9672c
fake/3174,1800c0b9672c
fake/3177,1800c0b9672c
fake/3190,1800c0b9672c
fake/3197,1800c0b9672c
fake/3207,1800c0b9672c
fake/3214,1800c0b9672c
fake/3221,1800c0b9672c
fake/3225,1800c0b9672c
fake/323,1800c0b9672c
fake/3234,1800c0b9672c
fake/3235,1800c0b9672c
fake/3242,1800c0b9672c
fake/3243,1800c0b9672c
fake/3246,1800c0b9672c
fake/3248,1800c0b9672c
fake/3249,1800c0b9672c
fake/3252,1800c0b9672c
fake/3253,1800c0b9672c
fake/3255,1800c0b9672c
fake/3256,1800c0b9672c
fake/3258,1800c0b9672c
fake/326,1800c0b9672c
fake/3260,1800c0b9672c
fake/3264,1800c0b9672c
fake/3276,1800c0b9672c
fake/3278,1800c0b9672c
fake/3281,1800c0b9672c
fake/3283,1800c0b9672c
fake/3284,1800c0b9672c
fake/3285,1800c0b9672c
fake/329,1800c0b9672c
fake/3290,1800c0b9672c
fake/3297,1800c0b9672c
fake/3298,1800c0b9672c
fake/3301,1800c0b9672c
fake/3304,1800c0b9672c
fake/3305,1800c0b9672c
fake/3306,1800c0b9672c
fake/3310,1800c0b9672c
fake/3311,1800c0b9672c
fake/3315,1800c0b9672c
fake/3317,1800c0b9672c
fake/3328,1800c0b9672c
fake/3330,1800c0b9672c
fake/334,1800c0b9672c
fake/3341,1800c0b9672c
fake/3344,1800c0b9672c
fake/3347,1800c0b9672c
fake/3348,1800c0b9672c
fake/3353,1800c0b9672c
fake/3354,1800c0b9672c
fake/3360,1800c0b9672c
fake/3362,1800c0b9672c
fake/3369,1800c0b9672c
fake/3374,1800c0b9672c
fake/3378,1800c0b9672c
fake/338,1800c0b9672c
fake/3384,1800c0b9672c
fake/339,1800c0b9672c
fake/3393,1800c0b9672c
fake/3396,1800c0b9672c
fake/3397,1800c0b9672c
fake/3412,1800c0b9672c
fake/3417,1800c0b9672c
fake/3419,1800c0b9672c
fake/342,1800c0b9672c
fake/3420,1800c0b9672c
fake/3429,1800c0b9672c
fake/3430,1800c0b9672c
fake/3431,1800c0b9672c
fake/3436,1800c0b9672c
fake/3437,1800c0b9672c
fake/3438,1800c0b9672c
fake/3439,1800c0b9672c
fake/3441,1800c0b9672c
fake/345,1800c0b9672c
fake/3450,1800c0b9672c
fake/3453,1800c0b9672c
fake/3459,1800c0b9672c
fake/3462,1800c0b9672c
fake/3468,1800c0b9672c
fake/3472,1800c0b9672c
fake/3479,1800c0b9672c
fake/348,1800c0b9672c
fake/3485,1800c0b9672c
fake/3488,1800c0b9672c
fake/3491,1800c0b9672c
fake/3492,1800c0b9672c
fake/350,1800c0b9672c
fake/3500,1800c0b9672c
fake/3514,1800c0b9672c
fake/352,1800c0b9672c
fake/353,1800c0b9672c
fake/3532,1800c0b9672c
fake/3536,1800c0b9672c
fake/3537,1800c0b9672c
fake/3538,1800c0b9672c
fake/3539,1800c0b9672c
fake/3546,1800c0b9672c
fake/3547,1800c0b9672c
fake/355,1800c0b9672c
fake/3550,1800c0b9672c
fake/3558,1800c0b9672c
fake/3565,1800c0b9672c
fake/3566,1800c0b9672c
fake/3575,1800c0b9672c
fake/3579,1800c0b9672c
fake/3585,1800c0b9672c
fake/3586,1800c0b9672c
fake/3588,1800c0b9672c
fake/3589,1800c0b9672c
fake/3593,1800c0b9672c
fake/3596,1800c0b9672c
fake/360,1800c0b9672c
fake/3602,1800c0b9672c
fake/362,1800c0b9672c
fake/363,1800c0b9672c
fake/366,1800c0b9672c
fake/370,1800c0b9672c
fake/372,1800c0b9672c
fake/378,1800c0b9672c
fake/379,1800c0b9672c
fake/380,1800c0b9672c
fake/383,1800c0b9672c
fake/386,1800c0b9672c
fake/392,1800c0b9672c
fake/394,1800c0b9672c
fake/398,1800c0b9672c
fake/402,1800c0b9672c
fake/403,1800c0b9672c
fake/404,1800c0b9672c
fake/406,1800c0b9672c
fake/412,1800c0b9672c
fake/417,1800c0b9672c
fake/418,1800c0b9672c
fake/424,1800c0b9672c
fake/426,1800c0b9672c
fake/427,1800c0b9672c
fake/432,1800c0b9672c
fake/433,1800c0b9672c
fake/435,1800c0b9672c
fake/440,1800c0b9672c
fake/445,1800c0b9672c
fake/448,1800c0b9672c
fake/450,1800c0b9672c
fake/466,1800c0b9672c
fake/467,1800c0b9672c
fake/468,1800c0b9672c
fake/469,1800c0b9672c
fake/470,1800c0b9672c
fake/477,1800c0b9672c
fake/481,1800c0b9672c
fake/487,1800c0b9672c
fake/490,1800c0b9672c
fake/493,1800c0b9672c
fake/495,1800c0b9672c
fake/496,1800c0b9672c
fake/503,1800c0b9672c
fake/504,1800c0b9672c
fake/508,1800c0b9672c
fake/512,1800c0b9672c
fake/515,1800c0b9672c
fake/517,1800c0b9672c
fake/519,1800c0b9672c
fake/520,1800c0b9672c
fake/521,1800c0b9672c
fake/527,1800c0b9672c
fake/529,1800c0b9672c
fake/531,1800c0b9672c
fake/532,1800c0b9672c
fake/548,1800c0b9672c
fake/549,1800c0b9672c
fake/551,1800c0b9672c
fake/554,1800c0b9672c
fake/559,1800c0b9672c
fake/562,1800c0b9672c
fake/563,1800c0b9672c
fake/564,1800c0b9672c
fake/569,1800c0b9672c
fake/574,1800c0b9672c
fake/575,1800c0b9672c
fake/582,1800c0b9672c
fake/584,1800c0b9672c
fake/590,1800c0b9672c
fake/593,1800c0b9672c
fake/595,1800c0b9672c
fake/598,1800c0b9672c
fake/603,1800c0b9672c
fake/608,1800c0b9672c
fake/621,1800c0b9672c
fake/626,1800c0b9672c
fake/628,1800c0b9672c
fake/634,1800c0b9672c
fake/635,1800c0b9672c
fake/636,1800c0b9672c
fake/637,1800c0b9672c
fake/638,1800c0b9672c
fake/640,1800c0b9672c
fake/645,1800c0b9672c
fake/647,1800c0b9672c
fake/650,1800c0b9672c
fake/652,1800c0b9672c
fake/653,1800c0b9672c
fake/658,1800c0b9672c
fake/659,1800c0b9672c
fake/660,1800c0b9672c
fake/661,1800c0b9672c
fake/662,1800c0b9672c
fake/665,1800c0b9672c
fake/670,1800c0b9672c
fake/677,1800c0b9672c
fake/681,1800c0b9672c
fake/682,1800c0b9672c
fake/685,1800c0b9672c
fake/686,1800c0b9672c
fake/687,1800c0b9672c
fake/689,1800c0b9672c
fake/691,1800c0b9672c
fake/695,1800c0b9672c
fake/696,1800c0b9672c
fake/703,1800c0b9672c
fake/711,1800c0b9672c
fake/719,1800c0b9672c
fake/725,1800c0b9672c
fake/730,1800c0b9672c
fake/731,1800c0b9672c
fake/736,1800c0b9672c
fake/740,1800c0b9672c
fake/742,1800c0b9672c
fake/743,1800c0b9672c
fake/747,1800c0b9672c
fake/749,1800c0b9672c
fake/757,1800c0b9672c
fake/758,1800c0b9672c
fake/761,1800c0b9672c
fake/767,1800c0b9672c
fake/771,1800c0b9672c
fake/772,1800c0b9672c
fake/774,1800c0b9672c
fake/775,1800c0b9672c
fake/777,1800c0b9672c
fake/792,1800c0b9672c
fake/794,1800c0b9672c
fake/798,1800c0b9672c
fake/800,1800c0b9672c
fake/809,1800c0b9672c
fake/820,1800c0b9672c
fake/821,1800c0b9672c
fake/832,1800c0b9672c
fake/843,1800c0b9672c
fake/848,1800c0b9672c
fake/858,1800c0b9672c
fake/860,1800c0b9672c
fake/861,1800c0b9672c
fake/876,1800c0b9672c
fake/88,1800c0b9672c
fake/883,1800c0b9672c
fake/888,1800c0b9672c
fake/889,1800c0b9672c
fake/890,1800c0b9672c
fake/892,1800c0b9672c
fake/895,1800c0b9672c
fake/897,1800c0b9672c
fake/899,1800c0b9672c
fake/9,1800c0b9672c
fake/903,1800c0b9672c
fake/905,1800c0b9672c
fake/906,1800c0b9672c
fake/907,1800c0b9672c
fake/910,1800c0b9672c
fake/913,1800c0b9672c
fake/914,1800c0b9672c
fake/918,1800c0b9672c
fake/921,1800c0b9672c
fake/922,1800c0b9672c
fake/925,1800c0b9672c
fake/927,1800c0b9672c
fake/928,1800c0b9672c
fake/931,1800c0b9672c
fake/936,1800c0b9672c
fake/944,1800c0b9672c
fake/945,1800c0b9672c
fake/947,1800c0b9672c
fake/951,1800c0b9672c
fake/957,1800c0b9672c
fake/959,1800c0b9672c
fake/961,1800c0b9672c
fake/968,1800c0b9672c
fake/969,1800c0b9672c
fake/97,1800c0b9672c
fake/970,1800c0b9672c
fake/972,1800c0b9672c
fake/975,1800c0b9672c
fake/980,1800c0b9672c
fake/982,1800c0b9672c
fake/985,1800c0b9672c
fake/989,1800c0b9672c
fake/994,1800c0b9672c
fake/997,1800c0b9672c
fake/999,1800c0b9672c
true/1422,1800c0b9672c
true/213,1800c0b9672c
true/222,1800c0b9672c
true/229,1800c0b9672c
true/2394,1800c0b9672c
true/256,1800c0b9672c
true/258,1800c0b9672c
true/262,1800c0b9672c
true/267,1800c0b9672c
true/272,1800c0b9672c
true/2747,1800c0b9672c
true/2977,1800c0b9672c
true/3152,1800c0b9672c
true/3209,1800c0b9672c
true/3492,1800c0b9672c
true/353,1800c0b9672c
true/3565,1800c0b9672c
true/365,1800c0b9672c
fake/18,8ed1b3cd1e3d
fake/29,8ed1b3cd1e3d
fake/34,8ed1b3cd1e3d
fake/35,8ed1b3cd1e3d
fake/37,8ed1b3cd1e3d
fake/39,8ed1b3cd1e3d
fake/45,8ed1b3cd1e3d
fake/46,8ed1b3cd1e3d
fake/51,8ed1b3cd1e3d
fake/55,8ed1b3cd1e3d
fake/59,8ed1b3cd1e3d
fake/62,8ed1b3cd1e3d
fake/63,8ed1b3cd1e3d
fake/65,8ed1b3cd1e3d
fake/69,8ed1b3cd1e3d
fake/70,8ed1b3cd1e3d
fake/74,8ed1b3cd1e3d
fake/82,8ed1b3cd1e3d
fake/85,8ed1b3cd1e3d
true/1005,8ed1b3cd1e3d
true/1009,8ed1b3cd1e3d
true/101,8ed1b3cd1e3d
true/1010,8ed1b3cd1e3d
true/1013,8ed1b3cd1e3d
true/1019,8ed1b3cd1e3d
true/1022,8ed1b3cd1e3d
true/1026,8ed1b3cd1e3d
true/1035,8ed1b3cd1e3d
true/1041,8ed1b3cd1e3d
true/1042,8ed1b3cd1e3d
true/1055,8ed1b3cd1e3d
true/1060,8ed1b3cd1e3d
true/1063,8ed1b3cd1e3d
true/1067,8ed1b3cd1e3d
true/1072,8ed1b3cd1e3d
true/1076,8ed1b3cd1e3d
true/1082,8ed1b3cd1e3d
true/109,8ed1b3cd1e3d
true/1090,8ed1b3cd1e3d
true/1092,8ed1b3cd1e3d
true/1093,8ed1b3cd1e3d
true/1094,8ed1b3cd1e3d
true/11,8ed1b3cd1e3d
true/110,8ed1b3cd1e3d
true/1103,8ed1b3cd1e3d
true/1108,8ed1b3cd1e3d
true/1109,8ed1b3cd1e3d
true/1112,8ed1b3cd1e3d
true/1127,8ed1b3cd1e3d
true/1131,8ed1b3cd1e3d
true/1135,8ed1b3cd1e3d
true/114,8ed1b3cd1e3d
true/1144,8ed1b3cd1e3d
true/1147,8ed1b3cd1e3d
true/1148,8ed1b3cd1e3d
true/115,8ed1b3cd1e3d
true/1160,8ed1b3cd1e3d
true/1165,8ed1b3cd1e3d
true/1167,8ed1b3cd1e3d
true/1169,8ed1b3cd1e3d
true/1171,8ed1b3cd1e3d
true/1172,8ed1b3cd1e3d
true/1177,8ed1b3cd1e3d
true/1179,8ed1b3cd1e3d
true/118,8ed1b3cd1e3d
true/1182,8ed1b3cd1e3d
true/1184,8ed1b3cd1e3d
true/1185,8ed1b3cd1e3d
true/1186,8ed1b3cd1e3d
true/119,8ed1b3cd1e3d
true/120,8ed1b3cd1e3d
true/1202,8ed1b3cd1e3d
true/1218,8ed1b3cd1e3d
true/1232,8ed1b3cd1e3d
true/1235,8ed1b3cd1e3d
true/1237,8ed1b3cd1e3d
true/1240,8ed1b3cd1e3d
true/1249,8ed1b3cd1e3d
true/1251,8ed1b3cd1e3d
true/1259,8ed1b3cd1e3d
true/126,8ed1b3cd1e3d
true/1263,8ed1b3cd1e3d
true/1268,8ed1b3cd1e3d
true/1269,8ed1b3cd1e3d
true/1272,8ed1b3cd1e3d
true/1281,8ed1b3cd1e3d
true/1284,8ed1b3cd1e3d
true/1287,8ed1b3cd1e3d
true/129,8ed1b3cd1e3d
true/1292,8ed1b3cd1e3d
true/1293,8ed1b3cd1e3d
true/1298,8ed1b3cd1e3d
true/1301,8ed1b3cd1e3d
true/131,8ed1b3cd1e3d
true/1320,8ed1b3cd1e3d
true/1327,8ed1b3cd1e3d
true/1328,8ed1b3cd1e3d
true/1330,8ed1b3cd1e3d
true/1336,8ed1b3cd1e3d
true/1337,8ed1b3cd1e3d
true/1341,8ed1b3cd1e3d
true/1342,8ed1b3cd1e3d
true/1345,8ed1b3cd1e3d
true/1351,8ed1b3cd1e3d
true/1352,8ed1b3cd1e3d
true/1361,8ed1b3cd1e3d
true/1367,8ed1b3cd1e3d
true/1375,8ed1b3cd1e3d
true/1376,8ed1b3cd1e3d
true/1378,8ed1b3cd1e3d
true/1395,8ed1b3cd1e3d
true/1401,8ed1b3cd1e3d
true/1403,8ed1b3cd1e3d
true/1414,8ed1b3cd1e3d
true/1415,8ed1b3cd1e3d
true/1417,8ed1b3cd1e3d
true/1419,8ed1b3cd1e3d
true/1430,8ed1b3cd1e3d
true/1453,8ed1b3cd1e3d
true/1456,8ed1b3cd1e3d
true/1462,8ed1b3cd1e3d
true/1474,8ed1b3cd1e3d
true/148,8ed1b3cd1e3d
true/1487,8ed1b3cd1e3d
true/1490,8ed1b3cd1e3d
true/1491,8ed1b3cd1e3d
true/1496,8ed1b3cd1e3d
true/1507,8ed1b3cd1e3d
true/1508,8ed1b3cd1e3d
true/1518,8ed1b3cd1e3d
true/152,8ed1b3cd1e3d
true/1520,8ed1b3cd1e3d
true/1529,8ed1b3cd1e3d
true/154,8ed1b3cd1e3d
true/1540,8ed1b3cd1e3d
true/1545,8ed1b3cd1e3d
true/1548,8ed1b3cd1e3d
true/155,8ed1b3cd1e3d
true/1550,8ed1b3cd1e3d
true/1551,8ed1b3cd1e3d
true/1553,8ed1b3cd1e3d
true/1560,8ed1b3cd1e3d
true/1563,8ed1b3cd1e3d
true/1569,8ed1b3cd1e3d
true/157,8ed1b3cd1e3d
true/1573,8ed1b3cd1e3d
true/1574,8ed1b3cd1e3d
true/1577,8ed1b3cd1e3d
true/1587,8ed1b3cd1e3d
true/1592,8ed1b3cd1e3d
true/1602,8ed1b3cd1e3d
true/1611,8ed1b3cd1e3d
true/162,8ed1b3cd1e3d
true/1624,8ed1b3cd1e3d
true/1628,8ed1b3cd1e3d
true/1634,8ed1b3cd1e3d
true/1641,8ed1b3cd1e3d
true/1644,8ed1b3cd1e3d
true/1648,8ed1b3cd1e3d
true/1654,8ed1b3cd1e3d
true/1656,8ed1b3cd1e3d
true/1658,8ed1b3cd1e3d
true/166,8ed1b3cd1e3d
true/1663,8ed1b3cd1e3d
true/1666,8ed1b3cd1e3d
true/1672,8ed1b3cd1e3d
true/1688,8ed1b3cd1e3d
true/1689,8ed1b3cd1e3d
true/1697,8ed1b3cd1e3d
true/1699,8ed1b3cd1e3d
true/1701,8ed1b3cd1e3d
true/1703,8ed1b3cd1e3d
true/1705,8ed1b3cd1e3d
true/1707,8ed1b3cd1e3d
true/171,8ed1b3cd1e3d
true/1724,8ed1b3cd1e3d
true/1726,8ed1b3cd1e3d
true/1728,8ed1b3cd1e3d
true/1729,8ed1b3cd1e3d
true/1732,8ed1b3cd1e3d
true/1733,8ed1b3cd1e3d
true/1745,8ed1b3cd1e3d
true/1746,8ed1b3cd1e3d
true/1747,8ed1b3cd1e3d
true/1755,8ed1b3cd1e3d
true/1758,8ed1b3cd1e3d
true/1760,8ed1b3cd1e3d
true/1770,8ed1b3cd1e3d
true/1776,8ed1b3cd1e3d
true/1778,8ed1b3cd1e3d
true/1783,8ed1b3cd1e3d
true/1791,8ed1b3cd1e3d
true/1802,8ed1b3cd1e3d
true/1806,8ed1b3cd1e3d
true/1807,8ed1b3cd1e3d
true/1810,8ed1b3cd1e3d
true/1816,8ed1b3cd1e3d
true/1818,8ed1b3cd1e3d
true/1821,8ed1b3cd1e3d
true/1829,8ed1b3cd1e3d
true/1839,8ed1b3cd1e3d
true/1840,8ed1b3cd1e3d
true/1844,8ed1b3cd1e3d
true/1846,8ed1b3cd1e3d
true/1854,8ed1b3cd1e3d
true/1861,8ed1b3cd1e3d
true/1863,8ed1b3cd1e3d
true/1865,8ed1b3cd1e3d
true/1870,8ed1b3cd1e3d
true/1873,8ed1b3cd1e3d
true/1874,8ed1b3cd1e3d
true/1876,8ed1b3cd1e3d
true/188,8ed1b3cd1e3d
true/1886,8ed1b3cd1e3d
true/1888,8ed1b3cd1e3d
true/189,8ed1b3cd1e3d
true/1893,8ed1b3cd1e3d
true/1909,8ed1b3cd1e3d
true/1910,8ed1b3cd1e3d
true/1920,8ed1b3cd1e3d
true/1925,8ed1b3cd1e3d
true/193,8ed1b3cd1e3d
true/1935,8ed1b3cd1e3d
true/1940,8ed1b3cd1e3d
true/1943,8ed1b3cd1e3d
true/1950,8ed1b3cd1e3d
true/1952,8ed1b3cd1e3d
true/1953,8ed1b3cd1e3d
true/1964,8ed1b3cd1e3d
true/1966,8ed1b3cd1e3d
true/1974,8ed1b3cd1e3d
true/1988,8ed1b3cd1e3d
true/1995,8ed1b3cd1e3d
true/1998,8ed1b3cd1e3d
true/1999,8ed1b3cd1e3d
true/20,8ed1b3cd1e3d
true/2000,8ed1b3cd1e3d
true/2005,8ed1b3cd1e3d
true/2007,8ed1b3cd1e3d
true/2013,8ed1b3cd1e3d
true/2017,8ed1b3cd1e3d
true/2025,8ed1b3cd1e3d
true/2035,8ed1b3cd1e3d
true/2038,8ed1b3cd1e3d
true/2040,8ed1b3cd1e3d
true/2045,8ed1b3cd1e3d
true/2061,8ed1b3cd1e3d
true/2066,8ed1b3cd1e3d
true/2073,8ed1b3cd1e3d
true/2077,8ed1b3cd1e3d
true/2079,8ed1b3cd1e3d
true/2080,8ed1b3cd1e3d
true/2087,8ed1b3cd1e3d
true/2104,8ed1b3cd1e3d
true/2105,8ed1b3cd1e3d
true/211,8ed1b3cd1e3d
true/2122,8ed1b3cd1e3d
true/2123,8ed1b3cd1e3d
true/2125,8ed1b3cd1e3d
true/2135,8ed1b3cd1e3d
true/2138,8ed1b3cd1e3d
true/2140,8ed1b3cd1e3d
true/2141,8ed1b3cd1e3d
true/2142,8ed1b3cd1e3d
true/2145,8ed1b3cd1e3d
true/2147,8ed1b3cd1e3d
true/2152,8ed1b3cd1e3d
true/2157,8ed1b3cd1e3d
true/2163,8ed1b3cd1e3d
true/2164,8ed1b3cd1e3d
true/2167,8ed1b3cd1e3d
true/2177,8ed1b3cd1e3d
true/2179,8ed1b3cd1e3d
true/2180,8ed1b3cd1e3d
true/2186,8ed1b3cd1e3d
true/2191,8ed1b3cd1e3d
true/2194,8ed1b3cd1e3d
true/2197,8ed1b3cd1e3d
true/2199,8ed1b3cd1e3d
true/2202,8ed1b3cd1e3d
true/2210,8ed1b3cd1e3d
true/2211,8ed1b3cd1e3d
true/2216,8ed1b3cd1e3d
true/2225,8ed1b3cd1e3d
true/2226,8ed1b3cd1e3d
true/2235,8ed1b3cd1e3d
true/2237,8ed1b3cd1e3d
true/2238,8ed1b3cd1e3d
true/224,8ed1b3cd1e3d
true/2248,8ed1b3cd1e3d
true/2253,8ed1b3cd1e3d
true/2259,8ed1b3cd1e3d
true/2261,8ed1b3cd1e3d
true/2267,8ed1b3cd1e3d
true/227,8ed1b3cd1e3d
true/2272,8ed1b3cd1e3d
true/2279,8ed1b3cd1e3d
true/2283,8ed1b3cd1e3d
true/2288,8ed1b3cd1e3d
true/2298,8ed1b3cd1e3d
true/2299,8ed1b3cd1e3d
true/2300,8ed1b3cd1e3d
true/2303,8ed1b3cd1e3d
true/2308,8ed1b3cd1e3d
true/2309,8ed1b3cd1e3d
true/2313,8ed1b3cd1e3d
true/2315,8ed1b3cd1e3d
true/2320,8ed1b3cd1e3d
true/2326,8ed1b3cd1e3d
true/2328,8ed1b3cd1e3d
true/233,8ed1b3cd1e3d
true/2333,8ed1b3cd1e3d
true/2335,8ed1b3cd1e3d
true/2337,8ed1b3cd1e3d
true/2338,8ed1b3cd1e3d
true/2341,8ed1b3cd1e3d
true/2342,8ed1b3cd1e3d
true/2343,8ed1b3cd1e3d
true/2352,8ed1b3cd1e3d
true/236,8ed1b3cd1e3d
true/2361,8ed1b3cd1e3d
true/2369,8ed1b3cd1e3d
true/2380,8ed1b3cd1e3d
true/2382,8ed1b3cd1e3d
true/2386,8ed1b3cd1e3d
true/2390,8ed1b3cd1e3d
true/2392,8ed1b3cd1e3d
true/2395,8ed1b3cd1e3d
true/2398,8ed1b3cd1e3d
true/2404,8ed1b3cd1e3d
true/2405,8ed1b3cd1e3d
true/2406,8ed1b3cd1e3d
true/2409,8ed1b3cd1e3d
true/241,8ed1b3cd1e3d
true/2410,8ed1b3cd1e3d
true/2416,8ed1b3cd1e3d
true/2417,8ed1b3cd1e3d
true/2418,8ed1b3cd1e3d
true/2421,8ed1b3cd1e3d
true/2426,8ed1b3cd1e3d
true/2428,8ed1b3cd1e3d
true/2433,8ed1b3cd1e3d
true/2435,8ed1b3cd1e3d
true/2438,8ed1b3cd1e3d
true/2439,8ed1b3cd1e3d
true/2448,8ed1b3cd1e3d
true/2449,8ed1b3cd1e3d
true/2450,8ed1b3cd1e3d
true/2459,8ed1b3cd1e3d
true/2461,8ed1b3cd1e3d
true/2462,8ed1b3cd1e3d
true/2465,8ed1b3cd1e3d
true/247,8ed1b3cd1e3d
true/2479,8ed1b3cd1e3d
true/2482,8ed1b3cd1e3d
true/2486,8ed1b3cd1e3d
true/2487,8ed1b3cd1e3d
true/2489,8ed1b3cd1e3d
true/2491,8ed1b3cd1e3d
true/2493,8ed1b3cd1e3d
true/2495,8ed1b3cd1e3d
true/2496,8ed1b3cd1e3d
true/2513,8ed1b3cd1e3d
true/2514,8ed1b3cd1e3d
true/2519,8ed1b3cd1e3d
true/2520,8ed1b3cd1e3d
true/2524,8ed1b3cd1e3d
true/2526,8ed1b3cd1e3d
true/2528,8ed1b3cd1e3d
true/2530,8ed1b3cd1e3d
true/2531,8ed1b3cd1e3d
true/2533,8ed1b3cd1e3d
true/2536,8ed1b3cd1e3d
true/2538,8ed1b3cd1e3d
true/2541,8ed1b3cd1e3d
true/2542,8ed1b3cd1e3d
true/2549,8ed1b3cd1e3d
true/2552,8ed1b3cd1e3d
true/2559,8ed1b3cd1e3d
true/2561,8ed1b3cd1e3d
true/2563,8ed1b3cd1e3d
true/2567,8ed1b3cd1e3d
true/2573,8ed1b3cd1e3d
true/2575,8ed1b3cd1e3d
true/2577,8ed1b3cd1e3d
true/2578,8ed1b3cd1e3d
true/2587,8ed1b3cd1e3d
true/2588,8ed1b3cd1e3d
true/2592,8ed1b3cd1e3d
true/2595,8ed1b3cd1e3d
true/2600,8ed1b3cd1e3d
true/2607,8ed1b3cd1e3d
true/2610,8ed1b3cd1e3d
true/2616,8ed1b3cd1e3d
true/2620,8ed1b3cd1e3d
true/2631,8ed1b3cd1e3d
true/2640,8ed1b3cd1e3d
true/2641,8ed1b3cd1e3d
true/2645,8ed1b3cd1e3d
true/2646,8ed1b3cd1e3d
true/2663,8ed1b3cd1e3d
true/2676,8ed1b3cd1e3d
true/2680,8ed1b3cd1e3d
true/2685,8ed1b3cd1e3d
true/2693,8ed1b3cd1e3d
true/2694,8ed1b3cd1e3d
true/2698,8ed1b3cd1e3d
true/2700,8ed1b3cd1e3d
true/2701,8ed1b3cd1e3d
true/2708,8ed1b3cd1e3d
true/2719,8ed1b3cd1e3d
true/2729,8ed1b3cd1e3d
true/2735,8ed1b3cd1e3d
true/2742,8ed1b3cd1e3d
true/2763,8ed1b3cd1e3d
true/2765,8ed1b3cd1e3d
true/2769,8ed1b3cd1e3d
true/2770,8ed1b3cd1e3d
true/2773,8ed1b3cd1e3d
true/2776,8ed1b3cd1e3d
true/2779,8ed1b3cd1e3d
true/278,8ed1b3cd1e3d
true/2780,8ed1b3cd1e3d
true/2784,8ed1b3cd1e3d
true/2785,8ed1b3cd1e3d
true/2789,8ed1b3cd1e3d
true/2794,8ed1b3cd1e3d
true/2798,8ed1b3cd1e3d
true/280,8ed1b3cd1e3d
true/2801,8ed1b3cd1e3d
true/2802,8ed1b3cd1e3d
true/2806,8ed1b3cd1e3d
true/2809,8ed1b3cd1e3d
true/2811,8ed1b3cd1e3d
true/2817,8ed1b3cd1e3d
true/2822,8ed1b3cd1e3d
true/2824,8ed1b3cd1e3d
true/2829,8ed1b3cd1e3d
true/2833,8ed1b3cd1e3d
true/2839,8ed1b3cd1e3d
true/2840,8ed1b3cd1e3d
true/2848,8ed1b3cd1e3d
true/2849,8ed1b3cd1e3d
true/2855,8ed1b3cd1e3d
true/2857,8ed1b3cd1e3d
true/2859,8ed1b3cd1e3d
true/2861,8ed1b3cd1e3d
true/2865,8ed1b3cd1e3d
true/2870,8ed1b3cd1e3d
true/2885,8ed1b3cd1e3d
true/2888,8ed1b3cd1e3d
true/289,8ed1b3cd1e3d
true/2890,8ed1b3cd1e3d
true/2897,8ed1b3cd1e3d
true/2899,8ed1b3cd1e3d
true/2901,8ed1b3cd1e3d
true/2905,8ed1b3cd1e3d
true/2915,8ed1b3cd1e3d
true/2942,8ed1b3cd1e3d
true/2945,8ed1b3cd1e3d
true/2947,8ed1b3cd1e3d
true/2949,8ed1b3cd1e3d
true/2952,8ed1b3cd1e3d
true/2953,8ed1b3cd1e3d
true/2967,8ed1b3cd1e3d
true/2970,8ed1b3cd1e3d
true/2978,8ed1b3cd1e3d
true/2980,8ed1b3cd1e3d
true/2981,8ed1b3cd1e3d
true/2988,8ed1b3cd1e3d
true/2989,8ed1b3cd1e3d
true/3001,8ed1b3cd1e3d
true/3002,8ed1b3cd1e3d
true/3011,8ed1b3cd1e3d
true/3021,8ed1b3cd1e3d
true/3023,8ed1b3cd1e3d
true/3027,8ed1b3cd1e3d
true/3028,8ed1b3cd1e3d
true/3039,8ed1b3cd1e3d
true/3049,8ed1b3cd1e3d
true/305,8ed1b3cd1e3d
true/3052,8ed1b3cd1e3d
true/3053,8ed1b3cd1e3d
true/3056,8ed1b3cd1e3d
true/3059,8ed1b3cd1e3d
true/3071,8ed1b3cd1e3d
true/3072,8ed1b3cd1e3d
true/3076,8ed1b3cd1e3d
true/3078,8ed1b3cd1e3d
true/3082,8ed1b3cd1e3d
true/3087,8ed1b3cd1e3d
true/3101,8ed1b3cd1e3d
true/3105,8ed1b3cd1e3d
true/3109,8ed1b3cd1e3d
true/3112,8ed1b3cd1e3d
true/3115,8ed1b3cd1e3d
true/3118,8ed1b3cd1e3d
true/3126,8ed1b3cd1e3d
true/3127,8ed1b3cd1e3d
true/3131,8ed1b3cd1e3d
true/3133,8ed1b3cd1e3d
true/3138,8ed1b3cd1e3d
true/3139,8ed1b3cd1e3d
true/314,8ed1b3cd1e3d
true/3148,8ed1b3cd1e3d
true/3165,8ed1b3cd1e3d
true/317,8ed1b3cd1e3d
true/3170,8ed1b3cd1e3d
true/3177,8ed1b3cd1e3d
true/3182,8ed1b3cd1e3d
true/3184,8ed1b3cd1e3d
true/3188,8ed1b3cd1e3d
true/319,8ed1b3cd1e3d
true/3190,8ed1b3cd1e3d
true/3194,8ed1b3cd1e3d
true/32,8ed1b3cd1e3d
true/320,8ed1b3cd1e3d
true/3202,8ed1b3cd1e3d
true/3203,8ed1b3cd1e3d
true/3206,8ed1b3cd1e3d
true/321,8ed1b3cd1e3d
true/3214,8ed1b3cd1e3d
true/3225,8ed1b3cd1e3d
true/3227,8ed1b3cd1e3d
true/323,8ed1b3cd1e3d
true/3232,8ed1b3cd1e3d
true/3242,8ed1b3cd1e3d
true/3252,8ed1b3cd1e3d
true/3253,8ed1b3cd1e3d
true/326,8ed1b3cd1e3d
true/3260,8ed1b3cd1e3d
true/3267,8ed1b3cd1e3d
true/3270,8ed1b3cd1e3d
true/3280,8ed1b3cd1e3d
true/3285,8ed1b3cd1e3d
true/3287,8ed1b3cd1e3d
true/329,8ed1b3cd1e3d
true/3293,8ed1b3cd1e3d
true/3304,8ed1b3cd1e3d
true/3305,8ed1b3cd1e3d
true/3308,8ed1b3cd1e3d
true/3310,8ed1b3cd1e3d
true/3316,8ed1b3cd1e3d
true/3323,8ed1b3cd1e3d
true/3328,8ed1b3cd1e3d
true/3335,8ed1b3cd1e3d
true/3337,8ed1b3cd1e3d
true/3347,8ed1b3cd1e3d
true/3353,8ed1b3cd1e3d
true/3354,8ed1b3cd1e3d
true/3360,8ed1b3cd1e3d
true/3362,8ed1b3cd1e3d
true/3369,8ed1b3cd1e3d
true/3380,8ed1b3cd1e3d
true/339,8ed1b3cd1e3d
true/3391,8ed1b3cd1e3d
true/3393,8ed1b3cd1e3d
true/3413,8ed1b3cd1e3d
true/3420,8ed1b3cd1e3d
true/3422,8ed1b3cd1e3d
true/3425,8ed1b3cd1e3d
true/3426,8ed1b3cd1e3d
true/3429,8ed1b3cd1e3d
true/343,8ed1b3cd1e3d
true/3430,8ed1b3cd1e3d
true/3434,8ed1b3cd1e3d
true/3437,8ed1b3cd1e3d
true/3438,8ed1b3cd1e3d
true/3439,8ed1b3cd1e3d
true/3440,8ed1b3cd1e3d
true/3451,8ed1b3cd1e3d
true/3453,8ed1b3cd1e3d
true/3456,8ed1b3cd1e3d
true/3469,8ed1b3cd1e3d
true/3471,8ed1b3cd1e3d
true/3475,8ed1b3cd1e3d
true/3478,8ed1b3cd1e3d
true/3479,8ed1b3cd1e3d
true/3494,8ed1b3cd1e3d
true/3499,8ed1b3cd1e3d
true/350,8ed1b3cd1e3d
true/3500,8ed1b3cd1e3d
true/3512,8ed1b3cd1e3d
true/3514,8ed1b3cd1e3d
true/3515,8ed1b3cd1e3d
true/3523,8ed1b3cd1e3d
true/3524,8ed1b3cd1e3d
true/3536,8ed1b3cd1e3d
true/3541,8ed1b3cd1e3d
true/3544,8ed1b3cd1e3d
true/3548,8ed1b3cd1e3d
true/355,8ed1b3cd1e3d
true/3558,8ed1b3cd1e3d
true/3561,8ed1b3cd1e3d
true/3575,8ed1b3cd1e3d
true/3585,8ed1b3cd1e3d
true/3586,8ed1b3cd1e3d
true/3589,8ed1b3cd1e3d
true/3590,8ed1b3cd1e3d
true/3593,8ed1b3cd1e3d
true/36,8ed1b3cd1e3d
true/3601,8ed1b3cd1e3d
true/3602,8ed1b3cd1e3d
true/378,8ed1b3cd1e3d
true/38,8ed1b3cd1e3d
true/381,8ed1b3cd1e3d
true/387,8ed1b3cd1e3d
true/388,8ed1b3cd1e3d
true/39,8ed1b3cd1e3d
true/392,8ed1b3cd1e3d
true/393,8ed1b3cd1e3d
true/398,8ed1b3cd1e3d
true/399,8ed1b3cd1e3d
true/412,8ed1b3cd1e3d
true/416,8ed1b3cd1e3d
true/417,8ed1b3cd1e3d
true/426,8ed1b3cd1e3d
true/428,8ed1b3cd1e3d
true/43,8ed1b3cd1e3d
true/430,8ed1b3cd1e3d
true/446,8ed1b3cd1e3d
true/448,8ed1b3cd1e3d
true/458,8ed1b3cd1e3d
true/461,8ed1b3cd1e3d
true/466,8ed1b3cd1e3d
true/468,8ed1b3cd1e3d
true/469,8ed1b3cd1e3d
true/47,8ed1b3cd1e3d
true/470,8ed1b3cd1e3d
true/471,8ed1b3cd1e3d
true/487,8ed1b3cd1e3d
true/49,8ed1b3cd1e3d
true/490,8ed1b3cd1e3d
true/491,8ed1b3cd1e3d
true/495,8ed1b3cd1e3d
true/496,8ed1b3cd1e3d
true/497,8ed1b3cd1e3d
true/500,8ed1b3cd1e3d
true/503,8ed1b3cd1e3d
true/506,8ed1b3cd1e3d
true/51,8ed1b3cd1e3d
true/512,8ed1b3cd1e3d
true/517,8ed1b3cd1e3d
true/520,8ed1b3cd1e3d
true/523,8ed1b3cd1e3d
true/525,8ed1b3cd1e3d
true/527,8ed1b3cd1e3d
true/529,8ed1b3cd1e3d
true/549,8ed1b3cd1e3d
true/55,8ed1b3cd1e3d
true/567,8ed1b3cd1e3d
true/571,8ed1b3cd1e3d
true/581,8ed1b3cd1e3d
true/595,8ed1b3cd1e3d
true/599,8ed1b3cd1e3d
true/604,8ed1b3cd1e3d
true/609,8ed1b3cd1e3d
true/616,8ed1b3cd1e3d
true/621,8ed1b3cd1e3d
true/623,8ed1b3cd1e3d
true/627,8ed1b3cd1e3d
true/628,8ed1b3cd1e3d
true/633,8ed1b3cd1e3d
true/637,8ed1b3cd1e3d
true/641,8ed1b3cd1e3d
true/643,8ed1b3cd1e3d
true/645,8ed1b3cd1e3d
true/648,8ed1b3cd1e3d
true/65,8ed1b3cd1e3d
true/650,8ed1b3cd1e3d
true/653,8ed1b3cd1e3d
true/656,8ed1b3cd1e3d
true/657,8ed1b3cd1e3d
true/659,8ed1b3cd1e3d
true/661,8ed1b3cd1e3d
true/665,8ed1b3cd1e3d
true/673,8ed1b3cd1e3d
true/691,8ed1b3cd1e3d
true/693,8ed1b3cd1e3d
true/702,8ed1b3cd1e3d
true/714,8ed1b3cd1e3d
true/715,8ed1b3cd1e3d
true/725,8ed1b3cd1e3d
true/735,8ed1b3cd1e3d
true/740,8ed1b3cd1e3d
true/743,8ed1b3cd1e3d
true/75,8ed1b3cd1e3d
true/750,8ed1b3cd1e3d
true/751,8ed1b3cd1e3d
true/762,8ed1b3cd1e3d
true/770,8ed1b3cd1e3d
true/772,8ed1b3cd1e3d
true/773,8ed1b3cd1e3d
true/774,8ed1b3cd1e3d
true/779,8ed1b3cd1e3d
true/780,8ed1b3cd1e3d
true/781,8ed1b3cd1e3d
true/787,8ed1b3cd1e3d
true/788,8ed1b3cd1e3d
true/790,8ed1b3cd1e3d
true/792,8ed1b3cd1e3d
true/794,8ed1b3cd1e3d
true/798,8ed1b3cd1e3d
true/802,8ed1b3cd1e3d
true/811,8ed1b3cd1e3d
true/82,8ed1b3cd1e3d
true/820,8ed1b3cd1e3d
true/822,8ed1b3cd1e3d
true/827,8ed1b3cd1e3d
true/828,8ed1b3cd1e3d
true/829,8ed1b3cd1e3d
true/832,8ed1b3cd1e3d
true/834,8ed1b3cd1e3d
true/836,8ed1b3cd1e3d
true/84,8ed1b3cd1e3d
true/848,8ed1b3cd1e3d
true/849,8ed1b3cd1e3d
true/854,8ed1b3cd1e3d
true/858,8ed1b3cd1e3d
true/875,8ed1b3cd1e3d
true/876,8ed1b3cd1e3d
true/88,8ed1b3cd1e3d
true/887,8ed1b3cd1e3d
true/888,8ed1b3cd1e3d
true/895,8ed1b3cd1e3d
true/9,8ed1b3cd1e3d
true/904,8ed1b3cd1e3d
true/907,8ed1b3cd1e3d
true/913,8ed1b3cd1e3d
true/92,8ed1b3cd1e3d
true/928,8ed1b3cd1e3d
true/931,8ed1b3cd1e3d
true/936,8ed1b3cd1e3d
true/938,8ed1b3cd1e3d
true/947,8ed1b3cd1e3d
true/957,8ed1b3cd1e3d
true/96,8ed1b3cd1e3d
true/966,8ed1b3cd1e3d
true/968,8ed1b3cd1e3d
true/969,8ed1b3cd1e3d
true/970,8ed1b3cd1e3d
true/977,8ed1b3cd1e3d
true/995,8ed1b3cd1e3d
true/996,8ed1b3cd1e3d
fake/1005,60f27e4b6463
fake/1006,60f27e4b6463
fake/1042,60f27e4b6463
fake/1044,60f27e4b6463
fake/1049,60f27e4b6463
fake/1060,60f27e4b6463
fake/1061,60f27e4b6463
fake/1067,60f27e4b6463
fake/109,60f27e4b6463
fake/1093,60f27e4b6463
fake/1101,60f27e4b6463
fake/1108,60f27e4b6463
fake/1121,60f27e4b6463
fake/1137,60f27e4b6463
fake/1153,60f27e4b6463
fake/1179,60f27e4b6463
fake/1181,60f27e4b6463
fake/1185,60f27e4b6463
fake/1187,60f27e4b6463
fake/1190,60f27e4b6463
fake/1215,60f27e4b6463
fake/1232,60f27e4b6463
fake/1244,60f27e4b6463
fake/1249,60f27e4b6463
fake/1250,60f27e4b6463
fake/1256,60f27e4b6463
fake/1258,60f27e4b6463
fake/1260,60f27e4b6463
fake/1263,60f27e4b6463
fake/1275,60f27e4b6463
fake/1289,60f27e4b6463
fake/1299,60f27e4b6463
fake/1320,60f27e4b6463
fake/1345,60f27e4b6463
fake/1361,60f27e4b6463
fake/1367,60f27e4b6463
fake/1372,60f27e4b6463
fake/1375,60f27e4b6463
fake/1401,60f27e4b6463
fake/1403,60f27e4b6463
fake/1406,60f27e4b6463
fake/1415,60f27e4b6463
fake/1418,60f27e4b6463
fake/1428,60f27e4b6463
fake/1443,60f27e4b6463
fake/1453,60f27e4b6463
fake/1466,60f27e4b6463
fake/1486,60f27e4b6463
fake/1497,60f27e4b6463
fake/1500,60f27e4b6463
fake/1506,60f27e4b6463
fake/1507,60f27e4b6463
fake/1511,60f27e4b6463
fake/1513,60f27e4b6463
fake/1518,60f27e4b6463
fake/1520,60f27e4b6463
fake/1528,60f27e4b6463
fake/1529,60f27e4b6463
fake/1534,60f27e4b6463
fake/1549,60f27e4b6463
fake/155,60f27e4b6463
fake/1552,60f27e4b6463
fake/1554,60f27e4b6463
fake/1555,60f27e4b6463
fake/1574,60f27e4b6463
fake/1576,60f27e4b6463
fake/1577,60f27e4b6463
fake/1589,60f27e4b6463
fake/1591,60f27e4b6463
fake/1599,60f27e4b6463
fake/1614,60f27e4b6463
fake/1616,60f27e4b6463
fake/1618,60f27e4b6463
fake/1619,60f27e4b6463
fake/1624,60f27e4b6463
fake/1627,60f27e4b6463
fake/1628,60f27e4b6463
fake/1637,60f27e4b6463
fake/1638,60f27e4b6463
fake/1639,60f27e4b6463
fake/1648,60f27e4b6463
fake/165,60f27e4b6463
fake/1654,60f27e4b6463
fake/1659,60f27e4b6463
fake/1661,60f27e4b6463
fake/1663,60f27e4b6463
fake/1667,60f27e4b6463
fake/1668,60f27e4b6463
fake/1673,60f27e4b6463
fake/1690,60f27e4b6463
fake/1693,60f27e4b6463
fake/1705,60f27e4b6463
fake/1714,60f27e4b6463
fake/1726,60f27e4b6463
fake/1729,60f27e4b6463
fake/1733,60f27e4b6463
fake/1751,60f27e4b6463
fake/1767,60f27e4b6463
fake/1768,60f27e4b6463
fake/1769,60f27e4b6463
fake/1770,60f27e4b6463
fake/1780,60f27e4b6463
fake/1799,60f27e4b6463
fake/1805,60f27e4b6463
fake/1807,60f27e4b6463
fake/1809,60f27e4b6463
fake/1810,60f27e4b6463
fake/1813,60f27e4b6463
fake/1831,60f27e4b6463
fake/1836,60f27e4b6463
fake/1837,60f27e4b6463
fake/184,60f27e4b6463
fake/1840,60f27e4b6463
fake/1849,60f27e4b6463
fake/1851,60f27e4b6463
fake/1856,60f27e4b6463
fake/1861,60f27e4b6463
fake/1866,60f27e4b6463
fake/1869,60f27e4b6463
fake/1887,60f27e4b6463
fake/1891,60f27e4b6463
fake/1899,60f27e4b6463
fake/191,60f27e4b6463
fake/1916,60f27e4b6463
fake/1920,60f27e4b6463
fake/1924,60f27e4b6463
fake/1943,60f27e4b6463
fake/1944,60f27e4b6463
fake/1953,60f27e4b6463
fake/1989,60f27e4b6463
fake/1996,60f27e4b6463
fake/20,60f27e4b6463
fake/2001,60f27e4b6463
fake/2003,60f27e4b6463
fake/2006,60f27e4b6463
fake/2007,60f27e4b6463
fake/2011,60f27e4b6463
fake/2021,60f27e4b6463
fake/2025,60f27e4b6463
fake/2027,60f27e4b6463
fake/2028,60f27e4b6463
fake/2030,60f27e4b6463
fake/2064,60f27e4b6463
fake/2069,60f27e4b6463
fake/2080,60f27e4b6463
fake/2086,60f27e4b6463
fake/2087,60f27e4b6463
fake/2088,60f27e4b6463
fake/21,60f27e4b6463
fake/2111,60f27e4b6463
fake/2122,60f27e4b6463
fake/2125,60f27e4b6463
fake/2137,60f27e4b6463
fake/2148,60f27e4b6463
fake/2150,60f27e4b6463
fake/2152,60f27e4b6463
fake/2161,60f27e4b6463
fake/2166,60f27e4b6463
fake/2167,60f27e4b6463
fake/2176,60f27e4b6463
fake/2179,60f27e4b6463
fake/2185,60f27e4b6463
fake/2186,60f27e4b6463
fake/2198,60f27e4b6463
fake/2214,60f27e4b6463
fake/2215,60f27e4b6463
fake/2219,60f27e4b6463
fake/2226,60f27e4b6463
fake/2229,60f27e4b6463
fake/2231,60f27e4b6463
fake/2233,60f27e4b6463
fake/2234,60f27e4b6463
fake/2236,60f27e4b6463
fake/2240,60f27e4b6463
fake/2246,60f27e4b6463
fake/2253,60f27e4b6463
fake/2257,60f27e4b6463
fake/2261,60f27e4b6463
fake/2267,60f27e4b6463
fake/2268,60f27e4b6463
fake/2270,60f27e4b6463
fake/2271,60f27e4b6463
fake/2280,60f27e4b6463
fake/2286,60f27e4b6463
fake/2287,60f27e4b6463
fake/2297,60f27e4b6463
fake/2299,60f27e4b6463
fake/2300,60f27e4b6463
fake/2303,60f27e4b6463
fake/2313,60f27e4b6463
fake/2330,60f27e4b6463
fake/2336,60f27e4b6463
fake/2341,60f27e4b6463
fake/2349,60f27e4b6463
fake/2354,60f27e4b6463
fake/2360,60f27e4b6463
fake/2365,60f27e4b6463
fake/2369,60f27e4b6463
fake/237,60f27e4b6463
fake/2377,60f27e4b6463
fake/2380,60f27e4b6463
fake/2385,60f27e4b6463
fake/2393,60f27e4b6463
fake/2394,60f27e4b6463
fake/2400,60f27e4b6463
fake/2401,60f27e4b6463
fake/2402,60f27e4b6463
fake/2405,60f27e4b6463
fake/2411,60f27e4b6463
fake/243,60f27e4b6463
fake/2432,60f27e4b6463
fake/2435,60f27e4b6463
fake/2442,60f27e4b6463
fake/2450,60f27e4b6463
fake/2462,60f27e4b6463
fake/2464,60f27e4b6463
fake/2472,60f27e4b6463
fake/2475,60f27e4b6463
fake/2489,60f27e4b6463
fake/2491,60f27e4b6463
fake/2495,60f27e4b6463
fake/2506,60f27e4b6463
fake/2508,60f27e4b6463
fake/252,60f27e4b6463
fake/2529,60f27e4b6463
fake/2534,60f27e4b6463
fake/2539,60f27e4b6463
fake/2546,60f27e4b6463
fake/2559,60f27e4b6463
fake/256,60f27e4b6463
fake/2561,60f27e4b6463
fake/2562,60f27e4b6463
fake/2564,60f27e4b6463
fake/2565,60f27e4b6463
fake/2578,60f27e4b6463
fake/2587,60f27e4b6463
fake/2603,60f27e4b6463
fake/2606,60f27e4b6463
fake/2608,60f27e4b6463
fake/2609,60f27e4b6463
fake/2613,60f27e4b6463
fake/2620,60f27e4b6463
fake/2631,60f27e4b6463
fake/2636,60f27e4b6463
fake/2638,60f27e4b6463
fake/2641,60f27e4b6463
fake/2642,60f27e4b6463
fake/2648,60f27e4b6463
fake/2659,60f27e4b6463
fake/2666,60f27e4b6463
fake/267,60f27e4b6463
fake/2670,60f27e4b6463
fake/2671,60f27e4b6463
fake/2676,60f27e4b6463
fake/2688,60f27e4b6463
fake/2689,60f27e4b6463
fake/2698,60f27e4b6463
fake/2700,60f27e4b6463
fake/2703,60f27e4b6463
fake/2709,60f27e4b6463
fake/2731,60f27e4b6463
fake/2738,60f27e4b6463
fake/274,60f27e4b6463
fake/2741,60f27e4b6463
fake/2742,60f27e4b6463
fake/2751,60f27e4b6463
fake/2767,60f27e4b6463
fake/2769,60f27e4b6463
fake/2773,60f27e4b6463
fake/2776,60f27e4b6463
fake/2778,60f27e4b6463
fake/278,60f27e4b6463
fake/2784,60f27e4b6463
fake/2785,60f27e4b6463
fake/2789,60f27e4b6463
fake/2802,60f27e4b6463
fake/2804,60f27e4b6463
fake/2809,60f27e4b6463
fake/2820,60f27e4b6463
fake/2824,60f27e4b6463
fake/2832,60f27e4b6463
fake/284,60f27e4b6463
fake/2843,60f27e4b6463
fake/2850,60f27e4b6463
fake/2854,60f27e4b6463
fake/2856,60f27e4b6463
fake/2857,60f27e4b6463
fake/2859,60f27e4b6463
fake/2861,60f27e4b6463
fake/2870,60f27e4b6463
fake/2871,60f27e4b6463
fake/2874,60f27e4b6463
fake/2876,60f27e4b6463
fake/2878,60f27e4b6463
fake/2882,60f27e4b6463
fake/2886,60f27e4b6463
fake/2892,60f27e4b6463
fake/2894,60f27e4b6463
fake/2916,60f27e4b6463
fake/292,60f27e4b6463
fake/2925,60f27e4b6463
fake/2933,60f27e4b6463
fake/2934,60f27e4b6463
fake/2953,60f27e4b6463
fake/2954,60f27e4b6463
fake/296,60f27e4b6463
fake/2967,60f27e4b6463
fake/2969,60f27e4b6463
fake/297,60f27e4b6463
fake/2977,60f27e4b6463
fake/2979,60f27e4b6463
fake/2981,60f27e4b6463
fake/2986,60f27e4b6463
fake/2988,60f27e4b6463
fake/2994,60f27e4b6463
fake/3009,60f27e4b6463
fake/3011,60f27e4b6463
fake/3014,60f27e4b6463
fake/3019,60f27e4b6463
fake/3029,60f27e4b6463
fake/3034,60f27e4b6463
fake/3040,60f27e4b6463
fake/3049,60f27e4b6463
fake/3057,60f27e4b6463
fake/3060,60f27e4b6463
fake/3062,60f27e4b6463
fake/3067,60f27e4b6463
fake/3068,60f27e4b6463
fake/3071,60f27e4b6463
fake/3072,60f27e4b6463
fake/3082,60f27e4b6463
fake/3094,60f27e4b6463
fake/3097,60f27e4b6463
fake/3100,60f27e4b6463
fake/3126,60f27e4b6463
fake/3127,60f27e4b6463
fake/3131,60f27e4b6463
fake/3137,60f27e4b6463
fake/3144,60f27e4b6463
fake/3154,60f27e4b6463
fake/3157,60f27e4b6463
fake/3159,60f27e4b6463
fake/3164,60f27e4b6463
fake/3168,60f27e4b6463
fake/3182,60f27e4b6463
fake/319,60f27e4b6463
fake/3194,60f27e4b6463
fake/3199,60f27e4b6463
fake/3206,60f27e4b6463
fake/321,60f27e4b6463
fake/3225,60f27e4b6463
fake/3227,60f27e4b6463
fake/3232,60f27e4b6463
fake/3235,60f27e4b6463
fake/3241,60f27e4b6463
fake/3246,60f27e4b6463
fake/3252,60f27e4b6463
fake/3278,60f27e4b6463
fake/3285,60f27e4b6463
fake/3298,60f27e4b6463
fake/3303,60f27e4b6463
fake/3305,60f27e4b6463
fake/3314,60f27e4b6463
fake/3316,60f27e4b6463
fake/3327,60f27e4b6463
fake/3328,60f27e4b6463
fake/3355,60f27e4b6463
fake/3360,60f27e4b6463
fake/3366,60f27e4b6463
fake/3375,60f27e4b6463
fake/338,60f27e4b6463
fake/3388,60f27e4b6463
fake/3391,60f27e4b6463
fake/3396,60f27e4b6463
fake/3400,60f27e4b6463
fake/3404,60f27e4b6463
fake/3408,60f27e4b6463
fake/3417,60f27e4b6463
fake/3422,60f27e4b6463
fake/343,60f27e4b6463
fake/3440,60f27e4b6463
fake/345,60f27e4b6463
fake/3451,60f27e4b6463
fake/3472,60f27e4b6463
fake/3473,60f27e4b6463
fake/3477,60f27e4b6463
fake/348,60f27e4b6463
fake/3508,60f27e4b6463
fake/353,60f27e4b6463
fake/3538,60f27e4b6463
fake/3546,60f27e4b6463
fake/3547,60f27e4b6463
fake/3548,60f27e4b6463
fake/355,60f27e4b6463
fake/3566,60f27e4b6463
fake/3567,60f27e4b6463
fake/3575,60f27e4b6463
fake/3577,60f27e4b6463
fake/3580,60f27e4b6463
fake/3588,60f27e4b6463
fake/3602,60f27e4b6463
fake/411,60f27e4b6463
fake/412,60f27e4b6463
fake/414,60f27e4b6463
fake/417,60f27e4b6463
fake/418,60f27e4b6463
fake/43,60f27e4b6463
fake/433,60f27e4b6463
fake/437,60f27e4b6463
fake/452,60f27e4b6463
fake/463,60f27e4b6463
fake/469,60f27e4b6463
fake/47,60f27e4b6463
fake/487,60f27e4b6463
fake/490,60f27e4b6463
fake/504,60f27e4b6463
fake/506,60f27e4b6463
fake/508,60f27e4b6463
fake/529,60f27e4b6463
fake/554,60f27e4b6463
fake/557,60f27e4b6463
fake/568,60f27e4b6463
fake/571,60f27e4b6463
fake/573,60f27e4b6463
fake/575,60f27e4b6463
fake/582,60f27e4b6463
fake/60,60f27e4b6463
fake/607,60f27e4b6463
fake/627,60f27e4b6463
fake/634,60f27e4b6463
fake/635,60f27e4b6463
fake/660,60f27e4b6463
fake/665,60f27e4b6463
fake/681,60f27e4b6463
fake/693,60f27e4b6463
fake/694,60f27e4b6463
fake/699,60f27e4b6463
fake/701,60f27e4b6463
fake/711,60f27e4b6463
fake/731,60f27e4b6463
fake/735,60f27e4b6463
fake/739,60f27e4b6463
fake/743,60f27e4b6463
fake/749,60f27e4b6463
fake/751,60f27e4b6463
fake/795,60f27e4b6463
fake/798,60f27e4b6463
fake/802,60f27e4b6463
fake/815,60f27e4b6463
fake/821,60f27e4b6463
fake/829,60f27e4b6463
fake/852,60f27e4b6463
fake/871,60f27e4b6463
fake/878,60f27e4b6463
fake/922,60f27e4b6463
fake/931,60f27e4b6463
fake/932,60f27e4b6463
fake/934,60f27e4b6463
fake/936,60f27e4b6463
fake/940,60f27e4b6463
fake/964,60f27e4b6463
fake/972,60f27e4b6463
fake/973,60f27e4b6463
fake/974,60f27e4b6463
fake/983,60f27e4b6463
true/1014,60f27e4b6463
true/1025,60f27e4b6463
true/1030,60f27e4b6463
true/1044,60f27e4b6463
true/1047,60f27e4b6463
true/1053,60f27e4b6463
true/1073,60f27e4b6463
true/1087,60f27e4b6463
true/1107,60f27e4b6463
true/1114,60f27e4b6463
true/1121,60f27e4b6463
true/1183,60f27e4b6463
true/1196,60f27e4b6463
true/1210,60f27e4b6463
true/1215,60f27e4b6463
true/1227,60f27e4b6463
true/124,60f27e4b6463
true/1244,60f27e4b6463
true/1273,60f27e4b6463
true/1278,60f27e4b6463
true/1283,60f27e4b6463
true/1289,60f27e4b6463
true/1302,60f27e4b6463
true/1322,60f27e4b6463
true/1326,60f27e4b6463
true/133,60f27e4b6463
true/1331,60f27e4b6463
true/1332,60f27e4b6463
true/1338,60f27e4b6463
true/1354,60f27e4b6463
true/1400,60f27e4b6463
true/1405,60f27e4b6463
true/1406,60f27e4b6463
true/1412,60f27e4b6463
true/1429,60f27e4b6463
true/144,60f27e4b6463
true/146,60f27e4b6463
true/1493,60f27e4b6463
true/1525,60f27e4b6463
true/1527,60f27e4b6463
true/1528,60f27e4b6463
true/1549,60f27e4b6463
true/1570,60f27e4b6463
true/158,60f27e4b6463
true/1583,60f27e4b6463
true/1588,60f27e4b6463
true/1589,60f27e4b6463
true/160,60f27e4b6463
true/1606,60f27e4b6463
true/1618,60f27e4b6463
true/1626,60f27e4b6463
true/1631,60f27e4b6463
true/1633,60f27e4b6463
true/1647,60f27e4b6463
true/1649,60f27e4b6463
true/1662,60f27e4b6463
true/1673,60f27e4b6463
true/1677,60f27e4b6463
true/1679,60f27e4b6463
true/1690,60f27e4b6463
true/1693,60f27e4b6463
true/170,60f27e4b6463
true/1741,60f27e4b6463
true/1749,60f27e4b6463
true/1750,60f27e4b6463
true/1756,60f27e4b6463
true/1767,60f27e4b6463
true/1768,60f27e4b6463
true/1772,60f27e4b6463
true/1775,60f27e4b6463
true/1796,60f27e4b6463
true/1799,60f27e4b6463
true/181,60f27e4b6463
true/183,60f27e4b6463
true/184,60f27e4b6463
true/1841,60f27e4b6463
true/1851,60f27e4b6463
true/1857,60f27e4b6463
true/1860,60f27e4b6463
true/187,60f27e4b6463
true/1887,60f27e4b6463
true/1891,60f27e4b6463
true/1897,60f27e4b6463
true/191,60f27e4b6463
true/1937,60f27e4b6463
true/194,60f27e4b6463
true/1944,60f27e4b6463
true/1947,60f27e4b6463
true/1968,60f27e4b6463
true/1983,60f27e4b6463
true/2004,60f27e4b6463
true/2010,60f27e4b6463
true/2019,60f27e4b6463
true/2022,60f27e4b6463
true/2041,60f27e4b6463
true/2046,60f27e4b6463
true/2051,60f27e4b6463
true/2052,60f27e4b6463
true/2068,60f27e4b6463
true/2089,60f27e4b6463
true/209,60f27e4b6463
true/21,60f27e4b6463
true/2106,60f27e4b6463
true/2111,60f27e4b6463
true/214,60f27e4b6463
true/2146,60f27e4b6463
true/215,60f27e4b6463
true/2150,60f27e4b6463
true/2156,60f27e4b6463
true/216,60f27e4b6463
true/2166,60f27e4b6463
true/217,60f27e4b6463
true/2170,60f27e4b6463
true/2175,60f27e4b6463
true/2176,60f27e4b6463
true/219,60f27e4b6463
true/2198,60f27e4b6463
true/220,60f27e4b6463
true/2207,60f27e4b6463
true/2228,60f27e4b6463
true/2229,60f27e4b6463
true/2234,60f27e4b6463
true/2236,60f27e4b6463
true/2240,60f27e4b6463
true/2241,60f27e4b6463
true/2264,60f27e4b6463
true/2268,60f27e4b6463
true/2271,60f27e4b6463
true/2305,60f27e4b6463
true/2312,60f27e4b6463
true/234,60f27e4b6463
true/2344,60f27e4b6463
true/2354,60f27e4b6463
true/2356,60f27e4b6463
true/2383,60f27e4b6463
true/2408,60f27e4b6463
true/2427,60f27e4b6463
true/2429,60f27e4b6463
true/243,60f27e4b6463
true/2437,60f27e4b6463
true/2455,60f27e4b6463
true/2472,60f27e4b6463
true/2499,60f27e4b6463
true/25,60f27e4b6463
true/2537,60f27e4b6463
true/2562,60f27e4b6463
true/2564,60f27e4b6463
true/2606,60f27e4b6463
true/2608,60f27e4b6463
true/262,60f27e4b6463
true/2659,60f27e4b6463
true/2668,60f27e4b6463
true/2670,60f27e4b6463
true/2682,60f27e4b6463
true/2699,60f27e4b6463
true/2707,60f27e4b6463
true/2724,60f27e4b6463
true/2737,60f27e4b6463
true/2741,60f27e4b6463
true/2790,60f27e4b6463
true/2804,60f27e4b6463
true/2812,60f27e4b6463
true/2813,60f27e4b6463
true/2815,60f27e4b6463
true/2834,60f27e4b6463
true/2854,60f27e4b6463
true/2875,60f27e4b6463
true/2896,60f27e4b6463
true/292,60f27e4b6463
true/2925,60f27e4b6463
true/2936,60f27e4b6463
true/2948,60f27e4b6463
true/2950,60f27e4b6463
true/2959,60f27e4b6463
true/296,60f27e4b6463
true/2968,60f27e4b6463
true/2979,60f27e4b6463
true/2999,60f27e4b6463
true/3051,60f27e4b6463
true/3055,60f27e4b6463
true/3067,60f27e4b6463
true/3077,60f27e4b6463
true/3094,60f27e4b6463
true/3117,60f27e4b6463
true/3134,60f27e4b6463
true/3137,60f27e4b6463
true/3157,60f27e4b6463
true/316,60f27e4b6463
true/3168,60f27e4b6463
true/3183,60f27e4b6463
true/3191,60f27e4b6463
true/3212,60f27e4b6463
true/3233,60f27e4b6463
true/3259,60f27e4b6463
true/3283,60f27e4b6463
true/3298,60f27e4b6463
true/3301,60f27e4b6463
true/3303,60f27e4b6463
true/333,60f27e4b6463
true/3330,60f27e4b6463
true/3338,60f27e4b6463
true/3341,60f27e4b6463
true/3390,60f27e4b6463
true/3396,60f27e4b6463
true/3407,60f27e4b6463
true/341,60f27e4b6463
true/3410,60f27e4b6463
true/3435,60f27e4b6463
true/3459,60f27e4b6463
true/3477,60f27e4b6463
true/3482,60f27e4b6463
true/3485,60f27e4b6463
true/3488,60f27e4b6463
true/3490,60f27e4b6463
true/3508,60f27e4b6463
true/3531,60f27e4b6463
true/3552,60f27e4b6463
true/3563,60f27e4b6463
true/3566,60f27e4b6463
true/3567,60f27e4b6463
true/3596,60f27e4b6463
true/379,60f27e4b6463
true/380,60f27e4b6463
true/403,60f27e4b6463
true/411,60f27e4b6463
true/42,60f27e4b6463
true/424,60f27e4b6463
true/429,60f27e4b6463
true/432,60f27e4b6463
true/435,60f27e4b6463
true/436,60f27e4b6463
true/457,60f27e4b6463
true/465,60f27e4b6463
true/504,60f27e4b6463
true/546,60f27e4b6463
true/559,60f27e4b6463
true/58,60f27e4b6463
true/583,60f27e4b6463
true/584,60f27e4b6463
true/598,60f27e4b6463
true/600,60f27e4b6463
true/606,60f27e4b6463
true/62,60f27e4b6463
true/640,60f27e4b6463
true/658,60f27e4b6463
true/662,60f27e4b6463
true/686,60f27e4b6463
true/696,60f27e4b6463
true/70,60f27e4b6463
true/701,60f27e4b6463
true/703,60f27e4b6463
true/709,60f27e4b6463
true/71,60f27e4b6463
true/721,60f27e4b6463
true/723,60f27e4b6463
true/731,60f27e4b6463
true/747,60f27e4b6463
true/758,60f27e4b6463
true/761,60f27e4b6463
true/806,60f27e4b6463
true/837,60f27e4b6463
true/865,60f27e4b6463
true/878,60f27e4b6463
true/881,60f27e4b6463
true/884,60f27e4b6463
true/889,60f27e4b6463
true/892,60f27e4b6463
true/921,60f27e4b6463
true/925,60f27e4b6463
true/932,60f27e4b6463
true/939,60f27e4b6463
true/940,60f27e4b6463
true/951,60f27e4b6463
true/952,60f27e4b6463
true/958,60f27e4b6463
true/964,60f27e4b6463
true/973,60f27e4b6463
true/999,60f27e4b6463
fake/1005,ce15d5f1cf5d
fake/1008,ce15d5f1cf5d
fake/1009,ce15d5f1cf5d
fake/101,ce15d5f1cf5d
fake/1010,ce15d5f1cf5d
fake/1013,ce15d5f1cf5d
fake/1014,ce15d5f1cf5d
fake/1024,ce15d5f1cf5d
fake/1025,ce15d5f1cf5d
fake/1033,ce15d5f1cf5d
fake/1035,ce15d5f1cf5d
fake/1039,ce15d5f1cf5d
fake/1042,ce15d5f1cf5d
fake/1044,ce15d5f1cf5d
fake/1045,ce15d5f1cf5d
fake/1047,ce15d5f1cf5d
fake/1048,ce15d5f1cf5d
fake/1049,ce15d5f1cf5d
fake/1055,ce15d5f1cf5d
fake/1060,ce15d5f1cf5d
fake/1061,ce15d5f1cf5d
fake/1065,ce15d5f1cf5d
fake/1067,ce15d5f1cf5d
fake/1070,ce15d5f1cf5d
fake/1075,ce15d5f1cf5d
fake/1080,ce15d5f1cf5d
fake/1082,ce15d5f1cf5d
fake/1087,ce15d5f1cf5d
fake/1092,ce15d5f1cf5d
fake/1093,ce15d5f1cf5d
fake/1094,ce15d5f1cf5d
fake/1096,ce15d5f1cf5d
fake/1104,ce15d5f1cf5d
fake/1106,ce15d5f1cf5d
fake/1112,ce15d5f1cf5d
fake/1114,ce15d5f1cf5d
fake/1115,ce15d5f1cf5d
fake/1118,ce15d5f1cf5d
fake/1119,ce15d5f1cf5d
fake/1121,ce15d5f1cf5d
fake/1125,ce15d5f1cf5d
fake/1127,ce15d5f1cf5d
fake/1128,ce15d5f1cf5d
fake/1134,ce15d5f1cf5d
fake/1142,ce15d5f1cf5d
fake/1144,ce15d5f1cf5d
fake/1147,ce15d5f1cf5d
fake/1149,ce15d5f1cf5d
fake/1153,ce15d5f1cf5d
fake/1165,ce15d5f1cf5d
fake/1174,ce15d5f1cf5d
fake/1179,ce15d5f1cf5d
fake/1183,ce15d5f1cf5d
fake/1197,ce15d5f1cf5d
fake/1198,ce15d5f1cf5d
fake/1208,ce15d5f1cf5d
fake/1210,ce15d5f1cf5d
fake/1215,ce15d5f1cf5d
fake/1216,ce15d5f1cf5d
fake/1217,ce15d5f1cf5d
fake/1221,ce15d5f1cf5d
fake/1227,ce15d5f1cf5d
fake/1228,ce15d5f1cf5d
fake/1241,ce15d5f1cf5d
fake/1242,ce15d5f1cf5d
fake/1244,ce15d5f1cf5d
fake/1250,ce15d5f1cf5d
fake/1251,ce15d5f1cf5d
fake/1252,ce15d5f1cf5d
fake/1253,ce15d5f1cf5d
fake/1256,ce15d5f1cf5d
fake/1261,ce15d5f1cf5d
fake/1263,ce15d5f1cf5d
fake/1267,ce15d5f1cf5d
fake/1269,ce15d5f1cf5d
fake/1270,ce15d5f1cf5d
fake/1274,ce15d5f1cf5d
fake/1275,ce15d5f1cf5d
fake/1279,ce15d5f1cf5d
fake/1283,ce15d5f1cf5d
fake/1302,ce15d5f1cf5d
fake/1304,ce15d5f1cf5d
fake/1313,ce15d5f1cf5d
fake/1323,ce15d5f1cf5d
fake/1324,ce15d5f1cf5d
fake/1326,ce15d5f1cf5d
fake/1330,ce15d5f1cf5d
fake/1338,ce15d5f1cf5d
fake/1340,ce15d5f1cf5d
fake/1346,ce15d5f1cf5d
fake/1352,ce15d5f1cf5d
fake/1359,ce15d5f1cf5d
fake/1361,ce15d5f1cf5d
fake/1365,ce15d5f1cf5d
fake/1375,ce15d5f1cf5d
fake/1382,ce15d5f1cf5d
fake/1393,ce15d5f1cf5d
fake/1395,ce15d5f1cf5d
fake/1397,ce15d5f1cf5d
fake/1400,ce15d5f1cf5d
fake/1405,ce15d5f1cf5d
fake/1406,ce15d5f1cf5d
fake/1413,ce15d5f1cf5d
fake/1417,ce15d5f1cf5d
fake/1418,ce15d5f1cf5d
fake/1425,ce15d5f1cf5d
fake/1428,ce15d5f1cf5d
fake/1443,ce15d5f1cf5d
fake/1444,ce15d5f1cf5d
fake/1449,ce15d5f1cf5d
fake/1457,ce15d5f1cf5d
fake/1458,ce15d5f1cf5d
fake/1469,ce15d5f1cf5d
fake/1470,ce15d5f1cf5d
fake/1474,ce15d5f1cf5d
fake/1478,ce15d5f1cf5d
fake/1488,ce15d5f1cf5d
fake/1491,ce15d5f1cf5d
fake/1500,ce15d5f1cf5d
fake/1506,ce15d5f1cf5d
fake/1511,ce15d5f1cf5d
fake/1513,ce15d5f1cf5d
fake/1531,ce15d5f1cf5d
fake/1545,ce15d5f1cf5d
fake/1553,ce15d5f1cf5d
fake/1554,ce15d5f1cf5d
fake/1556,ce15d5f1cf5d
fake/1557,ce15d5f1cf5d
fake/1560,ce15d5f1cf5d
fake/1563,ce15d5f1cf5d
fake/1570,ce15d5f1cf5d
fake/1572,ce15d5f1cf5d
fake/1573,ce15d5f1cf5d
fake/1574,ce15d5f1cf5d
fake/1577,ce15d5f1cf5d
fake/1579,ce15d5f1cf5d
fake/1586,ce15d5f1cf5d
fake/1587,ce15d5f1cf5d
fake/1598,ce15d5f1cf5d
fake/1619,ce15d5f1cf5d
fake/1627,ce15d5f1cf5d
fake/1628,ce15d5f1cf5d
fake/1631,ce15d5f1cf5d
fake/1634,ce15d5f1cf5d
fake/1637,ce15d5f1cf5d
fake/1638,ce15d5f1cf5d
fake/1639,ce15d5f1cf5d
fake/1644,ce15d5f1cf5d
fake/1647,ce15d5f1cf5d
fake/1648,ce15d5f1cf5d
fake/1654,ce15d5f1cf5d
fake/1656,ce15d5f1cf5d
fake/1658,ce15d5f1cf5d
fake/1660,ce15d5f1cf5d
fake/1661,ce15d5f1cf5d
fake/1662,ce15d5f1cf5d
fake/1666,ce15d5f1cf5d
fake/1668,ce15d5f1cf5d
fake/1670,ce15d5f1cf5d
fake/1671,ce15d5f1cf5d
fake/1673,ce15d5f1cf5d
fake/1682,ce15d5f1cf5d
fake/1683,ce15d5f1cf5d
fake/1698,ce15d5f1cf5d
fake/1701,ce15d5f1cf5d
fake/1703,ce15d5f1cf5d
fake/1704,ce15d5f1cf5d
fake/1706,ce15d5f1cf5d
fake/1709,ce15d5f1cf5d
fake/1714,ce15d5f1cf5d
fake/1726,ce15d5f1cf5d
fake/1741,ce15d5f1cf5d
fake/1749,ce15d5f1cf5d
fake/1750,ce15d5f1cf5d
fake/1753,ce15d5f1cf5d
fake/1761,ce15d5f1cf5d
fake/1765,ce15d5f1cf5d
fake/1767,ce15d5f1cf5d
fake/1775,ce15d5f1cf5d
fake/1776,ce15d5f1cf5d
fake/1779,ce15d5f1cf5d
fake/1780,ce15d5f1cf5d
fake/1784,ce15d5f1cf5d
fake/1793,ce15d5f1cf5d
fake/1800,ce15d5f1cf5d
fake/1809,ce15d5f1cf5d
fake/1811,ce15d5f1cf5d
fake/1816,ce15d5f1cf5d
fake/1818,ce15d5f1cf5d
fake/1821,ce15d5f1cf5d
fake/1826,ce15d5f1cf5d
fake/1834,ce15d5f1cf5d
fake/1837,ce15d5f1cf5d
fake/1838,ce15d5f1cf5d
fake/1839,ce15d5f1cf5d
fake/1840,ce15d5f1cf5d
fake/1841,ce15d5f1cf5d
fake/1843,ce15d5f1cf5d
fake/1844,ce15d5f1cf5d
fake/1848,ce15d5f1cf5d
fake/1861,ce15d5f1cf5d
fake/1863,ce15d5f1cf5d
fake/1866,ce15d5f1cf5d
fake/1873,ce15d5f1cf5d
fake/188,ce15d5f1cf5d
fake/1889,ce15d5f1cf5d
fake/1908,ce15d5f1cf5d
fake/1909,ce15d5f1cf5d
fake/191,ce15d5f1cf5d
fake/1916,ce15d5f1cf5d
fake/1918,ce15d5f1cf5d
fake/1920,ce15d5f1cf5d
fake/1934,ce15d5f1cf5d
fake/1940,ce15d5f1cf5d
fake/1943,ce15d5f1cf5d
fake/1947,ce15d5f1cf5d
fake/1952,ce15d5f1cf5d
fake/1953,ce15d5f1cf5d
fake/1956,ce15d5f1cf5d
fake/1964,ce15d5f1cf5d
fake/1966,ce15d5f1cf5d
fake/1970,ce15d5f1cf5d
fake/1977,ce15d5f1cf5d
fake/1984,ce15d5f1cf5d
fake/1997,ce15d5f1cf5d
fake/1999,ce15d5f1cf5d
fake/2001,ce15d5f1cf5d
fake/2003,ce15d5f1cf5d
fake/2015,ce15d5f1cf5d
fake/2017,ce15d5f1cf5d
fake/2022,ce15d5f1cf5d
fake/2023,ce15d5f1cf5d
fake/2028,ce15d5f1cf5d
fake/2035,ce15d5f1cf5d
fake/2038,ce15d5f1cf5d
fake/2040,ce15d5f1cf5d
fake/2045,ce15d5f1cf5d
fake/2052,ce15d5f1cf5d
fake/2055,ce15d5f1cf5d
fake/2061,ce15d5f1cf5d
fake/2062,ce15d5f1cf5d
fake/2064,ce15d5f1cf5d
fake/2077,ce15d5f1cf5d
fake/2089,ce15d5f1cf5d
fake/2094,ce15d5f1cf5d
fake/2096,ce15d5f1cf5d
fake/2111,ce15d5f1cf5d
fake/2125,ce15d5f1cf5d
fake/2127,ce15d5f1cf5d
fake/2133,ce15d5f1cf5d
fake/2138,ce15d5f1cf5d
fake/2141,ce15d5f1cf5d
fake/2147,ce15d5f1cf5d
fake/2148,ce15d5f1cf5d
fake/2152,ce15d5f1cf5d
fake/2154,ce15d5f1cf5d
fake/2160,ce15d5f1cf5d
fake/2167,ce15d5f1cf5d
fake/2171,ce15d5f1cf5d
fake/2197,ce15d5f1cf5d
fake/2198,ce15d5f1cf5d
fake/2207,ce15d5f1cf5d
fake/2209,ce15d5f1cf5d
fake/2215,ce15d5f1cf5d
fake/2231,ce15d5f1cf5d
fake/2232,ce15d5f1cf5d
fake/2233,ce15d5f1cf5d
fake/2236,ce15d5f1cf5d
fake/2237,ce15d5f1cf5d
fake/2238,ce15d5f1cf5d
fake/2242,ce15d5f1cf5d
fake/2253,ce15d5f1cf5d
fake/2257,ce15d5f1cf5d
fake/2261,ce15d5f1cf5d
fake/2264,ce15d5f1cf5d
fake/2268,ce15d5f1cf5d
fake/2271,ce15d5f1cf5d
fake/2281,ce15d5f1cf5d
fake/2282,ce15d5f1cf5d
fake/2283,ce15d5f1cf5d
fake/2286,ce15d5f1cf5d
fake/2287,ce15d5f1cf5d
fake/2295,ce15d5f1cf5d
fake/2299,ce15d5f1cf5d
fake/2300,ce15d5f1cf5d
fake/2310,ce15d5f1cf5d
fake/2313,ce15d5f1cf5d
fake/2314,ce15d5f1cf5d
fake/2318,ce15d5f1cf5d
fake/2323,ce15d5f1cf5d
fake/2333,ce15d5f1cf5d
fake/2341,ce15d5f1cf5d
fake/2343,ce15d5f1cf5d
fake/2349,ce15d5f1cf5d
fake/2350,ce15d5f1cf5d
fake/2365,ce15d5f1cf5d
fake/2370,ce15d5f1cf5d
fake/2381,ce15d5f1cf5d
fake/2382,ce15d5f1cf5d
fake/2387,ce15d5f1cf5d
fake/2392,ce15d5f1cf5d
fake/2394,ce15d5f1cf5d
fake/2398,ce15d5f1cf5d
fake/2401,ce15d5f1cf5d
fake/2404,ce15d5f1cf5d
fake/2405,ce15d5f1cf5d
fake/2408,ce15d5f1cf5d
fake/2416,ce15d5f1cf5d
fake/2417,ce15d5f1cf5d
fake/2419,ce15d5f1cf5d
fake/2421,ce15d5f1cf5d
fake/2425,ce15d5f1cf5d
fake/2432,ce15d5f1cf5d
fake/2434,ce15d5f1cf5d
fake/2435,ce15d5f1cf5d
fake/2436,ce15d5f1cf5d
fake/2438,ce15d5f1cf5d
fake/2441,ce15d5f1cf5d
fake/2442,ce15d5f1cf5d
fake/2444,ce15d5f1cf5d
fake/2469,ce15d5f1cf5d
fake/2471,ce15d5f1cf5d
fake/2477,ce15d5f1cf5d
fake/2478,ce15d5f1cf5d
fake/2479,ce15d5f1cf5d
fake/2480,ce15d5f1cf5d
fake/2487,ce15d5f1cf5d
fake/2493,ce15d5f1cf5d
fake/2496,ce15d5f1cf5d
fake/2508,ce15d5f1cf5d
fake/2509,ce15d5f1cf5d
fake/2513,ce15d5f1cf5d
fake/2529,ce15d5f1cf5d
fake/2537,ce15d5f1cf5d
fake/2541,ce15d5f1cf5d
fake/2546,ce15d5f1cf5d
fake/2547,ce15d5f1cf5d
fake/2549,ce15d5f1cf5d
fake/2562,ce15d5f1cf5d
fake/2565,ce15d5f1cf5d
fake/2567,ce15d5f1cf5d
fake/2568,ce15d5f1cf5d
fake/2570,ce15d5f1cf5d
fake/2573,ce15d5f1cf5d
fake/2584,ce15d5f1cf5d
fake/2591,ce15d5f1cf5d
fake/2595,ce15d5f1cf5d
fake/2608,ce15d5f1cf5d
fake/2616,ce15d5f1cf5d
fake/2620,ce15d5f1cf5d
fake/2623,ce15d5f1cf5d
fake/2635,ce15d5f1cf5d
fake/2638,ce15d5f1cf5d
fake/2645,ce15d5f1cf5d
fake/2646,ce15d5f1cf5d
fake/265,ce15d5f1cf5d
fake/2650,ce15d5f1cf5d
fake/2657,ce15d5f1cf5d
fake/2659,ce15d5f1cf5d
fake/2665,ce15d5f1cf5d
fake/2666,ce15d5f1cf5d
fake/2668,ce15d5f1cf5d
fake/2669,ce15d5f1cf5d
fake/2671,ce15d5f1cf5d
fake/2680,ce15d5f1cf5d
fake/2683,ce15d5f1cf5d
fake/2686,ce15d5f1cf5d
fake/2689,ce15d5f1cf5d
fake/2700,ce15d5f1cf5d
fake/2702,ce15d5f1cf5d
fake/271,ce15d5f1cf5d
fake/2719,ce15d5f1cf5d
fake/273,ce15d5f1cf5d
fake/2738,ce15d5f1cf5d
fake/2741,ce15d5f1cf5d
fake/2747,ce15d5f1cf5d
fake/2752,ce15d5f1cf5d
fake/2754,ce15d5f1cf5d
fake/2756,ce15d5f1cf5d
fake/2757,ce15d5f1cf5d
fake/2763,ce15d5f1cf5d
fake/2767,ce15d5f1cf5d
fake/2770,ce15d5f1cf5d
fake/2785,ce15d5f1cf5d
fake/2789,ce15d5f1cf5d
fake/280,ce15d5f1cf5d
fake/2801,ce15d5f1cf5d
fake/2809,ce15d5f1cf5d
fake/2820,ce15d5f1cf5d
fake/2832,ce15d5f1cf5d
fake/284,ce15d5f1cf5d
fake/2845,ce15d5f1cf5d
fake/2847,ce15d5f1cf5d
fake/2849,ce15d5f1cf5d
fake/2855,ce15d5f1cf5d
fake/2859,ce15d5f1cf5d
fake/286,ce15d5f1cf5d
fake/2870,ce15d5f1cf5d
fake/2876,ce15d5f1cf5d
fake/2882,ce15d5f1cf5d
fake/2886,ce15d5f1cf5d
fake/2888,ce15d5f1cf5d
fake/2892,ce15d5f1cf5d
fake/2896,ce15d5f1cf5d
fake/2903,ce15d5f1cf5d
fake/2905,ce15d5f1cf5d
fake/2906,ce15d5f1cf5d
fake/2910,ce15d5f1cf5d
fake/2916,ce15d5f1cf5d
fake/2925,ce15d5f1cf5d
fake/2933,ce15d5f1cf5d
fake/2948,ce15d5f1cf5d
fake/2953,ce15d5f1cf5d
fake/2959,ce15d5f1cf5d
fake/296,ce15d5f1cf5d
fake/2974,ce15d5f1cf5d
fake/2977,ce15d5f1cf5d
fake/2986,ce15d5f1cf5d
fake/2988,ce15d5f1cf5d
fake/2994,ce15d5f1cf5d
fake/3000,ce15d5f1cf5d
fake/3011,ce15d5f1cf5d
fake/3019,ce15d5f1cf5d
fake/3034,ce15d5f1cf5d
fake/3035,ce15d5f1cf5d
fake/3037,ce15d5f1cf5d
fake/3046,ce15d5f1cf5d
fake/3051,ce15d5f1cf5d
fake/3052,ce15d5f1cf5d
fake/3053,ce15d5f1cf5d
fake/3055,ce15d5f1cf5d
fake/306,ce15d5f1cf5d
fake/3060,ce15d5f1cf5d
fake/3071,ce15d5f1cf5d
fake/3075,ce15d5f1cf5d
fake/3076,ce15d5f1cf5d
fake/3082,ce15d5f1cf5d
fake/3087,ce15d5f1cf5d
fake/3094,ce15d5f1cf5d
fake/3098,ce15d5f1cf5d
fake/310,ce15d5f1cf5d
fake/3106,ce15d5f1cf5d
fake/3109,ce15d5f1cf5d
fake/311,ce15d5f1cf5d
fake/312,ce15d5f1cf5d
fake/3126,ce15d5f1cf5d
fake/3136,ce15d5f1cf5d
fake/3137,ce15d5f1cf5d
fake/3154,ce15d5f1cf5d
fake/3162,ce15d5f1cf5d
fake/3165,ce15d5f1cf5d
fake/3166,ce15d5f1cf5d
fake/3168,ce15d5f1cf5d
fake/317,ce15d5f1cf5d
fake/3183,ce15d5f1cf5d
fake/319,ce15d5f1cf5d
fake/3191,ce15d5f1cf5d
fake/3193,ce15d5f1cf5d
fake/320,ce15d5f1cf5d
fake/3207,ce15d5f1cf5d
fake/3209,ce15d5f1cf5d
fake/3210,ce15d5f1cf5d
fake/3226,ce15d5f1cf5d
fake/3227,ce15d5f1cf5d
fake/3229,ce15d5f1cf5d
fake/3232,ce15d5f1cf5d
fake/3242,ce15d5f1cf5d
fake/3246,ce15d5f1cf5d
fake/3248,ce15d5f1cf5d
fake/3249,ce15d5f1cf5d
fake/3251,ce15d5f1cf5d
fake/3252,ce15d5f1cf5d
fake/3253,ce15d5f1cf5d
fake/3259,ce15d5f1cf5d
fake/326,ce15d5f1cf5d
fake/3273,ce15d5f1cf5d
fake/3277,ce15d5f1cf5d
fake/3287,ce15d5f1cf5d
fake/329,ce15d5f1cf5d
fake/3297,ce15d5f1cf5d
fake/3298,ce15d5f1cf5d
fake/330,ce15d5f1cf5d
fake/3301,ce15d5f1cf5d
fake/3304,ce15d5f1cf5d
fake/3306,ce15d5f1cf5d
fake/331,ce15d5f1cf5d
fake/3310,ce15d5f1cf5d
fake/3320,ce15d5f1cf5d
fake/3324,ce15d5f1cf5d
fake/3325,ce15d5f1cf5d
fake/3328,ce15d5f1cf5d
fake/333,ce15d5f1cf5d
fake/3335,ce15d5f1cf5d
fake/3338,ce15d5f1cf5d
fake/334,ce15d5f1cf5d
fake/3348,ce15d5f1cf5d
fake/3360,ce15d5f1cf5d
fake/3366,ce15d5f1cf5d
fake/3367,ce15d5f1cf5d
fake/3372,ce15d5f1cf5d
fake/3374,ce15d5f1cf5d
fake/3380,ce15d5f1cf5d
fake/3384,ce15d5f1cf5d
fake/3386,ce15d5f1cf5d
fake/3387,ce15d5f1cf5d
fake/3388,ce15d5f1cf5d
fake/339,ce15d5f1cf5d
fake/3391,ce15d5f1cf5d
fake/3396,ce15d5f1cf5d
fake/3400,ce15d5f1cf5d
fake/3404,ce15d5f1cf5d
fake/341,ce15d5f1cf5d
fake/3412,ce15d5f1cf5d
fake/3413,ce15d5f1cf5d
fake/3426,ce15d5f1cf5d
fake/343,ce15d5f1cf5d
fake/3431,ce15d5f1cf5d
fake/3432,ce15d5f1cf5d
fake/3439,ce15d5f1cf5d
fake/3441,ce15d5f1cf5d
fake/3446,ce15d5f1cf5d
fake/345,ce15d5f1cf5d
fake/3451,ce15d5f1cf5d
fake/3453,ce15d5f1cf5d
fake/3459,ce15d5f1cf5d
fake/3470,ce15d5f1cf5d
fake/3473,ce15d5f1cf5d
fake/3475,ce15d5f1cf5d
fake/3486,ce15d5f1cf5d
fake/3498,ce15d5f1cf5d
fake/3503,ce15d5f1cf5d
fake/3508,ce15d5f1cf5d
fake/3514,ce15d5f1cf5d
fake/3515,ce15d5f1cf5d
fake/3518,ce15d5f1cf5d
fake/3521,ce15d5f1cf5d
fake/3532,ce15d5f1cf5d
fake/3535,ce15d5f1cf5d
fake/3536,ce15d5f1cf5d
fake/3537,ce15d5f1cf5d
fake/3539,ce15d5f1cf5d
fake/3546,ce15d5f1cf5d
fake/3548,ce15d5f1cf5d
fake/355,ce15d5f1cf5d
fake/3550,ce15d5f1cf5d
fake/3552,ce15d5f1cf5d
fake/3565,ce15d5f1cf5d
fake/3567,ce15d5f1cf5d
fake/3568,ce15d5f1cf5d
fake/3576,ce15d5f1cf5d
fake/3579,ce15d5f1cf5d
fake/3585,ce15d5f1cf5d
fake/3588,ce15d5f1cf5d
fake/3597,ce15d5f1cf5d
fake/3602,ce15d5f1cf5d
fake/364,ce15d5f1cf5d
fake/365,ce15d5f1cf5d
fake/366,ce15d5f1cf5d
fake/379,ce15d5f1cf5d
fake/381,ce15d5f1cf5d
fake/383,ce15d5f1cf5d
fake/386,ce15d5f1cf5d
fake/387,ce15d5f1cf5d
fake/389,ce15d5f1cf5d
fake/403,ce15d5f1cf5d
fake/404,ce15d5f1cf5d
fake/412,ce15d5f1cf5d
fake/416,ce15d5f1cf5d
fake/418,ce15d5f1cf5d
fake/426,ce15d5f1cf5d
fake/429,ce15d5f1cf5d
fake/430,ce15d5f1cf5d
fake/433,ce15d5f1cf5d
fake/437,ce15d5f1cf5d
fake/440,ce15d5f1cf5d
fake/441,ce15d5f1cf5d
fake/448,ce15d5f1cf5d
fake/450,ce15d5f1cf5d
fake/452,ce15d5f1cf5d
fake/462,ce15d5f1cf5d
fake/463,ce15d5f1cf5d
fake/466,ce15d5f1cf5d
fake/467,ce15d5f1cf5d
fake/468,ce15d5f1cf5d
fake/469,ce15d5f1cf5d
fake/477,ce15d5f1cf5d
fake/478,ce15d5f1cf5d
fake/487,ce15d5f1cf5d
fake/488,ce15d5f1cf5d
fake/494,ce15d5f1cf5d
fake/495,ce15d5f1cf5d
fake/496,ce15d5f1cf5d
fake/500,ce15d5f1cf5d
fake/504,ce15d5f1cf5d
fake/505,ce15d5f1cf5d
fake/506,ce15d5f1cf5d
fake/508,ce15d5f1cf5d
fake/511,ce15d5f1cf5d
fake/513,ce15d5f1cf5d
fake/515,ce15d5f1cf5d
fake/519,ce15d5f1cf5d
fake/522,ce15d5f1cf5d
fake/525,ce15d5f1cf5d
fake/527,ce15d5f1cf5d
fake/529,ce15d5f1cf5d
fake/531,ce15d5f1cf5d
fake/532,ce15d5f1cf5d
fake/535,ce15d5f1cf5d
fake/537,ce15d5f1cf5d
fake/538,ce15d5f1cf5d
fake/544,ce15d5f1cf5d
fake/547,ce15d5f1cf5d
fake/562,ce15d5f1cf5d
fake/563,ce15d5f1cf5d
fake/573,ce15d5f1cf5d
fake/575,ce15d5f1cf5d
fake/580,ce15d5f1cf5d
fake/581,ce15d5f1cf5d
fake/583,ce15d5f1cf5d
fake/584,ce15d5f1cf5d
fake/594,ce15d5f1cf5d
fake/595,ce15d5f1cf5d
fake/599,ce15d5f1cf5d
fake/603,ce15d5f1cf5d
fake/606,ce15d5f1cf5d
fake/612,ce15d5f1cf5d
fake/623,ce15d5f1cf5d
fake/626,ce15d5f1cf5d
fake/627,ce15d5f1cf5d
fake/634,ce15d5f1cf5d
fake/635,ce15d5f1cf5d
fake/637,ce15d5f1cf5d
fake/641,ce15d5f1cf5d
fake/643,ce15d5f1cf5d
fake/645,ce15d5f1cf5d
fake/650,ce15d5f1cf5d
fake/656,ce15d5f1cf5d
fake/660,ce15d5f1cf5d
fake/661,ce15d5f1cf5d
fake/665,ce15d5f1cf5d
fake/673,ce15d5f1cf5d
fake/675,ce15d5f1cf5d
fake/682,ce15d5f1cf5d
fake/683,ce15d5f1cf5d
fake/686,ce15d5f1cf5d
fake/687,ce15d5f1cf5d
fake/689,ce15d5f1cf5d
fake/699,ce15d5f1cf5d
fake/701,ce15d5f1cf5d
fake/702,ce15d5f1cf5d
fake/718,ce15d5f1cf5d
fake/721,ce15d5f1cf5d
fake/726,ce15d5f1cf5d
fake/734,ce15d5f1cf5d
fake/740,ce15d5f1cf5d
fake/743,ce15d5f1cf5d
fake/747,ce15d5f1cf5d
fake/758,ce15d5f1cf5d
fake/761,ce15d5f1cf5d
fake/771,ce15d5f1cf5d
fake/774,ce15d5f1cf5d
fake/779,ce15d5f1cf5d
fake/784,ce15d5f1cf5d
fake/787,ce15d5f1cf5d
fake/788,ce15d5f1cf5d
fake/798,ce15d5f1cf5d
fake/800,ce15d5f1cf5d
fake/809,ce15d5f1cf5d
fake/811,ce15d5f1cf5d
fake/814,ce15d5f1cf5d
fake/815,ce15d5f1cf5d
fake/823,ce15d5f1cf5d
fake/832,ce15d5f1cf5d
fake/837,ce15d5f1cf5d
fake/842,ce15d5f1cf5d
fake/852,ce15d5f1cf5d
fake/858,ce15d5f1cf5d
fake/860,ce15d5f1cf5d
fake/874,ce15d5f1cf5d
fake/876,ce15d5f1cf5d
fake/878,ce15d5f1cf5d
fake/882,ce15d5f1cf5d
fake/884,ce15d5f1cf5d
fake/887,ce15d5f1cf5d
fake/889,ce15d5f1cf5d
fake/892,ce15d5f1cf5d
fake/894,ce15d5f1cf5d
fake/899,ce15d5f1cf5d
fake/904,ce15d5f1cf5d
fake/905,ce15d5f1cf5d
fake/908,ce15d5f1cf5d
fake/910,ce15d5f1cf5d
fake/913,ce15d5f1cf5d
fake/914,ce15d5f1cf5d
fake/916,ce15d5f1cf5d
fake/922,ce15d5f1cf5d
fake/926,ce15d5f1cf5d
fake/931,ce15d5f1cf5d
fake/932,ce15d5f1cf5d
fake/936,ce15d5f1cf5d
fake/938,ce15d5f1cf5d
fake/939,ce15d5f1cf5d
fake/945,ce15d5f1cf5d
fake/947,ce15d5f1cf5d
fake/949,ce15d5f1cf5d
fake/951,ce15d5f1cf5d
fake/955,ce15d5f1cf5d
fake/957,ce15d5f1cf5d
fake/958,ce15d5f1cf5d
fake/959,ce15d5f1cf5d
fake/960,ce15d5f1cf5d
fake/961,ce15d5f1cf5d
fake/962,ce15d5f1cf5d
fake/964,ce15d5f1cf5d
fake/968,ce15d5f1cf5d
fake/970,ce15d5f1cf5d
fake/972,ce15d5f1cf5d
fake/973,ce15d5f1cf5d
fake/989,ce15d5f1cf5d
fake/991,ce15d5f1cf5d
fake/992,ce15d5f1cf5d
fake/997,ce15d5f1cf5d
true/133,ce15d5f1cf5d
true/213,ce15d5f1cf5d
true/215,ce15d5f1cf5d
true/262,ce15d5f1cf5d
true/269,ce15d5f1cf5d
true/2994,ce15d5f1cf5d
true/3209,ce15d5f1cf5d
true/3257,ce15d5f1cf5d
true/3492,ce15d5f1cf5d
true/3565,ce15d5f1cf5d
true/69,ce15d5f1cf5d
fake/10,e4ace79c89fb
fake/1026,e4ace79c89fb
fake/1028,e4ace79c89fb
fake/1037,e4ace79c89fb
fake/1052,e4ace79c89fb
fake/1054,e4ace79c89fb
fake/1063,e4ace79c89fb
fake/1069,e4ace79c89fb
fake/1072,e4ace79c89fb
fake/1087,e4ace79c89fb
fake/1109,e4ace79c89fb
fake/1128,e4ace79c89fb
fake/1131,e4ace79c89fb
fake/1135,e4ace79c89fb
fake/1142,e4ace79c89fb
fake/116,e4ace79c89fb
fake/1172,e4ace79c89fb
fake/118,e4ace79c89fb
fake/1186,e4ace79c89fb
fake/1191,e4ace79c89fb
fake/1200,e4ace79c89fb
fake/1204,e4ace79c89fb
fake/1240,e4ace79c89fb
fake/1243,e4ace79c89fb
fake/1257,e4ace79c89fb
fake/126,e4ace79c89fb
fake/1265,e4ace79c89fb
fake/1266,e4ace79c89fb
fake/1281,e4ace79c89fb
fake/1314,e4ace79c89fb
fake/1378,e4ace79c89fb
fake/1393,e4ace79c89fb
fake/1397,e4ace79c89fb
fake/1404,e4ace79c89fb
fake/1409,e4ace79c89fb
fake/141,e4ace79c89fb
fake/1416,e4ace79c89fb
fake/1429,e4ace79c89fb
fake/1431,e4ace79c89fb
fake/1441,e4ace79c89fb
fake/1444,e4ace79c89fb
fake/1456,e4ace79c89fb
fake/1462,e4ace79c89fb
fake/147,e4ace79c89fb
fake/1508,e4ace79c89fb
fake/1517,e4ace79c89fb
fake/1519,e4ace79c89fb
fake/1526,e4ace79c89fb
fake/1527,e4ace79c89fb
fake/1531,e4ace79c89fb
fake/1561,e4ace79c89fb
fake/1566,e4ace79c89fb
fake/1567,e4ace79c89fb
fake/1571,e4ace79c89fb
fake/158,e4ace79c89fb
fake/160,e4ace79c89fb
fake/1602,e4ace79c89fb
fake/1626,e4ace79c89fb
fake/1692,e4ace79c89fb
fake/1734,e4ace79c89fb
fake/1791,e4ace79c89fb
fake/1801,e4ace79c89fb
fake/1857,e4ace79c89fb
fake/1870,e4ace79c89fb
fake/1893,e4ace79c89fb
fake/1897,e4ace79c89fb
fake/1950,e4ace79c89fb
fake/1971,e4ace79c89fb
fake/1977,e4ace79c89fb
fake/1983,e4ace79c89fb
fake/2019,e4ace79c89fb
fake/2103,e4ace79c89fb
fake/2105,e4ace79c89fb
fake/2107,e4ace79c89fb
fake/2113,e4ace79c89fb
fake/2142,e4ace79c89fb
fake/2147,e4ace79c89fb
fake/2156,e4ace79c89fb
fake/2170,e4ace79c89fb
fake/2195,e4ace79c89fb
fake/2199,e4ace79c89fb
fake/220,e4ace79c89fb
fake/224,e4ace79c89fb
fake/229,e4ace79c89fb
fake/2318,e4ace79c89fb
fake/2323,e4ace79c89fb
fake/234,e4ace79c89fb
fake/2350,e4ace79c89fb
fake/2356,e4ace79c89fb
fake/2390,e4ace79c89fb
fake/240,e4ace79c89fb
fake/2422,e4ace79c89fb
fake/2427,e4ace79c89fb
fake/2431,e4ace79c89fb
fake/2460,e4ace79c89fb
fake/2467,e4ace79c89fb
fake/2499,e4ace79c89fb
fake/2519,e4ace79c89fb
fake/2536,e4ace79c89fb
fake/254,e4ace79c89fb
fake/2548,e4ace79c89fb
fake/2552,e4ace79c89fb
fake/2566,e4ace79c89fb
fake/2569,e4ace79c89fb
fake/261,e4ace79c89fb
fake/262,e4ace79c89fb
fake/263,e4ace79c89fb
fake/2677,e4ace79c89fb
fake/2707,e4ace79c89fb
fake/2711,e4ace79c89fb
fake/2771,e4ace79c89fb
fake/2782,e4ace79c89fb
fake/2790,e4ace79c89fb
fake/2813,e4ace79c89fb
fake/2815,e4ace79c89fb
fake/2834,e4ace79c89fb
fake/2897,e4ace79c89fb
fake/29,e4ace79c89fb
fake/2901,e4ace79c89fb
fake/2909,e4ace79c89fb
fake/2941,e4ace79c89fb
fake/2947,e4ace79c89fb
fake/2996,e4ace79c89fb
fake/2997,e4ace79c89fb
fake/300,e4ace79c89fb
fake/302,e4ace79c89fb
fake/3022,e4ace79c89fb
fake/303,e4ace79c89fb
fake/3038,e4ace79c89fb
fake/305,e4ace79c89fb
fake/3058,e4ace79c89fb
fake/3077,e4ace79c89fb
fake/3078,e4ace79c89fb
fake/308,e4ace79c89fb
fake/3115,e4ace79c89fb
fake/3147,e4ace79c89fb
fake/3179,e4ace79c89fb
fake/3197,e4ace79c89fb
fake/3200,e4ace79c89fb
fake/3228,e4ace79c89fb
fake/3234,e4ace79c89fb
fake/3239,e4ace79c89fb
fake/3255,e4ace79c89fb
fake/3257,e4ace79c89fb
fake/3258,e4ace79c89fb
fake/3280,e4ace79c89fb
fake/3299,e4ace79c89fb
fake/3311,e4ace79c89fb
fake/3323,e4ace79c89fb
fake/3332,e4ace79c89fb
fake/3353,e4ace79c89fb
fake/3369,e4ace79c89fb
fake/3378,e4ace79c89fb
fake/3393,e4ace79c89fb
fake/3425,e4ace79c89fb
fake/3429,e4ace79c89fb
fake/3438,e4ace79c89fb
fake/3447,e4ace79c89fb
fake/3468,e4ace79c89fb
fake/3479,e4ace79c89fb
fake/3485,e4ace79c89fb
fake/3490,e4ace79c89fb
fake/3491,e4ace79c89fb
fake/3492,e4ace79c89fb
fake/35,e4ace79c89fb
fake/3518,e4ace79c89fb
fake/352,e4ace79c89fb
fake/3521,e4ace79c89fb
fake/3539,e4ace79c89fb
fake/3545,e4ace79c89fb
fake/3550,e4ace79c89fb
fake/3589,e4ace79c89fb
fake/37,e4ace79c89fb
fake/370,e4ace79c89fb
fake/372,e4ace79c89fb
fake/378,e4ace79c89fb
fake/39,e4ace79c89fb
fake/400,e4ace79c89fb
fake/406,e4ace79c89fb
fake/425,e4ace79c89fb
fake/432,e4ace79c89fb
fake/458,e4ace79c89fb
fake/46,e4ace79c89fb
fake/470,e4ace79c89fb
fake/473,e4ace79c89fb
fake/478,e4ace79c89fb
fake/496,e4ace79c89fb
fake/512,e4ace79c89fb
fake/517,e4ace79c89fb
fake/55,e4ace79c89fb
fake/593,e4ace79c89fb
fake/600,e4ace79c89fb
fake/604,e4ace79c89fb
fake/616,e4ace79c89fb
fake/617,e4ace79c89fb
fake/628,e4ace79c89fb
fake/63,e4ace79c89fb
fake/633,e4ace79c89fb
fake/648,e4ace79c89fb
fake/65,e4ace79c89fb
fake/650,e4ace79c89fb
fake/657,e4ace79c89fb
fake/662,e4ace79c89fb
fake/668,e4ace79c89fb
fake/670,e4ace79c89fb
fake/671,e4ace79c89fb
fake/680,e4ace79c89fb
fake/69,e4ace79c89fb
fake/709,e4ace79c89fb
fake/757,e4ace79c89fb
fake/764,e4ace79c89fb
fake/773,e4ace79c89fb
fake/781,e4ace79c89fb
fake/806,e4ace79c89fb
fake/854,e4ace79c89fb
fake/861,e4ace79c89fb
fake/877,e4ace79c89fb
fake/883,e4ace79c89fb
fake/884,e4ace79c89fb
fake/886,e4ace79c89fb
fake/925,e4ace79c89fb
fake/944,e4ace79c89fb
fake/945,e4ace79c89fb
fake/952,e4ace79c89fb
fake/958,e4ace79c89fb
fake/966,e4ace79c89fb
fake/97,e4ace79c89fb
fake/975,e4ace79c89fb
true/1005,e4ace79c89fb
true/101,e4ace79c89fb
true/1010,e4ace79c89fb
true/1013,e4ace79c89fb
true/1019,e4ace79c89fb
true/1026,e4ace79c89fb
true/1035,e4ace79c89fb
true/1042,e4ace79c89fb
true/1055,e4ace79c89fb
true/1067,e4ace79c89fb
true/1076,e4ace79c89fb
true/1082,e4ace79c89fb
true/109,e4ace79c89fb
true/1090,e4ace79c89fb
true/1092,e4ace79c89fb
true/1103,e4ace79c89fb
true/1108,e4ace79c89fb
true/1109,e4ace79c89fb
true/1112,e4ace79c89fb
true/1127,e4ace79c89fb
true/114,e4ace79c89fb
true/1144,e4ace79c89fb
true/1147,e4ace79c89fb
true/115,e4ace79c89fb
true/1160,e4ace79c89fb
true/1165,e4ace79c89fb
true/1169,e4ace79c89fb
true/1171,e4ace79c89fb
true/1177,e4ace79c89fb
true/1179,e4ace79c89fb
true/118,e4ace79c89fb
true/1184,e4ace79c89fb
true/1185,e4ace79c89fb
true/119,e4ace79c89fb
true/120,e4ace79c89fb
true/1237,e4ace79c89fb
true/1240,e4ace79c89fb
true/1249,e4ace79c89fb
true/1251,e4ace79c89fb
true/1259,e4ace79c89fb
true/1263,e4ace79c89fb
true/1272,e4ace79c89fb
true/1287,e4ace79c89fb
true/1292,e4ace79c89fb
true/1293,e4ace79c89fb
true/1298,e4ace79c89fb
true/1301,e4ace79c89fb
true/131,e4ace79c89fb
true/1320,e4ace79c89fb
true/1327,e4ace79c89fb
true/1337,e4ace79c89fb
true/1341,e4ace79c89fb
true/1342,e4ace79c89fb
true/1351,e4ace79c89fb
true/1352,e4ace79c89fb
true/1361,e4ace79c89fb
true/1367,e4ace79c89fb
true/1375,e4ace79c89fb
true/1378,e4ace79c89fb
true/1414,e4ace79c89fb
true/1415,e4ace79c89fb
true/1419,e4ace79c89fb
true/1422,e4ace79c89fb
true/1430,e4ace79c89fb
true/1456,e4ace79c89fb
true/1462,e4ace79c89fb
true/148,e4ace79c89fb
true/1487,e4ace79c89fb
true/1490,e4ace79c89fb
true/1491,e4ace79c89fb
true/1508,e4ace79c89fb
true/152,e4ace79c89fb
true/1520,e4ace79c89fb
true/1529,e4ace79c89fb
true/1540,e4ace79c89fb
true/1545,e4ace79c89fb
true/1550,e4ace79c89fb
true/1553,e4ace79c89fb
true/1560,e4ace79c89fb
true/1563,e4ace79c89fb
true/1569,e4ace79c89fb
true/1573,e4ace79c89fb
true/1574,e4ace79c89fb
true/1577,e4ace79c89fb
true/1602,e4ace79c89fb
true/1611,e4ace79c89fb
true/1628,e4ace79c89fb
true/1634,e4ace79c89fb
true/1641,e4ace79c89fb
true/1644,e4ace79c89fb
true/1654,e4ace79c89fb
true/1658,e4ace79c89fb
true/166,e4ace79c89fb
true/1666,e4ace79c89fb
true/1672,e4ace79c89fb
true/1688,e4ace79c89fb
true/1699,e4ace79c89fb
true/1701,e4ace79c89fb
true/1705,e4ace79c89fb
true/1707,e4ace79c89fb
true/171,e4ace79c89fb
true/1724,e4ace79c89fb
true/1726,e4ace79c89fb
true/1728,e4ace79c89fb
true/1745,e4ace79c89fb
true/1746,e4ace79c89fb
true/1755,e4ace79c89fb
true/1760,e4ace79c89fb
true/1776,e4ace79c89fb
true/1783,e4ace79c89fb
true/1791,e4ace79c89fb
true/1802,e4ace79c89fb
true/1806,e4ace79c89fb
true/1807,e4ace79c89fb
true/1816,e4ace79c89fb
true/1821,e4ace79c89fb
true/1829,e4ace79c89fb
true/1839,e4ace79c89fb
true/1840,e4ace79c89fb
true/1844,e4ace79c89fb
true/1846,e4ace79c89fb
true/1854,e4ace79c89fb
true/1861,e4ace79c89fb
true/1863,e4ace79c89fb
true/1865,e4ace79c89fb
true/1873,e4ace79c89fb
true/1876,e4ace79c89fb
true/188,e4ace79c89fb
true/1886,e4ace79c89fb
true/189,e4ace79c89fb
true/1893,e4ace79c89fb
true/1901,e4ace79c89fb
true/1909,e4ace79c89fb
true/1910,e4ace79c89fb
true/1920,e4ace79c89fb
true/1925,e4ace79c89fb
true/193,e4ace79c89fb
true/1935,e4ace79c89fb
true/1940,e4ace79c89fb
true/1952,e4ace79c89fb
true/1964,e4ace79c89fb
true/1966,e4ace79c89fb
true/1995,e4ace79c89fb
true/1998,e4ace79c89fb
true/1999,e4ace79c89fb
true/20,e4ace79c89fb
true/2000,e4ace79c89fb
true/2005,e4ace79c89fb
true/2007,e4ace79c89fb
true/2013,e4ace79c89fb
true/2017,e4ace79c89fb
true/2025,e4ace79c89fb
true/2038,e4ace79c89fb
true/2040,e4ace79c89fb
true/2061,e4ace79c89fb
true/2066,e4ace79c89fb
true/2067,e4ace79c89fb
true/2077,e4ace79c89fb
true/2079,e4ace79c89fb
true/2080,e4ace79c89fb
true/2087,e4ace79c89fb
true/2104,e4ace79c89fb
true/2105,e4ace79c89fb
true/211,e4ace79c89fb
true/2122,e4ace79c89fb
true/2123,e4ace79c89fb
true/2125,e4ace79c89fb
true/2138,e4ace79c89fb
true/2140,e4ace79c89fb
true/2142,e4ace79c89fb
true/2145,e4ace79c89fb
true/2147,e4ace79c89fb
true/2152,e4ace79c89fb
true/2157,e4ace79c89fb
true/2163,e4ace79c89fb
true/2164,e4ace79c89fb
true/2177,e4ace79c89fb
true/2186,e4ace79c89fb
true/2191,e4ace79c89fb
true/2197,e4ace79c89fb
true/2199,e4ace79c89fb
true/2202,e4ace79c89fb
true/2210,e4ace79c89fb
true/2216,e4ace79c89fb
true/2225,e4ace79c89fb
true/2226,e4ace79c89fb
true/2235,e4ace79c89fb
true/2237,e4ace79c89fb
true/2238,e4ace79c89fb
true/2248,e4ace79c89fb
true/2253,e4ace79c89fb
true/2259,e4ace79c89fb
true/2283,e4ace79c89fb
true/2299,e4ace79c89fb
true/2303,e4ace79c89fb
true/2308,e4ace79c89fb
true/2309,e4ace79c89fb
true/2313,e4ace79c89fb
true/2326,e4ace79c89fb
true/2328,e4ace79c89fb
true/233,e4ace79c89fb
true/2333,e4ace79c89fb
true/2335,e4ace79c89fb
true/2337,e4ace79c89fb
true/2341,e4ace79c89fb
true/2343,e4ace79c89fb
true/2352,e4ace79c89fb
true/2361,e4ace79c89fb
true/2369,e4ace79c89fb
true/2380,e4ace79c89fb
true/2382,e4ace79c89fb
true/2390,e4ace79c89fb
true/2392,e4ace79c89fb
true/2394,e4ace79c89fb
true/2404,e4ace79c89fb
true/2405,e4ace79c89fb
true/2409,e4ace79c89fb
true/241,e4ace79c89fb
true/2410,e4ace79c89fb
true/2416,e4ace79c89fb
true/2417,e4ace79c89fb
true/2421,e4ace79c89fb
true/2426,e4ace79c89fb
true/2428,e4ace79c89fb
true/2435,e4ace79c89fb
true/2438,e4ace79c89fb
true/2448,e4ace79c89fb
true/2449,e4ace79c89fb
true/2461,e4ace79c89fb
true/2462,e4ace79c89fb
true/2465,e4ace79c89fb
true/2479,e4ace79c89fb
true/2486,e4ace79c89fb
true/2487,e4ace79c89fb
true/2493,e4ace79c89fb
true/2495,e4ace79c89fb
true/2513,e4ace79c89fb
true/2514,e4ace79c89fb
true/2519,e4ace79c89fb
true/2520,e4ace79c89fb
true/2526,e4ace79c89fb
true/2530,e4ace79c89fb
true/2533,e4ace79c89fb
true/2538,e4ace79c89fb
true/2542,e4ace79c89fb
true/2549,e4ace79c89fb
true/2552,e4ace79c89fb
true/2559,e4ace79c89fb
true/256,e4ace79c89fb
true/2561,e4ace79c89fb
true/2563,e4ace79c89fb
true/2567,e4ace79c89fb
true/2573,e4ace79c89fb
true/2577,e4ace79c89fb
true/258,e4ace79c89fb
true/2587,e4ace79c89fb
true/2592,e4ace79c89fb
true/2595,e4ace79c89fb
true/2600,e4ace79c89fb
true/2616,e4ace79c89fb
true/2620,e4ace79c89fb
true/2631,e4ace79c89fb
true/2645,e4ace79c89fb
true/2663,e4ace79c89fb
true/2676,e4ace79c89fb
true/2680,e4ace79c89fb
true/2694,e4ace79c89fb
true/2700,e4ace79c89fb
true/2701,e4ace79c89fb
true/2708,e4ace79c89fb
true/2729,e4ace79c89fb
true/2765,e4ace79c89fb
true/2769,e4ace79c89fb
true/2770,e4ace79c89fb
true/2773,e4ace79c89fb
true/2776,e4ace79c89fb
true/2779,e4ace79c89fb
true/2780,e4ace79c89fb
true/2784,e4ace79c89fb
true/2785,e4ace79c89fb
true/2789,e4ace79c89fb
true/2794,e4ace79c89fb
true/2798,e4ace79c89fb
true/280,e4ace79c89fb
true/2802,e4ace79c89fb
true/2806,e4ace79c89fb
true/2809,e4ace79c89fb
true/2822,e4ace79c89fb
true/2824,e4ace79c89fb
true/2829,e4ace79c89fb
true/2839,e4ace79c89fb
true/2848,e4ace79c89fb
true/2849,e4ace79c89fb
true/2859,e4ace79c89fb
true/2861,e4ace79c89fb
true/2865,e4ace79c89fb
true/2870,e4ace79c89fb
true/2888,e4ace79c89fb
true/289,e4ace79c89fb
true/2890,e4ace79c89fb
true/2897,e4ace79c89fb
true/2899,e4ace79c89fb
true/2901,e4ace79c89fb
true/2915,e4ace79c89fb
true/2942,e4ace79c89fb
true/2947,e4ace79c89fb
true/2949,e4ace79c89fb
true/2967,e4ace79c89fb
true/2970,e4ace79c89fb
true/2981,e4ace79c89fb
true/2988,e4ace79c89fb
true/2989,e4ace79c89fb
true/3001,e4ace79c89fb
true/3002,e4ace79c89fb
true/3023,e4ace79c89fb
true/3027,e4ace79c89fb
true/3049,e4ace79c89fb
true/305,e4ace79c89fb
true/3056,e4ace79c89fb
true/3059,e4ace79c89fb
true/3071,e4ace79c89fb
true/3072,e4ace79c89fb
true/3076,e4ace79c89fb
true/3087,e4ace79c89fb
true/3101,e4ace79c89fb
true/3109,e4ace79c89fb
true/3115,e4ace79c89fb
true/3126,e4ace79c89fb
true/3127,e4ace79c89fb
true/3133,e4ace79c89fb
true/3138,e4ace79c89fb
true/3152,e4ace79c89fb
true/3165,e4ace79c89fb
true/3170,e4ace79c89fb
true/3188,e4ace79c89fb
true/319,e4ace79c89fb
true/3190,e4ace79c89fb
true/32,e4ace79c89fb
true/320,e4ace79c89fb
true/3202,e4ace79c89fb
true/3206,e4ace79c89fb
true/321,e4ace79c89fb
true/3214,e4ace79c89fb
true/3225,e4ace79c89fb
true/323,e4ace79c89fb
true/3252,e4ace79c89fb
true/3253,e4ace79c89fb
true/326,e4ace79c89fb
true/3267,e4ace79c89fb
true/3270,e4ace79c89fb
true/3280,e4ace79c89fb
true/3285,e4ace79c89fb
true/3287,e4ace79c89fb
true/329,e4ace79c89fb
true/3293,e4ace79c89fb
true/3304,e4ace79c89fb
true/3308,e4ace79c89fb
true/3310,e4ace79c89fb
true/3323,e4ace79c89fb
true/3328,e4ace79c89fb
true/3335,e4ace79c89fb
true/3337,e4ace79c89fb
true/3347,e4ace79c89fb
true/3354,e4ace79c89fb
true/3362,e4ace79c89fb
true/3369,e4ace79c89fb
true/3380,e4ace79c89fb
true/339,e4ace79c89fb
true/3391,e4ace79c89fb
true/3393,e4ace79c89fb
true/3413,e4ace79c89fb
true/3422,e4ace79c89fb
true/3425,e4ace79c89fb
true/3426,e4ace79c89fb
true/3430,e4ace79c89fb
true/3438,e4ace79c89fb
true/3439,e4ace79c89fb
true/3451,e4ace79c89fb
true/3453,e4ace79c89fb
true/3469,e4ace79c89fb
true/3471,e4ace79c89fb
true/3479,e4ace79c89fb
true/3499,e4ace79c89fb
true/350,e4ace79c89fb
true/3500,e4ace79c89fb
true/3514,e4ace79c89fb
true/3515,e4ace79c89fb
true/3523,e4ace79c89fb
true/3524,e4ace79c89fb
true/3536,e4ace79c89fb
true/3541,e4ace79c89fb
true/3548,e4ace79c89fb
true/355,e4ace79c89fb
true/3558,e4ace79c89fb
true/3585,e4ace79c89fb
true/3586,e4ace79c89fb
true/3590,e4ace79c89fb
true/3593,e4ace79c89fb
true/3602,e4ace79c89fb
true/364,e4ace79c89fb
true/381,e4ace79c89fb
true/388,e4ace79c89fb
true/39,e4ace79c89fb
true/392,e4ace79c89fb
true/398,e4ace79c89fb
true/399,e4ace79c89fb
true/412,e4ace79c89fb
true/426,e4ace79c89fb
true/428,e4ace79c89fb
true/430,e4ace79c89fb
true/438,e4ace79c89fb
true/446,e4ace79c89fb
true/448,e4ace79c89fb
true/466,e4ace79c89fb
true/468,e4ace79c89fb
true/470,e4ace79c89fb
true/471,e4ace79c89fb
true/487,e4ace79c89fb
true/49,e4ace79c89fb
true/500,e4ace79c89fb
true/51,e4ace79c89fb
true/512,e4ace79c89fb
true/527,e4ace79c89fb
true/567,e4ace79c89fb
true/571,e4ace79c89fb
true/595,e4ace79c89fb
true/599,e4ace79c89fb
true/604,e4ace79c89fb
true/609,e4ace79c89fb
true/616,e4ace79c89fb
true/621,e4ace79c89fb
true/623,e4ace79c89fb
true/627,e4ace79c89fb
true/628,e4ace79c89fb
true/633,e4ace79c89fb
true/637,e4ace79c89fb
true/645,e4ace79c89fb
true/648,e4ace79c89fb
true/650,e4ace79c89fb
true/656,e4ace79c89fb
true/661,e4ace79c89fb
true/665,e4ace79c89fb
true/702,e4ace79c89fb
true/714,e4ace79c89fb
true/735,e4ace79c89fb
true/743,e4ace79c89fb
true/750,e4ace79c89fb
true/751,e4ace79c89fb
true/762,e4ace79c89fb
true/770,e4ace79c89fb
true/772,e4ace79c89fb
true/773,e4ace79c89fb
true/774,e4ace79c89fb
true/779,e4ace79c89fb
true/781,e4ace79c89fb
true/787,e4ace79c89fb
true/788,e4ace79c89fb
true/792,e4ace79c89fb
true/794,e4ace79c89fb
true/802,e4ace79c89fb
true/811,e4ace79c89fb
true/822,e4ace79c89fb
true/827,e4ace79c89fb
true/828,e4ace79c89fb
true/829,e4ace79c89fb
true/84,e4ace79c89fb
true/848,e4ace79c89fb
true/849,e4ace79c89fb
true/858,e4ace79c89fb
true/875,e4ace79c89fb
true/887,e4ace79c89fb
true/888,e4ace79c89fb
true/895,e4ace79c89fb
true/9,e4ace79c89fb
true/904,e4ace79c89fb
true/907,e4ace79c89fb
true/913,e4ace79c89fb
true/92,e4ace79c89fb
true/928,e4ace79c89fb
true/936,e4ace79c89fb
true/938,e4ace79c89fb
true/957,e4ace79c89fb
true/96,e4ace79c89fb
true/966,e4ace79c89fb
true/968,e4ace79c89fb
true/969,e4ace79c89fb
true/970,e4ace79c89fb
true/995,e4ace79c89fb
fake/1005,9dee6bb96f14
fake/1006,9dee6bb96f14
fake/1009,9dee6bb96f14
fake/101,9dee6bb96f14
fake/1014,9dee6bb96f14
fake/1025,9dee6bb96f14
fake/1042,9dee6bb96f14
fake/1044,9dee6bb96f14
fake/1045,9dee6bb96f14
fake/1049,9dee6bb96f14
fake/1060,9dee6bb96f14
fake/1061,9dee6bb96f14
fake/1067,9dee6bb96f14
fake/1082,9dee6bb96f14
fake/109,9dee6bb96f14
fake/1093,9dee6bb96f14
fake/1094,9dee6bb96f14
fake/1101,9dee6bb96f14
fake/1104,9dee6bb96f14
fake/1106,9dee6bb96f14
fake/1108,9dee6bb96f14
fake/1112,9dee6bb96f14
fake/1115,9dee6bb96f14
fake/1121,9dee6bb96f14
fake/1134,9dee6bb96f14
fake/1137,9dee6bb96f14
fake/1140,9dee6bb96f14
fake/1144,9dee6bb96f14
fake/1147,9dee6bb96f14
fake/1153,9dee6bb96f14
fake/1165,9dee6bb96f14
fake/1174,9dee6bb96f14
fake/1179,9dee6bb96f14
fake/1181,9dee6bb96f14
fake/1185,9dee6bb96f14
fake/1187,9dee6bb96f14
fake/1190,9dee6bb96f14
fake/1197,9dee6bb96f14
fake/1208,9dee6bb96f14
fake/1215,9dee6bb96f14
fake/1216,9dee6bb96f14
fake/1217,9dee6bb96f14
fake/1221,9dee6bb96f14
fake/1227,9dee6bb96f14
fake/1228,9dee6bb96f14
fake/1232,9dee6bb96f14
fake/1244,9dee6bb96f14
fake/1249,9dee6bb96f14
fake/1250,9dee6bb96f14
fake/1252,9dee6bb96f14
fake/1256,9dee6bb96f14
fake/1258,9dee6bb96f14
fake/1260,9dee6bb96f14
fake/1263,9dee6bb96f14
fake/1269,9dee6bb96f14
fake/1275,9dee6bb96f14
fake/1289,9dee6bb96f14
fake/1299,9dee6bb96f14
fake/1313,9dee6bb96f14
fake/1320,9dee6bb96f14
fake/1323,9dee6bb96f14
fake/1330,9dee6bb96f14
fake/1338,9dee6bb96f14
fake/1340,9dee6bb96f14
fake/1345,9dee6bb96f14
fake/1361,9dee6bb96f14
fake/1367,9dee6bb96f14
fake/1372,9dee6bb96f14
fake/1375,9dee6bb96f14
fake/1382,9dee6bb96f14
fake/1401,9dee6bb96f14
fake/1403,9dee6bb96f14
fake/1406,9dee6bb96f14
fake/1413,9dee6bb96f14
fake/1415,9dee6bb96f14
fake/1417,9dee6bb96f14
fake/1418,9dee6bb96f14
fake/1425,9dee6bb96f14
fake/1428,9dee6bb96f14
fake/1443,9dee6bb96f14
fake/1453,9dee6bb96f14
fake/1458,9dee6bb96f14
fake/1466,9dee6bb96f14
fake/1474,9dee6bb96f14
fake/1478,9dee6bb96f14
fake/1486,9dee6bb96f14
fake/1497,9dee6bb96f14
fake/1500,9dee6bb96f14
fake/1506,9dee6bb96f14
fake/1507,9dee6bb96f14
fake/1511,9dee6bb96f14
fake/1513,9dee6bb96f14
fake/1518,9dee6bb96f14
fake/1520,9dee6bb96f14
fake/1528,9dee6bb96f14
fake/1529,9dee6bb96f14
fake/1534,9dee6bb96f14
fake/1546,9dee6bb96f14
fake/1549,9dee6bb96f14
fake/155,9dee6bb96f14
fake/1551,9dee6bb96f14
fake/1552,9dee6bb96f14
fake/1553,9dee6bb96f14
fake/1554,9dee6bb96f14
fake/1555,9dee6bb96f14
fake/1557,9dee6bb96f14
fake/1560,9dee6bb96f14
fake/1572,9dee6bb96f14
fake/1573,9dee6bb96f14
fake/1574,9dee6bb96f14
fake/1576,9dee6bb96f14
fake/1577,9dee6bb96f14
fake/1586,9dee6bb96f14
fake/1587,9dee6bb96f14
fake/1589,9dee6bb96f14
fake/1591,9dee6bb96f14
fake/1599,9dee6bb96f14
fake/1604,9dee6bb96f14
fake/1606,9dee6bb96f14
fake/1614,9dee6bb96f14
fake/1616,9dee6bb96f14
fake/1618,9dee6bb96f14
fake/1619,9dee6bb96f14
fake/1624,9dee6bb96f14
fake/1627,9dee6bb96f14
fake/1628,9dee6bb96f14
fake/1634,9dee6bb96f14
fake/1637,9dee6bb96f14
fake/1638,9dee6bb96f14
fake/1639,9dee6bb96f14
fake/1648,9dee6bb96f14
fake/165,9dee6bb96f14
fake/1654,9dee6bb96f14
fake/1656,9dee6bb96f14
fake/1659,9dee6bb96f14
fake/1661,9dee6bb96f14
fake/1663,9dee6bb96f14
fake/1667,9dee6bb96f14
fake/1668,9dee6bb96f14
fake/1670,9dee6bb96f14
fake/1673,9dee6bb96f14
fake/1682,9dee6bb96f14
fake/1690,9dee6bb96f14
fake/1693,9dee6bb96f14
fake/1698,9dee6bb96f14
fake/1705,9dee6bb96f14
fake/1714,9dee6bb96f14
fake/1724,9dee6bb96f14
fake/1726,9dee6bb96f14
fake/1729,9dee6bb96f14
fake/1733,9dee6bb96f14
fake/1741,9dee6bb96f14
fake/1750,9dee6bb96f14
fake/1751,9dee6bb96f14
fake/1753,9dee6bb96f14
fake/1767,9dee6bb96f14
fake/1768,9dee6bb96f14
fake/1769,9dee6bb96f14
fake/1770,9dee6bb96f14
fake/1776,9dee6bb96f14
fake/1780,9dee6bb96f14
fake/1793,9dee6bb96f14
fake/1799,9dee6bb96f14
fake/1800,9dee6bb96f14
fake/1805,9dee6bb96f14
fake/1807,9dee6bb96f14
fake/1809,9dee6bb96f14
fake/1810,9dee6bb96f14
fake/1813,9dee6bb96f14
fake/1818,9dee6bb96f14
fake/1826,9dee6bb96f14
fake/1831,9dee6bb96f14
fake/1834,9dee6bb96f14
fake/1836,9dee6bb96f14
fake/1837,9dee6bb96f14
fake/184,9dee6bb96f14
fake/1840,9dee6bb96f14
fake/1843,9dee6bb96f14
fake/1844,9dee6bb96f14
fake/1848,9dee6bb96f14
fake/1849,9dee6bb96f14
fake/1851,9dee6bb96f14
fake/1856,9dee6bb96f14
fake/1861,9dee6bb96f14
fake/1866,9dee6bb96f14
fake/1869,9dee6bb96f14
fake/1887,9dee6bb96f14
fake/1891,9dee6bb96f14
fake/1899,9dee6bb96f14
fake/1908,9dee6bb96f14
fake/1909,9dee6bb96f14
fake/191,9dee6bb96f14
fake/1916,9dee6bb96f14
fake/1920,9dee6bb96f14
fake/1924,9dee6bb96f14
fake/1940,9dee6bb96f14
fake/1943,9dee6bb96f14
fake/1944,9dee6bb96f14
fake/1952,9dee6bb96f14
fake/1953,9dee6bb96f14
fake/1964,9dee6bb96f14
fake/1965,9dee6bb96f14
fake/1970,9dee6bb96f14
fake/1989,9dee6bb96f14
fake/1996,9dee6bb96f14
fake/1999,9dee6bb96f14
fake/2001,9dee6bb96f14
fake/2003,9dee6bb96f14
fake/2006,9dee6bb96f14
fake/2007,9dee6bb96f14
fake/2011,9dee6bb96f14
fake/2017,9dee6bb96f14
fake/2021,9dee6bb96f14
fake/2022,9dee6bb96f14
fake/2023,9dee6bb96f14
fake/2025,9dee6bb96f14
fake/2027,9dee6bb96f14
fake/2028,9dee6bb96f14
fake/2030,9dee6bb96f14
fake/2038,9dee6bb96f14
fake/2040,9dee6bb96f14
fake/2045,9dee6bb96f14
fake/2061,9dee6bb96f14
fake/2062,9dee6bb96f14
fake/2064,9dee6bb96f14
fake/2069,9dee6bb96f14
fake/2077,9dee6bb96f14
fake/2080,9dee6bb96f14
fake/2086,9dee6bb96f14
fake/2087,9dee6bb96f14
fake/2088,9dee6bb96f14
fake/2090,9dee6bb96f14
fake/2094,9dee6bb96f14
fake/2111,9dee6bb96f14
fake/2122,9dee6bb96f14
fake/2125,9dee6bb96f14
fake/2133,9dee6bb96f14
fake/2137,9dee6bb96f14
fake/2138,9dee6bb96f14
fake/214,9dee6bb96f14
fake/2141,9dee6bb96f14
fake/2148,9dee6bb96f14
fake/2150,9dee6bb96f14
fake/2152,9dee6bb96f14
fake/2161,9dee6bb96f14
fake/2166,9dee6bb96f14
fake/2167,9dee6bb96f14
fake/2171,9dee6bb96f14
fake/2176,9dee6bb96f14
fake/2179,9dee6bb96f14
fake/2185,9dee6bb96f14
fake/2186,9dee6bb96f14
fake/2197,9dee6bb96f14
fake/2198,9dee6bb96f14
fake/2206,9dee6bb96f14
fake/2214,9dee6bb96f14
fake/2215,9dee6bb96f14
fake/2219,9dee6bb96f14
fake/2226,9dee6bb96f14
fake/2229,9dee6bb96f14
fake/2231,9dee6bb96f14
fake/2232,9dee6bb96f14
fake/2233,9dee6bb96f14
fake/2234,9dee6bb96f14
fake/2236,9dee6bb96f14
fake/2240,9dee6bb96f14
fake/2246,9dee6bb96f14
fake/2253,9dee6bb96f14
fake/2257,9dee6bb96f14
fake/2261,9dee6bb96f14
fake/2264,9dee6bb96f14
fake/2267,9dee6bb96f14
fake/2268,9dee6bb96f14
fake/2270,9dee6bb96f14
fake/2271,9dee6bb96f14
fake/2280,9dee6bb96f14
fake/2282,9dee6bb96f14
fake/2283,9dee6bb96f14
fake/2286,9dee6bb96f14
fake/2287,9dee6bb96f14
fake/2295,9dee6bb96f14
fake/2297,9dee6bb96f14
fake/2298,9dee6bb96f14
fake/2299,9dee6bb96f14
fake/2300,9dee6bb96f14
fake/2303,9dee6bb96f14
fake/2310,9dee6bb96f14
fake/2313,9dee6bb96f14
fake/2330,9dee6bb96f14
fake/2333,9dee6bb96f14
fake/2336,9dee6bb96f14
fake/2341,9dee6bb96f14
fake/2343,9dee6bb96f14
fake/2349,9dee6bb96f14
fake/2354,9dee6bb96f14
fake/2360,9dee6bb96f14
fake/2365,9dee6bb96f14
fake/2369,9dee6bb96f14
fake/237,9dee6bb96f14
fake/2377,9dee6bb96f14
fake/2380,9dee6bb96f14
fake/2385,9dee6bb96f14
fake/2387,9dee6bb96f14
fake/2393,9dee6bb96f14
fake/2394,9dee6bb96f14
fake/2400,9dee6bb96f14
fake/2401,9dee6bb96f14
fake/2402,9dee6bb96f14
fake/2405,9dee6bb96f14
fake/2411,9dee6bb96f14
fake/2417,9dee6bb96f14
fake/2419,9dee6bb96f14
fake/2421,9dee6bb96f14
fake/2425,9dee6bb96f14
fake/243,9dee6bb96f14
fake/2432,9dee6bb96f14
fake/2434,9dee6bb96f14
fake/2435,9dee6bb96f14
fake/2441,9dee6bb96f14
fake/2442,9dee6bb96f14
fake/2450,9dee6bb96f14
fake/2462,9dee6bb96f14
fake/2464,9dee6bb96f14
fake/2465,9dee6bb96f14
fake/2469,9dee6bb96f14
fake/2471,9dee6bb96f14
fake/2472,9dee6bb96f14
fake/2475,9dee6bb96f14
fake/2480,9dee6bb96f14
fake/2487,9dee6bb96f14
fake/2489,9dee6bb96f14
fake/2491,9dee6bb96f14
fake/2495,9dee6bb96f14
fake/2496,9dee6bb96f14
fake/2506,9dee6bb96f14
fake/2508,9dee6bb96f14
fake/2509,9dee6bb96f14
fake/252,9dee6bb96f14
fake/2526,9dee6bb96f14
fake/2529,9dee6bb96f14
fake/2534,9dee6bb96f14
fake/2539,9dee6bb96f14
fake/2546,9dee6bb96f14
fake/2549,9dee6bb96f14
fake/2559,9dee6bb96f14
fake/256,9dee6bb96f14
fake/2561,9dee6bb96f14
fake/2562,9dee6bb96f14
fake/2564,9dee6bb96f14
fake/2565,9dee6bb96f14
fake/2578,9dee6bb96f14
fake/2587,9dee6bb96f14
fake/2591,9dee6bb96f14
fake/2603,9dee6bb96f14
fake/2606,9dee6bb96f14
fake/2608,9dee6bb96f14
fake/2609,9dee6bb96f14
fake/2613,9dee6bb96f14
fake/2616,9dee6bb96f14
fake/2620,9dee6bb96f14
fake/2631,9dee6bb96f14
fake/2636,9dee6bb96f14
fake/2638,9dee6bb96f14
fake/2641,9dee6bb96f14
fake/2642,9dee6bb96f14
fake/2646,9dee6bb96f14
fake/2648,9dee6bb96f14
fake/265,9dee6bb96f14
fake/2650,9dee6bb96f14
fake/2657,9dee6bb96f14
fake/2659,9dee6bb96f14
fake/2665,9dee6bb96f14
fake/2666,9dee6bb96f14
fake/2668,9dee6bb96f14
fake/267,9dee6bb96f14
fake/2670,9dee6bb96f14
fake/2671,9dee6bb96f14
fake/2676,9dee6bb96f14
fake/2680,9dee6bb96f14
fake/2683,9dee6bb96f14
fake/2686,9dee6bb96f14
fake/2688,9dee6bb96f14
fake/2689,9dee6bb96f14
fake/2698,9dee6bb96f14
fake/2700,9dee6bb96f14
fake/2702,9dee6bb96f14
fake/2703,9dee6bb96f14
fake/2709,9dee6bb96f14
fake/273,9dee6bb96f14
fake/2731,9dee6bb96f14
fake/2738,9dee6bb96f14
fake/274,9dee6bb96f14
fake/2741,9dee6bb96f14
fake/2742,9dee6bb96f14
fake/2747,9dee6bb96f14
fake/2751,9dee6bb96f14
fake/2752,9dee6bb96f14
fake/2754,9dee6bb96f14
fake/2763,9dee6bb96f14
fake/2767,9dee6bb96f14
fake/2769,9dee6bb96f14
fake/2770,9dee6bb96f14
fake/2773,9dee6bb96f14
fake/2776,9dee6bb96f14
fake/2778,9dee6bb96f14
fake/278,9dee6bb96f14
fake/2784,9dee6bb96f14
fake/2785,9dee6bb96f14
fake/2789,9dee6bb96f14
fake/2802,9dee6bb96f14
fake/2804,9dee6bb96f14
fake/2809,9dee6bb96f14
fake/2820,9dee6bb96f14
fake/2824,9dee6bb96f14
fake/2832,9dee6bb96f14
fake/284,9dee6bb96f14
fake/2843,9dee6bb96f14
fake/2850,9dee6bb96f14
fake/2854,9dee6bb96f14
fake/2855,9dee6bb96f14
fake/2856,9dee6bb96f14
fake/2857,9dee6bb96f14
fake/2859,9dee6bb96f14
fake/286,9dee6bb96f14
fake/2861,9dee6bb96f14
fake/2870,9dee6bb96f14
fake/2871,9dee6bb96f14
fake/2872,9dee6bb96f14
fake/2874,9dee6bb96f14
fake/2876,9dee6bb96f14
fake/2878,9dee6bb96f14
fake/2882,9dee6bb96f14
fake/2886,9dee6bb96f14
fake/2892,9dee6bb96f14
fake/2894,9dee6bb96f14
fake/2905,9dee6bb96f14
fake/2910,9dee6bb96f14
fake/2916,9dee6bb96f14
fake/292,9dee6bb96f14
fake/2925,9dee6bb96f14
fake/2933,9dee6bb96f14
fake/2934,9dee6bb96f14
fake/2948,9dee6bb96f14
fake/2953,9dee6bb96f14
fake/2954,9dee6bb96f14
fake/296,9dee6bb96f14
fake/2967,9dee6bb96f14
fake/2969,9dee6bb96f14
fake/297,9dee6bb96f14
fake/2974,9dee6bb96f14
fake/2977,9dee6bb96f14
fake/2979,9dee6bb96f14
fake/2981,9dee6bb96f14
fake/2986,9dee6bb96f14
fake/2988,9dee6bb96f14
fake/2994,9dee6bb96f14
fake/3009,9dee6bb96f14
fake/3011,9dee6bb96f14
fake/3014,9dee6bb96f14
fake/3019,9dee6bb96f14
fake/3029,9dee6bb96f14
fake/3034,9dee6bb96f14
fake/3035,9dee6bb96f14
fake/3040,9dee6bb96f14
fake/3046,9dee6bb96f14
fake/3049,9dee6bb96f14
fake/3053,9dee6bb96f14
fake/3055,9dee6bb96f14
fake/3057,9dee6bb96f14
fake/3060,9dee6bb96f14
fake/3062,9dee6bb96f14
fake/3067,9dee6bb96f14
fake/3068,9dee6bb96f14
fake/3071,9dee6bb96f14
fake/3072,9dee6bb96f14
fake/3082,9dee6bb96f14
fake/3087,9dee6bb96f14
fake/3094,9dee6bb96f14
fake/3097,9dee6bb96f14
fake/3098,9dee6bb96f14
fake/3100,9dee6bb96f14
fake/3106,9dee6bb96f14
fake/3109,9dee6bb96f14
fake/311,9dee6bb96f14
fake/312,9dee6bb96f14
fake/3126,9dee6bb96f14
fake/3127,9dee6bb96f14
fake/3131,9dee6bb96f14
fake/3137,9dee6bb96f14
fake/3144,9dee6bb96f14
fake/3154,9dee6bb96f14
fake/3157,9dee6bb96f14
fake/3159,9dee6bb96f14
fake/3162,9dee6bb96f14
fake/3164,9dee6bb96f14
fake/3166,9dee6bb96f14
fake/3168,9dee6bb96f14
fake/317,9dee6bb96f14
fake/3182,9dee6bb96f14
fake/3183,9dee6bb96f14
fake/319,9dee6bb96f14
fake/3193,9dee6bb96f14
fake/3194,9dee6bb96f14
fake/3199,9dee6bb96f14
fake/3206,9dee6bb96f14
fake/3207,9dee6bb96f14
fake/321,9dee6bb96f14
fake/3225,9dee6bb96f14
fake/3226,9dee6bb96f14
fake/3227,9dee6bb96f14
fake/3232,9dee6bb96f14
fake/3235,9dee6bb96f14
fake/3241,9dee6bb96f14
fake/3242,9dee6bb96f14
fake/3246,9dee6bb96f14
fake/3249,9dee6bb96f14
fake/3252,9dee6bb96f14
fake/3259,9dee6bb96f14
fake/3277,9dee6bb96f14
fake/3278,9dee6bb96f14
fake/3285,9dee6bb96f14
fake/329,9dee6bb96f14
fake/3298,9dee6bb96f14
fake/330,9dee6bb96f14
fake/3301,9dee6bb96f14
fake/3303,9dee6bb96f14
fake/3304,9dee6bb96f14
fake/3305,9dee6bb96f14
fake/331,9dee6bb96f14
fake/3314,9dee6bb96f14
fake/3316,9dee6bb96f14
fake/3320,9dee6bb96f14
fake/3324,9dee6bb96f14
fake/3325,9dee6bb96f14
fake/3327,9dee6bb96f14
fake/3328,9dee6bb96f14
fake/3338,9dee6bb96f14
fake/334,9dee6bb96f14
fake/3355,9dee6bb96f14
fake/3360,9dee6bb96f14
fake/3366,9dee6bb96f14
fake/3367,9dee6bb96f14
fake/3372,9dee6bb96f14
fake/3375,9dee6bb96f14
fake/338,9dee6bb96f14
fake/3380,9dee6bb96f14
fake/3388,9dee6bb96f14
fake/339,9dee6bb96f14
fake/3391,9dee6bb96f14
fake/3396,9dee6bb96f14
fake/3400,9dee6bb96f14
fake/3404,9dee6bb96f14
fake/3408,9dee6bb96f14
fake/3409,9dee6bb96f14
fake/3412,9dee6bb96f14
fake/3417,9dee6bb96f14
fake/3422,9dee6bb96f14
fake/343,9dee6bb96f14
fake/3431,9dee6bb96f14
fake/3432,9dee6bb96f14
fake/3440,9dee6bb96f14
fake/345,9dee6bb96f14
fake/3451,9dee6bb96f14
fake/3459,9dee6bb96f14
fake/3470,9dee6bb96f14
fake/3472,9dee6bb96f14
fake/3473,9dee6bb96f14
fake/3477,9dee6bb96f14
fake/348,9dee6bb96f14
fake/3508,9dee6bb96f14
fake/3514,9dee6bb96f14
fake/353,9dee6bb96f14
fake/3535,9dee6bb96f14
fake/3537,9dee6bb96f14
fake/3538,9dee6bb96f14
fake/3546,9dee6bb96f14
fake/3547,9dee6bb96f14
fake/3548,9dee6bb96f14
fake/355,9dee6bb96f14
fake/3566,9dee6bb96f14
fake/3567,9dee6bb96f14
fake/3575,9dee6bb96f14
fake/3577,9dee6bb96f14
fake/3579,9dee6bb96f14
fake/3580,9dee6bb96f14
fake/3585,9dee6bb96f14
fake/3588,9dee6bb96f14
fake/3602,9dee6bb96f14
fake/364,9dee6bb96f14
fake/366,9dee6bb96f14
fake/403,9dee6bb96f14
fake/411,9dee6bb96f14
fake/412,9dee6bb96f14
fake/414,9dee6bb96f14
fake/417,9dee6bb96f14
fake/418,9dee6bb96f14
fake/429,9dee6bb96f14
fake/433,9dee6bb96f14
fake/437,9dee6bb96f14
fake/440,9dee6bb96f14
fake/450,9dee6bb96f14
fake/452,9dee6bb96f14
fake/463,9dee6bb96f14
fake/467,9dee6bb96f14
fake/469,9dee6bb96f14
fake/477,9dee6bb96f14
fake/487,9dee6bb96f14
fake/490,9dee6bb96f14
fake/494,9dee6bb96f14
fake/500,9dee6bb96f14
fake/504,9dee6bb96f14
fake/506,9dee6bb96f14
fake/508,9dee6bb96f14
fake/515,9dee6bb96f14
fake/519,9dee6bb96f14
fake/522,9dee6bb96f14
fake/529,9dee6bb96f14
fake/537,9dee6bb96f14
fake/547,9dee6bb96f14
fake/554,9dee6bb96f14
fake/557,9dee6bb96f14
fake/568,9dee6bb96f14
fake/571,9dee6bb96f14
fake/573,9dee6bb96f14
fake/575,9dee6bb96f14
fake/581,9dee6bb96f14
fake/582,9dee6bb96f14
fake/594,9dee6bb96f14
fake/595,9dee6bb96f14
fake/598,9dee6bb96f14
fake/603,9dee6bb96f14
fake/606,9dee6bb96f14
fake/607,9dee6bb96f14
fake/612,9dee6bb96f14
fake/627,9dee6bb96f14
fake/634,9dee6bb96f14
fake/635,9dee6bb96f14
fake/647,9dee6bb96f14
fake/660,9dee6bb96f14
fake/665,9dee6bb96f14
fake/675,9dee6bb96f14
fake/681,9dee6bb96f14
fake/682,9dee6bb96f14
fake/683,9dee6bb96f14
fake/689,9dee6bb96f14
fake/693,9dee6bb96f14
fake/694,9dee6bb96f14
fake/699,9dee6bb96f14
fake/701,9dee6bb96f14
fake/711,9dee6bb96f14
fake/718,9dee6bb96f14
fake/726,9dee6bb96f14
fake/731,9dee6bb96f14
fake/735,9dee6bb96f14
fake/739,9dee6bb96f14
fake/743,9dee6bb96f14
fake/749,9dee6bb96f14
fake/751,9dee6bb96f14
fake/758,9dee6bb96f14
fake/761,9dee6bb96f14
fake/771,9dee6bb96f14
fake/779,9dee6bb96f14
fake/788,9dee6bb96f14
fake/795,9dee6bb96f14
fake/798,9dee6bb96f14
fake/802,9dee6bb96f14
fake/809,9dee6bb96f14
fake/811,9dee6bb96f14
fake/814,9dee6bb96f14
fake/815,9dee6bb96f14
fake/821,9dee6bb96f14
fake/829,9dee6bb96f14
fake/832,9dee6bb96f14
fake/852,9dee6bb96f14
fake/860,9dee6bb96f14
fake/871,9dee6bb96f14
fake/878,9dee6bb96f14
fake/882,9dee6bb96f14
fake/889,9dee6bb96f14
fake/899,9dee6bb96f14
fake/905,9dee6bb96f14
fake/908,9dee6bb96f14
fake/910,9dee6bb96f14
fake/914,9dee6bb96f14
fake/916,9dee6bb96f14
fake/922,9dee6bb96f14
fake/931,9dee6bb96f14
fake/932,9dee6bb96f14
fake/934,9dee6bb96f14
fake/936,9dee6bb96f14
fake/938,9dee6bb96f14
fake/939,9dee6bb96f14
fake/940,9dee6bb96f14
fake/951,9dee6bb96f14
fake/964,9dee6bb96f14
fake/970,9dee6bb96f14
fake/972,9dee6bb96f14
fake/973,9dee6bb96f14
fake/974,9dee6bb96f14
fake/983,9dee6bb96f14
fake/989,9dee6bb96f14
fake/992,9dee6bb96f14
true/133,9dee6bb96f14
true/213,9dee6bb96f14
true/215,9dee6bb96f14
true/220,9dee6bb96f14
true/262,9dee6bb96f14
true/292,9dee6bb96f14
true/2950,9dee6bb96f14
true/3492,9dee6bb96f14
true/353,9dee6bb96f14
true/69,9dee6bb96f14
fake/18,0b59acfe6380
fake/20,0b59acfe6380
fake/21,0b59acfe6380
fake/29,0b59acfe6380
fake/30,0b59acfe6380
fake/34,0b59acfe6380
fake/35,0b59acfe6380
fake/36,0b59acfe6380
fake/37,0b59acfe6380
fake/45,0b59acfe6380
fake/49,0b59acfe6380
fake/51,0b59acfe6380
fake/53,0b59acfe6380
fake/54,0b59acfe6380
fake/55,0b59acfe6380
fake/56,0b59acfe6380
fake/58,0b59acfe6380
fake/59,0b59acfe6380
fake/62,0b59acfe6380
fake/63,0b59acfe6380
fake/65,0b59acfe6380
fake/69,0b59acfe6380
fake/70,0b59acfe6380
fake/71,0b59acfe6380
fake/72,0b59acfe6380
fake/73,0b59acfe6380
fake/74,0b59acfe6380
fake/75,0b59acfe6380
fake/82,0b59acfe6380
fake/84,0b59acfe6380
fake/85,0b59acfe6380
true/1009,0b59acfe6380
true/1013,0b59acfe6380
true/1019,0b59acfe6380
true/1022,0b59acfe6380
true/1026,0b59acfe6380
true/1028,0b59acfe6380
true/1041,0b59acfe6380
true/1042,0b59acfe6380
true/1055,0b59acfe6380
true/1058,0b59acfe6380
true/1060,0b59acfe6380
true/1063,0b59acfe6380
true/1066,0b59acfe6380
true/1075,0b59acfe6380
true/1076,0b59acfe6380
true/1082,0b59acfe6380
true/1083,0b59acfe6380
true/1084,0b59acfe6380
true/1093,0b59acfe6380
true/1094,0b59acfe6380
true/1099,0b59acfe6380
true/11,0b59acfe6380
true/110,0b59acfe6380
true/1107,0b59acfe6380
true/1108,0b59acfe6380
true/1109,0b59acfe6380
true/1125,0b59acfe6380
true/1131,0b59acfe6380
true/114,0b59acfe6380
true/1142,0b59acfe6380
true/1148,0b59acfe6380
true/1160,0b59acfe6380
true/1167,0b59acfe6380
true/1179,0b59acfe6380
true/1181,0b59acfe6380
true/1182,0b59acfe6380
true/1184,0b59acfe6380
true/1186,0b59acfe6380
true/1187,0b59acfe6380
true/119,0b59acfe6380
true/1198,0b59acfe6380
true/1199,0b59acfe6380
true/120,0b59acfe6380
true/1201,0b59acfe6380
true/1202,0b59acfe6380
true/1204,0b59acfe6380
true/1205,0b59acfe6380
true/1217,0b59acfe6380
true/1218,0b59acfe6380
true/1232,0b59acfe6380
true/1234,0b59acfe6380
true/1235,0b59acfe6380
true/1244,0b59acfe6380
true/1246,0b59acfe6380
true/1249,0b59acfe6380
true/1258,0b59acfe6380
true/126,0b59acfe6380
true/1260,0b59acfe6380
true/1263,0b59acfe6380
true/1266,0b59acfe6380
true/1268,0b59acfe6380
true/1269,0b59acfe6380
true/1281,0b59acfe6380
true/1284,0b59acfe6380
true/1285,0b59acfe6380
true/1287,0b59acfe6380
true/1289,0b59acfe6380
true/129,0b59acfe6380
true/1292,0b59acfe6380
true/1298,0b59acfe6380
true/13,0b59acfe6380
true/1304,0b59acfe6380
true/1311,0b59acfe6380
true/1314,0b59acfe6380
true/1320,0b59acfe6380
true/1324,0b59acfe6380
true/1328,0b59acfe6380
true/1330,0b59acfe6380
true/1336,0b59acfe6380
true/1341,0b59acfe6380
true/1342,0b59acfe6380
true/1345,0b59acfe6380
true/1347,0b59acfe6380
true/1351,0b59acfe6380
true/1354,0b59acfe6380
true/1358,0b59acfe6380
true/1365,0b59acfe6380
true/1367,0b59acfe6380
true/1378,0b59acfe6380
true/1395,0b59acfe6380
true/1399,0b59acfe6380
true/1401,0b59acfe6380
true/1403,0b59acfe6380
true/1404,0b59acfe6380
true/1405,0b59acfe6380
true/1408,0b59acfe6380
true/1409,0b59acfe6380
true/1414,0b59acfe6380
true/1416,0b59acfe6380
true/1417,0b59acfe6380
true/1430,0b59acfe6380
true/146,0b59acfe6380
true/1466,0b59acfe6380
true/1469,0b59acfe6380
true/1474,0b59acfe6380
true/1479,0b59acfe6380
true/148,0b59acfe6380
true/1487,0b59acfe6380
true/1488,0b59acfe6380
true/1491,0b59acfe6380
true/1492,0b59acfe6380
true/1496,0b59acfe6380
true/1502,0b59acfe6380
true/1507,0b59acfe6380
true/1518,0b59acfe6380
true/152,0b59acfe6380
true/1528,0b59acfe6380
true/1529,0b59acfe6380
true/1531,0b59acfe6380
true/1534,0b59acfe6380
true/154,0b59acfe6380
true/1540,0b59acfe6380
true/1548,0b59acfe6380
true/155,0b59acfe6380
true/1551,0b59acfe6380
true/156,0b59acfe6380
true/1561,0b59acfe6380
true/157,0b59acfe6380
true/1570,0b59acfe6380
true/1573,0b59acfe6380
true/1579,0b59acfe6380
true/1587,0b59acfe6380
true/1591,0b59acfe6380
true/1601,0b59acfe6380
true/1604,0b59acfe6380
true/162,0b59acfe6380
true/1624,0b59acfe6380
true/1628,0b59acfe6380
true/1635,0b59acfe6380
true/1641,0b59acfe6380
true/1644,0b59acfe6380
true/1648,0b59acfe6380
true/1651,0b59acfe6380
true/1656,0b59acfe6380
true/166,0b59acfe6380
true/1663,0b59acfe6380
true/1672,0b59acfe6380
true/1683,0b59acfe6380
true/1689,0b59acfe6380
true/1703,0b59acfe6380
true/1707,0b59acfe6380
true/171,0b59acfe6380
true/1726,0b59acfe6380
true/1728,0b59acfe6380
true/1729,0b59acfe6380
true/1732,0b59acfe6380
true/1733,0b59acfe6380
true/1747,0b59acfe6380
true/175,0b59acfe6380
true/1770,0b59acfe6380
true/1772,0b59acfe6380
true/1778,0b59acfe6380
true/1789,0b59acfe6380
true/1791,0b59acfe6380
true/1793,0b59acfe6380
true/1796,0b59acfe6380
true/1799,0b59acfe6380
true/18,0b59acfe6380
true/1801,0b59acfe6380
true/1802,0b59acfe6380
true/1810,0b59acfe6380
true/1811,0b59acfe6380
true/1818,0b59acfe6380
true/1826,0b59acfe6380
true/1839,0b59acfe6380
true/1860,0b59acfe6380
true/1867,0b59acfe6380
true/1874,0b59acfe6380
true/1876,0b59acfe6380
true/188,0b59acfe6380
true/1886,0b59acfe6380
true/1888,0b59acfe6380
true/189,0b59acfe6380
true/1897,0b59acfe6380
true/1899,0b59acfe6380
true/191,0b59acfe6380
true/1916,0b59acfe6380
true/192,0b59acfe6380
true/1928,0b59acfe6380
true/193,0b59acfe6380
true/1935,0b59acfe6380
true/1936,0b59acfe6380
true/1940,0b59acfe6380
true/1943,0b59acfe6380
true/1950,0b59acfe6380
true/1952,0b59acfe6380
true/1953,0b59acfe6380
true/1966,0b59acfe6380
true/1968,0b59acfe6380
true/1974,0b59acfe6380
true/1988,0b59acfe6380
true/1989,0b59acfe6380
true/1996,0b59acfe6380
true/20,0b59acfe6380
true/2009,0b59acfe6380
true/2013,0b59acfe6380
true/2035,0b59acfe6380
true/2040,0b59acfe6380
true/2045,0b59acfe6380
true/2053,0b59acfe6380
true/2054,0b59acfe6380
true/2064,0b59acfe6380
true/2069,0b59acfe6380
true/2071,0b59acfe6380
true/2073,0b59acfe6380
true/2081,0b59acfe6380
true/2087,0b59acfe6380
true/2090,0b59acfe6380
true/2095,0b59acfe6380
true/21,0b59acfe6380
true/2104,0b59acfe6380
true/2105,0b59acfe6380
true/2106,0b59acfe6380
true/2107,0b59acfe6380
true/211,0b59acfe6380
true/2120,0b59acfe6380
true/2123,0b59acfe6380
true/2125,0b59acfe6380
true/2135,0b59acfe6380
true/2138,0b59acfe6380
true/2139,0b59acfe6380
true/2141,0b59acfe6380
true/2160,0b59acfe6380
true/2164,0b59acfe6380
true/2167,0b59acfe6380
true/2180,0b59acfe6380
true/2191,0b59acfe6380
true/2194,0b59acfe6380
true/2197,0b59acfe6380
true/2198,0b59acfe6380
true/2199,0b59acfe6380
true/2211,0b59acfe6380
true/2219,0b59acfe6380
true/2226,0b59acfe6380
true/2227,0b59acfe6380
true/2232,0b59acfe6380
true/2238,0b59acfe6380
true/2239,0b59acfe6380
true/224,0b59acfe6380
true/2253,0b59acfe6380
true/2261,0b59acfe6380
true/2267,0b59acfe6380
true/2269,0b59acfe6380
true/227,0b59acfe6380
true/2271,0b59acfe6380
true/2279,0b59acfe6380
true/2281,0b59acfe6380
true/2283,0b59acfe6380
true/2288,0b59acfe6380
true/2295,0b59acfe6380
true/2298,0b59acfe6380
true/2299,0b59acfe6380
true/2303,0b59acfe6380
true/2309,0b59acfe6380
true/2315,0b59acfe6380
true/2320,0b59acfe6380
true/2323,0b59acfe6380
true/2326,0b59acfe6380
true/2333,0b59acfe6380
true/2337,0b59acfe6380
true/2338,0b59acfe6380
true/2342,0b59acfe6380
true/2343,0b59acfe6380
true/2351,0b59acfe6380
true/2352,0b59acfe6380
true/236,0b59acfe6380
true/2361,0b59acfe6380
true/2369,0b59acfe6380
true/237,0b59acfe6380
true/2386,0b59acfe6380
true/2392,0b59acfe6380
true/2395,0b59acfe6380
true/2404,0b59acfe6380
true/2405,0b59acfe6380
true/2406,0b59acfe6380
true/2409,0b59acfe6380
true/241,0b59acfe6380
true/2410,0b59acfe6380
true/2417,0b59acfe6380
true/2418,0b59acfe6380
true/2425,0b59acfe6380
true/2433,0b59acfe6380
true/2438,0b59acfe6380
true/2439,0b59acfe6380
true/2442,0b59acfe6380
true/2448,0b59acfe6380
true/2449,0b59acfe6380
true/2450,0b59acfe6380
true/2459,0b59acfe6380
true/2461,0b59acfe6380
true/2462,0b59acfe6380
true/2464,0b59acfe6380
true/247,0b59acfe6380
true/2482,0b59acfe6380
true/2487,0b59acfe6380
true/2489,0b59acfe6380
true/2491,0b59acfe6380
true/2495,0b59acfe6380
true/2496,0b59acfe6380
true/251,0b59acfe6380
true/2513,0b59acfe6380
true/2514,0b59acfe6380
true/2520,0b59acfe6380
true/2524,0b59acfe6380
true/2527,0b59acfe6380
true/2528,0b59acfe6380
true/2530,0b59acfe6380
true/2531,0b59acfe6380
true/2536,0b59acfe6380
true/2541,0b59acfe6380
true/2559,0b59acfe6380
true/2563,0b59acfe6380
true/2567,0b59acfe6380
true/2575,0b59acfe6380
true/2577,0b59acfe6380
true/2580,0b59acfe6380
true/2582,0b59acfe6380
true/2584,0b59acfe6380
true/2588,0b59acfe6380
true/2592,0b59acfe6380
true/2599,0b59acfe6380
true/2608,0b59acfe6380
true/2609,0b59acfe6380
true/2610,0b59acfe6380
true/2614,0b59acfe6380
true/2623,0b59acfe6380
true/2640,0b59acfe6380
true/2641,0b59acfe6380
true/2642,0b59acfe6380
true/2646,0b59acfe6380
true/2652,0b59acfe6380
true/2663,0b59acfe6380
true/2677,0b59acfe6380
true/2685,0b59acfe6380
true/2693,0b59acfe6380
true/2697,0b59acfe6380
true/2698,0b59acfe6380
true/2700,0b59acfe6380
true/2707,0b59acfe6380
true/2716,0b59acfe6380
true/2724,0b59acfe6380
true/2735,0b59acfe6380
true/274,0b59acfe6380
true/2742,0b59acfe6380
true/2763,0b59acfe6380
true/2770,0b59acfe6380
true/2779,0b59acfe6380
true/278,0b59acfe6380
true/2782,0b59acfe6380
true/2784,0b59acfe6380
true/279,0b59acfe6380
true/2795,0b59acfe6380
true/2798,0b59acfe6380
true/2802,0b59acfe6380
true/2803,0b59acfe6380
true/2809,0b59acfe6380
true/2819,0b59acfe6380
true/2824,0b59acfe6380
true/2833,0b59acfe6380
true/284,0b59acfe6380
true/2840,0b59acfe6380
true/2843,0b59acfe6380
true/2845,0b59acfe6380
true/2861,0b59acfe6380
true/2881,0b59acfe6380
true/2885,0b59acfe6380
true/2899,0b59acfe6380
true/2901,0b59acfe6380
true/2905,0b59acfe6380
true/2915,0b59acfe6380
true/2945,0b59acfe6380
true/2952,0b59acfe6380
true/2953,0b59acfe6380
true/2954,0b59acfe6380
true/2978,0b59acfe6380
true/2980,0b59acfe6380
true/2981,0b59acfe6380
true/2992,0b59acfe6380
true/30,0b59acfe6380
true/3001,0b59acfe6380
true/3002,0b59acfe6380
true/3011,0b59acfe6380
true/3017,0b59acfe6380
true/3021,0b59acfe6380
true/3022,0b59acfe6380
true/3023,0b59acfe6380
true/3027,0b59acfe6380
true/3028,0b59acfe6380
true/3034,0b59acfe6380
true/304,0b59acfe6380
true/3040,0b59acfe6380
true/3045,0b59acfe6380
true/3046,0b59acfe6380
true/3049,0b59acfe6380
true/3053,0b59acfe6380
true/3056,0b59acfe6380
true/3058,0b59acfe6380
true/3070,0b59acfe6380
true/3071,0b59acfe6380
true/3074,0b59acfe6380
true/3075,0b59acfe6380
true/3078,0b59acfe6380
true/3080,0b59acfe6380
true/3082,0b59acfe6380
true/3085,0b59acfe6380
true/310,0b59acfe6380
true/3100,0b59acfe6380
true/3101,0b59acfe6380
true/3102,0b59acfe6380
true/3105,0b59acfe6380
true/3109,0b59acfe6380
true/3112,0b59acfe6380
true/3118,0b59acfe6380
true/3127,0b59acfe6380
true/3129,0b59acfe6380
true/3131,0b59acfe6380
true/3139,0b59acfe6380
true/314,0b59acfe6380
true/3148,0b59acfe6380
true/3150,0b59acfe6380
true/3154,0b59acfe6380
true/317,0b59acfe6380
true/3170,0b59acfe6380
true/3177,0b59acfe6380
true/3178,0b59acfe6380
true/3182,0b59acfe6380
true/3184,0b59acfe6380
true/3188,0b59acfe6380
true/3190,0b59acfe6380
true/3194,0b59acfe6380
true/3197,0b59acfe6380
true/32,0b59acfe6380
true/320,0b59acfe6380
true/3203,0b59acfe6380
true/3206,0b59acfe6380
true/3210,0b59acfe6380
true/3219,0b59acfe6380
true/3225,0b59acfe6380
true/3227,0b59acfe6380
true/3229,0b59acfe6380
true/3232,0b59acfe6380
true/3239,0b59acfe6380
true/3242,0b59acfe6380
true/3245,0b59acfe6380
true/3246,0b59acfe6380
true/3258,0b59acfe6380
true/3259,0b59acfe6380
true/326,0b59acfe6380
true/3260,0b59acfe6380
true/3270,0b59acfe6380
true/3281,0b59acfe6380
true/3284,0b59acfe6380
true/3285,0b59acfe6380
true/3293,0b59acfe6380
true/3303,0b59acfe6380
true/3305,0b59acfe6380
true/3308,0b59acfe6380
true/331,0b59acfe6380
true/3315,0b59acfe6380
true/3316,0b59acfe6380
true/333,0b59acfe6380
true/334,0b59acfe6380
true/3353,0b59acfe6380
true/3360,0b59acfe6380
true/3370,0b59acfe6380
true/3386,0b59acfe6380
true/3392,0b59acfe6380
true/3393,0b59acfe6380
true/3412,0b59acfe6380
true/3420,0b59acfe6380
true/3423,0b59acfe6380
true/3429,0b59acfe6380
true/3430,0b59acfe6380
true/3434,0b59acfe6380
true/3437,0b59acfe6380
true/3440,0b59acfe6380
true/3452,0b59acfe6380
true/3456,0b59acfe6380
true/3473,0b59acfe6380
true/3475,0b59acfe6380
true/3477,0b59acfe6380
true/3478,0b59acfe6380
true/3486,0b59acfe6380
true/3487,0b59acfe6380
true/3494,0b59acfe6380
true/3499,0b59acfe6380
true/3512,0b59acfe6380
true/3515,0b59acfe6380
true/3518,0b59acfe6380
true/3519,0b59acfe6380
true/3530,0b59acfe6380
true/3537,0b59acfe6380
true/3541,0b59acfe6380
true/3544,0b59acfe6380
true/3545,0b59acfe6380
true/3548,0b59acfe6380
true/3550,0b59acfe6380
true/356,0b59acfe6380
true/3561,0b59acfe6380
true/3575,0b59acfe6380
true/3585,0b59acfe6380
true/3589,0b59acfe6380
true/3590,0b59acfe6380
true/3596,0b59acfe6380
true/36,0b59acfe6380
true/3601,0b59acfe6380
true/372,0b59acfe6380
true/378,0b59acfe6380
true/38,0b59acfe6380
true/387,0b59acfe6380
true/388,0b59acfe6380
true/39,0b59acfe6380
true/392,0b59acfe6380
true/393,0b59acfe6380
true/394,0b59acfe6380
true/398,0b59acfe6380
true/406,0b59acfe6380
true/416,0b59acfe6380
true/417,0b59acfe6380
true/427,0b59acfe6380
true/428,0b59acfe6380
true/43,0b59acfe6380
true/430,0b59acfe6380
true/441,0b59acfe6380
true/446,0b59acfe6380
true/458,0b59acfe6380
true/46,0b59acfe6380
true/461,0b59acfe6380
true/463,0b59acfe6380
true/468,0b59acfe6380
true/469,0b59acfe6380
true/47,0b59acfe6380
true/473,0b59acfe6380
true/479,0b59acfe6380
true/49,0b59acfe6380
true/490,0b59acfe6380
true/491,0b59acfe6380
true/492,0b59acfe6380
true/495,0b59acfe6380
true/496,0b59acfe6380
true/497,0b59acfe6380
true/500,0b59acfe6380
true/503,0b59acfe6380
true/506,0b59acfe6380
true/508,0b59acfe6380
true/515,0b59acfe6380
true/517,0b59acfe6380
true/519,0b59acfe6380
true/520,0b59acfe6380
true/522,0b59acfe6380
true/523,0b59acfe6380
true/525,0b59acfe6380
true/529,0b59acfe6380
true/531,0b59acfe6380
true/532,0b59acfe6380
true/544,0b59acfe6380
true/548,0b59acfe6380
true/549,0b59acfe6380
true/55,0b59acfe6380
true/564,0b59acfe6380
true/567,0b59acfe6380
true/568,0b59acfe6380
true/569,0b59acfe6380
true/571,0b59acfe6380
true/592,0b59acfe6380
true/607,0b59acfe6380
true/616,0b59acfe6380
true/619,0b59acfe6380
true/621,0b59acfe6380
true/623,0b59acfe6380
true/626,0b59acfe6380
true/627,0b59acfe6380
true/634,0b59acfe6380
true/637,0b59acfe6380
true/641,0b59acfe6380
true/643,0b59acfe6380
true/648,0b59acfe6380
true/653,0b59acfe6380
true/657,0b59acfe6380
true/659,0b59acfe6380
true/665,0b59acfe6380
true/677,0b59acfe6380
true/691,0b59acfe6380
true/693,0b59acfe6380
true/706,0b59acfe6380
true/715,0b59acfe6380
true/725,0b59acfe6380
true/726,0b59acfe6380
true/735,0b59acfe6380
true/739,0b59acfe6380
true/740,0b59acfe6380
true/743,0b59acfe6380
true/75,0b59acfe6380
true/756,0b59acfe6380
true/76,0b59acfe6380
true/771,0b59acfe6380
true/772,0b59acfe6380
true/780,0b59acfe6380
true/781,0b59acfe6380
true/790,0b59acfe6380
true/798,0b59acfe6380
true/80,0b59acfe6380
true/82,0b59acfe6380
true/820,0b59acfe6380
true/822,0b59acfe6380
true/827,0b59acfe6380
true/828,0b59acfe6380
true/832,0b59acfe6380
true/834,0b59acfe6380
true/836,0b59acfe6380
true/84,0b59acfe6380
true/846,0b59acfe6380
true/851,0b59acfe6380
true/854,0b59acfe6380
true/870,0b59acfe6380
true/88,0b59acfe6380
true/883,0b59acfe6380
true/887,0b59acfe6380
true/904,0b59acfe6380
true/906,0b59acfe6380
true/907,0b59acfe6380
true/91,0b59acfe6380
true/92,0b59acfe6380
true/922,0b59acfe6380
true/931,0b59acfe6380
true/949,0b59acfe6380
true/957,0b59acfe6380
true/961,0b59acfe6380
true/969,0b59acfe6380
true/979,0b59acfe6380
true/985,0b59acfe6380
true/991,0b59acfe6380
true/995,0b59acfe6380
true/996,0b59acfe6380
fake/1005,7d9f8f5ed448
fake/1006,7d9f8f5ed448
fake/1030,7d9f8f5ed448
fake/1034,7d9f8f5ed448
fake/1042,7d9f8f5ed448
fake/1044,7d9f8f5ed448
fake/1049,7d9f8f5ed448
fake/1060,7d9f8f5ed448
fake/1061,7d9f8f5ed448
fake/1067,7d9f8f5ed448
fake/1074,7d9f8f5ed448
fake/1083,7d9f8f5ed448
fake/109,7d9f8f5ed448
fake/1093,7d9f8f5ed448
fake/1101,7d9f8f5ed448
fake/1108,7d9f8f5ed448
fake/1121,7d9f8f5ed448
fake/1137,7d9f8f5ed448
fake/114,7d9f8f5ed448
fake/1153,7d9f8f5ed448
fake/1156,7d9f8f5ed448
fake/1162,7d9f8f5ed448
fake/1175,7d9f8f5ed448
fake/1179,7d9f8f5ed448
fake/1181,7d9f8f5ed448
fake/1185,7d9f8f5ed448
fake/1187,7d9f8f5ed448
fake/119,7d9f8f5ed448
fake/1190,7d9f8f5ed448
fake/1196,7d9f8f5ed448
fake/1199,7d9f8f5ed448
fake/1202,7d9f8f5ed448
fake/1215,7d9f8f5ed448
fake/1232,7d9f8f5ed448
fake/1235,7d9f8f5ed448
fake/1244,7d9f8f5ed448
fake/1249,7d9f8f5ed448
fake/125,7d9f8f5ed448
fake/1250,7d9f8f5ed448
fake/1256,7d9f8f5ed448
fake/1258,7d9f8f5ed448
fake/1260,7d9f8f5ed448
fake/1263,7d9f8f5ed448
fake/1273,7d9f8f5ed448
fake/1275,7d9f8f5ed448
fake/1278,7d9f8f5ed448
fake/1289,7d9f8f5ed448
fake/1298,7d9f8f5ed448
fake/1299,7d9f8f5ed448
fake/130,7d9f8f5ed448
fake/1301,7d9f8f5ed448
fake/131,7d9f8f5ed448
fake/1320,7d9f8f5ed448
fake/1336,7d9f8f5ed448
fake/1345,7d9f8f5ed448
fake/1354,7d9f8f5ed448
fake/1361,7d9f8f5ed448
fake/1367,7d9f8f5ed448
fake/1372,7d9f8f5ed448
fake/1375,7d9f8f5ed448
fake/1401,7d9f8f5ed448
fake/1403,7d9f8f5ed448
fake/1406,7d9f8f5ed448
fake/1415,7d9f8f5ed448
fake/1418,7d9f8f5ed448
fake/1422,7d9f8f5ed448
fake/1428,7d9f8f5ed448
fake/144,7d9f8f5ed448
fake/1443,7d9f8f5ed448
fake/1448,7d9f8f5ed448
fake/1453,7d9f8f5ed448
fake/146,7d9f8f5ed448
fake/1466,7d9f8f5ed448
fake/148,7d9f8f5ed448
fake/1485,7d9f8f5ed448
fake/1486,7d9f8f5ed448
fake/1492,7d9f8f5ed448
fake/1497,7d9f8f5ed448
fake/1500,7d9f8f5ed448
fake/1506,7d9f8f5ed448
fake/1507,7d9f8f5ed448
fake/1511,7d9f8f5ed448
fake/1513,7d9f8f5ed448
fake/1518,7d9f8f5ed448
fake/152,7d9f8f5ed448
fake/1520,7d9f8f5ed448
fake/1528,7d9f8f5ed448
fake/1529,7d9f8f5ed448
fake/1534,7d9f8f5ed448
fake/1549,7d9f8f5ed448
fake/155,7d9f8f5ed448
fake/1552,7d9f8f5ed448
fake/1554,7d9f8f5ed448
fake/1555,7d9f8f5ed448
fake/156,7d9f8f5ed448
fake/1574,7d9f8f5ed448
fake/1576,7d9f8f5ed448
fake/1577,7d9f8f5ed448
fake/1578,7d9f8f5ed448
fake/1589,7d9f8f5ed448
fake/159,7d9f8f5ed448
fake/1591,7d9f8f5ed448
fake/1599,7d9f8f5ed448
fake/1613,7d9f8f5ed448
fake/1614,7d9f8f5ed448
fake/1616,7d9f8f5ed448
fake/1618,7d9f8f5ed448
fake/1619,7d9f8f5ed448
fake/1624,7d9f8f5ed448
fake/1627,7d9f8f5ed448
fake/1628,7d9f8f5ed448
fake/1637,7d9f8f5ed448
fake/1638,7d9f8f5ed448
fake/1639,7d9f8f5ed448
fake/1641,7d9f8f5ed448
fake/1648,7d9f8f5ed448
fake/165,7d9f8f5ed448
fake/1654,7d9f8f5ed448
fake/1659,7d9f8f5ed448
fake/1661,7d9f8f5ed448
fake/1663,7d9f8f5ed448
fake/1667,7d9f8f5ed448
fake/1668,7d9f8f5ed448
fake/1673,7d9f8f5ed448
fake/1674,7d9f8f5ed448
fake/1677,7d9f8f5ed448
fake/1690,7d9f8f5ed448
fake/1693,7d9f8f5ed448
fake/1695,7d9f8f5ed448
fake/1705,7d9f8f5ed448
fake/1714,7d9f8f5ed448
fake/1721,7d9f8f5ed448
fake/1726,7d9f8f5ed448
fake/1729,7d9f8f5ed448
fake/1733,7d9f8f5ed448
fake/1751,7d9f8f5ed448
fake/1754,7d9f8f5ed448
fake/1758,7d9f8f5ed448
fake/1767,7d9f8f5ed448
fake/1768,7d9f8f5ed448
fake/1769,7d9f8f5ed448
fake/1770,7d9f8f5ed448
fake/1780,7d9f8f5ed448
fake/1790,7d9f8f5ed448
fake/1799,7d9f8f5ed448
fake/1803,7d9f8f5ed448
fake/1805,7d9f8f5ed448
fake/1807,7d9f8f5ed448
fake/1809,7d9f8f5ed448
fake/1810,7d9f8f5ed448
fake/1813,7d9f8f5ed448
fake/1831,7d9f8f5ed448
fake/1833,7d9f8f5ed448
fake/1835,7d9f8f5ed448
fake/1836,7d9f8f5ed448
fake/1837,7d9f8f5ed448
fake/184,7d9f8f5ed448
fake/1840,7d9f8f5ed448
fake/1849,7d9f8f5ed448
fake/1851,7d9f8f5ed448
fake/1856,7d9f8f5ed448
fake/186,7d9f8f5ed448
fake/1861,7d9f8f5ed448
fake/1866,7d9f8f5ed448
fake/1869,7d9f8f5ed448
fake/1872,7d9f8f5ed448
fake/1887,7d9f8f5ed448
fake/189,7d9f8f5ed448
fake/1891,7d9f8f5ed448
fake/1896,7d9f8f5ed448
fake/1899,7d9f8f5ed448
fake/1907,7d9f8f5ed448
fake/191,7d9f8f5ed448
fake/1916,7d9f8f5ed448
fake/1920,7d9f8f5ed448
fake/1924,7d9f8f5ed448
fake/1927,7d9f8f5ed448
fake/1936,7d9f8f5ed448
fake/1943,7d9f8f5ed448
fake/1944,7d9f8f5ed448
fake/1953,7d9f8f5ed448
fake/1967,7d9f8f5ed448
fake/1989,7d9f8f5ed448
fake/1996,7d9f8f5ed448
fake/2001,7d9f8f5ed448
fake/2002,7d9f8f5ed448
fake/2003,7d9f8f5ed448
fake/2005,7d9f8f5ed448
fake/2006,7d9f8f5ed448
fake/2007,7d9f8f5ed448
fake/2010,7d9f8f5ed448
fake/2011,7d9f8f5ed448
fake/2021,7d9f8f5ed448
fake/2025,7d9f8f5ed448
fake/2027,7d9f8f5ed448
fake/2028,7d9f8f5ed448
fake/2030,7d9f8f5ed448
fake/2033,7d9f8f5ed448
fake/2039,7d9f8f5ed448
fake/2042,7d9f8f5ed448
fake/2051,7d9f8f5ed448
fake/2053,7d9f8f5ed448
fake/2057,7d9f8f5ed448
fake/2063,7d9f8f5ed448
fake/2064,7d9f8f5ed448
fake/2069,7d9f8f5ed448
fake/2072,7d9f8f5ed448
fake/2080,7d9f8f5ed448
fake/2086,7d9f8f5ed448
fake/2087,7d9f8f5ed448
fake/2088,7d9f8f5ed448
fake/209,7d9f8f5ed448
fake/211,7d9f8f5ed448
fake/2111,7d9f8f5ed448
fake/2120,7d9f8f5ed448
fake/2122,7d9f8f5ed448
fake/2123,7d9f8f5ed448
fake/2125,7d9f8f5ed448
fake/2135,7d9f8f5ed448
fake/2137,7d9f8f5ed448
fake/2146,7d9f8f5ed448
fake/2148,7d9f8f5ed448
fake/2149,7d9f8f5ed448
fake/2150,7d9f8f5ed448
fake/2152,7d9f8f5ed448
fake/2161,7d9f8f5ed448
fake/2166,7d9f8f5ed448
fake/2167,7d9f8f5ed448
fake/2176,7d9f8f5ed448
fake/2179,7d9f8f5ed448
fake/2185,7d9f8f5ed448
fake/2186,7d9f8f5ed448
fake/219,7d9f8f5ed448
fake/2193,7d9f8f5ed448
fake/2198,7d9f8f5ed448
fake/2214,7d9f8f5ed448
fake/2215,7d9f8f5ed448
fake/2216,7d9f8f5ed448
fake/2219,7d9f8f5ed448
fake/2222,7d9f8f5ed448
fake/2226,7d9f8f5ed448
fake/2229,7d9f8f5ed448
fake/2231,7d9f8f5ed448
fake/2233,7d9f8f5ed448
fake/2234,7d9f8f5ed448
fake/2236,7d9f8f5ed448
fake/2240,7d9f8f5ed448
fake/2245,7d9f8f5ed448
fake/2246,7d9f8f5ed448
fake/2249,7d9f8f5ed448
fake/2253,7d9f8f5ed448
fake/2257,7d9f8f5ed448
fake/226,7d9f8f5ed448
fake/2261,7d9f8f5ed448
fake/2267,7d9f8f5ed448
fake/2268,7d9f8f5ed448
fake/227,7d9f8f5ed448
fake/2270,7d9f8f5ed448
fake/2271,7d9f8f5ed448
fake/2280,7d9f8f5ed448
fake/2286,7d9f8f5ed448
fake/2287,7d9f8f5ed448
fake/2297,7d9f8f5ed448
fake/2299,7d9f8f5ed448
fake/230,7d9f8f5ed448
fake/2300,7d9f8f5ed448
fake/2303,7d9f8f5ed448
fake/2313,7d9f8f5ed448
fake/2320,7d9f8f5ed448
fake/2326,7d9f8f5ed448
fake/2328,7d9f8f5ed448
fake/2330,7d9f8f5ed448
fake/2336,7d9f8f5ed448
fake/2341,7d9f8f5ed448
fake/2342,7d9f8f5ed448
fake/2347,7d9f8f5ed448
fake/2349,7d9f8f5ed448
fake/2352,7d9f8f5ed448
fake/2354,7d9f8f5ed448
fake/2357,7d9f8f5ed448
fake/2360,7d9f8f5ed448
fake/2365,7d9f8f5ed448
fake/2369,7d9f8f5ed448
fake/237,7d9f8f5ed448
fake/2377,7d9f8f5ed448
fake/2378,7d9f8f5ed448
fake/2380,7d9f8f5ed448
fake/2385,7d9f8f5ed448
fake/2388,7d9f8f5ed448
fake/2393,7d9f8f5ed448
fake/2394,7d9f8f5ed448
fake/2400,7d9f8f5ed448
fake/2401,7d9f8f5ed448
fake/2402,7d9f8f5ed448
fake/2405,7d9f8f5ed448
fake/2406,7d9f8f5ed448
fake/2411,7d9f8f5ed448
fake/2428,7d9f8f5ed448
fake/243,7d9f8f5ed448
fake/2432,7d9f8f5ed448
fake/2435,7d9f8f5ed448
fake/2439,7d9f8f5ed448
fake/2442,7d9f8f5ed448
fake/2450,7d9f8f5ed448
fake/246,7d9f8f5ed448
fake/2462,7d9f8f5ed448
fake/2464,7d9f8f5ed448
fake/2472,7d9f8f5ed448
fake/2475,7d9f8f5ed448
fake/2482,7d9f8f5ed448
fake/2489,7d9f8f5ed448
fake/2491,7d9f8f5ed448
fake/2495,7d9f8f5ed448
fake/2505,7d9f8f5ed448
fake/2506,7d9f8f5ed448
fake/2508,7d9f8f5ed448
fake/251,7d9f8f5ed448
fake/2514,7d9f8f5ed448
fake/252,7d9f8f5ed448
fake/2524,7d9f8f5ed448
fake/2529,7d9f8f5ed448
fake/2533,7d9f8f5ed448
fake/2534,7d9f8f5ed448
fake/2539,7d9f8f5ed448
fake/2546,7d9f8f5ed448
fake/2558,7d9f8f5ed448
fake/2559,7d9f8f5ed448
fake/256,7d9f8f5ed448
fake/2561,7d9f8f5ed448
fake/2562,7d9f8f5ed448
fake/2563,7d9f8f5ed448
fake/2564,7d9f8f5ed448
fake/2565,7d9f8f5ed448
fake/2575,7d9f8f5ed448
fake/2578,7d9f8f5ed448
fake/258,7d9f8f5ed448
fake/2587,7d9f8f5ed448
fake/2588,7d9f8f5ed448
fake/2598,7d9f8f5ed448
fake/260,7d9f8f5ed448
fake/2600,7d9f8f5ed448
fake/2602,7d9f8f5ed448
fake/2603,7d9f8f5ed448
fake/2606,7d9f8f5ed448
fake/2608,7d9f8f5ed448
fake/2609,7d9f8f5ed448
fake/2613,7d9f8f5ed448
fake/2620,7d9f8f5ed448
fake/2631,7d9f8f5ed448
fake/2636,7d9f8f5ed448
fake/2638,7d9f8f5ed448
fake/2641,7d9f8f5ed448
fake/2642,7d9f8f5ed448
fake/2648,7d9f8f5ed448
fake/2659,7d9f8f5ed448
fake/2666,7d9f8f5ed448
fake/267,7d9f8f5ed448
fake/2670,7d9f8f5ed448
fake/2671,7d9f8f5ed448
fake/2676,7d9f8f5ed448
fake/2682,7d9f8f5ed448
fake/2688,7d9f8f5ed448
fake/2689,7d9f8f5ed448
fake/2691,7d9f8f5ed448
fake/2698,7d9f8f5ed448
fake/2699,7d9f8f5ed448
fake/2700,7d9f8f5ed448
fake/2703,7d9f8f5ed448
fake/2708,7d9f8f5ed448
fake/2709,7d9f8f5ed448
fake/2721,7d9f8f5ed448
fake/2725,7d9f8f5ed448
fake/2731,7d9f8f5ed448
fake/2738,7d9f8f5ed448
fake/274,7d9f8f5ed448
fake/2741,7d9f8f5ed448
fake/2742,7d9f8f5ed448
fake/2751,7d9f8f5ed448
fake/2767,7d9f8f5ed448
fake/2769,7d9f8f5ed448
fake/2773,7d9f8f5ed448
fake/2776,7d9f8f5ed448
fake/2778,7d9f8f5ed448
fake/278,7d9f8f5ed448
fake/2784,7d9f8f5ed448
fake/2785,7d9f8f5ed448
fake/2789,7d9f8f5ed448
fake/279,7d9f8f5ed448
fake/2795,7d9f8f5ed448
fake/2802,7d9f8f5ed448
fake/2803,7d9f8f5ed448
fake/2804,7d9f8f5ed448
fake/2807,7d9f8f5ed448
fake/2809,7d9f8f5ed448
fake/2819,7d9f8f5ed448
fake/2820,7d9f8f5ed448
fake/2822,7d9f8f5ed448
fake/2824,7d9f8f5ed448
fake/2829,7d9f8f5ed448
fake/2832,7d9f8f5ed448
fake/284,7d9f8f5ed448
fake/2843,7d9f8f5ed448
fake/2850,7d9f8f5ed448
fake/2854,7d9f8f5ed448
fake/2856,7d9f8f5ed448
fake/2857,7d9f8f5ed448
fake/2859,7d9f8f5ed448
fake/2861,7d9f8f5ed448
fake/2867,7d9f8f5ed448
fake/2870,7d9f8f5ed448
fake/2871,7d9f8f5ed448
fake/2874,7d9f8f5ed448
fake/2876,7d9f8f5ed448
fake/2878,7d9f8f5ed448
fake/2880,7d9f8f5ed448
fake/2882,7d9f8f5ed448
fake/2885,7d9f8f5ed448
fake/2886,7d9f8f5ed448
fake/2887,7d9f8f5ed448
fake/2891,7d9f8f5ed448
fake/2892,7d9f8f5ed448
fake/2894,7d9f8f5ed448
fake/2899,7d9f8f5ed448
fake/2904,7d9f8f5ed448
fake/2915,7d9f8f5ed448
fake/2916,7d9f8f5ed448
fake/292,7d9f8f5ed448
fake/2925,7d9f8f5ed448
fake/2927,7d9f8f5ed448
fake/2933,7d9f8f5ed448
fake/2934,7d9f8f5ed448
fake/2952,7d9f8f5ed448
fake/2953,7d9f8f5ed448
fake/2954,7d9f8f5ed448
fake/296,7d9f8f5ed448
fake/2967,7d9f8f5ed448
fake/2969,7d9f8f5ed448
fake/297,7d9f8f5ed448
fake/2973,7d9f8f5ed448
fake/2977,7d9f8f5ed448
fake/2979,7d9f8f5ed448
fake/2981,7d9f8f5ed448
fake/2984,7d9f8f5ed448
fake/2986,7d9f8f5ed448
fake/2988,7d9f8f5ed448
fake/2989,7d9f8f5ed448
fake/2992,7d9f8f5ed448
fake/2994,7d9f8f5ed448
fake/3009,7d9f8f5ed448
fake/3011,7d9f8f5ed448
fake/3014,7d9f8f5ed448
fake/3019,7d9f8f5ed448
fake/3029,7d9f8f5ed448
fake/3034,7d9f8f5ed448
fake/3040,7d9f8f5ed448
fake/3045,7d9f8f5ed448
fake/3049,7d9f8f5ed448
fake/3057,7d9f8f5ed448
fake/3060,7d9f8f5ed448
fake/3062,7d9f8f5ed448
fake/3063,7d9f8f5ed448
fake/3064,7d9f8f5ed448
fake/3067,7d9f8f5ed448
fake/3068,7d9f8f5ed448
fake/3071,7d9f8f5ed448
fake/3072,7d9f8f5ed448
fake/3074,7d9f8f5ed448
fake/3079,7d9f8f5ed448
fake/3080,7d9f8f5ed448
fake/3082,7d9f8f5ed448
fake/3085,7d9f8f5ed448
fake/3094,7d9f8f5ed448
fake/3097,7d9f8f5ed448
fake/3100,7d9f8f5ed448
fake/3101,7d9f8f5ed448
fake/3111,7d9f8f5ed448
fake/3112,7d9f8f5ed448
fake/3126,7d9f8f5ed448
fake/3127,7d9f8f5ed448
fake/3131,7d9f8f5ed448
fake/3133,7d9f8f5ed448
fake/3137,7d9f8f5ed448
fake/3139,7d9f8f5ed448
fake/3144,7d9f8f5ed448
fake/3146,7d9f8f5ed448
fake/3148,7d9f8f5ed448
fake/3153,7d9f8f5ed448
fake/3154,7d9f8f5ed448
fake/3157,7d9f8f5ed448
fake/3159,7d9f8f5ed448
fake/3164,7d9f8f5ed448
fake/3168,7d9f8f5ed448
fake/3178,7d9f8f5ed448
fake/3182,7d9f8f5ed448
fake/319,7d9f8f5ed448
fake/3194,7d9f8f5ed448
fake/3199,7d9f8f5ed448
fake/3206,7d9f8f5ed448
fake/321,7d9f8f5ed448
fake/3219,7d9f8f5ed448
fake/3221,7d9f8f5ed448
fake/3225,7d9f8f5ed448
fake/3227,7d9f8f5ed448
fake/3232,7d9f8f5ed448
fake/3235,7d9f8f5ed448
fake/3241,7d9f8f5ed448
fake/3246,7d9f8f5ed448
fake/325,7d9f8f5ed448
fake/3252,7d9f8f5ed448
fake/3264,7d9f8f5ed448
fake/3278,7d9f8f5ed448
fake/3281,7d9f8f5ed448
fake/3285,7d9f8f5ed448
fake/3298,7d9f8f5ed448
fake/3303,7d9f8f5ed448
fake/3305,7d9f8f5ed448
fake/3314,7d9f8f5ed448
fake/3315,7d9f8f5ed448
fake/3316,7d9f8f5ed448
fake/3327,7d9f8f5ed448
fake/3328,7d9f8f5ed448
fake/3337,7d9f8f5ed448
fake/3355,7d9f8f5ed448
fake/3360,7d9f8f5ed448
fake/3362,7d9f8f5ed448
fake/3366,7d9f8f5ed448
fake/3375,7d9f8f5ed448
fake/338,7d9f8f5ed448
fake/3388,7d9f8f5ed448
fake/3391,7d9f8f5ed448
fake/3396,7d9f8f5ed448
fake/3397,7d9f8f5ed448
fake/3400,7d9f8f5ed448
fake/3404,7d9f8f5ed448
fake/3407,7d9f8f5ed448
fake/3408,7d9f8f5ed448
fake/3417,7d9f8f5ed448
fake/342,7d9f8f5ed448
fake/3420,7d9f8f5ed448
fake/3422,7d9f8f5ed448
fake/3427,7d9f8f5ed448
fake/343,7d9f8f5ed448
fake/3436,7d9f8f5ed448
fake/3440,7d9f8f5ed448
fake/345,7d9f8f5ed448
fake/3451,7d9f8f5ed448
fake/3452,7d9f8f5ed448
fake/3471,7d9f8f5ed448
fake/3472,7d9f8f5ed448
fake/3473,7d9f8f5ed448
fake/3477,7d9f8f5ed448
fake/348,7d9f8f5ed448
fake/3508,7d9f8f5ed448
fake/3525,7d9f8f5ed448
fake/353,7d9f8f5ed448
fake/3538,7d9f8f5ed448
fake/3546,7d9f8f5ed448
fake/3547,7d9f8f5ed448
fake/3548,7d9f8f5ed448
fake/355,7d9f8f5ed448
fake/3559,7d9f8f5ed448
fake/3566,7d9f8f5ed448
fake/3567,7d9f8f5ed448
fake/3575,7d9f8f5ed448
fake/3577,7d9f8f5ed448
fake/3580,7d9f8f5ed448
fake/3588,7d9f8f5ed448
fake/3602,7d9f8f5ed448
fake/388,7d9f8f5ed448
fake/394,7d9f8f5ed448
fake/399,7d9f8f5ed448
fake/411,7d9f8f5ed448
fake/412,7d9f8f5ed448
fake/414,7d9f8f5ed448
fake/417,7d9f8f5ed448
fake/418,7d9f8f5ed448
fake/433,7d9f8f5ed448
fake/437,7d9f8f5ed448
fake/452,7d9f8f5ed448
fake/463,7d9f8f5ed448
fake/469,7d9f8f5ed448
fake/484,7d9f8f5ed448
fake/487,7d9f8f5ed448
fake/490,7d9f8f5ed448
fake/504,7d9f8f5ed448
fake/506,7d9f8f5ed448
fake/508,7d9f8f5ed448
fake/529,7d9f8f5ed448
fake/549,7d9f8f5ed448
fake/554,7d9f8f5ed448
fake/555,7d9f8f5ed448
fake/557,7d9f8f5ed448
fake/561,7d9f8f5ed448
fake/568,7d9f8f5ed448
fake/571,7d9f8f5ed448
fake/573,7d9f8f5ed448
fake/575,7d9f8f5ed448
fake/582,7d9f8f5ed448
fake/591,7d9f8f5ed448
fake/607,7d9f8f5ed448
fake/627,7d9f8f5ed448
fake/629,7d9f8f5ed448
fake/634,7d9f8f5ed448
fake/635,7d9f8f5ed448
fake/660,7d9f8f5ed448
fake/665,7d9f8f5ed448
fake/677,7d9f8f5ed448
fake/681,7d9f8f5ed448
fake/693,7d9f8f5ed448
fake/694,7d9f8f5ed448
fake/699,7d9f8f5ed448
fake/701,7d9f8f5ed448
fake/711,7d9f8f5ed448
fake/731,7d9f8f5ed448
fake/735,7d9f8f5ed448
fake/739,7d9f8f5ed448
fake/743,7d9f8f5ed448
fake/744,7d9f8f5ed448
fake/749,7d9f8f5ed448
fake/751,7d9f8f5ed448
fake/775,7d9f8f5ed448
fake/782,7d9f8f5ed448
fake/795,7d9f8f5ed448
fake/798,7d9f8f5ed448
fake/802,7d9f8f5ed448
fake/815,7d9f8f5ed448
fake/821,7d9f8f5ed448
fake/825,7d9f8f5ed448
fake/829,7d9f8f5ed448
fake/834,7d9f8f5ed448
fake/843,7d9f8f5ed448
fake/852,7d9f8f5ed448
fake/870,7d9f8f5ed448
fake/871,7d9f8f5ed448
fake/878,7d9f8f5ed448
fake/890,7d9f8f5ed448
fake/9,7d9f8f5ed448
fake/92,7d9f8f5ed448
fake/922,7d9f8f5ed448
fake/931,7d9f8f5ed448
fake/932,7d9f8f5ed448
fake/934,7d9f8f5ed448
fake/936,7d9f8f5ed448
fake/940,7d9f8f5ed448
fake/964,7d9f8f5ed448
fake/972,7d9f8f5ed448
fake/973,7d9f8f5ed448
fake/974,7d9f8f5ed448
fake/982,7d9f8f5ed448
fake/983,7d9f8f5ed448
true/133,7d9f8f5ed448
true/2036,7d9f8f5ed448
true/215,7d9f8f5ed448
true/220,7d9f8f5ed448
true/261,7d9f8f5ed448
true/262,7d9f8f5ed448
true/292,7d9f8f5ed448
true/2950,7d9f8f5ed448
true/2977,7d9f8f5ed448
fake/29,fe5936057217
fake/35,fe5936057217
fake/37,fe5936057217
fake/39,fe5936057217
fake/46,fe5936057217
fake/55,fe5936057217
fake/63,fe5936057217
fake/65,fe5936057217
fake/69,fe5936057217
true/10,fe5936057217
true/1005,fe5936057217
true/1006,fe5936057217
true/1008,fe5936057217
true/101,fe5936057217
true/1010,fe5936057217
true/1013,fe5936057217
true/1019,fe5936057217
true/1026,fe5936057217
true/1035,fe5936057217
true/1042,fe5936057217
true/1054,fe5936057217
true/1055,fe5936057217
true/1061,fe5936057217
true/1065,fe5936057217
true/1067,fe5936057217
true/1076,fe5936057217
true/1080,fe5936057217
true/1082,fe5936057217
true/109,fe5936057217
true/1090,fe5936057217
true/1092,fe5936057217
true/1103,fe5936057217
true/1108,fe5936057217
true/1109,fe5936057217
true/1112,fe5936057217
true/1127,fe5936057217
true/1134,fe5936057217
true/114,fe5936057217
true/1140,fe5936057217
true/1144,fe5936057217
true/1147,fe5936057217
true/115,fe5936057217
true/1153,fe5936057217
true/1155,fe5936057217
true/1160,fe5936057217
true/1162,fe5936057217
true/1165,fe5936057217
true/1169,fe5936057217
true/1171,fe5936057217
true/1177,fe5936057217
true/1179,fe5936057217
true/118,fe5936057217
true/1184,fe5936057217
true/1185,fe5936057217
true/1189,fe5936057217
true/119,fe5936057217
true/1192,fe5936057217
true/1197,fe5936057217
true/120,fe5936057217
true/1237,fe5936057217
true/1240,fe5936057217
true/1249,fe5936057217
true/1251,fe5936057217
true/1257,fe5936057217
true/1259,fe5936057217
true/1263,fe5936057217
true/1272,fe5936057217
true/1287,fe5936057217
true/1292,fe5936057217
true/1293,fe5936057217
true/1298,fe5936057217
true/130,fe5936057217
true/1301,fe5936057217
true/131,fe5936057217
true/1313,fe5936057217
true/1320,fe5936057217
true/1327,fe5936057217
true/1337,fe5936057217
true/1341,fe5936057217
true/1342,fe5936057217
true/1351,fe5936057217
true/1352,fe5936057217
true/1361,fe5936057217
true/1367,fe5936057217
true/1375,fe5936057217
true/1378,fe5936057217
true/1414,fe5936057217
true/1415,fe5936057217
true/1419,fe5936057217
true/1430,fe5936057217
true/1434,fe5936057217
true/1442,fe5936057217
true/1456,fe5936057217
true/1462,fe5936057217
true/1467,fe5936057217
true/1478,fe5936057217
true/148,fe5936057217
true/1487,fe5936057217
true/1490,fe5936057217
true/1491,fe5936057217
true/1508,fe5936057217
true/152,fe5936057217
true/1520,fe5936057217
true/1526,fe5936057217
true/1529,fe5936057217
true/1540,fe5936057217
true/1545,fe5936057217
true/1550,fe5936057217
true/1553,fe5936057217
true/1556,fe5936057217
true/1557,fe5936057217
true/1558,fe5936057217
true/1560,fe5936057217
true/1563,fe5936057217
true/1566,fe5936057217
true/1567,fe5936057217
true/1569,fe5936057217
true/1571,fe5936057217
true/1573,fe5936057217
true/1574,fe5936057217
true/1577,fe5936057217
true/1578,fe5936057217
true/1586,fe5936057217
true/1602,fe5936057217
true/1611,fe5936057217
true/1613,fe5936057217
true/1628,fe5936057217
true/1630,fe5936057217
true/1634,fe5936057217
true/1641,fe5936057217
true/1644,fe5936057217
true/1654,fe5936057217
true/1658,fe5936057217
true/1659,fe5936057217
true/166,fe5936057217
true/1666,fe5936057217
true/1669,fe5936057217
true/1672,fe5936057217
true/1688,fe5936057217
true/1692,fe5936057217
true/1699,fe5936057217
true/1701,fe5936057217
true/1705,fe5936057217
true/1707,fe5936057217
true/1709,fe5936057217
true/171,fe5936057217
true/1711,fe5936057217
true/1718,fe5936057217
true/1721,fe5936057217
true/1724,fe5936057217
true/1726,fe5936057217
true/1728,fe5936057217
true/1745,fe5936057217
true/1746,fe5936057217
true/1751,fe5936057217
true/1755,fe5936057217
true/1760,fe5936057217
true/1773,fe5936057217
true/1776,fe5936057217
true/1783,fe5936057217
true/1791,fe5936057217
true/1802,fe5936057217
true/1806,fe5936057217
true/1807,fe5936057217
true/1813,fe5936057217
true/1816,fe5936057217
true/1821,fe5936057217
true/1829,fe5936057217
true/1839,fe5936057217
true/1840,fe5936057217
true/1843,fe5936057217
true/1844,fe5936057217
true/1846,fe5936057217
true/1854,fe5936057217
true/1861,fe5936057217
true/1863,fe5936057217
true/1865,fe5936057217
true/1866,fe5936057217
true/1872,fe5936057217
true/1873,fe5936057217
true/1875,fe5936057217
true/1876,fe5936057217
true/188,fe5936057217
true/1884,fe5936057217
true/1886,fe5936057217
true/189,fe5936057217
true/1893,fe5936057217
true/1896,fe5936057217
true/1909,fe5936057217
true/1910,fe5936057217
true/1920,fe5936057217
true/1925,fe5936057217
true/193,fe5936057217
true/1935,fe5936057217
true/1940,fe5936057217
true/1952,fe5936057217
true/1964,fe5936057217
true/1966,fe5936057217
true/1970,fe5936057217
true/1977,fe5936057217
true/1984,fe5936057217
true/1995,fe5936057217
true/1997,fe5936057217
true/1998,fe5936057217
true/1999,fe5936057217
true/20,fe5936057217
true/2000,fe5936057217
true/2005,fe5936057217
true/2006,fe5936057217
true/2007,fe5936057217
true/2013,fe5936057217
true/2015,fe5936057217
true/2017,fe5936057217
true/2025,fe5936057217
true/2038,fe5936057217
true/2040,fe5936057217
true/2061,fe5936057217
true/2066,fe5936057217
true/2075,fe5936057217
true/2077,fe5936057217
true/2079,fe5936057217
true/2080,fe5936057217
true/2087,fe5936057217
true/2097,fe5936057217
true/2104,fe5936057217
true/2105,fe5936057217
true/211,fe5936057217
true/2122,fe5936057217
true/2123,fe5936057217
true/2125,fe5936057217
true/2127,fe5936057217
true/2134,fe5936057217
true/2138,fe5936057217
true/2140,fe5936057217
true/2142,fe5936057217
true/2144,fe5936057217
true/2145,fe5936057217
true/2147,fe5936057217
true/2152,fe5936057217
true/2153,fe5936057217
true/2155,fe5936057217
true/2157,fe5936057217
true/2163,fe5936057217
true/2164,fe5936057217
true/2177,fe5936057217
true/2185,fe5936057217
true/2186,fe5936057217
true/2191,fe5936057217
true/2197,fe5936057217
true/2199,fe5936057217
true/2202,fe5936057217
true/2210,fe5936057217
true/2216,fe5936057217
true/2218,fe5936057217
true/2225,fe5936057217
true/2226,fe5936057217
true/2235,fe5936057217
true/2237,fe5936057217
true/2238,fe5936057217
true/2248,fe5936057217
true/2253,fe5936057217
true/2259,fe5936057217
true/2274,fe5936057217
true/2283,fe5936057217
true/2287,fe5936057217
true/2293,fe5936057217
true/2299,fe5936057217
true/2303,fe5936057217
true/2308,fe5936057217
true/2309,fe5936057217
true/2313,fe5936057217
true/2326,fe5936057217
true/2328,fe5936057217
true/233,fe5936057217
true/2330,fe5936057217
true/2333,fe5936057217
true/2335,fe5936057217
true/2337,fe5936057217
true/2341,fe5936057217
true/2343,fe5936057217
true/2347,fe5936057217
true/235,fe5936057217
true/2352,fe5936057217
true/2361,fe5936057217
true/2365,fe5936057217
true/2369,fe5936057217
true/2370,fe5936057217
true/2380,fe5936057217
true/2381,fe5936057217
true/2382,fe5936057217
true/2390,fe5936057217
true/2392,fe5936057217
true/2404,fe5936057217
true/2405,fe5936057217
true/2409,fe5936057217
true/241,fe5936057217
true/2410,fe5936057217
true/2411,fe5936057217
true/2416,fe5936057217
true/2417,fe5936057217
true/2421,fe5936057217
true/2422,fe5936057217
true/2426,fe5936057217
true/2428,fe5936057217
true/2431,fe5936057217
true/2435,fe5936057217
true/2438,fe5936057217
true/2448,fe5936057217
true/2449,fe5936057217
true/2453,fe5936057217
true/2461,fe5936057217
true/2462,fe5936057217
true/2465,fe5936057217
true/2467,fe5936057217
true/2477,fe5936057217
true/2479,fe5936057217
true/2486,fe5936057217
true/2487,fe5936057217
true/2493,fe5936057217
true/2495,fe5936057217
true/2504,fe5936057217
true/2513,fe5936057217
true/2514,fe5936057217
true/2519,fe5936057217
true/2520,fe5936057217
true/2526,fe5936057217
true/2530,fe5936057217
true/2532,fe5936057217
true/2533,fe5936057217
true/2538,fe5936057217
true/2542,fe5936057217
true/2546,fe5936057217
true/2547,fe5936057217
true/2548,fe5936057217
true/2549,fe5936057217
true/2552,fe5936057217
true/2559,fe5936057217
true/2561,fe5936057217
true/2563,fe5936057217
true/2566,fe5936057217
true/2567,fe5936057217
true/2568,fe5936057217
true/2573,fe5936057217
true/2577,fe5936057217
true/2587,fe5936057217
true/2592,fe5936057217
true/2594,fe5936057217
true/2595,fe5936057217
true/2600,fe5936057217
true/2616,fe5936057217
true/2620,fe5936057217
true/263,fe5936057217
true/2631,fe5936057217
true/2645,fe5936057217
true/2663,fe5936057217
true/2664,fe5936057217
true/2667,fe5936057217
true/2676,fe5936057217
true/2680,fe5936057217
true/2694,fe5936057217
true/2700,fe5936057217
true/2701,fe5936057217
true/2704,fe5936057217
true/2708,fe5936057217
true/2709,fe5936057217
true/2729,fe5936057217
true/2754,fe5936057217
true/2765,fe5936057217
true/2767,fe5936057217
true/2769,fe5936057217
true/2770,fe5936057217
true/2773,fe5936057217
true/2776,fe5936057217
true/2779,fe5936057217
true/2780,fe5936057217
true/2784,fe5936057217
true/2785,fe5936057217
true/2789,fe5936057217
true/2794,fe5936057217
true/2798,fe5936057217
true/280,fe5936057217
true/2802,fe5936057217
true/2806,fe5936057217
true/2809,fe5936057217
true/2822,fe5936057217
true/2823,fe5936057217
true/2824,fe5936057217
true/2826,fe5936057217
true/2829,fe5936057217
true/2839,fe5936057217
true/2848,fe5936057217
true/2849,fe5936057217
true/2856,fe5936057217
true/2859,fe5936057217
true/2861,fe5936057217
true/2865,fe5936057217
true/2870,fe5936057217
true/2880,fe5936057217
true/2886,fe5936057217
true/2888,fe5936057217
true/289,fe5936057217
true/2890,fe5936057217
true/2892,fe5936057217
true/2897,fe5936057217
true/2899,fe5936057217
true/2901,fe5936057217
true/2909,fe5936057217
true/2915,fe5936057217
true/2942,fe5936057217
true/2943,fe5936057217
true/2947,fe5936057217
true/2949,fe5936057217
true/2967,fe5936057217
true/2970,fe5936057217
true/2981,fe5936057217
true/2988,fe5936057217
true/2989,fe5936057217
true/2993,fe5936057217
true/300,fe5936057217
true/3001,fe5936057217
true/3002,fe5936057217
true/3015,fe5936057217
true/3023,fe5936057217
true/3027,fe5936057217
true/303,fe5936057217
true/3049,fe5936057217
true/305,fe5936057217
true/3056,fe5936057217
true/3059,fe5936057217
true/3062,fe5936057217
true/3071,fe5936057217
true/3072,fe5936057217
true/3076,fe5936057217
true/3087,fe5936057217
true/3101,fe5936057217
true/3104,fe5936057217
true/3109,fe5936057217
true/3115,fe5936057217
true/3126,fe5936057217
true/3127,fe5936057217
true/3133,fe5936057217
true/3138,fe5936057217
true/3147,fe5936057217
true/3165,fe5936057217
true/3170,fe5936057217
true/3173,fe5936057217
true/3174,fe5936057217
true/3186,fe5936057217
true/3188,fe5936057217
true/319,fe5936057217
true/3190,fe5936057217
true/3199,fe5936057217
true/32,fe5936057217
true/320,fe5936057217
true/3202,fe5936057217
true/3206,fe5936057217
true/321,fe5936057217
true/3214,fe5936057217
true/3221,fe5936057217
true/3225,fe5936057217
true/323,fe5936057217
true/3251,fe5936057217
true/3252,fe5936057217
true/3253,fe5936057217
true/3256,fe5936057217
true/326,fe5936057217
true/3267,fe5936057217
true/3270,fe5936057217
true/3273,fe5936057217
true/3280,fe5936057217
true/3285,fe5936057217
true/3287,fe5936057217
true/329,fe5936057217
true/3293,fe5936057217
true/3304,fe5936057217
true/3308,fe5936057217
true/3310,fe5936057217
true/3311,fe5936057217
true/3320,fe5936057217
true/3322,fe5936057217
true/3323,fe5936057217
true/3324,fe5936057217
true/3328,fe5936057217
true/3335,fe5936057217
true/3337,fe5936057217
true/3347,fe5936057217
true/3354,fe5936057217
true/3362,fe5936057217
true/3367,fe5936057217
true/3369,fe5936057217
true/3380,fe5936057217
true/339,fe5936057217
true/3391,fe5936057217
true/3393,fe5936057217
true/3413,fe5936057217
true/3422,fe5936057217
true/3425,fe5936057217
true/3426,fe5936057217
true/3430,fe5936057217
true/3436,fe5936057217
true/3438,fe5936057217
true/3439,fe5936057217
true/3445,fe5936057217
true/3451,fe5936057217
true/3453,fe5936057217
true/3462,fe5936057217
true/3469,fe5936057217
true/3471,fe5936057217
true/3479,fe5936057217
true/3499,fe5936057217
true/350,fe5936057217
true/3500,fe5936057217
true/3514,fe5936057217
true/3515,fe5936057217
true/3522,fe5936057217
true/3523,fe5936057217
true/3524,fe5936057217
true/3525,fe5936057217
true/3536,fe5936057217
true/3541,fe5936057217
true/3548,fe5936057217
true/355,fe5936057217
true/3558,fe5936057217
true/3559,fe5936057217
true/3580,fe5936057217
true/3585,fe5936057217
true/3586,fe5936057217
true/3590,fe5936057217
true/3593,fe5936057217
true/3602,fe5936057217
true/381,fe5936057217
true/382,fe5936057217
true/388,fe5936057217
true/39,fe5936057217
true/392,fe5936057217
true/398,fe5936057217
true/399,fe5936057217
true/412,fe5936057217
true/413,fe5936057217
true/426,fe5936057217
true/428,fe5936057217
true/430,fe5936057217
true/433,fe5936057217
true/440,fe5936057217
true/446,fe5936057217
true/448,fe5936057217
true/452,fe5936057217
true/466,fe5936057217
true/467,fe5936057217
true/468,fe5936057217
true/470,fe5936057217
true/471,fe5936057217
true/487,fe5936057217
true/49,fe5936057217
true/500,fe5936057217
true/51,fe5936057217
true/512,fe5936057217
true/513,fe5936057217
true/527,fe5936057217
true/54,fe5936057217
true/554,fe5936057217
true/567,fe5936057217
true/571,fe5936057217
true/574,fe5936057217
true/593,fe5936057217
true/594,fe5936057217
true/595,fe5936057217
true/599,fe5936057217
true/60,fe5936057217
true/604,fe5936057217
true/609,fe5936057217
true/616,fe5936057217
true/621,fe5936057217
true/623,fe5936057217
true/627,fe5936057217
true/628,fe5936057217
true/630,fe5936057217
true/633,fe5936057217
true/636,fe5936057217
true/637,fe5936057217
true/638,fe5936057217
true/645,fe5936057217
true/647,fe5936057217
true/648,fe5936057217
true/650,fe5936057217
true/656,fe5936057217
true/661,fe5936057217
true/665,fe5936057217
true/671,fe5936057217
true/681,fe5936057217
true/698,fe5936057217
true/702,fe5936057217
true/711,fe5936057217
true/714,fe5936057217
true/735,fe5936057217
true/743,fe5936057217
true/750,fe5936057217
true/751,fe5936057217
true/762,fe5936057217
true/767,fe5936057217
true/770,fe5936057217
true/772,fe5936057217
true/773,fe5936057217
true/774,fe5936057217
true/779,fe5936057217
true/781,fe5936057217
true/782,fe5936057217
true/787,fe5936057217
true/788,fe5936057217
true/792,fe5936057217
true/794,fe5936057217
true/802,fe5936057217
true/811,fe5936057217
true/813,fe5936057217
true/822,fe5936057217
true/823,fe5936057217
true/827,fe5936057217
true/828,fe5936057217
true/829,fe5936057217
true/84,fe5936057217
true/848,fe5936057217
true/849,fe5936057217
true/855,fe5936057217
true/858,fe5936057217
true/875,fe5936057217
true/887,fe5936057217
true/888,fe5936057217
true/895,fe5936057217
true/9,fe5936057217
true/904,fe5936057217
true/907,fe5936057217
true/913,fe5936057217
true/92,fe5936057217
true/928,fe5936057217
true/936,fe5936057217
true/938,fe5936057217
true/945,fe5936057217
true/957,fe5936057217
true/96,fe5936057217
true/966,fe5936057217
true/968,fe5936057217
true/969,fe5936057217
true/97,fe5936057217
true/970,fe5936057217
true/972,fe5936057217
true/994,fe5936057217
true/995,fe5936057217
fake/1005,492d1cc6df52
fake/1009,492d1cc6df52
fake/101,492d1cc6df52
fake/1014,492d1cc6df52
fake/1025,492d1cc6df52
fake/1042,492d1cc6df52
fake/1044,492d1cc6df52
fake/1045,492d1cc6df52
fake/1049,492d1cc6df52
fake/1060,492d1cc6df52
fake/1061,492d1cc6df52
fake/1067,492d1cc6df52
fake/1082,492d1cc6df52
fake/1093,492d1cc6df52
fake/1094,492d1cc6df52
fake/1104,492d1cc6df52
fake/1106,492d1cc6df52
fake/1112,492d1cc6df52
fake/1115,492d1cc6df52
fake/1121,492d1cc6df52
fake/1134,492d1cc6df52
fake/1144,492d1cc6df52
fake/1147,492d1cc6df52
fake/1153,492d1cc6df52
fake/1165,492d1cc6df52
fake/1174,492d1cc6df52
fake/1179,492d1cc6df52
fake/1197,492d1cc6df52
fake/1208,492d1cc6df52
fake/1215,492d1cc6df52
fake/1216,492d1cc6df52
fake/1217,492d1cc6df52
fake/1221,492d1cc6df52
fake/1227,492d1cc6df52
fake/1228,492d1cc6df52
fake/1244,492d1cc6df52
fake/1250,492d1cc6df52
fake/1252,492d1cc6df52
fake/1256,492d1cc6df52
fake/1263,492d1cc6df52
fake/1269,492d1cc6df52
fake/1275,492d1cc6df52
fake/1313,492d1cc6df52
fake/1323,492d1cc6df52
fake/1330,492d1cc6df52
fake/1338,492d1cc6df52
fake/1340,492d1cc6df52
fake/1361,492d1cc6df52
fake/1375,492d1cc6df52
fake/1382,492d1cc6df52
fake/1406,492d1cc6df52
fake/1413,492d1cc6df52
fake/1417,492d1cc6df52
fake/1418,492d1cc6df52
fake/1425,492d1cc6df52
fake/1428,492d1cc6df52
fake/1443,492d1cc6df52
fake/1458,492d1cc6df52
fake/1474,492d1cc6df52
fake/1478,492d1cc6df52
fake/1500,492d1cc6df52
fake/1506,492d1cc6df52
fake/1511,492d1cc6df52
fake/1513,492d1cc6df52
fake/1553,492d1cc6df52
fake/1554,492d1cc6df52
fake/1557,492d1cc6df52
fake/1560,492d1cc6df52
fake/1572,492d1cc6df52
fake/1573,492d1cc6df52
fake/1574,492d1cc6df52
fake/1577,492d1cc6df52
fake/1586,492d1cc6df52
fake/1587,492d1cc6df52
fake/1619,492d1cc6df52
fake/1627,492d1cc6df52
fake/1628,492d1cc6df52
fake/1634,492d1cc6df52
fake/1637,492d1cc6df52
fake/1638,492d1cc6df52
fake/1639,492d1cc6df52
fake/1648,492d1cc6df52
fake/1654,492d1cc6df52
fake/1656,492d1cc6df52
fake/1661,492d1cc6df52
fake/1668,492d1cc6df52
fake/1670,492d1cc6df52
fake/1673,492d1cc6df52
fake/1682,492d1cc6df52
fake/1698,492d1cc6df52
fake/1714,492d1cc6df52
fake/1726,492d1cc6df52
fake/1741,492d1cc6df52
fake/1750,492d1cc6df52
fake/1753,492d1cc6df52
fake/1767,492d1cc6df52
fake/1776,492d1cc6df52
fake/1780,492d1cc6df52
fake/1793,492d1cc6df52
fake/1800,492d1cc6df52
fake/1809,492d1cc6df52
fake/1818,492d1cc6df52
fake/1826,492d1cc6df52
fake/1834,492d1cc6df52
fake/1837,492d1cc6df52
fake/1840,492d1cc6df52
fake/1843,492d1cc6df52
fake/1844,492d1cc6df52
fake/1848,492d1cc6df52
fake/1861,492d1cc6df52
fake/1866,492d1cc6df52
fake/1908,492d1cc6df52
fake/1909,492d1cc6df52
fake/191,492d1cc6df52
fake/1916,492d1cc6df52
fake/1920,492d1cc6df52
fake/1940,492d1cc6df52
fake/1943,492d1cc6df52
fake/1952,492d1cc6df52
fake/1953,492d1cc6df52
fake/1964,492d1cc6df52
fake/1970,492d1cc6df52
fake/1999,492d1cc6df52
fake/2001,492d1cc6df52
fake/2003,492d1cc6df52
fake/2017,492d1cc6df52
fake/2022,492d1cc6df52
fake/2023,492d1cc6df52
fake/2028,492d1cc6df52
fake/2038,492d1cc6df52
fake/2040,492d1cc6df52
fake/2045,492d1cc6df52
fake/2061,492d1cc6df52
fake/2062,492d1cc6df52
fake/2064,492d1cc6df52
fake/2077,492d1cc6df52
fake/2094,492d1cc6df52
fake/2111,492d1cc6df52
fake/2125,492d1cc6df52
fake/2133,492d1cc6df52
fake/2138,492d1cc6df52
fake/2141,492d1cc6df52
fake/2148,492d1cc6df52
fake/2152,492d1cc6df52
fake/2167,492d1cc6df52
fake/2171,492d1cc6df52
fake/2197,492d1cc6df52
fake/2198,492d1cc6df52
fake/2215,492d1cc6df52
fake/2231,492d1cc6df52
fake/2232,492d1cc6df52
fake/2233,492d1cc6df52
fake/2236,492d1cc6df52
fake/2253,492d1cc6df52
fake/2257,492d1cc6df52
fake/2261,492d1cc6df52
fake/2264,492d1cc6df52
fake/2268,492d1cc6df52
fake/2271,492d1cc6df52
fake/2282,492d1cc6df52
fake/2283,492d1cc6df52
fake/2286,492d1cc6df52
fake/2287,492d1cc6df52
fake/2295,492d1cc6df52
fake/2299,492d1cc6df52
fake/2300,492d1cc6df52
fake/2310,492d1cc6df52
fake/2313,492d1cc6df52
fake/2333,492d1cc6df52
fake/2341,492d1cc6df52
fake/2343,492d1cc6df52
fake/2349,492d1cc6df52
fake/2365,492d1cc6df52
fake/2387,492d1cc6df52
fake/2394,492d1cc6df52
fake/2401,492d1cc6df52
fake/2405,492d1cc6df52
fake/2417,492d1cc6df52
fake/2419,492d1cc6df52
fake/2421,492d1cc6df52
fake/2425,492d1cc6df52
fake/2432,492d1cc6df52
fake/2434,492d1cc6df52
fake/2435,492d1cc6df52
fake/2441,492d1cc6df52
fake/2442,492d1cc6df52
fake/2469,492d1cc6df52
fake/2471,492d1cc6df52
fake/2480,492d1cc6df52
fake/2487,492d1cc6df52
fake/2496,492d1cc6df52
fake/2508,492d1cc6df52
fake/2509,492d1cc6df52
fake/2529,492d1cc6df52
fake/2546,492d1cc6df52
fake/2549,492d1cc6df52
fake/2562,492d1cc6df52
fake/2565,492d1cc6df52
fake/2591,492d1cc6df52
fake/2608,492d1cc6df52
fake/2616,492d1cc6df52
fake/2620,492d1cc6df52
fake/2638,492d1cc6df52
fake/2646,492d1cc6df52
fake/265,492d1cc6df52
fake/2650,492d1cc6df52
fake/2657,492d1cc6df52
fake/2659,492d1cc6df52
fake/2665,492d1cc6df52
fake/2666,492d1cc6df52
fake/2668,492d1cc6df52
fake/2671,492d1cc6df52
fake/2680,492d1cc6df52
fake/2683,492d1cc6df52
fake/2686,492d1cc6df52
fake/2689,492d1cc6df52
fake/2700,492d1cc6df52
fake/2702,492d1cc6df52
fake/273,492d1cc6df52
fake/2738,492d1cc6df52
fake/2741,492d1cc6df52
fake/2747,492d1cc6df52
fake/2752,492d1cc6df52
fake/2754,492d1cc6df52
fake/2763,492d1cc6df52
fake/2767,492d1cc6df52
fake/2770,492d1cc6df52
fake/2785,492d1cc6df52
fake/2789,492d1cc6df52
fake/2809,492d1cc6df52
fake/2820,492d1cc6df52
fake/2832,492d1cc6df52
fake/284,492d1cc6df52
fake/2855,492d1cc6df52
fake/2859,492d1cc6df52
fake/286,492d1cc6df52
fake/2870,492d1cc6df52
fake/2876,492d1cc6df52
fake/2882,492d1cc6df52
fake/2886,492d1cc6df52
fake/2892,492d1cc6df52
fake/2905,492d1cc6df52
fake/2910,492d1cc6df52
fake/2916,492d1cc6df52
fake/2925,492d1cc6df52
fake/2933,492d1cc6df52
fake/2948,492d1cc6df52
fake/2953,492d1cc6df52
fake/296,492d1cc6df52
fake/2974,492d1cc6df52
fake/2977,492d1cc6df52
fake/2986,492d1cc6df52
fake/2988,492d1cc6df52
fake/2994,492d1cc6df52
fake/3011,492d1cc6df52
fake/3019,492d1cc6df52
fake/3034,492d1cc6df52
fake/3035,492d1cc6df52
fake/3046,492d1cc6df52
fake/3053,492d1cc6df52
fake/3055,492d1cc6df52
fake/3060,492d1cc6df52
fake/3071,492d1cc6df52
fake/3082,492d1cc6df52
fake/3087,492d1cc6df52
fake/3094,492d1cc6df52
fake/3098,492d1cc6df52
fake/3106,492d1cc6df52
fake/3109,492d1cc6df52
fake/311,492d1cc6df52
fake/312,492d1cc6df52
fake/3126,492d1cc6df52
fake/3137,492d1cc6df52
fake/3154,492d1cc6df52
fake/3162,492d1cc6df52
fake/3166,492d1cc6df52
fake/3168,492d1cc6df52
fake/317,492d1cc6df52
fake/3183,492d1cc6df52
fake/319,492d1cc6df52
fake/3193,492d1cc6df52
fake/3207,492d1cc6df52
fake/3226,492d1cc6df52
fake/3227,492d1cc6df52
fake/3232,492d1cc6df52
fake/3242,492d1cc6df52
fake/3246,492d1cc6df52
fake/3249,492d1cc6df52
fake/3252,492d1cc6df52
fake/3259,492d1cc6df52
fake/3277,492d1cc6df52
fake/329,492d1cc6df52
fake/3298,492d1cc6df52
fake/330,492d1cc6df52
fake/3301,492d1cc6df52
fake/3304,492d1cc6df52
fake/331,492d1cc6df52
fake/3320,492d1cc6df52
fake/3324,492d1cc6df52
fake/3325,492d1cc6df52
fake/3328,492d1cc6df52
fake/3338,492d1cc6df52
fake/334,492d1cc6df52
fake/3360,492d1cc6df52
fake/3366,492d1cc6df52
fake/3367,492d1cc6df52
fake/3372,492d1cc6df52
fake/3380,492d1cc6df52
fake/3388,492d1cc6df52
fake/339,492d1cc6df52
fake/3391,492d1cc6df52
fake/3396,492d1cc6df52
fake/3400,492d1cc6df52
fake/3404,492d1cc6df52
fake/3412,492d1cc6df52
fake/343,492d1cc6df52
fake/3431,492d1cc6df52
fake/3432,492d1cc6df52
fake/345,492d1cc6df52
fake/3451,492d1cc6df52
fake/3459,492d1cc6df52
fake/3470,492d1cc6df52
fake/3473,492d1cc6df52
fake/3508,492d1cc6df52
fake/3514,492d1cc6df52
fake/3535,492d1cc6df52
fake/3537,492d1cc6df52
fake/3546,492d1cc6df52
fake/3548,492d1cc6df52
fake/355,492d1cc6df52
fake/3567,492d1cc6df52
fake/3579,492d1cc6df52
fake/3585,492d1cc6df52
fake/3588,492d1cc6df52
fake/3602,492d1cc6df52
fake/364,492d1cc6df52
fake/366,492d1cc6df52
fake/403,492d1cc6df52
fake/412,492d1cc6df52
fake/418,492d1cc6df52
fake/429,492d1cc6df52
fake/433,492d1cc6df52
fake/437,492d1cc6df52
fake/440,492d1cc6df52
fake/450,492d1cc6df52
fake/452,492d1cc6df52
fake/463,492d1cc6df52
fake/467,492d1cc6df52
fake/469,492d1cc6df52
fake/47,492d1cc6df52
fake/477,492d1cc6df52
fake/487,492d1cc6df52
fake/494,492d1cc6df52
fake/500,492d1cc6df52
fake/504,492d1cc6df52
fake/506,492d1cc6df52
fake/508,492d1cc6df52
fake/515,492d1cc6df52
fake/519,492d1cc6df52
fake/522,492d1cc6df52
fake/529,492d1cc6df52
fake/537,492d1cc6df52
fake/547,492d1cc6df52
fake/573,492d1cc6df52
fake/575,492d1cc6df52
fake/581,492d1cc6df52
fake/594,492d1cc6df52
fake/595,492d1cc6df52
fake/603,492d1cc6df52
fake/606,492d1cc6df52
fake/612,492d1cc6df52
fake/627,492d1cc6df52
fake/634,492d1cc6df52
fake/635,492d1cc6df52
fake/660,492d1cc6df52
fake/665,492d1cc6df52
fake/675,492d1cc6df52
fake/682,492d1cc6df52
fake/683,492d1cc6df52
fake/689,492d1cc6df52
fake/699,492d1cc6df52
fake/701,492d1cc6df52
fake/718,492d1cc6df52
fake/726,492d1cc6df52
fake/743,492d1cc6df52
fake/758,492d1cc6df52
fake/761,492d1cc6df52
fake/771,492d1cc6df52
fake/779,492d1cc6df52
fake/788,492d1cc6df52
fake/798,492d1cc6df52
fake/809,492d1cc6df52
fake/811,492d1cc6df52
fake/814,492d1cc6df52
fake/815,492d1cc6df52
fake/832,492d1cc6df52
fake/852,492d1cc6df52
fake/860,492d1cc6df52
fake/878,492d1cc6df52
fake/882,492d1cc6df52
fake/889,492d1cc6df52
fake/899,492d1cc6df52
fake/905,492d1cc6df52
fake/908,492d1cc6df52
fake/910,492d1cc6df52
fake/914,492d1cc6df52
fake/916,492d1cc6df52
fake/922,492d1cc6df52
fake/931,492d1cc6df52
fake/932,492d1cc6df52
fake/936,492d1cc6df52
fake/938,492d1cc6df52
fake/939,492d1cc6df52
fake/951,492d1cc6df52
fake/964,492d1cc6df52
fake/970,492d1cc6df52
fake/972,492d1cc6df52
fake/973,492d1cc6df52
fake/989,492d1cc6df52
fake/992,492d1cc6df52
true/1030,492d1cc6df52
true/1039,492d1cc6df52
true/1045,492d1cc6df52
true/1049,492d1cc6df52
true/1062,492d1cc6df52
true/1070,492d1cc6df52
true/1087,492d1cc6df52
true/1114,492d1cc6df52
true/1115,492d1cc6df52
true/1156,492d1cc6df52
true/1190,492d1cc6df52
true/1196,492d1cc6df52
true/1210,492d1cc6df52
true/1215,492d1cc6df52
true/1221,492d1cc6df52
true/1227,492d1cc6df52
true/124,492d1cc6df52
true/1273,492d1cc6df52
true/1279,492d1cc6df52
true/1313,492d1cc6df52
true/1322,492d1cc6df52
true/133,492d1cc6df52
true/1406,492d1cc6df52
true/1413,492d1cc6df52
true/1457,492d1cc6df52
true/1478,492d1cc6df52
true/1480,492d1cc6df52
true/1489,492d1cc6df52
true/1493,492d1cc6df52
true/1568,492d1cc6df52
true/160,492d1cc6df52
true/1618,492d1cc6df52
true/1619,492d1cc6df52
true/1625,492d1cc6df52
true/1626,492d1cc6df52
true/1631,492d1cc6df52
true/1638,492d1cc6df52
true/1662,492d1cc6df52
true/1690,492d1cc6df52
true/170,492d1cc6df52
true/1704,492d1cc6df52
true/1711,492d1cc6df52
true/1756,492d1cc6df52
true/176,492d1cc6df52
true/1768,492d1cc6df52
true/1837,492d1cc6df52
true/1887,492d1cc6df52
true/1908,492d1cc6df52
true/1911,492d1cc6df52
true/1917,492d1cc6df52
true/1924,492d1cc6df52
true/1937,492d1cc6df52
true/1944,492d1cc6df52
true/1960,492d1cc6df52
true/1971,492d1cc6df52
true/1983,492d1cc6df52
true/2011,492d1cc6df52
true/2026,492d1cc6df52
true/2033,492d1cc6df52
true/2041,492d1cc6df52
true/2046,492d1cc6df52
true/2052,492d1cc6df52
true/2055,492d1cc6df52
true/2072,492d1cc6df52
true/2086,492d1cc6df52
true/2089,492d1cc6df52
true/209,492d1cc6df52
true/213,492d1cc6df52
true/2137,492d1cc6df52
true/214,492d1cc6df52
true/215,492d1cc6df52
true/2150,492d1cc6df52
true/2154,492d1cc6df52
true/2166,492d1cc6df52
true/2173,492d1cc6df52
true/2174,492d1cc6df52
true/2175,492d1cc6df52
true/2215,492d1cc6df52
true/2233,492d1cc6df52
true/2236,492d1cc6df52
true/2257,492d1cc6df52
true/226,492d1cc6df52
true/2264,492d1cc6df52
true/2268,492d1cc6df52
true/2280,492d1cc6df52
true/2289,492d1cc6df52
true/2305,492d1cc6df52
true/2344,492d1cc6df52
true/2350,492d1cc6df52
true/2383,492d1cc6df52
true/2408,492d1cc6df52
true/2434,492d1cc6df52
true/2455,492d1cc6df52
true/2469,492d1cc6df52
true/2472,492d1cc6df52
true/25,492d1cc6df52
true/2502,492d1cc6df52
true/2537,492d1cc6df52
true/2562,492d1cc6df52
true/2564,492d1cc6df52
true/2603,492d1cc6df52
true/262,492d1cc6df52
true/2648,492d1cc6df52
true/2666,492d1cc6df52
true/2668,492d1cc6df52
true/2682,492d1cc6df52
true/2702,492d1cc6df52
true/2741,492d1cc6df52
true/2813,492d1cc6df52
true/2882,492d1cc6df52
true/2896,492d1cc6df52
true/3055,492d1cc6df52
true/3066,492d1cc6df52
true/3068,492d1cc6df52
true/3079,492d1cc6df52
true/3098,492d1cc6df52
true/3137,492d1cc6df52
true/3183,492d1cc6df52
true/3191,492d1cc6df52
true/3298,492d1cc6df52
true/3329,492d1cc6df52
true/3338,492d1cc6df52
true/3374,492d1cc6df52
true/3390,492d1cc6df52
true/3407,492d1cc6df52
true/3409,492d1cc6df52
true/341,492d1cc6df52
true/3410,492d1cc6df52
true/3435,492d1cc6df52
true/345,492d1cc6df52
true/3450,492d1cc6df52
true/3459,492d1cc6df52
true/3460,492d1cc6df52
true/3472,492d1cc6df52
true/3492,492d1cc6df52
true/3521,492d1cc6df52
true/3547,492d1cc6df52
true/362,492d1cc6df52
true/383,492d1cc6df52
true/386,492d1cc6df52
true/414,492d1cc6df52
true/435,492d1cc6df52
true/439,492d1cc6df52
true/477,492d1cc6df52
true/488,492d1cc6df52
true/546,492d1cc6df52
true/555,492d1cc6df52
true/559,492d1cc6df52
true/566,492d1cc6df52
true/58,492d1cc6df52
true/583,492d1cc6df52
true/606,492d1cc6df52
true/61,492d1cc6df52
true/636,492d1cc6df52
true/675,492d1cc6df52
true/685,492d1cc6df52
true/686,492d1cc6df52
true/69,492d1cc6df52
true/692,492d1cc6df52
true/707,492d1cc6df52
true/747,492d1cc6df52
true/757,492d1cc6df52
true/758,492d1cc6df52
true/761,492d1cc6df52
true/806,492d1cc6df52
true/812,492d1cc6df52
true/815,492d1cc6df52
true/826,492d1cc6df52
true/837,492d1cc6df52
true/877,492d1cc6df52
true/881,492d1cc6df52
true/889,492d1cc6df52
true/899,492d1cc6df52
true/918,492d1cc6df52
true/921,492d1cc6df52
true/932,492d1cc6df52
true/959,492d1cc6df52
true/960,492d1cc6df52
fake/10,c527c8dcf64c
fake/1022,c527c8dcf64c
fake/1069,c527c8dcf64c
fake/1072,c527c8dcf64c
fake/1084,c527c8dcf64c
fake/110,c527c8dcf64c
fake/1103,c527c8dcf64c
fake/112,c527c8dcf64c
fake/115,c527c8dcf64c
fake/116,c527c8dcf64c
fake/1160,c527c8dcf64c
fake/1167,c527c8dcf64c
fake/1169,c527c8dcf64c
fake/117,c527c8dcf64c
fake/118,c527c8dcf64c
fake/1191,c527c8dcf64c
fake/1192,c527c8dcf64c
fake/120,c527c8dcf64c
fake/1266,c527c8dcf64c
fake/129,c527c8dcf64c
fake/1332,c527c8dcf64c
fake/1378,c527c8dcf64c
fake/1399,c527c8dcf64c
fake/140,c527c8dcf64c
fake/1404,c527c8dcf64c
fake/1409,c527c8dcf64c
fake/141,c527c8dcf64c
fake/1416,c527c8dcf64c
fake/1462,c527c8dcf64c
fake/147,c527c8dcf64c
fake/1508,c527c8dcf64c
fake/151,c527c8dcf64c
fake/1516,c527c8dcf64c
fake/1517,c527c8dcf64c
fake/1519,c527c8dcf64c
fake/154,c527c8dcf64c
fake/1561,c527c8dcf64c
fake/1571,c527c8dcf64c
fake/158,c527c8dcf64c
fake/1609,c527c8dcf64c
fake/170,c527c8dcf64c
fake/171,c527c8dcf64c
fake/1725,c527c8dcf64c
fake/1736,c527c8dcf64c
fake/1756,c527c8dcf64c
fake/1791,c527c8dcf64c
fake/18,c527c8dcf64c
fake/1802,c527c8dcf64c
fake/181,c527c8dcf64c
fake/1823,c527c8dcf64c
fake/183,c527c8dcf64c
fake/1874,c527c8dcf64c
fake/1898,c527c8dcf64c
fake/1950,c527c8dcf64c
fake/1971,c527c8dcf64c
fake/2075,c527c8dcf64c
fake/2098,c527c8dcf64c
fake/2105,c527c8dcf64c
fake/2113,c527c8dcf64c
fake/2134,c527c8dcf64c
fake/2142,c527c8dcf64c
fake/2144,c527c8dcf64c
fake/2168,c527c8dcf64c
fake/2170,c527c8dcf64c
fake/2173,c527c8dcf64c
fake/2187,c527c8dcf64c
fake/2194,c527c8dcf64c
fake/220,c527c8dcf64c
fake/2218,c527c8dcf64c
fake/222,c527c8dcf64c
fake/2221,c527c8dcf64c
fake/2225,c527c8dcf64c
fake/2239,c527c8dcf64c
fake/2289,c527c8dcf64c
fake/229,c527c8dcf64c
fake/234,c527c8dcf64c
fake/2356,c527c8dcf64c
fake/236,c527c8dcf64c
fake/2373,c527c8dcf64c
fake/2390,c527c8dcf64c
fake/240,c527c8dcf64c
fake/2426,c527c8dcf64c
fake/2486,c527c8dcf64c
fake/2501,c527c8dcf64c
fake/2502,c527c8dcf64c
fake/2520,c527c8dcf64c
fake/254,c527c8dcf64c
fake/2553,c527c8dcf64c
fake/2566,c527c8dcf64c
fake/2569,c527c8dcf64c
fake/2580,c527c8dcf64c
fake/2585,c527c8dcf64c
fake/261,c527c8dcf64c
fake/263,c527c8dcf64c
fake/2677,c527c8dcf64c
fake/2716,c527c8dcf64c
fake/2790,c527c8dcf64c
fake/2815,c527c8dcf64c
fake/2890,c527c8dcf64c
fake/29,c527c8dcf64c
fake/2940,c527c8dcf64c
fake/2945,c527c8dcf64c
fake/2980,c527c8dcf64c
fake/2993,c527c8dcf64c
fake/302,c527c8dcf64c
fake/3022,c527c8dcf64c
fake/3027,c527c8dcf64c
fake/304,c527c8dcf64c
fake/305,c527c8dcf64c
fake/3058,c527c8dcf64c
fake/3059,c527c8dcf64c
fake/3078,c527c8dcf64c
fake/3108,c527c8dcf64c
fake/3115,c527c8dcf64c
fake/3147,c527c8dcf64c
fake/3150,c527c8dcf64c
fake/3170,c527c8dcf64c
fake/3173,c527c8dcf64c
fake/3179,c527c8dcf64c
fake/3200,c527c8dcf64c
fake/3202,c527c8dcf64c
fake/3215,c527c8dcf64c
fake/3255,c527c8dcf64c
fake/3257,c527c8dcf64c
fake/3283,c527c8dcf64c
fake/3284,c527c8dcf64c
fake/3323,c527c8dcf64c
fake/3347,c527c8dcf64c
fake/335,c527c8dcf64c
fake/3369,c527c8dcf64c
fake/3378,c527c8dcf64c
fake/3393,c527c8dcf64c
fake/34,c527c8dcf64c
fake/3423,c527c8dcf64c
fake/3437,c527c8dcf64c
fake/3478,c527c8dcf64c
fake/3479,c527c8dcf64c
fake/3491,c527c8dcf64c
fake/35,c527c8dcf64c
fake/3530,c527c8dcf64c
fake/3541,c527c8dcf64c
fake/3561,c527c8dcf64c
fake/3590,c527c8dcf64c
fake/3596,c527c8dcf64c
fake/37,c527c8dcf64c
fake/432,c527c8dcf64c
fake/45,c527c8dcf64c
fake/458,c527c8dcf64c
fake/470,c527c8dcf64c
fake/491,c527c8dcf64c
fake/51,c527c8dcf64c
fake/55,c527c8dcf64c
fake/551,c527c8dcf64c
fake/59,c527c8dcf64c
fake/593,c527c8dcf64c
fake/600,c527c8dcf64c
fake/616,c527c8dcf64c
fake/62,c527c8dcf64c
fake/63,c527c8dcf64c
fake/633,c527c8dcf64c
fake/648,c527c8dcf64c
fake/65,c527c8dcf64c
fake/658,c527c8dcf64c
fake/69,c527c8dcf64c
fake/7,c527c8dcf64c
fake/70,c527c8dcf64c
fake/706,c527c8dcf64c
fake/715,c527c8dcf64c
fake/736,c527c8dcf64c
fake/74,c527c8dcf64c
fake/757,c527c8dcf64c
fake/762,c527c8dcf64c
fake/773,c527c8dcf64c
fake/813,c527c8dcf64c
fake/82,c527c8dcf64c
fake/848,c527c8dcf64c
fake/85,c527c8dcf64c
fake/854,c527c8dcf64c
fake/88,c527c8dcf64c
fake/89,c527c8dcf64c
fake/928,c527c8dcf64c
fake/952,c527c8dcf64c
fake/96,c527c8dcf64c
true/1009,c527c8dcf64c
true/1013,c527c8dcf64c
true/1019,c527c8dcf64c
true/1022,c527c8dcf64c
true/1026,c527c8dcf64c
true/1041,c527c8dcf64c
true/1042,c527c8dcf64c
true/1055,c527c8dcf64c
true/1060,c527c8dcf64c
true/1063,c527c8dcf64c
true/1076,c527c8dcf64c
true/1082,c527c8dcf64c
true/1093,c527c8dcf64c
true/1094,c527c8dcf64c
true/11,c527c8dcf64c
true/110,c527c8dcf64c
true/1108,c527c8dcf64c
true/1109,c527c8dcf64c
true/1131,c527c8dcf64c
true/114,c527c8dcf64c
true/1148,c527c8dcf64c
true/1160,c527c8dcf64c
true/1167,c527c8dcf64c
true/1179,c527c8dcf64c
true/1182,c527c8dcf64c
true/1184,c527c8dcf64c
true/1186,c527c8dcf64c
true/119,c527c8dcf64c
true/120,c527c8dcf64c
true/1202,c527c8dcf64c
true/1218,c527c8dcf64c
true/1232,c527c8dcf64c
true/1235,c527c8dcf64c
true/1249,c527c8dcf64c
true/126,c527c8dcf64c
true/1263,c527c8dcf64c
true/1268,c527c8dcf64c
true/1269,c527c8dcf64c
true/1281,c527c8dcf64c
true/1284,c527c8dcf64c
true/1287,c527c8dcf64c
true/129,c527c8dcf64c
true/1292,c527c8dcf64c
true/1298,c527c8dcf64c
true/1320,c527c8dcf64c
true/1328,c527c8dcf64c
true/1330,c527c8dcf64c
true/1336,c527c8dcf64c
true/1341,c527c8dcf64c
true/1342,c527c8dcf64c
true/1345,c527c8dcf64c
true/1351,c527c8dcf64c
true/1367,c527c8dcf64c
true/1378,c527c8dcf64c
true/1395,c527c8dcf64c
true/1401,c527c8dcf64c
true/1403,c527c8dcf64c
true/1414,c527c8dcf64c
true/1417,c527c8dcf64c
true/1430,c527c8dcf64c
true/1474,c527c8dcf64c
true/148,c527c8dcf64c
true/1487,c527c8dcf64c
true/1491,c527c8dcf64c
true/1496,c527c8dcf64c
true/1507,c527c8dcf64c
true/1518,c527c8dcf64c
true/152,c527c8dcf64c
true/1529,c527c8dcf64c
true/154,c527c8dcf64c
true/1540,c527c8dcf64c
true/1548,c527c8dcf64c
true/155,c527c8dcf64c
true/1551,c527c8dcf64c
true/157,c527c8dcf64c
true/1573,c527c8dcf64c
true/1587,c527c8dcf64c
true/162,c527c8dcf64c
true/1624,c527c8dcf64c
true/1628,c527c8dcf64c
true/1641,c527c8dcf64c
true/1644,c527c8dcf64c
true/1648,c527c8dcf64c
true/165,c527c8dcf64c
true/1656,c527c8dcf64c
true/166,c527c8dcf64c
true/1663,c527c8dcf64c
true/1672,c527c8dcf64c
true/1689,c527c8dcf64c
true/1703,c527c8dcf64c
true/1707,c527c8dcf64c
true/171,c527c8dcf64c
true/1726,c527c8dcf64c
true/1728,c527c8dcf64c
true/1729,c527c8dcf64c
true/1732,c527c8dcf64c
true/1733,c527c8dcf64c
true/1747,c527c8dcf64c
true/1770,c527c8dcf64c
true/1778,c527c8dcf64c
true/1791,c527c8dcf64c
true/1802,c527c8dcf64c
true/1810,c527c8dcf64c
true/1818,c527c8dcf64c
true/1839,c527c8dcf64c
true/1874,c527c8dcf64c
true/1876,c527c8dcf64c
true/188,c527c8dcf64c
true/1886,c527c8dcf64c
true/1888,c527c8dcf64c
true/189,c527c8dcf64c
true/1901,c527c8dcf64c
true/193,c527c8dcf64c
true/1935,c527c8dcf64c
true/1940,c527c8dcf64c
true/1943,c527c8dcf64c
true/1950,c527c8dcf64c
true/1952,c527c8dcf64c
true/1953,c527c8dcf64c
true/1966,c527c8dcf64c
true/1974,c527c8dcf64c
true/1988,c527c8dcf64c
true/20,c527c8dcf64c
true/2013,c527c8dcf64c
true/2035,c527c8dcf64c
true/2040,c527c8dcf64c
true/2045,c527c8dcf64c
true/2073,c527c8dcf64c
true/2087,c527c8dcf64c
true/2104,c527c8dcf64c
true/2105,c527c8dcf64c
true/211,c527c8dcf64c
true/2123,c527c8dcf64c
true/2125,c527c8dcf64c
true/2135,c527c8dcf64c
true/2138,c527c8dcf64c
true/2141,c527c8dcf64c
true/2164,c527c8dcf64c
true/2167,c527c8dcf64c
true/2180,c527c8dcf64c
true/2191,c527c8dcf64c
true/2194,c527c8dcf64c
true/2197,c527c8dcf64c
true/2199,c527c8dcf64c
true/2211,c527c8dcf64c
true/222,c527c8dcf64c
true/2226,c527c8dcf64c
true/2238,c527c8dcf64c
true/224,c527c8dcf64c
true/2253,c527c8dcf64c
true/2261,c527c8dcf64c
true/2267,c527c8dcf64c
true/227,c527c8dcf64c
true/2279,c527c8dcf64c
true/2283,c527c8dcf64c
true/2288,c527c8dcf64c
true/2298,c527c8dcf64c
true/2299,c527c8dcf64c
true/2303,c527c8dcf64c
true/2309,c527c8dcf64c
true/2315,c527c8dcf64c
true/2320,c527c8dcf64c
true/2326,c527c8dcf64c
true/2333,c527c8dcf64c
true/2337,c527c8dcf64c
true/2338,c527c8dcf64c
true/2342,c527c8dcf64c
true/2343,c527c8dcf64c
true/2352,c527c8dcf64c
true/236,c527c8dcf64c
true/2361,c527c8dcf64c
true/2369,c527c8dcf64c
true/2386,c527c8dcf64c
true/2392,c527c8dcf64c
true/2394,c527c8dcf64c
true/2395,c527c8dcf64c
true/2404,c527c8dcf64c
true/2405,c527c8dcf64c
true/2406,c527c8dcf64c
true/2409,c527c8dcf64c
true/241,c527c8dcf64c
true/2410,c527c8dcf64c
true/2417,c527c8dcf64c
true/2418,c527c8dcf64c
true/2433,c527c8dcf64c
true/2438,c527c8dcf64c
true/2439,c527c8dcf64c
true/2448,c527c8dcf64c
true/2449,c527c8dcf64c
true/2450,c527c8dcf64c
true/2459,c527c8dcf64c
true/2461,c527c8dcf64c
true/2462,c527c8dcf64c
true/247,c527c8dcf64c
true/2482,c527c8dcf64c
true/2487,c527c8dcf64c
true/2489,c527c8dcf64c
true/2491,c527c8dcf64c
true/2495,c527c8dcf64c
true/2496,c527c8dcf64c
true/2513,c527c8dcf64c
true/2514,c527c8dcf64c
true/2520,c527c8dcf64c
true/2524,c527c8dcf64c
true/2528,c527c8dcf64c
true/2530,c527c8dcf64c
true/2531,c527c8dcf64c
true/2536,c527c8dcf64c
true/2541,c527c8dcf64c
true/255,c527c8dcf64c
true/2559,c527c8dcf64c
true/256,c527c8dcf64c
true/2563,c527c8dcf64c
true/2567,c527c8dcf64c
true/2575,c527c8dcf64c
true/2577,c527c8dcf64c
true/258,c527c8dcf64c
true/2588,c527c8dcf64c
true/2592,c527c8dcf64c
true/260,c527c8dcf64c
true/2610,c527c8dcf64c
true/2640,c527c8dcf64c
true/2641,c527c8dcf64c
true/2646,c527c8dcf64c
true/2663,c527c8dcf64c
true/267,c527c8dcf64c
true/2685,c527c8dcf64c
true/2693,c527c8dcf64c
true/2698,c527c8dcf64c
true/2700,c527c8dcf64c
true/272,c527c8dcf64c
true/2735,c527c8dcf64c
true/2742,c527c8dcf64c
true/2763,c527c8dcf64c
true/2770,c527c8dcf64c
true/2779,c527c8dcf64c
true/278,c527c8dcf64c
true/2784,c527c8dcf64c
true/2798,c527c8dcf64c
true/2802,c527c8dcf64c
true/2809,c527c8dcf64c
true/2824,c527c8dcf64c
true/2833,c527c8dcf64c
true/2840,c527c8dcf64c
true/2861,c527c8dcf64c
true/2885,c527c8dcf64c
true/2899,c527c8dcf64c
true/2901,c527c8dcf64c
true/2905,c527c8dcf64c
true/2915,c527c8dcf64c
true/2945,c527c8dcf64c
true/2952,c527c8dcf64c
true/2953,c527c8dcf64c
true/2978,c527c8dcf64c
true/2980,c527c8dcf64c
true/2981,c527c8dcf64c
true/299,c527c8dcf64c
true/3001,c527c8dcf64c
true/3002,c527c8dcf64c
true/3011,c527c8dcf64c
true/3021,c527c8dcf64c
true/3023,c527c8dcf64c
true/3027,c527c8dcf64c
true/3028,c527c8dcf64c
true/3049,c527c8dcf64c
true/3053,c527c8dcf64c
true/3056,c527c8dcf64c
true/3071,c527c8dcf64c
true/3078,c527c8dcf64c
true/3082,c527c8dcf64c
true/3101,c527c8dcf64c
true/3105,c527c8dcf64c
true/3109,c527c8dcf64c
true/3112,c527c8dcf64c
true/3118,c527c8dcf64c
true/3127,c527c8dcf64c
true/3131,c527c8dcf64c
true/3139,c527c8dcf64c
true/314,c527c8dcf64c
true/3148,c527c8dcf64c
true/317,c527c8dcf64c
true/3170,c527c8dcf64c
true/3177,c527c8dcf64c
true/3182,c527c8dcf64c
true/3184,c527c8dcf64c
true/3188,c527c8dcf64c
true/3190,c527c8dcf64c
true/3194,c527c8dcf64c
true/32,c527c8dcf64c
true/320,c527c8dcf64c
true/3203,c527c8dcf64c
true/3206,c527c8dcf64c
true/3225,c527c8dcf64c
true/3227,c527c8dcf64c
true/3232,c527c8dcf64c
true/3242,c527c8dcf64c
true/326,c527c8dcf64c
true/3260,c527c8dcf64c
true/3270,c527c8dcf64c
true/3285,c527c8dcf64c
true/3293,c527c8dcf64c
true/3305,c527c8dcf64c
true/3308,c527c8dcf64c
true/3316,c527c8dcf64c
true/3353,c527c8dcf64c
true/3360,c527c8dcf64c
true/3393,c527c8dcf64c
true/3420,c527c8dcf64c
true/3429,c527c8dcf64c
true/3430,c527c8dcf64c
true/3434,c527c8dcf64c
true/3437,c527c8dcf64c
true/3440,c527c8dcf64c
true/3456,c527c8dcf64c
true/3475,c527c8dcf64c
true/3478,c527c8dcf64c
true/3493,c527c8dcf64c
true/3494,c527c8dcf64c
true/3499,c527c8dcf64c
true/3512,c527c8dcf64c
true/3515,c527c8dcf64c
true/3541,c527c8dcf64c
true/3544,c527c8dcf64c
true/3548,c527c8dcf64c
true/3561,c527c8dcf64c
true/3575,c527c8dcf64c
true/3585,c527c8dcf64c
true/3589,c527c8dcf64c
true/3590,c527c8dcf64c
true/36,c527c8dcf64c
true/3601,c527c8dcf64c
true/364,c527c8dcf64c
true/378,c527c8dcf64c
true/38,c527c8dcf64c
true/387,c527c8dcf64c
true/388,c527c8dcf64c
true/39,c527c8dcf64c
true/392,c527c8dcf64c
true/393,c527c8dcf64c
true/398,c527c8dcf64c
true/416,c527c8dcf64c
true/417,c527c8dcf64c
true/428,c527c8dcf64c
true/43,c527c8dcf64c
true/430,c527c8dcf64c
true/446,c527c8dcf64c
true/458,c527c8dcf64c
true/461,c527c8dcf64c
true/468,c527c8dcf64c
true/469,c527c8dcf64c
true/47,c527c8dcf64c
true/49,c527c8dcf64c
true/490,c527c8dcf64c
true/491,c527c8dcf64c
true/495,c527c8dcf64c
true/496,c527c8dcf64c
true/497,c527c8dcf64c
true/500,c527c8dcf64c
true/503,c527c8dcf64c
true/506,c527c8dcf64c
true/517,c527c8dcf64c
true/520,c527c8dcf64c
true/523,c527c8dcf64c
true/525,c527c8dcf64c
true/529,c527c8dcf64c
true/549,c527c8dcf64c
true/55,c527c8dcf64c
true/567,c527c8dcf64c
true/571,c527c8dcf64c
true/616,c527c8dcf64c
true/621,c527c8dcf64c
true/623,c527c8dcf64c
true/627,c527c8dcf64c
true/637,c527c8dcf64c
true/641,c527c8dcf64c
true/643,c527c8dcf64c
true/648,c527c8dcf64c
true/653,c527c8dcf64c
true/657,c527c8dcf64c
true/659,c527c8dcf64c
true/665,c527c8dcf64c
true/691,c527c8dcf64c
true/693,c527c8dcf64c
true/715,c527c8dcf64c
true/725,c527c8dcf64c
true/735,c527c8dcf64c
true/740,c527c8dcf64c
true/743,c527c8dcf64c
true/75,c527c8dcf64c
true/772,c527c8dcf64c
true/780,c527c8dcf64c
true/781,c527c8dcf64c
true/790,c527c8dcf64c
true/798,c527c8dcf64c
true/82,c527c8dcf64c
true/820,c527c8dcf64c
true/822,c527c8dcf64c
true/827,c527c8dcf64c
true/828,c527c8dcf64c
true/832,c527c8dcf64c
true/834,c527c8dcf64c
true/836,c527c8dcf64c
true/84,c527c8dcf64c
true/854,c527c8dcf64c
true/88,c527c8dcf64c
true/887,c527c8dcf64c
true/904,c527c8dcf64c
true/907,c527c8dcf64c
true/92,c527c8dcf64c
true/931,c527c8dcf64c
true/957,c527c8dcf64c
true/969,c527c8dcf64c
true/995,c527c8dcf64c
true/996,c527c8dcf64c
fake/1005,a8c7b35b30a3
fake/101,a8c7b35b30a3
fake/1040,a8c7b35b30a3
fake/1058,a8c7b35b30a3
fake/1060,a8c7b35b30a3
fake/1065,a8c7b35b30a3
fake/1066,a8c7b35b30a3
fake/1067,a8c7b35b30a3
fake/1070,a8c7b35b30a3
fake/1082,a8c7b35b30a3
fake/1090,a8c7b35b30a3
fake/1093,a8c7b35b30a3
fake/110,a8c7b35b30a3
fake/1106,a8c7b35b30a3
fake/1125,a8c7b35b30a3
fake/1127,a8c7b35b30a3
fake/1131,a8c7b35b30a3
fake/1136,a8c7b35b30a3
fake/1139,a8c7b35b30a3
fake/1140,a8c7b35b30a3
fake/1142,a8c7b35b30a3
fake/1148,a8c7b35b30a3
fake/1162,a8c7b35b30a3
fake/1181,a8c7b35b30a3
fake/1184,a8c7b35b30a3
fake/1185,a8c7b35b30a3
fake/1189,a8c7b35b30a3
fake/1190,a8c7b35b30a3
fake/1191,a8c7b35b30a3
fake/1192,a8c7b35b30a3
fake/1197,a8c7b35b30a3
fake/12,a8c7b35b30a3
fake/1202,a8c7b35b30a3
fake/1204,a8c7b35b30a3
fake/1208,a8c7b35b30a3
fake/1209,a8c7b35b30a3
fake/1228,a8c7b35b30a3
fake/124,a8c7b35b30a3
fake/1240,a8c7b35b30a3
fake/1243,a8c7b35b30a3
fake/1250,a8c7b35b30a3
fake/1256,a8c7b35b30a3
fake/1258,a8c7b35b30a3
fake/1259,a8c7b35b30a3
fake/1272,a8c7b35b30a3
fake/1282,a8c7b35b30a3
fake/1284,a8c7b35b30a3
fake/1285,a8c7b35b30a3
fake/1287,a8c7b35b30a3
fake/1293,a8c7b35b30a3
fake/1298,a8c7b35b30a3
fake/1299,a8c7b35b30a3
fake/13,a8c7b35b30a3
fake/1303,a8c7b35b30a3
fake/1304,a8c7b35b30a3
fake/1311,a8c7b35b30a3
fake/1326,a8c7b35b30a3
fake/1330,a8c7b35b30a3
fake/1336,a8c7b35b30a3
fake/1346,a8c7b35b30a3
fake/1352,a8c7b35b30a3
fake/1361,a8c7b35b30a3
fake/1365,a8c7b35b30a3
fake/1375,a8c7b35b30a3
fake/1382,a8c7b35b30a3
fake/1393,a8c7b35b30a3
fake/1399,a8c7b35b30a3
fake/140,a8c7b35b30a3
fake/1400,a8c7b35b30a3
fake/1401,a8c7b35b30a3
fake/1405,a8c7b35b30a3
fake/1412,a8c7b35b30a3
fake/1413,a8c7b35b30a3
fake/1415,a8c7b35b30a3
fake/1416,a8c7b35b30a3
fake/1419,a8c7b35b30a3
fake/1421,a8c7b35b30a3
fake/1425,a8c7b35b30a3
fake/1434,a8c7b35b30a3
fake/1436,a8c7b35b30a3
fake/1439,a8c7b35b30a3
fake/1450,a8c7b35b30a3
fake/1458,a8c7b35b30a3
fake/1466,a8c7b35b30a3
fake/1469,a8c7b35b30a3
fake/1474,a8c7b35b30a3
fake/1478,a8c7b35b30a3
fake/1493,a8c7b35b30a3
fake/1495,a8c7b35b30a3
fake/1500,a8c7b35b30a3
fake/1502,a8c7b35b30a3
fake/1505,a8c7b35b30a3
fake/1508,a8c7b35b30a3
fake/1511,a8c7b35b30a3
fake/1513,a8c7b35b30a3
fake/1517,a8c7b35b30a3
fake/1534,a8c7b35b30a3
fake/1540,a8c7b35b30a3
fake/1545,a8c7b35b30a3
fake/1546,a8c7b35b30a3
fake/1552,a8c7b35b30a3
fake/1554,a8c7b35b30a3
fake/1555,a8c7b35b30a3
fake/1567,a8c7b35b30a3
fake/157,a8c7b35b30a3
fake/1573,a8c7b35b30a3
fake/1574,a8c7b35b30a3
fake/1577,a8c7b35b30a3
fake/1578,a8c7b35b30a3
fake/1588,a8c7b35b30a3
fake/1591,a8c7b35b30a3
fake/1619,a8c7b35b30a3
fake/1622,a8c7b35b30a3
fake/1631,a8c7b35b30a3
fake/1633,a8c7b35b30a3
fake/1639,a8c7b35b30a3
fake/1659,a8c7b35b30a3
fake/1660,a8c7b35b30a3
fake/1661,a8c7b35b30a3
fake/1663,a8c7b35b30a3
fake/1667,a8c7b35b30a3
fake/1673,a8c7b35b30a3
fake/1678,a8c7b35b30a3
fake/1688,a8c7b35b30a3
fake/1689,a8c7b35b30a3
fake/1692,a8c7b35b30a3
fake/1699,a8c7b35b30a3
fake/1706,a8c7b35b30a3
fake/1726,a8c7b35b30a3
fake/1741,a8c7b35b30a3
fake/1746,a8c7b35b30a3
fake/1751,a8c7b35b30a3
fake/1761,a8c7b35b30a3
fake/1773,a8c7b35b30a3
fake/1793,a8c7b35b30a3
fake/1807,a8c7b35b30a3
fake/1809,a8c7b35b30a3
fake/1818,a8c7b35b30a3
fake/1821,a8c7b35b30a3
fake/1823,a8c7b35b30a3
fake/1826,a8c7b35b30a3
fake/1829,a8c7b35b30a3
fake/1830,a8c7b35b30a3
fake/1834,a8c7b35b30a3
fake/1837,a8c7b35b30a3
fake/1839,a8c7b35b30a3
fake/1843,a8c7b35b30a3
fake/1844,a8c7b35b30a3
fake/1846,a8c7b35b30a3
fake/1848,a8c7b35b30a3
fake/1849,a8c7b35b30a3
fake/1860,a8c7b35b30a3
fake/1863,a8c7b35b30a3
fake/1869,a8c7b35b30a3
fake/1872,a8c7b35b30a3
fake/1874,a8c7b35b30a3
fake/1888,a8c7b35b30a3
fake/1897,a8c7b35b30a3
fake/1898,a8c7b35b30a3
fake/1909,a8c7b35b30a3
fake/1920,a8c7b35b30a3
fake/1924,a8c7b35b30a3
fake/1938,a8c7b35b30a3
fake/1940,a8c7b35b30a3
fake/1943,a8c7b35b30a3
fake/1944,a8c7b35b30a3
fake/1960,a8c7b35b30a3
fake/1964,a8c7b35b30a3
fake/1967,a8c7b35b30a3
fake/1968,a8c7b35b30a3
fake/197,a8c7b35b30a3
fake/1996,a8c7b35b30a3
fake/2004,a8c7b35b30a3
fake/2011,a8c7b35b30a3
fake/2013,a8c7b35b30a3
fake/2017,a8c7b35b30a3
fake/2028,a8c7b35b30a3
fake/2033,a8c7b35b30a3
fake/2039,a8c7b35b30a3
fake/2041,a8c7b35b30a3
fake/2042,a8c7b35b30a3
fake/2051,a8c7b35b30a3
fake/2053,a8c7b35b30a3
fake/2064,a8c7b35b30a3
fake/2068,a8c7b35b30a3
fake/2069,a8c7b35b30a3
fake/207,a8c7b35b30a3
fake/2072,a8c7b35b30a3
fake/2074,a8c7b35b30a3
fake/2077,a8c7b35b30a3
fake/2079,a8c7b35b30a3
fake/2080,a8c7b35b30a3
fake/2081,a8c7b35b30a3
fake/2088,a8c7b35b30a3
fake/2089,a8c7b35b30a3
fake/209,a8c7b35b30a3
fake/2096,a8c7b35b30a3
fake/2098,a8c7b35b30a3
fake/2104,a8c7b35b30a3
fake/2113,a8c7b35b30a3
fake/2127,a8c7b35b30a3
fake/2140,a8c7b35b30a3
fake/2141,a8c7b35b30a3
fake/2145,a8c7b35b30a3
fake/2148,a8c7b35b30a3
fake/2152,a8c7b35b30a3
fake/2161,a8c7b35b30a3
fake/2167,a8c7b35b30a3
fake/217,a8c7b35b30a3
fake/2173,a8c7b35b30a3
fake/2178,a8c7b35b30a3
fake/2194,a8c7b35b30a3
fake/2198,a8c7b35b30a3
fake/2199,a8c7b35b30a3
fake/2202,a8c7b35b30a3
fake/2211,a8c7b35b30a3
fake/2214,a8c7b35b30a3
fake/2215,a8c7b35b30a3
fake/2218,a8c7b35b30a3
fake/2219,a8c7b35b30a3
fake/2225,a8c7b35b30a3
fake/2227,a8c7b35b30a3
fake/2228,a8c7b35b30a3
fake/2229,a8c7b35b30a3
fake/2239,a8c7b35b30a3
fake/2242,a8c7b35b30a3
fake/2248,a8c7b35b30a3
fake/2253,a8c7b35b30a3
fake/227,a8c7b35b30a3
fake/2271,a8c7b35b30a3
fake/2281,a8c7b35b30a3
fake/2282,a8c7b35b30a3
fake/2283,a8c7b35b30a3
fake/2287,a8c7b35b30a3
fake/2288,a8c7b35b30a3
fake/2289,a8c7b35b30a3
fake/2303,a8c7b35b30a3
fake/2309,a8c7b35b30a3
fake/2314,a8c7b35b30a3
fake/2315,a8c7b35b30a3
fake/2330,a8c7b35b30a3
fake/2336,a8c7b35b30a3
fake/2341,a8c7b35b30a3
fake/2343,a8c7b35b30a3
fake/2347,a8c7b35b30a3
fake/2349,a8c7b35b30a3
fake/2351,a8c7b35b30a3
fake/2356,a8c7b35b30a3
fake/2357,a8c7b35b30a3
fake/2365,a8c7b35b30a3
fake/237,a8c7b35b30a3
fake/2377,a8c7b35b30a3
fake/2378,a8c7b35b30a3
fake/2380,a8c7b35b30a3
fake/2388,a8c7b35b30a3
fake/2395,a8c7b35b30a3
fake/2401,a8c7b35b30a3
fake/2402,a8c7b35b30a3
fake/2405,a8c7b35b30a3
fake/2407,a8c7b35b30a3
fake/2411,a8c7b35b30a3
fake/2438,a8c7b35b30a3
fake/2441,a8c7b35b30a3
fake/2450,a8c7b35b30a3
fake/2457,a8c7b35b30a3
fake/2459,a8c7b35b30a3
fake/2460,a8c7b35b30a3
fake/2479,a8c7b35b30a3
fake/2487,a8c7b35b30a3
fake/2493,a8c7b35b30a3
fake/2496,a8c7b35b30a3
fake/2502,a8c7b35b30a3
fake/2506,a8c7b35b30a3
fake/2509,a8c7b35b30a3
fake/2524,a8c7b35b30a3
fake/2527,a8c7b35b30a3
fake/2528,a8c7b35b30a3
fake/2537,a8c7b35b30a3
fake/2538,a8c7b35b30a3
fake/2541,a8c7b35b30a3
fake/2549,a8c7b35b30a3
fake/2561,a8c7b35b30a3
fake/2563,a8c7b35b30a3
fake/2564,a8c7b35b30a3
fake/2566,a8c7b35b30a3
fake/2568,a8c7b35b30a3
fake/2573,a8c7b35b30a3
fake/2582,a8c7b35b30a3
fake/2599,a8c7b35b30a3
fake/2600,a8c7b35b30a3
fake/2602,a8c7b35b30a3
fake/2607,a8c7b35b30a3
fake/2608,a8c7b35b30a3
fake/2616,a8c7b35b30a3
fake/2630,a8c7b35b30a3
fake/2637,a8c7b35b30a3
fake/2648,a8c7b35b30a3
fake/2657,a8c7b35b30a3
fake/2659,a8c7b35b30a3
fake/2668,a8c7b35b30a3
fake/2670,a8c7b35b30a3
fake/2676,a8c7b35b30a3
fake/2681,a8c7b35b30a3
fake/2682,a8c7b35b30a3
fake/2688,a8c7b35b30a3
fake/2689,a8c7b35b30a3
fake/2703,a8c7b35b30a3
fake/2707,a8c7b35b30a3
fake/2708,a8c7b35b30a3
fake/271,a8c7b35b30a3
fake/2719,a8c7b35b30a3
fake/272,a8c7b35b30a3
fake/2724,a8c7b35b30a3
fake/2735,a8c7b35b30a3
fake/2737,a8c7b35b30a3
fake/2738,a8c7b35b30a3
fake/274,a8c7b35b30a3
fake/2741,a8c7b35b30a3
fake/2747,a8c7b35b30a3
fake/2753,a8c7b35b30a3
fake/2754,a8c7b35b30a3
fake/2763,a8c7b35b30a3
fake/2773,a8c7b35b30a3
fake/2774,a8c7b35b30a3
fake/278,a8c7b35b30a3
fake/2780,a8c7b35b30a3
fake/2784,a8c7b35b30a3
fake/2785,a8c7b35b30a3
fake/2789,a8c7b35b30a3
fake/2801,a8c7b35b30a3
fake/2803,a8c7b35b30a3
fake/2809,a8c7b35b30a3
fake/2815,a8c7b35b30a3
fake/2819,a8c7b35b30a3
fake/2824,a8c7b35b30a3
fake/2831,a8c7b35b30a3
fake/2833,a8c7b35b30a3
fake/2839,a8c7b35b30a3
fake/284,a8c7b35b30a3
fake/2843,a8c7b35b30a3
fake/2849,a8c7b35b30a3
fake/2853,a8c7b35b30a3
fake/2855,a8c7b35b30a3
fake/2857,a8c7b35b30a3
fake/2859,a8c7b35b30a3
fake/286,a8c7b35b30a3
fake/2861,a8c7b35b30a3
fake/2862,a8c7b35b30a3
fake/2865,a8c7b35b30a3
fake/2870,a8c7b35b30a3
fake/2872,a8c7b35b30a3
fake/2880,a8c7b35b30a3
fake/2886,a8c7b35b30a3
fake/2891,a8c7b35b30a3
fake/2897,a8c7b35b30a3
fake/2904,a8c7b35b30a3
fake/2910,a8c7b35b30a3
fake/2916,a8c7b35b30a3
fake/2926,a8c7b35b30a3
fake/2940,a8c7b35b30a3
fake/2949,a8c7b35b30a3
fake/2950,a8c7b35b30a3
fake/2952,a8c7b35b30a3
fake/2954,a8c7b35b30a3
fake/296,a8c7b35b30a3
fake/2960,a8c7b35b30a3
fake/2968,a8c7b35b30a3
fake/299,a8c7b35b30a3
fake/2992,a8c7b35b30a3
fake/2993,a8c7b35b30a3
fake/2996,a8c7b35b30a3
fake/2999,a8c7b35b30a3
fake/3000,a8c7b35b30a3
fake/3002,a8c7b35b30a3
fake/3005,a8c7b35b30a3
fake/3009,a8c7b35b30a3
fake/3011,a8c7b35b30a3
fake/3014,a8c7b35b30a3
fake/3027,a8c7b35b30a3
fake/3028,a8c7b35b30a3
fake/303,a8c7b35b30a3
fake/3035,a8c7b35b30a3
fake/3044,a8c7b35b30a3
fake/3051,a8c7b35b30a3
fake/3052,a8c7b35b30a3
fake/3055,a8c7b35b30a3
fake/3056,a8c7b35b30a3
fake/3057,a8c7b35b30a3
fake/3063,a8c7b35b30a3
fake/3070,a8c7b35b30a3
fake/3071,a8c7b35b30a3
fake/308,a8c7b35b30a3
fake/3097,a8c7b35b30a3
fake/3098,a8c7b35b30a3
fake/310,a8c7b35b30a3
fake/3102,a8c7b35b30a3
fake/3104,a8c7b35b30a3
fake/3106,a8c7b35b30a3
fake/3114,a8c7b35b30a3
fake/3118,a8c7b35b30a3
fake/3127,a8c7b35b30a3
fake/3131,a8c7b35b30a3
fake/3133,a8c7b35b30a3
fake/3134,a8c7b35b30a3
fake/3136,a8c7b35b30a3
fake/3147,a8c7b35b30a3
fake/3148,a8c7b35b30a3
fake/3152,a8c7b35b30a3
fake/3154,a8c7b35b30a3
fake/3162,a8c7b35b30a3
fake/3164,a8c7b35b30a3
fake/3166,a8c7b35b30a3
fake/3184,a8c7b35b30a3
fake/3188,a8c7b35b30a3
fake/320,a8c7b35b30a3
fake/3200,a8c7b35b30a3
fake/3202,a8c7b35b30a3
fake/3203,a8c7b35b30a3
fake/3205,a8c7b35b30a3
fake/3206,a8c7b35b30a3
fake/3226,a8c7b35b30a3
fake/3228,a8c7b35b30a3
fake/3239,a8c7b35b30a3
fake/3241,a8c7b35b30a3
fake/325,a8c7b35b30a3
fake/3251,a8c7b35b30a3
fake/3257,a8c7b35b30a3
fake/3259,a8c7b35b30a3
fake/3266,a8c7b35b30a3
fake/3267,a8c7b35b30a3
fake/3270,a8c7b35b30a3
fake/3277,a8c7b35b30a3
fake/3280,a8c7b35b30a3
fake/330,a8c7b35b30a3
fake/3303,a8c7b35b30a3
fake/3308,a8c7b35b30a3
fake/3316,a8c7b35b30a3
fake/3320,a8c7b35b30a3
fake/3325,a8c7b35b30a3
fake/3327,a8c7b35b30a3
fake/3329,a8c7b35b30a3
fake/3335,a8c7b35b30a3
fake/3337,a8c7b35b30a3
fake/3355,a8c7b35b30a3
fake/3367,a8c7b35b30a3
fake/3375,a8c7b35b30a3
fake/3386,a8c7b35b30a3
fake/3388,a8c7b35b30a3
fake/3390,a8c7b35b30a3
fake/3391,a8c7b35b30a3
fake/3400,a8c7b35b30a3
fake/3404,a8c7b35b30a3
fake/3405,a8c7b35b30a3
fake/3408,a8c7b35b30a3
fake/3409,a8c7b35b30a3
fake/3410,a8c7b35b30a3
fake/3413,a8c7b35b30a3
fake/3426,a8c7b35b30a3
fake/343,a8c7b35b30a3
fake/3435,a8c7b35b30a3
fake/3445,a8c7b35b30a3
fake/3447,a8c7b35b30a3
fake/3451,a8c7b35b30a3
fake/3452,a8c7b35b30a3
fake/3455,a8c7b35b30a3
fake/3470,a8c7b35b30a3
fake/3475,a8c7b35b30a3
fake/3478,a8c7b35b30a3
fake/3486,a8c7b35b30a3
fake/3487,a8c7b35b30a3
fake/3493,a8c7b35b30a3
fake/3499,a8c7b35b30a3
fake/3502,a8c7b35b30a3
fake/3503,a8c7b35b30a3
fake/3508,a8c7b35b30a3
fake/3512,a8c7b35b30a3
fake/3518,a8c7b35b30a3
fake/3519,a8c7b35b30a3
fake/3521,a8c7b35b30a3
fake/3522,a8c7b35b30a3
fake/3523,a8c7b35b30a3
fake/3530,a8c7b35b30a3
fake/3535,a8c7b35b30a3
fake/3548,a8c7b35b30a3
fake/356,a8c7b35b30a3
fake/3577,a8c7b35b30a3
fake/364,a8c7b35b30a3
fake/365,a8c7b35b30a3
fake/381,a8c7b35b30a3
fake/387,a8c7b35b30a3
fake/411,a8c7b35b30a3
fake/414,a8c7b35b30a3
fake/428,a8c7b35b30a3
fake/429,a8c7b35b30a3
fake/430,a8c7b35b30a3
fake/438,a8c7b35b30a3
fake/464,a8c7b35b30a3
fake/478,a8c7b35b30a3
fake/479,a8c7b35b30a3
fake/488,a8c7b35b30a3
fake/491,a8c7b35b30a3
fake/506,a8c7b35b30a3
fake/513,a8c7b35b30a3
fake/516,a8c7b35b30a3
fake/522,a8c7b35b30a3
fake/528,a8c7b35b30a3
fake/537,a8c7b35b30a3
fake/540,a8c7b35b30a3
fake/546,a8c7b35b30a3
fake/555,a8c7b35b30a3
fake/561,a8c7b35b30a3
fake/566,a8c7b35b30a3
fake/567,a8c7b35b30a3
fake/568,a8c7b35b30a3
fake/571,a8c7b35b30a3
fake/581,a8c7b35b30a3
fake/583,a8c7b35b30a3
fake/587,a8c7b35b30a3
fake/594,a8c7b35b30a3
fake/604,a8c7b35b30a3
fake/606,a8c7b35b30a3
fake/607,a8c7b35b30a3
fake/609,a8c7b35b30a3
fake/616,a8c7b35b30a3
fake/623,a8c7b35b30a3
fake/643,a8c7b35b30a3
fake/656,a8c7b35b30a3
fake/673,a8c7b35b30a3
fake/680,a8c7b35b30a3
fake/683,a8c7b35b30a3
fake/698,a8c7b35b30a3
fake/7,a8c7b35b30a3
fake/701,a8c7b35b30a3
fake/707,a8c7b35b30a3
fake/710,a8c7b35b30a3
fake/714,a8c7b35b30a3
fake/718,a8c7b35b30a3
fake/720,a8c7b35b30a3
fake/721,a8c7b35b30a3
fake/723,a8c7b35b30a3
fake/727,a8c7b35b30a3
fake/735,a8c7b35b30a3
fake/739,a8c7b35b30a3
fake/744,a8c7b35b30a3
fake/750,a8c7b35b30a3
fake/751,a8c7b35b30a3
fake/756,a8c7b35b30a3
fake/762,a8c7b35b30a3
fake/764,a8c7b35b30a3
fake/773,a8c7b35b30a3
fake/780,a8c7b35b30a3
fake/784,a8c7b35b30a3
fake/788,a8c7b35b30a3
fake/795,a8c7b35b30a3
fake/810,a8c7b35b30a3
fake/811,a8c7b35b30a3
fake/822,a8c7b35b30a3
fake/823,a8c7b35b30a3
fake/826,a8c7b35b30a3
fake/827,a8c7b35b30a3
fake/829,a8c7b35b30a3
fake/834,a8c7b35b30a3
fake/837,a8c7b35b30a3
fake/852,a8c7b35b30a3
fake/865,a8c7b35b30a3
fake/870,a8c7b35b30a3
fake/872,a8c7b35b30a3
fake/878,a8c7b35b30a3
fake/884,a8c7b35b30a3
fake/894,a8c7b35b30a3
fake/91,a8c7b35b30a3
fake/916,a8c7b35b30a3
fake/92,a8c7b35b30a3
fake/958,a8c7b35b30a3
fake/960,a8c7b35b30a3
fake/962,a8c7b35b30a3
fake/966,a8c7b35b30a3
fake/977,a8c7b35b30a3
fake/979,a8c7b35b30a3
fake/984,a8c7b35b30a3
fake/992,a8c7b35b30a3
true/133,a8c7b35b30a3
true/165,a8c7b35b30a3
true/1901,a8c7b35b30a3
true/215,a8c7b35b30a3
true/220,a8c7b35b30a3
true/261,a8c7b35b30a3
true/269,a8c7b35b30a3
true/2950,a8c7b35b30a3
true/2994,a8c7b35b30a3
true/3493,a8c7b35b30a3
true/360,a8c7b35b30a3
true/364,a8c7b35b30a3
true/63,a8c7b35b30a3
true/69,a8c7b35b30a3
true/73,a8c7b35b30a3
fake/10,f88e2cbda465
fake/1026,f88e2cbda465
fake/1052,f88e2cbda465
fake/1054,f88e2cbda465
fake/1063,f88e2cbda465
fake/1069,f88e2cbda465
fake/1084,f88e2cbda465
fake/1087,f88e2cbda465
fake/1103,f88e2cbda465
fake/1109,f88e2cbda465
fake/112,f88e2cbda465
fake/1160,f88e2cbda465
fake/1169,f88e2cbda465
fake/117,f88e2cbda465
fake/1172,f88e2cbda465
fake/118,f88e2cbda465
fake/1186,f88e2cbda465
fake/120,f88e2cbda465
fake/1200,f88e2cbda465
fake/1257,f88e2cbda465
fake/1265,f88e2cbda465
fake/1314,f88e2cbda465
fake/1397,f88e2cbda465
fake/1404,f88e2cbda465
fake/1409,f88e2cbda465
fake/1429,f88e2cbda465
fake/1441,f88e2cbda465
fake/1456,f88e2cbda465
fake/1462,f88e2cbda465
fake/147,f88e2cbda465
fake/151,f88e2cbda465
fake/1516,f88e2cbda465
fake/1519,f88e2cbda465
fake/1527,f88e2cbda465
fake/1531,f88e2cbda465
fake/154,f88e2cbda465
fake/1566,f88e2cbda465
fake/1609,f88e2cbda465
fake/170,f88e2cbda465
fake/171,f88e2cbda465
fake/1725,f88e2cbda465
fake/1736,f88e2cbda465
fake/1756,f88e2cbda465
fake/1791,f88e2cbda465
fake/18,f88e2cbda465
fake/1802,f88e2cbda465
fake/181,f88e2cbda465
fake/183,f88e2cbda465
fake/1870,f88e2cbda465
fake/1893,f88e2cbda465
fake/1983,f88e2cbda465
fake/2075,f88e2cbda465
fake/2103,f88e2cbda465
fake/2105,f88e2cbda465
fake/2134,f88e2cbda465
fake/2156,f88e2cbda465
fake/2168,f88e2cbda465
fake/2170,f88e2cbda465
fake/2187,f88e2cbda465
fake/2195,f88e2cbda465
fake/222,f88e2cbda465
fake/224,f88e2cbda465
fake/229,f88e2cbda465
fake/2318,f88e2cbda465
fake/2323,f88e2cbda465
fake/2350,f88e2cbda465
fake/236,f88e2cbda465
fake/2373,f88e2cbda465
fake/240,f88e2cbda465
fake/2422,f88e2cbda465
fake/2427,f88e2cbda465
fake/2499,f88e2cbda465
fake/2501,f88e2cbda465
fake/2548,f88e2cbda465
fake/2569,f88e2cbda465
fake/2580,f88e2cbda465
fake/2585,f88e2cbda465
fake/261,f88e2cbda465
fake/269,f88e2cbda465
fake/2711,f88e2cbda465
fake/2716,f88e2cbda465
fake/2834,f88e2cbda465
fake/2890,f88e2cbda465
fake/29,f88e2cbda465
fake/2909,f88e2cbda465
fake/2945,f88e2cbda465
fake/2947,f88e2cbda465
fake/300,f88e2cbda465
fake/3038,f88e2cbda465
fake/304,f88e2cbda465
fake/305,f88e2cbda465
fake/3077,f88e2cbda465
fake/3115,f88e2cbda465
fake/3173,f88e2cbda465
fake/3177,f88e2cbda465
fake/3197,f88e2cbda465
fake/3234,f88e2cbda465
fake/3255,f88e2cbda465
fake/3258,f88e2cbda465
fake/3283,f88e2cbda465
fake/3284,f88e2cbda465
fake/3311,f88e2cbda465
fake/3347,f88e2cbda465
fake/3353,f88e2cbda465
fake/3369,f88e2cbda465
fake/3378,f88e2cbda465
fake/3393,f88e2cbda465
fake/34,f88e2cbda465
fake/3429,f88e2cbda465
fake/3437,f88e2cbda465
fake/3438,f88e2cbda465
fake/3468,f88e2cbda465
fake/3479,f88e2cbda465
fake/3485,f88e2cbda465
fake/3491,f88e2cbda465
fake/3492,f88e2cbda465
fake/35,f88e2cbda465
fake/352,f88e2cbda465
fake/3539,f88e2cbda465
fake/3550,f88e2cbda465
fake/3589,f88e2cbda465
fake/3596,f88e2cbda465
fake/37,f88e2cbda465
fake/370,f88e2cbda465
fake/372,f88e2cbda465
fake/378,f88e2cbda465
fake/39,f88e2cbda465
fake/406,f88e2cbda465
fake/432,f88e2cbda465
fake/45,f88e2cbda465
fake/46,f88e2cbda465
fake/470,f88e2cbda465
fake/496,f88e2cbda465
fake/51,f88e2cbda465
fake/512,f88e2cbda465
fake/517,f88e2cbda465
fake/521,f88e2cbda465
fake/548,f88e2cbda465
fake/55,f88e2cbda465
fake/551,f88e2cbda465
fake/559,f88e2cbda465
fake/59,f88e2cbda465
fake/593,f88e2cbda465
fake/62,f88e2cbda465
fake/628,f88e2cbda465
fake/63,f88e2cbda465
fake/650,f88e2cbda465
fake/658,f88e2cbda465
fake/662,f88e2cbda465
fake/670,f88e2cbda465
fake/691,f88e2cbda465
fake/70,f88e2cbda465
fake/736,f88e2cbda465
fake/74,f88e2cbda465
fake/757,f88e2cbda465
fake/82,f88e2cbda465
fake/848,f88e2cbda465
fake/85,f88e2cbda465
fake/861,f88e2cbda465
fake/88,f88e2cbda465
fake/883,f88e2cbda465
fake/907,f88e2cbda465
fake/925,f88e2cbda465
fake/928,f88e2cbda465
fake/944,f88e2cbda465
fake/945,f88e2cbda465
fake/97,f88e2cbda465
fake/975,f88e2cbda465
true/1009,f88e2cbda465
true/1010,f88e2cbda465
true/1035,f88e2cbda465
true/1041,f88e2cbda465
true/1055,f88e2cbda465
true/1063,f88e2cbda465
true/1076,f88e2cbda465
true/109,f88e2cbda465
true/1090,f88e2cbda465
true/11,f88e2cbda465
true/1108,f88e2cbda465
true/1112,f88e2cbda465
true/1127,f88e2cbda465
true/114,f88e2cbda465
true/1144,f88e2cbda465
true/1147,f88e2cbda465
true/115,f88e2cbda465
true/1160,f88e2cbda465
true/1165,f88e2cbda465
true/1171,f88e2cbda465
true/1172,f88e2cbda465
true/1179,f88e2cbda465
true/1182,f88e2cbda465
true/1186,f88e2cbda465
true/1259,f88e2cbda465
true/1263,f88e2cbda465
true/1269,f88e2cbda465
true/1287,f88e2cbda465
true/131,f88e2cbda465
true/1320,f88e2cbda465
true/1330,f88e2cbda465
true/1336,f88e2cbda465
true/1361,f88e2cbda465
true/1375,f88e2cbda465
true/1376,f88e2cbda465
true/1403,f88e2cbda465
true/1414,f88e2cbda465
true/1417,f88e2cbda465
true/1419,f88e2cbda465
true/1422,f88e2cbda465
true/1453,f88e2cbda465
true/1456,f88e2cbda465
true/1487,f88e2cbda465
true/1508,f88e2cbda465
true/1529,f88e2cbda465
true/1540,f88e2cbda465
true/1545,f88e2cbda465
true/155,f88e2cbda465
true/1551,f88e2cbda465
true/1560,f88e2cbda465
true/1563,f88e2cbda465
true/157,f88e2cbda465
true/1574,f88e2cbda465
true/1592,f88e2cbda465
true/1624,f88e2cbda465
true/1641,f88e2cbda465
true/1644,f88e2cbda465
true/1658,f88e2cbda465
true/166,f88e2cbda465
true/1663,f88e2cbda465
true/1688,f88e2cbda465
true/1699,f88e2cbda465
true/1701,f88e2cbda465
true/1705,f88e2cbda465
true/171,f88e2cbda465
true/1724,f88e2cbda465
true/1726,f88e2cbda465
true/1732,f88e2cbda465
true/1733,f88e2cbda465
true/1745,f88e2cbda465
true/1746,f88e2cbda465
true/1755,f88e2cbda465
true/1758,f88e2cbda465
true/1806,f88e2cbda465
true/1818,f88e2cbda465
true/1840,f88e2cbda465
true/1844,f88e2cbda465
true/1846,f88e2cbda465
true/1863,f88e2cbda465
true/1865,f88e2cbda465
true/1870,f88e2cbda465
true/1873,f88e2cbda465
true/1876,f88e2cbda465
true/188,f88e2cbda465
true/1886,f88e2cbda465
true/1888,f88e2cbda465
true/1893,f88e2cbda465
true/1910,f88e2cbda465
true/1920,f88e2cbda465
true/193,f88e2cbda465
true/1940,f88e2cbda465
true/1943,f88e2cbda465
true/1953,f88e2cbda465
true/1964,f88e2cbda465
true/1974,f88e2cbda465
true/1998,f88e2cbda465
true/2000,f88e2cbda465
true/2007,f88e2cbda465
true/2017,f88e2cbda465
true/2035,f88e2cbda465
true/2038,f88e2cbda465
true/2045,f88e2cbda465
true/2061,f88e2cbda465
true/2066,f88e2cbda465
true/2077,f88e2cbda465
true/2079,f88e2cbda465
true/2087,f88e2cbda465
true/211,f88e2cbda465
true/2123,f88e2cbda465
true/2125,f88e2cbda465
true/2135,f88e2cbda465
true/2138,f88e2cbda465
true/2140,f88e2cbda465
true/2152,f88e2cbda465
true/2157,f88e2cbda465
true/2163,f88e2cbda465
true/2180,f88e2cbda465
true/2186,f88e2cbda465
true/2191,f88e2cbda465
true/2197,f88e2cbda465
true/2199,f88e2cbda465
true/2202,f88e2cbda465
true/222,f88e2cbda465
true/2235,f88e2cbda465
true/2237,f88e2cbda465
true/2238,f88e2cbda465
true/224,f88e2cbda465
true/2253,f88e2cbda465
true/2259,f88e2cbda465
true/2261,f88e2cbda465
true/2288,f88e2cbda465
true/2298,f88e2cbda465
true/2299,f88e2cbda465
true/2303,f88e2cbda465
true/2308,f88e2cbda465
true/2309,f88e2cbda465
true/2315,f88e2cbda465
true/2320,f88e2cbda465
true/2326,f88e2cbda465
true/233,f88e2cbda465
true/2335,f88e2cbda465
true/2337,f88e2cbda465
true/2338,f88e2cbda465
true/2341,f88e2cbda465
true/2342,f88e2cbda465
true/2343,f88e2cbda465
true/2352,f88e2cbda465
true/236,f88e2cbda465
true/2380,f88e2cbda465
true/2386,f88e2cbda465
true/2390,f88e2cbda465
true/2394,f88e2cbda465
true/2398,f88e2cbda465
true/2404,f88e2cbda465
true/2406,f88e2cbda465
true/2410,f88e2cbda465
true/2418,f88e2cbda465
true/2426,f88e2cbda465
true/2428,f88e2cbda465
true/2438,f88e2cbda465
true/2449,f88e2cbda465
true/2459,f88e2cbda465
true/2462,f88e2cbda465
true/2465,f88e2cbda465
true/2479,f88e2cbda465
true/2482,f88e2cbda465
true/2486,f88e2cbda465
true/2491,f88e2cbda465
true/2495,f88e2cbda465
true/2513,f88e2cbda465
true/2514,f88e2cbda465
true/2519,f88e2cbda465
true/2520,f88e2cbda465
true/2524,f88e2cbda465
true/2526,f88e2cbda465
true/2538,f88e2cbda465
true/2542,f88e2cbda465
true/2552,f88e2cbda465
true/256,f88e2cbda465
true/2567,f88e2cbda465
true/2575,f88e2cbda465
true/2578,f88e2cbda465
true/258,f88e2cbda465
true/2592,f88e2cbda465
true/2600,f88e2cbda465
true/2620,f88e2cbda465
true/2631,f88e2cbda465
true/2640,f88e2cbda465
true/2645,f88e2cbda465
true/267,f88e2cbda465
true/2693,f88e2cbda465
true/2708,f88e2cbda465
true/272,f88e2cbda465
true/2763,f88e2cbda465
true/2769,f88e2cbda465
true/2770,f88e2cbda465
true/2789,f88e2cbda465
true/2798,f88e2cbda465
true/280,f88e2cbda465
true/2801,f88e2cbda465
true/2802,f88e2cbda465
true/2806,f88e2cbda465
true/2811,f88e2cbda465
true/2833,f88e2cbda465
true/2848,f88e2cbda465
true/2849,f88e2cbda465
true/2855,f88e2cbda465
true/2888,f88e2cbda465
true/2899,f88e2cbda465
true/2905,f88e2cbda465
true/2915,f88e2cbda465
true/2942,f88e2cbda465
true/2978,f88e2cbda465
true/2981,f88e2cbda465
true/2989,f88e2cbda465
true/3001,f88e2cbda465
true/3002,f88e2cbda465
true/3023,f88e2cbda465
true/3027,f88e2cbda465
true/3049,f88e2cbda465
true/3053,f88e2cbda465
true/3071,f88e2cbda465
true/3082,f88e2cbda465
true/3087,f88e2cbda465
true/3109,f88e2cbda465
true/3115,f88e2cbda465
true/3126,f88e2cbda465
true/3127,f88e2cbda465
true/3131,f88e2cbda465
true/3133,f88e2cbda465
true/3139,f88e2cbda465
true/3152,f88e2cbda465
true/3170,f88e2cbda465
true/3182,f88e2cbda465
true/3194,f88e2cbda465
true/320,f88e2cbda465
true/3206,f88e2cbda465
true/3214,f88e2cbda465
true/3225,f88e2cbda465
true/3232,f88e2cbda465
true/3242,f88e2cbda465
true/3252,f88e2cbda465
true/326,f88e2cbda465
true/3260,f88e2cbda465
true/3267,f88e2cbda465
true/3270,f88e2cbda465
true/3285,f88e2cbda465
true/329,f88e2cbda465
true/3293,f88e2cbda465
true/3310,f88e2cbda465
true/3347,f88e2cbda465
true/3353,f88e2cbda465
true/3354,f88e2cbda465
true/3369,f88e2cbda465
true/3393,f88e2cbda465
true/3413,f88e2cbda465
true/3420,f88e2cbda465
true/3425,f88e2cbda465
true/343,f88e2cbda465
true/3430,f88e2cbda465
true/3434,f88e2cbda465
true/3439,f88e2cbda465
true/3440,f88e2cbda465
true/3471,f88e2cbda465
true/3478,f88e2cbda465
true/3479,f88e2cbda465
true/350,f88e2cbda465
true/3500,f88e2cbda465
true/3512,f88e2cbda465
true/3515,f88e2cbda465
true/3523,f88e2cbda465
true/3524,f88e2cbda465
true/3541,f88e2cbda465
true/3544,f88e2cbda465
true/3585,f88e2cbda465
true/3590,f88e2cbda465
true/36,f88e2cbda465
true/3601,f88e2cbda465
true/378,f88e2cbda465
true/38,f88e2cbda465
true/387,f88e2cbda465
true/39,f88e2cbda465
true/393,f88e2cbda465
true/398,f88e2cbda465
true/399,f88e2cbda465
true/412,f88e2cbda465
true/417,f88e2cbda465
true/426,f88e2cbda465
true/430,f88e2cbda465
true/446,f88e2cbda465
true/466,f88e2cbda465
true/468,f88e2cbda465
true/469,f88e2cbda465
true/470,f88e2cbda465
true/471,f88e2cbda465
true/490,f88e2cbda465
true/500,f88e2cbda465
true/512,f88e2cbda465
true/520,f88e2cbda465
true/525,f88e2cbda465
true/527,f88e2cbda465
true/529,f88e2cbda465
true/549,f88e2cbda465
true/599,f88e2cbda465
true/609,f88e2cbda465
true/623,f88e2cbda465
true/633,f88e2cbda465
true/637,f88e2cbda465
true/641,f88e2cbda465
true/643,f88e2cbda465
true/648,f88e2cbda465
true/650,f88e2cbda465
true/653,f88e2cbda465
true/656,f88e2cbda465
true/659,f88e2cbda465
true/665,f88e2cbda465
true/691,f88e2cbda465
true/702,f88e2cbda465
true/714,f88e2cbda465
true/715,f88e2cbda465
true/735,f88e2cbda465
true/743,f88e2cbda465
true/751,f88e2cbda465
true/770,f88e2cbda465
true/773,f88e2cbda465
true/774,f88e2cbda465
true/780,f88e2cbda465
true/792,f88e2cbda465
true/798,f88e2cbda465
true/820,f88e2cbda465
true/829,f88e2cbda465
true/834,f88e2cbda465
true/836,f88e2cbda465
true/84,f88e2cbda465
true/858,f88e2cbda465
true/876,f88e2cbda465
true/88,f88e2cbda465
true/895,f88e2cbda465
true/9,f88e2cbda465
true/904,f88e2cbda465
true/928,f88e2cbda465
true/957,f88e2cbda465
true/966,f88e2cbda465
true/969,f88e2cbda465
true/970,f88e2cbda465
fake/20,4db0dac1316f
fake/28,4db0dac1316f
fake/30,4db0dac1316f
fake/53,4db0dac1316f
fake/60,4db0dac1316f
fake/75,4db0dac1316f
fake/80,4db0dac1316f
true/10,4db0dac1316f
true/1001,4db0dac1316f
true/101,4db0dac1316f
true/1022,4db0dac1316f
true/1054,4db0dac1316f
true/1058,4db0dac1316f
true/1060,4db0dac1316f
true/1065,4db0dac1316f
true/1066,4db0dac1316f
true/1067,4db0dac1316f
true/1082,4db0dac1316f
true/1087,4db0dac1316f
true/1091,4db0dac1316f
true/1092,4db0dac1316f
true/1093,4db0dac1316f
true/1106,4db0dac1316f
true/1110,4db0dac1316f
true/1114,4db0dac1316f
true/1125,4db0dac1316f
true/1131,4db0dac1316f
true/1134,4db0dac1316f
true/1137,4db0dac1316f
true/1140,4db0dac1316f
true/116,4db0dac1316f
true/1167,4db0dac1316f
true/1169,4db0dac1316f
true/1177,4db0dac1316f
true/1180,4db0dac1316f
true/1191,4db0dac1316f
true/1192,4db0dac1316f
true/1196,4db0dac1316f
true/1197,4db0dac1316f
true/1199,4db0dac1316f
true/12,4db0dac1316f
true/120,4db0dac1316f
true/1202,4db0dac1316f
true/1204,4db0dac1316f
true/1212,4db0dac1316f
true/1218,4db0dac1316f
true/1228,4db0dac1316f
true/1231,4db0dac1316f
true/1234,4db0dac1316f
true/124,4db0dac1316f
true/1241,4db0dac1316f
true/1243,4db0dac1316f
true/1250,4db0dac1316f
true/1251,4db0dac1316f
true/1256,4db0dac1316f
true/1258,4db0dac1316f
true/1261,4db0dac1316f
true/1273,4db0dac1316f
true/1284,4db0dac1316f
true/129,4db0dac1316f
true/1299,4db0dac1316f
true/130,4db0dac1316f
true/1308,4db0dac1316f
true/1311,4db0dac1316f
true/1313,4db0dac1316f
true/1314,4db0dac1316f
true/1326,4db0dac1316f
true/1340,4db0dac1316f
true/1347,4db0dac1316f
true/1352,4db0dac1316f
true/1354,4db0dac1316f
true/1395,4db0dac1316f
true/1398,4db0dac1316f
true/1400,4db0dac1316f
true/1401,4db0dac1316f
true/1406,4db0dac1316f
true/1408,4db0dac1316f
true/1412,4db0dac1316f
true/1413,4db0dac1316f
true/1415,4db0dac1316f
true/1425,4db0dac1316f
true/1428,4db0dac1316f
true/1430,4db0dac1316f
true/1432,4db0dac1316f
true/1441,4db0dac1316f
true/1444,4db0dac1316f
true/1457,4db0dac1316f
true/1458,4db0dac1316f
true/146,4db0dac1316f
true/1469,4db0dac1316f
true/1478,4db0dac1316f
true/148,4db0dac1316f
true/1480,4db0dac1316f
true/1488,4db0dac1316f
true/1492,4db0dac1316f
true/1497,4db0dac1316f
true/1500,4db0dac1316f
true/1504,4db0dac1316f
true/1507,4db0dac1316f
true/152,4db0dac1316f
true/1552,4db0dac1316f
true/1558,4db0dac1316f
true/156,4db0dac1316f
true/1569,4db0dac1316f
true/1573,4db0dac1316f
true/1576,4db0dac1316f
true/1577,4db0dac1316f
true/159,4db0dac1316f
true/1606,4db0dac1316f
true/1611,4db0dac1316f
true/1616,4db0dac1316f
true/1617,4db0dac1316f
true/162,4db0dac1316f
true/1625,4db0dac1316f
true/1626,4db0dac1316f
true/1627,4db0dac1316f
true/1628,4db0dac1316f
true/1630,4db0dac1316f
true/1634,4db0dac1316f
true/1638,4db0dac1316f
true/1653,4db0dac1316f
true/1654,4db0dac1316f
true/1659,4db0dac1316f
true/1661,4db0dac1316f
true/1666,4db0dac1316f
true/1669,4db0dac1316f
true/1683,4db0dac1316f
true/1692,4db0dac1316f
true/1693,4db0dac1316f
true/1703,4db0dac1316f
true/1704,4db0dac1316f
true/1736,4db0dac1316f
true/1769,4db0dac1316f
true/1770,4db0dac1316f
true/1775,4db0dac1316f
true/1780,4db0dac1316f
true/1789,4db0dac1316f
true/1793,4db0dac1316f
true/18,4db0dac1316f
true/1807,4db0dac1316f
true/1809,4db0dac1316f
true/1811,4db0dac1316f
true/1821,4db0dac1316f
true/1822,4db0dac1316f
true/1823,4db0dac1316f
true/1833,4db0dac1316f
true/1841,4db0dac1316f
true/1843,4db0dac1316f
true/1849,4db0dac1316f
true/1851,4db0dac1316f
true/1856,4db0dac1316f
true/1857,4db0dac1316f
true/1869,4db0dac1316f
true/1874,4db0dac1316f
true/1884,4db0dac1316f
true/1889,4db0dac1316f
true/1891,4db0dac1316f
true/1892,4db0dac1316f
true/1898,4db0dac1316f
true/1899,4db0dac1316f
true/1917,4db0dac1316f
true/1925,4db0dac1316f
true/1927,4db0dac1316f
true/194,4db0dac1316f
true/1944,4db0dac1316f
true/1952,4db0dac1316f
true/1956,4db0dac1316f
true/1966,4db0dac1316f
true/1977,4db0dac1316f
true/20,4db0dac1316f
true/2002,4db0dac1316f
true/2004,4db0dac1316f
true/2011,4db0dac1316f
true/2021,4db0dac1316f
true/2022,4db0dac1316f
true/2025,4db0dac1316f
true/2028,4db0dac1316f
true/2040,4db0dac1316f
true/2041,4db0dac1316f
true/2057,4db0dac1316f
true/2069,4db0dac1316f
true/207,4db0dac1316f
true/2072,4db0dac1316f
true/2073,4db0dac1316f
true/2080,4db0dac1316f
true/2081,4db0dac1316f
true/2088,4db0dac1316f
true/2094,4db0dac1316f
true/2105,4db0dac1316f
true/2113,4db0dac1316f
true/2120,4db0dac1316f
true/2127,4db0dac1316f
true/2137,4db0dac1316f
true/2145,4db0dac1316f
true/2154,4db0dac1316f
true/216,4db0dac1316f
true/2161,4db0dac1316f
true/2167,4db0dac1316f
true/2174,4db0dac1316f
true/2179,4db0dac1316f
true/219,4db0dac1316f
true/2190,4db0dac1316f
true/2194,4db0dac1316f
true/2210,4db0dac1316f
true/2211,4db0dac1316f
true/2221,4db0dac1316f
true/2225,4db0dac1316f
true/2226,4db0dac1316f
true/2227,4db0dac1316f
true/2232,4db0dac1316f
true/2234,4db0dac1316f
true/2236,4db0dac1316f
true/226,4db0dac1316f
true/2271,4db0dac1316f
true/2272,4db0dac1316f
true/2281,4db0dac1316f
true/2283,4db0dac1316f
true/2286,4db0dac1316f
true/2287,4db0dac1316f
true/2300,4db0dac1316f
true/2305,4db0dac1316f
true/2312,4db0dac1316f
true/2318,4db0dac1316f
true/2328,4db0dac1316f
true/235,4db0dac1316f
true/2365,4db0dac1316f
true/2370,4db0dac1316f
true/2376,4db0dac1316f
true/2385,4db0dac1316f
true/2392,4db0dac1316f
true/2405,4db0dac1316f
true/2409,4db0dac1316f
true/241,4db0dac1316f
true/2411,4db0dac1316f
true/2416,4db0dac1316f
true/2417,4db0dac1316f
true/2421,4db0dac1316f
true/2431,4db0dac1316f
true/2433,4db0dac1316f
true/2453,4db0dac1316f
true/2461,4db0dac1316f
true/2471,4db0dac1316f
true/2478,4db0dac1316f
true/2487,4db0dac1316f
true/2493,4db0dac1316f
true/2499,4db0dac1316f
true/2502,4db0dac1316f
true/252,4db0dac1316f
true/2529,4db0dac1316f
true/2530,4db0dac1316f
true/2531,4db0dac1316f
true/254,4db0dac1316f
true/2540,4db0dac1316f
true/2541,4db0dac1316f
true/2548,4db0dac1316f
true/2561,4db0dac1316f
true/2564,4db0dac1316f
true/2566,4db0dac1316f
true/2568,4db0dac1316f
true/2570,4db0dac1316f
true/2577,4db0dac1316f
true/2591,4db0dac1316f
true/2595,4db0dac1316f
true/2606,4db0dac1316f
true/2607,4db0dac1316f
true/2608,4db0dac1316f
true/2610,4db0dac1316f
true/2616,4db0dac1316f
true/2621,4db0dac1316f
true/2623,4db0dac1316f
true/2638,4db0dac1316f
true/2664,4db0dac1316f
true/2665,4db0dac1316f
true/2666,4db0dac1316f
true/2669,4db0dac1316f
true/2670,4db0dac1316f
true/2671,4db0dac1316f
true/2677,4db0dac1316f
true/2680,4db0dac1316f
true/2682,4db0dac1316f
true/2685,4db0dac1316f
true/2686,4db0dac1316f
true/2688,4db0dac1316f
true/2694,4db0dac1316f
true/2710,4db0dac1316f
true/2714,4db0dac1316f
true/2724,4db0dac1316f
true/2729,4db0dac1316f
true/273,4db0dac1316f
true/2735,4db0dac1316f
true/2741,4db0dac1316f
true/2744,4db0dac1316f
true/2752,4db0dac1316f
true/2765,4db0dac1316f
true/2767,4db0dac1316f
true/2773,4db0dac1316f
true/2776,4db0dac1316f
true/278,4db0dac1316f
true/2785,4db0dac1316f
true/2795,4db0dac1316f
true/28,4db0dac1316f
true/2803,4db0dac1316f
true/2812,4db0dac1316f
true/2813,4db0dac1316f
true/2830,4db0dac1316f
true/2831,4db0dac1316f
true/2834,4db0dac1316f
true/2839,4db0dac1316f
true/284,4db0dac1316f
true/2843,4db0dac1316f
true/2845,4db0dac1316f
true/2859,4db0dac1316f
true/2861,4db0dac1316f
true/2872,4db0dac1316f
true/2874,4db0dac1316f
true/2881,4db0dac1316f
true/2882,4db0dac1316f
true/289,4db0dac1316f
true/2897,4db0dac1316f
true/2901,4db0dac1316f
true/2917,4db0dac1316f
true/2926,4db0dac1316f
true/2943,4db0dac1316f
true/2948,4db0dac1316f
true/2949,4db0dac1316f
true/296,4db0dac1316f
true/2960,4db0dac1316f
true/2970,4db0dac1316f
true/2988,4db0dac1316f
true/3009,4db0dac1316f
true/3014,4db0dac1316f
true/3019,4db0dac1316f
true/3035,4db0dac1316f
true/3042,4db0dac1316f
true/3045,4db0dac1316f
true/3046,4db0dac1316f
true/3057,4db0dac1316f
true/3060,4db0dac1316f
true/3063,4db0dac1316f
true/3065,4db0dac1316f
true/3072,4db0dac1316f
true/3077,4db0dac1316f
true/3085,4db0dac1316f
true/3094,4db0dac1316f
true/3095,4db0dac1316f
true/3097,4db0dac1316f
true/3098,4db0dac1316f
true/3101,4db0dac1316f
true/3104,4db0dac1316f
true/3105,4db0dac1316f
true/3108,4db0dac1316f
true/3111,4db0dac1316f
true/3112,4db0dac1316f
true/3134,4db0dac1316f
true/314,4db0dac1316f
true/3154,4db0dac1316f
true/3157,4db0dac1316f
true/3164,4db0dac1316f
true/3168,4db0dac1316f
true/317,4db0dac1316f
true/3179,4db0dac1316f
true/3184,4db0dac1316f
true/3186,4db0dac1316f
true/3188,4db0dac1316f
true/3190,4db0dac1316f
true/3199,4db0dac1316f
true/32,4db0dac1316f
true/3200,4db0dac1316f
true/3202,4db0dac1316f
true/321,4db0dac1316f
true/3219,4db0dac1316f
true/323,4db0dac1316f
true/3241,4db0dac1316f
true/3245,4db0dac1316f
true/3249,4db0dac1316f
true/325,4db0dac1316f
true/3255,4db0dac1316f
true/3259,4db0dac1316f
true/3278,4db0dac1316f
true/3304,4db0dac1316f
true/3308,4db0dac1316f
true/3315,4db0dac1316f
true/3316,4db0dac1316f
true/3329,4db0dac1316f
true/3330,4db0dac1316f
true/3335,4db0dac1316f
true/3338,4db0dac1316f
true/3362,4db0dac1316f
true/3370,4db0dac1316f
true/3386,4db0dac1316f
true/3396,4db0dac1316f
true/34,4db0dac1316f
true/3404,4db0dac1316f
true/3412,4db0dac1316f
true/3427,4db0dac1316f
true/3431,4db0dac1316f
true/3445,4db0dac1316f
true/3447,4db0dac1316f
true/345,4db0dac1316f
true/3451,4db0dac1316f
true/3455,4db0dac1316f
true/3472,4db0dac1316f
true/3475,4db0dac1316f
true/3488,4db0dac1316f
true/3498,4db0dac1316f
true/3499,4db0dac1316f
true/3502,4db0dac1316f
true/3514,4db0dac1316f
true/3535,4db0dac1316f
true/3536,4db0dac1316f
true/3538,4db0dac1316f
true/3539,4db0dac1316f
true/355,4db0dac1316f
true/3558,4db0dac1316f
true/3568,4db0dac1316f
true/3577,4db0dac1316f
true/3602,4db0dac1316f
true/37,4db0dac1316f
true/372,4db0dac1316f
true/400,4db0dac1316f
true/416,4db0dac1316f
true/42,4db0dac1316f
true/429,4db0dac1316f
true/43,4db0dac1316f
true/437,4db0dac1316f
true/439,4db0dac1316f
true/445,4db0dac1316f
true/452,4db0dac1316f
true/463,4db0dac1316f
true/477,4db0dac1316f
true/488,4db0dac1316f
true/49,4db0dac1316f
true/491,4db0dac1316f
true/517,4db0dac1316f
true/523,4db0dac1316f
true/538,4db0dac1316f
true/540,4db0dac1316f
true/547,4db0dac1316f
true/555,4db0dac1316f
true/557,4db0dac1316f
true/56,4db0dac1316f
true/600,4db0dac1316f
true/603,4db0dac1316f
true/606,4db0dac1316f
true/608,4db0dac1316f
true/61,4db0dac1316f
true/65,4db0dac1316f
true/661,4db0dac1316f
true/687,4db0dac1316f
true/694,4db0dac1316f
true/7,4db0dac1316f
true/71,4db0dac1316f
true/718,4db0dac1316f
true/719,4db0dac1316f
true/720,4db0dac1316f
true/74,4db0dac1316f
true/742,4db0dac1316f
true/744,4db0dac1316f
true/747,4db0dac1316f
true/750,4db0dac1316f
true/754,4db0dac1316f
true/756,4db0dac1316f
true/757,4db0dac1316f
true/772,4db0dac1316f
true/775,4db0dac1316f
true/779,4db0dac1316f
true/781,4db0dac1316f
true/782,4db0dac1316f
true/784,4db0dac1316f
true/788,4db0dac1316f
true/794,4db0dac1316f
true/80,4db0dac1316f
true/806,4db0dac1316f
true/811,4db0dac1316f
true/813,4db0dac1316f
true/814,4db0dac1316f
true/815,4db0dac1316f
true/822,4db0dac1316f
true/826,4db0dac1316f
true/837,4db0dac1316f
true/843,4db0dac1316f
true/846,4db0dac1316f
true/851,4db0dac1316f
true/852,4db0dac1316f
true/855,4db0dac1316f
true/865,4db0dac1316f
true/875,4db0dac1316f
true/878,4db0dac1316f
true/880,4db0dac1316f
true/883,4db0dac1316f
true/888,4db0dac1316f
true/892,4db0dac1316f
true/916,4db0dac1316f
true/932,4db0dac1316f
true/944,4db0dac1316f
true/951,4db0dac1316f
true/96,4db0dac1316f
true/973,4db0dac1316f
true/977,4db0dac1316f
true/980,4db0dac1316f
true/982,4db0dac1316f
true/983,4db0dac1316f
true/984,4db0dac1316f
true/994,4db0dac1316f
fake/10,afa9d3a0b198
fake/1069,afa9d3a0b198
fake/1084,afa9d3a0b198
fake/109,afa9d3a0b198
fake/1103,afa9d3a0b198
fake/112,afa9d3a0b198
fake/1160,afa9d3a0b198
fake/1169,afa9d3a0b198
fake/117,afa9d3a0b198
fake/118,afa9d3a0b198
fake/119,afa9d3a0b198
fake/1196,afa9d3a0b198
fake/120,afa9d3a0b198
fake/125,afa9d3a0b198
fake/1278,afa9d3a0b198
fake/1296,afa9d3a0b198
fake/131,afa9d3a0b198
fake/1337,afa9d3a0b198
fake/1342,afa9d3a0b198
fake/1354,afa9d3a0b198
fake/1404,afa9d3a0b198
fake/1409,afa9d3a0b198
fake/1422,afa9d3a0b198
fake/144,afa9d3a0b198
fake/146,afa9d3a0b198
fake/1462,afa9d3a0b198
fake/147,afa9d3a0b198
fake/1477,afa9d3a0b198
fake/1489,afa9d3a0b198
fake/151,afa9d3a0b198
fake/1516,afa9d3a0b198
fake/1519,afa9d3a0b198
fake/154,afa9d3a0b198
fake/1569,afa9d3a0b198
fake/159,afa9d3a0b198
fake/1609,afa9d3a0b198
fake/1616,afa9d3a0b198
fake/1651,afa9d3a0b198
fake/166,afa9d3a0b198
fake/1695,afa9d3a0b198
fake/170,afa9d3a0b198
fake/171,afa9d3a0b198
fake/1721,afa9d3a0b198
fake/1725,afa9d3a0b198
fake/1736,afa9d3a0b198
fake/174,afa9d3a0b198
fake/175,afa9d3a0b198
fake/1756,afa9d3a0b198
fake/1758,afa9d3a0b198
fake/176,afa9d3a0b198
fake/1790,afa9d3a0b198
fake/1791,afa9d3a0b198
fake/18,afa9d3a0b198
fake/1802,afa9d3a0b198
fake/181,afa9d3a0b198
fake/1822,afa9d3a0b198
fake/183,afa9d3a0b198
fake/1835,afa9d3a0b198
fake/186,afa9d3a0b198
fake/1876,afa9d3a0b198
fake/189,afa9d3a0b198
fake/1896,afa9d3a0b198
fake/1907,afa9d3a0b198
fake/1936,afa9d3a0b198
fake/2000,afa9d3a0b198
fake/2002,afa9d3a0b198
fake/2071,afa9d3a0b198
fake/2075,afa9d3a0b198
fake/21,afa9d3a0b198
fake/2105,afa9d3a0b198
fake/2134,afa9d3a0b198
fake/2149,afa9d3a0b198
fake/2168,afa9d3a0b198
fake/2170,afa9d3a0b198
fake/2185,afa9d3a0b198
fake/2187,afa9d3a0b198
fake/219,afa9d3a0b198
fake/222,afa9d3a0b198
fake/2235,afa9d3a0b198
fake/2270,afa9d3a0b198
fake/229,afa9d3a0b198
fake/2320,afa9d3a0b198
fake/2326,afa9d3a0b198
fake/2328,afa9d3a0b198
fake/233,afa9d3a0b198
fake/2352,afa9d3a0b198
fake/236,afa9d3a0b198
fake/2373,afa9d3a0b198
fake/2393,afa9d3a0b198
fake/240,afa9d3a0b198
fake/243,afa9d3a0b198
fake/2439,afa9d3a0b198
fake/246,afa9d3a0b198
fake/2461,afa9d3a0b198
fake/2501,afa9d3a0b198
fake/2530,afa9d3a0b198
fake/2558,afa9d3a0b198
fake/2569,afa9d3a0b198
fake/258,afa9d3a0b198
fake/2580,afa9d3a0b198
fake/2585,afa9d3a0b198
fake/2588,afa9d3a0b198
fake/260,afa9d3a0b198
fake/261,afa9d3a0b198
fake/2614,afa9d3a0b198
fake/2693,afa9d3a0b198
fake/2716,afa9d3a0b198
fake/2765,afa9d3a0b198
fake/279,afa9d3a0b198
fake/2794,afa9d3a0b198
fake/2798,afa9d3a0b198
fake/2811,afa9d3a0b198
fake/2812,afa9d3a0b198
fake/2829,afa9d3a0b198
fake/2830,afa9d3a0b198
fake/2840,afa9d3a0b198
fake/2856,afa9d3a0b198
fake/2887,afa9d3a0b198
fake/2890,afa9d3a0b198
fake/2899,afa9d3a0b198
fake/29,afa9d3a0b198
fake/2915,afa9d3a0b198
fake/2931,afa9d3a0b198
fake/2936,afa9d3a0b198
fake/2945,afa9d3a0b198
fake/2979,afa9d3a0b198
fake/304,afa9d3a0b198
fake/3041,afa9d3a0b198
fake/305,afa9d3a0b198
fake/3064,afa9d3a0b198
fake/3079,afa9d3a0b198
fake/3080,afa9d3a0b198
fake/3100,afa9d3a0b198
fake/3101,afa9d3a0b198
fake/3112,afa9d3a0b198
fake/3115,afa9d3a0b198
fake/3146,afa9d3a0b198
fake/3157,afa9d3a0b198
fake/3173,afa9d3a0b198
fake/3190,afa9d3a0b198
fake/3221,afa9d3a0b198
fake/3255,afa9d3a0b198
fake/3264,afa9d3a0b198
fake/3283,afa9d3a0b198
fake/3284,afa9d3a0b198
fake/3347,afa9d3a0b198
fake/3369,afa9d3a0b198
fake/3378,afa9d3a0b198
fake/3393,afa9d3a0b198
fake/3397,afa9d3a0b198
fake/34,afa9d3a0b198
fake/342,afa9d3a0b198
fake/3420,afa9d3a0b198
fake/3430,afa9d3a0b198
fake/3436,afa9d3a0b198
fake/3437,afa9d3a0b198
fake/3462,afa9d3a0b198
fake/3479,afa9d3a0b198
fake/3491,afa9d3a0b198
fake/35,afa9d3a0b198
fake/3538,afa9d3a0b198
fake/3596,afa9d3a0b198
fake/362,afa9d3a0b198
fake/37,afa9d3a0b198
fake/394,afa9d3a0b198
fake/398,afa9d3a0b198
fake/424,afa9d3a0b198
fake/432,afa9d3a0b198
fake/45,afa9d3a0b198
fake/470,afa9d3a0b198
fake/49,afa9d3a0b198
fake/51,afa9d3a0b198
fake/55,afa9d3a0b198
fake/551,afa9d3a0b198
fake/58,afa9d3a0b198
fake/59,afa9d3a0b198
fake/593,afa9d3a0b198
fake/608,afa9d3a0b198
fake/62,afa9d3a0b198
fake/63,afa9d3a0b198
fake/653,afa9d3a0b198
fake/658,afa9d3a0b198
fake/659,afa9d3a0b198
fake/685,afa9d3a0b198
fake/70,afa9d3a0b198
fake/711,afa9d3a0b198
fake/72,afa9d3a0b198
fake/736,afa9d3a0b198
fake/74,afa9d3a0b198
fake/757,afa9d3a0b198
fake/794,afa9d3a0b198
fake/82,afa9d3a0b198
fake/84,afa9d3a0b198
fake/848,afa9d3a0b198
fake/85,afa9d3a0b198
fake/88,afa9d3a0b198
fake/928,afa9d3a0b198
fake/982,afa9d3a0b198
true/1009,afa9d3a0b198
true/1028,afa9d3a0b198
true/1041,afa9d3a0b198
true/1055,afa9d3a0b198
true/1063,afa9d3a0b198
true/1076,afa9d3a0b198
true/1084,afa9d3a0b198
true/1099,afa9d3a0b198
true/11,afa9d3a0b198
true/1108,afa9d3a0b198
true/114,afa9d3a0b198
true/1160,afa9d3a0b198
true/1179,afa9d3a0b198
true/1181,afa9d3a0b198
true/1182,afa9d3a0b198
true/1186,afa9d3a0b198
true/1187,afa9d3a0b198
true/1198,afa9d3a0b198
true/1244,afa9d3a0b198
true/1246,afa9d3a0b198
true/1260,afa9d3a0b198
true/1263,afa9d3a0b198
true/1266,afa9d3a0b198
true/1269,afa9d3a0b198
true/1287,afa9d3a0b198
true/1289,afa9d3a0b198
true/1320,afa9d3a0b198
true/1330,afa9d3a0b198
true/1336,afa9d3a0b198
true/1358,afa9d3a0b198
true/1365,afa9d3a0b198
true/1403,afa9d3a0b198
true/1414,afa9d3a0b198
true/1417,afa9d3a0b198
true/1487,afa9d3a0b198
true/1529,afa9d3a0b198
true/1531,afa9d3a0b198
true/1534,afa9d3a0b198
true/1540,afa9d3a0b198
true/155,afa9d3a0b198
true/1551,afa9d3a0b198
true/157,afa9d3a0b198
true/1570,afa9d3a0b198
true/1579,afa9d3a0b198
true/1624,afa9d3a0b198
true/1635,afa9d3a0b198
true/1641,afa9d3a0b198
true/1644,afa9d3a0b198
true/166,afa9d3a0b198
true/1663,afa9d3a0b198
true/171,afa9d3a0b198
true/1726,afa9d3a0b198
true/1732,afa9d3a0b198
true/1733,afa9d3a0b198
true/175,afa9d3a0b198
true/1772,afa9d3a0b198
true/1796,afa9d3a0b198
true/1799,afa9d3a0b198
true/1818,afa9d3a0b198
true/1860,afa9d3a0b198
true/1867,afa9d3a0b198
true/1876,afa9d3a0b198
true/188,afa9d3a0b198
true/1886,afa9d3a0b198
true/1888,afa9d3a0b198
true/1897,afa9d3a0b198
true/191,afa9d3a0b198
true/1916,afa9d3a0b198
true/192,afa9d3a0b198
true/1928,afa9d3a0b198
true/193,afa9d3a0b198
true/1936,afa9d3a0b198
true/1940,afa9d3a0b198
true/1943,afa9d3a0b198
true/1953,afa9d3a0b198
true/1968,afa9d3a0b198
true/1974,afa9d3a0b198
true/1989,afa9d3a0b198
true/1996,afa9d3a0b198
true/2009,afa9d3a0b198
true/2035,afa9d3a0b198
true/2045,afa9d3a0b198
true/2064,afa9d3a0b198
true/2087,afa9d3a0b198
true/2090,afa9d3a0b198
true/2095,afa9d3a0b198
true/21,afa9d3a0b198
true/2106,afa9d3a0b198
true/2107,afa9d3a0b198
true/211,afa9d3a0b198
true/2123,afa9d3a0b198
true/2125,afa9d3a0b198
true/2135,afa9d3a0b198
true/2138,afa9d3a0b198
true/2139,afa9d3a0b198
true/2180,afa9d3a0b198
true/2191,afa9d3a0b198
true/2197,afa9d3a0b198
true/2199,afa9d3a0b198
true/2219,afa9d3a0b198
true/222,afa9d3a0b198
true/2238,afa9d3a0b198
true/2239,afa9d3a0b198
true/224,afa9d3a0b198
true/2253,afa9d3a0b198
true/2261,afa9d3a0b198
true/2269,afa9d3a0b198
true/2288,afa9d3a0b198
true/229,afa9d3a0b198
true/2298,afa9d3a0b198
true/2299,afa9d3a0b198
true/2303,afa9d3a0b198
true/2309,afa9d3a0b198
true/2315,afa9d3a0b198
true/2320,afa9d3a0b198
true/2323,afa9d3a0b198
true/2326,afa9d3a0b198
true/2337,afa9d3a0b198
true/2338,afa9d3a0b198
true/2342,afa9d3a0b198
true/2343,afa9d3a0b198
true/2351,afa9d3a0b198
true/2352,afa9d3a0b198
true/236,afa9d3a0b198
true/237,afa9d3a0b198
true/2386,afa9d3a0b198
true/2394,afa9d3a0b198
true/2404,afa9d3a0b198
true/2406,afa9d3a0b198
true/2410,afa9d3a0b198
true/2418,afa9d3a0b198
true/2425,afa9d3a0b198
true/2438,afa9d3a0b198
true/2442,afa9d3a0b198
true/2449,afa9d3a0b198
true/2459,afa9d3a0b198
true/2462,afa9d3a0b198
true/2482,afa9d3a0b198
true/2491,afa9d3a0b198
true/2495,afa9d3a0b198
true/251,afa9d3a0b198
true/2513,afa9d3a0b198
true/2514,afa9d3a0b198
true/2520,afa9d3a0b198
true/2524,afa9d3a0b198
true/256,afa9d3a0b198
true/2567,afa9d3a0b198
true/2575,afa9d3a0b198
true/258,afa9d3a0b198
true/2582,afa9d3a0b198
true/2584,afa9d3a0b198
true/2592,afa9d3a0b198
true/2599,afa9d3a0b198
true/2609,afa9d3a0b198
true/2614,afa9d3a0b198
true/2640,afa9d3a0b198
true/2642,afa9d3a0b198
true/267,afa9d3a0b198
true/2693,afa9d3a0b198
true/2707,afa9d3a0b198
true/272,afa9d3a0b198
true/274,afa9d3a0b198
true/2763,afa9d3a0b198
true/2770,afa9d3a0b198
true/2782,afa9d3a0b198
true/279,afa9d3a0b198
true/2798,afa9d3a0b198
true/2802,afa9d3a0b198
true/2833,afa9d3a0b198
true/2899,afa9d3a0b198
true/2905,afa9d3a0b198
true/2915,afa9d3a0b198
true/2978,afa9d3a0b198
true/2981,afa9d3a0b198
true/2992,afa9d3a0b198
true/30,afa9d3a0b198
true/3001,afa9d3a0b198
true/3002,afa9d3a0b198
true/3017,afa9d3a0b198
true/3023,afa9d3a0b198
true/3027,afa9d3a0b198
true/3040,afa9d3a0b198
true/3049,afa9d3a0b198
true/3053,afa9d3a0b198
true/3070,afa9d3a0b198
true/3071,afa9d3a0b198
true/3074,afa9d3a0b198
true/3075,afa9d3a0b198
true/3080,afa9d3a0b198
true/3082,afa9d3a0b198
true/3100,afa9d3a0b198
true/3109,afa9d3a0b198
true/3127,afa9d3a0b198
true/3129,afa9d3a0b198
true/3131,afa9d3a0b198
true/3139,afa9d3a0b198
true/3150,afa9d3a0b198
true/3170,afa9d3a0b198
true/3182,afa9d3a0b198
true/3194,afa9d3a0b198
true/3197,afa9d3a0b198
true/320,afa9d3a0b198
true/3206,afa9d3a0b198
true/3225,afa9d3a0b198
true/3232,afa9d3a0b198
true/3242,afa9d3a0b198
true/3246,afa9d3a0b198
true/3258,afa9d3a0b198
true/326,afa9d3a0b198
true/3260,afa9d3a0b198
true/3270,afa9d3a0b198
true/3281,afa9d3a0b198
true/3284,afa9d3a0b198
true/3285,afa9d3a0b198
true/3293,afa9d3a0b198
true/331,afa9d3a0b198
true/3353,afa9d3a0b198
true/3392,afa9d3a0b198
true/3393,afa9d3a0b198
true/3420,afa9d3a0b198
true/3423,afa9d3a0b198
true/3430,afa9d3a0b198
true/3434,afa9d3a0b198
true/3440,afa9d3a0b198
true/3452,afa9d3a0b198
true/3478,afa9d3a0b198
true/3512,afa9d3a0b198
true/3515,afa9d3a0b198
true/3530,afa9d3a0b198
true/3541,afa9d3a0b198
true/3544,afa9d3a0b198
true/3545,afa9d3a0b198
true/3585,afa9d3a0b198
true/3590,afa9d3a0b198
true/3596,afa9d3a0b198
true/36,afa9d3a0b198
true/3601,afa9d3a0b198
true/378,afa9d3a0b198
true/38,afa9d3a0b198
true/387,afa9d3a0b198
true/39,afa9d3a0b198
true/393,afa9d3a0b198
true/394,afa9d3a0b198
true/398,afa9d3a0b198
true/417,afa9d3a0b198
true/427,afa9d3a0b198
true/430,afa9d3a0b198
true/441,afa9d3a0b198
true/446,afa9d3a0b198
true/46,afa9d3a0b198
true/468,afa9d3a0b198
true/469,afa9d3a0b198
true/473,afa9d3a0b198
true/490,afa9d3a0b198
true/492,afa9d3a0b198
true/500,afa9d3a0b198
true/508,afa9d3a0b198
true/515,afa9d3a0b198
true/519,afa9d3a0b198
true/520,afa9d3a0b198
true/522,afa9d3a0b198
true/525,afa9d3a0b198
true/529,afa9d3a0b198
true/531,afa9d3a0b198
true/532,afa9d3a0b198
true/544,afa9d3a0b198
true/549,afa9d3a0b198
true/569,afa9d3a0b198
true/592,afa9d3a0b198
true/619,afa9d3a0b198
true/623,afa9d3a0b198
true/634,afa9d3a0b198
true/637,afa9d3a0b198
true/641,afa9d3a0b198
true/643,afa9d3a0b198
true/648,afa9d3a0b198
true/653,afa9d3a0b198
true/659,afa9d3a0b198
true/665,afa9d3a0b198
true/677,afa9d3a0b198
true/691,afa9d3a0b198
true/715,afa9d3a0b198
true/735,afa9d3a0b198
true/739,afa9d3a0b198
true/743,afa9d3a0b198
true/771,afa9d3a0b198
true/780,afa9d3a0b198
true/798,afa9d3a0b198
true/820,afa9d3a0b198
true/834,afa9d3a0b198
true/836,afa9d3a0b198
true/84,afa9d3a0b198
true/870,afa9d3a0b198
true/88,afa9d3a0b198
true/904,afa9d3a0b198
true/91,afa9d3a0b198
true/922,afa9d3a0b198
true/949,afa9d3a0b198
true/957,afa9d3a0b198
true/961,afa9d3a0b198
true/969,afa9d3a0b198
true/979,afa9d3a0b198
true/985,afa9d3a0b198
true/991,afa9d3a0b198
fake/10,a06d35073061
fake/1008,a06d35073061
fake/1010,a06d35073061
fake/1013,a06d35073061
fake/1026,a06d35073061
fake/1033,a06d35073061
fake/1047,a06d35073061
fake/1052,a06d35073061
fake/1054,a06d35073061
fake/1055,a06d35073061
fake/1063,a06d35073061
fake/1069,a06d35073061
fake/1075,a06d35073061
fake/1080,a06d35073061
fake/1087,a06d35073061
fake/1104,a06d35073061
fake/1109,a06d35073061
fake/1118,a06d35073061
fake/1172,a06d35073061
fake/118,a06d35073061
fake/1183,a06d35073061
fake/1186,a06d35073061
fake/1200,a06d35073061
fake/1241,a06d35073061
fake/1242,a06d35073061
fake/1246,a06d35073061
fake/1253,a06d35073061
fake/1257,a06d35073061
fake/1265,a06d35073061
fake/1302,a06d35073061
fake/1314,a06d35073061
fake/1340,a06d35073061
fake/1397,a06d35073061
fake/1404,a06d35073061
fake/1409,a06d35073061
fake/1429,a06d35073061
fake/1441,a06d35073061
fake/1449,a06d35073061
fake/1456,a06d35073061
fake/1462,a06d35073061
fake/147,a06d35073061
fake/1470,a06d35073061
fake/1479,a06d35073061
fake/1480,a06d35073061
fake/1488,a06d35073061
fake/1491,a06d35073061
fake/1519,a06d35073061
fake/1527,a06d35073061
fake/1531,a06d35073061
fake/1558,a06d35073061
fake/1563,a06d35073061
fake/1566,a06d35073061
fake/1570,a06d35073061
fake/1644,a06d35073061
fake/1662,a06d35073061
fake/1709,a06d35073061
fake/1755,a06d35073061
fake/1765,a06d35073061
fake/1784,a06d35073061
fake/1791,a06d35073061
fake/1816,a06d35073061
fake/1838,a06d35073061
fake/1841,a06d35073061
fake/1870,a06d35073061
fake/1893,a06d35073061
fake/1947,a06d35073061
fake/1956,a06d35073061
fake/1966,a06d35073061
fake/1983,a06d35073061
fake/1984,a06d35073061
fake/2045,a06d35073061
fake/2103,a06d35073061
fake/2105,a06d35073061
fake/2154,a06d35073061
fake/2156,a06d35073061
fake/2170,a06d35073061
fake/2195,a06d35073061
fake/2238,a06d35073061
fake/224,a06d35073061
fake/229,a06d35073061
fake/2318,a06d35073061
fake/2323,a06d35073061
fake/2350,a06d35073061
fake/2370,a06d35073061
fake/2381,a06d35073061
fake/240,a06d35073061
fake/241,a06d35073061
fake/2422,a06d35073061
fake/2427,a06d35073061
fake/2477,a06d35073061
fake/2478,a06d35073061
fake/2499,a06d35073061
fake/2513,a06d35073061
fake/2547,a06d35073061
fake/2548,a06d35073061
fake/2569,a06d35073061
fake/261,a06d35073061
fake/2669,a06d35073061
fake/2711,a06d35073061
fake/2714,a06d35073061
fake/2734,a06d35073061
fake/2756,a06d35073061
fake/2770,a06d35073061
fake/2834,a06d35073061
fake/2845,a06d35073061
fake/29,a06d35073061
fake/2903,a06d35073061
fake/2909,a06d35073061
fake/2947,a06d35073061
fake/300,a06d35073061
fake/3038,a06d35073061
fake/305,a06d35073061
fake/3075,a06d35073061
fake/3077,a06d35073061
fake/3109,a06d35073061
fake/3115,a06d35073061
fake/3197,a06d35073061
fake/323,a06d35073061
fake/3234,a06d35073061
fake/3255,a06d35073061
fake/3258,a06d35073061
fake/3306,a06d35073061
fake/3310,a06d35073061
fake/3311,a06d35073061
fake/3348,a06d35073061
fake/3353,a06d35073061
fake/3369,a06d35073061
fake/3374,a06d35073061
fake/3378,a06d35073061
fake/3384,a06d35073061
fake/339,a06d35073061
fake/3393,a06d35073061
fake/3419,a06d35073061
fake/3429,a06d35073061
fake/3438,a06d35073061
fake/3439,a06d35073061
fake/3450,a06d35073061
fake/3453,a06d35073061
fake/3468,a06d35073061
fake/3479,a06d35073061
fake/3485,a06d35073061
fake/3491,a06d35073061
fake/3492,a06d35073061
fake/35,a06d35073061
fake/352,a06d35073061
fake/3532,a06d35073061
fake/3537,a06d35073061
fake/3539,a06d35073061
fake/3550,a06d35073061
fake/3565,a06d35073061
fake/3589,a06d35073061
fake/3593,a06d35073061
fake/366,a06d35073061
fake/37,a06d35073061
fake/370,a06d35073061
fake/372,a06d35073061
fake/378,a06d35073061
fake/386,a06d35073061
fake/39,a06d35073061
fake/392,a06d35073061
fake/403,a06d35073061
fake/404,a06d35073061
fake/406,a06d35073061
fake/432,a06d35073061
fake/448,a06d35073061
fake/46,a06d35073061
fake/466,a06d35073061
fake/468,a06d35073061
fake/470,a06d35073061
fake/481,a06d35073061
fake/496,a06d35073061
fake/512,a06d35073061
fake/517,a06d35073061
fake/527,a06d35073061
fake/55,a06d35073061
fake/562,a06d35073061
fake/584,a06d35073061
fake/593,a06d35073061
fake/628,a06d35073061
fake/63,a06d35073061
fake/650,a06d35073061
fake/662,a06d35073061
fake/670,a06d35073061
fake/682,a06d35073061
fake/740,a06d35073061
fake/747,a06d35073061
fake/757,a06d35073061
fake/774,a06d35073061
fake/858,a06d35073061
fake/860,a06d35073061
fake/861,a06d35073061
fake/883,a06d35073061
fake/889,a06d35073061
fake/899,a06d35073061
fake/925,a06d35073061
fake/944,a06d35073061
fake/945,a06d35073061
fake/947,a06d35073061
fake/961,a06d35073061
fake/97,a06d35073061
fake/975,a06d35073061
true/1010,a06d35073061
true/1035,a06d35073061
true/1055,a06d35073061
true/1061,a06d35073061
true/1076,a06d35073061
true/1080,a06d35073061
true/109,a06d35073061
true/1090,a06d35073061
true/1108,a06d35073061
true/1112,a06d35073061
true/1127,a06d35073061
true/114,a06d35073061
true/1144,a06d35073061
true/1147,a06d35073061
true/115,a06d35073061
true/1160,a06d35073061
true/1165,a06d35073061
true/1171,a06d35073061
true/1179,a06d35073061
true/1259,a06d35073061
true/1263,a06d35073061
true/1287,a06d35073061
true/131,a06d35073061
true/1320,a06d35073061
true/1361,a06d35073061
true/1375,a06d35073061
true/1414,a06d35073061
true/1419,a06d35073061
true/1422,a06d35073061
true/1442,a06d35073061
true/1456,a06d35073061
true/1487,a06d35073061
true/1508,a06d35073061
true/1526,a06d35073061
true/1529,a06d35073061
true/1540,a06d35073061
true/1545,a06d35073061
true/1557,a06d35073061
true/1560,a06d35073061
true/1563,a06d35073061
true/1566,a06d35073061
true/1567,a06d35073061
true/1574,a06d35073061
true/1641,a06d35073061
true/1644,a06d35073061
true/1658,a06d35073061
true/166,a06d35073061
true/1688,a06d35073061
true/1699,a06d35073061
true/1701,a06d35073061
true/1705,a06d35073061
true/1709,a06d35073061
true/171,a06d35073061
true/1711,a06d35073061
true/1718,a06d35073061
true/1721,a06d35073061
true/1724,a06d35073061
true/1726,a06d35073061
true/1745,a06d35073061
true/1746,a06d35073061
true/1755,a06d35073061
true/1806,a06d35073061
true/1840,a06d35073061
true/1844,a06d35073061
true/1846,a06d35073061
true/1863,a06d35073061
true/1865,a06d35073061
true/1873,a06d35073061
true/1876,a06d35073061
true/188,a06d35073061
true/1886,a06d35073061
true/1893,a06d35073061
true/1896,a06d35073061
true/1910,a06d35073061
true/1920,a06d35073061
true/193,a06d35073061
true/1940,a06d35073061
true/1964,a06d35073061
true/1997,a06d35073061
true/1998,a06d35073061
true/2000,a06d35073061
true/2006,a06d35073061
true/2007,a06d35073061
true/2017,a06d35073061
true/2038,a06d35073061
true/2061,a06d35073061
true/2066,a06d35073061
true/2075,a06d35073061
true/2077,a06d35073061
true/2079,a06d35073061
true/2087,a06d35073061
true/2097,a06d35073061
true/211,a06d35073061
true/2123,a06d35073061
true/2125,a06d35073061
true/213,a06d35073061
true/2138,a06d35073061
true/2140,a06d35073061
true/2144,a06d35073061
true/2152,a06d35073061
true/2153,a06d35073061
true/2157,a06d35073061
true/2163,a06d35073061
true/2186,a06d35073061
true/2191,a06d35073061
true/2197,a06d35073061
true/2199,a06d35073061
true/2202,a06d35073061
true/2218,a06d35073061
true/2235,a06d35073061
true/2237,a06d35073061
true/2238,a06d35073061
true/2253,a06d35073061
true/2259,a06d35073061
true/2299,a06d35073061
true/2303,a06d35073061
true/2308,a06d35073061
true/2309,a06d35073061
true/2326,a06d35073061
true/233,a06d35073061
true/2330,a06d35073061
true/2335,a06d35073061
true/2337,a06d35073061
true/2341,a06d35073061
true/2343,a06d35073061
true/2352,a06d35073061
true/2380,a06d35073061
true/2390,a06d35073061
true/2394,a06d35073061
true/2404,a06d35073061
true/2410,a06d35073061
true/2422,a06d35073061
true/2426,a06d35073061
true/2428,a06d35073061
true/2438,a06d35073061
true/2449,a06d35073061
true/2462,a06d35073061
true/2465,a06d35073061
true/2467,a06d35073061
true/2479,a06d35073061
true/2486,a06d35073061
true/2495,a06d35073061
true/2513,a06d35073061
true/2514,a06d35073061
true/2519,a06d35073061
true/2520,a06d35073061
true/2526,a06d35073061
true/2538,a06d35073061
true/2542,a06d35073061
true/2552,a06d35073061
true/256,a06d35073061
true/2567,a06d35073061
true/258,a06d35073061
true/2592,a06d35073061
true/2600,a06d35073061
true/2620,a06d35073061
true/263,a06d35073061
true/2631,a06d35073061
true/2645,a06d35073061
true/2704,a06d35073061
true/2708,a06d35073061
true/2709,a06d35073061
true/2769,a06d35073061
true/2770,a06d35073061
true/2789,a06d35073061
true/2798,a06d35073061
true/280,a06d35073061
true/2802,a06d35073061
true/2806,a06d35073061
true/2823,a06d35073061
true/2826,a06d35073061
true/2848,a06d35073061
true/2849,a06d35073061
true/2856,a06d35073061
true/2880,a06d35073061
true/2886,a06d35073061
true/2888,a06d35073061
true/2899,a06d35073061
true/2915,a06d35073061
true/2942,a06d35073061
true/2981,a06d35073061
true/2989,a06d35073061
true/300,a06d35073061
true/3001,a06d35073061
true/3002,a06d35073061
true/3023,a06d35073061
true/3027,a06d35073061
true/303,a06d35073061
true/3049,a06d35073061
true/3071,a06d35073061
true/3087,a06d35073061
true/3109,a06d35073061
true/3115,a06d35073061
true/3126,a06d35073061
true/3127,a06d35073061
true/3133,a06d35073061
true/3152,a06d35073061
true/3170,a06d35073061
true/320,a06d35073061
true/3206,a06d35073061
true/3214,a06d35073061
true/3221,a06d35073061
true/3225,a06d35073061
true/3252,a06d35073061
true/3256,a06d35073061
true/326,a06d35073061
true/3267,a06d35073061
true/3270,a06d35073061
true/3273,a06d35073061
true/3285,a06d35073061
true/329,a06d35073061
true/3293,a06d35073061
true/3310,a06d35073061
true/3311,a06d35073061
true/3320,a06d35073061
true/3322,a06d35073061
true/3347,a06d35073061
true/3354,a06d35073061
true/3369,a06d35073061
true/3393,a06d35073061
true/3413,a06d35073061
true/3425,a06d35073061
true/3430,a06d35073061
true/3439,a06d35073061
true/3471,a06d35073061
true/3479,a06d35073061
true/350,a06d35073061
true/3500,a06d35073061
true/3515,a06d35073061
true/3522,a06d35073061
true/3523,a06d35073061
true/3524,a06d35073061
true/3525,a06d35073061
true/3541,a06d35073061
true/3559,a06d35073061
true/3585,a06d35073061
true/3590,a06d35073061
true/382,a06d35073061
true/39,a06d35073061
true/398,a06d35073061
true/399,a06d35073061
true/412,a06d35073061
true/426,a06d35073061
true/430,a06d35073061
true/446,a06d35073061
true/466,a06d35073061
true/468,a06d35073061
true/470,a06d35073061
true/471,a06d35073061
true/500,a06d35073061
true/512,a06d35073061
true/513,a06d35073061
true/527,a06d35073061
true/554,a06d35073061
true/574,a06d35073061
true/593,a06d35073061
true/594,a06d35073061
true/599,a06d35073061
true/60,a06d35073061
true/609,a06d35073061
true/623,a06d35073061
true/630,a06d35073061
true/633,a06d35073061
true/636,a06d35073061
true/637,a06d35073061
true/648,a06d35073061
true/650,a06d35073061
true/656,a06d35073061
true/665,a06d35073061
true/671,a06d35073061
true/681,a06d35073061
true/702,a06d35073061
true/711,a06d35073061
true/714,a06d35073061
true/735,a06d35073061
true/743,a06d35073061
true/751,a06d35073061
true/767,a06d35073061
true/770,a06d35073061
true/773,a06d35073061
true/774,a06d35073061
true/792,a06d35073061
true/823,a06d35073061
true/829,a06d35073061
true/84,a06d35073061
true/858,a06d35073061
true/895,a06d35073061
true/9,a06d35073061
true/904,a06d35073061
true/928,a06d35073061
true/945,a06d35073061
true/957,a06d35073061
true/966,a06d35073061
true/969,a06d35073061
true/97,a06d35073061
true/970,a06d35073061
true/972,a06d35073061
fake/29,b39ecda11b8f
fake/35,b39ecda11b8f
fake/37,b39ecda11b8f
fake/39,b39ecda11b8f
fake/46,b39ecda11b8f
fake/55,b39ecda11b8f
fake/63,b39ecda11b8f
fake/65,b39ecda11b8f
fake/69,b39ecda11b8f
true/1005,b39ecda11b8f
true/101,b39ecda11b8f
true/1010,b39ecda11b8f
true/1013,b39ecda11b8f
true/1019,b39ecda11b8f
true/1026,b39ecda11b8f
true/1035,b39ecda11b8f
true/1042,b39ecda11b8f
true/1055,b39ecda11b8f
true/1067,b39ecda11b8f
true/1076,b39ecda11b8f
true/1082,b39ecda11b8f
true/109,b39ecda11b8f
true/1090,b39ecda11b8f
true/1092,b39ecda11b8f
true/1103,b39ecda11b8f
true/1108,b39ecda11b8f
true/1109,b39ecda11b8f
true/1112,b39ecda11b8f
true/1127,b39ecda11b8f
true/114,b39ecda11b8f
true/1144,b39ecda11b8f
true/1147,b39ecda11b8f
true/115,b39ecda11b8f
true/1160,b39ecda11b8f
true/1165,b39ecda11b8f
true/1169,b39ecda11b8f
true/1171,b39ecda11b8f
true/1177,b39ecda11b8f
true/1179,b39ecda11b8f
true/118,b39ecda11b8f
true/1184,b39ecda11b8f
true/1185,b39ecda11b8f
true/119,b39ecda11b8f
true/120,b39ecda11b8f
true/1237,b39ecda11b8f
true/1240,b39ecda11b8f
true/1249,b39ecda11b8f
true/1251,b39ecda11b8f
true/1259,b39ecda11b8f
true/1263,b39ecda11b8f
true/1272,b39ecda11b8f
true/1287,b39ecda11b8f
true/1292,b39ecda11b8f
true/1293,b39ecda11b8f
true/1298,b39ecda11b8f
true/1301,b39ecda11b8f
true/131,b39ecda11b8f
true/1320,b39ecda11b8f
true/1327,b39ecda11b8f
true/1337,b39ecda11b8f
true/1341,b39ecda11b8f
true/1342,b39ecda11b8f
true/1351,b39ecda11b8f
true/1352,b39ecda11b8f
true/1361,b39ecda11b8f
true/1367,b39ecda11b8f
true/1375,b39ecda11b8f
true/1378,b39ecda11b8f
true/1414,b39ecda11b8f
true/1415,b39ecda11b8f
true/1419,b39ecda11b8f
true/1430,b39ecda11b8f
true/1456,b39ecda11b8f
true/1462,b39ecda11b8f
true/148,b39ecda11b8f
true/1487,b39ecda11b8f
true/1490,b39ecda11b8f
true/1491,b39ecda11b8f
true/1508,b39ecda11b8f
true/152,b39ecda11b8f
true/1520,b39ecda11b8f
true/1529,b39ecda11b8f
true/1540,b39ecda11b8f
true/1545,b39ecda11b8f
true/1550,b39ecda11b8f
true/1553,b39ecda11b8f
true/1560,b39ecda11b8f
true/1563,b39ecda11b8f
true/1569,b39ecda11b8f
true/1573,b39ecda11b8f
true/1574,b39ecda11b8f
true/1577,b39ecda11b8f
true/1602,b39ecda11b8f
true/1611,b39ecda11b8f
true/1628,b39ecda11b8f
true/1634,b39ecda11b8f
true/1641,b39ecda11b8f
true/1644,b39ecda11b8f
true/1654,b39ecda11b8f
true/1658,b39ecda11b8f
true/166,b39ecda11b8f
true/1666,b39ecda11b8f
true/1672,b39ecda11b8f
true/1688,b39ecda11b8f
true/1699,b39ecda11b8f
true/1701,b39ecda11b8f
true/1705,b39ecda11b8f
true/1707,b39ecda11b8f
true/171,b39ecda11b8f
true/1724,b39ecda11b8f
true/1726,b39ecda11b8f
true/1728,b39ecda11b8f
true/1745,b39ecda11b8f
true/1746,b39ecda11b8f
true/1755,b39ecda11b8f
true/1760,b39ecda11b8f
true/1776,b39ecda11b8f
true/1783,b39ecda11b8f
true/1791,b39ecda11b8f
true/1802,b39ecda11b8f
true/1806,b39ecda11b8f
true/1807,b39ecda11b8f
true/1816,b39ecda11b8f
true/1821,b39ecda11b8f
true/1829,b39ecda11b8f
true/1839,b39ecda11b8f
true/1840,b39ecda11b8f
true/1844,b39ecda11b8f
true/1846,b39ecda11b8f
true/1854,b39ecda11b8f
true/1861,b39ecda11b8f
true/1863,b39ecda11b8f
true/1865,b39ecda11b8f
true/1873,b39ecda11b8f
true/1876,b39ecda11b8f
true/188,b39ecda11b8f
true/1886,b39ecda11b8f
true/189,b39ecda11b8f
true/1893,b39ecda11b8f
true/1909,b39ecda11b8f
true/1910,b39ecda11b8f
true/1920,b39ecda11b8f
true/1925,b39ecda11b8f
true/193,b39ecda11b8f
true/1935,b39ecda11b8f
true/1940,b39ecda11b8f
true/1952,b39ecda11b8f
true/1964,b39ecda11b8f
true/1966,b39ecda11b8f
true/1995,b39ecda11b8f
true/1998,b39ecda11b8f
true/1999,b39ecda11b8f
true/20,b39ecda11b8f
true/2000,b39ecda11b8f
true/2005,b39ecda11b8f
true/2007,b39ecda11b8f
true/2013,b39ecda11b8f
true/2017,b39ecda11b8f
true/2025,b39ecda11b8f
true/2038,b39ecda11b8f
true/2040,b39ecda11b8f
true/2061,b39ecda11b8f
true/2066,b39ecda11b8f
true/2077,b39ecda11b8f
true/2079,b39ecda11b8f
true/2080,b39ecda11b8f
true/2087,b39ecda11b8f
true/2104,b39ecda11b8f
true/2105,b39ecda11b8f
true/211,b39ecda11b8f
true/2122,b39ecda11b8f
true/2123,b39ecda11b8f
true/2125,b39ecda11b8f
true/2138,b39ecda11b8f
true/2140,b39ecda11b8f
true/2142,b39ecda11b8f
true/2145,b39ecda11b8f
true/2147,b39ecda11b8f
true/2152,b39ecda11b8f
true/2157,b39ecda11b8f
true/2163,b39ecda11b8f
true/2164,b39ecda11b8f
true/2177,b39ecda11b8f
true/2186,b39ecda11b8f
true/2191,b39ecda11b8f
true/2197,b39ecda11b8f
true/2199,b39ecda11b8f
true/2202,b39ecda11b8f
true/2210,b39ecda11b8f
true/2216,b39ecda11b8f
true/2225,b39ecda11b8f
true/2226,b39ecda11b8f
true/2235,b39ecda11b8f
true/2237,b39ecda11b8f
true/2238,b39ecda11b8f
true/2248,b39ecda11b8f
true/2253,b39ecda11b8f
true/2259,b39ecda11b8f
true/2283,b39ecda11b8f
true/2299,b39ecda11b8f
true/2303,b39ecda11b8f
true/2308,b39ecda11b8f
true/2309,b39ecda11b8f
true/2313,b39ecda11b8f
true/2326,b39ecda11b8f
true/2328,b39ecda11b8f
true/233,b39ecda11b8f
true/2333,b39ecda11b8f
true/2335,b39ecda11b8f
true/2337,b39ecda11b8f
true/2341,b39ecda11b8f
true/2343,b39ecda11b8f
true/2352,b39ecda11b8f
true/2361,b39ecda11b8f
true/2369,b39ecda11b8f
true/2380,b39ecda11b8f
true/2382,b39ecda11b8f
true/2390,b39ecda11b8f
true/2392,b39ecda11b8f
true/2404,b39ecda11b8f
true/2405,b39ecda11b8f
true/2409,b39ecda11b8f
true/241,b39ecda11b8f
true/2410,b39ecda11b8f
true/2416,b39ecda11b8f
true/2417,b39ecda11b8f
true/2421,b39ecda11b8f
true/2426,b39ecda11b8f
true/2428,b39ecda11b8f
true/2435,b39ecda11b8f
true/2438,b39ecda11b8f
true/2448,b39ecda11b8f
true/2449,b39ecda11b8f
true/2461,b39ecda11b8f
true/2462,b39ecda11b8f
true/2465,b39ecda11b8f
true/2479,b39ecda11b8f
true/2486,b39ecda11b8f
true/2487,b39ecda11b8f
true/2493,b39ecda11b8f
true/2495,b39ecda11b8f
true/2513,b39ecda11b8f
true/2514,b39ecda11b8f
true/2519,b39ecda11b8f
true/2520,b39ecda11b8f
true/2526,b39ecda11b8f
true/2530,b39ecda11b8f
true/2533,b39ecda11b8f
true/2538,b39ecda11b8f
true/2542,b39ecda11b8f
true/2549,b39ecda11b8f
true/2552,b39ecda11b8f
true/2559,b39ecda11b8f
true/2561,b39ecda11b8f
true/2563,b39ecda11b8f
true/2567,b39ecda11b8f
true/2573,b39ecda11b8f
true/2577,b39ecda11b8f
true/2587,b39ecda11b8f
true/2592,b39ecda11b8f
true/2595,b39ecda11b8f
true/2600,b39ecda11b8f
true/2616,b39ecda11b8f
true/2620,b39ecda11b8f
true/2631,b39ecda11b8f
true/2645,b39ecda11b8f
true/2663,b39ecda11b8f
true/2676,b39ecda11b8f
true/2680,b39ecda11b8f
true/2694,b39ecda11b8f
true/2700,b39ecda11b8f
true/2701,b39ecda11b8f
true/2708,b39ecda11b8f
true/2729,b39ecda11b8f
true/2765,b39ecda11b8f
true/2769,b39ecda11b8f
true/2770,b39ecda11b8f
true/2773,b39ecda11b8f
true/2776,b39ecda11b8f
true/2779,b39ecda11b8f
true/2780,b39ecda11b8f
true/2784,b39ecda11b8f
true/2785,b39ecda11b8f
true/2789,b39ecda11b8f
true/2794,b39ecda11b8f
true/2798,b39ecda11b8f
true/280,b39ecda11b8f
true/2802,b39ecda11b8f
true/2806,b39ecda11b8f
true/2809,b39ecda11b8f
true/2822,b39ecda11b8f
true/2824,b39ecda11b8f
true/2829,b39ecda11b8f
true/2839,b39ecda11b8f
true/2848,b39ecda11b8f
true/2849,b39ecda11b8f
true/2859,b39ecda11b8f
true/2861,b39ecda11b8f
true/2865,b39ecda11b8f
true/2870,b39ecda11b8f
true/2888,b39ecda11b8f
true/289,b39ecda11b8f
true/2890,b39ecda11b8f
true/2897,b39ecda11b8f
true/2899,b39ecda11b8f
true/2901,b39ecda11b8f
true/2915,b39ecda11b8f
true/2942,b39ecda11b8f
true/2947,b39ecda11b8f
true/2949,b39ecda11b8f
true/2967,b39ecda11b8f
true/2970,b39ecda11b8f
true/2981,b39ecda11b8f
true/2988,b39ecda11b8f
true/2989,b39ecda11b8f
true/3001,b39ecda11b8f
true/3002,b39ecda11b8f
true/3023,b39ecda11b8f
true/3027,b39ecda11b8f
true/3049,b39ecda11b8f
true/305,b39ecda11b8f
true/3056,b39ecda11b8f
true/3059,b39ecda11b8f
true/3071,b39ecda11b8f
true/3072,b39ecda11b8f
true/3076,b39ecda11b8f
true/3087,b39ecda11b8f
true/3101,b39ecda11b8f
true/3109,b39ecda11b8f
true/3115,b39ecda11b8f
true/3126,b39ecda11b8f
true/3127,b39ecda11b8f
true/3133,b39ecda11b8f
true/3138,b39ecda11b8f
true/3165,b39ecda11b8f
true/3170,b39ecda11b8f
true/3188,b39ecda11b8f
true/319,b39ecda11b8f
true/3190,b39ecda11b8f
true/32,b39ecda11b8f
true/320,b39ecda11b8f
true/3202,b39ecda11b8f
true/3206,b39ecda11b8f
true/321,b39ecda11b8f
true/3214,b39ecda11b8f
true/3225,b39ecda11b8f
true/323,b39ecda11b8f
true/3252,b39ecda11b8f
true/3253,b39ecda11b8f
true/326,b39ecda11b8f
true/3267,b39ecda11b8f
true/3270,b39ecda11b8f
true/3280,b39ecda11b8f
true/3285,b39ecda11b8f
true/3287,b39ecda11b8f
true/329,b39ecda11b8f
true/3293,b39ecda11b8f
true/3304,b39ecda11b8f
true/3308,b39ecda11b8f
true/3310,b39ecda11b8f
true/3323,b39ecda11b8f
true/3328,b39ecda11b8f
true/3335,b39ecda11b8f
true/3337,b39ecda11b8f
true/3347,b39ecda11b8f
true/3354,b39ecda11b8f
true/3362,b39ecda11b8f
true/3369,b39ecda11b8f
true/3380,b39ecda11b8f
true/339,b39ecda11b8f
true/3391,b39ecda11b8f
true/3393,b39ecda11b8f
true/3413,b39ecda11b8f
true/3422,b39ecda11b8f
true/3425,b39ecda11b8f
true/3426,b39ecda11b8f
true/3430,b39ecda11b8f
true/3438,b39ecda11b8f
true/3439,b39ecda11b8f
true/3451,b39ecda11b8f
true/3453,b39ecda11b8f
true/3469,b39ecda11b8f
true/3471,b39ecda11b8f
true/3479,b39ecda11b8f
true/3499,b39ecda11b8f
true/350,b39ecda11b8f
true/3500,b39ecda11b8f
true/3514,b39ecda11b8f
true/3515,b39ecda11b8f
true/3523,b39ecda11b8f
true/3524,b39ecda11b8f
true/3536,b39ecda11b8f
true/3541,b39ecda11b8f
true/3548,b39ecda11b8f
true/355,b39ecda11b8f
true/3558,b39ecda11b8f
true/3585,b39ecda11b8f
true/3586,b39ecda11b8f
true/3590,b39ecda11b8f
true/3593,b39ecda11b8f
true/3602,b39ecda11b8f
true/381,b39ecda11b8f
true/388,b39ecda11b8f
true/39,b39ecda11b8f
true/392,b39ecda11b8f
true/398,b39ecda11b8f
true/399,b39ecda11b8f
true/412,b39ecda11b8f
true/426,b39ecda11b8f
true/428,b39ecda11b8f
true/430,b39ecda11b8f
true/446,b39ecda11b8f
true/448,b39ecda11b8f
true/466,b39ecda11b8f
true/468,b39ecda11b8f
true/470,b39ecda11b8f
true/471,b39ecda11b8f
true/487,b39ecda11b8f
true/49,b39ecda11b8f
true/500,b39ecda11b8f
true/51,b39ecda11b8f
true/512,b39ecda11b8f
true/527,b39ecda11b8f
true/567,b39ecda11b8f
true/571,b39ecda11b8f
true/595,b39ecda11b8f
true/599,b39ecda11b8f
true/604,b39ecda11b8f
true/609,b39ecda11b8f
true/616,b39ecda11b8f
true/621,b39ecda11b8f
true/623,b39ecda11b8f
true/627,b39ecda11b8f
true/628,b39ecda11b8f
true/633,b39ecda11b8f
true/637,b39ecda11b8f
true/645,b39ecda11b8f
true/648,b39ecda11b8f
true/650,b39ecda11b8f
true/656,b39ecda11b8f
true/661,b39ecda11b8f
true/665,b39ecda11b8f
true/702,b39ecda11b8f
true/714,b39ecda11b8f
true/735,b39ecda11b8f
true/743,b39ecda11b8f
true/750,b39ecda11b8f
true/751,b39ecda11b8f
true/762,b39ecda11b8f
true/770,b39ecda11b8f
true/772,b39ecda11b8f
true/773,b39ecda11b8f
true/774,b39ecda11b8f
true/779,b39ecda11b8f
true/781,b39ecda11b8f
true/787,b39ecda11b8f
true/788,b39ecda11b8f
true/792,b39ecda11b8f
true/794,b39ecda11b8f
true/802,b39ecda11b8f
true/811,b39ecda11b8f
true/822,b39ecda11b8f
true/827,b39ecda11b8f
true/828,b39ecda11b8f
true/829,b39ecda11b8f
true/84,b39ecda11b8f
true/848,b39ecda11b8f
true/849,b39ecda11b8f
true/858,b39ecda11b8f
true/875,b39ecda11b8f
true/887,b39ecda11b8f
true/888,b39ecda11b8f
true/895,b39ecda11b8f
true/9,b39ecda11b8f
true/904,b39ecda11b8f
true/907,b39ecda11b8f
true/913,b39ecda11b8f
true/92,b39ecda11b8f
true/928,b39ecda11b8f
true/936,b39ecda11b8f
true/938,b39ecda11b8f
true/957,b39ecda11b8f
true/96,b39ecda11b8f
true/966,b39ecda11b8f
true/968,b39ecda11b8f
true/969,b39ecda11b8f
true/970,b39ecda11b8f
true/995,b39ecda11b8f
fake/1005,de1589a78e87
fake/1006,de1589a78e87
fake/1042,de1589a78e87
fake/1044,de1589a78e87
fake/1049,de1589a78e87
fake/1060,de1589a78e87
fake/1061,de1589a78e87
fake/1067,de1589a78e87
fake/109,de1589a78e87
fake/1093,de1589a78e87
fake/1101,de1589a78e87
fake/1108,de1589a78e87
fake/1121,de1589a78e87
fake/1137,de1589a78e87
fake/1153,de1589a78e87
fake/1179,de1589a78e87
fake/1181,de1589a78e87
fake/1185,de1589a78e87
fake/1187,de1589a78e87
fake/1190,de1589a78e87
fake/1215,de1589a78e87
fake/1232,de1589a78e87
fake/1244,de1589a78e87
fake/1249,de1589a78e87
fake/1250,de1589a78e87
fake/1256,de1589a78e87
fake/1258,de1589a78e87
fake/1260,de1589a78e87
fake/1263,de1589a78e87
fake/1275,de1589a78e87
fake/1289,de1589a78e87
fake/1299,de1589a78e87
fake/1320,de1589a78e87
fake/1345,de1589a78e87
fake/1361,de1589a78e87
fake/1367,de1589a78e87
fake/1372,de1589a78e87
fake/1375,de1589a78e87
fake/1401,de1589a78e87
fake/1403,de1589a78e87
fake/1406,de1589a78e87
fake/1415,de1589a78e87
fake/1418,de1589a78e87
fake/1428,de1589a78e87
fake/1443,de1589a78e87
fake/1453,de1589a78e87
fake/1466,de1589a78e87
fake/1486,de1589a78e87
fake/1497,de1589a78e87
fake/1500,de1589a78e87
fake/1506,de1589a78e87
fake/1507,de1589a78e87
fake/1511,de1589a78e87
fake/1513,de1589a78e87
fake/1518,de1589a78e87
fake/1520,de1589a78e87
fake/1528,de1589a78e87
fake/1529,de1589a78e87
fake/1534,de1589a78e87
fake/1549,de1589a78e87
fake/155,de1589a78e87
fake/1552,de1589a78e87
fake/1554,de1589a78e87
fake/1555,de1589a78e87
fake/1574,de1589a78e87
fake/1576,de1589a78e87
fake/1577,de1589a78e87
fake/1589,de1589a78e87
fake/1591,de1589a78e87
fake/1599,de1589a78e87
fake/1614,de1589a78e87
fake/1616,de1589a78e87
fake/1618,de1589a78e87
fake/1619,de1589a78e87
fake/1624,de1589a78e87
fake/1627,de1589a78e87
fake/1628,de1589a78e87
fake/1637,de1589a78e87
fake/1638,de1589a78e87
fake/1639,de1589a78e87
fake/1648,de1589a78e87
fake/165,de1589a78e87
fake/1654,de1589a78e87
fake/1659,de1589a78e87
fake/1661,de1589a78e87
fake/1663,de1589a78e87
fake/1667,de1589a78e87
fake/1668,de1589a78e87
fake/1673,de1589a78e87
fake/1690,de1589a78e87
fake/1693,de1589a78e87
fake/1705,de1589a78e87
fake/1714,de1589a78e87
fake/1726,de1589a78e87
fake/1729,de1589a78e87
fake/1733,de1589a78e87
fake/1751,de1589a78e87
fake/1767,de1589a78e87
fake/1768,de1589a78e87
fake/1769,de1589a78e87
fake/1770,de1589a78e87
fake/1780,de1589a78e87
fake/1799,de1589a78e87
fake/1805,de1589a78e87
fake/1807,de1589a78e87
fake/1809,de1589a78e87
fake/1810,de1589a78e87
fake/1813,de1589a78e87
fake/1831,de1589a78e87
fake/1836,de1589a78e87
fake/1837,de1589a78e87
fake/184,de1589a78e87
fake/1840,de1589a78e87
fake/1849,de1589a78e87
fake/1851,de1589a78e87
fake/1856,de1589a78e87
fake/1861,de1589a78e87
fake/1866,de1589a78e87
fake/1869,de1589a78e87
fake/1887,de1589a78e87
fake/1891,de1589a78e87
fake/1899,de1589a78e87
fake/191,de1589a78e87
fake/1916,de1589a78e87
fake/1920,de1589a78e87
fake/1924,de1589a78e87
fake/1943,de1589a78e87
fake/1944,de1589a78e87
fake/1953,de1589a78e87
fake/1989,de1589a78e87
fake/1996,de1589a78e87
fake/2001,de1589a78e87
fake/2003,de1589a78e87
fake/2006,de1589a78e87
fake/2007,de1589a78e87
fake/2011,de1589a78e87
fake/2021,de1589a78e87
fake/2025,de1589a78e87
fake/2027,de1589a78e87
fake/2028,de1589a78e87
fake/2030,de1589a78e87
fake/2064,de1589a78e87
fake/2069,de1589a78e87
fake/2080,de1589a78e87
fake/2086,de1589a78e87
fake/2087,de1589a78e87
fake/2088,de1589a78e87
fake/2111,de1589a78e87
fake/2122,de1589a78e87
fake/2125,de1589a78e87
fake/2137,de1589a78e87
fake/2148,de1589a78e87
fake/2150,de1589a78e87
fake/2152,de1589a78e87
fake/2161,de1589a78e87
fake/2166,de1589a78e87
fake/2167,de1589a78e87
fake/2176,de1589a78e87
fake/2179,de1589a78e87
fake/2185,de1589a78e87
fake/2186,de1589a78e87
fake/2198,de1589a78e87
fake/2214,de1589a78e87
fake/2215,de1589a78e87
fake/2219,de1589a78e87
fake/2226,de1589a78e87
fake/2229,de1589a78e87
fake/2231,de1589a78e87
fake/2233,de1589a78e87
fake/2234,de1589a78e87
fake/2236,de1589a78e87
fake/2240,de1589a78e87
fake/2246,de1589a78e87
fake/2253,de1589a78e87
fake/2257,de1589a78e87
fake/2261,de1589a78e87
fake/2267,de1589a78e87
fake/2268,de1589a78e87
fake/2270,de1589a78e87
fake/2271,de1589a78e87
fake/2280,de1589a78e87
fake/2286,de1589a78e87
fake/2287,de1589a78e87
fake/2297,de1589a78e87
fake/2299,de1589a78e87
fake/2300,de1589a78e87
fake/2303,de1589a78e87
fake/2313,de1589a78e87
fake/2330,de1589a78e87
fake/2336,de1589a78e87
fake/2341,de1589a78e87
fake/2349,de1589a78e87
fake/2354,de1589a78e87
fake/2360,de1589a78e87
fake/2365,de1589a78e87
fake/2369,de1589a78e87
fake/237,de1589a78e87
fake/2377,de1589a78e87
fake/2380,de1589a78e87
fake/2385,de1589a78e87
fake/2393,de1589a78e87
fake/2394,de1589a78e87
fake/2400,de1589a78e87
fake/2401,de1589a78e87
fake/2402,de1589a78e87
fake/2405,de1589a78e87
fake/2411,de1589a78e87
fake/243,de1589a78e87
fake/2432,de1589a78e87
fake/2435,de1589a78e87
fake/2442,de1589a78e87
fake/2450,de1589a78e87
fake/2462,de1589a78e87
fake/2464,de1589a78e87
fake/2472,de1589a78e87
fake/2475,de1589a78e87
fake/2489,de1589a78e87
fake/2491,de1589a78e87
fake/2495,de1589a78e87
fake/2506,de1589a78e87
fake/2508,de1589a78e87
fake/252,de1589a78e87
fake/2529,de1589a78e87
fake/2534,de1589a78e87
fake/2539,de1589a78e87
fake/2546,de1589a78e87
fake/2559,de1589a78e87
fake/256,de1589a78e87
fake/2561,de1589a78e87
fake/2562,de1589a78e87
fake/2564,de1589a78e87
fake/2565,de1589a78e87
fake/2578,de1589a78e87
fake/2587,de1589a78e87
fake/2603,de1589a78e87
fake/2606,de1589a78e87
fake/2608,de1589a78e87
fake/2609,de1589a78e87
fake/2613,de1589a78e87
fake/2620,de1589a78e87
fake/2631,de1589a78e87
fake/2636,de1589a78e87
fake/2638,de1589a78e87
fake/2641,de1589a78e87
fake/2642,de1589a78e87
fake/2648,de1589a78e87
fake/2659,de1589a78e87
fake/2666,de1589a78e87
fake/267,de1589a78e87
fake/2670,de1589a78e87
fake/2671,de1589a78e87
fake/2676,de1589a78e87
fake/2688,de1589a78e87
fake/2689,de1589a78e87
fake/2698,de1589a78e87
fake/2700,de1589a78e87
fake/2703,de1589a78e87
fake/2709,de1589a78e87
fake/2731,de1589a78e87
fake/2738,de1589a78e87
fake/274,de1589a78e87
fake/2741,de1589a78e87
fake/2742,de1589a78e87
fake/2751,de1589a78e87
fake/2767,de1589a78e87
fake/2769,de1589a78e87
fake/2773,de1589a78e87
fake/2776,de1589a78e87
fake/2778,de1589a78e87
fake/278,de1589a78e87
fake/2784,de1589a78e87
fake/2785,de1589a78e87
fake/2789,de1589a78e87
fake/2802,de1589a78e87
fake/2804,de1589a78e87
fake/2809,de1589a78e87
fake/2820,de1589a78e87
fake/2824,de1589a78e87
fake/2832,de1589a78e87
fake/284,de1589a78e87
fake/2843,de1589a78e87
fake/2850,de1589a78e87
fake/2854,de1589a78e87
fake/2856,de1589a78e87
fake/2857,de1589a78e87
fake/2859,de1589a78e87
fake/2861,de1589a78e87
fake/2870,de1589a78e87
fake/2871,de1589a78e87
fake/2874,de1589a78e87
fake/2876,de1589a78e87
fake/2878,de1589a78e87
fake/2882,de1589a78e87
fake/2886,de1589a78e87
fake/2892,de1589a78e87
fake/2894,de1589a78e87
fake/2916,de1589a78e87
fake/292,de1589a78e87
fake/2925,de1589a78e87
fake/2933,de1589a78e87
fake/2934,de1589a78e87
fake/2953,de1589a78e87
fake/2954,de1589a78e87
fake/296,de1589a78e87
fake/2967,de1589a78e87
fake/2969,de1589a78e87
fake/297,de1589a78e87
fake/2977,de1589a78e87
fake/2979,de1589a78e87
fake/2981,de1589a78e87
fake/2986,de1589a78e87
fake/2988,de1589a78e87
fake/2994,de1589a78e87
fake/3009,de1589a78e87
fake/3011,de1589a78e87
fake/3014,de1589a78e87
fake/3019,de1589a78e87
fake/3029,de1589a78e87
fake/3034,de1589a78e87
fake/3040,de1589a78e87
fake/3049,de1589a78e87
fake/3057,de1589a78e87
fake/3060,de1589a78e87
fake/3062,de1589a78e87
fake/3067,de1589a78e87
fake/3068,de1589a78e87
fake/3071,de1589a78e87
fake/3072,de1589a78e87
fake/3082,de1589a78e87
fake/3094,de1589a78e87
fake/3097,de1589a78e87
fake/3100,de1589a78e87
fake/3126,de1589a78e87
fake/3127,de1589a78e87
fake/3131,de1589a78e87
fake/3137,de1589a78e87
fake/3144,de1589a78e87
fake/3154,de1589a78e87
fake/3157,de1589a78e87
fake/3159,de1589a78e87
fake/3164,de1589a78e87
fake/3168,de1589a78e87
fake/3182,de1589a78e87
fake/319,de1589a78e87
fake/3194,de1589a78e87
fake/3199,de1589a78e87
fake/3206,de1589a78e87
fake/321,de1589a78e87
fake/3225,de1589a78e87
fake/3227,de1589a78e87
fake/3232,de1589a78e87
fake/3235,de1589a78e87
fake/3241,de1589a78e87
fake/3246,de1589a78e87
fake/3252,de1589a78e87
fake/3278,de1589a78e87
fake/3285,de1589a78e87
fake/3298,de1589a78e87
fake/3303,de1589a78e87
fake/3305,de1589a78e87
fake/3314,de1589a78e87
fake/3316,de1589a78e87
fake/3327,de1589a78e87
fake/3328,de1589a78e87
fake/3355,de1589a78e87
fake/3360,de1589a78e87
fake/3366,de1589a78e87
fake/3375,de1589a78e87
fake/338,de1589a78e87
fake/3388,de1589a78e87
fake/3391,de1589a78e87
fake/3396,de1589a78e87
fake/3400,de1589a78e87
fake/3404,de1589a78e87
fake/3408,de1589a78e87
fake/3417,de1589a78e87
fake/3422,de1589a78e87
fake/343,de1589a78e87
fake/3440,de1589a78e87
fake/345,de1589a78e87
fake/3451,de1589a78e87
fake/3472,de1589a78e87
fake/3473,de1589a78e87
fake/3477,de1589a78e87
fake/348,de1589a78e87
fake/3508,de1589a78e87
fake/353,de1589a78e87
fake/3538,de1589a78e87
fake/3546,de1589a78e87
fake/3547,de1589a78e87
fake/3548,de1589a78e87
fake/355,de1589a78e87
fake/3566,de1589a78e87
fake/3567,de1589a78e87
fake/3575,de1589a78e87
fake/3577,de1589a78e87
fake/3580,de1589a78e87
fake/3588,de1589a78e87
fake/3602,de1589a78e87
fake/411,de1589a78e87
fake/412,de1589a78e87
fake/414,de1589a78e87
fake/417,de1589a78e87
fake/418,de1589a78e87
fake/433,de1589a78e87
fake/437,de1589a78e87
fake/452,de1589a78e87
fake/463,de1589a78e87
fake/469,de1589a78e87
fake/487,de1589a78e87
fake/490,de1589a78e87
fake/504,de1589a78e87
fake/506,de1589a78e87
fake/508,de1589a78e87
fake/529,de1589a78e87
fake/554,de1589a78e87
fake/557,de1589a78e87
fake/568,de1589a78e87
fake/571,de1589a78e87
fake/573,de1589a78e87
fake/575,de1589a78e87
fake/582,de1589a78e87
fake/607,de1589a78e87
fake/627,de1589a78e87
fake/634,de1589a78e87
fake/635,de1589a78e87
fake/660,de1589a78e87
fake/665,de1589a78e87
fake/681,de1589a78e87
fake/693,de1589a78e87
fake/694,de1589a78e87
fake/699,de1589a78e87
fake/701,de1589a78e87
fake/711,de1589a78e87
fake/731,de1589a78e87
fake/735,de1589a78e87
fake/739,de1589a78e87
fake/743,de1589a78e87
fake/749,de1589a78e87
fake/751,de1589a78e87
fake/795,de1589a78e87
fake/798,de1589a78e87
fake/802,de1589a78e87
fake/815,de1589a78e87
fake/821,de1589a78e87
fake/829,de1589a78e87
fake/852,de1589a78e87
fake/871,de1589a78e87
fake/878,de1589a78e87
fake/922,de1589a78e87
fake/931,de1589a78e87
fake/932,de1589a78e87
fake/934,de1589a78e87
fake/936,de1589a78e87
fake/940,de1589a78e87
fake/964,de1589a78e87
fake/972,de1589a78e87
fake/973,de1589a78e87
fake/974,de1589a78e87
fake/983,de1589a78e87
true/133,de1589a78e87
true/215,de1589a78e87
true/220,de1589a78e87
true/262,de1589a78e87
true/292,de1589a78e87
true/2950,de1589a78e87
fake/10,8089c9553752
fake/1008,8089c9553752
fake/1010,8089c9553752
fake/1013,8089c9553752
fake/1015,8089c9553752
fake/1019,8089c9553752
fake/1024,8089c9553752
fake/1026,8089c9553752
fake/1028,8089c9553752
fake/1033,8089c9553752
fake/1035,8089c9553752
fake/1037,8089c9553752
fake/1039,8089c9553752
fake/1047,8089c9553752
fake/1052,8089c9553752
fake/1054,8089c9553752
fake/1055,8089c9553752
fake/1063,8089c9553752
fake/1065,8089c9553752
fake/1069,8089c9553752
fake/1070,8089c9553752
fake/1072,8089c9553752
fake/1075,8089c9553752
fake/1080,8089c9553752
fake/1087,8089c9553752
fake/1092,8089c9553752
fake/1104,8089c9553752
fake/1109,8089c9553752
fake/1118,8089c9553752
fake/1125,8089c9553752
fake/1127,8089c9553752
fake/1128,8089c9553752
fake/1131,8089c9553752
fake/1135,8089c9553752
fake/1142,8089c9553752
fake/1148,8089c9553752
fake/116,8089c9553752
fake/1172,8089c9553752
fake/118,8089c9553752
fake/1183,8089c9553752
fake/1186,8089c9553752
fake/1191,8089c9553752
fake/1200,8089c9553752
fake/1204,8089c9553752
fake/1210,8089c9553752
fake/1240,8089c9553752
fake/1241,8089c9553752
fake/1242,8089c9553752
fake/1243,8089c9553752
fake/1246,8089c9553752
fake/1252,8089c9553752
fake/1253,8089c9553752
fake/1257,8089c9553752
fake/126,8089c9553752
fake/1265,8089c9553752
fake/1266,8089c9553752
fake/1270,8089c9553752
fake/1274,8089c9553752
fake/1281,8089c9553752
fake/1302,8089c9553752
fake/1313,8089c9553752
fake/1314,8089c9553752
fake/1326,8089c9553752
fake/1327,8089c9553752
fake/1340,8089c9553752
fake/1358,8089c9553752
fake/1378,8089c9553752
fake/1393,8089c9553752
fake/1395,8089c9553752
fake/1397,8089c9553752
fake/1400,8089c9553752
fake/1404,8089c9553752
fake/1409,8089c9553752
fake/141,8089c9553752
fake/1410,8089c9553752
fake/1416,8089c9553752
fake/1429,8089c9553752
fake/1431,8089c9553752
fake/1441,8089c9553752
fake/1444,8089c9553752
fake/1449,8089c9553752
fake/1456,8089c9553752
fake/1462,8089c9553752
fake/1469,8089c9553752
fake/147,8089c9553752
fake/1470,8089c9553752
fake/1479,8089c9553752
fake/1480,8089c9553752
fake/1488,8089c9553752
fake/1491,8089c9553752
fake/1495,8089c9553752
fake/1508,8089c9553752
fake/1517,8089c9553752
fake/1519,8089c9553752
fake/1526,8089c9553752
fake/1527,8089c9553752
fake/1531,8089c9553752
fake/1556,8089c9553752
fake/1558,8089c9553752
fake/1561,8089c9553752
fake/1563,8089c9553752
fake/1566,8089c9553752
fake/1567,8089c9553752
fake/1570,8089c9553752
fake/1571,8089c9553752
fake/158,8089c9553752
fake/1592,8089c9553752
fake/160,8089c9553752
fake/1602,8089c9553752
fake/1626,8089c9553752
fake/1631,8089c9553752
fake/1644,8089c9553752
fake/1662,8089c9553752
fake/1692,8089c9553752
fake/1697,8089c9553752
fake/1706,8089c9553752
fake/1709,8089c9553752
fake/1734,8089c9553752
fake/1749,8089c9553752
fake/1755,8089c9553752
fake/1761,8089c9553752
fake/1765,8089c9553752
fake/1784,8089c9553752
fake/1789,8089c9553752
fake/1791,8089c9553752
fake/1793,8089c9553752
fake/1801,8089c9553752
fake/1806,8089c9553752
fake/1816,8089c9553752
fake/1838,8089c9553752
fake/1841,8089c9553752
fake/1857,8089c9553752
fake/1870,8089c9553752
fake/1873,8089c9553752
fake/1875,8089c9553752
fake/188,8089c9553752
fake/1893,8089c9553752
fake/1897,8089c9553752
fake/1918,8089c9553752
fake/1947,8089c9553752
fake/1950,8089c9553752
fake/1956,8089c9553752
fake/1964,8089c9553752
fake/1966,8089c9553752
fake/1971,8089c9553752
fake/1977,8089c9553752
fake/1983,8089c9553752
fake/1984,8089c9553752
fake/1997,8089c9553752
fake/2015,8089c9553752
fake/2019,8089c9553752
fake/2035,8089c9553752
fake/2045,8089c9553752
fake/2052,8089c9553752
fake/2055,8089c9553752
fake/2089,8089c9553752
fake/2096,8089c9553752
fake/2103,8089c9553752
fake/2105,8089c9553752
fake/2107,8089c9553752
fake/2113,8089c9553752
fake/213,8089c9553752
fake/2140,8089c9553752
fake/2142,8089c9553752
fake/2147,8089c9553752
fake/2154,8089c9553752
fake/2156,8089c9553752
fake/2170,8089c9553752
fake/2195,8089c9553752
fake/2199,8089c9553752
fake/220,8089c9553752
fake/2211,8089c9553752
fake/2238,8089c9553752
fake/224,8089c9553752
fake/2242,8089c9553752
fake/229,8089c9553752
fake/2318,8089c9553752
fake/2323,8089c9553752
fake/234,8089c9553752
fake/2350,8089c9553752
fake/2356,8089c9553752
fake/2370,8089c9553752
fake/2381,8089c9553752
fake/2382,8089c9553752
fake/2390,8089c9553752
fake/240,8089c9553752
fake/241,8089c9553752
fake/2422,8089c9553752
fake/2427,8089c9553752
fake/2431,8089c9553752
fake/2437,8089c9553752
fake/2438,8089c9553752
fake/2448,8089c9553752
fake/2460,8089c9553752
fake/2467,8089c9553752
fake/2477,8089c9553752
fake/2478,8089c9553752
fake/2479,8089c9553752
fake/2496,8089c9553752
fake/2499,8089c9553752
fake/2513,8089c9553752
fake/2519,8089c9553752
fake/2536,8089c9553752
fake/254,8089c9553752
fake/2547,8089c9553752
fake/2548,8089c9553752
fake/2552,8089c9553752
fake/2566,8089c9553752
fake/2568,8089c9553752
fake/2569,8089c9553752
fake/2595,8089c9553752
fake/261,8089c9553752
fake/262,8089c9553752
fake/263,8089c9553752
fake/2669,8089c9553752
fake/2677,8089c9553752
fake/2707,8089c9553752
fake/271,8089c9553752
fake/2711,8089c9553752
fake/2714,8089c9553752
fake/2734,8089c9553752
fake/2756,8089c9553752
fake/2770,8089c9553752
fake/2771,8089c9553752
fake/2782,8089c9553752
fake/2790,8089c9553752
fake/2813,8089c9553752
fake/2815,8089c9553752
fake/2834,8089c9553752
fake/2845,8089c9553752
fake/2849,8089c9553752
fake/289,8089c9553752
fake/2897,8089c9553752
fake/2901,8089c9553752
fake/2903,8089c9553752
fake/2909,8089c9553752
fake/2941,8089c9553752
fake/2947,8089c9553752
fake/299,8089c9553752
fake/2996,8089c9553752
fake/2997,8089c9553752
fake/300,8089c9553752
fake/3001,8089c9553752
fake/302,8089c9553752
fake/3022,8089c9553752
fake/303,8089c9553752
fake/3037,8089c9553752
fake/3038,8089c9553752
fake/3039,8089c9553752
fake/305,8089c9553752
fake/3051,8089c9553752
fake/3052,8089c9553752
fake/3058,8089c9553752
fake/3075,8089c9553752
fake/3077,8089c9553752
fake/3078,8089c9553752
fake/308,8089c9553752
fake/310,8089c9553752
fake/3109,8089c9553752
fake/3115,8089c9553752
fake/3136,8089c9553752
fake/3147,8089c9553752
fake/3165,8089c9553752
fake/3179,8089c9553752
fake/3186,8089c9553752
fake/3191,8089c9553752
fake/3197,8089c9553752
fake/320,8089c9553752
fake/3200,8089c9553752
fake/3205,8089c9553752
fake/3210,8089c9553752
fake/3228,8089c9553752
fake/3229,8089c9553752
fake/323,8089c9553752
fake/3234,8089c9553752
fake/3239,8089c9553752
fake/3251,8089c9553752
fake/3255,8089c9553752
fake/3257,8089c9553752
fake/3258,8089c9553752
fake/3270,8089c9553752
fake/3273,8089c9553752
fake/3280,8089c9553752
fake/3299,8089c9553752
fake/3306,8089c9553752
fake/3308,8089c9553752
fake/3310,8089c9553752
fake/3311,8089c9553752
fake/3320,8089c9553752
fake/3323,8089c9553752
fake/333,8089c9553752
fake/3332,8089c9553752
fake/3335,8089c9553752
fake/3348,8089c9553752
fake/3353,8089c9553752
fake/3369,8089c9553752
fake/3374,8089c9553752
fake/3378,8089c9553752
fake/3384,8089c9553752
fake/3386,8089c9553752
fake/3387,8089c9553752
fake/339,8089c9553752
fake/3393,8089c9553752
fake/341,8089c9553752
fake/3413,8089c9553752
fake/3419,8089c9553752
fake/3425,8089c9553752
fake/3426,8089c9553752
fake/3429,8089c9553752
fake/3438,8089c9553752
fake/3439,8089c9553752
fake/3447,8089c9553752
fake/3450,8089c9553752
fake/3453,8089c9553752
fake/3468,8089c9553752
fake/3469,8089c9553752
fake/3475,8089c9553752
fake/3479,8089c9553752
fake/3485,8089c9553752
fake/3486,8089c9553752
fake/3490,8089c9553752
fake/3491,8089c9553752
fake/3492,8089c9553752
fake/3498,8089c9553752
fake/3502,8089c9553752
fake/3503,8089c9553752
fake/3515,8089c9553752
fake/3518,8089c9553752
fake/352,8089c9553752
fake/3521,8089c9553752
fake/3532,8089c9553752
fake/3537,8089c9553752
fake/3539,8089c9553752
fake/3544,8089c9553752
fake/3545,8089c9553752
fake/3550,8089c9553752
fake/3563,8089c9553752
fake/3565,8089c9553752
fake/3576,8089c9553752
fake/3589,8089c9553752
fake/3593,8089c9553752
fake/366,8089c9553752
fake/370,8089c9553752
fake/372,8089c9553752
fake/378,8089c9553752
fake/381,8089c9553752
fake/386,8089c9553752
fake/387,8089c9553752
fake/392,8089c9553752
fake/393,8089c9553752
fake/400,8089c9553752
fake/403,8089c9553752
fake/404,8089c9553752
fake/406,8089c9553752
fake/425,8089c9553752
fake/430,8089c9553752
fake/432,8089c9553752
fake/438,8089c9553752
fake/441,8089c9553752
fake/448,8089c9553752
fake/458,8089c9553752
fake/461,8089c9553752
fake/466,8089c9553752
fake/468,8089c9553752
fake/470,8089c9553752
fake/471,8089c9553752
fake/473,8089c9553752
fake/478,8089c9553752
fake/481,8089c9553752
fake/488,8089c9553752
fake/492,8089c9553752
fake/496,8089c9553752
fake/505,8089c9553752
fake/511,8089c9553752
fake/512,8089c9553752
fake/513,8089c9553752
fake/517,8089c9553752
fake/527,8089c9553752
fake/535,8089c9553752
fake/538,8089c9553752
fake/546,8089c9553752
fake/560,8089c9553752
fake/562,8089c9553752
fake/580,8089c9553752
fake/583,8089c9553752
fake/584,8089c9553752
fake/593,8089c9553752
fake/599,8089c9553752
fake/600,8089c9553752
fake/604,8089c9553752
fake/616,8089c9553752
fake/617,8089c9553752
fake/623,8089c9553752
fake/628,8089c9553752
fake/633,8089c9553752
fake/641,8089c9553752
fake/643,8089c9553752
fake/648,8089c9553752
fake/650,8089c9553752
fake/657,8089c9553752
fake/662,8089c9553752
fake/668,8089c9553752
fake/670,8089c9553752
fake/671,8089c9553752
fake/673,8089c9553752
fake/680,8089c9553752
fake/682,8089c9553752
fake/702,8089c9553752
fake/709,8089c9553752
fake/720,8089c9553752
fake/721,8089c9553752
fake/726,8089c9553752
fake/727,8089c9553752
fake/740,8089c9553752
fake/747,8089c9553752
fake/757,8089c9553752
fake/764,8089c9553752
fake/773,8089c9553752
fake/774,8089c9553752
fake/779,8089c9553752
fake/781,8089c9553752
fake/787,8089c9553752
fake/788,8089c9553752
fake/806,8089c9553752
fake/812,8089c9553752
fake/837,8089c9553752
fake/854,8089c9553752
fake/858,8089c9553752
fake/860,8089c9553752
fake/861,8089c9553752
fake/872,8089c9553752
fake/875,8089c9553752
fake/877,8089c9553752
fake/883,8089c9553752
fake/884,8089c9553752
fake/886,8089c9553752
fake/887,8089c9553752
fake/889,8089c9553752
fake/899,8089c9553752
fake/916,8089c9553752
fake/925,8089c9553752
fake/926,8089c9553752
fake/939,8089c9553752
fake/944,8089c9553752
fake/945,8089c9553752
fake/947,8089c9553752
fake/952,8089c9553752
fake/958,8089c9553752
fake/961,8089c9553752
fake/966,8089c9553752
fake/97,8089c9553752
fake/975,8089c9553752
true/1422,8089c9553752
true/1901,8089c9553752
true/2067,8089c9553752
true/213,8089c9553752
true/2394,8089c9553752
true/256,8089c9553752
true/258,8089c9553752
true/3152,8089c9553752
true/3257,8089c9553752
true/364,8089c9553752
true/438,8089c9553752
fake/1009,15553bd8f401
fake/1014,15553bd8f401
fake/1042,15553bd8f401
fake/1044,15553bd8f401
fake/1045,15553bd8f401
fake/109,15553bd8f401
fake/1094,15553bd8f401
fake/1104,15553bd8f401
fake/1112,15553bd8f401
fake/1134,15553bd8f401
fake/1144,15553bd8f401
fake/1165,15553bd8f401
fake/1174,15553bd8f401
fake/1215,15553bd8f401
fake/1217,15553bd8f401
fake/1221,15553bd8f401
fake/1232,15553bd8f401
fake/1244,15553bd8f401
fake/1249,15553bd8f401
fake/1263,15553bd8f401
fake/1269,15553bd8f401
fake/1289,15553bd8f401
fake/1323,15553bd8f401
fake/1340,15553bd8f401
fake/1403,15553bd8f401
fake/1417,15553bd8f401
fake/1418,15553bd8f401
fake/1453,15553bd8f401
fake/1486,15553bd8f401
fake/1497,15553bd8f401
fake/1506,15553bd8f401
fake/1518,15553bd8f401
fake/1520,15553bd8f401
fake/1528,15553bd8f401
fake/1529,15553bd8f401
fake/1549,15553bd8f401
fake/1551,15553bd8f401
fake/1553,15553bd8f401
fake/1557,15553bd8f401
fake/1572,15553bd8f401
fake/1576,15553bd8f401
fake/1586,15553bd8f401
fake/1587,15553bd8f401
fake/1589,15553bd8f401
fake/1599,15553bd8f401
fake/1604,15553bd8f401
fake/1614,15553bd8f401
fake/1616,15553bd8f401
fake/1618,15553bd8f401
fake/1624,15553bd8f401
fake/1628,15553bd8f401
fake/1637,15553bd8f401
fake/1638,15553bd8f401
fake/165,15553bd8f401
fake/1656,15553bd8f401
fake/1668,15553bd8f401
fake/1693,15553bd8f401
fake/1705,15553bd8f401
fake/1724,15553bd8f401
fake/1750,15553bd8f401
fake/1753,15553bd8f401
fake/1767,15553bd8f401
fake/1769,15553bd8f401
fake/1770,15553bd8f401
fake/1799,15553bd8f401
fake/1805,15553bd8f401
fake/1813,15553bd8f401
fake/1831,15553bd8f401
fake/1836,15553bd8f401
fake/184,15553bd8f401
fake/1840,15553bd8f401
fake/1861,15553bd8f401
fake/1887,15553bd8f401
fake/1891,15553bd8f401
fake/1899,15553bd8f401
fake/1908,15553bd8f401
fake/191,15553bd8f401
fake/1916,15553bd8f401
fake/1952,15553bd8f401
fake/1965,15553bd8f401
fake/1999,15553bd8f401
fake/2003,15553bd8f401
fake/2007,15553bd8f401
fake/2021,15553bd8f401
fake/2022,15553bd8f401
fake/2027,15553bd8f401
fake/2030,15553bd8f401
fake/2038,15553bd8f401
fake/2045,15553bd8f401
fake/2061,15553bd8f401
fake/2062,15553bd8f401
fake/2086,15553bd8f401
fake/2087,15553bd8f401
fake/2090,15553bd8f401
fake/2094,15553bd8f401
fake/21,15553bd8f401
fake/2111,15553bd8f401
fake/2125,15553bd8f401
fake/2133,15553bd8f401
fake/214,15553bd8f401
fake/2171,15553bd8f401
fake/2179,15553bd8f401
fake/2185,15553bd8f401
fake/2186,15553bd8f401
fake/2232,15553bd8f401
fake/2233,15553bd8f401
fake/2234,15553bd8f401
fake/2236,15553bd8f401
fake/2246,15553bd8f401
fake/2261,15553bd8f401
fake/2264,15553bd8f401
fake/2267,15553bd8f401
fake/2270,15553bd8f401
fake/2280,15553bd8f401
fake/2295,15553bd8f401
fake/2313,15553bd8f401
fake/2333,15553bd8f401
fake/2354,15553bd8f401
fake/2360,15553bd8f401
fake/2369,15553bd8f401
fake/2385,15553bd8f401
fake/2393,15553bd8f401
fake/2417,15553bd8f401
fake/2419,15553bd8f401
fake/2421,15553bd8f401
fake/243,15553bd8f401
fake/2432,15553bd8f401
fake/2434,15553bd8f401
fake/2435,15553bd8f401
fake/2442,15553bd8f401
fake/2464,15553bd8f401
fake/2465,15553bd8f401
fake/2469,15553bd8f401
fake/2472,15553bd8f401
fake/2475,15553bd8f401
fake/2480,15553bd8f401
fake/2495,15553bd8f401
fake/2526,15553bd8f401
fake/2539,15553bd8f401
fake/2559,15553bd8f401
fake/256,15553bd8f401
fake/2562,15553bd8f401
fake/2578,15553bd8f401
fake/2587,15553bd8f401
fake/2613,15553bd8f401
fake/2620,15553bd8f401
fake/2636,15553bd8f401
fake/2642,15553bd8f401
fake/2646,15553bd8f401
fake/2650,15553bd8f401
fake/2666,15553bd8f401
fake/267,15553bd8f401
fake/2671,15553bd8f401
fake/2680,15553bd8f401
fake/2709,15553bd8f401
fake/273,15553bd8f401
fake/2731,15553bd8f401
fake/2751,15553bd8f401
fake/2752,15553bd8f401
fake/2767,15553bd8f401
fake/2770,15553bd8f401
fake/2776,15553bd8f401
fake/2802,15553bd8f401
fake/2804,15553bd8f401
fake/2820,15553bd8f401
fake/2832,15553bd8f401
fake/2850,15553bd8f401
fake/2856,15553bd8f401
fake/2892,15553bd8f401
fake/292,15553bd8f401
fake/2933,15553bd8f401
fake/2934,15553bd8f401
fake/2948,15553bd8f401
fake/2969,15553bd8f401
fake/2974,15553bd8f401
fake/2977,15553bd8f401
fake/2979,15553bd8f401
fake/2986,15553bd8f401
fake/2988,15553bd8f401
fake/3029,15553bd8f401
fake/3040,15553bd8f401
fake/3046,15553bd8f401
fake/3049,15553bd8f401
fake/3053,15553bd8f401
fake/3060,15553bd8f401
fake/3062,15553bd8f401
fake/3067,15553bd8f401
fake/3068,15553bd8f401
fake/3082,15553bd8f401
fake/3100,15553bd8f401
fake/3109,15553bd8f401
fake/311,15553bd8f401
fake/3137,15553bd8f401
fake/3144,15553bd8f401
fake/3157,15553bd8f401
fake/3168,15553bd8f401
fake/317,15553bd8f401
fake/3207,15553bd8f401
fake/3225,15553bd8f401
fake/3235,15553bd8f401
fake/3242,15553bd8f401
fake/3246,15553bd8f401
fake/3249,15553bd8f401
fake/3252,15553bd8f401
fake/3278,15553bd8f401
fake/3285,15553bd8f401
fake/329,15553bd8f401
fake/3298,15553bd8f401
fake/3301,15553bd8f401
fake/3304,15553bd8f401
fake/3305,15553bd8f401
fake/3328,15553bd8f401
fake/334,15553bd8f401
fake/3360,15553bd8f401
fake/338,15553bd8f401
fake/339,15553bd8f401
fake/3396,15553bd8f401
fake/3412,15553bd8f401
fake/3417,15553bd8f401
fake/3431,15553bd8f401
fake/345,15553bd8f401
fake/3459,15553bd8f401
fake/3472,15553bd8f401
fake/348,15553bd8f401
fake/3514,15553bd8f401
fake/353,15553bd8f401
fake/3537,15553bd8f401
fake/3538,15553bd8f401
fake/3546,15553bd8f401
fake/3547,15553bd8f401
fake/355,15553bd8f401
fake/3566,15553bd8f401
fake/3575,15553bd8f401
fake/3579,15553bd8f401
fake/3585,15553bd8f401
fake/3588,15553bd8f401
fake/3602,15553bd8f401
fake/366,15553bd8f401
fake/403,15553bd8f401
fake/412,15553bd8f401
fake/417,15553bd8f401
fake/418,15553bd8f401
fake/43,15553bd8f401
fake/433,15553bd8f401
fake/440,15553bd8f401
fake/450,15553bd8f401
fake/467,15553bd8f401
fake/469,15553bd8f401
fake/47,15553bd8f401
fake/477,15553bd8f401
fake/487,15553bd8f401
fake/490,15553bd8f401
fake/504,15553bd8f401
fake/508,15553bd8f401
fake/515,15553bd8f401
fake/519,15553bd8f401
fake/529,15553bd8f401
fake/554,15553bd8f401
fake/575,15553bd8f401
fake/582,15553bd8f401
fake/595,15553bd8f401
fake/598,15553bd8f401
fake/603,15553bd8f401
fake/634,15553bd8f401
fake/635,15553bd8f401
fake/647,15553bd8f401
fake/660,15553bd8f401
fake/665,15553bd8f401
fake/681,15553bd8f401
fake/682,15553bd8f401
fake/689,15553bd8f401
fake/711,15553bd8f401
fake/731,15553bd8f401
fake/743,15553bd8f401
fake/749,15553bd8f401
fake/758,15553bd8f401
fake/761,15553bd8f401
fake/771,15553bd8f401
fake/798,15553bd8f401
fake/809,15553bd8f401
fake/821,15553bd8f401
fake/832,15553bd8f401
fake/860,15553bd8f401
fake/889,15553bd8f401
fake/899,15553bd8f401
fake/905,15553bd8f401
fake/910,15553bd8f401
fake/914,15553bd8f401
fake/922,15553bd8f401
fake/931,15553bd8f401
fake/936,15553bd8f401
fake/951,15553bd8f401
fake/970,15553bd8f401
fake/972,15553bd8f401
fake/989,15553bd8f401
true/1025,15553bd8f401
true/1030,15553bd8f401
true/1039,15553bd8f401
true/1044,15553bd8f401
true/1045,15553bd8f401
true/1049,15553bd8f401
true/1053,15553bd8f401
true/1062,15553bd8f401
true/1073,15553bd8f401
true/1121,15553bd8f401
true/1156,15553bd8f401
true/1175,15553bd8f401
true/1210,15553bd8f401
true/1244,15553bd8f401
true/1289,15553bd8f401
true/1331,15553bd8f401
true/1338,15553bd8f401
true/1493,15553bd8f401
true/1549,15553bd8f401
true/1568,15553bd8f401
true/1570,15553bd8f401
true/160,15553bd8f401
true/1631,15553bd8f401
true/1633,15553bd8f401
true/1647,15553bd8f401
true/1660,15553bd8f401
true/1673,15553bd8f401
true/1677,15553bd8f401
true/1678,15553bd8f401
true/1679,15553bd8f401
true/1690,15553bd8f401
true/170,15553bd8f401
true/1711,15553bd8f401
true/1741,15553bd8f401
true/1749,15553bd8f401
true/1756,15553bd8f401
true/176,15553bd8f401
true/1767,15553bd8f401
true/1768,15553bd8f401
true/1772,15553bd8f401
true/1796,15553bd8f401
true/1799,15553bd8f401
true/181,15553bd8f401
true/183,15553bd8f401
true/1837,15553bd8f401
true/184,15553bd8f401
true/1860,15553bd8f401
true/1897,15553bd8f401
true/191,15553bd8f401
true/1911,15553bd8f401
true/1937,15553bd8f401
true/1958,15553bd8f401
true/1968,15553bd8f401
true/1971,15553bd8f401
true/2010,15553bd8f401
true/2051,15553bd8f401
true/2086,15553bd8f401
true/2089,15553bd8f401
true/209,15553bd8f401
true/21,15553bd8f401
true/2106,15553bd8f401
true/2111,15553bd8f401
true/213,15553bd8f401
true/2146,15553bd8f401
true/2156,15553bd8f401
true/2166,15553bd8f401
true/2173,15553bd8f401
true/2176,15553bd8f401
true/2228,15553bd8f401
true/2233,15553bd8f401
true/2240,15553bd8f401
true/2241,15553bd8f401
true/2257,15553bd8f401
true/2268,15553bd8f401
true/2280,15553bd8f401
true/2289,15553bd8f401
true/2314,15553bd8f401
true/2350,15553bd8f401
true/2354,15553bd8f401
true/2383,15553bd8f401
true/2427,15553bd8f401
true/2429,15553bd8f401
true/243,15553bd8f401
true/2434,15553bd8f401
true/2437,15553bd8f401
true/2455,15553bd8f401
true/2472,15553bd8f401
true/25,15553bd8f401
true/2562,15553bd8f401
true/2603,15553bd8f401
true/262,15553bd8f401
true/2699,15553bd8f401
true/2702,15553bd8f401
true/2707,15553bd8f401
true/2815,15553bd8f401
true/2875,15553bd8f401
true/2959,15553bd8f401
true/2968,15553bd8f401
true/2979,15553bd8f401
true/2984,15553bd8f401
true/3055,15553bd8f401
true/3067,15553bd8f401
true/3117,15553bd8f401
true/316,15553bd8f401
true/3183,15553bd8f401
true/3191,15553bd8f401
true/3212,15553bd8f401
true/3233,15553bd8f401
true/3234,15553bd8f401
true/3298,15553bd8f401
true/3301,15553bd8f401
true/3374,15553bd8f401
true/3390,15553bd8f401
true/3409,15553bd8f401
true/341,15553bd8f401
true/3410,15553bd8f401
true/3459,15553bd8f401
true/3460,15553bd8f401
true/3485,15553bd8f401
true/3490,15553bd8f401
true/3492,15553bd8f401
true/3521,15553bd8f401
true/353,15553bd8f401
true/3531,15553bd8f401
true/3547,15553bd8f401
true/3552,15553bd8f401
true/3563,15553bd8f401
true/3567,15553bd8f401
true/3596,15553bd8f401
true/380,15553bd8f401
true/383,15553bd8f401
true/411,15553bd8f401
true/414,15553bd8f401
true/432,15553bd8f401
true/436,15553bd8f401
true/465,15553bd8f401
true/504,15553bd8f401
true/546,15553bd8f401
true/559,15553bd8f401
true/566,15553bd8f401
true/58,15553bd8f401
true/583,15553bd8f401
true/598,15553bd8f401
true/62,15553bd8f401
true/636,15553bd8f401
true/662,15553bd8f401
true/685,15553bd8f401
true/686,15553bd8f401
true/696,15553bd8f401
true/707,15553bd8f401
true/709,15553bd8f401
true/731,15553bd8f401
true/758,15553bd8f401
true/812,15553bd8f401
true/884,15553bd8f401
true/889,15553bd8f401
true/899,15553bd8f401
true/918,15553bd8f401
true/921,15553bd8f401
true/925,15553bd8f401
true/939,15553bd8f401
true/952,15553bd8f401
true/960,15553bd8f401
true/999,15553bd8f401
fake/1030,d6124cde1930
fake/1034,d6124cde1930
fake/1042,d6124cde1930
fake/1044,d6124cde1930
fake/1083,d6124cde1930
fake/109,d6124cde1930
fake/114,d6124cde1930
fake/1175,d6124cde1930
fake/119,d6124cde1930
fake/1196,d6124cde1930
fake/1215,d6124cde1930
fake/1232,d6124cde1930
fake/1244,d6124cde1930
fake/1249,d6124cde1930
fake/125,d6124cde1930
fake/1263,d6124cde1930
fake/1278,d6124cde1930
fake/1289,d6124cde1930
fake/131,d6124cde1930
fake/1354,d6124cde1930
fake/1403,d6124cde1930
fake/1418,d6124cde1930
fake/1422,d6124cde1930
fake/144,d6124cde1930
fake/1448,d6124cde1930
fake/1453,d6124cde1930
fake/146,d6124cde1930
fake/1486,d6124cde1930
fake/1497,d6124cde1930
fake/1506,d6124cde1930
fake/1518,d6124cde1930
fake/1520,d6124cde1930
fake/1528,d6124cde1930
fake/1529,d6124cde1930
fake/1549,d6124cde1930
fake/156,d6124cde1930
fake/1576,d6124cde1930
fake/1589,d6124cde1930
fake/159,d6124cde1930
fake/1599,d6124cde1930
fake/1614,d6124cde1930
fake/1616,d6124cde1930
fake/1618,d6124cde1930
fake/1624,d6124cde1930
fake/1628,d6124cde1930
fake/1637,d6124cde1930
fake/1638,d6124cde1930
fake/165,d6124cde1930
fake/1668,d6124cde1930
fake/1693,d6124cde1930
fake/1695,d6124cde1930
fake/1705,d6124cde1930
fake/1721,d6124cde1930
fake/1754,d6124cde1930
fake/1758,d6124cde1930
fake/1767,d6124cde1930
fake/1769,d6124cde1930
fake/1770,d6124cde1930
fake/1790,d6124cde1930
fake/1799,d6124cde1930
fake/1805,d6124cde1930
fake/1813,d6124cde1930
fake/1831,d6124cde1930
fake/1835,d6124cde1930
fake/1836,d6124cde1930
fake/184,d6124cde1930
fake/1840,d6124cde1930
fake/186,d6124cde1930
fake/1861,d6124cde1930
fake/1887,d6124cde1930
fake/189,d6124cde1930
fake/1891,d6124cde1930
fake/1896,d6124cde1930
fake/1899,d6124cde1930
fake/1907,d6124cde1930
fake/191,d6124cde1930
fake/1916,d6124cde1930
fake/1936,d6124cde1930
fake/2002,d6124cde1930
fake/2003,d6124cde1930
fake/2007,d6124cde1930
fake/2010,d6124cde1930
fake/2021,d6124cde1930
fake/2027,d6124cde1930
fake/2030,d6124cde1930
fake/2057,d6124cde1930
fake/2063,d6124cde1930
fake/2086,d6124cde1930
fake/2087,d6124cde1930
fake/21,d6124cde1930
fake/211,d6124cde1930
fake/2111,d6124cde1930
fake/2120,d6124cde1930
fake/2125,d6124cde1930
fake/2149,d6124cde1930
fake/2179,d6124cde1930
fake/2185,d6124cde1930
fake/2186,d6124cde1930
fake/219,d6124cde1930
fake/2222,d6124cde1930
fake/2233,d6124cde1930
fake/2234,d6124cde1930
fake/2236,d6124cde1930
fake/2245,d6124cde1930
fake/2246,d6124cde1930
fake/2249,d6124cde1930
fake/2261,d6124cde1930
fake/2267,d6124cde1930
fake/2270,d6124cde1930
fake/2280,d6124cde1930
fake/230,d6124cde1930
fake/2313,d6124cde1930
fake/2320,d6124cde1930
fake/2326,d6124cde1930
fake/2328,d6124cde1930
fake/2342,d6124cde1930
fake/2352,d6124cde1930
fake/2354,d6124cde1930
fake/2360,d6124cde1930
fake/2369,d6124cde1930
fake/2385,d6124cde1930
fake/2393,d6124cde1930
fake/2406,d6124cde1930
fake/2428,d6124cde1930
fake/243,d6124cde1930
fake/2432,d6124cde1930
fake/2435,d6124cde1930
fake/2439,d6124cde1930
fake/2442,d6124cde1930
fake/246,d6124cde1930
fake/2464,d6124cde1930
fake/2472,d6124cde1930
fake/2475,d6124cde1930
fake/2495,d6124cde1930
fake/2505,d6124cde1930
fake/2533,d6124cde1930
fake/2539,d6124cde1930
fake/2558,d6124cde1930
fake/2559,d6124cde1930
fake/256,d6124cde1930
fake/2562,d6124cde1930
fake/2575,d6124cde1930
fake/2578,d6124cde1930
fake/258,d6124cde1930
fake/2587,d6124cde1930
fake/2588,d6124cde1930
fake/2598,d6124cde1930
fake/260,d6124cde1930
fake/2613,d6124cde1930
fake/2620,d6124cde1930
fake/2636,d6124cde1930
fake/2642,d6124cde1930
fake/2666,d6124cde1930
fake/267,d6124cde1930
fake/2671,d6124cde1930
fake/2709,d6124cde1930
fake/2731,d6124cde1930
fake/2751,d6124cde1930
fake/2767,d6124cde1930
fake/2776,d6124cde1930
fake/279,d6124cde1930
fake/2802,d6124cde1930
fake/2804,d6124cde1930
fake/2820,d6124cde1930
fake/2822,d6124cde1930
fake/2829,d6124cde1930
fake/2832,d6124cde1930
fake/2850,d6124cde1930
fake/2856,d6124cde1930
fake/2887,d6124cde1930
fake/2892,d6124cde1930
fake/2899,d6124cde1930
fake/2915,d6124cde1930
fake/292,d6124cde1930
fake/2933,d6124cde1930
fake/2934,d6124cde1930
fake/2969,d6124cde1930
fake/2977,d6124cde1930
fake/2979,d6124cde1930
fake/2986,d6124cde1930
fake/2988,d6124cde1930
fake/3029,d6124cde1930
fake/3040,d6124cde1930
fake/3045,d6124cde1930
fake/3049,d6124cde1930
fake/3060,d6124cde1930
fake/3062,d6124cde1930
fake/3064,d6124cde1930
fake/3067,d6124cde1930
fake/3068,d6124cde1930
fake/3079,d6124cde1930
fake/3080,d6124cde1930
fake/3082,d6124cde1930
fake/3100,d6124cde1930
fake/3101,d6124cde1930
fake/3112,d6124cde1930
fake/3137,d6124cde1930
fake/3144,d6124cde1930
fake/3146,d6124cde1930
fake/3157,d6124cde1930
fake/3168,d6124cde1930
fake/3221,d6124cde1930
fake/3225,d6124cde1930
fake/3235,d6124cde1930
fake/3246,d6124cde1930
fake/3252,d6124cde1930
fake/3264,d6124cde1930
fake/3278,d6124cde1930
fake/3281,d6124cde1930
fake/3285,d6124cde1930
fake/3298,d6124cde1930
fake/3305,d6124cde1930
fake/3315,d6124cde1930
fake/3328,d6124cde1930
fake/3360,d6124cde1930
fake/3362,d6124cde1930
fake/338,d6124cde1930
fake/3396,d6124cde1930
fake/3397,d6124cde1930
fake/3417,d6124cde1930
fake/342,d6124cde1930
fake/3420,d6124cde1930
fake/3436,d6124cde1930
fake/345,d6124cde1930
fake/3472,d6124cde1930
fake/348,d6124cde1930
fake/353,d6124cde1930
fake/3538,d6124cde1930
fake/3546,d6124cde1930
fake/3547,d6124cde1930
fake/355,d6124cde1930
fake/3566,d6124cde1930
fake/3575,d6124cde1930
fake/3588,d6124cde1930
fake/3602,d6124cde1930
fake/394,d6124cde1930
fake/412,d6124cde1930
fake/417,d6124cde1930
fake/418,d6124cde1930
fake/43,d6124cde1930
fake/433,d6124cde1930
fake/469,d6124cde1930
fake/47,d6124cde1930
fake/487,d6124cde1930
fake/49,d6124cde1930
fake/490,d6124cde1930
fake/504,d6124cde1930
fake/508,d6124cde1930
fake/529,d6124cde1930
fake/549,d6124cde1930
fake/554,d6124cde1930
fake/575,d6124cde1930
fake/582,d6124cde1930
fake/634,d6124cde1930
fake/635,d6124cde1930
fake/660,d6124cde1930
fake/665,d6124cde1930
fake/677,d6124cde1930
fake/681,d6124cde1930
fake/711,d6124cde1930
fake/72,d6124cde1930
fake/731,d6124cde1930
fake/743,d6124cde1930
fake/749,d6124cde1930
fake/76,d6124cde1930
fake/775,d6124cde1930
fake/798,d6124cde1930
fake/821,d6124cde1930
fake/843,d6124cde1930
fake/890,d6124cde1930
fake/9,d6124cde1930
fake/922,d6124cde1930
fake/931,d6124cde1930
fake/936,d6124cde1930
fake/972,d6124cde1930
fake/982,d6124cde1930
true/1025,d6124cde1930
true/1028,d6124cde1930
true/1030,d6124cde1930
true/1044,d6124cde1930
true/1053,d6124cde1930
true/1073,d6124cde1930
true/1084,d6124cde1930
true/1119,d6124cde1930
true/1121,d6124cde1930
true/1128,d6124cde1930
true/1210,d6124cde1930
true/1244,d6124cde1930
true/1289,d6124cde1930
true/1331,d6124cde1930
true/1338,d6124cde1930
true/1365,d6124cde1930
true/1397,d6124cde1930
true/1448,d6124cde1930
true/1493,d6124cde1930
true/1549,d6124cde1930
true/1570,d6124cde1930
true/1579,d6124cde1930
true/160,d6124cde1930
true/1631,d6124cde1930
true/1633,d6124cde1930
true/1635,d6124cde1930
true/1647,d6124cde1930
true/1673,d6124cde1930
true/1677,d6124cde1930
true/1679,d6124cde1930
true/1690,d6124cde1930
true/170,d6124cde1930
true/1741,d6124cde1930
true/1749,d6124cde1930
true/1754,d6124cde1930
true/1756,d6124cde1930
true/1767,d6124cde1930
true/1768,d6124cde1930
true/1772,d6124cde1930
true/1796,d6124cde1930
true/1799,d6124cde1930
true/181,d6124cde1930
true/183,d6124cde1930
true/1835,d6124cde1930
true/184,d6124cde1930
true/1848,d6124cde1930
true/1860,d6124cde1930
true/1897,d6124cde1930
true/191,d6124cde1930
true/1916,d6124cde1930
true/192,d6124cde1930
true/1937,d6124cde1930
true/1968,d6124cde1930
true/1996,d6124cde1930
true/2009,d6124cde1930
true/2010,d6124cde1930
true/2027,d6124cde1930
true/2051,d6124cde1930
true/2089,d6124cde1930
true/209,d6124cde1930
true/2090,d6124cde1930
true/2095,d6124cde1930
true/21,d6124cde1930
true/2106,d6124cde1930
true/2111,d6124cde1930
true/2146,d6124cde1930
true/2156,d6124cde1930
true/2166,d6124cde1930
true/2176,d6124cde1930
true/2228,d6124cde1930
true/2240,d6124cde1930
true/2241,d6124cde1930
true/2268,d6124cde1930
true/2336,d6124cde1930
true/2351,d6124cde1930
true/2354,d6124cde1930
true/237,d6124cde1930
true/2383,d6124cde1930
true/2427,d6124cde1930
true/2429,d6124cde1930
true/243,d6124cde1930
true/2437,d6124cde1930
true/2442,d6124cde1930
true/2455,d6124cde1930
true/2472,d6124cde1930
true/25,d6124cde1930
true/251,d6124cde1930
true/2562,d6124cde1930
true/2582,d6124cde1930
true/2599,d6124cde1930
true/2614,d6124cde1930
true/262,d6124cde1930
true/2699,d6124cde1930
true/2707,d6124cde1930
true/271,d6124cde1930
true/274,d6124cde1930
true/2782,d6124cde1930
true/2815,d6124cde1930
true/2850,d6124cde1930
true/2875,d6124cde1930
true/2891,d6124cde1930
true/2927,d6124cde1930
true/2959,d6124cde1930
true/2968,d6124cde1930
true/2977,d6124cde1930
true/2979,d6124cde1930
true/3055,d6124cde1930
true/3067,d6124cde1930
true/3074,d6124cde1930
true/3075,d6124cde1930
true/3080,d6124cde1930
true/3100,d6124cde1930
true/3117,d6124cde1930
true/3129,d6124cde1930
true/316,d6124cde1930
true/3183,d6124cde1930
true/3191,d6124cde1930
true/3212,d6124cde1930
true/3233,d6124cde1930
true/3235,d6124cde1930
true/3281,d6124cde1930
true/3284,d6124cde1930
true/3298,d6124cde1930
true/3301,d6124cde1930
true/3325,d6124cde1930
true/338,d6124cde1930
true/3390,d6124cde1930
true/3392,d6124cde1930
true/341,d6124cde1930
true/3410,d6124cde1930
true/3459,d6124cde1930
true/3485,d6124cde1930
true/3490,d6124cde1930
true/3503,d6124cde1930
true/3531,d6124cde1930
true/3552,d6124cde1930
true/3563,d6124cde1930
true/3567,d6124cde1930
true/3596,d6124cde1930
true/380,d6124cde1930
true/394,d6124cde1930
true/411,d6124cde1930
true/432,d6124cde1930
true/436,d6124cde1930
true/465,d6124cde1930
true/504,d6124cde1930
true/508,d6124cde1930
true/522,d6124cde1930
true/544,d6124cde1930
true/546,d6124cde1930
true/559,d6124cde1930
true/562,d6124cde1930
true/58,d6124cde1930
true/583,d6124cde1930
true/598,d6124cde1930
true/62,d6124cde1930
true/662,d6124cde1930
true/670,d6124cde1930
true/677,d6124cde1930
true/686,d6124cde1930
true/696,d6124cde1930
true/699,d6124cde1930
true/709,d6124cde1930
true/731,d6124cde1930
true/734,d6124cde1930
true/739,d6124cde1930
true/758,d6124cde1930
true/884,d6124cde1930
true/889,d6124cde1930
true/89,d6124cde1930
true/921,d6124cde1930
true/922,d6124cde1930
true/925,d6124cde1930
true/939,d6124cde1930
true/952,d6124cde1930
true/961,d6124cde1930
true/985,d6124cde1930
true/991,d6124cde1930
true/999,d6124cde1930
fake/1008,45319f3f5de0
fake/1009,45319f3f5de0
fake/1010,45319f3f5de0
fake/1013,45319f3f5de0
fake/1014,45319f3f5de0
fake/1033,45319f3f5de0
fake/1042,45319f3f5de0
fake/1044,45319f3f5de0
fake/1045,45319f3f5de0
fake/1047,45319f3f5de0
fake/1048,45319f3f5de0
fake/1055,45319f3f5de0
fake/1075,45319f3f5de0
fake/1080,45319f3f5de0
fake/1087,45319f3f5de0
fake/1094,45319f3f5de0
fake/1096,45319f3f5de0
fake/1104,45319f3f5de0
fake/1112,45319f3f5de0
fake/1114,45319f3f5de0
fake/1118,45319f3f5de0
fake/1119,45319f3f5de0
fake/1134,45319f3f5de0
fake/1144,45319f3f5de0
fake/1149,45319f3f5de0
fake/1165,45319f3f5de0
fake/1174,45319f3f5de0
fake/1183,45319f3f5de0
fake/1215,45319f3f5de0
fake/1217,45319f3f5de0
fake/1221,45319f3f5de0
fake/1241,45319f3f5de0
fake/1242,45319f3f5de0
fake/1244,45319f3f5de0
fake/1253,45319f3f5de0
fake/1263,45319f3f5de0
fake/1267,45319f3f5de0
fake/1269,45319f3f5de0
fake/1279,45319f3f5de0
fake/1283,45319f3f5de0
fake/1302,45319f3f5de0
fake/1323,45319f3f5de0
fake/1340,45319f3f5de0
fake/1397,45319f3f5de0
fake/1417,45319f3f5de0
fake/1418,45319f3f5de0
fake/1449,45319f3f5de0
fake/1457,45319f3f5de0
fake/1470,45319f3f5de0
fake/1488,45319f3f5de0
fake/1491,45319f3f5de0
fake/1506,45319f3f5de0
fake/1531,45319f3f5de0
fake/1553,45319f3f5de0
fake/1557,45319f3f5de0
fake/1563,45319f3f5de0
fake/1570,45319f3f5de0
fake/1572,45319f3f5de0
fake/1586,45319f3f5de0
fake/1587,45319f3f5de0
fake/1628,45319f3f5de0
fake/1637,45319f3f5de0
fake/1638,45319f3f5de0
fake/1644,45319f3f5de0
fake/1647,45319f3f5de0
fake/1656,45319f3f5de0
fake/1662,45319f3f5de0
fake/1666,45319f3f5de0
fake/1668,45319f3f5de0
fake/1671,45319f3f5de0
fake/1701,45319f3f5de0
fake/1704,45319f3f5de0
fake/1709,45319f3f5de0
fake/1750,45319f3f5de0
fake/1753,45319f3f5de0
fake/1765,45319f3f5de0
fake/1767,45319f3f5de0
fake/1784,45319f3f5de0
fake/1811,45319f3f5de0
fake/1816,45319f3f5de0
fake/1838,45319f3f5de0
fake/1840,45319f3f5de0
fake/1841,45319f3f5de0
fake/1861,45319f3f5de0
fake/1889,45319f3f5de0
fake/1908,45319f3f5de0
fake/191,45319f3f5de0
fake/1916,45319f3f5de0
fake/1934,45319f3f5de0
fake/1947,45319f3f5de0
fake/1952,45319f3f5de0
fake/1956,45319f3f5de0
fake/1966,45319f3f5de0
fake/1984,45319f3f5de0
fake/1999,45319f3f5de0
fake/2003,45319f3f5de0
fake/2022,45319f3f5de0
fake/2038,45319f3f5de0
fake/2045,45319f3f5de0
fake/2061,45319f3f5de0
fake/2062,45319f3f5de0
fake/2094,45319f3f5de0
fake/2111,45319f3f5de0
fake/2125,45319f3f5de0
fake/2133,45319f3f5de0
fake/2154,45319f3f5de0
fake/2160,45319f3f5de0
fake/2171,45319f3f5de0
fake/2209,45319f3f5de0
fake/2232,45319f3f5de0
fake/2233,45319f3f5de0
fake/2236,45319f3f5de0
fake/2237,45319f3f5de0
fake/2238,45319f3f5de0
fake/2261,45319f3f5de0
fake/2264,45319f3f5de0
fake/2295,45319f3f5de0
fake/2313,45319f3f5de0
fake/2318,45319f3f5de0
fake/2323,45319f3f5de0
fake/2333,45319f3f5de0
fake/2350,45319f3f5de0
fake/2370,45319f3f5de0
fake/2381,45319f3f5de0
fake/2392,45319f3f5de0
fake/2417,45319f3f5de0
fake/2419,45319f3f5de0
fake/2421,45319f3f5de0
fake/2432,45319f3f5de0
fake/2434,45319f3f5de0
fake/2435,45319f3f5de0
fake/2436,45319f3f5de0
fake/2442,45319f3f5de0
fake/2444,45319f3f5de0
fake/2469,45319f3f5de0
fake/2477,45319f3f5de0
fake/2478,45319f3f5de0
fake/2480,45319f3f5de0
fake/2513,45319f3f5de0
fake/2547,45319f3f5de0
fake/2562,45319f3f5de0
fake/2567,45319f3f5de0
fake/2570,45319f3f5de0
fake/2620,45319f3f5de0
fake/2623,45319f3f5de0
fake/2635,45319f3f5de0
fake/2645,45319f3f5de0
fake/2646,45319f3f5de0
fake/2650,45319f3f5de0
fake/2666,45319f3f5de0
fake/2669,45319f3f5de0
fake/2671,45319f3f5de0
fake/2680,45319f3f5de0
fake/273,45319f3f5de0
fake/2752,45319f3f5de0
fake/2756,45319f3f5de0
fake/2757,45319f3f5de0
fake/2767,45319f3f5de0
fake/2770,45319f3f5de0
fake/280,45319f3f5de0
fake/2820,45319f3f5de0
fake/2832,45319f3f5de0
fake/2845,45319f3f5de0
fake/2892,45319f3f5de0
fake/2896,45319f3f5de0
fake/2903,45319f3f5de0
fake/2906,45319f3f5de0
fake/2933,45319f3f5de0
fake/2948,45319f3f5de0
fake/2974,45319f3f5de0
fake/2977,45319f3f5de0
fake/2986,45319f3f5de0
fake/2988,45319f3f5de0
fake/3046,45319f3f5de0
fake/3053,45319f3f5de0
fake/306,45319f3f5de0
fake/3060,45319f3f5de0
fake/3075,45319f3f5de0
fake/3082,45319f3f5de0
fake/3109,45319f3f5de0
fake/311,45319f3f5de0
fake/3137,45319f3f5de0
fake/3168,45319f3f5de0
fake/317,45319f3f5de0
fake/3207,45319f3f5de0
fake/3242,45319f3f5de0
fake/3246,45319f3f5de0
fake/3248,45319f3f5de0
fake/3249,45319f3f5de0
fake/3252,45319f3f5de0
fake/3253,45319f3f5de0
fake/326,45319f3f5de0
fake/329,45319f3f5de0
fake/3297,45319f3f5de0
fake/3298,45319f3f5de0
fake/3301,45319f3f5de0
fake/3304,45319f3f5de0
fake/3306,45319f3f5de0
fake/3310,45319f3f5de0
fake/3328,45319f3f5de0
fake/334,45319f3f5de0
fake/3348,45319f3f5de0
fake/3360,45319f3f5de0
fake/3374,45319f3f5de0
fake/3384,45319f3f5de0
fake/339,45319f3f5de0
fake/3396,45319f3f5de0
fake/3412,45319f3f5de0
fake/3431,45319f3f5de0
fake/3439,45319f3f5de0
fake/3441,45319f3f5de0
fake/345,45319f3f5de0
fake/3453,45319f3f5de0
fake/3459,45319f3f5de0
fake/3514,45319f3f5de0
fake/3532,45319f3f5de0
fake/3536,45319f3f5de0
fake/3537,45319f3f5de0
fake/3539,45319f3f5de0
fake/3546,45319f3f5de0
fake/355,45319f3f5de0
fake/3550,45319f3f5de0
fake/3565,45319f3f5de0
fake/3579,45319f3f5de0
fake/3585,45319f3f5de0
fake/3588,45319f3f5de0
fake/3602,45319f3f5de0
fake/366,45319f3f5de0
fake/379,45319f3f5de0
fake/383,45319f3f5de0
fake/386,45319f3f5de0
fake/403,45319f3f5de0
fake/404,45319f3f5de0
fake/412,45319f3f5de0
fake/418,45319f3f5de0
fake/426,45319f3f5de0
fake/433,45319f3f5de0
fake/440,45319f3f5de0
fake/448,45319f3f5de0
fake/450,45319f3f5de0
fake/466,45319f3f5de0
fake/467,45319f3f5de0
fake/468,45319f3f5de0
fake/469,45319f3f5de0
fake/47,45319f3f5de0
fake/477,45319f3f5de0
fake/487,45319f3f5de0
fake/495,45319f3f5de0
fake/496,45319f3f5de0
fake/504,45319f3f5de0
fake/508,45319f3f5de0
fake/515,45319f3f5de0
fake/519,45319f3f5de0
fake/527,45319f3f5de0
fake/529,45319f3f5de0
fake/531,45319f3f5de0
fake/532,45319f3f5de0
fake/562,45319f3f5de0
fake/563,45319f3f5de0
fake/575,45319f3f5de0
fake/584,45319f3f5de0
fake/595,45319f3f5de0
fake/603,45319f3f5de0
fake/626,45319f3f5de0
fake/634,45319f3f5de0
fake/635,45319f3f5de0
fake/637,45319f3f5de0
fake/645,45319f3f5de0
fake/650,45319f3f5de0
fake/660,45319f3f5de0
fake/661,45319f3f5de0
fake/665,45319f3f5de0
fake/682,45319f3f5de0
fake/686,45319f3f5de0
fake/687,45319f3f5de0
fake/689,45319f3f5de0
fake/740,45319f3f5de0
fake/743,45319f3f5de0
fake/747,45319f3f5de0
fake/758,45319f3f5de0
fake/761,45319f3f5de0
fake/771,45319f3f5de0
fake/774,45319f3f5de0
fake/798,45319f3f5de0
fake/800,45319f3f5de0
fake/809,45319f3f5de0
fake/832,45319f3f5de0
fake/858,45319f3f5de0
fake/860,45319f3f5de0
fake/876,45319f3f5de0
fake/889,45319f3f5de0
fake/892,45319f3f5de0
fake/899,45319f3f5de0
fake/905,45319f3f5de0
fake/910,45319f3f5de0
fake/913,45319f3f5de0
fake/914,45319f3f5de0
fake/922,45319f3f5de0
fake/931,45319f3f5de0
fake/936,45319f3f5de0
fake/945,45319f3f5de0
fake/947,45319f3f5de0
fake/951,45319f3f5de0
fake/957,45319f3f5de0
fake/959,45319f3f5de0
fake/961,45319f3f5de0
fake/968,45319f3f5de0
fake/970,45319f3f5de0
fake/972,45319f3f5de0
fake/989,45319f3f5de0
fake/997,45319f3f5de0
true/1030,45319f3f5de0
true/1039,45319f3f5de0
true/1045,45319f3f5de0
true/1049,45319f3f5de0
true/1062,45319f3f5de0
true/1080,45319f3f5de0
true/1156,45319f3f5de0
true/1210,45319f3f5de0
true/1442,45319f3f5de0
true/1493,45319f3f5de0
true/1505,45319f3f5de0
true/151,45319f3f5de0
true/1526,45319f3f5de0
true/1566,45319f3f5de0
true/1568,45319f3f5de0
true/160,45319f3f5de0
true/1631,45319f3f5de0
true/1682,45319f3f5de0
true/1690,45319f3f5de0
true/170,45319f3f5de0
true/1711,45319f3f5de0
true/1718,45319f3f5de0
true/1756,45319f3f5de0
true/176,45319f3f5de0
true/1768,45319f3f5de0
true/1779,45319f3f5de0
true/1806,45319f3f5de0
true/1837,45319f3f5de0
true/1840,45319f3f5de0
true/1896,45319f3f5de0
true/1911,45319f3f5de0
true/1937,45319f3f5de0
true/1971,45319f3f5de0
true/1997,45319f3f5de0
true/2001,45319f3f5de0
true/2020,45319f3f5de0
true/2086,45319f3f5de0
true/2089,45319f3f5de0
true/209,45319f3f5de0
true/213,45319f3f5de0
true/2144,45319f3f5de0
true/2166,45319f3f5de0
true/2173,45319f3f5de0
true/2233,45319f3f5de0
true/2257,45319f3f5de0
true/2268,45319f3f5de0
true/2278,45319f3f5de0
true/2280,45319f3f5de0
true/2289,45319f3f5de0
true/2350,45319f3f5de0
true/2383,45319f3f5de0
true/2387,45319f3f5de0
true/2401,45319f3f5de0
true/2422,45319f3f5de0
true/2434,45319f3f5de0
true/2455,45319f3f5de0
true/2472,45319f3f5de0
true/25,45319f3f5de0
true/2562,45319f3f5de0
true/2569,45319f3f5de0
true/2585,45319f3f5de0
true/2602,45319f3f5de0
true/2603,45319f3f5de0
true/262,45319f3f5de0
true/263,45319f3f5de0
true/2702,45319f3f5de0
true/2709,45319f3f5de0
true/2823,45319f3f5de0
true/2856,45319f3f5de0
true/2876,45319f3f5de0
true/2880,45319f3f5de0
true/2942,45319f3f5de0
true/3005,45319f3f5de0
true/303,45319f3f5de0
true/3055,45319f3f5de0
true/3159,45319f3f5de0
true/3183,45319f3f5de0
true/3191,45319f3f5de0
true/3205,45319f3f5de0
true/3209,45319f3f5de0
true/3221,45319f3f5de0
true/3273,45319f3f5de0
true/3298,45319f3f5de0
true/3320,45319f3f5de0
true/3344,45319f3f5de0
true/335,45319f3f5de0
true/3374,45319f3f5de0
true/3384,45319f3f5de0
true/3390,45319f3f5de0
true/3397,45319f3f5de0
true/3409,45319f3f5de0
true/341,45319f3f5de0
true/3410,45319f3f5de0
true/3413,45319f3f5de0
true/3417,45319f3f5de0
true/3419,45319f3f5de0
true/344,45319f3f5de0
true/3459,45319f3f5de0
true/3460,45319f3f5de0
true/3492,45319f3f5de0
true/3521,45319f3f5de0
true/3547,45319f3f5de0
true/3565,45319f3f5de0
true/382,45319f3f5de0
true/383,45319f3f5de0
true/414,45319f3f5de0
true/462,45319f3f5de0
true/528,45319f3f5de0
true/546,45319f3f5de0
true/554,45319f3f5de0
true/559,45319f3f5de0
true/566,45319f3f5de0
true/574,45319f3f5de0
true/58,45319f3f5de0
true/583,45319f3f5de0
true/593,45319f3f5de0
true/629,45319f3f5de0
true/636,45319f3f5de0
true/652,45319f3f5de0
true/681,45319f3f5de0
true/685,45319f3f5de0
true/686,45319f3f5de0
true/707,45319f3f5de0
true/711,45319f3f5de0
true/72,45319f3f5de0
true/758,45319f3f5de0
true/767,45319f3f5de0
true/800,45319f3f5de0
true/809,45319f3f5de0
true/812,45319f3f5de0
true/823,45319f3f5de0
true/858,45319f3f5de0
true/886,45319f3f5de0
true/889,45319f3f5de0
true/894,45319f3f5de0
true/899,45319f3f5de0
true/903,45319f3f5de0
true/918,45319f3f5de0
true/921,45319f3f5de0
true/960,45319f3f5de0
true/97,45319f3f5de0
true/970,45319f3f5de0
true/972,45319f3f5de0
fake/20,8335b3c73a69
fake/21,8335b3c73a69
fake/36,8335b3c73a69
fake/43,8335b3c73a69
fake/47,8335b3c73a69
fake/49,8335b3c73a69
fake/53,8335b3c73a69
fake/56,8335b3c73a69
fake/60,8335b3c73a69
fake/71,8335b3c73a69
fake/72,8335b3c73a69
fake/73,8335b3c73a69
fake/75,8335b3c73a69
fake/76,8335b3c73a69
true/1014,8335b3c73a69
true/1025,8335b3c73a69
true/1028,8335b3c73a69
true/1030,8335b3c73a69
true/1040,8335b3c73a69
true/1044,8335b3c73a69
true/1047,8335b3c73a69
true/1048,8335b3c73a69
true/1053,8335b3c73a69
true/1073,8335b3c73a69
true/1084,8335b3c73a69
true/1086,8335b3c73a69
true/1087,8335b3c73a69
true/1107,8335b3c73a69
true/1114,8335b3c73a69
true/1119,8335b3c73a69
true/1121,8335b3c73a69
true/1125,8335b3c73a69
true/1128,8335b3c73a69
true/1136,8335b3c73a69
true/116,8335b3c73a69
true/1183,8335b3c73a69
true/1196,8335b3c73a69
true/1201,8335b3c73a69
true/1209,8335b3c73a69
true/1210,8335b3c73a69
true/1215,8335b3c73a69
true/1227,8335b3c73a69
true/1234,8335b3c73a69
true/124,8335b3c73a69
true/1244,8335b3c73a69
true/125,8335b3c73a69
true/1273,8335b3c73a69
true/1278,8335b3c73a69
true/1283,8335b3c73a69
true/1289,8335b3c73a69
true/1302,8335b3c73a69
true/1308,8335b3c73a69
true/1322,8335b3c73a69
true/1326,8335b3c73a69
true/1331,8335b3c73a69
true/1332,8335b3c73a69
true/1338,8335b3c73a69
true/1346,8335b3c73a69
true/1347,8335b3c73a69
true/1354,8335b3c73a69
true/1365,8335b3c73a69
true/1397,8335b3c73a69
true/1398,8335b3c73a69
true/1400,8335b3c73a69
true/1405,8335b3c73a69
true/1406,8335b3c73a69
true/1408,8335b3c73a69
true/1412,8335b3c73a69
true/1429,8335b3c73a69
true/144,8335b3c73a69
true/1443,8335b3c73a69
true/1448,8335b3c73a69
true/146,8335b3c73a69
true/1488,8335b3c73a69
true/1492,8335b3c73a69
true/1493,8335b3c73a69
true/1525,8335b3c73a69
true/1527,8335b3c73a69
true/1528,8335b3c73a69
true/1549,8335b3c73a69
true/1555,8335b3c73a69
true/156,8335b3c73a69
true/1561,8335b3c73a69
true/1570,8335b3c73a69
true/1579,8335b3c73a69
true/158,8335b3c73a69
true/1583,8335b3c73a69
true/1588,8335b3c73a69
true/1589,8335b3c73a69
true/160,8335b3c73a69
true/1600,8335b3c73a69
true/1604,8335b3c73a69
true/1606,8335b3c73a69
true/1618,8335b3c73a69
true/1626,8335b3c73a69
true/1631,8335b3c73a69
true/1633,8335b3c73a69
true/1635,8335b3c73a69
true/1647,8335b3c73a69
true/1649,8335b3c73a69
true/1655,8335b3c73a69
true/1662,8335b3c73a69
true/1671,8335b3c73a69
true/1673,8335b3c73a69
true/1677,8335b3c73a69
true/1679,8335b3c73a69
true/1690,8335b3c73a69
true/1693,8335b3c73a69
true/170,8335b3c73a69
true/1741,8335b3c73a69
true/1749,8335b3c73a69
true/1750,8335b3c73a69
true/1754,8335b3c73a69
true/1756,8335b3c73a69
true/1767,8335b3c73a69
true/1768,8335b3c73a69
true/1772,8335b3c73a69
true/1775,8335b3c73a69
true/1789,8335b3c73a69
true/1796,8335b3c73a69
true/1799,8335b3c73a69
true/18,8335b3c73a69
true/1809,8335b3c73a69
true/181,8335b3c73a69
true/1811,8335b3c73a69
true/183,8335b3c73a69
true/1835,8335b3c73a69
true/184,8335b3c73a69
true/1841,8335b3c73a69
true/1848,8335b3c73a69
true/1851,8335b3c73a69
true/1857,8335b3c73a69
true/1860,8335b3c73a69
true/187,8335b3c73a69
true/1887,8335b3c73a69
true/1891,8335b3c73a69
true/1897,8335b3c73a69
true/1899,8335b3c73a69
true/191,8335b3c73a69
true/1916,8335b3c73a69
true/192,8335b3c73a69
true/1937,8335b3c73a69
true/194,8335b3c73a69
true/1944,8335b3c73a69
true/1947,8335b3c73a69
true/1968,8335b3c73a69
true/1983,8335b3c73a69
true/1996,8335b3c73a69
true/2004,8335b3c73a69
true/2009,8335b3c73a69
true/2010,8335b3c73a69
true/2019,8335b3c73a69
true/2021,8335b3c73a69
true/2022,8335b3c73a69
true/2027,8335b3c73a69
true/2041,8335b3c73a69
true/2046,8335b3c73a69
true/2051,8335b3c73a69
true/2052,8335b3c73a69
true/2053,8335b3c73a69
true/2068,8335b3c73a69
true/2069,8335b3c73a69
true/2071,8335b3c73a69
true/2089,8335b3c73a69
true/209,8335b3c73a69
true/2090,8335b3c73a69
true/2095,8335b3c73a69
true/21,8335b3c73a69
true/2106,8335b3c73a69
true/2111,8335b3c73a69
true/214,8335b3c73a69
true/2146,8335b3c73a69
true/2150,8335b3c73a69
true/2156,8335b3c73a69
true/216,8335b3c73a69
true/2166,8335b3c73a69
true/217,8335b3c73a69
true/2170,8335b3c73a69
true/2175,8335b3c73a69
true/2176,8335b3c73a69
true/219,8335b3c73a69
true/2193,8335b3c73a69
true/2198,8335b3c73a69
true/2207,8335b3c73a69
true/2228,8335b3c73a69
true/2229,8335b3c73a69
true/2234,8335b3c73a69
true/2236,8335b3c73a69
true/2240,8335b3c73a69
true/2241,8335b3c73a69
true/2264,8335b3c73a69
true/2268,8335b3c73a69
true/2271,8335b3c73a69
true/2273,8335b3c73a69
true/2286,8335b3c73a69
true/2305,8335b3c73a69
true/2312,8335b3c73a69
true/2318,8335b3c73a69
true/2336,8335b3c73a69
true/234,8335b3c73a69
true/2344,8335b3c73a69
true/2351,8335b3c73a69
true/2354,8335b3c73a69
true/2356,8335b3c73a69
true/237,8335b3c73a69
true/2383,8335b3c73a69
true/2408,8335b3c73a69
true/2427,8335b3c73a69
true/2429,8335b3c73a69
true/243,8335b3c73a69
true/2437,8335b3c73a69
true/2442,8335b3c73a69
true/2444,8335b3c73a69
true/2455,8335b3c73a69
true/2472,8335b3c73a69
true/2499,8335b3c73a69
true/25,8335b3c73a69
true/251,8335b3c73a69
true/2537,8335b3c73a69
true/2562,8335b3c73a69
true/2564,8335b3c73a69
true/2582,8335b3c73a69
true/2599,8335b3c73a69
true/2606,8335b3c73a69
true/2608,8335b3c73a69
true/2614,8335b3c73a69
true/2623,8335b3c73a69
true/2635,8335b3c73a69
true/2657,8335b3c73a69
true/2659,8335b3c73a69
true/2668,8335b3c73a69
true/2670,8335b3c73a69
true/2677,8335b3c73a69
true/2682,8335b3c73a69
true/2697,8335b3c73a69
true/2699,8335b3c73a69
true/2707,8335b3c73a69
true/271,8335b3c73a69
true/2724,8335b3c73a69
true/2737,8335b3c73a69
true/274,8335b3c73a69
true/2741,8335b3c73a69
true/2782,8335b3c73a69
true/2790,8335b3c73a69
true/2795,8335b3c73a69
true/28,8335b3c73a69
true/2803,8335b3c73a69
true/2804,8335b3c73a69
true/2812,8335b3c73a69
true/2813,8335b3c73a69
true/2815,8335b3c73a69
true/2819,8335b3c73a69
true/2830,8335b3c73a69
true/2834,8335b3c73a69
true/2843,8335b3c73a69
true/2847,8335b3c73a69
true/2850,8335b3c73a69
true/2854,8335b3c73a69
true/2875,8335b3c73a69
true/2891,8335b3c73a69
true/2896,8335b3c73a69
true/2916,8335b3c73a69
true/2925,8335b3c73a69
true/2927,8335b3c73a69
true/2936,8335b3c73a69
true/2940,8335b3c73a69
true/2948,8335b3c73a69
true/2954,8335b3c73a69
true/2959,8335b3c73a69
true/296,8335b3c73a69
true/2968,8335b3c73a69
true/2979,8335b3c73a69
true/2999,8335b3c73a69
true/3022,8335b3c73a69
true/3034,8335b3c73a69
true/304,8335b3c73a69
true/3051,8335b3c73a69
true/3055,8335b3c73a69
true/3065,8335b3c73a69
true/3067,8335b3c73a69
true/3074,8335b3c73a69
true/3075,8335b3c73a69
true/3077,8335b3c73a69
true/3080,8335b3c73a69
true/3094,8335b3c73a69
true/3100,8335b3c73a69
true/3102,8335b3c73a69
true/3114,8335b3c73a69
true/3117,8335b3c73a69
true/3129,8335b3c73a69
true/3134,8335b3c73a69
true/3137,8335b3c73a69
true/3157,8335b3c73a69
true/316,8335b3c73a69
true/3168,8335b3c73a69
true/3183,8335b3c73a69
true/3191,8335b3c73a69
true/3212,8335b3c73a69
true/3229,8335b3c73a69
true/3233,8335b3c73a69
true/3235,8335b3c73a69
true/3239,8335b3c73a69
true/3259,8335b3c73a69
true/3281,8335b3c73a69
true/3283,8335b3c73a69
true/3284,8335b3c73a69
true/3298,8335b3c73a69
true/3301,8335b3c73a69
true/3303,8335b3c73a69
true/3325,8335b3c73a69
true/333,8335b3c73a69
true/3330,8335b3c73a69
true/3338,8335b3c73a69
true/3341,8335b3c73a69
true/338,8335b3c73a69
true/3388,8335b3c73a69
true/3390,8335b3c73a69
true/3392,8335b3c73a69
true/3396,8335b3c73a69
true/34,8335b3c73a69
true/3407,8335b3c73a69
true/341,8335b3c73a69
true/3410,8335b3c73a69
true/3435,8335b3c73a69
true/3459,8335b3c73a69
true/3473,8335b3c73a69
true/3477,8335b3c73a69
true/3482,8335b3c73a69
true/3485,8335b3c73a69
true/3487,8335b3c73a69
true/3488,8335b3c73a69
true/3490,8335b3c73a69
true/3503,8335b3c73a69
true/3508,8335b3c73a69
true/3518,8335b3c73a69
true/3519,8335b3c73a69
true/3531,8335b3c73a69
true/3552,8335b3c73a69
true/3563,8335b3c73a69
true/3566,8335b3c73a69
true/3567,8335b3c73a69
true/3596,8335b3c73a69
true/37,8335b3c73a69
true/372,8335b3c73a69
true/379,8335b3c73a69
true/380,8335b3c73a69
true/394,8335b3c73a69
true/403,8335b3c73a69
true/411,8335b3c73a69
true/42,8335b3c73a69
true/424,8335b3c73a69
true/429,8335b3c73a69
true/432,8335b3c73a69
true/435,8335b3c73a69
true/436,8335b3c73a69
true/457,8335b3c73a69
true/465,8335b3c73a69
true/504,8335b3c73a69
true/508,8335b3c73a69
true/522,8335b3c73a69
true/544,8335b3c73a69
true/546,8335b3c73a69
true/548,8335b3c73a69
true/559,8335b3c73a69
true/560,8335b3c73a69
true/562,8335b3c73a69
true/58,8335b3c73a69
true/583,8335b3c73a69
true/584,8335b3c73a69
true/598,8335b3c73a69
true/600,8335b3c73a69
true/606,8335b3c73a69
true/607,8335b3c73a69
true/62,8335b3c73a69
true/640,8335b3c73a69
true/658,8335b3c73a69
true/662,8335b3c73a69
true/670,8335b3c73a69
true/677,8335b3c73a69
true/682,8335b3c73a69
true/686,8335b3c73a69
true/696,8335b3c73a69
true/699,8335b3c73a69
true/7,8335b3c73a69
true/70,8335b3c73a69
true/701,8335b3c73a69
true/703,8335b3c73a69
true/709,8335b3c73a69
true/71,8335b3c73a69
true/721,8335b3c73a69
true/723,8335b3c73a69
true/731,8335b3c73a69
true/734,8335b3c73a69
true/739,8335b3c73a69
true/742,8335b3c73a69
true/747,8335b3c73a69
true/758,8335b3c73a69
true/761,8335b3c73a69
true/777,8335b3c73a69
true/80,8335b3c73a69
true/806,8335b3c73a69
true/837,8335b3c73a69
true/851,8335b3c73a69
true/865,8335b3c73a69
true/878,8335b3c73a69
true/881,8335b3c73a69
true/883,8335b3c73a69
true/884,8335b3c73a69
true/889,8335b3c73a69
true/89,8335b3c73a69
true/892,8335b3c73a69
true/921,8335b3c73a69
true/922,8335b3c73a69
true/925,8335b3c73a69
true/932,8335b3c73a69
true/939,8335b3c73a69
true/940,8335b3c73a69
true/944,8335b3c73a69
true/951,8335b3c73a69
true/952,8335b3c73a69
true/958,8335b3c73a69
true/961,8335b3c73a69
true/964,8335b3c73a69
true/973,8335b3c73a69
true/985,8335b3c73a69
true/991,8335b3c73a69
true/997,8335b3c73a69
true/999,8335b3c73a69
fake/1005,3c0f9975805b
fake/1009,3c0f9975805b
fake/101,3c0f9975805b
fake/1014,3c0f9975805b
fake/1025,3c0f9975805b
fake/1042,3c0f9975805b
fake/1044,3c0f9975805b
fake/1045,3c0f9975805b
fake/1049,3c0f9975805b
fake/1060,3c0f9975805b
fake/1061,3c0f9975805b
fake/1067,3c0f9975805b
fake/1082,3c0f9975805b
fake/1093,3c0f9975805b
fake/1094,3c0f9975805b
fake/1104,3c0f9975805b
fake/1106,3c0f9975805b
fake/1112,3c0f9975805b
fake/1115,3c0f9975805b
fake/1121,3c0f9975805b
fake/1134,3c0f9975805b
fake/1144,3c0f9975805b
fake/1147,3c0f9975805b
fake/1153,3c0f9975805b
fake/1165,3c0f9975805b
fake/1174,3c0f9975805b
fake/1179,3c0f9975805b
fake/1197,3c0f9975805b
fake/1208,3c0f9975805b
fake/1215,3c0f9975805b
fake/1216,3c0f9975805b
fake/1217,3c0f9975805b
fake/1221,3c0f9975805b
fake/1227,3c0f9975805b
fake/1228,3c0f9975805b
fake/1244,3c0f9975805b
fake/1250,3c0f9975805b
fake/1252,3c0f9975805b
fake/1256,3c0f9975805b
fake/1263,3c0f9975805b
fake/1269,3c0f9975805b
fake/1275,3c0f9975805b
fake/1313,3c0f9975805b
fake/1323,3c0f9975805b
fake/1330,3c0f9975805b
fake/1338,3c0f9975805b
fake/1340,3c0f9975805b
fake/1361,3c0f9975805b
fake/1375,3c0f9975805b
fake/1382,3c0f9975805b
fake/1406,3c0f9975805b
fake/1413,3c0f9975805b
fake/1417,3c0f9975805b
fake/1418,3c0f9975805b
fake/1425,3c0f9975805b
fake/1428,3c0f9975805b
fake/1443,3c0f9975805b
fake/1458,3c0f9975805b
fake/1474,3c0f9975805b
fake/1478,3c0f9975805b
fake/1500,3c0f9975805b
fake/1506,3c0f9975805b
fake/1511,3c0f9975805b
fake/1513,3c0f9975805b
fake/1553,3c0f9975805b
fake/1554,3c0f9975805b
fake/1557,3c0f9975805b
fake/1560,3c0f9975805b
fake/1572,3c0f9975805b
fake/1573,3c0f9975805b
fake/1574,3c0f9975805b
fake/1577,3c0f9975805b
fake/1586,3c0f9975805b
fake/1587,3c0f9975805b
fake/1619,3c0f9975805b
fake/1627,3c0f9975805b
fake/1628,3c0f9975805b
fake/1634,3c0f9975805b
fake/1637,3c0f9975805b
fake/1638,3c0f9975805b
fake/1639,3c0f9975805b
fake/1648,3c0f9975805b
fake/1654,3c0f9975805b
fake/1656,3c0f9975805b
fake/1661,3c0f9975805b
fake/1668,3c0f9975805b
fake/1670,3c0f9975805b
fake/1673,3c0f9975805b
fake/1682,3c0f9975805b
fake/1698,3c0f9975805b
fake/1714,3c0f9975805b
fake/1726,3c0f9975805b
fake/1741,3c0f9975805b
fake/1750,3c0f9975805b
fake/1753,3c0f9975805b
fake/1767,3c0f9975805b
fake/1776,3c0f9975805b
fake/1780,3c0f9975805b
fake/1793,3c0f9975805b
fake/1800,3c0f9975805b
fake/1809,3c0f9975805b
fake/1818,3c0f9975805b
fake/1826,3c0f9975805b
fake/1834,3c0f9975805b
fake/1837,3c0f9975805b
fake/1840,3c0f9975805b
fake/1843,3c0f9975805b
fake/1844,3c0f9975805b
fake/1848,3c0f9975805b
fake/1861,3c0f9975805b
fake/1866,3c0f9975805b
fake/1908,3c0f9975805b
fake/1909,3c0f9975805b
fake/191,3c0f9975805b
fake/1916,3c0f9975805b
fake/1920,3c0f9975805b
fake/1940,3c0f9975805b
fake/1943,3c0f9975805b
fake/1952,3c0f9975805b
fake/1953,3c0f9975805b
fake/1964,3c0f9975805b
fake/1970,3c0f9975805b
fake/1999,3c0f9975805b
fake/2001,3c0f9975805b
fake/2003,3c0f9975805b
fake/2017,3c0f9975805b
fake/2022,3c0f9975805b
fake/2023,3c0f9975805b
fake/2028,3c0f9975805b
fake/2038,3c0f9975805b
fake/2040,3c0f9975805b
fake/2045,3c0f9975805b
fake/2061,3c0f9975805b
fake/2062,3c0f9975805b
fake/2064,3c0f9975805b
fake/2077,3c0f9975805b
fake/2094,3c0f9975805b
fake/2111,3c0f9975805b
fake/2125,3c0f9975805b
fake/2133,3c0f9975805b
fake/2138,3c0f9975805b
fake/2141,3c0f9975805b
fake/2148,3c0f9975805b
fake/2152,3c0f9975805b
fake/2167,3c0f9975805b
fake/2171,3c0f9975805b
fake/2197,3c0f9975805b
fake/2198,3c0f9975805b
fake/2215,3c0f9975805b
fake/2231,3c0f9975805b
fake/2232,3c0f9975805b
fake/2233,3c0f9975805b
fake/2236,3c0f9975805b
fake/2253,3c0f9975805b
fake/2257,3c0f9975805b
fake/2261,3c0f9975805b
fake/2264,3c0f9975805b
fake/2268,3c0f9975805b
fake/2271,3c0f9975805b
fake/2282,3c0f9975805b
fake/2283,3c0f9975805b
fake/2286,3c0f9975805b
fake/2287,3c0f9975805b
fake/2295,3c0f9975805b
fake/2299,3c0f9975805b
fake/2300,3c0f9975805b
fake/2310,3c0f9975805b
fake/2313,3c0f9975805b
fake/2333,3c0f9975805b
fake/2341,3c0f9975805b
fake/2343,3c0f9975805b
fake/2349,3c0f9975805b
fake/2365,3c0f9975805b
fake/2387,3c0f9975805b
fake/2394,3c0f9975805b
fake/2401,3c0f9975805b
fake/2405,3c0f9975805b
fake/2417,3c0f9975805b
fake/2419,3c0f9975805b
fake/2421,3c0f9975805b
fake/2425,3c0f9975805b
fake/2432,3c0f9975805b
fake/2434,3c0f9975805b
fake/2435,3c0f9975805b
fake/2441,3c0f9975805b
fake/2442,3c0f9975805b
fake/2469,3c0f9975805b
fake/2471,3c0f9975805b
fake/2480,3c0f9975805b
fake/2487,3c0f9975805b
fake/2496,3c0f9975805b
fake/2508,3c0f9975805b
fake/2509,3c0f9975805b
fake/2529,3c0f9975805b
fake/2546,3c0f9975805b
fake/2549,3c0f9975805b
fake/2562,3c0f9975805b
fake/2565,3c0f9975805b
fake/2591,3c0f9975805b
fake/2608,3c0f9975805b
fake/2616,3c0f9975805b
fake/2620,3c0f9975805b
fake/2638,3c0f9975805b
fake/2646,3c0f9975805b
fake/265,3c0f9975805b
fake/2650,3c0f9975805b
fake/2657,3c0f9975805b
fake/2659,3c0f9975805b
fake/2665,3c0f9975805b
fake/2666,3c0f9975805b
fake/2668,3c0f9975805b
fake/2671,3c0f9975805b
fake/2680,3c0f9975805b
fake/2683,3c0f9975805b
fake/2686,3c0f9975805b
fake/2689,3c0f9975805b
fake/2700,3c0f9975805b
fake/2702,3c0f9975805b
fake/273,3c0f9975805b
fake/2738,3c0f9975805b
fake/2741,3c0f9975805b
fake/2747,3c0f9975805b
fake/2752,3c0f9975805b
fake/2754,3c0f9975805b
fake/2763,3c0f9975805b
fake/2767,3c0f9975805b
fake/2770,3c0f9975805b
fake/2785,3c0f9975805b
fake/2789,3c0f9975805b
fake/2809,3c0f9975805b
fake/2820,3c0f9975805b
fake/2832,3c0f9975805b
fake/284,3c0f9975805b
fake/2855,3c0f9975805b
fake/2859,3c0f9975805b
fake/286,3c0f9975805b
fake/2870,3c0f9975805b
fake/2876,3c0f9975805b
fake/2882,3c0f9975805b
fake/2886,3c0f9975805b
fake/2892,3c0f9975805b
fake/2905,3c0f9975805b
fake/2910,3c0f9975805b
fake/2916,3c0f9975805b
fake/2925,3c0f9975805b
fake/2933,3c0f9975805b
fake/2948,3c0f9975805b
fake/2953,3c0f9975805b
fake/296,3c0f9975805b
fake/2974,3c0f9975805b
fake/2977,3c0f9975805b
fake/2986,3c0f9975805b
fake/2988,3c0f9975805b
fake/2994,3c0f9975805b
fake/3011,3c0f9975805b
fake/3019,3c0f9975805b
fake/3034,3c0f9975805b
fake/3035,3c0f9975805b
fake/3046,3c0f9975805b
fake/3053,3c0f9975805b
fake/3055,3c0f9975805b
fake/3060,3c0f9975805b
fake/3071,3c0f9975805b
fake/3082,3c0f9975805b
fake/3087,3c0f9975805b
fake/3094,3c0f9975805b
fake/3098,3c0f9975805b
fake/3106,3c0f9975805b
fake/3109,3c0f9975805b
fake/311,3c0f9975805b
fake/312,3c0f9975805b
fake/3126,3c0f9975805b
fake/3137,3c0f9975805b
fake/3154,3c0f9975805b
fake/3162,3c0f9975805b
fake/3166,3c0f9975805b
fake/3168,3c0f9975805b
fake/317,3c0f9975805b
fake/3183,3c0f9975805b
fake/319,3c0f9975805b
fake/3193,3c0f9975805b
fake/3207,3c0f9975805b
fake/3226,3c0f9975805b
fake/3227,3c0f9975805b
fake/3232,3c0f9975805b
fake/3242,3c0f9975805b
fake/3246,3c0f9975805b
fake/3249,3c0f9975805b
fake/3252,3c0f9975805b
fake/3259,3c0f9975805b
fake/3277,3c0f9975805b
fake/329,3c0f9975805b
fake/3298,3c0f9975805b
fake/330,3c0f9975805b
fake/3301,3c0f9975805b
fake/3304,3c0f9975805b
fake/331,3c0f9975805b
fake/3320,3c0f9975805b
fake/3324,3c0f9975805b
fake/3325,3c0f9975805b
fake/3328,3c0f9975805b
fake/3338,3c0f9975805b
fake/334,3c0f9975805b
fake/3360,3c0f9975805b
fake/3366,3c0f9975805b
fake/3367,3c0f9975805b
fake/3372,3c0f9975805b
fake/3380,3c0f9975805b
fake/3388,3c0f9975805b
fake/339,3c0f9975805b
fake/3391,3c0f9975805b
fake/3396,3c0f9975805b
fake/3400,3c0f9975805b
fake/3404,3c0f9975805b
fake/3412,3c0f9975805b
fake/343,3c0f9975805b
fake/3431,3c0f9975805b
fake/3432,3c0f9975805b
fake/345,3c0f9975805b
fake/3451,3c0f9975805b
fake/3459,3c0f9975805b
fake/3470,3c0f9975805b
fake/3473,3c0f9975805b
fake/3508,3c0f9975805b
fake/3514,3c0f9975805b
fake/3535,3c0f9975805b
fake/3537,3c0f9975805b
fake/3546,3c0f9975805b
fake/3548,3c0f9975805b
fake/355,3c0f9975805b
fake/3567,3c0f9975805b
fake/3579,3c0f9975805b
fake/3585,3c0f9975805b
fake/3588,3c0f9975805b
fake/3602,3c0f9975805b
fake/364,3c0f9975805b
fake/366,3c0f9975805b
fake/403,3c0f9975805b
fake/412,3c0f9975805b
fake/418,3c0f9975805b
fake/429,3c0f9975805b
fake/433,3c0f9975805b
fake/437,3c0f9975805b
fake/440,3c0f9975805b
fake/450,3c0f9975805b
fake/452,3c0f9975805b
fake/463,3c0f9975805b
fake/467,3c0f9975805b
fake/469,3c0f9975805b
fake/477,3c0f9975805b
fake/487,3c0f9975805b
fake/494,3c0f9975805b
fake/500,3c0f9975805b
fake/504,3c0f9975805b
fake/506,3c0f9975805b
fake/508,3c0f9975805b
fake/515,3c0f9975805b
fake/519,3c0f9975805b
fake/522,3c0f9975805b
fake/529,3c0f9975805b
fake/537,3c0f9975805b
fake/547,3c0f9975805b
fake/573,3c0f9975805b
fake/575,3c0f9975805b
fake/581,3c0f9975805b
fake/594,3c0f9975805b
fake/595,3c0f9975805b
fake/603,3c0f9975805b
fake/606,3c0f9975805b
fake/612,3c0f9975805b
fake/627,3c0f9975805b
fake/634,3c0f9975805b
fake/635,3c0f9975805b
fake/660,3c0f9975805b
fake/665,3c0f9975805b
fake/675,3c0f9975805b
fake/682,3c0f9975805b
fake/683,3c0f9975805b
fake/689,3c0f9975805b
fake/699,3c0f9975805b
fake/701,3c0f9975805b
fake/718,3c0f9975805b
fake/726,3c0f9975805b
fake/743,3c0f9975805b
fake/758,3c0f9975805b
fake/761,3c0f9975805b
fake/771,3c0f9975805b
fake/779,3c0f9975805b
fake/788,3c0f9975805b
fake/798,3c0f9975805b
fake/809,3c0f9975805b
fake/811,3c0f9975805b
fake/814,3c0f9975805b
fake/815,3c0f9975805b
fake/832,3c0f9975805b
fake/852,3c0f9975805b
fake/860,3c0f9975805b
fake/878,3c0f9975805b
fake/882,3c0f9975805b
fake/889,3c0f9975805b
fake/899,3c0f9975805b
fake/905,3c0f9975805b
fake/908,3c0f9975805b
fake/910,3c0f9975805b
fake/914,3c0f9975805b
fake/916,3c0f9975805b
fake/922,3c0f9975805b
fake/931,3c0f9975805b
fake/932,3c0f9975805b
fake/936,3c0f9975805b
fake/938,3c0f9975805b
fake/939,3c0f9975805b
fake/951,3c0f9975805b
fake/964,3c0f9975805b
fake/970,3c0f9975805b
fake/972,3c0f9975805b
fake/973,3c0f9975805b
fake/989,3c0f9975805b
fake/992,3c0f9975805b
true/133,3c0f9975805b
true/213,3c0f9975805b
true/215,3c0f9975805b
true/262,3c0f9975805b
true/3492,3c0f9975805b
true/69,3c0f9975805b
fake/10,437216423fd9
fake/1001,437216423fd9
fake/1022,437216423fd9
fake/1066,437216423fd9
fake/1069,437216423fd9
fake/1072,437216423fd9
fake/1074,437216423fd9
fake/1078,437216423fd9
fake/1084,437216423fd9
fake/109,437216423fd9
fake/110,437216423fd9
fake/1103,437216423fd9
fake/112,437216423fd9
fake/115,437216423fd9
fake/116,437216423fd9
fake/1160,437216423fd9
fake/1167,437216423fd9
fake/1169,437216423fd9
fake/117,437216423fd9
fake/118,437216423fd9
fake/1189,437216423fd9
fake/119,437216423fd9
fake/1191,437216423fd9
fake/1192,437216423fd9
fake/1196,437216423fd9
fake/120,437216423fd9
fake/1202,437216423fd9
fake/125,437216423fd9
fake/1266,437216423fd9
fake/1268,437216423fd9
fake/1272,437216423fd9
fake/1278,437216423fd9
fake/1282,437216423fd9
fake/1285,437216423fd9
fake/129,437216423fd9
fake/1296,437216423fd9
fake/1299,437216423fd9
fake/13,437216423fd9
fake/130,437216423fd9
fake/131,437216423fd9
fake/1332,437216423fd9
fake/1337,437216423fd9
fake/1342,437216423fd9
fake/1354,437216423fd9
fake/1378,437216423fd9
fake/1399,437216423fd9
fake/140,437216423fd9
fake/1404,437216423fd9
fake/1409,437216423fd9
fake/141,437216423fd9
fake/1415,437216423fd9
fake/1416,437216423fd9
fake/1422,437216423fd9
fake/1432,437216423fd9
fake/144,437216423fd9
fake/146,437216423fd9
fake/1462,437216423fd9
fake/147,437216423fd9
fake/1477,437216423fd9
fake/148,437216423fd9
fake/1489,437216423fd9
fake/1492,437216423fd9
fake/1507,437216423fd9
fake/1508,437216423fd9
fake/151,437216423fd9
fake/1516,437216423fd9
fake/1517,437216423fd9
fake/1519,437216423fd9
fake/152,437216423fd9
fake/1534,437216423fd9
fake/154,437216423fd9
fake/1550,437216423fd9
fake/1561,437216423fd9
fake/1569,437216423fd9
fake/157,437216423fd9
fake/1571,437216423fd9
fake/158,437216423fd9
fake/1588,437216423fd9
fake/159,437216423fd9
fake/1609,437216423fd9
fake/1616,437216423fd9
fake/1617,437216423fd9
fake/1633,437216423fd9
fake/1651,437216423fd9
fake/166,437216423fd9
fake/1667,437216423fd9
fake/1672,437216423fd9
fake/1674,437216423fd9
fake/1695,437216423fd9
fake/170,437216423fd9
fake/171,437216423fd9
fake/1721,437216423fd9
fake/1725,437216423fd9
fake/1736,437216423fd9
fake/174,437216423fd9
fake/175,437216423fd9
fake/1756,437216423fd9
fake/1758,437216423fd9
fake/176,437216423fd9
fake/1778,437216423fd9
fake/1782,437216423fd9
fake/1790,437216423fd9
fake/1791,437216423fd9
fake/1802,437216423fd9
fake/181,437216423fd9
fake/1822,437216423fd9
fake/1823,437216423fd9
fake/183,437216423fd9
fake/1835,437216423fd9
fake/1856,437216423fd9
fake/186,437216423fd9
fake/1874,437216423fd9
fake/1876,437216423fd9
fake/189,437216423fd9
fake/1896,437216423fd9
fake/1898,437216423fd9
fake/1907,437216423fd9
fake/1927,437216423fd9
fake/1928,437216423fd9
fake/1935,437216423fd9
fake/1936,437216423fd9
fake/1950,437216423fd9
fake/1967,437216423fd9
fake/1971,437216423fd9
fake/2000,437216423fd9
fake/2002,437216423fd9
fake/2004,437216423fd9
fake/2005,437216423fd9
fake/2013,437216423fd9
fake/2025,437216423fd9
fake/2041,437216423fd9
fake/2042,437216423fd9
fake/2051,437216423fd9
fake/2053,437216423fd9
fake/2068,437216423fd9
fake/2069,437216423fd9
fake/2071,437216423fd9
fake/2072,437216423fd9
fake/2074,437216423fd9
fake/2075,437216423fd9
fake/2098,437216423fd9
fake/2105,437216423fd9
fake/2113,437216423fd9
fake/2123,437216423fd9
fake/2134,437216423fd9
fake/2137,437216423fd9
fake/2142,437216423fd9
fake/2144,437216423fd9
fake/2146,437216423fd9
fake/2149,437216423fd9
fake/2164,437216423fd9
fake/2168,437216423fd9
fake/217,437216423fd9
fake/2170,437216423fd9
fake/2173,437216423fd9
fake/2177,437216423fd9
fake/2185,437216423fd9
fake/2187,437216423fd9
fake/219,437216423fd9
fake/2190,437216423fd9
fake/2191,437216423fd9
fake/2193,437216423fd9
fake/2194,437216423fd9
fake/220,437216423fd9
fake/2214,437216423fd9
fake/2216,437216423fd9
fake/2218,437216423fd9
fake/222,437216423fd9
fake/2221,437216423fd9
fake/2225,437216423fd9
fake/2228,437216423fd9
fake/2235,437216423fd9
fake/2239,437216423fd9
fake/2259,437216423fd9
fake/226,437216423fd9
fake/227,437216423fd9
fake/2270,437216423fd9
fake/2272,437216423fd9
fake/2289,437216423fd9
fake/229,437216423fd9
fake/2297,437216423fd9
fake/2320,437216423fd9
fake/2326,437216423fd9
fake/2328,437216423fd9
fake/233,437216423fd9
fake/234,437216423fd9
fake/2351,437216423fd9
fake/2352,437216423fd9
fake/2356,437216423fd9
fake/236,437216423fd9
fake/2373,437216423fd9
fake/2388,437216423fd9
fake/2390,437216423fd9
fake/2393,437216423fd9
fake/240,437216423fd9
fake/2426,437216423fd9
fake/243,437216423fd9
fake/2439,437216423fd9
fake/2459,437216423fd9
fake/246,437216423fd9
fake/2461,437216423fd9
fake/2462,437216423fd9
fake/2486,437216423fd9
fake/2489,437216423fd9
fake/2501,437216423fd9
fake/2502,437216423fd9
fake/251,437216423fd9
fake/2514,437216423fd9
fake/2520,437216423fd9
fake/2524,437216423fd9
fake/2530,437216423fd9
fake/2534,437216423fd9
fake/254,437216423fd9
fake/2553,437216423fd9
fake/2558,437216423fd9
fake/2563,437216423fd9
fake/2564,437216423fd9
fake/2566,437216423fd9
fake/2569,437216423fd9
fake/258,437216423fd9
fake/2580,437216423fd9
fake/2585,437216423fd9
fake/2588,437216423fd9
fake/260,437216423fd9
fake/2602,437216423fd9
fake/261,437216423fd9
fake/2614,437216423fd9
fake/2622,437216423fd9
fake/263,437216423fd9
fake/2631,437216423fd9
fake/2641,437216423fd9
fake/2677,437216423fd9
fake/2693,437216423fd9
fake/2708,437216423fd9
fake/2716,437216423fd9
fake/2721,437216423fd9
fake/2765,437216423fd9
fake/2780,437216423fd9
fake/279,437216423fd9
fake/2790,437216423fd9
fake/2794,437216423fd9
fake/2798,437216423fd9
fake/2803,437216423fd9
fake/2811,437216423fd9
fake/2812,437216423fd9
fake/2815,437216423fd9
fake/2829,437216423fd9
fake/2830,437216423fd9
fake/2839,437216423fd9
fake/2840,437216423fd9
fake/2854,437216423fd9
fake/2856,437216423fd9
fake/2867,437216423fd9
fake/2874,437216423fd9
fake/2887,437216423fd9
fake/2890,437216423fd9
fake/2891,437216423fd9
fake/2899,437216423fd9
fake/2904,437216423fd9
fake/2915,437216423fd9
fake/2927,437216423fd9
fake/2931,437216423fd9
fake/2936,437216423fd9
fake/2940,437216423fd9
fake/2942,437216423fd9
fake/2945,437216423fd9
fake/2952,437216423fd9
fake/2979,437216423fd9
fake/2980,437216423fd9
fake/2992,437216423fd9
fake/2993,437216423fd9
fake/3002,437216423fd9
fake/302,437216423fd9
fake/3022,437216423fd9
fake/3027,437216423fd9
fake/304,437216423fd9
fake/3041,437216423fd9
fake/305,437216423fd9
fake/3058,437216423fd9
fake/3059,437216423fd9
fake/3063,437216423fd9
fake/3064,437216423fd9
fake/3072,437216423fd9
fake/3078,437216423fd9
fake/3079,437216423fd9
fake/3080,437216423fd9
fake/3100,437216423fd9
fake/3101,437216423fd9
fake/3108,437216423fd9
fake/3111,437216423fd9
fake/3112,437216423fd9
fake/3114,437216423fd9
fake/3115,437216423fd9
fake/3131,437216423fd9
fake/3146,437216423fd9
fake/3147,437216423fd9
fake/3148,437216423fd9
fake/3150,437216423fd9
fake/3153,437216423fd9
fake/3157,437216423fd9
fake/3170,437216423fd9
fake/3173,437216423fd9
fake/3178,437216423fd9
fake/3179,437216423fd9
fake/3190,437216423fd9
fake/3200,437216423fd9
fake/3202,437216423fd9
fake/321,437216423fd9
fake/3215,437216423fd9
fake/3221,437216423fd9
fake/3255,437216423fd9
fake/3257,437216423fd9
fake/3264,437216423fd9
fake/3283,437216423fd9
fake/3284,437216423fd9
fake/3316,437216423fd9
fake/3323,437216423fd9
fake/3337,437216423fd9
fake/3347,437216423fd9
fake/335,437216423fd9
fake/3369,437216423fd9
fake/3375,437216423fd9
fake/3378,437216423fd9
fake/3393,437216423fd9
fake/3397,437216423fd9
fake/3407,437216423fd9
fake/342,437216423fd9
fake/3420,437216423fd9
fake/3423,437216423fd9
fake/3430,437216423fd9
fake/3434,437216423fd9
fake/3436,437216423fd9
fake/3437,437216423fd9
fake/3452,437216423fd9
fake/3460,437216423fd9
fake/3462,437216423fd9
fake/3471,437216423fd9
fake/3478,437216423fd9
fake/3479,437216423fd9
fake/3491,437216423fd9
fake/3493,437216423fd9
fake/3525,437216423fd9
fake/3530,437216423fd9
fake/3538,437216423fd9
fake/3541,437216423fd9
fake/3559,437216423fd9
fake/3561,437216423fd9
fake/3577,437216423fd9
fake/3590,437216423fd9
fake/3596,437216423fd9
fake/362,437216423fd9
fake/382,437216423fd9
fake/388,437216423fd9
fake/394,437216423fd9
fake/398,437216423fd9
fake/399,437216423fd9
fake/424,437216423fd9
fake/432,437216423fd9
fake/458,437216423fd9
fake/470,437216423fd9
fake/491,437216423fd9
fake/540,437216423fd9
fake/551,437216423fd9
fake/591,437216423fd9
fake/593,437216423fd9
fake/600,437216423fd9
fake/608,437216423fd9
fake/616,437216423fd9
fake/633,437216423fd9
fake/648,437216423fd9
fake/653,437216423fd9
fake/658,437216423fd9
fake/659,437216423fd9
fake/685,437216423fd9
fake/7,437216423fd9
fake/706,437216423fd9
fake/711,437216423fd9
fake/715,437216423fd9
fake/736,437216423fd9
fake/757,437216423fd9
fake/762,437216423fd9
fake/773,437216423fd9
fake/794,437216423fd9
fake/810,437216423fd9
fake/813,437216423fd9
fake/848,437216423fd9
fake/851,437216423fd9
fake/854,437216423fd9
fake/857,437216423fd9
fake/870,437216423fd9
fake/88,437216423fd9
fake/880,437216423fd9
fake/89,437216423fd9
fake/928,437216423fd9
fake/952,437216423fd9
fake/96,437216423fd9
fake/982,437216423fd9
true/165,437216423fd9
true/1901,437216423fd9
true/2036,437216423fd9
true/2062,437216423fd9
true/220,437216423fd9
true/222,437216423fd9
true/229,437216423fd9
true/2394,437216423fd9
true/246,437216423fd9
true/255,437216423fd9
true/256,437216423fd9
true/258,437216423fd9
true/260,437216423fd9
true/261,437216423fd9
true/265,437216423fd9
true/267,437216423fd9
true/272,437216423fd9
true/292,437216423fd9
true/299,437216423fd9
true/3493,437216423fd9
true/360,437216423fd9
true/364,437216423fd9
fake/18,4eb4b330463b
fake/29,4eb4b330463b
fake/34,4eb4b330463b
fake/35,4eb4b330463b
fake/37,4eb4b330463b
fake/45,4eb4b330463b
fake/51,4eb4b330463b
fake/55,4eb4b330463b
fake/59,4eb4b330463b
fake/62,4eb4b330463b
fake/63,4eb4b330463b
fake/65,4eb4b330463b
fake/69,4eb4b330463b
fake/70,4eb4b330463b
fake/74,4eb4b330463b
fake/82,4eb4b330463b
fake/85,4eb4b330463b
true/1009,4eb4b330463b
true/1013,4eb4b330463b
true/1019,4eb4b330463b
true/1022,4eb4b330463b
true/1026,4eb4b330463b
true/1041,4eb4b330463b
true/1042,4eb4b330463b
true/1055,4eb4b330463b
true/1060,4eb4b330463b
true/1063,4eb4b330463b
true/1076,4eb4b330463b
true/1082,4eb4b330463b
true/1093,4eb4b330463b
true/1094,4eb4b330463b
true/11,4eb4b330463b
true/110,4eb4b330463b
true/1108,4eb4b330463b
true/1109,4eb4b330463b
true/1131,4eb4b330463b
true/114,4eb4b330463b
true/1148,4eb4b330463b
true/1160,4eb4b330463b
true/1167,4eb4b330463b
true/1179,4eb4b330463b
true/1182,4eb4b330463b
true/1184,4eb4b330463b
true/1186,4eb4b330463b
true/119,4eb4b330463b
true/120,4eb4b330463b
true/1202,4eb4b330463b
true/1218,4eb4b330463b
true/1232,4eb4b330463b
true/1235,4eb4b330463b
true/1249,4eb4b330463b
true/126,4eb4b330463b
true/1263,4eb4b330463b
true/1268,4eb4b330463b
true/1269,4eb4b330463b
true/1281,4eb4b330463b
true/1284,4eb4b330463b
true/1287,4eb4b330463b
true/129,4eb4b330463b
true/1292,4eb4b330463b
true/1298,4eb4b330463b
true/1320,4eb4b330463b
true/1328,4eb4b330463b
true/1330,4eb4b330463b
true/1336,4eb4b330463b
true/1341,4eb4b330463b
true/1342,4eb4b330463b
true/1345,4eb4b330463b
true/1351,4eb4b330463b
true/1367,4eb4b330463b
true/1378,4eb4b330463b
true/1395,4eb4b330463b
true/1401,4eb4b330463b
true/1403,4eb4b330463b
true/1414,4eb4b330463b
true/1417,4eb4b330463b
true/1430,4eb4b330463b
true/1474,4eb4b330463b
true/148,4eb4b330463b
true/1487,4eb4b330463b
true/1491,4eb4b330463b
true/1496,4eb4b330463b
true/1507,4eb4b330463b
true/1518,4eb4b330463b
true/152,4eb4b330463b
true/1529,4eb4b330463b
true/154,4eb4b330463b
true/1540,4eb4b330463b
true/1548,4eb4b330463b
true/155,4eb4b330463b
true/1551,4eb4b330463b
true/157,4eb4b330463b
true/1573,4eb4b330463b
true/1587,4eb4b330463b
true/162,4eb4b330463b
true/1624,4eb4b330463b
true/1628,4eb4b330463b
true/1641,4eb4b330463b
true/1644,4eb4b330463b
true/1648,4eb4b330463b
true/1656,4eb4b330463b
true/166,4eb4b330463b
true/1663,4eb4b330463b
true/1672,4eb4b330463b
true/1689,4eb4b330463b
true/1703,4eb4b330463b
true/1707,4eb4b330463b
true/171,4eb4b330463b
true/1726,4eb4b330463b
true/1728,4eb4b330463b
true/1729,4eb4b330463b
true/1732,4eb4b330463b
true/1733,4eb4b330463b
true/1747,4eb4b330463b
true/1770,4eb4b330463b
true/1778,4eb4b330463b
true/1791,4eb4b330463b
true/1802,4eb4b330463b
true/1810,4eb4b330463b
true/1818,4eb4b330463b
true/1839,4eb4b330463b
true/1874,4eb4b330463b
true/1876,4eb4b330463b
true/188,4eb4b330463b
true/1886,4eb4b330463b
true/1888,4eb4b330463b
true/189,4eb4b330463b
true/193,4eb4b330463b
true/1935,4eb4b330463b
true/1940,4eb4b330463b
true/1943,4eb4b330463b
true/1950,4eb4b330463b
true/1952,4eb4b330463b
true/1953,4eb4b330463b
true/1966,4eb4b330463b
true/1974,4eb4b330463b
true/1988,4eb4b330463b
true/20,4eb4b330463b
true/2013,4eb4b330463b
true/2035,4eb4b330463b
true/2040,4eb4b330463b
true/2045,4eb4b330463b
true/2073,4eb4b330463b
true/2087,4eb4b330463b
true/2104,4eb4b330463b
true/2105,4eb4b330463b
true/211,4eb4b330463b
true/2123,4eb4b330463b
true/2125,4eb4b330463b
true/2135,4eb4b330463b
true/2138,4eb4b330463b
true/2141,4eb4b330463b
true/2164,4eb4b330463b
true/2167,4eb4b330463b
true/2180,4eb4b330463b
true/2191,4eb4b330463b
true/2194,4eb4b330463b
true/2197,4eb4b330463b
true/2199,4eb4b330463b
true/2211,4eb4b330463b
true/2226,4eb4b330463b
true/2238,4eb4b330463b
true/224,4eb4b330463b
true/2253,4eb4b330463b
true/2261,4eb4b330463b
true/2267,4eb4b330463b
true/227,4eb4b330463b
true/2279,4eb4b330463b
true/2283,4eb4b330463b
true/2288,4eb4b330463b
true/2298,4eb4b330463b
true/2299,4eb4b330463b
true/2303,4eb4b330463b
true/2309,4eb4b330463b
true/2315,4eb4b330463b
true/2320,4eb4b330463b
true/2326,4eb4b330463b
true/2333,4eb4b330463b
true/2337,4eb4b330463b
true/2338,4eb4b330463b
true/2342,4eb4b330463b
true/2343,4eb4b330463b
true/2352,4eb4b330463b
true/236,4eb4b330463b
true/2361,4eb4b330463b
true/2369,4eb4b330463b
true/2386,4eb4b330463b
true/2392,4eb4b330463b
true/2395,4eb4b330463b
true/2404,4eb4b330463b
true/2405,4eb4b330463b
true/2406,4eb4b330463b
true/2409,4eb4b330463b
true/241,4eb4b330463b
true/2410,4eb4b330463b
true/2417,4eb4b330463b
true/2418,4eb4b330463b
true/2433,4eb4b330463b
true/2438,4eb4b330463b
true/2439,4eb4b330463b
true/2448,4eb4b330463b
true/2449,4eb4b330463b
true/2450,4eb4b330463b
true/2459,4eb4b330463b
true/2461,4eb4b330463b
true/2462,4eb4b330463b
true/247,4eb4b330463b
true/2482,4eb4b330463b
true/2487,4eb4b330463b
true/2489,4eb4b330463b
true/2491,4eb4b330463b
true/2495,4eb4b330463b
true/2496,4eb4b330463b
true/2513,4eb4b330463b
true/2514,4eb4b330463b
true/2520,4eb4b330463b
true/2524,4eb4b330463b
true/2528,4eb4b330463b
true/2530,4eb4b330463b
true/2531,4eb4b330463b
true/2536,4eb4b330463b
true/2541,4eb4b330463b
true/2559,4eb4b330463b
true/2563,4eb4b330463b
true/2567,4eb4b330463b
true/2575,4eb4b330463b
true/2577,4eb4b330463b
true/2588,4eb4b330463b
true/2592,4eb4b330463b
true/2610,4eb4b330463b
true/2640,4eb4b330463b
true/2641,4eb4b330463b
true/2646,4eb4b330463b
true/2663,4eb4b330463b
true/2685,4eb4b330463b
true/2693,4eb4b330463b
true/2698,4eb4b330463b
true/2700,4eb4b330463b
true/2735,4eb4b330463b
true/2742,4eb4b330463b
true/2763,4eb4b330463b
true/2770,4eb4b330463b
true/2779,4eb4b330463b
true/278,4eb4b330463b
true/2784,4eb4b330463b
true/2798,4eb4b330463b
true/2802,4eb4b330463b
true/2809,4eb4b330463b
true/2824,4eb4b330463b
true/2833,4eb4b330463b
true/2840,4eb4b330463b
true/2861,4eb4b330463b
true/2885,4eb4b330463b
true/2899,4eb4b330463b
true/2901,4eb4b330463b
true/2905,4eb4b330463b
true/2915,4eb4b330463b
true/2945,4eb4b330463b
true/2952,4eb4b330463b
true/2953,4eb4b330463b
true/2978,4eb4b330463b
true/2980,4eb4b330463b
true/2981,4eb4b330463b
true/3001,4eb4b330463b
true/3002,4eb4b330463b
true/3011,4eb4b330463b
true/3021,4eb4b330463b
true/3023,4eb4b330463b
true/3027,4eb4b330463b
true/3028,4eb4b330463b
true/3049,4eb4b330463b
true/3053,4eb4b330463b
true/3056,4eb4b330463b
true/3071,4eb4b330463b
true/3078,4eb4b330463b
true/3082,4eb4b330463b
true/3101,4eb4b330463b
true/3105,4eb4b330463b
true/3109,4eb4b330463b
true/3112,4eb4b330463b
true/3118,4eb4b330463b
true/3127,4eb4b330463b
true/3131,4eb4b330463b
true/3139,4eb4b330463b
true/314,4eb4b330463b
true/3148,4eb4b330463b
true/317,4eb4b330463b
true/3170,4eb4b330463b
true/3177,4eb4b330463b
true/3182,4eb4b330463b
true/3184,4eb4b330463b
true/3188,4eb4b330463b
true/3190,4eb4b330463b
true/3194,4eb4b330463b
true/32,4eb4b330463b
true/320,4eb4b330463b
true/3203,4eb4b330463b
true/3206,4eb4b330463b
true/3225,4eb4b330463b
true/3227,4eb4b330463b
true/3232,4eb4b330463b
true/3242,4eb4b330463b
true/326,4eb4b330463b
true/3260,4eb4b330463b
true/3270,4eb4b330463b
true/3285,4eb4b330463b
true/3293,4eb4b330463b
true/3305,4eb4b330463b
true/3308,4eb4b330463b
true/3316,4eb4b330463b
true/3353,4eb4b330463b
true/3360,4eb4b330463b
true/3393,4eb4b330463b
true/3420,4eb4b330463b
true/3429,4eb4b330463b
true/3430,4eb4b330463b
true/3434,4eb4b330463b
true/3437,4eb4b330463b
true/3440,4eb4b330463b
true/3456,4eb4b330463b
true/3475,4eb4b330463b
true/3478,4eb4b330463b
true/3494,4eb4b330463b
true/3499,4eb4b330463b
true/3512,4eb4b330463b
true/3515,4eb4b330463b
true/3541,4eb4b330463b
true/3544,4eb4b330463b
true/3548,4eb4b330463b
true/3561,4eb4b330463b
true/3575,4eb4b330463b
true/3585,4eb4b330463b
true/3589,4eb4b330463b
true/3590,4eb4b330463b
true/36,4eb4b330463b
true/3601,4eb4b330463b
true/378,4eb4b330463b
true/38,4eb4b330463b
true/387,4eb4b330463b
true/388,4eb4b330463b
true/39,4eb4b330463b
true/392,4eb4b330463b
true/393,4eb4b330463b
true/398,4eb4b330463b
true/416,4eb4b330463b
true/417,4eb4b330463b
true/428,4eb4b330463b
true/43,4eb4b330463b
true/430,4eb4b330463b
true/446,4eb4b330463b
true/458,4eb4b330463b
true/461,4eb4b330463b
true/468,4eb4b330463b
true/469,4eb4b330463b
true/47,4eb4b330463b
true/49,4eb4b330463b
true/490,4eb4b330463b
true/491,4eb4b330463b
true/495,4eb4b330463b
true/496,4eb4b330463b
true/497,4eb4b330463b
true/500,4eb4b330463b
true/503,4eb4b330463b
true/506,4eb4b330463b
true/517,4eb4b330463b
true/520,4eb4b330463b
true/523,4eb4b330463b
true/525,4eb4b330463b
true/529,4eb4b330463b
true/549,4eb4b330463b
true/55,4eb4b330463b
true/567,4eb4b330463b
true/571,4eb4b330463b
true/616,4eb4b330463b
true/621,4eb4b330463b
true/623,4eb4b330463b
true/627,4eb4b330463b
true/637,4eb4b330463b
true/641,4eb4b330463b
true/643,4eb4b330463b
true/648,4eb4b330463b
true/653,4eb4b330463b
true/657,4eb4b330463b
true/659,4eb4b330463b
true/665,4eb4b330463b
true/691,4eb4b330463b
true/693,4eb4b330463b
true/715,4eb4b330463b
true/725,4eb4b330463b
true/735,4eb4b330463b
true/740,4eb4b330463b
true/743,4eb4b330463b
true/75,4eb4b330463b
true/772,4eb4b330463b
true/780,4eb4b330463b
true/781,4eb4b330463b
true/790,4eb4b330463b
true/798,4eb4b330463b
true/82,4eb4b330463b
true/820,4eb4b330463b
true/822,4eb4b330463b
true/827,4eb4b330463b
true/828,4eb4b330463b
true/832,4eb4b330463b
true/834,4eb4b330463b
true/836,4eb4b330463b
true/84,4eb4b330463b
true/854,4eb4b330463b
true/88,4eb4b330463b
true/887,4eb4b330463b
true/904,4eb4b330463b
true/907,4eb4b330463b
true/92,4eb4b330463b
true/931,4eb4b330463b
true/957,4eb4b330463b
true/969,4eb4b330463b
true/995,4eb4b330463b
true/996,4eb4b330463b
fake/20,2967678a0d61
fake/21,2967678a0d61
fake/28,2967678a0d61
fake/43,2967678a0d61
fake/47,2967678a0d61
fake/60,2967678a0d61
true/1014,2967678a0d61
true/1025,2967678a0d61
true/1030,2967678a0d61
true/1039,2967678a0d61
true/1044,2967678a0d61
true/1045,2967678a0d61
true/1047,2967678a0d61
true/1049,2967678a0d61
true/1053,2967678a0d61
true/1062,2967678a0d61
true/1070,2967678a0d61
true/1073,2967678a0d61
true/1087,2967678a0d61
true/1106,2967678a0d61
true/1107,2967678a0d61
true/1114,2967678a0d61
true/1115,2967678a0d61
true/1121,2967678a0d61
true/1156,2967678a0d61
true/1175,2967678a0d61
true/1183,2967678a0d61
true/1190,2967678a0d61
true/1196,2967678a0d61
true/1210,2967678a0d61
true/1215,2967678a0d61
true/1221,2967678a0d61
true/1227,2967678a0d61
true/124,2967678a0d61
true/1244,2967678a0d61
true/1273,2967678a0d61
true/1278,2967678a0d61
true/1279,2967678a0d61
true/1283,2967678a0d61
true/1289,2967678a0d61
true/1299,2967678a0d61
true/1302,2967678a0d61
true/1313,2967678a0d61
true/1322,2967678a0d61
true/1326,2967678a0d61
true/1331,2967678a0d61
true/1332,2967678a0d61
true/1338,2967678a0d61
true/1354,2967678a0d61
true/1400,2967678a0d61
true/1405,2967678a0d61
true/1406,2967678a0d61
true/1412,2967678a0d61
true/1413,2967678a0d61
true/1429,2967678a0d61
true/144,2967678a0d61
true/1441,2967678a0d61
true/1457,2967678a0d61
true/146,2967678a0d61
true/1478,2967678a0d61
true/1480,2967678a0d61
true/1489,2967678a0d61
true/1493,2967678a0d61
true/1525,2967678a0d61
true/1527,2967678a0d61
true/1528,2967678a0d61
true/1549,2967678a0d61
true/1568,2967678a0d61
true/1570,2967678a0d61
true/158,2967678a0d61
true/1583,2967678a0d61
true/1588,2967678a0d61
true/1589,2967678a0d61
true/160,2967678a0d61
true/1606,2967678a0d61
true/1618,2967678a0d61
true/1619,2967678a0d61
true/1625,2967678a0d61
true/1626,2967678a0d61
true/1631,2967678a0d61
true/1633,2967678a0d61
true/1638,2967678a0d61
true/1647,2967678a0d61
true/1649,2967678a0d61
true/1660,2967678a0d61
true/1662,2967678a0d61
true/1673,2967678a0d61
true/1677,2967678a0d61
true/1678,2967678a0d61
true/1679,2967678a0d61
true/1690,2967678a0d61
true/1693,2967678a0d61
true/170,2967678a0d61
true/1704,2967678a0d61
true/1711,2967678a0d61
true/1741,2967678a0d61
true/1749,2967678a0d61
true/1750,2967678a0d61
true/1756,2967678a0d61
true/176,2967678a0d61
true/1767,2967678a0d61
true/1768,2967678a0d61
true/1772,2967678a0d61
true/1775,2967678a0d61
true/1796,2967678a0d61
true/1799,2967678a0d61
true/181,2967678a0d61
true/183,2967678a0d61
true/1837,2967678a0d61
true/184,2967678a0d61
true/1841,2967678a0d61
true/1851,2967678a0d61
true/1857,2967678a0d61
true/1860,2967678a0d61
true/187,2967678a0d61
true/1887,2967678a0d61
true/1891,2967678a0d61
true/1897,2967678a0d61
true/1908,2967678a0d61
true/191,2967678a0d61
true/1911,2967678a0d61
true/1917,2967678a0d61
true/1924,2967678a0d61
true/1937,2967678a0d61
true/194,2967678a0d61
true/1944,2967678a0d61
true/1947,2967678a0d61
true/1958,2967678a0d61
true/1960,2967678a0d61
true/1968,2967678a0d61
true/1971,2967678a0d61
true/1982,2967678a0d61
true/1983,2967678a0d61
true/2004,2967678a0d61
true/2010,2967678a0d61
true/2011,2967678a0d61
true/2019,2967678a0d61
true/2022,2967678a0d61
true/2026,2967678a0d61
true/2033,2967678a0d61
true/2041,2967678a0d61
true/2046,2967678a0d61
true/2051,2967678a0d61
true/2052,2967678a0d61
true/2055,2967678a0d61
true/2068,2967678a0d61
true/2072,2967678a0d61
true/2086,2967678a0d61
true/2089,2967678a0d61
true/209,2967678a0d61
true/21,2967678a0d61
true/2106,2967678a0d61
true/2111,2967678a0d61
true/2137,2967678a0d61
true/214,2967678a0d61
true/2146,2967678a0d61
true/2150,2967678a0d61
true/2154,2967678a0d61
true/2156,2967678a0d61
true/216,2967678a0d61
true/2166,2967678a0d61
true/217,2967678a0d61
true/2170,2967678a0d61
true/2173,2967678a0d61
true/2174,2967678a0d61
true/2175,2967678a0d61
true/2176,2967678a0d61
true/219,2967678a0d61
true/2190,2967678a0d61
true/2198,2967678a0d61
true/2207,2967678a0d61
true/2215,2967678a0d61
true/2228,2967678a0d61
true/2229,2967678a0d61
true/2233,2967678a0d61
true/2234,2967678a0d61
true/2236,2967678a0d61
true/2240,2967678a0d61
true/2241,2967678a0d61
true/2257,2967678a0d61
true/226,2967678a0d61
true/2264,2967678a0d61
true/2268,2967678a0d61
true/2271,2967678a0d61
true/2280,2967678a0d61
true/2289,2967678a0d61
true/2305,2967678a0d61
true/2312,2967678a0d61
true/2314,2967678a0d61
true/234,2967678a0d61
true/2344,2967678a0d61
true/2350,2967678a0d61
true/2354,2967678a0d61
true/2356,2967678a0d61
true/2383,2967678a0d61
true/2408,2967678a0d61
true/2427,2967678a0d61
true/2429,2967678a0d61
true/243,2967678a0d61
true/2434,2967678a0d61
true/2437,2967678a0d61
true/2455,2967678a0d61
true/2469,2967678a0d61
true/2472,2967678a0d61
true/2499,2967678a0d61
true/25,2967678a0d61
true/2502,2967678a0d61
true/2534,2967678a0d61
true/2537,2967678a0d61
true/2562,2967678a0d61
true/2564,2967678a0d61
true/2603,2967678a0d61
true/2606,2967678a0d61
true/2608,2967678a0d61
true/2621,2967678a0d61
true/2648,2967678a0d61
true/2659,2967678a0d61
true/2666,2967678a0d61
true/2668,2967678a0d61
true/2670,2967678a0d61
true/2682,2967678a0d61
true/2699,2967678a0d61
true/2702,2967678a0d61
true/2707,2967678a0d61
true/2724,2967678a0d61
true/2737,2967678a0d61
true/2741,2967678a0d61
true/2753,2967678a0d61
true/2790,2967678a0d61
true/2804,2967678a0d61
true/2812,2967678a0d61
true/2813,2967678a0d61
true/2815,2967678a0d61
true/2834,2967678a0d61
true/2854,2967678a0d61
true/2875,2967678a0d61
true/2882,2967678a0d61
true/2896,2967678a0d61
true/2925,2967678a0d61
true/2936,2967678a0d61
true/2948,2967678a0d61
true/2959,2967678a0d61
true/296,2967678a0d61
true/2968,2967678a0d61
true/2979,2967678a0d61
true/2984,2967678a0d61
true/2999,2967678a0d61
true/3051,2967678a0d61
true/3055,2967678a0d61
true/3066,2967678a0d61
true/3067,2967678a0d61
true/3068,2967678a0d61
true/3077,2967678a0d61
true/3079,2967678a0d61
true/3094,2967678a0d61
true/3098,2967678a0d61
true/3117,2967678a0d61
true/3134,2967678a0d61
true/3137,2967678a0d61
true/3157,2967678a0d61
true/316,2967678a0d61
true/3168,2967678a0d61
true/3183,2967678a0d61
true/3191,2967678a0d61
true/3212,2967678a0d61
true/3233,2967678a0d61
true/3234,2967678a0d61
true/3259,2967678a0d61
true/3283,2967678a0d61
true/3298,2967678a0d61
true/3301,2967678a0d61
true/3303,2967678a0d61
true/3329,2967678a0d61
true/333,2967678a0d61
true/3330,2967678a0d61
true/3338,2967678a0d61
true/3341,2967678a0d61
true/3374,2967678a0d61
true/3390,2967678a0d61
true/3396,2967678a0d61
true/3407,2967678a0d61
true/3409,2967678a0d61
true/341,2967678a0d61
true/3410,2967678a0d61
true/3435,2967678a0d61
true/345,2967678a0d61
true/3450,2967678a0d61
true/3459,2967678a0d61
true/3460,2967678a0d61
true/3472,2967678a0d61
true/3477,2967678a0d61
true/3482,2967678a0d61
true/3485,2967678a0d61
true/3488,2967678a0d61
true/3490,2967678a0d61
true/3508,2967678a0d61
true/3521,2967678a0d61
true/3531,2967678a0d61
true/3547,2967678a0d61
true/3552,2967678a0d61
true/3563,2967678a0d61
true/3566,2967678a0d61
true/3567,2967678a0d61
true/3596,2967678a0d61
true/362,2967678a0d61
true/379,2967678a0d61
true/380,2967678a0d61
true/383,2967678a0d61
true/386,2967678a0d61
true/403,2967678a0d61
true/411,2967678a0d61
true/414,2967678a0d61
true/42,2967678a0d61
true/424,2967678a0d61
true/429,2967678a0d61
true/432,2967678a0d61
true/435,2967678a0d61
true/436,2967678a0d61
true/439,2967678a0d61
true/457,2967678a0d61
true/465,2967678a0d61
true/477,2967678a0d61
true/488,2967678a0d61
true/504,2967678a0d61
true/546,2967678a0d61
true/555,2967678a0d61
true/559,2967678a0d61
true/566,2967678a0d61
true/58,2967678a0d61
true/583,2967678a0d61
true/584,2967678a0d61
true/598,2967678a0d61
true/600,2967678a0d61
true/606,2967678a0d61
true/61,2967678a0d61
true/62,2967678a0d61
true/636,2967678a0d61
true/640,2967678a0d61
true/658,2967678a0d61
true/662,2967678a0d61
true/675,2967678a0d61
true/685,2967678a0d61
true/686,2967678a0d61
true/692,2967678a0d61
true/696,2967678a0d61
true/70,2967678a0d61
true/701,2967678a0d61
true/703,2967678a0d61
true/707,2967678a0d61
true/709,2967678a0d61
true/71,2967678a0d61
true/721,2967678a0d61
true/723,2967678a0d61
true/731,2967678a0d61
true/747,2967678a0d61
true/757,2967678a0d61
true/758,2967678a0d61
true/761,2967678a0d61
true/806,2967678a0d61
true/812,2967678a0d61
true/815,2967678a0d61
true/826,2967678a0d61
true/837,2967678a0d61
true/865,2967678a0d61
true/877,2967678a0d61
true/878,2967678a0d61
true/881,2967678a0d61
true/884,2967678a0d61
true/889,2967678a0d61
true/892,2967678a0d61
true/899,2967678a0d61
true/918,2967678a0d61
true/921,2967678a0d61
true/925,2967678a0d61
true/932,2967678a0d61
true/939,2967678a0d61
true/940,2967678a0d61
true/951,2967678a0d61
true/952,2967678a0d61
true/958,2967678a0d61
true/959,2967678a0d61
true/960,2967678a0d61
true/964,2967678a0d61
true/973,2967678a0d61
true/999,2967678a0d61
fake/47,409033ccbbf7
true/1006,409033ccbbf7
true/1008,409033ccbbf7
true/1030,409033ccbbf7
true/1031,409033ccbbf7
true/1039,409033ccbbf7
true/1045,409033ccbbf7
true/1049,409033ccbbf7
true/1052,409033ccbbf7
true/1062,409033ccbbf7
true/1065,409033ccbbf7
true/1070,409033ccbbf7
true/1080,409033ccbbf7
true/1087,409033ccbbf7
true/1091,409033ccbbf7
true/1114,409033ccbbf7
true/1115,409033ccbbf7
true/1153,409033ccbbf7
true/1155,409033ccbbf7
true/1156,409033ccbbf7
true/1162,409033ccbbf7
true/1169,409033ccbbf7
true/1190,409033ccbbf7
true/1196,409033ccbbf7
true/1197,409033ccbbf7
true/1200,409033ccbbf7
true/1208,409033ccbbf7
true/1210,409033ccbbf7
true/1212,409033ccbbf7
true/1215,409033ccbbf7
true/1221,409033ccbbf7
true/1227,409033ccbbf7
true/1228,409033ccbbf7
true/1231,409033ccbbf7
true/124,409033ccbbf7
true/1242,409033ccbbf7
true/1250,409033ccbbf7
true/1253,409033ccbbf7
true/1273,409033ccbbf7
true/1275,409033ccbbf7
true/1279,409033ccbbf7
true/130,409033ccbbf7
true/1313,409033ccbbf7
true/1322,409033ccbbf7
true/1406,409033ccbbf7
true/1413,409033ccbbf7
true/1434,409033ccbbf7
true/1442,409033ccbbf7
true/1457,409033ccbbf7
true/1458,409033ccbbf7
true/1467,409033ccbbf7
true/1478,409033ccbbf7
true/1480,409033ccbbf7
true/1489,409033ccbbf7
true/1493,409033ccbbf7
true/1505,409033ccbbf7
true/151,409033ccbbf7
true/1526,409033ccbbf7
true/1550,409033ccbbf7
true/1558,409033ccbbf7
true/1566,409033ccbbf7
true/1568,409033ccbbf7
true/1571,409033ccbbf7
true/1578,409033ccbbf7
true/1586,409033ccbbf7
true/160,409033ccbbf7
true/1616,409033ccbbf7
true/1618,409033ccbbf7
true/1619,409033ccbbf7
true/1625,409033ccbbf7
true/1626,409033ccbbf7
true/1630,409033ccbbf7
true/1631,409033ccbbf7
true/1638,409033ccbbf7
true/1653,409033ccbbf7
true/1659,409033ccbbf7
true/1662,409033ccbbf7
true/1667,409033ccbbf7
true/1669,409033ccbbf7
true/1682,409033ccbbf7
true/1690,409033ccbbf7
true/1698,409033ccbbf7
true/170,409033ccbbf7
true/1704,409033ccbbf7
true/1711,409033ccbbf7
true/1718,409033ccbbf7
true/1736,409033ccbbf7
true/1756,409033ccbbf7
true/176,409033ccbbf7
true/1768,409033ccbbf7
true/1779,409033ccbbf7
true/1806,409033ccbbf7
true/1813,409033ccbbf7
true/1837,409033ccbbf7
true/1840,409033ccbbf7
true/1843,409033ccbbf7
true/1856,409033ccbbf7
true/186,409033ccbbf7
true/1866,409033ccbbf7
true/1869,409033ccbbf7
true/1875,409033ccbbf7
true/1884,409033ccbbf7
true/1887,409033ccbbf7
true/1892,409033ccbbf7
true/1896,409033ccbbf7
true/1908,409033ccbbf7
true/1911,409033ccbbf7
true/1917,409033ccbbf7
true/1924,409033ccbbf7
true/1937,409033ccbbf7
true/1944,409033ccbbf7
true/1960,409033ccbbf7
true/1970,409033ccbbf7
true/1971,409033ccbbf7
true/1977,409033ccbbf7
true/1983,409033ccbbf7
true/1984,409033ccbbf7
true/1997,409033ccbbf7
true/2001,409033ccbbf7
true/2011,409033ccbbf7
true/2020,409033ccbbf7
true/2026,409033ccbbf7
true/2033,409033ccbbf7
true/2041,409033ccbbf7
true/2046,409033ccbbf7
true/2052,409033ccbbf7
true/2055,409033ccbbf7
true/207,409033ccbbf7
true/2072,409033ccbbf7
true/2086,409033ccbbf7
true/2089,409033ccbbf7
true/209,409033ccbbf7
true/2127,409033ccbbf7
true/2134,409033ccbbf7
true/2137,409033ccbbf7
true/214,409033ccbbf7
true/2144,409033ccbbf7
true/2150,409033ccbbf7
true/2154,409033ccbbf7
true/2155,409033ccbbf7
true/2166,409033ccbbf7
true/2173,409033ccbbf7
true/2174,409033ccbbf7
true/2175,409033ccbbf7
true/2206,409033ccbbf7
true/2215,409033ccbbf7
true/2233,409033ccbbf7
true/2236,409033ccbbf7
true/2257,409033ccbbf7
true/226,409033ccbbf7
true/2264,409033ccbbf7
true/2268,409033ccbbf7
true/2274,409033ccbbf7
true/2278,409033ccbbf7
true/2280,409033ccbbf7
true/2287,409033ccbbf7
true/2289,409033ccbbf7
true/2293,409033ccbbf7
true/2305,409033ccbbf7
true/2325,409033ccbbf7
true/2344,409033ccbbf7
true/235,409033ccbbf7
true/2350,409033ccbbf7
true/2365,409033ccbbf7
true/2370,409033ccbbf7
true/2376,409033ccbbf7
true/2378,409033ccbbf7
true/2382,409033ccbbf7
true/2383,409033ccbbf7
true/2387,409033ccbbf7
true/2401,409033ccbbf7
true/2408,409033ccbbf7
true/2411,409033ccbbf7
true/2422,409033ccbbf7
true/2431,409033ccbbf7
true/2434,409033ccbbf7
true/2435,409033ccbbf7
true/2453,409033ccbbf7
true/2455,409033ccbbf7
true/2457,409033ccbbf7
true/2469,409033ccbbf7
true/2472,409033ccbbf7
true/2480,409033ccbbf7
true/25,409033ccbbf7
true/2502,409033ccbbf7
true/2504,409033ccbbf7
true/2532,409033ccbbf7
true/2537,409033ccbbf7
true/2547,409033ccbbf7
true/2548,409033ccbbf7
true/2562,409033ccbbf7
true/2564,409033ccbbf7
true/2566,409033ccbbf7
true/2568,409033ccbbf7
true/2569,409033ccbbf7
true/2585,409033ccbbf7
true/2594,409033ccbbf7
true/2602,409033ccbbf7
true/2603,409033ccbbf7
true/263,409033ccbbf7
true/2648,409033ccbbf7
true/2666,409033ccbbf7
true/2667,409033ccbbf7
true/2668,409033ccbbf7
true/2671,409033ccbbf7
true/2682,409033ccbbf7
true/2689,409033ccbbf7
true/2702,409033ccbbf7
true/2709,409033ccbbf7
true/2725,409033ccbbf7
true/2741,409033ccbbf7
true/2754,409033ccbbf7
true/2765,409033ccbbf7
true/2767,409033ccbbf7
true/2774,409033ccbbf7
true/2813,409033ccbbf7
true/2823,409033ccbbf7
true/2856,409033ccbbf7
true/2868,409033ccbbf7
true/2876,409033ccbbf7
true/2880,409033ccbbf7
true/2882,409033ccbbf7
true/2892,409033ccbbf7
true/2896,409033ccbbf7
true/2942,409033ccbbf7
true/2943,409033ccbbf7
true/3005,409033ccbbf7
true/303,409033ccbbf7
true/3042,409033ccbbf7
true/3055,409033ccbbf7
true/3066,409033ccbbf7
true/3068,409033ccbbf7
true/3079,409033ccbbf7
true/3095,409033ccbbf7
true/3098,409033ccbbf7
true/3137,409033ccbbf7
true/3159,409033ccbbf7
true/3173,409033ccbbf7
true/3174,409033ccbbf7
true/3179,409033ccbbf7
true/3183,409033ccbbf7
true/3191,409033ccbbf7
true/3199,409033ccbbf7
true/3205,409033ccbbf7
true/3221,409033ccbbf7
true/3251,409033ccbbf7
true/3253,409033ccbbf7
true/3255,409033ccbbf7
true/3273,409033ccbbf7
true/3278,409033ccbbf7
true/3298,409033ccbbf7
true/3314,409033ccbbf7
true/3320,409033ccbbf7
true/3329,409033ccbbf7
true/3338,409033ccbbf7
true/3344,409033ccbbf7
true/335,409033ccbbf7
true/3355,409033ccbbf7
true/3374,409033ccbbf7
true/3384,409033ccbbf7
true/3390,409033ccbbf7
true/3397,409033ccbbf7
true/3407,409033ccbbf7
true/3409,409033ccbbf7
true/341,409033ccbbf7
true/3410,409033ccbbf7
true/3413,409033ccbbf7
true/3417,409033ccbbf7
true/3419,409033ccbbf7
true/342,409033ccbbf7
true/3426,409033ccbbf7
true/3435,409033ccbbf7
true/344,409033ccbbf7
true/345,409033ccbbf7
true/3450,409033ccbbf7
true/3459,409033ccbbf7
true/3460,409033ccbbf7
true/3462,409033ccbbf7
true/3472,409033ccbbf7
true/3498,409033ccbbf7
true/3521,409033ccbbf7
true/3546,409033ccbbf7
true/3547,409033ccbbf7
true/3568,409033ccbbf7
true/3580,409033ccbbf7
true/362,409033ccbbf7
true/382,409033ccbbf7
true/383,409033ccbbf7
true/386,409033ccbbf7
true/414,409033ccbbf7
true/433,409033ccbbf7
true/435,409033ccbbf7
true/439,409033ccbbf7
true/452,409033ccbbf7
true/462,409033ccbbf7
true/477,409033ccbbf7
true/484,409033ccbbf7
true/488,409033ccbbf7
true/501,409033ccbbf7
true/528,409033ccbbf7
true/538,409033ccbbf7
true/54,409033ccbbf7
true/546,409033ccbbf7
true/547,409033ccbbf7
true/554,409033ccbbf7
true/555,409033ccbbf7
true/559,409033ccbbf7
true/566,409033ccbbf7
true/574,409033ccbbf7
true/58,409033ccbbf7
true/583,409033ccbbf7
true/593,409033ccbbf7
true/606,409033ccbbf7
true/608,409033ccbbf7
true/61,409033ccbbf7
true/629,409033ccbbf7
true/636,409033ccbbf7
true/638,409033ccbbf7
true/647,409033ccbbf7
true/652,409033ccbbf7
true/675,409033ccbbf7
true/681,409033ccbbf7
true/685,409033ccbbf7
true/686,409033ccbbf7
true/687,409033ccbbf7
true/692,409033ccbbf7
true/698,409033ccbbf7
true/707,409033ccbbf7
true/711,409033ccbbf7
true/72,409033ccbbf7
true/730,409033ccbbf7
true/747,409033ccbbf7
true/757,409033ccbbf7
true/758,409033ccbbf7
true/761,409033ccbbf7
true/767,409033ccbbf7
true/782,409033ccbbf7
true/788,409033ccbbf7
true/794,409033ccbbf7
true/800,409033ccbbf7
true/806,409033ccbbf7
true/809,409033ccbbf7
true/811,409033ccbbf7
true/812,409033ccbbf7
true/815,409033ccbbf7
true/823,409033ccbbf7
true/826,409033ccbbf7
true/837,409033ccbbf7
true/843,409033ccbbf7
true/858,409033ccbbf7
true/877,409033ccbbf7
true/881,409033ccbbf7
true/886,409033ccbbf7
true/889,409033ccbbf7
true/894,409033ccbbf7
true/899,409033ccbbf7
true/903,409033ccbbf7
true/918,409033ccbbf7
true/921,409033ccbbf7
true/932,409033ccbbf7
true/959,409033ccbbf7
true/960,409033ccbbf7
true/968,409033ccbbf7
true/97,409033ccbbf7
true/970,409033ccbbf7
true/972,409033ccbbf7
true/974,409033ccbbf7
true/982,409033ccbbf7
true/994,409033ccbbf7
fake/18,47040babbc40
fake/29,47040babbc40
fake/34,47040babbc40
fake/35,47040babbc40
fake/37,47040babbc40
fake/39,47040babbc40
fake/45,47040babbc40
fake/46,47040babbc40
fake/51,47040babbc40
fake/55,47040babbc40
fake/59,47040babbc40
fake/62,47040babbc40
fake/63,47040babbc40
fake/70,47040babbc40
fake/74,47040babbc40
fake/82,47040babbc40
fake/85,47040babbc40
true/1009,47040babbc40
true/1010,47040babbc40
true/1035,47040babbc40
true/1041,47040babbc40
true/1055,47040babbc40
true/1063,47040babbc40
true/1076,47040babbc40
true/109,47040babbc40
true/1090,47040babbc40
true/11,47040babbc40
true/1108,47040babbc40
true/1112,47040babbc40
true/1127,47040babbc40
true/114,47040babbc40
true/1144,47040babbc40
true/1147,47040babbc40
true/115,47040babbc40
true/1160,47040babbc40
true/1165,47040babbc40
true/1171,47040babbc40
true/1172,47040babbc40
true/1179,47040babbc40
true/1182,47040babbc40
true/1186,47040babbc40
true/1259,47040babbc40
true/1263,47040babbc40
true/1269,47040babbc40
true/1287,47040babbc40
true/131,47040babbc40
true/1320,47040babbc40
true/1330,47040babbc40
true/1336,47040babbc40
true/1361,47040babbc40
true/1375,47040babbc40
true/1376,47040babbc40
true/1403,47040babbc40
true/1414,47040babbc40
true/1417,47040babbc40
true/1419,47040babbc40
true/1453,47040babbc40
true/1456,47040babbc40
true/1487,47040babbc40
true/1508,47040babbc40
true/1529,47040babbc40
true/1540,47040babbc40
true/1545,47040babbc40
true/155,47040babbc40
true/1551,47040babbc40
true/1560,47040babbc40
true/1563,47040babbc40
true/157,47040babbc40
true/1574,47040babbc40
true/1592,47040babbc40
true/1624,47040babbc40
true/1641,47040babbc40
true/1644,47040babbc40
true/1658,47040babbc40
true/166,47040babbc40
true/1663,47040babbc40
true/1688,47040babbc40
true/1699,47040babbc40
true/1701,47040babbc40
true/1705,47040babbc40
true/171,47040babbc40
true/1724,47040babbc40
true/1726,47040babbc40
true/1732,47040babbc40
true/1733,47040babbc40
true/1745,47040babbc40
true/1746,47040babbc40
true/1755,47040babbc40
true/1758,47040babbc40
true/1806,47040babbc40
true/1818,47040babbc40
true/1840,47040babbc40
true/1844,47040babbc40
true/1846,47040babbc40
true/1863,47040babbc40
true/1865,47040babbc40
true/1870,47040babbc40
true/1873,47040babbc40
true/1876,47040babbc40
true/188,47040babbc40
true/1886,47040babbc40
true/1888,47040babbc40
true/1893,47040babbc40
true/1910,47040babbc40
true/1920,47040babbc40
true/193,47040babbc40
true/1940,47040babbc40
true/1943,47040babbc40
true/1953,47040babbc40
true/1964,47040babbc40
true/1974,47040babbc40
true/1998,47040babbc40
true/2000,47040babbc40
true/2007,47040babbc40
true/2017,47040babbc40
true/2035,47040babbc40
true/2038,47040babbc40
true/2045,47040babbc40
true/2061,47040babbc40
true/2066,47040babbc40
true/2077,47040babbc40
true/2079,47040babbc40
true/2087,47040babbc40
true/211,47040babbc40
true/2123,47040babbc40
true/2125,47040babbc40
true/2135,47040babbc40
true/2138,47040babbc40
true/2140,47040babbc40
true/2152,47040babbc40
true/2157,47040babbc40
true/2163,47040babbc40
true/2180,47040babbc40
true/2186,47040babbc40
true/2191,47040babbc40
true/2197,47040babbc40
true/2199,47040babbc40
true/2202,47040babbc40
true/2235,47040babbc40
true/2237,47040babbc40
true/2238,47040babbc40
true/224,47040babbc40
true/2253,47040babbc40
true/2259,47040babbc40
true/2261,47040babbc40
true/2288,47040babbc40
true/2298,47040babbc40
true/2299,47040babbc40
true/2303,47040babbc40
true/2308,47040babbc40
true/2309,47040babbc40
true/2315,47040babbc40
true/2320,47040babbc40
true/2326,47040babbc40
true/233,47040babbc40
true/2335,47040babbc40
true/2337,47040babbc40
true/2338,47040babbc40
true/2341,47040babbc40
true/2342,47040babbc40
true/2343,47040babbc40
true/2352,47040babbc40
true/236,47040babbc40
true/2380,47040babbc40
true/2386,47040babbc40
true/2390,47040babbc40
true/2398,47040babbc40
true/2404,47040babbc40
true/2406,47040babbc40
true/2410,47040babbc40
true/2418,47040babbc40
true/2426,47040babbc40
true/2428,47040babbc40
true/2438,47040babbc40
true/2449,47040babbc40
true/2459,47040babbc40
true/2462,47040babbc40
true/2465,47040babbc40
true/2479,47040babbc40
true/2482,47040babbc40
true/2486,47040babbc40
true/2491,47040babbc40
true/2495,47040babbc40
true/2513,47040babbc40
true/2514,47040babbc40
true/2519,47040babbc40
true/2520,47040babbc40
true/2524,47040babbc40
true/2526,47040babbc40
true/2538,47040babbc40
true/2542,47040babbc40
true/2552,47040babbc40
true/2567,47040babbc40
true/2575,47040babbc40
true/2578,47040babbc40
true/2592,47040babbc40
true/2600,47040babbc40
true/2620,47040babbc40
true/2631,47040babbc40
true/2640,47040babbc40
true/2645,47040babbc40
true/2693,47040babbc40
true/2708,47040babbc40
true/2763,47040babbc40
true/2769,47040babbc40
true/2770,47040babbc40
true/2789,47040babbc40
true/2798,47040babbc40
true/280,47040babbc40
true/2801,47040babbc40
true/2802,47040babbc40
true/2806,47040babbc40
true/2811,47040babbc40
true/2833,47040babbc40
true/2848,47040babbc40
true/2849,47040babbc40
true/2855,47040babbc40
true/2888,47040babbc40
true/2899,47040babbc40
true/2905,47040babbc40
true/2915,47040babbc40
true/2942,47040babbc40
true/2978,47040babbc40
true/2981,47040babbc40
true/2989,47040babbc40
true/3001,47040babbc40
true/3002,47040babbc40
true/3023,47040babbc40
true/3027,47040babbc40
true/3049,47040babbc40
true/3053,47040babbc40
true/3071,47040babbc40
true/3082,47040babbc40
true/3087,47040babbc40
true/3109,47040babbc40
true/3115,47040babbc40
true/3126,47040babbc40
true/3127,47040babbc40
true/3131,47040babbc40
true/3133,47040babbc40
true/3139,47040babbc40
true/3170,47040babbc40
true/3182,47040babbc40
true/3194,47040babbc40
true/320,47040babbc40
true/3206,47040babbc40
true/3214,47040babbc40
true/3225,47040babbc40
true/3232,47040babbc40
true/3242,47040babbc40
true/3252,47040babbc40
true/326,47040babbc40
true/3260,47040babbc40
true/3267,47040babbc40
true/3270,47040babbc40
true/3285,47040babbc40
true/329,47040babbc40
true/3293,47040babbc40
true/3310,47040babbc40
true/3347,47040babbc40
true/3353,47040babbc40
true/3354,47040babbc40
true/3369,47040babbc40
true/3393,47040babbc40
true/3413,47040babbc40
true/3420,47040babbc40
true/3425,47040babbc40
true/343,47040babbc40
true/3430,47040babbc40
true/3434,47040babbc40
true/3439,47040babbc40
true/3440,47040babbc40
true/3471,47040babbc40
true/3478,47040babbc40
true/3479,47040babbc40
true/350,47040babbc40
true/3500,47040babbc40
true/3512,47040babbc40
true/3515,47040babbc40
true/3523,47040babbc40
true/3524,47040babbc40
true/3541,47040babbc40
true/3544,47040babbc40
true/3585,47040babbc40
true/3590,47040babbc40
true/36,47040babbc40
true/3601,47040babbc40
true/378,47040babbc40
true/38,47040babbc40
true/387,47040babbc40
true/39,47040babbc40
true/393,47040babbc40
true/398,47040babbc40
true/399,47040babbc40
true/412,47040babbc40
true/417,47040babbc40
true/426,47040babbc40
true/430,47040babbc40
true/446,47040babbc40
true/466,47040babbc40
true/468,47040babbc40
true/469,47040babbc40
true/470,47040babbc40
true/471,47040babbc40
true/490,47040babbc40
true/500,47040babbc40
true/512,47040babbc40
true/520,47040babbc40
true/525,47040babbc40
true/527,47040babbc40
true/529,47040babbc40
true/549,47040babbc40
true/599,47040babbc40
true/609,47040babbc40
true/623,47040babbc40
true/633,47040babbc40
true/637,47040babbc40
true/641,47040babbc40
true/643,47040babbc40
true/648,47040babbc40
true/650,47040babbc40
true/653,47040babbc40
true/656,47040babbc40
true/659,47040babbc40
true/665,47040babbc40
true/691,47040babbc40
true/702,47040babbc40
true/714,47040babbc40
true/715,47040babbc40
true/735,47040babbc40
true/743,47040babbc40
true/751,47040babbc40
true/770,47040babbc40
true/773,47040babbc40
true/774,47040babbc40
true/780,47040babbc40
true/792,47040babbc40
true/798,47040babbc40
true/820,47040babbc40
true/829,47040babbc40
true/834,47040babbc40
true/836,47040babbc40
true/84,47040babbc40
true/858,47040babbc40
true/876,47040babbc40
true/88,47040babbc40
true/895,47040babbc40
true/9,47040babbc40
true/904,47040babbc40
true/928,47040babbc40
true/957,47040babbc40
true/966,47040babbc40
true/969,47040babbc40
true/970,47040babbc40
fake/10,2cc79e8e48c3
fake/1022,2cc79e8e48c3
fake/1026,2cc79e8e48c3
fake/1028,2cc79e8e48c3
fake/1037,2cc79e8e48c3
fake/1052,2cc79e8e48c3
fake/1054,2cc79e8e48c3
fake/1063,2cc79e8e48c3
fake/1069,2cc79e8e48c3
fake/1072,2cc79e8e48c3
fake/1084,2cc79e8e48c3
fake/1087,2cc79e8e48c3
fake/110,2cc79e8e48c3
fake/1103,2cc79e8e48c3
fake/1109,2cc79e8e48c3
fake/112,2cc79e8e48c3
fake/1128,2cc79e8e48c3
fake/1131,2cc79e8e48c3
fake/1135,2cc79e8e48c3
fake/1142,2cc79e8e48c3
fake/115,2cc79e8e48c3
fake/116,2cc79e8e48c3
fake/1160,2cc79e8e48c3
fake/1167,2cc79e8e48c3
fake/1169,2cc79e8e48c3
fake/117,2cc79e8e48c3
fake/1172,2cc79e8e48c3
fake/118,2cc79e8e48c3
fake/1186,2cc79e8e48c3
fake/1191,2cc79e8e48c3
fake/1192,2cc79e8e48c3
fake/120,2cc79e8e48c3
fake/1200,2cc79e8e48c3
fake/1204,2cc79e8e48c3
fake/1240,2cc79e8e48c3
fake/1243,2cc79e8e48c3
fake/1257,2cc79e8e48c3
fake/126,2cc79e8e48c3
fake/1265,2cc79e8e48c3
fake/1266,2cc79e8e48c3
fake/1281,2cc79e8e48c3
fake/129,2cc79e8e48c3
fake/1314,2cc79e8e48c3
fake/1328,2cc79e8e48c3
fake/1332,2cc79e8e48c3
fake/1378,2cc79e8e48c3
fake/1393,2cc79e8e48c3
fake/1397,2cc79e8e48c3
fake/1399,2cc79e8e48c3
fake/140,2cc79e8e48c3
fake/1404,2cc79e8e48c3
fake/1409,2cc79e8e48c3
fake/141,2cc79e8e48c3
fake/1416,2cc79e8e48c3
fake/1429,2cc79e8e48c3
fake/1431,2cc79e8e48c3
fake/1434,2cc79e8e48c3
fake/1441,2cc79e8e48c3
fake/1444,2cc79e8e48c3
fake/1456,2cc79e8e48c3
fake/1462,2cc79e8e48c3
fake/147,2cc79e8e48c3
fake/1508,2cc79e8e48c3
fake/151,2cc79e8e48c3
fake/1516,2cc79e8e48c3
fake/1517,2cc79e8e48c3
fake/1519,2cc79e8e48c3
fake/1526,2cc79e8e48c3
fake/1527,2cc79e8e48c3
fake/1531,2cc79e8e48c3
fake/154,2cc79e8e48c3
fake/1561,2cc79e8e48c3
fake/1566,2cc79e8e48c3
fake/1567,2cc79e8e48c3
fake/1571,2cc79e8e48c3
fake/158,2cc79e8e48c3
fake/160,2cc79e8e48c3
fake/1602,2cc79e8e48c3
fake/1609,2cc79e8e48c3
fake/1626,2cc79e8e48c3
fake/1692,2cc79e8e48c3
fake/170,2cc79e8e48c3
fake/171,2cc79e8e48c3
fake/1725,2cc79e8e48c3
fake/1734,2cc79e8e48c3
fake/1736,2cc79e8e48c3
fake/1756,2cc79e8e48c3
fake/1791,2cc79e8e48c3
fake/1801,2cc79e8e48c3
fake/1802,2cc79e8e48c3
fake/181,2cc79e8e48c3
fake/1823,2cc79e8e48c3
fake/183,2cc79e8e48c3
fake/1857,2cc79e8e48c3
fake/1870,2cc79e8e48c3
fake/1874,2cc79e8e48c3
fake/1893,2cc79e8e48c3
fake/1897,2cc79e8e48c3
fake/1898,2cc79e8e48c3
fake/1950,2cc79e8e48c3
fake/1971,2cc79e8e48c3
fake/1977,2cc79e8e48c3
fake/1983,2cc79e8e48c3
fake/2019,2cc79e8e48c3
fake/2075,2cc79e8e48c3
fake/2098,2cc79e8e48c3
fake/2103,2cc79e8e48c3
fake/2105,2cc79e8e48c3
fake/2107,2cc79e8e48c3
fake/2113,2cc79e8e48c3
fake/2134,2cc79e8e48c3
fake/2142,2cc79e8e48c3
fake/2144,2cc79e8e48c3
fake/2147,2cc79e8e48c3
fake/2156,2cc79e8e48c3
fake/2168,2cc79e8e48c3
fake/2170,2cc79e8e48c3
fake/2173,2cc79e8e48c3
fake/2187,2cc79e8e48c3
fake/2194,2cc79e8e48c3
fake/2195,2cc79e8e48c3
fake/2199,2cc79e8e48c3
fake/220,2cc79e8e48c3
fake/2218,2cc79e8e48c3
fake/222,2cc79e8e48c3
fake/2221,2cc79e8e48c3
fake/2225,2cc79e8e48c3
fake/2239,2cc79e8e48c3
fake/224,2cc79e8e48c3
fake/2289,2cc79e8e48c3
fake/229,2cc79e8e48c3
fake/2318,2cc79e8e48c3
fake/2323,2cc79e8e48c3
fake/234,2cc79e8e48c3
fake/2350,2cc79e8e48c3
fake/2356,2cc79e8e48c3
fake/236,2cc79e8e48c3
fake/2373,2cc79e8e48c3
fake/2390,2cc79e8e48c3
fake/240,2cc79e8e48c3
fake/2422,2cc79e8e48c3
fake/2426,2cc79e8e48c3
fake/2427,2cc79e8e48c3
fake/2431,2cc79e8e48c3
fake/2460,2cc79e8e48c3
fake/2467,2cc79e8e48c3
fake/2486,2cc79e8e48c3
fake/2499,2cc79e8e48c3
fake/2501,2cc79e8e48c3
fake/2502,2cc79e8e48c3
fake/2519,2cc79e8e48c3
fake/2520,2cc79e8e48c3
fake/2536,2cc79e8e48c3
fake/254,2cc79e8e48c3
fake/2548,2cc79e8e48c3
fake/2552,2cc79e8e48c3
fake/2553,2cc79e8e48c3
fake/2566,2cc79e8e48c3
fake/2569,2cc79e8e48c3
fake/2580,2cc79e8e48c3
fake/2585,2cc79e8e48c3
fake/261,2cc79e8e48c3
fake/262,2cc79e8e48c3
fake/263,2cc79e8e48c3
fake/2677,2cc79e8e48c3
fake/269,2cc79e8e48c3
fake/2707,2cc79e8e48c3
fake/2711,2cc79e8e48c3
fake/2716,2cc79e8e48c3
fake/2771,2cc79e8e48c3
fake/2782,2cc79e8e48c3
fake/2790,2cc79e8e48c3
fake/2813,2cc79e8e48c3
fake/2815,2cc79e8e48c3
fake/2834,2cc79e8e48c3
fake/2890,2cc79e8e48c3
fake/2897,2cc79e8e48c3
fake/2901,2cc79e8e48c3
fake/2909,2cc79e8e48c3
fake/2940,2cc79e8e48c3
fake/2941,2cc79e8e48c3
fake/2945,2cc79e8e48c3
fake/2947,2cc79e8e48c3
fake/2980,2cc79e8e48c3
fake/2993,2cc79e8e48c3
fake/2996,2cc79e8e48c3
fake/2997,2cc79e8e48c3
fake/300,2cc79e8e48c3
fake/302,2cc79e8e48c3
fake/3022,2cc79e8e48c3
fake/3027,2cc79e8e48c3
fake/303,2cc79e8e48c3
fake/3038,2cc79e8e48c3
fake/304,2cc79e8e48c3
fake/305,2cc79e8e48c3
fake/3058,2cc79e8e48c3
fake/3059,2cc79e8e48c3
fake/3077,2cc79e8e48c3
fake/3078,2cc79e8e48c3
fake/308,2cc79e8e48c3
fake/3108,2cc79e8e48c3
fake/3115,2cc79e8e48c3
fake/3147,2cc79e8e48c3
fake/3150,2cc79e8e48c3
fake/3152,2cc79e8e48c3
fake/3170,2cc79e8e48c3
fake/3173,2cc79e8e48c3
fake/3177,2cc79e8e48c3
fake/3179,2cc79e8e48c3
fake/3197,2cc79e8e48c3
fake/3200,2cc79e8e48c3
fake/3202,2cc79e8e48c3
fake/3215,2cc79e8e48c3
fake/3228,2cc79e8e48c3
fake/3234,2cc79e8e48c3
fake/3239,2cc79e8e48c3
fake/3255,2cc79e8e48c3
fake/3257,2cc79e8e48c3
fake/3258,2cc79e8e48c3
fake/3280,2cc79e8e48c3
fake/3283,2cc79e8e48c3
fake/3284,2cc79e8e48c3
fake/3299,2cc79e8e48c3
fake/3311,2cc79e8e48c3
fake/3323,2cc79e8e48c3
fake/3332,2cc79e8e48c3
fake/3347,2cc79e8e48c3
fake/335,2cc79e8e48c3
fake/3353,2cc79e8e48c3
fake/3369,2cc79e8e48c3
fake/3378,2cc79e8e48c3
fake/3393,2cc79e8e48c3
fake/3423,2cc79e8e48c3
fake/3425,2cc79e8e48c3
fake/3429,2cc79e8e48c3
fake/3437,2cc79e8e48c3
fake/3438,2cc79e8e48c3
fake/3447,2cc79e8e48c3
fake/3468,2cc79e8e48c3
fake/3478,2cc79e8e48c3
fake/3479,2cc79e8e48c3
fake/3485,2cc79e8e48c3
fake/3490,2cc79e8e48c3
fake/3491,2cc79e8e48c3
fake/3492,2cc79e8e48c3
fake/3518,2cc79e8e48c3
fake/352,2cc79e8e48c3
fake/3521,2cc79e8e48c3
fake/3530,2cc79e8e48c3
fake/3539,2cc79e8e48c3
fake/3541,2cc79e8e48c3
fake/3545,2cc79e8e48c3
fake/3550,2cc79e8e48c3
fake/3561,2cc79e8e48c3
fake/3589,2cc79e8e48c3
fake/3590,2cc79e8e48c3
fake/3596,2cc79e8e48c3
fake/370,2cc79e8e48c3
fake/372,2cc79e8e48c3
fake/378,2cc79e8e48c3
fake/400,2cc79e8e48c3
fake/406,2cc79e8e48c3
fake/425,2cc79e8e48c3
fake/432,2cc79e8e48c3
fake/458,2cc79e8e48c3
fake/470,2cc79e8e48c3
fake/473,2cc79e8e48c3
fake/478,2cc79e8e48c3
fake/491,2cc79e8e48c3
fake/496,2cc79e8e48c3
fake/512,2cc79e8e48c3
fake/517,2cc79e8e48c3
fake/521,2cc79e8e48c3
fake/548,2cc79e8e48c3
fake/551,2cc79e8e48c3
fake/559,2cc79e8e48c3
fake/587,2cc79e8e48c3
fake/593,2cc79e8e48c3
fake/600,2cc79e8e48c3
fake/604,2cc79e8e48c3
fake/616,2cc79e8e48c3
fake/617,2cc79e8e48c3
fake/628,2cc79e8e48c3
fake/633,2cc79e8e48c3
fake/648,2cc79e8e48c3
fake/650,2cc79e8e48c3
fake/657,2cc79e8e48c3
fake/658,2cc79e8e48c3
fake/662,2cc79e8e48c3
fake/668,2cc79e8e48c3
fake/670,2cc79e8e48c3
fake/671,2cc79e8e48c3
fake/680,2cc79e8e48c3
fake/691,2cc79e8e48c3
fake/7,2cc79e8e48c3
fake/706,2cc79e8e48c3
fake/709,2cc79e8e48c3
fake/715,2cc79e8e48c3
fake/736,2cc79e8e48c3
fake/754,2cc79e8e48c3
fake/757,2cc79e8e48c3
fake/762,2cc79e8e48c3
fake/764,2cc79e8e48c3
fake/773,2cc79e8e48c3
fake/780,2cc79e8e48c3
fake/781,2cc79e8e48c3
fake/806,2cc79e8e48c3
fake/813,2cc79e8e48c3
fake/846,2cc79e8e48c3
fake/848,2cc79e8e48c3
fake/854,2cc79e8e48c3
fake/861,2cc79e8e48c3
fake/877,2cc79e8e48c3
fake/88,2cc79e8e48c3
fake/883,2cc79e8e48c3
fake/884,2cc79e8e48c3
fake/886,2cc79e8e48c3
fake/89,2cc79e8e48c3
fake/907,2cc79e8e48c3
fake/925,2cc79e8e48c3
fake/928,2cc79e8e48c3
fake/944,2cc79e8e48c3
fake/945,2cc79e8e48c3
fake/952,2cc79e8e48c3
fake/958,2cc79e8e48c3
fake/96,2cc79e8e48c3
fake/966,2cc79e8e48c3
fake/97,2cc79e8e48c3
fake/975,2cc79e8e48c3
true/1422,2cc79e8e48c3
true/165,2cc79e8e48c3
true/1901,2cc79e8e48c3
true/2067,2cc79e8e48c3
true/222,2cc79e8e48c3
true/2394,2cc79e8e48c3
true/255,2cc79e8e48c3
true/256,2cc79e8e48c3
true/258,2cc79e8e48c3
true/260,2cc79e8e48c3
true/267,2cc79e8e48c3
true/272,2cc79e8e48c3
true/299,2cc79e8e48c3
true/3152,2cc79e8e48c3
true/3493,2cc79e8e48c3
true/364,2cc79e8e48c3
true/438,2cc79e8e48c3
