rule_id,pattern_id,antecedents,consequents,features,train_occurrences,train_antecedent_occurrences,train_consequent_occurrences,train_support,train_antecedent_support,train_consequent_support,train_confidence,train_lift,train_jaccard,train_passes_filters,test_occurrences,test_antecedent_occurrences,test_consequent_occurrences,test_support,test_antecedent_support,test_consequent_support,test_confidence,test_lift,test_jaccard,test_passes_filters,validation_occurrences,validation_antecedent_occurrences,validation_consequent_occurrences,validation_support,validation_antecedent_support,validation_consequent_support,validation_confidence,validation_lift,validation_jaccard,validation_passes_filters,validation_confidence_ci_low,validation_confidence_ci_high,validation_confidence_bootstrap_valid_repetitions,validation_lift_ci_low,validation_lift_ci_high,validation_lift_bootstrap_valid_repetitions,validation_bootstrap_pass_fraction,rediscovery_count,rediscovery_fraction,repetitions
3583c1292032,aaea6e78e590,"[""POS_PRON_rate_alto""]","[""uppercaseRatio_baixo""]","[""POS_PRON_rate_alto"", ""uppercaseRatio_baixo""]",631,1163,1882,0.14606481481481481,0.26921296296296299,0.43564814814814817,0.54256233877901983,1.2454140826383451,0.26139188069594033,True,209,406,645,0.1451388888888889,0.28194444444444444,0.44791666666666669,0.51477832512315269,1.1492725398098294,0.24821852731591448,True,202,372,629,0.14027777777777778,0.25833333333333336,0.43680555555555556,0.543010752688172,1.2431406738807118,0.25281602002503129,True,0.49965282915178288,0.58524873076723827,100,1.1521874015569726,1.3275778843136832,100,0.96999999999999997,100,1,100
eed415da02ef,38dff70680be,"[""DEP_ccomp_rate_baixo"", ""POS_PRON_rate_alto""]","[""uppercaseRatio_baixo""]","[""DEP_ccomp_rate_baixo"", ""POS_PRON_rate_alto"", ""uppercaseRatio_baixo""]",360,655,1882,0.083333333333333329,0.15162037037037038,0.43564814814814817,0.54961832061068705,1.2616105977886121,0.16536518144235185,True,112,223,645,0.077777777777777779,0.15486111111111112,0.44791666666666669,0.50224215246636772,1.1212848055063094,0.14814814814814814,False,111,195,629,0.077083333333333337,0.13541666666666666,0.43680555555555556,0.56923076923076921,1.3031674208144797,0.15568022440392706,False,0.51156597774244827,0.63166278812056742,100,1.1819302999634287,1.4348449944961694,100,0.27000000000000002,67,0.67000000000000004,100
dcb32a5cb82c,2492450784f1,"[""POS_ADV_rate_alto"", ""POS_PRON_rate_alto""]","[""DEP_advmod_rate_alto""]","[""DEP_advmod_rate_alto"", ""POS_ADV_rate_alto"", ""POS_PRON_rate_alto""]",368,423,1166,0.085185185185185183,0.097916666666666666,0.26990740740740743,0.8699763593380615,3.2232400277362139,0.30139230139230139,True,121,135,383,0.084027777777777785,0.09375,0.26597222222222222,0.89629629629629626,3.369886858137511,0.30478589420654911,True,125,132,366,0.086805555555555552,0.09166666666666666,0.25416666666666665,0.94696969696969702,3.7257824143070044,0.33512064343163539,True,0.90613388429752073,0.98443533697632057,100,3.4054706110071855,4.026564287701631,100,0.82999999999999996,66,0.66000000000000003,100
1666765bee42,2492450784f1,"[""DEP_advmod_rate_alto"", ""POS_PRON_rate_alto""]","[""POS_ADV_rate_alto""]","[""DEP_advmod_rate_alto"", ""POS_ADV_rate_alto"", ""POS_PRON_rate_alto""]",368,425,1181,0.085185185185185183,0.098379629629629636,0.27337962962962964,0.86588235294117644,3.1673257956866068,0.2972536348949919,True,121,143,383,0.084027777777777785,0.09930555555555555,0.26597222222222222,0.84615384615384615,3.1813617192207269,0.29876543209876544,True,125,139,372,0.086805555555555552,0.096527777777777782,0.25833333333333336,0.89928057553956831,3.4810860988628454,0.32383419689119169,True,0.84726107226107228,0.94162404092071605,100,3.1196994381065419,3.7502918753389261,100,0.82999999999999996,66,0.66000000000000003,100
6c46cc8fbadd,b97ffc0e300d,"[""DEP_advmod_rate_baixo"", ""DEP_obj_rate_alto""]","[""POS_ADV_rate_baixo""]","[""DEP_advmod_rate_baixo"", ""DEP_obj_rate_alto"", ""POS_ADV_rate_baixo""]",351,402,1278,0.081250000000000003,0.093055555555555558,0.29583333333333334,0.87313432835820892,2.9514399831826781,0.26410835214446954,True,111,133,443,0.077083333333333337,0.092361111111111116,0.30763888888888891,0.83458646616541354,2.712877000627981,0.23870967741935484,False,119,133,434,0.082638888888888887,0.092361111111111116,0.30138888888888887,0.89473684210526316,2.9687121028377397,0.265625,True,0.85352388958946335,0.94458910129641838,100,2.7392994069724588,3.2152431372549017,100,0.57999999999999996,71,0.70999999999999996,100
9a294293e096,b97ffc0e300d,"[""DEP_obj_rate_alto"", ""POS_ADV_rate_baixo""]","[""DEP_advmod_rate_baixo""]","[""DEP_advmod_rate_baixo"", ""DEP_obj_rate_alto"", ""POS_ADV_rate_baixo""]",351,364,1409,0.081250000000000003,0.084259259259259256,0.3261574074074074,0.9642857142857143,2.9565041062557031,0.24683544303797469,True,111,115,487,0.077083333333333337,0.079861111111111105,0.33819444444444446,0.9652173913043478,2.8540308900990983,0.22606924643584522,False,119,124,479,0.082638888888888887,0.08611111111111111,0.33263888888888887,0.95967741935483875,2.8850427638224798,0.24586776859504134,True,0.92073839955543202,0.98862327188940091,100,2.6828870837931347,3.1163067928462218,100,0.57999999999999996,71,0.70999999999999996,100
7d817c58a054,757b92cfcc31,"[""DEP_amod_rate_alto""]","[""DEP_ccomp_rate_baixo""]","[""DEP_amod_rate_alto"", ""DEP_ccomp_rate_baixo""]",765,1152,2561,0.17708333333333334,0.26666666666666666,0.59282407407407411,0.6640625,1.1201679031628271,0.25949796472184533,True,243,374,842,0.16875000000000001,0.25972222222222224,0.58472222222222225,0.64973262032085566,1.1111816784584705,0.24974306269270299,True,251,377,849,0.17430555555555555,0.26180555555555557,0.58958333333333335,0.66578249336870021,1.129242391579421,0.25743589743589745,True,0.62100806451612911,0.7177116137543621,100,1.0620778319654651,1.2010095557516023,100,1,100,1,100
cf014d4cf764,41f10c8d976d,"[""DEP_amod_rate_alto""]","[""uppercaseRatio_baixo""]","[""DEP_amod_rate_alto"", ""uppercaseRatio_baixo""]",600,1152,1882,0.1388888888888889,0.26666666666666666,0.43564814814814817,0.52083333333333337,1.1955366631243358,0.24650780608052589,True,192,374,645,0.13333333333333333,0.25972222222222224,0.44791666666666669,0.5133689839572193,1.1461261037184429,0.23216444981862153,True,190,377,629,0.13194444444444445,0.26180555555555557,0.43680555555555556,0.50397877984084882,1.1537828982048048,0.23284313725490197,True,0.46047130409296022,0.54637113637977697,100,1.067187599360395,1.2262775380760682,100,0.54000000000000004,92,0.92000000000000004,100
70cb1095ce1a,77f301ed9e03,"[""DEP_advcl_rate_baixo"", ""DEP_amod_rate_alto""]","[""DEP_ccomp_rate_baixo""]","[""DEP_advcl_rate_baixo"", ""DEP_amod_rate_alto"", ""DEP_ccomp_rate_baixo""]",460,698,2561,0.10648148148148148,0.16157407407407406,0.59282407407407411,0.65902578796561606,1.1116717704066619,0.16434440871739908,True,156,245,842,0.10833333333333334,0.1701388888888889,0.58472222222222225,0.63673469387755099,1.0889524455863104,0.16756176154672395,True,147,222,849,0.10208333333333333,0.15416666666666667,0.58958333333333335,0.66216216216216217,1.1231019004870595,0.15909090909090909,True,0.60916189484643413,0.72852022695772689,100,1.0385794725239001,1.2373958245599967,100,0.95999999999999996,97,0.96999999999999997,100
a4a0ab32082c,db9a969f6c8b,"[""DEP_amod_rate_alto"", ""uppercaseRatio_baixo""]","[""DEP_ccomp_rate_baixo""]","[""DEP_amod_rate_alto"", ""DEP_ccomp_rate_baixo"", ""uppercaseRatio_baixo""]",407,600,2561,0.094212962962962957,0.1388888888888889,0.59282407407407411,0.67833333333333334,1.1442405310425614,0.14778503994190267,True,127,192,842,0.08819444444444445,0.13333333333333333,0.58472222222222225,0.66145833333333337,1.1312351543942993,0.14002205071664828,True,131,190,849,0.090972222222222218,0.13194444444444445,0.58958333333333335,0.68947368421052635,1.1694253301097266,0.14427312775330398,True,0.63267336751214243,0.75453008021390378,100,1.0762294658768445,1.2604678834199783,100,0.93999999999999995,99,0.98999999999999999,100
a8f9652488ca,db9a969f6c8b,"[""DEP_amod_rate_alto"", ""DEP_ccomp_rate_baixo""]","[""uppercaseRatio_baixo""]","[""DEP_amod_rate_alto"", ""DEP_ccomp_rate_baixo"", ""uppercaseRatio_baixo""]",407,765,1882,0.094212962962962957,0.17708333333333334,0.43564814814814817,0.53202614379084967,1.2212289804338314,0.18169642857142856,True,127,243,645,0.08819444444444445,0.16875000000000001,0.44791666666666669,0.52263374485596703,1.166810221073787,0.16688567674113008,True,131,251,629,0.090972222222222218,0.17430555555555555,0.43680555555555556,0.52191235059760954,1.1948390856288678,0.17489986648865152,True,0.47185306221253936,0.57208623287179849,100,1.0711901646479856,1.2973077887543036,100,0.70999999999999996,98,0.97999999999999998,100
e7885bcb6024,33e3e1cab994,"[""DEP_advcl_rate_baixo"", ""DEP_amod_rate_alto""]","[""uppercaseRatio_baixo""]","[""DEP_advcl_rate_baixo"", ""DEP_amod_rate_alto"", ""uppercaseRatio_baixo""]",354,698,1882,0.081944444444444445,0.16157407407407406,0.43564814814814817,0.50716332378223494,1.1641581077254277,0.15902964959568733,True,133,245,645,0.092361111111111116,0.1701388888888889,0.44791666666666669,0.54285714285714282,1.2119601328903655,0.17569352708058125,True,121,222,629,0.084027777777777785,0.15416666666666667,0.43680555555555556,0.54504504504504503,1.2477978773686247,0.16575342465753426,True,0.49642533936651584,0.60020624724478855,100,1.1404657855519524,1.3653451023304992,100,0.73999999999999999,33,0.33000000000000002,100
670282c704b5,3fd56667412d,"[""diversidade_alto""]","[""DEP_ccomp_rate_baixo""]","[""DEP_ccomp_rate_baixo"", ""diversidade_alto""]",693,1110,2561,0.16041666666666668,0.25694444444444442,0.59282407407407411,0.62432432432432428,1.0531359160800786,0.23270651443922094,True,247,386,842,0.17152777777777778,0.26805555555555555,0.58472222222222225,0.63989637305699487,1.0943595928765708,0.25178389398572887,True,205,382,849,0.1423611111111111,0.26527777777777778,0.58958333333333335,0.53664921465968585,0.91021774924611032,0.19980506822612085,False,0.49517753227859612,0.58341595427183979,100,0.84296262486735341,0.9722197365162254,100,0,50,0.5,100
b208a328a620,b5b380a56589,"[""DEP_advcl_rate_baixo"", ""diversidade_alto""]","[""DEP_ccomp_rate_baixo""]","[""DEP_advcl_rate_baixo"", ""DEP_ccomp_rate_baixo"", ""diversidade_alto""]",379,603,2561,0.08773148148148148,0.13958333333333334,0.59282407407407411,0.62852404643449422,1.0602201798504549,0.13608617594254938,True,151,226,842,0.10486111111111111,0.15694444444444444,0.58472222222222225,0.66814159292035402,1.142664957013432,0.16466739367502725,True,102,195,849,0.070833333333333331,0.13541666666666666,0.58958333333333335,0.52307692307692311,0.88719760804566461,0.10828025477707007,False,0.46526687598116173,0.58807734176559012,100,0.79925196214728333,1.0103556969665457,100,0,62,0.62,100
a4dfda82672f,c44390a7edde,"[""DEP_amod_rate_alto""]","[""POS_ADJ_rate_alto""]","[""DEP_amod_rate_alto"", ""POS_ADJ_rate_alto""]",832,1152,1089,0.19259259259259259,0.26666666666666666,0.25208333333333333,0.72222222222222221,2.8650137741046833,0.59048970901348474,True,276,374,362,0.19166666666666668,0.25972222222222224,0.25138888888888888,0.73796791443850263,2.9355629745619995,0.59999999999999998,True,272,377,350,0.18888888888888888,0.26180555555555557,0.24305555555555555,0.72148541114058351,2.9683971201212582,0.59780219780219779,True,0.67674004185510828,0.76994505370774879,100,2.7522303583472176,3.1993806354393199,100,1,100,1,100
4022a7b5dcf8,c44390a7edde,"[""POS_ADJ_rate_alto""]","[""DEP_amod_rate_alto""]","[""DEP_amod_rate_alto"", ""POS_ADJ_rate_alto""]",832,1089,1152,0.19259259259259259,0.25208333333333333,0.26666666666666666,0.76400367309458217,2.8650137741046833,0.59048970901348474,True,276,362,374,0.19166666666666668,0.25138888888888888,0.25972222222222224,0.76243093922651939,2.9355629745619995,0.59999999999999998,True,272,350,377,0.18888888888888888,0.24305555555555555,0.26180555555555557,0.77714285714285714,2.9683971201212582,0.59780219780219779,True,0.73148458143165984,0.82168757246758717,100,2.7522303583472176,3.1993806354393199,100,1,100,1,100
679c1c019611,e31526165276,"[""POS_ADJ_rate_alto""]","[""DEP_ccomp_rate_baixo""]","[""DEP_ccomp_rate_baixo"", ""POS_ADJ_rate_alto""]",705,1089,2561,0.16319444444444445,0.25208333333333333,0.59282407407407411,0.64738292011019283,1.0920321026458544,0.23938879456706283,True,232,362,842,0.16111111111111112,0.25138888888888888,0.58472222222222225,0.64088397790055252,1.0960486082859806,0.23868312757201646,True,228,350,849,0.15833333333333333,0.24305555555555555,0.58958333333333335,0.65142857142857147,1.1048965169106513,0.23480947476828012,True,0.59883076564864757,0.70739352020385871,100,1.0269282927834185,1.179822829777992,100,0.91000000000000003,99,0.98999999999999999,100
46440f577adc,64748c9e68b0,"[""POS_ADJ_rate_alto""]","[""uppercaseRatio_baixo""]","[""POS_ADJ_rate_alto"", ""uppercaseRatio_baixo""]",568,1089,1882,0.13148148148148148,0.25208333333333333,0.43564814814814817,0.52157943067033974,1.1972492776279851,0.2363712026633375,True,181,362,645,0.12569444444444444,0.25138888888888888,0.44791666666666669,0.5,1.1162790697674418,0.21912832929782083,True,187,350,629,0.12986111111111112,0.24305555555555555,0.43680555555555556,0.53428571428571425,1.2231660231660231,0.2361111111111111,True,0.48572686887254901,0.57793287566742946,100,1.1291675411115403,1.3329943788789917,100,0.89000000000000001,95,0.94999999999999996,100
9dd991d064e5,0449a19a868e,"[""DEP_amod_rate_alto"", ""POS_ADJ_rate_alto""]","[""DEP_ccomp_rate_baixo""]","[""DEP_amod_rate_alto"", ""DEP_ccomp_rate_baixo"", ""POS_ADJ_rate_alto""]",561,832,2561,0.12986111111111112,0.19259259259259259,0.59282407407407411,0.67427884615384615,1.1374012555191781,0.19809322033898305,True,184,276,842,0.12777777777777777,0.19166666666666668,0.58472222222222225,0.66666666666666663,1.1401425178147269,0.19700214132762311,True,182,272,849,0.12638888888888888,0.18888888888888888,0.58958333333333335,0.66911764705882348,1.1348991893577218,0.19382321618743345,True,0.60786630036630029,0.73376984126984124,100,1.0430387164798249,1.2271266985544587,100,0.95999999999999996,100,1,100
b5170c164a80,0449a19a868e,"[""DEP_amod_rate_alto"", ""DEP_ccomp_rate_baixo""]","[""POS_ADJ_rate_alto""]","[""DEP_amod_rate_alto"", ""DEP_ccomp_rate_baixo"", ""POS_ADJ_rate_alto""]",561,765,1089,0.12986111111111112,0.17708333333333334,0.25208333333333333,0.73333333333333328,2.9090909090909092,0.43387470997679817,True,184,243,362,0.12777777777777777,0.16875000000000001,0.25138888888888888,0.75720164609053497,3.0120728463269901,0.43705463182897863,True,182,251,350,0.12638888888888888,0.17430555555555555,0.24305555555555555,0.72509960159362552,2.9832669322709164,0.43436754176610981,True,0.66724030890369468,0.77993827160493823,100,2.7634147666116973,3.223561269286721,100,1,100,1,100
64cfc41cd29c,0449a19a868e,"[""DEP_ccomp_rate_baixo"", ""POS_ADJ_rate_alto""]","[""DEP_amod_rate_alto""]","[""DEP_amod_rate_alto"", ""DEP_ccomp_rate_baixo"", ""POS_ADJ_rate_alto""]",561,705,1152,0.12986111111111112,0.16319444444444445,0.26666666666666666,0.79574468085106387,2.9840425531914891,0.43287037037037035,True,184,232,374,0.12777777777777777,0.16111111111111112,0.25972222222222224,0.7931034482758621,3.0536603356075971,0.43601895734597157,True,182,228,377,0.12638888888888888,0.15833333333333333,0.26180555555555557,0.79824561403508776,3.0490018148820326,0.43026004728132389,True,0.74206495646877579,0.85669068450849195,100,2.8262138721294656,3.3588991547774922,100,1,100,1,100
aa24ffb4eb59,0449a19a868e,"[""POS_ADJ_rate_alto""]","[""DEP_amod_rate_alto"", ""DEP_ccomp_rate_baixo""]","[""DEP_amod_rate_alto"", ""DEP_ccomp_rate_baixo"", ""POS_ADJ_rate_alto""]",561,1089,765,0.12986111111111112,0.25208333333333333,0.17708333333333334,0.51515151515151514,2.9090909090909092,0.43387470997679817,True,184,362,243,0.12777777777777777,0.25138888888888888,0.16875000000000001,0.50828729281767959,3.0120728463269901,0.43705463182897863,True,182,350,251,0.12638888888888888,0.24305555555555555,0.17430555555555555,0.52000000000000002,2.9832669322709164,0.43436754176610981,True,0.46348893731143143,0.57678171641791043,100,2.7634147666116973,3.223561269286721,100,0.76000000000000001,62,0.62,100
7f0951dd1322,f879ebf22866,"[""DEP_advcl_rate_baixo"", ""DEP_amod_rate_alto""]","[""POS_ADJ_rate_alto""]","[""DEP_advcl_rate_baixo"", ""DEP_amod_rate_alto"", ""POS_ADJ_rate_alto""]",516,698,1089,0.11944444444444445,0.16157407407407406,0.25208333333333333,0.73925501432664753,2.9325818750148001,0.40597954366640443,True,185,245,362,0.12847222222222221,0.1701388888888889,0.25138888888888888,0.75510204081632648,3.0037208253467131,0.43838862559241704,True,167,222,350,0.11597222222222223,0.15416666666666667,0.24305555555555555,0.75225225225225223,3.0949806949806948,0.4123456790123457,True,0.69890309021895303,0.81385885663507107,100,2.8475014747710947,3.4323670428842239,100,1,100,1,100
656d9ba782d9,f879ebf22866,"[""DEP_advcl_rate_baixo"", ""POS_ADJ_rate_alto""]","[""DEP_amod_rate_alto""]","[""DEP_advcl_rate_baixo"", ""DEP_amod_rate_alto"", ""POS_ADJ_rate_alto""]",516,663,1152,0.11944444444444445,0.15347222222222223,0.26666666666666666,0.77828054298642535,2.9185520361990949,0.39722863741339492,True,185,224,374,0.12847222222222221,0.15555555555555556,0.25972222222222224,0.8258928571428571,3.1799083269671504,0.44794188861985473,True,167,208,377,0.11597222222222223,0.14444444444444443,0.26180555555555557,0.80288461538461542,3.0667210773311568,0.39952153110047844,True,0.75384615384615383,0.85310820183804392,100,2.8138351064992522,3.3609252237741747,100,1,100,1,100
38f3353a775e,f879ebf22866,"[""DEP_amod_rate_alto"", ""POS_ADJ_rate_alto""]","[""DEP_advcl_rate_baixo""]","[""DEP_advcl_rate_baixo"", ""DEP_amod_rate_alto"", ""POS_ADJ_rate_alto""]",516,832,2534,0.11944444444444445,0.19259259259259259,0.58657407407407403,0.62019230769230771,1.0573128528929634,0.18105263157894738,True,185,276,857,0.12847222222222221,0.19166666666666668,0.59513888888888888,0.67028985507246375,1.1262746689665668,0.19514767932489452,True,167,272,833,0.11597222222222223,0.18888888888888888,0.57847222222222228,0.61397058823529416,1.0613657227596922,0.17803837953091683,True,0.55996926948484049,0.66098608361476652,100,0.985051029123583,1.1404126180251772,100,0.59999999999999998,54,0.54000000000000004,100
4c6216a0caaf,72a1ffe031c3,"[""DEP_advcl_rate_baixo"", ""POS_ADJ_rate_alto""]","[""DEP_ccomp_rate_baixo""]","[""DEP_advcl_rate_baixo"", ""DEP_ccomp_rate_baixo"", ""POS_ADJ_rate_alto""]",429,663,2561,0.09930555555555555,0.15347222222222223,0.59282407407407411,0.6470588235294118,1.0914854032202495,0.15348837209302327,True,148,224,842,0.10277777777777777,0.15555555555555556,0.58472222222222225,0.6607142857142857,1.1299626739056667,0.16122004357298475,True,138,208,849,0.09583333333333334,0.14444444444444443,0.58958333333333335,0.66346153846153844,1.1253057896167438,0.15016322089227421,True,0.60366787971652947,0.72901837167488814,100,1.035777937174855,1.2298338543840364,100,0.93000000000000005,94,0.93999999999999995,100
5d4727b012a4,a9025f569653,"[""DEP_amod_rate_alto"", ""uppercaseRatio_baixo""]","[""POS_ADJ_rate_alto""]","[""DEP_amod_rate_alto"", ""POS_ADJ_rate_alto"", ""uppercaseRatio_baixo""]",439,600,1089,0.10162037037037037,0.1388888888888889,0.25208333333333333,0.73166666666666669,2.902479338842975,0.35120000000000001,True,144,192,362,0.10000000000000001,0.13333333333333333,0.25138888888888888,0.75,2.9834254143646408,0.35121951219512193,True,147,190,350,0.10208333333333333,0.13194444444444445,0.24305555555555555,0.77368421052631575,3.183157894736842,0.37404580152671757,True,0.7205153778683191,0.83351556264964077,100,2.9124578372547378,3.4794129412237367,100,1,100,1,100
383cfa8699c9,a9025f569653,"[""POS_ADJ_rate_alto"", ""uppercaseRatio_baixo""]","[""DEP_amod_rate_alto""]","[""DEP_amod_rate_alto"", ""POS_ADJ_rate_alto"", ""uppercaseRatio_baixo""]",439,568,1152,0.10162037037037037,0.13148148148148148,0.26666666666666666,0.772887323943662,2.8983274647887325,0.34270101483216237,True,144,181,374,0.10000000000000001,0.12569444444444444,0.25972222222222224,0.79558011049723754,3.0631961473690432,0.35036496350364965,True,147,187,377,0.10208333333333333,0.12986111111111112,0.26180555555555557,0.78609625668449201,3.0025957815004469,0.35251798561151076,True,0.72462121212121211,0.84213826204955522,100,2.750727795470568,3.2752576561206919,100,1,100,1,100
6e53c5f330fc,a9025f569653,"[""DEP_amod_rate_alto"", ""POS_ADJ_rate_alto""]","[""uppercaseRatio_baixo""]","[""DEP_amod_rate_alto"", ""POS_ADJ_rate_alto"", ""uppercaseRatio_baixo""]",439,832,1882,0.10162037037037037,0.19259259259259259,0.43564814814814817,0.52764423076923073,1.2111706041036541,0.19296703296703296,True,144,276,645,0.10000000000000001,0.19166666666666668,0.44791666666666669,0.52173913043478259,1.1648129423660263,0.18532818532818532,True,147,272,629,0.10208333333333333,0.18888888888888888,0.43680555555555556,0.5404411764705882,1.2372580192649396,0.19496021220159152,True,0.48676886792452828,0.5934428879310345,100,1.1343035851100367,1.3510598949522359,100,0.91000000000000003,97,0.96999999999999997,100
0f7cc5beef0a,231bbfa80568,"[""POS_ADJ_rate_alto"", ""uppercaseRatio_baixo""]","[""DEP_ccomp_rate_baixo""]","[""DEP_ccomp_rate_baixo"", ""POS_ADJ_rate_alto"", ""uppercaseRatio_baixo""]",387,568,2561,0.089583333333333334,0.13148148148148148,0.59282407407407411,0.68133802816901412,1.149308973717353,0.14113785557986872,True,121,181,842,0.084027777777777785,0.12569444444444444,0.58472222222222225,0.66850828729281764,1.1432920827810658,0.13414634146341464,True,127,187,849,0.08819444444444445,0.12986111111111112,0.58958333333333335,0.67914438502673802,1.1519056707167288,0.1397139713971397,True,0.61303211351755038,0.75203531653862177,100,1.0455535022525597,1.2586595984084403,100,0.88,100,1,100
bdbbd0a85df4,231bbfa80568,"[""DEP_ccomp_rate_baixo"", ""POS_ADJ_rate_alto""]","[""uppercaseRatio_baixo""]","[""DEP_ccomp_rate_baixo"", ""POS_ADJ_rate_alto"", ""uppercaseRatio_baixo""]",387,705,1882,0.089583333333333334,0.16319444444444445,0.43564814814814817,0.54893617021276597,1.2600447690324914,0.1759090909090909,True,121,232,645,0.084027777777777785,0.16111111111111112,0.44791666666666669,0.52155172413793105,1.1643945469125903,0.16005291005291006,True,127,228,629,0.08819444444444445,0.15833333333333333,0.43680555555555556,0.55701754385964908,1.2752070956405321,0.17397260273972603,True,0.49276610574529522,0.62147330289797531,100,1.1374488582844089,1.4321270817978597,100,0.85999999999999999,100,1,100
e326c83039ac,2ae518b1157e,"[""DEP_advcl_rate_baixo"", ""punctuationDensity_spacy_baixo""]","[""DEP_ccomp_rate_baixo""]","[""DEP_advcl_rate_baixo"", ""DEP_ccomp_rate_baixo"", ""punctuationDensity_spacy_baixo""]",382,602,2561,0.088425925925925922,0.13935185185185187,0.59282407407407411,0.63455149501661134,1.0703875277125188,0.13736066163250629,True,126,201,842,0.087499999999999994,0.13958333333333334,0.58472222222222225,0.62686567164179108,1.0720743077959372,0.13740458015267176,True,119,203,849,0.082638888888888887,0.14097222222222222,0.58958333333333335,0.58620689655172409,0.99427318143048615,0.12754555198285103,False,0.52550062578222778,0.65397992530345472,100,0.88914937127919447,1.0923009892484452,100,0.13,72,0.71999999999999997,100
c7a30d04837d,25d548ee03bf,"[""DEP_advmod_rate_baixo"", ""punctuationDensity_spacy_baixo""]","[""POS_ADV_rate_baixo""]","[""DEP_advmod_rate_baixo"", ""POS_ADV_rate_baixo"", ""punctuationDensity_spacy_baixo""]",359,417,1278,0.083101851851851857,0.096527777777777782,0.29583333333333334,0.86091127098321341,2.9101226061404399,0.26871257485029942,True,114,127,443,0.079166666666666663,0.08819444444444445,0.30763888888888891,0.89763779527559051,2.9178294022502267,0.25,False,114,129,434,0.079166666666666663,0.089583333333333334,0.30138888888888887,0.88372093023255816,2.9321616118315292,0.25389755011135856,False,0.82592979753521123,0.94006428571428557,100,2.673758702987743,3.2040974694286906,100,0.46999999999999997,84,0.83999999999999997,100
ce8ff73ea2ff,25d548ee03bf,"[""POS_ADV_rate_baixo"", ""punctuationDensity_spacy_baixo""]","[""DEP_advmod_rate_baixo""]","[""DEP_advmod_rate_baixo"", ""POS_ADV_rate_baixo"", ""punctuationDensity_spacy_baixo""]",359,374,1409,0.083101851851851857,0.086574074074074067,0.3261574074074074,0.9598930481283422,2.9430361731117376,0.2521067415730337,True,114,120,487,0.079166666666666663,0.083333333333333329,0.33819444444444446,0.94999999999999996,2.8090349075975358,0.23123732251521298,False,114,119,479,0.079166666666666663,0.082638888888888887,0.33263888888888887,0.95798319327731096,2.8799494745706218,0.23553719008264462,False,0.91859809027777783,0.99194052189757276,100,2.6992102084836866,3.1310053596556768,100,0.46999999999999997,84,0.83999999999999997,100
58f2585b6892,955c07a3d79c,"[""POS_PROPN_rate_baixo""]","[""uppercaseRatio_baixo""]","[""POS_PROPN_rate_baixo"", ""uppercaseRatio_baixo""]",713,1088,1882,0.1650462962962963,0.25185185185185183,0.43564814814814817,0.65533088235294112,1.5042664249546791,0.31590607000443066,True,227,359,645,0.15763888888888888,0.24930555555555556,0.44791666666666669,0.63231197771587744,1.4116732525749822,0.29214929214929214,True,237,344,629,0.16458333333333333,0.2388888888888889,0.43680555555555556,0.68895348837209303,1.5772544089917551,0.32201086956521741,True,0.6430555555555556,0.73242052250550826,100,1.4784081603222592,1.6819384511174147,100,1,100,1,100
f5e829055ee4,3827d0dd8fe9,"[""POS_NOUN_rate_alto""]","[""POS_PROPN_rate_baixo""]","[""POS_NOUN_rate_alto"", ""POS_PROPN_rate_baixo""]",556,1092,1088,0.12870370370370371,0.25277777777777777,0.25185185185185183,0.50915750915750912,2.0216548157724628,0.34236453201970446,True,173,333,359,0.12013888888888889,0.23125000000000001,0.24930555555555556,0.51951951951951947,2.0838665964014154,0.33333333333333331,True,159,357,344,0.11041666666666666,0.24791666666666667,0.2388888888888889,0.44537815126050423,1.8643736564393198,0.29335793357933582,False,0.39349455040871933,0.4917818861466402,100,1.7117239325376461,2.0437424500603996,100,0,81,0.81000000000000005,100
1a7ef3000b3a,3827d0dd8fe9,"[""POS_PROPN_rate_baixo""]","[""POS_NOUN_rate_alto""]","[""POS_NOUN_rate_alto"", ""POS_PROPN_rate_baixo""]",556,1088,1092,0.12870370370370371,0.25185185185185183,0.25277777777777777,0.51102941176470584,2.0216548157724628,0.34236453201970446,True,173,359,333,0.12013888888888889,0.24930555555555556,0.23125000000000001,0.48189415041782729,2.0838665964014154,0.33333333333333331,False,159,344,357,0.11041666666666666,0.2388888888888889,0.24791666666666667,0.46220930232558138,1.8643736564393198,0.29335793357933582,False,0.40315692181295359,0.50747036859413541,100,1.7117239325376461,2.0437424500603996,100,0.050000000000000003,89,0.89000000000000001,100
b74f2e5e05ec,14f2b18daa3c,"[""DEP_ccomp_rate_baixo"", ""POS_PROPN_rate_baixo""]","[""uppercaseRatio_baixo""]","[""DEP_ccomp_rate_baixo"", ""POS_PROPN_rate_baixo"", ""uppercaseRatio_baixo""]",435,661,1882,0.10069444444444445,0.15300925925925926,0.43564814814814817,0.65809379727685324,1.5106085038448491,0.20635673624288425,True,142,225,645,0.098611111111111108,0.15625,0.44791666666666669,0.63111111111111107,1.4089922480620154,0.19505494505494506,True,152,215,629,0.10555555555555556,0.14930555555555555,0.43680555555555556,0.7069767441860465,1.6185159167375309,0.21965317919075145,True,0.65086477987421387,0.75999096181366277,100,1.4766208623374835,1.7511930197477599,100,1,100,1,100
60587117e65e,21b26f86c64a,"[""DEP_advcl_rate_baixo"", ""POS_PROPN_rate_baixo""]","[""uppercaseRatio_baixo""]","[""DEP_advcl_rate_baixo"", ""POS_PROPN_rate_baixo"", ""uppercaseRatio_baixo""]",365,579,1882,0.084490740740740741,0.13402777777777777,0.43564814814814817,0.63039723661485314,1.447032976714222,0.17414122137404581,True,129,203,645,0.089583333333333334,0.14097222222222222,0.44791666666666669,0.6354679802955665,1.4187192118226601,0.17941585535465926,True,127,178,629,0.08819444444444445,0.12361111111111112,0.43680555555555556,0.7134831460674157,1.6334113359889963,0.18676470588235294,True,0.65268895348837208,0.76686563436563426,100,1.4702887231902999,1.7942837810492887,100,0.88,94,0.93999999999999995,100
41c676a20bdc,76121fac8398,"[""DEP_advmod_rate_alto"", ""POS_PROPN_rate_baixo""]","[""POS_ADV_rate_alto""]","[""DEP_advmod_rate_alto"", ""POS_ADV_rate_alto"", ""POS_PROPN_rate_baixo""]",362,416,1181,0.083796296296296299,0.096296296296296297,0.27337962962962964,0.87019230769230771,3.1830912525239365,0.29311740890688259,True,125,135,383,0.086805555555555552,0.09375,0.26597222222222222,0.92592592592592593,3.4812880765883376,0.31806615776081426,True,132,146,372,0.09166666666666666,0.10138888888888889,0.25833333333333336,0.90410958904109584,3.4997790543526293,0.34196891191709844,True,0.85253930817610069,0.94877060729885865,100,3.1813035150411291,3.7937836515607395,100,0.94999999999999996,75,0.75,100
f6036e82b3f4,76121fac8398,"[""POS_ADV_rate_alto"", ""POS_PROPN_rate_baixo""]","[""DEP_advmod_rate_alto""]","[""DEP_advmod_rate_alto"", ""POS_ADV_rate_alto"", ""POS_PROPN_rate_baixo""]",362,428,1166,0.083796296296296299,0.099074074074074078,0.26990740740740743,0.84579439252336452,3.1336464628652956,0.29383116883116883,True,125,141,383,0.086805555555555552,0.097916666666666666,0.26597222222222222,0.88652482269503541,3.3331481584356424,0.31328320802005011,True,132,140,366,0.09166666666666666,0.097222222222222224,0.25416666666666665,0.94285714285714284,3.7096018735362999,0.35294117647058826,True,0.90160610665929819,0.98496572820483774,100,3.3342740709500878,4.0313313965137247,100,0.94999999999999996,75,0.75,100
ad056bd1509b,23e40fe6924d,"[""POS_NOUN_rate_alto"", ""uppercaseRatio_baixo""]","[""POS_PROPN_rate_baixo""]","[""POS_NOUN_rate_alto"", ""POS_PROPN_rate_baixo"", ""uppercaseRatio_baixo""]",363,576,1088,0.084027777777777785,0.13333333333333333,0.25185185185185183,0.63020833333333337,2.5022977941176472,0.27901614142966946,True,115,178,359,0.079861111111111105,0.12361111111111112,0.24930555555555556,0.6460674157303371,2.5914681856592909,0.27251184834123221,False,112,182,344,0.077777777777777779,0.12638888888888888,0.2388888888888889,0.61538461538461542,2.5760286225402504,0.27053140096618356,False,0.54849407550289342,0.66941906580493538,100,2.3256205724262435,2.8489763670587891,100,0.35999999999999999,92,0.92000000000000004,100
4c2d6bec5732,23e40fe6924d,"[""POS_PROPN_rate_baixo"", ""uppercaseRatio_baixo""]","[""POS_NOUN_rate_alto""]","[""POS_NOUN_rate_alto"", ""POS_PROPN_rate_baixo"", ""uppercaseRatio_baixo""]",363,713,1092,0.084027777777777785,0.1650462962962963,0.25277777777777777,0.50911640953716686,2.0140868948723085,0.25173370319001387,True,115,227,333,0.079861111111111105,0.15763888888888888,0.23125000000000001,0.50660792951541855,2.1907369924991071,0.25842696629213485,False,112,237,357,0.077777777777777779,0.16458333333333333,0.24791666666666667,0.47257383966244726,1.906180193596426,0.23236514522821577,False,0.405391064727955,0.52219085705324242,100,1.7317401023847732,2.1048500071681921,100,0.12,74,0.73999999999999999,100
d22dba7f65e2,23e40fe6924d,"[""POS_NOUN_rate_alto"", ""POS_PROPN_rate_baixo""]","[""uppercaseRatio_baixo""]","[""POS_NOUN_rate_alto"", ""POS_PROPN_rate_baixo"", ""uppercaseRatio_baixo""]",363,556,1882,0.084027777777777785,0.12870370370370371,0.43564814814814817,0.65287769784172667,1.4986353106675128,0.17493975903614459,True,115,173,645,0.079861111111111105,0.12013888888888889,0.44791666666666669,0.66473988439306353,1.4840704395752118,0.16358463726884778,False,112,159,629,0.077777777777777779,0.11041666666666666,0.43680555555555556,0.70440251572327039,1.6126226115127336,0.16568047337278108,False,0.64962614308768152,0.77578616352201257,100,1.4694385616163432,1.7846537137906935,100,0.35999999999999999,92,0.92000000000000004,100
5c39aadcf927,624c418f9284,"[""DEP_ccomp_rate_baixo"", ""POS_NOUN_rate_alto""]","[""POS_PROPN_rate_baixo""]","[""DEP_ccomp_rate_baixo"", ""POS_NOUN_rate_alto"", ""POS_PROPN_rate_baixo""]",371,729,1088,0.085879629629629625,0.16875000000000001,0.25185185185185183,0.5089163237311386,2.0206971677559911,0.25656984785615489,True,122,233,359,0.084722222222222227,0.16180555555555556,0.24930555555555556,0.52360515021459231,2.100254641529284,0.25957446808510637,True,104,239,344,0.072222222222222215,0.16597222222222222,0.2388888888888889,0.43514644351464438,1.8215432519217671,0.21711899791231734,False,0.37079918032786885,0.49096540976905778,100,1.5631203125601005,2.0333205064272724,100,0.01,78,0.78000000000000003,100
f41c8a789ada,624c418f9284,"[""POS_NOUN_rate_alto"", ""POS_PROPN_rate_baixo""]","[""DEP_ccomp_rate_baixo""]","[""DEP_ccomp_rate_baixo"", ""POS_NOUN_rate_alto"", ""POS_PROPN_rate_baixo""]",371,556,2561,0.085879629629629625,0.12870370370370371,0.59282407407407411,0.66726618705035967,1.1255720140794823,0.13510560815731973,True,122,173,842,0.084722222222222227,0.12013888888888889,0.58472222222222225,0.7052023121387283,1.2060467095959249,0.1366181410974244,True,104,159,849,0.072222222222222215,0.11041666666666666,0.58958333333333335,0.65408805031446537,1.109407293819588,0.11504424778761062,False,0.56111934900542493,0.71169864108713032,100,0.96673489706927351,1.2061447273656576,100,0.12,100,1,100
26c62dc99ff3,624c418f9284,"[""DEP_ccomp_rate_baixo"", ""POS_PROPN_rate_baixo""]","[""POS_NOUN_rate_alto""]","[""DEP_ccomp_rate_baixo"", ""POS_NOUN_rate_alto"", ""POS_PROPN_rate_baixo""]",371,661,1092,0.085879629629629625,0.15300925925925926,0.25277777777777777,0.56127080181543121,2.2204119632258816,0.26845151953690305,True,122,225,333,0.084722222222222227,0.15625,0.23125000000000001,0.54222222222222227,2.3447447447447449,0.27981651376146788,True,104,215,357,0.072222222222222215,0.14930555555555555,0.24791666666666667,0.48372093023255813,1.9511432479968731,0.22222222222222221,False,0.42348835804060586,0.54301889785639201,100,1.6838001712119359,2.2015625723145273,100,0.10000000000000001,100,1,100
b8e3def79042,6547cf7b5dc6,"[""POS_ADV_rate_alto"", ""POS_NOUN_rate_baixo""]","[""DEP_advmod_rate_alto""]","[""DEP_advmod_rate_alto"", ""POS_ADV_rate_alto"", ""POS_NOUN_rate_baixo""]",366,405,1166,0.084722222222222227,0.09375,0.26990740740740743,0.90370370370370368,3.3481989708404805,0.30373443983402487,True,120,141,383,0.083333333333333329,0.097916666666666666,0.26597222222222222,0.85106382978723405,3.1998222320982168,0.29702970297029702,True,104,121,366,0.072222222222222215,0.084027777777777785,0.25416666666666665,0.85950413223140498,3.3816556022219211,0.27154046997389036,False,0.8149626517273576,0.91153665413533835,100,3.0915052069021596,3.7573052938993885,100,0.13,63,0.63,100
5dbe05269112,6547cf7b5dc6,"[""DEP_advmod_rate_alto"", ""POS_NOUN_rate_baixo""]","[""POS_ADV_rate_alto""]","[""DEP_advmod_rate_alto"", ""POS_ADV_rate_alto"", ""POS_NOUN_rate_baixo""]",366,406,1181,0.084722222222222227,0.093981481481481485,0.27337962962962964,0.90147783251231528,3.2975311062262507,0.29975429975429974,True,120,145,383,0.083333333333333329,0.10069444444444445,0.26597222222222222,0.82758620689655171,3.1115512739713695,0.29411764705882354,True,104,115,372,0.072222222222222215,0.079861111111111105,0.25833333333333336,0.90434782608695652,3.5007012622720897,0.27154046997389036,False,0.8520581113801452,0.95537994891443168,100,3.1483687253116504,3.8380594410506252,100,0.13,63,0.63,100
fd8219d3e32f,68a8b604c4e5,"[""DEP_advmod_rate_baixo"", ""uppercaseRatio_alto""]","[""POS_ADV_rate_baixo""]","[""DEP_advmod_rate_baixo"", ""POS_ADV_rate_baixo"", ""uppercaseRatio_alto""]",363,401,1278,0.084027777777777785,0.092824074074074073,0.29583333333333334,0.90523690773067333,3.0599557444417127,0.27583586626139817,True,111,122,443,0.077083333333333337,0.084722222222222227,0.30763888888888891,0.9098360655737705,2.9574806646190281,0.24449339207048459,False,138,160,434,0.09583333333333334,0.1111111111111111,0.30138888888888887,0.86250000000000004,2.8617511520737327,0.30263157894736842,True,0.80734848484848487,0.91199113818886735,100,2.6389377438704793,3.1322277722277723,100,0.97999999999999998,91,0.91000000000000003,100
9100dd0175d1,68a8b604c4e5,"[""POS_ADV_rate_baixo"", ""uppercaseRatio_alto""]","[""DEP_advmod_rate_baixo""]","[""DEP_advmod_rate_baixo"", ""POS_ADV_rate_baixo"", ""uppercaseRatio_alto""]",363,376,1409,0.084027777777777785,0.087037037037037038,0.3261574074074074,0.96542553191489366,2.9599987919604973,0.25527426160337552,True,111,118,487,0.077083333333333337,0.081944444444444445,0.33819444444444446,0.94067796610169496,2.7814707827236975,0.22469635627530365,False,138,139,479,0.09583333333333334,0.096527777777777782,0.33263888888888887,0.9928057553956835,2.984635256304351,0.28749999999999998,True,0.97433831990794018,1,100,2.7712297507515209,3.2046992881024567,100,0.97999999999999998,91,0.91000000000000003,100
244c5810fb80,58bd81f28dc3,"[""POS_ADJ_rate_baixo""]","[""DEP_amod_rate_baixo""]","[""DEP_amod_rate_baixo"", ""POS_ADJ_rate_baixo""]",797,1128,1094,0.18449074074074073,0.26111111111111113,0.25324074074074077,0.70656028368794321,2.7900735151114398,0.55929824561403507,True,263,379,350,0.18263888888888888,0.26319444444444445,0.24305555555555555,0.69393139841688656,2.8550320392009048,0.56437768240343344,True,299,408,403,0.2076388888888889,0.28333333333333333,0.27986111111111112,0.73284313725490191,2.618595825426945,0.583984375,True,0.68286726224306149,0.77507608498061953,100,2.4640588363866276,2.8262626983664725,100,1,100,1,100
6bca368dfbfe,58bd81f28dc3,"[""DEP_amod_rate_baixo""]","[""POS_ADJ_rate_baixo""]","[""DEP_amod_rate_baixo"", ""POS_ADJ_rate_baixo""]",797,1094,1128,0.18449074074074073,0.25324074074074077,0.26111111111111113,0.72851919561243139,2.7900735151114398,0.55929824561403507,True,263,350,379,0.18263888888888888,0.24305555555555555,0.26319444444444445,0.75142857142857145,2.8550320392009048,0.56437768240343344,True,299,403,408,0.2076388888888889,0.27986111111111112,0.28333333333333333,0.74193548387096775,2.618595825426945,0.583984375,True,0.70913907227887751,0.77929547777210018,100,2.4640588363866276,2.8262626983664725,100,1,100,1,100
c990f45e3bd8,c3c54c8e2eed,"[""DEP_advcl_rate_baixo"", ""POS_ADJ_rate_baixo""]","[""DEP_amod_rate_baixo""]","[""DEP_advcl_rate_baixo"", ""DEP_amod_rate_baixo"", ""POS_ADJ_rate_baixo""]",446,641,1094,0.10324074074074074,0.14837962962962964,0.25324074074074077,0.69578783151326051,2.7475351299243926,0.3460046547711404,True,147,213,350,0.10208333333333333,0.14791666666666667,0.24305555555555555,0.6901408450704225,2.8394366197183101,0.35336538461538464,True,170,233,403,0.11805555555555555,0.16180555555555556,0.27986111111111112,0.72961373390557938,2.6070565181737826,0.36480686695278969,True,0.66002935325323764,0.78646508144542215,100,2.3714323056818816,2.8590868220322574,100,1,100,1,100
2f67d0170d28,c3c54c8e2eed,"[""DEP_advcl_rate_baixo"", ""DEP_amod_rate_baixo""]","[""POS_ADJ_rate_baixo""]","[""DEP_advcl_rate_baixo"", ""DEP_amod_rate_baixo"", ""POS_ADJ_rate_baixo""]",446,611,1128,0.10324074074074074,0.14143518518518519,0.26111111111111113,0.72995090016366615,2.7955566389246789,0.34493426140757927,True,147,197,379,0.10208333333333333,0.13680555555555557,0.26319444444444445,0.74619289340101524,2.8351392255869707,0.34265734265734266,True,170,222,408,0.11805555555555555,0.15416666666666667,0.28333333333333333,0.76576576576576572,2.7027027027027026,0.36956521739130432,True,0.72107683982683979,0.82687406296851573,100,2.517459545049745,2.9523427920447927,100,1,100,1,100
aeaddd728517,87c3de1ac3a4,"[""DEP_ccomp_rate_baixo"", ""POS_ADJ_rate_baixo""]","[""DEP_amod_rate_baixo""]","[""DEP_amod_rate_baixo"", ""DEP_ccomp_rate_baixo"", ""POS_ADJ_rate_baixo""]",441,632,1094,0.10208333333333333,0.14629629629629629,0.25324074074074077,0.69778481012658233,2.7554208224376922,0.34319066147859922,True,139,208,350,0.096527777777777782,0.14444444444444443,0.24305555555555555,0.66826923076923073,2.7494505494505495,0.33174224343675418,True,172,234,403,0.11944444444444445,0.16250000000000001,0.27986111111111112,0.7350427350427351,2.6264554304256538,0.36989247311827955,True,0.66453359586512428,0.80064278455284543,100,2.4407414910535827,2.9196097342811123,100,1,100,1,100
3685c5ddb125,87c3de1ac3a4,"[""DEP_amod_rate_baixo"", ""DEP_ccomp_rate_baixo""]","[""POS_ADJ_rate_baixo""]","[""DEP_amod_rate_baixo"", ""DEP_ccomp_rate_baixo"", ""POS_ADJ_rate_baixo""]",441,587,1128,0.10208333333333333,0.13587962962962963,0.26111111111111113,0.75127768313458265,2.877233680089891,0.34615384615384615,True,139,190,379,0.096527777777777782,0.13194444444444445,0.26319444444444445,0.73157894736842111,2.7796139425079849,0.32325581395348835,True,172,224,408,0.11944444444444445,0.15555555555555556,0.28333333333333333,0.7678571428571429,2.7100840336134455,0.37391304347826088,True,0.71526442307692306,0.82447033898305078,100,2.4990661260035476,2.9749153137575988,100,1,100,1,100
3dfd95512d1a,f999156c525a,"[""POS_ADV_rate_alto"", ""punctuationDensity_spacy_alto""]","[""DEP_advmod_rate_alto""]","[""DEP_advmod_rate_alto"", ""POS_ADV_rate_alto"", ""punctuationDensity_spacy_alto""]",349,394,1166,0.080787037037037032,0.091203703703703703,0.26990740740740743,0.8857868020304569,3.2818173111248488,0.28819157720891825,True,119,139,383,0.082638888888888887,0.096527777777777782,0.26597222222222222,0.85611510791366907,3.2188139827563536,0.29528535980148884,True,106,119,366,0.073611111111111113,0.082638888888888887,0.25416666666666665,0.89075630252100846,3.5046149607383938,0.27968337730870713,False,0.84081277672359267,0.93633033512258812,100,3.1694546064428741,3.8383249698278599,100,0.22,37,0.37,100
432e5dd5f1a6,f999156c525a,"[""DEP_advmod_rate_alto"", ""punctuationDensity_spacy_alto""]","[""POS_ADV_rate_alto""]","[""DEP_advmod_rate_alto"", ""POS_ADV_rate_alto"", ""punctuationDensity_spacy_alto""]",349,403,1181,0.080787037037037032,0.093287037037037043,0.27337962962962964,0.86600496277915628,3.1677742922997081,0.28259109311740893,True,119,136,383,0.082638888888888887,0.094444444444444442,0.26597222222222222,0.875,3.2898172323759791,0.29749999999999999,True,106,115,372,0.073611111111111113,0.079861111111111105,0.25833333333333336,0.92173913043478262,3.5680224403927068,0.27821522309711288,False,0.85581081081081078,0.96161386796632697,100,3.2523172388449222,3.8471673383922669,100,0.22,37,0.37,100
cfeb8222ad8a,2d6fe5ae264a,"[""diversidade_baixo""]","[""DEP_advcl_rate_baixo""]","[""DEP_advcl_rate_baixo"", ""diversidade_baixo""]",696,1087,2534,0.16111111111111112,0.25162037037037038,0.58657407407407403,0.64029438822447104,1.091583171716541,0.23794871794871794,True,220,346,857,0.15277777777777779,0.24027777777777778,0.59513888888888888,0.63583815028901736,1.0683861568450232,0.22380467955239064,True,225,354,833,0.15625,0.24583333333333332,0.57847222222222228,0.63559322033898302,1.0987445825787943,0.2338877338877339,True,0.59457472105359432,0.67314062499999994,100,1.0400485955691905,1.1648404595205477,100,0.93999999999999995,98,0.97999999999999998,100
d638798b4791,a8b38a97f77d,"[""DEP_ccomp_rate_baixo"", ""diversidade_baixo""]","[""DEP_advcl_rate_baixo""]","[""DEP_advcl_rate_baixo"", ""DEP_ccomp_rate_baixo"", ""diversidade_baixo""]",408,625,2534,0.094444444444444442,0.14467592592592593,0.58657407407407403,0.65280000000000005,1.1129029202841358,0.14830970556161396,True,136,204,857,0.094444444444444442,0.14166666666666666,0.59513888888888888,0.66666666666666663,1.1201866977829638,0.14702702702702702,True,150,232,833,0.10416666666666667,0.16111111111111112,0.57847222222222228,0.64655172413793105,1.1176884546922217,0.16393442622950818,True,0.5904706481414127,0.6945439345910005,100,1.0345511429784087,1.2016030781769402,100,0.93999999999999995,94,0.93999999999999995,100
cfdddf8dd714,9b37a075a93b,"[""DEP_advmod_rate_baixo"", ""diversidade_baixo""]","[""POS_ADV_rate_baixo""]","[""DEP_advmod_rate_baixo"", ""POS_ADV_rate_baixo"", ""diversidade_baixo""]",367,407,1278,0.084953703703703698,0.094212962962962957,0.29583333333333334,0.90171990171990168,3.0480672734193859,0.27845220030349016,True,122,135,443,0.084722222222222227,0.09375,0.30763888888888891,0.90370370370370368,2.9375470278404814,0.26754385964912281,True,123,138,434,0.085416666666666669,0.09583333333333334,0.30138888888888887,0.89130434782608692,2.9573231817271086,0.27394209354120269,True,0.84315904139433551,0.94747407407407402,100,2.7027428703332217,3.2442165854381724,100,0.85999999999999999,91,0.91000000000000003,100
87bf87521500,9b37a075a93b,"[""POS_ADV_rate_baixo"", ""diversidade_baixo""]","[""DEP_advmod_rate_baixo""]","[""DEP_advmod_rate_baixo"", ""POS_ADV_rate_baixo"", ""diversidade_baixo""]",367,378,1409,0.084953703703703698,0.087499999999999994,0.3261574074074074,0.97089947089947093,2.9767819121971004,0.2584507042253521,True,122,125,487,0.084722222222222227,0.086805555555555552,0.33819444444444446,0.97599999999999998,2.8859137577002052,0.24897959183673468,True,123,127,479,0.085416666666666669,0.08819444444444445,0.33263888888888887,0.96850393700787396,2.9115775976854668,0.25465838509316768,True,0.94264131551901331,0.99224806201550386,100,2.6891133800835072,3.1334556854954485,100,0.85999999999999999,91,0.91000000000000003,100
dd1a1cb0c8bd,dd85c312aed9,"[""POS_PRON_rate_baixo""]","[""DEP_ccomp_rate_baixo""]","[""DEP_ccomp_rate_baixo"", ""POS_PRON_rate_baixo""]",903,1448,2561,0.20902777777777778,0.3351851851851852,0.59282407407407411,0.62361878453038677,1.0519457825737097,0.2907276239536381,True,264,434,842,0.18333333333333332,0.30138888888888887,0.58472222222222225,0.60829493087557607,1.0403143710936218,0.2608695652173913,False,281,457,849,0.19513888888888889,0.31736111111111109,0.58958333333333335,0.61487964989059085,1.0429054132419915,0.27414634146341466,False,0.56375505561172912,0.6601102941176471,100,0.98256468690026477,1.0954061750103361,100,0.31,50,0.5,100
0b6b1f165afa,feed2c37682a,"[""DEP_advcl_rate_baixo"", ""POS_PRON_rate_baixo""]","[""DEP_ccomp_rate_baixo""]","[""DEP_advcl_rate_baixo"", ""DEP_ccomp_rate_baixo"", ""POS_PRON_rate_baixo""]",555,883,2561,0.12847222222222221,0.20439814814814813,0.59282407407407411,0.62853907134767839,1.0602455244912028,0.19210799584631361,True,166,275,842,0.11527777777777778,0.19097222222222221,0.58472222222222225,0.60363636363636364,1.0323472252213344,0.17455310199789695,False,178,285,849,0.12361111111111112,0.19791666666666666,0.58958333333333335,0.62456140350877198,1.0593267621350195,0.18619246861924685,True,0.56423994159636603,0.67969773674806433,100,0.97839845070321552,1.1347868933590224,100,0.54000000000000004,65,0.65000000000000002,100
23966564f206,c2a6c625af8e,"[""POS_PRON_rate_baixo"", ""uppercaseRatio_baixo""]","[""DEP_ccomp_rate_baixo""]","[""DEP_ccomp_rate_baixo"", ""POS_PRON_rate_baixo"", ""uppercaseRatio_baixo""]",350,547,2561,0.081018518518518517,0.12662037037037038,0.59282407407407411,0.63985374771480807,1.0793315853682042,0.12690355329949238,True,108,168,842,0.074999999999999997,0.11666666666666667,0.58472222222222225,0.6428571428571429,1.0994231421784866,0.11973392461197339,False,112,179,849,0.077777777777777779,0.12430555555555556,0.58958333333333335,0.62569832402234637,1.0612551078824248,0.1222707423580786,False,0.56019382627422831,0.69054275170589052,100,0.97026654620638231,1.1502102648609578,100,0.33000000000000002,53,0.53000000000000003,100
367f068cdc49,11e010b31664,"[""DEP_advmod_rate_baixo""]","[""DEP_advcl_rate_baixo""]","[""DEP_advcl_rate_baixo"", ""DEP_advmod_rate_baixo""]",896,1409,2534,0.2074074074074074,0.3261574074074074,0.58657407407407403,0.63591199432221435,1.0841120029486844,0.2940597308828356,True,314,487,857,0.21805555555555556,0.33819444444444446,0.59513888888888888,0.64476386036960986,1.0833838493958439,0.30485436893203882,True,295,479,833,0.2048611111111111,0.33263888888888887,0.57847222222222228,0.615866388308977,1.0646429761883878,0.29006882989183874,True,0.57239795918367342,0.65831433456825306,100,1.0136000214035492,1.1404821934044207,100,0.67000000000000004,95,0.94999999999999996,100
f29a269a9955,41a962e4c892,"[""DEP_advcl_rate_baixo"", ""DEP_advmod_rate_baixo""]","[""DEP_ccomp_rate_baixo""]","[""DEP_advcl_rate_baixo"", ""DEP_advmod_rate_baixo"", ""DEP_ccomp_rate_baixo""]",560,896,2561,0.12962962962962962,0.2074074074074074,0.59282407407407411,0.625,1.0542756735650136,0.19330341732827064,True,193,314,842,0.13402777777777777,0.21805555555555556,0.58472222222222225,0.61464968152866239,1.0511823532081637,0.20041536863966772,True,184,295,849,0.12777777777777777,0.2048611111111111,0.58958333333333335,0.62372881355932208,1.0579145954363058,0.19166666666666668,True,0.58201380158878757,0.67586347486749376,100,0.98734407446820527,1.1235077335590069,100,0.55000000000000004,60,0.59999999999999998,100
c39dc0f07e9d,41a962e4c892,"[""DEP_advmod_rate_baixo"", ""DEP_ccomp_rate_baixo""]","[""DEP_advcl_rate_baixo""]","[""DEP_advcl_rate_baixo"", ""DEP_advmod_rate_baixo"", ""DEP_ccomp_rate_baixo""]",560,869,2534,0.12962962962962962,0.2011574074074074,0.58657407407407403,0.64441887226697359,1.0986146520099944,0.1969750263805839,True,193,296,857,0.13402777777777777,0.20555555555555555,0.59513888888888888,0.65202702702702697,1.0955880034059731,0.20104166666666667,True,184,290,833,0.12777777777777777,0.2013888888888889,0.57847222222222228,0.6344827586206897,1.0968249368713003,0.1959531416400426,True,0.58556624244912314,0.67951990632318504,100,1.0126577505966958,1.1798442762365629,100,0.87,97,0.96999999999999997,100
530864404d97,e485a8970aca,"[""DEP_advmod_rate_baixo"", ""POS_PRON_rate_baixo""]","[""DEP_ccomp_rate_baixo""]","[""DEP_advmod_rate_baixo"", ""DEP_ccomp_rate_baixo"", ""POS_PRON_rate_baixo""]",356,557,2561,0.082407407407407401,0.12893518518518518,0.59282407407407411,0.6391382405745063,1.0781246385325525,0.12889210716871832,True,105,168,842,0.072916666666666671,0.11666666666666667,0.58472222222222225,0.625,1.0688836104513064,0.11602209944751381,False,117,189,849,0.081250000000000003,0.13125000000000001,0.58958333333333335,0.61904761904761907,1.0499747602221101,0.12703583061889251,False,0.55318571891191715,0.68512737062037921,100,0.94453480865496009,1.1494411318408173,100,0.34999999999999998,60,0.59999999999999998,100
7c209330a1d6,f44ef52cb2f0,"[""DEP_advmod_rate_baixo"", ""POS_PRON_rate_baixo""]","[""DEP_advcl_rate_baixo""]","[""DEP_advcl_rate_baixo"", ""DEP_advmod_rate_baixo"", ""POS_PRON_rate_baixo""]",356,557,2534,0.082407407407407401,0.12893518518518518,0.58657407407407403,0.6391382405745063,1.0896121544127337,0.13016453382084095,True,105,168,857,0.072916666666666671,0.11666666666666667,0.59513888888888888,0.625,1.0501750291715286,0.11413043478260869,False,127,189,833,0.08819444444444445,0.13125000000000001,0.57847222222222228,0.67195767195767198,1.1616075001429143,0.14189944134078211,True,0.59906447898675874,0.72942215021601842,100,1.0526580021302314,1.2581469789799258,100,0.87,73,0.72999999999999998,100
e16ef8f4fcce,afaef19656e5,"[""DEP_advmod_rate_baixo""]","[""POS_ADV_rate_baixo""]","[""DEP_advmod_rate_baixo"", ""POS_ADV_rate_baixo""]",1231,1409,1278,0.28495370370370371,0.3261574074074074,0.29583333333333334,0.87366926898509578,2.9532482331890564,0.84546703296703296,True,426,487,443,0.29583333333333334,0.33819444444444446,0.30763888888888891,0.87474332648870634,2.8434094585637406,0.84523809523809523,True,416,479,434,0.28888888888888886,0.33263888888888887,0.30138888888888887,0.86847599164926936,2.8815793271312162,0.83702213279678073,True,0.84299456482614643,0.89734810824490685,100,2.6863577586206899,3.105251725465878,100,1,100,1,100
909d0314f156,afaef19656e5,"[""POS_ADV_rate_baixo""]","[""DEP_advmod_rate_baixo""]","[""DEP_advmod_rate_baixo"", ""POS_ADV_rate_baixo""]",1231,1278,1409,0.28495370370370371,0.29583333333333334,0.3261574074074074,0.96322378716744916,2.9532482331890564,0.84546703296703296,True,426,443,487,0.29583333333333334,0.30763888888888891,0.33819444444444446,0.96162528216704291,2.8434094585637406,0.84523809523809523,True,416,434,479,0.28888888888888886,0.30138888888888887,0.33263888888888887,0.95852534562211977,2.8815793271312162,0.83702213279678073,True,0.93799128250591013,0.97950782614118226,100,2.6863577586206899,3.105251725465878,100,1,100,1,100
0d6a1ab9b984,0be090b950f3,"[""POS_ADV_rate_baixo""]","[""DEP_advcl_rate_baixo""]","[""DEP_advcl_rate_baixo"", ""POS_ADV_rate_baixo""]",820,1278,2534,0.18981481481481483,0.29583333333333334,0.58657407407407403,0.64162754303599379,1.0938559533999577,0.27406417112299464,True,294,443,857,0.20416666666666666,0.30763888888888891,0.59513888888888888,0.66365688487584651,1.1151294214950047,0.2922465208747515,True,269,434,833,0.18680555555555556,0.30138888888888887,0.57847222222222228,0.61981566820276501,1.0714700626794496,0.26953907815631262,True,0.57185507129187896,0.6660543071161048,100,1.0019430735000845,1.1445835821807779,100,0.71999999999999997,99,0.98999999999999999,100
52ce443b15a9,b86bb0636b87,"[""DEP_advcl_rate_baixo"", ""DEP_advmod_rate_baixo""]","[""POS_ADV_rate_baixo""]","[""DEP_advcl_rate_baixo"", ""DEP_advmod_rate_baixo"", ""POS_ADV_rate_baixo""]",798,896,1278,0.18472222222222223,0.2074074074074074,0.29583333333333334,0.890625,3.01056338028169,0.57994186046511631,True,286,314,443,0.1986111111111111,0.21805555555555556,0.30763888888888891,0.91082802547770703,2.9607050941036075,0.60721868365180465,True,259,295,434,0.17986111111111111,0.2048611111111111,0.30138888888888887,0.87796610169491529,2.9130672498633134,0.55106382978723401,True,0.84640846957920135,0.9169239891247758,100,2.6889704669912433,3.1803012833041757,100,1,100,1,100
a9cc0766f780,b86bb0636b87,"[""DEP_advmod_rate_baixo"", ""POS_ADV_rate_baixo""]","[""DEP_advcl_rate_baixo""]","[""DEP_advcl_rate_baixo"", ""DEP_advmod_rate_baixo"", ""POS_ADV_rate_baixo""]",798,1231,2534,0.18472222222222223,0.28495370370370371,0.58657407407407403,0.64825345247766042,1.1051519000408419,0.26895854398382202,True,286,426,857,0.1986111111111111,0.29583333333333334,0.59513888888888888,0.67136150234741787,1.1280753364997453,0.28686058174523571,True,259,416,833,0.17986111111111111,0.28888888888888886,0.57847222222222228,0.62259615384615385,1.0762766645119586,0.26161616161616164,True,0.57913628529762695,0.66888625901155208,100,1.008757946916353,1.1564230023141977,100,0.73999999999999999,100,1,100
7e1c9731ccca,b86bb0636b87,"[""DEP_advcl_rate_baixo"", ""POS_ADV_rate_baixo""]","[""DEP_advmod_rate_baixo""]","[""DEP_advcl_rate_baixo"", ""DEP_advmod_rate_baixo"", ""POS_ADV_rate_baixo""]",798,820,1409,0.18472222222222223,0.18981481481481483,0.3261574074074074,0.97317073170731705,2.9837456075057558,0.55765199161425572,True,286,294,487,0.1986111111111111,0.20416666666666666,0.33819444444444446,0.97278911564625847,2.8764195616645014,0.57777777777777772,True,259,269,479,0.17986111111111111,0.18680555555555556,0.33263888888888887,0.96282527881040891,2.8945060573841102,0.52965235173824132,True,0.93662631433314891,0.9877106187108371,100,2.6832462048027801,3.1245318557846646,100,1,100,1,100
6a7d0b0aeb06,b86bb0636b87,"[""DEP_advmod_rate_baixo""]","[""DEP_advcl_rate_baixo"", ""POS_ADV_rate_baixo""]","[""DEP_advcl_rate_baixo"", ""DEP_advmod_rate_baixo"", ""POS_ADV_rate_baixo""]",798,1409,820,0.18472222222222223,0.3261574074074074,0.18981481481481483,0.56635911994322219,2.9837456075057558,0.55765199161425572,True,286,487,294,0.1986111111111111,0.33819444444444446,0.20416666666666666,0.58726899383983577,2.8764195616645014,0.57777777777777772,True,259,479,269,0.17986111111111111,0.33263888888888887,0.18680555555555556,0.54070981210855951,2.8945060573841102,0.52965235173824132,True,0.49512709643605868,0.5796173961245541,100,2.6832462048027801,3.1245318557846646,100,0.95999999999999996,100,1,100
320210af9326,b86bb0636b87,"[""POS_ADV_rate_baixo""]","[""DEP_advcl_rate_baixo"", ""DEP_advmod_rate_baixo""]","[""DEP_advcl_rate_baixo"", ""DEP_advmod_rate_baixo"", ""POS_ADV_rate_baixo""]",798,1278,896,0.18472222222222223,0.29583333333333334,0.2074074074074074,0.62441314553990612,3.01056338028169,0.57994186046511631,True,286,443,314,0.1986111111111111,0.30763888888888891,0.21805555555555556,0.64559819413092556,2.9607050941036075,0.60721868365180465,True,259,434,295,0.17986111111111111,0.30138888888888887,0.2048611111111111,0.59677419354838712,2.9130672498633134,0.55106382978723401,True,0.54959354478133293,0.64520642201834855,100,2.6889704669912433,3.1803012833041757,100,1,100,1,100
5bd1b89b2971,7313e2f29fbd,"[""DEP_advmod_rate_baixo"", ""DEP_ccomp_rate_baixo""]","[""POS_ADV_rate_baixo""]","[""DEP_advmod_rate_baixo"", ""DEP_ccomp_rate_baixo"", ""POS_ADV_rate_baixo""]",758,869,1278,0.17546296296296296,0.2011574074074074,0.29583333333333334,0.87226697353279636,2.9485080795474805,0.54571634269258462,True,262,296,443,0.18194444444444444,0.20555555555555555,0.30763888888888891,0.88513513513513509,2.8771887011164665,0.54926624737945495,True,252,290,434,0.17499999999999999,0.2013888888888889,0.30138888888888887,0.86896551724137927,2.8832035595105672,0.53389830508474578,True,0.83451918117983104,0.90530679933665004,100,2.6496535461125905,3.1256961434508006,100,1,100,1,100
6bc0044768d2,7313e2f29fbd,"[""DEP_ccomp_rate_baixo"", ""POS_ADV_rate_baixo""]","[""DEP_advmod_rate_baixo""]","[""DEP_advmod_rate_baixo"", ""DEP_ccomp_rate_baixo"", ""POS_ADV_rate_baixo""]",758,788,1409,0.17546296296296296,0.18240740740740741,0.3261574074074074,0.96192893401015234,2.9492782078948601,0.5267546907574705,True,262,275,487,0.18194444444444444,0.19097222222222221,0.33819444444444446,0.95272727272727276,2.8170991226432704,0.52400000000000002,True,252,264,479,0.17499999999999999,0.18333333333333332,0.33263888888888887,0.95454545454545459,2.8696147276523059,0.51323828920570269,True,0.92685002736726874,0.98283461084905654,100,2.6699267840083794,3.0982785882886756,100,1,100,1,100
a686b7ddfc02,7313e2f29fbd,"[""DEP_advmod_rate_baixo""]","[""DEP_ccomp_rate_baixo"", ""POS_ADV_rate_baixo""]","[""DEP_advmod_rate_baixo"", ""DEP_ccomp_rate_baixo"", ""POS_ADV_rate_baixo""]",758,1409,788,0.17546296296296296,0.3261574074074074,0.18240740740740741,0.53797019162526616,2.9492782078948601,0.5267546907574705,True,262,487,275,0.18194444444444444,0.33819444444444446,0.19097222222222221,0.53798767967145789,2.8170991226432704,0.52400000000000002,True,252,479,264,0.17499999999999999,0.33263888888888887,0.18333333333333332,0.52609603340292277,2.8696147276523059,0.51323828920570269,True,0.48543572304844718,0.56927807757900173,100,2.6699267840083794,3.0982785882886756,100,0.85999999999999999,100,1,100
8f07dbefebd7,7313e2f29fbd,"[""POS_ADV_rate_baixo""]","[""DEP_advmod_rate_baixo"", ""DEP_ccomp_rate_baixo""]","[""DEP_advmod_rate_baixo"", ""DEP_ccomp_rate_baixo"", ""POS_ADV_rate_baixo""]",758,1278,869,0.17546296296296296,0.29583333333333334,0.2011574074074074,0.59311424100156496,2.9485080795474805,0.54571634269258462,True,262,443,296,0.18194444444444444,0.30763888888888891,0.20555555555555555,0.5914221218961625,2.8771887011164665,0.54926624737945495,True,252,434,290,0.17499999999999999,0.30138888888888887,0.2013888888888889,0.58064516129032262,2.8832035595105672,0.53389830508474578,True,0.54009443681318681,0.62155858749695203,100,2.6496535461125905,3.1256961434508006,100,1,100,1,100
acff811bbbf2,f7b0aa33cc43,"[""DEP_advcl_rate_baixo"", ""POS_ADV_rate_baixo""]","[""DEP_ccomp_rate_baixo""]","[""DEP_advcl_rate_baixo"", ""DEP_ccomp_rate_baixo"", ""POS_ADV_rate_baixo""]",516,820,2561,0.11944444444444445,0.18981481481481483,0.59282407407407411,0.62926829268292683,1.0614756049942382,0.18010471204188483,True,186,294,842,0.12916666666666668,0.20416666666666666,0.58472222222222225,0.63265306122448983,1.0819719811915265,0.19578947368421051,True,168,269,849,0.11666666666666667,0.18680555555555556,0.58958333333333335,0.62453531598513012,1.059282514745097,0.17684210526315788,True,0.56507534730397935,0.67311965811965813,100,0.96967824977107164,1.1350038065019059,100,0.56999999999999995,71,0.70999999999999996,100
ad53ca705d2e,f7b0aa33cc43,"[""DEP_ccomp_rate_baixo"", ""POS_ADV_rate_baixo""]","[""DEP_advcl_rate_baixo""]","[""DEP_advcl_rate_baixo"", ""DEP_ccomp_rate_baixo"", ""POS_ADV_rate_baixo""]",516,788,2534,0.11944444444444445,0.18240740740740741,0.58657407407407403,0.65482233502538068,1.1163506264047531,0.18389166072701355,True,186,275,857,0.12916666666666668,0.19097222222222221,0.59513888888888888,0.67636363636363639,1.1364803224779887,0.19661733615221988,True,168,264,833,0.11666666666666667,0.18333333333333332,0.57847222222222228,0.63636363636363635,1.1000763941940412,0.18083961248654468,True,0.58212285902503291,0.69186314363143631,100,1.0057086478072625,1.1938458318874787,100,0.87,100,1,100
86dab6a5f8ff,d6653a7c843d,"[""DEP_advmod_rate_baixo"", ""uppercaseRatio_baixo""]","[""POS_ADV_rate_baixo""]","[""DEP_advmod_rate_baixo"", ""POS_ADV_rate_baixo"", ""uppercaseRatio_baixo""]",463,542,1278,0.10717592592592592,0.12546296296296297,0.29583333333333334,0.85424354243542433,2.887583805415519,0.34119380987472364,True,177,210,443,0.12291666666666666,0.14583333333333334,0.30763888888888891,0.84285714285714286,2.7397613673008707,0.37184873949579833,True,153,174,434,0.10625,0.12083333333333333,0.30138888888888887,0.87931034482758619,2.9175274114095027,0.33626373626373629,True,0.83342231802354505,0.91819315445476424,100,2.7121300294934043,3.1539968985599733,100,1,100,1,100
527f687a01c3,d6653a7c843d,"[""POS_ADV_rate_baixo"", ""uppercaseRatio_baixo""]","[""DEP_advmod_rate_baixo""]","[""DEP_advmod_rate_baixo"", ""POS_ADV_rate_baixo"", ""uppercaseRatio_baixo""]",463,484,1409,0.10717592592592592,0.11203703703703703,0.3261574074074074,0.95661157024793386,2.9329751479567596,0.32377622377622378,True,177,183,487,0.12291666666666666,0.12708333333333333,0.33819444444444446,0.96721311475409832,2.8599320025583195,0.35902636916835701,True,153,163,479,0.10625,0.11319444444444444,0.33263888888888887,0.93865030674846628,2.8218297321874561,0.31288343558282211,True,0.88671305222566854,0.98097225558491474,100,2.6119741586538461,3.0750215917849211,100,1,100,1,100
29ad7ad49736,07169a263124,"[""DEP_advmod_rate_baixo"", ""POS_PRON_rate_baixo""]","[""POS_ADV_rate_baixo""]","[""DEP_advmod_rate_baixo"", ""POS_ADV_rate_baixo"", ""POS_PRON_rate_baixo""]",493,557,1278,0.11412037037037037,0.12893518518518518,0.29583333333333334,0.88509874326750448,2.991883075833818,0.36736214605067063,True,150,168,443,0.10416666666666667,0.11666666666666667,0.30763888888888891,0.8928571428571429,2.9022895840051595,0.32537960954446854,True,171,189,434,0.11874999999999999,0.13125000000000001,0.30138888888888887,0.90476190476190477,3.0019749835418037,0.37831858407079644,True,0.86021505376344087,0.9461181839321009,100,2.7639986786159567,3.2831428629852923,100,1,100,1,100
f5ab4e4371a9,07169a263124,"[""POS_ADV_rate_baixo"", ""POS_PRON_rate_baixo""]","[""DEP_advmod_rate_baixo""]","[""DEP_advmod_rate_baixo"", ""POS_ADV_rate_baixo"", ""POS_PRON_rate_baixo""]",493,511,1409,0.11412037037037037,0.11828703703703704,0.3261574074074074,0.96477495107632094,2.9580041083390394,0.34548002803083394,True,150,155,487,0.10416666666666667,0.1076388888888889,0.33819444444444446,0.967741935483871,2.86149566138968,0.3048780487804878,True,171,172,479,0.11874999999999999,0.11944444444444445,0.33263888888888887,0.9941860465116279,2.9887847744817204,0.35625000000000001,True,0.97839779005524863,1,100,2.7888645752275707,3.2075,100,1,100,1,100
3d086ad2bddd,044b4a18072c,"[""POS_VERB_rate_baixo""]","[""DEP_ccomp_rate_baixo""]","[""DEP_ccomp_rate_baixo"", ""POS_VERB_rate_baixo""]",904,1132,2561,0.20925925925925926,0.26203703703703701,0.59282407407407411,0.79858657243816256,1.3470886344915511,0.32413051272857657,True,281,352,842,0.19513888888888889,0.24444444444444444,0.58472222222222225,0.79829545454545459,1.3652558842582596,0.30777656078860899,True,281,350,849,0.19513888888888889,0.24305555555555555,0.58958333333333335,0.80285714285714282,1.3617364967188288,0.30610021786492375,True,0.76270630486831603,0.8386882958311529,100,1.2904105323904469,1.4313671237045726,100,1,100,1,100
3463c6400cca,19c77db982d8,"[""POS_VERB_rate_baixo""]","[""DEP_advcl_rate_baixo""]","[""DEP_advcl_rate_baixo"", ""POS_VERB_rate_baixo""]",877,1132,2534,0.20300925925925925,0.26203703703703701,0.58657407407407403,0.77473498233215543,1.3207794489640536,0.31444962352097527,True,261,352,857,0.18124999999999999,0.24444444444444444,0.59513888888888888,0.74147727272727271,1.2458894664262226,0.27531645569620256,True,272,350,833,0.18888888888888888,0.24305555555555555,0.57847222222222228,0.77714285714285714,1.3434402332361517,0.29857299670691545,True,0.73406797235023047,0.8187211093990755,100,1.2722821524128001,1.3993274914592715,100,1,100,1,100
37419ebed314,295d4f796a9f,"[""DEP_advcl_rate_baixo"", ""POS_VERB_rate_baixo""]","[""DEP_ccomp_rate_baixo""]","[""DEP_advcl_rate_baixo"", ""DEP_ccomp_rate_baixo"", ""POS_VERB_rate_baixo""]",684,877,2561,0.15833333333333333,0.20300925925925925,0.59282407407407411,0.77993158494868875,1.315620635290252,0.24836601307189543,True,202,261,842,0.14027777777777778,0.18124999999999999,0.58472222222222225,0.77394636015325668,1.3236137275780162,0.2241953385127636,True,220,272,849,0.15277777777777779,0.18888888888888888,0.58958333333333335,0.80882352941176472,1.3718561629598836,0.24417314095449499,True,0.77141763625229631,0.84710004171663977,100,1.2983634630607928,1.4421276988366822,100,1,100,1,100
cead9c6146a2,295d4f796a9f,"[""DEP_ccomp_rate_baixo"", ""POS_VERB_rate_baixo""]","[""DEP_advcl_rate_baixo""]","[""DEP_advcl_rate_baixo"", ""DEP_ccomp_rate_baixo"", ""POS_VERB_rate_baixo""]",684,904,2534,0.15833333333333333,0.20925925925925926,0.58657407407407403,0.75663716814159288,1.2899260325065831,0.24836601307189543,True,202,281,857,0.14027777777777778,0.19513888888888889,0.59513888888888888,0.71886120996441283,1.207888147431452,0.21581196581196582,True,220,281,833,0.15277777777777779,0.19513888888888889,0.57847222222222228,0.7829181494661922,1.3534239318503203,0.24608501118568232,True,0.72560908842047633,0.82527777777777778,100,1.2752832687845457,1.4214140834170372,100,1,100,1,100
997465f0e852,295d4f796a9f,"[""POS_VERB_rate_baixo""]","[""DEP_advcl_rate_baixo"", ""DEP_ccomp_rate_baixo""]","[""DEP_advcl_rate_baixo"", ""DEP_ccomp_rate_baixo"", ""POS_VERB_rate_baixo""]",684,1132,1519,0.15833333333333333,0.26203703703703701,0.35162037037037036,0.60424028268551233,1.718445043582234,0.34773767158108793,True,202,352,505,0.14027777777777778,0.24444444444444444,0.35069444444444442,0.57386363636363635,1.6363636363636365,0.30839694656488548,True,220,350,500,0.15277777777777779,0.24305555555555555,0.34722222222222221,0.62857142857142856,1.8102857142857143,0.34920634920634919,True,0.59235200283587386,0.67299481347300782,100,1.685402382658002,1.9201741158395909,100,1,100,1,100
72c462423c12,87391334a5cc,"[""POS_VERB_rate_baixo"", ""uppercaseRatio_baixo""]","[""DEP_ccomp_rate_baixo""]","[""DEP_ccomp_rate_baixo"", ""POS_VERB_rate_baixo"", ""uppercaseRatio_baixo""]",386,462,2561,0.089351851851851849,0.10694444444444444,0.59282407407407411,0.83549783549783552,1.4093520692505463,0.14637846037163443,True,124,151,842,0.08611111111111111,0.10486111111111111,0.58472222222222225,0.82119205298013243,1.4044139623413192,0.14269275028768699,True,122,145,849,0.084722222222222227,0.10069444444444445,0.58958333333333335,0.8413793103448276,1.4270744486414038,0.13990825688073394,True,0.79016731443738752,0.90698123620309046,100,1.3316365576044322,1.5196999911933073,100,0.80000000000000004,97,0.96999999999999997,100
69f8813a8df9,e22dcb87615c,"[""POS_VERB_rate_baixo"", ""uppercaseRatio_baixo""]","[""DEP_advcl_rate_baixo""]","[""DEP_advcl_rate_baixo"", ""POS_VERB_rate_baixo"", ""uppercaseRatio_baixo""]",357,462,2534,0.082638888888888887,0.10694444444444444,0.58657407407407403,0.77272727272727271,1.3173566764726985,0.13527851458885942,True,114,151,857,0.079166666666666663,0.10486111111111111,0.59513888888888888,0.75496688741721851,1.2685557968270651,0.12751677852348994,False,114,145,833,0.079166666666666663,0.10069444444444445,0.57847222222222228,0.78620689655172415,1.3591091609057415,0.13194444444444445,False,0.72921064312487671,0.83395613820142123,100,1.2719336924555429,1.4376587267769905,100,0.46999999999999997,55,0.55000000000000004,100
89bfe376f7a5,eee0574f0591,"[""DEP_advmod_rate_baixo"", ""POS_VERB_rate_baixo""]","[""DEP_ccomp_rate_baixo""]","[""DEP_advmod_rate_baixo"", ""DEP_ccomp_rate_baixo"", ""POS_VERB_rate_baixo""]",367,447,2561,0.084953703703703698,0.10347222222222222,0.59282407407407411,0.82102908277404918,1.3849455828129218,0.13896251419916697,True,110,132,842,0.076388888888888895,0.09166666666666666,0.58472222222222225,0.83333333333333337,1.4251781472684086,0.12731481481481483,False,117,144,849,0.081250000000000003,0.10000000000000001,0.58958333333333335,0.8125,1.3780918727915195,0.13356164383561644,True,0.76525362318840584,0.86558007475560661,100,1.2848794543760753,1.4851771801945577,100,0.66000000000000003,82,0.81999999999999995,100
d8a685f8cc64,8685f3180b9e,"[""DEP_advmod_rate_baixo"", ""POS_VERB_rate_baixo""]","[""DEP_advcl_rate_baixo""]","[""DEP_advcl_rate_baixo"", ""DEP_advmod_rate_baixo"", ""POS_VERB_rate_baixo""]",361,447,2534,0.083564814814814814,0.10347222222222222,0.58657407407407403,0.80760626398210289,1.3768188872938771,0.13778625954198473,True,99,132,857,0.068750000000000006,0.09166666666666666,0.59513888888888888,0.75,1.2602100350058343,0.11123595505617978,False,115,144,833,0.079861111111111105,0.10000000000000001,0.57847222222222228,0.79861111111111116,1.3805522208883554,0.13341067285382829,False,0.72862403100775186,0.85952284765239251,100,1.2697565510322422,1.4708769120868346,100,0.57999999999999996,69,0.68999999999999995,100
f3247c4cde1d,960f402600bc,"[""DEP_advmod_rate_baixo"", ""POS_VERB_rate_baixo""]","[""POS_ADV_rate_baixo""]","[""DEP_advmod_rate_baixo"", ""POS_ADV_rate_baixo"", ""POS_VERB_rate_baixo""]",386,447,1278,0.089351851851851849,0.10347222222222222,0.29583333333333334,0.86353467561521258,2.9189904527838171,0.28827483196415238,True,117,132,443,0.081250000000000003,0.09166666666666666,0.30763888888888891,0.88636363636363635,2.8811820233942131,0.25545851528384278,True,126,144,434,0.087499999999999994,0.10000000000000001,0.30138888888888887,0.875,2.903225806451613,0.27876106194690264,True,0.81953974184782608,0.93597972972972965,100,2.6269225187976639,3.1523866758241756,100,0.88,98,0.97999999999999998,100
879aa9d69381,960f402600bc,"[""POS_ADV_rate_baixo"", ""POS_VERB_rate_baixo""]","[""DEP_advmod_rate_baixo""]","[""DEP_advmod_rate_baixo"", ""POS_ADV_rate_baixo"", ""POS_VERB_rate_baixo""]",386,397,1409,0.089351851851851849,0.091898148148148145,0.3261574074074074,0.97229219143576828,2.9810519992920645,0.27183098591549298,True,117,123,487,0.081250000000000003,0.085416666666666669,0.33819444444444446,0.95121951219512191,2.8126408574147344,0.23732251521298176,True,126,128,479,0.087499999999999994,0.088888888888888892,0.33263888888888887,0.984375,2.9592901878914404,0.26195426195426197,True,0.95774647887323938,1,100,2.7112129703332402,3.1871156958293021,100,0.88,98,0.97999999999999998,100
c882a83d95db,6b9567259c15,"[""POS_PRON_rate_baixo"", ""POS_VERB_rate_baixo""]","[""DEP_ccomp_rate_baixo""]","[""DEP_ccomp_rate_baixo"", ""POS_PRON_rate_baixo"", ""POS_VERB_rate_baixo""]",399,514,2561,0.092361111111111116,0.11898148148148148,0.59282407407407411,0.77626459143968873,1.3094350000075967,0.1491031390134529,True,112,141,842,0.077777777777777779,0.097916666666666666,0.58472222222222225,0.79432624113475181,1.3584676808005256,0.12858783008036739,False,119,148,849,0.082638888888888887,0.10277777777777777,0.58958333333333335,0.80405405405405406,1.3637665934485723,0.13553530751708429,True,0.74377413127413128,0.85879726890756303,100,1.2592302674970455,1.4401342562162489,100,0.67000000000000004,100,1,100
9abddbcf520f,f2303e71ec21,"[""POS_PRON_rate_baixo"", ""POS_VERB_rate_baixo""]","[""DEP_advcl_rate_baixo""]","[""DEP_advcl_rate_baixo"", ""POS_PRON_rate_baixo"", ""POS_VERB_rate_baixo""]",394,514,2534,0.091203703703703703,0.11898148148148148,0.58657407407407403,0.7665369649805448,1.306803349927369,0.14845516201959308,True,109,141,857,0.075694444444444439,0.097916666666666666,0.59513888888888888,0.77304964539007093,1.2989398942376922,0.12260967379077616,False,114,148,833,0.079166666666666663,0.10277777777777777,0.57847222222222228,0.77027027027027029,1.3315596508873819,0.13148788927335639,False,0.69713361210673042,0.82524350649350653,100,1.2272833268558103,1.4384839421561844,100,0.42999999999999999,99,0.98999999999999999,100
714dc4c2aebf,b1ddd811a80b,"[""POS_PROPN_rate_alto""]","[""DEP_advcl_rate_baixo""]","[""DEP_advcl_rate_baixo"", ""POS_PROPN_rate_alto""]",712,1082,2534,0.1648148148148148,0.25046296296296294,0.58657407407407403,0.65804066543438078,1.1218372828242009,0.24517906336088155,True,234,362,857,0.16250000000000001,0.25138888888888888,0.59513888888888888,0.64640883977900554,1.0861478754746416,0.23756345177664975,True,253,362,833,0.17569444444444443,0.25138888888888888,0.57847222222222228,0.69889502762430944,1.2081738772857209,0.26857749469214437,True,0.64504096611060024,0.75338096276905175,100,1.1230534188034187,1.2911347205489108,100,1,100,1,100
2698eb8a7fd7,c29b979659d6,"[""POS_PROPN_rate_alto""]","[""DEP_ccomp_rate_baixo""]","[""DEP_ccomp_rate_baixo"", ""POS_PROPN_rate_alto""]",697,1082,2561,0.16134259259259259,0.25046296296296294,0.59282407407407411,0.64417744916820707,1.086624982587526,0.23659198913781398,True,221,362,842,0.15347222222222223,0.25138888888888888,0.58472222222222225,0.61049723756906082,1.0440807863413866,0.22482197355035605,False,223,362,849,0.15486111111111112,0.25138888888888888,0.58958333333333335,0.61602209944751385,1.0448431368721083,0.22570850202429149,False,0.56747991680955101,0.66857402361489549,100,0.97964731096526902,1.1196313705782304,100,0.46999999999999997,90,0.90000000000000002,100
ba4f4bdbb3e8,40dd9a8492f4,"[""DEP_advcl_rate_baixo"", ""POS_PROPN_rate_alto""]","[""DEP_ccomp_rate_baixo""]","[""DEP_advcl_rate_baixo"", ""DEP_ccomp_rate_baixo"", ""POS_PROPN_rate_alto""]",465,712,2561,0.1076388888888889,0.1648148148148148,0.59282407407407411,0.6530898876404494,1.1016588499050142,0.16559829059829059,True,149,234,842,0.10347222222222222,0.16250000000000001,0.58472222222222225,0.63675213675213671,1.0889822766307327,0.16073354908306364,True,169,253,849,0.11736111111111111,0.17569444444444443,0.58958333333333335,0.66798418972332019,1.1329767175519212,0.18113612004287247,True,0.61230027354983518,0.73389492753623187,100,1.0602429843140748,1.2290529038351712,100,0.98999999999999999,94,0.93999999999999995,100
2ab69402d49c,40dd9a8492f4,"[""DEP_ccomp_rate_baixo"", ""POS_PROPN_rate_alto""]","[""DEP_advcl_rate_baixo""]","[""DEP_advcl_rate_baixo"", ""DEP_ccomp_rate_baixo"", ""POS_PROPN_rate_alto""]",465,697,2534,0.1076388888888889,0.16134259259259259,0.58657407407407403,0.66714490674318505,1.137358325623741,0.16811279826464209,True,149,221,857,0.10347222222222222,0.15347222222222223,0.59513888888888888,0.67420814479638014,1.1328584930067531,0.16038751345532831,True,169,223,833,0.11736111111111111,0.15486111111111112,0.57847222222222228,0.75784753363228696,1.31008457194537,0.19052987598647125,True,0.69124616760347468,0.80693277310924361,100,1.2064733005294261,1.4074029472846761,100,1,100,1,100
b5d3857df26e,575ce0385139,"[""DEP_advmod_rate_baixo"", ""POS_PROPN_rate_alto""]","[""DEP_advcl_rate_baixo""]","[""DEP_advcl_rate_baixo"", ""DEP_advmod_rate_baixo"", ""POS_PROPN_rate_alto""]",351,506,2534,0.081250000000000003,0.11712962962962963,0.58657407407407403,0.69367588932806323,1.1825887300304787,0.1305317962067683,True,122,179,857,0.084722222222222227,0.12430555555555556,0.59513888888888888,0.68156424581005581,1.1452188027613541,0.13347921225382933,True,122,176,833,0.084722222222222227,0.12222222222222222,0.57847222222222228,0.69318181818181823,1.1982975008185093,0.1375422773393461,True,0.62274393530997307,0.77177304964539006,100,1.0875218502750894,1.3278645154344266,100,0.67000000000000004,70,0.69999999999999996,100
9a32ada49b69,a9370ac537f5,"[""DEP_advmod_rate_baixo"", ""POS_PROPN_rate_alto""]","[""POS_ADV_rate_baixo""]","[""DEP_advmod_rate_baixo"", ""POS_ADV_rate_baixo"", ""POS_PROPN_rate_alto""]",457,506,1278,0.10578703703703704,0.11712962962962963,0.29583333333333334,0.90316205533596838,3.0529421588821468,0.34438583270535039,True,159,179,443,0.11041666666666666,0.12430555555555556,0.30763888888888891,0.88826815642458101,2.8873727883778706,0.3434125269978402,True,152,176,434,0.10555555555555556,0.12222222222222222,0.30138888888888887,0.86363636363636365,2.8655215751989944,0.33187772925764192,True,0.80968642138503344,0.92951149425287349,100,2.6265715428506127,3.1781271482464715,100,1,100,1,100
e59bc16c1973,a9370ac537f5,"[""POS_ADV_rate_baixo"", ""POS_PROPN_rate_alto""]","[""DEP_advmod_rate_baixo""]","[""DEP_advmod_rate_baixo"", ""POS_ADV_rate_baixo"", ""POS_PROPN_rate_alto""]",457,468,1409,0.10578703703703704,0.10833333333333334,0.3261574074074074,0.97649572649572647,2.9939400556859748,0.32183098591549297,True,159,165,487,0.11041666666666666,0.11458333333333333,0.33819444444444446,0.96363636363636362,2.8493559828262085,0.3225152129817444,True,152,156,479,0.10555555555555556,0.10833333333333334,0.33263888888888887,0.97435897435897434,2.9291793801188373,0.31469979296066253,True,0.93782794192562402,0.997172619047619,100,2.7219375281162592,3.1787549752210902,100,1,100,1,100
73d91e3a484a,9e0e19ee5e38,"[""POS_PROPN_rate_alto"", ""POS_VERB_rate_baixo""]","[""DEP_ccomp_rate_baixo""]","[""DEP_ccomp_rate_baixo"", ""POS_PROPN_rate_alto"", ""POS_VERB_rate_baixo""]",358,446,2561,0.082870370370370372,0.10324074074074074,0.59282407407407411,0.80269058295964124,1.3540114480225107,0.13514533786334465,True,108,130,842,0.074999999999999997,0.090277777777777776,0.58472222222222225,0.83076923076923082,1.4207929837383519,0.125,False,108,139,849,0.074999999999999997,0.096527777777777782,0.58958333333333335,0.7769784172661871,1.3178432519002465,0.12272727272727273,False,0.71996798719487798,0.83885519536281661,100,1.2303578151620129,1.4210934834128761,100,0.25,70,0.69999999999999996,100
8694bd72e0dc,9e0e19ee5e38,"[""DEP_ccomp_rate_baixo"", ""POS_PROPN_rate_alto""]","[""POS_VERB_rate_baixo""]","[""DEP_ccomp_rate_baixo"", ""POS_PROPN_rate_alto"", ""POS_VERB_rate_baixo""]",358,697,1132,0.082870370370370372,0.16134259259259259,0.26203703703703701,0.51362984218077479,1.9601421539054302,0.24337185588035351,True,108,221,352,0.074999999999999997,0.15347222222222223,0.24444444444444444,0.48868778280542985,1.9991772932949403,0.23225806451612904,False,108,223,350,0.074999999999999997,0.15486111111111112,0.24305555555555555,0.48430493273542602,1.9925688661114671,0.23225806451612904,False,0.42029487179487179,0.54822134387351773,100,1.7936928863932238,2.2397485110974764,100,0.20999999999999999,50,0.5,100
28cc47fd7d1b,f6f158f4942a,"[""POS_PROPN_rate_alto"", ""POS_VERB_rate_baixo""]","[""DEP_advcl_rate_baixo""]","[""DEP_advcl_rate_baixo"", ""POS_PROPN_rate_alto"", ""POS_VERB_rate_baixo""]",358,446,2534,0.082870370370370372,0.10324074074074074,0.58657407407407403,0.80269058295964124,1.368438562898836,0.13653699466056446,True,102,130,857,0.070833333333333331,0.090277777777777776,0.59513888888888888,0.7846153846153846,1.3183735750830265,0.11525423728813559,False,118,139,833,0.081944444444444445,0.096527777777777782,0.57847222222222228,0.84892086330935257,1.4675222607028422,0.13817330210772832,True,0.78117310754088864,0.90858153387937446,100,1.3445721187224942,1.5625331739959489,100,0.55000000000000004,75,0.75,100
b353e43e74ed,f6f158f4942a,"[""DEP_advcl_rate_baixo"", ""POS_PROPN_rate_alto""]","[""POS_VERB_rate_baixo""]","[""DEP_advcl_rate_baixo"", ""POS_PROPN_rate_alto"", ""POS_VERB_rate_baixo""]",358,712,1132,0.082870370370370372,0.1648148148148148,0.26203703703703701,0.5028089887640449,1.918847024258546,0.24091520861372812,True,102,234,352,0.070833333333333331,0.16250000000000001,0.24444444444444444,0.4358974358974359,1.7832167832167831,0.21074380165289255,False,118,253,350,0.081944444444444445,0.17569444444444443,0.24305555555555555,0.466403162055336,1.9189158667419537,0.24329896907216494,False,0.41014048411335335,0.54239042535985771,100,1.7132699364962938,2.1434287473068636,100,0.16,33,0.33000000000000002,100
d4448b7c5c68,728cda3555ce,"[""POS_ADV_rate_alto""]","[""uppercaseRatio_baixo""]","[""POS_ADV_rate_alto"", ""uppercaseRatio_baixo""]",593,1181,1882,0.13726851851851851,0.27337962962962964,0.43564814814814817,0.50211685012701102,1.1525742787187501,0.24008097165991904,True,205,383,645,0.1423611111111111,0.26597222222222222,0.44791666666666669,0.53524804177545693,1.1949723723359038,0.24908869987849333,True,204,372,629,0.14166666666666666,0.25833333333333336,0.43680555555555556,0.54838709677419351,1.2554489973844813,0.25595984943538269,True,0.50276469623485853,0.61196391714580567,100,1.1575408701445975,1.3482016917709607,100,0.98999999999999999,65,0.65000000000000002,100
0e6f83146046,bd070c47a225,"[""POS_ADV_rate_alto""]","[""DEP_advmod_rate_alto""]","[""DEP_advmod_rate_alto"", ""POS_ADV_rate_alto""]",1008,1181,1166,0.23333333333333334,0.27337962962962964,0.26990740740740743,0.85351397121083827,3.1622473032854383,0.75280059746079164,True,326,383,383,0.22638888888888889,0.26597222222222222,0.26597222222222222,0.8511749347258486,3.2002399634601093,0.74090909090909096,True,331,372,366,0.2298611111111111,0.25833333333333336,0.25416666666666665,0.88978494623655913,3.5007932310946588,0.81326781326781328,True,0.86842424263354934,0.91302030988274707,100,3.2400148108617537,3.7776140062785943,100,1,100,1,100
2b20d484cff5,bd070c47a225,"[""DEP_advmod_rate_alto""]","[""POS_ADV_rate_alto""]","[""DEP_advmod_rate_alto"", ""POS_ADV_rate_alto""]",1008,1166,1181,0.23333333333333334,0.26990740740740743,0.27337962962962964,0.86449399656946824,3.1622473032854383,0.75280059746079164,True,326,383,383,0.22638888888888889,0.26597222222222222,0.26597222222222222,0.8511749347258486,3.2002399634601093,0.74090909090909096,True,331,366,372,0.2298611111111111,0.25416666666666665,0.25833333333333336,0.90437158469945356,3.5007932310946588,0.81326781326781328,True,0.87452900213715057,0.92890516117430211,100,3.2400148108617537,3.7776140062785943,100,1,100,1,100
56957b554c4f,413b4701a914,"[""DEP_advmod_rate_alto""]","[""uppercaseRatio_baixo""]","[""DEP_advmod_rate_alto"", ""uppercaseRatio_baixo""]",602,1166,1882,0.13935185185185187,0.26990740740740743,0.43564814814814817,0.516295025728988,1.1851192939156365,0.24611610793131644,True,202,383,645,0.14027777777777778,0.26597222222222222,0.44791666666666669,0.52741514360313313,1.1774849717651346,0.24455205811138014,True,205,366,629,0.1423611111111111,0.25416666666666665,0.43680555555555556,0.56010928961748629,1.2822851781386015,0.25949367088607594,True,0.51233071698727073,0.62700888636793339,100,1.1900773639803031,1.3717057966792536,100,0.98999999999999999,87,0.87,100
30553b8c2ed9,c25927785443,"[""POS_ADV_rate_alto"", ""uppercaseRatio_baixo""]","[""DEP_advmod_rate_alto""]","[""DEP_advmod_rate_alto"", ""POS_ADV_rate_alto"", ""uppercaseRatio_baixo""]",520,593,1166,0.12037037037037036,0.13726851851851851,0.26990740740740743,0.87689713322091067,3.2488813169076618,0.41969330104923325,True,178,205,383,0.12361111111111112,0.1423611111111111,0.26597222222222222,0.86829268292682926,3.2645991211870342,0.43414634146341463,True,187,204,366,0.12986111111111112,0.14166666666666666,0.25416666666666665,0.91666666666666663,3.6065573770491803,0.48825065274151436,True,0.877067365873336,0.95095486111111105,100,3.2874932401250998,3.865775215096019,100,1,100,1,100
4203ea06f871,c25927785443,"[""DEP_advmod_rate_alto"", ""uppercaseRatio_baixo""]","[""POS_ADV_rate_alto""]","[""DEP_advmod_rate_alto"", ""POS_ADV_rate_alto"", ""uppercaseRatio_baixo""]",520,602,1181,0.12037037037037036,0.13935185185185187,0.27337962962962964,0.86378737541528239,3.159662541739221,0.41171813143309582,True,178,202,383,0.12361111111111112,0.14027777777777778,0.26597222222222222,0.88118811881188119,3.3130832665511982,0.43734643734643736,True,187,205,372,0.12986111111111112,0.1423611111111111,0.25833333333333336,0.91219512195121955,3.5310778914240757,0.4794871794871795,True,0.87233801717408277,0.94149825037491963,100,3.2544049415015448,3.7607312680115275,100,1,100,1,100
c0151b5459e7,c25927785443,"[""DEP_advmod_rate_alto"", ""POS_ADV_rate_alto""]","[""uppercaseRatio_baixo""]","[""DEP_advmod_rate_alto"", ""POS_ADV_rate_alto"", ""uppercaseRatio_baixo""]",520,1008,1882,0.12037037037037036,0.23333333333333334,0.43564814814814817,0.51587301587301593,1.1841505996660089,0.21940928270042195,True,178,326,645,0.12361111111111112,0.22638888888888889,0.44791666666666669,0.54601226993865026,1.2190041375374518,0.2244640605296343,True,187,331,629,0.12986111111111112,0.2298611111111111,0.43680555555555556,0.56495468277945615,1.2933779701151302,0.24191461836998707,True,0.5079573261321727,0.63331289801349677,100,1.1757267420192608,1.3819011827920267,100,1,88,0.88,100
3a43eba7e197,325226a1f87d,"[""DEP_advmod_rate_alto"", ""DEP_ccomp_rate_baixo""]","[""POS_ADV_rate_alto""]","[""DEP_advmod_rate_alto"", ""DEP_ccomp_rate_baixo"", ""POS_ADV_rate_alto""]",564,654,1181,0.13055555555555556,0.15138888888888888,0.27337962962962964,0.86238532110091748,3.1545339434004771,0.44374508261211643,True,171,198,383,0.11874999999999999,0.13750000000000001,0.26597222222222222,0.86363636363636365,3.247092333254213,0.4170731707317073,True,176,199,372,0.12222222222222222,0.13819444444444445,0.25833333333333336,0.88442211055276387,3.4235694602042472,0.44556962025316454,True,0.84102108505093576,0.92444101037851034,100,3.1288388017123392,3.7212894609570899,100,1,100,1,100
e9d40e61c25e,325226a1f87d,"[""DEP_ccomp_rate_baixo"", ""POS_ADV_rate_alto""]","[""DEP_advmod_rate_alto""]","[""DEP_advmod_rate_alto"", ""DEP_ccomp_rate_baixo"", ""POS_ADV_rate_alto""]",564,672,1166,0.13055555555555556,0.15555555555555556,0.26990740740740743,0.8392857142857143,3.1095319774565056,0.44270015698587128,True,171,207,383,0.11874999999999999,0.14374999999999999,0.26597222222222222,0.82608695652173914,3.1059144057214212,0.40811455847255368,True,176,205,366,0.12222222222222222,0.1423611111111111,0.25416666666666665,0.85853658536585364,3.3778488604558179,0.44556962025316454,True,0.81698705054060849,0.90113914475147949,100,3.0990805764035034,3.6750173533231019,100,1,100,1,100
9300fc3b3306,aedde8177efa,"[""DEP_advcl_rate_baixo"", ""POS_ADV_rate_alto""]","[""DEP_advmod_rate_alto""]","[""DEP_advcl_rate_baixo"", ""DEP_advmod_rate_alto"", ""POS_ADV_rate_alto""]",554,638,1166,0.12824074074074074,0.1476851851851852,0.26990740740740743,0.86833855799373039,3.2171720158944384,0.44319999999999998,True,174,203,383,0.12083333333333333,0.14097222222222222,0.26597222222222222,0.8571428571428571,3.2226781051846327,0.42233009708737862,True,173,194,366,0.12013888888888889,0.13472222222222222,0.25416666666666665,0.89175257731958768,3.5085347304377219,0.44702842377260982,True,0.85544926616640915,0.92413183015141531,100,3.2455314572995131,3.809719747723006,100,1,100,1,100
16c6600c19ac,aedde8177efa,"[""DEP_advcl_rate_baixo"", ""DEP_advmod_rate_alto""]","[""POS_ADV_rate_alto""]","[""DEP_advcl_rate_baixo"", ""DEP_advmod_rate_alto"", ""POS_ADV_rate_alto""]",554,643,1181,0.12824074074074074,0.14884259259259258,0.27337962962962964,0.8615863141524106,3.1516112422848548,0.43622047244094486,True,174,201,383,0.12083333333333333,0.13958333333333334,0.26597222222222222,0.86567164179104472,3.25474455399244,0.42439024390243901,True,173,186,372,0.12013888888888889,0.12916666666666668,0.25833333333333336,0.93010752688172038,3.6004162330905305,0.44935064935064933,True,0.89852575309306082,0.96362732095490711,100,3.3049598427887901,3.9322447473560578,100,1,100,1,100
12141a4f6b1e,b38b5fa88b86,"[""POS_NOUN_rate_alto""]","[""DEP_ccomp_rate_baixo""]","[""DEP_ccomp_rate_baixo"", ""POS_NOUN_rate_alto""]",729,1092,2561,0.16875000000000001,0.25277777777777777,0.59282407407407411,0.66758241758241754,1.1261054447309817,0.24931600547195623,True,233,333,842,0.16180555555555556,0.23125000000000001,0.58472222222222225,0.6996996996996997,1.1966360659947359,0.24734607218683652,True,239,357,849,0.16597222222222222,0.24791666666666667,0.58958333333333335,0.66946778711484589,1.1354930664845444,0.24715615305067218,True,0.619941936966102,0.70905572755417956,100,1.0635481290746223,1.1839926168499901,100,0.98999999999999999,100,1,100
93993666a2b1,c206aeeaf203,"[""POS_NOUN_rate_alto""]","[""DEP_advcl_rate_baixo""]","[""DEP_advcl_rate_baixo"", ""POS_NOUN_rate_alto""]",691,1092,2534,0.15995370370370371,0.25277777777777777,0.58657407407407403,0.63278388278388276,1.0787791529701554,0.23543441226575809,True,237,333,857,0.16458333333333333,0.23125000000000001,0.59513888888888888,0.71171171171171166,1.1958749881737045,0.24868835257082897,True,224,357,833,0.15555555555555556,0.24791666666666667,0.57847222222222228,0.62745098039215685,1.0846691617823601,0.2318840579710145,True,0.58261117221873038,0.68018918021905073,100,1.0172352388550421,1.1619872277057923,100,0.83999999999999997,92,0.92000000000000004,100
692298c7e196,db6f966588f8,"[""POS_NOUN_rate_alto""]","[""uppercaseRatio_baixo""]","[""POS_NOUN_rate_alto"", ""uppercaseRatio_baixo""]",576,1092,1882,0.13333333333333333,0.25277777777777777,0.43564814814814817,0.52747252747252749,1.2107764711377889,0.24020016680567138,True,178,333,645,0.12361111111111112,0.23125000000000001,0.44791666666666669,0.53453453453453459,1.1933794259375654,0.2225,True,182,357,629,0.12638888888888888,0.24791666666666667,0.43680555555555556,0.50980392156862742,1.1671186757691947,0.2263681592039801,True,0.47099999999999997,0.55997101449275355,100,1.0818182199890285,1.2626780505246902,100,0.72999999999999998,97,0.96999999999999997,100
a8b60cb484f2,27b247a1a578,"[""DEP_advcl_rate_baixo"", ""POS_NOUN_rate_alto""]","[""DEP_ccomp_rate_baixo""]","[""DEP_advcl_rate_baixo"", ""DEP_ccomp_rate_baixo"", ""POS_NOUN_rate_alto""]",469,691,2561,0.10856481481481481,0.15995370370370371,0.59282407407407411,0.678726483357453,1.1449037126529469,0.16852317642831477,True,164,237,842,0.11388888888888889,0.16458333333333333,0.58472222222222225,0.69198312236286919,1.1834390691241468,0.17923497267759564,True,148,224,849,0.10277777777777777,0.15555555555555556,0.58958333333333335,0.6607142857142857,1.1206461383139827,0.16,True,0.61733677821522315,0.71367073121816205,100,1.0491590368842076,1.2045461320310082,100,0.96999999999999997,100,1,100
1a6f3c48df21,27b247a1a578,"[""DEP_ccomp_rate_baixo"", ""POS_NOUN_rate_alto""]","[""DEP_advcl_rate_baixo""]","[""DEP_advcl_rate_baixo"", ""DEP_ccomp_rate_baixo"", ""POS_NOUN_rate_alto""]",469,729,2534,0.10856481481481481,0.16875000000000001,0.58657407407407403,0.64334705075445819,1.0967873951299365,0.16785969935576234,True,164,233,857,0.11388888888888889,0.16180555555555556,0.59513888888888888,0.70386266094420602,1.1826863847837301,0.17710583153347731,True,148,239,833,0.10277777777777777,0.16597222222222222,0.57847222222222228,0.61924686192468614,1.0704867721147036,0.16017316017316016,True,0.56325252921060132,0.66939924906132664,100,0.99840495452658329,1.1597294044919724,100,0.68000000000000005,92,0.92000000000000004,100
9d2f2cf10054,1d9d91f02235,"[""POS_NOUN_rate_alto"", ""uppercaseRatio_baixo""]","[""DEP_ccomp_rate_baixo""]","[""DEP_ccomp_rate_baixo"", ""POS_NOUN_rate_alto"", ""uppercaseRatio_baixo""]",376,576,2561,0.087037037037037038,0.13333333333333333,0.59282407407407411,0.65277777777777779,1.1011323701679032,0.13618254255704454,True,128,178,842,0.088888888888888892,0.12361111111111112,0.58472222222222225,0.7191011235955056,1.2298166484293682,0.14349775784753363,True,127,182,849,0.08819444444444445,0.12638888888888888,0.58958333333333335,0.69780219780219777,1.1835514309012543,0.14048672566371681,True,0.61755776636713733,0.75549818840579708,100,1.0667820572915294,1.2757358426609393,100,0.91000000000000003,97,0.96999999999999997,100
38d9c569a5ce,1d9d91f02235,"[""DEP_ccomp_rate_baixo"", ""POS_NOUN_rate_alto""]","[""uppercaseRatio_baixo""]","[""DEP_ccomp_rate_baixo"", ""POS_NOUN_rate_alto"", ""uppercaseRatio_baixo""]",376,729,1882,0.087037037037037038,0.16875000000000001,0.43564814814814817,0.51577503429355276,1.1839256897705357,0.16823266219239374,True,128,233,645,0.088888888888888892,0.16180555555555556,0.44791666666666669,0.54935622317596566,1.2264697075556443,0.17066666666666666,True,127,239,629,0.08819444444444445,0.16597222222222222,0.43680555555555556,0.53138075313807531,1.2165155556738132,0.17139001349527666,True,0.47425488310899705,0.58937095282146157,100,1.0931655962459221,1.3297855829824401,100,0.83999999999999997,80,0.80000000000000004,100
793bbc696d49,763262cc64de,"[""DEP_advcl_rate_baixo"", ""POS_NOUN_rate_alto""]","[""uppercaseRatio_baixo""]","[""DEP_advcl_rate_baixo"", ""POS_NOUN_rate_alto"", ""uppercaseRatio_baixo""]",353,691,1882,0.081712962962962959,0.15995370370370371,0.43564814814814817,0.51085383502170767,1.172629419390955,0.15900900900900902,True,121,237,645,0.084027777777777785,0.16458333333333333,0.44791666666666669,0.51054852320675104,1.1398292611127465,0.15900131406044679,True,109,224,629,0.075694444444444439,0.15555555555555556,0.43680555555555556,0.48660714285714285,1.1140131728367022,0.14650537634408603,False,0.43003227107704722,0.55708976157082746,100,0.96567875059722885,1.245605620239215,100,0.20000000000000001,59,0.58999999999999997,100
15f76ab8f838,f953efc08f59,"[""DEP_advmod_rate_baixo"", ""POS_NOUN_rate_alto""]","[""POS_ADV_rate_baixo""]","[""DEP_advmod_rate_baixo"", ""POS_ADV_rate_baixo"", ""POS_NOUN_rate_alto""]",395,446,1278,0.091435185185185189,0.10324074074074074,0.29583333333333334,0.88565022421524664,2.9937472367839324,0.29721595184349137,True,116,126,443,0.080555555555555561,0.087499999999999994,0.30763888888888891,0.92063492063492058,2.9925830377297644,0.25607064017660042,True,143,159,434,0.09930555555555555,0.11041666666666666,0.30138888888888887,0.89937106918238996,2.9840883401443352,0.31777777777777777,True,0.84905244394408474,0.94001733410373789,100,2.7542911714770799,3.2342088069228576,100,1,99,0.98999999999999999,100
e3f4f788feaf,f953efc08f59,"[""POS_ADV_rate_baixo"", ""POS_NOUN_rate_alto""]","[""DEP_advmod_rate_baixo""]","[""DEP_advmod_rate_baixo"", ""POS_ADV_rate_baixo"", ""POS_NOUN_rate_alto""]",395,409,1409,0.091435185185185189,0.094675925925925927,0.3261574074074074,0.96577017114914421,2.9610554573203003,0.27758257203092057,True,116,120,487,0.080555555555555561,0.083333333333333329,0.33819444444444446,0.96666666666666667,2.8583162217659139,0.23625254582484725,True,143,148,479,0.09930555555555555,0.10277777777777777,0.33263888888888887,0.96621621621621623,2.9047001072053265,0.29545454545454547,True,0.93336976682564921,0.99298645320197043,100,2.7239022836230276,3.1321979010494752,100,1,99,0.98999999999999999,100
b8a91c1713be,dcc82376b8a6,"[""DEP_nsubj_rate_baixo""]","[""DEP_ccomp_rate_baixo""]","[""DEP_ccomp_rate_baixo"", ""DEP_nsubj_rate_baixo""]",869,1108,2561,0.2011574074074074,0.25648148148148148,0.59282407407407411,0.78429602888086647,1.3229827585963854,0.31035714285714283,True,261,342,842,0.18124999999999999,0.23749999999999999,0.58472222222222225,0.76315789473684215,1.3051631453931742,0.28277356446370533,True,294,384,849,0.20416666666666666,0.26666666666666666,0.58958333333333335,0.765625,1.2985865724381624,0.31309904153354634,True,0.71639851485148509,0.80259659135740768,100,1.2208012124587528,1.3577254967060115,100,1,100,1,100
5b29d22834ee,db4d3c9a5701,"[""DEP_nsubj_rate_baixo""]","[""POS_PRON_rate_baixo""]","[""DEP_nsubj_rate_baixo"", ""POS_PRON_rate_baixo""]",558,1108,1448,0.12916666666666668,0.25648148148148148,0.3351851851851852,0.50361010830324915,1.5024831960428426,0.27927927927927926,True,163,342,434,0.11319444444444444,0.23749999999999999,0.30138888888888887,0.47660818713450293,1.5813727868057239,0.265905383360522,False,177,384,457,0.12291666666666666,0.26666666666666666,0.31736111111111109,0.4609375,1.4524070021881839,0.26656626506024095,False,0.41420099374899821,0.51472973351346429,100,1.3280700518913127,1.5774291815486654,100,0.050000000000000003,65,0.65000000000000002,100
009210998a05,93b724bf542f,"[""DEP_advcl_rate_baixo"", ""DEP_nsubj_rate_baixo""]","[""DEP_ccomp_rate_baixo""]","[""DEP_advcl_rate_baixo"", ""DEP_ccomp_rate_baixo"", ""DEP_nsubj_rate_baixo""]",519,657,2561,0.12013888888888889,0.15208333333333332,0.59282407407407411,0.78995433789954339,1.3325274266794327,0.19229344201556131,True,157,203,842,0.10902777777777778,0.14097222222222222,0.58472222222222225,0.77339901477832518,1.3226776499771831,0.1768018018018018,True,179,223,849,0.12430555555555556,0.15486111111111112,0.58958333333333335,0.80269058295964124,1.3614539922990381,0.20044792833146696,True,0.75085120743962808,0.85622171945701353,100,1.2635139967701743,1.4461644595094856,100,1,100,1,100
27ce67299da0,f294053424b2,"[""DEP_nsubj_rate_baixo"", ""POS_PRON_rate_baixo""]","[""DEP_ccomp_rate_baixo""]","[""DEP_ccomp_rate_baixo"", ""DEP_nsubj_rate_baixo"", ""POS_PRON_rate_baixo""]",447,558,2561,0.10347222222222222,0.12916666666666668,0.59282407407407411,0.80107526881720426,1.3512866697736519,0.16729041916167664,True,132,163,842,0.09166666666666666,0.11319444444444444,0.58472222222222225,0.80981595092024539,1.3849583958731038,0.15120274914089346,True,134,177,849,0.093055555555555558,0.12291666666666666,0.58958333333333335,0.75706214689265539,1.2840630053302988,0.15022421524663676,True,0.6894556847350144,0.81370703764320773,100,1.190199309429619,1.3668009897490279,100,0.95999999999999996,100,1,100
5e06e3b1b794,f294053424b2,"[""DEP_ccomp_rate_baixo"", ""DEP_nsubj_rate_baixo""]","[""POS_PRON_rate_baixo""]","[""DEP_ccomp_rate_baixo"", ""DEP_nsubj_rate_baixo"", ""POS_PRON_rate_baixo""]",447,869,1448,0.10347222222222222,0.2011574074074074,0.3351851851851852,0.51438434982738779,1.5346273420264609,0.23903743315508022,True,132,261,434,0.09166666666666666,0.18124999999999999,0.30138888888888887,0.50574712643678166,1.6780549817257271,0.23445825932504441,True,134,294,457,0.093055555555555558,0.20416666666666666,0.31736111111111109,0.45578231292517007,1.4361630866788728,0.21717990275526741,False,0.4039816117363344,0.51916666666666667,100,1.2748904659055846,1.5902487656886959,100,0.080000000000000002,82,0.81999999999999995,100
fbadc1bd5861,6c0ca72adca7,"[""DEP_nsubj_rate_baixo"", ""uppercaseRatio_baixo""]","[""DEP_ccomp_rate_baixo""]","[""DEP_ccomp_rate_baixo"", ""DEP_nsubj_rate_baixo"", ""uppercaseRatio_baixo""]",370,478,2561,0.085648148148148154,0.11064814814814815,0.59282407407407411,0.77405857740585771,1.3057138049173391,0.13862869988759835,True,115,155,842,0.079861111111111105,0.1076388888888889,0.58472222222222225,0.74193548387096775,1.2688682859550993,0.13038548752834467,False,131,160,849,0.090972222222222218,0.1111111111111111,0.58958333333333335,0.81874999999999998,1.3886925795053005,0.14920273348519361,True,0.75635710337202877,0.87268668831168827,100,1.2832082032621361,1.4851620475685521,100,0.92000000000000004,94,0.93999999999999995,100
f5aa05536552,0a168850bbc9,"[""DEP_advmod_rate_baixo"", ""DEP_nsubj_rate_baixo""]","[""POS_ADV_rate_baixo""]","[""DEP_advmod_rate_baixo"", ""DEP_nsubj_rate_baixo"", ""POS_ADV_rate_baixo""]",357,416,1278,0.082638888888888887,0.096296296296296297,0.29583333333333334,0.85817307692307687,2.9008667388949081,0.26701570680628273,True,113,125,443,0.078472222222222221,0.086805555555555552,0.30763888888888891,0.90400000000000003,2.938510158013544,0.24835164835164836,False,129,149,434,0.089583333333333334,0.10347222222222222,0.30138888888888887,0.86577181208053688,2.8726069340921039,0.28414096916299558,True,0.81368243243243243,0.90947362424518619,100,2.6170831054551984,3.1377546030531103,100,0.93000000000000005,76,0.76000000000000001,100
4f57e9821bf1,0a168850bbc9,"[""DEP_nsubj_rate_baixo"", ""POS_ADV_rate_baixo""]","[""DEP_advmod_rate_baixo""]","[""DEP_advmod_rate_baixo"", ""DEP_nsubj_rate_baixo"", ""POS_ADV_rate_baixo""]",357,372,1409,0.082638888888888887,0.08611111111111111,0.3261574074074074,0.95967741935483875,2.9423750543739553,0.25070224719101125,True,113,117,487,0.078472222222222221,0.081250000000000003,0.33819444444444446,0.96581196581196582,2.8557889748854843,0.23014256619144602,False,129,132,479,0.089583333333333334,0.09166666666666666,0.33263888888888887,0.97727272727272729,2.9379388878345036,0.26763485477178423,True,0.94836711711711708,1,100,2.6930107614290857,3.156826314957681,100,0.93000000000000005,76,0.76000000000000001,100
2ebde835a7b8,9948d6356c85,"[""DEP_nsubj_rate_baixo"", ""POS_VERB_rate_baixo""]","[""DEP_ccomp_rate_baixo""]","[""DEP_ccomp_rate_baixo"", ""DEP_nsubj_rate_baixo"", ""POS_VERB_rate_baixo""]",441,498,2561,0.10208333333333333,0.11527777777777778,0.59282407407407411,0.88554216867469882,1.4937689061595856,0.16844919786096257,True,134,149,842,0.093055555555555558,0.10347222222222222,0.58472222222222225,0.89932885906040272,1.5380446045688596,0.15635939323220538,True,150,165,849,0.10416666666666667,0.11458333333333333,0.58958333333333335,0.90909090909090906,1.5419209765499517,0.1736111111111111,True,0.86884761267291388,0.94791507430997879,100,1.4691507818025229,1.6347457696411705,100,1,100,1,100
a2acdc4b20e2,9948d6356c85,"[""DEP_ccomp_rate_baixo"", ""DEP_nsubj_rate_baixo""]","[""POS_VERB_rate_baixo""]","[""DEP_ccomp_rate_baixo"", ""DEP_nsubj_rate_baixo"", ""POS_VERB_rate_baixo""]",441,869,1132,0.10208333333333333,0.2011574074074074,0.26203703703703701,0.50747986191024164,1.9366722645337844,0.28269230769230769,True,134,261,352,0.093055555555555558,0.18124999999999999,0.24444444444444444,0.51340996168582376,2.1003134796238245,0.27974947807933193,True,150,294,350,0.10416666666666667,0.20416666666666666,0.24305555555555555,0.51020408163265307,2.0991253644314867,0.30364372469635625,True,0.4626809015421115,0.56669347788074831,100,1.9450279244096391,2.2763215027012125,100,0.75,48,0.47999999999999998,100
5642e26ff2c3,c760b2a99356,"[""DEP_nsubj_rate_baixo"", ""POS_VERB_rate_baixo""]","[""DEP_advcl_rate_baixo""]","[""DEP_advcl_rate_baixo"", ""DEP_nsubj_rate_baixo"", ""POS_VERB_rate_baixo""]",366,498,2534,0.084722222222222227,0.11527777777777778,0.58657407407407403,0.73493975903614461,1.2529359743631194,0.13728432108027006,True,106,149,857,0.073611111111111113,0.10347222222222222,0.59513888888888888,0.71140939597315433,1.195367013070411,0.11777777777777777,False,126,165,833,0.087499999999999994,0.11458333333333333,0.57847222222222228,0.76363636363636367,1.3200916730328496,0.14449541284403669,True,0.69166240409207158,0.83013010235540763,100,1.2246249447442639,1.4188602072149876,100,0.83999999999999997,80,0.80000000000000004,100
1d75f4885400,c760b2a99356,"[""DEP_advcl_rate_baixo"", ""DEP_nsubj_rate_baixo""]","[""POS_VERB_rate_baixo""]","[""DEP_advcl_rate_baixo"", ""DEP_nsubj_rate_baixo"", ""POS_VERB_rate_baixo""]",366,657,1132,0.084722222222222227,0.15208333333333332,0.26203703703703701,0.55707762557077622,2.1259499491746938,0.25720309205903019,True,106,203,352,0.073611111111111113,0.14097222222222222,0.24444444444444444,0.52216748768472909,2.136139722346619,0.23608017817371937,False,126,223,350,0.087499999999999994,0.15486111111111112,0.24305555555555555,0.56502242152466364,2.3246636771300446,0.28187919463087246,True,0.51273255813953489,0.63079049198452186,100,2.1023033560256721,2.580017935320801,100,0.83999999999999997,80,0.80000000000000004,100
c672065287b4,3624da99214c,"[""DEP_obj_rate_baixo""]","[""DEP_advcl_rate_baixo""]","[""DEP_advcl_rate_baixo"", ""DEP_obj_rate_baixo""]",798,1106,2534,0.18472222222222223,0.25601851851851853,0.58657407407407403,0.72151898734177211,1.2300560478754758,0.28078817733990147,True,270,393,857,0.1875,0.27291666666666664,0.59513888888888888,0.68702290076335881,1.1543908717610696,0.27551020408163263,True,251,349,833,0.17430555555555555,0.24236111111111111,0.57847222222222228,0.71919770773638969,1.2432709473474204,0.26960257787325459,True,0.66696403662279036,0.76131498145817034,100,1.1810683231759729,1.3130075762044491,100,1,100,1,100
9c5cae8f2917,749616b65649,"[""DEP_ccomp_rate_baixo"", ""DEP_obj_rate_baixo""]","[""DEP_advcl_rate_baixo""]","[""DEP_advcl_rate_baixo"", ""DEP_ccomp_rate_baixo"", ""DEP_obj_rate_baixo""]",472,647,2534,0.10925925925925926,0.14976851851851852,0.58657407407407403,0.72952086553323026,1.2436977660235022,0.17423403469915097,True,162,244,857,0.1125,0.16944444444444445,0.59513888888888888,0.66393442622950816,1.1155957686936895,0.17252396166134185,True,158,213,833,0.10972222222222222,0.14791666666666667,0.57847222222222228,0.74178403755868549,1.282315743198688,0.17792792792792791,True,0.67451737451737448,0.79697949985460892,100,1.1769420756721285,1.374348636502116,100,1,100,1,100
67ea8cfa0d8f,690a7839d4a6,"[""DEP_obj_rate_baixo"", ""POS_VERB_rate_baixo""]","[""DEP_advcl_rate_baixo""]","[""DEP_advcl_rate_baixo"", ""DEP_obj_rate_baixo"", ""POS_VERB_rate_baixo""]",430,521,2534,0.099537037037037035,0.12060185185185185,0.58657407407407403,0.82533589251439543,1.4070446154941547,0.16380952380952382,True,148,196,857,0.10277777777777777,0.1361111111111111,0.59513888888888888,0.75510204081632648,1.2687828923868263,0.16353591160220995,True,133,161,833,0.092361111111111116,0.11180555555555556,0.57847222222222228,0.82608695652173914,1.42804948066183,0.15447154471544716,True,0.76053921568627447,0.89328326071537134,100,1.3198035415784186,1.5172358709961229,100,0.93999999999999995,100,1,100
2ecdeb5efa23,690a7839d4a6,"[""DEP_advcl_rate_baixo"", ""DEP_obj_rate_baixo""]","[""POS_VERB_rate_baixo""]","[""DEP_advcl_rate_baixo"", ""DEP_obj_rate_baixo"", ""POS_VERB_rate_baixo""]",430,798,1132,0.099537037037037035,0.18472222222222223,0.26203703703703701,0.53884711779448624,2.0563776933499827,0.28666666666666668,True,148,270,352,0.10277777777777777,0.1875,0.24444444444444444,0.54814814814814816,2.2424242424242422,0.31223628691983124,True,133,251,350,0.092361111111111116,0.17430555555555555,0.24305555555555555,0.52988047808764938,2.1800796812749006,0.28418803418803418,True,0.48919079350490197,0.60118395394187008,100,1.9897348469394862,2.436224593784472,100,0.88,96,0.95999999999999996,100
9a59a88003cf,e8066b29ad40,"[""DEP_obj_rate_baixo"", ""POS_VERB_rate_baixo""]","[""DEP_ccomp_rate_baixo""]","[""DEP_ccomp_rate_baixo"", ""DEP_obj_rate_baixo"", ""POS_VERB_rate_baixo""]",389,521,2561,0.090046296296296291,0.12060185185185185,0.59282407407407411,0.74664107485604603,1.259464835368262,0.14444857036761977,True,151,196,842,0.10486111111111111,0.1361111111111111,0.58472222222222225,0.77040816326530615,1.3175626545154879,0.17023675310033823,True,124,161,849,0.08611111111111111,0.11180555555555556,0.58958333333333335,0.77018633540372672,1.3063231130522572,0.1399548532731377,True,0.70487462994527672,0.82081834532374098,100,1.1831045293597957,1.4011383511735338,100,0.78000000000000003,100,1,100
ac481854c364,e8066b29ad40,"[""DEP_ccomp_rate_baixo"", ""DEP_obj_rate_baixo""]","[""POS_VERB_rate_baixo""]","[""DEP_ccomp_rate_baixo"", ""DEP_obj_rate_baixo"", ""POS_VERB_rate_baixo""]",389,647,1132,0.090046296296296291,0.14976851851851852,0.26203703703703701,0.60123647604327668,2.2944713573382995,0.27985611510791369,True,151,244,352,0.10486111111111111,0.16944444444444445,0.24444444444444444,0.61885245901639341,2.5316691505216093,0.33932584269662919,True,124,213,350,0.08611111111111111,0.14791666666666667,0.24305555555555555,0.5821596244131455,2.3951710261569414,0.28246013667425968,True,0.52423273155416017,0.65400026835158931,100,2.1988957537866813,2.6561280139690475,100,0.78000000000000003,100,1,100
