variant,pattern_id,features,partition,author_state,population,population_fake,occurrences,support,fake_count,true_count,fake_pct,baseline_fake_pct,lift_fake_descriptive,delta_fake_descriptive
legacy_author,b39ecda11b8f2517,"[""com_autor"", ""diversidade_alto"", ""typeTokenRatio_alto""]",train,all,4320,2160,488,0.11296296296296296,9,479,0.018442622950819672,0.5,0.036885245901639344,-0.48155737704918034
legacy_author,b39ecda11b8f2517,"[""com_autor"", ""diversidade_alto"", ""typeTokenRatio_alto""]",train,com_autor,2157,44,488,0.22624014835419565,9,479,0.018442622950819672,0.020398701900788133,0.9041076751117734,-0.0019560789499684615
legacy_author,b39ecda11b8f2517,"[""com_autor"", ""diversidade_alto"", ""typeTokenRatio_alto""]",train,sem_autor,2163,2116,0,0.0,0,0,,0.9782709200184928,,
legacy_author,b39ecda11b8f2517,"[""com_autor"", ""diversidade_alto"", ""typeTokenRatio_alto""]",validation,all,1440,720,170,0.11805555555555555,3,167,0.01764705882352941,0.5,0.03529411764705882,-0.4823529411764706
legacy_author,b39ecda11b8f2517,"[""com_autor"", ""diversidade_alto"", ""typeTokenRatio_alto""]",validation,com_autor,723,17,170,0.2351313969571231,3,167,0.01764705882352941,0.02351313969571231,0.7505190311418685,-0.005866080872182898
legacy_author,b39ecda11b8f2517,"[""com_autor"", ""diversidade_alto"", ""typeTokenRatio_alto""]",validation,sem_autor,717,703,0,0.0,0,0,,0.9804741980474198,,
legacy_author,b39ecda11b8f2517,"[""com_autor"", ""diversidade_alto"", ""typeTokenRatio_alto""]",test,all,1440,720,165,0.11458333333333333,0,165,0.0,0.5,0.0,-0.5
legacy_author,b39ecda11b8f2517,"[""com_autor"", ""diversidade_alto"", ""typeTokenRatio_alto""]",test,com_autor,719,11,165,0.22948539638386647,0,165,0.0,0.015299026425591099,0.0,-0.015299026425591099
legacy_author,b39ecda11b8f2517,"[""com_autor"", ""diversidade_alto"", ""typeTokenRatio_alto""]",test,sem_autor,721,709,0,0.0,0,0,,0.9833564493758669,,
legacy_author,de1589a78e87b210,"[""diversidade_baixo"", ""sem_autor"", ""typeTokenRatio_baixo""]",train,all,4320,2160,466,0.10787037037037037,460,6,0.9871244635193133,0.5,1.9742489270386265,0.48712446351931327
legacy_author,de1589a78e87b210,"[""diversidade_baixo"", ""sem_autor"", ""typeTokenRatio_baixo""]",train,com_autor,2157,44,0,0.0,0,0,,0.020398701900788133,,
legacy_author,de1589a78e87b210,"[""diversidade_baixo"", ""sem_autor"", ""typeTokenRatio_baixo""]",train,sem_autor,2163,2116,466,0.2154415164123902,460,6,0.9871244635193133,0.9782709200184928,1.0090501959320768,0.00885354350082046
legacy_author,de1589a78e87b210,"[""diversidade_baixo"", ""sem_autor"", ""typeTokenRatio_baixo""]",validation,all,1440,720,148,0.10277777777777777,146,2,0.9864864864864865,0.5,1.972972972972973,0.4864864864864865
legacy_author,de1589a78e87b210,"[""diversidade_baixo"", ""sem_autor"", ""typeTokenRatio_baixo""]",validation,com_autor,723,17,0,0.0,0,0,,0.02351313969571231,,
legacy_author,de1589a78e87b210,"[""diversidade_baixo"", ""sem_autor"", ""typeTokenRatio_baixo""]",validation,sem_autor,717,703,148,0.20641562064156208,146,2,0.9864864864864865,0.9804741980474198,1.0061320210680098,0.00601228843906676
legacy_author,de1589a78e87b210,"[""diversidade_baixo"", ""sem_autor"", ""typeTokenRatio_baixo""]",test,all,1440,720,155,0.1076388888888889,151,4,0.9741935483870968,0.5,1.9483870967741936,0.4741935483870968
legacy_author,de1589a78e87b210,"[""diversidade_baixo"", ""sem_autor"", ""typeTokenRatio_baixo""]",test,com_autor,719,11,0,0.0,0,0,,0.015299026425591099,,
legacy_author,de1589a78e87b210,"[""diversidade_baixo"", ""sem_autor"", ""typeTokenRatio_baixo""]",test,sem_autor,721,709,155,0.21497919556171982,151,4,0.9741935483870968,0.9833564493758669,0.9906820146503481,-0.00916290098877004
legacy_author,60f27e4b646352db,"[""diversidade_baixo"", ""typeTokenRatio_baixo""]",train,all,4320,2160,743,0.17199074074074075,465,278,0.6258411843876177,0.5,1.2516823687752354,0.1258411843876177
legacy_author,60f27e4b646352db,"[""diversidade_baixo"", ""typeTokenRatio_baixo""]",train,com_autor,2157,44,277,0.1284191006026889,5,272,0.018050541516245487,0.020398701900788133,0.8848867738759435,-0.002348160384542646
legacy_author,60f27e4b646352db,"[""diversidade_baixo"", ""typeTokenRatio_baixo""]",train,sem_autor,2163,2116,466,0.2154415164123902,460,6,0.9871244635193133,0.9782709200184928,1.0090501959320768,0.00885354350082046
legacy_author,60f27e4b646352db,"[""diversidade_baixo"", ""typeTokenRatio_baixo""]",validation,all,1440,720,251,0.17430555555555555,149,102,0.5936254980079682,0.5,1.1872509960159363,0.09362549800796816
legacy_author,60f27e4b646352db,"[""diversidade_baixo"", ""typeTokenRatio_baixo""]",validation,com_autor,723,17,103,0.14246196403872752,3,100,0.02912621359223301,0.02351313969571231,1.238720731010851,0.005613073896520701
legacy_author,60f27e4b646352db,"[""diversidade_baixo"", ""typeTokenRatio_baixo""]",validation,sem_autor,717,703,148,0.20641562064156208,146,2,0.9864864864864865,0.9804741980474198,1.0061320210680098,0.00601228843906676
legacy_author,60f27e4b646352db,"[""diversidade_baixo"", ""typeTokenRatio_baixo""]",test,all,1440,720,248,0.17222222222222222,151,97,0.6088709677419355,0.5,1.217741935483871,0.1088709677419355
legacy_author,60f27e4b646352db,"[""diversidade_baixo"", ""typeTokenRatio_baixo""]",test,com_autor,719,11,93,0.12934631432545202,0,93,0.0,0.015299026425591099,0.0,-0.015299026425591099
legacy_author,60f27e4b646352db,"[""diversidade_baixo"", ""typeTokenRatio_baixo""]",test,sem_autor,721,709,155,0.21497919556171982,151,4,0.9741935483870968,0.9833564493758669,0.9906820146503481,-0.00916290098877004
legacy_author,e4ace79c89fbea7a,"[""diversidade_alto"", ""typeTokenRatio_alto""]",train,all,4320,2160,716,0.16574074074074074,228,488,0.31843575418994413,0.5,0.6368715083798883,-0.18156424581005587
legacy_author,e4ace79c89fbea7a,"[""diversidade_alto"", ""typeTokenRatio_alto""]",train,com_autor,2157,44,488,0.22624014835419565,9,479,0.018442622950819672,0.020398701900788133,0.9041076751117734,-0.0019560789499684615
legacy_author,e4ace79c89fbea7a,"[""diversidade_alto"", ""typeTokenRatio_alto""]",train,sem_autor,2163,2116,228,0.10540915395284327,219,9,0.9605263157894737,0.9782709200184928,0.9818612575863098,-0.017744604229019134
legacy_author,e4ace79c89fbea7a,"[""diversidade_alto"", ""typeTokenRatio_alto""]",validation,all,1440,720,249,0.17291666666666666,79,170,0.3172690763052209,0.5,0.6345381526104418,-0.1827309236947791
legacy_author,e4ace79c89fbea7a,"[""diversidade_alto"", ""typeTokenRatio_alto""]",validation,com_autor,723,17,170,0.2351313969571231,3,167,0.01764705882352941,0.02351313969571231,0.7505190311418685,-0.005866080872182898
legacy_author,e4ace79c89fbea7a,"[""diversidade_alto"", ""typeTokenRatio_alto""]",validation,sem_autor,717,703,79,0.1101813110181311,76,3,0.9620253164556962,0.9804741980474198,0.9811837153609306,-0.01844888159172353
legacy_author,e4ace79c89fbea7a,"[""diversidade_alto"", ""typeTokenRatio_alto""]",test,all,1440,720,234,0.1625,67,167,0.2863247863247863,0.5,0.5726495726495726,-0.2136752136752137
legacy_author,e4ace79c89fbea7a,"[""diversidade_alto"", ""typeTokenRatio_alto""]",test,com_autor,719,11,165,0.22948539638386647,0,165,0.0,0.015299026425591099,0.0,-0.015299026425591099
legacy_author,e4ace79c89fbea7a,"[""diversidade_alto"", ""typeTokenRatio_alto""]",test,sem_autor,721,709,69,0.0957004160887656,67,2,0.9710144927536232,0.9833564493758669,0.9874491527156026,-0.012341956622243688
legacy_author,4eb4b330463b678b,"[""com_autor"", ""punctuationDensity_baixo"", ""typeTokenRatio_alto""]",train,all,4320,2160,418,0.09675925925925925,17,401,0.04066985645933014,0.5,0.08133971291866028,-0.45933014354066987
legacy_author,4eb4b330463b678b,"[""com_autor"", ""punctuationDensity_baixo"", ""typeTokenRatio_alto""]",train,com_autor,2157,44,418,0.19378766805748726,17,401,0.04066985645933014,0.020398701900788133,1.993747281426707,0.020271154558542007
legacy_author,4eb4b330463b678b,"[""com_autor"", ""punctuationDensity_baixo"", ""typeTokenRatio_alto""]",train,sem_autor,2163,2116,0,0.0,0,0,,0.9782709200184928,,
legacy_author,4eb4b330463b678b,"[""com_autor"", ""punctuationDensity_baixo"", ""typeTokenRatio_alto""]",validation,all,1440,720,136,0.09444444444444444,5,131,0.03676470588235294,0.5,0.07352941176470588,-0.4632352941176471
legacy_author,4eb4b330463b678b,"[""com_autor"", ""punctuationDensity_baixo"", ""typeTokenRatio_alto""]",validation,com_autor,723,17,136,0.18810511756569848,5,131,0.03676470588235294,0.02351313969571231,1.5635813148788928,0.013251566186640633
legacy_author,4eb4b330463b678b,"[""com_autor"", ""punctuationDensity_baixo"", ""typeTokenRatio_alto""]",validation,sem_autor,717,703,0,0.0,0,0,,0.9804741980474198,,
legacy_author,4eb4b330463b678b,"[""com_autor"", ""punctuationDensity_baixo"", ""typeTokenRatio_alto""]",test,all,1440,720,131,0.09097222222222222,2,129,0.015267175572519083,0.5,0.030534351145038167,-0.4847328244274809
legacy_author,4eb4b330463b678b,"[""com_autor"", ""punctuationDensity_baixo"", ""typeTokenRatio_alto""]",test,com_autor,719,11,131,0.18219749652294853,2,129,0.015267175572519083,0.015299026425591099,0.9979181124219292,-3.185085307201574e-05
legacy_author,4eb4b330463b678b,"[""com_autor"", ""punctuationDensity_baixo"", ""typeTokenRatio_alto""]",test,sem_autor,721,709,0,0.0,0,0,,0.9833564493758669,,
legacy_author,3c0f9975805b7cf9,"[""punctuationDensity_alto"", ""sem_autor"", ""typeTokenRatio_baixo""]",train,all,4320,2160,425,0.09837962962962964,419,6,0.9858823529411764,0.5,1.9717647058823529,0.48588235294117643
legacy_author,3c0f9975805b7cf9,"[""punctuationDensity_alto"", ""sem_autor"", ""typeTokenRatio_baixo""]",train,com_autor,2157,44,0,0.0,0,0,,0.020398701900788133,,
legacy_author,3c0f9975805b7cf9,"[""punctuationDensity_alto"", ""sem_autor"", ""typeTokenRatio_baixo""]",train,sem_autor,2163,2116,425,0.19648636153490523,419,6,0.9858823529411764,0.9782709200184928,1.0077804959412877,0.007611432922683625
legacy_author,3c0f9975805b7cf9,"[""punctuationDensity_alto"", ""sem_autor"", ""typeTokenRatio_baixo""]",validation,all,1440,720,141,0.09791666666666667,141,0,1.0,0.5,2.0,0.5
legacy_author,3c0f9975805b7cf9,"[""punctuationDensity_alto"", ""sem_autor"", ""typeTokenRatio_baixo""]",validation,com_autor,723,17,0,0.0,0,0,,0.02351313969571231,,
legacy_author,3c0f9975805b7cf9,"[""punctuationDensity_alto"", ""sem_autor"", ""typeTokenRatio_baixo""]",validation,sem_autor,717,703,141,0.19665271966527198,141,0,1.0,0.9804741980474198,1.0199146514935988,0.019525801952580246
legacy_author,3c0f9975805b7cf9,"[""punctuationDensity_alto"", ""sem_autor"", ""typeTokenRatio_baixo""]",test,all,1440,720,148,0.10277777777777777,146,2,0.9864864864864865,0.5,1.972972972972973,0.4864864864864865
legacy_author,3c0f9975805b7cf9,"[""punctuationDensity_alto"", ""sem_autor"", ""typeTokenRatio_baixo""]",test,com_autor,719,11,0,0.0,0,0,,0.015299026425591099,,
legacy_author,3c0f9975805b7cf9,"[""punctuationDensity_alto"", ""sem_autor"", ""typeTokenRatio_baixo""]",test,sem_autor,721,709,148,0.20527045769764216,146,2,0.9864864864864865,0.9833564493758669,1.0031830137612932,0.0031300371106196545
legacy_author,c527c8dcf64ca5ec,"[""punctuationDensity_baixo"", ""typeTokenRatio_alto""]",train,all,4320,2160,597,0.13819444444444445,183,414,0.3065326633165829,0.5,0.6130653266331658,-0.1934673366834171
legacy_author,c527c8dcf64ca5ec,"[""punctuationDensity_baixo"", ""typeTokenRatio_alto""]",train,com_autor,2157,44,418,0.19378766805748726,17,401,0.04066985645933014,0.020398701900788133,1.993747281426707,0.020271154558542007
legacy_author,c527c8dcf64ca5ec,"[""punctuationDensity_baixo"", ""typeTokenRatio_alto""]",train,sem_autor,2163,2116,179,0.08275543226999538,166,13,0.9273743016759777,0.9782709200184928,0.9479728802103685,-0.05089661834251513
legacy_author,c527c8dcf64ca5ec,"[""punctuationDensity_baixo"", ""typeTokenRatio_alto""]",validation,all,1440,720,193,0.13402777777777777,61,132,0.3160621761658031,0.5,0.6321243523316062,-0.18393782383419688
legacy_author,c527c8dcf64ca5ec,"[""punctuationDensity_baixo"", ""typeTokenRatio_alto""]",validation,com_autor,723,17,136,0.18810511756569848,5,131,0.03676470588235294,0.02351313969571231,1.5635813148788928,0.013251566186640633
legacy_author,c527c8dcf64ca5ec,"[""punctuationDensity_baixo"", ""typeTokenRatio_alto""]",validation,sem_autor,717,703,57,0.0794979079497908,56,1,0.9824561403508771,0.9804741980474198,1.0020214119937112,0.0019819423034573846
legacy_author,c527c8dcf64ca5ec,"[""punctuationDensity_baixo"", ""typeTokenRatio_alto""]",test,all,1440,720,188,0.13055555555555556,58,130,0.30851063829787234,0.5,0.6170212765957447,-0.19148936170212766
legacy_author,c527c8dcf64ca5ec,"[""punctuationDensity_baixo"", ""typeTokenRatio_alto""]",test,com_autor,719,11,131,0.18219749652294853,2,129,0.015267175572519083,0.015299026425591099,0.9979181124219292,-3.185085307201574e-05
legacy_author,c527c8dcf64ca5ec,"[""punctuationDensity_baixo"", ""typeTokenRatio_alto""]",test,sem_autor,721,709,57,0.07905686546463246,56,1,0.9824561403508771,0.9833564493758669,0.9990844530225422,-0.0009003090249897205
legacy_author,492d1cc6df5243fb,"[""punctuationDensity_alto"", ""typeTokenRatio_baixo""]",train,all,4320,2160,598,0.13842592592592592,420,178,0.7023411371237458,0.5,1.4046822742474916,0.2023411371237458
legacy_author,492d1cc6df5243fb,"[""punctuationDensity_alto"", ""typeTokenRatio_baixo""]",train,com_autor,2157,44,173,0.08020398701900788,1,172,0.005780346820809248,0.020398701900788133,0.2833683657383079,-0.014618355079978884
legacy_author,492d1cc6df5243fb,"[""punctuationDensity_alto"", ""typeTokenRatio_baixo""]",train,sem_autor,2163,2116,425,0.19648636153490523,419,6,0.9858823529411764,0.9782709200184928,1.0077804959412877,0.007611432922683625
legacy_author,492d1cc6df5243fb,"[""punctuationDensity_alto"", ""typeTokenRatio_baixo""]",validation,all,1440,720,199,0.13819444444444445,142,57,0.7135678391959799,0.5,1.4271356783919598,0.21356783919597988
legacy_author,492d1cc6df5243fb,"[""punctuationDensity_alto"", ""typeTokenRatio_baixo""]",validation,com_autor,723,17,58,0.08022130013831259,1,57,0.017241379310344827,0.02351313969571231,0.7332657200811359,-0.006271760385367482
legacy_author,492d1cc6df5243fb,"[""punctuationDensity_alto"", ""typeTokenRatio_baixo""]",validation,sem_autor,717,703,141,0.19665271966527198,141,0,1.0,0.9804741980474198,1.0199146514935988,0.019525801952580246
legacy_author,492d1cc6df5243fb,"[""punctuationDensity_alto"", ""typeTokenRatio_baixo""]",test,all,1440,720,210,0.14583333333333334,146,64,0.6952380952380952,0.5,1.3904761904761904,0.1952380952380952
legacy_author,492d1cc6df5243fb,"[""punctuationDensity_alto"", ""typeTokenRatio_baixo""]",test,com_autor,719,11,62,0.08623087621696801,0,62,0.0,0.015299026425591099,0.0,-0.015299026425591099
legacy_author,492d1cc6df5243fb,"[""punctuationDensity_alto"", ""typeTokenRatio_baixo""]",test,sem_autor,721,709,148,0.20527045769764216,146,2,0.9864864864864865,0.9833564493758669,1.0031830137612932,0.0031300371106196545
legacy_author,47040babbc40b419,"[""com_autor"", ""typeTokenRatio_alto"", ""uppercaseRatio_baixo""]",train,all,4320,2160,354,0.08194444444444444,17,337,0.0480225988700565,0.5,0.096045197740113,-0.4519774011299435
legacy_author,47040babbc40b419,"[""com_autor"", ""typeTokenRatio_alto"", ""uppercaseRatio_baixo""]",train,com_autor,2157,44,354,0.16411682892906815,17,337,0.0480225988700565,0.020398701900788133,2.3541987673343603,0.027623896969268365
legacy_author,47040babbc40b419,"[""com_autor"", ""typeTokenRatio_alto"", ""uppercaseRatio_baixo""]",train,sem_autor,2163,2116,0,0.0,0,0,,0.9782709200184928,,
legacy_author,47040babbc40b419,"[""com_autor"", ""typeTokenRatio_alto"", ""uppercaseRatio_baixo""]",validation,all,1440,720,120,0.08333333333333333,3,117,0.025,0.5,0.05,-0.475
legacy_author,47040babbc40b419,"[""com_autor"", ""typeTokenRatio_alto"", ""uppercaseRatio_baixo""]",validation,com_autor,723,17,120,0.16597510373443983,3,117,0.025,0.02351313969571231,1.063235294117647,0.0014868603042876918
legacy_author,47040babbc40b419,"[""com_autor"", ""typeTokenRatio_alto"", ""uppercaseRatio_baixo""]",validation,sem_autor,717,703,0,0.0,0,0,,0.9804741980474198,,
legacy_author,47040babbc40b419,"[""com_autor"", ""typeTokenRatio_alto"", ""uppercaseRatio_baixo""]",test,all,1440,720,117,0.08125,1,116,0.008547008547008548,0.5,0.017094017094017096,-0.49145299145299143
legacy_author,47040babbc40b419,"[""com_autor"", ""typeTokenRatio_alto"", ""uppercaseRatio_baixo""]",test,com_autor,719,11,117,0.1627260083449235,1,116,0.008547008547008548,0.015299026425591099,0.5586635586635587,-0.006752017878582551
legacy_author,47040babbc40b419,"[""com_autor"", ""typeTokenRatio_alto"", ""uppercaseRatio_baixo""]",test,sem_autor,721,709,0,0.0,0,0,,0.9833564493758669,,
legacy_author,8ed1b3cd1e3d2d36,"[""com_autor"", ""typeTokenRatio_alto""]",train,all,4320,2160,744,0.17222222222222222,19,725,0.025537634408602152,0.5,0.051075268817204304,-0.47446236559139787
legacy_author,8ed1b3cd1e3d2d36,"[""com_autor"", ""typeTokenRatio_alto""]",train,com_autor,2157,44,744,0.34492350486787204,19,725,0.025537634408602152,0.020398701900788133,1.251924486803519,0.005138932507814019
legacy_author,8ed1b3cd1e3d2d36,"[""com_autor"", ""typeTokenRatio_alto""]",train,sem_autor,2163,2116,0,0.0,0,0,,0.9782709200184928,,
legacy_author,8ed1b3cd1e3d2d36,"[""com_autor"", ""typeTokenRatio_alto""]",validation,all,1440,720,248,0.17222222222222222,6,242,0.024193548387096774,0.5,0.04838709677419355,-0.47580645161290325
legacy_author,8ed1b3cd1e3d2d36,"[""com_autor"", ""typeTokenRatio_alto""]",validation,com_autor,723,17,248,0.343015214384509,6,242,0.024193548387096774,0.02351313969571231,1.0289373814041745,0.000680408691384464
legacy_author,8ed1b3cd1e3d2d36,"[""com_autor"", ""typeTokenRatio_alto""]",validation,sem_autor,717,703,0,0.0,0,0,,0.9804741980474198,,
legacy_author,8ed1b3cd1e3d2d36,"[""com_autor"", ""typeTokenRatio_alto""]",test,all,1440,720,242,0.16805555555555557,2,240,0.008264462809917356,0.5,0.01652892561983471,-0.49173553719008267
legacy_author,8ed1b3cd1e3d2d36,"[""com_autor"", ""typeTokenRatio_alto""]",test,com_autor,719,11,242,0.33657858136300417,2,240,0.008264462809917356,0.015299026425591099,0.5401953418482344,-0.0070345636156737435
legacy_author,8ed1b3cd1e3d2d36,"[""com_autor"", ""typeTokenRatio_alto""]",test,sem_autor,721,709,0,0.0,0,0,,0.9833564493758669,,
legacy_author,ce15d5f1cf5d8945,"[""punctuationDensity_alto"", ""sem_autor""]",train,all,4320,2160,733,0.16967592592592592,722,11,0.984993178717599,0.5,1.969986357435198,0.48499317871759895
legacy_author,ce15d5f1cf5d8945,"[""punctuationDensity_alto"", ""sem_autor""]",train,com_autor,2157,44,0,0.0,0,0,,0.020398701900788133,,
legacy_author,ce15d5f1cf5d8945,"[""punctuationDensity_alto"", ""sem_autor""]",train,sem_autor,2163,2116,733,0.3388811835413777,722,11,0.984993178717599,0.9782709200184928,1.0068715716286232,0.006722258699106143
legacy_author,ce15d5f1cf5d8945,"[""punctuationDensity_alto"", ""sem_autor""]",validation,all,1440,720,230,0.1597222222222222,230,0,1.0,0.5,2.0,0.5
legacy_author,ce15d5f1cf5d8945,"[""punctuationDensity_alto"", ""sem_autor""]",validation,com_autor,723,17,0,0.0,0,0,,0.02351313969571231,,
legacy_author,ce15d5f1cf5d8945,"[""punctuationDensity_alto"", ""sem_autor""]",validation,sem_autor,717,703,230,0.3207810320781032,230,0,1.0,0.9804741980474198,1.0199146514935988,0.019525801952580246
legacy_author,ce15d5f1cf5d8945,"[""punctuationDensity_alto"", ""sem_autor""]",test,all,1440,720,260,0.18055555555555555,257,3,0.9884615384615385,0.5,1.976923076923077,0.4884615384615385
legacy_author,ce15d5f1cf5d8945,"[""punctuationDensity_alto"", ""sem_autor""]",test,com_autor,719,11,0,0.0,0,0,,0.015299026425591099,,
legacy_author,ce15d5f1cf5d8945,"[""punctuationDensity_alto"", ""sem_autor""]",test,sem_autor,721,709,260,0.3606102635228849,257,3,0.9884615384615385,0.9833564493758669,1.005191493978518,0.0051050890856716435
legacy_author,9dee6bb96f14efe5,"[""sem_autor"", ""typeTokenRatio_baixo""]",train,all,4320,2160,712,0.1648148148148148,702,10,0.9859550561797753,0.5,1.9719101123595506,0.4859550561797753
legacy_author,9dee6bb96f14efe5,"[""sem_autor"", ""typeTokenRatio_baixo""]",train,com_autor,2157,44,0,0.0,0,0,,0.020398701900788133,,
legacy_author,9dee6bb96f14efe5,"[""sem_autor"", ""typeTokenRatio_baixo""]",train,sem_autor,2163,2116,712,0.32917244567730003,702,10,0.9859550561797753,0.9782709200184928,1.0078548140438819,0.0076841361612824954
legacy_author,9dee6bb96f14efe5,"[""sem_autor"", ""typeTokenRatio_baixo""]",validation,all,1440,720,233,0.16180555555555556,231,2,0.9914163090128756,0.5,1.9828326180257512,0.4914163090128756
legacy_author,9dee6bb96f14efe5,"[""sem_autor"", ""typeTokenRatio_baixo""]",validation,com_autor,723,17,0,0.0,0,0,,0.02351313969571231,,
legacy_author,9dee6bb96f14efe5,"[""sem_autor"", ""typeTokenRatio_baixo""]",validation,sem_autor,717,703,233,0.32496513249651326,231,2,0.9914163090128756,0.9804741980474198,1.0111600192919372,0.010942110965455831
legacy_author,9dee6bb96f14efe5,"[""sem_autor"", ""typeTokenRatio_baixo""]",test,all,1440,720,243,0.16875,239,4,0.9835390946502057,0.5,1.9670781893004115,0.4835390946502057
legacy_author,9dee6bb96f14efe5,"[""sem_autor"", ""typeTokenRatio_baixo""]",test,com_autor,719,11,0,0.0,0,0,,0.015299026425591099,,
legacy_author,9dee6bb96f14efe5,"[""sem_autor"", ""typeTokenRatio_baixo""]",test,sem_autor,721,709,243,0.33703190013869627,239,4,0.9835390946502057,0.9833564493758669,1.0001857365906888,0.00018264527433886624
legacy_author,0b59acfe63808857,"[""com_autor"", ""punctuationDensity_baixo""]",train,all,4320,2160,675,0.15625,31,644,0.045925925925925926,0.5,0.09185185185185185,-0.4540740740740741
legacy_author,0b59acfe63808857,"[""com_autor"", ""punctuationDensity_baixo""]",train,com_autor,2157,44,675,0.3129346314325452,31,644,0.045925925925925926,0.020398701900788133,2.2514141414141413,0.025527224025137792
legacy_author,0b59acfe63808857,"[""com_autor"", ""punctuationDensity_baixo""]",train,sem_autor,2163,2116,0,0.0,0,0,,0.9782709200184928,,
legacy_author,0b59acfe63808857,"[""com_autor"", ""punctuationDensity_baixo""]",validation,all,1440,720,233,0.16180555555555556,14,219,0.060085836909871244,0.5,0.12017167381974249,-0.43991416309012876
legacy_author,0b59acfe63808857,"[""com_autor"", ""punctuationDensity_baixo""]",validation,com_autor,723,17,233,0.32226832641770403,14,219,0.060085836909871244,0.02351313969571231,2.555415299166877,0.036572697214158935
legacy_author,0b59acfe63808857,"[""com_autor"", ""punctuationDensity_baixo""]",validation,sem_autor,717,703,0,0.0,0,0,,0.9804741980474198,,
legacy_author,0b59acfe63808857,"[""com_autor"", ""punctuationDensity_baixo""]",test,all,1440,720,231,0.16041666666666668,5,226,0.021645021645021644,0.5,0.04329004329004329,-0.47835497835497837
legacy_author,0b59acfe63808857,"[""com_autor"", ""punctuationDensity_baixo""]",test,com_autor,719,11,231,0.32127955493741306,5,226,0.021645021645021644,0.015299026425591099,1.414797323888233,0.006345995219430545
legacy_author,0b59acfe63808857,"[""com_autor"", ""punctuationDensity_baixo""]",test,sem_autor,721,709,0,0.0,0,0,,0.9833564493758669,,
legacy_author,7d9f8f5ed4489333,"[""diversidade_baixo"", ""sem_autor""]",train,all,4320,2160,659,0.1525462962962963,650,9,0.9863429438543247,0.5,1.9726858877086495,0.48634294385432475
legacy_author,7d9f8f5ed4489333,"[""diversidade_baixo"", ""sem_autor""]",train,com_autor,2157,44,0,0.0,0,0,,0.020398701900788133,,
legacy_author,7d9f8f5ed4489333,"[""diversidade_baixo"", ""sem_autor""]",train,sem_autor,2163,2116,659,0.3046694405917707,650,9,0.9863429438543247,0.9782709200184928,1.0082513173709378,0.008072023835831943
legacy_author,7d9f8f5ed4489333,"[""diversidade_baixo"", ""sem_autor""]",validation,all,1440,720,208,0.14444444444444443,203,5,0.9759615384615384,0.5,1.9519230769230769,0.47596153846153844
legacy_author,7d9f8f5ed4489333,"[""diversidade_baixo"", ""sem_autor""]",validation,com_autor,723,17,0,0.0,0,0,,0.02351313969571231,,
legacy_author,7d9f8f5ed4489333,"[""diversidade_baixo"", ""sem_autor""]",validation,sem_autor,717,703,208,0.2900976290097629,203,5,0.9759615384615384,0.9804741980474198,0.9953974723711566,-0.004512659585881318
legacy_author,7d9f8f5ed4489333,"[""diversidade_baixo"", ""sem_autor""]",test,all,1440,720,206,0.14305555555555555,202,4,0.9805825242718447,0.5,1.9611650485436893,0.48058252427184467
legacy_author,7d9f8f5ed4489333,"[""diversidade_baixo"", ""sem_autor""]",test,com_autor,719,11,0,0.0,0,0,,0.015299026425591099,,
legacy_author,7d9f8f5ed4489333,"[""diversidade_baixo"", ""sem_autor""]",test,sem_autor,721,709,206,0.2857142857142857,202,4,0.9805825242718447,0.9833564493758669,0.997179125528914,-0.00277392510402219
legacy_author,fe59360572172327,"[""com_autor"", ""diversidade_alto""]",train,all,4320,2160,647,0.14976851851851852,9,638,0.013910355486862442,0.5,0.027820710973724884,-0.4860896445131376
legacy_author,fe59360572172327,"[""com_autor"", ""diversidade_alto""]",train,com_autor,2157,44,647,0.2999536393138618,9,638,0.013910355486862442,0.020398701900788133,0.6819235632991428,-0.006488346413925691
legacy_author,fe59360572172327,"[""com_autor"", ""diversidade_alto""]",train,sem_autor,2163,2116,0,0.0,0,0,,0.9782709200184928,,
legacy_author,fe59360572172327,"[""com_autor"", ""diversidade_alto""]",validation,all,1440,720,219,0.15208333333333332,3,216,0.0136986301369863,0.5,0.0273972602739726,-0.4863013698630137
legacy_author,fe59360572172327,"[""com_autor"", ""diversidade_alto""]",validation,com_autor,723,17,219,0.3029045643153527,3,216,0.0136986301369863,0.02351313969571231,0.5825946817082998,-0.009814509558726009
legacy_author,fe59360572172327,"[""com_autor"", ""diversidade_alto""]",validation,sem_autor,717,703,0,0.0,0,0,,0.9804741980474198,,
legacy_author,fe59360572172327,"[""com_autor"", ""diversidade_alto""]",test,all,1440,720,222,0.15416666666666667,0,222,0.0,0.5,0.0,-0.5
legacy_author,fe59360572172327,"[""com_autor"", ""diversidade_alto""]",test,com_autor,719,11,222,0.3087621696801113,0,222,0.0,0.015299026425591099,0.0,-0.015299026425591099
legacy_author,fe59360572172327,"[""com_autor"", ""diversidade_alto""]",test,sem_autor,721,709,0,0.0,0,0,,0.9833564493758669,,
legacy_author,a8c7b35b30a3e1db,"[""sem_autor"", ""uppercaseRatio_alto""]",train,all,4320,2160,596,0.13796296296296295,581,15,0.9748322147651006,0.5,1.9496644295302012,0.4748322147651006
legacy_author,a8c7b35b30a3e1db,"[""sem_autor"", ""uppercaseRatio_alto""]",train,com_autor,2157,44,0,0.0,0,0,,0.020398701900788133,,
legacy_author,a8c7b35b30a3e1db,"[""sem_autor"", ""uppercaseRatio_alto""]",train,sem_autor,2163,2116,596,0.2755432269995377,581,15,0.9748322147651006,0.9782709200184928,0.9964849151875769,-0.0034387052533921825
legacy_author,a8c7b35b30a3e1db,"[""sem_autor"", ""uppercaseRatio_alto""]",validation,all,1440,720,189,0.13125,185,4,0.9788359788359788,0.5,1.9576719576719577,0.47883597883597884
legacy_author,a8c7b35b30a3e1db,"[""sem_autor"", ""uppercaseRatio_alto""]",validation,com_autor,723,17,0,0.0,0,0,,0.02351313969571231,,
legacy_author,a8c7b35b30a3e1db,"[""sem_autor"", ""uppercaseRatio_alto""]",validation,sem_autor,717,703,189,0.26359832635983266,185,4,0.9788359788359788,0.9804741980474198,0.9983291562238931,-0.0016382192114409166
legacy_author,a8c7b35b30a3e1db,"[""sem_autor"", ""uppercaseRatio_alto""]",test,all,1440,720,178,0.12361111111111112,177,1,0.9943820224719101,0.5,1.9887640449438202,0.4943820224719101
legacy_author,a8c7b35b30a3e1db,"[""sem_autor"", ""uppercaseRatio_alto""]",test,com_autor,719,11,0,0.0,0,0,,0.015299026425591099,,
legacy_author,a8c7b35b30a3e1db,"[""sem_autor"", ""uppercaseRatio_alto""]",test,sem_autor,721,709,178,0.24687933425797504,177,1,0.9943820224719101,0.9833564493758669,1.0112121836420975,0.01102557309604324
legacy_style,60f27e4b646352db,"[""diversidade_baixo"", ""typeTokenRatio_baixo""]",train,all,4320,2160,743,0.17199074074074075,465,278,0.6258411843876177,0.5,1.2516823687752354,0.1258411843876177
legacy_style,60f27e4b646352db,"[""diversidade_baixo"", ""typeTokenRatio_baixo""]",train,com_autor,2157,44,277,0.1284191006026889,5,272,0.018050541516245487,0.020398701900788133,0.8848867738759435,-0.002348160384542646
legacy_style,60f27e4b646352db,"[""diversidade_baixo"", ""typeTokenRatio_baixo""]",train,sem_autor,2163,2116,466,0.2154415164123902,460,6,0.9871244635193133,0.9782709200184928,1.0090501959320768,0.00885354350082046
legacy_style,60f27e4b646352db,"[""diversidade_baixo"", ""typeTokenRatio_baixo""]",validation,all,1440,720,251,0.17430555555555555,149,102,0.5936254980079682,0.5,1.1872509960159363,0.09362549800796816
legacy_style,60f27e4b646352db,"[""diversidade_baixo"", ""typeTokenRatio_baixo""]",validation,com_autor,723,17,103,0.14246196403872752,3,100,0.02912621359223301,0.02351313969571231,1.238720731010851,0.005613073896520701
legacy_style,60f27e4b646352db,"[""diversidade_baixo"", ""typeTokenRatio_baixo""]",validation,sem_autor,717,703,148,0.20641562064156208,146,2,0.9864864864864865,0.9804741980474198,1.0061320210680098,0.00601228843906676
legacy_style,60f27e4b646352db,"[""diversidade_baixo"", ""typeTokenRatio_baixo""]",test,all,1440,720,248,0.17222222222222222,151,97,0.6088709677419355,0.5,1.217741935483871,0.1088709677419355
legacy_style,60f27e4b646352db,"[""diversidade_baixo"", ""typeTokenRatio_baixo""]",test,com_autor,719,11,93,0.12934631432545202,0,93,0.0,0.015299026425591099,0.0,-0.015299026425591099
legacy_style,60f27e4b646352db,"[""diversidade_baixo"", ""typeTokenRatio_baixo""]",test,sem_autor,721,709,155,0.21497919556171982,151,4,0.9741935483870968,0.9833564493758669,0.9906820146503481,-0.00916290098877004
legacy_style,e4ace79c89fbea7a,"[""diversidade_alto"", ""typeTokenRatio_alto""]",train,all,4320,2160,716,0.16574074074074074,228,488,0.31843575418994413,0.5,0.6368715083798883,-0.18156424581005587
legacy_style,e4ace79c89fbea7a,"[""diversidade_alto"", ""typeTokenRatio_alto""]",train,com_autor,2157,44,488,0.22624014835419565,9,479,0.018442622950819672,0.020398701900788133,0.9041076751117734,-0.0019560789499684615
legacy_style,e4ace79c89fbea7a,"[""diversidade_alto"", ""typeTokenRatio_alto""]",train,sem_autor,2163,2116,228,0.10540915395284327,219,9,0.9605263157894737,0.9782709200184928,0.9818612575863098,-0.017744604229019134
legacy_style,e4ace79c89fbea7a,"[""diversidade_alto"", ""typeTokenRatio_alto""]",validation,all,1440,720,249,0.17291666666666666,79,170,0.3172690763052209,0.5,0.6345381526104418,-0.1827309236947791
legacy_style,e4ace79c89fbea7a,"[""diversidade_alto"", ""typeTokenRatio_alto""]",validation,com_autor,723,17,170,0.2351313969571231,3,167,0.01764705882352941,0.02351313969571231,0.7505190311418685,-0.005866080872182898
legacy_style,e4ace79c89fbea7a,"[""diversidade_alto"", ""typeTokenRatio_alto""]",validation,sem_autor,717,703,79,0.1101813110181311,76,3,0.9620253164556962,0.9804741980474198,0.9811837153609306,-0.01844888159172353
legacy_style,e4ace79c89fbea7a,"[""diversidade_alto"", ""typeTokenRatio_alto""]",test,all,1440,720,234,0.1625,67,167,0.2863247863247863,0.5,0.5726495726495726,-0.2136752136752137
legacy_style,e4ace79c89fbea7a,"[""diversidade_alto"", ""typeTokenRatio_alto""]",test,com_autor,719,11,165,0.22948539638386647,0,165,0.0,0.015299026425591099,0.0,-0.015299026425591099
legacy_style,e4ace79c89fbea7a,"[""diversidade_alto"", ""typeTokenRatio_alto""]",test,sem_autor,721,709,69,0.0957004160887656,67,2,0.9710144927536232,0.9833564493758669,0.9874491527156026,-0.012341956622243688
legacy_style,c527c8dcf64ca5ec,"[""punctuationDensity_baixo"", ""typeTokenRatio_alto""]",train,all,4320,2160,597,0.13819444444444445,183,414,0.3065326633165829,0.5,0.6130653266331658,-0.1934673366834171
legacy_style,c527c8dcf64ca5ec,"[""punctuationDensity_baixo"", ""typeTokenRatio_alto""]",train,com_autor,2157,44,418,0.19378766805748726,17,401,0.04066985645933014,0.020398701900788133,1.993747281426707,0.020271154558542007
legacy_style,c527c8dcf64ca5ec,"[""punctuationDensity_baixo"", ""typeTokenRatio_alto""]",train,sem_autor,2163,2116,179,0.08275543226999538,166,13,0.9273743016759777,0.9782709200184928,0.9479728802103685,-0.05089661834251513
legacy_style,c527c8dcf64ca5ec,"[""punctuationDensity_baixo"", ""typeTokenRatio_alto""]",validation,all,1440,720,193,0.13402777777777777,61,132,0.3160621761658031,0.5,0.6321243523316062,-0.18393782383419688
legacy_style,c527c8dcf64ca5ec,"[""punctuationDensity_baixo"", ""typeTokenRatio_alto""]",validation,com_autor,723,17,136,0.18810511756569848,5,131,0.03676470588235294,0.02351313969571231,1.5635813148788928,0.013251566186640633
legacy_style,c527c8dcf64ca5ec,"[""punctuationDensity_baixo"", ""typeTokenRatio_alto""]",validation,sem_autor,717,703,57,0.0794979079497908,56,1,0.9824561403508771,0.9804741980474198,1.0020214119937112,0.0019819423034573846
legacy_style,c527c8dcf64ca5ec,"[""punctuationDensity_baixo"", ""typeTokenRatio_alto""]",test,all,1440,720,188,0.13055555555555556,58,130,0.30851063829787234,0.5,0.6170212765957447,-0.19148936170212766
legacy_style,c527c8dcf64ca5ec,"[""punctuationDensity_baixo"", ""typeTokenRatio_alto""]",test,com_autor,719,11,131,0.18219749652294853,2,129,0.015267175572519083,0.015299026425591099,0.9979181124219292,-3.185085307201574e-05
legacy_style,c527c8dcf64ca5ec,"[""punctuationDensity_baixo"", ""typeTokenRatio_alto""]",test,sem_autor,721,709,57,0.07905686546463246,56,1,0.9824561403508771,0.9833564493758669,0.9990844530225422,-0.0009003090249897205
legacy_style,492d1cc6df5243fb,"[""punctuationDensity_alto"", ""typeTokenRatio_baixo""]",train,all,4320,2160,598,0.13842592592592592,420,178,0.7023411371237458,0.5,1.4046822742474916,0.2023411371237458
legacy_style,492d1cc6df5243fb,"[""punctuationDensity_alto"", ""typeTokenRatio_baixo""]",train,com_autor,2157,44,173,0.08020398701900788,1,172,0.005780346820809248,0.020398701900788133,0.2833683657383079,-0.014618355079978884
legacy_style,492d1cc6df5243fb,"[""punctuationDensity_alto"", ""typeTokenRatio_baixo""]",train,sem_autor,2163,2116,425,0.19648636153490523,419,6,0.9858823529411764,0.9782709200184928,1.0077804959412877,0.007611432922683625
legacy_style,492d1cc6df5243fb,"[""punctuationDensity_alto"", ""typeTokenRatio_baixo""]",validation,all,1440,720,199,0.13819444444444445,142,57,0.7135678391959799,0.5,1.4271356783919598,0.21356783919597988
legacy_style,492d1cc6df5243fb,"[""punctuationDensity_alto"", ""typeTokenRatio_baixo""]",validation,com_autor,723,17,58,0.08022130013831259,1,57,0.017241379310344827,0.02351313969571231,0.7332657200811359,-0.006271760385367482
legacy_style,492d1cc6df5243fb,"[""punctuationDensity_alto"", ""typeTokenRatio_baixo""]",validation,sem_autor,717,703,141,0.19665271966527198,141,0,1.0,0.9804741980474198,1.0199146514935988,0.019525801952580246
legacy_style,492d1cc6df5243fb,"[""punctuationDensity_alto"", ""typeTokenRatio_baixo""]",test,all,1440,720,210,0.14583333333333334,146,64,0.6952380952380952,0.5,1.3904761904761904,0.1952380952380952
legacy_style,492d1cc6df5243fb,"[""punctuationDensity_alto"", ""typeTokenRatio_baixo""]",test,com_autor,719,11,62,0.08623087621696801,0,62,0.0,0.015299026425591099,0.0,-0.015299026425591099
legacy_style,492d1cc6df5243fb,"[""punctuationDensity_alto"", ""typeTokenRatio_baixo""]",test,sem_autor,721,709,148,0.20527045769764216,146,2,0.9864864864864865,0.9833564493758669,1.0031830137612932,0.0031300371106196545
legacy_pos,60f27e4b646352db,"[""diversidade_baixo"", ""typeTokenRatio_baixo""]",train,all,4320,2160,743,0.17199074074074075,465,278,0.6258411843876177,0.5,1.2516823687752354,0.1258411843876177
legacy_pos,60f27e4b646352db,"[""diversidade_baixo"", ""typeTokenRatio_baixo""]",train,com_autor,2157,44,277,0.1284191006026889,5,272,0.018050541516245487,0.020398701900788133,0.8848867738759435,-0.002348160384542646
legacy_pos,60f27e4b646352db,"[""diversidade_baixo"", ""typeTokenRatio_baixo""]",train,sem_autor,2163,2116,466,0.2154415164123902,460,6,0.9871244635193133,0.9782709200184928,1.0090501959320768,0.00885354350082046
legacy_pos,60f27e4b646352db,"[""diversidade_baixo"", ""typeTokenRatio_baixo""]",validation,all,1440,720,251,0.17430555555555555,149,102,0.5936254980079682,0.5,1.1872509960159363,0.09362549800796816
legacy_pos,60f27e4b646352db,"[""diversidade_baixo"", ""typeTokenRatio_baixo""]",validation,com_autor,723,17,103,0.14246196403872752,3,100,0.02912621359223301,0.02351313969571231,1.238720731010851,0.005613073896520701
legacy_pos,60f27e4b646352db,"[""diversidade_baixo"", ""typeTokenRatio_baixo""]",validation,sem_autor,717,703,148,0.20641562064156208,146,2,0.9864864864864865,0.9804741980474198,1.0061320210680098,0.00601228843906676
legacy_pos,60f27e4b646352db,"[""diversidade_baixo"", ""typeTokenRatio_baixo""]",test,all,1440,720,248,0.17222222222222222,151,97,0.6088709677419355,0.5,1.217741935483871,0.1088709677419355
legacy_pos,60f27e4b646352db,"[""diversidade_baixo"", ""typeTokenRatio_baixo""]",test,com_autor,719,11,93,0.12934631432545202,0,93,0.0,0.015299026425591099,0.0,-0.015299026425591099
legacy_pos,60f27e4b646352db,"[""diversidade_baixo"", ""typeTokenRatio_baixo""]",test,sem_autor,721,709,155,0.21497919556171982,151,4,0.9741935483870968,0.9833564493758669,0.9906820146503481,-0.00916290098877004
legacy_pos,e4ace79c89fbea7a,"[""diversidade_alto"", ""typeTokenRatio_alto""]",train,all,4320,2160,716,0.16574074074074074,228,488,0.31843575418994413,0.5,0.6368715083798883,-0.18156424581005587
legacy_pos,e4ace79c89fbea7a,"[""diversidade_alto"", ""typeTokenRatio_alto""]",train,com_autor,2157,44,488,0.22624014835419565,9,479,0.018442622950819672,0.020398701900788133,0.9041076751117734,-0.0019560789499684615
legacy_pos,e4ace79c89fbea7a,"[""diversidade_alto"", ""typeTokenRatio_alto""]",train,sem_autor,2163,2116,228,0.10540915395284327,219,9,0.9605263157894737,0.9782709200184928,0.9818612575863098,-0.017744604229019134
legacy_pos,e4ace79c89fbea7a,"[""diversidade_alto"", ""typeTokenRatio_alto""]",validation,all,1440,720,249,0.17291666666666666,79,170,0.3172690763052209,0.5,0.6345381526104418,-0.1827309236947791
legacy_pos,e4ace79c89fbea7a,"[""diversidade_alto"", ""typeTokenRatio_alto""]",validation,com_autor,723,17,170,0.2351313969571231,3,167,0.01764705882352941,0.02351313969571231,0.7505190311418685,-0.005866080872182898
legacy_pos,e4ace79c89fbea7a,"[""diversidade_alto"", ""typeTokenRatio_alto""]",validation,sem_autor,717,703,79,0.1101813110181311,76,3,0.9620253164556962,0.9804741980474198,0.9811837153609306,-0.01844888159172353
legacy_pos,e4ace79c89fbea7a,"[""diversidade_alto"", ""typeTokenRatio_alto""]",test,all,1440,720,234,0.1625,67,167,0.2863247863247863,0.5,0.5726495726495726,-0.2136752136752137
legacy_pos,e4ace79c89fbea7a,"[""diversidade_alto"", ""typeTokenRatio_alto""]",test,com_autor,719,11,165,0.22948539638386647,0,165,0.0,0.015299026425591099,0.0,-0.015299026425591099
legacy_pos,e4ace79c89fbea7a,"[""diversidade_alto"", ""typeTokenRatio_alto""]",test,sem_autor,721,709,69,0.0957004160887656,67,2,0.9710144927536232,0.9833564493758669,0.9874491527156026,-0.012341956622243688
legacy_pos,23e40fe6924d7ee2,"[""POS_NOUN_rate_alto"", ""POS_PROPN_rate_baixo"", ""uppercaseRatio_baixo""]",train,all,4320,2160,363,0.08402777777777778,121,242,0.3333333333333333,0.5,0.6666666666666666,-0.16666666666666669
legacy_pos,23e40fe6924d7ee2,"[""POS_NOUN_rate_alto"", ""POS_PROPN_rate_baixo"", ""uppercaseRatio_baixo""]",train,com_autor,2157,44,240,0.11126564673157163,1,239,0.004166666666666667,0.020398701900788133,0.20426136363636363,-0.016232035234121468
legacy_pos,23e40fe6924d7ee2,"[""POS_NOUN_rate_alto"", ""POS_PROPN_rate_baixo"", ""uppercaseRatio_baixo""]",train,sem_autor,2163,2116,123,0.056865464632454926,120,3,0.975609756097561,0.9782709200184928,0.9972797270505787,-0.0026611639209318527
legacy_pos,23e40fe6924d7ee2,"[""POS_NOUN_rate_alto"", ""POS_PROPN_rate_baixo"", ""uppercaseRatio_baixo""]",validation,all,1440,720,112,0.07777777777777778,29,83,0.25892857142857145,0.5,0.5178571428571429,-0.24107142857142855
legacy_pos,23e40fe6924d7ee2,"[""POS_NOUN_rate_alto"", ""POS_PROPN_rate_baixo"", ""uppercaseRatio_baixo""]",validation,com_autor,723,17,83,0.11479944674965421,2,81,0.024096385542168676,0.02351313969571231,1.0248051027639973,0.0005832458464563664
legacy_pos,23e40fe6924d7ee2,"[""POS_NOUN_rate_alto"", ""POS_PROPN_rate_baixo"", ""uppercaseRatio_baixo""]",validation,sem_autor,717,703,29,0.040446304044630406,27,2,0.9310344827586207,0.9804741980474198,0.9495757100112817,-0.04943971528879909
legacy_pos,23e40fe6924d7ee2,"[""POS_NOUN_rate_alto"", ""POS_PROPN_rate_baixo"", ""uppercaseRatio_baixo""]",test,all,1440,720,115,0.0798611111111111,37,78,0.3217391304347826,0.5,0.6434782608695652,-0.17826086956521742
legacy_pos,23e40fe6924d7ee2,"[""POS_NOUN_rate_alto"", ""POS_PROPN_rate_baixo"", ""uppercaseRatio_baixo""]",test,com_autor,719,11,79,0.10987482614742698,1,78,0.012658227848101266,0.015299026425591099,0.8273878020713463,-0.0026407985774898335
legacy_pos,23e40fe6924d7ee2,"[""POS_NOUN_rate_alto"", ""POS_PROPN_rate_baixo"", ""uppercaseRatio_baixo""]",test,sem_autor,721,709,36,0.049930651872399444,36,0,1.0,0.9833564493758669,1.0169252468265162,0.01664355062413314
legacy_pos,c527c8dcf64ca5ec,"[""punctuationDensity_baixo"", ""typeTokenRatio_alto""]",train,all,4320,2160,597,0.13819444444444445,183,414,0.3065326633165829,0.5,0.6130653266331658,-0.1934673366834171
legacy_pos,c527c8dcf64ca5ec,"[""punctuationDensity_baixo"", ""typeTokenRatio_alto""]",train,com_autor,2157,44,418,0.19378766805748726,17,401,0.04066985645933014,0.020398701900788133,1.993747281426707,0.020271154558542007
legacy_pos,c527c8dcf64ca5ec,"[""punctuationDensity_baixo"", ""typeTokenRatio_alto""]",train,sem_autor,2163,2116,179,0.08275543226999538,166,13,0.9273743016759777,0.9782709200184928,0.9479728802103685,-0.05089661834251513
legacy_pos,c527c8dcf64ca5ec,"[""punctuationDensity_baixo"", ""typeTokenRatio_alto""]",validation,all,1440,720,193,0.13402777777777777,61,132,0.3160621761658031,0.5,0.6321243523316062,-0.18393782383419688
legacy_pos,c527c8dcf64ca5ec,"[""punctuationDensity_baixo"", ""typeTokenRatio_alto""]",validation,com_autor,723,17,136,0.18810511756569848,5,131,0.03676470588235294,0.02351313969571231,1.5635813148788928,0.013251566186640633
legacy_pos,c527c8dcf64ca5ec,"[""punctuationDensity_baixo"", ""typeTokenRatio_alto""]",validation,sem_autor,717,703,57,0.0794979079497908,56,1,0.9824561403508771,0.9804741980474198,1.0020214119937112,0.0019819423034573846
legacy_pos,c527c8dcf64ca5ec,"[""punctuationDensity_baixo"", ""typeTokenRatio_alto""]",test,all,1440,720,188,0.13055555555555556,58,130,0.30851063829787234,0.5,0.6170212765957447,-0.19148936170212766
legacy_pos,c527c8dcf64ca5ec,"[""punctuationDensity_baixo"", ""typeTokenRatio_alto""]",test,com_autor,719,11,131,0.18219749652294853,2,129,0.015267175572519083,0.015299026425591099,0.9979181124219292,-3.185085307201574e-05
legacy_pos,c527c8dcf64ca5ec,"[""punctuationDensity_baixo"", ""typeTokenRatio_alto""]",test,sem_autor,721,709,57,0.07905686546463246,56,1,0.9824561403508771,0.9833564493758669,0.9990844530225422,-0.0009003090249897205
legacy_pos,492d1cc6df5243fb,"[""punctuationDensity_alto"", ""typeTokenRatio_baixo""]",train,all,4320,2160,598,0.13842592592592592,420,178,0.7023411371237458,0.5,1.4046822742474916,0.2023411371237458
legacy_pos,492d1cc6df5243fb,"[""punctuationDensity_alto"", ""typeTokenRatio_baixo""]",train,com_autor,2157,44,173,0.08020398701900788,1,172,0.005780346820809248,0.020398701900788133,0.2833683657383079,-0.014618355079978884
legacy_pos,492d1cc6df5243fb,"[""punctuationDensity_alto"", ""typeTokenRatio_baixo""]",train,sem_autor,2163,2116,425,0.19648636153490523,419,6,0.9858823529411764,0.9782709200184928,1.0077804959412877,0.007611432922683625
legacy_pos,492d1cc6df5243fb,"[""punctuationDensity_alto"", ""typeTokenRatio_baixo""]",validation,all,1440,720,199,0.13819444444444445,142,57,0.7135678391959799,0.5,1.4271356783919598,0.21356783919597988
legacy_pos,492d1cc6df5243fb,"[""punctuationDensity_alto"", ""typeTokenRatio_baixo""]",validation,com_autor,723,17,58,0.08022130013831259,1,57,0.017241379310344827,0.02351313969571231,0.7332657200811359,-0.006271760385367482
legacy_pos,492d1cc6df5243fb,"[""punctuationDensity_alto"", ""typeTokenRatio_baixo""]",validation,sem_autor,717,703,141,0.19665271966527198,141,0,1.0,0.9804741980474198,1.0199146514935988,0.019525801952580246
legacy_pos,492d1cc6df5243fb,"[""punctuationDensity_alto"", ""typeTokenRatio_baixo""]",test,all,1440,720,210,0.14583333333333334,146,64,0.6952380952380952,0.5,1.3904761904761904,0.1952380952380952
legacy_pos,492d1cc6df5243fb,"[""punctuationDensity_alto"", ""typeTokenRatio_baixo""]",test,com_autor,719,11,62,0.08623087621696801,0,62,0.0,0.015299026425591099,0.0,-0.015299026425591099
legacy_pos,492d1cc6df5243fb,"[""punctuationDensity_alto"", ""typeTokenRatio_baixo""]",test,sem_autor,721,709,148,0.20527045769764216,146,2,0.9864864864864865,0.9833564493758669,1.0031830137612932,0.0031300371106196545
legacy_pos,3827d0dd8fe9bbc6,"[""POS_NOUN_rate_alto"", ""POS_PROPN_rate_baixo""]",train,all,4320,2160,556,0.1287037037037037,172,384,0.30935251798561153,0.5,0.6187050359712231,-0.19064748201438847
legacy_pos,3827d0dd8fe9bbc6,"[""POS_NOUN_rate_alto"", ""POS_PROPN_rate_baixo""]",train,com_autor,2157,44,379,0.17570700046360685,1,378,0.002638522427440633,0.020398701900788133,0.12934756536339648,-0.0177601794733475
legacy_pos,3827d0dd8fe9bbc6,"[""POS_NOUN_rate_alto"", ""POS_PROPN_rate_baixo""]",train,sem_autor,2163,2116,177,0.08183079056865465,171,6,0.9661016949152542,0.9782709200184928,0.9875604754733908,-0.01216922510323859
legacy_pos,3827d0dd8fe9bbc6,"[""POS_NOUN_rate_alto"", ""POS_PROPN_rate_baixo""]",validation,all,1440,720,159,0.11041666666666666,46,113,0.2893081761006289,0.5,0.5786163522012578,-0.21069182389937108
legacy_pos,3827d0dd8fe9bbc6,"[""POS_NOUN_rate_alto"", ""POS_PROPN_rate_baixo""]",validation,com_autor,723,17,114,0.15767634854771784,3,111,0.02631578947368421,0.02351313969571231,1.1191950464396285,0.0028026497779718995
legacy_pos,3827d0dd8fe9bbc6,"[""POS_NOUN_rate_alto"", ""POS_PROPN_rate_baixo""]",validation,sem_autor,717,703,45,0.06276150627615062,43,2,0.9555555555555556,0.9804741980474198,0.9745851114272168,-0.02491864249186415
legacy_pos,3827d0dd8fe9bbc6,"[""POS_NOUN_rate_alto"", ""POS_PROPN_rate_baixo""]",test,all,1440,720,173,0.12013888888888889,55,118,0.3179190751445087,0.5,0.6358381502890174,-0.18208092485549132
legacy_pos,3827d0dd8fe9bbc6,"[""POS_NOUN_rate_alto"", ""POS_PROPN_rate_baixo""]",test,com_autor,719,11,119,0.16550764951321278,1,118,0.008403361344537815,0.015299026425591099,0.5492742551566081,-0.006895665081053284
legacy_pos,3827d0dd8fe9bbc6,"[""POS_NOUN_rate_alto"", ""POS_PROPN_rate_baixo""]",test,sem_autor,721,709,54,0.07489597780859916,54,0,1.0,0.9833564493758669,1.0169252468265162,0.01664355062413314
legacy_pos,955c07a3d79c4f30,"[""POS_PROPN_rate_baixo"", ""uppercaseRatio_baixo""]",train,all,4320,2160,713,0.1650462962962963,287,426,0.40252454417952316,0.5,0.8050490883590463,-0.09747545582047684
legacy_pos,955c07a3d79c4f30,"[""POS_PROPN_rate_baixo"", ""uppercaseRatio_baixo""]",train,com_autor,2157,44,424,0.19656930922577653,4,420,0.009433962264150943,0.020398701900788133,0.46247855917667235,-0.01096473963663719
legacy_pos,955c07a3d79c4f30,"[""POS_PROPN_rate_baixo"", ""uppercaseRatio_baixo""]",train,sem_autor,2163,2116,289,0.13361072584373554,283,6,0.9792387543252595,0.9782709200184928,1.0009893315716145,0.0009678343067667239
legacy_pos,955c07a3d79c4f30,"[""POS_PROPN_rate_baixo"", ""uppercaseRatio_baixo""]",validation,all,1440,720,237,0.16458333333333333,102,135,0.43037974683544306,0.5,0.8607594936708861,-0.06962025316455694
legacy_pos,955c07a3d79c4f30,"[""POS_PROPN_rate_baixo"", ""uppercaseRatio_baixo""]",validation,com_autor,723,17,136,0.18810511756569848,3,133,0.022058823529411766,0.02351313969571231,0.9381487889273357,-0.0014543161663005434
legacy_pos,955c07a3d79c4f30,"[""POS_PROPN_rate_baixo"", ""uppercaseRatio_baixo""]",validation,sem_autor,717,703,101,0.14086471408647142,99,2,0.9801980198019802,0.9804741980474198,0.9997183217610524,-0.00027617824543957337
legacy_pos,955c07a3d79c4f30,"[""POS_PROPN_rate_baixo"", ""uppercaseRatio_baixo""]",test,all,1440,720,227,0.15763888888888888,94,133,0.41409691629955947,0.5,0.8281938325991189,-0.08590308370044053
legacy_pos,955c07a3d79c4f30,"[""POS_PROPN_rate_baixo"", ""uppercaseRatio_baixo""]",test,com_autor,719,11,132,0.1835883171070932,1,131,0.007575757575757576,0.015299026425591099,0.4951790633608815,-0.007723268849833523
legacy_pos,955c07a3d79c4f30,"[""POS_PROPN_rate_baixo"", ""uppercaseRatio_baixo""]",test,sem_autor,721,709,95,0.1317614424410541,93,2,0.9789473684210527,0.9833564493758669,0.9955162942617475,-0.004409080954814182
legacy_pos,aaea6e78e590d511,"[""POS_PRON_rate_alto"", ""uppercaseRatio_baixo""]",train,all,4320,2160,631,0.14606481481481481,336,295,0.5324881141045958,0.5,1.0649762282091917,0.032488114104595844
legacy_pos,aaea6e78e590d511,"[""POS_PRON_rate_alto"", ""uppercaseRatio_baixo""]",train,com_autor,2157,44,303,0.1404728789986092,12,291,0.039603960396039604,0.020398701900788133,1.9414941494149414,0.01920525849525147
legacy_pos,aaea6e78e590d511,"[""POS_PRON_rate_alto"", ""uppercaseRatio_baixo""]",train,sem_autor,2163,2116,328,0.1516412390198798,324,4,0.9878048780487805,0.9782709200184928,1.0097457236387108,0.00953395803028767
legacy_pos,aaea6e78e590d511,"[""POS_PRON_rate_alto"", ""uppercaseRatio_baixo""]",validation,all,1440,720,202,0.14027777777777778,126,76,0.6237623762376238,0.5,1.2475247524752475,0.12376237623762376
legacy_pos,aaea6e78e590d511,"[""POS_PRON_rate_alto"", ""uppercaseRatio_baixo""]",validation,com_autor,723,17,79,0.10926694329183956,4,75,0.05063291139240506,0.02351313969571231,2.1533879374534624,0.027119771696692753
legacy_pos,aaea6e78e590d511,"[""POS_PRON_rate_alto"", ""uppercaseRatio_baixo""]",validation,sem_autor,717,703,123,0.17154811715481172,122,1,0.991869918699187,0.9804741980474198,1.0116226624570654,0.011395720651767194
legacy_pos,aaea6e78e590d511,"[""POS_PRON_rate_alto"", ""uppercaseRatio_baixo""]",test,all,1440,720,209,0.1451388888888889,119,90,0.569377990430622,0.5,1.138755980861244,0.06937799043062198
legacy_pos,aaea6e78e590d511,"[""POS_PRON_rate_alto"", ""uppercaseRatio_baixo""]",test,com_autor,719,11,87,0.12100139082058414,1,86,0.011494252873563218,0.015299026425591099,0.7513061650992685,-0.003804773552027881
legacy_pos,aaea6e78e590d511,"[""POS_PRON_rate_alto"", ""uppercaseRatio_baixo""]",test,sem_autor,721,709,122,0.16920943134535368,118,4,0.9672131147540983,0.9833564493758669,0.983583435455155,-0.016143334621768535
legacy_pos,db6f966588f8f010,"[""POS_NOUN_rate_alto"", ""uppercaseRatio_baixo""]",train,all,4320,2160,576,0.13333333333333333,198,378,0.34375,0.5,0.6875,-0.15625
legacy_pos,db6f966588f8f010,"[""POS_NOUN_rate_alto"", ""uppercaseRatio_baixo""]",train,com_autor,2157,44,374,0.17338896615669913,4,370,0.0106951871657754,0.020398701900788133,0.5243072435585804,-0.009703514735012733
legacy_pos,db6f966588f8f010,"[""POS_NOUN_rate_alto"", ""uppercaseRatio_baixo""]",train,sem_autor,2163,2116,202,0.09338881183541378,194,8,0.9603960396039604,0.9782709200184928,0.9817280877426117,-0.017874880414532446
legacy_pos,db6f966588f8f010,"[""POS_NOUN_rate_alto"", ""uppercaseRatio_baixo""]",validation,all,1440,720,182,0.12638888888888888,48,134,0.26373626373626374,0.5,0.5274725274725275,-0.23626373626373626
legacy_pos,db6f966588f8f010,"[""POS_NOUN_rate_alto"", ""uppercaseRatio_baixo""]",validation,com_autor,723,17,133,0.1839557399723375,2,131,0.015037593984962405,0.02351313969571231,0.6395400265369305,-0.008475545710749904
legacy_pos,db6f966588f8f010,"[""POS_NOUN_rate_alto"", ""uppercaseRatio_baixo""]",validation,sem_autor,717,703,49,0.06834030683403068,46,3,0.9387755102040817,0.9804741980474198,0.9574708973205215,-0.04169868784333808
legacy_pos,db6f966588f8f010,"[""POS_NOUN_rate_alto"", ""uppercaseRatio_baixo""]",test,all,1440,720,178,0.12361111111111112,65,113,0.3651685393258427,0.5,0.7303370786516854,-0.1348314606741573
legacy_pos,db6f966588f8f010,"[""POS_NOUN_rate_alto"", ""uppercaseRatio_baixo""]",test,com_autor,719,11,114,0.15855354659248957,1,113,0.008771929824561403,0.015299026425591099,0.5733652312599681,-0.006527096601029696
legacy_pos,db6f966588f8f010,"[""POS_NOUN_rate_alto"", ""uppercaseRatio_baixo""]",test,sem_autor,721,709,64,0.08876560332871013,64,0,1.0,0.9833564493758669,1.0169252468265162,0.01664355062413314
legacy_pos,64748c9e68b05621,"[""POS_ADJ_rate_alto"", ""uppercaseRatio_baixo""]",train,all,4320,2160,568,0.13148148148148148,243,325,0.4278169014084507,0.5,0.8556338028169014,-0.07218309859154931
legacy_pos,64748c9e68b05621,"[""POS_ADJ_rate_alto"", ""uppercaseRatio_baixo""]",train,com_autor,2157,44,326,0.15113583681038478,6,320,0.018404907975460124,0.020398701900788133,0.9022587841606247,-0.0019937939253280093
legacy_pos,64748c9e68b05621,"[""POS_ADJ_rate_alto"", ""uppercaseRatio_baixo""]",train,sem_autor,2163,2116,242,0.11188164586222839,237,5,0.9793388429752066,0.9782709200184928,1.0010916433626522,0.0010679229567137627
legacy_pos,64748c9e68b05621,"[""POS_ADJ_rate_alto"", ""uppercaseRatio_baixo""]",validation,all,1440,720,187,0.12986111111111112,83,104,0.44385026737967914,0.5,0.8877005347593583,-0.05614973262032086
legacy_pos,64748c9e68b05621,"[""POS_ADJ_rate_alto"", ""uppercaseRatio_baixo""]",validation,com_autor,723,17,106,0.14661134163208853,2,104,0.018867924528301886,0.02351313969571231,0.8024417314095449,-0.0046452151674104235
legacy_pos,64748c9e68b05621,"[""POS_ADJ_rate_alto"", ""uppercaseRatio_baixo""]",validation,sem_autor,717,703,81,0.11297071129707113,81,0,1.0,0.9804741980474198,1.0199146514935988,0.019525801952580246
legacy_pos,64748c9e68b05621,"[""POS_ADJ_rate_alto"", ""uppercaseRatio_baixo""]",test,all,1440,720,181,0.12569444444444444,81,100,0.44751381215469616,0.5,0.8950276243093923,-0.052486187845303844
legacy_pos,64748c9e68b05621,"[""POS_ADJ_rate_alto"", ""uppercaseRatio_baixo""]",test,com_autor,719,11,103,0.14325452016689846,3,100,0.02912621359223301,0.015299026425591099,1.9037952338923212,0.013827187166641912
legacy_pos,64748c9e68b05621,"[""POS_ADJ_rate_alto"", ""uppercaseRatio_baixo""]",test,sem_autor,721,709,78,0.10818307905686546,78,0,1.0,0.9833564493758669,1.0169252468265162,0.01664355062413314
legacy_pos,728cda3555ce072e,"[""POS_ADV_rate_alto"", ""uppercaseRatio_baixo""]",train,all,4320,2160,593,0.1372685185185185,349,244,0.5885328836424958,0.5,1.1770657672849916,0.08853288364249579
legacy_pos,728cda3555ce072e,"[""POS_ADV_rate_alto"", ""uppercaseRatio_baixo""]",train,com_autor,2157,44,249,0.11543810848400557,8,241,0.0321285140562249,0.020398701900788133,1.5750273822562977,0.011729812155436763
legacy_pos,728cda3555ce072e,"[""POS_ADV_rate_alto"", ""uppercaseRatio_baixo""]",train,sem_autor,2163,2116,344,0.15903837263060563,341,3,0.9912790697674418,0.9782709200184928,1.0132970831318415,0.013008149748949038
legacy_pos,728cda3555ce072e,"[""POS_ADV_rate_alto"", ""uppercaseRatio_baixo""]",validation,all,1440,720,204,0.14166666666666666,119,85,0.5833333333333334,0.5,1.1666666666666667,0.08333333333333337
legacy_pos,728cda3555ce072e,"[""POS_ADV_rate_alto"", ""uppercaseRatio_baixo""]",validation,com_autor,723,17,86,0.11894882434301521,1,85,0.011627906976744186,0.02351313969571231,0.4945280437756498,-0.011885232718968124
legacy_pos,728cda3555ce072e,"[""POS_ADV_rate_alto"", ""uppercaseRatio_baixo""]",validation,sem_autor,717,703,118,0.16457461645746166,118,0,1.0,0.9804741980474198,1.0199146514935988,0.019525801952580246
legacy_pos,728cda3555ce072e,"[""POS_ADV_rate_alto"", ""uppercaseRatio_baixo""]",test,all,1440,720,205,0.1423611111111111,125,80,0.6097560975609756,0.5,1.2195121951219512,0.1097560975609756
legacy_pos,728cda3555ce072e,"[""POS_ADV_rate_alto"", ""uppercaseRatio_baixo""]",test,com_autor,719,11,82,0.11404728789986092,3,79,0.036585365853658534,0.015299026425591099,2.391352549889135,0.021286339428067437
legacy_pos,728cda3555ce072e,"[""POS_ADV_rate_alto"", ""uppercaseRatio_baixo""]",test,sem_autor,721,709,123,0.17059639389736478,122,1,0.991869918699187,0.9833564493758669,1.0086575618929672,0.008513469323320089
corrected_pos,23e40fe6924d7ee2,"[""POS_NOUN_rate_alto"", ""POS_PROPN_rate_baixo"", ""uppercaseRatio_baixo""]",train,all,4320,2160,363,0.08402777777777778,121,242,0.3333333333333333,0.5,0.6666666666666666,-0.16666666666666669
corrected_pos,23e40fe6924d7ee2,"[""POS_NOUN_rate_alto"", ""POS_PROPN_rate_baixo"", ""uppercaseRatio_baixo""]",train,com_autor,2157,44,240,0.11126564673157163,1,239,0.004166666666666667,0.020398701900788133,0.20426136363636363,-0.016232035234121468
corrected_pos,23e40fe6924d7ee2,"[""POS_NOUN_rate_alto"", ""POS_PROPN_rate_baixo"", ""uppercaseRatio_baixo""]",train,sem_autor,2163,2116,123,0.056865464632454926,120,3,0.975609756097561,0.9782709200184928,0.9972797270505787,-0.0026611639209318527
corrected_pos,23e40fe6924d7ee2,"[""POS_NOUN_rate_alto"", ""POS_PROPN_rate_baixo"", ""uppercaseRatio_baixo""]",validation,all,1440,720,112,0.07777777777777778,29,83,0.25892857142857145,0.5,0.5178571428571429,-0.24107142857142855
corrected_pos,23e40fe6924d7ee2,"[""POS_NOUN_rate_alto"", ""POS_PROPN_rate_baixo"", ""uppercaseRatio_baixo""]",validation,com_autor,723,17,83,0.11479944674965421,2,81,0.024096385542168676,0.02351313969571231,1.0248051027639973,0.0005832458464563664
corrected_pos,23e40fe6924d7ee2,"[""POS_NOUN_rate_alto"", ""POS_PROPN_rate_baixo"", ""uppercaseRatio_baixo""]",validation,sem_autor,717,703,29,0.040446304044630406,27,2,0.9310344827586207,0.9804741980474198,0.9495757100112817,-0.04943971528879909
corrected_pos,23e40fe6924d7ee2,"[""POS_NOUN_rate_alto"", ""POS_PROPN_rate_baixo"", ""uppercaseRatio_baixo""]",test,all,1440,720,115,0.0798611111111111,37,78,0.3217391304347826,0.5,0.6434782608695652,-0.17826086956521742
corrected_pos,23e40fe6924d7ee2,"[""POS_NOUN_rate_alto"", ""POS_PROPN_rate_baixo"", ""uppercaseRatio_baixo""]",test,com_autor,719,11,79,0.10987482614742698,1,78,0.012658227848101266,0.015299026425591099,0.8273878020713463,-0.0026407985774898335
corrected_pos,23e40fe6924d7ee2,"[""POS_NOUN_rate_alto"", ""POS_PROPN_rate_baixo"", ""uppercaseRatio_baixo""]",test,sem_autor,721,709,36,0.049930651872399444,36,0,1.0,0.9833564493758669,1.0169252468265162,0.01664355062413314
corrected_pos,3827d0dd8fe9bbc6,"[""POS_NOUN_rate_alto"", ""POS_PROPN_rate_baixo""]",train,all,4320,2160,556,0.1287037037037037,172,384,0.30935251798561153,0.5,0.6187050359712231,-0.19064748201438847
corrected_pos,3827d0dd8fe9bbc6,"[""POS_NOUN_rate_alto"", ""POS_PROPN_rate_baixo""]",train,com_autor,2157,44,379,0.17570700046360685,1,378,0.002638522427440633,0.020398701900788133,0.12934756536339648,-0.0177601794733475
corrected_pos,3827d0dd8fe9bbc6,"[""POS_NOUN_rate_alto"", ""POS_PROPN_rate_baixo""]",train,sem_autor,2163,2116,177,0.08183079056865465,171,6,0.9661016949152542,0.9782709200184928,0.9875604754733908,-0.01216922510323859
corrected_pos,3827d0dd8fe9bbc6,"[""POS_NOUN_rate_alto"", ""POS_PROPN_rate_baixo""]",validation,all,1440,720,159,0.11041666666666666,46,113,0.2893081761006289,0.5,0.5786163522012578,-0.21069182389937108
corrected_pos,3827d0dd8fe9bbc6,"[""POS_NOUN_rate_alto"", ""POS_PROPN_rate_baixo""]",validation,com_autor,723,17,114,0.15767634854771784,3,111,0.02631578947368421,0.02351313969571231,1.1191950464396285,0.0028026497779718995
corrected_pos,3827d0dd8fe9bbc6,"[""POS_NOUN_rate_alto"", ""POS_PROPN_rate_baixo""]",validation,sem_autor,717,703,45,0.06276150627615062,43,2,0.9555555555555556,0.9804741980474198,0.9745851114272168,-0.02491864249186415
corrected_pos,3827d0dd8fe9bbc6,"[""POS_NOUN_rate_alto"", ""POS_PROPN_rate_baixo""]",test,all,1440,720,173,0.12013888888888889,55,118,0.3179190751445087,0.5,0.6358381502890174,-0.18208092485549132
corrected_pos,3827d0dd8fe9bbc6,"[""POS_NOUN_rate_alto"", ""POS_PROPN_rate_baixo""]",test,com_autor,719,11,119,0.16550764951321278,1,118,0.008403361344537815,0.015299026425591099,0.5492742551566081,-0.006895665081053284
corrected_pos,3827d0dd8fe9bbc6,"[""POS_NOUN_rate_alto"", ""POS_PROPN_rate_baixo""]",test,sem_autor,721,709,54,0.07489597780859916,54,0,1.0,0.9833564493758669,1.0169252468265162,0.01664355062413314
corrected_pos,955c07a3d79c4f30,"[""POS_PROPN_rate_baixo"", ""uppercaseRatio_baixo""]",train,all,4320,2160,713,0.1650462962962963,287,426,0.40252454417952316,0.5,0.8050490883590463,-0.09747545582047684
corrected_pos,955c07a3d79c4f30,"[""POS_PROPN_rate_baixo"", ""uppercaseRatio_baixo""]",train,com_autor,2157,44,424,0.19656930922577653,4,420,0.009433962264150943,0.020398701900788133,0.46247855917667235,-0.01096473963663719
corrected_pos,955c07a3d79c4f30,"[""POS_PROPN_rate_baixo"", ""uppercaseRatio_baixo""]",train,sem_autor,2163,2116,289,0.13361072584373554,283,6,0.9792387543252595,0.9782709200184928,1.0009893315716145,0.0009678343067667239
corrected_pos,955c07a3d79c4f30,"[""POS_PROPN_rate_baixo"", ""uppercaseRatio_baixo""]",validation,all,1440,720,237,0.16458333333333333,102,135,0.43037974683544306,0.5,0.8607594936708861,-0.06962025316455694
corrected_pos,955c07a3d79c4f30,"[""POS_PROPN_rate_baixo"", ""uppercaseRatio_baixo""]",validation,com_autor,723,17,136,0.18810511756569848,3,133,0.022058823529411766,0.02351313969571231,0.9381487889273357,-0.0014543161663005434
corrected_pos,955c07a3d79c4f30,"[""POS_PROPN_rate_baixo"", ""uppercaseRatio_baixo""]",validation,sem_autor,717,703,101,0.14086471408647142,99,2,0.9801980198019802,0.9804741980474198,0.9997183217610524,-0.00027617824543957337
corrected_pos,955c07a3d79c4f30,"[""POS_PROPN_rate_baixo"", ""uppercaseRatio_baixo""]",test,all,1440,720,227,0.15763888888888888,94,133,0.41409691629955947,0.5,0.8281938325991189,-0.08590308370044053
corrected_pos,955c07a3d79c4f30,"[""POS_PROPN_rate_baixo"", ""uppercaseRatio_baixo""]",test,com_autor,719,11,132,0.1835883171070932,1,131,0.007575757575757576,0.015299026425591099,0.4951790633608815,-0.007723268849833523
corrected_pos,955c07a3d79c4f30,"[""POS_PROPN_rate_baixo"", ""uppercaseRatio_baixo""]",test,sem_autor,721,709,95,0.1317614424410541,93,2,0.9789473684210527,0.9833564493758669,0.9955162942617475,-0.004409080954814182
corrected_pos,aaea6e78e590d511,"[""POS_PRON_rate_alto"", ""uppercaseRatio_baixo""]",train,all,4320,2160,631,0.14606481481481481,336,295,0.5324881141045958,0.5,1.0649762282091917,0.032488114104595844
corrected_pos,aaea6e78e590d511,"[""POS_PRON_rate_alto"", ""uppercaseRatio_baixo""]",train,com_autor,2157,44,303,0.1404728789986092,12,291,0.039603960396039604,0.020398701900788133,1.9414941494149414,0.01920525849525147
corrected_pos,aaea6e78e590d511,"[""POS_PRON_rate_alto"", ""uppercaseRatio_baixo""]",train,sem_autor,2163,2116,328,0.1516412390198798,324,4,0.9878048780487805,0.9782709200184928,1.0097457236387108,0.00953395803028767
corrected_pos,aaea6e78e590d511,"[""POS_PRON_rate_alto"", ""uppercaseRatio_baixo""]",validation,all,1440,720,202,0.14027777777777778,126,76,0.6237623762376238,0.5,1.2475247524752475,0.12376237623762376
corrected_pos,aaea6e78e590d511,"[""POS_PRON_rate_alto"", ""uppercaseRatio_baixo""]",validation,com_autor,723,17,79,0.10926694329183956,4,75,0.05063291139240506,0.02351313969571231,2.1533879374534624,0.027119771696692753
corrected_pos,aaea6e78e590d511,"[""POS_PRON_rate_alto"", ""uppercaseRatio_baixo""]",validation,sem_autor,717,703,123,0.17154811715481172,122,1,0.991869918699187,0.9804741980474198,1.0116226624570654,0.011395720651767194
corrected_pos,aaea6e78e590d511,"[""POS_PRON_rate_alto"", ""uppercaseRatio_baixo""]",test,all,1440,720,209,0.1451388888888889,119,90,0.569377990430622,0.5,1.138755980861244,0.06937799043062198
corrected_pos,aaea6e78e590d511,"[""POS_PRON_rate_alto"", ""uppercaseRatio_baixo""]",test,com_autor,719,11,87,0.12100139082058414,1,86,0.011494252873563218,0.015299026425591099,0.7513061650992685,-0.003804773552027881
corrected_pos,aaea6e78e590d511,"[""POS_PRON_rate_alto"", ""uppercaseRatio_baixo""]",test,sem_autor,721,709,122,0.16920943134535368,118,4,0.9672131147540983,0.9833564493758669,0.983583435455155,-0.016143334621768535
corrected_pos,db6f966588f8f010,"[""POS_NOUN_rate_alto"", ""uppercaseRatio_baixo""]",train,all,4320,2160,576,0.13333333333333333,198,378,0.34375,0.5,0.6875,-0.15625
corrected_pos,db6f966588f8f010,"[""POS_NOUN_rate_alto"", ""uppercaseRatio_baixo""]",train,com_autor,2157,44,374,0.17338896615669913,4,370,0.0106951871657754,0.020398701900788133,0.5243072435585804,-0.009703514735012733
corrected_pos,db6f966588f8f010,"[""POS_NOUN_rate_alto"", ""uppercaseRatio_baixo""]",train,sem_autor,2163,2116,202,0.09338881183541378,194,8,0.9603960396039604,0.9782709200184928,0.9817280877426117,-0.017874880414532446
corrected_pos,db6f966588f8f010,"[""POS_NOUN_rate_alto"", ""uppercaseRatio_baixo""]",validation,all,1440,720,182,0.12638888888888888,48,134,0.26373626373626374,0.5,0.5274725274725275,-0.23626373626373626
corrected_pos,db6f966588f8f010,"[""POS_NOUN_rate_alto"", ""uppercaseRatio_baixo""]",validation,com_autor,723,17,133,0.1839557399723375,2,131,0.015037593984962405,0.02351313969571231,0.6395400265369305,-0.008475545710749904
corrected_pos,db6f966588f8f010,"[""POS_NOUN_rate_alto"", ""uppercaseRatio_baixo""]",validation,sem_autor,717,703,49,0.06834030683403068,46,3,0.9387755102040817,0.9804741980474198,0.9574708973205215,-0.04169868784333808
corrected_pos,db6f966588f8f010,"[""POS_NOUN_rate_alto"", ""uppercaseRatio_baixo""]",test,all,1440,720,178,0.12361111111111112,65,113,0.3651685393258427,0.5,0.7303370786516854,-0.1348314606741573
corrected_pos,db6f966588f8f010,"[""POS_NOUN_rate_alto"", ""uppercaseRatio_baixo""]",test,com_autor,719,11,114,0.15855354659248957,1,113,0.008771929824561403,0.015299026425591099,0.5733652312599681,-0.006527096601029696
corrected_pos,db6f966588f8f010,"[""POS_NOUN_rate_alto"", ""uppercaseRatio_baixo""]",test,sem_autor,721,709,64,0.08876560332871013,64,0,1.0,0.9833564493758669,1.0169252468265162,0.01664355062413314
corrected_pos,64748c9e68b05621,"[""POS_ADJ_rate_alto"", ""uppercaseRatio_baixo""]",train,all,4320,2160,568,0.13148148148148148,243,325,0.4278169014084507,0.5,0.8556338028169014,-0.07218309859154931
corrected_pos,64748c9e68b05621,"[""POS_ADJ_rate_alto"", ""uppercaseRatio_baixo""]",train,com_autor,2157,44,326,0.15113583681038478,6,320,0.018404907975460124,0.020398701900788133,0.9022587841606247,-0.0019937939253280093
corrected_pos,64748c9e68b05621,"[""POS_ADJ_rate_alto"", ""uppercaseRatio_baixo""]",train,sem_autor,2163,2116,242,0.11188164586222839,237,5,0.9793388429752066,0.9782709200184928,1.0010916433626522,0.0010679229567137627
corrected_pos,64748c9e68b05621,"[""POS_ADJ_rate_alto"", ""uppercaseRatio_baixo""]",validation,all,1440,720,187,0.12986111111111112,83,104,0.44385026737967914,0.5,0.8877005347593583,-0.05614973262032086
corrected_pos,64748c9e68b05621,"[""POS_ADJ_rate_alto"", ""uppercaseRatio_baixo""]",validation,com_autor,723,17,106,0.14661134163208853,2,104,0.018867924528301886,0.02351313969571231,0.8024417314095449,-0.0046452151674104235
corrected_pos,64748c9e68b05621,"[""POS_ADJ_rate_alto"", ""uppercaseRatio_baixo""]",validation,sem_autor,717,703,81,0.11297071129707113,81,0,1.0,0.9804741980474198,1.0199146514935988,0.019525801952580246
corrected_pos,64748c9e68b05621,"[""POS_ADJ_rate_alto"", ""uppercaseRatio_baixo""]",test,all,1440,720,181,0.12569444444444444,81,100,0.44751381215469616,0.5,0.8950276243093923,-0.052486187845303844
corrected_pos,64748c9e68b05621,"[""POS_ADJ_rate_alto"", ""uppercaseRatio_baixo""]",test,com_autor,719,11,103,0.14325452016689846,3,100,0.02912621359223301,0.015299026425591099,1.9037952338923212,0.013827187166641912
corrected_pos,64748c9e68b05621,"[""POS_ADJ_rate_alto"", ""uppercaseRatio_baixo""]",test,sem_autor,721,709,78,0.10818307905686546,78,0,1.0,0.9833564493758669,1.0169252468265162,0.01664355062413314
corrected_pos,728cda3555ce072e,"[""POS_ADV_rate_alto"", ""uppercaseRatio_baixo""]",train,all,4320,2160,593,0.1372685185185185,349,244,0.5885328836424958,0.5,1.1770657672849916,0.08853288364249579
corrected_pos,728cda3555ce072e,"[""POS_ADV_rate_alto"", ""uppercaseRatio_baixo""]",train,com_autor,2157,44,249,0.11543810848400557,8,241,0.0321285140562249,0.020398701900788133,1.5750273822562977,0.011729812155436763
corrected_pos,728cda3555ce072e,"[""POS_ADV_rate_alto"", ""uppercaseRatio_baixo""]",train,sem_autor,2163,2116,344,0.15903837263060563,341,3,0.9912790697674418,0.9782709200184928,1.0132970831318415,0.013008149748949038
corrected_pos,728cda3555ce072e,"[""POS_ADV_rate_alto"", ""uppercaseRatio_baixo""]",validation,all,1440,720,204,0.14166666666666666,119,85,0.5833333333333334,0.5,1.1666666666666667,0.08333333333333337
corrected_pos,728cda3555ce072e,"[""POS_ADV_rate_alto"", ""uppercaseRatio_baixo""]",validation,com_autor,723,17,86,0.11894882434301521,1,85,0.011627906976744186,0.02351313969571231,0.4945280437756498,-0.011885232718968124
corrected_pos,728cda3555ce072e,"[""POS_ADV_rate_alto"", ""uppercaseRatio_baixo""]",validation,sem_autor,717,703,118,0.16457461645746166,118,0,1.0,0.9804741980474198,1.0199146514935988,0.019525801952580246
corrected_pos,728cda3555ce072e,"[""POS_ADV_rate_alto"", ""uppercaseRatio_baixo""]",test,all,1440,720,205,0.1423611111111111,125,80,0.6097560975609756,0.5,1.2195121951219512,0.1097560975609756
corrected_pos,728cda3555ce072e,"[""POS_ADV_rate_alto"", ""uppercaseRatio_baixo""]",test,com_autor,719,11,82,0.11404728789986092,3,79,0.036585365853658534,0.015299026425591099,2.391352549889135,0.021286339428067437
corrected_pos,728cda3555ce072e,"[""POS_ADV_rate_alto"", ""uppercaseRatio_baixo""]",test,sem_autor,721,709,123,0.17059639389736478,122,1,0.991869918699187,0.9833564493758669,1.0086575618929672,0.008513469323320089
corrected_pos_dep,6547cf7b5dc663e8,"[""DEP_advmod_rate_alto"", ""POS_ADV_rate_alto"", ""POS_NOUN_rate_baixo""]",train,all,4320,2160,366,0.08472222222222223,272,94,0.7431693989071039,0.5,1.4863387978142077,0.24316939890710387
corrected_pos_dep,6547cf7b5dc663e8,"[""DEP_advmod_rate_alto"", ""POS_ADV_rate_alto"", ""POS_NOUN_rate_baixo""]",train,com_autor,2157,44,100,0.04636068613815485,7,93,0.07,0.020398701900788133,3.431590909090909,0.04960129809921188
corrected_pos_dep,6547cf7b5dc663e8,"[""DEP_advmod_rate_alto"", ""POS_ADV_rate_alto"", ""POS_NOUN_rate_baixo""]",train,sem_autor,2163,2116,266,0.12297734627831715,265,1,0.9962406015037594,0.9782709200184928,1.0183688190229827,0.017969681485266564
corrected_pos_dep,6547cf7b5dc663e8,"[""DEP_advmod_rate_alto"", ""POS_ADV_rate_alto"", ""POS_NOUN_rate_baixo""]",validation,all,1440,720,104,0.07222222222222222,77,27,0.7403846153846154,0.5,1.4807692307692308,0.24038461538461542
corrected_pos_dep,6547cf7b5dc663e8,"[""DEP_advmod_rate_alto"", ""POS_ADV_rate_alto"", ""POS_NOUN_rate_baixo""]",validation,com_autor,723,17,28,0.03872752420470263,1,27,0.03571428571428571,0.02351313969571231,1.51890756302521,0.012201146018573403
corrected_pos_dep,6547cf7b5dc663e8,"[""DEP_advmod_rate_alto"", ""POS_ADV_rate_alto"", ""POS_NOUN_rate_baixo""]",validation,sem_autor,717,703,76,0.10599721059972106,76,0,1.0,0.9804741980474198,1.0199146514935988,0.019525801952580246
corrected_pos_dep,6547cf7b5dc663e8,"[""DEP_advmod_rate_alto"", ""POS_ADV_rate_alto"", ""POS_NOUN_rate_baixo""]",test,all,1440,720,120,0.08333333333333333,90,30,0.75,0.5,1.5,0.25
corrected_pos_dep,6547cf7b5dc663e8,"[""DEP_advmod_rate_alto"", ""POS_ADV_rate_alto"", ""POS_NOUN_rate_baixo""]",test,com_autor,719,11,30,0.04172461752433936,0,30,0.0,0.015299026425591099,0.0,-0.015299026425591099
corrected_pos_dep,6547cf7b5dc663e8,"[""DEP_advmod_rate_alto"", ""POS_ADV_rate_alto"", ""POS_NOUN_rate_baixo""]",test,sem_autor,721,709,90,0.12482662968099861,90,0,1.0,0.9833564493758669,1.0169252468265162,0.01664355062413314
corrected_pos_dep,f999156c525ac78c,"[""DEP_advmod_rate_alto"", ""POS_ADV_rate_alto"", ""punctuationDensity_spacy_alto""]",train,all,4320,2160,349,0.08078703703703703,292,57,0.836676217765043,0.5,1.673352435530086,0.336676217765043
corrected_pos_dep,f999156c525ac78c,"[""DEP_advmod_rate_alto"", ""POS_ADV_rate_alto"", ""punctuationDensity_spacy_alto""]",train,com_autor,2157,44,56,0.025961984237366714,0,56,0.0,0.020398701900788133,0.0,-0.020398701900788133
corrected_pos_dep,f999156c525ac78c,"[""DEP_advmod_rate_alto"", ""POS_ADV_rate_alto"", ""punctuationDensity_spacy_alto""]",train,sem_autor,2163,2116,293,0.13546000924641702,292,1,0.9965870307167235,0.9782709200184928,1.0187229430247038,0.018316110698230692
corrected_pos_dep,f999156c525ac78c,"[""DEP_advmod_rate_alto"", ""POS_ADV_rate_alto"", ""punctuationDensity_spacy_alto""]",validation,all,1440,720,106,0.07361111111111111,97,9,0.9150943396226415,0.5,1.830188679245283,0.41509433962264153
corrected_pos_dep,f999156c525ac78c,"[""DEP_advmod_rate_alto"", ""POS_ADV_rate_alto"", ""punctuationDensity_spacy_alto""]",validation,com_autor,723,17,9,0.012448132780082987,0,9,0.0,0.02351313969571231,0.0,-0.02351313969571231
corrected_pos_dep,f999156c525ac78c,"[""DEP_advmod_rate_alto"", ""POS_ADV_rate_alto"", ""punctuationDensity_spacy_alto""]",validation,sem_autor,717,703,97,0.13528591352859135,97,0,1.0,0.9804741980474198,1.0199146514935988,0.019525801952580246
corrected_pos_dep,f999156c525ac78c,"[""DEP_advmod_rate_alto"", ""POS_ADV_rate_alto"", ""punctuationDensity_spacy_alto""]",test,all,1440,720,119,0.08263888888888889,100,19,0.8403361344537815,0.5,1.680672268907563,0.3403361344537815
corrected_pos_dep,f999156c525ac78c,"[""DEP_advmod_rate_alto"", ""POS_ADV_rate_alto"", ""punctuationDensity_spacy_alto""]",test,com_autor,719,11,18,0.025034770514603615,0,18,0.0,0.015299026425591099,0.0,-0.015299026425591099
corrected_pos_dep,f999156c525ac78c,"[""DEP_advmod_rate_alto"", ""POS_ADV_rate_alto"", ""punctuationDensity_spacy_alto""]",test,sem_autor,721,709,101,0.14008321775312066,100,1,0.9900990099009901,0.9833564493758669,1.0068566800262537,0.006742560525123231
corrected_pos_dep,c259277854436876,"[""DEP_advmod_rate_alto"", ""POS_ADV_rate_alto"", ""uppercaseRatio_baixo""]",train,all,4320,2160,520,0.12037037037037036,306,214,0.5884615384615385,0.5,1.176923076923077,0.08846153846153848
corrected_pos_dep,c259277854436876,"[""DEP_advmod_rate_alto"", ""POS_ADV_rate_alto"", ""uppercaseRatio_baixo""]",train,com_autor,2157,44,217,0.10060268891979601,6,211,0.027649769585253458,0.020398701900788133,1.3554671135316296,0.007251067684465325
corrected_pos_dep,c259277854436876,"[""DEP_advmod_rate_alto"", ""POS_ADV_rate_alto"", ""uppercaseRatio_baixo""]",train,sem_autor,2163,2116,303,0.14008321775312066,300,3,0.9900990099009901,0.9782709200184928,1.0120908121057852,0.011828089882497284
corrected_pos_dep,c259277854436876,"[""DEP_advmod_rate_alto"", ""POS_ADV_rate_alto"", ""uppercaseRatio_baixo""]",validation,all,1440,720,187,0.12986111111111112,108,79,0.5775401069518716,0.5,1.1550802139037433,0.07754010695187163
corrected_pos_dep,c259277854436876,"[""DEP_advmod_rate_alto"", ""POS_ADV_rate_alto"", ""uppercaseRatio_baixo""]",validation,com_autor,723,17,80,0.11065006915629322,1,79,0.0125,0.02351313969571231,0.5316176470588235,-0.011013139695712309
corrected_pos_dep,c259277854436876,"[""DEP_advmod_rate_alto"", ""POS_ADV_rate_alto"", ""uppercaseRatio_baixo""]",validation,sem_autor,717,703,107,0.1492329149232915,107,0,1.0,0.9804741980474198,1.0199146514935988,0.019525801952580246
corrected_pos_dep,c259277854436876,"[""DEP_advmod_rate_alto"", ""POS_ADV_rate_alto"", ""uppercaseRatio_baixo""]",test,all,1440,720,178,0.12361111111111112,111,67,0.6235955056179775,0.5,1.247191011235955,0.1235955056179775
corrected_pos_dep,c259277854436876,"[""DEP_advmod_rate_alto"", ""POS_ADV_rate_alto"", ""uppercaseRatio_baixo""]",test,com_autor,719,11,67,0.09318497913769123,1,66,0.014925373134328358,0.015299026425591099,0.9755766621438263,-0.0003736532912627412
corrected_pos_dep,c259277854436876,"[""DEP_advmod_rate_alto"", ""POS_ADV_rate_alto"", ""uppercaseRatio_baixo""]",test,sem_autor,721,709,111,0.1539528432732316,110,1,0.990990990990991,0.9833564493758669,1.0077637581163674,0.007634541615124113
corrected_pos_dep,2492450784f1da33,"[""DEP_advmod_rate_alto"", ""POS_ADV_rate_alto"", ""POS_PRON_rate_alto""]",train,all,4320,2160,368,0.08518518518518518,235,133,0.6385869565217391,0.5,1.2771739130434783,0.13858695652173914
corrected_pos_dep,2492450784f1da33,"[""DEP_advmod_rate_alto"", ""POS_ADV_rate_alto"", ""POS_PRON_rate_alto""]",train,com_autor,2157,44,137,0.06351414000927214,7,130,0.051094890510948905,0.020398701900788133,2.504810882548109,0.030696188610160772
corrected_pos_dep,2492450784f1da33,"[""DEP_advmod_rate_alto"", ""POS_ADV_rate_alto"", ""POS_PRON_rate_alto""]",train,sem_autor,2163,2116,231,0.10679611650485436,228,3,0.987012987012987,0.9782709200184928,1.0089362433407802,0.008742066994494202
corrected_pos_dep,2492450784f1da33,"[""DEP_advmod_rate_alto"", ""POS_ADV_rate_alto"", ""POS_PRON_rate_alto""]",validation,all,1440,720,125,0.08680555555555555,87,38,0.696,0.5,1.392,0.19599999999999995
corrected_pos_dep,2492450784f1da33,"[""DEP_advmod_rate_alto"", ""POS_ADV_rate_alto"", ""POS_PRON_rate_alto""]",validation,com_autor,723,17,38,0.05255878284923928,0,38,0.0,0.02351313969571231,0.0,-0.02351313969571231
corrected_pos_dep,2492450784f1da33,"[""DEP_advmod_rate_alto"", ""POS_ADV_rate_alto"", ""POS_PRON_rate_alto""]",validation,sem_autor,717,703,87,0.12133891213389121,87,0,1.0,0.9804741980474198,1.0199146514935988,0.019525801952580246
corrected_pos_dep,2492450784f1da33,"[""DEP_advmod_rate_alto"", ""POS_ADV_rate_alto"", ""POS_PRON_rate_alto""]",test,all,1440,720,121,0.08402777777777778,80,41,0.6611570247933884,0.5,1.322314049586777,0.16115702479338845
corrected_pos_dep,2492450784f1da33,"[""DEP_advmod_rate_alto"", ""POS_ADV_rate_alto"", ""POS_PRON_rate_alto""]",test,com_autor,719,11,41,0.05702364394993046,0,41,0.0,0.015299026425591099,0.0,-0.015299026425591099
corrected_pos_dep,2492450784f1da33,"[""DEP_advmod_rate_alto"", ""POS_ADV_rate_alto"", ""POS_PRON_rate_alto""]",test,sem_autor,721,709,80,0.11095700416088766,80,0,1.0,0.9833564493758669,1.0169252468265162,0.01664355062413314
corrected_pos_dep,aedde8177efa8d89,"[""DEP_advcl_rate_baixo"", ""DEP_advmod_rate_alto"", ""POS_ADV_rate_alto""]",train,all,4320,2160,554,0.12824074074074074,353,201,0.6371841155234657,0.5,1.2743682310469313,0.13718411552346566
corrected_pos_dep,aedde8177efa8d89,"[""DEP_advcl_rate_baixo"", ""DEP_advmod_rate_alto"", ""POS_ADV_rate_alto""]",train,com_autor,2157,44,201,0.09318497913769123,6,195,0.029850746268656716,0.020398701900788133,1.4633649932157393,0.009452044367868583
corrected_pos_dep,aedde8177efa8d89,"[""DEP_advcl_rate_baixo"", ""DEP_advmod_rate_alto"", ""POS_ADV_rate_alto""]",train,sem_autor,2163,2116,353,0.16319926028663892,347,6,0.9830028328611898,0.9782709200184928,1.0048370167668967,0.004731912842697028
corrected_pos_dep,aedde8177efa8d89,"[""DEP_advcl_rate_baixo"", ""DEP_advmod_rate_alto"", ""POS_ADV_rate_alto""]",validation,all,1440,720,173,0.12013888888888889,103,70,0.5953757225433526,0.5,1.1907514450867052,0.09537572254335258
corrected_pos_dep,aedde8177efa8d89,"[""DEP_advcl_rate_baixo"", ""DEP_advmod_rate_alto"", ""POS_ADV_rate_alto""]",validation,com_autor,723,17,72,0.0995850622406639,3,69,0.041666666666666664,0.02351313969571231,1.7720588235294117,0.018153526970954355
corrected_pos_dep,aedde8177efa8d89,"[""DEP_advcl_rate_baixo"", ""DEP_advmod_rate_alto"", ""POS_ADV_rate_alto""]",validation,sem_autor,717,703,101,0.14086471408647142,100,1,0.9900990099009901,0.9804741980474198,1.0098164866273256,0.009624811853570336
corrected_pos_dep,aedde8177efa8d89,"[""DEP_advcl_rate_baixo"", ""DEP_advmod_rate_alto"", ""POS_ADV_rate_alto""]",test,all,1440,720,174,0.12083333333333333,101,73,0.5804597701149425,0.5,1.160919540229885,0.08045977011494254
corrected_pos_dep,aedde8177efa8d89,"[""DEP_advcl_rate_baixo"", ""DEP_advmod_rate_alto"", ""POS_ADV_rate_alto""]",test,com_autor,719,11,73,0.10152990264255911,0,73,0.0,0.015299026425591099,0.0,-0.015299026425591099
corrected_pos_dep,aedde8177efa8d89,"[""DEP_advcl_rate_baixo"", ""DEP_advmod_rate_alto"", ""POS_ADV_rate_alto""]",test,sem_autor,721,709,101,0.14008321775312066,101,0,1.0,0.9833564493758669,1.0169252468265162,0.01664355062413314
corrected_pos_dep,76121fac8398a795,"[""DEP_advmod_rate_alto"", ""POS_ADV_rate_alto"", ""POS_PROPN_rate_baixo""]",train,all,4320,2160,362,0.0837962962962963,178,184,0.49171270718232046,0.5,0.9834254143646409,-0.008287292817679537
corrected_pos_dep,76121fac8398a795,"[""DEP_advmod_rate_alto"", ""POS_ADV_rate_alto"", ""POS_PROPN_rate_baixo""]",train,com_autor,2157,44,182,0.08437644877144182,2,180,0.01098901098901099,0.020398701900788133,0.5387112887112887,-0.009409690911777143
corrected_pos_dep,76121fac8398a795,"[""DEP_advmod_rate_alto"", ""POS_ADV_rate_alto"", ""POS_PROPN_rate_baixo""]",train,sem_autor,2163,2116,180,0.08321775312066575,176,4,0.9777777777777777,0.9782709200184928,0.9994959042218021,-0.000493142240715061
corrected_pos_dep,76121fac8398a795,"[""DEP_advmod_rate_alto"", ""POS_ADV_rate_alto"", ""POS_PROPN_rate_baixo""]",validation,all,1440,720,132,0.09166666666666666,72,60,0.5454545454545454,0.5,1.0909090909090908,0.045454545454545414
corrected_pos_dep,76121fac8398a795,"[""DEP_advmod_rate_alto"", ""POS_ADV_rate_alto"", ""POS_PROPN_rate_baixo""]",validation,com_autor,723,17,59,0.08160442600276625,0,59,0.0,0.02351313969571231,0.0,-0.02351313969571231
corrected_pos_dep,76121fac8398a795,"[""DEP_advmod_rate_alto"", ""POS_ADV_rate_alto"", ""POS_PROPN_rate_baixo""]",validation,sem_autor,717,703,73,0.10181311018131102,72,1,0.9863013698630136,0.9804741980474198,1.0059432179114947,0.00582717181559389
corrected_pos_dep,76121fac8398a795,"[""DEP_advmod_rate_alto"", ""POS_ADV_rate_alto"", ""POS_PROPN_rate_baixo""]",test,all,1440,720,125,0.08680555555555555,66,59,0.528,0.5,1.056,0.028000000000000025
corrected_pos_dep,76121fac8398a795,"[""DEP_advmod_rate_alto"", ""POS_ADV_rate_alto"", ""POS_PROPN_rate_baixo""]",test,com_autor,719,11,57,0.07927677329624479,0,57,0.0,0.015299026425591099,0.0,-0.015299026425591099
corrected_pos_dep,76121fac8398a795,"[""DEP_advmod_rate_alto"", ""POS_ADV_rate_alto"", ""POS_PROPN_rate_baixo""]",test,sem_autor,721,709,68,0.09431345353675451,66,2,0.9705882352941176,0.9833564493758669,0.9870156807433834,-0.012768214081749218
corrected_pos_dep,bd070c47a225056f,"[""DEP_advmod_rate_alto"", ""POS_ADV_rate_alto""]",train,all,4320,2160,1008,0.23333333333333334,620,388,0.6150793650793651,0.5,1.2301587301587302,0.11507936507936511
corrected_pos_dep,bd070c47a225056f,"[""DEP_advmod_rate_alto"", ""POS_ADV_rate_alto""]",train,com_autor,2157,44,392,0.18173388966156698,12,380,0.030612244897959183,0.020398701900788133,1.50069573283859,0.01021354299717105
corrected_pos_dep,bd070c47a225056f,"[""DEP_advmod_rate_alto"", ""POS_ADV_rate_alto""]",train,sem_autor,2163,2116,616,0.284789644012945,608,8,0.987012987012987,0.9782709200184928,1.0089362433407802,0.008742066994494202
corrected_pos_dep,bd070c47a225056f,"[""DEP_advmod_rate_alto"", ""POS_ADV_rate_alto""]",validation,all,1440,720,331,0.2298611111111111,206,125,0.622356495468278,0.5,1.244712990936556,0.12235649546827798
corrected_pos_dep,bd070c47a225056f,"[""DEP_advmod_rate_alto"", ""POS_ADV_rate_alto""]",validation,com_autor,723,17,126,0.17427385892116182,3,123,0.023809523809523808,0.02351313969571231,1.0126050420168067,0.00029638411381149865
corrected_pos_dep,bd070c47a225056f,"[""DEP_advmod_rate_alto"", ""POS_ADV_rate_alto""]",validation,sem_autor,717,703,205,0.2859135285913529,203,2,0.9902439024390244,0.9804741980474198,1.0099642646497589,0.009769704391604628
corrected_pos_dep,bd070c47a225056f,"[""DEP_advmod_rate_alto"", ""POS_ADV_rate_alto""]",test,all,1440,720,326,0.2263888888888889,198,128,0.6073619631901841,0.5,1.2147239263803682,0.1073619631901841
corrected_pos_dep,bd070c47a225056f,"[""DEP_advmod_rate_alto"", ""POS_ADV_rate_alto""]",test,com_autor,719,11,127,0.17663421418636996,1,126,0.007874015748031496,0.015299026425591099,0.5146743020758768,-0.007425010677559603
corrected_pos_dep,bd070c47a225056f,"[""DEP_advmod_rate_alto"", ""POS_ADV_rate_alto""]",test,sem_autor,721,709,199,0.27600554785020803,197,2,0.9899497487437185,0.9833564493758669,1.0067048925870536,0.0065932993678516905
corrected_pos_dep,325226a1f87df13c,"[""DEP_advmod_rate_alto"", ""DEP_ccomp_rate_baixo"", ""POS_ADV_rate_alto""]",train,all,4320,2160,564,0.13055555555555556,343,221,0.6081560283687943,0.5,1.2163120567375887,0.10815602836879434
corrected_pos_dep,325226a1f87df13c,"[""DEP_advmod_rate_alto"", ""DEP_ccomp_rate_baixo"", ""POS_ADV_rate_alto""]",train,com_autor,2157,44,223,0.1033843300880853,6,217,0.026905829596412557,0.020398701900788133,1.3189971463514063,0.006507127695624424
corrected_pos_dep,325226a1f87df13c,"[""DEP_advmod_rate_alto"", ""DEP_ccomp_rate_baixo"", ""POS_ADV_rate_alto""]",train,sem_autor,2163,2116,341,0.15765141007859454,337,4,0.9882697947214076,0.9782709200184928,1.0102209669103992,0.009998874702914828
corrected_pos_dep,325226a1f87df13c,"[""DEP_advmod_rate_alto"", ""DEP_ccomp_rate_baixo"", ""POS_ADV_rate_alto""]",validation,all,1440,720,176,0.12222222222222222,103,73,0.5852272727272727,0.5,1.1704545454545454,0.08522727272727271
corrected_pos_dep,325226a1f87df13c,"[""DEP_advmod_rate_alto"", ""DEP_ccomp_rate_baixo"", ""POS_ADV_rate_alto""]",validation,com_autor,723,17,75,0.1037344398340249,2,73,0.02666666666666667,0.02351313969571231,1.1341176470588237,0.003153526970954359
corrected_pos_dep,325226a1f87df13c,"[""DEP_advmod_rate_alto"", ""DEP_ccomp_rate_baixo"", ""POS_ADV_rate_alto""]",validation,sem_autor,717,703,101,0.14086471408647142,101,0,1.0,0.9804741980474198,1.0199146514935988,0.019525801952580246
corrected_pos_dep,325226a1f87df13c,"[""DEP_advmod_rate_alto"", ""DEP_ccomp_rate_baixo"", ""POS_ADV_rate_alto""]",test,all,1440,720,171,0.11875,110,61,0.6432748538011696,0.5,1.286549707602339,0.14327485380116955
corrected_pos_dep,325226a1f87df13c,"[""DEP_advmod_rate_alto"", ""DEP_ccomp_rate_baixo"", ""POS_ADV_rate_alto""]",test,com_autor,719,11,62,0.08623087621696801,1,61,0.016129032258064516,0.015299026425591099,1.0542521994134897,0.0008300058324734166
corrected_pos_dep,325226a1f87df13c,"[""DEP_advmod_rate_alto"", ""DEP_ccomp_rate_baixo"", ""POS_ADV_rate_alto""]",test,sem_autor,721,709,109,0.15117891816920942,109,0,1.0,0.9833564493758669,1.0169252468265162,0.01664355062413314
corrected_pos_dep,68a8b604c4e5860e,"[""DEP_advmod_rate_baixo"", ""POS_ADV_rate_baixo"", ""uppercaseRatio_alto""]",train,all,4320,2160,363,0.08402777777777778,160,203,0.44077134986225897,0.5,0.8815426997245179,-0.059228650137741035
corrected_pos_dep,68a8b604c4e5860e,"[""DEP_advmod_rate_baixo"", ""POS_ADV_rate_baixo"", ""uppercaseRatio_alto""]",train,com_autor,2157,44,202,0.09364858599907279,1,201,0.0049504950495049506,0.020398701900788133,0.24268676867686767,-0.015448206851283182
corrected_pos_dep,68a8b604c4e5860e,"[""DEP_advmod_rate_baixo"", ""POS_ADV_rate_baixo"", ""uppercaseRatio_alto""]",train,sem_autor,2163,2116,161,0.0744336569579288,159,2,0.9875776397515528,0.9782709200184928,1.0095134379880004,0.009306719733059965
corrected_pos_dep,68a8b604c4e5860e,"[""DEP_advmod_rate_baixo"", ""POS_ADV_rate_baixo"", ""uppercaseRatio_alto""]",validation,all,1440,720,138,0.09583333333333334,51,87,0.3695652173913043,0.5,0.7391304347826086,-0.13043478260869568
corrected_pos_dep,68a8b604c4e5860e,"[""DEP_advmod_rate_baixo"", ""POS_ADV_rate_baixo"", ""uppercaseRatio_alto""]",validation,com_autor,723,17,86,0.11894882434301521,1,85,0.011627906976744186,0.02351313969571231,0.4945280437756498,-0.011885232718968124
corrected_pos_dep,68a8b604c4e5860e,"[""DEP_advmod_rate_baixo"", ""POS_ADV_rate_baixo"", ""uppercaseRatio_alto""]",validation,sem_autor,717,703,52,0.07252440725244072,50,2,0.9615384615384616,0.9804741980474198,0.9806871648976913,-0.01893573650895819
corrected_pos_dep,68a8b604c4e5860e,"[""DEP_advmod_rate_baixo"", ""POS_ADV_rate_baixo"", ""uppercaseRatio_alto""]",test,all,1440,720,111,0.07708333333333334,36,75,0.32432432432432434,0.5,0.6486486486486487,-0.17567567567567566
corrected_pos_dep,68a8b604c4e5860e,"[""DEP_advmod_rate_baixo"", ""POS_ADV_rate_baixo"", ""uppercaseRatio_alto""]",test,com_autor,719,11,74,0.10292072322670376,0,74,0.0,0.015299026425591099,0.0,-0.015299026425591099
corrected_pos_dep,68a8b604c4e5860e,"[""DEP_advmod_rate_baixo"", ""POS_ADV_rate_baixo"", ""uppercaseRatio_alto""]",test,sem_autor,721,709,37,0.05131761442441054,36,1,0.972972972972973,0.9833564493758669,0.9894407806960699,-0.010383476402893832
corrected_pos_dep,a9370ac537f5d3ac,"[""DEP_advmod_rate_baixo"", ""POS_ADV_rate_baixo"", ""POS_PROPN_rate_alto""]",train,all,4320,2160,457,0.10578703703703704,166,291,0.36323851203501095,0.5,0.7264770240700219,-0.13676148796498905
corrected_pos_dep,a9370ac537f5d3ac,"[""DEP_advmod_rate_baixo"", ""POS_ADV_rate_baixo"", ""POS_PROPN_rate_alto""]",train,com_autor,2157,44,289,0.1339823829392675,5,284,0.01730103806228374,0.020398701900788133,0.8481440704624096,-0.003097663838504395
corrected_pos_dep,a9370ac537f5d3ac,"[""DEP_advmod_rate_baixo"", ""POS_ADV_rate_baixo"", ""POS_PROPN_rate_alto""]",train,sem_autor,2163,2116,168,0.07766990291262135,161,7,0.9583333333333334,0.9782709200184928,0.9796195652173914,-0.019937586685159436
corrected_pos_dep,a9370ac537f5d3ac,"[""DEP_advmod_rate_baixo"", ""POS_ADV_rate_baixo"", ""POS_PROPN_rate_alto""]",validation,all,1440,720,152,0.10555555555555556,50,102,0.32894736842105265,0.5,0.6578947368421053,-0.17105263157894735
corrected_pos_dep,a9370ac537f5d3ac,"[""DEP_advmod_rate_baixo"", ""POS_ADV_rate_baixo"", ""POS_PROPN_rate_alto""]",validation,com_autor,723,17,101,0.1396957123098202,1,100,0.009900990099009901,0.02351313969571231,0.42108328479906815,-0.013612149596702408
corrected_pos_dep,a9370ac537f5d3ac,"[""DEP_advmod_rate_baixo"", ""POS_ADV_rate_baixo"", ""POS_PROPN_rate_alto""]",validation,sem_autor,717,703,51,0.07112970711297072,49,2,0.9607843137254902,0.9804741980474198,0.97991799849385,-0.01968988432192953
corrected_pos_dep,a9370ac537f5d3ac,"[""DEP_advmod_rate_baixo"", ""POS_ADV_rate_baixo"", ""POS_PROPN_rate_alto""]",test,all,1440,720,159,0.11041666666666666,56,103,0.3522012578616352,0.5,0.7044025157232704,-0.1477987421383648
corrected_pos_dep,a9370ac537f5d3ac,"[""DEP_advmod_rate_baixo"", ""POS_ADV_rate_baixo"", ""POS_PROPN_rate_alto""]",test,com_autor,719,11,103,0.14325452016689846,0,103,0.0,0.015299026425591099,0.0,-0.015299026425591099
corrected_pos_dep,a9370ac537f5d3ac,"[""DEP_advmod_rate_baixo"", ""POS_ADV_rate_baixo"", ""POS_PROPN_rate_alto""]",test,sem_autor,721,709,56,0.07766990291262135,56,0,1.0,0.9833564493758669,1.0169252468265162,0.01664355062413314
corrected_pos_dep,9b37a075a93b3485,"[""DEP_advmod_rate_baixo"", ""POS_ADV_rate_baixo"", ""diversidade_baixo""]",train,all,4320,2160,367,0.0849537037037037,172,195,0.46866485013623976,0.5,0.9373297002724795,-0.03133514986376024
corrected_pos_dep,9b37a075a93b3485,"[""DEP_advmod_rate_baixo"", ""POS_ADV_rate_baixo"", ""diversidade_baixo""]",train,com_autor,2157,44,199,0.09225776541492814,5,194,0.02512562814070352,0.020398701900788133,1.2317268158976702,0.0047269262399153855
corrected_pos_dep,9b37a075a93b3485,"[""DEP_advmod_rate_baixo"", ""POS_ADV_rate_baixo"", ""diversidade_baixo""]",train,sem_autor,2163,2116,168,0.07766990291262135,167,1,0.9940476190476191,0.9782709200184928,1.0161271266540643,0.015776699029126262
corrected_pos_dep,9b37a075a93b3485,"[""DEP_advmod_rate_baixo"", ""POS_ADV_rate_baixo"", ""diversidade_baixo""]",validation,all,1440,720,123,0.08541666666666667,57,66,0.4634146341463415,0.5,0.926829268292683,-0.036585365853658514
corrected_pos_dep,9b37a075a93b3485,"[""DEP_advmod_rate_baixo"", ""POS_ADV_rate_baixo"", ""diversidade_baixo""]",validation,com_autor,723,17,67,0.09266943291839558,4,63,0.05970149253731343,0.02351313969571231,2.5390693590869184,0.03618835284160112
corrected_pos_dep,9b37a075a93b3485,"[""DEP_advmod_rate_baixo"", ""POS_ADV_rate_baixo"", ""diversidade_baixo""]",validation,sem_autor,717,703,56,0.07810320781032078,53,3,0.9464285714285714,0.9804741980474198,0.9652763665921561,-0.03404562661884836
corrected_pos_dep,9b37a075a93b3485,"[""DEP_advmod_rate_baixo"", ""POS_ADV_rate_baixo"", ""diversidade_baixo""]",test,all,1440,720,122,0.08472222222222223,59,63,0.48360655737704916,0.5,0.9672131147540983,-0.016393442622950838
corrected_pos_dep,9b37a075a93b3485,"[""DEP_advmod_rate_baixo"", ""POS_ADV_rate_baixo"", ""diversidade_baixo""]",test,com_autor,719,11,61,0.08484005563282336,0,61,0.0,0.015299026425591099,0.0,-0.015299026425591099
corrected_pos_dep,9b37a075a93b3485,"[""DEP_advmod_rate_baixo"", ""POS_ADV_rate_baixo"", ""diversidade_baixo""]",test,sem_autor,721,709,61,0.08460471567267684,59,2,0.9672131147540983,0.9833564493758669,0.983583435455155,-0.016143334621768535
corrected_pos_dep,b86bb0636b872c08,"[""DEP_advcl_rate_baixo"", ""DEP_advmod_rate_baixo"", ""POS_ADV_rate_baixo""]",train,all,4320,2160,798,0.18472222222222223,297,501,0.37218045112781956,0.5,0.7443609022556391,-0.12781954887218044
corrected_pos_dep,b86bb0636b872c08,"[""DEP_advcl_rate_baixo"", ""DEP_advmod_rate_baixo"", ""POS_ADV_rate_baixo""]",train,com_autor,2157,44,495,0.22948539638386647,3,492,0.006060606060606061,0.020398701900788133,0.2971074380165289,-0.014338095840182072
corrected_pos_dep,b86bb0636b872c08,"[""DEP_advcl_rate_baixo"", ""DEP_advmod_rate_baixo"", ""POS_ADV_rate_baixo""]",train,sem_autor,2163,2116,303,0.14008321775312066,294,9,0.9702970297029703,0.9782709200184928,0.9918489958636696,-0.007973890315522536
corrected_pos_dep,b86bb0636b872c08,"[""DEP_advcl_rate_baixo"", ""DEP_advmod_rate_baixo"", ""POS_ADV_rate_baixo""]",validation,all,1440,720,259,0.1798611111111111,85,174,0.3281853281853282,0.5,0.6563706563706564,-0.1718146718146718
corrected_pos_dep,b86bb0636b872c08,"[""DEP_advcl_rate_baixo"", ""DEP_advmod_rate_baixo"", ""POS_ADV_rate_baixo""]",validation,com_autor,723,17,174,0.24066390041493776,5,169,0.028735632183908046,0.02351313969571231,1.2221095334685599,0.005222492488195736
corrected_pos_dep,b86bb0636b872c08,"[""DEP_advcl_rate_baixo"", ""DEP_advmod_rate_baixo"", ""POS_ADV_rate_baixo""]",validation,sem_autor,717,703,85,0.11854951185495119,80,5,0.9411764705882353,0.9804741980474198,0.9599196719939754,-0.03929772745918447
corrected_pos_dep,b86bb0636b872c08,"[""DEP_advcl_rate_baixo"", ""DEP_advmod_rate_baixo"", ""POS_ADV_rate_baixo""]",test,all,1440,720,286,0.1986111111111111,96,190,0.3356643356643357,0.5,0.6713286713286714,-0.16433566433566432
corrected_pos_dep,b86bb0636b872c08,"[""DEP_advcl_rate_baixo"", ""DEP_advmod_rate_baixo"", ""POS_ADV_rate_baixo""]",test,com_autor,719,11,190,0.26425591098748263,1,189,0.005263157894736842,0.015299026425591099,0.34401913875598084,-0.010035868530854256
corrected_pos_dep,b86bb0636b872c08,"[""DEP_advcl_rate_baixo"", ""DEP_advmod_rate_baixo"", ""POS_ADV_rate_baixo""]",test,sem_autor,721,709,96,0.13314840499306518,95,1,0.9895833333333334,0.9833564493758669,1.0063322755054067,0.006226883957466511
corrected_pos_dep,f953efc08f59da68,"[""DEP_advmod_rate_baixo"", ""POS_ADV_rate_baixo"", ""POS_NOUN_rate_alto""]",train,all,4320,2160,395,0.09143518518518519,113,282,0.28607594936708863,0.5,0.5721518987341773,-0.21392405063291137
corrected_pos_dep,f953efc08f59da68,"[""DEP_advmod_rate_baixo"", ""POS_ADV_rate_baixo"", ""POS_NOUN_rate_alto""]",train,com_autor,2157,44,278,0.12888270746407046,1,277,0.0035971223021582736,0.020398701900788133,0.1763407455853499,-0.016801579598629858
corrected_pos_dep,f953efc08f59da68,"[""DEP_advmod_rate_baixo"", ""POS_ADV_rate_baixo"", ""POS_NOUN_rate_alto""]",train,sem_autor,2163,2116,117,0.05409153952843273,112,5,0.9572649572649573,0.9782709200184928,0.9785274586786875,-0.0210059627535355
corrected_pos_dep,f953efc08f59da68,"[""DEP_advmod_rate_baixo"", ""POS_ADV_rate_baixo"", ""POS_NOUN_rate_alto""]",validation,all,1440,720,143,0.09930555555555555,30,113,0.2097902097902098,0.5,0.4195804195804196,-0.2902097902097902
corrected_pos_dep,f953efc08f59da68,"[""DEP_advmod_rate_baixo"", ""POS_ADV_rate_baixo"", ""POS_NOUN_rate_alto""]",validation,com_autor,723,17,112,0.15491009681881052,2,110,0.017857142857142856,0.02351313969571231,0.759453781512605,-0.005655996838569453
corrected_pos_dep,f953efc08f59da68,"[""DEP_advmod_rate_baixo"", ""POS_ADV_rate_baixo"", ""POS_NOUN_rate_alto""]",validation,sem_autor,717,703,31,0.043235704323570434,28,3,0.9032258064516129,0.9804741980474198,0.9212132336071216,-0.07724839159580688
corrected_pos_dep,f953efc08f59da68,"[""DEP_advmod_rate_baixo"", ""POS_ADV_rate_baixo"", ""POS_NOUN_rate_alto""]",test,all,1440,720,116,0.08055555555555556,26,90,0.22413793103448276,0.5,0.4482758620689655,-0.27586206896551724
corrected_pos_dep,f953efc08f59da68,"[""DEP_advmod_rate_baixo"", ""POS_ADV_rate_baixo"", ""POS_NOUN_rate_alto""]",test,com_autor,719,11,89,0.12378303198887343,0,89,0.0,0.015299026425591099,0.0,-0.015299026425591099
corrected_pos_dep,f953efc08f59da68,"[""DEP_advmod_rate_baixo"", ""POS_ADV_rate_baixo"", ""POS_NOUN_rate_alto""]",test,sem_autor,721,709,27,0.03744798890429958,26,1,0.9629629629629629,0.9833564493758669,0.9792613487959044,-0.02039348641290395
corrected_pos_dep,07169a263124bcfb,"[""DEP_advmod_rate_baixo"", ""POS_ADV_rate_baixo"", ""POS_PRON_rate_baixo""]",train,all,4320,2160,493,0.11412037037037037,189,304,0.38336713995943206,0.5,0.7667342799188641,-0.11663286004056794
corrected_pos_dep,07169a263124bcfb,"[""DEP_advmod_rate_baixo"", ""POS_ADV_rate_baixo"", ""POS_PRON_rate_baixo""]",train,com_autor,2157,44,301,0.13954566527584608,2,299,0.006644518272425249,0.020398701900788133,0.325732407127756,-0.013754183628362884
corrected_pos_dep,07169a263124bcfb,"[""DEP_advmod_rate_baixo"", ""POS_ADV_rate_baixo"", ""POS_PRON_rate_baixo""]",train,sem_autor,2163,2116,192,0.08876560332871013,187,5,0.9739583333333334,0.9782709200184928,0.9955916233459358,-0.004312586685159436
corrected_pos_dep,07169a263124bcfb,"[""DEP_advmod_rate_baixo"", ""POS_ADV_rate_baixo"", ""POS_PRON_rate_baixo""]",validation,all,1440,720,171,0.11875,54,117,0.3157894736842105,0.5,0.631578947368421,-0.1842105263157895
corrected_pos_dep,07169a263124bcfb,"[""DEP_advmod_rate_baixo"", ""POS_ADV_rate_baixo"", ""POS_PRON_rate_baixo""]",validation,com_autor,723,17,116,0.16044260027662519,1,115,0.008620689655172414,0.02351313969571231,0.36663286004056794,-0.014892450040539896
corrected_pos_dep,07169a263124bcfb,"[""DEP_advmod_rate_baixo"", ""POS_ADV_rate_baixo"", ""POS_PRON_rate_baixo""]",validation,sem_autor,717,703,55,0.07670850767085077,53,2,0.9636363636363636,0.9804741980474198,0.9828268459847408,-0.01683783441105613
corrected_pos_dep,07169a263124bcfb,"[""DEP_advmod_rate_baixo"", ""POS_ADV_rate_baixo"", ""POS_PRON_rate_baixo""]",test,all,1440,720,150,0.10416666666666667,53,97,0.35333333333333333,0.5,0.7066666666666667,-0.14666666666666667
corrected_pos_dep,07169a263124bcfb,"[""DEP_advmod_rate_baixo"", ""POS_ADV_rate_baixo"", ""POS_PRON_rate_baixo""]",test,com_autor,719,11,97,0.1349095966620306,1,96,0.010309278350515464,0.015299026425591099,0.6738519212746017,-0.004989748075075635
corrected_pos_dep,07169a263124bcfb,"[""DEP_advmod_rate_baixo"", ""POS_ADV_rate_baixo"", ""POS_PRON_rate_baixo""]",test,sem_autor,721,709,53,0.07350901525658807,52,1,0.9811320754716981,0.9833564493758669,0.9977379780184688,-0.0022243739041687416
corrected_pos_dep,0449a19a868e7581,"[""DEP_amod_rate_alto"", ""DEP_ccomp_rate_baixo"", ""POS_ADJ_rate_alto""]",train,all,4320,2160,561,0.12986111111111112,233,328,0.41532976827094475,0.5,0.8306595365418895,-0.08467023172905525
corrected_pos_dep,0449a19a868e7581,"[""DEP_amod_rate_alto"", ""DEP_ccomp_rate_baixo"", ""POS_ADJ_rate_alto""]",train,com_autor,2157,44,329,0.15252665739452945,6,323,0.0182370820668693,0.020398701900788133,0.894031500414479,-0.0021616198339188333
corrected_pos_dep,0449a19a868e7581,"[""DEP_amod_rate_alto"", ""DEP_ccomp_rate_baixo"", ""POS_ADJ_rate_alto""]",train,sem_autor,2163,2116,232,0.10725843735552473,227,5,0.978448275862069,0.9782709200184928,1.0001812952219542,0.00017735584357614353
corrected_pos_dep,0449a19a868e7581,"[""DEP_amod_rate_alto"", ""DEP_ccomp_rate_baixo"", ""POS_ADJ_rate_alto""]",validation,all,1440,720,182,0.12638888888888888,85,97,0.46703296703296704,0.5,0.9340659340659341,-0.03296703296703296
corrected_pos_dep,0449a19a868e7581,"[""DEP_amod_rate_alto"", ""DEP_ccomp_rate_baixo"", ""POS_ADJ_rate_alto""]",validation,com_autor,723,17,97,0.13416320885200553,2,95,0.020618556701030927,0.02351313969571231,0.87689508793208,-0.002894582994681382
corrected_pos_dep,0449a19a868e7581,"[""DEP_amod_rate_alto"", ""DEP_ccomp_rate_baixo"", ""POS_ADJ_rate_alto""]",validation,sem_autor,717,703,85,0.11854951185495119,83,2,0.9764705882352941,0.9804741980474198,0.9959166596937495,-0.004003609812125664
corrected_pos_dep,0449a19a868e7581,"[""DEP_amod_rate_alto"", ""DEP_ccomp_rate_baixo"", ""POS_ADJ_rate_alto""]",test,all,1440,720,184,0.12777777777777777,76,108,0.41304347826086957,0.5,0.8260869565217391,-0.08695652173913043
corrected_pos_dep,0449a19a868e7581,"[""DEP_amod_rate_alto"", ""DEP_ccomp_rate_baixo"", ""POS_ADJ_rate_alto""]",test,com_autor,719,11,109,0.15159944367176634,3,106,0.027522935779816515,0.015299026425591099,1.798999165971643,0.012223909354225416
corrected_pos_dep,0449a19a868e7581,"[""DEP_amod_rate_alto"", ""DEP_ccomp_rate_baixo"", ""POS_ADJ_rate_alto""]",test,sem_autor,721,709,75,0.10402219140083217,73,2,0.9733333333333334,0.9833564493758669,0.9898072402444759,-0.010023116042533475
corrected_pos_dep,960f402600bc8d42,"[""DEP_advmod_rate_baixo"", ""POS_ADV_rate_baixo"", ""POS_VERB_rate_baixo""]",train,all,4320,2160,386,0.08935185185185185,114,272,0.29533678756476683,0.5,0.5906735751295337,-0.20466321243523317
corrected_pos_dep,960f402600bc8d42,"[""DEP_advmod_rate_baixo"", ""POS_ADV_rate_baixo"", ""POS_VERB_rate_baixo""]",train,com_autor,2157,44,271,0.12563745943439963,2,269,0.007380073800738007,0.020398701900788133,0.3617913451861791,-0.013018628100050125
corrected_pos_dep,960f402600bc8d42,"[""DEP_advmod_rate_baixo"", ""POS_ADV_rate_baixo"", ""POS_VERB_rate_baixo""]",train,sem_autor,2163,2116,115,0.053166897827092004,112,3,0.9739130434782609,0.9782709200184928,0.9955453275252734,-0.0043578765402318975
corrected_pos_dep,960f402600bc8d42,"[""DEP_advmod_rate_baixo"", ""POS_ADV_rate_baixo"", ""POS_VERB_rate_baixo""]",validation,all,1440,720,126,0.0875,24,102,0.19047619047619047,0.5,0.38095238095238093,-0.30952380952380953
corrected_pos_dep,960f402600bc8d42,"[""DEP_advmod_rate_baixo"", ""POS_ADV_rate_baixo"", ""POS_VERB_rate_baixo""]",validation,com_autor,723,17,99,0.13692946058091288,1,98,0.010101010101010102,0.02351313969571231,0.429590017825312,-0.013412129594702208
corrected_pos_dep,960f402600bc8d42,"[""DEP_advmod_rate_baixo"", ""POS_ADV_rate_baixo"", ""POS_VERB_rate_baixo""]",validation,sem_autor,717,703,27,0.03765690376569038,23,4,0.8518518518518519,0.9804741980474198,0.8688161846056583,-0.1286223461955679
corrected_pos_dep,960f402600bc8d42,"[""DEP_advmod_rate_baixo"", ""POS_ADV_rate_baixo"", ""POS_VERB_rate_baixo""]",test,all,1440,720,117,0.08125,36,81,0.3076923076923077,0.5,0.6153846153846154,-0.1923076923076923
corrected_pos_dep,960f402600bc8d42,"[""DEP_advmod_rate_baixo"", ""POS_ADV_rate_baixo"", ""POS_VERB_rate_baixo""]",test,com_autor,719,11,80,0.11126564673157163,0,80,0.0,0.015299026425591099,0.0,-0.015299026425591099
corrected_pos_dep,960f402600bc8d42,"[""DEP_advmod_rate_baixo"", ""POS_ADV_rate_baixo"", ""POS_VERB_rate_baixo""]",test,sem_autor,721,709,37,0.05131761442441054,36,1,0.972972972972973,0.9833564493758669,0.9894407806960699,-0.010383476402893832
corrected_pos_dep,b97ffc0e300dcd1f,"[""DEP_advmod_rate_baixo"", ""DEP_obj_rate_alto"", ""POS_ADV_rate_baixo""]",train,all,4320,2160,351,0.08125,150,201,0.42735042735042733,0.5,0.8547008547008547,-0.07264957264957267
corrected_pos_dep,b97ffc0e300dcd1f,"[""DEP_advmod_rate_baixo"", ""DEP_obj_rate_alto"", ""POS_ADV_rate_baixo""]",train,com_autor,2157,44,199,0.09225776541492814,1,198,0.005025125628140704,0.020398701900788133,0.246345363179534,-0.015373576272647429
corrected_pos_dep,b97ffc0e300dcd1f,"[""DEP_advmod_rate_baixo"", ""DEP_obj_rate_alto"", ""POS_ADV_rate_baixo""]",train,sem_autor,2163,2116,152,0.07027276930189552,149,3,0.9802631578947368,0.9782709200184928,1.0020364889065765,0.0019922378762440296
corrected_pos_dep,b97ffc0e300dcd1f,"[""DEP_advmod_rate_baixo"", ""DEP_obj_rate_alto"", ""POS_ADV_rate_baixo""]",validation,all,1440,720,119,0.08263888888888889,51,68,0.42857142857142855,0.5,0.8571428571428571,-0.07142857142857145
corrected_pos_dep,b97ffc0e300dcd1f,"[""DEP_advmod_rate_baixo"", ""DEP_obj_rate_alto"", ""POS_ADV_rate_baixo""]",validation,com_autor,723,17,68,0.09405255878284924,1,67,0.014705882352941176,0.02351313969571231,0.6254325259515571,-0.008807257342771133
corrected_pos_dep,b97ffc0e300dcd1f,"[""DEP_advmod_rate_baixo"", ""DEP_obj_rate_alto"", ""POS_ADV_rate_baixo""]",validation,sem_autor,717,703,51,0.07112970711297072,50,1,0.9803921568627451,0.9804741980474198,0.9999163249937244,-8.204118467469712e-05
corrected_pos_dep,b97ffc0e300dcd1f,"[""DEP_advmod_rate_baixo"", ""DEP_obj_rate_alto"", ""POS_ADV_rate_baixo""]",test,all,1440,720,111,0.07708333333333334,38,73,0.34234234234234234,0.5,0.6846846846846847,-0.15765765765765766
corrected_pos_dep,b97ffc0e300dcd1f,"[""DEP_advmod_rate_baixo"", ""DEP_obj_rate_alto"", ""POS_ADV_rate_baixo""]",test,com_autor,719,11,73,0.10152990264255911,0,73,0.0,0.015299026425591099,0.0,-0.015299026425591099
corrected_pos_dep,b97ffc0e300dcd1f,"[""DEP_advmod_rate_baixo"", ""DEP_obj_rate_alto"", ""POS_ADV_rate_baixo""]",test,sem_autor,721,709,38,0.052704576976421634,38,0,1.0,0.9833564493758669,1.0169252468265162,0.01664355062413314
corrected_pos_dep,afaef19656e51b15,"[""DEP_advmod_rate_baixo"", ""POS_ADV_rate_baixo""]",train,all,4320,2160,1231,0.2849537037037037,486,745,0.39480097481722176,0.5,0.7896019496344435,-0.10519902518277824
corrected_pos_dep,afaef19656e51b15,"[""DEP_advmod_rate_baixo"", ""POS_ADV_rate_baixo""]",train,com_autor,2157,44,743,0.3444598980064905,9,734,0.012113055181695828,0.020398701900788133,0.5938150006117704,-0.008285646719092305
corrected_pos_dep,afaef19656e51b15,"[""DEP_advmod_rate_baixo"", ""POS_ADV_rate_baixo""]",train,sem_autor,2163,2116,488,0.22561257512713823,477,11,0.9774590163934426,0.9782709200184928,0.9991700625987789,-0.0008119036250502365
corrected_pos_dep,afaef19656e51b15,"[""DEP_advmod_rate_baixo"", ""POS_ADV_rate_baixo""]",validation,all,1440,720,416,0.28888888888888886,149,267,0.3581730769230769,0.5,0.7163461538461539,-0.14182692307692307
corrected_pos_dep,afaef19656e51b15,"[""DEP_advmod_rate_baixo"", ""POS_ADV_rate_baixo""]",validation,com_autor,723,17,268,0.3706777316735823,6,262,0.022388059701492536,0.02351313969571231,0.9521510096575944,-0.0011250799942197735
corrected_pos_dep,afaef19656e51b15,"[""DEP_advmod_rate_baixo"", ""POS_ADV_rate_baixo""]",validation,sem_autor,717,703,148,0.20641562064156208,143,5,0.9662162162162162,0.9804741980474198,0.985458075429626,-0.014257981831203526
corrected_pos_dep,afaef19656e51b15,"[""DEP_advmod_rate_baixo"", ""POS_ADV_rate_baixo""]",test,all,1440,720,426,0.29583333333333334,157,269,0.3685446009389671,0.5,0.7370892018779343,-0.13145539906103287
corrected_pos_dep,afaef19656e51b15,"[""DEP_advmod_rate_baixo"", ""POS_ADV_rate_baixo""]",test,com_autor,719,11,268,0.37273991655076494,1,267,0.0037313432835820895,0.015299026425591099,0.24389416553595658,-0.01156768314200901
corrected_pos_dep,afaef19656e51b15,"[""DEP_advmod_rate_baixo"", ""POS_ADV_rate_baixo""]",test,sem_autor,721,709,158,0.21914008321775313,156,2,0.9873417721518988,0.9833564493758669,1.0040527753476995,0.003985322776031919
corrected_pos_dep,7313e2f29fbdeb9c,"[""DEP_advmod_rate_baixo"", ""DEP_ccomp_rate_baixo"", ""POS_ADV_rate_baixo""]",train,all,4320,2160,758,0.17546296296296296,290,468,0.38258575197889183,0.5,0.7651715039577837,-0.11741424802110817
corrected_pos_dep,7313e2f29fbdeb9c,"[""DEP_advmod_rate_baixo"", ""DEP_ccomp_rate_baixo"", ""POS_ADV_rate_baixo""]",train,com_autor,2157,44,466,0.21604079740380158,7,459,0.015021459227467811,0.020398701900788133,0.7363928989465469,-0.005377242673320322
corrected_pos_dep,7313e2f29fbdeb9c,"[""DEP_advmod_rate_baixo"", ""DEP_ccomp_rate_baixo"", ""POS_ADV_rate_baixo""]",train,sem_autor,2163,2116,292,0.13499768839574663,283,9,0.9691780821917808,0.9782709200184928,0.990705194603413,-0.009092837826711997
corrected_pos_dep,7313e2f29fbdeb9c,"[""DEP_advmod_rate_baixo"", ""DEP_ccomp_rate_baixo"", ""POS_ADV_rate_baixo""]",validation,all,1440,720,252,0.175,83,169,0.32936507936507936,0.5,0.6587301587301587,-0.17063492063492064
corrected_pos_dep,7313e2f29fbdeb9c,"[""DEP_advmod_rate_baixo"", ""DEP_ccomp_rate_baixo"", ""POS_ADV_rate_baixo""]",validation,com_autor,723,17,171,0.23651452282157676,5,166,0.029239766081871343,0.02351313969571231,1.2435500515995872,0.005726626386159034
corrected_pos_dep,7313e2f29fbdeb9c,"[""DEP_advmod_rate_baixo"", ""DEP_ccomp_rate_baixo"", ""POS_ADV_rate_baixo""]",validation,sem_autor,717,703,81,0.11297071129707113,78,3,0.9629629629629629,0.9804741980474198,0.9821400347716137,-0.017511235084456844
corrected_pos_dep,7313e2f29fbdeb9c,"[""DEP_advmod_rate_baixo"", ""DEP_ccomp_rate_baixo"", ""POS_ADV_rate_baixo""]",test,all,1440,720,262,0.18194444444444444,96,166,0.366412213740458,0.5,0.732824427480916,-0.13358778625954199
corrected_pos_dep,7313e2f29fbdeb9c,"[""DEP_advmod_rate_baixo"", ""DEP_ccomp_rate_baixo"", ""POS_ADV_rate_baixo""]",test,com_autor,719,11,167,0.23226703755215578,1,166,0.005988023952095809,0.015299026425591099,0.3913990201415351,-0.00931100247349529
corrected_pos_dep,7313e2f29fbdeb9c,"[""DEP_advmod_rate_baixo"", ""DEP_ccomp_rate_baixo"", ""POS_ADV_rate_baixo""]",test,sem_autor,721,709,95,0.1317614424410541,95,0,1.0,0.9833564493758669,1.0169252468265162,0.01664355062413314
corrected_pos_dep,25d548ee03bf3f10,"[""DEP_advmod_rate_baixo"", ""POS_ADV_rate_baixo"", ""punctuationDensity_spacy_baixo""]",train,all,4320,2160,359,0.08310185185185186,90,269,0.25069637883008355,0.5,0.5013927576601671,-0.24930362116991645
corrected_pos_dep,25d548ee03bf3f10,"[""DEP_advmod_rate_baixo"", ""POS_ADV_rate_baixo"", ""punctuationDensity_spacy_baixo""]",train,com_autor,2157,44,269,0.12471024571163654,6,263,0.022304832713754646,0.020398701900788133,1.0934437309901992,0.0019061308129665125
corrected_pos_dep,25d548ee03bf3f10,"[""DEP_advmod_rate_baixo"", ""POS_ADV_rate_baixo"", ""punctuationDensity_spacy_baixo""]",train,sem_autor,2163,2116,90,0.04160887656033287,84,6,0.9333333333333333,0.9782709200184928,0.9540642722117203,-0.04493758668515946
corrected_pos_dep,25d548ee03bf3f10,"[""DEP_advmod_rate_baixo"", ""POS_ADV_rate_baixo"", ""punctuationDensity_spacy_baixo""]",validation,all,1440,720,114,0.07916666666666666,23,91,0.20175438596491227,0.5,0.40350877192982454,-0.29824561403508776
corrected_pos_dep,25d548ee03bf3f10,"[""DEP_advmod_rate_baixo"", ""POS_ADV_rate_baixo"", ""punctuationDensity_spacy_baixo""]",validation,com_autor,723,17,95,0.1313969571230982,6,89,0.06315789473684211,0.02351313969571231,2.6860681114551084,0.0396447550411298
corrected_pos_dep,25d548ee03bf3f10,"[""DEP_advmod_rate_baixo"", ""POS_ADV_rate_baixo"", ""punctuationDensity_spacy_baixo""]",validation,sem_autor,717,703,19,0.026499302649930265,17,2,0.8947368421052632,0.9804741980474198,0.9125552144942727,-0.08573735594215659
corrected_pos_dep,25d548ee03bf3f10,"[""DEP_advmod_rate_baixo"", ""POS_ADV_rate_baixo"", ""punctuationDensity_spacy_baixo""]",test,all,1440,720,114,0.07916666666666666,27,87,0.23684210526315788,0.5,0.47368421052631576,-0.26315789473684215
corrected_pos_dep,25d548ee03bf3f10,"[""DEP_advmod_rate_baixo"", ""POS_ADV_rate_baixo"", ""punctuationDensity_spacy_baixo""]",test,com_autor,719,11,87,0.12100139082058414,0,87,0.0,0.015299026425591099,0.0,-0.015299026425591099
corrected_pos_dep,25d548ee03bf3f10,"[""DEP_advmod_rate_baixo"", ""POS_ADV_rate_baixo"", ""punctuationDensity_spacy_baixo""]",test,sem_autor,721,709,27,0.03744798890429958,27,0,1.0,0.9833564493758669,1.0169252468265162,0.01664355062413314
corrected_pos_dep,0a168850bbc92023,"[""DEP_advmod_rate_baixo"", ""DEP_nsubj_rate_baixo"", ""POS_ADV_rate_baixo""]",train,all,4320,2160,357,0.08263888888888889,97,260,0.27170868347338933,0.5,0.5434173669467787,-0.22829131652661067
corrected_pos_dep,0a168850bbc92023,"[""DEP_advmod_rate_baixo"", ""DEP_nsubj_rate_baixo"", ""POS_ADV_rate_baixo""]",train,com_autor,2157,44,260,0.1205377839592026,2,258,0.007692307692307693,0.020398701900788133,0.3770979020979021,-0.01270639420848044
corrected_pos_dep,0a168850bbc92023,"[""DEP_advmod_rate_baixo"", ""DEP_nsubj_rate_baixo"", ""POS_ADV_rate_baixo""]",train,sem_autor,2163,2116,97,0.044845122515025426,95,2,0.979381443298969,0.9782709200184928,1.0011351899128875,0.0011105232804762277
corrected_pos_dep,0a168850bbc92023,"[""DEP_advmod_rate_baixo"", ""DEP_nsubj_rate_baixo"", ""POS_ADV_rate_baixo""]",validation,all,1440,720,129,0.08958333333333333,36,93,0.27906976744186046,0.5,0.5581395348837209,-0.22093023255813954
corrected_pos_dep,0a168850bbc92023,"[""DEP_advmod_rate_baixo"", ""DEP_nsubj_rate_baixo"", ""POS_ADV_rate_baixo""]",validation,com_autor,723,17,93,0.12863070539419086,2,91,0.021505376344086023,0.02351313969571231,0.9146110056925997,-0.0020077633516262863
corrected_pos_dep,0a168850bbc92023,"[""DEP_advmod_rate_baixo"", ""DEP_nsubj_rate_baixo"", ""POS_ADV_rate_baixo""]",validation,sem_autor,717,703,36,0.0502092050209205,34,2,0.9444444444444444,0.9804741980474198,0.9632527264106212,-0.036029753602975334
corrected_pos_dep,0a168850bbc92023,"[""DEP_advmod_rate_baixo"", ""DEP_nsubj_rate_baixo"", ""POS_ADV_rate_baixo""]",test,all,1440,720,113,0.07847222222222222,29,84,0.25663716814159293,0.5,0.5132743362831859,-0.24336283185840707
corrected_pos_dep,0a168850bbc92023,"[""DEP_advmod_rate_baixo"", ""DEP_nsubj_rate_baixo"", ""POS_ADV_rate_baixo""]",test,com_autor,719,11,82,0.11404728789986092,0,82,0.0,0.015299026425591099,0.0,-0.015299026425591099
corrected_pos_dep,0a168850bbc92023,"[""DEP_advmod_rate_baixo"", ""DEP_nsubj_rate_baixo"", ""POS_ADV_rate_baixo""]",test,sem_autor,721,709,31,0.04299583911234397,29,2,0.9354838709677419,0.9833564493758669,0.9513171663860958,-0.04787257840812498
corrected_pos_dep,d6653a7c843d196f,"[""DEP_advmod_rate_baixo"", ""POS_ADV_rate_baixo"", ""uppercaseRatio_baixo""]",train,all,4320,2160,463,0.10717592592592592,181,282,0.39092872570194387,0.5,0.7818574514038877,-0.10907127429805613
corrected_pos_dep,d6653a7c843d196f,"[""DEP_advmod_rate_baixo"", ""POS_ADV_rate_baixo"", ""uppercaseRatio_baixo""]",train,com_autor,2157,44,282,0.13073713490959665,6,276,0.02127659574468085,0.020398701900788133,1.043036750483559,0.0008778938438927172
corrected_pos_dep,d6653a7c843d196f,"[""DEP_advmod_rate_baixo"", ""POS_ADV_rate_baixo"", ""uppercaseRatio_baixo""]",train,sem_autor,2163,2116,181,0.0836800739713361,175,6,0.9668508287292817,0.9782709200184928,0.9883262488381079,-0.011420091289211065
corrected_pos_dep,d6653a7c843d196f,"[""DEP_advmod_rate_baixo"", ""POS_ADV_rate_baixo"", ""uppercaseRatio_baixo""]",validation,all,1440,720,153,0.10625,53,100,0.3464052287581699,0.5,0.6928104575163399,-0.15359477124183007
corrected_pos_dep,d6653a7c843d196f,"[""DEP_advmod_rate_baixo"", ""POS_ADV_rate_baixo"", ""uppercaseRatio_baixo""]",validation,com_autor,723,17,100,0.13831258644536654,3,97,0.03,0.02351313969571231,1.2758823529411765,0.006486860304287689
corrected_pos_dep,d6653a7c843d196f,"[""DEP_advmod_rate_baixo"", ""POS_ADV_rate_baixo"", ""uppercaseRatio_baixo""]",validation,sem_autor,717,703,53,0.07391910739191074,50,3,0.9433962264150944,0.9804741980474198,0.9621836334845273,-0.0370779716323254
corrected_pos_dep,d6653a7c843d196f,"[""DEP_advmod_rate_baixo"", ""POS_ADV_rate_baixo"", ""uppercaseRatio_baixo""]",test,all,1440,720,177,0.12291666666666666,75,102,0.423728813559322,0.5,0.847457627118644,-0.07627118644067798
corrected_pos_dep,d6653a7c843d196f,"[""DEP_advmod_rate_baixo"", ""POS_ADV_rate_baixo"", ""uppercaseRatio_baixo""]",test,com_autor,719,11,102,0.14186369958275383,1,101,0.00980392156862745,0.015299026425591099,0.640819964349376,-0.005495104856963648
corrected_pos_dep,d6653a7c843d196f,"[""DEP_advmod_rate_baixo"", ""POS_ADV_rate_baixo"", ""uppercaseRatio_baixo""]",test,sem_autor,721,709,75,0.10402219140083217,74,1,0.9866666666666667,0.9833564493758669,1.003366243535496,0.003310217290799833
corrected_pos_dep,f879ebf22866cc13,"[""DEP_advcl_rate_baixo"", ""DEP_amod_rate_alto"", ""POS_ADJ_rate_alto""]",train,all,4320,2160,516,0.11944444444444445,215,301,0.4166666666666667,0.5,0.8333333333333334,-0.08333333333333331
corrected_pos_dep,f879ebf22866cc13,"[""DEP_advcl_rate_baixo"", ""DEP_amod_rate_alto"", ""POS_ADJ_rate_alto""]",train,com_autor,2157,44,297,0.1376912378303199,2,295,0.006734006734006734,0.020398701900788133,0.330119375573921,-0.013664695166781399
corrected_pos_dep,f879ebf22866cc13,"[""DEP_advcl_rate_baixo"", ""DEP_amod_rate_alto"", ""POS_ADJ_rate_alto""]",train,sem_autor,2163,2116,219,0.10124826629680998,213,6,0.9726027397260274,0.9782709200184928,0.994205919672683,-0.005668180292465408
corrected_pos_dep,f879ebf22866cc13,"[""DEP_advcl_rate_baixo"", ""DEP_amod_rate_alto"", ""POS_ADJ_rate_alto""]",validation,all,1440,720,167,0.11597222222222223,78,89,0.46706586826347307,0.5,0.9341317365269461,-0.03293413173652693
corrected_pos_dep,f879ebf22866cc13,"[""DEP_advcl_rate_baixo"", ""DEP_amod_rate_alto"", ""POS_ADJ_rate_alto""]",validation,com_autor,723,17,90,0.12448132780082988,3,87,0.03333333333333333,0.02351313969571231,1.4176470588235295,0.009820193637621023
corrected_pos_dep,f879ebf22866cc13,"[""DEP_advcl_rate_baixo"", ""DEP_amod_rate_alto"", ""POS_ADJ_rate_alto""]",validation,sem_autor,717,703,77,0.10739191073919108,75,2,0.974025974025974,0.9804741980474198,0.9934233618444145,-0.0064482240214457365
corrected_pos_dep,f879ebf22866cc13,"[""DEP_advcl_rate_baixo"", ""DEP_amod_rate_alto"", ""POS_ADJ_rate_alto""]",test,all,1440,720,185,0.1284722222222222,72,113,0.3891891891891892,0.5,0.7783783783783784,-0.11081081081081079
corrected_pos_dep,f879ebf22866cc13,"[""DEP_advcl_rate_baixo"", ""DEP_amod_rate_alto"", ""POS_ADJ_rate_alto""]",test,com_autor,719,11,114,0.15855354659248957,2,112,0.017543859649122806,0.015299026425591099,1.1467304625199362,0.002244833223531707
corrected_pos_dep,f879ebf22866cc13,"[""DEP_advcl_rate_baixo"", ""DEP_amod_rate_alto"", ""POS_ADJ_rate_alto""]",test,sem_autor,721,709,71,0.09847434119278779,70,1,0.9859154929577465,0.9833564493758669,1.0026023560261428,0.0025590435818796387
corrected_pos_dep,a9025f56965372ee,"[""DEP_amod_rate_alto"", ""POS_ADJ_rate_alto"", ""uppercaseRatio_baixo""]",train,all,4320,2160,439,0.10162037037037037,180,259,0.41002277904328016,0.5,0.8200455580865603,-0.08997722095671984
corrected_pos_dep,a9025f56965372ee,"[""DEP_amod_rate_alto"", ""POS_ADJ_rate_alto"", ""uppercaseRatio_baixo""]",train,com_autor,2157,44,260,0.1205377839592026,6,254,0.023076923076923078,0.020398701900788133,1.1312937062937063,0.002678221176134945
corrected_pos_dep,a9025f56965372ee,"[""DEP_amod_rate_alto"", ""POS_ADJ_rate_alto"", ""uppercaseRatio_baixo""]",train,sem_autor,2163,2116,179,0.08275543226999538,174,5,0.9720670391061452,0.9782709200184928,0.9936583202205067,-0.006203880912347581
corrected_pos_dep,a9025f56965372ee,"[""DEP_amod_rate_alto"", ""POS_ADJ_rate_alto"", ""uppercaseRatio_baixo""]",validation,all,1440,720,147,0.10208333333333333,67,80,0.4557823129251701,0.5,0.9115646258503401,-0.044217687074829926
corrected_pos_dep,a9025f56965372ee,"[""DEP_amod_rate_alto"", ""POS_ADJ_rate_alto"", ""uppercaseRatio_baixo""]",validation,com_autor,723,17,82,0.11341632088520055,2,80,0.024390243902439025,0.02351313969571231,1.0373027259684362,0.0008771042067267157
corrected_pos_dep,a9025f56965372ee,"[""DEP_amod_rate_alto"", ""POS_ADJ_rate_alto"", ""uppercaseRatio_baixo""]",validation,sem_autor,717,703,65,0.09065550906555091,65,0,1.0,0.9804741980474198,1.0199146514935988,0.019525801952580246
corrected_pos_dep,a9025f56965372ee,"[""DEP_amod_rate_alto"", ""POS_ADJ_rate_alto"", ""uppercaseRatio_baixo""]",test,all,1440,720,144,0.1,61,83,0.4236111111111111,0.5,0.8472222222222222,-0.0763888888888889
corrected_pos_dep,a9025f56965372ee,"[""DEP_amod_rate_alto"", ""POS_ADJ_rate_alto"", ""uppercaseRatio_baixo""]",test,com_autor,719,11,86,0.11961057023643949,3,83,0.03488372093023256,0.015299026425591099,2.2801268498942915,0.01958469450464146
corrected_pos_dep,a9025f56965372ee,"[""DEP_amod_rate_alto"", ""POS_ADJ_rate_alto"", ""uppercaseRatio_baixo""]",test,sem_autor,721,709,58,0.08044382801664356,58,0,1.0,0.9833564493758669,1.0169252468265162,0.01664355062413314
corrected_pos_dep,87c3de1ac3a4f1c1,"[""DEP_amod_rate_baixo"", ""DEP_ccomp_rate_baixo"", ""POS_ADJ_rate_baixo""]",train,all,4320,2160,441,0.10208333333333333,225,216,0.5102040816326531,0.5,1.0204081632653061,0.010204081632653073
corrected_pos_dep,87c3de1ac3a4f1c1,"[""DEP_amod_rate_baixo"", ""DEP_ccomp_rate_baixo"", ""POS_ADJ_rate_baixo""]",train,com_autor,2157,44,214,0.09921186833565136,4,210,0.018691588785046728,0.020398701900788133,0.9163126593033134,-0.0017071131157414057
corrected_pos_dep,87c3de1ac3a4f1c1,"[""DEP_amod_rate_baixo"", ""DEP_ccomp_rate_baixo"", ""POS_ADJ_rate_baixo""]",train,sem_autor,2163,2116,227,0.10494683310217291,221,6,0.973568281938326,0.9782709200184928,0.9951929082384684,-0.004702638080166799
corrected_pos_dep,87c3de1ac3a4f1c1,"[""DEP_amod_rate_baixo"", ""DEP_ccomp_rate_baixo"", ""POS_ADJ_rate_baixo""]",validation,all,1440,720,172,0.11944444444444445,90,82,0.5232558139534884,0.5,1.0465116279069768,0.023255813953488413
corrected_pos_dep,87c3de1ac3a4f1c1,"[""DEP_amod_rate_baixo"", ""DEP_ccomp_rate_baixo"", ""POS_ADJ_rate_baixo""]",validation,com_autor,723,17,84,0.11618257261410789,2,82,0.023809523809523808,0.02351313969571231,1.0126050420168067,0.00029638411381149865
corrected_pos_dep,87c3de1ac3a4f1c1,"[""DEP_amod_rate_baixo"", ""DEP_ccomp_rate_baixo"", ""POS_ADJ_rate_baixo""]",validation,sem_autor,717,703,88,0.12273361227336123,88,0,1.0,0.9804741980474198,1.0199146514935988,0.019525801952580246
corrected_pos_dep,87c3de1ac3a4f1c1,"[""DEP_amod_rate_baixo"", ""DEP_ccomp_rate_baixo"", ""POS_ADJ_rate_baixo""]",test,all,1440,720,139,0.09652777777777778,77,62,0.5539568345323741,0.5,1.1079136690647482,0.0539568345323741
corrected_pos_dep,87c3de1ac3a4f1c1,"[""DEP_amod_rate_baixo"", ""DEP_ccomp_rate_baixo"", ""POS_ADJ_rate_baixo""]",test,com_autor,719,11,62,0.08623087621696801,0,62,0.0,0.015299026425591099,0.0,-0.015299026425591099
corrected_pos_dep,87c3de1ac3a4f1c1,"[""DEP_amod_rate_baixo"", ""DEP_ccomp_rate_baixo"", ""POS_ADJ_rate_baixo""]",test,sem_autor,721,709,77,0.10679611650485436,77,0,1.0,0.9833564493758669,1.0169252468265162,0.01664355062413314
corrected_pos_dep,c44390a7eddef824,"[""DEP_amod_rate_alto"", ""POS_ADJ_rate_alto""]",train,all,4320,2160,832,0.1925925925925926,366,466,0.43990384615384615,0.5,0.8798076923076923,-0.060096153846153855
corrected_pos_dep,c44390a7eddef824,"[""DEP_amod_rate_alto"", ""POS_ADJ_rate_alto""]",train,com_autor,2157,44,465,0.21557719054242003,7,458,0.015053763440860216,0.020398701900788133,0.7379765395894428,-0.005344938459927917
corrected_pos_dep,c44390a7eddef824,"[""DEP_amod_rate_alto"", ""POS_ADJ_rate_alto""]",train,sem_autor,2163,2116,367,0.16967175219602404,359,8,0.9782016348773842,0.9782709200184928,0.9999291759167213,-6.928514110859929e-05
corrected_pos_dep,c44390a7eddef824,"[""DEP_amod_rate_alto"", ""POS_ADJ_rate_alto""]",validation,all,1440,720,272,0.18888888888888888,135,137,0.4963235294117647,0.5,0.9926470588235294,-0.003676470588235281
corrected_pos_dep,c44390a7eddef824,"[""DEP_amod_rate_alto"", ""POS_ADJ_rate_alto""]",validation,com_autor,723,17,138,0.1908713692946058,3,135,0.021739130434782608,0.02351313969571231,0.9245524296675192,-0.0017740092609297015
corrected_pos_dep,c44390a7eddef824,"[""DEP_amod_rate_alto"", ""POS_ADJ_rate_alto""]",validation,sem_autor,717,703,134,0.18688981868898186,132,2,0.9850746268656716,0.9804741980474198,1.0046920447548884,0.004600428818251845
corrected_pos_dep,c44390a7eddef824,"[""DEP_amod_rate_alto"", ""POS_ADJ_rate_alto""]",test,all,1440,720,276,0.19166666666666668,115,161,0.4166666666666667,0.5,0.8333333333333334,-0.08333333333333331
corrected_pos_dep,c44390a7eddef824,"[""DEP_amod_rate_alto"", ""POS_ADJ_rate_alto""]",test,com_autor,719,11,161,0.2239221140472879,3,158,0.018633540372670808,0.015299026425591099,1.2179559570863918,0.003334513947079709
corrected_pos_dep,c44390a7eddef824,"[""DEP_amod_rate_alto"", ""POS_ADJ_rate_alto""]",test,sem_autor,721,709,115,0.15950069348127602,112,3,0.9739130434782609,0.9833564493758669,0.9903967621266941,-0.00944340589760595
corrected_pos_dep,c3c54c8e2eed2bdc,"[""DEP_advcl_rate_baixo"", ""DEP_amod_rate_baixo"", ""POS_ADJ_rate_baixo""]",train,all,4320,2160,446,0.10324074074074074,253,193,0.5672645739910314,0.5,1.1345291479820627,0.06726457399103136
corrected_pos_dep,c3c54c8e2eed2bdc,"[""DEP_advcl_rate_baixo"", ""DEP_amod_rate_baixo"", ""POS_ADJ_rate_baixo""]",train,com_autor,2157,44,189,0.08762169680111266,1,188,0.005291005291005291,0.020398701900788133,0.2593795093795093,-0.015107696609782843
corrected_pos_dep,c3c54c8e2eed2bdc,"[""DEP_advcl_rate_baixo"", ""DEP_amod_rate_baixo"", ""POS_ADJ_rate_baixo""]",train,sem_autor,2163,2116,257,0.11881645862228386,252,5,0.980544747081712,0.9782709200184928,1.0023243326737916,0.0022738270632192137
corrected_pos_dep,c3c54c8e2eed2bdc,"[""DEP_advcl_rate_baixo"", ""DEP_amod_rate_baixo"", ""POS_ADJ_rate_baixo""]",validation,all,1440,720,170,0.11805555555555555,76,94,0.4470588235294118,0.5,0.8941176470588236,-0.052941176470588214
corrected_pos_dep,c3c54c8e2eed2bdc,"[""DEP_advcl_rate_baixo"", ""DEP_amod_rate_baixo"", ""POS_ADJ_rate_baixo""]",validation,com_autor,723,17,94,0.13001383125864455,3,91,0.031914893617021274,0.02351313969571231,1.3573216520650813,0.008401753921308965
corrected_pos_dep,c3c54c8e2eed2bdc,"[""DEP_advcl_rate_baixo"", ""DEP_amod_rate_baixo"", ""POS_ADJ_rate_baixo""]",validation,sem_autor,717,703,76,0.10599721059972106,73,3,0.9605263157894737,0.9804741980474198,0.9796548626188516,-0.01994788225794608
corrected_pos_dep,c3c54c8e2eed2bdc,"[""DEP_advcl_rate_baixo"", ""DEP_amod_rate_baixo"", ""POS_ADJ_rate_baixo""]",test,all,1440,720,147,0.10208333333333333,76,71,0.5170068027210885,0.5,1.034013605442177,0.017006802721088454
corrected_pos_dep,c3c54c8e2eed2bdc,"[""DEP_advcl_rate_baixo"", ""DEP_amod_rate_baixo"", ""POS_ADJ_rate_baixo""]",test,com_autor,719,11,72,0.10013908205841446,1,71,0.013888888888888888,0.015299026425591099,0.9078282828282828,-0.001410137536702211
corrected_pos_dep,c3c54c8e2eed2bdc,"[""DEP_advcl_rate_baixo"", ""DEP_amod_rate_baixo"", ""POS_ADJ_rate_baixo""]",test,sem_autor,721,709,75,0.10402219140083217,75,0,1.0,0.9833564493758669,1.0169252468265162,0.01664355062413314
corrected_pos_dep,58bd81f28dc320f6,"[""DEP_amod_rate_baixo"", ""POS_ADJ_rate_baixo""]",train,all,4320,2160,797,0.18449074074074073,423,374,0.5307402760351317,0.5,1.0614805520702635,0.03074027603513174
corrected_pos_dep,58bd81f28dc320f6,"[""DEP_amod_rate_baixo"", ""POS_ADJ_rate_baixo""]",train,com_autor,2157,44,375,0.17385257301808066,8,367,0.021333333333333333,0.020398701900788133,1.0458181818181818,0.0009346314325451993
corrected_pos_dep,58bd81f28dc320f6,"[""DEP_amod_rate_baixo"", ""POS_ADJ_rate_baixo""]",train,sem_autor,2163,2116,422,0.19509939898289413,415,7,0.9834123222748815,0.9782709200184928,1.0052556016448813,0.005141402256388705
corrected_pos_dep,58bd81f28dc320f6,"[""DEP_amod_rate_baixo"", ""POS_ADJ_rate_baixo""]",validation,all,1440,720,299,0.2076388888888889,154,145,0.5150501672240803,0.5,1.0301003344481605,0.015050167224080258
corrected_pos_dep,58bd81f28dc320f6,"[""DEP_amod_rate_baixo"", ""POS_ADJ_rate_baixo""]",validation,com_autor,723,17,145,0.20055325034578148,3,142,0.020689655172413793,0.02351313969571231,0.8799188640973631,-0.0028234845232985167
corrected_pos_dep,58bd81f28dc320f6,"[""DEP_amod_rate_baixo"", ""POS_ADJ_rate_baixo""]",validation,sem_autor,717,703,154,0.21478382147838215,151,3,0.9805194805194806,0.9804741980474198,1.0000461842567108,4.5282472060814705e-05
corrected_pos_dep,58bd81f28dc320f6,"[""DEP_amod_rate_baixo"", ""POS_ADJ_rate_baixo""]",test,all,1440,720,263,0.18263888888888888,144,119,0.5475285171102662,0.5,1.0950570342205324,0.04752851711026618
corrected_pos_dep,58bd81f28dc320f6,"[""DEP_amod_rate_baixo"", ""POS_ADJ_rate_baixo""]",test,com_autor,719,11,121,0.16828929068150209,2,119,0.01652892561983471,0.015299026425591099,1.0803906836964687,0.001229899194243612
corrected_pos_dep,58bd81f28dc320f6,"[""DEP_amod_rate_baixo"", ""POS_ADJ_rate_baixo""]",test,sem_autor,721,709,142,0.19694868238557559,142,0,1.0,0.9833564493758669,1.0169252468265162,0.01664355062413314
corrected_pos_dep,23e40fe6924d7ee2,"[""POS_NOUN_rate_alto"", ""POS_PROPN_rate_baixo"", ""uppercaseRatio_baixo""]",train,all,4320,2160,363,0.08402777777777778,121,242,0.3333333333333333,0.5,0.6666666666666666,-0.16666666666666669
corrected_pos_dep,23e40fe6924d7ee2,"[""POS_NOUN_rate_alto"", ""POS_PROPN_rate_baixo"", ""uppercaseRatio_baixo""]",train,com_autor,2157,44,240,0.11126564673157163,1,239,0.004166666666666667,0.020398701900788133,0.20426136363636363,-0.016232035234121468
corrected_pos_dep,23e40fe6924d7ee2,"[""POS_NOUN_rate_alto"", ""POS_PROPN_rate_baixo"", ""uppercaseRatio_baixo""]",train,sem_autor,2163,2116,123,0.056865464632454926,120,3,0.975609756097561,0.9782709200184928,0.9972797270505787,-0.0026611639209318527
corrected_pos_dep,23e40fe6924d7ee2,"[""POS_NOUN_rate_alto"", ""POS_PROPN_rate_baixo"", ""uppercaseRatio_baixo""]",validation,all,1440,720,112,0.07777777777777778,29,83,0.25892857142857145,0.5,0.5178571428571429,-0.24107142857142855
corrected_pos_dep,23e40fe6924d7ee2,"[""POS_NOUN_rate_alto"", ""POS_PROPN_rate_baixo"", ""uppercaseRatio_baixo""]",validation,com_autor,723,17,83,0.11479944674965421,2,81,0.024096385542168676,0.02351313969571231,1.0248051027639973,0.0005832458464563664
corrected_pos_dep,23e40fe6924d7ee2,"[""POS_NOUN_rate_alto"", ""POS_PROPN_rate_baixo"", ""uppercaseRatio_baixo""]",validation,sem_autor,717,703,29,0.040446304044630406,27,2,0.9310344827586207,0.9804741980474198,0.9495757100112817,-0.04943971528879909
corrected_pos_dep,23e40fe6924d7ee2,"[""POS_NOUN_rate_alto"", ""POS_PROPN_rate_baixo"", ""uppercaseRatio_baixo""]",test,all,1440,720,115,0.0798611111111111,37,78,0.3217391304347826,0.5,0.6434782608695652,-0.17826086956521742
corrected_pos_dep,23e40fe6924d7ee2,"[""POS_NOUN_rate_alto"", ""POS_PROPN_rate_baixo"", ""uppercaseRatio_baixo""]",test,com_autor,719,11,79,0.10987482614742698,1,78,0.012658227848101266,0.015299026425591099,0.8273878020713463,-0.0026407985774898335
corrected_pos_dep,23e40fe6924d7ee2,"[""POS_NOUN_rate_alto"", ""POS_PROPN_rate_baixo"", ""uppercaseRatio_baixo""]",test,sem_autor,721,709,36,0.049930651872399444,36,0,1.0,0.9833564493758669,1.0169252468265162,0.01664355062413314
corrected_pos_dep,e8066b29ad40a334,"[""DEP_ccomp_rate_baixo"", ""DEP_obj_rate_baixo"", ""POS_VERB_rate_baixo""]",train,all,4320,2160,389,0.09004629629629629,141,248,0.36246786632390743,0.5,0.7249357326478149,-0.13753213367609257
corrected_pos_dep,e8066b29ad40a334,"[""DEP_ccomp_rate_baixo"", ""DEP_obj_rate_baixo"", ""POS_VERB_rate_baixo""]",train,com_autor,2157,44,251,0.11636532220676866,7,244,0.027888446215139442,0.020398701900788133,1.367167692864904,0.0074897443143513084
corrected_pos_dep,e8066b29ad40a334,"[""DEP_ccomp_rate_baixo"", ""DEP_obj_rate_baixo"", ""POS_VERB_rate_baixo""]",train,sem_autor,2163,2116,138,0.0638002773925104,134,4,0.9710144927536232,0.9782709200184928,0.9925823950028766,-0.007256427264869636
corrected_pos_dep,e8066b29ad40a334,"[""DEP_ccomp_rate_baixo"", ""DEP_obj_rate_baixo"", ""POS_VERB_rate_baixo""]",validation,all,1440,720,124,0.08611111111111111,35,89,0.28225806451612906,0.5,0.5645161290322581,-0.21774193548387094
corrected_pos_dep,e8066b29ad40a334,"[""DEP_ccomp_rate_baixo"", ""DEP_obj_rate_baixo"", ""POS_VERB_rate_baixo""]",validation,com_autor,723,17,88,0.12171507607192254,2,86,0.022727272727272728,0.02351313969571231,0.966577540106952,-0.0007858669684395816
corrected_pos_dep,e8066b29ad40a334,"[""DEP_ccomp_rate_baixo"", ""DEP_obj_rate_baixo"", ""POS_VERB_rate_baixo""]",validation,sem_autor,717,703,36,0.0502092050209205,33,3,0.9166666666666666,0.9804741980474198,0.9349217638691323,-0.06380753138075312
corrected_pos_dep,e8066b29ad40a334,"[""DEP_ccomp_rate_baixo"", ""DEP_obj_rate_baixo"", ""POS_VERB_rate_baixo""]",test,all,1440,720,151,0.10486111111111111,64,87,0.423841059602649,0.5,0.847682119205298,-0.076158940397351
corrected_pos_dep,e8066b29ad40a334,"[""DEP_ccomp_rate_baixo"", ""DEP_obj_rate_baixo"", ""POS_VERB_rate_baixo""]",test,com_autor,719,11,86,0.11961057023643949,1,85,0.011627906976744186,0.015299026425591099,0.7600422832980972,-0.0036711194488469132
corrected_pos_dep,e8066b29ad40a334,"[""DEP_ccomp_rate_baixo"", ""DEP_obj_rate_baixo"", ""POS_VERB_rate_baixo""]",test,sem_autor,721,709,65,0.09015256588072122,63,2,0.9692307692307692,0.9833564493758669,0.9856352392318541,-0.01412568014509763
corrected_pos_dep,624c418f9284940e,"[""DEP_ccomp_rate_baixo"", ""POS_NOUN_rate_alto"", ""POS_PROPN_rate_baixo""]",train,all,4320,2160,371,0.08587962962962963,104,267,0.2803234501347709,0.5,0.5606469002695418,-0.2196765498652291
corrected_pos_dep,624c418f9284940e,"[""DEP_ccomp_rate_baixo"", ""POS_NOUN_rate_alto"", ""POS_PROPN_rate_baixo""]",train,com_autor,2157,44,264,0.12239221140472879,1,263,0.003787878787878788,0.020398701900788133,0.18569214876033058,-0.016610823112909345
corrected_pos_dep,624c418f9284940e,"[""DEP_ccomp_rate_baixo"", ""POS_NOUN_rate_alto"", ""POS_PROPN_rate_baixo""]",train,sem_autor,2163,2116,107,0.04946833102172908,103,4,0.9626168224299065,0.9782709200184928,0.9839981979753724,-0.01565409758858627
corrected_pos_dep,624c418f9284940e,"[""DEP_ccomp_rate_baixo"", ""POS_NOUN_rate_alto"", ""POS_PROPN_rate_baixo""]",validation,all,1440,720,104,0.07222222222222222,28,76,0.2692307692307692,0.5,0.5384615384615384,-0.23076923076923078
corrected_pos_dep,624c418f9284940e,"[""DEP_ccomp_rate_baixo"", ""POS_NOUN_rate_alto"", ""POS_PROPN_rate_baixo""]",validation,com_autor,723,17,77,0.10650069156293222,2,75,0.025974025974025976,0.02351313969571231,1.1046600458365166,0.002460886278313666
corrected_pos_dep,624c418f9284940e,"[""DEP_ccomp_rate_baixo"", ""POS_NOUN_rate_alto"", ""POS_PROPN_rate_baixo""]",validation,sem_autor,717,703,27,0.03765690376569038,26,1,0.9629629629629629,0.9804741980474198,0.9821400347716137,-0.017511235084456844
corrected_pos_dep,624c418f9284940e,"[""DEP_ccomp_rate_baixo"", ""POS_NOUN_rate_alto"", ""POS_PROPN_rate_baixo""]",test,all,1440,720,122,0.08472222222222223,41,81,0.3360655737704918,0.5,0.6721311475409836,-0.1639344262295082
corrected_pos_dep,624c418f9284940e,"[""DEP_ccomp_rate_baixo"", ""POS_NOUN_rate_alto"", ""POS_PROPN_rate_baixo""]",test,com_autor,719,11,82,0.11404728789986092,1,81,0.012195121951219513,0.015299026425591099,0.7971175166297118,-0.0031039044743715865
corrected_pos_dep,624c418f9284940e,"[""DEP_ccomp_rate_baixo"", ""POS_NOUN_rate_alto"", ""POS_PROPN_rate_baixo""]",test,sem_autor,721,709,40,0.05547850208044383,40,0,1.0,0.9833564493758669,1.0169252468265162,0.01664355062413314
corrected_pos_dep,c760b2a99356a21e,"[""DEP_advcl_rate_baixo"", ""DEP_nsubj_rate_baixo"", ""POS_VERB_rate_baixo""]",train,all,4320,2160,366,0.08472222222222223,116,250,0.31693989071038253,0.5,0.6338797814207651,-0.18306010928961747
corrected_pos_dep,c760b2a99356a21e,"[""DEP_advcl_rate_baixo"", ""DEP_nsubj_rate_baixo"", ""POS_VERB_rate_baixo""]",train,com_autor,2157,44,247,0.11451089476124246,2,245,0.008097165991902834,0.020398701900788133,0.3969451601030548,-0.0123015359088853
corrected_pos_dep,c760b2a99356a21e,"[""DEP_advcl_rate_baixo"", ""DEP_nsubj_rate_baixo"", ""POS_VERB_rate_baixo""]",train,sem_autor,2163,2116,119,0.05501618122977346,114,5,0.957983193277311,0.9782709200184928,0.9792616479484044,-0.020287726741181844
corrected_pos_dep,c760b2a99356a21e,"[""DEP_advcl_rate_baixo"", ""DEP_nsubj_rate_baixo"", ""POS_VERB_rate_baixo""]",validation,all,1440,720,126,0.0875,33,93,0.2619047619047619,0.5,0.5238095238095238,-0.23809523809523808
corrected_pos_dep,c760b2a99356a21e,"[""DEP_advcl_rate_baixo"", ""DEP_nsubj_rate_baixo"", ""POS_VERB_rate_baixo""]",validation,com_autor,723,17,93,0.12863070539419086,3,90,0.03225806451612903,0.02351313969571231,1.3719165085388993,0.008744924820416722
corrected_pos_dep,c760b2a99356a21e,"[""DEP_advcl_rate_baixo"", ""DEP_nsubj_rate_baixo"", ""POS_VERB_rate_baixo""]",validation,sem_autor,717,703,33,0.04602510460251046,30,3,0.9090909090909091,0.9804741980474198,0.9271951377214536,-0.0713832889565107
corrected_pos_dep,c760b2a99356a21e,"[""DEP_advcl_rate_baixo"", ""DEP_nsubj_rate_baixo"", ""POS_VERB_rate_baixo""]",test,all,1440,720,106,0.07361111111111111,42,64,0.39622641509433965,0.5,0.7924528301886793,-0.10377358490566035
corrected_pos_dep,c760b2a99356a21e,"[""DEP_advcl_rate_baixo"", ""DEP_nsubj_rate_baixo"", ""POS_VERB_rate_baixo""]",test,com_autor,719,11,63,0.08762169680111266,1,62,0.015873015873015872,0.015299026425591099,1.0375180375180375,0.000573989447424773
corrected_pos_dep,c760b2a99356a21e,"[""DEP_advcl_rate_baixo"", ""DEP_nsubj_rate_baixo"", ""POS_VERB_rate_baixo""]",test,sem_autor,721,709,43,0.059639389736477116,41,2,0.9534883720930233,0.9833564493758669,0.9696263981369109,-0.029868077282843575
corrected_pos_dep,690a7839d4a64dc0,"[""DEP_advcl_rate_baixo"", ""DEP_obj_rate_baixo"", ""POS_VERB_rate_baixo""]",train,all,4320,2160,430,0.09953703703703703,161,269,0.3744186046511628,0.5,0.7488372093023256,-0.12558139534883722
corrected_pos_dep,690a7839d4a64dc0,"[""DEP_advcl_rate_baixo"", ""DEP_obj_rate_baixo"", ""POS_VERB_rate_baixo""]",train,com_autor,2157,44,267,0.12378303198887343,3,264,0.011235955056179775,0.020398701900788133,0.5508171603677221,-0.009162746844608358
corrected_pos_dep,690a7839d4a64dc0,"[""DEP_advcl_rate_baixo"", ""DEP_obj_rate_baixo"", ""POS_VERB_rate_baixo""]",train,sem_autor,2163,2116,163,0.07535829865926953,158,5,0.9693251533742331,0.9782709200184928,0.9908555324898234,-0.008945766644259723
corrected_pos_dep,690a7839d4a64dc0,"[""DEP_advcl_rate_baixo"", ""DEP_obj_rate_baixo"", ""POS_VERB_rate_baixo""]",validation,all,1440,720,133,0.09236111111111112,44,89,0.3308270676691729,0.5,0.6616541353383458,-0.16917293233082709
corrected_pos_dep,690a7839d4a64dc0,"[""DEP_advcl_rate_baixo"", ""DEP_obj_rate_baixo"", ""POS_VERB_rate_baixo""]",validation,com_autor,723,17,88,0.12171507607192254,2,86,0.022727272727272728,0.02351313969571231,0.966577540106952,-0.0007858669684395816
corrected_pos_dep,690a7839d4a64dc0,"[""DEP_advcl_rate_baixo"", ""DEP_obj_rate_baixo"", ""POS_VERB_rate_baixo""]",validation,sem_autor,717,703,45,0.06276150627615062,42,3,0.9333333333333333,0.9804741980474198,0.9519203413940257,-0.047140864714086406
corrected_pos_dep,690a7839d4a64dc0,"[""DEP_advcl_rate_baixo"", ""DEP_obj_rate_baixo"", ""POS_VERB_rate_baixo""]",test,all,1440,720,148,0.10277777777777777,57,91,0.38513513513513514,0.5,0.7702702702702703,-0.11486486486486486
corrected_pos_dep,690a7839d4a64dc0,"[""DEP_advcl_rate_baixo"", ""DEP_obj_rate_baixo"", ""POS_VERB_rate_baixo""]",test,com_autor,719,11,89,0.12378303198887343,1,88,0.011235955056179775,0.015299026425591099,0.7344228804902961,-0.004063071369411324
corrected_pos_dep,690a7839d4a64dc0,"[""DEP_advcl_rate_baixo"", ""DEP_obj_rate_baixo"", ""POS_VERB_rate_baixo""]",test,sem_autor,721,709,59,0.08183079056865465,56,3,0.9491525423728814,0.9833564493758669,0.9652171834285578,-0.03420390700298548
corrected_pos_dep,3827d0dd8fe9bbc6,"[""POS_NOUN_rate_alto"", ""POS_PROPN_rate_baixo""]",train,all,4320,2160,556,0.1287037037037037,172,384,0.30935251798561153,0.5,0.6187050359712231,-0.19064748201438847
corrected_pos_dep,3827d0dd8fe9bbc6,"[""POS_NOUN_rate_alto"", ""POS_PROPN_rate_baixo""]",train,com_autor,2157,44,379,0.17570700046360685,1,378,0.002638522427440633,0.020398701900788133,0.12934756536339648,-0.0177601794733475
corrected_pos_dep,3827d0dd8fe9bbc6,"[""POS_NOUN_rate_alto"", ""POS_PROPN_rate_baixo""]",train,sem_autor,2163,2116,177,0.08183079056865465,171,6,0.9661016949152542,0.9782709200184928,0.9875604754733908,-0.01216922510323859
corrected_pos_dep,3827d0dd8fe9bbc6,"[""POS_NOUN_rate_alto"", ""POS_PROPN_rate_baixo""]",validation,all,1440,720,159,0.11041666666666666,46,113,0.2893081761006289,0.5,0.5786163522012578,-0.21069182389937108
corrected_pos_dep,3827d0dd8fe9bbc6,"[""POS_NOUN_rate_alto"", ""POS_PROPN_rate_baixo""]",validation,com_autor,723,17,114,0.15767634854771784,3,111,0.02631578947368421,0.02351313969571231,1.1191950464396285,0.0028026497779718995
corrected_pos_dep,3827d0dd8fe9bbc6,"[""POS_NOUN_rate_alto"", ""POS_PROPN_rate_baixo""]",validation,sem_autor,717,703,45,0.06276150627615062,43,2,0.9555555555555556,0.9804741980474198,0.9745851114272168,-0.02491864249186415
corrected_pos_dep,3827d0dd8fe9bbc6,"[""POS_NOUN_rate_alto"", ""POS_PROPN_rate_baixo""]",test,all,1440,720,173,0.12013888888888889,55,118,0.3179190751445087,0.5,0.6358381502890174,-0.18208092485549132
corrected_pos_dep,3827d0dd8fe9bbc6,"[""POS_NOUN_rate_alto"", ""POS_PROPN_rate_baixo""]",test,com_autor,719,11,119,0.16550764951321278,1,118,0.008403361344537815,0.015299026425591099,0.5492742551566081,-0.006895665081053284
corrected_pos_dep,3827d0dd8fe9bbc6,"[""POS_NOUN_rate_alto"", ""POS_PROPN_rate_baixo""]",test,sem_autor,721,709,54,0.07489597780859916,54,0,1.0,0.9833564493758669,1.0169252468265162,0.01664355062413314
corrected_pos_dep,9e0e19ee5e38501d,"[""DEP_ccomp_rate_baixo"", ""POS_PROPN_rate_alto"", ""POS_VERB_rate_baixo""]",train,all,4320,2160,358,0.08287037037037037,150,208,0.41899441340782123,0.5,0.8379888268156425,-0.08100558659217877
corrected_pos_dep,9e0e19ee5e38501d,"[""DEP_ccomp_rate_baixo"", ""POS_PROPN_rate_alto"", ""POS_VERB_rate_baixo""]",train,com_autor,2157,44,210,0.09735744089012517,7,203,0.03333333333333333,0.020398701900788133,1.634090909090909,0.0129346314325452
corrected_pos_dep,9e0e19ee5e38501d,"[""DEP_ccomp_rate_baixo"", ""POS_PROPN_rate_alto"", ""POS_VERB_rate_baixo""]",train,sem_autor,2163,2116,148,0.06842348589921406,143,5,0.9662162162162162,0.9782709200184928,0.9876775404894498,-0.012054703802276578
corrected_pos_dep,9e0e19ee5e38501d,"[""DEP_ccomp_rate_baixo"", ""POS_PROPN_rate_alto"", ""POS_VERB_rate_baixo""]",validation,all,1440,720,108,0.075,34,74,0.3148148148148148,0.5,0.6296296296296297,-0.18518518518518517
corrected_pos_dep,9e0e19ee5e38501d,"[""DEP_ccomp_rate_baixo"", ""POS_PROPN_rate_alto"", ""POS_VERB_rate_baixo""]",validation,com_autor,723,17,72,0.0995850622406639,1,71,0.013888888888888888,0.02351313969571231,0.5906862745098039,-0.009624250806823421
corrected_pos_dep,9e0e19ee5e38501d,"[""DEP_ccomp_rate_baixo"", ""POS_PROPN_rate_alto"", ""POS_VERB_rate_baixo""]",validation,sem_autor,717,703,36,0.0502092050209205,33,3,0.9166666666666666,0.9804741980474198,0.9349217638691323,-0.06380753138075312
corrected_pos_dep,9e0e19ee5e38501d,"[""DEP_ccomp_rate_baixo"", ""POS_PROPN_rate_alto"", ""POS_VERB_rate_baixo""]",test,all,1440,720,108,0.075,42,66,0.3888888888888889,0.5,0.7777777777777778,-0.1111111111111111
corrected_pos_dep,9e0e19ee5e38501d,"[""DEP_ccomp_rate_baixo"", ""POS_PROPN_rate_alto"", ""POS_VERB_rate_baixo""]",test,com_autor,719,11,65,0.09040333796940195,0,65,0.0,0.015299026425591099,0.0,-0.015299026425591099
corrected_pos_dep,9e0e19ee5e38501d,"[""DEP_ccomp_rate_baixo"", ""POS_PROPN_rate_alto"", ""POS_VERB_rate_baixo""]",test,sem_autor,721,709,43,0.059639389736477116,42,1,0.9767441860465116,0.9833564493758669,0.9932758224817134,-0.006612263329355272
corrected_pos_dep,9948d6356c8594d1,"[""DEP_ccomp_rate_baixo"", ""DEP_nsubj_rate_baixo"", ""POS_VERB_rate_baixo""]",train,all,4320,2160,441,0.10208333333333333,149,292,0.3378684807256236,0.5,0.6757369614512472,-0.1621315192743764
corrected_pos_dep,9948d6356c8594d1,"[""DEP_ccomp_rate_baixo"", ""DEP_nsubj_rate_baixo"", ""POS_VERB_rate_baixo""]",train,com_autor,2157,44,290,0.13444598980064906,4,286,0.013793103448275862,0.020398701900788133,0.6761755485893416,-0.006605598452512271
corrected_pos_dep,9948d6356c8594d1,"[""DEP_ccomp_rate_baixo"", ""DEP_nsubj_rate_baixo"", ""POS_VERB_rate_baixo""]",train,sem_autor,2163,2116,151,0.06981044845122515,145,6,0.9602649006622517,0.9782709200184928,0.981594035979419,-0.018006019356241132
corrected_pos_dep,9948d6356c8594d1,"[""DEP_ccomp_rate_baixo"", ""DEP_nsubj_rate_baixo"", ""POS_VERB_rate_baixo""]",validation,all,1440,720,150,0.10416666666666667,40,110,0.26666666666666666,0.5,0.5333333333333333,-0.23333333333333334
corrected_pos_dep,9948d6356c8594d1,"[""DEP_ccomp_rate_baixo"", ""DEP_nsubj_rate_baixo"", ""POS_VERB_rate_baixo""]",validation,com_autor,723,17,113,0.15629322268326418,3,110,0.02654867256637168,0.02351313969571231,1.129099427381572,0.0030355328706593715
corrected_pos_dep,9948d6356c8594d1,"[""DEP_ccomp_rate_baixo"", ""DEP_nsubj_rate_baixo"", ""POS_VERB_rate_baixo""]",validation,sem_autor,717,703,37,0.05160390516039052,37,0,1.0,0.9804741980474198,1.0199146514935988,0.019525801952580246
corrected_pos_dep,9948d6356c8594d1,"[""DEP_ccomp_rate_baixo"", ""DEP_nsubj_rate_baixo"", ""POS_VERB_rate_baixo""]",test,all,1440,720,134,0.09305555555555556,53,81,0.39552238805970147,0.5,0.7910447761194029,-0.10447761194029853
corrected_pos_dep,9948d6356c8594d1,"[""DEP_ccomp_rate_baixo"", ""DEP_nsubj_rate_baixo"", ""POS_VERB_rate_baixo""]",test,com_autor,719,11,81,0.11265646731571627,1,80,0.012345679012345678,0.015299026425591099,0.8069584736251403,-0.002953347413245421
corrected_pos_dep,9948d6356c8594d1,"[""DEP_ccomp_rate_baixo"", ""DEP_nsubj_rate_baixo"", ""POS_VERB_rate_baixo""]",test,sem_autor,721,709,53,0.07350901525658807,52,1,0.9811320754716981,0.9833564493758669,0.9977379780184688,-0.0022243739041687416
corrected_pos_dep,f6f158f4942ac3e8,"[""DEP_advcl_rate_baixo"", ""POS_PROPN_rate_alto"", ""POS_VERB_rate_baixo""]",train,all,4320,2160,358,0.08287037037037037,146,212,0.40782122905027934,0.5,0.8156424581005587,-0.09217877094972066
corrected_pos_dep,f6f158f4942ac3e8,"[""DEP_advcl_rate_baixo"", ""POS_PROPN_rate_alto"", ""POS_VERB_rate_baixo""]",train,com_autor,2157,44,209,0.09689383402874363,2,207,0.009569377990430622,0.020398701900788133,0.4691170073945193,-0.010829323910357512
corrected_pos_dep,f6f158f4942ac3e8,"[""DEP_advcl_rate_baixo"", ""POS_PROPN_rate_alto"", ""POS_VERB_rate_baixo""]",train,sem_autor,2163,2116,149,0.06888580674988443,144,5,0.9664429530201343,0.9782709200184928,0.9879093135078216,-0.01182796699835853
corrected_pos_dep,f6f158f4942ac3e8,"[""DEP_advcl_rate_baixo"", ""POS_PROPN_rate_alto"", ""POS_VERB_rate_baixo""]",validation,all,1440,720,118,0.08194444444444444,33,85,0.2796610169491525,0.5,0.559322033898305,-0.22033898305084748
corrected_pos_dep,f6f158f4942ac3e8,"[""DEP_advcl_rate_baixo"", ""POS_PROPN_rate_alto"", ""POS_VERB_rate_baixo""]",validation,com_autor,723,17,81,0.11203319502074689,1,80,0.012345679012345678,0.02351313969571231,0.5250544662309368,-0.011167460683366631
corrected_pos_dep,f6f158f4942ac3e8,"[""DEP_advcl_rate_baixo"", ""POS_PROPN_rate_alto"", ""POS_VERB_rate_baixo""]",validation,sem_autor,717,703,37,0.05160390516039052,32,5,0.8648648648648649,0.9804741980474198,0.8820883472377072,-0.11560933318255484
corrected_pos_dep,f6f158f4942ac3e8,"[""DEP_advcl_rate_baixo"", ""POS_PROPN_rate_alto"", ""POS_VERB_rate_baixo""]",test,all,1440,720,102,0.07083333333333333,38,64,0.37254901960784315,0.5,0.7450980392156863,-0.12745098039215685
corrected_pos_dep,f6f158f4942ac3e8,"[""DEP_advcl_rate_baixo"", ""POS_PROPN_rate_alto"", ""POS_VERB_rate_baixo""]",test,com_autor,719,11,63,0.08762169680111266,0,63,0.0,0.015299026425591099,0.0,-0.015299026425591099
corrected_pos_dep,f6f158f4942ac3e8,"[""DEP_advcl_rate_baixo"", ""POS_PROPN_rate_alto"", ""POS_VERB_rate_baixo""]",test,sem_autor,721,709,39,0.05409153952843273,38,1,0.9743589743589743,0.9833564493758669,0.9908502404976312,-0.00899747501689252
corrected_pos_dep,295d4f796a9fcf64,"[""DEP_advcl_rate_baixo"", ""DEP_ccomp_rate_baixo"", ""POS_VERB_rate_baixo""]",train,all,4320,2160,684,0.15833333333333333,271,413,0.3961988304093567,0.5,0.7923976608187134,-0.10380116959064328
corrected_pos_dep,295d4f796a9fcf64,"[""DEP_advcl_rate_baixo"", ""DEP_ccomp_rate_baixo"", ""POS_VERB_rate_baixo""]",train,com_autor,2157,44,406,0.18822438572090866,3,403,0.007389162561576354,0.020398701900788133,0.36223690103000444,-0.013009539339211779
corrected_pos_dep,295d4f796a9fcf64,"[""DEP_advcl_rate_baixo"", ""DEP_ccomp_rate_baixo"", ""POS_VERB_rate_baixo""]",train,sem_autor,2163,2116,278,0.12852519648636154,268,10,0.9640287769784173,0.9782709200184928,0.9854415144632876,-0.014242143040075539
corrected_pos_dep,295d4f796a9fcf64,"[""DEP_advcl_rate_baixo"", ""DEP_ccomp_rate_baixo"", ""POS_VERB_rate_baixo""]",validation,all,1440,720,220,0.1527777777777778,66,154,0.3,0.5,0.6,-0.2
corrected_pos_dep,295d4f796a9fcf64,"[""DEP_advcl_rate_baixo"", ""DEP_ccomp_rate_baixo"", ""POS_VERB_rate_baixo""]",validation,com_autor,723,17,153,0.21161825726141079,3,150,0.0196078431372549,0.02351313969571231,0.8339100346020761,-0.003905296558457408
corrected_pos_dep,295d4f796a9fcf64,"[""DEP_advcl_rate_baixo"", ""DEP_ccomp_rate_baixo"", ""POS_VERB_rate_baixo""]",validation,sem_autor,717,703,67,0.09344490934449093,63,4,0.9402985074626866,0.9804741980474198,0.9590242245387572,-0.04017569058473314
corrected_pos_dep,295d4f796a9fcf64,"[""DEP_advcl_rate_baixo"", ""DEP_ccomp_rate_baixo"", ""POS_VERB_rate_baixo""]",test,all,1440,720,202,0.14027777777777778,86,116,0.42574257425742573,0.5,0.8514851485148515,-0.07425742574257427
corrected_pos_dep,295d4f796a9fcf64,"[""DEP_advcl_rate_baixo"", ""DEP_ccomp_rate_baixo"", ""POS_VERB_rate_baixo""]",test,com_autor,719,11,116,0.16133518776077885,2,114,0.017241379310344827,0.015299026425591099,1.1269592476489028,0.0019423528847537282
corrected_pos_dep,295d4f796a9fcf64,"[""DEP_advcl_rate_baixo"", ""DEP_ccomp_rate_baixo"", ""POS_VERB_rate_baixo""]",test,sem_autor,721,709,86,0.11927877947295423,84,2,0.9767441860465116,0.9833564493758669,0.9932758224817134,-0.006612263329355272
corrected_pos_dep,f294053424b2b63d,"[""DEP_ccomp_rate_baixo"", ""DEP_nsubj_rate_baixo"", ""POS_PRON_rate_baixo""]",train,all,4320,2160,447,0.10347222222222222,188,259,0.42058165548098436,0.5,0.8411633109619687,-0.07941834451901564
corrected_pos_dep,f294053424b2b63d,"[""DEP_ccomp_rate_baixo"", ""DEP_nsubj_rate_baixo"", ""POS_PRON_rate_baixo""]",train,com_autor,2157,44,261,0.12100139082058414,6,255,0.022988505747126436,0.020398701900788133,1.1269592476489028,0.002589803846338303
corrected_pos_dep,f294053424b2b63d,"[""DEP_ccomp_rate_baixo"", ""DEP_nsubj_rate_baixo"", ""POS_PRON_rate_baixo""]",train,sem_autor,2163,2116,186,0.08599167822468794,182,4,0.978494623655914,0.9782709200184928,1.0002286724800293,0.00022370363742119093
corrected_pos_dep,f294053424b2b63d,"[""DEP_ccomp_rate_baixo"", ""DEP_nsubj_rate_baixo"", ""POS_PRON_rate_baixo""]",validation,all,1440,720,134,0.09305555555555556,47,87,0.35074626865671643,0.5,0.7014925373134329,-0.14925373134328357
corrected_pos_dep,f294053424b2b63d,"[""DEP_ccomp_rate_baixo"", ""DEP_nsubj_rate_baixo"", ""POS_PRON_rate_baixo""]",validation,com_autor,723,17,88,0.12171507607192254,2,86,0.022727272727272728,0.02351313969571231,0.966577540106952,-0.0007858669684395816
corrected_pos_dep,f294053424b2b63d,"[""DEP_ccomp_rate_baixo"", ""DEP_nsubj_rate_baixo"", ""POS_PRON_rate_baixo""]",validation,sem_autor,717,703,46,0.06415620641562064,45,1,0.9782608695652174,0.9804741980474198,0.9977425938524337,-0.002213328482202348
corrected_pos_dep,f294053424b2b63d,"[""DEP_ccomp_rate_baixo"", ""DEP_nsubj_rate_baixo"", ""POS_PRON_rate_baixo""]",test,all,1440,720,132,0.09166666666666666,50,82,0.3787878787878788,0.5,0.7575757575757576,-0.12121212121212122
corrected_pos_dep,f294053424b2b63d,"[""DEP_ccomp_rate_baixo"", ""DEP_nsubj_rate_baixo"", ""POS_PRON_rate_baixo""]",test,com_autor,719,11,83,0.11543810848400557,1,82,0.012048192771084338,0.015299026425591099,0.787513691128149,-0.003250833654506761
corrected_pos_dep,f294053424b2b63d,"[""DEP_ccomp_rate_baixo"", ""DEP_nsubj_rate_baixo"", ""POS_PRON_rate_baixo""]",test,sem_autor,721,709,49,0.06796116504854369,49,0,1.0,0.9833564493758669,1.0169252468265162,0.01664355062413314
corrected_pos_dep,14f2b18daa3c0c23,"[""DEP_ccomp_rate_baixo"", ""POS_PROPN_rate_baixo"", ""uppercaseRatio_baixo""]",train,all,4320,2160,435,0.10069444444444445,158,277,0.3632183908045977,0.5,0.7264367816091954,-0.13678160919540228
corrected_pos_dep,14f2b18daa3c0c23,"[""DEP_ccomp_rate_baixo"", ""POS_PROPN_rate_baixo"", ""uppercaseRatio_baixo""]",train,com_autor,2157,44,278,0.12888270746407046,3,275,0.01079136690647482,0.020398701900788133,0.5290222367560496,-0.009607334994313313
corrected_pos_dep,14f2b18daa3c0c23,"[""DEP_ccomp_rate_baixo"", ""POS_PROPN_rate_baixo"", ""uppercaseRatio_baixo""]",train,sem_autor,2163,2116,157,0.07258437355524734,155,2,0.9872611464968153,0.9782709200184928,1.009189914873635,0.008990226478322483
corrected_pos_dep,14f2b18daa3c0c23,"[""DEP_ccomp_rate_baixo"", ""POS_PROPN_rate_baixo"", ""uppercaseRatio_baixo""]",validation,all,1440,720,152,0.10555555555555556,58,94,0.3815789473684211,0.5,0.7631578947368421,-0.11842105263157893
corrected_pos_dep,14f2b18daa3c0c23,"[""DEP_ccomp_rate_baixo"", ""POS_PROPN_rate_baixo"", ""uppercaseRatio_baixo""]",validation,com_autor,723,17,95,0.1313969571230982,2,93,0.021052631578947368,0.02351313969571231,0.8953560371517028,-0.0024605081167649416
corrected_pos_dep,14f2b18daa3c0c23,"[""DEP_ccomp_rate_baixo"", ""POS_PROPN_rate_baixo"", ""uppercaseRatio_baixo""]",validation,sem_autor,717,703,57,0.0794979079497908,56,1,0.9824561403508771,0.9804741980474198,1.0020214119937112,0.0019819423034573846
corrected_pos_dep,14f2b18daa3c0c23,"[""DEP_ccomp_rate_baixo"", ""POS_PROPN_rate_baixo"", ""uppercaseRatio_baixo""]",test,all,1440,720,142,0.09861111111111111,58,84,0.4084507042253521,0.5,0.8169014084507042,-0.09154929577464788
corrected_pos_dep,14f2b18daa3c0c23,"[""DEP_ccomp_rate_baixo"", ""POS_PROPN_rate_baixo"", ""uppercaseRatio_baixo""]",test,com_autor,719,11,85,0.11821974965229486,1,84,0.011764705882352941,0.015299026425591099,0.7689839572192513,-0.003534320543238158
corrected_pos_dep,14f2b18daa3c0c23,"[""DEP_ccomp_rate_baixo"", ""POS_PROPN_rate_baixo"", ""uppercaseRatio_baixo""]",test,sem_autor,721,709,57,0.07905686546463246,57,0,1.0,0.9833564493758669,1.0169252468265162,0.01664355062413314
corrected_pos_dep,955c07a3d79c4f30,"[""POS_PROPN_rate_baixo"", ""uppercaseRatio_baixo""]",train,all,4320,2160,713,0.1650462962962963,287,426,0.40252454417952316,0.5,0.8050490883590463,-0.09747545582047684
corrected_pos_dep,955c07a3d79c4f30,"[""POS_PROPN_rate_baixo"", ""uppercaseRatio_baixo""]",train,com_autor,2157,44,424,0.19656930922577653,4,420,0.009433962264150943,0.020398701900788133,0.46247855917667235,-0.01096473963663719
corrected_pos_dep,955c07a3d79c4f30,"[""POS_PROPN_rate_baixo"", ""uppercaseRatio_baixo""]",train,sem_autor,2163,2116,289,0.13361072584373554,283,6,0.9792387543252595,0.9782709200184928,1.0009893315716145,0.0009678343067667239
corrected_pos_dep,955c07a3d79c4f30,"[""POS_PROPN_rate_baixo"", ""uppercaseRatio_baixo""]",validation,all,1440,720,237,0.16458333333333333,102,135,0.43037974683544306,0.5,0.8607594936708861,-0.06962025316455694
corrected_pos_dep,955c07a3d79c4f30,"[""POS_PROPN_rate_baixo"", ""uppercaseRatio_baixo""]",validation,com_autor,723,17,136,0.18810511756569848,3,133,0.022058823529411766,0.02351313969571231,0.9381487889273357,-0.0014543161663005434
corrected_pos_dep,955c07a3d79c4f30,"[""POS_PROPN_rate_baixo"", ""uppercaseRatio_baixo""]",validation,sem_autor,717,703,101,0.14086471408647142,99,2,0.9801980198019802,0.9804741980474198,0.9997183217610524,-0.00027617824543957337
corrected_pos_dep,955c07a3d79c4f30,"[""POS_PROPN_rate_baixo"", ""uppercaseRatio_baixo""]",test,all,1440,720,227,0.15763888888888888,94,133,0.41409691629955947,0.5,0.8281938325991189,-0.08590308370044053
corrected_pos_dep,955c07a3d79c4f30,"[""POS_PROPN_rate_baixo"", ""uppercaseRatio_baixo""]",test,com_autor,719,11,132,0.1835883171070932,1,131,0.007575757575757576,0.015299026425591099,0.4951790633608815,-0.007723268849833523
corrected_pos_dep,955c07a3d79c4f30,"[""POS_PROPN_rate_baixo"", ""uppercaseRatio_baixo""]",test,sem_autor,721,709,95,0.1317614424410541,93,2,0.9789473684210527,0.9833564493758669,0.9955162942617475,-0.004409080954814182
corrected_pos_dep,db4d3c9a570138b7,"[""DEP_nsubj_rate_baixo"", ""POS_PRON_rate_baixo""]",train,all,4320,2160,558,0.12916666666666668,239,319,0.4283154121863799,0.5,0.8566308243727598,-0.07168458781362008
corrected_pos_dep,db4d3c9a570138b7,"[""DEP_nsubj_rate_baixo"", ""POS_PRON_rate_baixo""]",train,com_autor,2157,44,322,0.1492814093648586,7,315,0.021739130434782608,0.020398701900788133,1.0657114624505928,0.0013404285339944748
corrected_pos_dep,db4d3c9a570138b7,"[""DEP_nsubj_rate_baixo"", ""POS_PRON_rate_baixo""]",train,sem_autor,2163,2116,236,0.1091077207582062,232,4,0.9830508474576272,0.9782709200184928,1.004886097850117,0.004779927439134357
corrected_pos_dep,db4d3c9a570138b7,"[""DEP_nsubj_rate_baixo"", ""POS_PRON_rate_baixo""]",validation,all,1440,720,177,0.12291666666666666,60,117,0.3389830508474576,0.5,0.6779661016949152,-0.1610169491525424
corrected_pos_dep,db4d3c9a570138b7,"[""DEP_nsubj_rate_baixo"", ""POS_PRON_rate_baixo""]",validation,com_autor,723,17,116,0.16044260027662519,2,114,0.017241379310344827,0.02351313969571231,0.7332657200811359,-0.006271760385367482
corrected_pos_dep,db4d3c9a570138b7,"[""DEP_nsubj_rate_baixo"", ""POS_PRON_rate_baixo""]",validation,sem_autor,717,703,61,0.08507670850767085,58,3,0.9508196721311475,0.9804741980474198,0.9697549145348973,-0.029654525916272267
corrected_pos_dep,db4d3c9a570138b7,"[""DEP_nsubj_rate_baixo"", ""POS_PRON_rate_baixo""]",test,all,1440,720,163,0.11319444444444444,66,97,0.4049079754601227,0.5,0.8098159509202454,-0.0950920245398773
corrected_pos_dep,db4d3c9a570138b7,"[""DEP_nsubj_rate_baixo"", ""POS_PRON_rate_baixo""]",test,com_autor,719,11,97,0.1349095966620306,1,96,0.010309278350515464,0.015299026425591099,0.6738519212746017,-0.004989748075075635
corrected_pos_dep,db4d3c9a570138b7,"[""DEP_nsubj_rate_baixo"", ""POS_PRON_rate_baixo""]",test,sem_autor,721,709,66,0.09153952843273232,65,1,0.9848484848484849,0.9833564493758669,1.001517288541266,0.001492035472618003
corrected_pos_dep,21b26f86c64a93d8,"[""DEP_advcl_rate_baixo"", ""POS_PROPN_rate_baixo"", ""uppercaseRatio_baixo""]",train,all,4320,2160,365,0.08449074074074074,138,227,0.3780821917808219,0.5,0.7561643835616438,-0.12191780821917808
corrected_pos_dep,21b26f86c64a93d8,"[""DEP_advcl_rate_baixo"", ""POS_PROPN_rate_baixo"", ""uppercaseRatio_baixo""]",train,com_autor,2157,44,224,0.10384793694946685,1,223,0.004464285714285714,0.020398701900788133,0.218851461038961,-0.015934416186502418
corrected_pos_dep,21b26f86c64a93d8,"[""DEP_advcl_rate_baixo"", ""POS_PROPN_rate_baixo"", ""uppercaseRatio_baixo""]",train,sem_autor,2163,2116,141,0.0651872399445215,137,4,0.9716312056737588,0.9782709200184928,0.9932128061778547,-0.006639714344733982
corrected_pos_dep,21b26f86c64a93d8,"[""DEP_advcl_rate_baixo"", ""POS_PROPN_rate_baixo"", ""uppercaseRatio_baixo""]",validation,all,1440,720,127,0.08819444444444445,55,72,0.4330708661417323,0.5,0.8661417322834646,-0.06692913385826771
corrected_pos_dep,21b26f86c64a93d8,"[""DEP_advcl_rate_baixo"", ""POS_PROPN_rate_baixo"", ""uppercaseRatio_baixo""]",validation,com_autor,723,17,72,0.0995850622406639,2,70,0.027777777777777776,0.02351313969571231,1.1813725490196079,0.004264638082065467
corrected_pos_dep,21b26f86c64a93d8,"[""DEP_advcl_rate_baixo"", ""POS_PROPN_rate_baixo"", ""uppercaseRatio_baixo""]",validation,sem_autor,717,703,55,0.07670850767085077,53,2,0.9636363636363636,0.9804741980474198,0.9828268459847408,-0.01683783441105613
corrected_pos_dep,21b26f86c64a93d8,"[""DEP_advcl_rate_baixo"", ""POS_PROPN_rate_baixo"", ""uppercaseRatio_baixo""]",test,all,1440,720,129,0.08958333333333333,48,81,0.37209302325581395,0.5,0.7441860465116279,-0.12790697674418605
corrected_pos_dep,21b26f86c64a93d8,"[""DEP_advcl_rate_baixo"", ""POS_PROPN_rate_baixo"", ""uppercaseRatio_baixo""]",test,com_autor,719,11,82,0.11404728789986092,1,81,0.012195121951219513,0.015299026425591099,0.7971175166297118,-0.0031039044743715865
corrected_pos_dep,21b26f86c64a93d8,"[""DEP_advcl_rate_baixo"", ""POS_PROPN_rate_baixo"", ""uppercaseRatio_baixo""]",test,sem_autor,721,709,47,0.0651872399445215,47,0,1.0,0.9833564493758669,1.0169252468265162,0.01664355062413314
corrected_pos_dep,87391334a5cc29cd,"[""DEP_ccomp_rate_baixo"", ""POS_VERB_rate_baixo"", ""uppercaseRatio_baixo""]",train,all,4320,2160,386,0.08935185185185185,142,244,0.36787564766839376,0.5,0.7357512953367875,-0.13212435233160624
corrected_pos_dep,87391334a5cc29cd,"[""DEP_ccomp_rate_baixo"", ""POS_VERB_rate_baixo"", ""uppercaseRatio_baixo""]",train,com_autor,2157,44,243,0.11265646731571627,5,238,0.0205761316872428,0.020398701900788133,1.0086980920314252,0.00017742978645466506
corrected_pos_dep,87391334a5cc29cd,"[""DEP_ccomp_rate_baixo"", ""POS_VERB_rate_baixo"", ""uppercaseRatio_baixo""]",train,sem_autor,2163,2116,143,0.06611188164586222,137,6,0.958041958041958,0.9782709200184928,0.979321717979563,-0.020228961976534787
corrected_pos_dep,87391334a5cc29cd,"[""DEP_ccomp_rate_baixo"", ""POS_VERB_rate_baixo"", ""uppercaseRatio_baixo""]",validation,all,1440,720,122,0.08472222222222223,34,88,0.2786885245901639,0.5,0.5573770491803278,-0.2213114754098361
corrected_pos_dep,87391334a5cc29cd,"[""DEP_ccomp_rate_baixo"", ""POS_VERB_rate_baixo"", ""uppercaseRatio_baixo""]",validation,com_autor,723,17,86,0.11894882434301521,0,86,0.0,0.02351313969571231,0.0,-0.02351313969571231
corrected_pos_dep,87391334a5cc29cd,"[""DEP_ccomp_rate_baixo"", ""POS_VERB_rate_baixo"", ""uppercaseRatio_baixo""]",validation,sem_autor,717,703,36,0.0502092050209205,34,2,0.9444444444444444,0.9804741980474198,0.9632527264106212,-0.036029753602975334
corrected_pos_dep,87391334a5cc29cd,"[""DEP_ccomp_rate_baixo"", ""POS_VERB_rate_baixo"", ""uppercaseRatio_baixo""]",test,all,1440,720,124,0.08611111111111111,53,71,0.4274193548387097,0.5,0.8548387096774194,-0.07258064516129031
corrected_pos_dep,87391334a5cc29cd,"[""DEP_ccomp_rate_baixo"", ""POS_VERB_rate_baixo"", ""uppercaseRatio_baixo""]",test,com_autor,719,11,72,0.10013908205841446,2,70,0.027777777777777776,0.015299026425591099,1.8156565656565655,0.012478751352186677
corrected_pos_dep,87391334a5cc29cd,"[""DEP_ccomp_rate_baixo"", ""POS_VERB_rate_baixo"", ""uppercaseRatio_baixo""]",test,sem_autor,721,709,52,0.07212205270457697,51,1,0.9807692307692307,0.9833564493758669,0.9973689920798524,-0.0025872186066361325
corrected_pos_dep,eee0574f0591a18a,"[""DEP_advmod_rate_baixo"", ""DEP_ccomp_rate_baixo"", ""POS_VERB_rate_baixo""]",train,all,4320,2160,367,0.0849537037037037,109,258,0.2970027247956403,0.5,0.5940054495912807,-0.20299727520435967
corrected_pos_dep,eee0574f0591a18a,"[""DEP_advmod_rate_baixo"", ""DEP_ccomp_rate_baixo"", ""POS_VERB_rate_baixo""]",train,com_autor,2157,44,255,0.11821974965229486,4,251,0.01568627450980392,0.020398701900788133,0.7689839572192513,-0.004712427390984212
corrected_pos_dep,eee0574f0591a18a,"[""DEP_advmod_rate_baixo"", ""DEP_ccomp_rate_baixo"", ""POS_VERB_rate_baixo""]",train,sem_autor,2163,2116,112,0.05177993527508091,105,7,0.9375,0.9782709200184928,0.9583234877126654,-0.04077092001849281
corrected_pos_dep,eee0574f0591a18a,"[""DEP_advmod_rate_baixo"", ""DEP_ccomp_rate_baixo"", ""POS_VERB_rate_baixo""]",validation,all,1440,720,117,0.08125,19,98,0.1623931623931624,0.5,0.3247863247863248,-0.33760683760683763
corrected_pos_dep,eee0574f0591a18a,"[""DEP_advmod_rate_baixo"", ""DEP_ccomp_rate_baixo"", ""POS_VERB_rate_baixo""]",validation,com_autor,723,17,97,0.13416320885200553,1,96,0.010309278350515464,0.02351313969571231,0.43844754396604,-0.013203861345196846
corrected_pos_dep,eee0574f0591a18a,"[""DEP_advmod_rate_baixo"", ""DEP_ccomp_rate_baixo"", ""POS_VERB_rate_baixo""]",validation,sem_autor,717,703,20,0.02789400278940028,18,2,0.9,0.9804741980474198,0.9179231863442391,-0.08047419804741973
corrected_pos_dep,eee0574f0591a18a,"[""DEP_advmod_rate_baixo"", ""DEP_ccomp_rate_baixo"", ""POS_VERB_rate_baixo""]",test,all,1440,720,110,0.0763888888888889,37,73,0.33636363636363636,0.5,0.6727272727272727,-0.16363636363636364
corrected_pos_dep,eee0574f0591a18a,"[""DEP_advmod_rate_baixo"", ""DEP_ccomp_rate_baixo"", ""POS_VERB_rate_baixo""]",test,com_autor,719,11,72,0.10013908205841446,0,72,0.0,0.015299026425591099,0.0,-0.015299026425591099
corrected_pos_dep,eee0574f0591a18a,"[""DEP_advmod_rate_baixo"", ""DEP_ccomp_rate_baixo"", ""POS_VERB_rate_baixo""]",test,sem_autor,721,709,38,0.052704576976421634,37,1,0.9736842105263158,0.9833564493758669,0.9901640561205552,-0.00967223884955104
corrected_pos_dep,8685f3180b9e1582,"[""DEP_advcl_rate_baixo"", ""DEP_advmod_rate_baixo"", ""POS_VERB_rate_baixo""]",train,all,4320,2160,361,0.08356481481481481,109,252,0.30193905817174516,0.5,0.6038781163434903,-0.19806094182825484
corrected_pos_dep,8685f3180b9e1582,"[""DEP_advcl_rate_baixo"", ""DEP_advmod_rate_baixo"", ""POS_VERB_rate_baixo""]",train,com_autor,2157,44,246,0.11404728789986092,0,246,0.0,0.020398701900788133,0.0,-0.020398701900788133
corrected_pos_dep,8685f3180b9e1582,"[""DEP_advcl_rate_baixo"", ""DEP_advmod_rate_baixo"", ""POS_VERB_rate_baixo""]",train,sem_autor,2163,2116,115,0.053166897827092004,109,6,0.9478260869565217,0.9782709200184928,0.9688789348237035,-0.0304448330619711
corrected_pos_dep,8685f3180b9e1582,"[""DEP_advcl_rate_baixo"", ""DEP_advmod_rate_baixo"", ""POS_VERB_rate_baixo""]",validation,all,1440,720,115,0.0798611111111111,20,95,0.17391304347826086,0.5,0.34782608695652173,-0.32608695652173914
corrected_pos_dep,8685f3180b9e1582,"[""DEP_advcl_rate_baixo"", ""DEP_advmod_rate_baixo"", ""POS_VERB_rate_baixo""]",validation,com_autor,723,17,92,0.1272475795297372,1,91,0.010869565217391304,0.02351313969571231,0.4622762148337596,-0.012643574478321006
corrected_pos_dep,8685f3180b9e1582,"[""DEP_advcl_rate_baixo"", ""DEP_advmod_rate_baixo"", ""POS_VERB_rate_baixo""]",validation,sem_autor,717,703,23,0.03207810320781032,19,4,0.8260869565217391,0.9804741980474198,0.8425381903642774,-0.15438724152568062
corrected_pos_dep,8685f3180b9e1582,"[""DEP_advcl_rate_baixo"", ""DEP_advmod_rate_baixo"", ""POS_VERB_rate_baixo""]",test,all,1440,720,99,0.06875,30,69,0.30303030303030304,0.5,0.6060606060606061,-0.19696969696969696
corrected_pos_dep,8685f3180b9e1582,"[""DEP_advcl_rate_baixo"", ""DEP_advmod_rate_baixo"", ""POS_VERB_rate_baixo""]",test,com_autor,719,11,67,0.09318497913769123,0,67,0.0,0.015299026425591099,0.0,-0.015299026425591099
corrected_pos_dep,8685f3180b9e1582,"[""DEP_advcl_rate_baixo"", ""DEP_advmod_rate_baixo"", ""POS_VERB_rate_baixo""]",test,sem_autor,721,709,32,0.044382801664355064,30,2,0.9375,0.9833564493758669,0.953367418899859,-0.04585644937586686
corrected_pos_dep,044b4a18072cb022,"[""DEP_ccomp_rate_baixo"", ""POS_VERB_rate_baixo""]",train,all,4320,2160,904,0.20925925925925926,363,541,0.40154867256637167,0.5,0.8030973451327433,-0.09845132743362833
corrected_pos_dep,044b4a18072cb022,"[""DEP_ccomp_rate_baixo"", ""POS_VERB_rate_baixo""]",train,com_autor,2157,44,541,0.2508113120074177,11,530,0.02033271719038817,0.020398701900788133,0.9967652495378927,-6.598471039996265e-05
corrected_pos_dep,044b4a18072cb022,"[""DEP_ccomp_rate_baixo"", ""POS_VERB_rate_baixo""]",train,sem_autor,2163,2116,363,0.1678224687933426,352,11,0.9696969696969697,0.9782709200184928,0.9912356074926963,-0.008573950321523083
corrected_pos_dep,044b4a18072cb022,"[""DEP_ccomp_rate_baixo"", ""POS_VERB_rate_baixo""]",validation,all,1440,720,281,0.1951388888888889,88,193,0.31316725978647686,0.5,0.6263345195729537,-0.18683274021352314
corrected_pos_dep,044b4a18072cb022,"[""DEP_ccomp_rate_baixo"", ""POS_VERB_rate_baixo""]",validation,com_autor,723,17,192,0.26556016597510373,3,189,0.015625,0.02351313969571231,0.6645220588235294,-0.00788813969571231
corrected_pos_dep,044b4a18072cb022,"[""DEP_ccomp_rate_baixo"", ""POS_VERB_rate_baixo""]",validation,sem_autor,717,703,89,0.12412831241283125,85,4,0.9550561797752809,0.9804741980474198,0.9740757907523135,-0.025418018272138854
corrected_pos_dep,044b4a18072cb022,"[""DEP_ccomp_rate_baixo"", ""POS_VERB_rate_baixo""]",test,all,1440,720,281,0.1951388888888889,126,155,0.4483985765124555,0.5,0.896797153024911,-0.051601423487544484
corrected_pos_dep,044b4a18072cb022,"[""DEP_ccomp_rate_baixo"", ""POS_VERB_rate_baixo""]",test,com_autor,719,11,155,0.21557719054242003,2,153,0.012903225806451613,0.015299026425591099,0.8434017595307918,-0.0023958006191394862
corrected_pos_dep,044b4a18072cb022,"[""DEP_ccomp_rate_baixo"", ""POS_VERB_rate_baixo""]",test,sem_autor,721,709,126,0.17475728155339806,124,2,0.9841269841269841,0.9833564493758669,1.0007835762419683,0.0007705347511172134
corrected_pos_dep,93b724bf542f7fee,"[""DEP_advcl_rate_baixo"", ""DEP_ccomp_rate_baixo"", ""DEP_nsubj_rate_baixo""]",train,all,4320,2160,519,0.12013888888888889,194,325,0.3737957610789981,0.5,0.7475915221579962,-0.1262042389210019
corrected_pos_dep,93b724bf542f7fee,"[""DEP_advcl_rate_baixo"", ""DEP_ccomp_rate_baixo"", ""DEP_nsubj_rate_baixo""]",train,com_autor,2157,44,319,0.14789058878071396,1,318,0.003134796238244514,0.020398701900788133,0.1536762610430322,-0.01726390566254362
corrected_pos_dep,93b724bf542f7fee,"[""DEP_advcl_rate_baixo"", ""DEP_ccomp_rate_baixo"", ""DEP_nsubj_rate_baixo""]",train,sem_autor,2163,2116,200,0.09246417013407304,193,7,0.965,0.9782709200184928,0.9864343100189036,-0.013270920018492838
corrected_pos_dep,93b724bf542f7fee,"[""DEP_advcl_rate_baixo"", ""DEP_ccomp_rate_baixo"", ""DEP_nsubj_rate_baixo""]",validation,all,1440,720,179,0.12430555555555556,69,110,0.3854748603351955,0.5,0.770949720670391,-0.11452513966480449
corrected_pos_dep,93b724bf542f7fee,"[""DEP_advcl_rate_baixo"", ""DEP_ccomp_rate_baixo"", ""DEP_nsubj_rate_baixo""]",validation,com_autor,723,17,114,0.15767634854771784,5,109,0.043859649122807015,0.02351313969571231,1.8653250773993808,0.020346509427094706
corrected_pos_dep,93b724bf542f7fee,"[""DEP_advcl_rate_baixo"", ""DEP_ccomp_rate_baixo"", ""DEP_nsubj_rate_baixo""]",validation,sem_autor,717,703,65,0.09065550906555091,64,1,0.9846153846153847,0.9804741980474198,1.0042236568552358,0.004141186567964916
corrected_pos_dep,93b724bf542f7fee,"[""DEP_advcl_rate_baixo"", ""DEP_ccomp_rate_baixo"", ""DEP_nsubj_rate_baixo""]",test,all,1440,720,157,0.10902777777777778,63,94,0.4012738853503185,0.5,0.802547770700637,-0.0987261146496815
corrected_pos_dep,93b724bf542f7fee,"[""DEP_advcl_rate_baixo"", ""DEP_ccomp_rate_baixo"", ""DEP_nsubj_rate_baixo""]",test,com_autor,719,11,95,0.13212795549374132,2,93,0.021052631578947368,0.015299026425591099,1.3760765550239233,0.005753605153356269
corrected_pos_dep,93b724bf542f7fee,"[""DEP_advcl_rate_baixo"", ""DEP_ccomp_rate_baixo"", ""DEP_nsubj_rate_baixo""]",test,sem_autor,721,709,62,0.08599167822468794,61,1,0.9838709677419355,0.9833564493758669,1.000523226716411,0.0005145183660686392
corrected_pos_dep,dcc82376b8a66cb5,"[""DEP_ccomp_rate_baixo"", ""DEP_nsubj_rate_baixo""]",train,all,4320,2160,869,0.2011574074074074,340,529,0.3912543153049482,0.5,0.7825086306098964,-0.1087456846950518
corrected_pos_dep,dcc82376b8a66cb5,"[""DEP_ccomp_rate_baixo"", ""DEP_nsubj_rate_baixo""]",train,com_autor,2157,44,527,0.24432081594807603,7,520,0.013282732447817837,0.020398701900788133,0.6511557702259789,-0.0071159694529702965
corrected_pos_dep,dcc82376b8a66cb5,"[""DEP_ccomp_rate_baixo"", ""DEP_nsubj_rate_baixo""]",train,sem_autor,2163,2116,342,0.15811373092926492,333,9,0.9736842105263158,0.9782709200184928,0.995311411799821,-0.004586709492176988
corrected_pos_dep,dcc82376b8a66cb5,"[""DEP_ccomp_rate_baixo"", ""DEP_nsubj_rate_baixo""]",validation,all,1440,720,294,0.20416666666666666,114,180,0.3877551020408163,0.5,0.7755102040816326,-0.11224489795918369
corrected_pos_dep,dcc82376b8a66cb5,"[""DEP_ccomp_rate_baixo"", ""DEP_nsubj_rate_baixo""]",validation,com_autor,723,17,185,0.25587828492392806,6,179,0.032432432432432434,0.02351313969571231,1.3793322734499207,0.008919292736720125
corrected_pos_dep,dcc82376b8a66cb5,"[""DEP_ccomp_rate_baixo"", ""DEP_nsubj_rate_baixo""]",validation,sem_autor,717,703,109,0.15202231520223153,108,1,0.9908256880733946,0.9804741980474198,1.0105576363422815,0.010351490025974797
corrected_pos_dep,dcc82376b8a66cb5,"[""DEP_ccomp_rate_baixo"", ""DEP_nsubj_rate_baixo""]",test,all,1440,720,261,0.18125,110,151,0.421455938697318,0.5,0.842911877394636,-0.07854406130268199
corrected_pos_dep,dcc82376b8a66cb5,"[""DEP_ccomp_rate_baixo"", ""DEP_nsubj_rate_baixo""]",test,com_autor,719,11,152,0.2114047287899861,2,150,0.013157894736842105,0.015299026425591099,0.8600478468899521,-0.0021411316887489946
corrected_pos_dep,dcc82376b8a66cb5,"[""DEP_ccomp_rate_baixo"", ""DEP_nsubj_rate_baixo""]",test,sem_autor,721,709,109,0.15117891816920942,108,1,0.9908256880733946,0.9833564493758669,1.0075956574060896,0.007469238697527691
corrected_pos_dep,19c77db982d8d5f4,"[""DEP_advcl_rate_baixo"", ""POS_VERB_rate_baixo""]",train,all,4320,2160,877,0.20300925925925925,358,519,0.40820980615735464,0.5,0.8164196123147093,-0.09179019384264536
corrected_pos_dep,19c77db982d8d5f4,"[""DEP_advcl_rate_baixo"", ""POS_VERB_rate_baixo""]",train,com_autor,2157,44,514,0.2382939267501159,6,508,0.011673151750972763,0.020398701900788133,0.5722497347010965,-0.00872555014981537
corrected_pos_dep,19c77db982d8d5f4,"[""DEP_advcl_rate_baixo"", ""POS_VERB_rate_baixo""]",train,sem_autor,2163,2116,363,0.1678224687933426,352,11,0.9696969696969697,0.9782709200184928,0.9912356074926963,-0.008573950321523083
corrected_pos_dep,19c77db982d8d5f4,"[""DEP_advcl_rate_baixo"", ""POS_VERB_rate_baixo""]",validation,all,1440,720,272,0.18888888888888888,86,186,0.3161764705882353,0.5,0.6323529411764706,-0.18382352941176472
corrected_pos_dep,19c77db982d8d5f4,"[""DEP_advcl_rate_baixo"", ""POS_VERB_rate_baixo""]",validation,com_autor,723,17,181,0.2503457814661134,3,178,0.016574585635359115,0.02351313969571231,0.7049073773155671,-0.006938554060353194
corrected_pos_dep,19c77db982d8d5f4,"[""DEP_advcl_rate_baixo"", ""POS_VERB_rate_baixo""]",validation,sem_autor,717,703,91,0.12691771269177127,83,8,0.9120879120879121,0.9804741980474198,0.9302518249886671,-0.06838628595950769
corrected_pos_dep,19c77db982d8d5f4,"[""DEP_advcl_rate_baixo"", ""POS_VERB_rate_baixo""]",test,all,1440,720,261,0.18125,107,154,0.4099616858237548,0.5,0.8199233716475096,-0.0900383141762452
corrected_pos_dep,19c77db982d8d5f4,"[""DEP_advcl_rate_baixo"", ""POS_VERB_rate_baixo""]",test,com_autor,719,11,153,0.21279554937413073,2,151,0.013071895424836602,0.015299026425591099,0.8544266191325015,-0.0022271310007544974
corrected_pos_dep,19c77db982d8d5f4,"[""DEP_advcl_rate_baixo"", ""POS_VERB_rate_baixo""]",test,sem_autor,721,709,108,0.14979195561719832,105,3,0.9722222222222222,0.9833564493758669,0.9886773233035574,-0.011134227153644649
corrected_pos_dep,e22dcb87615c7be3,"[""DEP_advcl_rate_baixo"", ""POS_VERB_rate_baixo"", ""uppercaseRatio_baixo""]",train,all,4320,2160,357,0.08263888888888889,136,221,0.38095238095238093,0.5,0.7619047619047619,-0.11904761904761907
corrected_pos_dep,e22dcb87615c7be3,"[""DEP_advcl_rate_baixo"", ""POS_VERB_rate_baixo"", ""uppercaseRatio_baixo""]",train,com_autor,2157,44,219,0.10152990264255911,3,216,0.0136986301369863,0.020398701900788133,0.671544209215442,-0.006700071763801833
corrected_pos_dep,e22dcb87615c7be3,"[""DEP_advcl_rate_baixo"", ""POS_VERB_rate_baixo"", ""uppercaseRatio_baixo""]",train,sem_autor,2163,2116,138,0.0638002773925104,133,5,0.9637681159420289,0.9782709200184928,0.985175063696885,-0.014502804076463871
corrected_pos_dep,e22dcb87615c7be3,"[""DEP_advcl_rate_baixo"", ""POS_VERB_rate_baixo"", ""uppercaseRatio_baixo""]",validation,all,1440,720,114,0.07916666666666666,34,80,0.2982456140350877,0.5,0.5964912280701754,-0.2017543859649123
corrected_pos_dep,e22dcb87615c7be3,"[""DEP_advcl_rate_baixo"", ""POS_VERB_rate_baixo"", ""uppercaseRatio_baixo""]",validation,com_autor,723,17,77,0.10650069156293222,0,77,0.0,0.02351313969571231,0.0,-0.02351313969571231
corrected_pos_dep,e22dcb87615c7be3,"[""DEP_advcl_rate_baixo"", ""POS_VERB_rate_baixo"", ""uppercaseRatio_baixo""]",validation,sem_autor,717,703,37,0.05160390516039052,34,3,0.918918918918919,0.9804741980474198,0.9372188689400639,-0.061555279128500784
corrected_pos_dep,e22dcb87615c7be3,"[""DEP_advcl_rate_baixo"", ""POS_VERB_rate_baixo"", ""uppercaseRatio_baixo""]",test,all,1440,720,114,0.07916666666666666,50,64,0.43859649122807015,0.5,0.8771929824561403,-0.06140350877192985
corrected_pos_dep,e22dcb87615c7be3,"[""DEP_advcl_rate_baixo"", ""POS_VERB_rate_baixo"", ""uppercaseRatio_baixo""]",test,com_autor,719,11,65,0.09040333796940195,2,63,0.03076923076923077,0.015299026425591099,2.0111888111888114,0.015470204343639672
corrected_pos_dep,e22dcb87615c7be3,"[""DEP_advcl_rate_baixo"", ""POS_VERB_rate_baixo"", ""uppercaseRatio_baixo""]",test,sem_autor,721,709,49,0.06796116504854369,48,1,0.9795918367346939,0.9833564493758669,0.9961716703606689,-0.003764612641173004
corrected_pos_dep,6b9567259c15f14a,"[""DEP_ccomp_rate_baixo"", ""POS_PRON_rate_baixo"", ""POS_VERB_rate_baixo""]",train,all,4320,2160,399,0.09236111111111112,164,235,0.41102756892230574,0.5,0.8220551378446115,-0.08897243107769426
corrected_pos_dep,6b9567259c15f14a,"[""DEP_ccomp_rate_baixo"", ""POS_PRON_rate_baixo"", ""POS_VERB_rate_baixo""]",train,com_autor,2157,44,235,0.10894761242466389,5,230,0.02127659574468085,0.020398701900788133,1.043036750483559,0.0008778938438927172
corrected_pos_dep,6b9567259c15f14a,"[""DEP_ccomp_rate_baixo"", ""POS_PRON_rate_baixo"", ""POS_VERB_rate_baixo""]",train,sem_autor,2163,2116,164,0.0758206195099399,159,5,0.9695121951219512,0.9782709200184928,0.9910467287565126,-0.008758724896541614
corrected_pos_dep,6b9567259c15f14a,"[""DEP_ccomp_rate_baixo"", ""POS_PRON_rate_baixo"", ""POS_VERB_rate_baixo""]",validation,all,1440,720,119,0.08263888888888889,30,89,0.25210084033613445,0.5,0.5042016806722689,-0.24789915966386555
corrected_pos_dep,6b9567259c15f14a,"[""DEP_ccomp_rate_baixo"", ""POS_PRON_rate_baixo"", ""POS_VERB_rate_baixo""]",validation,com_autor,723,17,89,0.12309820193637622,1,88,0.011235955056179775,0.02351313969571231,0.47785855915399866,-0.012277184639532535
corrected_pos_dep,6b9567259c15f14a,"[""DEP_ccomp_rate_baixo"", ""POS_PRON_rate_baixo"", ""POS_VERB_rate_baixo""]",validation,sem_autor,717,703,30,0.04184100418410042,29,1,0.9666666666666667,0.9804741980474198,0.9859174964438123,-0.01380753138075308
corrected_pos_dep,6b9567259c15f14a,"[""DEP_ccomp_rate_baixo"", ""POS_PRON_rate_baixo"", ""POS_VERB_rate_baixo""]",test,all,1440,720,112,0.07777777777777778,41,71,0.36607142857142855,0.5,0.7321428571428571,-0.13392857142857145
corrected_pos_dep,6b9567259c15f14a,"[""DEP_ccomp_rate_baixo"", ""POS_PRON_rate_baixo"", ""POS_VERB_rate_baixo""]",test,com_autor,719,11,72,0.10013908205841446,1,71,0.013888888888888888,0.015299026425591099,0.9078282828282828,-0.001410137536702211
corrected_pos_dep,6b9567259c15f14a,"[""DEP_ccomp_rate_baixo"", ""POS_PRON_rate_baixo"", ""POS_VERB_rate_baixo""]",test,sem_autor,721,709,40,0.05547850208044383,40,0,1.0,0.9833564493758669,1.0169252468265162,0.01664355062413314
corrected_pos_dep,f2303e71ec216805,"[""DEP_advcl_rate_baixo"", ""POS_PRON_rate_baixo"", ""POS_VERB_rate_baixo""]",train,all,4320,2160,394,0.0912037037037037,156,238,0.39593908629441626,0.5,0.7918781725888325,-0.10406091370558374
corrected_pos_dep,f2303e71ec216805,"[""DEP_advcl_rate_baixo"", ""POS_PRON_rate_baixo"", ""POS_VERB_rate_baixo""]",train,com_autor,2157,44,235,0.10894761242466389,2,233,0.00851063829787234,0.020398701900788133,0.41721470019342355,-0.011888063602915793
corrected_pos_dep,f2303e71ec216805,"[""DEP_advcl_rate_baixo"", ""POS_PRON_rate_baixo"", ""POS_VERB_rate_baixo""]",train,sem_autor,2163,2116,159,0.07350901525658807,154,5,0.9685534591194969,0.9782709200184928,0.9900666975782003,-0.009717460898995944
corrected_pos_dep,f2303e71ec216805,"[""DEP_advcl_rate_baixo"", ""POS_PRON_rate_baixo"", ""POS_VERB_rate_baixo""]",validation,all,1440,720,114,0.07916666666666666,26,88,0.22807017543859648,0.5,0.45614035087719296,-0.2719298245614035
corrected_pos_dep,f2303e71ec216805,"[""DEP_advcl_rate_baixo"", ""POS_PRON_rate_baixo"", ""POS_VERB_rate_baixo""]",validation,com_autor,723,17,87,0.12033195020746888,1,86,0.011494252873563218,0.02351313969571231,0.48884381338742394,-0.012018886822149091
corrected_pos_dep,f2303e71ec216805,"[""DEP_advcl_rate_baixo"", ""POS_PRON_rate_baixo"", ""POS_VERB_rate_baixo""]",validation,sem_autor,717,703,27,0.03765690376569038,25,2,0.9259259259259259,0.9804741980474198,0.9443654180496286,-0.054548272121493824
corrected_pos_dep,f2303e71ec216805,"[""DEP_advcl_rate_baixo"", ""POS_PRON_rate_baixo"", ""POS_VERB_rate_baixo""]",test,all,1440,720,109,0.07569444444444444,45,64,0.41284403669724773,0.5,0.8256880733944955,-0.08715596330275227
corrected_pos_dep,f2303e71ec216805,"[""DEP_advcl_rate_baixo"", ""POS_PRON_rate_baixo"", ""POS_VERB_rate_baixo""]",test,com_autor,719,11,64,0.0890125173852573,1,63,0.015625,0.015299026425591099,1.0213068181818181,0.0003259735744089009
corrected_pos_dep,f2303e71ec216805,"[""DEP_advcl_rate_baixo"", ""POS_PRON_rate_baixo"", ""POS_VERB_rate_baixo""]",test,sem_autor,721,709,45,0.06241331484049931,44,1,0.9777777777777777,0.9833564493758669,0.9943269080081492,-0.005578671598089113
corrected_pos_dep,6c0ca72adca71030,"[""DEP_ccomp_rate_baixo"", ""DEP_nsubj_rate_baixo"", ""uppercaseRatio_baixo""]",train,all,4320,2160,370,0.08564814814814815,137,233,0.37027027027027026,0.5,0.7405405405405405,-0.12972972972972974
corrected_pos_dep,6c0ca72adca71030,"[""DEP_ccomp_rate_baixo"", ""DEP_nsubj_rate_baixo"", ""uppercaseRatio_baixo""]",train,com_autor,2157,44,229,0.1061659712563746,3,226,0.013100436681222707,0.020398701900788133,0.6422191345772131,-0.0072982652195654266
corrected_pos_dep,6c0ca72adca71030,"[""DEP_ccomp_rate_baixo"", ""DEP_nsubj_rate_baixo"", ""uppercaseRatio_baixo""]",train,sem_autor,2163,2116,141,0.0651872399445215,134,7,0.950354609929078,0.9782709200184928,0.9714636206411134,-0.027916310089414753
corrected_pos_dep,6c0ca72adca71030,"[""DEP_ccomp_rate_baixo"", ""DEP_nsubj_rate_baixo"", ""uppercaseRatio_baixo""]",validation,all,1440,720,131,0.09097222222222222,46,85,0.3511450381679389,0.5,0.7022900763358778,-0.1488549618320611
corrected_pos_dep,6c0ca72adca71030,"[""DEP_ccomp_rate_baixo"", ""DEP_nsubj_rate_baixo"", ""uppercaseRatio_baixo""]",validation,com_autor,723,17,86,0.11894882434301521,2,84,0.023255813953488372,0.02351313969571231,0.9890560875512996,-0.0002573257422239378
corrected_pos_dep,6c0ca72adca71030,"[""DEP_ccomp_rate_baixo"", ""DEP_nsubj_rate_baixo"", ""uppercaseRatio_baixo""]",validation,sem_autor,717,703,45,0.06276150627615062,44,1,0.9777777777777777,0.9804741980474198,0.9972498814604078,-0.002696420269642008
corrected_pos_dep,6c0ca72adca71030,"[""DEP_ccomp_rate_baixo"", ""DEP_nsubj_rate_baixo"", ""uppercaseRatio_baixo""]",test,all,1440,720,115,0.0798611111111111,48,67,0.41739130434782606,0.5,0.8347826086956521,-0.08260869565217394
corrected_pos_dep,6c0ca72adca71030,"[""DEP_ccomp_rate_baixo"", ""DEP_nsubj_rate_baixo"", ""uppercaseRatio_baixo""]",test,com_autor,719,11,69,0.09596662030598054,2,67,0.028985507246376812,0.015299026425591099,1.8945981554677207,0.013686480820785713
corrected_pos_dep,6c0ca72adca71030,"[""DEP_ccomp_rate_baixo"", ""DEP_nsubj_rate_baixo"", ""uppercaseRatio_baixo""]",test,sem_autor,721,709,46,0.0638002773925104,46,0,1.0,0.9833564493758669,1.0169252468265162,0.01664355062413314
corrected_pos_dep,38dff70680befae1,"[""DEP_ccomp_rate_baixo"", ""POS_PRON_rate_alto"", ""uppercaseRatio_baixo""]",train,all,4320,2160,360,0.08333333333333333,184,176,0.5111111111111111,0.5,1.0222222222222221,0.011111111111111072
corrected_pos_dep,38dff70680befae1,"[""DEP_ccomp_rate_baixo"", ""POS_PRON_rate_alto"", ""uppercaseRatio_baixo""]",train,com_autor,2157,44,184,0.08530366249420492,10,174,0.05434782608695652,0.020398701900788133,2.664278656126482,0.03394912418616838
corrected_pos_dep,38dff70680befae1,"[""DEP_ccomp_rate_baixo"", ""POS_PRON_rate_alto"", ""uppercaseRatio_baixo""]",train,sem_autor,2163,2116,176,0.08136846971798428,174,2,0.9886363636363636,0.9782709200184928,1.0105956779515382,0.01036544361787084
corrected_pos_dep,38dff70680befae1,"[""DEP_ccomp_rate_baixo"", ""POS_PRON_rate_alto"", ""uppercaseRatio_baixo""]",validation,all,1440,720,111,0.07708333333333334,65,46,0.5855855855855856,0.5,1.1711711711711712,0.0855855855855856
corrected_pos_dep,38dff70680befae1,"[""DEP_ccomp_rate_baixo"", ""POS_PRON_rate_alto"", ""uppercaseRatio_baixo""]",validation,com_autor,723,17,48,0.06639004149377593,2,46,0.041666666666666664,0.02351313969571231,1.7720588235294117,0.018153526970954355
corrected_pos_dep,38dff70680befae1,"[""DEP_ccomp_rate_baixo"", ""POS_PRON_rate_alto"", ""uppercaseRatio_baixo""]",validation,sem_autor,717,703,63,0.08786610878661087,63,0,1.0,0.9804741980474198,1.0199146514935988,0.019525801952580246
corrected_pos_dep,38dff70680befae1,"[""DEP_ccomp_rate_baixo"", ""POS_PRON_rate_alto"", ""uppercaseRatio_baixo""]",test,all,1440,720,112,0.07777777777777778,65,47,0.5803571428571429,0.5,1.1607142857142858,0.0803571428571429
corrected_pos_dep,38dff70680befae1,"[""DEP_ccomp_rate_baixo"", ""POS_PRON_rate_alto"", ""uppercaseRatio_baixo""]",test,com_autor,719,11,46,0.06397774687065369,1,45,0.021739130434782608,0.015299026425591099,1.4209486166007905,0.006440104009191509
corrected_pos_dep,38dff70680befae1,"[""DEP_ccomp_rate_baixo"", ""POS_PRON_rate_alto"", ""uppercaseRatio_baixo""]",test,sem_autor,721,709,66,0.09153952843273232,64,2,0.9696969696969697,0.9833564493758669,0.9861093302560158,-0.013659479678897135
corrected_pos_dep,231bbfa80568c232,"[""DEP_ccomp_rate_baixo"", ""POS_ADJ_rate_alto"", ""uppercaseRatio_baixo""]",train,all,4320,2160,387,0.08958333333333333,156,231,0.40310077519379844,0.5,0.8062015503875969,-0.09689922480620156
corrected_pos_dep,231bbfa80568c232,"[""DEP_ccomp_rate_baixo"", ""POS_ADJ_rate_alto"", ""uppercaseRatio_baixo""]",train,com_autor,2157,44,233,0.10802039870190079,5,228,0.02145922746781116,0.020398701900788133,1.0519898556379241,0.0010605255670230254
corrected_pos_dep,231bbfa80568c232,"[""DEP_ccomp_rate_baixo"", ""POS_ADJ_rate_alto"", ""uppercaseRatio_baixo""]",train,sem_autor,2163,2116,154,0.07119741100323625,151,3,0.9805194805194806,0.9782709200184928,1.0022985048977489,0.002248560500987762
corrected_pos_dep,231bbfa80568c232,"[""DEP_ccomp_rate_baixo"", ""POS_ADJ_rate_alto"", ""uppercaseRatio_baixo""]",validation,all,1440,720,127,0.08819444444444445,54,73,0.4251968503937008,0.5,0.8503937007874016,-0.07480314960629919
corrected_pos_dep,231bbfa80568c232,"[""DEP_ccomp_rate_baixo"", ""POS_ADJ_rate_alto"", ""uppercaseRatio_baixo""]",validation,com_autor,723,17,74,0.10235131396957123,1,73,0.013513513513513514,0.02351313969571231,0.5747217806041336,-0.009999626182198795
corrected_pos_dep,231bbfa80568c232,"[""DEP_ccomp_rate_baixo"", ""POS_ADJ_rate_alto"", ""uppercaseRatio_baixo""]",validation,sem_autor,717,703,53,0.07391910739191074,53,0,1.0,0.9804741980474198,1.0199146514935988,0.019525801952580246
corrected_pos_dep,231bbfa80568c232,"[""DEP_ccomp_rate_baixo"", ""POS_ADJ_rate_alto"", ""uppercaseRatio_baixo""]",test,all,1440,720,121,0.08402777777777778,53,68,0.4380165289256198,0.5,0.8760330578512396,-0.06198347107438018
corrected_pos_dep,231bbfa80568c232,"[""DEP_ccomp_rate_baixo"", ""POS_ADJ_rate_alto"", ""uppercaseRatio_baixo""]",test,com_autor,719,11,71,0.09874826147426982,3,68,0.04225352112676056,0.015299026425591099,2.761843790012804,0.026954494701169465
corrected_pos_dep,231bbfa80568c232,"[""DEP_ccomp_rate_baixo"", ""POS_ADJ_rate_alto"", ""uppercaseRatio_baixo""]",test,sem_autor,721,709,50,0.06934812760055478,50,0,1.0,0.9833564493758669,1.0169252468265162,0.01664355062413314
corrected_pos_dep,aaea6e78e590d511,"[""POS_PRON_rate_alto"", ""uppercaseRatio_baixo""]",train,all,4320,2160,631,0.14606481481481481,336,295,0.5324881141045958,0.5,1.0649762282091917,0.032488114104595844
corrected_pos_dep,aaea6e78e590d511,"[""POS_PRON_rate_alto"", ""uppercaseRatio_baixo""]",train,com_autor,2157,44,303,0.1404728789986092,12,291,0.039603960396039604,0.020398701900788133,1.9414941494149414,0.01920525849525147
corrected_pos_dep,aaea6e78e590d511,"[""POS_PRON_rate_alto"", ""uppercaseRatio_baixo""]",train,sem_autor,2163,2116,328,0.1516412390198798,324,4,0.9878048780487805,0.9782709200184928,1.0097457236387108,0.00953395803028767
corrected_pos_dep,aaea6e78e590d511,"[""POS_PRON_rate_alto"", ""uppercaseRatio_baixo""]",validation,all,1440,720,202,0.14027777777777778,126,76,0.6237623762376238,0.5,1.2475247524752475,0.12376237623762376
corrected_pos_dep,aaea6e78e590d511,"[""POS_PRON_rate_alto"", ""uppercaseRatio_baixo""]",validation,com_autor,723,17,79,0.10926694329183956,4,75,0.05063291139240506,0.02351313969571231,2.1533879374534624,0.027119771696692753
corrected_pos_dep,aaea6e78e590d511,"[""POS_PRON_rate_alto"", ""uppercaseRatio_baixo""]",validation,sem_autor,717,703,123,0.17154811715481172,122,1,0.991869918699187,0.9804741980474198,1.0116226624570654,0.011395720651767194
corrected_pos_dep,aaea6e78e590d511,"[""POS_PRON_rate_alto"", ""uppercaseRatio_baixo""]",test,all,1440,720,209,0.1451388888888889,119,90,0.569377990430622,0.5,1.138755980861244,0.06937799043062198
corrected_pos_dep,aaea6e78e590d511,"[""POS_PRON_rate_alto"", ""uppercaseRatio_baixo""]",test,com_autor,719,11,87,0.12100139082058414,1,86,0.011494252873563218,0.015299026425591099,0.7513061650992685,-0.003804773552027881
corrected_pos_dep,aaea6e78e590d511,"[""POS_PRON_rate_alto"", ""uppercaseRatio_baixo""]",test,sem_autor,721,709,122,0.16920943134535368,118,4,0.9672131147540983,0.9833564493758669,0.983583435455155,-0.016143334621768535
corrected_pos_dep,749616b656491bf3,"[""DEP_advcl_rate_baixo"", ""DEP_ccomp_rate_baixo"", ""DEP_obj_rate_baixo""]",train,all,4320,2160,472,0.10925925925925926,194,278,0.4110169491525424,0.5,0.8220338983050848,-0.08898305084745761
corrected_pos_dep,749616b656491bf3,"[""DEP_advcl_rate_baixo"", ""DEP_ccomp_rate_baixo"", ""DEP_obj_rate_baixo""]",train,com_autor,2157,44,273,0.12656467315716272,3,270,0.01098901098901099,0.020398701900788133,0.5387112887112887,-0.009409690911777143
corrected_pos_dep,749616b656491bf3,"[""DEP_advcl_rate_baixo"", ""DEP_ccomp_rate_baixo"", ""DEP_obj_rate_baixo""]",train,sem_autor,2163,2116,199,0.09200184928340269,191,8,0.9597989949748744,0.9782709200184928,0.9811177817252615,-0.018471925043618387
corrected_pos_dep,749616b656491bf3,"[""DEP_advcl_rate_baixo"", ""DEP_ccomp_rate_baixo"", ""DEP_obj_rate_baixo""]",validation,all,1440,720,158,0.10972222222222222,62,96,0.3924050632911392,0.5,0.7848101265822784,-0.10759493670886078
corrected_pos_dep,749616b656491bf3,"[""DEP_advcl_rate_baixo"", ""DEP_ccomp_rate_baixo"", ""DEP_obj_rate_baixo""]",validation,com_autor,723,17,98,0.1355463347164592,5,93,0.05102040816326531,0.02351313969571231,2.1698679471788718,0.027507268467552998
corrected_pos_dep,749616b656491bf3,"[""DEP_advcl_rate_baixo"", ""DEP_ccomp_rate_baixo"", ""DEP_obj_rate_baixo""]",validation,sem_autor,717,703,60,0.08368200836820083,57,3,0.95,0.9804741980474198,0.9689189189189189,-0.030474198047419798
corrected_pos_dep,749616b656491bf3,"[""DEP_advcl_rate_baixo"", ""DEP_ccomp_rate_baixo"", ""DEP_obj_rate_baixo""]",test,all,1440,720,162,0.1125,71,91,0.4382716049382716,0.5,0.8765432098765432,-0.06172839506172839
corrected_pos_dep,749616b656491bf3,"[""DEP_advcl_rate_baixo"", ""DEP_ccomp_rate_baixo"", ""DEP_obj_rate_baixo""]",test,com_autor,719,11,89,0.12378303198887343,1,88,0.011235955056179775,0.015299026425591099,0.7344228804902961,-0.004063071369411324
corrected_pos_dep,749616b656491bf3,"[""DEP_advcl_rate_baixo"", ""DEP_ccomp_rate_baixo"", ""DEP_obj_rate_baixo""]",test,sem_autor,721,709,73,0.10124826629680998,70,3,0.958904109589041,0.9833564493758669,0.9751337983267964,-0.024452339786825816
corrected_pos_dep,3624da99214c7d4a,"[""DEP_advcl_rate_baixo"", ""DEP_obj_rate_baixo""]",train,all,4320,2160,798,0.18472222222222223,371,427,0.4649122807017544,0.5,0.9298245614035088,-0.03508771929824561
corrected_pos_dep,3624da99214c7d4a,"[""DEP_advcl_rate_baixo"", ""DEP_obj_rate_baixo""]",train,com_autor,2157,44,424,0.19656930922577653,6,418,0.014150943396226415,0.020398701900788133,0.6937178387650086,-0.006247758504561718
corrected_pos_dep,3624da99214c7d4a,"[""DEP_advcl_rate_baixo"", ""DEP_obj_rate_baixo""]",train,sem_autor,2163,2116,374,0.17290799815071659,365,9,0.9759358288770054,0.9782709200184928,0.9976130424673737,-0.0023350911414874442
corrected_pos_dep,3624da99214c7d4a,"[""DEP_advcl_rate_baixo"", ""DEP_obj_rate_baixo""]",validation,all,1440,720,251,0.17430555555555555,110,141,0.43824701195219123,0.5,0.8764940239043825,-0.061752988047808766
corrected_pos_dep,3624da99214c7d4a,"[""DEP_advcl_rate_baixo"", ""DEP_obj_rate_baixo""]",validation,com_autor,723,17,141,0.1950207468879668,5,136,0.03546099290780142,0.02351313969571231,1.5081351689612017,0.011947853212089111
corrected_pos_dep,3624da99214c7d4a,"[""DEP_advcl_rate_baixo"", ""DEP_obj_rate_baixo""]",validation,sem_autor,717,703,110,0.15341701534170155,105,5,0.9545454545454546,0.9804741980474198,0.9735548946075263,-0.025928743501965168
corrected_pos_dep,3624da99214c7d4a,"[""DEP_advcl_rate_baixo"", ""DEP_obj_rate_baixo""]",test,all,1440,720,270,0.1875,115,155,0.42592592592592593,0.5,0.8518518518518519,-0.07407407407407407
corrected_pos_dep,3624da99214c7d4a,"[""DEP_advcl_rate_baixo"", ""DEP_obj_rate_baixo""]",test,com_autor,719,11,153,0.21279554937413073,2,151,0.013071895424836602,0.015299026425591099,0.8544266191325015,-0.0022271310007544974
corrected_pos_dep,3624da99214c7d4a,"[""DEP_advcl_rate_baixo"", ""DEP_obj_rate_baixo""]",test,sem_autor,721,709,117,0.1622746185852982,113,4,0.9658119658119658,0.9833564493758669,0.9821585717213361,-0.017544483563901037
corrected_pos_dep,db9a969f6c8b1353,"[""DEP_amod_rate_alto"", ""DEP_ccomp_rate_baixo"", ""uppercaseRatio_baixo""]",train,all,4320,2160,407,0.09421296296296296,162,245,0.39803439803439805,0.5,0.7960687960687961,-0.10196560196560195
corrected_pos_dep,db9a969f6c8b1353,"[""DEP_amod_rate_alto"", ""DEP_ccomp_rate_baixo"", ""uppercaseRatio_baixo""]",train,com_autor,2157,44,249,0.11543810848400557,7,242,0.028112449799196786,0.020398701900788133,1.3781489594742604,0.007713747898408653
corrected_pos_dep,db9a969f6c8b1353,"[""DEP_amod_rate_alto"", ""DEP_ccomp_rate_baixo"", ""uppercaseRatio_baixo""]",train,sem_autor,2163,2116,158,0.07304669440591771,155,3,0.9810126582278481,0.9782709200184928,1.0028026369313967,0.0027417382093553044
corrected_pos_dep,db9a969f6c8b1353,"[""DEP_amod_rate_alto"", ""DEP_ccomp_rate_baixo"", ""uppercaseRatio_baixo""]",validation,all,1440,720,131,0.09097222222222222,58,73,0.44274809160305345,0.5,0.8854961832061069,-0.05725190839694655
corrected_pos_dep,db9a969f6c8b1353,"[""DEP_amod_rate_alto"", ""DEP_ccomp_rate_baixo"", ""uppercaseRatio_baixo""]",validation,com_autor,723,17,75,0.1037344398340249,2,73,0.02666666666666667,0.02351313969571231,1.1341176470588237,0.003153526970954359
corrected_pos_dep,db9a969f6c8b1353,"[""DEP_amod_rate_alto"", ""DEP_ccomp_rate_baixo"", ""uppercaseRatio_baixo""]",validation,sem_autor,717,703,56,0.07810320781032078,56,0,1.0,0.9804741980474198,1.0199146514935988,0.019525801952580246
corrected_pos_dep,db9a969f6c8b1353,"[""DEP_amod_rate_alto"", ""DEP_ccomp_rate_baixo"", ""uppercaseRatio_baixo""]",test,all,1440,720,127,0.08819444444444445,56,71,0.4409448818897638,0.5,0.8818897637795275,-0.05905511811023623
corrected_pos_dep,db9a969f6c8b1353,"[""DEP_amod_rate_alto"", ""DEP_ccomp_rate_baixo"", ""uppercaseRatio_baixo""]",test,com_autor,719,11,75,0.1043115438108484,4,71,0.05333333333333334,0.015299026425591099,3.4860606060606063,0.03803430690774224
corrected_pos_dep,db9a969f6c8b1353,"[""DEP_amod_rate_alto"", ""DEP_ccomp_rate_baixo"", ""uppercaseRatio_baixo""]",test,sem_autor,721,709,52,0.07212205270457697,52,0,1.0,0.9833564493758669,1.0169252468265162,0.01664355062413314
corrected_pos_dep,db6f966588f8f010,"[""POS_NOUN_rate_alto"", ""uppercaseRatio_baixo""]",train,all,4320,2160,576,0.13333333333333333,198,378,0.34375,0.5,0.6875,-0.15625
corrected_pos_dep,db6f966588f8f010,"[""POS_NOUN_rate_alto"", ""uppercaseRatio_baixo""]",train,com_autor,2157,44,374,0.17338896615669913,4,370,0.0106951871657754,0.020398701900788133,0.5243072435585804,-0.009703514735012733
corrected_pos_dep,db6f966588f8f010,"[""POS_NOUN_rate_alto"", ""uppercaseRatio_baixo""]",train,sem_autor,2163,2116,202,0.09338881183541378,194,8,0.9603960396039604,0.9782709200184928,0.9817280877426117,-0.017874880414532446
corrected_pos_dep,db6f966588f8f010,"[""POS_NOUN_rate_alto"", ""uppercaseRatio_baixo""]",validation,all,1440,720,182,0.12638888888888888,48,134,0.26373626373626374,0.5,0.5274725274725275,-0.23626373626373626
corrected_pos_dep,db6f966588f8f010,"[""POS_NOUN_rate_alto"", ""uppercaseRatio_baixo""]",validation,com_autor,723,17,133,0.1839557399723375,2,131,0.015037593984962405,0.02351313969571231,0.6395400265369305,-0.008475545710749904
corrected_pos_dep,db6f966588f8f010,"[""POS_NOUN_rate_alto"", ""uppercaseRatio_baixo""]",validation,sem_autor,717,703,49,0.06834030683403068,46,3,0.9387755102040817,0.9804741980474198,0.9574708973205215,-0.04169868784333808
corrected_pos_dep,db6f966588f8f010,"[""POS_NOUN_rate_alto"", ""uppercaseRatio_baixo""]",test,all,1440,720,178,0.12361111111111112,65,113,0.3651685393258427,0.5,0.7303370786516854,-0.1348314606741573
corrected_pos_dep,db6f966588f8f010,"[""POS_NOUN_rate_alto"", ""uppercaseRatio_baixo""]",test,com_autor,719,11,114,0.15855354659248957,1,113,0.008771929824561403,0.015299026425591099,0.5733652312599681,-0.006527096601029696
corrected_pos_dep,db6f966588f8f010,"[""POS_NOUN_rate_alto"", ""uppercaseRatio_baixo""]",test,sem_autor,721,709,64,0.08876560332871013,64,0,1.0,0.9833564493758669,1.0169252468265162,0.01664355062413314
corrected_pos_dep,64748c9e68b05621,"[""POS_ADJ_rate_alto"", ""uppercaseRatio_baixo""]",train,all,4320,2160,568,0.13148148148148148,243,325,0.4278169014084507,0.5,0.8556338028169014,-0.07218309859154931
corrected_pos_dep,64748c9e68b05621,"[""POS_ADJ_rate_alto"", ""uppercaseRatio_baixo""]",train,com_autor,2157,44,326,0.15113583681038478,6,320,0.018404907975460124,0.020398701900788133,0.9022587841606247,-0.0019937939253280093
corrected_pos_dep,64748c9e68b05621,"[""POS_ADJ_rate_alto"", ""uppercaseRatio_baixo""]",train,sem_autor,2163,2116,242,0.11188164586222839,237,5,0.9793388429752066,0.9782709200184928,1.0010916433626522,0.0010679229567137627
corrected_pos_dep,64748c9e68b05621,"[""POS_ADJ_rate_alto"", ""uppercaseRatio_baixo""]",validation,all,1440,720,187,0.12986111111111112,83,104,0.44385026737967914,0.5,0.8877005347593583,-0.05614973262032086
corrected_pos_dep,64748c9e68b05621,"[""POS_ADJ_rate_alto"", ""uppercaseRatio_baixo""]",validation,com_autor,723,17,106,0.14661134163208853,2,104,0.018867924528301886,0.02351313969571231,0.8024417314095449,-0.0046452151674104235
corrected_pos_dep,64748c9e68b05621,"[""POS_ADJ_rate_alto"", ""uppercaseRatio_baixo""]",validation,sem_autor,717,703,81,0.11297071129707113,81,0,1.0,0.9804741980474198,1.0199146514935988,0.019525801952580246
corrected_pos_dep,64748c9e68b05621,"[""POS_ADJ_rate_alto"", ""uppercaseRatio_baixo""]",test,all,1440,720,181,0.12569444444444444,81,100,0.44751381215469616,0.5,0.8950276243093923,-0.052486187845303844
corrected_pos_dep,64748c9e68b05621,"[""POS_ADJ_rate_alto"", ""uppercaseRatio_baixo""]",test,com_autor,719,11,103,0.14325452016689846,3,100,0.02912621359223301,0.015299026425591099,1.9037952338923212,0.013827187166641912
corrected_pos_dep,64748c9e68b05621,"[""POS_ADJ_rate_alto"", ""uppercaseRatio_baixo""]",test,sem_autor,721,709,78,0.10818307905686546,78,0,1.0,0.9833564493758669,1.0169252468265162,0.01664355062413314
corrected_pos_dep,41f10c8d976dfe09,"[""DEP_amod_rate_alto"", ""uppercaseRatio_baixo""]",train,all,4320,2160,600,0.1388888888888889,261,339,0.435,0.5,0.87,-0.065
corrected_pos_dep,41f10c8d976dfe09,"[""DEP_amod_rate_alto"", ""uppercaseRatio_baixo""]",train,com_autor,2157,44,342,0.15855354659248957,9,333,0.02631578947368421,0.020398701900788133,1.290071770334928,0.005917087572896076
corrected_pos_dep,41f10c8d976dfe09,"[""DEP_amod_rate_alto"", ""uppercaseRatio_baixo""]",train,sem_autor,2163,2116,258,0.11927877947295423,252,6,0.9767441860465116,0.9782709200184928,0.9984393546401723,-0.00152673397198122
corrected_pos_dep,41f10c8d976dfe09,"[""DEP_amod_rate_alto"", ""uppercaseRatio_baixo""]",validation,all,1440,720,190,0.13194444444444445,89,101,0.46842105263157896,0.5,0.9368421052631579,-0.03157894736842104
corrected_pos_dep,41f10c8d976dfe09,"[""DEP_amod_rate_alto"", ""uppercaseRatio_baixo""]",validation,com_autor,723,17,103,0.14246196403872752,3,100,0.02912621359223301,0.02351313969571231,1.238720731010851,0.005613073896520701
corrected_pos_dep,41f10c8d976dfe09,"[""DEP_amod_rate_alto"", ""uppercaseRatio_baixo""]",validation,sem_autor,717,703,87,0.12133891213389121,86,1,0.9885057471264368,0.9804741980474198,1.0081914945798793,0.008031549079017042
corrected_pos_dep,41f10c8d976dfe09,"[""DEP_amod_rate_alto"", ""uppercaseRatio_baixo""]",test,all,1440,720,192,0.13333333333333333,88,104,0.4583333333333333,0.5,0.9166666666666666,-0.041666666666666685
corrected_pos_dep,41f10c8d976dfe09,"[""DEP_amod_rate_alto"", ""uppercaseRatio_baixo""]",test,com_autor,719,11,108,0.1502086230876217,4,104,0.037037037037037035,0.015299026425591099,2.420875420875421,0.021738010611445938
corrected_pos_dep,41f10c8d976dfe09,"[""DEP_amod_rate_alto"", ""uppercaseRatio_baixo""]",test,sem_autor,721,709,84,0.11650485436893204,84,0,1.0,0.9833564493758669,1.0169252468265162,0.01664355062413314
corrected_pos_dep,413b4701a914903f,"[""DEP_advmod_rate_alto"", ""uppercaseRatio_baixo""]",train,all,4320,2160,602,0.13935185185185187,352,250,0.584717607973422,0.5,1.169435215946844,0.08471760797342198
corrected_pos_dep,413b4701a914903f,"[""DEP_advmod_rate_alto"", ""uppercaseRatio_baixo""]",train,com_autor,2157,44,257,0.11914696337505795,10,247,0.038910505836575876,0.020398701900788133,1.9074991156703218,0.018511803935787743
corrected_pos_dep,413b4701a914903f,"[""DEP_advmod_rate_alto"", ""uppercaseRatio_baixo""]",train,sem_autor,2163,2116,345,0.15950069348127602,342,3,0.991304347826087,0.9782709200184928,1.0133229226596532,0.0130334278075942
corrected_pos_dep,413b4701a914903f,"[""DEP_advmod_rate_alto"", ""uppercaseRatio_baixo""]",validation,all,1440,720,205,0.1423611111111111,121,84,0.5902439024390244,0.5,1.1804878048780487,0.09024390243902436
corrected_pos_dep,413b4701a914903f,"[""DEP_advmod_rate_alto"", ""uppercaseRatio_baixo""]",validation,com_autor,723,17,86,0.11894882434301521,2,84,0.023255813953488372,0.02351313969571231,0.9890560875512996,-0.0002573257422239378
corrected_pos_dep,413b4701a914903f,"[""DEP_advmod_rate_alto"", ""uppercaseRatio_baixo""]",validation,sem_autor,717,703,119,0.16596931659693165,119,0,1.0,0.9804741980474198,1.0199146514935988,0.019525801952580246
corrected_pos_dep,413b4701a914903f,"[""DEP_advmod_rate_alto"", ""uppercaseRatio_baixo""]",test,all,1440,720,202,0.14027777777777778,129,73,0.6386138613861386,0.5,1.2772277227722773,0.13861386138613863
corrected_pos_dep,413b4701a914903f,"[""DEP_advmod_rate_alto"", ""uppercaseRatio_baixo""]",test,com_autor,719,11,73,0.10152990264255911,1,72,0.0136986301369863,0.015299026425591099,0.8953922789539227,-0.0016003962886047985
corrected_pos_dep,413b4701a914903f,"[""DEP_advmod_rate_alto"", ""uppercaseRatio_baixo""]",test,sem_autor,721,709,129,0.17891816920943135,128,1,0.9922480620155039,0.9833564493758669,1.0090421053782486,0.008891612639637003
corrected_pos_dep,1d9d91f022351f06,"[""DEP_ccomp_rate_baixo"", ""POS_NOUN_rate_alto"", ""uppercaseRatio_baixo""]",train,all,4320,2160,376,0.08703703703703704,128,248,0.3404255319148936,0.5,0.6808510638297872,-0.1595744680851064
corrected_pos_dep,1d9d91f022351f06,"[""DEP_ccomp_rate_baixo"", ""POS_NOUN_rate_alto"", ""uppercaseRatio_baixo""]",train,com_autor,2157,44,246,0.11404728789986092,4,242,0.016260162601626018,0.020398701900788133,0.7971175166297118,-0.004138539299162115
corrected_pos_dep,1d9d91f022351f06,"[""DEP_ccomp_rate_baixo"", ""POS_NOUN_rate_alto"", ""uppercaseRatio_baixo""]",train,sem_autor,2163,2116,130,0.06010171058714748,124,6,0.9538461538461539,0.9782709200184928,0.975032717754835,-0.024424766172338908
corrected_pos_dep,1d9d91f022351f06,"[""DEP_ccomp_rate_baixo"", ""POS_NOUN_rate_alto"", ""uppercaseRatio_baixo""]",validation,all,1440,720,127,0.08819444444444445,33,94,0.25984251968503935,0.5,0.5196850393700787,-0.24015748031496065
corrected_pos_dep,1d9d91f022351f06,"[""DEP_ccomp_rate_baixo"", ""POS_NOUN_rate_alto"", ""uppercaseRatio_baixo""]",validation,com_autor,723,17,94,0.13001383125864455,1,93,0.010638297872340425,0.02351313969571231,0.4524405506883604,-0.012874841823371884
corrected_pos_dep,1d9d91f022351f06,"[""DEP_ccomp_rate_baixo"", ""POS_NOUN_rate_alto"", ""uppercaseRatio_baixo""]",validation,sem_autor,717,703,33,0.04602510460251046,32,1,0.9696969696969697,0.9804741980474198,0.9890081469028839,-0.01077722835045003
corrected_pos_dep,1d9d91f022351f06,"[""DEP_ccomp_rate_baixo"", ""POS_NOUN_rate_alto"", ""uppercaseRatio_baixo""]",test,all,1440,720,128,0.08888888888888889,47,81,0.3671875,0.5,0.734375,-0.1328125
corrected_pos_dep,1d9d91f022351f06,"[""DEP_ccomp_rate_baixo"", ""POS_NOUN_rate_alto"", ""uppercaseRatio_baixo""]",test,com_autor,719,11,82,0.11404728789986092,1,81,0.012195121951219513,0.015299026425591099,0.7971175166297118,-0.0031039044743715865
corrected_pos_dep,1d9d91f022351f06,"[""DEP_ccomp_rate_baixo"", ""POS_NOUN_rate_alto"", ""uppercaseRatio_baixo""]",test,sem_autor,721,709,46,0.0638002773925104,46,0,1.0,0.9833564493758669,1.0169252468265162,0.01664355062413314
corrected_pos_dep,575ce0385139d6ce,"[""DEP_advcl_rate_baixo"", ""DEP_advmod_rate_baixo"", ""POS_PROPN_rate_alto""]",train,all,4320,2160,351,0.08125,125,226,0.3561253561253561,0.5,0.7122507122507122,-0.14387464387464388
corrected_pos_dep,575ce0385139d6ce,"[""DEP_advcl_rate_baixo"", ""DEP_advmod_rate_baixo"", ""POS_PROPN_rate_alto""]",train,com_autor,2157,44,223,0.1033843300880853,2,221,0.008968609865470852,0.020398701900788133,0.4396657154504688,-0.011430092035317281
corrected_pos_dep,575ce0385139d6ce,"[""DEP_advcl_rate_baixo"", ""DEP_advmod_rate_baixo"", ""POS_PROPN_rate_alto""]",train,sem_autor,2163,2116,128,0.05917706888580675,123,5,0.9609375,0.9782709200184928,0.9822815749054821,-0.017333420018492807
corrected_pos_dep,575ce0385139d6ce,"[""DEP_advcl_rate_baixo"", ""DEP_advmod_rate_baixo"", ""POS_PROPN_rate_alto""]",validation,all,1440,720,122,0.08472222222222223,34,88,0.2786885245901639,0.5,0.5573770491803278,-0.2213114754098361
corrected_pos_dep,575ce0385139d6ce,"[""DEP_advcl_rate_baixo"", ""DEP_advmod_rate_baixo"", ""POS_PROPN_rate_alto""]",validation,com_autor,723,17,85,0.11756569847856155,0,85,0.0,0.02351313969571231,0.0,-0.02351313969571231
corrected_pos_dep,575ce0385139d6ce,"[""DEP_advcl_rate_baixo"", ""DEP_advmod_rate_baixo"", ""POS_PROPN_rate_alto""]",validation,sem_autor,717,703,37,0.05160390516039052,34,3,0.918918918918919,0.9804741980474198,0.9372188689400639,-0.061555279128500784
corrected_pos_dep,575ce0385139d6ce,"[""DEP_advcl_rate_baixo"", ""DEP_advmod_rate_baixo"", ""POS_PROPN_rate_alto""]",test,all,1440,720,122,0.08472222222222223,44,78,0.36065573770491804,0.5,0.7213114754098361,-0.13934426229508196
corrected_pos_dep,575ce0385139d6ce,"[""DEP_advcl_rate_baixo"", ""DEP_advmod_rate_baixo"", ""POS_PROPN_rate_alto""]",test,com_autor,719,11,77,0.1070931849791377,0,77,0.0,0.015299026425591099,0.0,-0.015299026425591099
corrected_pos_dep,575ce0385139d6ce,"[""DEP_advcl_rate_baixo"", ""DEP_advmod_rate_baixo"", ""POS_PROPN_rate_alto""]",test,sem_autor,721,709,45,0.06241331484049931,44,1,0.9777777777777777,0.9833564493758669,0.9943269080081492,-0.005578671598089113
corrected_pos_dep,763262cc64de39a5,"[""DEP_advcl_rate_baixo"", ""POS_NOUN_rate_alto"", ""uppercaseRatio_baixo""]",train,all,4320,2160,353,0.08171296296296296,119,234,0.3371104815864023,0.5,0.6742209631728046,-0.16288951841359772
corrected_pos_dep,763262cc64de39a5,"[""DEP_advcl_rate_baixo"", ""POS_NOUN_rate_alto"", ""uppercaseRatio_baixo""]",train,com_autor,2157,44,229,0.1061659712563746,2,227,0.008733624454148471,0.020398701900788133,0.42814608971814205,-0.011665077446639662
corrected_pos_dep,763262cc64de39a5,"[""DEP_advcl_rate_baixo"", ""POS_NOUN_rate_alto"", ""uppercaseRatio_baixo""]",train,sem_autor,2163,2116,124,0.05732778548312529,117,7,0.9435483870967742,0.9782709200184928,0.9645062198914569,-0.03472253292171856
corrected_pos_dep,763262cc64de39a5,"[""DEP_advcl_rate_baixo"", ""POS_NOUN_rate_alto"", ""uppercaseRatio_baixo""]",validation,all,1440,720,109,0.07569444444444444,28,81,0.25688073394495414,0.5,0.5137614678899083,-0.24311926605504586
corrected_pos_dep,763262cc64de39a5,"[""DEP_advcl_rate_baixo"", ""POS_NOUN_rate_alto"", ""uppercaseRatio_baixo""]",validation,com_autor,723,17,79,0.10926694329183956,1,78,0.012658227848101266,0.02351313969571231,0.5383469843633656,-0.010854911847611044
corrected_pos_dep,763262cc64de39a5,"[""DEP_advcl_rate_baixo"", ""POS_NOUN_rate_alto"", ""uppercaseRatio_baixo""]",validation,sem_autor,717,703,30,0.04184100418410042,27,3,0.9,0.9804741980474198,0.9179231863442391,-0.08047419804741973
corrected_pos_dep,763262cc64de39a5,"[""DEP_advcl_rate_baixo"", ""POS_NOUN_rate_alto"", ""uppercaseRatio_baixo""]",test,all,1440,720,121,0.08402777777777778,39,82,0.32231404958677684,0.5,0.6446280991735537,-0.17768595041322316
corrected_pos_dep,763262cc64de39a5,"[""DEP_advcl_rate_baixo"", ""POS_NOUN_rate_alto"", ""uppercaseRatio_baixo""]",test,com_autor,719,11,83,0.11543810848400557,1,82,0.012048192771084338,0.015299026425591099,0.787513691128149,-0.003250833654506761
corrected_pos_dep,763262cc64de39a5,"[""DEP_advcl_rate_baixo"", ""POS_NOUN_rate_alto"", ""uppercaseRatio_baixo""]",test,sem_autor,721,709,38,0.052704576976421634,38,0,1.0,0.9833564493758669,1.0169252468265162,0.01664355062413314
corrected_pos_dep,33e3e1cab9946448,"[""DEP_advcl_rate_baixo"", ""DEP_amod_rate_alto"", ""uppercaseRatio_baixo""]",train,all,4320,2160,354,0.08194444444444444,148,206,0.4180790960451977,0.5,0.8361581920903954,-0.08192090395480228
corrected_pos_dep,33e3e1cab9946448,"[""DEP_advcl_rate_baixo"", ""DEP_amod_rate_alto"", ""uppercaseRatio_baixo""]",train,com_autor,2157,44,205,0.09503940658321743,4,201,0.01951219512195122,0.020398701900788133,0.956541019955654,-0.0008865067788369138
corrected_pos_dep,33e3e1cab9946448,"[""DEP_advcl_rate_baixo"", ""DEP_amod_rate_alto"", ""uppercaseRatio_baixo""]",train,sem_autor,2163,2116,149,0.06888580674988443,144,5,0.9664429530201343,0.9782709200184928,0.9879093135078216,-0.01182796699835853
corrected_pos_dep,33e3e1cab9946448,"[""DEP_advcl_rate_baixo"", ""DEP_amod_rate_alto"", ""uppercaseRatio_baixo""]",validation,all,1440,720,121,0.08402777777777778,54,67,0.4462809917355372,0.5,0.8925619834710744,-0.0537190082644628
corrected_pos_dep,33e3e1cab9946448,"[""DEP_advcl_rate_baixo"", ""DEP_amod_rate_alto"", ""uppercaseRatio_baixo""]",validation,com_autor,723,17,69,0.0954356846473029,3,66,0.043478260869565216,0.02351313969571231,1.8491048593350383,0.019965121173852907
corrected_pos_dep,33e3e1cab9946448,"[""DEP_advcl_rate_baixo"", ""DEP_amod_rate_alto"", ""uppercaseRatio_baixo""]",validation,sem_autor,717,703,52,0.07252440725244072,51,1,0.9807692307692307,0.9804741980474198,1.000300908195645,0.00029503272181097273
corrected_pos_dep,33e3e1cab9946448,"[""DEP_advcl_rate_baixo"", ""DEP_amod_rate_alto"", ""uppercaseRatio_baixo""]",test,all,1440,720,133,0.09236111111111112,61,72,0.45864661654135336,0.5,0.9172932330827067,-0.04135338345864664
corrected_pos_dep,33e3e1cab9946448,"[""DEP_advcl_rate_baixo"", ""DEP_amod_rate_alto"", ""uppercaseRatio_baixo""]",test,com_autor,719,11,75,0.1043115438108484,3,72,0.04,0.015299026425591099,2.6145454545454547,0.024700973574408903
corrected_pos_dep,33e3e1cab9946448,"[""DEP_advcl_rate_baixo"", ""DEP_amod_rate_alto"", ""uppercaseRatio_baixo""]",test,sem_autor,721,709,58,0.08044382801664356,58,0,1.0,0.9833564493758669,1.0169252468265162,0.01664355062413314
corrected_pos_dep,728cda3555ce072e,"[""POS_ADV_rate_alto"", ""uppercaseRatio_baixo""]",train,all,4320,2160,593,0.1372685185185185,349,244,0.5885328836424958,0.5,1.1770657672849916,0.08853288364249579
corrected_pos_dep,728cda3555ce072e,"[""POS_ADV_rate_alto"", ""uppercaseRatio_baixo""]",train,com_autor,2157,44,249,0.11543810848400557,8,241,0.0321285140562249,0.020398701900788133,1.5750273822562977,0.011729812155436763
corrected_pos_dep,728cda3555ce072e,"[""POS_ADV_rate_alto"", ""uppercaseRatio_baixo""]",train,sem_autor,2163,2116,344,0.15903837263060563,341,3,0.9912790697674418,0.9782709200184928,1.0132970831318415,0.013008149748949038
corrected_pos_dep,728cda3555ce072e,"[""POS_ADV_rate_alto"", ""uppercaseRatio_baixo""]",validation,all,1440,720,204,0.14166666666666666,119,85,0.5833333333333334,0.5,1.1666666666666667,0.08333333333333337
corrected_pos_dep,728cda3555ce072e,"[""POS_ADV_rate_alto"", ""uppercaseRatio_baixo""]",validation,com_autor,723,17,86,0.11894882434301521,1,85,0.011627906976744186,0.02351313969571231,0.4945280437756498,-0.011885232718968124
corrected_pos_dep,728cda3555ce072e,"[""POS_ADV_rate_alto"", ""uppercaseRatio_baixo""]",validation,sem_autor,717,703,118,0.16457461645746166,118,0,1.0,0.9804741980474198,1.0199146514935988,0.019525801952580246
corrected_pos_dep,728cda3555ce072e,"[""POS_ADV_rate_alto"", ""uppercaseRatio_baixo""]",test,all,1440,720,205,0.1423611111111111,125,80,0.6097560975609756,0.5,1.2195121951219512,0.1097560975609756
corrected_pos_dep,728cda3555ce072e,"[""POS_ADV_rate_alto"", ""uppercaseRatio_baixo""]",test,com_autor,719,11,82,0.11404728789986092,3,79,0.036585365853658534,0.015299026425591099,2.391352549889135,0.021286339428067437
corrected_pos_dep,728cda3555ce072e,"[""POS_ADV_rate_alto"", ""uppercaseRatio_baixo""]",test,sem_autor,721,709,123,0.17059639389736478,122,1,0.991869918699187,0.9833564493758669,1.0086575618929672,0.008513469323320089
corrected_pos_dep,27b247a1a578eb65,"[""DEP_advcl_rate_baixo"", ""DEP_ccomp_rate_baixo"", ""POS_NOUN_rate_alto""]",train,all,4320,2160,469,0.10856481481481481,155,314,0.3304904051172708,0.5,0.6609808102345416,-0.1695095948827292
corrected_pos_dep,27b247a1a578eb65,"[""DEP_advcl_rate_baixo"", ""DEP_ccomp_rate_baixo"", ""POS_NOUN_rate_alto""]",train,com_autor,2157,44,307,0.14232730644413538,3,304,0.009771986970684038,0.020398701900788133,0.4790494521764879,-0.010626714930104095
corrected_pos_dep,27b247a1a578eb65,"[""DEP_advcl_rate_baixo"", ""DEP_ccomp_rate_baixo"", ""POS_NOUN_rate_alto""]",train,sem_autor,2163,2116,162,0.07489597780859916,152,10,0.9382716049382716,0.9782709200184928,0.9591122313239515,-0.039999315080221254
corrected_pos_dep,27b247a1a578eb65,"[""DEP_advcl_rate_baixo"", ""DEP_ccomp_rate_baixo"", ""POS_NOUN_rate_alto""]",validation,all,1440,720,148,0.10277777777777777,45,103,0.30405405405405406,0.5,0.6081081081081081,-0.19594594594594594
corrected_pos_dep,27b247a1a578eb65,"[""DEP_advcl_rate_baixo"", ""DEP_ccomp_rate_baixo"", ""POS_NOUN_rate_alto""]",validation,com_autor,723,17,103,0.14246196403872752,1,102,0.009708737864077669,0.02351313969571231,0.41290691033695026,-0.01380440183163464
corrected_pos_dep,27b247a1a578eb65,"[""DEP_advcl_rate_baixo"", ""DEP_ccomp_rate_baixo"", ""POS_NOUN_rate_alto""]",validation,sem_autor,717,703,45,0.06276150627615062,44,1,0.9777777777777777,0.9804741980474198,0.9972498814604078,-0.002696420269642008
corrected_pos_dep,27b247a1a578eb65,"[""DEP_advcl_rate_baixo"", ""DEP_ccomp_rate_baixo"", ""POS_NOUN_rate_alto""]",test,all,1440,720,164,0.11388888888888889,53,111,0.3231707317073171,0.5,0.6463414634146342,-0.17682926829268292
corrected_pos_dep,27b247a1a578eb65,"[""DEP_advcl_rate_baixo"", ""DEP_ccomp_rate_baixo"", ""POS_NOUN_rate_alto""]",test,com_autor,719,11,111,0.15438108484005564,1,110,0.009009009009009009,0.015299026425591099,0.5888615888615888,-0.00629001741658209
corrected_pos_dep,27b247a1a578eb65,"[""DEP_advcl_rate_baixo"", ""DEP_ccomp_rate_baixo"", ""POS_NOUN_rate_alto""]",test,sem_autor,721,709,53,0.07350901525658807,52,1,0.9811320754716981,0.9833564493758669,0.9977379780184688,-0.0022243739041687416
corrected_pos_dep,40dd9a8492f4c354,"[""DEP_advcl_rate_baixo"", ""DEP_ccomp_rate_baixo"", ""POS_PROPN_rate_alto""]",train,all,4320,2160,465,0.1076388888888889,223,242,0.47956989247311826,0.5,0.9591397849462365,-0.020430107526881736
corrected_pos_dep,40dd9a8492f4c354,"[""DEP_advcl_rate_baixo"", ""DEP_ccomp_rate_baixo"", ""POS_PROPN_rate_alto""]",train,com_autor,2157,44,237,0.10987482614742698,4,233,0.016877637130801686,0.020398701900788133,0.8273878020713462,-0.003521064769986447
corrected_pos_dep,40dd9a8492f4c354,"[""DEP_advcl_rate_baixo"", ""DEP_ccomp_rate_baixo"", ""POS_PROPN_rate_alto""]",train,sem_autor,2163,2116,228,0.10540915395284327,219,9,0.9605263157894737,0.9782709200184928,0.9818612575863098,-0.017744604229019134
corrected_pos_dep,40dd9a8492f4c354,"[""DEP_advcl_rate_baixo"", ""DEP_ccomp_rate_baixo"", ""POS_PROPN_rate_alto""]",validation,all,1440,720,169,0.11736111111111111,70,99,0.41420118343195267,0.5,0.8284023668639053,-0.08579881656804733
corrected_pos_dep,40dd9a8492f4c354,"[""DEP_advcl_rate_baixo"", ""DEP_ccomp_rate_baixo"", ""POS_PROPN_rate_alto""]",validation,com_autor,723,17,96,0.13278008298755187,1,95,0.010416666666666666,0.02351313969571231,0.4430147058823529,-0.013096473029045643
corrected_pos_dep,40dd9a8492f4c354,"[""DEP_advcl_rate_baixo"", ""DEP_ccomp_rate_baixo"", ""POS_PROPN_rate_alto""]",validation,sem_autor,717,703,73,0.10181311018131102,69,4,0.9452054794520548,0.9804741980474198,0.9640289171651826,-0.035268718595364956
corrected_pos_dep,40dd9a8492f4c354,"[""DEP_advcl_rate_baixo"", ""DEP_ccomp_rate_baixo"", ""POS_PROPN_rate_alto""]",test,all,1440,720,149,0.10347222222222222,65,84,0.436241610738255,0.5,0.87248322147651,-0.06375838926174499
corrected_pos_dep,40dd9a8492f4c354,"[""DEP_advcl_rate_baixo"", ""DEP_ccomp_rate_baixo"", ""POS_PROPN_rate_alto""]",test,com_autor,719,11,83,0.11543810848400557,1,82,0.012048192771084338,0.015299026425591099,0.787513691128149,-0.003250833654506761
corrected_pos_dep,40dd9a8492f4c354,"[""DEP_advcl_rate_baixo"", ""DEP_ccomp_rate_baixo"", ""POS_PROPN_rate_alto""]",test,sem_autor,721,709,66,0.09153952843273232,64,2,0.9696969696969697,0.9833564493758669,0.9861093302560158,-0.013659479678897135
corrected_pos_dep,b38b5fa88b863fa5,"[""DEP_ccomp_rate_baixo"", ""POS_NOUN_rate_alto""]",train,all,4320,2160,729,0.16875,246,483,0.3374485596707819,0.5,0.6748971193415638,-0.1625514403292181
corrected_pos_dep,b38b5fa88b863fa5,"[""DEP_ccomp_rate_baixo"", ""POS_NOUN_rate_alto""]",train,com_autor,2157,44,475,0.22021325915623552,5,470,0.010526315789473684,0.020398701900788133,0.5160287081339713,-0.00987238611131445
corrected_pos_dep,b38b5fa88b863fa5,"[""DEP_ccomp_rate_baixo"", ""POS_NOUN_rate_alto""]",train,sem_autor,2163,2116,254,0.11742949607027277,241,13,0.9488188976377953,0.9782709200184928,0.9698937975380677,-0.02945202238069755
corrected_pos_dep,b38b5fa88b863fa5,"[""DEP_ccomp_rate_baixo"", ""POS_NOUN_rate_alto""]",validation,all,1440,720,239,0.16597222222222222,75,164,0.3138075313807531,0.5,0.6276150627615062,-0.18619246861924688
corrected_pos_dep,b38b5fa88b863fa5,"[""DEP_ccomp_rate_baixo"", ""POS_NOUN_rate_alto""]",validation,com_autor,723,17,165,0.22821576763485477,2,163,0.012121212121212121,0.02351313969571231,0.5155080213903743,-0.011391927574500188
corrected_pos_dep,b38b5fa88b863fa5,"[""DEP_ccomp_rate_baixo"", ""POS_NOUN_rate_alto""]",validation,sem_autor,717,703,74,0.10320781032078104,73,1,0.9864864864864865,0.9804741980474198,1.0061320210680098,0.00601228843906676
corrected_pos_dep,b38b5fa88b863fa5,"[""DEP_ccomp_rate_baixo"", ""POS_NOUN_rate_alto""]",test,all,1440,720,233,0.16180555555555556,82,151,0.351931330472103,0.5,0.703862660944206,-0.148068669527897
corrected_pos_dep,b38b5fa88b863fa5,"[""DEP_ccomp_rate_baixo"", ""POS_NOUN_rate_alto""]",test,com_autor,719,11,151,0.21001390820584145,1,150,0.006622516556291391,0.015299026425591099,0.4328717639975918,-0.008676509869299708
corrected_pos_dep,b38b5fa88b863fa5,"[""DEP_ccomp_rate_baixo"", ""POS_NOUN_rate_alto""]",test,sem_autor,721,709,82,0.11373092926490985,81,1,0.9878048780487805,0.9833564493758669,1.004523719426193,0.004448428672913618
corrected_pos_dep,b1ddd811a80b22c1,"[""DEP_advcl_rate_baixo"", ""POS_PROPN_rate_alto""]",train,all,4320,2160,712,0.1648148148148148,334,378,0.4691011235955056,0.5,0.9382022471910112,-0.030898876404494402
corrected_pos_dep,b1ddd811a80b22c1,"[""DEP_advcl_rate_baixo"", ""POS_PROPN_rate_alto""]",train,com_autor,2157,44,372,0.17246175243393602,4,368,0.010752688172043012,0.020398701900788133,0.5271260997067448,-0.009646013728745122
corrected_pos_dep,b1ddd811a80b22c1,"[""DEP_advcl_rate_baixo"", ""POS_PROPN_rate_alto""]",train,sem_autor,2163,2116,340,0.15718908922792418,330,10,0.9705882352941176,0.9782709200184928,0.992146669631936,-0.007682684724375166
corrected_pos_dep,b1ddd811a80b22c1,"[""DEP_advcl_rate_baixo"", ""POS_PROPN_rate_alto""]",validation,all,1440,720,253,0.17569444444444443,107,146,0.42292490118577075,0.5,0.8458498023715415,-0.07707509881422925
corrected_pos_dep,b1ddd811a80b22c1,"[""DEP_advcl_rate_baixo"", ""POS_PROPN_rate_alto""]",validation,com_autor,723,17,140,0.19363762102351315,1,139,0.007142857142857143,0.02351313969571231,0.303781512605042,-0.016370282552855168
corrected_pos_dep,b1ddd811a80b22c1,"[""DEP_advcl_rate_baixo"", ""POS_PROPN_rate_alto""]",validation,sem_autor,717,703,113,0.15760111576011157,106,7,0.9380530973451328,0.9804741980474198,0.9567340978612521,-0.042421100702286996
corrected_pos_dep,b1ddd811a80b22c1,"[""DEP_advcl_rate_baixo"", ""POS_PROPN_rate_alto""]",test,all,1440,720,234,0.1625,101,133,0.43162393162393164,0.5,0.8632478632478633,-0.06837606837606836
corrected_pos_dep,b1ddd811a80b22c1,"[""DEP_advcl_rate_baixo"", ""POS_PROPN_rate_alto""]",test,com_autor,719,11,132,0.1835883171070932,1,131,0.007575757575757576,0.015299026425591099,0.4951790633608815,-0.007723268849833523
corrected_pos_dep,b1ddd811a80b22c1,"[""DEP_advcl_rate_baixo"", ""POS_PROPN_rate_alto""]",test,sem_autor,721,709,102,0.14147018030513175,100,2,0.9803921568627451,0.9833564493758669,0.9969855361044276,-0.0029642925131218023
corrected_pos_dep,757b92cfcc314eba,"[""DEP_amod_rate_alto"", ""DEP_ccomp_rate_baixo""]",train,all,4320,2160,765,0.17708333333333334,327,438,0.42745098039215684,0.5,0.8549019607843137,-0.07254901960784316
corrected_pos_dep,757b92cfcc314eba,"[""DEP_amod_rate_alto"", ""DEP_ccomp_rate_baixo""]",train,com_autor,2157,44,440,0.20398701900788133,9,431,0.020454545454545454,0.020398701900788133,1.002737603305785,5.584355375732111e-05
corrected_pos_dep,757b92cfcc314eba,"[""DEP_amod_rate_alto"", ""DEP_ccomp_rate_baixo""]",train,sem_autor,2163,2116,325,0.1502542764678687,318,7,0.9784615384615385,0.9782709200184928,1.0001948524065727,0.00019061844304568698
corrected_pos_dep,757b92cfcc314eba,"[""DEP_amod_rate_alto"", ""DEP_ccomp_rate_baixo""]",validation,all,1440,720,251,0.17430555555555555,116,135,0.46215139442231074,0.5,0.9243027888446215,-0.037848605577689265
corrected_pos_dep,757b92cfcc314eba,"[""DEP_amod_rate_alto"", ""DEP_ccomp_rate_baixo""]",validation,com_autor,723,17,136,0.18810511756569848,3,133,0.022058823529411766,0.02351313969571231,0.9381487889273357,-0.0014543161663005434
corrected_pos_dep,757b92cfcc314eba,"[""DEP_amod_rate_alto"", ""DEP_ccomp_rate_baixo""]",validation,sem_autor,717,703,115,0.1603905160390516,113,2,0.9826086956521739,0.9804741980474198,1.0021770053806667,0.0021344976047541486
corrected_pos_dep,757b92cfcc314eba,"[""DEP_amod_rate_alto"", ""DEP_ccomp_rate_baixo""]",test,all,1440,720,243,0.16875,108,135,0.4444444444444444,0.5,0.8888888888888888,-0.05555555555555558
corrected_pos_dep,757b92cfcc314eba,"[""DEP_amod_rate_alto"", ""DEP_ccomp_rate_baixo""]",test,com_autor,719,11,137,0.1905424200278164,4,133,0.029197080291970802,0.015299026425591099,1.9084273390842732,0.013898053866379703
corrected_pos_dep,757b92cfcc314eba,"[""DEP_amod_rate_alto"", ""DEP_ccomp_rate_baixo""]",test,sem_autor,721,709,106,0.14701803051317613,104,2,0.9811320754716981,0.9833564493758669,0.9977379780184688,-0.0022243739041687416
corrected_pos_dep,f7b0aa33cc43f2f9,"[""DEP_advcl_rate_baixo"", ""DEP_ccomp_rate_baixo"", ""POS_ADV_rate_baixo""]",train,all,4320,2160,516,0.11944444444444445,186,330,0.36046511627906974,0.5,0.7209302325581395,-0.13953488372093026
corrected_pos_dep,f7b0aa33cc43f2f9,"[""DEP_advcl_rate_baixo"", ""DEP_ccomp_rate_baixo"", ""POS_ADV_rate_baixo""]",train,com_autor,2157,44,325,0.15067222994900326,3,322,0.009230769230769232,0.020398701900788133,0.4525174825174825,-0.011167932670018902
corrected_pos_dep,f7b0aa33cc43f2f9,"[""DEP_advcl_rate_baixo"", ""DEP_ccomp_rate_baixo"", ""POS_ADV_rate_baixo""]",train,sem_autor,2163,2116,191,0.08830328247803976,183,8,0.9581151832460733,0.9782709200184928,0.9793965696414255,-0.020155736772419552
corrected_pos_dep,f7b0aa33cc43f2f9,"[""DEP_advcl_rate_baixo"", ""DEP_ccomp_rate_baixo"", ""POS_ADV_rate_baixo""]",validation,all,1440,720,168,0.11666666666666667,54,114,0.32142857142857145,0.5,0.6428571428571429,-0.17857142857142855
corrected_pos_dep,f7b0aa33cc43f2f9,"[""DEP_advcl_rate_baixo"", ""DEP_ccomp_rate_baixo"", ""POS_ADV_rate_baixo""]",validation,com_autor,723,17,115,0.1590594744121715,4,111,0.034782608695652174,0.02351313969571231,1.4792838874680307,0.011269468999939865
corrected_pos_dep,f7b0aa33cc43f2f9,"[""DEP_advcl_rate_baixo"", ""DEP_ccomp_rate_baixo"", ""POS_ADV_rate_baixo""]",validation,sem_autor,717,703,53,0.07391910739191074,50,3,0.9433962264150944,0.9804741980474198,0.9621836334845273,-0.0370779716323254
corrected_pos_dep,f7b0aa33cc43f2f9,"[""DEP_advcl_rate_baixo"", ""DEP_ccomp_rate_baixo"", ""POS_ADV_rate_baixo""]",test,all,1440,720,186,0.12916666666666668,71,115,0.3817204301075269,0.5,0.7634408602150538,-0.11827956989247312
corrected_pos_dep,f7b0aa33cc43f2f9,"[""DEP_advcl_rate_baixo"", ""DEP_ccomp_rate_baixo"", ""POS_ADV_rate_baixo""]",test,com_autor,719,11,116,0.16133518776077885,1,115,0.008620689655172414,0.015299026425591099,0.5634796238244514,-0.0066783367704186854
corrected_pos_dep,f7b0aa33cc43f2f9,"[""DEP_advcl_rate_baixo"", ""DEP_ccomp_rate_baixo"", ""POS_ADV_rate_baixo""]",test,sem_autor,721,709,70,0.0970873786407767,70,0,1.0,0.9833564493758669,1.0169252468265162,0.01664355062413314
corrected_pos_dep,a8b38a97f77d9f53,"[""DEP_advcl_rate_baixo"", ""DEP_ccomp_rate_baixo"", ""diversidade_baixo""]",train,all,4320,2160,408,0.09444444444444444,228,180,0.5588235294117647,0.5,1.1176470588235294,0.05882352941176472
corrected_pos_dep,a8b38a97f77d9f53,"[""DEP_advcl_rate_baixo"", ""DEP_ccomp_rate_baixo"", ""diversidade_baixo""]",train,com_autor,2157,44,177,0.08205841446453407,2,175,0.011299435028248588,0.020398701900788133,0.5539291217257318,-0.009099266872539546
corrected_pos_dep,a8b38a97f77d9f53,"[""DEP_advcl_rate_baixo"", ""DEP_ccomp_rate_baixo"", ""diversidade_baixo""]",train,sem_autor,2163,2116,231,0.10679611650485436,226,5,0.9783549783549783,0.9782709200184928,1.0000859254167382,8.405833648550409e-05
corrected_pos_dep,a8b38a97f77d9f53,"[""DEP_advcl_rate_baixo"", ""DEP_ccomp_rate_baixo"", ""diversidade_baixo""]",validation,all,1440,720,150,0.10416666666666667,77,73,0.5133333333333333,0.5,1.0266666666666666,0.013333333333333308
corrected_pos_dep,a8b38a97f77d9f53,"[""DEP_advcl_rate_baixo"", ""DEP_ccomp_rate_baixo"", ""diversidade_baixo""]",validation,com_autor,723,17,76,0.10511756569847856,6,70,0.07894736842105263,0.02351313969571231,3.357585139318885,0.05543422872534032
corrected_pos_dep,a8b38a97f77d9f53,"[""DEP_advcl_rate_baixo"", ""DEP_ccomp_rate_baixo"", ""diversidade_baixo""]",validation,sem_autor,717,703,74,0.10320781032078104,71,3,0.9594594594594594,0.9804741980474198,0.9785667602168313,-0.021014738587960324
corrected_pos_dep,a8b38a97f77d9f53,"[""DEP_advcl_rate_baixo"", ""DEP_ccomp_rate_baixo"", ""diversidade_baixo""]",test,all,1440,720,136,0.09444444444444444,81,55,0.5955882352941176,0.5,1.1911764705882353,0.09558823529411764
corrected_pos_dep,a8b38a97f77d9f53,"[""DEP_advcl_rate_baixo"", ""DEP_ccomp_rate_baixo"", ""diversidade_baixo""]",test,com_autor,719,11,55,0.07649513212795549,2,53,0.03636363636363636,0.015299026425591099,2.376859504132231,0.021064609938045264
corrected_pos_dep,a8b38a97f77d9f53,"[""DEP_advcl_rate_baixo"", ""DEP_ccomp_rate_baixo"", ""diversidade_baixo""]",test,sem_autor,721,709,81,0.11234396671289876,79,2,0.9753086419753086,0.9833564493758669,0.991815981472775,-0.008047807400558216
corrected_pos_dep,77f301ed9e033fa3,"[""DEP_advcl_rate_baixo"", ""DEP_amod_rate_alto"", ""DEP_ccomp_rate_baixo""]",train,all,4320,2160,460,0.10648148148148148,177,283,0.3847826086956522,0.5,0.7695652173913043,-0.11521739130434783
corrected_pos_dep,77f301ed9e033fa3,"[""DEP_advcl_rate_baixo"", ""DEP_amod_rate_alto"", ""DEP_ccomp_rate_baixo""]",train,com_autor,2157,44,278,0.12888270746407046,2,276,0.007194244604316547,0.020398701900788133,0.3526814911706998,-0.013204457296471586
corrected_pos_dep,77f301ed9e033fa3,"[""DEP_advcl_rate_baixo"", ""DEP_amod_rate_alto"", ""DEP_ccomp_rate_baixo""]",train,sem_autor,2163,2116,182,0.08414239482200647,175,7,0.9615384615384616,0.9782709200184928,0.982895884833503,-0.016732458480031243
corrected_pos_dep,77f301ed9e033fa3,"[""DEP_advcl_rate_baixo"", ""DEP_amod_rate_alto"", ""DEP_ccomp_rate_baixo""]",validation,all,1440,720,147,0.10208333333333333,66,81,0.4489795918367347,0.5,0.8979591836734694,-0.05102040816326531
corrected_pos_dep,77f301ed9e033fa3,"[""DEP_advcl_rate_baixo"", ""DEP_amod_rate_alto"", ""DEP_ccomp_rate_baixo""]",validation,com_autor,723,17,82,0.11341632088520055,3,79,0.036585365853658534,0.02351313969571231,1.5559540889526542,0.013072226157946225
corrected_pos_dep,77f301ed9e033fa3,"[""DEP_advcl_rate_baixo"", ""DEP_amod_rate_alto"", ""DEP_ccomp_rate_baixo""]",validation,sem_autor,717,703,65,0.09065550906555091,63,2,0.9692307692307692,0.9804741980474198,0.9885326622168727,-0.011243428816650525
corrected_pos_dep,77f301ed9e033fa3,"[""DEP_advcl_rate_baixo"", ""DEP_amod_rate_alto"", ""DEP_ccomp_rate_baixo""]",test,all,1440,720,156,0.10833333333333334,64,92,0.41025641025641024,0.5,0.8205128205128205,-0.08974358974358976
corrected_pos_dep,77f301ed9e033fa3,"[""DEP_advcl_rate_baixo"", ""DEP_amod_rate_alto"", ""DEP_ccomp_rate_baixo""]",test,com_autor,719,11,94,0.13073713490959665,3,91,0.031914893617021274,0.015299026425591099,2.086073500967118,0.016615867191430177
corrected_pos_dep,77f301ed9e033fa3,"[""DEP_advcl_rate_baixo"", ""DEP_amod_rate_alto"", ""DEP_ccomp_rate_baixo""]",test,sem_autor,721,709,62,0.08599167822468794,61,1,0.9838709677419355,0.9833564493758669,1.000523226716411,0.0005145183660686392
corrected_pos_dep,41a962e4c89259b1,"[""DEP_advcl_rate_baixo"", ""DEP_advmod_rate_baixo"", ""DEP_ccomp_rate_baixo""]",train,all,4320,2160,560,0.12962962962962962,204,356,0.36428571428571427,0.5,0.7285714285714285,-0.13571428571428573
corrected_pos_dep,41a962e4c89259b1,"[""DEP_advcl_rate_baixo"", ""DEP_advmod_rate_baixo"", ""DEP_ccomp_rate_baixo""]",train,com_autor,2157,44,348,0.16133518776077885,4,344,0.011494252873563218,0.020398701900788133,0.5634796238244514,-0.008904449027224915
corrected_pos_dep,41a962e4c89259b1,"[""DEP_advcl_rate_baixo"", ""DEP_advmod_rate_baixo"", ""DEP_ccomp_rate_baixo""]",train,sem_autor,2163,2116,212,0.09801202034211742,200,12,0.9433962264150944,0.9782709200184928,0.964350679459286,-0.034874693603398454
corrected_pos_dep,41a962e4c89259b1,"[""DEP_advcl_rate_baixo"", ""DEP_advmod_rate_baixo"", ""DEP_ccomp_rate_baixo""]",validation,all,1440,720,184,0.12777777777777777,60,124,0.32608695652173914,0.5,0.6521739130434783,-0.17391304347826086
corrected_pos_dep,41a962e4c89259b1,"[""DEP_advcl_rate_baixo"", ""DEP_advmod_rate_baixo"", ""DEP_ccomp_rate_baixo""]",validation,com_autor,723,17,125,0.17289073305670816,4,121,0.032,0.02351313969571231,1.3609411764705883,0.008486860304287691
corrected_pos_dep,41a962e4c89259b1,"[""DEP_advcl_rate_baixo"", ""DEP_advmod_rate_baixo"", ""DEP_ccomp_rate_baixo""]",validation,sem_autor,717,703,59,0.08228730822873083,56,3,0.9491525423728814,0.9804741980474198,0.9680545844685007,-0.03132165567453837
corrected_pos_dep,41a962e4c89259b1,"[""DEP_advcl_rate_baixo"", ""DEP_advmod_rate_baixo"", ""DEP_ccomp_rate_baixo""]",test,all,1440,720,193,0.13402777777777777,75,118,0.38860103626943004,0.5,0.7772020725388601,-0.11139896373056996
corrected_pos_dep,41a962e4c89259b1,"[""DEP_advcl_rate_baixo"", ""DEP_advmod_rate_baixo"", ""DEP_ccomp_rate_baixo""]",test,com_autor,719,11,118,0.16411682892906815,1,117,0.00847457627118644,0.015299026425591099,0.5539291217257318,-0.0068244501544046585
corrected_pos_dep,41a962e4c89259b1,"[""DEP_advcl_rate_baixo"", ""DEP_advmod_rate_baixo"", ""DEP_ccomp_rate_baixo""]",test,sem_autor,721,709,75,0.10402219140083217,74,1,0.9866666666666667,0.9833564493758669,1.003366243535496,0.003310217290799833
corrected_pos_dep,0be090b950f3161d,"[""DEP_advcl_rate_baixo"", ""POS_ADV_rate_baixo""]",train,all,4320,2160,820,0.18981481481481483,306,514,0.37317073170731707,0.5,0.7463414634146341,-0.12682926829268293
corrected_pos_dep,0be090b950f3161d,"[""DEP_advcl_rate_baixo"", ""POS_ADV_rate_baixo""]",train,com_autor,2157,44,507,0.23504867872044508,3,504,0.005917159763313609,0.020398701900788133,0.2900753093060785,-0.014481542137474525
corrected_pos_dep,0be090b950f3161d,"[""DEP_advcl_rate_baixo"", ""POS_ADV_rate_baixo""]",train,sem_autor,2163,2116,313,0.14470642625982433,303,10,0.9680511182108626,0.9782709200184928,0.989553198813845,-0.010219801807630158
corrected_pos_dep,0be090b950f3161d,"[""DEP_advcl_rate_baixo"", ""POS_ADV_rate_baixo""]",validation,all,1440,720,269,0.18680555555555556,91,178,0.3382899628252788,0.5,0.6765799256505576,-0.1617100371747212
corrected_pos_dep,0be090b950f3161d,"[""DEP_advcl_rate_baixo"", ""POS_ADV_rate_baixo""]",validation,com_autor,723,17,179,0.2475795297372061,6,173,0.0335195530726257,0.02351313969571231,1.4255668747946106,0.010006413376913388
corrected_pos_dep,0be090b950f3161d,"[""DEP_advcl_rate_baixo"", ""POS_ADV_rate_baixo""]",validation,sem_autor,717,703,90,0.12552301255230125,85,5,0.9444444444444444,0.9804741980474198,0.9632527264106212,-0.036029753602975334
corrected_pos_dep,0be090b950f3161d,"[""DEP_advcl_rate_baixo"", ""POS_ADV_rate_baixo""]",test,all,1440,720,294,0.20416666666666666,101,193,0.3435374149659864,0.5,0.6870748299319728,-0.1564625850340136
corrected_pos_dep,0be090b950f3161d,"[""DEP_advcl_rate_baixo"", ""POS_ADV_rate_baixo""]",test,com_autor,719,11,193,0.26842837273991654,1,192,0.0051813471502590676,0.015299026425591099,0.33867169100329725,-0.010117679275332032
corrected_pos_dep,0be090b950f3161d,"[""DEP_advcl_rate_baixo"", ""POS_ADV_rate_baixo""]",test,sem_autor,721,709,101,0.14008321775312066,100,1,0.9900990099009901,0.9833564493758669,1.0068566800262537,0.006742560525123231
corrected_pos_dep,e31526165276094c,"[""DEP_ccomp_rate_baixo"", ""POS_ADJ_rate_alto""]",train,all,4320,2160,705,0.16319444444444445,314,391,0.4453900709219858,0.5,0.8907801418439716,-0.05460992907801421
corrected_pos_dep,e31526165276094c,"[""DEP_ccomp_rate_baixo"", ""POS_ADJ_rate_alto""]",train,com_autor,2157,44,393,0.18219749652294853,8,385,0.020356234096692113,0.020398701900788133,0.9979181124219292,-4.246780409601983e-05
corrected_pos_dep,e31526165276094c,"[""DEP_ccomp_rate_baixo"", ""POS_ADJ_rate_alto""]",train,sem_autor,2163,2116,312,0.14424410540915394,306,6,0.9807692307692307,0.9782709200184928,1.002553802530173,0.00249831075073792
corrected_pos_dep,e31526165276094c,"[""DEP_ccomp_rate_baixo"", ""POS_ADJ_rate_alto""]",validation,all,1440,720,228,0.15833333333333333,106,122,0.4649122807017544,0.5,0.9298245614035088,-0.03508771929824561
corrected_pos_dep,e31526165276094c,"[""DEP_ccomp_rate_baixo"", ""POS_ADJ_rate_alto""]",validation,com_autor,723,17,122,0.16874135546334718,2,120,0.01639344262295082,0.02351313969571231,0.6972034715525555,-0.007119697072761489
corrected_pos_dep,e31526165276094c,"[""DEP_ccomp_rate_baixo"", ""POS_ADJ_rate_alto""]",validation,sem_autor,717,703,106,0.14783821478382148,104,2,0.9811320754716981,0.9804741980474198,1.0006709788239083,0.0006578774242783636
corrected_pos_dep,e31526165276094c,"[""DEP_ccomp_rate_baixo"", ""POS_ADJ_rate_alto""]",test,all,1440,720,232,0.16111111111111112,101,131,0.4353448275862069,0.5,0.8706896551724138,-0.0646551724137931
corrected_pos_dep,e31526165276094c,"[""DEP_ccomp_rate_baixo"", ""POS_ADJ_rate_alto""]",test,com_autor,719,11,132,0.1835883171070932,3,129,0.022727272727272728,0.015299026425591099,1.4855371900826446,0.007428246301681629
corrected_pos_dep,e31526165276094c,"[""DEP_ccomp_rate_baixo"", ""POS_ADJ_rate_alto""]",test,sem_autor,721,709,100,0.13869625520110956,98,2,0.98,0.9833564493758669,0.9965867418899859,-0.0033564493758668767
corrected_pos_dep,2d6fe5ae264a81c1,"[""DEP_advcl_rate_baixo"", ""diversidade_baixo""]",train,all,4320,2160,696,0.16111111111111112,408,288,0.5862068965517241,0.5,1.1724137931034482,0.08620689655172409
corrected_pos_dep,2d6fe5ae264a81c1,"[""DEP_advcl_rate_baixo"", ""diversidade_baixo""]",train,com_autor,2157,44,287,0.1330551692165044,6,281,0.020905923344947737,0.020398701900788133,1.024865378523915,0.0005072214441596036
corrected_pos_dep,2d6fe5ae264a81c1,"[""DEP_advcl_rate_baixo"", ""diversidade_baixo""]",train,sem_autor,2163,2116,409,0.18908922792417937,402,7,0.9828850855745721,0.9782709200184928,1.0047166541104913,0.004614165556079297
corrected_pos_dep,2d6fe5ae264a81c1,"[""DEP_advcl_rate_baixo"", ""diversidade_baixo""]",validation,all,1440,720,225,0.15625,124,101,0.5511111111111111,0.5,1.1022222222222222,0.05111111111111111
corrected_pos_dep,2d6fe5ae264a81c1,"[""DEP_advcl_rate_baixo"", ""diversidade_baixo""]",validation,com_autor,723,17,104,0.14384508990318118,8,96,0.07692307692307693,0.02351313969571231,3.2714932126696836,0.05340993722736462
corrected_pos_dep,2d6fe5ae264a81c1,"[""DEP_advcl_rate_baixo"", ""diversidade_baixo""]",validation,sem_autor,717,703,121,0.16875871687587168,116,5,0.9586776859504132,0.9804741980474198,0.9777694179608056,-0.021796512097006504
corrected_pos_dep,2d6fe5ae264a81c1,"[""DEP_advcl_rate_baixo"", ""diversidade_baixo""]",test,all,1440,720,220,0.1527777777777778,127,93,0.5772727272727273,0.5,1.1545454545454545,0.07727272727272727
corrected_pos_dep,2d6fe5ae264a81c1,"[""DEP_advcl_rate_baixo"", ""diversidade_baixo""]",test,com_autor,719,11,93,0.12934631432545202,3,90,0.03225806451612903,0.015299026425591099,2.1085043988269794,0.016959038090537934
corrected_pos_dep,2d6fe5ae264a81c1,"[""DEP_advcl_rate_baixo"", ""diversidade_baixo""]",test,sem_autor,721,709,127,0.17614424410540916,124,3,0.9763779527559056,0.9833564493758669,0.9929033906022678,-0.006978496619961305
corrected_pos_dep,72a1ffe031c3c355,"[""DEP_advcl_rate_baixo"", ""DEP_ccomp_rate_baixo"", ""POS_ADJ_rate_alto""]",train,all,4320,2160,429,0.09930555555555555,173,256,0.40326340326340326,0.5,0.8065268065268065,-0.09673659673659674
corrected_pos_dep,72a1ffe031c3c355,"[""DEP_advcl_rate_baixo"", ""DEP_ccomp_rate_baixo"", ""POS_ADJ_rate_alto""]",train,com_autor,2157,44,253,0.11729253592953176,3,250,0.011857707509881422,0.020398701900788133,0.581297161336687,-0.008540994390906711
corrected_pos_dep,72a1ffe031c3c355,"[""DEP_advcl_rate_baixo"", ""DEP_ccomp_rate_baixo"", ""POS_ADJ_rate_alto""]",train,sem_autor,2163,2116,176,0.08136846971798428,170,6,0.9659090909090909,0.9782709200184928,0.987363593400928,-0.012361829109401867
corrected_pos_dep,72a1ffe031c3c355,"[""DEP_advcl_rate_baixo"", ""DEP_ccomp_rate_baixo"", ""POS_ADJ_rate_alto""]",validation,all,1440,720,138,0.09583333333333334,61,77,0.4420289855072464,0.5,0.8840579710144928,-0.0579710144927536
corrected_pos_dep,72a1ffe031c3c355,"[""DEP_advcl_rate_baixo"", ""DEP_ccomp_rate_baixo"", ""POS_ADJ_rate_alto""]",validation,com_autor,723,17,77,0.10650069156293222,2,75,0.025974025974025976,0.02351313969571231,1.1046600458365166,0.002460886278313666
corrected_pos_dep,72a1ffe031c3c355,"[""DEP_advcl_rate_baixo"", ""DEP_ccomp_rate_baixo"", ""POS_ADJ_rate_alto""]",validation,sem_autor,717,703,61,0.08507670850767085,59,2,0.9672131147540983,0.9804741980474198,0.9864748268544645,-0.01326108329332143
corrected_pos_dep,72a1ffe031c3c355,"[""DEP_advcl_rate_baixo"", ""DEP_ccomp_rate_baixo"", ""POS_ADJ_rate_alto""]",test,all,1440,720,148,0.10277777777777777,59,89,0.39864864864864863,0.5,0.7972972972972973,-0.10135135135135137
corrected_pos_dep,72a1ffe031c3c355,"[""DEP_advcl_rate_baixo"", ""DEP_ccomp_rate_baixo"", ""POS_ADJ_rate_alto""]",test,com_autor,719,11,90,0.12517385257301808,2,88,0.022222222222222223,0.015299026425591099,1.4525252525252526,0.006923195796631124
corrected_pos_dep,72a1ffe031c3c355,"[""DEP_advcl_rate_baixo"", ""DEP_ccomp_rate_baixo"", ""POS_ADJ_rate_alto""]",test,sem_autor,721,709,58,0.08044382801664356,57,1,0.9827586206896551,0.9833564493758669,0.9993920529157142,-0.000597828686211721
corrected_pos_dep,f44ef52cb2f0f370,"[""DEP_advcl_rate_baixo"", ""DEP_advmod_rate_baixo"", ""POS_PRON_rate_baixo""]",train,all,4320,2160,356,0.0824074074074074,130,226,0.3651685393258427,0.5,0.7303370786516854,-0.1348314606741573
corrected_pos_dep,f44ef52cb2f0f370,"[""DEP_advcl_rate_baixo"", ""DEP_advmod_rate_baixo"", ""POS_PRON_rate_baixo""]",train,com_autor,2157,44,223,0.1033843300880853,1,222,0.004484304932735426,0.020398701900788133,0.2198328577252344,-0.015914396968052708
corrected_pos_dep,f44ef52cb2f0f370,"[""DEP_advcl_rate_baixo"", ""DEP_advmod_rate_baixo"", ""POS_PRON_rate_baixo""]",train,sem_autor,2163,2116,133,0.061488673139158574,129,4,0.9699248120300752,0.9782709200184928,0.9914685105959606,-0.008346107988417617
corrected_pos_dep,f44ef52cb2f0f370,"[""DEP_advcl_rate_baixo"", ""DEP_advmod_rate_baixo"", ""POS_PRON_rate_baixo""]",validation,all,1440,720,127,0.08819444444444445,31,96,0.2440944881889764,0.5,0.4881889763779528,-0.2559055118110236
corrected_pos_dep,f44ef52cb2f0f370,"[""DEP_advcl_rate_baixo"", ""DEP_advmod_rate_baixo"", ""POS_PRON_rate_baixo""]",validation,com_autor,723,17,95,0.1313969571230982,1,94,0.010526315789473684,0.02351313969571231,0.4476780185758514,-0.012986823906238626
corrected_pos_dep,f44ef52cb2f0f370,"[""DEP_advcl_rate_baixo"", ""DEP_advmod_rate_baixo"", ""POS_PRON_rate_baixo""]",validation,sem_autor,717,703,32,0.044630404463040445,30,2,0.9375,0.9804741980474198,0.956169985775249,-0.042974198047419754
corrected_pos_dep,f44ef52cb2f0f370,"[""DEP_advcl_rate_baixo"", ""DEP_advmod_rate_baixo"", ""POS_PRON_rate_baixo""]",test,all,1440,720,105,0.07291666666666667,35,70,0.3333333333333333,0.5,0.6666666666666666,-0.16666666666666669
corrected_pos_dep,f44ef52cb2f0f370,"[""DEP_advcl_rate_baixo"", ""DEP_advmod_rate_baixo"", ""POS_PRON_rate_baixo""]",test,com_autor,719,11,70,0.09735744089012517,1,69,0.014285714285714285,0.015299026425591099,0.9337662337662337,-0.0010133121398768138
corrected_pos_dep,f44ef52cb2f0f370,"[""DEP_advcl_rate_baixo"", ""DEP_advmod_rate_baixo"", ""POS_PRON_rate_baixo""]",test,sem_autor,721,709,35,0.04854368932038835,34,1,0.9714285714285714,0.9833564493758669,0.98787023977433,-0.01192787794729544
corrected_pos_dep,c29b979659d61aec,"[""DEP_ccomp_rate_baixo"", ""POS_PROPN_rate_alto""]",train,all,4320,2160,697,0.1613425925925926,348,349,0.49928263988522237,0.5,0.9985652797704447,-0.0007173601147776321
corrected_pos_dep,c29b979659d61aec,"[""DEP_ccomp_rate_baixo"", ""POS_PROPN_rate_alto""]",train,com_autor,2157,44,351,0.1627260083449235,12,339,0.03418803418803419,0.020398701900788133,1.675990675990676,0.013789332287246058
corrected_pos_dep,c29b979659d61aec,"[""DEP_ccomp_rate_baixo"", ""POS_PROPN_rate_alto""]",train,sem_autor,2163,2116,346,0.15996301433194637,336,10,0.9710982658959537,0.9782709200184928,0.9926680288908072,-0.0071726541225390905
corrected_pos_dep,c29b979659d61aec,"[""DEP_ccomp_rate_baixo"", ""POS_PROPN_rate_alto""]",validation,all,1440,720,223,0.15486111111111112,99,124,0.4439461883408072,0.5,0.8878923766816144,-0.05605381165919282
corrected_pos_dep,c29b979659d61aec,"[""DEP_ccomp_rate_baixo"", ""POS_PROPN_rate_alto""]",validation,com_autor,723,17,122,0.16874135546334718,2,120,0.01639344262295082,0.02351313969571231,0.6972034715525555,-0.007119697072761489
corrected_pos_dep,c29b979659d61aec,"[""DEP_ccomp_rate_baixo"", ""POS_PROPN_rate_alto""]",validation,sem_autor,717,703,101,0.14086471408647142,97,4,0.9603960396039604,0.9804741980474198,0.9795219920285059,-0.020078158443459393
corrected_pos_dep,c29b979659d61aec,"[""DEP_ccomp_rate_baixo"", ""POS_PROPN_rate_alto""]",test,all,1440,720,221,0.15347222222222223,106,115,0.4796380090497738,0.5,0.9592760180995475,-0.020361990950226228
corrected_pos_dep,c29b979659d61aec,"[""DEP_ccomp_rate_baixo"", ""POS_PROPN_rate_alto""]",test,com_autor,719,11,114,0.15855354659248957,1,113,0.008771929824561403,0.015299026425591099,0.5733652312599681,-0.006527096601029696
corrected_pos_dep,c29b979659d61aec,"[""DEP_ccomp_rate_baixo"", ""POS_PROPN_rate_alto""]",test,sem_autor,721,709,107,0.14840499306518723,105,2,0.9813084112149533,0.9833564493758669,0.9979172982877028,-0.00204803816091359
corrected_pos_dep,11e010b31664451e,"[""DEP_advcl_rate_baixo"", ""DEP_advmod_rate_baixo""]",train,all,4320,2160,896,0.2074074074074074,343,553,0.3828125,0.5,0.765625,-0.1171875
corrected_pos_dep,11e010b31664451e,"[""DEP_advcl_rate_baixo"", ""DEP_advmod_rate_baixo""]",train,com_autor,2157,44,544,0.2522021325915624,4,540,0.007352941176470588,0.020398701900788133,0.360461229946524,-0.013045760724317545
corrected_pos_dep,11e010b31664451e,"[""DEP_advcl_rate_baixo"", ""DEP_advmod_rate_baixo""]",train,sem_autor,2163,2116,352,0.16273693943596856,339,13,0.9630681818181818,0.9782709200184928,0.9844595828321017,-0.015202738200311039
corrected_pos_dep,11e010b31664451e,"[""DEP_advcl_rate_baixo"", ""DEP_advmod_rate_baixo""]",validation,all,1440,720,295,0.2048611111111111,97,198,0.3288135593220339,0.5,0.6576271186440678,-0.17118644067796612
corrected_pos_dep,11e010b31664451e,"[""DEP_advcl_rate_baixo"", ""DEP_advmod_rate_baixo""]",validation,com_autor,723,17,197,0.27247579529737204,5,192,0.025380710659898477,0.02351313969571231,1.0794266945356823,0.0018675709641861674
corrected_pos_dep,11e010b31664451e,"[""DEP_advcl_rate_baixo"", ""DEP_advmod_rate_baixo""]",validation,sem_autor,717,703,98,0.13668061366806136,92,6,0.9387755102040817,0.9804741980474198,0.9574708973205215,-0.04169868784333808
corrected_pos_dep,11e010b31664451e,"[""DEP_advcl_rate_baixo"", ""DEP_advmod_rate_baixo""]",test,all,1440,720,314,0.21805555555555556,111,203,0.3535031847133758,0.5,0.7070063694267515,-0.14649681528662423
corrected_pos_dep,11e010b31664451e,"[""DEP_advcl_rate_baixo"", ""DEP_advmod_rate_baixo""]",test,com_autor,719,11,202,0.2809457579972184,1,201,0.0049504950495049506,0.015299026425591099,0.3235823582358236,-0.01034853137608615
corrected_pos_dep,11e010b31664451e,"[""DEP_advcl_rate_baixo"", ""DEP_advmod_rate_baixo""]",test,sem_autor,721,709,112,0.1553398058252427,110,2,0.9821428571428571,0.9833564493758669,0.9987658674188998,-0.0012135922330097637
corrected_pos_dep,c2a6c625af8e94b4,"[""DEP_ccomp_rate_baixo"", ""POS_PRON_rate_baixo"", ""uppercaseRatio_baixo""]",train,all,4320,2160,350,0.08101851851851852,173,177,0.4942857142857143,0.5,0.9885714285714285,-0.005714285714285727
corrected_pos_dep,c2a6c625af8e94b4,"[""DEP_ccomp_rate_baixo"", ""POS_PRON_rate_baixo"", ""uppercaseRatio_baixo""]",train,com_autor,2157,44,179,0.08298562818729717,6,173,0.0335195530726257,0.020398701900788133,1.643219908583037,0.013120851171837564
corrected_pos_dep,c2a6c625af8e94b4,"[""DEP_ccomp_rate_baixo"", ""POS_PRON_rate_baixo"", ""uppercaseRatio_baixo""]",train,sem_autor,2163,2116,171,0.07905686546463246,167,4,0.9766081871345029,0.9782709200184928,0.998300334958379,-0.0016627328839898814
corrected_pos_dep,c2a6c625af8e94b4,"[""DEP_ccomp_rate_baixo"", ""POS_PRON_rate_baixo"", ""uppercaseRatio_baixo""]",validation,all,1440,720,112,0.07777777777777778,42,70,0.375,0.5,0.75,-0.125
corrected_pos_dep,c2a6c625af8e94b4,"[""DEP_ccomp_rate_baixo"", ""POS_PRON_rate_baixo"", ""uppercaseRatio_baixo""]",validation,com_autor,723,17,70,0.09681881051175657,1,69,0.014285714285714285,0.02351313969571231,0.607563025210084,-0.009227425409998024
corrected_pos_dep,c2a6c625af8e94b4,"[""DEP_ccomp_rate_baixo"", ""POS_PRON_rate_baixo"", ""uppercaseRatio_baixo""]",validation,sem_autor,717,703,42,0.058577405857740586,41,1,0.9761904761904762,0.9804741980474198,0.9956309693151799,-0.00428372185694359
corrected_pos_dep,c2a6c625af8e94b4,"[""DEP_ccomp_rate_baixo"", ""POS_PRON_rate_baixo"", ""uppercaseRatio_baixo""]",test,all,1440,720,108,0.075,56,52,0.5185185185185185,0.5,1.037037037037037,0.01851851851851849
corrected_pos_dep,c2a6c625af8e94b4,"[""DEP_ccomp_rate_baixo"", ""POS_PRON_rate_baixo"", ""uppercaseRatio_baixo""]",test,com_autor,719,11,56,0.07788595271210014,4,52,0.07142857142857142,0.015299026425591099,4.6688311688311686,0.05612954500298033
corrected_pos_dep,c2a6c625af8e94b4,"[""DEP_ccomp_rate_baixo"", ""POS_PRON_rate_baixo"", ""uppercaseRatio_baixo""]",test,sem_autor,721,709,52,0.07212205270457697,52,0,1.0,0.9833564493758669,1.0169252468265162,0.01664355062413314
corrected_pos_dep,c206aeeaf2036529,"[""DEP_advcl_rate_baixo"", ""POS_NOUN_rate_alto""]",train,all,4320,2160,691,0.1599537037037037,226,465,0.32706222865412443,0.5,0.6541244573082489,-0.17293777134587557
corrected_pos_dep,c206aeeaf2036529,"[""DEP_advcl_rate_baixo"", ""POS_NOUN_rate_alto""]",train,com_autor,2157,44,455,0.21094112192860454,3,452,0.006593406593406593,0.020398701900788133,0.3232267732267732,-0.013805295307381539
corrected_pos_dep,c206aeeaf2036529,"[""DEP_advcl_rate_baixo"", ""POS_NOUN_rate_alto""]",train,sem_autor,2163,2116,236,0.1091077207582062,223,13,0.9449152542372882,0.9782709200184928,0.9659034475024831,-0.033355665781204635
corrected_pos_dep,c206aeeaf2036529,"[""DEP_advcl_rate_baixo"", ""POS_NOUN_rate_alto""]",validation,all,1440,720,224,0.15555555555555556,63,161,0.28125,0.5,0.5625,-0.21875
corrected_pos_dep,c206aeeaf2036529,"[""DEP_advcl_rate_baixo"", ""POS_NOUN_rate_alto""]",validation,com_autor,723,17,158,0.21853388658367912,2,156,0.012658227848101266,0.02351313969571231,0.5383469843633656,-0.010854911847611044
corrected_pos_dep,c206aeeaf2036529,"[""DEP_advcl_rate_baixo"", ""POS_NOUN_rate_alto""]",validation,sem_autor,717,703,66,0.09205020920502092,61,5,0.9242424242424242,0.9804741980474198,0.9426483900168111,-0.056231773804995555
corrected_pos_dep,c206aeeaf2036529,"[""DEP_advcl_rate_baixo"", ""POS_NOUN_rate_alto""]",test,all,1440,720,237,0.16458333333333333,75,162,0.31645569620253167,0.5,0.6329113924050633,-0.18354430379746833
corrected_pos_dep,c206aeeaf2036529,"[""DEP_advcl_rate_baixo"", ""POS_NOUN_rate_alto""]",test,com_autor,719,11,161,0.2239221140472879,1,160,0.006211180124223602,0.015299026425591099,0.40598531902879725,-0.009087846301367497
corrected_pos_dep,c206aeeaf2036529,"[""DEP_advcl_rate_baixo"", ""POS_NOUN_rate_alto""]",test,sem_autor,721,709,76,0.10540915395284327,74,2,0.9736842105263158,0.9833564493758669,0.9901640561205552,-0.00967223884955104
corrected_pos_dep,e485a8970acaabd5,"[""DEP_advmod_rate_baixo"", ""DEP_ccomp_rate_baixo"", ""POS_PRON_rate_baixo""]",train,all,4320,2160,356,0.0824074074074074,134,222,0.37640449438202245,0.5,0.7528089887640449,-0.12359550561797755
corrected_pos_dep,e485a8970acaabd5,"[""DEP_advmod_rate_baixo"", ""DEP_ccomp_rate_baixo"", ""POS_PRON_rate_baixo""]",train,com_autor,2157,44,220,0.10199350950394066,4,216,0.01818181818181818,0.020398701900788133,0.8913223140495866,-0.0022168837189699524
corrected_pos_dep,e485a8970acaabd5,"[""DEP_advmod_rate_baixo"", ""DEP_ccomp_rate_baixo"", ""POS_PRON_rate_baixo""]",train,sem_autor,2163,2116,136,0.06287563569116968,130,6,0.9558823529411765,0.9782709200184928,0.9771141443344824,-0.02238856707731629
corrected_pos_dep,e485a8970acaabd5,"[""DEP_advmod_rate_baixo"", ""DEP_ccomp_rate_baixo"", ""POS_PRON_rate_baixo""]",validation,all,1440,720,117,0.08125,31,86,0.26495726495726496,0.5,0.5299145299145299,-0.23504273504273504
corrected_pos_dep,e485a8970acaabd5,"[""DEP_advmod_rate_baixo"", ""DEP_ccomp_rate_baixo"", ""POS_PRON_rate_baixo""]",validation,com_autor,723,17,85,0.11756569847856155,1,84,0.011764705882352941,0.02351313969571231,0.5003460207612457,-0.011748433813359369
corrected_pos_dep,e485a8970acaabd5,"[""DEP_advmod_rate_baixo"", ""DEP_ccomp_rate_baixo"", ""POS_PRON_rate_baixo""]",validation,sem_autor,717,703,32,0.044630404463040445,30,2,0.9375,0.9804741980474198,0.956169985775249,-0.042974198047419754
corrected_pos_dep,e485a8970acaabd5,"[""DEP_advmod_rate_baixo"", ""DEP_ccomp_rate_baixo"", ""POS_PRON_rate_baixo""]",test,all,1440,720,105,0.07291666666666667,34,71,0.3238095238095238,0.5,0.6476190476190476,-0.17619047619047618
corrected_pos_dep,e485a8970acaabd5,"[""DEP_advmod_rate_baixo"", ""DEP_ccomp_rate_baixo"", ""POS_PRON_rate_baixo""]",test,com_autor,719,11,73,0.10152990264255911,2,71,0.0273972602739726,0.015299026425591099,1.7907845579078454,0.012098233848381502
corrected_pos_dep,e485a8970acaabd5,"[""DEP_advmod_rate_baixo"", ""DEP_ccomp_rate_baixo"", ""POS_PRON_rate_baixo""]",test,sem_autor,721,709,32,0.044382801664355064,32,0,1.0,0.9833564493758669,1.0169252468265162,0.01664355062413314
corrected_pos_dep,2ae518b1157ec7aa,"[""DEP_advcl_rate_baixo"", ""DEP_ccomp_rate_baixo"", ""punctuationDensity_spacy_baixo""]",train,all,4320,2160,382,0.08842592592592592,106,276,0.2774869109947644,0.5,0.5549738219895288,-0.2225130890052356
corrected_pos_dep,2ae518b1157ec7aa,"[""DEP_advcl_rate_baixo"", ""DEP_ccomp_rate_baixo"", ""punctuationDensity_spacy_baixo""]",train,com_autor,2157,44,269,0.12471024571163654,7,262,0.026022304832713755,0.020398701900788133,1.2756843528218993,0.005623602931925622
corrected_pos_dep,2ae518b1157ec7aa,"[""DEP_advcl_rate_baixo"", ""DEP_ccomp_rate_baixo"", ""punctuationDensity_spacy_baixo""]",train,sem_autor,2163,2116,113,0.05224225612575127,99,14,0.8761061946902655,0.9782709200184928,0.8955660203757299,-0.10216472532822729
corrected_pos_dep,2ae518b1157ec7aa,"[""DEP_advcl_rate_baixo"", ""DEP_ccomp_rate_baixo"", ""punctuationDensity_spacy_baixo""]",validation,all,1440,720,119,0.08263888888888889,41,78,0.3445378151260504,0.5,0.6890756302521008,-0.15546218487394958
corrected_pos_dep,2ae518b1157ec7aa,"[""DEP_advcl_rate_baixo"", ""DEP_ccomp_rate_baixo"", ""punctuationDensity_spacy_baixo""]",validation,com_autor,723,17,86,0.11894882434301521,10,76,0.11627906976744186,0.02351313969571231,4.945280437756498,0.09276593007172955
corrected_pos_dep,2ae518b1157ec7aa,"[""DEP_advcl_rate_baixo"", ""DEP_ccomp_rate_baixo"", ""punctuationDensity_spacy_baixo""]",validation,sem_autor,717,703,33,0.04602510460251046,31,2,0.9393939393939394,0.9804741980474198,0.9581016423121688,-0.041080258653480306
corrected_pos_dep,2ae518b1157ec7aa,"[""DEP_advcl_rate_baixo"", ""DEP_ccomp_rate_baixo"", ""punctuationDensity_spacy_baixo""]",test,all,1440,720,126,0.0875,34,92,0.2698412698412698,0.5,0.5396825396825397,-0.23015873015873017
corrected_pos_dep,2ae518b1157ec7aa,"[""DEP_advcl_rate_baixo"", ""DEP_ccomp_rate_baixo"", ""punctuationDensity_spacy_baixo""]",test,com_autor,719,11,93,0.12934631432545202,2,91,0.021505376344086023,0.015299026425591099,1.4056695992179864,0.006206349918494924
corrected_pos_dep,2ae518b1157ec7aa,"[""DEP_advcl_rate_baixo"", ""DEP_ccomp_rate_baixo"", ""punctuationDensity_spacy_baixo""]",test,sem_autor,721,709,33,0.04576976421636616,32,1,0.9696969696969697,0.9833564493758669,0.9861093302560158,-0.013659479678897135
corrected_pos_dep,feed2c37682a4dec,"[""DEP_advcl_rate_baixo"", ""DEP_ccomp_rate_baixo"", ""POS_PRON_rate_baixo""]",train,all,4320,2160,555,0.1284722222222222,250,305,0.45045045045045046,0.5,0.9009009009009009,-0.04954954954954954
corrected_pos_dep,feed2c37682a4dec,"[""DEP_advcl_rate_baixo"", ""DEP_ccomp_rate_baixo"", ""POS_PRON_rate_baixo""]",train,com_autor,2157,44,299,0.13861845155308297,3,296,0.010033444816053512,0.020398701900788133,0.49186682882335053,-0.010365257084734621
corrected_pos_dep,feed2c37682a4dec,"[""DEP_advcl_rate_baixo"", ""DEP_ccomp_rate_baixo"", ""POS_PRON_rate_baixo""]",train,sem_autor,2163,2116,256,0.1183541377716135,247,9,0.96484375,0.9782709200184928,0.9862745894376181,-0.013427170018492807
corrected_pos_dep,feed2c37682a4dec,"[""DEP_advcl_rate_baixo"", ""DEP_ccomp_rate_baixo"", ""POS_PRON_rate_baixo""]",validation,all,1440,720,178,0.12361111111111112,63,115,0.3539325842696629,0.5,0.7078651685393258,-0.1460674157303371
corrected_pos_dep,feed2c37682a4dec,"[""DEP_advcl_rate_baixo"", ""DEP_ccomp_rate_baixo"", ""POS_PRON_rate_baixo""]",validation,com_autor,723,17,115,0.1590594744121715,2,113,0.017391304347826087,0.02351313969571231,0.7396419437340154,-0.006121835347886222
corrected_pos_dep,feed2c37682a4dec,"[""DEP_advcl_rate_baixo"", ""DEP_ccomp_rate_baixo"", ""POS_PRON_rate_baixo""]",validation,sem_autor,717,703,63,0.08786610878661087,61,2,0.9682539682539683,0.9804741980474198,0.9875364085890402,-0.012220229793451498
corrected_pos_dep,feed2c37682a4dec,"[""DEP_advcl_rate_baixo"", ""DEP_ccomp_rate_baixo"", ""POS_PRON_rate_baixo""]",test,all,1440,720,166,0.11527777777777778,72,94,0.43373493975903615,0.5,0.8674698795180723,-0.06626506024096385
corrected_pos_dep,feed2c37682a4dec,"[""DEP_advcl_rate_baixo"", ""DEP_ccomp_rate_baixo"", ""POS_PRON_rate_baixo""]",test,com_autor,719,11,97,0.1349095966620306,3,94,0.030927835051546393,0.015299026425591099,2.0215557638238053,0.015628808625955296
corrected_pos_dep,feed2c37682a4dec,"[""DEP_advcl_rate_baixo"", ""DEP_ccomp_rate_baixo"", ""POS_PRON_rate_baixo""]",test,sem_autor,721,709,69,0.0957004160887656,69,0,1.0,0.9833564493758669,1.0169252468265162,0.01664355062413314
corrected_pos_dep,b5b380a565890450,"[""DEP_advcl_rate_baixo"", ""DEP_ccomp_rate_baixo"", ""diversidade_alto""]",train,all,4320,2160,379,0.08773148148148148,157,222,0.41424802110817943,0.5,0.8284960422163589,-0.08575197889182057
corrected_pos_dep,b5b380a565890450,"[""DEP_advcl_rate_baixo"", ""DEP_ccomp_rate_baixo"", ""diversidade_alto""]",train,com_autor,2157,44,216,0.10013908205841446,1,215,0.004629629629629629,0.020398701900788133,0.22695707070707066,-0.015769072271158504
corrected_pos_dep,b5b380a565890450,"[""DEP_advcl_rate_baixo"", ""DEP_ccomp_rate_baixo"", ""diversidade_alto""]",train,sem_autor,2163,2116,163,0.07535829865926953,156,7,0.9570552147239264,0.9782709200184928,0.9783130573950155,-0.0212157052945664
corrected_pos_dep,b5b380a565890450,"[""DEP_advcl_rate_baixo"", ""DEP_ccomp_rate_baixo"", ""diversidade_alto""]",validation,all,1440,720,102,0.07083333333333333,41,61,0.4019607843137255,0.5,0.803921568627451,-0.0980392156862745
corrected_pos_dep,b5b380a565890450,"[""DEP_advcl_rate_baixo"", ""DEP_ccomp_rate_baixo"", ""diversidade_alto""]",validation,com_autor,723,17,62,0.08575380359612725,2,60,0.03225806451612903,0.02351313969571231,1.3719165085388993,0.008744924820416722
corrected_pos_dep,b5b380a565890450,"[""DEP_advcl_rate_baixo"", ""DEP_ccomp_rate_baixo"", ""diversidade_alto""]",validation,sem_autor,717,703,40,0.05578800557880056,39,1,0.975,0.9804741980474198,0.9944167852062589,-0.005474198047419776
corrected_pos_dep,b5b380a565890450,"[""DEP_advcl_rate_baixo"", ""DEP_ccomp_rate_baixo"", ""diversidade_alto""]",test,all,1440,720,151,0.10486111111111111,61,90,0.40397350993377484,0.5,0.8079470198675497,-0.09602649006622516
corrected_pos_dep,b5b380a565890450,"[""DEP_advcl_rate_baixo"", ""DEP_ccomp_rate_baixo"", ""diversidade_alto""]",test,com_autor,719,11,90,0.12517385257301808,0,90,0.0,0.015299026425591099,0.0,-0.015299026425591099
corrected_pos_dep,b5b380a565890450,"[""DEP_advcl_rate_baixo"", ""DEP_ccomp_rate_baixo"", ""diversidade_alto""]",test,sem_autor,721,709,61,0.08460471567267684,61,0,1.0,0.9833564493758669,1.0169252468265162,0.01664355062413314
corrected_pos_dep,3fd56667412d8642,"[""DEP_ccomp_rate_baixo"", ""diversidade_alto""]",train,all,4320,2160,693,0.16041666666666668,287,406,0.41414141414141414,0.5,0.8282828282828283,-0.08585858585858586
corrected_pos_dep,3fd56667412d8642,"[""DEP_ccomp_rate_baixo"", ""diversidade_alto""]",train,com_autor,2157,44,404,0.18729717199814558,6,398,0.01485148514851485,0.020398701900788133,0.728060306030603,-0.0055472167522732825
corrected_pos_dep,3fd56667412d8642,"[""DEP_ccomp_rate_baixo"", ""diversidade_alto""]",train,sem_autor,2163,2116,289,0.13361072584373554,281,8,0.972318339100346,0.9782709200184928,0.9939152020198717,-0.005952580918146766
corrected_pos_dep,3fd56667412d8642,"[""DEP_ccomp_rate_baixo"", ""diversidade_alto""]",validation,all,1440,720,205,0.1423611111111111,83,122,0.40487804878048783,0.5,0.8097560975609757,-0.09512195121951217
corrected_pos_dep,3fd56667412d8642,"[""DEP_ccomp_rate_baixo"", ""diversidade_alto""]",validation,com_autor,723,17,123,0.17012448132780084,2,121,0.016260162601626018,0.02351313969571231,0.6915351506456242,-0.007252977094086292
corrected_pos_dep,3fd56667412d8642,"[""DEP_ccomp_rate_baixo"", ""diversidade_alto""]",validation,sem_autor,717,703,82,0.11436541143654114,81,1,0.9878048780487805,0.9804741980474198,1.007476667938799,0.007330680001360723
corrected_pos_dep,3fd56667412d8642,"[""DEP_ccomp_rate_baixo"", ""diversidade_alto""]",test,all,1440,720,247,0.17152777777777778,107,140,0.4331983805668016,0.5,0.8663967611336032,-0.0668016194331984
corrected_pos_dep,3fd56667412d8642,"[""DEP_ccomp_rate_baixo"", ""diversidade_alto""]",test,com_autor,719,11,140,0.19471488178025034,0,140,0.0,0.015299026425591099,0.0,-0.015299026425591099
corrected_pos_dep,3fd56667412d8642,"[""DEP_ccomp_rate_baixo"", ""diversidade_alto""]",test,sem_autor,721,709,107,0.14840499306518723,107,0,1.0,0.9833564493758669,1.0169252468265162,0.01664355062413314
corrected_pos_dep,dd85c312aed97844,"[""DEP_ccomp_rate_baixo"", ""POS_PRON_rate_baixo""]",train,all,4320,2160,903,0.20902777777777778,428,475,0.4739756367663344,0.5,0.9479512735326688,-0.02602436323366558
corrected_pos_dep,dd85c312aed97844,"[""DEP_ccomp_rate_baixo"", ""POS_PRON_rate_baixo""]",train,com_autor,2157,44,473,0.2192860454334724,9,464,0.019027484143763214,0.020398701900788133,0.9327791658658465,-0.0013712177570249194
corrected_pos_dep,dd85c312aed97844,"[""DEP_ccomp_rate_baixo"", ""POS_PRON_rate_baixo""]",train,sem_autor,2163,2116,430,0.19879796578825706,419,11,0.9744186046511628,0.9782709200184928,0.9960621180815054,-0.003852315367329995
corrected_pos_dep,dd85c312aed97844,"[""DEP_ccomp_rate_baixo"", ""POS_PRON_rate_baixo""]",validation,all,1440,720,281,0.1951388888888889,115,166,0.4092526690391459,0.5,0.8185053380782918,-0.09074733096085408
corrected_pos_dep,dd85c312aed97844,"[""DEP_ccomp_rate_baixo"", ""POS_PRON_rate_baixo""]",validation,com_autor,723,17,166,0.22959889349930843,2,164,0.012048192771084338,0.02351313969571231,0.5124025513819986,-0.011464946924627972
corrected_pos_dep,dd85c312aed97844,"[""DEP_ccomp_rate_baixo"", ""POS_PRON_rate_baixo""]",validation,sem_autor,717,703,115,0.1603905160390516,113,2,0.9826086956521739,0.9804741980474198,1.0021770053806667,0.0021344976047541486
corrected_pos_dep,dd85c312aed97844,"[""DEP_ccomp_rate_baixo"", ""POS_PRON_rate_baixo""]",test,all,1440,720,264,0.18333333333333332,122,142,0.4621212121212121,0.5,0.9242424242424242,-0.0378787878787879
corrected_pos_dep,dd85c312aed97844,"[""DEP_ccomp_rate_baixo"", ""POS_PRON_rate_baixo""]",test,com_autor,719,11,146,0.20305980528511822,4,142,0.0273972602739726,0.015299026425591099,1.7907845579078454,0.012098233848381502
corrected_pos_dep,dd85c312aed97844,"[""DEP_ccomp_rate_baixo"", ""POS_PRON_rate_baixo""]",test,sem_autor,721,709,118,0.1636615811373093,118,0,1.0,0.9833564493758669,1.0169252468265162,0.01664355062413314
corrected_pos_dep_complete,e9d1653f6fde7de7,"[""DEP_complete_advmod_rate_alto"", ""POS_ADV_rate_alto"", ""uppercaseRatio_baixo""]",train,all,4320,2160,422,0.09768518518518518,251,171,0.5947867298578199,0.5,1.1895734597156398,0.09478672985781988
corrected_pos_dep_complete,e9d1653f6fde7de7,"[""DEP_complete_advmod_rate_alto"", ""POS_ADV_rate_alto"", ""uppercaseRatio_baixo""]",train,com_autor,2157,44,174,0.08066759388038942,5,169,0.028735632183908046,0.020398701900788133,1.4086990595611284,0.008336930283119912
corrected_pos_dep_complete,e9d1653f6fde7de7,"[""DEP_complete_advmod_rate_alto"", ""POS_ADV_rate_alto"", ""uppercaseRatio_baixo""]",train,sem_autor,2163,2116,248,0.11465557096625058,246,2,0.9919354838709677,0.9782709200184928,1.0139680773217878,0.013664563852474942
corrected_pos_dep_complete,e9d1653f6fde7de7,"[""DEP_complete_advmod_rate_alto"", ""POS_ADV_rate_alto"", ""uppercaseRatio_baixo""]",validation,all,1440,720,153,0.10625,88,65,0.5751633986928104,0.5,1.1503267973856208,0.07516339869281041
corrected_pos_dep_complete,e9d1653f6fde7de7,"[""DEP_complete_advmod_rate_alto"", ""POS_ADV_rate_alto"", ""uppercaseRatio_baixo""]",validation,com_autor,723,17,65,0.08990318118948824,0,65,0.0,0.02351313969571231,0.0,-0.02351313969571231
corrected_pos_dep_complete,e9d1653f6fde7de7,"[""DEP_complete_advmod_rate_alto"", ""POS_ADV_rate_alto"", ""uppercaseRatio_baixo""]",validation,sem_autor,717,703,88,0.12273361227336123,88,0,1.0,0.9804741980474198,1.0199146514935988,0.019525801952580246
corrected_pos_dep_complete,e9d1653f6fde7de7,"[""DEP_complete_advmod_rate_alto"", ""POS_ADV_rate_alto"", ""uppercaseRatio_baixo""]",test,all,1440,720,148,0.10277777777777777,91,57,0.6148648648648649,0.5,1.2297297297297298,0.11486486486486491
corrected_pos_dep_complete,e9d1653f6fde7de7,"[""DEP_complete_advmod_rate_alto"", ""POS_ADV_rate_alto"", ""uppercaseRatio_baixo""]",test,com_autor,719,11,56,0.07788595271210014,0,56,0.0,0.015299026425591099,0.0,-0.015299026425591099
corrected_pos_dep_complete,e9d1653f6fde7de7,"[""DEP_complete_advmod_rate_alto"", ""POS_ADV_rate_alto"", ""uppercaseRatio_baixo""]",test,sem_autor,721,709,92,0.1276005547850208,91,1,0.9891304347826086,0.9833564493758669,1.0058717115349236,0.005773985406741788
corrected_pos_dep_complete,c831946199a6a91a,"[""DEP_complete_amod_rate_alto"", ""POS_ADJ_rate_alto"", ""uppercaseRatio_baixo""]",train,all,4320,2160,381,0.08819444444444445,152,229,0.3989501312335958,0.5,0.7979002624671916,-0.1010498687664042
corrected_pos_dep_complete,c831946199a6a91a,"[""DEP_complete_amod_rate_alto"", ""POS_ADJ_rate_alto"", ""uppercaseRatio_baixo""]",train,com_autor,2157,44,230,0.10662957811775614,6,224,0.02608695652173913,0.020398701900788133,1.2788537549407113,0.005688254620950996
corrected_pos_dep_complete,c831946199a6a91a,"[""DEP_complete_amod_rate_alto"", ""POS_ADJ_rate_alto"", ""uppercaseRatio_baixo""]",train,sem_autor,2163,2116,151,0.06981044845122515,146,5,0.9668874172185431,0.9782709200184928,0.9883636500206563,-0.011383502799949707
corrected_pos_dep_complete,c831946199a6a91a,"[""DEP_complete_amod_rate_alto"", ""POS_ADJ_rate_alto"", ""uppercaseRatio_baixo""]",validation,all,1440,720,129,0.08958333333333333,56,73,0.43410852713178294,0.5,0.8682170542635659,-0.06589147286821706
corrected_pos_dep_complete,c831946199a6a91a,"[""DEP_complete_amod_rate_alto"", ""POS_ADJ_rate_alto"", ""uppercaseRatio_baixo""]",validation,com_autor,723,17,75,0.1037344398340249,2,73,0.02666666666666667,0.02351313969571231,1.1341176470588237,0.003153526970954359
corrected_pos_dep_complete,c831946199a6a91a,"[""DEP_complete_amod_rate_alto"", ""POS_ADJ_rate_alto"", ""uppercaseRatio_baixo""]",validation,sem_autor,717,703,54,0.07531380753138076,54,0,1.0,0.9804741980474198,1.0199146514935988,0.019525801952580246
corrected_pos_dep_complete,c831946199a6a91a,"[""DEP_complete_amod_rate_alto"", ""POS_ADJ_rate_alto"", ""uppercaseRatio_baixo""]",test,all,1440,720,134,0.09305555555555556,57,77,0.4253731343283582,0.5,0.8507462686567164,-0.07462686567164178
corrected_pos_dep_complete,c831946199a6a91a,"[""DEP_complete_amod_rate_alto"", ""POS_ADJ_rate_alto"", ""uppercaseRatio_baixo""]",test,com_autor,719,11,80,0.11126564673157163,3,77,0.0375,0.015299026425591099,2.4511363636363637,0.0222009735744089
corrected_pos_dep_complete,c831946199a6a91a,"[""DEP_complete_amod_rate_alto"", ""POS_ADJ_rate_alto"", ""uppercaseRatio_baixo""]",test,sem_autor,721,709,54,0.07489597780859916,54,0,1.0,0.9833564493758669,1.0169252468265162,0.01664355062413314
corrected_pos_dep_complete,6b5319dd01d41fb2,"[""DEP_complete_amod_rate_alto"", ""DEP_complete_ccomp_rate_baixo"", ""POS_ADJ_rate_alto""]",train,all,4320,2160,542,0.12546296296296297,224,318,0.4132841328413284,0.5,0.8265682656826568,-0.08671586715867158
corrected_pos_dep_complete,6b5319dd01d41fb2,"[""DEP_complete_amod_rate_alto"", ""DEP_complete_ccomp_rate_baixo"", ""POS_ADJ_rate_alto""]",train,com_autor,2157,44,318,0.1474269819193324,5,313,0.015723270440251572,0.020398701900788133,0.7707975986277873,-0.004675431460536561
corrected_pos_dep_complete,6b5319dd01d41fb2,"[""DEP_complete_amod_rate_alto"", ""DEP_complete_ccomp_rate_baixo"", ""POS_ADJ_rate_alto""]",train,sem_autor,2163,2116,224,0.10355987055016182,219,5,0.9776785714285714,0.9782709200184928,0.9993944943289225,-0.0005923485899214098
corrected_pos_dep_complete,6b5319dd01d41fb2,"[""DEP_complete_amod_rate_alto"", ""DEP_complete_ccomp_rate_baixo"", ""POS_ADJ_rate_alto""]",validation,all,1440,720,177,0.12291666666666666,82,95,0.4632768361581921,0.5,0.9265536723163842,-0.036723163841807904
corrected_pos_dep_complete,6b5319dd01d41fb2,"[""DEP_complete_amod_rate_alto"", ""DEP_complete_ccomp_rate_baixo"", ""POS_ADJ_rate_alto""]",validation,com_autor,723,17,96,0.13278008298755187,3,93,0.03125,0.02351313969571231,1.3290441176470589,0.0077368603042876904
corrected_pos_dep_complete,6b5319dd01d41fb2,"[""DEP_complete_amod_rate_alto"", ""DEP_complete_ccomp_rate_baixo"", ""POS_ADJ_rate_alto""]",validation,sem_autor,717,703,81,0.11297071129707113,79,2,0.9753086419753086,0.9804741980474198,0.9947315736789422,-0.0051655560721111105
corrected_pos_dep_complete,6b5319dd01d41fb2,"[""DEP_complete_amod_rate_alto"", ""DEP_complete_ccomp_rate_baixo"", ""POS_ADJ_rate_alto""]",test,all,1440,720,183,0.12708333333333333,76,107,0.41530054644808745,0.5,0.8306010928961749,-0.08469945355191255
corrected_pos_dep_complete,6b5319dd01d41fb2,"[""DEP_complete_amod_rate_alto"", ""DEP_complete_ccomp_rate_baixo"", ""POS_ADJ_rate_alto""]",test,com_autor,719,11,108,0.1502086230876217,3,105,0.027777777777777776,0.015299026425591099,1.8156565656565655,0.012478751352186677
corrected_pos_dep_complete,6b5319dd01d41fb2,"[""DEP_complete_amod_rate_alto"", ""DEP_complete_ccomp_rate_baixo"", ""POS_ADJ_rate_alto""]",test,sem_autor,721,709,75,0.10402219140083217,73,2,0.9733333333333334,0.9833564493758669,0.9898072402444759,-0.010023116042533475
corrected_pos_dep_complete,bdc3eca659c329d6,"[""DEP_complete_advmod_rate_alto"", ""DEP_complete_ccomp_rate_baixo"", ""POS_ADV_rate_alto""]",train,all,4320,2160,507,0.11736111111111111,317,190,0.6252465483234714,0.5,1.2504930966469427,0.12524654832347137
corrected_pos_dep_complete,bdc3eca659c329d6,"[""DEP_complete_advmod_rate_alto"", ""DEP_complete_ccomp_rate_baixo"", ""POS_ADV_rate_alto""]",train,com_autor,2157,44,191,0.08854891052387576,5,186,0.02617801047120419,0.020398701900788133,1.2833174678724415,0.005779308570416055
corrected_pos_dep_complete,bdc3eca659c329d6,"[""DEP_complete_advmod_rate_alto"", ""DEP_complete_ccomp_rate_baixo"", ""POS_ADV_rate_alto""]",train,sem_autor,2163,2116,316,0.14609338881183542,312,4,0.9873417721518988,0.9782709200184928,1.0092723313632121,0.009070852133405971
corrected_pos_dep_complete,bdc3eca659c329d6,"[""DEP_complete_advmod_rate_alto"", ""DEP_complete_ccomp_rate_baixo"", ""POS_ADV_rate_alto""]",validation,all,1440,720,166,0.11527777777777778,103,63,0.6204819277108434,0.5,1.2409638554216869,0.12048192771084343
corrected_pos_dep_complete,bdc3eca659c329d6,"[""DEP_complete_advmod_rate_alto"", ""DEP_complete_ccomp_rate_baixo"", ""POS_ADV_rate_alto""]",validation,com_autor,723,17,65,0.08990318118948824,2,63,0.03076923076923077,0.02351313969571231,1.3085972850678733,0.007256091073518461
corrected_pos_dep_complete,bdc3eca659c329d6,"[""DEP_complete_advmod_rate_alto"", ""DEP_complete_ccomp_rate_baixo"", ""POS_ADV_rate_alto""]",validation,sem_autor,717,703,101,0.14086471408647142,101,0,1.0,0.9804741980474198,1.0199146514935988,0.019525801952580246
corrected_pos_dep_complete,bdc3eca659c329d6,"[""DEP_complete_advmod_rate_alto"", ""DEP_complete_ccomp_rate_baixo"", ""POS_ADV_rate_alto""]",test,all,1440,720,159,0.11041666666666666,105,54,0.660377358490566,0.5,1.320754716981132,0.160377358490566
corrected_pos_dep_complete,bdc3eca659c329d6,"[""DEP_complete_advmod_rate_alto"", ""DEP_complete_ccomp_rate_baixo"", ""POS_ADV_rate_alto""]",test,com_autor,719,11,54,0.07510431154381085,0,54,0.0,0.015299026425591099,0.0,-0.015299026425591099
corrected_pos_dep_complete,bdc3eca659c329d6,"[""DEP_complete_advmod_rate_alto"", ""DEP_complete_ccomp_rate_baixo"", ""POS_ADV_rate_alto""]",test,sem_autor,721,709,105,0.14563106796116504,105,0,1.0,0.9833564493758669,1.0169252468265162,0.01664355062413314
corrected_pos_dep_complete,8791b16a98cfaff5,"[""DEP_complete_advmod_rate_alto"", ""POS_ADV_rate_alto""]",train,all,4320,2160,827,0.19143518518518518,512,315,0.619105199516324,0.5,1.238210399032648,0.11910519951632403
corrected_pos_dep_complete,8791b16a98cfaff5,"[""DEP_complete_advmod_rate_alto"", ""POS_ADV_rate_alto""]",train,com_autor,2157,44,319,0.14789058878071396,11,308,0.034482758620689655,0.020398701900788133,1.690438871473354,0.014084056719901521
corrected_pos_dep_complete,8791b16a98cfaff5,"[""DEP_complete_advmod_rate_alto"", ""POS_ADV_rate_alto""]",train,sem_autor,2163,2116,508,0.23485899214054554,501,7,0.9862204724409449,0.9782709200184928,1.0081261256567882,0.0079495524224521
corrected_pos_dep_complete,8791b16a98cfaff5,"[""DEP_complete_advmod_rate_alto"", ""POS_ADV_rate_alto""]",validation,all,1440,720,278,0.19305555555555556,172,106,0.6187050359712231,0.5,1.2374100719424461,0.11870503597122306
corrected_pos_dep_complete,8791b16a98cfaff5,"[""DEP_complete_advmod_rate_alto"", ""POS_ADV_rate_alto""]",validation,com_autor,723,17,106,0.14661134163208853,2,104,0.018867924528301886,0.02351313969571231,0.8024417314095449,-0.0046452151674104235
corrected_pos_dep_complete,8791b16a98cfaff5,"[""DEP_complete_advmod_rate_alto"", ""POS_ADV_rate_alto""]",validation,sem_autor,717,703,172,0.2398884239888424,170,2,0.9883720930232558,0.9804741980474198,1.0080551788018128,0.00789789497583604
corrected_pos_dep_complete,8791b16a98cfaff5,"[""DEP_complete_advmod_rate_alto"", ""POS_ADV_rate_alto""]",test,all,1440,720,270,0.1875,166,104,0.6148148148148148,0.5,1.2296296296296296,0.11481481481481481
corrected_pos_dep_complete,8791b16a98cfaff5,"[""DEP_complete_advmod_rate_alto"", ""POS_ADV_rate_alto""]",test,com_autor,719,11,102,0.14186369958275383,0,102,0.0,0.015299026425591099,0.0,-0.015299026425591099
corrected_pos_dep_complete,8791b16a98cfaff5,"[""DEP_complete_advmod_rate_alto"", ""POS_ADV_rate_alto""]",test,sem_autor,721,709,168,0.23300970873786409,166,2,0.9880952380952381,0.9833564493758669,1.0048189938881054,0.0047387887193712785
corrected_pos_dep_complete,2e76ac323433d193,"[""DEP_complete_advcl_rate_baixo"", ""DEP_complete_advmod_rate_alto"", ""POS_ADV_rate_alto""]",train,all,4320,2160,497,0.1150462962962963,319,178,0.641851106639839,0.5,1.283702213279678,0.14185110663983902
corrected_pos_dep_complete,2e76ac323433d193,"[""DEP_complete_advcl_rate_baixo"", ""DEP_complete_advmod_rate_alto"", ""POS_ADV_rate_alto""]",train,com_autor,2157,44,179,0.08298562818729717,7,172,0.03910614525139665,0.020398701900788133,1.9170898933468765,0.018707443350608515
corrected_pos_dep_complete,2e76ac323433d193,"[""DEP_complete_advcl_rate_baixo"", ""DEP_complete_advmod_rate_alto"", ""POS_ADV_rate_alto""]",train,sem_autor,2163,2116,318,0.14701803051317613,312,6,0.9811320754716981,0.9782709200184928,1.0029247066376574,0.0028611554532053107
corrected_pos_dep_complete,2e76ac323433d193,"[""DEP_complete_advcl_rate_baixo"", ""DEP_complete_advmod_rate_alto"", ""POS_ADV_rate_alto""]",validation,all,1440,720,165,0.11458333333333333,96,69,0.5818181818181818,0.5,1.1636363636363636,0.08181818181818179
corrected_pos_dep_complete,2e76ac323433d193,"[""DEP_complete_advcl_rate_baixo"", ""DEP_complete_advmod_rate_alto"", ""POS_ADV_rate_alto""]",validation,com_autor,723,17,70,0.09681881051175657,2,68,0.02857142857142857,0.02351313969571231,1.215126050420168,0.005058288875716261
corrected_pos_dep_complete,2e76ac323433d193,"[""DEP_complete_advcl_rate_baixo"", ""DEP_complete_advmod_rate_alto"", ""POS_ADV_rate_alto""]",validation,sem_autor,717,703,95,0.13249651324965134,94,1,0.9894736842105263,0.9804741980474198,1.0091787077936663,0.00899948616310653
corrected_pos_dep_complete,2e76ac323433d193,"[""DEP_complete_advcl_rate_baixo"", ""DEP_complete_advmod_rate_alto"", ""POS_ADV_rate_alto""]",test,all,1440,720,165,0.11458333333333333,100,65,0.6060606060606061,0.5,1.2121212121212122,0.10606060606060608
corrected_pos_dep_complete,2e76ac323433d193,"[""DEP_complete_advcl_rate_baixo"", ""DEP_complete_advmod_rate_alto"", ""POS_ADV_rate_alto""]",test,com_autor,719,11,65,0.09040333796940195,0,65,0.0,0.015299026425591099,0.0,-0.015299026425591099
corrected_pos_dep_complete,2e76ac323433d193,"[""DEP_complete_advcl_rate_baixo"", ""DEP_complete_advmod_rate_alto"", ""POS_ADV_rate_alto""]",test,sem_autor,721,709,100,0.13869625520110956,100,0,1.0,0.9833564493758669,1.0169252468265162,0.01664355062413314
corrected_pos_dep_complete,d3157b07ed0e0e15,"[""DEP_complete_advcl_rate_baixo"", ""DEP_complete_amod_rate_alto"", ""POS_ADJ_rate_alto""]",train,all,4320,2160,503,0.11643518518518518,212,291,0.42147117296222664,0.5,0.8429423459244533,-0.07852882703777336
corrected_pos_dep_complete,d3157b07ed0e0e15,"[""DEP_complete_advcl_rate_baixo"", ""DEP_complete_amod_rate_alto"", ""POS_ADJ_rate_alto""]",train,com_autor,2157,44,289,0.1339823829392675,3,286,0.010380622837370242,0.020398701900788133,0.5088864422774456,-0.010018079063417892
corrected_pos_dep_complete,d3157b07ed0e0e15,"[""DEP_complete_advcl_rate_baixo"", ""DEP_complete_amod_rate_alto"", ""POS_ADJ_rate_alto""]",train,sem_autor,2163,2116,214,0.09893666204345816,209,5,0.9766355140186916,0.9782709200184928,0.998328268819674,-0.001635405999801165
corrected_pos_dep_complete,d3157b07ed0e0e15,"[""DEP_complete_advcl_rate_baixo"", ""DEP_complete_amod_rate_alto"", ""POS_ADJ_rate_alto""]",validation,all,1440,720,164,0.11388888888888889,74,90,0.45121951219512196,0.5,0.9024390243902439,-0.04878048780487804
corrected_pos_dep_complete,d3157b07ed0e0e15,"[""DEP_complete_advcl_rate_baixo"", ""DEP_complete_amod_rate_alto"", ""POS_ADJ_rate_alto""]",validation,com_autor,723,17,91,0.12586445366528354,3,88,0.03296703296703297,0.02351313969571231,1.4020685197155787,0.009453893271320658
corrected_pos_dep_complete,d3157b07ed0e0e15,"[""DEP_complete_advcl_rate_baixo"", ""DEP_complete_amod_rate_alto"", ""POS_ADJ_rate_alto""]",validation,sem_autor,717,703,73,0.10181311018131102,71,2,0.9726027397260274,0.9804741980474198,0.9919717843293907,-0.007871458321392355
corrected_pos_dep_complete,d3157b07ed0e0e15,"[""DEP_complete_advcl_rate_baixo"", ""DEP_complete_amod_rate_alto"", ""POS_ADJ_rate_alto""]",test,all,1440,720,186,0.12916666666666668,70,116,0.3763440860215054,0.5,0.7526881720430108,-0.12365591397849462
corrected_pos_dep_complete,d3157b07ed0e0e15,"[""DEP_complete_advcl_rate_baixo"", ""DEP_complete_amod_rate_alto"", ""POS_ADJ_rate_alto""]",test,com_autor,719,11,116,0.16133518776077885,2,114,0.017241379310344827,0.015299026425591099,1.1269592476489028,0.0019423528847537282
corrected_pos_dep_complete,d3157b07ed0e0e15,"[""DEP_complete_advcl_rate_baixo"", ""DEP_complete_amod_rate_alto"", ""POS_ADJ_rate_alto""]",test,sem_autor,721,709,70,0.0970873786407767,68,2,0.9714285714285714,0.9833564493758669,0.98787023977433,-0.01192787794729544
corrected_pos_dep_complete,99f5ddc61283e7dd,"[""DEP_complete_amod_rate_alto"", ""POS_ADJ_rate_alto""]",train,all,4320,2160,737,0.17060185185185187,321,416,0.4355495251017639,0.5,0.8710990502035278,-0.06445047489823608
corrected_pos_dep_complete,99f5ddc61283e7dd,"[""DEP_complete_amod_rate_alto"", ""POS_ADJ_rate_alto""]",train,com_autor,2157,44,415,0.1923968474733426,6,409,0.014457831325301205,0.020398701900788133,0.7087623220153341,-0.005940870575486928
corrected_pos_dep_complete,99f5ddc61283e7dd,"[""DEP_complete_amod_rate_alto"", ""POS_ADJ_rate_alto""]",train,sem_autor,2163,2116,322,0.1488673139158576,315,7,0.9782608695652174,0.9782709200184928,0.9999897263088683,-1.0050453275400884e-05
corrected_pos_dep_complete,99f5ddc61283e7dd,"[""DEP_complete_amod_rate_alto"", ""POS_ADJ_rate_alto""]",validation,all,1440,720,239,0.16597222222222222,114,125,0.4769874476987448,0.5,0.9539748953974896,-0.023012552301255207
corrected_pos_dep_complete,99f5ddc61283e7dd,"[""DEP_complete_amod_rate_alto"", ""POS_ADJ_rate_alto""]",validation,com_autor,723,17,126,0.17427385892116182,3,123,0.023809523809523808,0.02351313969571231,1.0126050420168067,0.00029638411381149865
corrected_pos_dep_complete,99f5ddc61283e7dd,"[""DEP_complete_amod_rate_alto"", ""POS_ADJ_rate_alto""]",validation,sem_autor,717,703,113,0.15760111576011157,111,2,0.9823008849557522,0.9804741980474198,1.0018630647414999,0.001826686908332431
corrected_pos_dep_complete,99f5ddc61283e7dd,"[""DEP_complete_amod_rate_alto"", ""POS_ADJ_rate_alto""]",test,all,1440,720,251,0.17430555555555555,104,147,0.41434262948207173,0.5,0.8286852589641435,-0.08565737051792827
corrected_pos_dep_complete,99f5ddc61283e7dd,"[""DEP_complete_amod_rate_alto"", ""POS_ADJ_rate_alto""]",test,com_autor,719,11,147,0.20445062586926285,3,144,0.02040816326530612,0.015299026425591099,1.333951762523191,0.005109136839715022
corrected_pos_dep_complete,99f5ddc61283e7dd,"[""DEP_complete_amod_rate_alto"", ""POS_ADJ_rate_alto""]",test,sem_autor,721,709,104,0.14424410540915394,101,3,0.9711538461538461,0.9833564493758669,0.9875908647065206,-0.012202603222020714
corrected_pos_dep_complete,b4538c62c38813b0,"[""DEP_complete_advmod_rate_baixo"", ""POS_ADV_rate_baixo"", ""POS_PROPN_rate_alto""]",train,all,4320,2160,430,0.09953703703703703,167,263,0.3883720930232558,0.5,0.7767441860465116,-0.11162790697674418
corrected_pos_dep_complete,b4538c62c38813b0,"[""DEP_complete_advmod_rate_baixo"", ""POS_ADV_rate_baixo"", ""POS_PROPN_rate_alto""]",train,com_autor,2157,44,261,0.12100139082058414,5,256,0.019157088122605363,0.020398701900788133,0.9391327063740855,-0.0012416137781827707
corrected_pos_dep_complete,b4538c62c38813b0,"[""DEP_complete_advmod_rate_baixo"", ""POS_ADV_rate_baixo"", ""POS_PROPN_rate_alto""]",train,sem_autor,2163,2116,169,0.07813222376329172,162,7,0.9585798816568047,0.9782709200184928,0.9798715898032461,-0.019691038361688062
corrected_pos_dep_complete,b4538c62c38813b0,"[""DEP_complete_advmod_rate_baixo"", ""POS_ADV_rate_baixo"", ""POS_PROPN_rate_alto""]",validation,all,1440,720,147,0.10208333333333333,50,97,0.3401360544217687,0.5,0.6802721088435374,-0.1598639455782313
corrected_pos_dep_complete,b4538c62c38813b0,"[""DEP_complete_advmod_rate_baixo"", ""POS_ADV_rate_baixo"", ""POS_PROPN_rate_alto""]",validation,com_autor,723,17,96,0.13278008298755187,1,95,0.010416666666666666,0.02351313969571231,0.4430147058823529,-0.013096473029045643
corrected_pos_dep_complete,b4538c62c38813b0,"[""DEP_complete_advmod_rate_baixo"", ""POS_ADV_rate_baixo"", ""POS_PROPN_rate_alto""]",validation,sem_autor,717,703,51,0.07112970711297072,49,2,0.9607843137254902,0.9804741980474198,0.97991799849385,-0.01968988432192953
corrected_pos_dep_complete,b4538c62c38813b0,"[""DEP_complete_advmod_rate_baixo"", ""POS_ADV_rate_baixo"", ""POS_PROPN_rate_alto""]",test,all,1440,720,150,0.10416666666666667,57,93,0.38,0.5,0.76,-0.12
corrected_pos_dep_complete,b4538c62c38813b0,"[""DEP_complete_advmod_rate_baixo"", ""POS_ADV_rate_baixo"", ""POS_PROPN_rate_alto""]",test,com_autor,719,11,93,0.12934631432545202,0,93,0.0,0.015299026425591099,0.0,-0.015299026425591099
corrected_pos_dep_complete,b4538c62c38813b0,"[""DEP_complete_advmod_rate_baixo"", ""POS_ADV_rate_baixo"", ""POS_PROPN_rate_alto""]",test,sem_autor,721,709,57,0.07905686546463246,57,0,1.0,0.9833564493758669,1.0169252468265162,0.01664355062413314
corrected_pos_dep_complete,5b2d95cb70428b24,"[""DEP_complete_advmod_rate_baixo"", ""POS_ADV_rate_baixo"", ""diversidade_baixo""]",train,all,4320,2160,362,0.0837962962962963,173,189,0.47790055248618785,0.5,0.9558011049723757,-0.022099447513812154
corrected_pos_dep_complete,5b2d95cb70428b24,"[""DEP_complete_advmod_rate_baixo"", ""POS_ADV_rate_baixo"", ""diversidade_baixo""]",train,com_autor,2157,44,193,0.08947612424663885,5,188,0.025906735751295335,0.020398701900788133,1.2700188412623643,0.005508033850507202
corrected_pos_dep_complete,5b2d95cb70428b24,"[""DEP_complete_advmod_rate_baixo"", ""POS_ADV_rate_baixo"", ""diversidade_baixo""]",train,sem_autor,2163,2116,169,0.07813222376329172,168,1,0.9940828402366864,0.9782709200184928,1.0161631301663292,0.015811920218193554
corrected_pos_dep_complete,5b2d95cb70428b24,"[""DEP_complete_advmod_rate_baixo"", ""POS_ADV_rate_baixo"", ""diversidade_baixo""]",validation,all,1440,720,119,0.08263888888888889,57,62,0.4789915966386555,0.5,0.957983193277311,-0.02100840336134452
corrected_pos_dep_complete,5b2d95cb70428b24,"[""DEP_complete_advmod_rate_baixo"", ""POS_ADV_rate_baixo"", ""diversidade_baixo""]",validation,com_autor,723,17,63,0.08713692946058091,4,59,0.06349206349206349,0.02351313969571231,2.7002801120448177,0.03997892379635118
corrected_pos_dep_complete,5b2d95cb70428b24,"[""DEP_complete_advmod_rate_baixo"", ""POS_ADV_rate_baixo"", ""diversidade_baixo""]",validation,sem_autor,717,703,56,0.07810320781032078,53,3,0.9464285714285714,0.9804741980474198,0.9652763665921561,-0.03404562661884836
corrected_pos_dep_complete,5b2d95cb70428b24,"[""DEP_complete_advmod_rate_baixo"", ""POS_ADV_rate_baixo"", ""diversidade_baixo""]",test,all,1440,720,122,0.08472222222222223,59,63,0.48360655737704916,0.5,0.9672131147540983,-0.016393442622950838
corrected_pos_dep_complete,5b2d95cb70428b24,"[""DEP_complete_advmod_rate_baixo"", ""POS_ADV_rate_baixo"", ""diversidade_baixo""]",test,com_autor,719,11,61,0.08484005563282336,0,61,0.0,0.015299026425591099,0.0,-0.015299026425591099
corrected_pos_dep_complete,5b2d95cb70428b24,"[""DEP_complete_advmod_rate_baixo"", ""POS_ADV_rate_baixo"", ""diversidade_baixo""]",test,sem_autor,721,709,61,0.08460471567267684,59,2,0.9672131147540983,0.9833564493758669,0.983583435455155,-0.016143334621768535
corrected_pos_dep_complete,23e40fe6924d7ee2,"[""POS_NOUN_rate_alto"", ""POS_PROPN_rate_baixo"", ""uppercaseRatio_baixo""]",train,all,4320,2160,363,0.08402777777777778,121,242,0.3333333333333333,0.5,0.6666666666666666,-0.16666666666666669
corrected_pos_dep_complete,23e40fe6924d7ee2,"[""POS_NOUN_rate_alto"", ""POS_PROPN_rate_baixo"", ""uppercaseRatio_baixo""]",train,com_autor,2157,44,240,0.11126564673157163,1,239,0.004166666666666667,0.020398701900788133,0.20426136363636363,-0.016232035234121468
corrected_pos_dep_complete,23e40fe6924d7ee2,"[""POS_NOUN_rate_alto"", ""POS_PROPN_rate_baixo"", ""uppercaseRatio_baixo""]",train,sem_autor,2163,2116,123,0.056865464632454926,120,3,0.975609756097561,0.9782709200184928,0.9972797270505787,-0.0026611639209318527
corrected_pos_dep_complete,23e40fe6924d7ee2,"[""POS_NOUN_rate_alto"", ""POS_PROPN_rate_baixo"", ""uppercaseRatio_baixo""]",validation,all,1440,720,112,0.07777777777777778,29,83,0.25892857142857145,0.5,0.5178571428571429,-0.24107142857142855
corrected_pos_dep_complete,23e40fe6924d7ee2,"[""POS_NOUN_rate_alto"", ""POS_PROPN_rate_baixo"", ""uppercaseRatio_baixo""]",validation,com_autor,723,17,83,0.11479944674965421,2,81,0.024096385542168676,0.02351313969571231,1.0248051027639973,0.0005832458464563664
corrected_pos_dep_complete,23e40fe6924d7ee2,"[""POS_NOUN_rate_alto"", ""POS_PROPN_rate_baixo"", ""uppercaseRatio_baixo""]",validation,sem_autor,717,703,29,0.040446304044630406,27,2,0.9310344827586207,0.9804741980474198,0.9495757100112817,-0.04943971528879909
corrected_pos_dep_complete,23e40fe6924d7ee2,"[""POS_NOUN_rate_alto"", ""POS_PROPN_rate_baixo"", ""uppercaseRatio_baixo""]",test,all,1440,720,115,0.0798611111111111,37,78,0.3217391304347826,0.5,0.6434782608695652,-0.17826086956521742
corrected_pos_dep_complete,23e40fe6924d7ee2,"[""POS_NOUN_rate_alto"", ""POS_PROPN_rate_baixo"", ""uppercaseRatio_baixo""]",test,com_autor,719,11,79,0.10987482614742698,1,78,0.012658227848101266,0.015299026425591099,0.8273878020713463,-0.0026407985774898335
corrected_pos_dep_complete,23e40fe6924d7ee2,"[""POS_NOUN_rate_alto"", ""POS_PROPN_rate_baixo"", ""uppercaseRatio_baixo""]",test,sem_autor,721,709,36,0.049930651872399444,36,0,1.0,0.9833564493758669,1.0169252468265162,0.01664355062413314
corrected_pos_dep_complete,fbe65fdd4c4720d4,"[""DEP_complete_amod_rate_baixo"", ""DEP_complete_ccomp_rate_baixo"", ""POS_ADJ_rate_baixo""]",train,all,4320,2160,433,0.10023148148148148,234,199,0.5404157043879908,0.5,1.0808314087759816,0.0404157043879908
corrected_pos_dep_complete,fbe65fdd4c4720d4,"[""DEP_complete_amod_rate_baixo"", ""DEP_complete_ccomp_rate_baixo"", ""POS_ADJ_rate_baixo""]",train,com_autor,2157,44,198,0.0917941585535466,3,195,0.015151515151515152,0.020398701900788133,0.7427685950413223,-0.005247186749272981
corrected_pos_dep_complete,fbe65fdd4c4720d4,"[""DEP_complete_amod_rate_baixo"", ""DEP_complete_ccomp_rate_baixo"", ""POS_ADJ_rate_baixo""]",train,sem_autor,2163,2116,235,0.10864539990753583,231,4,0.9829787234042553,0.9782709200184928,1.00481237179745,0.004707803385762488
corrected_pos_dep_complete,fbe65fdd4c4720d4,"[""DEP_complete_amod_rate_baixo"", ""DEP_complete_ccomp_rate_baixo"", ""POS_ADJ_rate_baixo""]",validation,all,1440,720,163,0.11319444444444444,84,79,0.5153374233128835,0.5,1.030674846625767,0.015337423312883458
corrected_pos_dep_complete,fbe65fdd4c4720d4,"[""DEP_complete_amod_rate_baixo"", ""DEP_complete_ccomp_rate_baixo"", ""POS_ADJ_rate_baixo""]",validation,com_autor,723,17,80,0.11065006915629322,2,78,0.025,0.02351313969571231,1.063235294117647,0.0014868603042876918
corrected_pos_dep_complete,fbe65fdd4c4720d4,"[""DEP_complete_amod_rate_baixo"", ""DEP_complete_ccomp_rate_baixo"", ""POS_ADJ_rate_baixo""]",validation,sem_autor,717,703,83,0.11576011157601115,82,1,0.9879518072289156,0.9804741980474198,1.0076265231623507,0.00747760918149587
corrected_pos_dep_complete,fbe65fdd4c4720d4,"[""DEP_complete_amod_rate_baixo"", ""DEP_complete_ccomp_rate_baixo"", ""POS_ADJ_rate_baixo""]",test,all,1440,720,143,0.09930555555555555,80,63,0.5594405594405595,0.5,1.118881118881119,0.05944055944055948
corrected_pos_dep_complete,fbe65fdd4c4720d4,"[""DEP_complete_amod_rate_baixo"", ""DEP_complete_ccomp_rate_baixo"", ""POS_ADJ_rate_baixo""]",test,com_autor,719,11,63,0.08762169680111266,0,63,0.0,0.015299026425591099,0.0,-0.015299026425591099
corrected_pos_dep_complete,fbe65fdd4c4720d4,"[""DEP_complete_amod_rate_baixo"", ""DEP_complete_ccomp_rate_baixo"", ""POS_ADJ_rate_baixo""]",test,sem_autor,721,709,80,0.11095700416088766,80,0,1.0,0.9833564493758669,1.0169252468265162,0.01664355062413314
corrected_pos_dep_complete,f4d7d942f5b92235,"[""DEP_complete_advmod_rate_baixo"", ""POS_ADV_rate_baixo"", ""POS_NOUN_rate_alto""]",train,all,4320,2160,394,0.0912037037037037,115,279,0.2918781725888325,0.5,0.583756345177665,-0.20812182741116753
corrected_pos_dep_complete,f4d7d942f5b92235,"[""DEP_complete_advmod_rate_baixo"", ""POS_ADV_rate_baixo"", ""POS_NOUN_rate_alto""]",train,com_autor,2157,44,275,0.12749188687992583,1,274,0.0036363636363636364,0.020398701900788133,0.17826446280991734,-0.016762338264424498
corrected_pos_dep_complete,f4d7d942f5b92235,"[""DEP_complete_advmod_rate_baixo"", ""POS_ADV_rate_baixo"", ""POS_NOUN_rate_alto""]",train,sem_autor,2163,2116,119,0.05501618122977346,114,5,0.957983193277311,0.9782709200184928,0.9792616479484044,-0.020287726741181844
corrected_pos_dep_complete,f4d7d942f5b92235,"[""DEP_complete_advmod_rate_baixo"", ""POS_ADV_rate_baixo"", ""POS_NOUN_rate_alto""]",validation,all,1440,720,141,0.09791666666666667,31,110,0.2198581560283688,0.5,0.4397163120567376,-0.2801418439716312
corrected_pos_dep_complete,f4d7d942f5b92235,"[""DEP_complete_advmod_rate_baixo"", ""POS_ADV_rate_baixo"", ""POS_NOUN_rate_alto""]",validation,com_autor,723,17,109,0.1507607192254495,2,107,0.01834862385321101,0.02351313969571231,0.7803561791689153,-0.005164515842501299
corrected_pos_dep_complete,f4d7d942f5b92235,"[""DEP_complete_advmod_rate_baixo"", ""POS_ADV_rate_baixo"", ""POS_NOUN_rate_alto""]",validation,sem_autor,717,703,32,0.044630404463040445,29,3,0.90625,0.9804741980474198,0.924297652916074,-0.07422419804741975
corrected_pos_dep_complete,f4d7d942f5b92235,"[""DEP_complete_advmod_rate_baixo"", ""POS_ADV_rate_baixo"", ""POS_NOUN_rate_alto""]",test,all,1440,720,115,0.0798611111111111,26,89,0.22608695652173913,0.5,0.45217391304347826,-0.27391304347826084
corrected_pos_dep_complete,f4d7d942f5b92235,"[""DEP_complete_advmod_rate_baixo"", ""POS_ADV_rate_baixo"", ""POS_NOUN_rate_alto""]",test,com_autor,719,11,88,0.12239221140472879,0,88,0.0,0.015299026425591099,0.0,-0.015299026425591099
corrected_pos_dep_complete,f4d7d942f5b92235,"[""DEP_complete_advmod_rate_baixo"", ""POS_ADV_rate_baixo"", ""POS_NOUN_rate_alto""]",test,sem_autor,721,709,27,0.03744798890429958,26,1,0.9629629629629629,0.9833564493758669,0.9792613487959044,-0.02039348641290395
corrected_pos_dep_complete,3f00ff4e1e5cad5b,"[""DEP_complete_advcl_rate_baixo"", ""DEP_complete_amod_rate_baixo"", ""POS_ADJ_rate_baixo""]",train,all,4320,2160,443,0.1025462962962963,236,207,0.5327313769751693,0.5,1.0654627539503385,0.03273137697516926
corrected_pos_dep_complete,3f00ff4e1e5cad5b,"[""DEP_complete_advcl_rate_baixo"", ""DEP_complete_amod_rate_baixo"", ""POS_ADJ_rate_baixo""]",train,com_autor,2157,44,204,0.09457579972183588,1,203,0.004901960784313725,0.020398701900788133,0.24030748663101603,-0.015496741116474408
corrected_pos_dep_complete,3f00ff4e1e5cad5b,"[""DEP_complete_advcl_rate_baixo"", ""DEP_complete_amod_rate_baixo"", ""POS_ADJ_rate_baixo""]",train,sem_autor,2163,2116,239,0.11049468331021729,235,4,0.9832635983263598,0.9782709200184928,1.005103574281624,0.004992678307866982
corrected_pos_dep_complete,3f00ff4e1e5cad5b,"[""DEP_complete_advcl_rate_baixo"", ""DEP_complete_amod_rate_baixo"", ""POS_ADJ_rate_baixo""]",validation,all,1440,720,170,0.11805555555555555,79,91,0.4647058823529412,0.5,0.9294117647058824,-0.03529411764705881
corrected_pos_dep_complete,3f00ff4e1e5cad5b,"[""DEP_complete_advcl_rate_baixo"", ""DEP_complete_amod_rate_baixo"", ""POS_ADJ_rate_baixo""]",validation,com_autor,723,17,91,0.12586445366528354,3,88,0.03296703296703297,0.02351313969571231,1.4020685197155787,0.009453893271320658
corrected_pos_dep_complete,3f00ff4e1e5cad5b,"[""DEP_complete_advcl_rate_baixo"", ""DEP_complete_amod_rate_baixo"", ""POS_ADJ_rate_baixo""]",validation,sem_autor,717,703,79,0.1101813110181311,76,3,0.9620253164556962,0.9804741980474198,0.9811837153609306,-0.01844888159172353
corrected_pos_dep_complete,3f00ff4e1e5cad5b,"[""DEP_complete_advcl_rate_baixo"", ""DEP_complete_amod_rate_baixo"", ""POS_ADJ_rate_baixo""]",test,all,1440,720,147,0.10208333333333333,77,70,0.5238095238095238,0.5,1.0476190476190477,0.023809523809523836
corrected_pos_dep_complete,3f00ff4e1e5cad5b,"[""DEP_complete_advcl_rate_baixo"", ""DEP_complete_amod_rate_baixo"", ""POS_ADJ_rate_baixo""]",test,com_autor,719,11,71,0.09874826147426982,1,70,0.014084507042253521,0.015299026425591099,0.9206145966709347,-0.0012145193833375777
corrected_pos_dep_complete,3f00ff4e1e5cad5b,"[""DEP_complete_advcl_rate_baixo"", ""DEP_complete_amod_rate_baixo"", ""POS_ADJ_rate_baixo""]",test,sem_autor,721,709,76,0.10540915395284327,76,0,1.0,0.9833564493758669,1.0169252468265162,0.01664355062413314
corrected_pos_dep_complete,d6fbfa466360038a,"[""DEP_complete_amod_rate_baixo"", ""POS_ADJ_rate_baixo""]",train,all,4320,2160,692,0.16018518518518518,373,319,0.5390173410404624,0.5,1.0780346820809248,0.039017341040462394
corrected_pos_dep_complete,d6fbfa466360038a,"[""DEP_complete_amod_rate_baixo"", ""POS_ADJ_rate_baixo""]",train,com_autor,2157,44,322,0.1492814093648586,7,315,0.021739130434782608,0.020398701900788133,1.0657114624505928,0.0013404285339944748
corrected_pos_dep_complete,d6fbfa466360038a,"[""DEP_complete_amod_rate_baixo"", ""POS_ADJ_rate_baixo""]",train,sem_autor,2163,2116,370,0.17105871474803513,366,4,0.9891891891891892,0.9782709200184928,1.0111607827108773,0.010918269170696382
corrected_pos_dep_complete,d6fbfa466360038a,"[""DEP_complete_amod_rate_baixo"", ""POS_ADJ_rate_baixo""]",validation,all,1440,720,256,0.17777777777777778,127,129,0.49609375,0.5,0.9921875,-0.00390625
corrected_pos_dep_complete,d6fbfa466360038a,"[""DEP_complete_amod_rate_baixo"", ""POS_ADJ_rate_baixo""]",validation,com_autor,723,17,129,0.17842323651452283,3,126,0.023255813953488372,0.02351313969571231,0.9890560875512996,-0.0002573257422239378
corrected_pos_dep_complete,d6fbfa466360038a,"[""DEP_complete_amod_rate_baixo"", ""POS_ADJ_rate_baixo""]",validation,sem_autor,717,703,127,0.17712691771269176,124,3,0.9763779527559056,0.9804741980474198,0.995822179411073,-0.0040962452915142
corrected_pos_dep_complete,d6fbfa466360038a,"[""DEP_complete_amod_rate_baixo"", ""POS_ADJ_rate_baixo""]",test,all,1440,720,240,0.16666666666666666,132,108,0.55,0.5,1.1,0.050000000000000044
corrected_pos_dep_complete,d6fbfa466360038a,"[""DEP_complete_amod_rate_baixo"", ""POS_ADJ_rate_baixo""]",test,com_autor,719,11,109,0.15159944367176634,1,108,0.009174311926605505,0.015299026425591099,0.5996663886572143,-0.006124714498985594
corrected_pos_dep_complete,d6fbfa466360038a,"[""DEP_complete_amod_rate_baixo"", ""POS_ADJ_rate_baixo""]",test,sem_autor,721,709,131,0.18169209431345354,131,0,1.0,0.9833564493758669,1.0169252468265162,0.01664355062413314
corrected_pos_dep_complete,42af3e872bfffdd3,"[""DEP_complete_advcl_rate_baixo"", ""DEP_complete_advmod_rate_baixo"", ""POS_ADV_rate_baixo""]",train,all,4320,2160,845,0.19560185185185186,331,514,0.39171597633136096,0.5,0.7834319526627219,-0.10828402366863904
corrected_pos_dep_complete,42af3e872bfffdd3,"[""DEP_complete_advcl_rate_baixo"", ""DEP_complete_advmod_rate_baixo"", ""POS_ADV_rate_baixo""]",train,com_autor,2157,44,509,0.23597589244320816,5,504,0.009823182711198428,0.020398701900788133,0.48155920700125016,-0.010575519189589705
corrected_pos_dep_complete,42af3e872bfffdd3,"[""DEP_complete_advcl_rate_baixo"", ""DEP_complete_advmod_rate_baixo"", ""POS_ADV_rate_baixo""]",train,sem_autor,2163,2116,336,0.1553398058252427,326,10,0.9702380952380952,0.9782709200184928,0.9917887523629489,-0.008032824780397574
corrected_pos_dep_complete,42af3e872bfffdd3,"[""DEP_complete_advcl_rate_baixo"", ""DEP_complete_advmod_rate_baixo"", ""POS_ADV_rate_baixo""]",validation,all,1440,720,274,0.19027777777777777,96,178,0.35036496350364965,0.5,0.7007299270072993,-0.14963503649635035
corrected_pos_dep_complete,42af3e872bfffdd3,"[""DEP_complete_advcl_rate_baixo"", ""DEP_complete_advmod_rate_baixo"", ""POS_ADV_rate_baixo""]",validation,com_autor,723,17,178,0.24619640387275243,5,173,0.028089887640449437,0.02351313969571231,1.1946463978849966,0.004576747944737128
corrected_pos_dep_complete,42af3e872bfffdd3,"[""DEP_complete_advcl_rate_baixo"", ""DEP_complete_advmod_rate_baixo"", ""POS_ADV_rate_baixo""]",validation,sem_autor,717,703,96,0.13389121338912133,91,5,0.9479166666666666,0.9804741980474198,0.9667940967283073,-0.032557531380753124
corrected_pos_dep_complete,42af3e872bfffdd3,"[""DEP_complete_advcl_rate_baixo"", ""DEP_complete_advmod_rate_baixo"", ""POS_ADV_rate_baixo""]",test,all,1440,720,295,0.2048611111111111,106,189,0.3593220338983051,0.5,0.7186440677966102,-0.14067796610169492
corrected_pos_dep_complete,42af3e872bfffdd3,"[""DEP_complete_advcl_rate_baixo"", ""DEP_complete_advmod_rate_baixo"", ""POS_ADV_rate_baixo""]",test,com_autor,719,11,189,0.26286509040333794,1,188,0.005291005291005291,0.015299026425591099,0.34583934583934584,-0.010008021134585808
corrected_pos_dep_complete,42af3e872bfffdd3,"[""DEP_complete_advcl_rate_baixo"", ""DEP_complete_advmod_rate_baixo"", ""POS_ADV_rate_baixo""]",test,sem_autor,721,709,106,0.14701803051317613,105,1,0.9905660377358491,0.9833564493758669,1.0073316124224925,0.0072095883599822
corrected_pos_dep_complete,66da8bd24b0a96c2,"[""DEP_complete_advmod_rate_baixo"", ""POS_ADV_rate_baixo"", ""uppercaseRatio_alto""]",train,all,4320,2160,359,0.08310185185185186,161,198,0.44846796657381616,0.5,0.8969359331476323,-0.05153203342618384
corrected_pos_dep_complete,66da8bd24b0a96c2,"[""DEP_complete_advmod_rate_baixo"", ""POS_ADV_rate_baixo"", ""uppercaseRatio_alto""]",train,com_autor,2157,44,196,0.09086694483078349,1,195,0.00510204081632653,0.020398701900788133,0.2501159554730983,-0.015296661084461604
corrected_pos_dep_complete,66da8bd24b0a96c2,"[""DEP_complete_advmod_rate_baixo"", ""POS_ADV_rate_baixo"", ""uppercaseRatio_alto""]",train,sem_autor,2163,2116,163,0.07535829865926953,160,3,0.9815950920245399,0.9782709200184928,1.0033980075846314,0.003324172006047066
corrected_pos_dep_complete,66da8bd24b0a96c2,"[""DEP_complete_advmod_rate_baixo"", ""POS_ADV_rate_baixo"", ""uppercaseRatio_alto""]",validation,all,1440,720,132,0.09166666666666666,51,81,0.38636363636363635,0.5,0.7727272727272727,-0.11363636363636365
corrected_pos_dep_complete,66da8bd24b0a96c2,"[""DEP_complete_advmod_rate_baixo"", ""POS_ADV_rate_baixo"", ""uppercaseRatio_alto""]",validation,com_autor,723,17,80,0.11065006915629322,1,79,0.0125,0.02351313969571231,0.5316176470588235,-0.011013139695712309
corrected_pos_dep_complete,66da8bd24b0a96c2,"[""DEP_complete_advmod_rate_baixo"", ""POS_ADV_rate_baixo"", ""uppercaseRatio_alto""]",validation,sem_autor,717,703,52,0.07252440725244072,50,2,0.9615384615384616,0.9804741980474198,0.9806871648976913,-0.01893573650895819
corrected_pos_dep_complete,66da8bd24b0a96c2,"[""DEP_complete_advmod_rate_baixo"", ""POS_ADV_rate_baixo"", ""uppercaseRatio_alto""]",test,all,1440,720,108,0.075,36,72,0.3333333333333333,0.5,0.6666666666666666,-0.16666666666666669
corrected_pos_dep_complete,66da8bd24b0a96c2,"[""DEP_complete_advmod_rate_baixo"", ""POS_ADV_rate_baixo"", ""uppercaseRatio_alto""]",test,com_autor,719,11,71,0.09874826147426982,0,71,0.0,0.015299026425591099,0.0,-0.015299026425591099
corrected_pos_dep_complete,66da8bd24b0a96c2,"[""DEP_complete_advmod_rate_baixo"", ""POS_ADV_rate_baixo"", ""uppercaseRatio_alto""]",test,sem_autor,721,709,37,0.05131761442441054,36,1,0.972972972972973,0.9833564493758669,0.9894407806960699,-0.010383476402893832
corrected_pos_dep_complete,432397db65ddcfce,"[""DEP_complete_advmod_rate_baixo"", ""POS_ADV_rate_baixo"", ""POS_PRON_rate_baixo""]",train,all,4320,2160,483,0.11180555555555556,192,291,0.39751552795031053,0.5,0.7950310559006211,-0.10248447204968947
corrected_pos_dep_complete,432397db65ddcfce,"[""DEP_complete_advmod_rate_baixo"", ""POS_ADV_rate_baixo"", ""POS_PRON_rate_baixo""]",train,com_autor,2157,44,288,0.13351877607788595,2,286,0.006944444444444444,0.020398701900788133,0.340435606060606,-0.01345425745634369
corrected_pos_dep_complete,432397db65ddcfce,"[""DEP_complete_advmod_rate_baixo"", ""POS_ADV_rate_baixo"", ""POS_PRON_rate_baixo""]",train,sem_autor,2163,2116,195,0.09015256588072122,190,5,0.9743589743589743,0.9782709200184928,0.9960011632979497,-0.003911945659518468
corrected_pos_dep_complete,432397db65ddcfce,"[""DEP_complete_advmod_rate_baixo"", ""POS_ADV_rate_baixo"", ""POS_PRON_rate_baixo""]",validation,all,1440,720,169,0.11736111111111111,54,115,0.31952662721893493,0.5,0.6390532544378699,-0.18047337278106507
corrected_pos_dep_complete,432397db65ddcfce,"[""DEP_complete_advmod_rate_baixo"", ""POS_ADV_rate_baixo"", ""POS_PRON_rate_baixo""]",validation,com_autor,723,17,114,0.15767634854771784,1,113,0.008771929824561403,0.02351313969571231,0.37306501547987614,-0.014741209871150907
corrected_pos_dep_complete,432397db65ddcfce,"[""DEP_complete_advmod_rate_baixo"", ""POS_ADV_rate_baixo"", ""POS_PRON_rate_baixo""]",validation,sem_autor,717,703,55,0.07670850767085077,53,2,0.9636363636363636,0.9804741980474198,0.9828268459847408,-0.01683783441105613
corrected_pos_dep_complete,432397db65ddcfce,"[""DEP_complete_advmod_rate_baixo"", ""POS_ADV_rate_baixo"", ""POS_PRON_rate_baixo""]",test,all,1440,720,145,0.10069444444444445,53,92,0.36551724137931035,0.5,0.7310344827586207,-0.13448275862068965
corrected_pos_dep_complete,432397db65ddcfce,"[""DEP_complete_advmod_rate_baixo"", ""POS_ADV_rate_baixo"", ""POS_PRON_rate_baixo""]",test,com_autor,719,11,92,0.12795549374130738,1,91,0.010869565217391304,0.015299026425591099,0.7104743083003953,-0.004429461208199795
corrected_pos_dep_complete,432397db65ddcfce,"[""DEP_complete_advmod_rate_baixo"", ""POS_ADV_rate_baixo"", ""POS_PRON_rate_baixo""]",test,sem_autor,721,709,53,0.07350901525658807,52,1,0.9811320754716981,0.9833564493758669,0.9977379780184688,-0.0022243739041687416
corrected_pos_dep_complete,54483f415ed609ab,"[""DEP_complete_advmod_rate_baixo"", ""DEP_complete_ccomp_rate_baixo"", ""POS_ADV_rate_baixo""]",train,all,4320,2160,794,0.1837962962962963,326,468,0.4105793450881612,0.5,0.8211586901763224,-0.08942065491183881
corrected_pos_dep_complete,54483f415ed609ab,"[""DEP_complete_advmod_rate_baixo"", ""DEP_complete_ccomp_rate_baixo"", ""POS_ADV_rate_baixo""]",train,com_autor,2157,44,466,0.21604079740380158,7,459,0.015021459227467811,0.020398701900788133,0.7363928989465469,-0.005377242673320322
corrected_pos_dep_complete,54483f415ed609ab,"[""DEP_complete_advmod_rate_baixo"", ""DEP_complete_ccomp_rate_baixo"", ""POS_ADV_rate_baixo""]",train,sem_autor,2163,2116,328,0.1516412390198798,319,9,0.9725609756097561,0.9782709200184928,0.9941632279035456,-0.0057099444087367335
corrected_pos_dep_complete,54483f415ed609ab,"[""DEP_complete_advmod_rate_baixo"", ""DEP_complete_ccomp_rate_baixo"", ""POS_ADV_rate_baixo""]",validation,all,1440,720,275,0.1909722222222222,98,177,0.3563636363636364,0.5,0.7127272727272728,-0.14363636363636362
corrected_pos_dep_complete,54483f415ed609ab,"[""DEP_complete_advmod_rate_baixo"", ""DEP_complete_ccomp_rate_baixo"", ""POS_ADV_rate_baixo""]",validation,com_autor,723,17,179,0.2475795297372061,5,174,0.027932960893854747,0.02351313969571231,1.1879723956621755,0.004419821198142437
corrected_pos_dep_complete,54483f415ed609ab,"[""DEP_complete_advmod_rate_baixo"", ""DEP_complete_ccomp_rate_baixo"", ""POS_ADV_rate_baixo""]",validation,sem_autor,717,703,96,0.13389121338912133,93,3,0.96875,0.9804741980474198,0.9880423186344239,-0.011724198047419754
corrected_pos_dep_complete,54483f415ed609ab,"[""DEP_complete_advmod_rate_baixo"", ""DEP_complete_ccomp_rate_baixo"", ""POS_ADV_rate_baixo""]",test,all,1440,720,271,0.18819444444444444,112,159,0.4132841328413284,0.5,0.8265682656826568,-0.08671586715867158
corrected_pos_dep_complete,54483f415ed609ab,"[""DEP_complete_advmod_rate_baixo"", ""DEP_complete_ccomp_rate_baixo"", ""POS_ADV_rate_baixo""]",test,com_autor,719,11,160,0.22253129346314326,1,159,0.00625,0.015299026425591099,0.40852272727272726,-0.009049026425591099
corrected_pos_dep_complete,54483f415ed609ab,"[""DEP_complete_advmod_rate_baixo"", ""DEP_complete_ccomp_rate_baixo"", ""POS_ADV_rate_baixo""]",test,sem_autor,721,709,111,0.1539528432732316,111,0,1.0,0.9833564493758669,1.0169252468265162,0.01664355062413314
corrected_pos_dep_complete,713e579fa07ec0ce,"[""DEP_complete_advmod_rate_baixo"", ""POS_ADV_rate_baixo"", ""POS_VERB_rate_baixo""]",train,all,4320,2160,357,0.08263888888888889,115,242,0.32212885154061627,0.5,0.6442577030812325,-0.17787114845938373
corrected_pos_dep_complete,713e579fa07ec0ce,"[""DEP_complete_advmod_rate_baixo"", ""POS_ADV_rate_baixo"", ""POS_VERB_rate_baixo""]",train,com_autor,2157,44,241,0.11172925359295317,2,239,0.008298755186721992,0.020398701900788133,0.4068276122218031,-0.012099946714066142
corrected_pos_dep_complete,713e579fa07ec0ce,"[""DEP_complete_advmod_rate_baixo"", ""POS_ADV_rate_baixo"", ""POS_VERB_rate_baixo""]",train,sem_autor,2163,2116,116,0.053629218677762366,113,3,0.9741379310344828,0.9782709200184928,0.9957752102209765,-0.004132988984010044
corrected_pos_dep_complete,713e579fa07ec0ce,"[""DEP_complete_advmod_rate_baixo"", ""POS_ADV_rate_baixo"", ""POS_VERB_rate_baixo""]",validation,all,1440,720,122,0.08472222222222223,24,98,0.19672131147540983,0.5,0.39344262295081966,-0.30327868852459017
corrected_pos_dep_complete,713e579fa07ec0ce,"[""DEP_complete_advmod_rate_baixo"", ""POS_ADV_rate_baixo"", ""POS_VERB_rate_baixo""]",validation,com_autor,723,17,95,0.1313969571230982,1,94,0.010526315789473684,0.02351313969571231,0.4476780185758514,-0.012986823906238626
corrected_pos_dep_complete,713e579fa07ec0ce,"[""DEP_complete_advmod_rate_baixo"", ""POS_ADV_rate_baixo"", ""POS_VERB_rate_baixo""]",validation,sem_autor,717,703,27,0.03765690376569038,23,4,0.8518518518518519,0.9804741980474198,0.8688161846056583,-0.1286223461955679
corrected_pos_dep_complete,713e579fa07ec0ce,"[""DEP_complete_advmod_rate_baixo"", ""POS_ADV_rate_baixo"", ""POS_VERB_rate_baixo""]",test,all,1440,720,108,0.075,36,72,0.3333333333333333,0.5,0.6666666666666666,-0.16666666666666669
corrected_pos_dep_complete,713e579fa07ec0ce,"[""DEP_complete_advmod_rate_baixo"", ""POS_ADV_rate_baixo"", ""POS_VERB_rate_baixo""]",test,com_autor,719,11,71,0.09874826147426982,0,71,0.0,0.015299026425591099,0.0,-0.015299026425591099
corrected_pos_dep_complete,713e579fa07ec0ce,"[""DEP_complete_advmod_rate_baixo"", ""POS_ADV_rate_baixo"", ""POS_VERB_rate_baixo""]",test,sem_autor,721,709,37,0.05131761442441054,36,1,0.972972972972973,0.9833564493758669,0.9894407806960699,-0.010383476402893832
corrected_pos_dep_complete,9b67e91ef8ab144e,"[""DEP_complete_advmod_rate_baixo"", ""POS_ADV_rate_baixo"", ""punctuationDensity_spacy_baixo""]",train,all,4320,2160,353,0.08171296296296296,92,261,0.26062322946175637,0.5,0.5212464589235127,-0.23937677053824363
corrected_pos_dep_complete,9b67e91ef8ab144e,"[""DEP_complete_advmod_rate_baixo"", ""POS_ADV_rate_baixo"", ""punctuationDensity_spacy_baixo""]",train,com_autor,2157,44,260,0.1205377839592026,6,254,0.023076923076923078,0.020398701900788133,1.1312937062937063,0.002678221176134945
corrected_pos_dep_complete,9b67e91ef8ab144e,"[""DEP_complete_advmod_rate_baixo"", ""POS_ADV_rate_baixo"", ""punctuationDensity_spacy_baixo""]",train,sem_autor,2163,2116,93,0.04299583911234397,86,7,0.9247311827956989,0.9782709200184928,0.9452710531129946,-0.053539737222793926
corrected_pos_dep_complete,9b67e91ef8ab144e,"[""DEP_complete_advmod_rate_baixo"", ""POS_ADV_rate_baixo"", ""punctuationDensity_spacy_baixo""]",validation,all,1440,720,108,0.075,23,85,0.21296296296296297,0.5,0.42592592592592593,-0.28703703703703703
corrected_pos_dep_complete,9b67e91ef8ab144e,"[""DEP_complete_advmod_rate_baixo"", ""POS_ADV_rate_baixo"", ""punctuationDensity_spacy_baixo""]",validation,com_autor,723,17,89,0.12309820193637622,6,83,0.06741573033707865,0.02351313969571231,2.867151354923992,0.04390259064136634
corrected_pos_dep_complete,9b67e91ef8ab144e,"[""DEP_complete_advmod_rate_baixo"", ""POS_ADV_rate_baixo"", ""punctuationDensity_spacy_baixo""]",validation,sem_autor,717,703,19,0.026499302649930265,17,2,0.8947368421052632,0.9804741980474198,0.9125552144942727,-0.08573735594215659
corrected_pos_dep_complete,9b67e91ef8ab144e,"[""DEP_complete_advmod_rate_baixo"", ""POS_ADV_rate_baixo"", ""punctuationDensity_spacy_baixo""]",test,all,1440,720,106,0.07361111111111111,27,79,0.25471698113207547,0.5,0.5094339622641509,-0.24528301886792453
corrected_pos_dep_complete,9b67e91ef8ab144e,"[""DEP_complete_advmod_rate_baixo"", ""POS_ADV_rate_baixo"", ""punctuationDensity_spacy_baixo""]",test,com_autor,719,11,79,0.10987482614742698,0,79,0.0,0.015299026425591099,0.0,-0.015299026425591099
corrected_pos_dep_complete,9b67e91ef8ab144e,"[""DEP_complete_advmod_rate_baixo"", ""POS_ADV_rate_baixo"", ""punctuationDensity_spacy_baixo""]",test,sem_autor,721,709,27,0.03744798890429958,27,0,1.0,0.9833564493758669,1.0169252468265162,0.01664355062413314
corrected_pos_dep_complete,9799f10175194f35,"[""DEP_complete_advmod_rate_baixo"", ""POS_ADV_rate_baixo""]",train,all,4320,2160,1202,0.27824074074074073,492,710,0.40931780366056575,0.5,0.8186356073211315,-0.09068219633943425
corrected_pos_dep_complete,9799f10175194f35,"[""DEP_complete_advmod_rate_baixo"", ""POS_ADV_rate_baixo""]",train,com_autor,2157,44,707,0.32777005099675477,9,698,0.01272984441301273,0.020398701900788133,0.6240516908833741,-0.007668857487775403
corrected_pos_dep_complete,9799f10175194f35,"[""DEP_complete_advmod_rate_baixo"", ""POS_ADV_rate_baixo""]",train,sem_autor,2163,2116,495,0.2288488210818308,483,12,0.9757575757575757,0.9782709200184928,0.9974308300395257,-0.002513344260917094
corrected_pos_dep_complete,9799f10175194f35,"[""DEP_complete_advmod_rate_baixo"", ""POS_ADV_rate_baixo""]",validation,all,1440,720,408,0.2833333333333333,150,258,0.36764705882352944,0.5,0.7352941176470589,-0.13235294117647056
corrected_pos_dep_complete,9799f10175194f35,"[""DEP_complete_advmod_rate_baixo"", ""POS_ADV_rate_baixo""]",validation,com_autor,723,17,259,0.3582295988934993,6,253,0.023166023166023165,0.02351313969571231,0.9852373381785146,-0.0003471165296891447
corrected_pos_dep_complete,9799f10175194f35,"[""DEP_complete_advmod_rate_baixo"", ""POS_ADV_rate_baixo""]",validation,sem_autor,717,703,149,0.20781032078103207,144,5,0.9664429530201343,0.9804741980474198,0.9856893276179748,-0.014031245027285477
corrected_pos_dep_complete,9799f10175194f35,"[""DEP_complete_advmod_rate_baixo"", ""POS_ADV_rate_baixo""]",test,all,1440,720,412,0.2861111111111111,158,254,0.38349514563106796,0.5,0.7669902912621359,-0.11650485436893204
corrected_pos_dep_complete,9799f10175194f35,"[""DEP_complete_advmod_rate_baixo"", ""POS_ADV_rate_baixo""]",test,com_autor,719,11,253,0.3518776077885953,1,252,0.003952569169960474,0.015299026425591099,0.25835429392741643,-0.011346457255630625
corrected_pos_dep_complete,9799f10175194f35,"[""DEP_complete_advmod_rate_baixo"", ""POS_ADV_rate_baixo""]",test,sem_autor,721,709,159,0.22052704576976423,157,2,0.9874213836477987,0.9833564493758669,1.0041337342878178,0.004064934271931886
corrected_pos_dep_complete,caf9746e47032f42,"[""DEP_complete_advmod_rate_baixo"", ""POS_ADV_rate_baixo"", ""uppercaseRatio_baixo""]",train,all,4320,2160,453,0.10486111111111111,184,269,0.40618101545253865,0.5,0.8123620309050773,-0.09381898454746135
corrected_pos_dep_complete,caf9746e47032f42,"[""DEP_complete_advmod_rate_baixo"", ""POS_ADV_rate_baixo"", ""uppercaseRatio_baixo""]",train,com_autor,2157,44,269,0.12471024571163654,6,263,0.022304832713754646,0.020398701900788133,1.0934437309901992,0.0019061308129665125
corrected_pos_dep_complete,caf9746e47032f42,"[""DEP_complete_advmod_rate_baixo"", ""POS_ADV_rate_baixo"", ""uppercaseRatio_baixo""]",train,sem_autor,2163,2116,184,0.0850670365233472,178,6,0.967391304347826,0.9782709200184928,0.9888787293498809,-0.010879615670666754
corrected_pos_dep_complete,caf9746e47032f42,"[""DEP_complete_advmod_rate_baixo"", ""POS_ADV_rate_baixo"", ""uppercaseRatio_baixo""]",validation,all,1440,720,150,0.10416666666666667,54,96,0.36,0.5,0.72,-0.14
corrected_pos_dep_complete,caf9746e47032f42,"[""DEP_complete_advmod_rate_baixo"", ""POS_ADV_rate_baixo"", ""uppercaseRatio_baixo""]",validation,com_autor,723,17,96,0.13278008298755187,3,93,0.03125,0.02351313969571231,1.3290441176470589,0.0077368603042876904
corrected_pos_dep_complete,caf9746e47032f42,"[""DEP_complete_advmod_rate_baixo"", ""POS_ADV_rate_baixo"", ""uppercaseRatio_baixo""]",validation,sem_autor,717,703,54,0.07531380753138076,51,3,0.9444444444444444,0.9804741980474198,0.9632527264106212,-0.036029753602975334
corrected_pos_dep_complete,caf9746e47032f42,"[""DEP_complete_advmod_rate_baixo"", ""POS_ADV_rate_baixo"", ""uppercaseRatio_baixo""]",test,all,1440,720,170,0.11805555555555555,76,94,0.4470588235294118,0.5,0.8941176470588236,-0.052941176470588214
corrected_pos_dep_complete,caf9746e47032f42,"[""DEP_complete_advmod_rate_baixo"", ""POS_ADV_rate_baixo"", ""uppercaseRatio_baixo""]",test,com_autor,719,11,94,0.13073713490959665,1,93,0.010638297872340425,0.015299026425591099,0.6953578336557059,-0.004660728553250674
corrected_pos_dep_complete,caf9746e47032f42,"[""DEP_complete_advmod_rate_baixo"", ""POS_ADV_rate_baixo"", ""uppercaseRatio_baixo""]",test,sem_autor,721,709,76,0.10540915395284327,75,1,0.9868421052631579,0.9833564493758669,1.0035446514735358,0.003485655887290995
corrected_pos_dep_complete,2c1b89a531c75ebb,"[""DEP_complete_ccomp_rate_baixo"", ""POS_NOUN_rate_alto"", ""POS_PROPN_rate_baixo""]",train,all,4320,2160,400,0.09259259259259259,119,281,0.2975,0.5,0.595,-0.2025
corrected_pos_dep_complete,2c1b89a531c75ebb,"[""DEP_complete_ccomp_rate_baixo"", ""POS_NOUN_rate_alto"", ""POS_PROPN_rate_baixo""]",train,com_autor,2157,44,277,0.1284191006026889,1,276,0.0036101083032490976,0.020398701900788133,0.1769773547751887,-0.016788593597539037
corrected_pos_dep_complete,2c1b89a531c75ebb,"[""DEP_complete_ccomp_rate_baixo"", ""POS_NOUN_rate_alto"", ""POS_PROPN_rate_baixo""]",train,sem_autor,2163,2116,123,0.056865464632454926,118,5,0.959349593495935,0.9782709200184928,0.9806583982664023,-0.018921326522557846
corrected_pos_dep_complete,2c1b89a531c75ebb,"[""DEP_complete_ccomp_rate_baixo"", ""POS_NOUN_rate_alto"", ""POS_PROPN_rate_baixo""]",validation,all,1440,720,112,0.07777777777777778,30,82,0.26785714285714285,0.5,0.5357142857142857,-0.23214285714285715
corrected_pos_dep_complete,2c1b89a531c75ebb,"[""DEP_complete_ccomp_rate_baixo"", ""POS_NOUN_rate_alto"", ""POS_PROPN_rate_baixo""]",validation,com_autor,723,17,83,0.11479944674965421,2,81,0.024096385542168676,0.02351313969571231,1.0248051027639973,0.0005832458464563664
corrected_pos_dep_complete,2c1b89a531c75ebb,"[""DEP_complete_ccomp_rate_baixo"", ""POS_NOUN_rate_alto"", ""POS_PROPN_rate_baixo""]",validation,sem_autor,717,703,29,0.040446304044630406,28,1,0.9655172413793104,0.9804741980474198,0.9847451807524403,-0.014956956668109367
corrected_pos_dep_complete,2c1b89a531c75ebb,"[""DEP_complete_ccomp_rate_baixo"", ""POS_NOUN_rate_alto"", ""POS_PROPN_rate_baixo""]",test,all,1440,720,128,0.08888888888888889,44,84,0.34375,0.5,0.6875,-0.15625
corrected_pos_dep_complete,2c1b89a531c75ebb,"[""DEP_complete_ccomp_rate_baixo"", ""POS_NOUN_rate_alto"", ""POS_PROPN_rate_baixo""]",test,com_autor,719,11,85,0.11821974965229486,1,84,0.011764705882352941,0.015299026425591099,0.7689839572192513,-0.003534320543238158
corrected_pos_dep_complete,2c1b89a531c75ebb,"[""DEP_complete_ccomp_rate_baixo"", ""POS_NOUN_rate_alto"", ""POS_PROPN_rate_baixo""]",test,sem_autor,721,709,43,0.059639389736477116,43,0,1.0,0.9833564493758669,1.0169252468265162,0.01664355062413314
corrected_pos_dep_complete,1fd456a085608546,"[""DEP_complete_ccomp_rate_baixo"", ""POS_NOUN_rate_baixo"", ""POS_PROPN_rate_alto""]",train,all,4320,2160,347,0.08032407407407408,211,136,0.6080691642651297,0.5,1.2161383285302594,0.10806916426512969
corrected_pos_dep_complete,1fd456a085608546,"[""DEP_complete_ccomp_rate_baixo"", ""POS_NOUN_rate_baixo"", ""POS_PROPN_rate_alto""]",train,com_autor,2157,44,138,0.06397774687065369,6,132,0.043478260869565216,0.020398701900788133,2.1314229249011856,0.023079558968777083
corrected_pos_dep_complete,1fd456a085608546,"[""DEP_complete_ccomp_rate_baixo"", ""POS_NOUN_rate_baixo"", ""POS_PROPN_rate_alto""]",train,sem_autor,2163,2116,209,0.09662505779010633,205,4,0.9808612440191388,0.9782709200184928,1.0026478595526451,0.0025903240006459605
corrected_pos_dep_complete,1fd456a085608546,"[""DEP_complete_ccomp_rate_baixo"", ""POS_NOUN_rate_baixo"", ""POS_PROPN_rate_alto""]",validation,all,1440,720,112,0.07777777777777778,63,49,0.5625,0.5,1.125,0.0625
corrected_pos_dep_complete,1fd456a085608546,"[""DEP_complete_ccomp_rate_baixo"", ""POS_NOUN_rate_baixo"", ""POS_PROPN_rate_alto""]",validation,com_autor,723,17,49,0.0677731673582296,1,48,0.02040816326530612,0.02351313969571231,0.8679471788715486,-0.0031049764304061887
corrected_pos_dep_complete,1fd456a085608546,"[""DEP_complete_ccomp_rate_baixo"", ""POS_NOUN_rate_baixo"", ""POS_PROPN_rate_alto""]",validation,sem_autor,717,703,63,0.08786610878661087,62,1,0.9841269841269841,0.9804741980474198,1.0037255300413195,0.0036527860795643186
corrected_pos_dep_complete,1fd456a085608546,"[""DEP_complete_ccomp_rate_baixo"", ""POS_NOUN_rate_baixo"", ""POS_PROPN_rate_alto""]",test,all,1440,720,98,0.06805555555555555,60,38,0.6122448979591837,0.5,1.2244897959183674,0.11224489795918369
corrected_pos_dep_complete,1fd456a085608546,"[""DEP_complete_ccomp_rate_baixo"", ""POS_NOUN_rate_baixo"", ""POS_PROPN_rate_alto""]",test,com_autor,719,11,39,0.054242002781641166,1,38,0.02564102564102564,0.015299026425591099,1.675990675990676,0.010341999215434541
corrected_pos_dep_complete,1fd456a085608546,"[""DEP_complete_ccomp_rate_baixo"", ""POS_NOUN_rate_baixo"", ""POS_PROPN_rate_alto""]",test,sem_autor,721,709,59,0.08183079056865465,59,0,1.0,0.9833564493758669,1.0169252468265162,0.01664355062413314
corrected_pos_dep_complete,192428b35c3b4328,"[""DEP_complete_advcl_rate_baixo"", ""POS_NOUN_rate_alto"", ""POS_PROPN_rate_baixo""]",train,all,4320,2160,349,0.08078703703703703,107,242,0.30659025787965616,0.5,0.6131805157593123,-0.19340974212034384
corrected_pos_dep_complete,192428b35c3b4328,"[""DEP_complete_advcl_rate_baixo"", ""POS_NOUN_rate_alto"", ""POS_PROPN_rate_baixo""]",train,com_autor,2157,44,238,0.11033843300880854,0,238,0.0,0.020398701900788133,0.0,-0.020398701900788133
corrected_pos_dep_complete,192428b35c3b4328,"[""DEP_complete_advcl_rate_baixo"", ""POS_NOUN_rate_alto"", ""POS_PROPN_rate_baixo""]",train,sem_autor,2163,2116,111,0.05131761442441054,107,4,0.963963963963964,0.9782709200184928,0.9853752618402902,-0.014306956054528808
corrected_pos_dep_complete,192428b35c3b4328,"[""DEP_complete_advcl_rate_baixo"", ""POS_NOUN_rate_alto"", ""POS_PROPN_rate_baixo""]",validation,all,1440,720,95,0.06597222222222222,27,68,0.28421052631578947,0.5,0.5684210526315789,-0.21578947368421053
corrected_pos_dep_complete,192428b35c3b4328,"[""DEP_complete_advcl_rate_baixo"", ""POS_NOUN_rate_alto"", ""POS_PROPN_rate_baixo""]",validation,com_autor,723,17,68,0.09405255878284924,2,66,0.029411764705882353,0.02351313969571231,1.2508650519031141,0.005898625010170043
corrected_pos_dep_complete,192428b35c3b4328,"[""DEP_complete_advcl_rate_baixo"", ""POS_NOUN_rate_alto"", ""POS_PROPN_rate_baixo""]",validation,sem_autor,717,703,27,0.03765690376569038,25,2,0.9259259259259259,0.9804741980474198,0.9443654180496286,-0.054548272121493824
corrected_pos_dep_complete,192428b35c3b4328,"[""DEP_complete_advcl_rate_baixo"", ""POS_NOUN_rate_alto"", ""POS_PROPN_rate_baixo""]",test,all,1440,720,128,0.08888888888888889,39,89,0.3046875,0.5,0.609375,-0.1953125
corrected_pos_dep_complete,192428b35c3b4328,"[""DEP_complete_advcl_rate_baixo"", ""POS_NOUN_rate_alto"", ""POS_PROPN_rate_baixo""]",test,com_autor,719,11,90,0.12517385257301808,1,89,0.011111111111111112,0.015299026425591099,0.7262626262626263,-0.004187915314479988
corrected_pos_dep_complete,192428b35c3b4328,"[""DEP_complete_advcl_rate_baixo"", ""POS_NOUN_rate_alto"", ""POS_PROPN_rate_baixo""]",test,sem_autor,721,709,38,0.052704576976421634,38,0,1.0,0.9833564493758669,1.0169252468265162,0.01664355062413314
corrected_pos_dep_complete,3827d0dd8fe9bbc6,"[""POS_NOUN_rate_alto"", ""POS_PROPN_rate_baixo""]",train,all,4320,2160,556,0.1287037037037037,172,384,0.30935251798561153,0.5,0.6187050359712231,-0.19064748201438847
corrected_pos_dep_complete,3827d0dd8fe9bbc6,"[""POS_NOUN_rate_alto"", ""POS_PROPN_rate_baixo""]",train,com_autor,2157,44,379,0.17570700046360685,1,378,0.002638522427440633,0.020398701900788133,0.12934756536339648,-0.0177601794733475
corrected_pos_dep_complete,3827d0dd8fe9bbc6,"[""POS_NOUN_rate_alto"", ""POS_PROPN_rate_baixo""]",train,sem_autor,2163,2116,177,0.08183079056865465,171,6,0.9661016949152542,0.9782709200184928,0.9875604754733908,-0.01216922510323859
corrected_pos_dep_complete,3827d0dd8fe9bbc6,"[""POS_NOUN_rate_alto"", ""POS_PROPN_rate_baixo""]",validation,all,1440,720,159,0.11041666666666666,46,113,0.2893081761006289,0.5,0.5786163522012578,-0.21069182389937108
corrected_pos_dep_complete,3827d0dd8fe9bbc6,"[""POS_NOUN_rate_alto"", ""POS_PROPN_rate_baixo""]",validation,com_autor,723,17,114,0.15767634854771784,3,111,0.02631578947368421,0.02351313969571231,1.1191950464396285,0.0028026497779718995
corrected_pos_dep_complete,3827d0dd8fe9bbc6,"[""POS_NOUN_rate_alto"", ""POS_PROPN_rate_baixo""]",validation,sem_autor,717,703,45,0.06276150627615062,43,2,0.9555555555555556,0.9804741980474198,0.9745851114272168,-0.02491864249186415
corrected_pos_dep_complete,3827d0dd8fe9bbc6,"[""POS_NOUN_rate_alto"", ""POS_PROPN_rate_baixo""]",test,all,1440,720,173,0.12013888888888889,55,118,0.3179190751445087,0.5,0.6358381502890174,-0.18208092485549132
corrected_pos_dep_complete,3827d0dd8fe9bbc6,"[""POS_NOUN_rate_alto"", ""POS_PROPN_rate_baixo""]",test,com_autor,719,11,119,0.16550764951321278,1,118,0.008403361344537815,0.015299026425591099,0.5492742551566081,-0.006895665081053284
corrected_pos_dep_complete,3827d0dd8fe9bbc6,"[""POS_NOUN_rate_alto"", ""POS_PROPN_rate_baixo""]",test,sem_autor,721,709,54,0.07489597780859916,54,0,1.0,0.9833564493758669,1.0169252468265162,0.01664355062413314
corrected_pos_dep_complete,5168d659e5466166,"[""DEP_complete_ccomp_rate_baixo"", ""DEP_complete_obj_rate_baixo"", ""POS_VERB_rate_baixo""]",train,all,4320,2160,379,0.08773148148148148,146,233,0.38522427440633245,0.5,0.7704485488126649,-0.11477572559366755
corrected_pos_dep_complete,5168d659e5466166,"[""DEP_complete_ccomp_rate_baixo"", ""DEP_complete_obj_rate_baixo"", ""POS_VERB_rate_baixo""]",train,com_autor,2157,44,235,0.10894761242466389,7,228,0.029787234042553193,0.020398701900788133,1.4602514506769826,0.00938853214176506
corrected_pos_dep_complete,5168d659e5466166,"[""DEP_complete_ccomp_rate_baixo"", ""DEP_complete_obj_rate_baixo"", ""POS_VERB_rate_baixo""]",train,sem_autor,2163,2116,144,0.06657420249653259,139,5,0.9652777777777778,0.9782709200184928,0.9867182577189666,-0.012993142240715017
corrected_pos_dep_complete,5168d659e5466166,"[""DEP_complete_ccomp_rate_baixo"", ""DEP_complete_obj_rate_baixo"", ""POS_VERB_rate_baixo""]",validation,all,1440,720,115,0.0798611111111111,38,77,0.33043478260869563,0.5,0.6608695652173913,-0.16956521739130437
corrected_pos_dep_complete,5168d659e5466166,"[""DEP_complete_ccomp_rate_baixo"", ""DEP_complete_obj_rate_baixo"", ""POS_VERB_rate_baixo""]",validation,com_autor,723,17,77,0.10650069156293222,2,75,0.025974025974025976,0.02351313969571231,1.1046600458365166,0.002460886278313666
corrected_pos_dep_complete,5168d659e5466166,"[""DEP_complete_ccomp_rate_baixo"", ""DEP_complete_obj_rate_baixo"", ""POS_VERB_rate_baixo""]",validation,sem_autor,717,703,38,0.05299860529986053,36,2,0.9473684210526315,0.9804741980474198,0.9662349329939358,-0.03310577699478823
corrected_pos_dep_complete,5168d659e5466166,"[""DEP_complete_ccomp_rate_baixo"", ""DEP_complete_obj_rate_baixo"", ""POS_VERB_rate_baixo""]",test,all,1440,720,141,0.09791666666666667,63,78,0.44680851063829785,0.5,0.8936170212765957,-0.05319148936170215
corrected_pos_dep_complete,5168d659e5466166,"[""DEP_complete_ccomp_rate_baixo"", ""DEP_complete_obj_rate_baixo"", ""POS_VERB_rate_baixo""]",test,com_autor,719,11,78,0.10848400556328233,1,77,0.01282051282051282,0.015299026425591099,0.837995337995338,-0.002478513605078279
corrected_pos_dep_complete,5168d659e5466166,"[""DEP_complete_ccomp_rate_baixo"", ""DEP_complete_obj_rate_baixo"", ""POS_VERB_rate_baixo""]",test,sem_autor,721,709,63,0.08737864077669903,62,1,0.9841269841269841,0.9833564493758669,1.0007835762419683,0.0007705347511172134
corrected_pos_dep_complete,5f5ef14a62dbc871,"[""DEP_complete_ccomp_rate_baixo"", ""POS_PROPN_rate_baixo"", ""uppercaseRatio_baixo""]",train,all,4320,2160,470,0.1087962962962963,174,296,0.3702127659574468,0.5,0.7404255319148936,-0.1297872340425532
corrected_pos_dep_complete,5f5ef14a62dbc871,"[""DEP_complete_ccomp_rate_baixo"", ""POS_PROPN_rate_baixo"", ""uppercaseRatio_baixo""]",train,com_autor,2157,44,296,0.13722763096893834,3,293,0.010135135135135136,0.020398701900788133,0.4968519656019656,-0.010263566765652998
corrected_pos_dep_complete,5f5ef14a62dbc871,"[""DEP_complete_ccomp_rate_baixo"", ""POS_PROPN_rate_baixo"", ""uppercaseRatio_baixo""]",train,sem_autor,2163,2116,174,0.08044382801664356,171,3,0.9827586206896551,0.9782709200184928,1.004587380222932,0.004487700671162331
corrected_pos_dep_complete,5f5ef14a62dbc871,"[""DEP_complete_ccomp_rate_baixo"", ""POS_PROPN_rate_baixo"", ""uppercaseRatio_baixo""]",validation,all,1440,720,164,0.11388888888888889,64,100,0.3902439024390244,0.5,0.7804878048780488,-0.1097560975609756
corrected_pos_dep_complete,5f5ef14a62dbc871,"[""DEP_complete_ccomp_rate_baixo"", ""POS_PROPN_rate_baixo"", ""uppercaseRatio_baixo""]",validation,com_autor,723,17,101,0.1396957123098202,2,99,0.019801980198019802,0.02351313969571231,0.8421665695981363,-0.0037111594976925073
corrected_pos_dep_complete,5f5ef14a62dbc871,"[""DEP_complete_ccomp_rate_baixo"", ""POS_PROPN_rate_baixo"", ""uppercaseRatio_baixo""]",validation,sem_autor,717,703,63,0.08786610878661087,62,1,0.9841269841269841,0.9804741980474198,1.0037255300413195,0.0036527860795643186
corrected_pos_dep_complete,5f5ef14a62dbc871,"[""DEP_complete_ccomp_rate_baixo"", ""POS_PROPN_rate_baixo"", ""uppercaseRatio_baixo""]",test,all,1440,720,157,0.10902777777777778,67,90,0.4267515923566879,0.5,0.8535031847133758,-0.07324840764331209
corrected_pos_dep_complete,5f5ef14a62dbc871,"[""DEP_complete_ccomp_rate_baixo"", ""POS_PROPN_rate_baixo"", ""uppercaseRatio_baixo""]",test,com_autor,719,11,91,0.12656467315716272,1,90,0.01098901098901099,0.015299026425591099,0.7182817182817183,-0.004310015436580109
corrected_pos_dep_complete,5f5ef14a62dbc871,"[""DEP_complete_ccomp_rate_baixo"", ""POS_PROPN_rate_baixo"", ""uppercaseRatio_baixo""]",test,sem_autor,721,709,66,0.09153952843273232,66,0,1.0,0.9833564493758669,1.0169252468265162,0.01664355062413314
corrected_pos_dep_complete,955c07a3d79c4f30,"[""POS_PROPN_rate_baixo"", ""uppercaseRatio_baixo""]",train,all,4320,2160,713,0.1650462962962963,287,426,0.40252454417952316,0.5,0.8050490883590463,-0.09747545582047684
corrected_pos_dep_complete,955c07a3d79c4f30,"[""POS_PROPN_rate_baixo"", ""uppercaseRatio_baixo""]",train,com_autor,2157,44,424,0.19656930922577653,4,420,0.009433962264150943,0.020398701900788133,0.46247855917667235,-0.01096473963663719
corrected_pos_dep_complete,955c07a3d79c4f30,"[""POS_PROPN_rate_baixo"", ""uppercaseRatio_baixo""]",train,sem_autor,2163,2116,289,0.13361072584373554,283,6,0.9792387543252595,0.9782709200184928,1.0009893315716145,0.0009678343067667239
corrected_pos_dep_complete,955c07a3d79c4f30,"[""POS_PROPN_rate_baixo"", ""uppercaseRatio_baixo""]",validation,all,1440,720,237,0.16458333333333333,102,135,0.43037974683544306,0.5,0.8607594936708861,-0.06962025316455694
corrected_pos_dep_complete,955c07a3d79c4f30,"[""POS_PROPN_rate_baixo"", ""uppercaseRatio_baixo""]",validation,com_autor,723,17,136,0.18810511756569848,3,133,0.022058823529411766,0.02351313969571231,0.9381487889273357,-0.0014543161663005434
corrected_pos_dep_complete,955c07a3d79c4f30,"[""POS_PROPN_rate_baixo"", ""uppercaseRatio_baixo""]",validation,sem_autor,717,703,101,0.14086471408647142,99,2,0.9801980198019802,0.9804741980474198,0.9997183217610524,-0.00027617824543957337
corrected_pos_dep_complete,955c07a3d79c4f30,"[""POS_PROPN_rate_baixo"", ""uppercaseRatio_baixo""]",test,all,1440,720,227,0.15763888888888888,94,133,0.41409691629955947,0.5,0.8281938325991189,-0.08590308370044053
corrected_pos_dep_complete,955c07a3d79c4f30,"[""POS_PROPN_rate_baixo"", ""uppercaseRatio_baixo""]",test,com_autor,719,11,132,0.1835883171070932,1,131,0.007575757575757576,0.015299026425591099,0.4951790633608815,-0.007723268849833523
corrected_pos_dep_complete,955c07a3d79c4f30,"[""POS_PROPN_rate_baixo"", ""uppercaseRatio_baixo""]",test,sem_autor,721,709,95,0.1317614424410541,93,2,0.9789473684210527,0.9833564493758669,0.9955162942617475,-0.004409080954814182
corrected_pos_dep_complete,e620b1f73e612f51,"[""DEP_complete_advcl_rate_baixo"", ""DEP_complete_ccomp_rate_baixo"", ""POS_VERB_rate_baixo""]",train,all,4320,2160,725,0.16782407407407407,315,410,0.43448275862068964,0.5,0.8689655172413793,-0.06551724137931036
corrected_pos_dep_complete,e620b1f73e612f51,"[""DEP_complete_advcl_rate_baixo"", ""DEP_complete_ccomp_rate_baixo"", ""POS_VERB_rate_baixo""]",train,com_autor,2157,44,404,0.18729717199814558,4,400,0.009900990099009901,0.020398701900788133,0.48537353735373534,-0.010497711801778232
corrected_pos_dep_complete,e620b1f73e612f51,"[""DEP_complete_advcl_rate_baixo"", ""DEP_complete_ccomp_rate_baixo"", ""POS_VERB_rate_baixo""]",train,sem_autor,2163,2116,321,0.14840499306518723,311,10,0.9688473520249221,0.9782709200184928,0.9903671183506175,-0.009423567993570692
corrected_pos_dep_complete,e620b1f73e612f51,"[""DEP_complete_advcl_rate_baixo"", ""DEP_complete_ccomp_rate_baixo"", ""POS_VERB_rate_baixo""]",validation,all,1440,720,232,0.16111111111111112,74,158,0.31896551724137934,0.5,0.6379310344827587,-0.18103448275862066
corrected_pos_dep_complete,e620b1f73e612f51,"[""DEP_complete_advcl_rate_baixo"", ""DEP_complete_ccomp_rate_baixo"", ""POS_VERB_rate_baixo""]",validation,com_autor,723,17,156,0.2157676348547718,3,153,0.019230769230769232,0.02351313969571231,0.8178733031674209,-0.004282370464943078
corrected_pos_dep_complete,e620b1f73e612f51,"[""DEP_complete_advcl_rate_baixo"", ""DEP_complete_ccomp_rate_baixo"", ""POS_VERB_rate_baixo""]",validation,sem_autor,717,703,76,0.10599721059972106,71,5,0.9342105263157895,0.9804741980474198,0.95281500336902,-0.04626367173163026
corrected_pos_dep_complete,e620b1f73e612f51,"[""DEP_complete_advcl_rate_baixo"", ""DEP_complete_ccomp_rate_baixo"", ""POS_VERB_rate_baixo""]",test,all,1440,720,225,0.15625,104,121,0.4622222222222222,0.5,0.9244444444444444,-0.0377777777777778
corrected_pos_dep_complete,e620b1f73e612f51,"[""DEP_complete_advcl_rate_baixo"", ""DEP_complete_ccomp_rate_baixo"", ""POS_VERB_rate_baixo""]",test,com_autor,719,11,122,0.16968011126564672,2,120,0.01639344262295082,0.015299026425591099,1.0715350223546944,0.0010944161973597214
corrected_pos_dep_complete,e620b1f73e612f51,"[""DEP_complete_advcl_rate_baixo"", ""DEP_complete_ccomp_rate_baixo"", ""POS_VERB_rate_baixo""]",test,sem_autor,721,709,103,0.14285714285714285,102,1,0.9902912621359223,0.9833564493758669,1.007052186177715,0.006934812760055475
corrected_pos_dep_complete,ea1a6377187254a2,"[""DEP_complete_advcl_rate_baixo"", ""POS_PROPN_rate_baixo"", ""uppercaseRatio_baixo""]",train,all,4320,2160,410,0.09490740740740741,159,251,0.3878048780487805,0.5,0.775609756097561,-0.1121951219512195
corrected_pos_dep_complete,ea1a6377187254a2,"[""DEP_complete_advcl_rate_baixo"", ""POS_PROPN_rate_baixo"", ""uppercaseRatio_baixo""]",train,com_autor,2157,44,248,0.11497450162262401,2,246,0.008064516129032258,0.020398701900788133,0.39534457478005863,-0.012334185771755875
corrected_pos_dep_complete,ea1a6377187254a2,"[""DEP_complete_advcl_rate_baixo"", ""POS_PROPN_rate_baixo"", ""uppercaseRatio_baixo""]",train,sem_autor,2163,2116,162,0.07489597780859916,157,5,0.9691358024691358,0.9782709200184928,0.9906619757753973,-0.00913511754935703
corrected_pos_dep_complete,ea1a6377187254a2,"[""DEP_complete_advcl_rate_baixo"", ""POS_PROPN_rate_baixo"", ""uppercaseRatio_baixo""]",validation,all,1440,720,145,0.10069444444444445,62,83,0.42758620689655175,0.5,0.8551724137931035,-0.07241379310344825
corrected_pos_dep_complete,ea1a6377187254a2,"[""DEP_complete_advcl_rate_baixo"", ""POS_PROPN_rate_baixo"", ""uppercaseRatio_baixo""]",validation,com_autor,723,17,83,0.11479944674965421,2,81,0.024096385542168676,0.02351313969571231,1.0248051027639973,0.0005832458464563664
corrected_pos_dep_complete,ea1a6377187254a2,"[""DEP_complete_advcl_rate_baixo"", ""POS_PROPN_rate_baixo"", ""uppercaseRatio_baixo""]",validation,sem_autor,717,703,62,0.08647140864714087,60,2,0.967741935483871,0.9804741980474198,0.9870141788647732,-0.012732262563548757
corrected_pos_dep_complete,ea1a6377187254a2,"[""DEP_complete_advcl_rate_baixo"", ""POS_PROPN_rate_baixo"", ""uppercaseRatio_baixo""]",test,all,1440,720,144,0.1,54,90,0.375,0.5,0.75,-0.125
corrected_pos_dep_complete,ea1a6377187254a2,"[""DEP_complete_advcl_rate_baixo"", ""POS_PROPN_rate_baixo"", ""uppercaseRatio_baixo""]",test,com_autor,719,11,91,0.12656467315716272,1,90,0.01098901098901099,0.015299026425591099,0.7182817182817183,-0.004310015436580109
corrected_pos_dep_complete,ea1a6377187254a2,"[""DEP_complete_advcl_rate_baixo"", ""POS_PROPN_rate_baixo"", ""uppercaseRatio_baixo""]",test,sem_autor,721,709,53,0.07350901525658807,53,0,1.0,0.9833564493758669,1.0169252468265162,0.01664355062413314
corrected_pos_dep_complete,b1134acc38e7f6bc,"[""DEP_complete_ccomp_rate_baixo"", ""DEP_complete_nsubj_rate_baixo"", ""POS_VERB_rate_baixo""]",train,all,4320,2160,404,0.09351851851851851,146,258,0.3613861386138614,0.5,0.7227722772277227,-0.13861386138613863
corrected_pos_dep_complete,b1134acc38e7f6bc,"[""DEP_complete_ccomp_rate_baixo"", ""DEP_complete_nsubj_rate_baixo"", ""POS_VERB_rate_baixo""]",train,com_autor,2157,44,257,0.11914696337505795,5,252,0.019455252918287938,0.020398701900788133,0.9537495578351609,-0.0009434489825001953
corrected_pos_dep_complete,b1134acc38e7f6bc,"[""DEP_complete_ccomp_rate_baixo"", ""DEP_complete_nsubj_rate_baixo"", ""POS_VERB_rate_baixo""]",train,sem_autor,2163,2116,147,0.06796116504854369,141,6,0.9591836734693877,0.9782709200184928,0.9804887928706454,-0.019087246549105097
corrected_pos_dep_complete,b1134acc38e7f6bc,"[""DEP_complete_ccomp_rate_baixo"", ""DEP_complete_nsubj_rate_baixo"", ""POS_VERB_rate_baixo""]",validation,all,1440,720,135,0.09375,40,95,0.2962962962962963,0.5,0.5925925925925926,-0.20370370370370372
corrected_pos_dep_complete,b1134acc38e7f6bc,"[""DEP_complete_ccomp_rate_baixo"", ""DEP_complete_nsubj_rate_baixo"", ""POS_VERB_rate_baixo""]",validation,com_autor,723,17,96,0.13278008298755187,2,94,0.020833333333333332,0.02351313969571231,0.8860294117647058,-0.0026798063623789774
corrected_pos_dep_complete,b1134acc38e7f6bc,"[""DEP_complete_ccomp_rate_baixo"", ""DEP_complete_nsubj_rate_baixo"", ""POS_VERB_rate_baixo""]",validation,sem_autor,717,703,39,0.05439330543933055,38,1,0.9743589743589743,0.9804741980474198,0.9937629937629938,-0.006115223688445415
corrected_pos_dep_complete,b1134acc38e7f6bc,"[""DEP_complete_ccomp_rate_baixo"", ""DEP_complete_nsubj_rate_baixo"", ""POS_VERB_rate_baixo""]",test,all,1440,720,128,0.08888888888888889,55,73,0.4296875,0.5,0.859375,-0.0703125
corrected_pos_dep_complete,b1134acc38e7f6bc,"[""DEP_complete_ccomp_rate_baixo"", ""DEP_complete_nsubj_rate_baixo"", ""POS_VERB_rate_baixo""]",test,com_autor,719,11,74,0.10292072322670376,1,73,0.013513513513513514,0.015299026425591099,0.8832923832923834,-0.0017855129120775848
corrected_pos_dep_complete,b1134acc38e7f6bc,"[""DEP_complete_ccomp_rate_baixo"", ""DEP_complete_nsubj_rate_baixo"", ""POS_VERB_rate_baixo""]",test,sem_autor,721,709,54,0.07489597780859916,54,0,1.0,0.9833564493758669,1.0169252468265162,0.01664355062413314
corrected_pos_dep_complete,adc7186f6426850d,"[""DEP_complete_advmod_rate_baixo"", ""DEP_complete_ccomp_rate_baixo"", ""POS_PROPN_rate_alto""]",train,all,4320,2160,406,0.09398148148148149,184,222,0.45320197044334976,0.5,0.9064039408866995,-0.046798029556650245
corrected_pos_dep_complete,adc7186f6426850d,"[""DEP_complete_advmod_rate_baixo"", ""DEP_complete_ccomp_rate_baixo"", ""POS_PROPN_rate_alto""]",train,com_autor,2157,44,223,0.1033843300880853,8,215,0.03587443946188341,0.020398701900788133,1.7586628618018751,0.015475737561095274
corrected_pos_dep_complete,adc7186f6426850d,"[""DEP_complete_advmod_rate_baixo"", ""DEP_complete_ccomp_rate_baixo"", ""POS_PROPN_rate_alto""]",train,sem_autor,2163,2116,183,0.08460471567267684,176,7,0.9617486338797814,0.9782709200184928,0.9831107254640676,-0.01652228613871143
corrected_pos_dep_complete,adc7186f6426850d,"[""DEP_complete_advmod_rate_baixo"", ""DEP_complete_ccomp_rate_baixo"", ""POS_PROPN_rate_alto""]",validation,all,1440,720,137,0.09513888888888888,54,83,0.39416058394160586,0.5,0.7883211678832117,-0.10583941605839414
corrected_pos_dep_complete,adc7186f6426850d,"[""DEP_complete_advmod_rate_baixo"", ""DEP_complete_ccomp_rate_baixo"", ""POS_PROPN_rate_alto""]",validation,com_autor,723,17,81,0.11203319502074689,1,80,0.012345679012345678,0.02351313969571231,0.5250544662309368,-0.011167460683366631
corrected_pos_dep_complete,adc7186f6426850d,"[""DEP_complete_advmod_rate_baixo"", ""DEP_complete_ccomp_rate_baixo"", ""POS_PROPN_rate_alto""]",validation,sem_autor,717,703,56,0.07810320781032078,53,3,0.9464285714285714,0.9804741980474198,0.9652763665921561,-0.03404562661884836
corrected_pos_dep_complete,adc7186f6426850d,"[""DEP_complete_advmod_rate_baixo"", ""DEP_complete_ccomp_rate_baixo"", ""POS_PROPN_rate_alto""]",test,all,1440,720,125,0.08680555555555555,57,68,0.456,0.5,0.912,-0.043999999999999984
corrected_pos_dep_complete,adc7186f6426850d,"[""DEP_complete_advmod_rate_baixo"", ""DEP_complete_ccomp_rate_baixo"", ""POS_PROPN_rate_alto""]",test,com_autor,719,11,67,0.09318497913769123,0,67,0.0,0.015299026425591099,0.0,-0.015299026425591099
corrected_pos_dep_complete,adc7186f6426850d,"[""DEP_complete_advmod_rate_baixo"", ""DEP_complete_ccomp_rate_baixo"", ""POS_PROPN_rate_alto""]",test,sem_autor,721,709,58,0.08044382801664356,57,1,0.9827586206896551,0.9833564493758669,0.9993920529157142,-0.000597828686211721
corrected_pos_dep_complete,d73694a187492ff2,"[""DEP_complete_advcl_rate_baixo"", ""DEP_complete_advmod_rate_baixo"", ""POS_PROPN_rate_alto""]",train,all,4320,2160,417,0.09652777777777778,169,248,0.4052757793764988,0.5,0.8105515587529976,-0.09472422062350122
corrected_pos_dep_complete,d73694a187492ff2,"[""DEP_complete_advcl_rate_baixo"", ""DEP_complete_advmod_rate_baixo"", ""POS_PROPN_rate_alto""]",train,com_autor,2157,44,246,0.11404728789986092,4,242,0.016260162601626018,0.020398701900788133,0.7971175166297118,-0.004138539299162115
corrected_pos_dep_complete,d73694a187492ff2,"[""DEP_complete_advcl_rate_baixo"", ""DEP_complete_advmod_rate_baixo"", ""POS_PROPN_rate_alto""]",train,sem_autor,2163,2116,171,0.07905686546463246,165,6,0.9649122807017544,0.9782709200184928,0.9863446423241469,-0.013358639316738419
corrected_pos_dep_complete,d73694a187492ff2,"[""DEP_complete_advcl_rate_baixo"", ""DEP_complete_advmod_rate_baixo"", ""POS_PROPN_rate_alto""]",validation,all,1440,720,141,0.09791666666666667,49,92,0.3475177304964539,0.5,0.6950354609929078,-0.1524822695035461
corrected_pos_dep_complete,d73694a187492ff2,"[""DEP_complete_advcl_rate_baixo"", ""DEP_complete_advmod_rate_baixo"", ""POS_PROPN_rate_alto""]",validation,com_autor,723,17,88,0.12171507607192254,0,88,0.0,0.02351313969571231,0.0,-0.02351313969571231
corrected_pos_dep_complete,d73694a187492ff2,"[""DEP_complete_advcl_rate_baixo"", ""DEP_complete_advmod_rate_baixo"", ""POS_PROPN_rate_alto""]",validation,sem_autor,717,703,53,0.07391910739191074,49,4,0.9245283018867925,0.9804741980474198,0.9429399608148368,-0.055945896160627284
corrected_pos_dep_complete,d73694a187492ff2,"[""DEP_complete_advcl_rate_baixo"", ""DEP_complete_advmod_rate_baixo"", ""POS_PROPN_rate_alto""]",test,all,1440,720,135,0.09375,56,79,0.4148148148148148,0.5,0.8296296296296296,-0.0851851851851852
corrected_pos_dep_complete,d73694a187492ff2,"[""DEP_complete_advcl_rate_baixo"", ""DEP_complete_advmod_rate_baixo"", ""POS_PROPN_rate_alto""]",test,com_autor,719,11,78,0.10848400556328233,0,78,0.0,0.015299026425591099,0.0,-0.015299026425591099
corrected_pos_dep_complete,d73694a187492ff2,"[""DEP_complete_advcl_rate_baixo"", ""DEP_complete_advmod_rate_baixo"", ""POS_PROPN_rate_alto""]",test,sem_autor,721,709,57,0.07905686546463246,56,1,0.9824561403508771,0.9833564493758669,0.9990844530225422,-0.0009003090249897205
corrected_pos_dep_complete,62101ba3d6ae8e69,"[""DEP_complete_advmod_rate_baixo"", ""DEP_complete_ccomp_rate_baixo"", ""POS_VERB_rate_baixo""]",train,all,4320,2160,444,0.10277777777777777,154,290,0.34684684684684686,0.5,0.6936936936936937,-0.15315315315315314
corrected_pos_dep_complete,62101ba3d6ae8e69,"[""DEP_complete_advmod_rate_baixo"", ""DEP_complete_ccomp_rate_baixo"", ""POS_VERB_rate_baixo""]",train,com_autor,2157,44,287,0.1330551692165044,4,283,0.013937282229965157,0.020398701900788133,0.68324358568261,-0.0064614196708229765
corrected_pos_dep_complete,62101ba3d6ae8e69,"[""DEP_complete_advmod_rate_baixo"", ""DEP_complete_ccomp_rate_baixo"", ""POS_VERB_rate_baixo""]",train,sem_autor,2163,2116,157,0.07258437355524734,150,7,0.9554140127388535,0.9782709200184928,0.9766354014906145,-0.022856907279639294
corrected_pos_dep_complete,62101ba3d6ae8e69,"[""DEP_complete_advmod_rate_baixo"", ""DEP_complete_ccomp_rate_baixo"", ""POS_VERB_rate_baixo""]",validation,all,1440,720,140,0.09722222222222222,30,110,0.21428571428571427,0.5,0.42857142857142855,-0.2857142857142857
corrected_pos_dep_complete,62101ba3d6ae8e69,"[""DEP_complete_advmod_rate_baixo"", ""DEP_complete_ccomp_rate_baixo"", ""POS_VERB_rate_baixo""]",validation,com_autor,723,17,108,0.14937759336099585,1,107,0.009259259259259259,0.02351313969571231,0.3937908496732026,-0.01425388043645305
corrected_pos_dep_complete,62101ba3d6ae8e69,"[""DEP_complete_advmod_rate_baixo"", ""DEP_complete_ccomp_rate_baixo"", ""POS_VERB_rate_baixo""]",validation,sem_autor,717,703,32,0.044630404463040445,29,3,0.90625,0.9804741980474198,0.924297652916074,-0.07422419804741975
corrected_pos_dep_complete,62101ba3d6ae8e69,"[""DEP_complete_advmod_rate_baixo"", ""DEP_complete_ccomp_rate_baixo"", ""POS_VERB_rate_baixo""]",test,all,1440,720,124,0.08611111111111111,48,76,0.3870967741935484,0.5,0.7741935483870968,-0.11290322580645162
corrected_pos_dep_complete,62101ba3d6ae8e69,"[""DEP_complete_advmod_rate_baixo"", ""DEP_complete_ccomp_rate_baixo"", ""POS_VERB_rate_baixo""]",test,com_autor,719,11,75,0.1043115438108484,0,75,0.0,0.015299026425591099,0.0,-0.015299026425591099
corrected_pos_dep_complete,62101ba3d6ae8e69,"[""DEP_complete_advmod_rate_baixo"", ""DEP_complete_ccomp_rate_baixo"", ""POS_VERB_rate_baixo""]",test,sem_autor,721,709,49,0.06796116504854369,48,1,0.9795918367346939,0.9833564493758669,0.9961716703606689,-0.003764612641173004
corrected_pos_dep_complete,ca0bbc0e00abeff0,"[""DEP_complete_advcl_rate_baixo"", ""DEP_complete_obj_rate_baixo"", ""POS_VERB_rate_baixo""]",train,all,4320,2160,411,0.09513888888888888,157,254,0.3819951338199513,0.5,0.7639902676399026,-0.11800486618004868
corrected_pos_dep_complete,ca0bbc0e00abeff0,"[""DEP_complete_advcl_rate_baixo"", ""DEP_complete_obj_rate_baixo"", ""POS_VERB_rate_baixo""]",train,com_autor,2157,44,252,0.1168289290681502,4,248,0.015873015873015872,0.020398701900788133,0.778138528138528,-0.004525686027772261
corrected_pos_dep_complete,ca0bbc0e00abeff0,"[""DEP_complete_advcl_rate_baixo"", ""DEP_complete_obj_rate_baixo"", ""POS_VERB_rate_baixo""]",train,sem_autor,2163,2116,159,0.07350901525658807,153,6,0.9622641509433962,0.9782709200184928,0.9836376930484717,-0.016006769075096572
corrected_pos_dep_complete,ca0bbc0e00abeff0,"[""DEP_complete_advcl_rate_baixo"", ""DEP_complete_obj_rate_baixo"", ""POS_VERB_rate_baixo""]",validation,all,1440,720,122,0.08472222222222223,42,80,0.3442622950819672,0.5,0.6885245901639344,-0.1557377049180328
corrected_pos_dep_complete,ca0bbc0e00abeff0,"[""DEP_complete_advcl_rate_baixo"", ""DEP_complete_obj_rate_baixo"", ""POS_VERB_rate_baixo""]",validation,com_autor,723,17,80,0.11065006915629322,2,78,0.025,0.02351313969571231,1.063235294117647,0.0014868603042876918
corrected_pos_dep_complete,ca0bbc0e00abeff0,"[""DEP_complete_advcl_rate_baixo"", ""DEP_complete_obj_rate_baixo"", ""POS_VERB_rate_baixo""]",validation,sem_autor,717,703,42,0.058577405857740586,40,2,0.9523809523809523,0.9804741980474198,0.9713472871367608,-0.028093245666467426
corrected_pos_dep_complete,ca0bbc0e00abeff0,"[""DEP_complete_advcl_rate_baixo"", ""DEP_complete_obj_rate_baixo"", ""POS_VERB_rate_baixo""]",test,all,1440,720,151,0.10486111111111111,62,89,0.4105960264900662,0.5,0.8211920529801324,-0.08940397350993379
corrected_pos_dep_complete,ca0bbc0e00abeff0,"[""DEP_complete_advcl_rate_baixo"", ""DEP_complete_obj_rate_baixo"", ""POS_VERB_rate_baixo""]",test,com_autor,719,11,88,0.12239221140472879,1,87,0.011363636363636364,0.015299026425591099,0.7427685950413223,-0.003935390061954735
corrected_pos_dep_complete,ca0bbc0e00abeff0,"[""DEP_complete_advcl_rate_baixo"", ""DEP_complete_obj_rate_baixo"", ""POS_VERB_rate_baixo""]",test,sem_autor,721,709,63,0.08737864077669903,61,2,0.9682539682539683,0.9833564493758669,0.9846419056574205,-0.015102481121898603
corrected_pos_dep_complete,9ea2847b0b1aee75,"[""DEP_complete_advmod_rate_baixo"", ""DEP_complete_ccomp_rate_baixo"", ""DEP_complete_nsubj_rate_baixo""]",train,all,4320,2160,425,0.09837962962962964,138,287,0.3247058823529412,0.5,0.6494117647058824,-0.17529411764705882
corrected_pos_dep_complete,9ea2847b0b1aee75,"[""DEP_complete_advmod_rate_baixo"", ""DEP_complete_ccomp_rate_baixo"", ""DEP_complete_nsubj_rate_baixo""]",train,com_autor,2157,44,285,0.13212795549374132,4,281,0.014035087719298246,0.020398701900788133,0.6880382775119617,-0.006363614181489887
corrected_pos_dep_complete,9ea2847b0b1aee75,"[""DEP_complete_advmod_rate_baixo"", ""DEP_complete_ccomp_rate_baixo"", ""DEP_complete_nsubj_rate_baixo""]",train,sem_autor,2163,2116,140,0.06472491909385113,134,6,0.9571428571428572,0.9782709200184928,0.9784026465028356,-0.021128062875635623
corrected_pos_dep_complete,9ea2847b0b1aee75,"[""DEP_complete_advmod_rate_baixo"", ""DEP_complete_ccomp_rate_baixo"", ""DEP_complete_nsubj_rate_baixo""]",validation,all,1440,720,145,0.10069444444444445,43,102,0.296551724137931,0.5,0.593103448275862,-0.20344827586206898
corrected_pos_dep_complete,9ea2847b0b1aee75,"[""DEP_complete_advmod_rate_baixo"", ""DEP_complete_ccomp_rate_baixo"", ""DEP_complete_nsubj_rate_baixo""]",validation,com_autor,723,17,103,0.14246196403872752,3,100,0.02912621359223301,0.02351313969571231,1.238720731010851,0.005613073896520701
corrected_pos_dep_complete,9ea2847b0b1aee75,"[""DEP_complete_advmod_rate_baixo"", ""DEP_complete_ccomp_rate_baixo"", ""DEP_complete_nsubj_rate_baixo""]",validation,sem_autor,717,703,42,0.058577405857740586,40,2,0.9523809523809523,0.9804741980474198,0.9713472871367608,-0.028093245666467426
corrected_pos_dep_complete,9ea2847b0b1aee75,"[""DEP_complete_advmod_rate_baixo"", ""DEP_complete_ccomp_rate_baixo"", ""DEP_complete_nsubj_rate_baixo""]",test,all,1440,720,128,0.08888888888888889,46,82,0.359375,0.5,0.71875,-0.140625
corrected_pos_dep_complete,9ea2847b0b1aee75,"[""DEP_complete_advmod_rate_baixo"", ""DEP_complete_ccomp_rate_baixo"", ""DEP_complete_nsubj_rate_baixo""]",test,com_autor,719,11,82,0.11404728789986092,0,82,0.0,0.015299026425591099,0.0,-0.015299026425591099
corrected_pos_dep_complete,9ea2847b0b1aee75,"[""DEP_complete_advmod_rate_baixo"", ""DEP_complete_ccomp_rate_baixo"", ""DEP_complete_nsubj_rate_baixo""]",test,sem_autor,721,709,46,0.0638002773925104,46,0,1.0,0.9833564493758669,1.0169252468265162,0.01664355062413314
corrected_pos_dep_complete,26c16f09530e73a6,"[""DEP_complete_advmod_rate_baixo"", ""DEP_complete_ccomp_rate_baixo"", ""POS_NOUN_rate_alto""]",train,all,4320,2160,413,0.09560185185185185,129,284,0.31234866828087166,0.5,0.6246973365617433,-0.18765133171912834
corrected_pos_dep_complete,26c16f09530e73a6,"[""DEP_complete_advmod_rate_baixo"", ""DEP_complete_ccomp_rate_baixo"", ""POS_NOUN_rate_alto""]",train,com_autor,2157,44,277,0.1284191006026889,2,275,0.007220216606498195,0.020398701900788133,0.3539547095503774,-0.013178485294289938
corrected_pos_dep_complete,26c16f09530e73a6,"[""DEP_complete_advmod_rate_baixo"", ""DEP_complete_ccomp_rate_baixo"", ""POS_NOUN_rate_alto""]",train,sem_autor,2163,2116,136,0.06287563569116968,127,9,0.9338235294117647,0.9782709200184928,0.9545653563883021,-0.04444739060672809
corrected_pos_dep_complete,26c16f09530e73a6,"[""DEP_complete_advmod_rate_baixo"", ""DEP_complete_ccomp_rate_baixo"", ""POS_NOUN_rate_alto""]",validation,all,1440,720,138,0.09583333333333334,36,102,0.2608695652173913,0.5,0.5217391304347826,-0.2391304347826087
corrected_pos_dep_complete,26c16f09530e73a6,"[""DEP_complete_advmod_rate_baixo"", ""DEP_complete_ccomp_rate_baixo"", ""POS_NOUN_rate_alto""]",validation,com_autor,723,17,102,0.14107883817427386,1,101,0.00980392156862745,0.02351313969571231,0.41695501730103807,-0.013709218127084859
corrected_pos_dep_complete,26c16f09530e73a6,"[""DEP_complete_advmod_rate_baixo"", ""DEP_complete_ccomp_rate_baixo"", ""POS_NOUN_rate_alto""]",validation,sem_autor,717,703,36,0.0502092050209205,35,1,0.9722222222222222,0.9804741980474198,0.99158368895211,-0.008251975825197544
corrected_pos_dep_complete,26c16f09530e73a6,"[""DEP_complete_advmod_rate_baixo"", ""DEP_complete_ccomp_rate_baixo"", ""POS_NOUN_rate_alto""]",test,all,1440,720,118,0.08194444444444444,38,80,0.3220338983050847,0.5,0.6440677966101694,-0.17796610169491528
corrected_pos_dep_complete,26c16f09530e73a6,"[""DEP_complete_advmod_rate_baixo"", ""DEP_complete_ccomp_rate_baixo"", ""POS_NOUN_rate_alto""]",test,com_autor,719,11,80,0.11126564673157163,0,80,0.0,0.015299026425591099,0.0,-0.015299026425591099
corrected_pos_dep_complete,26c16f09530e73a6,"[""DEP_complete_advmod_rate_baixo"", ""DEP_complete_ccomp_rate_baixo"", ""POS_NOUN_rate_alto""]",test,sem_autor,721,709,38,0.052704576976421634,38,0,1.0,0.9833564493758669,1.0169252468265162,0.01664355062413314
corrected_pos_dep_complete,498ec0efbf5a3645,"[""DEP_complete_ccomp_rate_baixo"", ""DEP_complete_nsubj_rate_baixo"", ""DEP_complete_obj_rate_baixo""]",train,all,4320,2160,362,0.0837962962962963,126,236,0.34806629834254144,0.5,0.6961325966850829,-0.15193370165745856
corrected_pos_dep_complete,498ec0efbf5a3645,"[""DEP_complete_ccomp_rate_baixo"", ""DEP_complete_nsubj_rate_baixo"", ""DEP_complete_obj_rate_baixo""]",train,com_autor,2157,44,239,0.11080203987019008,4,235,0.016736401673640166,0.020398701900788133,0.8204640547736781,-0.0036623002271479674
corrected_pos_dep_complete,498ec0efbf5a3645,"[""DEP_complete_ccomp_rate_baixo"", ""DEP_complete_nsubj_rate_baixo"", ""DEP_complete_obj_rate_baixo""]",train,sem_autor,2163,2116,123,0.056865464632454926,122,1,0.991869918699187,0.9782709200184928,1.013901055834755,0.013598998680694141
corrected_pos_dep_complete,498ec0efbf5a3645,"[""DEP_complete_ccomp_rate_baixo"", ""DEP_complete_nsubj_rate_baixo"", ""DEP_complete_obj_rate_baixo""]",validation,all,1440,720,113,0.07847222222222222,49,64,0.4336283185840708,0.5,0.8672566371681416,-0.0663716814159292
corrected_pos_dep_complete,498ec0efbf5a3645,"[""DEP_complete_ccomp_rate_baixo"", ""DEP_complete_nsubj_rate_baixo"", ""DEP_complete_obj_rate_baixo""]",validation,com_autor,723,17,66,0.0912863070539419,3,63,0.045454545454545456,0.02351313969571231,1.933155080213904,0.021941405758833146
corrected_pos_dep_complete,498ec0efbf5a3645,"[""DEP_complete_ccomp_rate_baixo"", ""DEP_complete_nsubj_rate_baixo"", ""DEP_complete_obj_rate_baixo""]",validation,sem_autor,717,703,47,0.06555090655509066,46,1,0.9787234042553191,0.9804741980474198,0.9982143397596925,-0.0017507937921006356
corrected_pos_dep_complete,498ec0efbf5a3645,"[""DEP_complete_ccomp_rate_baixo"", ""DEP_complete_nsubj_rate_baixo"", ""DEP_complete_obj_rate_baixo""]",test,all,1440,720,116,0.08055555555555556,52,64,0.4482758620689655,0.5,0.896551724137931,-0.051724137931034475
corrected_pos_dep_complete,498ec0efbf5a3645,"[""DEP_complete_ccomp_rate_baixo"", ""DEP_complete_nsubj_rate_baixo"", ""DEP_complete_obj_rate_baixo""]",test,com_autor,719,11,64,0.0890125173852573,0,64,0.0,0.015299026425591099,0.0,-0.015299026425591099
corrected_pos_dep_complete,498ec0efbf5a3645,"[""DEP_complete_ccomp_rate_baixo"", ""DEP_complete_nsubj_rate_baixo"", ""DEP_complete_obj_rate_baixo""]",test,sem_autor,721,709,52,0.07212205270457697,52,0,1.0,0.9833564493758669,1.0169252468265162,0.01664355062413314
corrected_pos_dep_complete,e2e4777499043a87,"[""DEP_complete_advmod_rate_baixo"", ""DEP_complete_ccomp_rate_baixo"", ""punctuationDensity_spacy_baixo""]",train,all,4320,2160,368,0.08518518518518518,109,259,0.296195652173913,0.5,0.592391304347826,-0.20380434782608697
corrected_pos_dep_complete,e2e4777499043a87,"[""DEP_complete_advmod_rate_baixo"", ""DEP_complete_ccomp_rate_baixo"", ""punctuationDensity_spacy_baixo""]",train,com_autor,2157,44,255,0.11821974965229486,8,247,0.03137254901960784,0.020398701900788133,1.5379679144385026,0.01097384711881971
corrected_pos_dep_complete,e2e4777499043a87,"[""DEP_complete_advmod_rate_baixo"", ""DEP_complete_ccomp_rate_baixo"", ""punctuationDensity_spacy_baixo""]",train,sem_autor,2163,2116,113,0.05224225612575127,101,12,0.8938053097345132,0.9782709200184928,0.9136582632116031,-0.08446561028397959
corrected_pos_dep_complete,e2e4777499043a87,"[""DEP_complete_advmod_rate_baixo"", ""DEP_complete_ccomp_rate_baixo"", ""punctuationDensity_spacy_baixo""]",validation,all,1440,720,105,0.07291666666666667,35,70,0.3333333333333333,0.5,0.6666666666666666,-0.16666666666666669
corrected_pos_dep_complete,e2e4777499043a87,"[""DEP_complete_advmod_rate_baixo"", ""DEP_complete_ccomp_rate_baixo"", ""punctuationDensity_spacy_baixo""]",validation,com_autor,723,17,74,0.10235131396957123,5,69,0.06756756756756757,0.02351313969571231,2.873608903020668,0.04405442787185526
corrected_pos_dep_complete,e2e4777499043a87,"[""DEP_complete_advmod_rate_baixo"", ""DEP_complete_ccomp_rate_baixo"", ""punctuationDensity_spacy_baixo""]",validation,sem_autor,717,703,31,0.043235704323570434,30,1,0.967741935483871,0.9804741980474198,0.9870141788647732,-0.012732262563548757
corrected_pos_dep_complete,e2e4777499043a87,"[""DEP_complete_advmod_rate_baixo"", ""DEP_complete_ccomp_rate_baixo"", ""punctuationDensity_spacy_baixo""]",test,all,1440,720,99,0.06875,23,76,0.23232323232323232,0.5,0.46464646464646464,-0.2676767676767677
corrected_pos_dep_complete,e2e4777499043a87,"[""DEP_complete_advmod_rate_baixo"", ""DEP_complete_ccomp_rate_baixo"", ""punctuationDensity_spacy_baixo""]",test,com_autor,719,11,77,0.1070931849791377,1,76,0.012987012987012988,0.015299026425591099,0.8488783943329399,-0.0023120134385781112
corrected_pos_dep_complete,e2e4777499043a87,"[""DEP_complete_advmod_rate_baixo"", ""DEP_complete_ccomp_rate_baixo"", ""punctuationDensity_spacy_baixo""]",test,sem_autor,721,709,22,0.030513176144244106,22,0,1.0,0.9833564493758669,1.0169252468265162,0.01664355062413314
corrected_pos_dep_complete,ac4e3e930cbc1db3,"[""DEP_complete_advcl_rate_baixo"", ""DEP_complete_advmod_rate_baixo"", ""DEP_complete_obj_rate_baixo""]",train,all,4320,2160,378,0.0875,135,243,0.35714285714285715,0.5,0.7142857142857143,-0.14285714285714285
corrected_pos_dep_complete,ac4e3e930cbc1db3,"[""DEP_complete_advcl_rate_baixo"", ""DEP_complete_advmod_rate_baixo"", ""DEP_complete_obj_rate_baixo""]",train,com_autor,2157,44,240,0.11126564673157163,2,238,0.008333333333333333,0.020398701900788133,0.40852272727272726,-0.0120653685674548
corrected_pos_dep_complete,ac4e3e930cbc1db3,"[""DEP_complete_advcl_rate_baixo"", ""DEP_complete_advmod_rate_baixo"", ""DEP_complete_obj_rate_baixo""]",train,sem_autor,2163,2116,138,0.0638002773925104,133,5,0.9637681159420289,0.9782709200184928,0.985175063696885,-0.014502804076463871
corrected_pos_dep_complete,ac4e3e930cbc1db3,"[""DEP_complete_advcl_rate_baixo"", ""DEP_complete_advmod_rate_baixo"", ""DEP_complete_obj_rate_baixo""]",validation,all,1440,720,105,0.07291666666666667,33,72,0.3142857142857143,0.5,0.6285714285714286,-0.18571428571428572
corrected_pos_dep_complete,ac4e3e930cbc1db3,"[""DEP_complete_advcl_rate_baixo"", ""DEP_complete_advmod_rate_baixo"", ""DEP_complete_obj_rate_baixo""]",validation,com_autor,723,17,72,0.0995850622406639,1,71,0.013888888888888888,0.02351313969571231,0.5906862745098039,-0.009624250806823421
corrected_pos_dep_complete,ac4e3e930cbc1db3,"[""DEP_complete_advcl_rate_baixo"", ""DEP_complete_advmod_rate_baixo"", ""DEP_complete_obj_rate_baixo""]",validation,sem_autor,717,703,33,0.04602510460251046,32,1,0.9696969696969697,0.9804741980474198,0.9890081469028839,-0.01077722835045003
corrected_pos_dep_complete,ac4e3e930cbc1db3,"[""DEP_complete_advcl_rate_baixo"", ""DEP_complete_advmod_rate_baixo"", ""DEP_complete_obj_rate_baixo""]",test,all,1440,720,124,0.08611111111111111,50,74,0.4032258064516129,0.5,0.8064516129032258,-0.09677419354838712
corrected_pos_dep_complete,ac4e3e930cbc1db3,"[""DEP_complete_advcl_rate_baixo"", ""DEP_complete_advmod_rate_baixo"", ""DEP_complete_obj_rate_baixo""]",test,com_autor,719,11,72,0.10013908205841446,0,72,0.0,0.015299026425591099,0.0,-0.015299026425591099
corrected_pos_dep_complete,ac4e3e930cbc1db3,"[""DEP_complete_advcl_rate_baixo"", ""DEP_complete_advmod_rate_baixo"", ""DEP_complete_obj_rate_baixo""]",test,sem_autor,721,709,52,0.07212205270457697,50,2,0.9615384615384616,0.9833564493758669,0.9778127373331887,-0.021817987837405295
corrected_pos_dep_complete,29bec1fea9c76132,"[""DEP_complete_advcl_rate_baixo"", ""DEP_complete_ccomp_rate_baixo"", ""DEP_complete_nsubj_rate_baixo""]",train,all,4320,2160,592,0.13703703703703704,243,349,0.41047297297297297,0.5,0.8209459459459459,-0.08952702702702703
corrected_pos_dep_complete,29bec1fea9c76132,"[""DEP_complete_advcl_rate_baixo"", ""DEP_complete_ccomp_rate_baixo"", ""DEP_complete_nsubj_rate_baixo""]",train,com_autor,2157,44,345,0.1599443671766342,2,343,0.005797101449275362,0.020398701900788133,0.28418972332015807,-0.014601600451512771
corrected_pos_dep_complete,29bec1fea9c76132,"[""DEP_complete_advcl_rate_baixo"", ""DEP_complete_ccomp_rate_baixo"", ""DEP_complete_nsubj_rate_baixo""]",train,sem_autor,2163,2116,247,0.11419325011558021,241,6,0.9757085020242915,0.9782709200184928,0.9973806662942073,-0.002562417994201316
corrected_pos_dep_complete,29bec1fea9c76132,"[""DEP_complete_advcl_rate_baixo"", ""DEP_complete_ccomp_rate_baixo"", ""DEP_complete_nsubj_rate_baixo""]",validation,all,1440,720,218,0.15138888888888888,95,123,0.43577981651376146,0.5,0.8715596330275229,-0.06422018348623854
corrected_pos_dep_complete,29bec1fea9c76132,"[""DEP_complete_advcl_rate_baixo"", ""DEP_complete_ccomp_rate_baixo"", ""DEP_complete_nsubj_rate_baixo""]",validation,com_autor,723,17,125,0.17289073305670816,4,121,0.032,0.02351313969571231,1.3609411764705883,0.008486860304287691
corrected_pos_dep_complete,29bec1fea9c76132,"[""DEP_complete_advcl_rate_baixo"", ""DEP_complete_ccomp_rate_baixo"", ""DEP_complete_nsubj_rate_baixo""]",validation,sem_autor,717,703,93,0.1297071129707113,91,2,0.978494623655914,0.9804741980474198,0.9979810030743818,-0.001979574391505756
corrected_pos_dep_complete,29bec1fea9c76132,"[""DEP_complete_advcl_rate_baixo"", ""DEP_complete_ccomp_rate_baixo"", ""DEP_complete_nsubj_rate_baixo""]",test,all,1440,720,189,0.13125,84,105,0.4444444444444444,0.5,0.8888888888888888,-0.05555555555555558
corrected_pos_dep_complete,29bec1fea9c76132,"[""DEP_complete_advcl_rate_baixo"", ""DEP_complete_ccomp_rate_baixo"", ""DEP_complete_nsubj_rate_baixo""]",test,com_autor,719,11,107,0.14881780250347706,2,105,0.018691588785046728,0.015299026425591099,1.221750212404418,0.0033925623594556285
corrected_pos_dep_complete,29bec1fea9c76132,"[""DEP_complete_advcl_rate_baixo"", ""DEP_complete_ccomp_rate_baixo"", ""DEP_complete_nsubj_rate_baixo""]",test,sem_autor,721,709,82,0.11373092926490985,82,0,1.0,0.9833564493758669,1.0169252468265162,0.01664355062413314
corrected_pos_dep_complete,b322c5e577721ee5,"[""DEP_complete_advcl_rate_baixo"", ""DEP_complete_advmod_rate_baixo"", ""punctuationDensity_spacy_baixo""]",train,all,4320,2160,350,0.08101851851851852,96,254,0.2742857142857143,0.5,0.5485714285714286,-0.2257142857142857
corrected_pos_dep_complete,b322c5e577721ee5,"[""DEP_complete_advcl_rate_baixo"", ""DEP_complete_advmod_rate_baixo"", ""punctuationDensity_spacy_baixo""]",train,com_autor,2157,44,247,0.11451089476124246,3,244,0.012145748987854251,0.020398701900788133,0.5954177401545823,-0.008252952912933882
corrected_pos_dep_complete,b322c5e577721ee5,"[""DEP_complete_advcl_rate_baixo"", ""DEP_complete_advmod_rate_baixo"", ""punctuationDensity_spacy_baixo""]",train,sem_autor,2163,2116,103,0.047619047619047616,93,10,0.9029126213592233,0.9782709200184928,0.92296786389414,-0.07535829865926946
corrected_pos_dep_complete,b322c5e577721ee5,"[""DEP_complete_advcl_rate_baixo"", ""DEP_complete_advmod_rate_baixo"", ""punctuationDensity_spacy_baixo""]",validation,all,1440,720,106,0.07361111111111111,27,79,0.25471698113207547,0.5,0.5094339622641509,-0.24528301886792453
corrected_pos_dep_complete,b322c5e577721ee5,"[""DEP_complete_advcl_rate_baixo"", ""DEP_complete_advmod_rate_baixo"", ""punctuationDensity_spacy_baixo""]",validation,com_autor,723,17,81,0.11203319502074689,5,76,0.06172839506172839,0.02351313969571231,2.625272331154684,0.03821525536601608
corrected_pos_dep_complete,b322c5e577721ee5,"[""DEP_complete_advcl_rate_baixo"", ""DEP_complete_advmod_rate_baixo"", ""punctuationDensity_spacy_baixo""]",validation,sem_autor,717,703,25,0.03486750348675035,22,3,0.88,0.9804741980474198,0.897524893314367,-0.10047419804741975
corrected_pos_dep_complete,b322c5e577721ee5,"[""DEP_complete_advcl_rate_baixo"", ""DEP_complete_advmod_rate_baixo"", ""punctuationDensity_spacy_baixo""]",test,all,1440,720,100,0.06944444444444445,25,75,0.25,0.5,0.5,-0.25
corrected_pos_dep_complete,b322c5e577721ee5,"[""DEP_complete_advcl_rate_baixo"", ""DEP_complete_advmod_rate_baixo"", ""punctuationDensity_spacy_baixo""]",test,com_autor,719,11,75,0.1043115438108484,0,75,0.0,0.015299026425591099,0.0,-0.015299026425591099
corrected_pos_dep_complete,b322c5e577721ee5,"[""DEP_complete_advcl_rate_baixo"", ""DEP_complete_advmod_rate_baixo"", ""punctuationDensity_spacy_baixo""]",test,sem_autor,721,709,25,0.03467406380027739,25,0,1.0,0.9833564493758669,1.0169252468265162,0.01664355062413314
corrected_pos_dep_complete,923a7e7de6ebcdbb,"[""DEP_complete_advcl_rate_baixo"", ""DEP_complete_advmod_rate_baixo"", ""POS_VERB_rate_baixo""]",train,all,4320,2160,424,0.09814814814814815,147,277,0.3466981132075472,0.5,0.6933962264150944,-0.15330188679245282
corrected_pos_dep_complete,923a7e7de6ebcdbb,"[""DEP_complete_advcl_rate_baixo"", ""DEP_complete_advmod_rate_baixo"", ""POS_VERB_rate_baixo""]",train,com_autor,2157,44,272,0.1261010662957812,1,271,0.003676470588235294,0.020398701900788133,0.180230614973262,-0.01672223131255284
corrected_pos_dep_complete,923a7e7de6ebcdbb,"[""DEP_complete_advcl_rate_baixo"", ""DEP_complete_advmod_rate_baixo"", ""POS_VERB_rate_baixo""]",train,sem_autor,2163,2116,152,0.07027276930189552,146,6,0.9605263157894737,0.9782709200184928,0.9818612575863098,-0.017744604229019134
corrected_pos_dep_complete,923a7e7de6ebcdbb,"[""DEP_complete_advcl_rate_baixo"", ""DEP_complete_advmod_rate_baixo"", ""POS_VERB_rate_baixo""]",validation,all,1440,720,139,0.09652777777777778,30,109,0.2158273381294964,0.5,0.4316546762589928,-0.2841726618705036
corrected_pos_dep_complete,923a7e7de6ebcdbb,"[""DEP_complete_advcl_rate_baixo"", ""DEP_complete_advmod_rate_baixo"", ""POS_VERB_rate_baixo""]",validation,com_autor,723,17,105,0.14522821576763487,1,104,0.009523809523809525,0.02351313969571231,0.40504201680672275,-0.013989330171902785
corrected_pos_dep_complete,923a7e7de6ebcdbb,"[""DEP_complete_advcl_rate_baixo"", ""DEP_complete_advmod_rate_baixo"", ""POS_VERB_rate_baixo""]",validation,sem_autor,717,703,34,0.04741980474198047,29,5,0.8529411764705882,0.9804741980474198,0.8699272027445402,-0.12753302157683155
corrected_pos_dep_complete,923a7e7de6ebcdbb,"[""DEP_complete_advcl_rate_baixo"", ""DEP_complete_advmod_rate_baixo"", ""POS_VERB_rate_baixo""]",test,all,1440,720,122,0.08472222222222223,44,78,0.36065573770491804,0.5,0.7213114754098361,-0.13934426229508196
corrected_pos_dep_complete,923a7e7de6ebcdbb,"[""DEP_complete_advcl_rate_baixo"", ""DEP_complete_advmod_rate_baixo"", ""POS_VERB_rate_baixo""]",test,com_autor,719,11,76,0.10570236439499305,0,76,0.0,0.015299026425591099,0.0,-0.015299026425591099
corrected_pos_dep_complete,923a7e7de6ebcdbb,"[""DEP_complete_advcl_rate_baixo"", ""DEP_complete_advmod_rate_baixo"", ""POS_VERB_rate_baixo""]",test,sem_autor,721,709,46,0.0638002773925104,44,2,0.9565217391304348,0.9833564493758669,0.972711105660146,-0.026834710245432047
corrected_pos_dep_complete,723948e541002f72,"[""DEP_complete_ccomp_rate_baixo"", ""POS_VERB_rate_baixo"", ""uppercaseRatio_baixo""]",train,all,4320,2160,380,0.08796296296296297,146,234,0.38421052631578945,0.5,0.7684210526315789,-0.11578947368421055
corrected_pos_dep_complete,723948e541002f72,"[""DEP_complete_ccomp_rate_baixo"", ""POS_VERB_rate_baixo"", ""uppercaseRatio_baixo""]",train,com_autor,2157,44,233,0.10802039870190079,5,228,0.02145922746781116,0.020398701900788133,1.0519898556379241,0.0010605255670230254
corrected_pos_dep_complete,723948e541002f72,"[""DEP_complete_ccomp_rate_baixo"", ""POS_VERB_rate_baixo"", ""uppercaseRatio_baixo""]",train,sem_autor,2163,2116,147,0.06796116504854369,141,6,0.9591836734693877,0.9782709200184928,0.9804887928706454,-0.019087246549105097
corrected_pos_dep_complete,723948e541002f72,"[""DEP_complete_ccomp_rate_baixo"", ""POS_VERB_rate_baixo"", ""uppercaseRatio_baixo""]",validation,all,1440,720,122,0.08472222222222223,37,85,0.30327868852459017,0.5,0.6065573770491803,-0.19672131147540983
corrected_pos_dep_complete,723948e541002f72,"[""DEP_complete_ccomp_rate_baixo"", ""POS_VERB_rate_baixo"", ""uppercaseRatio_baixo""]",validation,com_autor,723,17,83,0.11479944674965421,0,83,0.0,0.02351313969571231,0.0,-0.02351313969571231
corrected_pos_dep_complete,723948e541002f72,"[""DEP_complete_ccomp_rate_baixo"", ""POS_VERB_rate_baixo"", ""uppercaseRatio_baixo""]",validation,sem_autor,717,703,39,0.05439330543933055,37,2,0.9487179487179487,0.9804741980474198,0.9676113360323887,-0.031756249329471076
corrected_pos_dep_complete,723948e541002f72,"[""DEP_complete_ccomp_rate_baixo"", ""POS_VERB_rate_baixo"", ""uppercaseRatio_baixo""]",test,all,1440,720,121,0.08402777777777778,55,66,0.45454545454545453,0.5,0.9090909090909091,-0.04545454545454547
corrected_pos_dep_complete,723948e541002f72,"[""DEP_complete_ccomp_rate_baixo"", ""POS_VERB_rate_baixo"", ""uppercaseRatio_baixo""]",test,com_autor,719,11,67,0.09318497913769123,2,65,0.029850746268656716,0.015299026425591099,1.9511533242876526,0.014551719843065617
corrected_pos_dep_complete,723948e541002f72,"[""DEP_complete_ccomp_rate_baixo"", ""POS_VERB_rate_baixo"", ""uppercaseRatio_baixo""]",test,sem_autor,721,709,54,0.07489597780859916,53,1,0.9814814814814815,0.9833564493758669,0.9980932978112104,-0.0018749678943853487
corrected_pos_dep_complete,554fcfcfd50a63d3,"[""DEP_complete_advmod_rate_baixo"", ""POS_PROPN_rate_alto""]",train,all,4320,2160,561,0.12986111111111112,242,319,0.43137254901960786,0.5,0.8627450980392157,-0.06862745098039214
corrected_pos_dep_complete,554fcfcfd50a63d3,"[""DEP_complete_advmod_rate_baixo"", ""POS_PROPN_rate_alto""]",train,com_autor,2157,44,320,0.1483541956420955,9,311,0.028125,0.020398701900788133,1.3787642045454545,0.007726298099211867
corrected_pos_dep_complete,554fcfcfd50a63d3,"[""DEP_complete_advmod_rate_baixo"", ""POS_PROPN_rate_alto""]",train,sem_autor,2163,2116,241,0.11141932501155802,233,8,0.966804979253112,0.9782709200184928,0.988279380966201,-0.011465940765380767
corrected_pos_dep_complete,554fcfcfd50a63d3,"[""DEP_complete_advmod_rate_baixo"", ""POS_PROPN_rate_alto""]",validation,all,1440,720,192,0.13333333333333333,73,119,0.3802083333333333,0.5,0.7604166666666666,-0.11979166666666669
corrected_pos_dep_complete,554fcfcfd50a63d3,"[""DEP_complete_advmod_rate_baixo"", ""POS_PROPN_rate_alto""]",validation,com_autor,723,17,116,0.16044260027662519,1,115,0.008620689655172414,0.02351313969571231,0.36663286004056794,-0.014892450040539896
corrected_pos_dep_complete,554fcfcfd50a63d3,"[""DEP_complete_advmod_rate_baixo"", ""POS_PROPN_rate_alto""]",validation,sem_autor,717,703,76,0.10599721059972106,72,4,0.9473684210526315,0.9804741980474198,0.9662349329939358,-0.03310577699478823
corrected_pos_dep_complete,554fcfcfd50a63d3,"[""DEP_complete_advmod_rate_baixo"", ""POS_PROPN_rate_alto""]",test,all,1440,720,184,0.12777777777777777,78,106,0.42391304347826086,0.5,0.8478260869565217,-0.07608695652173914
corrected_pos_dep_complete,554fcfcfd50a63d3,"[""DEP_complete_advmod_rate_baixo"", ""POS_PROPN_rate_alto""]",test,com_autor,719,11,105,0.14603616133518776,0,105,0.0,0.015299026425591099,0.0,-0.015299026425591099
corrected_pos_dep_complete,554fcfcfd50a63d3,"[""DEP_complete_advmod_rate_baixo"", ""POS_PROPN_rate_alto""]",test,sem_autor,721,709,79,0.10957004160887657,78,1,0.9873417721518988,0.9833564493758669,1.0040527753476995,0.003985322776031919
corrected_pos_dep_complete,2dd17c2f686ed600,"[""DEP_complete_ccomp_rate_baixo"", ""DEP_complete_nsubj_rate_baixo"", ""POS_PRON_rate_baixo""]",train,all,4320,2160,442,0.10231481481481482,189,253,0.4276018099547511,0.5,0.8552036199095022,-0.07239819004524889
corrected_pos_dep_complete,2dd17c2f686ed600,"[""DEP_complete_ccomp_rate_baixo"", ""DEP_complete_nsubj_rate_baixo"", ""POS_PRON_rate_baixo""]",train,com_autor,2157,44,255,0.11821974965229486,6,249,0.023529411764705882,0.020398701900788133,1.1534759358288769,0.0031307098639177487
corrected_pos_dep_complete,2dd17c2f686ed600,"[""DEP_complete_ccomp_rate_baixo"", ""DEP_complete_nsubj_rate_baixo"", ""POS_PRON_rate_baixo""]",train,sem_autor,2163,2116,187,0.08645399907535829,183,4,0.9786096256684492,0.9782709200184928,1.0003462288850924,0.0003387056499564167
corrected_pos_dep_complete,2dd17c2f686ed600,"[""DEP_complete_ccomp_rate_baixo"", ""DEP_complete_nsubj_rate_baixo"", ""POS_PRON_rate_baixo""]",validation,all,1440,720,137,0.09513888888888888,52,85,0.3795620437956204,0.5,0.7591240875912408,-0.12043795620437958
corrected_pos_dep_complete,2dd17c2f686ed600,"[""DEP_complete_ccomp_rate_baixo"", ""DEP_complete_nsubj_rate_baixo"", ""POS_PRON_rate_baixo""]",validation,com_autor,723,17,84,0.11618257261410789,1,83,0.011904761904761904,0.02351313969571231,0.5063025210084033,-0.011608377790950405
corrected_pos_dep_complete,2dd17c2f686ed600,"[""DEP_complete_ccomp_rate_baixo"", ""DEP_complete_nsubj_rate_baixo"", ""POS_PRON_rate_baixo""]",validation,sem_autor,717,703,53,0.07391910739191074,51,2,0.9622641509433962,0.9804741980474198,0.9814273061542178,-0.01821004710402352
corrected_pos_dep_complete,2dd17c2f686ed600,"[""DEP_complete_ccomp_rate_baixo"", ""DEP_complete_nsubj_rate_baixo"", ""POS_PRON_rate_baixo""]",test,all,1440,720,135,0.09375,61,74,0.45185185185185184,0.5,0.9037037037037037,-0.04814814814814816
corrected_pos_dep_complete,2dd17c2f686ed600,"[""DEP_complete_ccomp_rate_baixo"", ""DEP_complete_nsubj_rate_baixo"", ""POS_PRON_rate_baixo""]",test,com_autor,719,11,75,0.1043115438108484,1,74,0.013333333333333334,0.015299026425591099,0.8715151515151516,-0.001965693092257765
corrected_pos_dep_complete,2dd17c2f686ed600,"[""DEP_complete_ccomp_rate_baixo"", ""DEP_complete_nsubj_rate_baixo"", ""POS_PRON_rate_baixo""]",test,sem_autor,721,709,60,0.08321775312066575,60,0,1.0,0.9833564493758669,1.0169252468265162,0.01664355062413314
corrected_pos_dep_complete,55f3b588fc9aef5a,"[""DEP_complete_ccomp_rate_baixo"", ""DEP_complete_nsubj_rate_baixo""]",train,all,4320,2160,909,0.21041666666666667,384,525,0.42244224422442245,0.5,0.8448844884488449,-0.07755775577557755
corrected_pos_dep_complete,55f3b588fc9aef5a,"[""DEP_complete_ccomp_rate_baixo"", ""DEP_complete_nsubj_rate_baixo""]",train,com_autor,2157,44,527,0.24432081594807603,10,517,0.018975332068311195,0.020398701900788133,0.9302225288942555,-0.0014233698324769388
corrected_pos_dep_complete,55f3b588fc9aef5a,"[""DEP_complete_ccomp_rate_baixo"", ""DEP_complete_nsubj_rate_baixo""]",train,sem_autor,2163,2116,382,0.17660656495607951,374,8,0.9790575916230366,0.9782709200184928,1.0008041449341343,0.0007866716045438205
corrected_pos_dep_complete,55f3b588fc9aef5a,"[""DEP_complete_ccomp_rate_baixo"", ""DEP_complete_nsubj_rate_baixo""]",validation,all,1440,720,323,0.22430555555555556,142,181,0.43962848297213625,0.5,0.8792569659442725,-0.06037151702786375
corrected_pos_dep_complete,55f3b588fc9aef5a,"[""DEP_complete_ccomp_rate_baixo"", ""DEP_complete_nsubj_rate_baixo""]",validation,com_autor,723,17,185,0.25587828492392806,6,179,0.032432432432432434,0.02351313969571231,1.3793322734499207,0.008919292736720125
corrected_pos_dep_complete,55f3b588fc9aef5a,"[""DEP_complete_ccomp_rate_baixo"", ""DEP_complete_nsubj_rate_baixo""]",validation,sem_autor,717,703,138,0.19246861924686193,136,2,0.9855072463768116,0.9804741980474198,1.005133279732822,0.005033048329391887
corrected_pos_dep_complete,55f3b588fc9aef5a,"[""DEP_complete_ccomp_rate_baixo"", ""DEP_complete_nsubj_rate_baixo""]",test,all,1440,720,277,0.19236111111111112,130,147,0.4693140794223827,0.5,0.9386281588447654,-0.03068592057761732
corrected_pos_dep_complete,55f3b588fc9aef5a,"[""DEP_complete_ccomp_rate_baixo"", ""DEP_complete_nsubj_rate_baixo""]",test,com_autor,719,11,149,0.20723226703755215,2,147,0.013422818791946308,0.015299026425591099,0.8773642464917633,-0.0018762076336447907
corrected_pos_dep_complete,55f3b588fc9aef5a,"[""DEP_complete_ccomp_rate_baixo"", ""DEP_complete_nsubj_rate_baixo""]",test,sem_autor,721,709,128,0.17753120665742025,128,0,1.0,0.9833564493758669,1.0169252468265162,0.01664355062413314
corrected_pos_dep_complete,a1b37839689be5a1,"[""DEP_complete_advcl_rate_baixo"", ""DEP_complete_advmod_rate_baixo"", ""POS_NOUN_rate_alto""]",train,all,4320,2160,379,0.08773148148148148,110,269,0.29023746701846964,0.5,0.5804749340369393,-0.20976253298153036
corrected_pos_dep_complete,a1b37839689be5a1,"[""DEP_complete_advcl_rate_baixo"", ""DEP_complete_advmod_rate_baixo"", ""POS_NOUN_rate_alto""]",train,com_autor,2157,44,263,0.12192860454334724,1,262,0.0038022813688212928,0.020398701900788133,0.18639820255789835,-0.01659642053196684
corrected_pos_dep_complete,a1b37839689be5a1,"[""DEP_complete_advcl_rate_baixo"", ""DEP_complete_advmod_rate_baixo"", ""POS_NOUN_rate_alto""]",train,sem_autor,2163,2116,116,0.053629218677762366,109,7,0.9396551724137931,0.9782709200184928,0.9605265302131544,-0.03861574760469966
corrected_pos_dep_complete,a1b37839689be5a1,"[""DEP_complete_advcl_rate_baixo"", ""DEP_complete_advmod_rate_baixo"", ""POS_NOUN_rate_alto""]",validation,all,1440,720,128,0.08888888888888889,28,100,0.21875,0.5,0.4375,-0.28125
corrected_pos_dep_complete,a1b37839689be5a1,"[""DEP_complete_advcl_rate_baixo"", ""DEP_complete_advmod_rate_baixo"", ""POS_NOUN_rate_alto""]",validation,com_autor,723,17,99,0.13692946058091288,2,97,0.020202020202020204,0.02351313969571231,0.859180035650624,-0.003311119493692106
corrected_pos_dep_complete,a1b37839689be5a1,"[""DEP_complete_advcl_rate_baixo"", ""DEP_complete_advmod_rate_baixo"", ""POS_NOUN_rate_alto""]",validation,sem_autor,717,703,29,0.040446304044630406,26,3,0.896551724137931,0.9804741980474198,0.9144062392701232,-0.0839224739094887
corrected_pos_dep_complete,a1b37839689be5a1,"[""DEP_complete_advcl_rate_baixo"", ""DEP_complete_advmod_rate_baixo"", ""POS_NOUN_rate_alto""]",test,all,1440,720,120,0.08333333333333333,32,88,0.26666666666666666,0.5,0.5333333333333333,-0.23333333333333334
corrected_pos_dep_complete,a1b37839689be5a1,"[""DEP_complete_advcl_rate_baixo"", ""DEP_complete_advmod_rate_baixo"", ""POS_NOUN_rate_alto""]",test,com_autor,719,11,87,0.12100139082058414,0,87,0.0,0.015299026425591099,0.0,-0.015299026425591099
corrected_pos_dep_complete,a1b37839689be5a1,"[""DEP_complete_advcl_rate_baixo"", ""DEP_complete_advmod_rate_baixo"", ""POS_NOUN_rate_alto""]",test,sem_autor,721,709,33,0.04576976421636616,32,1,0.9696969696969697,0.9833564493758669,0.9861093302560158,-0.013659479678897135
corrected_pos_dep_complete,99e74d5bae0a9c78,"[""DEP_complete_ccomp_rate_baixo"", ""DEP_complete_nsubj_rate_baixo"", ""uppercaseRatio_baixo""]",train,all,4320,2160,402,0.09305555555555556,161,241,0.40049751243781095,0.5,0.8009950248756219,-0.09950248756218905
corrected_pos_dep_complete,99e74d5bae0a9c78,"[""DEP_complete_ccomp_rate_baixo"", ""DEP_complete_nsubj_rate_baixo"", ""uppercaseRatio_baixo""]",train,com_autor,2157,44,241,0.11172925359295317,6,235,0.024896265560165973,0.020398701900788133,1.220482836665409,0.00449756365937784
corrected_pos_dep_complete,99e74d5bae0a9c78,"[""DEP_complete_ccomp_rate_baixo"", ""DEP_complete_nsubj_rate_baixo"", ""uppercaseRatio_baixo""]",train,sem_autor,2163,2116,161,0.0744336569579288,155,6,0.9627329192546584,0.9782709200184928,0.9841168735103148,-0.015538000763834381
corrected_pos_dep_complete,99e74d5bae0a9c78,"[""DEP_complete_ccomp_rate_baixo"", ""DEP_complete_nsubj_rate_baixo"", ""uppercaseRatio_baixo""]",validation,all,1440,720,146,0.10138888888888889,60,86,0.410958904109589,0.5,0.821917808219178,-0.08904109589041098
corrected_pos_dep_complete,99e74d5bae0a9c78,"[""DEP_complete_ccomp_rate_baixo"", ""DEP_complete_nsubj_rate_baixo"", ""uppercaseRatio_baixo""]",validation,com_autor,723,17,88,0.12171507607192254,3,85,0.03409090909090909,0.02351313969571231,1.4498663101604277,0.010577769395196779
corrected_pos_dep_complete,99e74d5bae0a9c78,"[""DEP_complete_ccomp_rate_baixo"", ""DEP_complete_nsubj_rate_baixo"", ""uppercaseRatio_baixo""]",validation,sem_autor,717,703,58,0.08089260808926081,57,1,0.9827586206896551,0.9804741980474198,1.0023299161230197,0.002284422642235384
corrected_pos_dep_complete,99e74d5bae0a9c78,"[""DEP_complete_ccomp_rate_baixo"", ""DEP_complete_nsubj_rate_baixo"", ""uppercaseRatio_baixo""]",test,all,1440,720,122,0.08472222222222223,54,68,0.4426229508196721,0.5,0.8852459016393442,-0.05737704918032788
corrected_pos_dep_complete,99e74d5bae0a9c78,"[""DEP_complete_ccomp_rate_baixo"", ""DEP_complete_nsubj_rate_baixo"", ""uppercaseRatio_baixo""]",test,com_autor,719,11,70,0.09735744089012517,2,68,0.02857142857142857,0.015299026425591099,1.8675324675324674,0.013272402145837471
corrected_pos_dep_complete,99e74d5bae0a9c78,"[""DEP_complete_ccomp_rate_baixo"", ""DEP_complete_nsubj_rate_baixo"", ""uppercaseRatio_baixo""]",test,sem_autor,721,709,52,0.07212205270457697,52,0,1.0,0.9833564493758669,1.0169252468265162,0.01664355062413314
corrected_pos_dep_complete,aaea6e78e590d511,"[""POS_PRON_rate_alto"", ""uppercaseRatio_baixo""]",train,all,4320,2160,631,0.14606481481481481,336,295,0.5324881141045958,0.5,1.0649762282091917,0.032488114104595844
corrected_pos_dep_complete,aaea6e78e590d511,"[""POS_PRON_rate_alto"", ""uppercaseRatio_baixo""]",train,com_autor,2157,44,303,0.1404728789986092,12,291,0.039603960396039604,0.020398701900788133,1.9414941494149414,0.01920525849525147
corrected_pos_dep_complete,aaea6e78e590d511,"[""POS_PRON_rate_alto"", ""uppercaseRatio_baixo""]",train,sem_autor,2163,2116,328,0.1516412390198798,324,4,0.9878048780487805,0.9782709200184928,1.0097457236387108,0.00953395803028767
corrected_pos_dep_complete,aaea6e78e590d511,"[""POS_PRON_rate_alto"", ""uppercaseRatio_baixo""]",validation,all,1440,720,202,0.14027777777777778,126,76,0.6237623762376238,0.5,1.2475247524752475,0.12376237623762376
corrected_pos_dep_complete,aaea6e78e590d511,"[""POS_PRON_rate_alto"", ""uppercaseRatio_baixo""]",validation,com_autor,723,17,79,0.10926694329183956,4,75,0.05063291139240506,0.02351313969571231,2.1533879374534624,0.027119771696692753
corrected_pos_dep_complete,aaea6e78e590d511,"[""POS_PRON_rate_alto"", ""uppercaseRatio_baixo""]",validation,sem_autor,717,703,123,0.17154811715481172,122,1,0.991869918699187,0.9804741980474198,1.0116226624570654,0.011395720651767194
corrected_pos_dep_complete,aaea6e78e590d511,"[""POS_PRON_rate_alto"", ""uppercaseRatio_baixo""]",test,all,1440,720,209,0.1451388888888889,119,90,0.569377990430622,0.5,1.138755980861244,0.06937799043062198
corrected_pos_dep_complete,aaea6e78e590d511,"[""POS_PRON_rate_alto"", ""uppercaseRatio_baixo""]",test,com_autor,719,11,87,0.12100139082058414,1,86,0.011494252873563218,0.015299026425591099,0.7513061650992685,-0.003804773552027881
corrected_pos_dep_complete,aaea6e78e590d511,"[""POS_PRON_rate_alto"", ""uppercaseRatio_baixo""]",test,sem_autor,721,709,122,0.16920943134535368,118,4,0.9672131147540983,0.9833564493758669,0.983583435455155,-0.016143334621768535
corrected_pos_dep_complete,84151be68c73803c,"[""DEP_complete_advmod_rate_baixo"", ""DEP_complete_ccomp_rate_baixo"", ""POS_PRON_rate_baixo""]",train,all,4320,2160,486,0.1125,205,281,0.4218106995884774,0.5,0.8436213991769548,-0.07818930041152261
corrected_pos_dep_complete,84151be68c73803c,"[""DEP_complete_advmod_rate_baixo"", ""DEP_complete_ccomp_rate_baixo"", ""POS_PRON_rate_baixo""]",train,com_autor,2157,44,278,0.12888270746407046,5,273,0.017985611510791366,0.020398701900788133,0.8817037279267494,-0.002413090389996767
corrected_pos_dep_complete,84151be68c73803c,"[""DEP_complete_advmod_rate_baixo"", ""DEP_complete_ccomp_rate_baixo"", ""POS_PRON_rate_baixo""]",train,sem_autor,2163,2116,208,0.09616273693943597,200,8,0.9615384615384616,0.9782709200184928,0.982895884833503,-0.016732458480031243
corrected_pos_dep_complete,84151be68c73803c,"[""DEP_complete_advmod_rate_baixo"", ""DEP_complete_ccomp_rate_baixo"", ""POS_PRON_rate_baixo""]",validation,all,1440,720,150,0.10416666666666667,48,102,0.32,0.5,0.64,-0.18
corrected_pos_dep_complete,84151be68c73803c,"[""DEP_complete_advmod_rate_baixo"", ""DEP_complete_ccomp_rate_baixo"", ""POS_PRON_rate_baixo""]",validation,com_autor,723,17,100,0.13831258644536654,1,99,0.01,0.02351313969571231,0.4252941176470588,-0.01351313969571231
corrected_pos_dep_complete,84151be68c73803c,"[""DEP_complete_advmod_rate_baixo"", ""DEP_complete_ccomp_rate_baixo"", ""POS_PRON_rate_baixo""]",validation,sem_autor,717,703,50,0.0697350069735007,47,3,0.94,0.9804741980474198,0.9587197724039829,-0.04047419804741981
corrected_pos_dep_complete,84151be68c73803c,"[""DEP_complete_advmod_rate_baixo"", ""DEP_complete_ccomp_rate_baixo"", ""POS_PRON_rate_baixo""]",test,all,1440,720,126,0.0875,50,76,0.3968253968253968,0.5,0.7936507936507936,-0.1031746031746032
corrected_pos_dep_complete,84151be68c73803c,"[""DEP_complete_advmod_rate_baixo"", ""DEP_complete_ccomp_rate_baixo"", ""POS_PRON_rate_baixo""]",test,com_autor,719,11,78,0.10848400556328233,2,76,0.02564102564102564,0.015299026425591099,1.675990675990676,0.010341999215434541
corrected_pos_dep_complete,84151be68c73803c,"[""DEP_complete_advmod_rate_baixo"", ""DEP_complete_ccomp_rate_baixo"", ""POS_PRON_rate_baixo""]",test,sem_autor,721,709,48,0.06657420249653259,48,0,1.0,0.9833564493758669,1.0169252468265162,0.01664355062413314
corrected_pos_dep_complete,0a5b5a1abce00d12,"[""DEP_complete_ccomp_rate_baixo"", ""POS_VERB_rate_baixo""]",train,all,4320,2160,900,0.20833333333333334,386,514,0.4288888888888889,0.5,0.8577777777777778,-0.07111111111111112
corrected_pos_dep_complete,0a5b5a1abce00d12,"[""DEP_complete_ccomp_rate_baixo"", ""POS_VERB_rate_baixo""]",train,com_autor,2157,44,514,0.2382939267501159,11,503,0.021400778210116732,0.020398701900788133,1.0491245136186769,0.0010020763093285985
corrected_pos_dep_complete,0a5b5a1abce00d12,"[""DEP_complete_ccomp_rate_baixo"", ""POS_VERB_rate_baixo""]",train,sem_autor,2163,2116,386,0.178455848358761,375,11,0.9715025906735751,0.9782709200184928,0.9930813344172699,-0.006768329344917667
corrected_pos_dep_complete,0a5b5a1abce00d12,"[""DEP_complete_ccomp_rate_baixo"", ""POS_VERB_rate_baixo""]",validation,all,1440,720,281,0.1951388888888889,94,187,0.33451957295373663,0.5,0.6690391459074733,-0.16548042704626337
corrected_pos_dep_complete,0a5b5a1abce00d12,"[""DEP_complete_ccomp_rate_baixo"", ""POS_VERB_rate_baixo""]",validation,com_autor,723,17,185,0.25587828492392806,3,182,0.016216216216216217,0.02351313969571231,0.6896661367249604,-0.0072969234794960924
corrected_pos_dep_complete,0a5b5a1abce00d12,"[""DEP_complete_ccomp_rate_baixo"", ""POS_VERB_rate_baixo""]",validation,sem_autor,717,703,96,0.13389121338912133,91,5,0.9479166666666666,0.9804741980474198,0.9667940967283073,-0.032557531380753124
corrected_pos_dep_complete,0a5b5a1abce00d12,"[""DEP_complete_ccomp_rate_baixo"", ""POS_VERB_rate_baixo""]",test,all,1440,720,281,0.1951388888888889,134,147,0.47686832740213525,0.5,0.9537366548042705,-0.02313167259786475
corrected_pos_dep_complete,0a5b5a1abce00d12,"[""DEP_complete_ccomp_rate_baixo"", ""POS_VERB_rate_baixo""]",test,com_autor,719,11,148,0.20584144645340752,2,146,0.013513513513513514,0.015299026425591099,0.8832923832923834,-0.0017855129120775848
corrected_pos_dep_complete,0a5b5a1abce00d12,"[""DEP_complete_ccomp_rate_baixo"", ""POS_VERB_rate_baixo""]",test,sem_autor,721,709,133,0.18446601941747573,132,1,0.9924812030075187,0.9833564493758669,1.0092791923390987,0.009124753631651883
corrected_pos_dep_complete,66241e1a86143277,"[""DEP_complete_ccomp_rate_baixo"", ""POS_ADJ_rate_alto"", ""uppercaseRatio_baixo""]",train,all,4320,2160,413,0.09560185185185185,170,243,0.4116222760290557,0.5,0.8232445520581114,-0.08837772397094429
corrected_pos_dep_complete,66241e1a86143277,"[""DEP_complete_ccomp_rate_baixo"", ""POS_ADJ_rate_alto"", ""uppercaseRatio_baixo""]",train,com_autor,2157,44,244,0.11312007417709782,5,239,0.020491803278688523,0.020398701900788133,1.004564083457526,9.310137790038975e-05
corrected_pos_dep_complete,66241e1a86143277,"[""DEP_complete_ccomp_rate_baixo"", ""POS_ADJ_rate_alto"", ""uppercaseRatio_baixo""]",train,sem_autor,2163,2116,169,0.07813222376329172,165,4,0.9763313609467456,0.9782709200184928,0.9980173599847877,-0.0019395590717472544
corrected_pos_dep_complete,66241e1a86143277,"[""DEP_complete_ccomp_rate_baixo"", ""POS_ADJ_rate_alto"", ""uppercaseRatio_baixo""]",validation,all,1440,720,139,0.09652777777777778,63,76,0.45323741007194246,0.5,0.9064748201438849,-0.04676258992805754
corrected_pos_dep_complete,66241e1a86143277,"[""DEP_complete_ccomp_rate_baixo"", ""POS_ADJ_rate_alto"", ""uppercaseRatio_baixo""]",validation,com_autor,723,17,78,0.1078838174273859,2,76,0.02564102564102564,0.02351313969571231,1.090497737556561,0.0021278859453133306
corrected_pos_dep_complete,66241e1a86143277,"[""DEP_complete_ccomp_rate_baixo"", ""POS_ADJ_rate_alto"", ""uppercaseRatio_baixo""]",validation,sem_autor,717,703,61,0.08507670850767085,61,0,1.0,0.9804741980474198,1.0199146514935988,0.019525801952580246
corrected_pos_dep_complete,66241e1a86143277,"[""DEP_complete_ccomp_rate_baixo"", ""POS_ADJ_rate_alto"", ""uppercaseRatio_baixo""]",test,all,1440,720,136,0.09444444444444444,62,74,0.45588235294117646,0.5,0.9117647058823529,-0.04411764705882354
corrected_pos_dep_complete,66241e1a86143277,"[""DEP_complete_ccomp_rate_baixo"", ""POS_ADJ_rate_alto"", ""uppercaseRatio_baixo""]",test,com_autor,719,11,77,0.1070931849791377,3,74,0.03896103896103896,0.015299026425591099,2.5466351829988194,0.023662012535447863
corrected_pos_dep_complete,66241e1a86143277,"[""DEP_complete_ccomp_rate_baixo"", ""POS_ADJ_rate_alto"", ""uppercaseRatio_baixo""]",test,sem_autor,721,709,59,0.08183079056865465,59,0,1.0,0.9833564493758669,1.0169252468265162,0.01664355062413314
corrected_pos_dep_complete,cb199dcfcb5e11d2,"[""DEP_complete_ccomp_rate_baixo"", ""POS_PRON_rate_baixo"", ""POS_VERB_rate_baixo""]",train,all,4320,2160,408,0.09444444444444444,178,230,0.4362745098039216,0.5,0.8725490196078431,-0.06372549019607843
corrected_pos_dep_complete,cb199dcfcb5e11d2,"[""DEP_complete_ccomp_rate_baixo"", ""POS_PRON_rate_baixo"", ""POS_VERB_rate_baixo""]",train,com_autor,2157,44,230,0.10662957811775614,5,225,0.021739130434782608,0.020398701900788133,1.0657114624505928,0.0013404285339944748
corrected_pos_dep_complete,cb199dcfcb5e11d2,"[""DEP_complete_ccomp_rate_baixo"", ""POS_PRON_rate_baixo"", ""POS_VERB_rate_baixo""]",train,sem_autor,2163,2116,178,0.08229311141932501,173,5,0.9719101123595506,0.9782709200184928,0.9934979078609206,-0.0063608076589422025
corrected_pos_dep_complete,cb199dcfcb5e11d2,"[""DEP_complete_ccomp_rate_baixo"", ""POS_PRON_rate_baixo"", ""POS_VERB_rate_baixo""]",validation,all,1440,720,120,0.08333333333333333,31,89,0.25833333333333336,0.5,0.5166666666666667,-0.24166666666666664
corrected_pos_dep_complete,cb199dcfcb5e11d2,"[""DEP_complete_ccomp_rate_baixo"", ""POS_PRON_rate_baixo"", ""POS_VERB_rate_baixo""]",validation,com_autor,723,17,88,0.12171507607192254,1,87,0.011363636363636364,0.02351313969571231,0.483288770053476,-0.012149503332075946
corrected_pos_dep_complete,cb199dcfcb5e11d2,"[""DEP_complete_ccomp_rate_baixo"", ""POS_PRON_rate_baixo"", ""POS_VERB_rate_baixo""]",validation,sem_autor,717,703,32,0.044630404463040445,30,2,0.9375,0.9804741980474198,0.956169985775249,-0.042974198047419754
corrected_pos_dep_complete,cb199dcfcb5e11d2,"[""DEP_complete_ccomp_rate_baixo"", ""POS_PRON_rate_baixo"", ""POS_VERB_rate_baixo""]",test,all,1440,720,113,0.07847222222222222,46,67,0.40707964601769914,0.5,0.8141592920353983,-0.09292035398230086
corrected_pos_dep_complete,cb199dcfcb5e11d2,"[""DEP_complete_ccomp_rate_baixo"", ""POS_PRON_rate_baixo"", ""POS_VERB_rate_baixo""]",test,com_autor,719,11,68,0.09457579972183588,1,67,0.014705882352941176,0.015299026425591099,0.9612299465240641,-0.0005931440726499228
corrected_pos_dep_complete,cb199dcfcb5e11d2,"[""DEP_complete_ccomp_rate_baixo"", ""POS_PRON_rate_baixo"", ""POS_VERB_rate_baixo""]",test,sem_autor,721,709,45,0.06241331484049931,45,0,1.0,0.9833564493758669,1.0169252468265162,0.01664355062413314
corrected_pos_dep_complete,3d400f6730cc9b5e,"[""DEP_complete_advmod_rate_baixo"", ""DEP_complete_amod_rate_baixo"", ""DEP_complete_ccomp_rate_baixo""]",train,all,4320,2160,348,0.08055555555555556,148,200,0.42528735632183906,0.5,0.8505747126436781,-0.07471264367816094
corrected_pos_dep_complete,3d400f6730cc9b5e,"[""DEP_complete_advmod_rate_baixo"", ""DEP_complete_amod_rate_baixo"", ""DEP_complete_ccomp_rate_baixo""]",train,com_autor,2157,44,197,0.09133055169216504,3,194,0.015228426395939087,0.020398701900788133,0.7465389940009229,-0.0051702755048490465
corrected_pos_dep_complete,3d400f6730cc9b5e,"[""DEP_complete_advmod_rate_baixo"", ""DEP_complete_amod_rate_baixo"", ""DEP_complete_ccomp_rate_baixo""]",train,sem_autor,2163,2116,151,0.06981044845122515,145,6,0.9602649006622517,0.9782709200184928,0.981594035979419,-0.018006019356241132
corrected_pos_dep_complete,3d400f6730cc9b5e,"[""DEP_complete_advmod_rate_baixo"", ""DEP_complete_amod_rate_baixo"", ""DEP_complete_ccomp_rate_baixo""]",validation,all,1440,720,109,0.07569444444444444,51,58,0.46788990825688076,0.5,0.9357798165137615,-0.03211009174311924
corrected_pos_dep_complete,3d400f6730cc9b5e,"[""DEP_complete_advmod_rate_baixo"", ""DEP_complete_amod_rate_baixo"", ""DEP_complete_ccomp_rate_baixo""]",validation,com_autor,723,17,59,0.08160442600276625,2,57,0.03389830508474576,0.02351313969571231,1.4416749750747757,0.010385165389033453
corrected_pos_dep_complete,3d400f6730cc9b5e,"[""DEP_complete_advmod_rate_baixo"", ""DEP_complete_amod_rate_baixo"", ""DEP_complete_ccomp_rate_baixo""]",validation,sem_autor,717,703,50,0.0697350069735007,49,1,0.98,0.9804741980474198,0.9995163584637269,-0.00047419804741977156
corrected_pos_dep_complete,3d400f6730cc9b5e,"[""DEP_complete_advmod_rate_baixo"", ""DEP_complete_amod_rate_baixo"", ""DEP_complete_ccomp_rate_baixo""]",test,all,1440,720,107,0.07430555555555556,49,58,0.45794392523364486,0.5,0.9158878504672897,-0.042056074766355145
corrected_pos_dep_complete,3d400f6730cc9b5e,"[""DEP_complete_advmod_rate_baixo"", ""DEP_complete_amod_rate_baixo"", ""DEP_complete_ccomp_rate_baixo""]",test,com_autor,719,11,58,0.08066759388038942,0,58,0.0,0.015299026425591099,0.0,-0.015299026425591099
corrected_pos_dep_complete,3d400f6730cc9b5e,"[""DEP_complete_advmod_rate_baixo"", ""DEP_complete_amod_rate_baixo"", ""DEP_complete_ccomp_rate_baixo""]",test,sem_autor,721,709,49,0.06796116504854369,49,0,1.0,0.9833564493758669,1.0169252468265162,0.01664355062413314
corrected_pos_dep_complete,edb22e2e0031ef2a,"[""DEP_complete_advcl_rate_baixo"", ""DEP_complete_ccomp_rate_baixo"", ""DEP_complete_obj_rate_baixo""]",train,all,4320,2160,583,0.13495370370370371,246,337,0.4219554030874786,0.5,0.8439108061749572,-0.07804459691252141
corrected_pos_dep_complete,edb22e2e0031ef2a,"[""DEP_complete_advcl_rate_baixo"", ""DEP_complete_ccomp_rate_baixo"", ""DEP_complete_obj_rate_baixo""]",train,com_autor,2157,44,331,0.15345387111729253,4,327,0.012084592145015106,0.020398701900788133,0.5924196649272178,-0.008314109755773028
corrected_pos_dep_complete,edb22e2e0031ef2a,"[""DEP_complete_advcl_rate_baixo"", ""DEP_complete_ccomp_rate_baixo"", ""DEP_complete_obj_rate_baixo""]",train,sem_autor,2163,2116,252,0.11650485436893204,242,10,0.9603174603174603,0.9782709200184928,0.9816477630749844,-0.01795345970103246
corrected_pos_dep_complete,edb22e2e0031ef2a,"[""DEP_complete_advcl_rate_baixo"", ""DEP_complete_ccomp_rate_baixo"", ""DEP_complete_obj_rate_baixo""]",validation,all,1440,720,183,0.12708333333333333,82,101,0.44808743169398907,0.5,0.8961748633879781,-0.05191256830601093
corrected_pos_dep_complete,edb22e2e0031ef2a,"[""DEP_complete_advcl_rate_baixo"", ""DEP_complete_ccomp_rate_baixo"", ""DEP_complete_obj_rate_baixo""]",validation,com_autor,723,17,105,0.14522821576763487,6,99,0.05714285714285714,0.02351313969571231,2.430252100840336,0.03362971744714483
corrected_pos_dep_complete,edb22e2e0031ef2a,"[""DEP_complete_advcl_rate_baixo"", ""DEP_complete_ccomp_rate_baixo"", ""DEP_complete_obj_rate_baixo""]",validation,sem_autor,717,703,78,0.1087866108786611,76,2,0.9743589743589743,0.9804741980474198,0.9937629937629938,-0.006115223688445415
corrected_pos_dep_complete,edb22e2e0031ef2a,"[""DEP_complete_advcl_rate_baixo"", ""DEP_complete_ccomp_rate_baixo"", ""DEP_complete_obj_rate_baixo""]",test,all,1440,720,188,0.13055555555555556,88,100,0.46808510638297873,0.5,0.9361702127659575,-0.03191489361702127
corrected_pos_dep_complete,edb22e2e0031ef2a,"[""DEP_complete_advcl_rate_baixo"", ""DEP_complete_ccomp_rate_baixo"", ""DEP_complete_obj_rate_baixo""]",test,com_autor,719,11,99,0.1376912378303199,1,98,0.010101010101010102,0.015299026425591099,0.6602387511478421,-0.005198016324580997
corrected_pos_dep_complete,edb22e2e0031ef2a,"[""DEP_complete_advcl_rate_baixo"", ""DEP_complete_ccomp_rate_baixo"", ""DEP_complete_obj_rate_baixo""]",test,sem_autor,721,709,89,0.12343966712898752,87,2,0.9775280898876404,0.9833564493758669,0.9940729940888416,-0.0058283594882264644
corrected_pos_dep_complete,bb74b0168856b7b7,"[""DEP_complete_ccomp_rate_baixo"", ""POS_PROPN_rate_alto"", ""POS_VERB_rate_baixo""]",train,all,4320,2160,351,0.08125,161,190,0.4586894586894587,0.5,0.9173789173789174,-0.04131054131054129
corrected_pos_dep_complete,bb74b0168856b7b7,"[""DEP_complete_ccomp_rate_baixo"", ""POS_PROPN_rate_alto"", ""POS_VERB_rate_baixo""]",train,com_autor,2157,44,192,0.0890125173852573,7,185,0.036458333333333336,0.020398701900788133,1.7872869318181819,0.016059631432545202
corrected_pos_dep_complete,bb74b0168856b7b7,"[""DEP_complete_ccomp_rate_baixo"", ""POS_PROPN_rate_alto"", ""POS_VERB_rate_baixo""]",train,sem_autor,2163,2116,159,0.07350901525658807,154,5,0.9685534591194969,0.9782709200184928,0.9900666975782003,-0.009717460898995944
corrected_pos_dep_complete,bb74b0168856b7b7,"[""DEP_complete_ccomp_rate_baixo"", ""POS_PROPN_rate_alto"", ""POS_VERB_rate_baixo""]",validation,all,1440,720,108,0.075,37,71,0.3425925925925926,0.5,0.6851851851851852,-0.15740740740740738
corrected_pos_dep_complete,bb74b0168856b7b7,"[""DEP_complete_ccomp_rate_baixo"", ""POS_PROPN_rate_alto"", ""POS_VERB_rate_baixo""]",validation,com_autor,723,17,68,0.09405255878284924,1,67,0.014705882352941176,0.02351313969571231,0.6254325259515571,-0.008807257342771133
corrected_pos_dep_complete,bb74b0168856b7b7,"[""DEP_complete_ccomp_rate_baixo"", ""POS_PROPN_rate_alto"", ""POS_VERB_rate_baixo""]",validation,sem_autor,717,703,40,0.05578800557880056,36,4,0.9,0.9804741980474198,0.9179231863442391,-0.08047419804741973
corrected_pos_dep_complete,bb74b0168856b7b7,"[""DEP_complete_ccomp_rate_baixo"", ""POS_PROPN_rate_alto"", ""POS_VERB_rate_baixo""]",test,all,1440,720,106,0.07361111111111111,45,61,0.42452830188679247,0.5,0.8490566037735849,-0.07547169811320753
corrected_pos_dep_complete,bb74b0168856b7b7,"[""DEP_complete_ccomp_rate_baixo"", ""POS_PROPN_rate_alto"", ""POS_VERB_rate_baixo""]",test,com_autor,719,11,60,0.08344923504867872,0,60,0.0,0.015299026425591099,0.0,-0.015299026425591099
corrected_pos_dep_complete,bb74b0168856b7b7,"[""DEP_complete_ccomp_rate_baixo"", ""POS_PROPN_rate_alto"", ""POS_VERB_rate_baixo""]",test,sem_autor,721,709,46,0.0638002773925104,45,1,0.9782608695652174,0.9833564493758669,0.9948181762433311,-0.005095579810649453
corrected_pos_dep_complete,b3fdde70f48aae27,"[""DEP_complete_ccomp_rate_baixo"", ""POS_PRON_rate_alto"", ""uppercaseRatio_baixo""]",train,all,4320,2160,376,0.08703703703703704,198,178,0.526595744680851,0.5,1.053191489361702,0.02659574468085102
corrected_pos_dep_complete,b3fdde70f48aae27,"[""DEP_complete_ccomp_rate_baixo"", ""POS_PRON_rate_alto"", ""uppercaseRatio_baixo""]",train,com_autor,2157,44,185,0.08576726935558646,10,175,0.05405405405405406,0.020398701900788133,2.64987714987715,0.03365535215326593
corrected_pos_dep_complete,b3fdde70f48aae27,"[""DEP_complete_ccomp_rate_baixo"", ""POS_PRON_rate_alto"", ""uppercaseRatio_baixo""]",train,sem_autor,2163,2116,191,0.08830328247803976,188,3,0.9842931937172775,0.9782709200184928,1.0061560387573116,0.006022273698784719
corrected_pos_dep_complete,b3fdde70f48aae27,"[""DEP_complete_ccomp_rate_baixo"", ""POS_PRON_rate_alto"", ""uppercaseRatio_baixo""]",validation,all,1440,720,130,0.09027777777777778,80,50,0.6153846153846154,0.5,1.2307692307692308,0.11538461538461542
corrected_pos_dep_complete,b3fdde70f48aae27,"[""DEP_complete_ccomp_rate_baixo"", ""POS_PRON_rate_alto"", ""uppercaseRatio_baixo""]",validation,com_autor,723,17,52,0.07192254495159059,2,50,0.038461538461538464,0.02351313969571231,1.6357466063348418,0.014948398765826154
corrected_pos_dep_complete,b3fdde70f48aae27,"[""DEP_complete_ccomp_rate_baixo"", ""POS_PRON_rate_alto"", ""uppercaseRatio_baixo""]",validation,sem_autor,717,703,78,0.1087866108786611,78,0,1.0,0.9804741980474198,1.0199146514935988,0.019525801952580246
corrected_pos_dep_complete,b3fdde70f48aae27,"[""DEP_complete_ccomp_rate_baixo"", ""POS_PRON_rate_alto"", ""uppercaseRatio_baixo""]",test,all,1440,720,130,0.09027777777777778,77,53,0.5923076923076923,0.5,1.1846153846153846,0.09230769230769231
corrected_pos_dep_complete,b3fdde70f48aae27,"[""DEP_complete_ccomp_rate_baixo"", ""POS_PRON_rate_alto"", ""uppercaseRatio_baixo""]",test,com_autor,719,11,52,0.07232267037552156,1,51,0.019230769230769232,0.015299026425591099,1.256993006993007,0.003931742805178133
corrected_pos_dep_complete,b3fdde70f48aae27,"[""DEP_complete_ccomp_rate_baixo"", ""POS_PRON_rate_alto"", ""uppercaseRatio_baixo""]",test,sem_autor,721,709,78,0.10818307905686546,76,2,0.9743589743589743,0.9833564493758669,0.9908502404976312,-0.00899747501689252
corrected_pos_dep_complete,db6f966588f8f010,"[""POS_NOUN_rate_alto"", ""uppercaseRatio_baixo""]",train,all,4320,2160,576,0.13333333333333333,198,378,0.34375,0.5,0.6875,-0.15625
corrected_pos_dep_complete,db6f966588f8f010,"[""POS_NOUN_rate_alto"", ""uppercaseRatio_baixo""]",train,com_autor,2157,44,374,0.17338896615669913,4,370,0.0106951871657754,0.020398701900788133,0.5243072435585804,-0.009703514735012733
corrected_pos_dep_complete,db6f966588f8f010,"[""POS_NOUN_rate_alto"", ""uppercaseRatio_baixo""]",train,sem_autor,2163,2116,202,0.09338881183541378,194,8,0.9603960396039604,0.9782709200184928,0.9817280877426117,-0.017874880414532446
corrected_pos_dep_complete,db6f966588f8f010,"[""POS_NOUN_rate_alto"", ""uppercaseRatio_baixo""]",validation,all,1440,720,182,0.12638888888888888,48,134,0.26373626373626374,0.5,0.5274725274725275,-0.23626373626373626
corrected_pos_dep_complete,db6f966588f8f010,"[""POS_NOUN_rate_alto"", ""uppercaseRatio_baixo""]",validation,com_autor,723,17,133,0.1839557399723375,2,131,0.015037593984962405,0.02351313969571231,0.6395400265369305,-0.008475545710749904
corrected_pos_dep_complete,db6f966588f8f010,"[""POS_NOUN_rate_alto"", ""uppercaseRatio_baixo""]",validation,sem_autor,717,703,49,0.06834030683403068,46,3,0.9387755102040817,0.9804741980474198,0.9574708973205215,-0.04169868784333808
corrected_pos_dep_complete,db6f966588f8f010,"[""POS_NOUN_rate_alto"", ""uppercaseRatio_baixo""]",test,all,1440,720,178,0.12361111111111112,65,113,0.3651685393258427,0.5,0.7303370786516854,-0.1348314606741573
corrected_pos_dep_complete,db6f966588f8f010,"[""POS_NOUN_rate_alto"", ""uppercaseRatio_baixo""]",test,com_autor,719,11,114,0.15855354659248957,1,113,0.008771929824561403,0.015299026425591099,0.5733652312599681,-0.006527096601029696
corrected_pos_dep_complete,db6f966588f8f010,"[""POS_NOUN_rate_alto"", ""uppercaseRatio_baixo""]",test,sem_autor,721,709,64,0.08876560332871013,64,0,1.0,0.9833564493758669,1.0169252468265162,0.01664355062413314
corrected_pos_dep_complete,c75064e3977e1e71,"[""DEP_complete_advcl_rate_baixo"", ""POS_PRON_rate_baixo"", ""POS_VERB_rate_baixo""]",train,all,4320,2160,400,0.09259259259259259,166,234,0.415,0.5,0.83,-0.08500000000000002
corrected_pos_dep_complete,c75064e3977e1e71,"[""DEP_complete_advcl_rate_baixo"", ""POS_PRON_rate_baixo"", ""POS_VERB_rate_baixo""]",train,com_autor,2157,44,232,0.10755679184051924,3,229,0.01293103448275862,0.020398701900788133,0.6339145768025077,-0.007467667418029513
corrected_pos_dep_complete,c75064e3977e1e71,"[""DEP_complete_advcl_rate_baixo"", ""POS_PRON_rate_baixo"", ""POS_VERB_rate_baixo""]",train,sem_autor,2163,2116,168,0.07766990291262135,163,5,0.9702380952380952,0.9782709200184928,0.9917887523629489,-0.008032824780397574
corrected_pos_dep_complete,c75064e3977e1e71,"[""DEP_complete_advcl_rate_baixo"", ""POS_PRON_rate_baixo"", ""POS_VERB_rate_baixo""]",validation,all,1440,720,118,0.08194444444444444,28,90,0.23728813559322035,0.5,0.4745762711864407,-0.2627118644067796
corrected_pos_dep_complete,c75064e3977e1e71,"[""DEP_complete_advcl_rate_baixo"", ""POS_PRON_rate_baixo"", ""POS_VERB_rate_baixo""]",validation,com_autor,723,17,89,0.12309820193637622,1,88,0.011235955056179775,0.02351313969571231,0.47785855915399866,-0.012277184639532535
corrected_pos_dep_complete,c75064e3977e1e71,"[""DEP_complete_advcl_rate_baixo"", ""POS_PRON_rate_baixo"", ""POS_VERB_rate_baixo""]",validation,sem_autor,717,703,29,0.040446304044630406,27,2,0.9310344827586207,0.9804741980474198,0.9495757100112817,-0.04943971528879909
corrected_pos_dep_complete,c75064e3977e1e71,"[""DEP_complete_advcl_rate_baixo"", ""POS_PRON_rate_baixo"", ""POS_VERB_rate_baixo""]",test,all,1440,720,111,0.07708333333333334,46,65,0.4144144144144144,0.5,0.8288288288288288,-0.0855855855855856
corrected_pos_dep_complete,c75064e3977e1e71,"[""DEP_complete_advcl_rate_baixo"", ""POS_PRON_rate_baixo"", ""POS_VERB_rate_baixo""]",test,com_autor,719,11,65,0.09040333796940195,1,64,0.015384615384615385,0.015299026425591099,1.0055944055944057,8.558895902428636e-05
corrected_pos_dep_complete,c75064e3977e1e71,"[""DEP_complete_advcl_rate_baixo"", ""POS_PRON_rate_baixo"", ""POS_VERB_rate_baixo""]",test,sem_autor,721,709,46,0.0638002773925104,45,1,0.9782608695652174,0.9833564493758669,0.9948181762433311,-0.005095579810649453
corrected_pos_dep_complete,ec67fb46eb6e52e8,"[""DEP_complete_advcl_rate_baixo"", ""POS_PROPN_rate_alto"", ""POS_VERB_rate_baixo""]",train,all,4320,2160,347,0.08032407407407408,155,192,0.44668587896253603,0.5,0.8933717579250721,-0.05331412103746397
corrected_pos_dep_complete,ec67fb46eb6e52e8,"[""DEP_complete_advcl_rate_baixo"", ""POS_PROPN_rate_alto"", ""POS_VERB_rate_baixo""]",train,com_autor,2157,44,190,0.0880853036624942,3,187,0.015789473684210527,0.020398701900788133,0.7740430622009569,-0.0046092282165776065
corrected_pos_dep_complete,ec67fb46eb6e52e8,"[""DEP_complete_advcl_rate_baixo"", ""POS_PROPN_rate_alto"", ""POS_VERB_rate_baixo""]",train,sem_autor,2163,2116,157,0.07258437355524734,152,5,0.9681528662420382,0.9782709200184928,0.9896572068438226,-0.010118053776454583
corrected_pos_dep_complete,ec67fb46eb6e52e8,"[""DEP_complete_advcl_rate_baixo"", ""POS_PROPN_rate_alto"", ""POS_VERB_rate_baixo""]",validation,all,1440,720,112,0.07777777777777778,33,79,0.29464285714285715,0.5,0.5892857142857143,-0.20535714285714285
corrected_pos_dep_complete,ec67fb46eb6e52e8,"[""DEP_complete_advcl_rate_baixo"", ""POS_PROPN_rate_alto"", ""POS_VERB_rate_baixo""]",validation,com_autor,723,17,75,0.1037344398340249,1,74,0.013333333333333334,0.02351313969571231,0.5670588235294118,-0.010179806362378975
corrected_pos_dep_complete,ec67fb46eb6e52e8,"[""DEP_complete_advcl_rate_baixo"", ""POS_PROPN_rate_alto"", ""POS_VERB_rate_baixo""]",validation,sem_autor,717,703,37,0.05160390516039052,32,5,0.8648648648648649,0.9804741980474198,0.8820883472377072,-0.11560933318255484
corrected_pos_dep_complete,ec67fb46eb6e52e8,"[""DEP_complete_advcl_rate_baixo"", ""POS_PROPN_rate_alto"", ""POS_VERB_rate_baixo""]",test,all,1440,720,99,0.06875,38,61,0.3838383838383838,0.5,0.7676767676767676,-0.11616161616161619
corrected_pos_dep_complete,ec67fb46eb6e52e8,"[""DEP_complete_advcl_rate_baixo"", ""POS_PROPN_rate_alto"", ""POS_VERB_rate_baixo""]",test,com_autor,719,11,60,0.08344923504867872,0,60,0.0,0.015299026425591099,0.0,-0.015299026425591099
corrected_pos_dep_complete,ec67fb46eb6e52e8,"[""DEP_complete_advcl_rate_baixo"", ""POS_PROPN_rate_alto"", ""POS_VERB_rate_baixo""]",test,sem_autor,721,709,39,0.05409153952843273,38,1,0.9743589743589743,0.9833564493758669,0.9908502404976312,-0.00899747501689252
corrected_pos_dep_complete,a4d62ec02cb7d6b5,"[""DEP_complete_advcl_rate_baixo"", ""DEP_complete_obj_rate_baixo""]",train,all,4320,2160,859,0.1988425925925926,388,471,0.45168800931315484,0.5,0.9033760186263097,-0.04831199068684516
corrected_pos_dep_complete,a4d62ec02cb7d6b5,"[""DEP_complete_advcl_rate_baixo"", ""DEP_complete_obj_rate_baixo""]",train,com_autor,2157,44,465,0.21557719054242003,6,459,0.012903225806451613,0.020398701900788133,0.6325513196480937,-0.00749547609433652
corrected_pos_dep_complete,a4d62ec02cb7d6b5,"[""DEP_complete_advcl_rate_baixo"", ""DEP_complete_obj_rate_baixo""]",train,sem_autor,2163,2116,394,0.1821544151641239,382,12,0.9695431472081218,0.9782709200184928,0.9910783683417617,-0.00872777281037096
corrected_pos_dep_complete,a4d62ec02cb7d6b5,"[""DEP_complete_advcl_rate_baixo"", ""DEP_complete_obj_rate_baixo""]",validation,all,1440,720,265,0.1840277777777778,124,141,0.4679245283018868,0.5,0.9358490566037736,-0.0320754716981132
corrected_pos_dep_complete,a4d62ec02cb7d6b5,"[""DEP_complete_advcl_rate_baixo"", ""DEP_complete_obj_rate_baixo""]",validation,com_autor,723,17,143,0.19778699861687413,6,137,0.04195804195804196,0.02351313969571231,1.7844508432743729,0.01844490226232965
corrected_pos_dep_complete,a4d62ec02cb7d6b5,"[""DEP_complete_advcl_rate_baixo"", ""DEP_complete_obj_rate_baixo""]",validation,sem_autor,717,703,122,0.1701534170153417,118,4,0.9672131147540983,0.9804741980474198,0.9864748268544645,-0.01326108329332143
corrected_pos_dep_complete,a4d62ec02cb7d6b5,"[""DEP_complete_advcl_rate_baixo"", ""DEP_complete_obj_rate_baixo""]",test,all,1440,720,286,0.1986111111111111,129,157,0.45104895104895104,0.5,0.9020979020979021,-0.04895104895104896
corrected_pos_dep_complete,a4d62ec02cb7d6b5,"[""DEP_complete_advcl_rate_baixo"", ""DEP_complete_obj_rate_baixo""]",test,com_autor,719,11,156,0.21696801112656466,2,154,0.01282051282051282,0.015299026425591099,0.837995337995338,-0.002478513605078279
corrected_pos_dep_complete,a4d62ec02cb7d6b5,"[""DEP_complete_advcl_rate_baixo"", ""DEP_complete_obj_rate_baixo""]",test,sem_autor,721,709,130,0.18030513176144244,127,3,0.9769230769230769,0.9833564493758669,0.9934577411305197,-0.006433372452789965
corrected_pos_dep_complete,93568cf6cdd4490a,"[""DEP_complete_advcl_rate_baixo"", ""POS_VERB_rate_baixo""]",train,all,4320,2160,877,0.20300925925925925,379,498,0.4321550741163056,0.5,0.8643101482326112,-0.0678449258836944
corrected_pos_dep_complete,93568cf6cdd4490a,"[""DEP_complete_advcl_rate_baixo"", ""POS_VERB_rate_baixo""]",train,com_autor,2157,44,494,0.22902178952248492,7,487,0.01417004048582996,0.020398701900788133,0.6946540301803459,-0.006228661414958174
corrected_pos_dep_complete,93568cf6cdd4490a,"[""DEP_complete_advcl_rate_baixo"", ""POS_VERB_rate_baixo""]",train,sem_autor,2163,2116,383,0.17706888580674987,372,11,0.9712793733681462,0.9782709200184928,0.992853159071503,-0.006991546650346625
corrected_pos_dep_complete,93568cf6cdd4490a,"[""DEP_complete_advcl_rate_baixo"", ""POS_VERB_rate_baixo""]",validation,all,1440,720,273,0.18958333333333333,90,183,0.32967032967032966,0.5,0.6593406593406593,-0.17032967032967034
corrected_pos_dep_complete,93568cf6cdd4490a,"[""DEP_complete_advcl_rate_baixo"", ""POS_VERB_rate_baixo""]",validation,com_autor,723,17,178,0.24619640387275243,3,175,0.016853932584269662,0.02351313969571231,0.716787838730998,-0.006659207111442647
corrected_pos_dep_complete,93568cf6cdd4490a,"[""DEP_complete_advcl_rate_baixo"", ""POS_VERB_rate_baixo""]",validation,sem_autor,717,703,95,0.13249651324965134,87,8,0.9157894736842105,0.9804741980474198,0.934027101894138,-0.06468472436320927
corrected_pos_dep_complete,93568cf6cdd4490a,"[""DEP_complete_advcl_rate_baixo"", ""POS_VERB_rate_baixo""]",test,all,1440,720,273,0.18958333333333333,117,156,0.42857142857142855,0.5,0.8571428571428571,-0.07142857142857145
corrected_pos_dep_complete,93568cf6cdd4490a,"[""DEP_complete_advcl_rate_baixo"", ""POS_VERB_rate_baixo""]",test,com_autor,719,11,156,0.21696801112656466,2,154,0.01282051282051282,0.015299026425591099,0.837995337995338,-0.002478513605078279
corrected_pos_dep_complete,93568cf6cdd4490a,"[""DEP_complete_advcl_rate_baixo"", ""POS_VERB_rate_baixo""]",test,sem_autor,721,709,117,0.1622746185852982,115,2,0.9829059829059829,0.9833564493758669,0.9995419092739262,-0.0004504664698840033
corrected_pos_dep_complete,64748c9e68b05621,"[""POS_ADJ_rate_alto"", ""uppercaseRatio_baixo""]",train,all,4320,2160,568,0.13148148148148148,243,325,0.4278169014084507,0.5,0.8556338028169014,-0.07218309859154931
corrected_pos_dep_complete,64748c9e68b05621,"[""POS_ADJ_rate_alto"", ""uppercaseRatio_baixo""]",train,com_autor,2157,44,326,0.15113583681038478,6,320,0.018404907975460124,0.020398701900788133,0.9022587841606247,-0.0019937939253280093
corrected_pos_dep_complete,64748c9e68b05621,"[""POS_ADJ_rate_alto"", ""uppercaseRatio_baixo""]",train,sem_autor,2163,2116,242,0.11188164586222839,237,5,0.9793388429752066,0.9782709200184928,1.0010916433626522,0.0010679229567137627
corrected_pos_dep_complete,64748c9e68b05621,"[""POS_ADJ_rate_alto"", ""uppercaseRatio_baixo""]",validation,all,1440,720,187,0.12986111111111112,83,104,0.44385026737967914,0.5,0.8877005347593583,-0.05614973262032086
corrected_pos_dep_complete,64748c9e68b05621,"[""POS_ADJ_rate_alto"", ""uppercaseRatio_baixo""]",validation,com_autor,723,17,106,0.14661134163208853,2,104,0.018867924528301886,0.02351313969571231,0.8024417314095449,-0.0046452151674104235
corrected_pos_dep_complete,64748c9e68b05621,"[""POS_ADJ_rate_alto"", ""uppercaseRatio_baixo""]",validation,sem_autor,717,703,81,0.11297071129707113,81,0,1.0,0.9804741980474198,1.0199146514935988,0.019525801952580246
corrected_pos_dep_complete,64748c9e68b05621,"[""POS_ADJ_rate_alto"", ""uppercaseRatio_baixo""]",test,all,1440,720,181,0.12569444444444444,81,100,0.44751381215469616,0.5,0.8950276243093923,-0.052486187845303844
corrected_pos_dep_complete,64748c9e68b05621,"[""POS_ADJ_rate_alto"", ""uppercaseRatio_baixo""]",test,com_autor,719,11,103,0.14325452016689846,3,100,0.02912621359223301,0.015299026425591099,1.9037952338923212,0.013827187166641912
corrected_pos_dep_complete,64748c9e68b05621,"[""POS_ADJ_rate_alto"", ""uppercaseRatio_baixo""]",test,sem_autor,721,709,78,0.10818307905686546,78,0,1.0,0.9833564493758669,1.0169252468265162,0.01664355062413314
corrected_pos_dep_complete,6f9fbac67477785f,"[""DEP_complete_advcl_rate_baixo"", ""POS_VERB_rate_baixo"", ""uppercaseRatio_baixo""]",train,all,4320,2160,355,0.08217592592592593,143,212,0.4028169014084507,0.5,0.8056338028169014,-0.09718309859154928
corrected_pos_dep_complete,6f9fbac67477785f,"[""DEP_complete_advcl_rate_baixo"", ""POS_VERB_rate_baixo"", ""uppercaseRatio_baixo""]",train,com_autor,2157,44,210,0.09735744089012517,3,207,0.014285714285714285,0.020398701900788133,0.7003246753246752,-0.006112987615073848
corrected_pos_dep_complete,6f9fbac67477785f,"[""DEP_complete_advcl_rate_baixo"", ""POS_VERB_rate_baixo"", ""uppercaseRatio_baixo""]",train,sem_autor,2163,2116,145,0.06703652334720296,140,5,0.9655172413793104,0.9782709200184928,0.986963040219021,-0.01275367863918242
corrected_pos_dep_complete,6f9fbac67477785f,"[""DEP_complete_advcl_rate_baixo"", ""POS_VERB_rate_baixo"", ""uppercaseRatio_baixo""]",validation,all,1440,720,119,0.08263888888888889,37,82,0.31092436974789917,0.5,0.6218487394957983,-0.18907563025210083
corrected_pos_dep_complete,6f9fbac67477785f,"[""DEP_complete_advcl_rate_baixo"", ""POS_VERB_rate_baixo"", ""uppercaseRatio_baixo""]",validation,com_autor,723,17,79,0.10926694329183956,0,79,0.0,0.02351313969571231,0.0,-0.02351313969571231
corrected_pos_dep_complete,6f9fbac67477785f,"[""DEP_complete_advcl_rate_baixo"", ""POS_VERB_rate_baixo"", ""uppercaseRatio_baixo""]",validation,sem_autor,717,703,40,0.05578800557880056,37,3,0.925,0.9804741980474198,0.943421052631579,-0.05547419804741971
corrected_pos_dep_complete,6f9fbac67477785f,"[""DEP_complete_advcl_rate_baixo"", ""POS_VERB_rate_baixo"", ""uppercaseRatio_baixo""]",test,all,1440,720,121,0.08402777777777778,52,69,0.4297520661157025,0.5,0.859504132231405,-0.07024793388429751
corrected_pos_dep_complete,6f9fbac67477785f,"[""DEP_complete_advcl_rate_baixo"", ""POS_VERB_rate_baixo"", ""uppercaseRatio_baixo""]",test,com_autor,719,11,70,0.09735744089012517,2,68,0.02857142857142857,0.015299026425591099,1.8675324675324674,0.013272402145837471
corrected_pos_dep_complete,6f9fbac67477785f,"[""DEP_complete_advcl_rate_baixo"", ""POS_VERB_rate_baixo"", ""uppercaseRatio_baixo""]",test,sem_autor,721,709,51,0.07073509015256588,50,1,0.9803921568627451,0.9833564493758669,0.9969855361044276,-0.0029642925131218023
corrected_pos_dep_complete,29499b48b237dbcc,"[""DEP_complete_advcl_rate_baixo"", ""DEP_complete_amod_rate_alto"", ""DEP_complete_ccomp_rate_baixo""]",train,all,4320,2160,545,0.1261574074074074,227,318,0.41651376146788993,0.5,0.8330275229357799,-0.08348623853211007
corrected_pos_dep_complete,29499b48b237dbcc,"[""DEP_complete_advcl_rate_baixo"", ""DEP_complete_amod_rate_alto"", ""DEP_complete_ccomp_rate_baixo""]",train,com_autor,2157,44,316,0.14649976819656932,3,313,0.00949367088607595,0.020398701900788133,0.4654056386651323,-0.010905031014712184
corrected_pos_dep_complete,29499b48b237dbcc,"[""DEP_complete_advcl_rate_baixo"", ""DEP_complete_amod_rate_alto"", ""DEP_complete_ccomp_rate_baixo""]",train,sem_autor,2163,2116,229,0.10587147480351364,224,5,0.9781659388646288,0.9782709200184928,0.9998926870341173,-0.00010498115386403661
corrected_pos_dep_complete,29499b48b237dbcc,"[""DEP_complete_advcl_rate_baixo"", ""DEP_complete_amod_rate_alto"", ""DEP_complete_ccomp_rate_baixo""]",validation,all,1440,720,179,0.12430555555555556,74,105,0.4134078212290503,0.5,0.8268156424581006,-0.08659217877094971
corrected_pos_dep_complete,29499b48b237dbcc,"[""DEP_complete_advcl_rate_baixo"", ""DEP_complete_amod_rate_alto"", ""DEP_complete_ccomp_rate_baixo""]",validation,com_autor,723,17,105,0.14522821576763487,3,102,0.02857142857142857,0.02351313969571231,1.215126050420168,0.005058288875716261
corrected_pos_dep_complete,29499b48b237dbcc,"[""DEP_complete_advcl_rate_baixo"", ""DEP_complete_amod_rate_alto"", ""DEP_complete_ccomp_rate_baixo""]",validation,sem_autor,717,703,74,0.10320781032078104,71,3,0.9594594594594594,0.9804741980474198,0.9785667602168313,-0.021014738587960324
corrected_pos_dep_complete,29499b48b237dbcc,"[""DEP_complete_advcl_rate_baixo"", ""DEP_complete_amod_rate_alto"", ""DEP_complete_ccomp_rate_baixo""]",test,all,1440,720,200,0.1388888888888889,80,120,0.4,0.5,0.8,-0.09999999999999998
corrected_pos_dep_complete,29499b48b237dbcc,"[""DEP_complete_advcl_rate_baixo"", ""DEP_complete_amod_rate_alto"", ""DEP_complete_ccomp_rate_baixo""]",test,com_autor,719,11,121,0.16828929068150209,3,118,0.024793388429752067,0.015299026425591099,1.6205860255447033,0.009494362004160968
corrected_pos_dep_complete,29499b48b237dbcc,"[""DEP_complete_advcl_rate_baixo"", ""DEP_complete_amod_rate_alto"", ""DEP_complete_ccomp_rate_baixo""]",test,sem_autor,721,709,79,0.10957004160887657,77,2,0.9746835443037974,0.9833564493758669,0.9911803038688829,-0.008672905072069415
corrected_pos_dep_complete,a342722d084ded97,"[""DEP_complete_ccomp_rate_baixo"", ""POS_NOUN_rate_alto"", ""uppercaseRatio_baixo""]",train,all,4320,2160,398,0.09212962962962963,139,259,0.3492462311557789,0.5,0.6984924623115578,-0.1507537688442211
corrected_pos_dep_complete,a342722d084ded97,"[""DEP_complete_ccomp_rate_baixo"", ""POS_NOUN_rate_alto"", ""uppercaseRatio_baixo""]",train,com_autor,2157,44,256,0.1186833565136764,4,252,0.015625,0.020398701900788133,0.7659801136363635,-0.004773701900788133
corrected_pos_dep_complete,a342722d084ded97,"[""DEP_complete_ccomp_rate_baixo"", ""POS_NOUN_rate_alto"", ""uppercaseRatio_baixo""]",train,sem_autor,2163,2116,142,0.06564956079519187,135,7,0.9507042253521126,0.9782709200184928,0.9718210016241113,-0.027566694666380176
corrected_pos_dep_complete,a342722d084ded97,"[""DEP_complete_ccomp_rate_baixo"", ""POS_NOUN_rate_alto"", ""uppercaseRatio_baixo""]",validation,all,1440,720,134,0.09305555555555556,36,98,0.26865671641791045,0.5,0.5373134328358209,-0.23134328358208955
corrected_pos_dep_complete,a342722d084ded97,"[""DEP_complete_ccomp_rate_baixo"", ""POS_NOUN_rate_alto"", ""uppercaseRatio_baixo""]",validation,com_autor,723,17,98,0.1355463347164592,1,97,0.01020408163265306,0.02351313969571231,0.4339735894357743,-0.01330905806305925
corrected_pos_dep_complete,a342722d084ded97,"[""DEP_complete_ccomp_rate_baixo"", ""POS_NOUN_rate_alto"", ""uppercaseRatio_baixo""]",validation,sem_autor,717,703,36,0.0502092050209205,35,1,0.9722222222222222,0.9804741980474198,0.99158368895211,-0.008251975825197544
corrected_pos_dep_complete,a342722d084ded97,"[""DEP_complete_ccomp_rate_baixo"", ""POS_NOUN_rate_alto"", ""uppercaseRatio_baixo""]",test,all,1440,720,138,0.09583333333333334,53,85,0.38405797101449274,0.5,0.7681159420289855,-0.11594202898550726
corrected_pos_dep_complete,a342722d084ded97,"[""DEP_complete_ccomp_rate_baixo"", ""POS_NOUN_rate_alto"", ""uppercaseRatio_baixo""]",test,com_autor,719,11,86,0.11961057023643949,1,85,0.011627906976744186,0.015299026425591099,0.7600422832980972,-0.0036711194488469132
corrected_pos_dep_complete,a342722d084ded97,"[""DEP_complete_ccomp_rate_baixo"", ""POS_NOUN_rate_alto"", ""uppercaseRatio_baixo""]",test,sem_autor,721,709,52,0.07212205270457697,52,0,1.0,0.9833564493758669,1.0169252468265162,0.01664355062413314
corrected_pos_dep_complete,bfeff6b67d1a7a80,"[""DEP_complete_advcl_rate_baixo"", ""POS_ADJ_rate_alto"", ""uppercaseRatio_baixo""]",train,all,4320,2160,372,0.08611111111111111,155,217,0.4166666666666667,0.5,0.8333333333333334,-0.08333333333333331
corrected_pos_dep_complete,bfeff6b67d1a7a80,"[""DEP_complete_advcl_rate_baixo"", ""POS_ADJ_rate_alto"", ""uppercaseRatio_baixo""]",train,com_autor,2157,44,216,0.10013908205841446,3,213,0.013888888888888888,0.020398701900788133,0.680871212121212,-0.006509813011899245
corrected_pos_dep_complete,bfeff6b67d1a7a80,"[""DEP_complete_advcl_rate_baixo"", ""POS_ADJ_rate_alto"", ""uppercaseRatio_baixo""]",train,sem_autor,2163,2116,156,0.07212205270457697,152,4,0.9743589743589743,0.9782709200184928,0.9960011632979497,-0.003911945659518468
corrected_pos_dep_complete,bfeff6b67d1a7a80,"[""DEP_complete_advcl_rate_baixo"", ""POS_ADJ_rate_alto"", ""uppercaseRatio_baixo""]",validation,all,1440,720,132,0.09166666666666666,57,75,0.4318181818181818,0.5,0.8636363636363636,-0.06818181818181818
corrected_pos_dep_complete,bfeff6b67d1a7a80,"[""DEP_complete_advcl_rate_baixo"", ""POS_ADJ_rate_alto"", ""uppercaseRatio_baixo""]",validation,com_autor,723,17,77,0.10650069156293222,2,75,0.025974025974025976,0.02351313969571231,1.1046600458365166,0.002460886278313666
corrected_pos_dep_complete,bfeff6b67d1a7a80,"[""DEP_complete_advcl_rate_baixo"", ""POS_ADJ_rate_alto"", ""uppercaseRatio_baixo""]",validation,sem_autor,717,703,55,0.07670850767085077,55,0,1.0,0.9804741980474198,1.0199146514935988,0.019525801952580246
corrected_pos_dep_complete,bfeff6b67d1a7a80,"[""DEP_complete_advcl_rate_baixo"", ""POS_ADJ_rate_alto"", ""uppercaseRatio_baixo""]",test,all,1440,720,134,0.09305555555555556,57,77,0.4253731343283582,0.5,0.8507462686567164,-0.07462686567164178
corrected_pos_dep_complete,bfeff6b67d1a7a80,"[""DEP_complete_advcl_rate_baixo"", ""POS_ADJ_rate_alto"", ""uppercaseRatio_baixo""]",test,com_autor,719,11,79,0.10987482614742698,2,77,0.02531645569620253,0.015299026425591099,1.6547756041426926,0.010017429270611432
corrected_pos_dep_complete,bfeff6b67d1a7a80,"[""DEP_complete_advcl_rate_baixo"", ""POS_ADJ_rate_alto"", ""uppercaseRatio_baixo""]",test,sem_autor,721,709,55,0.07628294036061026,55,0,1.0,0.9833564493758669,1.0169252468265162,0.01664355062413314
corrected_pos_dep_complete,d16307cd048b6ced,"[""DEP_complete_advcl_rate_baixo"", ""POS_PRON_rate_alto"", ""uppercaseRatio_baixo""]",train,all,4320,2160,359,0.08310185185185186,198,161,0.5515320334261838,0.5,1.1030640668523677,0.05153203342618384
corrected_pos_dep_complete,d16307cd048b6ced,"[""DEP_complete_advcl_rate_baixo"", ""POS_PRON_rate_alto"", ""uppercaseRatio_baixo""]",train,com_autor,2157,44,162,0.07510431154381085,5,157,0.030864197530864196,0.020398701900788133,1.5130471380471378,0.010465495630076063
corrected_pos_dep_complete,d16307cd048b6ced,"[""DEP_complete_advcl_rate_baixo"", ""POS_PRON_rate_alto"", ""uppercaseRatio_baixo""]",train,sem_autor,2163,2116,197,0.09107720758206195,193,4,0.9796954314720813,0.9782709200184928,1.0014561523034555,0.0014245114535884618
corrected_pos_dep_complete,d16307cd048b6ced,"[""DEP_complete_advcl_rate_baixo"", ""POS_PRON_rate_alto"", ""uppercaseRatio_baixo""]",validation,all,1440,720,116,0.08055555555555556,73,43,0.6293103448275862,0.5,1.2586206896551724,0.1293103448275862
corrected_pos_dep_complete,d16307cd048b6ced,"[""DEP_complete_advcl_rate_baixo"", ""POS_PRON_rate_alto"", ""uppercaseRatio_baixo""]",validation,com_autor,723,17,45,0.06224066390041494,3,42,0.06666666666666667,0.02351313969571231,2.835294117647059,0.043153526970954356
corrected_pos_dep_complete,d16307cd048b6ced,"[""DEP_complete_advcl_rate_baixo"", ""POS_PRON_rate_alto"", ""uppercaseRatio_baixo""]",validation,sem_autor,717,703,71,0.09902370990237098,70,1,0.9859154929577465,0.9804741980474198,1.0055496564021398,0.005441294910326744
corrected_pos_dep_complete,d16307cd048b6ced,"[""DEP_complete_advcl_rate_baixo"", ""POS_PRON_rate_alto"", ""uppercaseRatio_baixo""]",test,all,1440,720,131,0.09097222222222222,75,56,0.5725190839694656,0.5,1.1450381679389312,0.0725190839694656
corrected_pos_dep_complete,d16307cd048b6ced,"[""DEP_complete_advcl_rate_baixo"", ""POS_PRON_rate_alto"", ""uppercaseRatio_baixo""]",test,com_autor,719,11,54,0.07510431154381085,0,54,0.0,0.015299026425591099,0.0,-0.015299026425591099
corrected_pos_dep_complete,d16307cd048b6ced,"[""DEP_complete_advcl_rate_baixo"", ""POS_PRON_rate_alto"", ""uppercaseRatio_baixo""]",test,sem_autor,721,709,77,0.10679611650485436,75,2,0.974025974025974,0.9833564493758669,0.9905116040518015,-0.009330475349892842
corrected_pos_dep_complete,ac250fe4a38b0928,"[""DEP_complete_amod_rate_alto"", ""DEP_complete_ccomp_rate_baixo"", ""uppercaseRatio_baixo""]",train,all,4320,2160,394,0.0912037037037037,154,240,0.39086294416243655,0.5,0.7817258883248731,-0.10913705583756345
corrected_pos_dep_complete,ac250fe4a38b0928,"[""DEP_complete_amod_rate_alto"", ""DEP_complete_ccomp_rate_baixo"", ""uppercaseRatio_baixo""]",train,com_autor,2157,44,242,0.11219286045433473,6,236,0.024793388429752067,0.020398701900788133,1.2154395191585274,0.0043946865289639335
corrected_pos_dep_complete,ac250fe4a38b0928,"[""DEP_complete_amod_rate_alto"", ""DEP_complete_ccomp_rate_baixo"", ""uppercaseRatio_baixo""]",train,sem_autor,2163,2116,152,0.07027276930189552,148,4,0.9736842105263158,0.9782709200184928,0.995311411799821,-0.004586709492176988
corrected_pos_dep_complete,ac250fe4a38b0928,"[""DEP_complete_amod_rate_alto"", ""DEP_complete_ccomp_rate_baixo"", ""uppercaseRatio_baixo""]",validation,all,1440,720,136,0.09444444444444444,55,81,0.40441176470588236,0.5,0.8088235294117647,-0.09558823529411764
corrected_pos_dep_complete,ac250fe4a38b0928,"[""DEP_complete_amod_rate_alto"", ""DEP_complete_ccomp_rate_baixo"", ""uppercaseRatio_baixo""]",validation,com_autor,723,17,82,0.11341632088520055,2,80,0.024390243902439025,0.02351313969571231,1.0373027259684362,0.0008771042067267157
corrected_pos_dep_complete,ac250fe4a38b0928,"[""DEP_complete_amod_rate_alto"", ""DEP_complete_ccomp_rate_baixo"", ""uppercaseRatio_baixo""]",validation,sem_autor,717,703,54,0.07531380753138076,53,1,0.9814814814814815,0.9804741980474198,1.0010273431326064,0.0010072834340617565
corrected_pos_dep_complete,ac250fe4a38b0928,"[""DEP_complete_amod_rate_alto"", ""DEP_complete_ccomp_rate_baixo"", ""uppercaseRatio_baixo""]",test,all,1440,720,147,0.10208333333333333,62,85,0.4217687074829932,0.5,0.8435374149659864,-0.07823129251700678
corrected_pos_dep_complete,ac250fe4a38b0928,"[""DEP_complete_amod_rate_alto"", ""DEP_complete_ccomp_rate_baixo"", ""uppercaseRatio_baixo""]",test,com_autor,719,11,89,0.12378303198887343,4,85,0.0449438202247191,0.015299026425591099,2.9376915219611845,0.029644793799128002
corrected_pos_dep_complete,ac250fe4a38b0928,"[""DEP_complete_amod_rate_alto"", ""DEP_complete_ccomp_rate_baixo"", ""uppercaseRatio_baixo""]",test,sem_autor,721,709,58,0.08044382801664356,58,0,1.0,0.9833564493758669,1.0169252468265162,0.01664355062413314
corrected_pos_dep_complete,159534c8f5dded85,"[""DEP_complete_advcl_rate_baixo"", ""DEP_complete_advmod_rate_baixo"", ""diversidade_baixo""]",train,all,4320,2160,360,0.08333333333333333,174,186,0.48333333333333334,0.5,0.9666666666666667,-0.016666666666666663
corrected_pos_dep_complete,159534c8f5dded85,"[""DEP_complete_advcl_rate_baixo"", ""DEP_complete_advmod_rate_baixo"", ""diversidade_baixo""]",train,com_autor,2157,44,185,0.08576726935558646,2,183,0.010810810810810811,0.020398701900788133,0.52997542997543,-0.009587891089977322
corrected_pos_dep_complete,159534c8f5dded85,"[""DEP_complete_advcl_rate_baixo"", ""DEP_complete_advmod_rate_baixo"", ""diversidade_baixo""]",train,sem_autor,2163,2116,175,0.08090614886731391,172,3,0.9828571428571429,0.9782709200184928,1.0046880907372402,0.004586222838650067
corrected_pos_dep_complete,159534c8f5dded85,"[""DEP_complete_advcl_rate_baixo"", ""DEP_complete_advmod_rate_baixo"", ""diversidade_baixo""]",validation,all,1440,720,112,0.07777777777777778,51,61,0.45535714285714285,0.5,0.9107142857142857,-0.04464285714285715
corrected_pos_dep_complete,159534c8f5dded85,"[""DEP_complete_advcl_rate_baixo"", ""DEP_complete_advmod_rate_baixo"", ""diversidade_baixo""]",validation,com_autor,723,17,60,0.08298755186721991,3,57,0.05,0.02351313969571231,2.126470588235294,0.026486860304287693
corrected_pos_dep_complete,159534c8f5dded85,"[""DEP_complete_advcl_rate_baixo"", ""DEP_complete_advmod_rate_baixo"", ""diversidade_baixo""]",validation,sem_autor,717,703,52,0.07252440725244072,48,4,0.9230769230769231,0.9804741980474198,0.9414596783017837,-0.057397274970496626
corrected_pos_dep_complete,159534c8f5dded85,"[""DEP_complete_advcl_rate_baixo"", ""DEP_complete_advmod_rate_baixo"", ""diversidade_baixo""]",test,all,1440,720,108,0.075,58,50,0.5370370370370371,0.5,1.0740740740740742,0.03703703703703709
corrected_pos_dep_complete,159534c8f5dded85,"[""DEP_complete_advcl_rate_baixo"", ""DEP_complete_advmod_rate_baixo"", ""diversidade_baixo""]",test,com_autor,719,11,48,0.06675938803894298,0,48,0.0,0.015299026425591099,0.0,-0.015299026425591099
corrected_pos_dep_complete,159534c8f5dded85,"[""DEP_complete_advcl_rate_baixo"", ""DEP_complete_advmod_rate_baixo"", ""diversidade_baixo""]",test,sem_autor,721,709,60,0.08321775312066575,58,2,0.9666666666666667,0.9833564493758669,0.9830277385989656,-0.016689782709200185
corrected_pos_dep_complete,101d0bd1799d6f5d,"[""DEP_complete_ccomp_rate_baixo"", ""POS_ADV_rate_alto"", ""uppercaseRatio_baixo""]",train,all,4320,2160,379,0.08773148148148148,218,161,0.575197889182058,0.5,1.150395778364116,0.07519788918205805
corrected_pos_dep_complete,101d0bd1799d6f5d,"[""DEP_complete_ccomp_rate_baixo"", ""POS_ADV_rate_alto"", ""uppercaseRatio_baixo""]",train,com_autor,2157,44,166,0.07695873898933704,7,159,0.04216867469879518,0.020398701900788133,2.0672234392113906,0.021769972798007044
corrected_pos_dep_complete,101d0bd1799d6f5d,"[""DEP_complete_ccomp_rate_baixo"", ""POS_ADV_rate_alto"", ""uppercaseRatio_baixo""]",train,sem_autor,2163,2116,213,0.09847434119278779,211,2,0.9906103286384976,0.9782709200184928,1.012613488112037,0.012339408620004821
corrected_pos_dep_complete,101d0bd1799d6f5d,"[""DEP_complete_ccomp_rate_baixo"", ""POS_ADV_rate_alto"", ""uppercaseRatio_baixo""]",validation,all,1440,720,126,0.0875,66,60,0.5238095238095238,0.5,1.0476190476190477,0.023809523809523836
corrected_pos_dep_complete,101d0bd1799d6f5d,"[""DEP_complete_ccomp_rate_baixo"", ""POS_ADV_rate_alto"", ""uppercaseRatio_baixo""]",validation,com_autor,723,17,61,0.08437067773167359,1,60,0.01639344262295082,0.02351313969571231,0.6972034715525555,-0.007119697072761489
corrected_pos_dep_complete,101d0bd1799d6f5d,"[""DEP_complete_ccomp_rate_baixo"", ""POS_ADV_rate_alto"", ""uppercaseRatio_baixo""]",validation,sem_autor,717,703,65,0.09065550906555091,65,0,1.0,0.9804741980474198,1.0199146514935988,0.019525801952580246
corrected_pos_dep_complete,101d0bd1799d6f5d,"[""DEP_complete_ccomp_rate_baixo"", ""POS_ADV_rate_alto"", ""uppercaseRatio_baixo""]",test,all,1440,720,134,0.09305555555555556,81,53,0.6044776119402985,0.5,1.208955223880597,0.10447761194029848
corrected_pos_dep_complete,101d0bd1799d6f5d,"[""DEP_complete_ccomp_rate_baixo"", ""POS_ADV_rate_alto"", ""uppercaseRatio_baixo""]",test,com_autor,719,11,55,0.07649513212795549,2,53,0.03636363636363636,0.015299026425591099,2.376859504132231,0.021064609938045264
corrected_pos_dep_complete,101d0bd1799d6f5d,"[""DEP_complete_ccomp_rate_baixo"", ""POS_ADV_rate_alto"", ""uppercaseRatio_baixo""]",test,sem_autor,721,709,79,0.10957004160887657,79,0,1.0,0.9833564493758669,1.0169252468265162,0.01664355062413314
corrected_pos_dep_complete,3668a49b4faa38e9,"[""DEP_complete_amod_rate_alto"", ""DEP_complete_ccomp_rate_baixo""]",train,all,4320,2160,793,0.18356481481481482,347,446,0.43757881462799497,0.5,0.8751576292559899,-0.06242118537200503
corrected_pos_dep_complete,3668a49b4faa38e9,"[""DEP_complete_amod_rate_alto"", ""DEP_complete_ccomp_rate_baixo""]",train,com_autor,2157,44,448,0.2076958738989337,7,441,0.015625,0.020398701900788133,0.7659801136363635,-0.004773701900788133
corrected_pos_dep_complete,3668a49b4faa38e9,"[""DEP_complete_amod_rate_alto"", ""DEP_complete_ccomp_rate_baixo""]",train,sem_autor,2163,2116,345,0.15950069348127602,340,5,0.9855072463768116,0.9782709200184928,1.0073970576148599,0.007236326358318834
corrected_pos_dep_complete,3668a49b4faa38e9,"[""DEP_complete_amod_rate_alto"", ""DEP_complete_ccomp_rate_baixo""]",validation,all,1440,720,251,0.17430555555555555,111,140,0.44223107569721115,0.5,0.8844621513944223,-0.05776892430278885
corrected_pos_dep_complete,3668a49b4faa38e9,"[""DEP_complete_amod_rate_alto"", ""DEP_complete_ccomp_rate_baixo""]",validation,com_autor,723,17,140,0.19363762102351315,3,137,0.02142857142857143,0.02351313969571231,0.911344537815126,-0.0020845682671408808
corrected_pos_dep_complete,3668a49b4faa38e9,"[""DEP_complete_amod_rate_alto"", ""DEP_complete_ccomp_rate_baixo""]",validation,sem_autor,717,703,111,0.15481171548117154,108,3,0.972972972972973,0.9804741980474198,0.9923493906424207,-0.007501225074446727
corrected_pos_dep_complete,3668a49b4faa38e9,"[""DEP_complete_amod_rate_alto"", ""DEP_complete_ccomp_rate_baixo""]",test,all,1440,720,271,0.18819444444444444,120,151,0.44280442804428044,0.5,0.8856088560885609,-0.05719557195571956
corrected_pos_dep_complete,3668a49b4faa38e9,"[""DEP_complete_amod_rate_alto"", ""DEP_complete_ccomp_rate_baixo""]",test,com_autor,719,11,153,0.21279554937413073,4,149,0.026143790849673203,0.015299026425591099,1.708853238265003,0.010844764424082104
corrected_pos_dep_complete,3668a49b4faa38e9,"[""DEP_complete_amod_rate_alto"", ""DEP_complete_ccomp_rate_baixo""]",test,sem_autor,721,709,118,0.1636615811373093,116,2,0.9830508474576272,0.9833564493758669,0.9996892256938634,-0.0003056019182396952
corrected_pos_dep_complete,8fba65659c42870c,"[""DEP_complete_advcl_rate_baixo"", ""POS_NOUN_rate_alto"", ""uppercaseRatio_baixo""]",train,all,4320,2160,373,0.0863425925925926,127,246,0.34048257372654156,0.5,0.6809651474530831,-0.15951742627345844
corrected_pos_dep_complete,8fba65659c42870c,"[""DEP_complete_advcl_rate_baixo"", ""POS_NOUN_rate_alto"", ""uppercaseRatio_baixo""]",train,com_autor,2157,44,241,0.11172925359295317,2,239,0.008298755186721992,0.020398701900788133,0.4068276122218031,-0.012099946714066142
corrected_pos_dep_complete,8fba65659c42870c,"[""DEP_complete_advcl_rate_baixo"", ""POS_NOUN_rate_alto"", ""uppercaseRatio_baixo""]",train,sem_autor,2163,2116,132,0.06102635228848821,125,7,0.946969696969697,0.9782709200184928,0.9680035229420864,-0.03130122304879579
corrected_pos_dep_complete,8fba65659c42870c,"[""DEP_complete_advcl_rate_baixo"", ""POS_NOUN_rate_alto"", ""uppercaseRatio_baixo""]",validation,all,1440,720,123,0.08541666666666667,31,92,0.25203252032520324,0.5,0.5040650406504065,-0.24796747967479676
corrected_pos_dep_complete,8fba65659c42870c,"[""DEP_complete_advcl_rate_baixo"", ""POS_NOUN_rate_alto"", ""uppercaseRatio_baixo""]",validation,com_autor,723,17,90,0.12448132780082988,1,89,0.011111111111111112,0.02351313969571231,0.4725490196078432,-0.012402028584601198
corrected_pos_dep_complete,8fba65659c42870c,"[""DEP_complete_advcl_rate_baixo"", ""POS_NOUN_rate_alto"", ""uppercaseRatio_baixo""]",validation,sem_autor,717,703,33,0.04602510460251046,30,3,0.9090909090909091,0.9804741980474198,0.9271951377214536,-0.0713832889565107
corrected_pos_dep_complete,8fba65659c42870c,"[""DEP_complete_advcl_rate_baixo"", ""POS_NOUN_rate_alto"", ""uppercaseRatio_baixo""]",test,all,1440,720,132,0.09166666666666666,44,88,0.3333333333333333,0.5,0.6666666666666666,-0.16666666666666669
corrected_pos_dep_complete,8fba65659c42870c,"[""DEP_complete_advcl_rate_baixo"", ""POS_NOUN_rate_alto"", ""uppercaseRatio_baixo""]",test,com_autor,719,11,89,0.12378303198887343,1,88,0.011235955056179775,0.015299026425591099,0.7344228804902961,-0.004063071369411324
corrected_pos_dep_complete,8fba65659c42870c,"[""DEP_complete_advcl_rate_baixo"", ""POS_NOUN_rate_alto"", ""uppercaseRatio_baixo""]",test,sem_autor,721,709,43,0.059639389736477116,43,0,1.0,0.9833564493758669,1.0169252468265162,0.01664355062413314
corrected_pos_dep_complete,1cb70fd555107380,"[""DEP_complete_advcl_rate_baixo"", ""DEP_complete_obj_rate_baixo"", ""uppercaseRatio_baixo""]",train,all,4320,2160,374,0.08657407407407407,168,206,0.44919786096256686,0.5,0.8983957219251337,-0.050802139037433136
corrected_pos_dep_complete,1cb70fd555107380,"[""DEP_complete_advcl_rate_baixo"", ""DEP_complete_obj_rate_baixo"", ""uppercaseRatio_baixo""]",train,com_autor,2157,44,206,0.09550301344459898,3,203,0.014563106796116505,0.020398701900788133,0.7139232127096204,-0.005835595104671628
corrected_pos_dep_complete,1cb70fd555107380,"[""DEP_complete_advcl_rate_baixo"", ""DEP_complete_obj_rate_baixo"", ""uppercaseRatio_baixo""]",train,sem_autor,2163,2116,168,0.07766990291262135,165,3,0.9821428571428571,0.9782709200184928,1.0039579395085065,0.0038719371243642886
corrected_pos_dep_complete,1cb70fd555107380,"[""DEP_complete_advcl_rate_baixo"", ""DEP_complete_obj_rate_baixo"", ""uppercaseRatio_baixo""]",validation,all,1440,720,119,0.08263888888888889,56,63,0.47058823529411764,0.5,0.9411764705882353,-0.02941176470588236
corrected_pos_dep_complete,1cb70fd555107380,"[""DEP_complete_advcl_rate_baixo"", ""DEP_complete_obj_rate_baixo"", ""uppercaseRatio_baixo""]",validation,com_autor,723,17,63,0.08713692946058091,2,61,0.031746031746031744,0.02351313969571231,1.3501400560224088,0.008232892050319435
corrected_pos_dep_complete,1cb70fd555107380,"[""DEP_complete_advcl_rate_baixo"", ""DEP_complete_obj_rate_baixo"", ""uppercaseRatio_baixo""]",validation,sem_autor,717,703,56,0.07810320781032078,54,2,0.9642857142857143,0.9804741980474198,0.9834891282259703,-0.016188483761705452
corrected_pos_dep_complete,1cb70fd555107380,"[""DEP_complete_advcl_rate_baixo"", ""DEP_complete_obj_rate_baixo"", ""uppercaseRatio_baixo""]",test,all,1440,720,135,0.09375,63,72,0.4666666666666667,0.5,0.9333333333333333,-0.033333333333333326
corrected_pos_dep_complete,1cb70fd555107380,"[""DEP_complete_advcl_rate_baixo"", ""DEP_complete_obj_rate_baixo"", ""uppercaseRatio_baixo""]",test,com_autor,719,11,72,0.10013908205841446,1,71,0.013888888888888888,0.015299026425591099,0.9078282828282828,-0.001410137536702211
corrected_pos_dep_complete,1cb70fd555107380,"[""DEP_complete_advcl_rate_baixo"", ""DEP_complete_obj_rate_baixo"", ""uppercaseRatio_baixo""]",test,sem_autor,721,709,63,0.08737864077669903,62,1,0.9841269841269841,0.9833564493758669,1.0007835762419683,0.0007705347511172134
corrected_pos_dep_complete,f0690716edd1d4e8,"[""DEP_complete_advmod_rate_alto"", ""uppercaseRatio_baixo""]",train,all,4320,2160,535,0.12384259259259259,311,224,0.5813084112149532,0.5,1.1626168224299065,0.08130841121495325
corrected_pos_dep_complete,f0690716edd1d4e8,"[""DEP_complete_advmod_rate_alto"", ""uppercaseRatio_baixo""]",train,com_autor,2157,44,230,0.10662957811775614,8,222,0.034782608695652174,0.020398701900788133,1.7051383399209485,0.014383906794864041
corrected_pos_dep_complete,f0690716edd1d4e8,"[""DEP_complete_advmod_rate_alto"", ""uppercaseRatio_baixo""]",train,sem_autor,2163,2116,305,0.1410078594544614,303,2,0.9934426229508196,0.9782709200184928,1.0155086925532244,0.015171702932326836
corrected_pos_dep_complete,f0690716edd1d4e8,"[""DEP_complete_advmod_rate_alto"", ""uppercaseRatio_baixo""]",validation,all,1440,720,187,0.12986111111111112,110,77,0.5882352941176471,0.5,1.1764705882352942,0.08823529411764708
corrected_pos_dep_complete,f0690716edd1d4e8,"[""DEP_complete_advmod_rate_alto"", ""uppercaseRatio_baixo""]",validation,com_autor,723,17,78,0.1078838174273859,1,77,0.01282051282051282,0.02351313969571231,0.5452488687782805,-0.01069262687519949
corrected_pos_dep_complete,f0690716edd1d4e8,"[""DEP_complete_advmod_rate_alto"", ""uppercaseRatio_baixo""]",validation,sem_autor,717,703,109,0.15202231520223153,109,0,1.0,0.9804741980474198,1.0199146514935988,0.019525801952580246
corrected_pos_dep_complete,f0690716edd1d4e8,"[""DEP_complete_advmod_rate_alto"", ""uppercaseRatio_baixo""]",test,all,1440,720,181,0.12569444444444444,110,71,0.6077348066298343,0.5,1.2154696132596685,0.10773480662983426
corrected_pos_dep_complete,f0690716edd1d4e8,"[""DEP_complete_advmod_rate_alto"", ""uppercaseRatio_baixo""]",test,com_autor,719,11,70,0.09735744089012517,0,70,0.0,0.015299026425591099,0.0,-0.015299026425591099
corrected_pos_dep_complete,f0690716edd1d4e8,"[""DEP_complete_advmod_rate_alto"", ""uppercaseRatio_baixo""]",test,sem_autor,721,709,111,0.1539528432732316,110,1,0.990990990990991,0.9833564493758669,1.0077637581163674,0.007634541615124113
corrected_pos_dep_complete,728cda3555ce072e,"[""POS_ADV_rate_alto"", ""uppercaseRatio_baixo""]",train,all,4320,2160,593,0.1372685185185185,349,244,0.5885328836424958,0.5,1.1770657672849916,0.08853288364249579
corrected_pos_dep_complete,728cda3555ce072e,"[""POS_ADV_rate_alto"", ""uppercaseRatio_baixo""]",train,com_autor,2157,44,249,0.11543810848400557,8,241,0.0321285140562249,0.020398701900788133,1.5750273822562977,0.011729812155436763
corrected_pos_dep_complete,728cda3555ce072e,"[""POS_ADV_rate_alto"", ""uppercaseRatio_baixo""]",train,sem_autor,2163,2116,344,0.15903837263060563,341,3,0.9912790697674418,0.9782709200184928,1.0132970831318415,0.013008149748949038
corrected_pos_dep_complete,728cda3555ce072e,"[""POS_ADV_rate_alto"", ""uppercaseRatio_baixo""]",validation,all,1440,720,204,0.14166666666666666,119,85,0.5833333333333334,0.5,1.1666666666666667,0.08333333333333337
corrected_pos_dep_complete,728cda3555ce072e,"[""POS_ADV_rate_alto"", ""uppercaseRatio_baixo""]",validation,com_autor,723,17,86,0.11894882434301521,1,85,0.011627906976744186,0.02351313969571231,0.4945280437756498,-0.011885232718968124
corrected_pos_dep_complete,728cda3555ce072e,"[""POS_ADV_rate_alto"", ""uppercaseRatio_baixo""]",validation,sem_autor,717,703,118,0.16457461645746166,118,0,1.0,0.9804741980474198,1.0199146514935988,0.019525801952580246
corrected_pos_dep_complete,728cda3555ce072e,"[""POS_ADV_rate_alto"", ""uppercaseRatio_baixo""]",test,all,1440,720,205,0.1423611111111111,125,80,0.6097560975609756,0.5,1.2195121951219512,0.1097560975609756
corrected_pos_dep_complete,728cda3555ce072e,"[""POS_ADV_rate_alto"", ""uppercaseRatio_baixo""]",test,com_autor,719,11,82,0.11404728789986092,3,79,0.036585365853658534,0.015299026425591099,2.391352549889135,0.021286339428067437
corrected_pos_dep_complete,728cda3555ce072e,"[""POS_ADV_rate_alto"", ""uppercaseRatio_baixo""]",test,sem_autor,721,709,123,0.17059639389736478,122,1,0.991869918699187,0.9833564493758669,1.0086575618929672,0.008513469323320089
corrected_pos_dep_complete,545510418faa8b50,"[""DEP_complete_advcl_rate_baixo"", ""DEP_complete_ccomp_rate_baixo"", ""POS_PROPN_rate_alto""]",train,all,4320,2160,532,0.12314814814814815,279,253,0.5244360902255639,0.5,1.0488721804511278,0.024436090225563922
corrected_pos_dep_complete,545510418faa8b50,"[""DEP_complete_advcl_rate_baixo"", ""DEP_complete_ccomp_rate_baixo"", ""POS_PROPN_rate_alto""]",train,com_autor,2157,44,250,0.11590171534538711,6,244,0.024,0.020398701900788133,1.1765454545454546,0.003601298099211867
corrected_pos_dep_complete,545510418faa8b50,"[""DEP_complete_advcl_rate_baixo"", ""DEP_complete_ccomp_rate_baixo"", ""POS_PROPN_rate_alto""]",train,sem_autor,2163,2116,282,0.130374479889043,273,9,0.9680851063829787,0.9782709200184928,0.9895879419217312,-0.010185813635514074
corrected_pos_dep_complete,545510418faa8b50,"[""DEP_complete_advcl_rate_baixo"", ""DEP_complete_ccomp_rate_baixo"", ""POS_PROPN_rate_alto""]",validation,all,1440,720,181,0.12569444444444444,79,102,0.43646408839779005,0.5,0.8729281767955801,-0.06353591160220995
corrected_pos_dep_complete,545510418faa8b50,"[""DEP_complete_advcl_rate_baixo"", ""DEP_complete_ccomp_rate_baixo"", ""POS_PROPN_rate_alto""]",validation,com_autor,723,17,98,0.1355463347164592,1,97,0.01020408163265306,0.02351313969571231,0.4339735894357743,-0.01330905806305925
corrected_pos_dep_complete,545510418faa8b50,"[""DEP_complete_advcl_rate_baixo"", ""DEP_complete_ccomp_rate_baixo"", ""POS_PROPN_rate_alto""]",validation,sem_autor,717,703,83,0.11576011157601115,78,5,0.9397590361445783,0.9804741980474198,0.9584740098373581,-0.04071516190284141
corrected_pos_dep_complete,545510418faa8b50,"[""DEP_complete_advcl_rate_baixo"", ""DEP_complete_ccomp_rate_baixo"", ""POS_PROPN_rate_alto""]",test,all,1440,720,171,0.11875,84,87,0.49122807017543857,0.5,0.9824561403508771,-0.00877192982456143
corrected_pos_dep_complete,545510418faa8b50,"[""DEP_complete_advcl_rate_baixo"", ""DEP_complete_ccomp_rate_baixo"", ""POS_PROPN_rate_alto""]",test,com_autor,719,11,86,0.11961057023643949,1,85,0.011627906976744186,0.015299026425591099,0.7600422832980972,-0.0036711194488469132
corrected_pos_dep_complete,545510418faa8b50,"[""DEP_complete_advcl_rate_baixo"", ""DEP_complete_ccomp_rate_baixo"", ""POS_PROPN_rate_alto""]",test,sem_autor,721,709,85,0.11789181692094314,83,2,0.9764705882352941,0.9833564493758669,0.99299759396001,-0.006885861140572769
corrected_pos_dep_complete,3d276f37d0f08290,"[""DEP_complete_advcl_rate_baixo"", ""DEP_complete_ccomp_rate_baixo"", ""POS_NOUN_rate_alto""]",train,all,4320,2160,538,0.12453703703703704,188,350,0.34944237918215615,0.5,0.6988847583643123,-0.15055762081784385
corrected_pos_dep_complete,3d276f37d0f08290,"[""DEP_complete_advcl_rate_baixo"", ""DEP_complete_ccomp_rate_baixo"", ""POS_NOUN_rate_alto""]",train,com_autor,2157,44,342,0.15855354659248957,3,339,0.008771929824561403,0.020398701900788133,0.43002392344497603,-0.01162677207622673
corrected_pos_dep_complete,3d276f37d0f08290,"[""DEP_complete_advcl_rate_baixo"", ""DEP_complete_ccomp_rate_baixo"", ""POS_NOUN_rate_alto""]",train,sem_autor,2163,2116,196,0.09061488673139159,185,11,0.9438775510204082,0.9782709200184928,0.9648426951120713,-0.03439336899808465
corrected_pos_dep_complete,3d276f37d0f08290,"[""DEP_complete_advcl_rate_baixo"", ""DEP_complete_ccomp_rate_baixo"", ""POS_NOUN_rate_alto""]",validation,all,1440,720,173,0.12013888888888889,54,119,0.31213872832369943,0.5,0.6242774566473989,-0.18786127167630057
corrected_pos_dep_complete,3d276f37d0f08290,"[""DEP_complete_advcl_rate_baixo"", ""DEP_complete_ccomp_rate_baixo"", ""POS_NOUN_rate_alto""]",validation,com_autor,723,17,119,0.16459197786998617,1,118,0.008403361344537815,0.02351313969571231,0.3573900148294612,-0.015109778351174495
corrected_pos_dep_complete,3d276f37d0f08290,"[""DEP_complete_advcl_rate_baixo"", ""DEP_complete_ccomp_rate_baixo"", ""POS_NOUN_rate_alto""]",validation,sem_autor,717,703,54,0.07531380753138076,53,1,0.9814814814814815,0.9804741980474198,1.0010273431326064,0.0010072834340617565
corrected_pos_dep_complete,3d276f37d0f08290,"[""DEP_complete_advcl_rate_baixo"", ""DEP_complete_ccomp_rate_baixo"", ""POS_NOUN_rate_alto""]",test,all,1440,720,192,0.13333333333333333,68,124,0.3541666666666667,0.5,0.7083333333333334,-0.14583333333333331
corrected_pos_dep_complete,3d276f37d0f08290,"[""DEP_complete_advcl_rate_baixo"", ""DEP_complete_ccomp_rate_baixo"", ""POS_NOUN_rate_alto""]",test,com_autor,719,11,125,0.17385257301808066,1,124,0.008,0.015299026425591099,0.5229090909090909,-0.007299026425591099
corrected_pos_dep_complete,3d276f37d0f08290,"[""DEP_complete_advcl_rate_baixo"", ""DEP_complete_ccomp_rate_baixo"", ""POS_NOUN_rate_alto""]",test,sem_autor,721,709,67,0.09292649098474341,67,0,1.0,0.9833564493758669,1.0169252468265162,0.01664355062413314
corrected_pos_dep_complete,bff266ca80b8472e,"[""DEP_complete_advcl_rate_baixo"", ""DEP_complete_advmod_rate_baixo"", ""DEP_complete_amod_rate_baixo""]",train,all,4320,2160,357,0.08263888888888889,156,201,0.4369747899159664,0.5,0.8739495798319328,-0.06302521008403361
corrected_pos_dep_complete,bff266ca80b8472e,"[""DEP_complete_advcl_rate_baixo"", ""DEP_complete_advmod_rate_baixo"", ""DEP_complete_amod_rate_baixo""]",train,com_autor,2157,44,196,0.09086694483078349,1,195,0.00510204081632653,0.020398701900788133,0.2501159554730983,-0.015296661084461604
corrected_pos_dep_complete,bff266ca80b8472e,"[""DEP_complete_advcl_rate_baixo"", ""DEP_complete_advmod_rate_baixo"", ""DEP_complete_amod_rate_baixo""]",train,sem_autor,2163,2116,161,0.0744336569579288,155,6,0.9627329192546584,0.9782709200184928,0.9841168735103148,-0.015538000763834381
corrected_pos_dep_complete,bff266ca80b8472e,"[""DEP_complete_advcl_rate_baixo"", ""DEP_complete_advmod_rate_baixo"", ""DEP_complete_amod_rate_baixo""]",validation,all,1440,720,109,0.07569444444444444,48,61,0.44036697247706424,0.5,0.8807339449541285,-0.059633027522935755
corrected_pos_dep_complete,bff266ca80b8472e,"[""DEP_complete_advcl_rate_baixo"", ""DEP_complete_advmod_rate_baixo"", ""DEP_complete_amod_rate_baixo""]",validation,com_autor,723,17,61,0.08437067773167359,3,58,0.04918032786885246,0.02351313969571231,2.091610414657666,0.02566718817314015
corrected_pos_dep_complete,bff266ca80b8472e,"[""DEP_complete_advcl_rate_baixo"", ""DEP_complete_advmod_rate_baixo"", ""DEP_complete_amod_rate_baixo""]",validation,sem_autor,717,703,48,0.06694560669456066,45,3,0.9375,0.9804741980474198,0.956169985775249,-0.042974198047419754
corrected_pos_dep_complete,bff266ca80b8472e,"[""DEP_complete_advcl_rate_baixo"", ""DEP_complete_advmod_rate_baixo"", ""DEP_complete_amod_rate_baixo""]",test,all,1440,720,119,0.08263888888888889,49,70,0.4117647058823529,0.5,0.8235294117647058,-0.08823529411764708
corrected_pos_dep_complete,bff266ca80b8472e,"[""DEP_complete_advcl_rate_baixo"", ""DEP_complete_advmod_rate_baixo"", ""DEP_complete_amod_rate_baixo""]",test,com_autor,719,11,70,0.09735744089012517,0,70,0.0,0.015299026425591099,0.0,-0.015299026425591099
corrected_pos_dep_complete,bff266ca80b8472e,"[""DEP_complete_advcl_rate_baixo"", ""DEP_complete_advmod_rate_baixo"", ""DEP_complete_amod_rate_baixo""]",test,sem_autor,721,709,49,0.06796116504854369,49,0,1.0,0.9833564493758669,1.0169252468265162,0.01664355062413314
corrected_pos_dep_complete,f6ab8eea0378d8ae,"[""DEP_complete_advcl_rate_baixo"", ""DEP_complete_ccomp_rate_baixo"", ""DEP_complete_nsubj_rate_alto""]",train,all,4320,2160,367,0.0849537037037037,200,167,0.5449591280653951,0.5,1.0899182561307903,0.04495912806539515
corrected_pos_dep_complete,f6ab8eea0378d8ae,"[""DEP_complete_advcl_rate_baixo"", ""DEP_complete_ccomp_rate_baixo"", ""DEP_complete_nsubj_rate_alto""]",train,com_autor,2157,44,169,0.07834955957348169,6,163,0.03550295857988166,0.020398701900788133,1.7404518558364712,0.015104256679093524
corrected_pos_dep_complete,f6ab8eea0378d8ae,"[""DEP_complete_advcl_rate_baixo"", ""DEP_complete_ccomp_rate_baixo"", ""DEP_complete_nsubj_rate_alto""]",train,sem_autor,2163,2116,198,0.09153952843273232,194,4,0.9797979797979798,0.9782709200184928,1.0015609784040787,0.0015270597794869722
corrected_pos_dep_complete,f6ab8eea0378d8ae,"[""DEP_complete_advcl_rate_baixo"", ""DEP_complete_ccomp_rate_baixo"", ""DEP_complete_nsubj_rate_alto""]",validation,all,1440,720,126,0.0875,66,60,0.5238095238095238,0.5,1.0476190476190477,0.023809523809523836
corrected_pos_dep_complete,f6ab8eea0378d8ae,"[""DEP_complete_advcl_rate_baixo"", ""DEP_complete_ccomp_rate_baixo"", ""DEP_complete_nsubj_rate_alto""]",validation,com_autor,723,17,60,0.08298755186721991,2,58,0.03333333333333333,0.02351313969571231,1.4176470588235295,0.009820193637621023
corrected_pos_dep_complete,f6ab8eea0378d8ae,"[""DEP_complete_advcl_rate_baixo"", ""DEP_complete_ccomp_rate_baixo"", ""DEP_complete_nsubj_rate_alto""]",validation,sem_autor,717,703,66,0.09205020920502092,64,2,0.9696969696969697,0.9804741980474198,0.9890081469028839,-0.01077722835045003
corrected_pos_dep_complete,f6ab8eea0378d8ae,"[""DEP_complete_advcl_rate_baixo"", ""DEP_complete_ccomp_rate_baixo"", ""DEP_complete_nsubj_rate_alto""]",test,all,1440,720,133,0.09236111111111112,77,56,0.5789473684210527,0.5,1.1578947368421053,0.07894736842105265
corrected_pos_dep_complete,f6ab8eea0378d8ae,"[""DEP_complete_advcl_rate_baixo"", ""DEP_complete_ccomp_rate_baixo"", ""DEP_complete_nsubj_rate_alto""]",test,com_autor,719,11,55,0.07649513212795549,0,55,0.0,0.015299026425591099,0.0,-0.015299026425591099
corrected_pos_dep_complete,f6ab8eea0378d8ae,"[""DEP_complete_advcl_rate_baixo"", ""DEP_complete_ccomp_rate_baixo"", ""DEP_complete_nsubj_rate_alto""]",test,sem_autor,721,709,78,0.10818307905686546,77,1,0.9871794871794872,0.9833564493758669,1.0038877436620737,0.003823037803620366
corrected_pos_dep_complete,729491a988e12f48,"[""DEP_complete_advmod_rate_baixo"", ""DEP_complete_ccomp_rate_baixo"", ""DEP_complete_obj_rate_alto""]",train,all,4320,2160,348,0.08055555555555556,164,184,0.47126436781609193,0.5,0.9425287356321839,-0.028735632183908066
corrected_pos_dep_complete,729491a988e12f48,"[""DEP_complete_advmod_rate_baixo"", ""DEP_complete_ccomp_rate_baixo"", ""DEP_complete_obj_rate_alto""]",train,com_autor,2157,44,184,0.08530366249420492,5,179,0.02717391304347826,0.020398701900788133,1.332139328063241,0.006775211142690127
corrected_pos_dep_complete,729491a988e12f48,"[""DEP_complete_advmod_rate_baixo"", ""DEP_complete_ccomp_rate_baixo"", ""DEP_complete_obj_rate_alto""]",train,sem_autor,2163,2116,164,0.0758206195099399,159,5,0.9695121951219512,0.9782709200184928,0.9910467287565126,-0.008758724896541614
corrected_pos_dep_complete,729491a988e12f48,"[""DEP_complete_advmod_rate_baixo"", ""DEP_complete_ccomp_rate_baixo"", ""DEP_complete_obj_rate_alto""]",validation,all,1440,720,123,0.08541666666666667,62,61,0.5040650406504065,0.5,1.008130081300813,0.004065040650406471
corrected_pos_dep_complete,729491a988e12f48,"[""DEP_complete_advmod_rate_baixo"", ""DEP_complete_ccomp_rate_baixo"", ""DEP_complete_obj_rate_alto""]",validation,com_autor,723,17,59,0.08160442600276625,0,59,0.0,0.02351313969571231,0.0,-0.02351313969571231
corrected_pos_dep_complete,729491a988e12f48,"[""DEP_complete_advmod_rate_baixo"", ""DEP_complete_ccomp_rate_baixo"", ""DEP_complete_obj_rate_alto""]",validation,sem_autor,717,703,64,0.08926080892608089,62,2,0.96875,0.9804741980474198,0.9880423186344239,-0.011724198047419754
corrected_pos_dep_complete,729491a988e12f48,"[""DEP_complete_advmod_rate_baixo"", ""DEP_complete_ccomp_rate_baixo"", ""DEP_complete_obj_rate_alto""]",test,all,1440,720,121,0.08402777777777778,62,59,0.512396694214876,0.5,1.024793388429752,0.012396694214875992
corrected_pos_dep_complete,729491a988e12f48,"[""DEP_complete_advmod_rate_baixo"", ""DEP_complete_ccomp_rate_baixo"", ""DEP_complete_obj_rate_alto""]",test,com_autor,719,11,60,0.08344923504867872,1,59,0.016666666666666666,0.015299026425591099,1.0893939393939394,0.0013676402410755673
corrected_pos_dep_complete,729491a988e12f48,"[""DEP_complete_advmod_rate_baixo"", ""DEP_complete_ccomp_rate_baixo"", ""DEP_complete_obj_rate_alto""]",test,sem_autor,721,709,61,0.08460471567267684,61,0,1.0,0.9833564493758669,1.0169252468265162,0.01664355062413314
corrected_pos_dep_complete,707087381bf336e0,"[""DEP_complete_advcl_rate_baixo"", ""DEP_complete_ccomp_rate_baixo"", ""POS_ADJ_rate_alto""]",train,all,4320,2160,519,0.12013888888888889,227,292,0.4373795761078998,0.5,0.8747591522157996,-0.06262042389210021
corrected_pos_dep_complete,707087381bf336e0,"[""DEP_complete_advcl_rate_baixo"", ""DEP_complete_ccomp_rate_baixo"", ""POS_ADJ_rate_alto""]",train,com_autor,2157,44,289,0.1339823829392675,4,285,0.01384083044982699,0.020398701900788133,0.6785152563699276,-0.006557871450961143
corrected_pos_dep_complete,707087381bf336e0,"[""DEP_complete_advcl_rate_baixo"", ""DEP_complete_ccomp_rate_baixo"", ""POS_ADJ_rate_alto""]",train,sem_autor,2163,2116,230,0.10633379565418401,223,7,0.9695652173913043,0.9782709200184928,0.9911009287416783,-0.008705702627188505
corrected_pos_dep_complete,707087381bf336e0,"[""DEP_complete_advcl_rate_baixo"", ""DEP_complete_ccomp_rate_baixo"", ""POS_ADJ_rate_alto""]",validation,all,1440,720,166,0.11527777777777778,76,90,0.4578313253012048,0.5,0.9156626506024096,-0.042168674698795205
corrected_pos_dep_complete,707087381bf336e0,"[""DEP_complete_advcl_rate_baixo"", ""DEP_complete_ccomp_rate_baixo"", ""POS_ADJ_rate_alto""]",validation,com_autor,723,17,91,0.12586445366528354,3,88,0.03296703296703297,0.02351313969571231,1.4020685197155787,0.009453893271320658
corrected_pos_dep_complete,707087381bf336e0,"[""DEP_complete_advcl_rate_baixo"", ""DEP_complete_ccomp_rate_baixo"", ""POS_ADJ_rate_alto""]",validation,sem_autor,717,703,75,0.10460251046025104,73,2,0.9733333333333334,0.9804741980474198,0.9927169274537697,-0.00714086471408637
corrected_pos_dep_complete,707087381bf336e0,"[""DEP_complete_advcl_rate_baixo"", ""DEP_complete_ccomp_rate_baixo"", ""POS_ADJ_rate_alto""]",test,all,1440,720,183,0.12708333333333333,78,105,0.4262295081967213,0.5,0.8524590163934426,-0.07377049180327871
corrected_pos_dep_complete,707087381bf336e0,"[""DEP_complete_advcl_rate_baixo"", ""DEP_complete_ccomp_rate_baixo"", ""POS_ADJ_rate_alto""]",test,com_autor,719,11,105,0.14603616133518776,2,103,0.01904761904761905,0.015299026425591099,1.2450216450216451,0.0037485926220279502
corrected_pos_dep_complete,707087381bf336e0,"[""DEP_complete_advcl_rate_baixo"", ""DEP_complete_ccomp_rate_baixo"", ""POS_ADJ_rate_alto""]",test,sem_autor,721,709,78,0.10818307905686546,76,2,0.9743589743589743,0.9833564493758669,0.9908502404976312,-0.00899747501689252
corrected_pos_dep_complete,ab608a12d6296799,"[""DEP_complete_advcl_rate_baixo"", ""DEP_complete_advmod_rate_baixo"", ""uppercaseRatio_alto""]",train,all,4320,2160,362,0.0837962962962963,161,201,0.4447513812154696,0.5,0.8895027624309392,-0.05524861878453041
corrected_pos_dep_complete,ab608a12d6296799,"[""DEP_complete_advcl_rate_baixo"", ""DEP_complete_advmod_rate_baixo"", ""uppercaseRatio_alto""]",train,com_autor,2157,44,197,0.09133055169216504,1,196,0.005076142131979695,0.020398701900788133,0.24884633133364095,-0.015322559768808438
corrected_pos_dep_complete,ab608a12d6296799,"[""DEP_complete_advcl_rate_baixo"", ""DEP_complete_advmod_rate_baixo"", ""uppercaseRatio_alto""]",train,sem_autor,2163,2116,165,0.07628294036061026,160,5,0.9696969696969697,0.9782709200184928,0.9912356074926963,-0.008573950321523083
corrected_pos_dep_complete,ab608a12d6296799,"[""DEP_complete_advcl_rate_baixo"", ""DEP_complete_advmod_rate_baixo"", ""uppercaseRatio_alto""]",validation,all,1440,720,117,0.08125,49,68,0.4188034188034188,0.5,0.8376068376068376,-0.08119658119658119
corrected_pos_dep_complete,ab608a12d6296799,"[""DEP_complete_advcl_rate_baixo"", ""DEP_complete_advmod_rate_baixo"", ""uppercaseRatio_alto""]",validation,com_autor,723,17,66,0.0912863070539419,1,65,0.015151515151515152,0.02351313969571231,0.6443850267379679,-0.008361624544197158
corrected_pos_dep_complete,ab608a12d6296799,"[""DEP_complete_advcl_rate_baixo"", ""DEP_complete_advmod_rate_baixo"", ""uppercaseRatio_alto""]",validation,sem_autor,717,703,51,0.07112970711297072,48,3,0.9411764705882353,0.9804741980474198,0.9599196719939754,-0.03929772745918447
corrected_pos_dep_complete,ab608a12d6296799,"[""DEP_complete_advcl_rate_baixo"", ""DEP_complete_advmod_rate_baixo"", ""uppercaseRatio_alto""]",test,all,1440,720,97,0.06736111111111111,39,58,0.4020618556701031,0.5,0.8041237113402062,-0.09793814432989689
corrected_pos_dep_complete,ab608a12d6296799,"[""DEP_complete_advcl_rate_baixo"", ""DEP_complete_advmod_rate_baixo"", ""uppercaseRatio_alto""]",test,com_autor,719,11,57,0.07927677329624479,0,57,0.0,0.015299026425591099,0.0,-0.015299026425591099
corrected_pos_dep_complete,ab608a12d6296799,"[""DEP_complete_advcl_rate_baixo"", ""DEP_complete_advmod_rate_baixo"", ""uppercaseRatio_alto""]",test,sem_autor,721,709,40,0.05547850208044383,39,1,0.975,0.9833564493758669,0.9915021156558533,-0.008356449375866881
corrected_pos_dep_complete,9b9d0aeb1a686d0b,"[""DEP_complete_advcl_rate_baixo"", ""DEP_complete_advmod_rate_baixo"", ""DEP_complete_ccomp_rate_baixo""]",train,all,4320,2160,870,0.2013888888888889,364,506,0.41839080459770117,0.5,0.8367816091954023,-0.08160919540229883
corrected_pos_dep_complete,9b9d0aeb1a686d0b,"[""DEP_complete_advcl_rate_baixo"", ""DEP_complete_advmod_rate_baixo"", ""DEP_complete_ccomp_rate_baixo""]",train,com_autor,2157,44,496,0.22994900324524803,6,490,0.012096774193548387,0.020398701900788133,0.5930168621700879,-0.008301927707239747
corrected_pos_dep_complete,9b9d0aeb1a686d0b,"[""DEP_complete_advcl_rate_baixo"", ""DEP_complete_advmod_rate_baixo"", ""DEP_complete_ccomp_rate_baixo""]",train,sem_autor,2163,2116,374,0.17290799815071659,358,16,0.9572192513368984,0.9782709200184928,0.9784807375433419,-0.02105166868159436
corrected_pos_dep_complete,9b9d0aeb1a686d0b,"[""DEP_complete_advcl_rate_baixo"", ""DEP_complete_advmod_rate_baixo"", ""DEP_complete_ccomp_rate_baixo""]",validation,all,1440,720,273,0.18958333333333333,109,164,0.3992673992673993,0.5,0.7985347985347986,-0.10073260073260071
corrected_pos_dep_complete,9b9d0aeb1a686d0b,"[""DEP_complete_advcl_rate_baixo"", ""DEP_complete_advmod_rate_baixo"", ""DEP_complete_ccomp_rate_baixo""]",validation,com_autor,723,17,164,0.2268326417704011,4,160,0.024390243902439025,0.02351313969571231,1.0373027259684362,0.0008771042067267157
corrected_pos_dep_complete,9b9d0aeb1a686d0b,"[""DEP_complete_advcl_rate_baixo"", ""DEP_complete_advmod_rate_baixo"", ""DEP_complete_ccomp_rate_baixo""]",validation,sem_autor,717,703,109,0.15202231520223153,105,4,0.963302752293578,0.9804741980474198,0.9824865908883292,-0.017171445753841774
corrected_pos_dep_complete,9b9d0aeb1a686d0b,"[""DEP_complete_advcl_rate_baixo"", ""DEP_complete_advmod_rate_baixo"", ""DEP_complete_ccomp_rate_baixo""]",test,all,1440,720,282,0.19583333333333333,128,154,0.45390070921985815,0.5,0.9078014184397163,-0.046099290780141855
corrected_pos_dep_complete,9b9d0aeb1a686d0b,"[""DEP_complete_advcl_rate_baixo"", ""DEP_complete_advmod_rate_baixo"", ""DEP_complete_ccomp_rate_baixo""]",test,com_autor,719,11,154,0.2141863699582754,1,153,0.006493506493506494,0.015299026425591099,0.42443919716646994,-0.008805519932084605
corrected_pos_dep_complete,9b9d0aeb1a686d0b,"[""DEP_complete_advcl_rate_baixo"", ""DEP_complete_advmod_rate_baixo"", ""DEP_complete_ccomp_rate_baixo""]",test,sem_autor,721,709,128,0.17753120665742025,127,1,0.9921875,0.9833564493758669,1.0089805183356841,0.008831050624133141
corrected_pos_dep_complete,881e49ef51188eaa,"[""DEP_complete_advcl_rate_baixo"", ""DEP_complete_ccomp_rate_baixo"", ""POS_ADV_rate_baixo""]",train,all,4320,2160,586,0.13564814814814816,232,354,0.39590443686006827,0.5,0.7918088737201365,-0.10409556313993173
corrected_pos_dep_complete,881e49ef51188eaa,"[""DEP_complete_advcl_rate_baixo"", ""DEP_complete_ccomp_rate_baixo"", ""POS_ADV_rate_baixo""]",train,com_autor,2157,44,351,0.1627260083449235,5,346,0.014245014245014245,0.020398701900788133,0.6983294483294483,-0.006153687655773888
corrected_pos_dep_complete,881e49ef51188eaa,"[""DEP_complete_advcl_rate_baixo"", ""DEP_complete_ccomp_rate_baixo"", ""POS_ADV_rate_baixo""]",train,sem_autor,2163,2116,235,0.10864539990753583,227,8,0.9659574468085106,0.9782709200184928,0.9874130233680569,-0.012313473209982218
corrected_pos_dep_complete,881e49ef51188eaa,"[""DEP_complete_advcl_rate_baixo"", ""DEP_complete_ccomp_rate_baixo"", ""POS_ADV_rate_baixo""]",validation,all,1440,720,194,0.13472222222222222,69,125,0.3556701030927835,0.5,0.711340206185567,-0.14432989690721648
corrected_pos_dep_complete,881e49ef51188eaa,"[""DEP_complete_advcl_rate_baixo"", ""DEP_complete_ccomp_rate_baixo"", ""POS_ADV_rate_baixo""]",validation,com_autor,723,17,126,0.17427385892116182,4,122,0.031746031746031744,0.02351313969571231,1.3501400560224088,0.008232892050319435
corrected_pos_dep_complete,881e49ef51188eaa,"[""DEP_complete_advcl_rate_baixo"", ""DEP_complete_ccomp_rate_baixo"", ""POS_ADV_rate_baixo""]",validation,sem_autor,717,703,68,0.09483960948396095,65,3,0.9558823529411765,0.9804741980474198,0.9749184168688814,-0.024591845106243237
corrected_pos_dep_complete,881e49ef51188eaa,"[""DEP_complete_advcl_rate_baixo"", ""DEP_complete_ccomp_rate_baixo"", ""POS_ADV_rate_baixo""]",test,all,1440,720,206,0.14305555555555555,89,117,0.4320388349514563,0.5,0.8640776699029126,-0.06796116504854371
corrected_pos_dep_complete,881e49ef51188eaa,"[""DEP_complete_advcl_rate_baixo"", ""DEP_complete_ccomp_rate_baixo"", ""POS_ADV_rate_baixo""]",test,com_autor,719,11,118,0.16411682892906815,1,117,0.00847457627118644,0.015299026425591099,0.5539291217257318,-0.0068244501544046585
corrected_pos_dep_complete,881e49ef51188eaa,"[""DEP_complete_advcl_rate_baixo"", ""DEP_complete_ccomp_rate_baixo"", ""POS_ADV_rate_baixo""]",test,sem_autor,721,709,88,0.12205270457697642,88,0,1.0,0.9833564493758669,1.0169252468265162,0.01664355062413314
corrected_pos_dep_complete,8982ce33889a7a4c,"[""DEP_complete_advcl_rate_baixo"", ""DEP_complete_ccomp_rate_baixo"", ""diversidade_alto""]",train,all,4320,2160,477,0.11041666666666666,211,266,0.44234800838574423,0.5,0.8846960167714885,-0.05765199161425577
corrected_pos_dep_complete,8982ce33889a7a4c,"[""DEP_complete_advcl_rate_baixo"", ""DEP_complete_ccomp_rate_baixo"", ""diversidade_alto""]",train,com_autor,2157,44,261,0.12100139082058414,3,258,0.011494252873563218,0.020398701900788133,0.5634796238244514,-0.008904449027224915
corrected_pos_dep_complete,8982ce33889a7a4c,"[""DEP_complete_advcl_rate_baixo"", ""DEP_complete_ccomp_rate_baixo"", ""diversidade_alto""]",train,sem_autor,2163,2116,216,0.09986130374479889,208,8,0.9629629629629629,0.9782709200184928,0.9843520268851081,-0.015307957055529897
corrected_pos_dep_complete,8982ce33889a7a4c,"[""DEP_complete_advcl_rate_baixo"", ""DEP_complete_ccomp_rate_baixo"", ""diversidade_alto""]",validation,all,1440,720,136,0.09444444444444444,59,77,0.4338235294117647,0.5,0.8676470588235294,-0.06617647058823528
corrected_pos_dep_complete,8982ce33889a7a4c,"[""DEP_complete_advcl_rate_baixo"", ""DEP_complete_ccomp_rate_baixo"", ""diversidade_alto""]",validation,com_autor,723,17,78,0.1078838174273859,2,76,0.02564102564102564,0.02351313969571231,1.090497737556561,0.0021278859453133306
corrected_pos_dep_complete,8982ce33889a7a4c,"[""DEP_complete_advcl_rate_baixo"", ""DEP_complete_ccomp_rate_baixo"", ""diversidade_alto""]",validation,sem_autor,717,703,58,0.08089260808926081,57,1,0.9827586206896551,0.9804741980474198,1.0023299161230197,0.002284422642235384
corrected_pos_dep_complete,8982ce33889a7a4c,"[""DEP_complete_advcl_rate_baixo"", ""DEP_complete_ccomp_rate_baixo"", ""diversidade_alto""]",test,all,1440,720,189,0.13125,79,110,0.41798941798941797,0.5,0.8359788359788359,-0.08201058201058203
corrected_pos_dep_complete,8982ce33889a7a4c,"[""DEP_complete_advcl_rate_baixo"", ""DEP_complete_ccomp_rate_baixo"", ""diversidade_alto""]",test,com_autor,719,11,110,0.15299026425591097,0,110,0.0,0.015299026425591099,0.0,-0.015299026425591099
corrected_pos_dep_complete,8982ce33889a7a4c,"[""DEP_complete_advcl_rate_baixo"", ""DEP_complete_ccomp_rate_baixo"", ""diversidade_alto""]",test,sem_autor,721,709,79,0.10957004160887657,79,0,1.0,0.9833564493758669,1.0169252468265162,0.01664355062413314
corrected_pos_dep_complete,e5c38e7693847d92,"[""DEP_complete_ccomp_rate_baixo"", ""POS_NOUN_rate_alto""]",train,all,4320,2160,772,0.1787037037037037,269,503,0.3484455958549223,0.5,0.6968911917098446,-0.1515544041450777
corrected_pos_dep_complete,e5c38e7693847d92,"[""DEP_complete_ccomp_rate_baixo"", ""POS_NOUN_rate_alto""]",train,com_autor,2157,44,494,0.22902178952248492,5,489,0.010121457489878543,0.020398701900788133,0.49618145012881854,-0.01027724441090959
corrected_pos_dep_complete,e5c38e7693847d92,"[""DEP_complete_ccomp_rate_baixo"", ""POS_NOUN_rate_alto""]",train,sem_autor,2163,2116,278,0.12852519648636154,264,14,0.9496402877697842,0.9782709200184928,0.9707334321578655,-0.028630632248708654
corrected_pos_dep_complete,e5c38e7693847d92,"[""DEP_complete_ccomp_rate_baixo"", ""POS_NOUN_rate_alto""]",validation,all,1440,720,253,0.17569444444444443,80,173,0.31620553359683795,0.5,0.6324110671936759,-0.18379446640316205
corrected_pos_dep_complete,e5c38e7693847d92,"[""DEP_complete_ccomp_rate_baixo"", ""POS_NOUN_rate_alto""]",validation,com_autor,723,17,174,0.24066390041493776,2,172,0.011494252873563218,0.02351313969571231,0.48884381338742394,-0.012018886822149091
corrected_pos_dep_complete,e5c38e7693847d92,"[""DEP_complete_ccomp_rate_baixo"", ""POS_NOUN_rate_alto""]",validation,sem_autor,717,703,79,0.1101813110181311,78,1,0.9873417721518988,0.9804741980474198,1.0070043394493762,0.006867574104479024
corrected_pos_dep_complete,e5c38e7693847d92,"[""DEP_complete_ccomp_rate_baixo"", ""POS_NOUN_rate_alto""]",test,all,1440,720,247,0.17152777777777778,92,155,0.3724696356275304,0.5,0.7449392712550608,-0.12753036437246962
corrected_pos_dep_complete,e5c38e7693847d92,"[""DEP_complete_ccomp_rate_baixo"", ""POS_NOUN_rate_alto""]",test,com_autor,719,11,156,0.21696801112656466,1,155,0.00641025641025641,0.015299026425591099,0.418997668997669,-0.008888770015334689
corrected_pos_dep_complete,e5c38e7693847d92,"[""DEP_complete_ccomp_rate_baixo"", ""POS_NOUN_rate_alto""]",test,sem_autor,721,709,91,0.1262135922330097,91,0,1.0,0.9833564493758669,1.0169252468265162,0.01664355062413314
corrected_pos_dep_complete,45e8771d1d4e7065,"[""DEP_complete_advcl_rate_baixo"", ""DEP_complete_ccomp_rate_baixo"", ""diversidade_baixo""]",train,all,4320,2160,480,0.1111111111111111,283,197,0.5895833333333333,0.5,1.1791666666666667,0.08958333333333335
corrected_pos_dep_complete,45e8771d1d4e7065,"[""DEP_complete_advcl_rate_baixo"", ""DEP_complete_ccomp_rate_baixo"", ""diversidade_baixo""]",train,com_autor,2157,44,194,0.0899397311080204,2,192,0.010309278350515464,0.020398701900788133,0.5053889409559512,-0.01008942355027267
corrected_pos_dep_complete,45e8771d1d4e7065,"[""DEP_complete_advcl_rate_baixo"", ""DEP_complete_ccomp_rate_baixo"", ""diversidade_baixo""]",train,sem_autor,2163,2116,286,0.13222376329172444,281,5,0.9825174825174825,0.9782709200184928,1.004340885957143,0.004246562498989692
corrected_pos_dep_complete,45e8771d1d4e7065,"[""DEP_complete_advcl_rate_baixo"", ""DEP_complete_ccomp_rate_baixo"", ""diversidade_baixo""]",validation,all,1440,720,172,0.11944444444444445,97,75,0.563953488372093,0.5,1.127906976744186,0.06395348837209303
corrected_pos_dep_complete,45e8771d1d4e7065,"[""DEP_complete_advcl_rate_baixo"", ""DEP_complete_ccomp_rate_baixo"", ""diversidade_baixo""]",validation,com_autor,723,17,79,0.10926694329183956,7,72,0.08860759493670886,0.02351313969571231,3.7684288905435595,0.06509445524099655
corrected_pos_dep_complete,45e8771d1d4e7065,"[""DEP_complete_advcl_rate_baixo"", ""DEP_complete_ccomp_rate_baixo"", ""diversidade_baixo""]",validation,sem_autor,717,703,93,0.1297071129707113,90,3,0.967741935483871,0.9804741980474198,0.9870141788647732,-0.012732262563548757
corrected_pos_dep_complete,45e8771d1d4e7065,"[""DEP_complete_advcl_rate_baixo"", ""DEP_complete_ccomp_rate_baixo"", ""diversidade_baixo""]",test,all,1440,720,162,0.1125,105,57,0.6481481481481481,0.5,1.2962962962962963,0.14814814814814814
corrected_pos_dep_complete,45e8771d1d4e7065,"[""DEP_complete_advcl_rate_baixo"", ""DEP_complete_ccomp_rate_baixo"", ""diversidade_baixo""]",test,com_autor,719,11,58,0.08066759388038942,2,56,0.034482758620689655,0.015299026425591099,2.2539184952978055,0.019183732195098557
corrected_pos_dep_complete,45e8771d1d4e7065,"[""DEP_complete_advcl_rate_baixo"", ""DEP_complete_ccomp_rate_baixo"", ""diversidade_baixo""]",test,sem_autor,721,709,104,0.14424410540915394,103,1,0.9903846153846154,0.9833564493758669,1.0071471194531845,0.00702816600874856
corrected_pos_dep_complete,3dc2b7c73ed0c27b,"[""DEP_complete_ccomp_rate_baixo"", ""POS_ADJ_rate_alto""]",train,all,4320,2160,762,0.1763888888888889,350,412,0.45931758530183725,0.5,0.9186351706036745,-0.04068241469816275
corrected_pos_dep_complete,3dc2b7c73ed0c27b,"[""DEP_complete_ccomp_rate_baixo"", ""POS_ADJ_rate_alto""]",train,com_autor,2157,44,413,0.19146963375057952,8,405,0.01937046004842615,0.020398701900788133,0.9495927801012547,-0.0010282418523619823
corrected_pos_dep_complete,3dc2b7c73ed0c27b,"[""DEP_complete_ccomp_rate_baixo"", ""POS_ADJ_rate_alto""]",train,sem_autor,2163,2116,349,0.16134997688395747,342,7,0.9799426934097422,0.9782709200184928,1.0017089063540985,0.0016717733912493538
corrected_pos_dep_complete,3dc2b7c73ed0c27b,"[""DEP_complete_ccomp_rate_baixo"", ""POS_ADJ_rate_alto""]",validation,all,1440,720,245,0.1701388888888889,119,126,0.4857142857142857,0.5,0.9714285714285714,-0.01428571428571429
corrected_pos_dep_complete,3dc2b7c73ed0c27b,"[""DEP_complete_ccomp_rate_baixo"", ""POS_ADJ_rate_alto""]",validation,com_autor,723,17,127,0.17565698478561548,3,124,0.023622047244094488,0.02351313969571231,1.0046317739694304,0.00010890754838217831
corrected_pos_dep_complete,3dc2b7c73ed0c27b,"[""DEP_complete_ccomp_rate_baixo"", ""POS_ADJ_rate_alto""]",validation,sem_autor,717,703,118,0.16457461645746166,116,2,0.9830508474576272,0.9804741980474198,1.0026279624852328,0.00257664941020741
corrected_pos_dep_complete,3dc2b7c73ed0c27b,"[""DEP_complete_ccomp_rate_baixo"", ""POS_ADJ_rate_alto""]",test,all,1440,720,256,0.17777777777777778,117,139,0.45703125,0.5,0.9140625,-0.04296875
corrected_pos_dep_complete,3dc2b7c73ed0c27b,"[""DEP_complete_ccomp_rate_baixo"", ""POS_ADJ_rate_alto""]",test,com_autor,719,11,140,0.19471488178025034,3,137,0.02142857142857143,0.015299026425591099,1.4006493506493507,0.00612954500298033
corrected_pos_dep_complete,3dc2b7c73ed0c27b,"[""DEP_complete_ccomp_rate_baixo"", ""POS_ADJ_rate_alto""]",test,sem_autor,721,709,116,0.1608876560332871,114,2,0.9827586206896551,0.9833564493758669,0.9993920529157142,-0.000597828686211721
corrected_pos_dep_complete,9dfc0aee27345583,"[""DEP_complete_ccomp_rate_baixo"", ""POS_PRON_rate_baixo"", ""POS_PROPN_rate_alto""]",train,all,4320,2160,358,0.08287037037037037,171,187,0.4776536312849162,0.5,0.9553072625698324,-0.022346368715083775
corrected_pos_dep_complete,9dfc0aee27345583,"[""DEP_complete_ccomp_rate_baixo"", ""POS_PRON_rate_baixo"", ""POS_PROPN_rate_alto""]",train,com_autor,2157,44,186,0.08623087621696801,6,180,0.03225806451612903,0.020398701900788133,1.5813782991202345,0.011859362615340898
corrected_pos_dep_complete,9dfc0aee27345583,"[""DEP_complete_ccomp_rate_baixo"", ""POS_PRON_rate_baixo"", ""POS_PROPN_rate_alto""]",train,sem_autor,2163,2116,172,0.07951918631530282,165,7,0.9593023255813954,0.9782709200184928,0.9806100804501693,-0.01896859443709742
corrected_pos_dep_complete,9dfc0aee27345583,"[""DEP_complete_ccomp_rate_baixo"", ""POS_PRON_rate_baixo"", ""POS_PROPN_rate_alto""]",validation,all,1440,720,112,0.07777777777777778,45,67,0.4017857142857143,0.5,0.8035714285714286,-0.0982142857142857
corrected_pos_dep_complete,9dfc0aee27345583,"[""DEP_complete_ccomp_rate_baixo"", ""POS_PRON_rate_baixo"", ""POS_PROPN_rate_alto""]",validation,com_autor,723,17,65,0.08990318118948824,1,64,0.015384615384615385,0.02351313969571231,0.6542986425339367,-0.008128524311096924
corrected_pos_dep_complete,9dfc0aee27345583,"[""DEP_complete_ccomp_rate_baixo"", ""POS_PRON_rate_baixo"", ""POS_PROPN_rate_alto""]",validation,sem_autor,717,703,47,0.06555090655509066,44,3,0.9361702127659575,0.9804741980474198,0.9548137162918798,-0.04430398528146229
corrected_pos_dep_complete,9dfc0aee27345583,"[""DEP_complete_ccomp_rate_baixo"", ""POS_PRON_rate_baixo"", ""POS_PROPN_rate_alto""]",test,all,1440,720,111,0.07708333333333334,50,61,0.45045045045045046,0.5,0.9009009009009009,-0.04954954954954954
corrected_pos_dep_complete,9dfc0aee27345583,"[""DEP_complete_ccomp_rate_baixo"", ""POS_PRON_rate_baixo"", ""POS_PROPN_rate_alto""]",test,com_autor,719,11,62,0.08623087621696801,1,61,0.016129032258064516,0.015299026425591099,1.0542521994134897,0.0008300058324734166
corrected_pos_dep_complete,9dfc0aee27345583,"[""DEP_complete_ccomp_rate_baixo"", ""POS_PRON_rate_baixo"", ""POS_PROPN_rate_alto""]",test,sem_autor,721,709,49,0.06796116504854369,49,0,1.0,0.9833564493758669,1.0169252468265162,0.01664355062413314
corrected_pos_dep_complete,612d92b88d8dc40d,"[""DEP_complete_advcl_rate_baixo"", ""DEP_complete_ccomp_rate_baixo"", ""uppercaseRatio_alto""]",train,all,4320,2160,489,0.11319444444444444,274,215,0.5603271983640081,0.5,1.1206543967280163,0.06032719836400813
corrected_pos_dep_complete,612d92b88d8dc40d,"[""DEP_complete_advcl_rate_baixo"", ""DEP_complete_ccomp_rate_baixo"", ""uppercaseRatio_alto""]",train,com_autor,2157,44,208,0.09643022716736208,1,207,0.004807692307692308,0.020398701900788133,0.2356861888111888,-0.015591009593095825
corrected_pos_dep_complete,612d92b88d8dc40d,"[""DEP_complete_advcl_rate_baixo"", ""DEP_complete_ccomp_rate_baixo"", ""uppercaseRatio_alto""]",train,sem_autor,2163,2116,281,0.12991215903837264,273,8,0.9715302491103203,0.9782709200184928,0.9931096071954739,-0.006740670908172541
corrected_pos_dep_complete,612d92b88d8dc40d,"[""DEP_complete_advcl_rate_baixo"", ""DEP_complete_ccomp_rate_baixo"", ""uppercaseRatio_alto""]",validation,all,1440,720,154,0.10694444444444444,76,78,0.4935064935064935,0.5,0.987012987012987,-0.006493506493506496
corrected_pos_dep_complete,612d92b88d8dc40d,"[""DEP_complete_advcl_rate_baixo"", ""DEP_complete_ccomp_rate_baixo"", ""uppercaseRatio_alto""]",validation,com_autor,723,17,78,0.1078838174273859,1,77,0.01282051282051282,0.02351313969571231,0.5452488687782805,-0.01069262687519949
corrected_pos_dep_complete,612d92b88d8dc40d,"[""DEP_complete_advcl_rate_baixo"", ""DEP_complete_ccomp_rate_baixo"", ""uppercaseRatio_alto""]",validation,sem_autor,717,703,76,0.10599721059972106,75,1,0.9868421052631579,0.9804741980474198,1.006494721868683,0.0063679072157381
corrected_pos_dep_complete,612d92b88d8dc40d,"[""DEP_complete_advcl_rate_baixo"", ""DEP_complete_ccomp_rate_baixo"", ""uppercaseRatio_alto""]",test,all,1440,720,140,0.09722222222222222,79,61,0.5642857142857143,0.5,1.1285714285714286,0.06428571428571428
corrected_pos_dep_complete,612d92b88d8dc40d,"[""DEP_complete_advcl_rate_baixo"", ""DEP_complete_ccomp_rate_baixo"", ""uppercaseRatio_alto""]",test,com_autor,719,11,61,0.08484005563282336,0,61,0.0,0.015299026425591099,0.0,-0.015299026425591099
corrected_pos_dep_complete,612d92b88d8dc40d,"[""DEP_complete_advcl_rate_baixo"", ""DEP_complete_ccomp_rate_baixo"", ""uppercaseRatio_alto""]",test,sem_autor,721,709,79,0.10957004160887657,79,0,1.0,0.9833564493758669,1.0169252468265162,0.01664355062413314
corrected_pos_dep_complete,e72a1b3fb993e4ec,"[""DEP_complete_advmod_rate_baixo"", ""DEP_complete_ccomp_rate_baixo""]",train,all,4320,2160,1211,0.28032407407407406,524,687,0.43270024772914945,0.5,0.8654004954582989,-0.06729975227085055
corrected_pos_dep_complete,e72a1b3fb993e4ec,"[""DEP_complete_advmod_rate_baixo"", ""DEP_complete_ccomp_rate_baixo""]",train,com_autor,2157,44,680,0.31525266573945293,13,667,0.01911764705882353,0.020398701900788133,0.9371991978609626,-0.0012810548419646024
corrected_pos_dep_complete,e72a1b3fb993e4ec,"[""DEP_complete_advmod_rate_baixo"", ""DEP_complete_ccomp_rate_baixo""]",train,sem_autor,2163,2116,531,0.24549237170596394,511,20,0.9623352165725048,0.9782709200184928,0.9837103371674517,-0.015935703445988048
corrected_pos_dep_complete,e72a1b3fb993e4ec,"[""DEP_complete_advmod_rate_baixo"", ""DEP_complete_ccomp_rate_baixo""]",validation,all,1440,720,393,0.27291666666666664,162,231,0.4122137404580153,0.5,0.8244274809160306,-0.08778625954198471
corrected_pos_dep_complete,e72a1b3fb993e4ec,"[""DEP_complete_advmod_rate_baixo"", ""DEP_complete_ccomp_rate_baixo""]",validation,com_autor,723,17,232,0.32088520055325037,5,227,0.021551724137931036,0.02351313969571231,0.91658215010142,-0.0019614155577812736
corrected_pos_dep_complete,e72a1b3fb993e4ec,"[""DEP_complete_advmod_rate_baixo"", ""DEP_complete_ccomp_rate_baixo""]",validation,sem_autor,717,703,161,0.22454672245467225,157,4,0.9751552795031055,0.9804741980474198,0.994575157046553,-0.005318918544314211
corrected_pos_dep_complete,e72a1b3fb993e4ec,"[""DEP_complete_advmod_rate_baixo"", ""DEP_complete_ccomp_rate_baixo""]",test,all,1440,720,387,0.26875,177,210,0.4573643410852713,0.5,0.9147286821705426,-0.0426356589147287
corrected_pos_dep_complete,e72a1b3fb993e4ec,"[""DEP_complete_advmod_rate_baixo"", ""DEP_complete_ccomp_rate_baixo""]",test,com_autor,719,11,211,0.29346314325452016,2,209,0.009478672985781991,0.015299026425591099,0.6195605342524774,-0.005820353439809108
corrected_pos_dep_complete,e72a1b3fb993e4ec,"[""DEP_complete_advmod_rate_baixo"", ""DEP_complete_ccomp_rate_baixo""]",test,sem_autor,721,709,176,0.24410540915395285,175,1,0.9943181818181818,0.9833564493758669,1.0111472624695472,0.010961732442314909
corrected_pos_dep_complete,a4fb7fd9a505c5ea,"[""DEP_complete_advcl_rate_baixo"", ""DEP_complete_advmod_rate_baixo"", ""POS_PRON_rate_baixo""]",train,all,4320,2160,475,0.1099537037037037,191,284,0.40210526315789474,0.5,0.8042105263157895,-0.09789473684210526
corrected_pos_dep_complete,a4fb7fd9a505c5ea,"[""DEP_complete_advcl_rate_baixo"", ""DEP_complete_advmod_rate_baixo"", ""POS_PRON_rate_baixo""]",train,com_autor,2157,44,280,0.12980992118683357,2,278,0.007142857142857143,0.020398701900788133,0.3501623376623376,-0.013255844757930992
corrected_pos_dep_complete,a4fb7fd9a505c5ea,"[""DEP_complete_advcl_rate_baixo"", ""DEP_complete_advmod_rate_baixo"", ""POS_PRON_rate_baixo""]",train,sem_autor,2163,2116,195,0.09015256588072122,189,6,0.9692307692307692,0.9782709200184928,0.9907590519121711,-0.009040150787723578
corrected_pos_dep_complete,a4fb7fd9a505c5ea,"[""DEP_complete_advcl_rate_baixo"", ""DEP_complete_advmod_rate_baixo"", ""POS_PRON_rate_baixo""]",validation,all,1440,720,155,0.1076388888888889,43,112,0.27741935483870966,0.5,0.5548387096774193,-0.22258064516129034
corrected_pos_dep_complete,a4fb7fd9a505c5ea,"[""DEP_complete_advcl_rate_baixo"", ""DEP_complete_advmod_rate_baixo"", ""POS_PRON_rate_baixo""]",validation,com_autor,723,17,110,0.15214384508990317,1,109,0.00909090909090909,0.02351313969571231,0.3866310160427807,-0.014422230604803219
corrected_pos_dep_complete,a4fb7fd9a505c5ea,"[""DEP_complete_advcl_rate_baixo"", ""DEP_complete_advmod_rate_baixo"", ""POS_PRON_rate_baixo""]",validation,sem_autor,717,703,45,0.06276150627615062,42,3,0.9333333333333333,0.9804741980474198,0.9519203413940257,-0.047140864714086406
corrected_pos_dep_complete,a4fb7fd9a505c5ea,"[""DEP_complete_advcl_rate_baixo"", ""DEP_complete_advmod_rate_baixo"", ""POS_PRON_rate_baixo""]",test,all,1440,720,131,0.09097222222222222,48,83,0.366412213740458,0.5,0.732824427480916,-0.13358778625954199
corrected_pos_dep_complete,a4fb7fd9a505c5ea,"[""DEP_complete_advcl_rate_baixo"", ""DEP_complete_advmod_rate_baixo"", ""POS_PRON_rate_baixo""]",test,com_autor,719,11,83,0.11543810848400557,1,82,0.012048192771084338,0.015299026425591099,0.787513691128149,-0.003250833654506761
corrected_pos_dep_complete,a4fb7fd9a505c5ea,"[""DEP_complete_advcl_rate_baixo"", ""DEP_complete_advmod_rate_baixo"", ""POS_PRON_rate_baixo""]",test,sem_autor,721,709,48,0.06657420249653259,47,1,0.9791666666666666,0.9833564493758669,0.9957393041842971,-0.004189782709200229
corrected_pos_dep_complete,843543ba3ea3ceab,"[""DEP_complete_advcl_rate_baixo"", ""DEP_complete_advmod_rate_baixo""]",train,all,4320,2160,1220,0.2824074074074074,511,709,0.41885245901639345,0.5,0.8377049180327869,-0.08114754098360655
corrected_pos_dep_complete,843543ba3ea3ceab,"[""DEP_complete_advcl_rate_baixo"", ""DEP_complete_advmod_rate_baixo""]",train,com_autor,2157,44,697,0.3231339823829393,6,691,0.00860832137733142,0.020398701900788133,0.42200339115690616,-0.011790380523456713
corrected_pos_dep_complete,843543ba3ea3ceab,"[""DEP_complete_advcl_rate_baixo"", ""DEP_complete_advmod_rate_baixo""]",train,sem_autor,2163,2116,523,0.241793804900601,505,18,0.9655831739961759,0.9782709200184928,0.9870304373127261,-0.012687746022316926
corrected_pos_dep_complete,843543ba3ea3ceab,"[""DEP_complete_advcl_rate_baixo"", ""DEP_complete_advmod_rate_baixo""]",validation,all,1440,720,386,0.26805555555555555,152,234,0.39378238341968913,0.5,0.7875647668393783,-0.10621761658031087
corrected_pos_dep_complete,843543ba3ea3ceab,"[""DEP_complete_advcl_rate_baixo"", ""DEP_complete_advmod_rate_baixo""]",validation,com_autor,723,17,232,0.32088520055325037,5,227,0.021551724137931036,0.02351313969571231,0.91658215010142,-0.0019614155577812736
corrected_pos_dep_complete,843543ba3ea3ceab,"[""DEP_complete_advcl_rate_baixo"", ""DEP_complete_advmod_rate_baixo""]",validation,sem_autor,717,703,154,0.21478382147838215,147,7,0.9545454545454546,0.9804741980474198,0.9735548946075263,-0.025928743501965168
corrected_pos_dep_complete,843543ba3ea3ceab,"[""DEP_complete_advcl_rate_baixo"", ""DEP_complete_advmod_rate_baixo""]",test,all,1440,720,404,0.28055555555555556,166,238,0.41089108910891087,0.5,0.8217821782178217,-0.08910891089108913
corrected_pos_dep_complete,843543ba3ea3ceab,"[""DEP_complete_advcl_rate_baixo"", ""DEP_complete_advmod_rate_baixo""]",test,com_autor,719,11,237,0.32962447844228093,1,236,0.004219409282700422,0.015299026425591099,0.2757959340237821,-0.011079617142890678
corrected_pos_dep_complete,843543ba3ea3ceab,"[""DEP_complete_advcl_rate_baixo"", ""DEP_complete_advmod_rate_baixo""]",test,sem_autor,721,709,167,0.231622746185853,165,2,0.9880239520958084,0.9833564493758669,1.00474650135554,0.004667502719941541
corrected_pos_dep_complete,6fa695cdc3ab163c,"[""DEP_complete_advcl_rate_baixo"", ""DEP_complete_ccomp_rate_baixo"", ""punctuationDensity_spacy_baixo""]",train,all,4320,2160,465,0.1076388888888889,148,317,0.31827956989247314,0.5,0.6365591397849463,-0.18172043010752686
corrected_pos_dep_complete,6fa695cdc3ab163c,"[""DEP_complete_advcl_rate_baixo"", ""DEP_complete_ccomp_rate_baixo"", ""punctuationDensity_spacy_baixo""]",train,com_autor,2157,44,312,0.14464534075104313,9,303,0.028846153846153848,0.020398701900788133,1.414117132867133,0.008447451945365714
corrected_pos_dep_complete,6fa695cdc3ab163c,"[""DEP_complete_advcl_rate_baixo"", ""DEP_complete_ccomp_rate_baixo"", ""punctuationDensity_spacy_baixo""]",train,sem_autor,2163,2116,153,0.07073509015256588,139,14,0.9084967320261438,0.9782709200184928,0.9286760072649097,-0.06977418799234902
corrected_pos_dep_complete,6fa695cdc3ab163c,"[""DEP_complete_advcl_rate_baixo"", ""DEP_complete_ccomp_rate_baixo"", ""punctuationDensity_spacy_baixo""]",validation,all,1440,720,151,0.10486111111111111,56,95,0.3708609271523179,0.5,0.7417218543046358,-0.1291390728476821
corrected_pos_dep_complete,6fa695cdc3ab163c,"[""DEP_complete_advcl_rate_baixo"", ""DEP_complete_ccomp_rate_baixo"", ""punctuationDensity_spacy_baixo""]",validation,com_autor,723,17,104,0.14384508990318118,11,93,0.10576923076923077,0.02351313969571231,4.498303167420814,0.08225609107351846
corrected_pos_dep_complete,6fa695cdc3ab163c,"[""DEP_complete_advcl_rate_baixo"", ""DEP_complete_ccomp_rate_baixo"", ""punctuationDensity_spacy_baixo""]",validation,sem_autor,717,703,47,0.06555090655509066,45,2,0.9574468085106383,0.9804741980474198,0.9765140280257862,-0.023027389536781406
corrected_pos_dep_complete,6fa695cdc3ab163c,"[""DEP_complete_advcl_rate_baixo"", ""DEP_complete_ccomp_rate_baixo"", ""punctuationDensity_spacy_baixo""]",test,all,1440,720,153,0.10625,47,106,0.30718954248366015,0.5,0.6143790849673203,-0.19281045751633985
corrected_pos_dep_complete,6fa695cdc3ab163c,"[""DEP_complete_advcl_rate_baixo"", ""DEP_complete_ccomp_rate_baixo"", ""punctuationDensity_spacy_baixo""]",test,com_autor,719,11,107,0.14881780250347706,2,105,0.018691588785046728,0.015299026425591099,1.221750212404418,0.0033925623594556285
corrected_pos_dep_complete,6fa695cdc3ab163c,"[""DEP_complete_advcl_rate_baixo"", ""DEP_complete_ccomp_rate_baixo"", ""punctuationDensity_spacy_baixo""]",test,sem_autor,721,709,46,0.0638002773925104,45,1,0.9782608695652174,0.9833564493758669,0.9948181762433311,-0.005095579810649453
corrected_pos_dep_complete,7262923245d21d48,"[""DEP_complete_advcl_rate_baixo"", ""DEP_complete_ccomp_rate_baixo"", ""DEP_complete_obj_rate_alto""]",train,all,4320,2160,405,0.09375,214,191,0.528395061728395,0.5,1.05679012345679,0.02839506172839501
corrected_pos_dep_complete,7262923245d21d48,"[""DEP_complete_advcl_rate_baixo"", ""DEP_complete_ccomp_rate_baixo"", ""DEP_complete_obj_rate_alto""]",train,com_autor,2157,44,191,0.08854891052387576,5,186,0.02617801047120419,0.020398701900788133,1.2833174678724415,0.005779308570416055
corrected_pos_dep_complete,7262923245d21d48,"[""DEP_complete_advcl_rate_baixo"", ""DEP_complete_ccomp_rate_baixo"", ""DEP_complete_obj_rate_alto""]",train,sem_autor,2163,2116,214,0.09893666204345816,209,5,0.9766355140186916,0.9782709200184928,0.998328268819674,-0.001635405999801165
corrected_pos_dep_complete,7262923245d21d48,"[""DEP_complete_advcl_rate_baixo"", ""DEP_complete_ccomp_rate_baixo"", ""DEP_complete_obj_rate_alto""]",validation,all,1440,720,139,0.09652777777777778,84,55,0.60431654676259,0.5,1.20863309352518,0.10431654676258995
corrected_pos_dep_complete,7262923245d21d48,"[""DEP_complete_advcl_rate_baixo"", ""DEP_complete_ccomp_rate_baixo"", ""DEP_complete_obj_rate_alto""]",validation,com_autor,723,17,54,0.07468879668049792,1,53,0.018518518518518517,0.02351313969571231,0.7875816993464052,-0.004994621177193792
corrected_pos_dep_complete,7262923245d21d48,"[""DEP_complete_advcl_rate_baixo"", ""DEP_complete_ccomp_rate_baixo"", ""DEP_complete_obj_rate_alto""]",validation,sem_autor,717,703,85,0.11854951185495119,83,2,0.9764705882352941,0.9804741980474198,0.9959166596937495,-0.004003609812125664
corrected_pos_dep_complete,7262923245d21d48,"[""DEP_complete_advcl_rate_baixo"", ""DEP_complete_ccomp_rate_baixo"", ""DEP_complete_obj_rate_alto""]",test,all,1440,720,143,0.09930555555555555,80,63,0.5594405594405595,0.5,1.118881118881119,0.05944055944055948
corrected_pos_dep_complete,7262923245d21d48,"[""DEP_complete_advcl_rate_baixo"", ""DEP_complete_ccomp_rate_baixo"", ""DEP_complete_obj_rate_alto""]",test,com_autor,719,11,62,0.08623087621696801,0,62,0.0,0.015299026425591099,0.0,-0.015299026425591099
corrected_pos_dep_complete,7262923245d21d48,"[""DEP_complete_advcl_rate_baixo"", ""DEP_complete_ccomp_rate_baixo"", ""DEP_complete_obj_rate_alto""]",test,sem_autor,721,709,81,0.11234396671289876,80,1,0.9876543209876543,0.9833564493758669,1.0043706141496456,0.004297871611787407
corrected_pos_dep_complete,2e069ab0427d435e,"[""DEP_complete_advmod_rate_baixo"", ""DEP_complete_ccomp_rate_baixo"", ""uppercaseRatio_baixo""]",train,all,4320,2160,467,0.10810185185185185,194,273,0.41541755888650966,0.5,0.8308351177730193,-0.08458244111349034
corrected_pos_dep_complete,2e069ab0427d435e,"[""DEP_complete_advmod_rate_baixo"", ""DEP_complete_ccomp_rate_baixo"", ""uppercaseRatio_baixo""]",train,com_autor,2157,44,270,0.12517385257301808,7,263,0.025925925925925925,0.020398701900788133,1.2709595959595958,0.005527224025137792
corrected_pos_dep_complete,2e069ab0427d435e,"[""DEP_complete_advmod_rate_baixo"", ""DEP_complete_ccomp_rate_baixo"", ""uppercaseRatio_baixo""]",train,sem_autor,2163,2116,197,0.09107720758206195,187,10,0.949238578680203,0.9782709200184928,0.9703228004183739,-0.029032341338289802
corrected_pos_dep_complete,2e069ab0427d435e,"[""DEP_complete_advmod_rate_baixo"", ""DEP_complete_ccomp_rate_baixo"", ""uppercaseRatio_baixo""]",validation,all,1440,720,152,0.10555555555555556,62,90,0.40789473684210525,0.5,0.8157894736842105,-0.09210526315789475
corrected_pos_dep_complete,2e069ab0427d435e,"[""DEP_complete_advmod_rate_baixo"", ""DEP_complete_ccomp_rate_baixo"", ""uppercaseRatio_baixo""]",validation,com_autor,723,17,90,0.12448132780082988,2,88,0.022222222222222223,0.02351313969571231,0.9450980392156864,-0.0012909174734900865
corrected_pos_dep_complete,2e069ab0427d435e,"[""DEP_complete_advmod_rate_baixo"", ""DEP_complete_ccomp_rate_baixo"", ""uppercaseRatio_baixo""]",validation,sem_autor,717,703,62,0.08647140864714087,60,2,0.967741935483871,0.9804741980474198,0.9870141788647732,-0.012732262563548757
corrected_pos_dep_complete,2e069ab0427d435e,"[""DEP_complete_advmod_rate_baixo"", ""DEP_complete_ccomp_rate_baixo"", ""uppercaseRatio_baixo""]",test,all,1440,720,165,0.11458333333333333,82,83,0.49696969696969695,0.5,0.9939393939393939,-0.00303030303030305
corrected_pos_dep_complete,2e069ab0427d435e,"[""DEP_complete_advmod_rate_baixo"", ""DEP_complete_ccomp_rate_baixo"", ""uppercaseRatio_baixo""]",test,com_autor,719,11,84,0.1168289290681502,2,82,0.023809523809523808,0.015299026425591099,1.5562770562770563,0.008510497383932709
corrected_pos_dep_complete,2e069ab0427d435e,"[""DEP_complete_advmod_rate_baixo"", ""DEP_complete_ccomp_rate_baixo"", ""uppercaseRatio_baixo""]",test,sem_autor,721,709,81,0.11234396671289876,80,1,0.9876543209876543,0.9833564493758669,1.0043706141496456,0.004297871611787407
corrected_pos_dep_complete,491a6559879ac50f,"[""DEP_complete_advcl_rate_baixo"", ""DEP_complete_ccomp_rate_baixo"", ""POS_PRON_rate_baixo""]",train,all,4320,2160,658,0.15231481481481482,318,340,0.48328267477203646,0.5,0.9665653495440729,-0.016717325227963542
corrected_pos_dep_complete,491a6559879ac50f,"[""DEP_complete_advcl_rate_baixo"", ""DEP_complete_ccomp_rate_baixo"", ""POS_PRON_rate_baixo""]",train,com_autor,2157,44,335,0.15530829856281872,4,331,0.011940298507462687,0.020398701900788133,0.5853459972862958,-0.008458403393325447
corrected_pos_dep_complete,491a6559879ac50f,"[""DEP_complete_advcl_rate_baixo"", ""DEP_complete_ccomp_rate_baixo"", ""POS_PRON_rate_baixo""]",train,sem_autor,2163,2116,323,0.14932963476652797,314,9,0.9721362229102167,0.9782709200184928,0.9937290407158784,-0.006134697108276077
corrected_pos_dep_complete,491a6559879ac50f,"[""DEP_complete_advcl_rate_baixo"", ""DEP_complete_ccomp_rate_baixo"", ""POS_PRON_rate_baixo""]",validation,all,1440,720,212,0.14722222222222223,83,129,0.3915094339622642,0.5,0.7830188679245284,-0.10849056603773582
corrected_pos_dep_complete,491a6559879ac50f,"[""DEP_complete_advcl_rate_baixo"", ""DEP_complete_ccomp_rate_baixo"", ""POS_PRON_rate_baixo""]",validation,com_autor,723,17,129,0.17842323651452283,3,126,0.023255813953488372,0.02351313969571231,0.9890560875512996,-0.0002573257422239378
corrected_pos_dep_complete,491a6559879ac50f,"[""DEP_complete_advcl_rate_baixo"", ""DEP_complete_ccomp_rate_baixo"", ""POS_PRON_rate_baixo""]",validation,sem_autor,717,703,83,0.11576011157601115,80,3,0.963855421686747,0.9804741980474198,0.9830502664998544,-0.01661877636067277
corrected_pos_dep_complete,491a6559879ac50f,"[""DEP_complete_advcl_rate_baixo"", ""DEP_complete_ccomp_rate_baixo"", ""POS_PRON_rate_baixo""]",test,all,1440,720,204,0.14166666666666666,99,105,0.4852941176470588,0.5,0.9705882352941176,-0.01470588235294118
corrected_pos_dep_complete,491a6559879ac50f,"[""DEP_complete_advcl_rate_baixo"", ""DEP_complete_ccomp_rate_baixo"", ""POS_PRON_rate_baixo""]",test,com_autor,719,11,108,0.1502086230876217,3,105,0.027777777777777776,0.015299026425591099,1.8156565656565655,0.012478751352186677
corrected_pos_dep_complete,491a6559879ac50f,"[""DEP_complete_advcl_rate_baixo"", ""DEP_complete_ccomp_rate_baixo"", ""POS_PRON_rate_baixo""]",test,sem_autor,721,709,96,0.13314840499306518,96,0,1.0,0.9833564493758669,1.0169252468265162,0.01664355062413314
corrected_pos_dep_complete,79313b18afe79280,"[""DEP_complete_advcl_rate_baixo"", ""POS_PRON_rate_baixo"", ""POS_PROPN_rate_alto""]",train,all,4320,2160,354,0.08194444444444444,162,192,0.4576271186440678,0.5,0.9152542372881356,-0.0423728813559322
corrected_pos_dep_complete,79313b18afe79280,"[""DEP_complete_advcl_rate_baixo"", ""POS_PRON_rate_baixo"", ""POS_PROPN_rate_alto""]",train,com_autor,2157,44,189,0.08762169680111266,3,186,0.015873015873015872,0.020398701900788133,0.778138528138528,-0.004525686027772261
corrected_pos_dep_complete,79313b18afe79280,"[""DEP_complete_advcl_rate_baixo"", ""POS_PRON_rate_baixo"", ""POS_PROPN_rate_alto""]",train,sem_autor,2163,2116,165,0.07628294036061026,159,6,0.9636363636363636,0.9782709200184928,0.985040384945867,-0.014634556382129182
corrected_pos_dep_complete,79313b18afe79280,"[""DEP_complete_advcl_rate_baixo"", ""POS_PRON_rate_baixo"", ""POS_PROPN_rate_alto""]",validation,all,1440,720,115,0.0798611111111111,39,76,0.3391304347826087,0.5,0.6782608695652174,-0.16086956521739132
corrected_pos_dep_complete,79313b18afe79280,"[""DEP_complete_advcl_rate_baixo"", ""POS_PRON_rate_baixo"", ""POS_PROPN_rate_alto""]",validation,com_autor,723,17,74,0.10235131396957123,1,73,0.013513513513513514,0.02351313969571231,0.5747217806041336,-0.009999626182198795
corrected_pos_dep_complete,79313b18afe79280,"[""DEP_complete_advcl_rate_baixo"", ""POS_PRON_rate_baixo"", ""POS_PROPN_rate_alto""]",validation,sem_autor,717,703,41,0.05718270571827057,38,3,0.926829268292683,0.9804741980474198,0.945286750164799,-0.05364492975473678
corrected_pos_dep_complete,79313b18afe79280,"[""DEP_complete_advcl_rate_baixo"", ""POS_PRON_rate_baixo"", ""POS_PROPN_rate_alto""]",test,all,1440,720,114,0.07916666666666666,44,70,0.38596491228070173,0.5,0.7719298245614035,-0.11403508771929827
corrected_pos_dep_complete,79313b18afe79280,"[""DEP_complete_advcl_rate_baixo"", ""POS_PRON_rate_baixo"", ""POS_PROPN_rate_alto""]",test,com_autor,719,11,71,0.09874826147426982,1,70,0.014084507042253521,0.015299026425591099,0.9206145966709347,-0.0012145193833375777
corrected_pos_dep_complete,79313b18afe79280,"[""DEP_complete_advcl_rate_baixo"", ""POS_PRON_rate_baixo"", ""POS_PROPN_rate_alto""]",test,sem_autor,721,709,43,0.059639389736477116,43,0,1.0,0.9833564493758669,1.0169252468265162,0.01664355062413314
corrected_pos_dep_complete,0a5b9f26070015ec,"[""DEP_complete_advcl_rate_baixo"", ""POS_PROPN_rate_alto""]",train,all,4320,2160,746,0.1726851851851852,368,378,0.4932975871313673,0.5,0.9865951742627346,-0.006702412868632712
corrected_pos_dep_complete,0a5b9f26070015ec,"[""DEP_complete_advcl_rate_baixo"", ""POS_PROPN_rate_alto""]",train,com_autor,2157,44,374,0.17338896615669913,6,368,0.016042780748663103,0.020398701900788133,0.7864608653378707,-0.00435592115212503
corrected_pos_dep_complete,0a5b9f26070015ec,"[""DEP_complete_advcl_rate_baixo"", ""POS_PROPN_rate_alto""]",train,sem_autor,2163,2116,372,0.17198335644937587,362,10,0.9731182795698925,0.9782709200184928,0.9947329105433259,-0.00515264044860031
corrected_pos_dep_complete,0a5b9f26070015ec,"[""DEP_complete_advcl_rate_baixo"", ""POS_PROPN_rate_alto""]",validation,all,1440,720,256,0.17777777777777778,115,141,0.44921875,0.5,0.8984375,-0.05078125
corrected_pos_dep_complete,0a5b9f26070015ec,"[""DEP_complete_advcl_rate_baixo"", ""POS_PROPN_rate_alto""]",validation,com_autor,723,17,135,0.18672199170124482,1,134,0.007407407407407408,0.02351313969571231,0.3150326797385621,-0.016105732288304902
corrected_pos_dep_complete,0a5b9f26070015ec,"[""DEP_complete_advcl_rate_baixo"", ""POS_PROPN_rate_alto""]",validation,sem_autor,717,703,121,0.16875871687587168,114,7,0.9421487603305785,0.9804741980474198,0.9609113245476882,-0.03832543771684127
corrected_pos_dep_complete,0a5b9f26070015ec,"[""DEP_complete_advcl_rate_baixo"", ""POS_PROPN_rate_alto""]",test,all,1440,720,244,0.16944444444444445,113,131,0.46311475409836067,0.5,0.9262295081967213,-0.03688524590163933
corrected_pos_dep_complete,0a5b9f26070015ec,"[""DEP_complete_advcl_rate_baixo"", ""POS_PROPN_rate_alto""]",test,com_autor,719,11,130,0.1808066759388039,1,129,0.007692307692307693,0.015299026425591099,0.5027972027972029,-0.007606718733283406
corrected_pos_dep_complete,0a5b9f26070015ec,"[""DEP_complete_advcl_rate_baixo"", ""POS_PROPN_rate_alto""]",test,sem_autor,721,709,114,0.15811373092926492,112,2,0.9824561403508771,0.9833564493758669,0.9990844530225422,-0.0009003090249897205
corrected_pos_dep_complete,d2cc395159176fa4,"[""DEP_complete_advcl_rate_baixo"", ""DEP_complete_ccomp_rate_baixo"", ""POS_PROPN_rate_baixo""]",train,all,4320,2160,442,0.10231481481481482,161,281,0.36425339366515835,0.5,0.7285067873303167,-0.13574660633484165
corrected_pos_dep_complete,d2cc395159176fa4,"[""DEP_complete_advcl_rate_baixo"", ""DEP_complete_ccomp_rate_baixo"", ""POS_PROPN_rate_baixo""]",train,com_autor,2157,44,278,0.12888270746407046,2,276,0.007194244604316547,0.020398701900788133,0.3526814911706998,-0.013204457296471586
corrected_pos_dep_complete,d2cc395159176fa4,"[""DEP_complete_advcl_rate_baixo"", ""DEP_complete_ccomp_rate_baixo"", ""POS_PROPN_rate_baixo""]",train,sem_autor,2163,2116,164,0.0758206195099399,159,5,0.9695121951219512,0.9782709200184928,0.9910467287565126,-0.008758724896541614
corrected_pos_dep_complete,d2cc395159176fa4,"[""DEP_complete_advcl_rate_baixo"", ""DEP_complete_ccomp_rate_baixo"", ""POS_PROPN_rate_baixo""]",validation,all,1440,720,143,0.09930555555555555,63,80,0.4405594405594406,0.5,0.8811188811188811,-0.059440559440559426
corrected_pos_dep_complete,d2cc395159176fa4,"[""DEP_complete_advcl_rate_baixo"", ""DEP_complete_ccomp_rate_baixo"", ""POS_PROPN_rate_baixo""]",validation,com_autor,723,17,81,0.11203319502074689,3,78,0.037037037037037035,0.02351313969571231,1.5751633986928104,0.013523897341324725
corrected_pos_dep_complete,d2cc395159176fa4,"[""DEP_complete_advcl_rate_baixo"", ""DEP_complete_ccomp_rate_baixo"", ""POS_PROPN_rate_baixo""]",validation,sem_autor,717,703,62,0.08647140864714087,60,2,0.967741935483871,0.9804741980474198,0.9870141788647732,-0.012732262563548757
corrected_pos_dep_complete,d2cc395159176fa4,"[""DEP_complete_advcl_rate_baixo"", ""DEP_complete_ccomp_rate_baixo"", ""POS_PROPN_rate_baixo""]",test,all,1440,720,160,0.1111111111111111,59,101,0.36875,0.5,0.7375,-0.13124999999999998
corrected_pos_dep_complete,d2cc395159176fa4,"[""DEP_complete_advcl_rate_baixo"", ""DEP_complete_ccomp_rate_baixo"", ""POS_PROPN_rate_baixo""]",test,com_autor,719,11,100,0.13908205841446453,1,99,0.01,0.015299026425591099,0.6536363636363637,-0.005299026425591099
corrected_pos_dep_complete,d2cc395159176fa4,"[""DEP_complete_advcl_rate_baixo"", ""DEP_complete_ccomp_rate_baixo"", ""POS_PROPN_rate_baixo""]",test,sem_autor,721,709,60,0.08321775312066575,58,2,0.9666666666666667,0.9833564493758669,0.9830277385989656,-0.016689782709200185
corrected_pos_dep_complete,514495056ba42570,"[""DEP_complete_advcl_rate_baixo"", ""diversidade_baixo""]",train,all,4320,2160,749,0.17337962962962963,447,302,0.5967957276368492,0.5,1.1935914552736984,0.09679572763684918
corrected_pos_dep_complete,514495056ba42570,"[""DEP_complete_advcl_rate_baixo"", ""diversidade_baixo""]",train,com_autor,2157,44,301,0.13954566527584608,6,295,0.019933554817275746,0.020398701900788133,0.9771972213832677,-0.00046514708351238707
corrected_pos_dep_complete,514495056ba42570,"[""DEP_complete_advcl_rate_baixo"", ""diversidade_baixo""]",train,sem_autor,2163,2116,448,0.20711974110032363,441,7,0.984375,0.9782709200184928,1.0062396620982987,0.006104079981507193
corrected_pos_dep_complete,514495056ba42570,"[""DEP_complete_advcl_rate_baixo"", ""diversidade_baixo""]",validation,all,1440,720,241,0.1673611111111111,138,103,0.5726141078838174,0.5,1.1452282157676348,0.07261410788381739
corrected_pos_dep_complete,514495056ba42570,"[""DEP_complete_advcl_rate_baixo"", ""diversidade_baixo""]",validation,com_autor,723,17,106,0.14661134163208853,8,98,0.07547169811320754,0.02351313969571231,3.2097669256381796,0.051958558417495235
corrected_pos_dep_complete,514495056ba42570,"[""DEP_complete_advcl_rate_baixo"", ""diversidade_baixo""]",validation,sem_autor,717,703,135,0.18828451882845187,130,5,0.9629629629629629,0.9804741980474198,0.9821400347716137,-0.017511235084456844
corrected_pos_dep_complete,514495056ba42570,"[""DEP_complete_advcl_rate_baixo"", ""diversidade_baixo""]",test,all,1440,720,240,0.16666666666666666,142,98,0.5916666666666667,0.5,1.1833333333333333,0.09166666666666667
corrected_pos_dep_complete,514495056ba42570,"[""DEP_complete_advcl_rate_baixo"", ""diversidade_baixo""]",test,com_autor,719,11,99,0.1376912378303199,3,96,0.030303030303030304,0.015299026425591099,1.980716253443526,0.015004003877439205
corrected_pos_dep_complete,514495056ba42570,"[""DEP_complete_advcl_rate_baixo"", ""diversidade_baixo""]",test,sem_autor,721,709,141,0.1955617198335645,139,2,0.9858156028368794,0.9833564493758669,1.0025007752403245,0.002459153461012553
corrected_pos_dep_complete,a57b9c11ce44c776,"[""DEP_complete_advcl_rate_baixo"", ""DEP_complete_nsubj_rate_alto""]",train,all,4320,2160,735,0.1701388888888889,375,360,0.5102040816326531,0.5,1.0204081632653061,0.010204081632653073
corrected_pos_dep_complete,a57b9c11ce44c776,"[""DEP_complete_advcl_rate_baixo"", ""DEP_complete_nsubj_rate_alto""]",train,com_autor,2157,44,362,0.16782568382012053,8,354,0.022099447513812154,0.020398701900788133,1.083375188347564,0.0017007456130240205
corrected_pos_dep_complete,a57b9c11ce44c776,"[""DEP_complete_advcl_rate_baixo"", ""DEP_complete_nsubj_rate_alto""]",train,sem_autor,2163,2116,373,0.17244567730004623,367,6,0.9839142091152815,0.9782709200184928,1.0057686362553657,0.005643289096788684
corrected_pos_dep_complete,a57b9c11ce44c776,"[""DEP_complete_advcl_rate_baixo"", ""DEP_complete_nsubj_rate_alto""]",validation,all,1440,720,256,0.17777777777777778,130,126,0.5078125,0.5,1.015625,0.0078125
corrected_pos_dep_complete,a57b9c11ce44c776,"[""DEP_complete_advcl_rate_baixo"", ""DEP_complete_nsubj_rate_alto""]",validation,com_autor,723,17,122,0.16874135546334718,2,120,0.01639344262295082,0.02351313969571231,0.6972034715525555,-0.007119697072761489
corrected_pos_dep_complete,a57b9c11ce44c776,"[""DEP_complete_advcl_rate_baixo"", ""DEP_complete_nsubj_rate_alto""]",validation,sem_autor,717,703,134,0.18688981868898186,128,6,0.9552238805970149,0.9804741980474198,0.9742468312774676,-0.025250317450404847
corrected_pos_dep_complete,a57b9c11ce44c776,"[""DEP_complete_advcl_rate_baixo"", ""DEP_complete_nsubj_rate_alto""]",test,all,1440,720,260,0.18055555555555555,133,127,0.5115384615384615,0.5,1.023076923076923,0.011538461538461497
corrected_pos_dep_complete,a57b9c11ce44c776,"[""DEP_complete_advcl_rate_baixo"", ""DEP_complete_nsubj_rate_alto""]",test,com_autor,719,11,127,0.17663421418636996,1,126,0.007874015748031496,0.015299026425591099,0.5146743020758768,-0.007425010677559603
corrected_pos_dep_complete,a57b9c11ce44c776,"[""DEP_complete_advcl_rate_baixo"", ""DEP_complete_nsubj_rate_alto""]",test,sem_autor,721,709,133,0.18446601941747573,132,1,0.9924812030075187,0.9833564493758669,1.0092791923390987,0.009124753631651883
corrected_pos_dep_complete,fff44d92c05f22aa,"[""DEP_complete_advcl_rate_baixo"", ""DEP_complete_advmod_rate_baixo"", ""uppercaseRatio_baixo""]",train,all,4320,2160,465,0.1076388888888889,191,274,0.410752688172043,0.5,0.821505376344086,-0.08924731182795698
corrected_pos_dep_complete,fff44d92c05f22aa,"[""DEP_complete_advcl_rate_baixo"", ""DEP_complete_advmod_rate_baixo"", ""uppercaseRatio_baixo""]",train,com_autor,2157,44,269,0.12471024571163654,4,265,0.01486988847583643,0.020398701900788133,0.7289624873267995,-0.005528813424951703
corrected_pos_dep_complete,fff44d92c05f22aa,"[""DEP_complete_advcl_rate_baixo"", ""DEP_complete_advmod_rate_baixo"", ""uppercaseRatio_baixo""]",train,sem_autor,2163,2116,196,0.09061488673139159,187,9,0.9540816326530612,0.9782709200184928,0.9752734269511207,-0.024189287365431578
corrected_pos_dep_complete,fff44d92c05f22aa,"[""DEP_complete_advcl_rate_baixo"", ""DEP_complete_advmod_rate_baixo"", ""uppercaseRatio_baixo""]",validation,all,1440,720,151,0.10486111111111111,56,95,0.3708609271523179,0.5,0.7417218543046358,-0.1291390728476821
corrected_pos_dep_complete,fff44d92c05f22aa,"[""DEP_complete_advcl_rate_baixo"", ""DEP_complete_advmod_rate_baixo"", ""uppercaseRatio_baixo""]",validation,com_autor,723,17,94,0.13001383125864455,2,92,0.02127659574468085,0.02351313969571231,0.9048811013767208,-0.002236543951031459
corrected_pos_dep_complete,fff44d92c05f22aa,"[""DEP_complete_advcl_rate_baixo"", ""DEP_complete_advmod_rate_baixo"", ""uppercaseRatio_baixo""]",validation,sem_autor,717,703,57,0.0794979079497908,54,3,0.9473684210526315,0.9804741980474198,0.9662349329939358,-0.03310577699478823
corrected_pos_dep_complete,fff44d92c05f22aa,"[""DEP_complete_advcl_rate_baixo"", ""DEP_complete_advmod_rate_baixo"", ""uppercaseRatio_baixo""]",test,all,1440,720,170,0.11805555555555555,77,93,0.45294117647058824,0.5,0.9058823529411765,-0.047058823529411764
corrected_pos_dep_complete,fff44d92c05f22aa,"[""DEP_complete_advcl_rate_baixo"", ""DEP_complete_advmod_rate_baixo"", ""uppercaseRatio_baixo""]",test,com_autor,719,11,93,0.12934631432545202,1,92,0.010752688172043012,0.015299026425591099,0.7028347996089932,-0.0045463382535480875
corrected_pos_dep_complete,fff44d92c05f22aa,"[""DEP_complete_advcl_rate_baixo"", ""DEP_complete_advmod_rate_baixo"", ""uppercaseRatio_baixo""]",test,sem_autor,721,709,77,0.10679611650485436,76,1,0.987012987012987,0.9833564493758669,1.003718425439159,0.0036565376371201497
corrected_pos_dep_complete,643fe2ac7543c6cd,"[""DEP_complete_ccomp_rate_baixo"", ""POS_ADV_rate_baixo"", ""POS_PRON_rate_baixo""]",train,all,4320,2160,346,0.08009259259259259,138,208,0.3988439306358382,0.5,0.7976878612716763,-0.10115606936416183
corrected_pos_dep_complete,643fe2ac7543c6cd,"[""DEP_complete_ccomp_rate_baixo"", ""POS_ADV_rate_baixo"", ""POS_PRON_rate_baixo""]",train,com_autor,2157,44,206,0.09550301344459898,2,204,0.009708737864077669,0.020398701900788133,0.47594880847308024,-0.010689964036710464
corrected_pos_dep_complete,643fe2ac7543c6cd,"[""DEP_complete_ccomp_rate_baixo"", ""POS_ADV_rate_baixo"", ""POS_PRON_rate_baixo""]",train,sem_autor,2163,2116,140,0.06472491909385113,136,4,0.9714285714285714,0.9782709200184928,0.9930056710775047,-0.006842348589921388
corrected_pos_dep_complete,643fe2ac7543c6cd,"[""DEP_complete_ccomp_rate_baixo"", ""POS_ADV_rate_baixo"", ""POS_PRON_rate_baixo""]",validation,all,1440,720,117,0.08125,36,81,0.3076923076923077,0.5,0.6153846153846154,-0.1923076923076923
corrected_pos_dep_complete,643fe2ac7543c6cd,"[""DEP_complete_ccomp_rate_baixo"", ""POS_ADV_rate_baixo"", ""POS_PRON_rate_baixo""]",validation,com_autor,723,17,80,0.11065006915629322,1,79,0.0125,0.02351313969571231,0.5316176470588235,-0.011013139695712309
corrected_pos_dep_complete,643fe2ac7543c6cd,"[""DEP_complete_ccomp_rate_baixo"", ""POS_ADV_rate_baixo"", ""POS_PRON_rate_baixo""]",validation,sem_autor,717,703,37,0.05160390516039052,35,2,0.9459459459459459,0.9804741980474198,0.9647841297912422,-0.03452825210147381
corrected_pos_dep_complete,643fe2ac7543c6cd,"[""DEP_complete_ccomp_rate_baixo"", ""POS_ADV_rate_baixo"", ""POS_PRON_rate_baixo""]",test,all,1440,720,99,0.06875,37,62,0.37373737373737376,0.5,0.7474747474747475,-0.12626262626262624
corrected_pos_dep_complete,643fe2ac7543c6cd,"[""DEP_complete_ccomp_rate_baixo"", ""POS_ADV_rate_baixo"", ""POS_PRON_rate_baixo""]",test,com_autor,719,11,63,0.08762169680111266,1,62,0.015873015873015872,0.015299026425591099,1.0375180375180375,0.000573989447424773
corrected_pos_dep_complete,643fe2ac7543c6cd,"[""DEP_complete_ccomp_rate_baixo"", ""POS_ADV_rate_baixo"", ""POS_PRON_rate_baixo""]",test,sem_autor,721,709,36,0.049930651872399444,36,0,1.0,0.9833564493758669,1.0169252468265162,0.01664355062413314
corrected_pos_dep_complete,0f2e9db7890b1a0d,"[""DEP_complete_advcl_rate_baixo"", ""DEP_complete_amod_rate_alto""]",train,all,4320,2160,731,0.16921296296296295,323,408,0.4418604651162791,0.5,0.8837209302325582,-0.05813953488372092
corrected_pos_dep_complete,0f2e9db7890b1a0d,"[""DEP_complete_advcl_rate_baixo"", ""DEP_complete_amod_rate_alto""]",train,com_autor,2157,44,408,0.18915159944367177,5,403,0.012254901960784314,0.020398701900788133,0.60076871657754,-0.00814379994000382
corrected_pos_dep_complete,0f2e9db7890b1a0d,"[""DEP_complete_advcl_rate_baixo"", ""DEP_complete_amod_rate_alto""]",train,sem_autor,2163,2116,323,0.14932963476652797,318,5,0.9845201238390093,0.9782709200184928,1.0063880093874185,0.0062492038205165246
corrected_pos_dep_complete,0f2e9db7890b1a0d,"[""DEP_complete_advcl_rate_baixo"", ""DEP_complete_amod_rate_alto""]",validation,all,1440,720,233,0.16180555555555556,100,133,0.4291845493562232,0.5,0.8583690987124464,-0.07081545064377681
corrected_pos_dep_complete,0f2e9db7890b1a0d,"[""DEP_complete_advcl_rate_baixo"", ""DEP_complete_amod_rate_alto""]",validation,com_autor,723,17,132,0.1825726141078838,3,129,0.022727272727272728,0.02351313969571231,0.966577540106952,-0.0007858669684395816
corrected_pos_dep_complete,0f2e9db7890b1a0d,"[""DEP_complete_advcl_rate_baixo"", ""DEP_complete_amod_rate_alto""]",validation,sem_autor,717,703,101,0.14086471408647142,97,4,0.9603960396039604,0.9804741980474198,0.9795219920285059,-0.020078158443459393
corrected_pos_dep_complete,0f2e9db7890b1a0d,"[""DEP_complete_advcl_rate_baixo"", ""DEP_complete_amod_rate_alto""]",test,all,1440,720,271,0.18819444444444444,110,161,0.4059040590405904,0.5,0.8118081180811808,-0.0940959409594096
corrected_pos_dep_complete,0f2e9db7890b1a0d,"[""DEP_complete_advcl_rate_baixo"", ""DEP_complete_amod_rate_alto""]",test,com_autor,719,11,162,0.22531293463143254,3,159,0.018518518518518517,0.015299026425591099,1.2104377104377104,0.0032194920929274184
corrected_pos_dep_complete,0f2e9db7890b1a0d,"[""DEP_complete_advcl_rate_baixo"", ""DEP_complete_amod_rate_alto""]",test,sem_autor,721,709,109,0.15117891816920942,107,2,0.981651376146789,0.9833564493758669,0.9982660679856628,-0.0017050732290778692
corrected_pos_dep_complete,d52dcc485428b390,"[""DEP_complete_advcl_rate_baixo"", ""POS_ADV_rate_baixo"", ""POS_PRON_rate_baixo""]",train,all,4320,2160,347,0.08032407407407408,132,215,0.3804034582132565,0.5,0.760806916426513,-0.1195965417867435
corrected_pos_dep_complete,d52dcc485428b390,"[""DEP_complete_advcl_rate_baixo"", ""POS_ADV_rate_baixo"", ""POS_PRON_rate_baixo""]",train,com_autor,2157,44,214,0.09921186833565136,2,212,0.009345794392523364,0.020398701900788133,0.4581563296516567,-0.01105290750826477
corrected_pos_dep_complete,d52dcc485428b390,"[""DEP_complete_advcl_rate_baixo"", ""POS_ADV_rate_baixo"", ""POS_PRON_rate_baixo""]",train,sem_autor,2163,2116,133,0.061488673139158574,130,3,0.9774436090225563,0.9782709200184928,0.9991543130036812,-0.00082731099593647
corrected_pos_dep_complete,d52dcc485428b390,"[""DEP_complete_advcl_rate_baixo"", ""POS_ADV_rate_baixo"", ""POS_PRON_rate_baixo""]",validation,all,1440,720,118,0.08194444444444444,32,86,0.2711864406779661,0.5,0.5423728813559322,-0.2288135593220339
corrected_pos_dep_complete,d52dcc485428b390,"[""DEP_complete_advcl_rate_baixo"", ""POS_ADV_rate_baixo"", ""POS_PRON_rate_baixo""]",validation,com_autor,723,17,85,0.11756569847856155,1,84,0.011764705882352941,0.02351313969571231,0.5003460207612457,-0.011748433813359369
corrected_pos_dep_complete,d52dcc485428b390,"[""DEP_complete_advcl_rate_baixo"", ""POS_ADV_rate_baixo"", ""POS_PRON_rate_baixo""]",validation,sem_autor,717,703,33,0.04602510460251046,31,2,0.9393939393939394,0.9804741980474198,0.9581016423121688,-0.041080258653480306
corrected_pos_dep_complete,d52dcc485428b390,"[""DEP_complete_advcl_rate_baixo"", ""POS_ADV_rate_baixo"", ""POS_PRON_rate_baixo""]",test,all,1440,720,103,0.07152777777777777,37,66,0.3592233009708738,0.5,0.7184466019417476,-0.1407766990291262
corrected_pos_dep_complete,d52dcc485428b390,"[""DEP_complete_advcl_rate_baixo"", ""POS_ADV_rate_baixo"", ""POS_PRON_rate_baixo""]",test,com_autor,719,11,66,0.0917941585535466,1,65,0.015151515151515152,0.015299026425591099,0.990358126721763,-0.00014751127407594718
corrected_pos_dep_complete,d52dcc485428b390,"[""DEP_complete_advcl_rate_baixo"", ""POS_ADV_rate_baixo"", ""POS_PRON_rate_baixo""]",test,sem_autor,721,709,37,0.05131761442441054,36,1,0.972972972972973,0.9833564493758669,0.9894407806960699,-0.010383476402893832
corrected_pos_dep_complete,e7f51bee8aff1438,"[""DEP_complete_advcl_rate_baixo"", ""DEP_complete_amod_rate_baixo"", ""DEP_complete_ccomp_rate_baixo""]",train,all,4320,2160,471,0.10902777777777778,242,229,0.5138004246284501,0.5,1.0276008492569002,0.013800424628450103
corrected_pos_dep_complete,e7f51bee8aff1438,"[""DEP_complete_advcl_rate_baixo"", ""DEP_complete_amod_rate_baixo"", ""DEP_complete_ccomp_rate_baixo""]",train,com_autor,2157,44,225,0.1043115438108484,3,222,0.013333333333333334,0.020398701900788133,0.6536363636363636,-0.007065368567454799
corrected_pos_dep_complete,e7f51bee8aff1438,"[""DEP_complete_advcl_rate_baixo"", ""DEP_complete_amod_rate_baixo"", ""DEP_complete_ccomp_rate_baixo""]",train,sem_autor,2163,2116,246,0.11373092926490985,239,7,0.9715447154471545,0.9782709200184928,0.9931243948545346,-0.006726204571338323
corrected_pos_dep_complete,e7f51bee8aff1438,"[""DEP_complete_advcl_rate_baixo"", ""DEP_complete_amod_rate_baixo"", ""DEP_complete_ccomp_rate_baixo""]",validation,all,1440,720,150,0.10416666666666667,74,76,0.49333333333333335,0.5,0.9866666666666667,-0.006666666666666654
corrected_pos_dep_complete,e7f51bee8aff1438,"[""DEP_complete_advcl_rate_baixo"", ""DEP_complete_amod_rate_baixo"", ""DEP_complete_ccomp_rate_baixo""]",validation,com_autor,723,17,77,0.10650069156293222,2,75,0.025974025974025976,0.02351313969571231,1.1046600458365166,0.002460886278313666
corrected_pos_dep_complete,e7f51bee8aff1438,"[""DEP_complete_advcl_rate_baixo"", ""DEP_complete_amod_rate_baixo"", ""DEP_complete_ccomp_rate_baixo""]",validation,sem_autor,717,703,73,0.10181311018131102,72,1,0.9863013698630136,0.9804741980474198,1.0059432179114947,0.00582717181559389
corrected_pos_dep_complete,e7f51bee8aff1438,"[""DEP_complete_advcl_rate_baixo"", ""DEP_complete_amod_rate_baixo"", ""DEP_complete_ccomp_rate_baixo""]",test,all,1440,720,152,0.10555555555555556,80,72,0.5263157894736842,0.5,1.0526315789473684,0.02631578947368418
corrected_pos_dep_complete,e7f51bee8aff1438,"[""DEP_complete_advcl_rate_baixo"", ""DEP_complete_amod_rate_baixo"", ""DEP_complete_ccomp_rate_baixo""]",test,com_autor,719,11,72,0.10013908205841446,1,71,0.013888888888888888,0.015299026425591099,0.9078282828282828,-0.001410137536702211
corrected_pos_dep_complete,e7f51bee8aff1438,"[""DEP_complete_advcl_rate_baixo"", ""DEP_complete_amod_rate_baixo"", ""DEP_complete_ccomp_rate_baixo""]",test,sem_autor,721,709,80,0.11095700416088766,79,1,0.9875,0.9833564493758669,1.0042136812411848,0.004143550624133185
corrected_pos_dep_complete,ee52e42000e6e79e,"[""DEP_complete_advcl_rate_baixo"", ""POS_NOUN_rate_alto""]",train,all,4320,2160,741,0.17152777777777778,246,495,0.3319838056680162,0.5,0.6639676113360324,-0.16801619433198378
corrected_pos_dep_complete,ee52e42000e6e79e,"[""DEP_complete_advcl_rate_baixo"", ""POS_NOUN_rate_alto""]",train,com_autor,2157,44,485,0.22484932777005098,3,482,0.006185567010309278,0.020398701900788133,0.3032333645735707,-0.014213134890478856
corrected_pos_dep_complete,ee52e42000e6e79e,"[""DEP_complete_advcl_rate_baixo"", ""POS_NOUN_rate_alto""]",train,sem_autor,2163,2116,256,0.1183541377716135,243,13,0.94921875,0.9782709200184928,0.9703025313090737,-0.029052170018492807
corrected_pos_dep_complete,ee52e42000e6e79e,"[""DEP_complete_advcl_rate_baixo"", ""POS_NOUN_rate_alto""]",validation,all,1440,720,243,0.16875,69,174,0.2839506172839506,0.5,0.5679012345679012,-0.2160493827160494
corrected_pos_dep_complete,ee52e42000e6e79e,"[""DEP_complete_advcl_rate_baixo"", ""POS_NOUN_rate_alto""]",validation,com_autor,723,17,171,0.23651452282157676,2,169,0.011695906432748537,0.02351313969571231,0.49742002063983487,-0.011817233262963772
corrected_pos_dep_complete,ee52e42000e6e79e,"[""DEP_complete_advcl_rate_baixo"", ""POS_NOUN_rate_alto""]",validation,sem_autor,717,703,72,0.100418410041841,67,5,0.9305555555555556,0.9804741980474198,0.9490872451398767,-0.049918642491864174
corrected_pos_dep_complete,ee52e42000e6e79e,"[""DEP_complete_advcl_rate_baixo"", ""POS_NOUN_rate_alto""]",test,all,1440,720,257,0.17847222222222223,86,171,0.3346303501945525,0.5,0.669260700389105,-0.1653696498054475
corrected_pos_dep_complete,ee52e42000e6e79e,"[""DEP_complete_advcl_rate_baixo"", ""POS_NOUN_rate_alto""]",test,com_autor,719,11,171,0.23783031988873435,1,170,0.005847953216374269,0.015299026425591099,0.3822434875066454,-0.00945107320921683
corrected_pos_dep_complete,ee52e42000e6e79e,"[""DEP_complete_advcl_rate_baixo"", ""POS_NOUN_rate_alto""]",test,sem_autor,721,709,86,0.11927877947295423,85,1,0.9883720930232558,0.9833564493758669,1.0051005346541149,0.005015643647388934
corrected_pos_dep_complete,dfcedf2ae9567a15,"[""DEP_complete_ccomp_rate_baixo"", ""POS_PRON_rate_baixo"", ""uppercaseRatio_baixo""]",train,all,4320,2160,368,0.08518518518518518,186,182,0.5054347826086957,0.5,1.0108695652173914,0.005434782608695676
corrected_pos_dep_complete,dfcedf2ae9567a15,"[""DEP_complete_ccomp_rate_baixo"", ""POS_PRON_rate_baixo"", ""uppercaseRatio_baixo""]",train,com_autor,2157,44,184,0.08530366249420492,6,178,0.03260869565217391,0.020398701900788133,1.5985671936758892,0.012209993751385779
corrected_pos_dep_complete,dfcedf2ae9567a15,"[""DEP_complete_ccomp_rate_baixo"", ""POS_PRON_rate_baixo"", ""uppercaseRatio_baixo""]",train,sem_autor,2163,2116,184,0.0850670365233472,180,4,0.9782608695652174,0.9782709200184928,0.9999897263088683,-1.0050453275400884e-05
corrected_pos_dep_complete,dfcedf2ae9567a15,"[""DEP_complete_ccomp_rate_baixo"", ""POS_PRON_rate_baixo"", ""uppercaseRatio_baixo""]",validation,all,1440,720,121,0.08402777777777778,51,70,0.4214876033057851,0.5,0.8429752066115702,-0.07851239669421489
corrected_pos_dep_complete,dfcedf2ae9567a15,"[""DEP_complete_ccomp_rate_baixo"", ""POS_PRON_rate_baixo"", ""uppercaseRatio_baixo""]",validation,com_autor,723,17,71,0.09820193637621023,2,69,0.028169014084507043,0.02351313969571231,1.1980115990057996,0.004655874388794733
corrected_pos_dep_complete,dfcedf2ae9567a15,"[""DEP_complete_ccomp_rate_baixo"", ""POS_PRON_rate_baixo"", ""uppercaseRatio_baixo""]",validation,sem_autor,717,703,50,0.0697350069735007,49,1,0.98,0.9804741980474198,0.9995163584637269,-0.00047419804741977156
corrected_pos_dep_complete,dfcedf2ae9567a15,"[""DEP_complete_ccomp_rate_baixo"", ""POS_PRON_rate_baixo"", ""uppercaseRatio_baixo""]",test,all,1440,720,117,0.08125,65,52,0.5555555555555556,0.5,1.1111111111111112,0.05555555555555558
corrected_pos_dep_complete,dfcedf2ae9567a15,"[""DEP_complete_ccomp_rate_baixo"", ""POS_PRON_rate_baixo"", ""uppercaseRatio_baixo""]",test,com_autor,719,11,56,0.07788595271210014,4,52,0.07142857142857142,0.015299026425591099,4.6688311688311686,0.05612954500298033
corrected_pos_dep_complete,dfcedf2ae9567a15,"[""DEP_complete_ccomp_rate_baixo"", ""POS_PRON_rate_baixo"", ""uppercaseRatio_baixo""]",test,sem_autor,721,709,61,0.08460471567267684,61,0,1.0,0.9833564493758669,1.0169252468265162,0.01664355062413314
corrected_pos_dep_complete,10d47c724158784a,"[""DEP_complete_advcl_rate_baixo"", ""POS_ADV_rate_baixo""]",train,all,4320,2160,864,0.2,340,524,0.39351851851851855,0.5,0.7870370370370371,-0.10648148148148145
corrected_pos_dep_complete,10d47c724158784a,"[""DEP_complete_advcl_rate_baixo"", ""POS_ADV_rate_baixo""]",train,com_autor,2157,44,519,0.24061196105702365,5,514,0.009633911368015413,0.020398701900788133,0.4722806095638465,-0.01076479053277272
corrected_pos_dep_complete,10d47c724158784a,"[""DEP_complete_advcl_rate_baixo"", ""POS_ADV_rate_baixo""]",train,sem_autor,2163,2116,345,0.15950069348127602,335,10,0.9710144927536232,0.9782709200184928,0.9925823950028766,-0.007256427264869636
corrected_pos_dep_complete,10d47c724158784a,"[""DEP_complete_advcl_rate_baixo"", ""POS_ADV_rate_baixo""]",validation,all,1440,720,281,0.1951388888888889,102,179,0.36298932384341637,0.5,0.7259786476868327,-0.13701067615658363
corrected_pos_dep_complete,10d47c724158784a,"[""DEP_complete_advcl_rate_baixo"", ""POS_ADV_rate_baixo""]",validation,com_autor,723,17,180,0.24896265560165975,6,174,0.03333333333333333,0.02351313969571231,1.4176470588235295,0.009820193637621023
corrected_pos_dep_complete,10d47c724158784a,"[""DEP_complete_advcl_rate_baixo"", ""POS_ADV_rate_baixo""]",validation,sem_autor,717,703,101,0.14086471408647142,96,5,0.9504950495049505,0.9804741980474198,0.9694238271622326,-0.029979148542469303
corrected_pos_dep_complete,10d47c724158784a,"[""DEP_complete_advcl_rate_baixo"", ""POS_ADV_rate_baixo""]",test,all,1440,720,302,0.20972222222222223,111,191,0.3675496688741722,0.5,0.7350993377483444,-0.13245033112582782
corrected_pos_dep_complete,10d47c724158784a,"[""DEP_complete_advcl_rate_baixo"", ""POS_ADV_rate_baixo""]",test,com_autor,719,11,191,0.26564673157162727,1,190,0.005235602094240838,0.015299026425591099,0.34221799143265114,-0.010063424331350261
corrected_pos_dep_complete,10d47c724158784a,"[""DEP_complete_advcl_rate_baixo"", ""POS_ADV_rate_baixo""]",test,sem_autor,721,709,111,0.1539528432732316,110,1,0.990990990990991,0.9833564493758669,1.0077637581163674,0.007634541615124113
