variant,rule_id,pattern_id,antecedents,consequents,features,train_occurrences,train_antecedent_occurrences,train_consequent_occurrences,train_support,train_antecedent_support,train_consequent_support,train_confidence,train_lift,train_jaccard,train_passes_filters,test_occurrences,test_antecedent_occurrences,test_consequent_occurrences,test_support,test_antecedent_support,test_consequent_support,test_confidence,test_lift,test_jaccard,test_passes_filters,validation_occurrences,validation_antecedent_occurrences,validation_consequent_occurrences,validation_support,validation_antecedent_support,validation_consequent_support,validation_confidence,validation_lift,validation_jaccard,validation_passes_filters,validation_confidence_ci_low,validation_confidence_ci_high,validation_confidence_bootstrap_valid_repetitions,validation_lift_ci_low,validation_lift_ci_high,validation_lift_bootstrap_valid_repetitions,validation_bootstrap_pass_fraction
legacy_author,271127b8c4d9,b39ecda11b8f,"[""com_autor"", ""diversidade_alto""]","[""typeTokenRatio_alto""]","[""com_autor"", ""diversidade_alto"", ""typeTokenRatio_alto""]",488,647,1090,0.11296296296296296,0.14976851851851852,0.25231481481481483,0.75425038639876352,2.9893226323327142,0.39071257005604482,True,165,222,357,0.11458333333333333,0.15416666666666667,0.24791666666666667,0.7432432432432432,2.9979559391324098,0.39855072463768115,True,170,219,360,0.11805555555555555,0.15208333333333332,0.25,0.77625570776255703,3.1050228310502281,0.41564792176039123,True,0.7288389072067829,0.8189345794392523,100,2.8257273242496517,3.3300728655156027,100,1
legacy_author,80e4bcc39fb5,de1589a78e87,"[""diversidade_baixo"", ""sem_autor""]","[""typeTokenRatio_baixo""]","[""diversidade_baixo"", ""sem_autor"", ""typeTokenRatio_baixo""]",466,659,1097,0.10787037037037037,0.15254629629629629,0.25393518518518521,0.70713201820940819,2.7846949121829021,0.36124031007751939,True,155,206,371,0.1076388888888889,0.14305555555555555,0.25763888888888886,0.75242718446601942,2.920472090649779,0.36729857819905215,True,148,208,373,0.10277777777777777,0.14444444444444443,0.2590277777777778,0.71153846153846156,2.7469581356980819,0.34180138568129331,True,0.65211387434554968,0.77025122549019609,100,2.4985525242790421,2.9830666784590325,100,1
legacy_author,bc00c336bc9e,60f27e4b6463,"[""diversidade_baixo""]","[""typeTokenRatio_baixo""]","[""diversidade_baixo"", ""typeTokenRatio_baixo""]",743,1087,1097,0.17199074074074075,0.25162037037037038,0.25393518518518521,0.68353265869365221,2.6917603332329789,0.51561415683553091,True,248,346,371,0.17222222222222222,0.24027777777777778,0.25763888888888886,0.7167630057803468,2.7820450898212923,0.52878464818763327,True,251,354,373,0.17430555555555555,0.24583333333333332,0.2590277777777778,0.70903954802259883,2.7373108556368426,0.52731092436974791,True,0.6600607638888889,0.74902582597521039,100,2.5141084775102267,2.9157689802598616,100,1
legacy_author,2dc09b45b87d,60f27e4b6463,"[""typeTokenRatio_baixo""]","[""diversidade_baixo""]","[""diversidade_baixo"", ""typeTokenRatio_baixo""]",743,1097,1087,0.17199074074074075,0.25393518518518521,0.25162037037037038,0.67730173199635368,2.6917603332329789,0.51561415683553091,True,248,371,346,0.17222222222222222,0.25763888888888886,0.24027777777777778,0.66846361185983827,2.7820450898212923,0.52878464818763327,True,251,373,354,0.17430555555555555,0.2590277777777778,0.24583333333333332,0.67292225201072386,2.7373108556368426,0.52731092436974791,True,0.61862593867068971,0.70671282207344288,100,2.5141084775102267,2.9157689802598616,100,1
legacy_author,754675d9fdff,de1589a78e87,"[""sem_autor"", ""typeTokenRatio_baixo""]","[""diversidade_baixo""]","[""diversidade_baixo"", ""sem_autor"", ""typeTokenRatio_baixo""]",466,712,1087,0.10787037037037037,0.1648148148148148,0.25162037037037038,0.6544943820224719,2.6011184271730254,0.34958739684921231,True,155,243,346,0.1076388888888889,0.16875000000000001,0.24027777777777778,0.63786008230452673,2.6546777991864698,0.35714285714285715,True,148,233,354,0.10277777777777777,0.16180555555555556,0.24583333333333332,0.63519313304721026,2.5838364734123811,0.33712984054669703,True,0.57596691540052147,0.67959632094194555,100,2.3217374591581779,2.7837049323590568,100,1
legacy_author,5dd94bd9c2dc,e4ace79c89fb,"[""typeTokenRatio_alto""]","[""diversidade_alto""]","[""diversidade_alto"", ""typeTokenRatio_alto""]",716,1090,1110,0.16574074074074074,0.25231481481481483,0.25694444444444442,0.65688073394495416,2.5565088023803622,0.48247978436657685,True,234,357,386,0.16250000000000001,0.24791666666666667,0.26805555555555555,0.65546218487394958,2.445247529063439,0.45972495088408644,True,249,360,382,0.17291666666666666,0.25,0.26527777777777778,0.69166666666666665,2.6073298429319371,0.50507099391480725,True,0.62822831978319782,0.73241798319049112,100,2.4126913392216309,2.8348873754821939,100,1
legacy_author,cd67313f811e,e4ace79c89fb,"[""diversidade_alto""]","[""typeTokenRatio_alto""]","[""diversidade_alto"", ""typeTokenRatio_alto""]",716,1110,1090,0.16574074074074074,0.25694444444444442,0.25231481481481483,0.64504504504504501,2.5565088023803622,0.48247978436657685,True,234,386,357,0.16250000000000001,0.26805555555555555,0.24791666666666667,0.60621761658031093,2.445247529063439,0.45972495088408644,True,249,382,360,0.17291666666666666,0.26527777777777778,0.25,0.65183246073298429,2.6073298429319371,0.50507099391480725,True,0.60540273972602732,0.69193127780334407,100,2.4126913392216309,2.8348873754821939,100,1
legacy_author,78065887dfd7,b39ecda11b8f,"[""com_autor"", ""typeTokenRatio_alto""]","[""diversidade_alto""]","[""com_autor"", ""diversidade_alto"", ""typeTokenRatio_alto""]",488,744,1110,0.11296296296296296,0.17222222222222222,0.25694444444444442,0.65591397849462363,2.5527462946817785,0.35724743777452417,True,165,242,386,0.11458333333333333,0.16805555555555557,0.26805555555555555,0.68181818181818177,2.5435704192180877,0.35637149028077753,True,170,248,382,0.11805555555555555,0.17222222222222222,0.26527777777777778,0.68548387096774188,2.5840229690930587,0.36956521739130432,True,0.60921052631578942,0.72912724103585658,100,2.3585516318441928,2.8875467511008286,100,1
legacy_author,63269984800b,4eb4b330463b,"[""com_autor"", ""punctuationDensity_baixo""]","[""typeTokenRatio_alto""]","[""com_autor"", ""punctuationDensity_baixo"", ""typeTokenRatio_alto""]",418,675,1090,0.096759259259259253,0.15625,0.25231481481481483,0.61925925925925929,2.4543119266055045,0.31031922791388272,True,131,231,357,0.090972222222222218,0.16041666666666668,0.24791666666666667,0.5670995670995671,2.287460438720943,0.28665207877461707,True,136,233,360,0.094444444444444442,0.16180555555555556,0.25,0.58369098712446355,2.3347639484978542,0.2975929978118162,True,0.52233786192346865,0.63557076813655755,100,2.131909288421665,2.5479587577224914,100,0.98999999999999999
legacy_author,e822fb5b7b83,3c0f9975805b,"[""sem_autor"", ""typeTokenRatio_baixo""]","[""punctuationDensity_alto""]","[""punctuationDensity_alto"", ""sem_autor"", ""typeTokenRatio_baixo""]",425,712,1102,0.098379629629629636,0.1648148148148148,0.25509259259259259,0.5969101123595506,2.3399743061644815,0.30597552195824335,True,148,243,396,0.10277777777777777,0.16875000000000001,0.27500000000000002,0.60905349794238683,2.2147399925177704,0.3014256619144603,True,141,233,347,0.097916666666666666,0.16180555555555556,0.24097222222222223,0.60515021459227469,2.5112861931206787,0.32118451025056949,True,0.5605828131096372,0.6668918918918918,100,2.2504263214457239,2.7784149193532732,100,1
legacy_author,f1ac2df387b4,3c0f9975805b,"[""punctuationDensity_alto"", ""sem_autor""]","[""typeTokenRatio_baixo""]","[""punctuationDensity_alto"", ""sem_autor"", ""typeTokenRatio_baixo""]",425,733,1097,0.098379629629629636,0.16967592592592592,0.25393518518518521,0.57980900409276948,2.2832952576852907,0.302491103202847,True,148,260,371,0.10277777777777777,0.18055555555555555,0.25763888888888886,0.56923076923076921,2.2094132282811527,0.30641821946169773,True,141,230,373,0.097916666666666666,0.15972222222222221,0.2590277777777778,0.61304347826086958,2.3667094066907564,0.30519480519480519,True,0.55185571912993137,0.68145972651961262,100,2.1692630553252683,2.6428615583989985,100,1
legacy_author,378c5cc8282c,4eb4b330463b,"[""com_autor"", ""typeTokenRatio_alto""]","[""punctuationDensity_baixo""]","[""com_autor"", ""punctuationDensity_baixo"", ""typeTokenRatio_alto""]",418,744,1094,0.096759259259259253,0.17222222222222222,0.25324074074074077,0.56182795698924726,2.2185528100489473,0.29436619718309859,True,131,242,369,0.090972222222222218,0.16805555555555557,0.25624999999999998,0.54132231404958675,2.1124773231203386,0.27291666666666664,True,136,248,382,0.094444444444444442,0.17222222222222222,0.26527777777777778,0.54838709677419351,2.0672183752744471,0.27530364372469635,True,0.5,0.60187289562289559,100,1.8635550134022902,2.2361740113827731,100,0.96999999999999997
legacy_author,08f98c8e9de2,c527c8dcf64c,"[""typeTokenRatio_alto""]","[""punctuationDensity_baixo""]","[""punctuationDensity_baixo"", ""typeTokenRatio_alto""]",597,1090,1094,0.13819444444444445,0.25231481481481483,0.25324074074074077,0.54770642201834863,2.1627895275313218,0.37618147448015121,True,188,357,369,0.13055555555555556,0.24791666666666667,0.25624999999999998,0.5266106442577031,2.0550659288105484,0.34944237918215615,True,193,360,382,0.13402777777777777,0.25,0.26527777777777778,0.53611111111111109,2.0209424083769632,0.35154826958105645,True,0.49216633848813751,0.60252774551555033,100,1.8852608121270791,2.2072454856647274,100,0.94999999999999996
legacy_author,4b0b4c360a74,c527c8dcf64c,"[""punctuationDensity_baixo""]","[""typeTokenRatio_alto""]","[""punctuationDensity_baixo"", ""typeTokenRatio_alto""]",597,1094,1090,0.13819444444444445,0.25324074074074077,0.25231481481481483,0.54570383912248632,2.1627895275313218,0.37618147448015121,True,188,369,357,0.13055555555555556,0.25624999999999998,0.24791666666666667,0.50948509485094851,2.0550659288105484,0.34944237918215615,True,193,382,360,0.13402777777777777,0.26527777777777778,0.25,0.50523560209424079,2.0209424083769632,0.35154826958105645,True,0.45902501860470984,0.56409587349664703,100,1.8852608121270791,2.2072454856647274,100,0.5
legacy_author,7c6fb63e9509,492d1cc6df52,"[""typeTokenRatio_baixo""]","[""punctuationDensity_alto""]","[""punctuationDensity_alto"", ""typeTokenRatio_baixo""]",598,1097,1102,0.13842592592592592,0.25393518518518521,0.25509259259259259,0.54512306289881496,2.1369615532875503,0.3735165521549032,True,210,371,396,0.14583333333333334,0.25763888888888886,0.27500000000000002,0.56603773584905659,2.0583190394511148,0.37701974865350091,True,199,373,347,0.13819444444444445,0.2590277777777778,0.24097222222222223,0.53351206434316356,2.2139981920869034,0.38195777351247601,True,0.49404460930592398,0.58719088767339944,100,2.0242394837919013,2.461937239459977,100,0.93999999999999995
legacy_author,82a4d9db7fe4,492d1cc6df52,"[""punctuationDensity_alto""]","[""typeTokenRatio_baixo""]","[""punctuationDensity_alto"", ""typeTokenRatio_baixo""]",598,1102,1097,0.13842592592592592,0.25509259259259259,0.25393518518518521,0.54264972776769504,2.1369615532875503,0.3735165521549032,True,210,396,371,0.14583333333333334,0.27500000000000002,0.25763888888888886,0.53030303030303028,2.0583190394511148,0.37701974865350091,True,199,347,373,0.13819444444444445,0.24097222222222223,0.2590277777777778,0.57348703170028814,2.2139981920869034,0.38195777351247601,True,0.51610484163109738,0.63635146049266389,100,2.0242394837919013,2.461937239459977,100,1
legacy_author,c565d716779f,3c0f9975805b,"[""punctuationDensity_alto"", ""typeTokenRatio_baixo""]","[""sem_autor""]","[""punctuationDensity_alto"", ""sem_autor"", ""typeTokenRatio_baixo""]",425,598,2163,0.098379629629629636,0.13842592592592592,0.50069444444444444,0.71070234113712372,1.4194332472086799,0.18193493150684931,True,148,210,721,0.10277777777777777,0.14583333333333334,0.50069444444444444,0.70476190476190481,1.4075688527838319,0.18901660280970625,True,141,199,717,0.097916666666666666,0.13819444444444445,0.49791666666666667,0.70854271356783916,1.4230146548642795,0.18193548387096775,True,0.65517669392523359,0.77120136738510581,100,1.3242152977362718,1.5461949496276597,100,1
legacy_author,b42a1e679924,4eb4b330463b,"[""punctuationDensity_baixo"", ""typeTokenRatio_alto""]","[""com_autor""]","[""com_autor"", ""punctuationDensity_baixo"", ""typeTokenRatio_alto""]",418,597,2157,0.096759259259259253,0.13819444444444445,0.49930555555555556,0.70016750418760465,1.402282623129556,0.17893835616438356,True,131,188,719,0.090972222222222218,0.13055555555555556,0.49930555555555556,0.69680851063829785,1.3955552925162016,0.16881443298969073,True,136,193,723,0.094444444444444442,0.13402777777777777,0.50208333333333333,0.70466321243523311,1.4034785973813773,0.17435897435897435,True,0.63774647887323943,0.76840589613432242,100,1.2783647483425258,1.5302496786720265,100,0.98999999999999999
legacy_author,9a107a05b527,47040babbc40,"[""typeTokenRatio_alto"", ""uppercaseRatio_baixo""]","[""com_autor""]","[""com_autor"", ""typeTokenRatio_alto"", ""uppercaseRatio_baixo""]",354,513,2157,0.081944444444444445,0.11874999999999999,0.49930555555555556,0.6900584795321637,1.3820364541395214,0.15284974093264247,True,117,183,719,0.081250000000000003,0.12708333333333333,0.49930555555555556,0.63934426229508201,1.2804669509108735,0.14904458598726114,True,120,172,723,0.083333333333333329,0.11944444444444445,0.50208333333333333,0.69767441860465118,1.3895590080092637,0.15483870967741936,True,0.63304034257381114,0.76940361445783123,100,1.2676710794647827,1.5220158682516503,100,0.66000000000000003
legacy_author,bedf49d12a34,8ed1b3cd1e3d,"[""typeTokenRatio_alto""]","[""com_autor""]","[""com_autor"", ""typeTokenRatio_alto""]",744,1090,2157,0.17222222222222222,0.25231481481481483,0.49930555555555556,0.68256880733944958,1.3670362761735846,0.29724330803036358,True,242,357,719,0.16805555555555557,0.24791666666666667,0.49930555555555556,0.67787114845938379,1.3576278912121176,0.29016786570743403,True,248,360,723,0.17222222222222222,0.25,0.50208333333333333,0.68888888888888888,1.372060857538036,0.29700598802395212,True,0.64754693070409985,0.72720804349955914,100,1.2969642563742001,1.4517050187053029,100,1
legacy_author,9bb8342c6df2,b39ecda11b8f,"[""diversidade_alto"", ""typeTokenRatio_alto""]","[""com_autor""]","[""com_autor"", ""diversidade_alto"", ""typeTokenRatio_alto""]",488,716,2157,0.11296296296296296,0.16574074074074074,0.49930555555555556,0.68156424581005581,1.365024358785091,0.20461215932914045,True,165,234,719,0.11458333333333333,0.16250000000000001,0.49930555555555556,0.70512820512820518,1.4122178239007168,0.20939086294416243,True,170,249,723,0.11805555555555555,0.17291666666666666,0.50208333333333333,0.68273092369477917,1.3597960305954107,0.21197007481296759,True,0.63183026648270724,0.72399140271493212,100,1.2590959281083101,1.4429957343813231,100,1
legacy_author,b7f98ec27998,ce15d5f1cf5d,"[""punctuationDensity_alto""]","[""sem_autor""]","[""punctuationDensity_alto"", ""sem_autor""]",733,1102,2163,0.16967592592592592,0.25509259259259259,0.50069444444444444,0.66515426497277674,1.3284634418318981,0.28949447077409163,True,260,396,721,0.18055555555555555,0.27500000000000002,0.50069444444444444,0.65656565656565657,1.3113100491741267,0.3033838973162194,True,230,347,717,0.15972222222222221,0.24097222222222223,0.49791666666666667,0.66282420749279536,1.3311950610733967,0.27577937649880097,True,0.62845110771581358,0.70306469833903273,100,1.2608120471495439,1.4192107684947195,100,1
legacy_author,ecdcecd4dbe4,9dee6bb96f14,"[""typeTokenRatio_baixo""]","[""sem_autor""]","[""sem_autor"", ""typeTokenRatio_baixo""]",712,1097,2163,0.1648148148148148,0.25393518518518521,0.50069444444444444,0.6490428441203282,1.2962852920017649,0.27943485086342229,True,243,371,721,0.16875000000000001,0.25763888888888886,0.50069444444444444,0.65498652291105119,1.3081561622634033,0.28621908127208479,True,233,373,717,0.16180555555555556,0.2590277777777778,0.49791666666666667,0.62466487935656834,1.2545570798793004,0.27187864644107351,True,0.57967041283535781,0.66047398604297658,100,1.1681477498564368,1.3290641412599804,100,1
legacy_author,e08636486d21,de1589a78e87,"[""diversidade_baixo"", ""typeTokenRatio_baixo""]","[""sem_autor""]","[""diversidade_baixo"", ""sem_autor"", ""typeTokenRatio_baixo""]",466,743,2163,0.10787037037037037,0.17199074074074075,0.50069444444444444,0.62718707940780616,1.2526343888311247,0.19098360655737706,True,155,248,721,0.1076388888888889,0.17222222222222222,0.50069444444444444,0.625,1.248266296809986,0.19041769041769041,True,148,251,717,0.10277777777777777,0.17430555555555555,0.49791666666666667,0.58964143426294824,1.1842171064695195,0.18048780487804877,True,0.53190939495287326,0.64327160493827162,100,1.0688925481559191,1.2860530663794469,100,0.98999999999999999
legacy_author,ddf35ccfbf01,0b59acfe6380,"[""punctuationDensity_baixo""]","[""com_autor""]","[""com_autor"", ""punctuationDensity_baixo""]",675,1094,2157,0.15625,0.25324074074074077,0.49930555555555556,0.61700182815356486,1.2357199339932314,0.2620341614906832,True,231,369,719,0.16041666666666668,0.25624999999999998,0.49930555555555556,0.62601626016260159,1.25377387292649,0.26954492415402564,True,233,382,723,0.16180555555555556,0.26527777777777778,0.50208333333333333,0.60994764397905754,1.2148334817840152,0.2672018348623853,True,0.56979959601249364,0.64888519924098664,100,1.1389459141290865,1.2939082042523338,100,1
legacy_author,7280ea07da4b,7d9f8f5ed448,"[""diversidade_baixo""]","[""sem_autor""]","[""diversidade_baixo"", ""sem_autor""]",659,1087,2163,0.15254629629629629,0.25162037037037038,0.50069444444444444,0.60625574977000918,1.2108297914962736,0.25434195291393286,True,206,346,721,0.14305555555555555,0.24027777777777778,0.50069444444444444,0.59537572254335258,1.1890999174236168,0.23925667828106853,True,208,354,717,0.14444444444444443,0.24583333333333332,0.49791666666666667,0.58757062146892658,1.1800581519041202,0.2410196987253766,True,0.54840969814109486,0.63881118881118881,100,1.1001284463029097,1.2758424721062223,100,1
legacy_author,9575280b6889,fe5936057217,"[""diversidade_alto""]","[""com_autor""]","[""com_autor"", ""diversidade_alto""]",647,1110,2157,0.14976851851851852,0.25694444444444442,0.49930555555555556,0.58288288288288292,1.167387136789084,0.24694656488549618,True,222,386,719,0.15416666666666667,0.26805555555555555,0.49930555555555556,0.57512953367875652,1.1518588713454927,0.25141562853907135,True,219,382,723,0.15208333333333332,0.26527777777777778,0.50208333333333333,0.57329842931937169,1.1418391953248896,0.24717832957110608,True,0.53179180587304375,0.62070191220723803,100,1.0612238613925635,1.2359862635725054,100,0.98999999999999999
legacy_author,5f17b290addb,a8c7b35b30a3,"[""uppercaseRatio_alto""]","[""sem_autor""]","[""sem_autor"", ""uppercaseRatio_alto""]",596,1100,2163,0.13796296296296295,0.25462962962962965,0.50069444444444444,0.54181818181818187,1.0821334005800025,0.22347206599175104,True,178,335,721,0.12361111111111112,0.2326388888888889,0.50069444444444444,0.5313432835820896,1.0612126606909971,0.20273348519362186,True,189,378,717,0.13125000000000001,0.26250000000000001,0.49791666666666667,0.5,1.00418410041841,0.20860927152317882,False,0.45925781250000003,0.54103356075972708,100,0.92003616197080929,1.0841069652609689,100,0.13
legacy_style,bc00c336bc9e,60f27e4b6463,"[""diversidade_baixo""]","[""typeTokenRatio_baixo""]","[""diversidade_baixo"", ""typeTokenRatio_baixo""]",743,1087,1097,0.17199074074074075,0.25162037037037038,0.25393518518518521,0.68353265869365221,2.6917603332329789,0.51561415683553091,True,248,346,371,0.17222222222222222,0.24027777777777778,0.25763888888888886,0.7167630057803468,2.7820450898212923,0.52878464818763327,True,251,354,373,0.17430555555555555,0.24583333333333332,0.2590277777777778,0.70903954802259883,2.7373108556368426,0.52731092436974791,True,0.6600607638888889,0.74902582597521039,100,2.5141084775102267,2.9157689802598616,100,1
legacy_style,2dc09b45b87d,60f27e4b6463,"[""typeTokenRatio_baixo""]","[""diversidade_baixo""]","[""diversidade_baixo"", ""typeTokenRatio_baixo""]",743,1097,1087,0.17199074074074075,0.25393518518518521,0.25162037037037038,0.67730173199635368,2.6917603332329789,0.51561415683553091,True,248,371,346,0.17222222222222222,0.25763888888888886,0.24027777777777778,0.66846361185983827,2.7820450898212923,0.52878464818763327,True,251,373,354,0.17430555555555555,0.2590277777777778,0.24583333333333332,0.67292225201072386,2.7373108556368426,0.52731092436974791,True,0.61862593867068971,0.70671282207344288,100,2.5141084775102267,2.9157689802598616,100,1
legacy_style,5dd94bd9c2dc,e4ace79c89fb,"[""typeTokenRatio_alto""]","[""diversidade_alto""]","[""diversidade_alto"", ""typeTokenRatio_alto""]",716,1090,1110,0.16574074074074074,0.25231481481481483,0.25694444444444442,0.65688073394495416,2.5565088023803622,0.48247978436657685,True,234,357,386,0.16250000000000001,0.24791666666666667,0.26805555555555555,0.65546218487394958,2.445247529063439,0.45972495088408644,True,249,360,382,0.17291666666666666,0.25,0.26527777777777778,0.69166666666666665,2.6073298429319371,0.50507099391480725,True,0.62822831978319782,0.73241798319049112,100,2.4126913392216309,2.8348873754821939,100,1
legacy_style,cd67313f811e,e4ace79c89fb,"[""diversidade_alto""]","[""typeTokenRatio_alto""]","[""diversidade_alto"", ""typeTokenRatio_alto""]",716,1110,1090,0.16574074074074074,0.25694444444444442,0.25231481481481483,0.64504504504504501,2.5565088023803622,0.48247978436657685,True,234,386,357,0.16250000000000001,0.26805555555555555,0.24791666666666667,0.60621761658031093,2.445247529063439,0.45972495088408644,True,249,382,360,0.17291666666666666,0.26527777777777778,0.25,0.65183246073298429,2.6073298429319371,0.50507099391480725,True,0.60540273972602732,0.69193127780334407,100,2.4126913392216309,2.8348873754821939,100,1
legacy_style,08f98c8e9de2,c527c8dcf64c,"[""typeTokenRatio_alto""]","[""punctuationDensity_baixo""]","[""punctuationDensity_baixo"", ""typeTokenRatio_alto""]",597,1090,1094,0.13819444444444445,0.25231481481481483,0.25324074074074077,0.54770642201834863,2.1627895275313218,0.37618147448015121,True,188,357,369,0.13055555555555556,0.24791666666666667,0.25624999999999998,0.5266106442577031,2.0550659288105484,0.34944237918215615,True,193,360,382,0.13402777777777777,0.25,0.26527777777777778,0.53611111111111109,2.0209424083769632,0.35154826958105645,True,0.49216633848813751,0.60252774551555033,100,1.8852608121270791,2.2072454856647274,100,0.94999999999999996
legacy_style,4b0b4c360a74,c527c8dcf64c,"[""punctuationDensity_baixo""]","[""typeTokenRatio_alto""]","[""punctuationDensity_baixo"", ""typeTokenRatio_alto""]",597,1094,1090,0.13819444444444445,0.25324074074074077,0.25231481481481483,0.54570383912248632,2.1627895275313218,0.37618147448015121,True,188,369,357,0.13055555555555556,0.25624999999999998,0.24791666666666667,0.50948509485094851,2.0550659288105484,0.34944237918215615,True,193,382,360,0.13402777777777777,0.26527777777777778,0.25,0.50523560209424079,2.0209424083769632,0.35154826958105645,True,0.45902501860470984,0.56409587349664703,100,1.8852608121270791,2.2072454856647274,100,0.5
legacy_style,7c6fb63e9509,492d1cc6df52,"[""typeTokenRatio_baixo""]","[""punctuationDensity_alto""]","[""punctuationDensity_alto"", ""typeTokenRatio_baixo""]",598,1097,1102,0.13842592592592592,0.25393518518518521,0.25509259259259259,0.54512306289881496,2.1369615532875503,0.3735165521549032,True,210,371,396,0.14583333333333334,0.25763888888888886,0.27500000000000002,0.56603773584905659,2.0583190394511148,0.37701974865350091,True,199,373,347,0.13819444444444445,0.2590277777777778,0.24097222222222223,0.53351206434316356,2.2139981920869034,0.38195777351247601,True,0.49404460930592398,0.58719088767339944,100,2.0242394837919013,2.461937239459977,100,0.93999999999999995
legacy_style,82a4d9db7fe4,492d1cc6df52,"[""punctuationDensity_alto""]","[""typeTokenRatio_baixo""]","[""punctuationDensity_alto"", ""typeTokenRatio_baixo""]",598,1102,1097,0.13842592592592592,0.25509259259259259,0.25393518518518521,0.54264972776769504,2.1369615532875503,0.3735165521549032,True,210,396,371,0.14583333333333334,0.27500000000000002,0.25763888888888886,0.53030303030303028,2.0583190394511148,0.37701974865350091,True,199,347,373,0.13819444444444445,0.24097222222222223,0.2590277777777778,0.57348703170028814,2.2139981920869034,0.38195777351247601,True,0.51610484163109738,0.63635146049266389,100,2.0242394837919013,2.461937239459977,100,1
legacy_pos,bc00c336bc9e,60f27e4b6463,"[""diversidade_baixo""]","[""typeTokenRatio_baixo""]","[""diversidade_baixo"", ""typeTokenRatio_baixo""]",743,1087,1097,0.17199074074074075,0.25162037037037038,0.25393518518518521,0.68353265869365221,2.6917603332329789,0.51561415683553091,True,248,346,371,0.17222222222222222,0.24027777777777778,0.25763888888888886,0.7167630057803468,2.7820450898212923,0.52878464818763327,True,251,354,373,0.17430555555555555,0.24583333333333332,0.2590277777777778,0.70903954802259883,2.7373108556368426,0.52731092436974791,True,0.6600607638888889,0.74902582597521039,100,2.5141084775102267,2.9157689802598616,100,1
legacy_pos,2dc09b45b87d,60f27e4b6463,"[""typeTokenRatio_baixo""]","[""diversidade_baixo""]","[""diversidade_baixo"", ""typeTokenRatio_baixo""]",743,1097,1087,0.17199074074074075,0.25393518518518521,0.25162037037037038,0.67730173199635368,2.6917603332329789,0.51561415683553091,True,248,371,346,0.17222222222222222,0.25763888888888886,0.24027777777777778,0.66846361185983827,2.7820450898212923,0.52878464818763327,True,251,373,354,0.17430555555555555,0.2590277777777778,0.24583333333333332,0.67292225201072386,2.7373108556368426,0.52731092436974791,True,0.61862593867068971,0.70671282207344288,100,2.5141084775102267,2.9157689802598616,100,1
legacy_pos,5dd94bd9c2dc,e4ace79c89fb,"[""typeTokenRatio_alto""]","[""diversidade_alto""]","[""diversidade_alto"", ""typeTokenRatio_alto""]",716,1090,1110,0.16574074074074074,0.25231481481481483,0.25694444444444442,0.65688073394495416,2.5565088023803622,0.48247978436657685,True,234,357,386,0.16250000000000001,0.24791666666666667,0.26805555555555555,0.65546218487394958,2.445247529063439,0.45972495088408644,True,249,360,382,0.17291666666666666,0.25,0.26527777777777778,0.69166666666666665,2.6073298429319371,0.50507099391480725,True,0.62822831978319782,0.73241798319049112,100,2.4126913392216309,2.8348873754821939,100,1
legacy_pos,cd67313f811e,e4ace79c89fb,"[""diversidade_alto""]","[""typeTokenRatio_alto""]","[""diversidade_alto"", ""typeTokenRatio_alto""]",716,1110,1090,0.16574074074074074,0.25694444444444442,0.25231481481481483,0.64504504504504501,2.5565088023803622,0.48247978436657685,True,234,386,357,0.16250000000000001,0.26805555555555555,0.24791666666666667,0.60621761658031093,2.445247529063439,0.45972495088408644,True,249,382,360,0.17291666666666666,0.26527777777777778,0.25,0.65183246073298429,2.6073298429319371,0.50507099391480725,True,0.60540273972602732,0.69193127780334407,100,2.4126913392216309,2.8348873754821939,100,1
legacy_pos,ad056bd1509b,23e40fe6924d,"[""POS_NOUN_rate_alto"", ""uppercaseRatio_baixo""]","[""POS_PROPN_rate_baixo""]","[""POS_NOUN_rate_alto"", ""POS_PROPN_rate_baixo"", ""uppercaseRatio_baixo""]",363,576,1088,0.084027777777777785,0.13333333333333333,0.25185185185185183,0.63020833333333337,2.5022977941176472,0.27901614142966946,True,115,178,359,0.079861111111111105,0.12361111111111112,0.24930555555555556,0.6460674157303371,2.5914681856592909,0.27251184834123221,False,112,182,344,0.077777777777777779,0.12638888888888888,0.2388888888888889,0.61538461538461542,2.5760286225402504,0.27053140096618356,False,0.54849407550289342,0.66941906580493538,100,2.3256205724262435,2.8489763670587891,100,0.35999999999999999
legacy_pos,08f98c8e9de2,c527c8dcf64c,"[""typeTokenRatio_alto""]","[""punctuationDensity_baixo""]","[""punctuationDensity_baixo"", ""typeTokenRatio_alto""]",597,1090,1094,0.13819444444444445,0.25231481481481483,0.25324074074074077,0.54770642201834863,2.1627895275313218,0.37618147448015121,True,188,357,369,0.13055555555555556,0.24791666666666667,0.25624999999999998,0.5266106442577031,2.0550659288105484,0.34944237918215615,True,193,360,382,0.13402777777777777,0.25,0.26527777777777778,0.53611111111111109,2.0209424083769632,0.35154826958105645,True,0.49216633848813751,0.60252774551555033,100,1.8852608121270791,2.2072454856647274,100,0.94999999999999996
legacy_pos,4b0b4c360a74,c527c8dcf64c,"[""punctuationDensity_baixo""]","[""typeTokenRatio_alto""]","[""punctuationDensity_baixo"", ""typeTokenRatio_alto""]",597,1094,1090,0.13819444444444445,0.25324074074074077,0.25231481481481483,0.54570383912248632,2.1627895275313218,0.37618147448015121,True,188,369,357,0.13055555555555556,0.25624999999999998,0.24791666666666667,0.50948509485094851,2.0550659288105484,0.34944237918215615,True,193,382,360,0.13402777777777777,0.26527777777777778,0.25,0.50523560209424079,2.0209424083769632,0.35154826958105645,True,0.45902501860470984,0.56409587349664703,100,1.8852608121270791,2.2072454856647274,100,0.5
legacy_pos,7c6fb63e9509,492d1cc6df52,"[""typeTokenRatio_baixo""]","[""punctuationDensity_alto""]","[""punctuationDensity_alto"", ""typeTokenRatio_baixo""]",598,1097,1102,0.13842592592592592,0.25393518518518521,0.25509259259259259,0.54512306289881496,2.1369615532875503,0.3735165521549032,True,210,371,396,0.14583333333333334,0.25763888888888886,0.27500000000000002,0.56603773584905659,2.0583190394511148,0.37701974865350091,True,199,373,347,0.13819444444444445,0.2590277777777778,0.24097222222222223,0.53351206434316356,2.2139981920869034,0.38195777351247601,True,0.49404460930592398,0.58719088767339944,100,2.0242394837919013,2.461937239459977,100,0.93999999999999995
legacy_pos,82a4d9db7fe4,492d1cc6df52,"[""punctuationDensity_alto""]","[""typeTokenRatio_baixo""]","[""punctuationDensity_alto"", ""typeTokenRatio_baixo""]",598,1102,1097,0.13842592592592592,0.25509259259259259,0.25393518518518521,0.54264972776769504,2.1369615532875503,0.3735165521549032,True,210,396,371,0.14583333333333334,0.27500000000000002,0.25763888888888886,0.53030303030303028,2.0583190394511148,0.37701974865350091,True,199,347,373,0.13819444444444445,0.24097222222222223,0.2590277777777778,0.57348703170028814,2.2139981920869034,0.38195777351247601,True,0.51610484163109738,0.63635146049266389,100,2.0242394837919013,2.461937239459977,100,1
legacy_pos,1a7ef3000b3a,3827d0dd8fe9,"[""POS_PROPN_rate_baixo""]","[""POS_NOUN_rate_alto""]","[""POS_NOUN_rate_alto"", ""POS_PROPN_rate_baixo""]",556,1088,1092,0.12870370370370371,0.25185185185185183,0.25277777777777777,0.51102941176470584,2.0216548157724628,0.34236453201970446,True,173,359,333,0.12013888888888889,0.24930555555555556,0.23125000000000001,0.48189415041782729,2.0838665964014154,0.33333333333333331,False,159,344,357,0.11041666666666666,0.2388888888888889,0.24791666666666667,0.46220930232558138,1.8643736564393198,0.29335793357933582,False,0.40315692181295359,0.50747036859413541,100,1.7117239325376461,2.0437424500603996,100,0.050000000000000003
legacy_pos,f5e829055ee4,3827d0dd8fe9,"[""POS_NOUN_rate_alto""]","[""POS_PROPN_rate_baixo""]","[""POS_NOUN_rate_alto"", ""POS_PROPN_rate_baixo""]",556,1092,1088,0.12870370370370371,0.25277777777777777,0.25185185185185183,0.50915750915750912,2.0216548157724628,0.34236453201970446,True,173,333,359,0.12013888888888889,0.23125000000000001,0.24930555555555556,0.51951951951951947,2.0838665964014154,0.33333333333333331,True,159,357,344,0.11041666666666666,0.24791666666666667,0.2388888888888889,0.44537815126050423,1.8643736564393198,0.29335793357933582,False,0.39349455040871933,0.4917818861466402,100,1.7117239325376461,2.0437424500603996,100,0
legacy_pos,4c2d6bec5732,23e40fe6924d,"[""POS_PROPN_rate_baixo"", ""uppercaseRatio_baixo""]","[""POS_NOUN_rate_alto""]","[""POS_NOUN_rate_alto"", ""POS_PROPN_rate_baixo"", ""uppercaseRatio_baixo""]",363,713,1092,0.084027777777777785,0.1650462962962963,0.25277777777777777,0.50911640953716686,2.0140868948723085,0.25173370319001387,True,115,227,333,0.079861111111111105,0.15763888888888888,0.23125000000000001,0.50660792951541855,2.1907369924991071,0.25842696629213485,False,112,237,357,0.077777777777777779,0.16458333333333333,0.24791666666666667,0.47257383966244726,1.906180193596426,0.23236514522821577,False,0.405391064727955,0.52219085705324242,100,1.7317401023847732,2.1048500071681921,100,0.12
legacy_pos,58f2585b6892,955c07a3d79c,"[""POS_PROPN_rate_baixo""]","[""uppercaseRatio_baixo""]","[""POS_PROPN_rate_baixo"", ""uppercaseRatio_baixo""]",713,1088,1882,0.1650462962962963,0.25185185185185183,0.43564814814814817,0.65533088235294112,1.5042664249546791,0.31590607000443066,True,227,359,645,0.15763888888888888,0.24930555555555556,0.44791666666666669,0.63231197771587744,1.4116732525749822,0.29214929214929214,True,237,344,629,0.16458333333333333,0.2388888888888889,0.43680555555555556,0.68895348837209303,1.5772544089917551,0.32201086956521741,True,0.6430555555555556,0.73242052250550826,100,1.4784081603222592,1.6819384511174147,100,1
legacy_pos,d22dba7f65e2,23e40fe6924d,"[""POS_NOUN_rate_alto"", ""POS_PROPN_rate_baixo""]","[""uppercaseRatio_baixo""]","[""POS_NOUN_rate_alto"", ""POS_PROPN_rate_baixo"", ""uppercaseRatio_baixo""]",363,556,1882,0.084027777777777785,0.12870370370370371,0.43564814814814817,0.65287769784172667,1.4986353106675128,0.17493975903614459,True,115,173,645,0.079861111111111105,0.12013888888888889,0.44791666666666669,0.66473988439306353,1.4840704395752118,0.16358463726884778,False,112,159,629,0.077777777777777779,0.11041666666666666,0.43680555555555556,0.70440251572327039,1.6126226115127336,0.16568047337278108,False,0.64962614308768152,0.77578616352201257,100,1.4694385616163432,1.7846537137906935,100,0.35999999999999999
legacy_pos,3583c1292032,aaea6e78e590,"[""POS_PRON_rate_alto""]","[""uppercaseRatio_baixo""]","[""POS_PRON_rate_alto"", ""uppercaseRatio_baixo""]",631,1163,1882,0.14606481481481481,0.26921296296296299,0.43564814814814817,0.54256233877901983,1.2454140826383451,0.26139188069594033,True,209,406,645,0.1451388888888889,0.28194444444444444,0.44791666666666669,0.51477832512315269,1.1492725398098294,0.24821852731591448,True,202,372,629,0.14027777777777778,0.25833333333333336,0.43680555555555556,0.543010752688172,1.2431406738807118,0.25281602002503129,True,0.49965282915178288,0.58524873076723827,100,1.1521874015569726,1.3275778843136832,100,0.96999999999999997
legacy_pos,692298c7e196,db6f966588f8,"[""POS_NOUN_rate_alto""]","[""uppercaseRatio_baixo""]","[""POS_NOUN_rate_alto"", ""uppercaseRatio_baixo""]",576,1092,1882,0.13333333333333333,0.25277777777777777,0.43564814814814817,0.52747252747252749,1.2107764711377889,0.24020016680567138,True,178,333,645,0.12361111111111112,0.23125000000000001,0.44791666666666669,0.53453453453453459,1.1933794259375654,0.2225,True,182,357,629,0.12638888888888888,0.24791666666666667,0.43680555555555556,0.50980392156862742,1.1671186757691947,0.2263681592039801,True,0.47099999999999997,0.55997101449275355,100,1.0818182199890285,1.2626780505246902,100,0.72999999999999998
legacy_pos,46440f577adc,64748c9e68b0,"[""POS_ADJ_rate_alto""]","[""uppercaseRatio_baixo""]","[""POS_ADJ_rate_alto"", ""uppercaseRatio_baixo""]",568,1089,1882,0.13148148148148148,0.25208333333333333,0.43564814814814817,0.52157943067033974,1.1972492776279851,0.2363712026633375,True,181,362,645,0.12569444444444444,0.25138888888888888,0.44791666666666669,0.5,1.1162790697674418,0.21912832929782083,True,187,350,629,0.12986111111111112,0.24305555555555555,0.43680555555555556,0.53428571428571425,1.2231660231660231,0.2361111111111111,True,0.48572686887254901,0.57793287566742946,100,1.1291675411115403,1.3329943788789917,100,0.89000000000000001
legacy_pos,d4448b7c5c68,728cda3555ce,"[""POS_ADV_rate_alto""]","[""uppercaseRatio_baixo""]","[""POS_ADV_rate_alto"", ""uppercaseRatio_baixo""]",593,1181,1882,0.13726851851851851,0.27337962962962964,0.43564814814814817,0.50211685012701102,1.1525742787187501,0.24008097165991904,True,205,383,645,0.1423611111111111,0.26597222222222222,0.44791666666666669,0.53524804177545693,1.1949723723359038,0.24908869987849333,True,204,372,629,0.14166666666666666,0.25833333333333336,0.43680555555555556,0.54838709677419351,1.2554489973844813,0.25595984943538269,True,0.50276469623485853,0.61196391714580567,100,1.1575408701445975,1.3482016917709607,100,0.98999999999999999
corrected_pos,ad056bd1509b,23e40fe6924d,"[""POS_NOUN_rate_alto"", ""uppercaseRatio_baixo""]","[""POS_PROPN_rate_baixo""]","[""POS_NOUN_rate_alto"", ""POS_PROPN_rate_baixo"", ""uppercaseRatio_baixo""]",363,576,1088,0.084027777777777785,0.13333333333333333,0.25185185185185183,0.63020833333333337,2.5022977941176472,0.27901614142966946,True,115,178,359,0.079861111111111105,0.12361111111111112,0.24930555555555556,0.6460674157303371,2.5914681856592909,0.27251184834123221,False,112,182,344,0.077777777777777779,0.12638888888888888,0.2388888888888889,0.61538461538461542,2.5760286225402504,0.27053140096618356,False,0.54849407550289342,0.66941906580493538,100,2.3256205724262435,2.8489763670587891,100,0.35999999999999999
corrected_pos,1a7ef3000b3a,3827d0dd8fe9,"[""POS_PROPN_rate_baixo""]","[""POS_NOUN_rate_alto""]","[""POS_NOUN_rate_alto"", ""POS_PROPN_rate_baixo""]",556,1088,1092,0.12870370370370371,0.25185185185185183,0.25277777777777777,0.51102941176470584,2.0216548157724628,0.34236453201970446,True,173,359,333,0.12013888888888889,0.24930555555555556,0.23125000000000001,0.48189415041782729,2.0838665964014154,0.33333333333333331,False,159,344,357,0.11041666666666666,0.2388888888888889,0.24791666666666667,0.46220930232558138,1.8643736564393198,0.29335793357933582,False,0.40315692181295359,0.50747036859413541,100,1.7117239325376461,2.0437424500603996,100,0.050000000000000003
corrected_pos,f5e829055ee4,3827d0dd8fe9,"[""POS_NOUN_rate_alto""]","[""POS_PROPN_rate_baixo""]","[""POS_NOUN_rate_alto"", ""POS_PROPN_rate_baixo""]",556,1092,1088,0.12870370370370371,0.25277777777777777,0.25185185185185183,0.50915750915750912,2.0216548157724628,0.34236453201970446,True,173,333,359,0.12013888888888889,0.23125000000000001,0.24930555555555556,0.51951951951951947,2.0838665964014154,0.33333333333333331,True,159,357,344,0.11041666666666666,0.24791666666666667,0.2388888888888889,0.44537815126050423,1.8643736564393198,0.29335793357933582,False,0.39349455040871933,0.4917818861466402,100,1.7117239325376461,2.0437424500603996,100,0
corrected_pos,4c2d6bec5732,23e40fe6924d,"[""POS_PROPN_rate_baixo"", ""uppercaseRatio_baixo""]","[""POS_NOUN_rate_alto""]","[""POS_NOUN_rate_alto"", ""POS_PROPN_rate_baixo"", ""uppercaseRatio_baixo""]",363,713,1092,0.084027777777777785,0.1650462962962963,0.25277777777777777,0.50911640953716686,2.0140868948723085,0.25173370319001387,True,115,227,333,0.079861111111111105,0.15763888888888888,0.23125000000000001,0.50660792951541855,2.1907369924991071,0.25842696629213485,False,112,237,357,0.077777777777777779,0.16458333333333333,0.24791666666666667,0.47257383966244726,1.906180193596426,0.23236514522821577,False,0.405391064727955,0.52219085705324242,100,1.7317401023847732,2.1048500071681921,100,0.12
corrected_pos,58f2585b6892,955c07a3d79c,"[""POS_PROPN_rate_baixo""]","[""uppercaseRatio_baixo""]","[""POS_PROPN_rate_baixo"", ""uppercaseRatio_baixo""]",713,1088,1882,0.1650462962962963,0.25185185185185183,0.43564814814814817,0.65533088235294112,1.5042664249546791,0.31590607000443066,True,227,359,645,0.15763888888888888,0.24930555555555556,0.44791666666666669,0.63231197771587744,1.4116732525749822,0.29214929214929214,True,237,344,629,0.16458333333333333,0.2388888888888889,0.43680555555555556,0.68895348837209303,1.5772544089917551,0.32201086956521741,True,0.6430555555555556,0.73242052250550826,100,1.4784081603222592,1.6819384511174147,100,1
corrected_pos,d22dba7f65e2,23e40fe6924d,"[""POS_NOUN_rate_alto"", ""POS_PROPN_rate_baixo""]","[""uppercaseRatio_baixo""]","[""POS_NOUN_rate_alto"", ""POS_PROPN_rate_baixo"", ""uppercaseRatio_baixo""]",363,556,1882,0.084027777777777785,0.12870370370370371,0.43564814814814817,0.65287769784172667,1.4986353106675128,0.17493975903614459,True,115,173,645,0.079861111111111105,0.12013888888888889,0.44791666666666669,0.66473988439306353,1.4840704395752118,0.16358463726884778,False,112,159,629,0.077777777777777779,0.11041666666666666,0.43680555555555556,0.70440251572327039,1.6126226115127336,0.16568047337278108,False,0.64962614308768152,0.77578616352201257,100,1.4694385616163432,1.7846537137906935,100,0.35999999999999999
corrected_pos,3583c1292032,aaea6e78e590,"[""POS_PRON_rate_alto""]","[""uppercaseRatio_baixo""]","[""POS_PRON_rate_alto"", ""uppercaseRatio_baixo""]",631,1163,1882,0.14606481481481481,0.26921296296296299,0.43564814814814817,0.54256233877901983,1.2454140826383451,0.26139188069594033,True,209,406,645,0.1451388888888889,0.28194444444444444,0.44791666666666669,0.51477832512315269,1.1492725398098294,0.24821852731591448,True,202,372,629,0.14027777777777778,0.25833333333333336,0.43680555555555556,0.543010752688172,1.2431406738807118,0.25281602002503129,True,0.49965282915178288,0.58524873076723827,100,1.1521874015569726,1.3275778843136832,100,0.96999999999999997
corrected_pos,692298c7e196,db6f966588f8,"[""POS_NOUN_rate_alto""]","[""uppercaseRatio_baixo""]","[""POS_NOUN_rate_alto"", ""uppercaseRatio_baixo""]",576,1092,1882,0.13333333333333333,0.25277777777777777,0.43564814814814817,0.52747252747252749,1.2107764711377889,0.24020016680567138,True,178,333,645,0.12361111111111112,0.23125000000000001,0.44791666666666669,0.53453453453453459,1.1933794259375654,0.2225,True,182,357,629,0.12638888888888888,0.24791666666666667,0.43680555555555556,0.50980392156862742,1.1671186757691947,0.2263681592039801,True,0.47099999999999997,0.55997101449275355,100,1.0818182199890285,1.2626780505246902,100,0.72999999999999998
corrected_pos,46440f577adc,64748c9e68b0,"[""POS_ADJ_rate_alto""]","[""uppercaseRatio_baixo""]","[""POS_ADJ_rate_alto"", ""uppercaseRatio_baixo""]",568,1089,1882,0.13148148148148148,0.25208333333333333,0.43564814814814817,0.52157943067033974,1.1972492776279851,0.2363712026633375,True,181,362,645,0.12569444444444444,0.25138888888888888,0.44791666666666669,0.5,1.1162790697674418,0.21912832929782083,True,187,350,629,0.12986111111111112,0.24305555555555555,0.43680555555555556,0.53428571428571425,1.2231660231660231,0.2361111111111111,True,0.48572686887254901,0.57793287566742946,100,1.1291675411115403,1.3329943788789917,100,0.89000000000000001
corrected_pos,d4448b7c5c68,728cda3555ce,"[""POS_ADV_rate_alto""]","[""uppercaseRatio_baixo""]","[""POS_ADV_rate_alto"", ""uppercaseRatio_baixo""]",593,1181,1882,0.13726851851851851,0.27337962962962964,0.43564814814814817,0.50211685012701102,1.1525742787187501,0.24008097165991904,True,205,383,645,0.1423611111111111,0.26597222222222222,0.44791666666666669,0.53524804177545693,1.1949723723359038,0.24908869987849333,True,204,372,629,0.14166666666666666,0.25833333333333336,0.43680555555555556,0.54838709677419351,1.2554489973844813,0.25595984943538269,True,0.50276469623485853,0.61196391714580567,100,1.1575408701445975,1.3482016917709607,100,0.98999999999999999
corrected_pos_dep,b8e3def79042,6547cf7b5dc6,"[""POS_ADV_rate_alto"", ""POS_NOUN_rate_baixo""]","[""DEP_advmod_rate_alto""]","[""DEP_advmod_rate_alto"", ""POS_ADV_rate_alto"", ""POS_NOUN_rate_baixo""]",366,405,1166,0.084722222222222227,0.09375,0.26990740740740743,0.90370370370370368,3.3481989708404805,0.30373443983402487,True,120,141,383,0.083333333333333329,0.097916666666666666,0.26597222222222222,0.85106382978723405,3.1998222320982168,0.29702970297029702,True,104,121,366,0.072222222222222215,0.084027777777777785,0.25416666666666665,0.85950413223140498,3.3816556022219211,0.27154046997389036,False,0.8149626517273576,0.91153665413533835,100,3.0915052069021596,3.7573052938993885,100,0.13
corrected_pos_dep,5dbe05269112,6547cf7b5dc6,"[""DEP_advmod_rate_alto"", ""POS_NOUN_rate_baixo""]","[""POS_ADV_rate_alto""]","[""DEP_advmod_rate_alto"", ""POS_ADV_rate_alto"", ""POS_NOUN_rate_baixo""]",366,406,1181,0.084722222222222227,0.093981481481481485,0.27337962962962964,0.90147783251231528,3.2975311062262507,0.29975429975429974,True,120,145,383,0.083333333333333329,0.10069444444444445,0.26597222222222222,0.82758620689655171,3.1115512739713695,0.29411764705882354,True,104,115,372,0.072222222222222215,0.079861111111111105,0.25833333333333336,0.90434782608695652,3.5007012622720897,0.27154046997389036,False,0.8520581113801452,0.95537994891443168,100,3.1483687253116504,3.8380594410506252,100,0.13
corrected_pos_dep,3dfd95512d1a,f999156c525a,"[""POS_ADV_rate_alto"", ""punctuationDensity_spacy_alto""]","[""DEP_advmod_rate_alto""]","[""DEP_advmod_rate_alto"", ""POS_ADV_rate_alto"", ""punctuationDensity_spacy_alto""]",349,394,1166,0.080787037037037032,0.091203703703703703,0.26990740740740743,0.8857868020304569,3.2818173111248488,0.28819157720891825,True,119,139,383,0.082638888888888887,0.096527777777777782,0.26597222222222222,0.85611510791366907,3.2188139827563536,0.29528535980148884,True,106,119,366,0.073611111111111113,0.082638888888888887,0.25416666666666665,0.89075630252100846,3.5046149607383938,0.27968337730870713,False,0.84081277672359267,0.93633033512258812,100,3.1694546064428741,3.8383249698278599,100,0.22
corrected_pos_dep,30553b8c2ed9,c25927785443,"[""POS_ADV_rate_alto"", ""uppercaseRatio_baixo""]","[""DEP_advmod_rate_alto""]","[""DEP_advmod_rate_alto"", ""POS_ADV_rate_alto"", ""uppercaseRatio_baixo""]",520,593,1166,0.12037037037037036,0.13726851851851851,0.26990740740740743,0.87689713322091067,3.2488813169076618,0.41969330104923325,True,178,205,383,0.12361111111111112,0.1423611111111111,0.26597222222222222,0.86829268292682926,3.2645991211870342,0.43414634146341463,True,187,204,366,0.12986111111111112,0.14166666666666666,0.25416666666666665,0.91666666666666663,3.6065573770491803,0.48825065274151436,True,0.877067365873336,0.95095486111111105,100,3.2874932401250998,3.865775215096019,100,1
corrected_pos_dep,dcb32a5cb82c,2492450784f1,"[""POS_ADV_rate_alto"", ""POS_PRON_rate_alto""]","[""DEP_advmod_rate_alto""]","[""DEP_advmod_rate_alto"", ""POS_ADV_rate_alto"", ""POS_PRON_rate_alto""]",368,423,1166,0.085185185185185183,0.097916666666666666,0.26990740740740743,0.8699763593380615,3.2232400277362139,0.30139230139230139,True,121,135,383,0.084027777777777785,0.09375,0.26597222222222222,0.89629629629629626,3.369886858137511,0.30478589420654911,True,125,132,366,0.086805555555555552,0.09166666666666666,0.25416666666666665,0.94696969696969702,3.7257824143070044,0.33512064343163539,True,0.90613388429752073,0.98443533697632057,100,3.4054706110071855,4.026564287701631,100,0.82999999999999996
corrected_pos_dep,9300fc3b3306,aedde8177efa,"[""DEP_advcl_rate_baixo"", ""POS_ADV_rate_alto""]","[""DEP_advmod_rate_alto""]","[""DEP_advcl_rate_baixo"", ""DEP_advmod_rate_alto"", ""POS_ADV_rate_alto""]",554,638,1166,0.12824074074074074,0.1476851851851852,0.26990740740740743,0.86833855799373039,3.2171720158944384,0.44319999999999998,True,174,203,383,0.12083333333333333,0.14097222222222222,0.26597222222222222,0.8571428571428571,3.2226781051846327,0.42233009708737862,True,173,194,366,0.12013888888888889,0.13472222222222222,0.25416666666666665,0.89175257731958768,3.5085347304377219,0.44702842377260982,True,0.85544926616640915,0.92413183015141531,100,3.2455314572995131,3.809719747723006,100,1
corrected_pos_dep,41c676a20bdc,76121fac8398,"[""DEP_advmod_rate_alto"", ""POS_PROPN_rate_baixo""]","[""POS_ADV_rate_alto""]","[""DEP_advmod_rate_alto"", ""POS_ADV_rate_alto"", ""POS_PROPN_rate_baixo""]",362,416,1181,0.083796296296296299,0.096296296296296297,0.27337962962962964,0.87019230769230771,3.1830912525239365,0.29311740890688259,True,125,135,383,0.086805555555555552,0.09375,0.26597222222222222,0.92592592592592593,3.4812880765883376,0.31806615776081426,True,132,146,372,0.09166666666666666,0.10138888888888889,0.25833333333333336,0.90410958904109584,3.4997790543526293,0.34196891191709844,True,0.85253930817610069,0.94877060729885865,100,3.1813035150411291,3.7937836515607395,100,0.94999999999999996
corrected_pos_dep,432e5dd5f1a6,f999156c525a,"[""DEP_advmod_rate_alto"", ""punctuationDensity_spacy_alto""]","[""POS_ADV_rate_alto""]","[""DEP_advmod_rate_alto"", ""POS_ADV_rate_alto"", ""punctuationDensity_spacy_alto""]",349,403,1181,0.080787037037037032,0.093287037037037043,0.27337962962962964,0.86600496277915628,3.1677742922997081,0.28259109311740893,True,119,136,383,0.082638888888888887,0.094444444444444442,0.26597222222222222,0.875,3.2898172323759791,0.29749999999999999,True,106,115,372,0.073611111111111113,0.079861111111111105,0.25833333333333336,0.92173913043478262,3.5680224403927068,0.27821522309711288,False,0.85581081081081078,0.96161386796632697,100,3.2523172388449222,3.8471673383922669,100,0.22
corrected_pos_dep,1666765bee42,2492450784f1,"[""DEP_advmod_rate_alto"", ""POS_PRON_rate_alto""]","[""POS_ADV_rate_alto""]","[""DEP_advmod_rate_alto"", ""POS_ADV_rate_alto"", ""POS_PRON_rate_alto""]",368,425,1181,0.085185185185185183,0.098379629629629636,0.27337962962962964,0.86588235294117644,3.1673257956866068,0.2972536348949919,True,121,143,383,0.084027777777777785,0.09930555555555555,0.26597222222222222,0.84615384615384615,3.1813617192207269,0.29876543209876544,True,125,139,372,0.086805555555555552,0.096527777777777782,0.25833333333333336,0.89928057553956831,3.4810860988628454,0.32383419689119169,True,0.84726107226107228,0.94162404092071605,100,3.1196994381065419,3.7502918753389261,100,0.82999999999999996
corrected_pos_dep,2b20d484cff5,bd070c47a225,"[""DEP_advmod_rate_alto""]","[""POS_ADV_rate_alto""]","[""DEP_advmod_rate_alto"", ""POS_ADV_rate_alto""]",1008,1166,1181,0.23333333333333334,0.26990740740740743,0.27337962962962964,0.86449399656946824,3.1622473032854383,0.75280059746079164,True,326,383,383,0.22638888888888889,0.26597222222222222,0.26597222222222222,0.8511749347258486,3.2002399634601093,0.74090909090909096,True,331,366,372,0.2298611111111111,0.25416666666666665,0.25833333333333336,0.90437158469945356,3.5007932310946588,0.81326781326781328,True,0.87452900213715057,0.92890516117430211,100,3.2400148108617537,3.7776140062785943,100,1
corrected_pos_dep,0e6f83146046,bd070c47a225,"[""POS_ADV_rate_alto""]","[""DEP_advmod_rate_alto""]","[""DEP_advmod_rate_alto"", ""POS_ADV_rate_alto""]",1008,1181,1166,0.23333333333333334,0.27337962962962964,0.26990740740740743,0.85351397121083827,3.1622473032854383,0.75280059746079164,True,326,383,383,0.22638888888888889,0.26597222222222222,0.26597222222222222,0.8511749347258486,3.2002399634601093,0.74090909090909096,True,331,372,366,0.2298611111111111,0.25833333333333336,0.25416666666666665,0.88978494623655913,3.5007932310946588,0.81326781326781328,True,0.86842424263354934,0.91302030988274707,100,3.2400148108617537,3.7776140062785943,100,1
corrected_pos_dep,4203ea06f871,c25927785443,"[""DEP_advmod_rate_alto"", ""uppercaseRatio_baixo""]","[""POS_ADV_rate_alto""]","[""DEP_advmod_rate_alto"", ""POS_ADV_rate_alto"", ""uppercaseRatio_baixo""]",520,602,1181,0.12037037037037036,0.13935185185185187,0.27337962962962964,0.86378737541528239,3.159662541739221,0.41171813143309582,True,178,202,383,0.12361111111111112,0.14027777777777778,0.26597222222222222,0.88118811881188119,3.3130832665511982,0.43734643734643736,True,187,205,372,0.12986111111111112,0.1423611111111111,0.25833333333333336,0.91219512195121955,3.5310778914240757,0.4794871794871795,True,0.87233801717408277,0.94149825037491963,100,3.2544049415015448,3.7607312680115275,100,1
corrected_pos_dep,3a43eba7e197,325226a1f87d,"[""DEP_advmod_rate_alto"", ""DEP_ccomp_rate_baixo""]","[""POS_ADV_rate_alto""]","[""DEP_advmod_rate_alto"", ""DEP_ccomp_rate_baixo"", ""POS_ADV_rate_alto""]",564,654,1181,0.13055555555555556,0.15138888888888888,0.27337962962962964,0.86238532110091748,3.1545339434004771,0.44374508261211643,True,171,198,383,0.11874999999999999,0.13750000000000001,0.26597222222222222,0.86363636363636365,3.247092333254213,0.4170731707317073,True,176,199,372,0.12222222222222222,0.13819444444444445,0.25833333333333336,0.88442211055276387,3.4235694602042472,0.44556962025316454,True,0.84102108505093576,0.92444101037851034,100,3.1288388017123392,3.7212894609570899,100,1
corrected_pos_dep,16c6600c19ac,aedde8177efa,"[""DEP_advcl_rate_baixo"", ""DEP_advmod_rate_alto""]","[""POS_ADV_rate_alto""]","[""DEP_advcl_rate_baixo"", ""DEP_advmod_rate_alto"", ""POS_ADV_rate_alto""]",554,643,1181,0.12824074074074074,0.14884259259259258,0.27337962962962964,0.8615863141524106,3.1516112422848548,0.43622047244094486,True,174,201,383,0.12083333333333333,0.13958333333333334,0.26597222222222222,0.86567164179104472,3.25474455399244,0.42439024390243901,True,173,186,372,0.12013888888888889,0.12916666666666668,0.25833333333333336,0.93010752688172038,3.6004162330905305,0.44935064935064933,True,0.89852575309306082,0.96362732095490711,100,3.3049598427887901,3.9322447473560578,100,1
corrected_pos_dep,f6036e82b3f4,76121fac8398,"[""POS_ADV_rate_alto"", ""POS_PROPN_rate_baixo""]","[""DEP_advmod_rate_alto""]","[""DEP_advmod_rate_alto"", ""POS_ADV_rate_alto"", ""POS_PROPN_rate_baixo""]",362,428,1166,0.083796296296296299,0.099074074074074078,0.26990740740740743,0.84579439252336452,3.1336464628652956,0.29383116883116883,True,125,141,383,0.086805555555555552,0.097916666666666666,0.26597222222222222,0.88652482269503541,3.3331481584356424,0.31328320802005011,True,132,140,366,0.09166666666666666,0.097222222222222224,0.25416666666666665,0.94285714285714284,3.7096018735362999,0.35294117647058826,True,0.90160610665929819,0.98496572820483774,100,3.3342740709500878,4.0313313965137247,100,0.94999999999999996
corrected_pos_dep,e9d40e61c25e,325226a1f87d,"[""DEP_ccomp_rate_baixo"", ""POS_ADV_rate_alto""]","[""DEP_advmod_rate_alto""]","[""DEP_advmod_rate_alto"", ""DEP_ccomp_rate_baixo"", ""POS_ADV_rate_alto""]",564,672,1166,0.13055555555555556,0.15555555555555556,0.26990740740740743,0.8392857142857143,3.1095319774565056,0.44270015698587128,True,171,207,383,0.11874999999999999,0.14374999999999999,0.26597222222222222,0.82608695652173914,3.1059144057214212,0.40811455847255368,True,176,205,366,0.12222222222222222,0.1423611111111111,0.25416666666666665,0.85853658536585364,3.3778488604558179,0.44556962025316454,True,0.81698705054060849,0.90113914475147949,100,3.0990805764035034,3.6750173533231019,100,1
corrected_pos_dep,fd8219d3e32f,68a8b604c4e5,"[""DEP_advmod_rate_baixo"", ""uppercaseRatio_alto""]","[""POS_ADV_rate_baixo""]","[""DEP_advmod_rate_baixo"", ""POS_ADV_rate_baixo"", ""uppercaseRatio_alto""]",363,401,1278,0.084027777777777785,0.092824074074074073,0.29583333333333334,0.90523690773067333,3.0599557444417127,0.27583586626139817,True,111,122,443,0.077083333333333337,0.084722222222222227,0.30763888888888891,0.9098360655737705,2.9574806646190281,0.24449339207048459,False,138,160,434,0.09583333333333334,0.1111111111111111,0.30138888888888887,0.86250000000000004,2.8617511520737327,0.30263157894736842,True,0.80734848484848487,0.91199113818886735,100,2.6389377438704793,3.1322277722277723,100,0.97999999999999998
corrected_pos_dep,9a32ada49b69,a9370ac537f5,"[""DEP_advmod_rate_baixo"", ""POS_PROPN_rate_alto""]","[""POS_ADV_rate_baixo""]","[""DEP_advmod_rate_baixo"", ""POS_ADV_rate_baixo"", ""POS_PROPN_rate_alto""]",457,506,1278,0.10578703703703704,0.11712962962962963,0.29583333333333334,0.90316205533596838,3.0529421588821468,0.34438583270535039,True,159,179,443,0.11041666666666666,0.12430555555555556,0.30763888888888891,0.88826815642458101,2.8873727883778706,0.3434125269978402,True,152,176,434,0.10555555555555556,0.12222222222222222,0.30138888888888887,0.86363636363636365,2.8655215751989944,0.33187772925764192,True,0.80968642138503344,0.92951149425287349,100,2.6265715428506127,3.1781271482464715,100,1
corrected_pos_dep,cfdddf8dd714,9b37a075a93b,"[""DEP_advmod_rate_baixo"", ""diversidade_baixo""]","[""POS_ADV_rate_baixo""]","[""DEP_advmod_rate_baixo"", ""POS_ADV_rate_baixo"", ""diversidade_baixo""]",367,407,1278,0.084953703703703698,0.094212962962962957,0.29583333333333334,0.90171990171990168,3.0480672734193859,0.27845220030349016,True,122,135,443,0.084722222222222227,0.09375,0.30763888888888891,0.90370370370370368,2.9375470278404814,0.26754385964912281,True,123,138,434,0.085416666666666669,0.09583333333333334,0.30138888888888887,0.89130434782608692,2.9573231817271086,0.27394209354120269,True,0.84315904139433551,0.94747407407407402,100,2.7027428703332217,3.2442165854381724,100,0.85999999999999999
corrected_pos_dep,52ce443b15a9,b86bb0636b87,"[""DEP_advcl_rate_baixo"", ""DEP_advmod_rate_baixo""]","[""POS_ADV_rate_baixo""]","[""DEP_advcl_rate_baixo"", ""DEP_advmod_rate_baixo"", ""POS_ADV_rate_baixo""]",798,896,1278,0.18472222222222223,0.2074074074074074,0.29583333333333334,0.890625,3.01056338028169,0.57994186046511631,True,286,314,443,0.1986111111111111,0.21805555555555556,0.30763888888888891,0.91082802547770703,2.9607050941036075,0.60721868365180465,True,259,295,434,0.17986111111111111,0.2048611111111111,0.30138888888888887,0.87796610169491529,2.9130672498633134,0.55106382978723401,True,0.84640846957920135,0.9169239891247758,100,2.6889704669912433,3.1803012833041757,100,1
corrected_pos_dep,320210af9326,b86bb0636b87,"[""POS_ADV_rate_baixo""]","[""DEP_advcl_rate_baixo"", ""DEP_advmod_rate_baixo""]","[""DEP_advcl_rate_baixo"", ""DEP_advmod_rate_baixo"", ""POS_ADV_rate_baixo""]",798,1278,896,0.18472222222222223,0.29583333333333334,0.2074074074074074,0.62441314553990612,3.01056338028169,0.57994186046511631,True,286,443,314,0.1986111111111111,0.30763888888888891,0.21805555555555556,0.64559819413092556,2.9607050941036075,0.60721868365180465,True,259,434,295,0.17986111111111111,0.30138888888888887,0.2048611111111111,0.59677419354838712,2.9130672498633134,0.55106382978723401,True,0.54959354478133293,0.64520642201834855,100,2.6889704669912433,3.1803012833041757,100,1
corrected_pos_dep,e59bc16c1973,a9370ac537f5,"[""POS_ADV_rate_baixo"", ""POS_PROPN_rate_alto""]","[""DEP_advmod_rate_baixo""]","[""DEP_advmod_rate_baixo"", ""POS_ADV_rate_baixo"", ""POS_PROPN_rate_alto""]",457,468,1409,0.10578703703703704,0.10833333333333334,0.3261574074074074,0.97649572649572647,2.9939400556859748,0.32183098591549297,True,159,165,487,0.11041666666666666,0.11458333333333333,0.33819444444444446,0.96363636363636362,2.8493559828262085,0.3225152129817444,True,152,156,479,0.10555555555555556,0.10833333333333334,0.33263888888888887,0.97435897435897434,2.9291793801188373,0.31469979296066253,True,0.93782794192562402,0.997172619047619,100,2.7219375281162592,3.1787549752210902,100,1
corrected_pos_dep,15f76ab8f838,f953efc08f59,"[""DEP_advmod_rate_baixo"", ""POS_NOUN_rate_alto""]","[""POS_ADV_rate_baixo""]","[""DEP_advmod_rate_baixo"", ""POS_ADV_rate_baixo"", ""POS_NOUN_rate_alto""]",395,446,1278,0.091435185185185189,0.10324074074074074,0.29583333333333334,0.88565022421524664,2.9937472367839324,0.29721595184349137,True,116,126,443,0.080555555555555561,0.087499999999999994,0.30763888888888891,0.92063492063492058,2.9925830377297644,0.25607064017660042,True,143,159,434,0.09930555555555555,0.11041666666666666,0.30138888888888887,0.89937106918238996,2.9840883401443352,0.31777777777777777,True,0.84905244394408474,0.94001733410373789,100,2.7542911714770799,3.2342088069228576,100,1
corrected_pos_dep,29ad7ad49736,07169a263124,"[""DEP_advmod_rate_baixo"", ""POS_PRON_rate_baixo""]","[""POS_ADV_rate_baixo""]","[""DEP_advmod_rate_baixo"", ""POS_ADV_rate_baixo"", ""POS_PRON_rate_baixo""]",493,557,1278,0.11412037037037037,0.12893518518518518,0.29583333333333334,0.88509874326750448,2.991883075833818,0.36736214605067063,True,150,168,443,0.10416666666666667,0.11666666666666667,0.30763888888888891,0.8928571428571429,2.9022895840051595,0.32537960954446854,True,171,189,434,0.11874999999999999,0.13125000000000001,0.30138888888888887,0.90476190476190477,3.0019749835418037,0.37831858407079644,True,0.86021505376344087,0.9461181839321009,100,2.7639986786159567,3.2831428629852923,100,1
corrected_pos_dep,64cfc41cd29c,0449a19a868e,"[""DEP_ccomp_rate_baixo"", ""POS_ADJ_rate_alto""]","[""DEP_amod_rate_alto""]","[""DEP_amod_rate_alto"", ""DEP_ccomp_rate_baixo"", ""POS_ADJ_rate_alto""]",561,705,1152,0.12986111111111112,0.16319444444444445,0.26666666666666666,0.79574468085106387,2.9840425531914891,0.43287037037037035,True,184,232,374,0.12777777777777777,0.16111111111111112,0.25972222222222224,0.7931034482758621,3.0536603356075971,0.43601895734597157,True,182,228,377,0.12638888888888888,0.15833333333333333,0.26180555555555557,0.79824561403508776,3.0490018148820326,0.43026004728132389,True,0.74206495646877579,0.85669068450849195,100,2.8262138721294656,3.3588991547774922,100,1
corrected_pos_dep,7e1c9731ccca,b86bb0636b87,"[""DEP_advcl_rate_baixo"", ""POS_ADV_rate_baixo""]","[""DEP_advmod_rate_baixo""]","[""DEP_advcl_rate_baixo"", ""DEP_advmod_rate_baixo"", ""POS_ADV_rate_baixo""]",798,820,1409,0.18472222222222223,0.18981481481481483,0.3261574074074074,0.97317073170731705,2.9837456075057558,0.55765199161425572,True,286,294,487,0.1986111111111111,0.20416666666666666,0.33819444444444446,0.97278911564625847,2.8764195616645014,0.57777777777777772,True,259,269,479,0.17986111111111111,0.18680555555555556,0.33263888888888887,0.96282527881040891,2.8945060573841102,0.52965235173824132,True,0.93662631433314891,0.9877106187108371,100,2.6832462048027801,3.1245318557846646,100,1
corrected_pos_dep,6a7d0b0aeb06,b86bb0636b87,"[""DEP_advmod_rate_baixo""]","[""DEP_advcl_rate_baixo"", ""POS_ADV_rate_baixo""]","[""DEP_advcl_rate_baixo"", ""DEP_advmod_rate_baixo"", ""POS_ADV_rate_baixo""]",798,1409,820,0.18472222222222223,0.3261574074074074,0.18981481481481483,0.56635911994322219,2.9837456075057558,0.55765199161425572,True,286,487,294,0.1986111111111111,0.33819444444444446,0.20416666666666666,0.58726899383983577,2.8764195616645014,0.57777777777777772,True,259,479,269,0.17986111111111111,0.33263888888888887,0.18680555555555556,0.54070981210855951,2.8945060573841102,0.52965235173824132,True,0.49512709643605868,0.5796173961245541,100,2.6832462048027801,3.1245318557846646,100,0.95999999999999996
corrected_pos_dep,879aa9d69381,960f402600bc,"[""POS_ADV_rate_baixo"", ""POS_VERB_rate_baixo""]","[""DEP_advmod_rate_baixo""]","[""DEP_advmod_rate_baixo"", ""POS_ADV_rate_baixo"", ""POS_VERB_rate_baixo""]",386,397,1409,0.089351851851851849,0.091898148148148145,0.3261574074074074,0.97229219143576828,2.9810519992920645,0.27183098591549298,True,117,123,487,0.081250000000000003,0.085416666666666669,0.33819444444444446,0.95121951219512191,2.8126408574147344,0.23732251521298176,True,126,128,479,0.087499999999999994,0.088888888888888892,0.33263888888888887,0.984375,2.9592901878914404,0.26195426195426197,True,0.95774647887323938,1,100,2.7112129703332402,3.1871156958293021,100,0.88
corrected_pos_dep,87bf87521500,9b37a075a93b,"[""POS_ADV_rate_baixo"", ""diversidade_baixo""]","[""DEP_advmod_rate_baixo""]","[""DEP_advmod_rate_baixo"", ""POS_ADV_rate_baixo"", ""diversidade_baixo""]",367,378,1409,0.084953703703703698,0.087499999999999994,0.3261574074074074,0.97089947089947093,2.9767819121971004,0.2584507042253521,True,122,125,487,0.084722222222222227,0.086805555555555552,0.33819444444444446,0.97599999999999998,2.8859137577002052,0.24897959183673468,True,123,127,479,0.085416666666666669,0.08819444444444445,0.33263888888888887,0.96850393700787396,2.9115775976854668,0.25465838509316768,True,0.94264131551901331,0.99224806201550386,100,2.6891133800835072,3.1334556854954485,100,0.85999999999999999
corrected_pos_dep,e3f4f788feaf,f953efc08f59,"[""POS_ADV_rate_baixo"", ""POS_NOUN_rate_alto""]","[""DEP_advmod_rate_baixo""]","[""DEP_advmod_rate_baixo"", ""POS_ADV_rate_baixo"", ""POS_NOUN_rate_alto""]",395,409,1409,0.091435185185185189,0.094675925925925927,0.3261574074074074,0.96577017114914421,2.9610554573203003,0.27758257203092057,True,116,120,487,0.080555555555555561,0.083333333333333329,0.33819444444444446,0.96666666666666667,2.8583162217659139,0.23625254582484725,True,143,148,479,0.09930555555555555,0.10277777777777777,0.33263888888888887,0.96621621621621623,2.9047001072053265,0.29545454545454547,True,0.93336976682564921,0.99298645320197043,100,2.7239022836230276,3.1321979010494752,100,1
corrected_pos_dep,9100dd0175d1,68a8b604c4e5,"[""POS_ADV_rate_baixo"", ""uppercaseRatio_alto""]","[""DEP_advmod_rate_baixo""]","[""DEP_advmod_rate_baixo"", ""POS_ADV_rate_baixo"", ""uppercaseRatio_alto""]",363,376,1409,0.084027777777777785,0.087037037037037038,0.3261574074074074,0.96542553191489366,2.9599987919604973,0.25527426160337552,True,111,118,487,0.077083333333333337,0.081944444444444445,0.33819444444444446,0.94067796610169496,2.7814707827236975,0.22469635627530365,False,138,139,479,0.09583333333333334,0.096527777777777782,0.33263888888888887,0.9928057553956835,2.984635256304351,0.28749999999999998,True,0.97433831990794018,1,100,2.7712297507515209,3.2046992881024567,100,0.97999999999999998
corrected_pos_dep,f5ab4e4371a9,07169a263124,"[""POS_ADV_rate_baixo"", ""POS_PRON_rate_baixo""]","[""DEP_advmod_rate_baixo""]","[""DEP_advmod_rate_baixo"", ""POS_ADV_rate_baixo"", ""POS_PRON_rate_baixo""]",493,511,1409,0.11412037037037037,0.11828703703703704,0.3261574074074074,0.96477495107632094,2.9580041083390394,0.34548002803083394,True,150,155,487,0.10416666666666667,0.1076388888888889,0.33819444444444446,0.967741935483871,2.86149566138968,0.3048780487804878,True,171,172,479,0.11874999999999999,0.11944444444444445,0.33263888888888887,0.9941860465116279,2.9887847744817204,0.35625000000000001,True,0.97839779005524863,1,100,2.7888645752275707,3.2075,100,1
corrected_pos_dep,9a294293e096,b97ffc0e300d,"[""DEP_obj_rate_alto"", ""POS_ADV_rate_baixo""]","[""DEP_advmod_rate_baixo""]","[""DEP_advmod_rate_baixo"", ""DEP_obj_rate_alto"", ""POS_ADV_rate_baixo""]",351,364,1409,0.081250000000000003,0.084259259259259256,0.3261574074074074,0.9642857142857143,2.9565041062557031,0.24683544303797469,True,111,115,487,0.077083333333333337,0.079861111111111105,0.33819444444444446,0.9652173913043478,2.8540308900990983,0.22606924643584522,False,119,124,479,0.082638888888888887,0.08611111111111111,0.33263888888888887,0.95967741935483875,2.8850427638224798,0.24586776859504134,True,0.92073839955543202,0.98862327188940091,100,2.6828870837931347,3.1163067928462218,100,0.57999999999999996
corrected_pos_dep,909d0314f156,afaef19656e5,"[""POS_ADV_rate_baixo""]","[""DEP_advmod_rate_baixo""]","[""DEP_advmod_rate_baixo"", ""POS_ADV_rate_baixo""]",1231,1278,1409,0.28495370370370371,0.29583333333333334,0.3261574074074074,0.96322378716744916,2.9532482331890564,0.84546703296703296,True,426,443,487,0.29583333333333334,0.30763888888888891,0.33819444444444446,0.96162528216704291,2.8434094585637406,0.84523809523809523,True,416,434,479,0.28888888888888886,0.30138888888888887,0.33263888888888887,0.95852534562211977,2.8815793271312162,0.83702213279678073,True,0.93799128250591013,0.97950782614118226,100,2.6863577586206899,3.105251725465878,100,1
corrected_pos_dep,e16ef8f4fcce,afaef19656e5,"[""DEP_advmod_rate_baixo""]","[""POS_ADV_rate_baixo""]","[""DEP_advmod_rate_baixo"", ""POS_ADV_rate_baixo""]",1231,1409,1278,0.28495370370370371,0.3261574074074074,0.29583333333333334,0.87366926898509578,2.9532482331890564,0.84546703296703296,True,426,487,443,0.29583333333333334,0.33819444444444446,0.30763888888888891,0.87474332648870634,2.8434094585637406,0.84523809523809523,True,416,479,434,0.28888888888888886,0.33263888888888887,0.30138888888888887,0.86847599164926936,2.8815793271312162,0.83702213279678073,True,0.84299456482614643,0.89734810824490685,100,2.6863577586206899,3.105251725465878,100,1
corrected_pos_dep,6c46cc8fbadd,b97ffc0e300d,"[""DEP_advmod_rate_baixo"", ""DEP_obj_rate_alto""]","[""POS_ADV_rate_baixo""]","[""DEP_advmod_rate_baixo"", ""DEP_obj_rate_alto"", ""POS_ADV_rate_baixo""]",351,402,1278,0.081250000000000003,0.093055555555555558,0.29583333333333334,0.87313432835820892,2.9514399831826781,0.26410835214446954,True,111,133,443,0.077083333333333337,0.092361111111111116,0.30763888888888891,0.83458646616541354,2.712877000627981,0.23870967741935484,False,119,133,434,0.082638888888888887,0.092361111111111116,0.30138888888888887,0.89473684210526316,2.9687121028377397,0.265625,True,0.85352388958946335,0.94458910129641838,100,2.7392994069724588,3.2152431372549017,100,0.57999999999999996
corrected_pos_dep,6bc0044768d2,7313e2f29fbd,"[""DEP_ccomp_rate_baixo"", ""POS_ADV_rate_baixo""]","[""DEP_advmod_rate_baixo""]","[""DEP_advmod_rate_baixo"", ""DEP_ccomp_rate_baixo"", ""POS_ADV_rate_baixo""]",758,788,1409,0.17546296296296296,0.18240740740740741,0.3261574074074074,0.96192893401015234,2.9492782078948601,0.5267546907574705,True,262,275,487,0.18194444444444444,0.19097222222222221,0.33819444444444446,0.95272727272727276,2.8170991226432704,0.52400000000000002,True,252,264,479,0.17499999999999999,0.18333333333333332,0.33263888888888887,0.95454545454545459,2.8696147276523059,0.51323828920570269,True,0.92685002736726874,0.98283461084905654,100,2.6699267840083794,3.0982785882886756,100,1
corrected_pos_dep,a686b7ddfc02,7313e2f29fbd,"[""DEP_advmod_rate_baixo""]","[""DEP_ccomp_rate_baixo"", ""POS_ADV_rate_baixo""]","[""DEP_advmod_rate_baixo"", ""DEP_ccomp_rate_baixo"", ""POS_ADV_rate_baixo""]",758,1409,788,0.17546296296296296,0.3261574074074074,0.18240740740740741,0.53797019162526616,2.9492782078948601,0.5267546907574705,True,262,487,275,0.18194444444444444,0.33819444444444446,0.19097222222222221,0.53798767967145789,2.8170991226432704,0.52400000000000002,True,252,479,264,0.17499999999999999,0.33263888888888887,0.18333333333333332,0.52609603340292277,2.8696147276523059,0.51323828920570269,True,0.48543572304844718,0.56927807757900173,100,2.6699267840083794,3.0982785882886756,100,0.85999999999999999
corrected_pos_dep,8f07dbefebd7,7313e2f29fbd,"[""POS_ADV_rate_baixo""]","[""DEP_advmod_rate_baixo"", ""DEP_ccomp_rate_baixo""]","[""DEP_advmod_rate_baixo"", ""DEP_ccomp_rate_baixo"", ""POS_ADV_rate_baixo""]",758,1278,869,0.17546296296296296,0.29583333333333334,0.2011574074074074,0.59311424100156496,2.9485080795474805,0.54571634269258462,True,262,443,296,0.18194444444444444,0.30763888888888891,0.20555555555555555,0.5914221218961625,2.8771887011164665,0.54926624737945495,True,252,434,290,0.17499999999999999,0.30138888888888887,0.2013888888888889,0.58064516129032262,2.8832035595105672,0.53389830508474578,True,0.54009443681318681,0.62155858749695203,100,2.6496535461125905,3.1256961434508006,100,1
corrected_pos_dep,5bd1b89b2971,7313e2f29fbd,"[""DEP_advmod_rate_baixo"", ""DEP_ccomp_rate_baixo""]","[""POS_ADV_rate_baixo""]","[""DEP_advmod_rate_baixo"", ""DEP_ccomp_rate_baixo"", ""POS_ADV_rate_baixo""]",758,869,1278,0.17546296296296296,0.2011574074074074,0.29583333333333334,0.87226697353279636,2.9485080795474805,0.54571634269258462,True,262,296,443,0.18194444444444444,0.20555555555555555,0.30763888888888891,0.88513513513513509,2.8771887011164665,0.54926624737945495,True,252,290,434,0.17499999999999999,0.2013888888888889,0.30138888888888887,0.86896551724137927,2.8832035595105672,0.53389830508474578,True,0.83451918117983104,0.90530679933665004,100,2.6496535461125905,3.1256961434508006,100,1
corrected_pos_dep,ce8ff73ea2ff,25d548ee03bf,"[""POS_ADV_rate_baixo"", ""punctuationDensity_spacy_baixo""]","[""DEP_advmod_rate_baixo""]","[""DEP_advmod_rate_baixo"", ""POS_ADV_rate_baixo"", ""punctuationDensity_spacy_baixo""]",359,374,1409,0.083101851851851857,0.086574074074074067,0.3261574074074074,0.9598930481283422,2.9430361731117376,0.2521067415730337,True,114,120,487,0.079166666666666663,0.083333333333333329,0.33819444444444446,0.94999999999999996,2.8090349075975358,0.23123732251521298,False,114,119,479,0.079166666666666663,0.082638888888888887,0.33263888888888887,0.95798319327731096,2.8799494745706218,0.23553719008264462,False,0.91859809027777783,0.99194052189757276,100,2.6992102084836866,3.1310053596556768,100,0.46999999999999997
corrected_pos_dep,4f57e9821bf1,0a168850bbc9,"[""DEP_nsubj_rate_baixo"", ""POS_ADV_rate_baixo""]","[""DEP_advmod_rate_baixo""]","[""DEP_advmod_rate_baixo"", ""DEP_nsubj_rate_baixo"", ""POS_ADV_rate_baixo""]",357,372,1409,0.082638888888888887,0.08611111111111111,0.3261574074074074,0.95967741935483875,2.9423750543739553,0.25070224719101125,True,113,117,487,0.078472222222222221,0.081250000000000003,0.33819444444444446,0.96581196581196582,2.8557889748854843,0.23014256619144602,False,129,132,479,0.089583333333333334,0.09166666666666666,0.33263888888888887,0.97727272727272729,2.9379388878345036,0.26763485477178423,True,0.94836711711711708,1,100,2.6930107614290857,3.156826314957681,100,0.93000000000000005
corrected_pos_dep,527f687a01c3,d6653a7c843d,"[""POS_ADV_rate_baixo"", ""uppercaseRatio_baixo""]","[""DEP_advmod_rate_baixo""]","[""DEP_advmod_rate_baixo"", ""POS_ADV_rate_baixo"", ""uppercaseRatio_baixo""]",463,484,1409,0.10717592592592592,0.11203703703703703,0.3261574074074074,0.95661157024793386,2.9329751479567596,0.32377622377622378,True,177,183,487,0.12291666666666666,0.12708333333333333,0.33819444444444446,0.96721311475409832,2.8599320025583195,0.35902636916835701,True,153,163,479,0.10625,0.11319444444444444,0.33263888888888887,0.93865030674846628,2.8218297321874561,0.31288343558282211,True,0.88671305222566854,0.98097225558491474,100,2.6119741586538461,3.0750215917849211,100,1
corrected_pos_dep,7f0951dd1322,f879ebf22866,"[""DEP_advcl_rate_baixo"", ""DEP_amod_rate_alto""]","[""POS_ADJ_rate_alto""]","[""DEP_advcl_rate_baixo"", ""DEP_amod_rate_alto"", ""POS_ADJ_rate_alto""]",516,698,1089,0.11944444444444445,0.16157407407407406,0.25208333333333333,0.73925501432664753,2.9325818750148001,0.40597954366640443,True,185,245,362,0.12847222222222221,0.1701388888888889,0.25138888888888888,0.75510204081632648,3.0037208253467131,0.43838862559241704,True,167,222,350,0.11597222222222223,0.15416666666666667,0.24305555555555555,0.75225225225225223,3.0949806949806948,0.4123456790123457,True,0.69890309021895303,0.81385885663507107,100,2.8475014747710947,3.4323670428842239,100,1
corrected_pos_dep,f3247c4cde1d,960f402600bc,"[""DEP_advmod_rate_baixo"", ""POS_VERB_rate_baixo""]","[""POS_ADV_rate_baixo""]","[""DEP_advmod_rate_baixo"", ""POS_ADV_rate_baixo"", ""POS_VERB_rate_baixo""]",386,447,1278,0.089351851851851849,0.10347222222222222,0.29583333333333334,0.86353467561521258,2.9189904527838171,0.28827483196415238,True,117,132,443,0.081250000000000003,0.09166666666666666,0.30763888888888891,0.88636363636363635,2.8811820233942131,0.25545851528384278,True,126,144,434,0.087499999999999994,0.10000000000000001,0.30138888888888887,0.875,2.903225806451613,0.27876106194690264,True,0.81953974184782608,0.93597972972972965,100,2.6269225187976639,3.1523866758241756,100,0.88
corrected_pos_dep,656d9ba782d9,f879ebf22866,"[""DEP_advcl_rate_baixo"", ""POS_ADJ_rate_alto""]","[""DEP_amod_rate_alto""]","[""DEP_advcl_rate_baixo"", ""DEP_amod_rate_alto"", ""POS_ADJ_rate_alto""]",516,663,1152,0.11944444444444445,0.15347222222222223,0.26666666666666666,0.77828054298642535,2.9185520361990949,0.39722863741339492,True,185,224,374,0.12847222222222221,0.15555555555555556,0.25972222222222224,0.8258928571428571,3.1799083269671504,0.44794188861985473,True,167,208,377,0.11597222222222223,0.14444444444444443,0.26180555555555557,0.80288461538461542,3.0667210773311568,0.39952153110047844,True,0.75384615384615383,0.85310820183804392,100,2.8138351064992522,3.3609252237741747,100,1
corrected_pos_dep,c7a30d04837d,25d548ee03bf,"[""DEP_advmod_rate_baixo"", ""punctuationDensity_spacy_baixo""]","[""POS_ADV_rate_baixo""]","[""DEP_advmod_rate_baixo"", ""POS_ADV_rate_baixo"", ""punctuationDensity_spacy_baixo""]",359,417,1278,0.083101851851851857,0.096527777777777782,0.29583333333333334,0.86091127098321341,2.9101226061404399,0.26871257485029942,True,114,127,443,0.079166666666666663,0.08819444444444445,0.30763888888888891,0.89763779527559051,2.9178294022502267,0.25,False,114,129,434,0.079166666666666663,0.089583333333333334,0.30138888888888887,0.88372093023255816,2.9321616118315292,0.25389755011135856,False,0.82592979753521123,0.94006428571428557,100,2.673758702987743,3.2040974694286906,100,0.46999999999999997
corrected_pos_dep,b5170c164a80,0449a19a868e,"[""DEP_amod_rate_alto"", ""DEP_ccomp_rate_baixo""]","[""POS_ADJ_rate_alto""]","[""DEP_amod_rate_alto"", ""DEP_ccomp_rate_baixo"", ""POS_ADJ_rate_alto""]",561,765,1089,0.12986111111111112,0.17708333333333334,0.25208333333333333,0.73333333333333328,2.9090909090909092,0.43387470997679817,True,184,243,362,0.12777777777777777,0.16875000000000001,0.25138888888888888,0.75720164609053497,3.0120728463269901,0.43705463182897863,True,182,251,350,0.12638888888888888,0.17430555555555555,0.24305555555555555,0.72509960159362552,2.9832669322709164,0.43436754176610981,True,0.66724030890369468,0.77993827160493823,100,2.7634147666116973,3.223561269286721,100,1
corrected_pos_dep,aa24ffb4eb59,0449a19a868e,"[""POS_ADJ_rate_alto""]","[""DEP_amod_rate_alto"", ""DEP_ccomp_rate_baixo""]","[""DEP_amod_rate_alto"", ""DEP_ccomp_rate_baixo"", ""POS_ADJ_rate_alto""]",561,1089,765,0.12986111111111112,0.25208333333333333,0.17708333333333334,0.51515151515151514,2.9090909090909092,0.43387470997679817,True,184,362,243,0.12777777777777777,0.25138888888888888,0.16875000000000001,0.50828729281767959,3.0120728463269901,0.43705463182897863,True,182,350,251,0.12638888888888888,0.24305555555555555,0.17430555555555555,0.52000000000000002,2.9832669322709164,0.43436754176610981,True,0.46348893731143143,0.57678171641791043,100,2.7634147666116973,3.223561269286721,100,0.76000000000000001
corrected_pos_dep,5d4727b012a4,a9025f569653,"[""DEP_amod_rate_alto"", ""uppercaseRatio_baixo""]","[""POS_ADJ_rate_alto""]","[""DEP_amod_rate_alto"", ""POS_ADJ_rate_alto"", ""uppercaseRatio_baixo""]",439,600,1089,0.10162037037037037,0.1388888888888889,0.25208333333333333,0.73166666666666669,2.902479338842975,0.35120000000000001,True,144,192,362,0.10000000000000001,0.13333333333333333,0.25138888888888888,0.75,2.9834254143646408,0.35121951219512193,True,147,190,350,0.10208333333333333,0.13194444444444445,0.24305555555555555,0.77368421052631575,3.183157894736842,0.37404580152671757,True,0.7205153778683191,0.83351556264964077,100,2.9124578372547378,3.4794129412237367,100,1
corrected_pos_dep,f5aa05536552,0a168850bbc9,"[""DEP_advmod_rate_baixo"", ""DEP_nsubj_rate_baixo""]","[""POS_ADV_rate_baixo""]","[""DEP_advmod_rate_baixo"", ""DEP_nsubj_rate_baixo"", ""POS_ADV_rate_baixo""]",357,416,1278,0.082638888888888887,0.096296296296296297,0.29583333333333334,0.85817307692307687,2.9008667388949081,0.26701570680628273,True,113,125,443,0.078472222222222221,0.086805555555555552,0.30763888888888891,0.90400000000000003,2.938510158013544,0.24835164835164836,False,129,149,434,0.089583333333333334,0.10347222222222222,0.30138888888888887,0.86577181208053688,2.8726069340921039,0.28414096916299558,True,0.81368243243243243,0.90947362424518619,100,2.6170831054551984,3.1377546030531103,100,0.93000000000000005
corrected_pos_dep,383cfa8699c9,a9025f569653,"[""POS_ADJ_rate_alto"", ""uppercaseRatio_baixo""]","[""DEP_amod_rate_alto""]","[""DEP_amod_rate_alto"", ""POS_ADJ_rate_alto"", ""uppercaseRatio_baixo""]",439,568,1152,0.10162037037037037,0.13148148148148148,0.26666666666666666,0.772887323943662,2.8983274647887325,0.34270101483216237,True,144,181,374,0.10000000000000001,0.12569444444444444,0.25972222222222224,0.79558011049723754,3.0631961473690432,0.35036496350364965,True,147,187,377,0.10208333333333333,0.12986111111111112,0.26180555555555557,0.78609625668449201,3.0025957815004469,0.35251798561151076,True,0.72462121212121211,0.84213826204955522,100,2.750727795470568,3.2752576561206919,100,1
corrected_pos_dep,86dab6a5f8ff,d6653a7c843d,"[""DEP_advmod_rate_baixo"", ""uppercaseRatio_baixo""]","[""POS_ADV_rate_baixo""]","[""DEP_advmod_rate_baixo"", ""POS_ADV_rate_baixo"", ""uppercaseRatio_baixo""]",463,542,1278,0.10717592592592592,0.12546296296296297,0.29583333333333334,0.85424354243542433,2.887583805415519,0.34119380987472364,True,177,210,443,0.12291666666666666,0.14583333333333334,0.30763888888888891,0.84285714285714286,2.7397613673008707,0.37184873949579833,True,153,174,434,0.10625,0.12083333333333333,0.30138888888888887,0.87931034482758619,2.9175274114095027,0.33626373626373629,True,0.83342231802354505,0.91819315445476424,100,2.7121300294934043,3.1539968985599733,100,1
corrected_pos_dep,3685c5ddb125,87c3de1ac3a4,"[""DEP_amod_rate_baixo"", ""DEP_ccomp_rate_baixo""]","[""POS_ADJ_rate_baixo""]","[""DEP_amod_rate_baixo"", ""DEP_ccomp_rate_baixo"", ""POS_ADJ_rate_baixo""]",441,587,1128,0.10208333333333333,0.13587962962962963,0.26111111111111113,0.75127768313458265,2.877233680089891,0.34615384615384615,True,139,190,379,0.096527777777777782,0.13194444444444445,0.26319444444444445,0.73157894736842111,2.7796139425079849,0.32325581395348835,True,172,224,408,0.11944444444444445,0.15555555555555556,0.28333333333333333,0.7678571428571429,2.7100840336134455,0.37391304347826088,True,0.71526442307692306,0.82447033898305078,100,2.4990661260035476,2.9749153137575988,100,1
corrected_pos_dep,4022a7b5dcf8,c44390a7edde,"[""POS_ADJ_rate_alto""]","[""DEP_amod_rate_alto""]","[""DEP_amod_rate_alto"", ""POS_ADJ_rate_alto""]",832,1089,1152,0.19259259259259259,0.25208333333333333,0.26666666666666666,0.76400367309458217,2.8650137741046833,0.59048970901348474,True,276,362,374,0.19166666666666668,0.25138888888888888,0.25972222222222224,0.76243093922651939,2.9355629745619995,0.59999999999999998,True,272,350,377,0.18888888888888888,0.24305555555555555,0.26180555555555557,0.77714285714285714,2.9683971201212582,0.59780219780219779,True,0.73148458143165984,0.82168757246758717,100,2.7522303583472176,3.1993806354393199,100,1
corrected_pos_dep,a4dfda82672f,c44390a7edde,"[""DEP_amod_rate_alto""]","[""POS_ADJ_rate_alto""]","[""DEP_amod_rate_alto"", ""POS_ADJ_rate_alto""]",832,1152,1089,0.19259259259259259,0.26666666666666666,0.25208333333333333,0.72222222222222221,2.8650137741046833,0.59048970901348474,True,276,374,362,0.19166666666666668,0.25972222222222224,0.25138888888888888,0.73796791443850263,2.9355629745619995,0.59999999999999998,True,272,377,350,0.18888888888888888,0.26180555555555557,0.24305555555555555,0.72148541114058351,2.9683971201212582,0.59780219780219779,True,0.67674004185510828,0.76994505370774879,100,2.7522303583472176,3.1993806354393199,100,1
corrected_pos_dep,2f67d0170d28,c3c54c8e2eed,"[""DEP_advcl_rate_baixo"", ""DEP_amod_rate_baixo""]","[""POS_ADJ_rate_baixo""]","[""DEP_advcl_rate_baixo"", ""DEP_amod_rate_baixo"", ""POS_ADJ_rate_baixo""]",446,611,1128,0.10324074074074074,0.14143518518518519,0.26111111111111113,0.72995090016366615,2.7955566389246789,0.34493426140757927,True,147,197,379,0.10208333333333333,0.13680555555555557,0.26319444444444445,0.74619289340101524,2.8351392255869707,0.34265734265734266,True,170,222,408,0.11805555555555555,0.15416666666666667,0.28333333333333333,0.76576576576576572,2.7027027027027026,0.36956521739130432,True,0.72107683982683979,0.82687406296851573,100,2.517459545049745,2.9523427920447927,100,1
corrected_pos_dep,6bca368dfbfe,58bd81f28dc3,"[""DEP_amod_rate_baixo""]","[""POS_ADJ_rate_baixo""]","[""DEP_amod_rate_baixo"", ""POS_ADJ_rate_baixo""]",797,1094,1128,0.18449074074074073,0.25324074074074077,0.26111111111111113,0.72851919561243139,2.7900735151114398,0.55929824561403507,True,263,350,379,0.18263888888888888,0.24305555555555555,0.26319444444444445,0.75142857142857145,2.8550320392009048,0.56437768240343344,True,299,403,408,0.2076388888888889,0.27986111111111112,0.28333333333333333,0.74193548387096775,2.618595825426945,0.583984375,True,0.70913907227887751,0.77929547777210018,100,2.4640588363866276,2.8262626983664725,100,1
corrected_pos_dep,244c5810fb80,58bd81f28dc3,"[""POS_ADJ_rate_baixo""]","[""DEP_amod_rate_baixo""]","[""DEP_amod_rate_baixo"", ""POS_ADJ_rate_baixo""]",797,1128,1094,0.18449074074074073,0.26111111111111113,0.25324074074074077,0.70656028368794321,2.7900735151114398,0.55929824561403507,True,263,379,350,0.18263888888888888,0.26319444444444445,0.24305555555555555,0.69393139841688656,2.8550320392009048,0.56437768240343344,True,299,408,403,0.2076388888888889,0.28333333333333333,0.27986111111111112,0.73284313725490191,2.618595825426945,0.583984375,True,0.68286726224306149,0.77507608498061953,100,2.4640588363866276,2.8262626983664725,100,1
corrected_pos_dep,aeaddd728517,87c3de1ac3a4,"[""DEP_ccomp_rate_baixo"", ""POS_ADJ_rate_baixo""]","[""DEP_amod_rate_baixo""]","[""DEP_amod_rate_baixo"", ""DEP_ccomp_rate_baixo"", ""POS_ADJ_rate_baixo""]",441,632,1094,0.10208333333333333,0.14629629629629629,0.25324074074074077,0.69778481012658233,2.7554208224376922,0.34319066147859922,True,139,208,350,0.096527777777777782,0.14444444444444443,0.24305555555555555,0.66826923076923073,2.7494505494505495,0.33174224343675418,True,172,234,403,0.11944444444444445,0.16250000000000001,0.27986111111111112,0.7350427350427351,2.6264554304256538,0.36989247311827955,True,0.66453359586512428,0.80064278455284543,100,2.4407414910535827,2.9196097342811123,100,1
corrected_pos_dep,c990f45e3bd8,c3c54c8e2eed,"[""DEP_advcl_rate_baixo"", ""POS_ADJ_rate_baixo""]","[""DEP_amod_rate_baixo""]","[""DEP_advcl_rate_baixo"", ""DEP_amod_rate_baixo"", ""POS_ADJ_rate_baixo""]",446,641,1094,0.10324074074074074,0.14837962962962964,0.25324074074074077,0.69578783151326051,2.7475351299243926,0.3460046547711404,True,147,213,350,0.10208333333333333,0.14791666666666667,0.24305555555555555,0.6901408450704225,2.8394366197183101,0.35336538461538464,True,170,233,403,0.11805555555555555,0.16180555555555556,0.27986111111111112,0.72961373390557938,2.6070565181737826,0.36480686695278969,True,0.66002935325323764,0.78646508144542215,100,2.3714323056818816,2.8590868220322574,100,1
corrected_pos_dep,ad056bd1509b,23e40fe6924d,"[""POS_NOUN_rate_alto"", ""uppercaseRatio_baixo""]","[""POS_PROPN_rate_baixo""]","[""POS_NOUN_rate_alto"", ""POS_PROPN_rate_baixo"", ""uppercaseRatio_baixo""]",363,576,1088,0.084027777777777785,0.13333333333333333,0.25185185185185183,0.63020833333333337,2.5022977941176472,0.27901614142966946,True,115,178,359,0.079861111111111105,0.12361111111111112,0.24930555555555556,0.6460674157303371,2.5914681856592909,0.27251184834123221,False,112,182,344,0.077777777777777779,0.12638888888888888,0.2388888888888889,0.61538461538461542,2.5760286225402504,0.27053140096618356,False,0.54849407550289342,0.66941906580493538,100,2.3256205724262435,2.8489763670587891,100,0.35999999999999999
corrected_pos_dep,ac481854c364,e8066b29ad40,"[""DEP_ccomp_rate_baixo"", ""DEP_obj_rate_baixo""]","[""POS_VERB_rate_baixo""]","[""DEP_ccomp_rate_baixo"", ""DEP_obj_rate_baixo"", ""POS_VERB_rate_baixo""]",389,647,1132,0.090046296296296291,0.14976851851851852,0.26203703703703701,0.60123647604327668,2.2944713573382995,0.27985611510791369,True,151,244,352,0.10486111111111111,0.16944444444444445,0.24444444444444444,0.61885245901639341,2.5316691505216093,0.33932584269662919,True,124,213,350,0.08611111111111111,0.14791666666666667,0.24305555555555555,0.5821596244131455,2.3951710261569414,0.28246013667425968,True,0.52423273155416017,0.65400026835158931,100,2.1988957537866813,2.6561280139690475,100,0.78000000000000003
corrected_pos_dep,26c62dc99ff3,624c418f9284,"[""DEP_ccomp_rate_baixo"", ""POS_PROPN_rate_baixo""]","[""POS_NOUN_rate_alto""]","[""DEP_ccomp_rate_baixo"", ""POS_NOUN_rate_alto"", ""POS_PROPN_rate_baixo""]",371,661,1092,0.085879629629629625,0.15300925925925926,0.25277777777777777,0.56127080181543121,2.2204119632258816,0.26845151953690305,True,122,225,333,0.084722222222222227,0.15625,0.23125000000000001,0.54222222222222227,2.3447447447447449,0.27981651376146788,True,104,215,357,0.072222222222222215,0.14930555555555555,0.24791666666666667,0.48372093023255813,1.9511432479968731,0.22222222222222221,False,0.42348835804060586,0.54301889785639201,100,1.6838001712119359,2.2015625723145273,100,0.10000000000000001
corrected_pos_dep,1d75f4885400,c760b2a99356,"[""DEP_advcl_rate_baixo"", ""DEP_nsubj_rate_baixo""]","[""POS_VERB_rate_baixo""]","[""DEP_advcl_rate_baixo"", ""DEP_nsubj_rate_baixo"", ""POS_VERB_rate_baixo""]",366,657,1132,0.084722222222222227,0.15208333333333332,0.26203703703703701,0.55707762557077622,2.1259499491746938,0.25720309205903019,True,106,203,352,0.073611111111111113,0.14097222222222222,0.24444444444444444,0.52216748768472909,2.136139722346619,0.23608017817371937,False,126,223,350,0.087499999999999994,0.15486111111111112,0.24305555555555555,0.56502242152466364,2.3246636771300446,0.28187919463087246,True,0.51273255813953489,0.63079049198452186,100,2.1023033560256721,2.580017935320801,100,0.83999999999999997
corrected_pos_dep,2ecdeb5efa23,690a7839d4a6,"[""DEP_advcl_rate_baixo"", ""DEP_obj_rate_baixo""]","[""POS_VERB_rate_baixo""]","[""DEP_advcl_rate_baixo"", ""DEP_obj_rate_baixo"", ""POS_VERB_rate_baixo""]",430,798,1132,0.099537037037037035,0.18472222222222223,0.26203703703703701,0.53884711779448624,2.0563776933499827,0.28666666666666668,True,148,270,352,0.10277777777777777,0.1875,0.24444444444444444,0.54814814814814816,2.2424242424242422,0.31223628691983124,True,133,251,350,0.092361111111111116,0.17430555555555555,0.24305555555555555,0.52988047808764938,2.1800796812749006,0.28418803418803418,True,0.48919079350490197,0.60118395394187008,100,1.9897348469394862,2.436224593784472,100,0.88
corrected_pos_dep,1a7ef3000b3a,3827d0dd8fe9,"[""POS_PROPN_rate_baixo""]","[""POS_NOUN_rate_alto""]","[""POS_NOUN_rate_alto"", ""POS_PROPN_rate_baixo""]",556,1088,1092,0.12870370370370371,0.25185185185185183,0.25277777777777777,0.51102941176470584,2.0216548157724628,0.34236453201970446,True,173,359,333,0.12013888888888889,0.24930555555555556,0.23125000000000001,0.48189415041782729,2.0838665964014154,0.33333333333333331,False,159,344,357,0.11041666666666666,0.2388888888888889,0.24791666666666667,0.46220930232558138,1.8643736564393198,0.29335793357933582,False,0.40315692181295359,0.50747036859413541,100,1.7117239325376461,2.0437424500603996,100,0.050000000000000003
corrected_pos_dep,f5e829055ee4,3827d0dd8fe9,"[""POS_NOUN_rate_alto""]","[""POS_PROPN_rate_baixo""]","[""POS_NOUN_rate_alto"", ""POS_PROPN_rate_baixo""]",556,1092,1088,0.12870370370370371,0.25277777777777777,0.25185185185185183,0.50915750915750912,2.0216548157724628,0.34236453201970446,True,173,333,359,0.12013888888888889,0.23125000000000001,0.24930555555555556,0.51951951951951947,2.0838665964014154,0.33333333333333331,True,159,357,344,0.11041666666666666,0.24791666666666667,0.2388888888888889,0.44537815126050423,1.8643736564393198,0.29335793357933582,False,0.39349455040871933,0.4917818861466402,100,1.7117239325376461,2.0437424500603996,100,0
corrected_pos_dep,5c39aadcf927,624c418f9284,"[""DEP_ccomp_rate_baixo"", ""POS_NOUN_rate_alto""]","[""POS_PROPN_rate_baixo""]","[""DEP_ccomp_rate_baixo"", ""POS_NOUN_rate_alto"", ""POS_PROPN_rate_baixo""]",371,729,1088,0.085879629629629625,0.16875000000000001,0.25185185185185183,0.5089163237311386,2.0206971677559911,0.25656984785615489,True,122,233,359,0.084722222222222227,0.16180555555555556,0.24930555555555556,0.52360515021459231,2.100254641529284,0.25957446808510637,True,104,239,344,0.072222222222222215,0.16597222222222222,0.2388888888888889,0.43514644351464438,1.8215432519217671,0.21711899791231734,False,0.37079918032786885,0.49096540976905778,100,1.5631203125601005,2.0333205064272724,100,0.01
corrected_pos_dep,4c2d6bec5732,23e40fe6924d,"[""POS_PROPN_rate_baixo"", ""uppercaseRatio_baixo""]","[""POS_NOUN_rate_alto""]","[""POS_NOUN_rate_alto"", ""POS_PROPN_rate_baixo"", ""uppercaseRatio_baixo""]",363,713,1092,0.084027777777777785,0.1650462962962963,0.25277777777777777,0.50911640953716686,2.0140868948723085,0.25173370319001387,True,115,227,333,0.079861111111111105,0.15763888888888888,0.23125000000000001,0.50660792951541855,2.1907369924991071,0.25842696629213485,False,112,237,357,0.077777777777777779,0.16458333333333333,0.24791666666666667,0.47257383966244726,1.906180193596426,0.23236514522821577,False,0.405391064727955,0.52219085705324242,100,1.7317401023847732,2.1048500071681921,100,0.12
corrected_pos_dep,8694bd72e0dc,9e0e19ee5e38,"[""DEP_ccomp_rate_baixo"", ""POS_PROPN_rate_alto""]","[""POS_VERB_rate_baixo""]","[""DEP_ccomp_rate_baixo"", ""POS_PROPN_rate_alto"", ""POS_VERB_rate_baixo""]",358,697,1132,0.082870370370370372,0.16134259259259259,0.26203703703703701,0.51362984218077479,1.9601421539054302,0.24337185588035351,True,108,221,352,0.074999999999999997,0.15347222222222223,0.24444444444444444,0.48868778280542985,1.9991772932949403,0.23225806451612904,False,108,223,350,0.074999999999999997,0.15486111111111112,0.24305555555555555,0.48430493273542602,1.9925688661114671,0.23225806451612904,False,0.42029487179487179,0.54822134387351773,100,1.7936928863932238,2.2397485110974764,100,0.20999999999999999
corrected_pos_dep,a2acdc4b20e2,9948d6356c85,"[""DEP_ccomp_rate_baixo"", ""DEP_nsubj_rate_baixo""]","[""POS_VERB_rate_baixo""]","[""DEP_ccomp_rate_baixo"", ""DEP_nsubj_rate_baixo"", ""POS_VERB_rate_baixo""]",441,869,1132,0.10208333333333333,0.2011574074074074,0.26203703703703701,0.50747986191024164,1.9366722645337844,0.28269230769230769,True,134,261,352,0.093055555555555558,0.18124999999999999,0.24444444444444444,0.51340996168582376,2.1003134796238245,0.27974947807933193,True,150,294,350,0.10416666666666667,0.20416666666666666,0.24305555555555555,0.51020408163265307,2.0991253644314867,0.30364372469635625,True,0.4626809015421115,0.56669347788074831,100,1.9450279244096391,2.2763215027012125,100,0.75
corrected_pos_dep,b353e43e74ed,f6f158f4942a,"[""DEP_advcl_rate_baixo"", ""POS_PROPN_rate_alto""]","[""POS_VERB_rate_baixo""]","[""DEP_advcl_rate_baixo"", ""POS_PROPN_rate_alto"", ""POS_VERB_rate_baixo""]",358,712,1132,0.082870370370370372,0.1648148148148148,0.26203703703703701,0.5028089887640449,1.918847024258546,0.24091520861372812,True,102,234,352,0.070833333333333331,0.16250000000000001,0.24444444444444444,0.4358974358974359,1.7832167832167831,0.21074380165289255,False,118,253,350,0.081944444444444445,0.17569444444444443,0.24305555555555555,0.466403162055336,1.9189158667419537,0.24329896907216494,False,0.41014048411335335,0.54239042535985771,100,1.7132699364962938,2.1434287473068636,100,0.16
corrected_pos_dep,997465f0e852,295d4f796a9f,"[""POS_VERB_rate_baixo""]","[""DEP_advcl_rate_baixo"", ""DEP_ccomp_rate_baixo""]","[""DEP_advcl_rate_baixo"", ""DEP_ccomp_rate_baixo"", ""POS_VERB_rate_baixo""]",684,1132,1519,0.15833333333333333,0.26203703703703701,0.35162037037037036,0.60424028268551233,1.718445043582234,0.34773767158108793,True,202,352,505,0.14027777777777778,0.24444444444444444,0.35069444444444442,0.57386363636363635,1.6363636363636365,0.30839694656488548,True,220,350,500,0.15277777777777779,0.24305555555555555,0.34722222222222221,0.62857142857142856,1.8102857142857143,0.34920634920634919,True,0.59235200283587386,0.67299481347300782,100,1.685402382658002,1.9201741158395909,100,1
corrected_pos_dep,5e06e3b1b794,f294053424b2,"[""DEP_ccomp_rate_baixo"", ""DEP_nsubj_rate_baixo""]","[""POS_PRON_rate_baixo""]","[""DEP_ccomp_rate_baixo"", ""DEP_nsubj_rate_baixo"", ""POS_PRON_rate_baixo""]",447,869,1448,0.10347222222222222,0.2011574074074074,0.3351851851851852,0.51438434982738779,1.5346273420264609,0.23903743315508022,True,132,261,434,0.09166666666666666,0.18124999999999999,0.30138888888888887,0.50574712643678166,1.6780549817257271,0.23445825932504441,True,134,294,457,0.093055555555555558,0.20416666666666666,0.31736111111111109,0.45578231292517007,1.4361630866788728,0.21717990275526741,False,0.4039816117363344,0.51916666666666667,100,1.2748904659055846,1.5902487656886959,100,0.080000000000000002
corrected_pos_dep,b74f2e5e05ec,14f2b18daa3c,"[""DEP_ccomp_rate_baixo"", ""POS_PROPN_rate_baixo""]","[""uppercaseRatio_baixo""]","[""DEP_ccomp_rate_baixo"", ""POS_PROPN_rate_baixo"", ""uppercaseRatio_baixo""]",435,661,1882,0.10069444444444445,0.15300925925925926,0.43564814814814817,0.65809379727685324,1.5106085038448491,0.20635673624288425,True,142,225,645,0.098611111111111108,0.15625,0.44791666666666669,0.63111111111111107,1.4089922480620154,0.19505494505494506,True,152,215,629,0.10555555555555556,0.14930555555555555,0.43680555555555556,0.7069767441860465,1.6185159167375309,0.21965317919075145,True,0.65086477987421387,0.75999096181366277,100,1.4766208623374835,1.7511930197477599,100,1
corrected_pos_dep,58f2585b6892,955c07a3d79c,"[""POS_PROPN_rate_baixo""]","[""uppercaseRatio_baixo""]","[""POS_PROPN_rate_baixo"", ""uppercaseRatio_baixo""]",713,1088,1882,0.1650462962962963,0.25185185185185183,0.43564814814814817,0.65533088235294112,1.5042664249546791,0.31590607000443066,True,227,359,645,0.15763888888888888,0.24930555555555556,0.44791666666666669,0.63231197771587744,1.4116732525749822,0.29214929214929214,True,237,344,629,0.16458333333333333,0.2388888888888889,0.43680555555555556,0.68895348837209303,1.5772544089917551,0.32201086956521741,True,0.6430555555555556,0.73242052250550826,100,1.4784081603222592,1.6819384511174147,100,1
corrected_pos_dep,5b29d22834ee,db4d3c9a5701,"[""DEP_nsubj_rate_baixo""]","[""POS_PRON_rate_baixo""]","[""DEP_nsubj_rate_baixo"", ""POS_PRON_rate_baixo""]",558,1108,1448,0.12916666666666668,0.25648148148148148,0.3351851851851852,0.50361010830324915,1.5024831960428426,0.27927927927927926,True,163,342,434,0.11319444444444444,0.23749999999999999,0.30138888888888887,0.47660818713450293,1.5813727868057239,0.265905383360522,False,177,384,457,0.12291666666666666,0.26666666666666666,0.31736111111111109,0.4609375,1.4524070021881839,0.26656626506024095,False,0.41420099374899821,0.51472973351346429,100,1.3280700518913127,1.5774291815486654,100,0.050000000000000003
corrected_pos_dep,d22dba7f65e2,23e40fe6924d,"[""POS_NOUN_rate_alto"", ""POS_PROPN_rate_baixo""]","[""uppercaseRatio_baixo""]","[""POS_NOUN_rate_alto"", ""POS_PROPN_rate_baixo"", ""uppercaseRatio_baixo""]",363,556,1882,0.084027777777777785,0.12870370370370371,0.43564814814814817,0.65287769784172667,1.4986353106675128,0.17493975903614459,True,115,173,645,0.079861111111111105,0.12013888888888889,0.44791666666666669,0.66473988439306353,1.4840704395752118,0.16358463726884778,False,112,159,629,0.077777777777777779,0.11041666666666666,0.43680555555555556,0.70440251572327039,1.6126226115127336,0.16568047337278108,False,0.64962614308768152,0.77578616352201257,100,1.4694385616163432,1.7846537137906935,100,0.35999999999999999
corrected_pos_dep,2ebde835a7b8,9948d6356c85,"[""DEP_nsubj_rate_baixo"", ""POS_VERB_rate_baixo""]","[""DEP_ccomp_rate_baixo""]","[""DEP_ccomp_rate_baixo"", ""DEP_nsubj_rate_baixo"", ""POS_VERB_rate_baixo""]",441,498,2561,0.10208333333333333,0.11527777777777778,0.59282407407407411,0.88554216867469882,1.4937689061595856,0.16844919786096257,True,134,149,842,0.093055555555555558,0.10347222222222222,0.58472222222222225,0.89932885906040272,1.5380446045688596,0.15635939323220538,True,150,165,849,0.10416666666666667,0.11458333333333333,0.58958333333333335,0.90909090909090906,1.5419209765499517,0.1736111111111111,True,0.86884761267291388,0.94791507430997879,100,1.4691507818025229,1.6347457696411705,100,1
corrected_pos_dep,60587117e65e,21b26f86c64a,"[""DEP_advcl_rate_baixo"", ""POS_PROPN_rate_baixo""]","[""uppercaseRatio_baixo""]","[""DEP_advcl_rate_baixo"", ""POS_PROPN_rate_baixo"", ""uppercaseRatio_baixo""]",365,579,1882,0.084490740740740741,0.13402777777777777,0.43564814814814817,0.63039723661485314,1.447032976714222,0.17414122137404581,True,129,203,645,0.089583333333333334,0.14097222222222222,0.44791666666666669,0.6354679802955665,1.4187192118226601,0.17941585535465926,True,127,178,629,0.08819444444444445,0.12361111111111112,0.43680555555555556,0.7134831460674157,1.6334113359889963,0.18676470588235294,True,0.65268895348837208,0.76686563436563426,100,1.4702887231902999,1.7942837810492887,100,0.88
corrected_pos_dep,72c462423c12,87391334a5cc,"[""POS_VERB_rate_baixo"", ""uppercaseRatio_baixo""]","[""DEP_ccomp_rate_baixo""]","[""DEP_ccomp_rate_baixo"", ""POS_VERB_rate_baixo"", ""uppercaseRatio_baixo""]",386,462,2561,0.089351851851851849,0.10694444444444444,0.59282407407407411,0.83549783549783552,1.4093520692505463,0.14637846037163443,True,124,151,842,0.08611111111111111,0.10486111111111111,0.58472222222222225,0.82119205298013243,1.4044139623413192,0.14269275028768699,True,122,145,849,0.084722222222222227,0.10069444444444445,0.58958333333333335,0.8413793103448276,1.4270744486414038,0.13990825688073394,True,0.79016731443738752,0.90698123620309046,100,1.3316365576044322,1.5196999911933073,100,0.80000000000000004
corrected_pos_dep,67ea8cfa0d8f,690a7839d4a6,"[""DEP_obj_rate_baixo"", ""POS_VERB_rate_baixo""]","[""DEP_advcl_rate_baixo""]","[""DEP_advcl_rate_baixo"", ""DEP_obj_rate_baixo"", ""POS_VERB_rate_baixo""]",430,521,2534,0.099537037037037035,0.12060185185185185,0.58657407407407403,0.82533589251439543,1.4070446154941547,0.16380952380952382,True,148,196,857,0.10277777777777777,0.1361111111111111,0.59513888888888888,0.75510204081632648,1.2687828923868263,0.16353591160220995,True,133,161,833,0.092361111111111116,0.11180555555555556,0.57847222222222228,0.82608695652173914,1.42804948066183,0.15447154471544716,True,0.76053921568627447,0.89328326071537134,100,1.3198035415784186,1.5172358709961229,100,0.93999999999999995
corrected_pos_dep,89bfe376f7a5,eee0574f0591,"[""DEP_advmod_rate_baixo"", ""POS_VERB_rate_baixo""]","[""DEP_ccomp_rate_baixo""]","[""DEP_advmod_rate_baixo"", ""DEP_ccomp_rate_baixo"", ""POS_VERB_rate_baixo""]",367,447,2561,0.084953703703703698,0.10347222222222222,0.59282407407407411,0.82102908277404918,1.3849455828129218,0.13896251419916697,True,110,132,842,0.076388888888888895,0.09166666666666666,0.58472222222222225,0.83333333333333337,1.4251781472684086,0.12731481481481483,False,117,144,849,0.081250000000000003,0.10000000000000001,0.58958333333333335,0.8125,1.3780918727915195,0.13356164383561644,True,0.76525362318840584,0.86558007475560661,100,1.2848794543760753,1.4851771801945577,100,0.66000000000000003
corrected_pos_dep,d8a685f8cc64,8685f3180b9e,"[""DEP_advmod_rate_baixo"", ""POS_VERB_rate_baixo""]","[""DEP_advcl_rate_baixo""]","[""DEP_advcl_rate_baixo"", ""DEP_advmod_rate_baixo"", ""POS_VERB_rate_baixo""]",361,447,2534,0.083564814814814814,0.10347222222222222,0.58657407407407403,0.80760626398210289,1.3768188872938771,0.13778625954198473,True,99,132,857,0.068750000000000006,0.09166666666666666,0.59513888888888888,0.75,1.2602100350058343,0.11123595505617978,False,115,144,833,0.079861111111111105,0.10000000000000001,0.57847222222222228,0.79861111111111116,1.3805522208883554,0.13341067285382829,False,0.72862403100775186,0.85952284765239251,100,1.2697565510322422,1.4708769120868346,100,0.57999999999999996
corrected_pos_dep,28cc47fd7d1b,f6f158f4942a,"[""POS_PROPN_rate_alto"", ""POS_VERB_rate_baixo""]","[""DEP_advcl_rate_baixo""]","[""DEP_advcl_rate_baixo"", ""POS_PROPN_rate_alto"", ""POS_VERB_rate_baixo""]",358,446,2534,0.082870370370370372,0.10324074074074074,0.58657407407407403,0.80269058295964124,1.368438562898836,0.13653699466056446,True,102,130,857,0.070833333333333331,0.090277777777777776,0.59513888888888888,0.7846153846153846,1.3183735750830265,0.11525423728813559,False,118,139,833,0.081944444444444445,0.096527777777777782,0.57847222222222228,0.84892086330935257,1.4675222607028422,0.13817330210772832,True,0.78117310754088864,0.90858153387937446,100,1.3445721187224942,1.5625331739959489,100,0.55000000000000004
corrected_pos_dep,73d91e3a484a,9e0e19ee5e38,"[""POS_PROPN_rate_alto"", ""POS_VERB_rate_baixo""]","[""DEP_ccomp_rate_baixo""]","[""DEP_ccomp_rate_baixo"", ""POS_PROPN_rate_alto"", ""POS_VERB_rate_baixo""]",358,446,2561,0.082870370370370372,0.10324074074074074,0.59282407407407411,0.80269058295964124,1.3540114480225107,0.13514533786334465,True,108,130,842,0.074999999999999997,0.090277777777777776,0.58472222222222225,0.83076923076923082,1.4207929837383519,0.125,False,108,139,849,0.074999999999999997,0.096527777777777782,0.58958333333333335,0.7769784172661871,1.3178432519002465,0.12272727272727273,False,0.71996798719487798,0.83885519536281661,100,1.2303578151620129,1.4210934834128761,100,0.25
corrected_pos_dep,27ce67299da0,f294053424b2,"[""DEP_nsubj_rate_baixo"", ""POS_PRON_rate_baixo""]","[""DEP_ccomp_rate_baixo""]","[""DEP_ccomp_rate_baixo"", ""DEP_nsubj_rate_baixo"", ""POS_PRON_rate_baixo""]",447,558,2561,0.10347222222222222,0.12916666666666668,0.59282407407407411,0.80107526881720426,1.3512866697736519,0.16729041916167664,True,132,163,842,0.09166666666666666,0.11319444444444444,0.58472222222222225,0.80981595092024539,1.3849583958731038,0.15120274914089346,True,134,177,849,0.093055555555555558,0.12291666666666666,0.58958333333333335,0.75706214689265539,1.2840630053302988,0.15022421524663676,True,0.6894556847350144,0.81370703764320773,100,1.190199309429619,1.3668009897490279,100,0.95999999999999996
corrected_pos_dep,3d086ad2bddd,044b4a18072c,"[""POS_VERB_rate_baixo""]","[""DEP_ccomp_rate_baixo""]","[""DEP_ccomp_rate_baixo"", ""POS_VERB_rate_baixo""]",904,1132,2561,0.20925925925925926,0.26203703703703701,0.59282407407407411,0.79858657243816256,1.3470886344915511,0.32413051272857657,True,281,352,842,0.19513888888888889,0.24444444444444444,0.58472222222222225,0.79829545454545459,1.3652558842582596,0.30777656078860899,True,281,350,849,0.19513888888888889,0.24305555555555555,0.58958333333333335,0.80285714285714282,1.3617364967188288,0.30610021786492375,True,0.76270630486831603,0.8386882958311529,100,1.2904105323904469,1.4313671237045726,100,1
corrected_pos_dep,009210998a05,93b724bf542f,"[""DEP_advcl_rate_baixo"", ""DEP_nsubj_rate_baixo""]","[""DEP_ccomp_rate_baixo""]","[""DEP_advcl_rate_baixo"", ""DEP_ccomp_rate_baixo"", ""DEP_nsubj_rate_baixo""]",519,657,2561,0.12013888888888889,0.15208333333333332,0.59282407407407411,0.78995433789954339,1.3325274266794327,0.19229344201556131,True,157,203,842,0.10902777777777778,0.14097222222222222,0.58472222222222225,0.77339901477832518,1.3226776499771831,0.1768018018018018,True,179,223,849,0.12430555555555556,0.15486111111111112,0.58958333333333335,0.80269058295964124,1.3614539922990381,0.20044792833146696,True,0.75085120743962808,0.85622171945701353,100,1.2635139967701743,1.4461644595094856,100,1
corrected_pos_dep,b8a91c1713be,dcc82376b8a6,"[""DEP_nsubj_rate_baixo""]","[""DEP_ccomp_rate_baixo""]","[""DEP_ccomp_rate_baixo"", ""DEP_nsubj_rate_baixo""]",869,1108,2561,0.2011574074074074,0.25648148148148148,0.59282407407407411,0.78429602888086647,1.3229827585963854,0.31035714285714283,True,261,342,842,0.18124999999999999,0.23749999999999999,0.58472222222222225,0.76315789473684215,1.3051631453931742,0.28277356446370533,True,294,384,849,0.20416666666666666,0.26666666666666666,0.58958333333333335,0.765625,1.2985865724381624,0.31309904153354634,True,0.71639851485148509,0.80259659135740768,100,1.2208012124587528,1.3577254967060115,100,1
corrected_pos_dep,3463c6400cca,19c77db982d8,"[""POS_VERB_rate_baixo""]","[""DEP_advcl_rate_baixo""]","[""DEP_advcl_rate_baixo"", ""POS_VERB_rate_baixo""]",877,1132,2534,0.20300925925925925,0.26203703703703701,0.58657407407407403,0.77473498233215543,1.3207794489640536,0.31444962352097527,True,261,352,857,0.18124999999999999,0.24444444444444444,0.59513888888888888,0.74147727272727271,1.2458894664262226,0.27531645569620256,True,272,350,833,0.18888888888888888,0.24305555555555555,0.57847222222222228,0.77714285714285714,1.3434402332361517,0.29857299670691545,True,0.73406797235023047,0.8187211093990755,100,1.2722821524128001,1.3993274914592715,100,1
corrected_pos_dep,69f8813a8df9,e22dcb87615c,"[""POS_VERB_rate_baixo"", ""uppercaseRatio_baixo""]","[""DEP_advcl_rate_baixo""]","[""DEP_advcl_rate_baixo"", ""POS_VERB_rate_baixo"", ""uppercaseRatio_baixo""]",357,462,2534,0.082638888888888887,0.10694444444444444,0.58657407407407403,0.77272727272727271,1.3173566764726985,0.13527851458885942,True,114,151,857,0.079166666666666663,0.10486111111111111,0.59513888888888888,0.75496688741721851,1.2685557968270651,0.12751677852348994,False,114,145,833,0.079166666666666663,0.10069444444444445,0.57847222222222228,0.78620689655172415,1.3591091609057415,0.13194444444444445,False,0.72921064312487671,0.83395613820142123,100,1.2719336924555429,1.4376587267769905,100,0.46999999999999997
corrected_pos_dep,37419ebed314,295d4f796a9f,"[""DEP_advcl_rate_baixo"", ""POS_VERB_rate_baixo""]","[""DEP_ccomp_rate_baixo""]","[""DEP_advcl_rate_baixo"", ""DEP_ccomp_rate_baixo"", ""POS_VERB_rate_baixo""]",684,877,2561,0.15833333333333333,0.20300925925925925,0.59282407407407411,0.77993158494868875,1.315620635290252,0.24836601307189543,True,202,261,842,0.14027777777777778,0.18124999999999999,0.58472222222222225,0.77394636015325668,1.3236137275780162,0.2241953385127636,True,220,272,849,0.15277777777777779,0.18888888888888888,0.58958333333333335,0.80882352941176472,1.3718561629598836,0.24417314095449499,True,0.77141763625229631,0.84710004171663977,100,1.2983634630607928,1.4421276988366822,100,1
corrected_pos_dep,c882a83d95db,6b9567259c15,"[""POS_PRON_rate_baixo"", ""POS_VERB_rate_baixo""]","[""DEP_ccomp_rate_baixo""]","[""DEP_ccomp_rate_baixo"", ""POS_PRON_rate_baixo"", ""POS_VERB_rate_baixo""]",399,514,2561,0.092361111111111116,0.11898148148148148,0.59282407407407411,0.77626459143968873,1.3094350000075967,0.1491031390134529,True,112,141,842,0.077777777777777779,0.097916666666666666,0.58472222222222225,0.79432624113475181,1.3584676808005256,0.12858783008036739,False,119,148,849,0.082638888888888887,0.10277777777777777,0.58958333333333335,0.80405405405405406,1.3637665934485723,0.13553530751708429,True,0.74377413127413128,0.85879726890756303,100,1.2592302674970455,1.4401342562162489,100,0.67000000000000004
corrected_pos_dep,9abddbcf520f,f2303e71ec21,"[""POS_PRON_rate_baixo"", ""POS_VERB_rate_baixo""]","[""DEP_advcl_rate_baixo""]","[""DEP_advcl_rate_baixo"", ""POS_PRON_rate_baixo"", ""POS_VERB_rate_baixo""]",394,514,2534,0.091203703703703703,0.11898148148148148,0.58657407407407403,0.7665369649805448,1.306803349927369,0.14845516201959308,True,109,141,857,0.075694444444444439,0.097916666666666666,0.59513888888888888,0.77304964539007093,1.2989398942376922,0.12260967379077616,False,114,148,833,0.079166666666666663,0.10277777777777777,0.57847222222222228,0.77027027027027029,1.3315596508873819,0.13148788927335639,False,0.69713361210673042,0.82524350649350653,100,1.2272833268558103,1.4384839421561844,100,0.42999999999999999
corrected_pos_dep,fbadc1bd5861,6c0ca72adca7,"[""DEP_nsubj_rate_baixo"", ""uppercaseRatio_baixo""]","[""DEP_ccomp_rate_baixo""]","[""DEP_ccomp_rate_baixo"", ""DEP_nsubj_rate_baixo"", ""uppercaseRatio_baixo""]",370,478,2561,0.085648148148148154,0.11064814814814815,0.59282407407407411,0.77405857740585771,1.3057138049173391,0.13862869988759835,True,115,155,842,0.079861111111111105,0.1076388888888889,0.58472222222222225,0.74193548387096775,1.2688682859550993,0.13038548752834467,False,131,160,849,0.090972222222222218,0.1111111111111111,0.58958333333333335,0.81874999999999998,1.3886925795053005,0.14920273348519361,True,0.75635710337202877,0.87268668831168827,100,1.2832082032621361,1.4851620475685521,100,0.92000000000000004
corrected_pos_dep,cead9c6146a2,295d4f796a9f,"[""DEP_ccomp_rate_baixo"", ""POS_VERB_rate_baixo""]","[""DEP_advcl_rate_baixo""]","[""DEP_advcl_rate_baixo"", ""DEP_ccomp_rate_baixo"", ""POS_VERB_rate_baixo""]",684,904,2534,0.15833333333333333,0.20925925925925926,0.58657407407407403,0.75663716814159288,1.2899260325065831,0.24836601307189543,True,202,281,857,0.14027777777777778,0.19513888888888889,0.59513888888888888,0.71886120996441283,1.207888147431452,0.21581196581196582,True,220,281,833,0.15277777777777779,0.19513888888888889,0.57847222222222228,0.7829181494661922,1.3534239318503203,0.24608501118568232,True,0.72560908842047633,0.82527777777777778,100,1.2752832687845457,1.4214140834170372,100,1
corrected_pos_dep,eed415da02ef,38dff70680be,"[""DEP_ccomp_rate_baixo"", ""POS_PRON_rate_alto""]","[""uppercaseRatio_baixo""]","[""DEP_ccomp_rate_baixo"", ""POS_PRON_rate_alto"", ""uppercaseRatio_baixo""]",360,655,1882,0.083333333333333329,0.15162037037037038,0.43564814814814817,0.54961832061068705,1.2616105977886121,0.16536518144235185,True,112,223,645,0.077777777777777779,0.15486111111111112,0.44791666666666669,0.50224215246636772,1.1212848055063094,0.14814814814814814,False,111,195,629,0.077083333333333337,0.13541666666666666,0.43680555555555556,0.56923076923076921,1.3031674208144797,0.15568022440392706,False,0.51156597774244827,0.63166278812056742,100,1.1819302999634287,1.4348449944961694,100,0.27000000000000002
corrected_pos_dep,bdbbd0a85df4,231bbfa80568,"[""DEP_ccomp_rate_baixo"", ""POS_ADJ_rate_alto""]","[""uppercaseRatio_baixo""]","[""DEP_ccomp_rate_baixo"", ""POS_ADJ_rate_alto"", ""uppercaseRatio_baixo""]",387,705,1882,0.089583333333333334,0.16319444444444445,0.43564814814814817,0.54893617021276597,1.2600447690324914,0.1759090909090909,True,121,232,645,0.084027777777777785,0.16111111111111112,0.44791666666666669,0.52155172413793105,1.1643945469125903,0.16005291005291006,True,127,228,629,0.08819444444444445,0.15833333333333333,0.43680555555555556,0.55701754385964908,1.2752070956405321,0.17397260273972603,True,0.49276610574529522,0.62147330289797531,100,1.1374488582844089,1.4321270817978597,100,0.85999999999999999
corrected_pos_dep,9a59a88003cf,e8066b29ad40,"[""DEP_obj_rate_baixo"", ""POS_VERB_rate_baixo""]","[""DEP_ccomp_rate_baixo""]","[""DEP_ccomp_rate_baixo"", ""DEP_obj_rate_baixo"", ""POS_VERB_rate_baixo""]",389,521,2561,0.090046296296296291,0.12060185185185185,0.59282407407407411,0.74664107485604603,1.259464835368262,0.14444857036761977,True,151,196,842,0.10486111111111111,0.1361111111111111,0.58472222222222225,0.77040816326530615,1.3175626545154879,0.17023675310033823,True,124,161,849,0.08611111111111111,0.11180555555555556,0.58958333333333335,0.77018633540372672,1.3063231130522572,0.1399548532731377,True,0.70487462994527672,0.82081834532374098,100,1.1831045293597957,1.4011383511735338,100,0.78000000000000003
corrected_pos_dep,5642e26ff2c3,c760b2a99356,"[""DEP_nsubj_rate_baixo"", ""POS_VERB_rate_baixo""]","[""DEP_advcl_rate_baixo""]","[""DEP_advcl_rate_baixo"", ""DEP_nsubj_rate_baixo"", ""POS_VERB_rate_baixo""]",366,498,2534,0.084722222222222227,0.11527777777777778,0.58657407407407403,0.73493975903614461,1.2529359743631194,0.13728432108027006,True,106,149,857,0.073611111111111113,0.10347222222222222,0.59513888888888888,0.71140939597315433,1.195367013070411,0.11777777777777777,False,126,165,833,0.087499999999999994,0.11458333333333333,0.57847222222222228,0.76363636363636367,1.3200916730328496,0.14449541284403669,True,0.69166240409207158,0.83013010235540763,100,1.2246249447442639,1.4188602072149876,100,0.83999999999999997
corrected_pos_dep,3583c1292032,aaea6e78e590,"[""POS_PRON_rate_alto""]","[""uppercaseRatio_baixo""]","[""POS_PRON_rate_alto"", ""uppercaseRatio_baixo""]",631,1163,1882,0.14606481481481481,0.26921296296296299,0.43564814814814817,0.54256233877901983,1.2454140826383451,0.26139188069594033,True,209,406,645,0.1451388888888889,0.28194444444444444,0.44791666666666669,0.51477832512315269,1.1492725398098294,0.24821852731591448,True,202,372,629,0.14027777777777778,0.25833333333333336,0.43680555555555556,0.543010752688172,1.2431406738807118,0.25281602002503129,True,0.49965282915178288,0.58524873076723827,100,1.1521874015569726,1.3275778843136832,100,0.96999999999999997
corrected_pos_dep,9c5cae8f2917,749616b65649,"[""DEP_ccomp_rate_baixo"", ""DEP_obj_rate_baixo""]","[""DEP_advcl_rate_baixo""]","[""DEP_advcl_rate_baixo"", ""DEP_ccomp_rate_baixo"", ""DEP_obj_rate_baixo""]",472,647,2534,0.10925925925925926,0.14976851851851852,0.58657407407407403,0.72952086553323026,1.2436977660235022,0.17423403469915097,True,162,244,857,0.1125,0.16944444444444445,0.59513888888888888,0.66393442622950816,1.1155957686936895,0.17252396166134185,True,158,213,833,0.10972222222222222,0.14791666666666667,0.57847222222222228,0.74178403755868549,1.282315743198688,0.17792792792792791,True,0.67451737451737448,0.79697949985460892,100,1.1769420756721285,1.374348636502116,100,1
corrected_pos_dep,c672065287b4,3624da99214c,"[""DEP_obj_rate_baixo""]","[""DEP_advcl_rate_baixo""]","[""DEP_advcl_rate_baixo"", ""DEP_obj_rate_baixo""]",798,1106,2534,0.18472222222222223,0.25601851851851853,0.58657407407407403,0.72151898734177211,1.2300560478754758,0.28078817733990147,True,270,393,857,0.1875,0.27291666666666664,0.59513888888888888,0.68702290076335881,1.1543908717610696,0.27551020408163263,True,251,349,833,0.17430555555555555,0.24236111111111111,0.57847222222222228,0.71919770773638969,1.2432709473474204,0.26960257787325459,True,0.66696403662279036,0.76131498145817034,100,1.1810683231759729,1.3130075762044491,100,1
corrected_pos_dep,a8f9652488ca,db9a969f6c8b,"[""DEP_amod_rate_alto"", ""DEP_ccomp_rate_baixo""]","[""uppercaseRatio_baixo""]","[""DEP_amod_rate_alto"", ""DEP_ccomp_rate_baixo"", ""uppercaseRatio_baixo""]",407,765,1882,0.094212962962962957,0.17708333333333334,0.43564814814814817,0.53202614379084967,1.2212289804338314,0.18169642857142856,True,127,243,645,0.08819444444444445,0.16875000000000001,0.44791666666666669,0.52263374485596703,1.166810221073787,0.16688567674113008,True,131,251,629,0.090972222222222218,0.17430555555555555,0.43680555555555556,0.52191235059760954,1.1948390856288678,0.17489986648865152,True,0.47185306221253936,0.57208623287179849,100,1.0711901646479856,1.2973077887543036,100,0.70999999999999996
corrected_pos_dep,6e53c5f330fc,a9025f569653,"[""DEP_amod_rate_alto"", ""POS_ADJ_rate_alto""]","[""uppercaseRatio_baixo""]","[""DEP_amod_rate_alto"", ""POS_ADJ_rate_alto"", ""uppercaseRatio_baixo""]",439,832,1882,0.10162037037037037,0.19259259259259259,0.43564814814814817,0.52764423076923073,1.2111706041036541,0.19296703296703296,True,144,276,645,0.10000000000000001,0.19166666666666668,0.44791666666666669,0.52173913043478259,1.1648129423660263,0.18532818532818532,True,147,272,629,0.10208333333333333,0.18888888888888888,0.43680555555555556,0.5404411764705882,1.2372580192649396,0.19496021220159152,True,0.48676886792452828,0.5934428879310345,100,1.1343035851100367,1.3510598949522359,100,0.91000000000000003
corrected_pos_dep,692298c7e196,db6f966588f8,"[""POS_NOUN_rate_alto""]","[""uppercaseRatio_baixo""]","[""POS_NOUN_rate_alto"", ""uppercaseRatio_baixo""]",576,1092,1882,0.13333333333333333,0.25277777777777777,0.43564814814814817,0.52747252747252749,1.2107764711377889,0.24020016680567138,True,178,333,645,0.12361111111111112,0.23125000000000001,0.44791666666666669,0.53453453453453459,1.1933794259375654,0.2225,True,182,357,629,0.12638888888888888,0.24791666666666667,0.43680555555555556,0.50980392156862742,1.1671186757691947,0.2263681592039801,True,0.47099999999999997,0.55997101449275355,100,1.0818182199890285,1.2626780505246902,100,0.72999999999999998
corrected_pos_dep,46440f577adc,64748c9e68b0,"[""POS_ADJ_rate_alto""]","[""uppercaseRatio_baixo""]","[""POS_ADJ_rate_alto"", ""uppercaseRatio_baixo""]",568,1089,1882,0.13148148148148148,0.25208333333333333,0.43564814814814817,0.52157943067033974,1.1972492776279851,0.2363712026633375,True,181,362,645,0.12569444444444444,0.25138888888888888,0.44791666666666669,0.5,1.1162790697674418,0.21912832929782083,True,187,350,629,0.12986111111111112,0.24305555555555555,0.43680555555555556,0.53428571428571425,1.2231660231660231,0.2361111111111111,True,0.48572686887254901,0.57793287566742946,100,1.1291675411115403,1.3329943788789917,100,0.89000000000000001
corrected_pos_dep,cf014d4cf764,41f10c8d976d,"[""DEP_amod_rate_alto""]","[""uppercaseRatio_baixo""]","[""DEP_amod_rate_alto"", ""uppercaseRatio_baixo""]",600,1152,1882,0.1388888888888889,0.26666666666666666,0.43564814814814817,0.52083333333333337,1.1955366631243358,0.24650780608052589,True,192,374,645,0.13333333333333333,0.25972222222222224,0.44791666666666669,0.5133689839572193,1.1461261037184429,0.23216444981862153,True,190,377,629,0.13194444444444445,0.26180555555555557,0.43680555555555556,0.50397877984084882,1.1537828982048048,0.23284313725490197,True,0.46047130409296022,0.54637113637977697,100,1.067187599360395,1.2262775380760682,100,0.54000000000000004
corrected_pos_dep,56957b554c4f,413b4701a914,"[""DEP_advmod_rate_alto""]","[""uppercaseRatio_baixo""]","[""DEP_advmod_rate_alto"", ""uppercaseRatio_baixo""]",602,1166,1882,0.13935185185185187,0.26990740740740743,0.43564814814814817,0.516295025728988,1.1851192939156365,0.24611610793131644,True,202,383,645,0.14027777777777778,0.26597222222222222,0.44791666666666669,0.52741514360313313,1.1774849717651346,0.24455205811138014,True,205,366,629,0.1423611111111111,0.25416666666666665,0.43680555555555556,0.56010928961748629,1.2822851781386015,0.25949367088607594,True,0.51233071698727073,0.62700888636793339,100,1.1900773639803031,1.3717057966792536,100,0.98999999999999999
corrected_pos_dep,c0151b5459e7,c25927785443,"[""DEP_advmod_rate_alto"", ""POS_ADV_rate_alto""]","[""uppercaseRatio_baixo""]","[""DEP_advmod_rate_alto"", ""POS_ADV_rate_alto"", ""uppercaseRatio_baixo""]",520,1008,1882,0.12037037037037036,0.23333333333333334,0.43564814814814817,0.51587301587301593,1.1841505996660089,0.21940928270042195,True,178,326,645,0.12361111111111112,0.22638888888888889,0.44791666666666669,0.54601226993865026,1.2190041375374518,0.2244640605296343,True,187,331,629,0.12986111111111112,0.2298611111111111,0.43680555555555556,0.56495468277945615,1.2933779701151302,0.24191461836998707,True,0.5079573261321727,0.63331289801349677,100,1.1757267420192608,1.3819011827920267,100,1
corrected_pos_dep,38d9c569a5ce,1d9d91f02235,"[""DEP_ccomp_rate_baixo"", ""POS_NOUN_rate_alto""]","[""uppercaseRatio_baixo""]","[""DEP_ccomp_rate_baixo"", ""POS_NOUN_rate_alto"", ""uppercaseRatio_baixo""]",376,729,1882,0.087037037037037038,0.16875000000000001,0.43564814814814817,0.51577503429355276,1.1839256897705357,0.16823266219239374,True,128,233,645,0.088888888888888892,0.16180555555555556,0.44791666666666669,0.54935622317596566,1.2264697075556443,0.17066666666666666,True,127,239,629,0.08819444444444445,0.16597222222222222,0.43680555555555556,0.53138075313807531,1.2165155556738132,0.17139001349527666,True,0.47425488310899705,0.58937095282146157,100,1.0931655962459221,1.3297855829824401,100,0.83999999999999997
corrected_pos_dep,b5d3857df26e,575ce0385139,"[""DEP_advmod_rate_baixo"", ""POS_PROPN_rate_alto""]","[""DEP_advcl_rate_baixo""]","[""DEP_advcl_rate_baixo"", ""DEP_advmod_rate_baixo"", ""POS_PROPN_rate_alto""]",351,506,2534,0.081250000000000003,0.11712962962962963,0.58657407407407403,0.69367588932806323,1.1825887300304787,0.1305317962067683,True,122,179,857,0.084722222222222227,0.12430555555555556,0.59513888888888888,0.68156424581005581,1.1452188027613541,0.13347921225382933,True,122,176,833,0.084722222222222227,0.12222222222222222,0.57847222222222228,0.69318181818181823,1.1982975008185093,0.1375422773393461,True,0.62274393530997307,0.77177304964539006,100,1.0875218502750894,1.3278645154344266,100,0.67000000000000004
corrected_pos_dep,793bbc696d49,763262cc64de,"[""DEP_advcl_rate_baixo"", ""POS_NOUN_rate_alto""]","[""uppercaseRatio_baixo""]","[""DEP_advcl_rate_baixo"", ""POS_NOUN_rate_alto"", ""uppercaseRatio_baixo""]",353,691,1882,0.081712962962962959,0.15995370370370371,0.43564814814814817,0.51085383502170767,1.172629419390955,0.15900900900900902,True,121,237,645,0.084027777777777785,0.16458333333333333,0.44791666666666669,0.51054852320675104,1.1398292611127465,0.15900131406044679,True,109,224,629,0.075694444444444439,0.15555555555555556,0.43680555555555556,0.48660714285714285,1.1140131728367022,0.14650537634408603,False,0.43003227107704722,0.55708976157082746,100,0.96567875059722885,1.245605620239215,100,0.20000000000000001
corrected_pos_dep,e7885bcb6024,33e3e1cab994,"[""DEP_advcl_rate_baixo"", ""DEP_amod_rate_alto""]","[""uppercaseRatio_baixo""]","[""DEP_advcl_rate_baixo"", ""DEP_amod_rate_alto"", ""uppercaseRatio_baixo""]",354,698,1882,0.081944444444444445,0.16157407407407406,0.43564814814814817,0.50716332378223494,1.1641581077254277,0.15902964959568733,True,133,245,645,0.092361111111111116,0.1701388888888889,0.44791666666666669,0.54285714285714282,1.2119601328903655,0.17569352708058125,True,121,222,629,0.084027777777777785,0.15416666666666667,0.43680555555555556,0.54504504504504503,1.2477978773686247,0.16575342465753426,True,0.49642533936651584,0.60020624724478855,100,1.1404657855519524,1.3653451023304992,100,0.73999999999999999
corrected_pos_dep,d4448b7c5c68,728cda3555ce,"[""POS_ADV_rate_alto""]","[""uppercaseRatio_baixo""]","[""POS_ADV_rate_alto"", ""uppercaseRatio_baixo""]",593,1181,1882,0.13726851851851851,0.27337962962962964,0.43564814814814817,0.50211685012701102,1.1525742787187501,0.24008097165991904,True,205,383,645,0.1423611111111111,0.26597222222222222,0.44791666666666669,0.53524804177545693,1.1949723723359038,0.24908869987849333,True,204,372,629,0.14166666666666666,0.25833333333333336,0.43680555555555556,0.54838709677419351,1.2554489973844813,0.25595984943538269,True,0.50276469623485853,0.61196391714580567,100,1.1575408701445975,1.3482016917709607,100,0.98999999999999999
corrected_pos_dep,0f7cc5beef0a,231bbfa80568,"[""POS_ADJ_rate_alto"", ""uppercaseRatio_baixo""]","[""DEP_ccomp_rate_baixo""]","[""DEP_ccomp_rate_baixo"", ""POS_ADJ_rate_alto"", ""uppercaseRatio_baixo""]",387,568,2561,0.089583333333333334,0.13148148148148148,0.59282407407407411,0.68133802816901412,1.149308973717353,0.14113785557986872,True,121,181,842,0.084027777777777785,0.12569444444444444,0.58472222222222225,0.66850828729281764,1.1432920827810658,0.13414634146341464,True,127,187,849,0.08819444444444445,0.12986111111111112,0.58958333333333335,0.67914438502673802,1.1519056707167288,0.1397139713971397,True,0.61303211351755038,0.75203531653862177,100,1.0455535022525597,1.2586595984084403,100,0.88
corrected_pos_dep,a8b60cb484f2,27b247a1a578,"[""DEP_advcl_rate_baixo"", ""POS_NOUN_rate_alto""]","[""DEP_ccomp_rate_baixo""]","[""DEP_advcl_rate_baixo"", ""DEP_ccomp_rate_baixo"", ""POS_NOUN_rate_alto""]",469,691,2561,0.10856481481481481,0.15995370370370371,0.59282407407407411,0.678726483357453,1.1449037126529469,0.16852317642831477,True,164,237,842,0.11388888888888889,0.16458333333333333,0.58472222222222225,0.69198312236286919,1.1834390691241468,0.17923497267759564,True,148,224,849,0.10277777777777777,0.15555555555555556,0.58958333333333335,0.6607142857142857,1.1206461383139827,0.16,True,0.61733677821522315,0.71367073121816205,100,1.0491590368842076,1.2045461320310082,100,0.96999999999999997
corrected_pos_dep,a4a0ab32082c,db9a969f6c8b,"[""DEP_amod_rate_alto"", ""uppercaseRatio_baixo""]","[""DEP_ccomp_rate_baixo""]","[""DEP_amod_rate_alto"", ""DEP_ccomp_rate_baixo"", ""uppercaseRatio_baixo""]",407,600,2561,0.094212962962962957,0.1388888888888889,0.59282407407407411,0.67833333333333334,1.1442405310425614,0.14778503994190267,True,127,192,842,0.08819444444444445,0.13333333333333333,0.58472222222222225,0.66145833333333337,1.1312351543942993,0.14002205071664828,True,131,190,849,0.090972222222222218,0.13194444444444445,0.58958333333333335,0.68947368421052635,1.1694253301097266,0.14427312775330398,True,0.63267336751214243,0.75453008021390378,100,1.0762294658768445,1.2604678834199783,100,0.93999999999999995
corrected_pos_dep,9dd991d064e5,0449a19a868e,"[""DEP_amod_rate_alto"", ""POS_ADJ_rate_alto""]","[""DEP_ccomp_rate_baixo""]","[""DEP_amod_rate_alto"", ""DEP_ccomp_rate_baixo"", ""POS_ADJ_rate_alto""]",561,832,2561,0.12986111111111112,0.19259259259259259,0.59282407407407411,0.67427884615384615,1.1374012555191781,0.19809322033898305,True,184,276,842,0.12777777777777777,0.19166666666666668,0.58472222222222225,0.66666666666666663,1.1401425178147269,0.19700214132762311,True,182,272,849,0.12638888888888888,0.18888888888888888,0.58958333333333335,0.66911764705882348,1.1348991893577218,0.19382321618743345,True,0.60786630036630029,0.73376984126984124,100,1.0430387164798249,1.2271266985544587,100,0.95999999999999996
corrected_pos_dep,2ab69402d49c,40dd9a8492f4,"[""DEP_ccomp_rate_baixo"", ""POS_PROPN_rate_alto""]","[""DEP_advcl_rate_baixo""]","[""DEP_advcl_rate_baixo"", ""DEP_ccomp_rate_baixo"", ""POS_PROPN_rate_alto""]",465,697,2534,0.1076388888888889,0.16134259259259259,0.58657407407407403,0.66714490674318505,1.137358325623741,0.16811279826464209,True,149,221,857,0.10347222222222222,0.15347222222222223,0.59513888888888888,0.67420814479638014,1.1328584930067531,0.16038751345532831,True,169,223,833,0.11736111111111111,0.15486111111111112,0.57847222222222228,0.75784753363228696,1.31008457194537,0.19052987598647125,True,0.69124616760347468,0.80693277310924361,100,1.2064733005294261,1.4074029472846761,100,1
corrected_pos_dep,12141a4f6b1e,b38b5fa88b86,"[""POS_NOUN_rate_alto""]","[""DEP_ccomp_rate_baixo""]","[""DEP_ccomp_rate_baixo"", ""POS_NOUN_rate_alto""]",729,1092,2561,0.16875000000000001,0.25277777777777777,0.59282407407407411,0.66758241758241754,1.1261054447309817,0.24931600547195623,True,233,333,842,0.16180555555555556,0.23125000000000001,0.58472222222222225,0.6996996996996997,1.1966360659947359,0.24734607218683652,True,239,357,849,0.16597222222222222,0.24791666666666667,0.58958333333333335,0.66946778711484589,1.1354930664845444,0.24715615305067218,True,0.619941936966102,0.70905572755417956,100,1.0635481290746223,1.1839926168499901,100,0.98999999999999999
corrected_pos_dep,f41c8a789ada,624c418f9284,"[""POS_NOUN_rate_alto"", ""POS_PROPN_rate_baixo""]","[""DEP_ccomp_rate_baixo""]","[""DEP_ccomp_rate_baixo"", ""POS_NOUN_rate_alto"", ""POS_PROPN_rate_baixo""]",371,556,2561,0.085879629629629625,0.12870370370370371,0.59282407407407411,0.66726618705035967,1.1255720140794823,0.13510560815731973,True,122,173,842,0.084722222222222227,0.12013888888888889,0.58472222222222225,0.7052023121387283,1.2060467095959249,0.1366181410974244,True,104,159,849,0.072222222222222215,0.11041666666666666,0.58958333333333335,0.65408805031446537,1.109407293819588,0.11504424778761062,False,0.56111934900542493,0.71169864108713032,100,0.96673489706927351,1.2061447273656576,100,0.12
corrected_pos_dep,714dc4c2aebf,b1ddd811a80b,"[""POS_PROPN_rate_alto""]","[""DEP_advcl_rate_baixo""]","[""DEP_advcl_rate_baixo"", ""POS_PROPN_rate_alto""]",712,1082,2534,0.1648148148148148,0.25046296296296294,0.58657407407407403,0.65804066543438078,1.1218372828242009,0.24517906336088155,True,234,362,857,0.16250000000000001,0.25138888888888888,0.59513888888888888,0.64640883977900554,1.0861478754746416,0.23756345177664975,True,253,362,833,0.17569444444444443,0.25138888888888888,0.57847222222222228,0.69889502762430944,1.2081738772857209,0.26857749469214437,True,0.64504096611060024,0.75338096276905175,100,1.1230534188034187,1.2911347205489108,100,1
corrected_pos_dep,7d817c58a054,757b92cfcc31,"[""DEP_amod_rate_alto""]","[""DEP_ccomp_rate_baixo""]","[""DEP_amod_rate_alto"", ""DEP_ccomp_rate_baixo""]",765,1152,2561,0.17708333333333334,0.26666666666666666,0.59282407407407411,0.6640625,1.1201679031628271,0.25949796472184533,True,243,374,842,0.16875000000000001,0.25972222222222224,0.58472222222222225,0.64973262032085566,1.1111816784584705,0.24974306269270299,True,251,377,849,0.17430555555555555,0.26180555555555557,0.58958333333333335,0.66578249336870021,1.129242391579421,0.25743589743589745,True,0.62100806451612911,0.7177116137543621,100,1.0620778319654651,1.2010095557516023,100,1
corrected_pos_dep,ad53ca705d2e,f7b0aa33cc43,"[""DEP_ccomp_rate_baixo"", ""POS_ADV_rate_baixo""]","[""DEP_advcl_rate_baixo""]","[""DEP_advcl_rate_baixo"", ""DEP_ccomp_rate_baixo"", ""POS_ADV_rate_baixo""]",516,788,2534,0.11944444444444445,0.18240740740740741,0.58657407407407403,0.65482233502538068,1.1163506264047531,0.18389166072701355,True,186,275,857,0.12916666666666668,0.19097222222222221,0.59513888888888888,0.67636363636363639,1.1364803224779887,0.19661733615221988,True,168,264,833,0.11666666666666667,0.18333333333333332,0.57847222222222228,0.63636363636363635,1.1000763941940412,0.18083961248654468,True,0.58212285902503291,0.69186314363143631,100,1.0057086478072625,1.1938458318874787,100,0.87
corrected_pos_dep,d638798b4791,a8b38a97f77d,"[""DEP_ccomp_rate_baixo"", ""diversidade_baixo""]","[""DEP_advcl_rate_baixo""]","[""DEP_advcl_rate_baixo"", ""DEP_ccomp_rate_baixo"", ""diversidade_baixo""]",408,625,2534,0.094444444444444442,0.14467592592592593,0.58657407407407403,0.65280000000000005,1.1129029202841358,0.14830970556161396,True,136,204,857,0.094444444444444442,0.14166666666666666,0.59513888888888888,0.66666666666666663,1.1201866977829638,0.14702702702702702,True,150,232,833,0.10416666666666667,0.16111111111111112,0.57847222222222228,0.64655172413793105,1.1176884546922217,0.16393442622950818,True,0.5904706481414127,0.6945439345910005,100,1.0345511429784087,1.2016030781769402,100,0.93999999999999995
corrected_pos_dep,70cb1095ce1a,77f301ed9e03,"[""DEP_advcl_rate_baixo"", ""DEP_amod_rate_alto""]","[""DEP_ccomp_rate_baixo""]","[""DEP_advcl_rate_baixo"", ""DEP_amod_rate_alto"", ""DEP_ccomp_rate_baixo""]",460,698,2561,0.10648148148148148,0.16157407407407406,0.59282407407407411,0.65902578796561606,1.1116717704066619,0.16434440871739908,True,156,245,842,0.10833333333333334,0.1701388888888889,0.58472222222222225,0.63673469387755099,1.0889524455863104,0.16756176154672395,True,147,222,849,0.10208333333333333,0.15416666666666667,0.58958333333333335,0.66216216216216217,1.1231019004870595,0.15909090909090909,True,0.60916189484643413,0.72852022695772689,100,1.0385794725239001,1.2373958245599967,100,0.95999999999999996
corrected_pos_dep,a9cc0766f780,b86bb0636b87,"[""DEP_advmod_rate_baixo"", ""POS_ADV_rate_baixo""]","[""DEP_advcl_rate_baixo""]","[""DEP_advcl_rate_baixo"", ""DEP_advmod_rate_baixo"", ""POS_ADV_rate_baixo""]",798,1231,2534,0.18472222222222223,0.28495370370370371,0.58657407407407403,0.64825345247766042,1.1051519000408419,0.26895854398382202,True,286,426,857,0.1986111111111111,0.29583333333333334,0.59513888888888888,0.67136150234741787,1.1280753364997453,0.28686058174523571,True,259,416,833,0.17986111111111111,0.28888888888888886,0.57847222222222228,0.62259615384615385,1.0762766645119586,0.26161616161616164,True,0.57913628529762695,0.66888625901155208,100,1.008757946916353,1.1564230023141977,100,0.73999999999999999
corrected_pos_dep,ba4f4bdbb3e8,40dd9a8492f4,"[""DEP_advcl_rate_baixo"", ""POS_PROPN_rate_alto""]","[""DEP_ccomp_rate_baixo""]","[""DEP_advcl_rate_baixo"", ""DEP_ccomp_rate_baixo"", ""POS_PROPN_rate_alto""]",465,712,2561,0.1076388888888889,0.1648148148148148,0.59282407407407411,0.6530898876404494,1.1016588499050142,0.16559829059829059,True,149,234,842,0.10347222222222222,0.16250000000000001,0.58472222222222225,0.63675213675213671,1.0889822766307327,0.16073354908306364,True,169,253,849,0.11736111111111111,0.17569444444444443,0.58958333333333335,0.66798418972332019,1.1329767175519212,0.18113612004287247,True,0.61230027354983518,0.73389492753623187,100,1.0602429843140748,1.2290529038351712,100,0.98999999999999999
corrected_pos_dep,9d2f2cf10054,1d9d91f02235,"[""POS_NOUN_rate_alto"", ""uppercaseRatio_baixo""]","[""DEP_ccomp_rate_baixo""]","[""DEP_ccomp_rate_baixo"", ""POS_NOUN_rate_alto"", ""uppercaseRatio_baixo""]",376,576,2561,0.087037037037037038,0.13333333333333333,0.59282407407407411,0.65277777777777779,1.1011323701679032,0.13618254255704454,True,128,178,842,0.088888888888888892,0.12361111111111112,0.58472222222222225,0.7191011235955056,1.2298166484293682,0.14349775784753363,True,127,182,849,0.08819444444444445,0.12638888888888888,0.58958333333333335,0.69780219780219777,1.1835514309012543,0.14048672566371681,True,0.61755776636713733,0.75549818840579708,100,1.0667820572915294,1.2757358426609393,100,0.91000000000000003
corrected_pos_dep,c39dc0f07e9d,41a962e4c892,"[""DEP_advmod_rate_baixo"", ""DEP_ccomp_rate_baixo""]","[""DEP_advcl_rate_baixo""]","[""DEP_advcl_rate_baixo"", ""DEP_advmod_rate_baixo"", ""DEP_ccomp_rate_baixo""]",560,869,2534,0.12962962962962962,0.2011574074074074,0.58657407407407403,0.64441887226697359,1.0986146520099944,0.1969750263805839,True,193,296,857,0.13402777777777777,0.20555555555555555,0.59513888888888888,0.65202702702702697,1.0955880034059731,0.20104166666666667,True,184,290,833,0.12777777777777777,0.2013888888888889,0.57847222222222228,0.6344827586206897,1.0968249368713003,0.1959531416400426,True,0.58556624244912314,0.67951990632318504,100,1.0126577505966958,1.1798442762365629,100,0.87
corrected_pos_dep,1a6f3c48df21,27b247a1a578,"[""DEP_ccomp_rate_baixo"", ""POS_NOUN_rate_alto""]","[""DEP_advcl_rate_baixo""]","[""DEP_advcl_rate_baixo"", ""DEP_ccomp_rate_baixo"", ""POS_NOUN_rate_alto""]",469,729,2534,0.10856481481481481,0.16875000000000001,0.58657407407407403,0.64334705075445819,1.0967873951299365,0.16785969935576234,True,164,233,857,0.11388888888888889,0.16180555555555556,0.59513888888888888,0.70386266094420602,1.1826863847837301,0.17710583153347731,True,148,239,833,0.10277777777777777,0.16597222222222222,0.57847222222222228,0.61924686192468614,1.0704867721147036,0.16017316017316016,True,0.56325252921060132,0.66939924906132664,100,0.99840495452658329,1.1597294044919724,100,0.68000000000000005
corrected_pos_dep,0d6a1ab9b984,0be090b950f3,"[""POS_ADV_rate_baixo""]","[""DEP_advcl_rate_baixo""]","[""DEP_advcl_rate_baixo"", ""POS_ADV_rate_baixo""]",820,1278,2534,0.18981481481481483,0.29583333333333334,0.58657407407407403,0.64162754303599379,1.0938559533999577,0.27406417112299464,True,294,443,857,0.20416666666666666,0.30763888888888891,0.59513888888888888,0.66365688487584651,1.1151294214950047,0.2922465208747515,True,269,434,833,0.18680555555555556,0.30138888888888887,0.57847222222222228,0.61981566820276501,1.0714700626794496,0.26953907815631262,True,0.57185507129187896,0.6660543071161048,100,1.0019430735000845,1.1445835821807779,100,0.71999999999999997
corrected_pos_dep,679c1c019611,e31526165276,"[""POS_ADJ_rate_alto""]","[""DEP_ccomp_rate_baixo""]","[""DEP_ccomp_rate_baixo"", ""POS_ADJ_rate_alto""]",705,1089,2561,0.16319444444444445,0.25208333333333333,0.59282407407407411,0.64738292011019283,1.0920321026458544,0.23938879456706283,True,232,362,842,0.16111111111111112,0.25138888888888888,0.58472222222222225,0.64088397790055252,1.0960486082859806,0.23868312757201646,True,228,350,849,0.15833333333333333,0.24305555555555555,0.58958333333333335,0.65142857142857147,1.1048965169106513,0.23480947476828012,True,0.59883076564864757,0.70739352020385871,100,1.0269282927834185,1.179822829777992,100,0.91000000000000003
corrected_pos_dep,cfeb8222ad8a,2d6fe5ae264a,"[""diversidade_baixo""]","[""DEP_advcl_rate_baixo""]","[""DEP_advcl_rate_baixo"", ""diversidade_baixo""]",696,1087,2534,0.16111111111111112,0.25162037037037038,0.58657407407407403,0.64029438822447104,1.091583171716541,0.23794871794871794,True,220,346,857,0.15277777777777779,0.24027777777777778,0.59513888888888888,0.63583815028901736,1.0683861568450232,0.22380467955239064,True,225,354,833,0.15625,0.24583333333333332,0.57847222222222228,0.63559322033898302,1.0987445825787943,0.2338877338877339,True,0.59457472105359432,0.67314062499999994,100,1.0400485955691905,1.1648404595205477,100,0.93999999999999995
corrected_pos_dep,4c6216a0caaf,72a1ffe031c3,"[""DEP_advcl_rate_baixo"", ""POS_ADJ_rate_alto""]","[""DEP_ccomp_rate_baixo""]","[""DEP_advcl_rate_baixo"", ""DEP_ccomp_rate_baixo"", ""POS_ADJ_rate_alto""]",429,663,2561,0.09930555555555555,0.15347222222222223,0.59282407407407411,0.6470588235294118,1.0914854032202495,0.15348837209302327,True,148,224,842,0.10277777777777777,0.15555555555555556,0.58472222222222225,0.6607142857142857,1.1299626739056667,0.16122004357298475,True,138,208,849,0.09583333333333334,0.14444444444444443,0.58958333333333335,0.66346153846153844,1.1253057896167438,0.15016322089227421,True,0.60366787971652947,0.72901837167488814,100,1.035777937174855,1.2298338543840364,100,0.93000000000000005
corrected_pos_dep,7c209330a1d6,f44ef52cb2f0,"[""DEP_advmod_rate_baixo"", ""POS_PRON_rate_baixo""]","[""DEP_advcl_rate_baixo""]","[""DEP_advcl_rate_baixo"", ""DEP_advmod_rate_baixo"", ""POS_PRON_rate_baixo""]",356,557,2534,0.082407407407407401,0.12893518518518518,0.58657407407407403,0.6391382405745063,1.0896121544127337,0.13016453382084095,True,105,168,857,0.072916666666666671,0.11666666666666667,0.59513888888888888,0.625,1.0501750291715286,0.11413043478260869,False,127,189,833,0.08819444444444445,0.13125000000000001,0.57847222222222228,0.67195767195767198,1.1616075001429143,0.14189944134078211,True,0.59906447898675874,0.72942215021601842,100,1.0526580021302314,1.2581469789799258,100,0.87
corrected_pos_dep,2698eb8a7fd7,c29b979659d6,"[""POS_PROPN_rate_alto""]","[""DEP_ccomp_rate_baixo""]","[""DEP_ccomp_rate_baixo"", ""POS_PROPN_rate_alto""]",697,1082,2561,0.16134259259259259,0.25046296296296294,0.59282407407407411,0.64417744916820707,1.086624982587526,0.23659198913781398,True,221,362,842,0.15347222222222223,0.25138888888888888,0.58472222222222225,0.61049723756906082,1.0440807863413866,0.22482197355035605,False,223,362,849,0.15486111111111112,0.25138888888888888,0.58958333333333335,0.61602209944751385,1.0448431368721083,0.22570850202429149,False,0.56747991680955101,0.66857402361489549,100,0.97964731096526902,1.1196313705782304,100,0.46999999999999997
corrected_pos_dep,367f068cdc49,11e010b31664,"[""DEP_advmod_rate_baixo""]","[""DEP_advcl_rate_baixo""]","[""DEP_advcl_rate_baixo"", ""DEP_advmod_rate_baixo""]",896,1409,2534,0.2074074074074074,0.3261574074074074,0.58657407407407403,0.63591199432221435,1.0841120029486844,0.2940597308828356,True,314,487,857,0.21805555555555556,0.33819444444444446,0.59513888888888888,0.64476386036960986,1.0833838493958439,0.30485436893203882,True,295,479,833,0.2048611111111111,0.33263888888888887,0.57847222222222228,0.615866388308977,1.0646429761883878,0.29006882989183874,True,0.57239795918367342,0.65831433456825306,100,1.0136000214035492,1.1404821934044207,100,0.67000000000000004
corrected_pos_dep,23966564f206,c2a6c625af8e,"[""POS_PRON_rate_baixo"", ""uppercaseRatio_baixo""]","[""DEP_ccomp_rate_baixo""]","[""DEP_ccomp_rate_baixo"", ""POS_PRON_rate_baixo"", ""uppercaseRatio_baixo""]",350,547,2561,0.081018518518518517,0.12662037037037038,0.59282407407407411,0.63985374771480807,1.0793315853682042,0.12690355329949238,True,108,168,842,0.074999999999999997,0.11666666666666667,0.58472222222222225,0.6428571428571429,1.0994231421784866,0.11973392461197339,False,112,179,849,0.077777777777777779,0.12430555555555556,0.58958333333333335,0.62569832402234637,1.0612551078824248,0.1222707423580786,False,0.56019382627422831,0.69054275170589052,100,0.97026654620638231,1.1502102648609578,100,0.33000000000000002
corrected_pos_dep,93993666a2b1,c206aeeaf203,"[""POS_NOUN_rate_alto""]","[""DEP_advcl_rate_baixo""]","[""DEP_advcl_rate_baixo"", ""POS_NOUN_rate_alto""]",691,1092,2534,0.15995370370370371,0.25277777777777777,0.58657407407407403,0.63278388278388276,1.0787791529701554,0.23543441226575809,True,237,333,857,0.16458333333333333,0.23125000000000001,0.59513888888888888,0.71171171171171166,1.1958749881737045,0.24868835257082897,True,224,357,833,0.15555555555555556,0.24791666666666667,0.57847222222222228,0.62745098039215685,1.0846691617823601,0.2318840579710145,True,0.58261117221873038,0.68018918021905073,100,1.0172352388550421,1.1619872277057923,100,0.83999999999999997
corrected_pos_dep,530864404d97,e485a8970aca,"[""DEP_advmod_rate_baixo"", ""POS_PRON_rate_baixo""]","[""DEP_ccomp_rate_baixo""]","[""DEP_advmod_rate_baixo"", ""DEP_ccomp_rate_baixo"", ""POS_PRON_rate_baixo""]",356,557,2561,0.082407407407407401,0.12893518518518518,0.59282407407407411,0.6391382405745063,1.0781246385325525,0.12889210716871832,True,105,168,842,0.072916666666666671,0.11666666666666667,0.58472222222222225,0.625,1.0688836104513064,0.11602209944751381,False,117,189,849,0.081250000000000003,0.13125000000000001,0.58958333333333335,0.61904761904761907,1.0499747602221101,0.12703583061889251,False,0.55318571891191715,0.68512737062037921,100,0.94453480865496009,1.1494411318408173,100,0.34999999999999998
corrected_pos_dep,e326c83039ac,2ae518b1157e,"[""DEP_advcl_rate_baixo"", ""punctuationDensity_spacy_baixo""]","[""DEP_ccomp_rate_baixo""]","[""DEP_advcl_rate_baixo"", ""DEP_ccomp_rate_baixo"", ""punctuationDensity_spacy_baixo""]",382,602,2561,0.088425925925925922,0.13935185185185187,0.59282407407407411,0.63455149501661134,1.0703875277125188,0.13736066163250629,True,126,201,842,0.087499999999999994,0.13958333333333334,0.58472222222222225,0.62686567164179108,1.0720743077959372,0.13740458015267176,True,119,203,849,0.082638888888888887,0.14097222222222222,0.58958333333333335,0.58620689655172409,0.99427318143048615,0.12754555198285103,False,0.52550062578222778,0.65397992530345472,100,0.88914937127919447,1.0923009892484452,100,0.13
corrected_pos_dep,acff811bbbf2,f7b0aa33cc43,"[""DEP_advcl_rate_baixo"", ""POS_ADV_rate_baixo""]","[""DEP_ccomp_rate_baixo""]","[""DEP_advcl_rate_baixo"", ""DEP_ccomp_rate_baixo"", ""POS_ADV_rate_baixo""]",516,820,2561,0.11944444444444445,0.18981481481481483,0.59282407407407411,0.62926829268292683,1.0614756049942382,0.18010471204188483,True,186,294,842,0.12916666666666668,0.20416666666666666,0.58472222222222225,0.63265306122448983,1.0819719811915265,0.19578947368421051,True,168,269,849,0.11666666666666667,0.18680555555555556,0.58958333333333335,0.62453531598513012,1.059282514745097,0.17684210526315788,True,0.56507534730397935,0.67311965811965813,100,0.96967824977107164,1.1350038065019059,100,0.56999999999999995
corrected_pos_dep,0b6b1f165afa,feed2c37682a,"[""DEP_advcl_rate_baixo"", ""POS_PRON_rate_baixo""]","[""DEP_ccomp_rate_baixo""]","[""DEP_advcl_rate_baixo"", ""DEP_ccomp_rate_baixo"", ""POS_PRON_rate_baixo""]",555,883,2561,0.12847222222222221,0.20439814814814813,0.59282407407407411,0.62853907134767839,1.0602455244912028,0.19210799584631361,True,166,275,842,0.11527777777777778,0.19097222222222221,0.58472222222222225,0.60363636363636364,1.0323472252213344,0.17455310199789695,False,178,285,849,0.12361111111111112,0.19791666666666666,0.58958333333333335,0.62456140350877198,1.0593267621350195,0.18619246861924685,True,0.56423994159636603,0.67969773674806433,100,0.97839845070321552,1.1347868933590224,100,0.54000000000000004
corrected_pos_dep,b208a328a620,b5b380a56589,"[""DEP_advcl_rate_baixo"", ""diversidade_alto""]","[""DEP_ccomp_rate_baixo""]","[""DEP_advcl_rate_baixo"", ""DEP_ccomp_rate_baixo"", ""diversidade_alto""]",379,603,2561,0.08773148148148148,0.13958333333333334,0.59282407407407411,0.62852404643449422,1.0602201798504549,0.13608617594254938,True,151,226,842,0.10486111111111111,0.15694444444444444,0.58472222222222225,0.66814159292035402,1.142664957013432,0.16466739367502725,True,102,195,849,0.070833333333333331,0.13541666666666666,0.58958333333333335,0.52307692307692311,0.88719760804566461,0.10828025477707007,False,0.46526687598116173,0.58807734176559012,100,0.79925196214728333,1.0103556969665457,100,0
corrected_pos_dep,38f3353a775e,f879ebf22866,"[""DEP_amod_rate_alto"", ""POS_ADJ_rate_alto""]","[""DEP_advcl_rate_baixo""]","[""DEP_advcl_rate_baixo"", ""DEP_amod_rate_alto"", ""POS_ADJ_rate_alto""]",516,832,2534,0.11944444444444445,0.19259259259259259,0.58657407407407403,0.62019230769230771,1.0573128528929634,0.18105263157894738,True,185,276,857,0.12847222222222221,0.19166666666666668,0.59513888888888888,0.67028985507246375,1.1262746689665668,0.19514767932489452,True,167,272,833,0.11597222222222223,0.18888888888888888,0.57847222222222228,0.61397058823529416,1.0613657227596922,0.17803837953091683,True,0.55996926948484049,0.66098608361476652,100,0.985051029123583,1.1404126180251772,100,0.59999999999999998
corrected_pos_dep,f29a269a9955,41a962e4c892,"[""DEP_advcl_rate_baixo"", ""DEP_advmod_rate_baixo""]","[""DEP_ccomp_rate_baixo""]","[""DEP_advcl_rate_baixo"", ""DEP_advmod_rate_baixo"", ""DEP_ccomp_rate_baixo""]",560,896,2561,0.12962962962962962,0.2074074074074074,0.59282407407407411,0.625,1.0542756735650136,0.19330341732827064,True,193,314,842,0.13402777777777777,0.21805555555555556,0.58472222222222225,0.61464968152866239,1.0511823532081637,0.20041536863966772,True,184,295,849,0.12777777777777777,0.2048611111111111,0.58958333333333335,0.62372881355932208,1.0579145954363058,0.19166666666666668,True,0.58201380158878757,0.67586347486749376,100,0.98734407446820527,1.1235077335590069,100,0.55000000000000004
corrected_pos_dep,670282c704b5,3fd56667412d,"[""diversidade_alto""]","[""DEP_ccomp_rate_baixo""]","[""DEP_ccomp_rate_baixo"", ""diversidade_alto""]",693,1110,2561,0.16041666666666668,0.25694444444444442,0.59282407407407411,0.62432432432432428,1.0531359160800786,0.23270651443922094,True,247,386,842,0.17152777777777778,0.26805555555555555,0.58472222222222225,0.63989637305699487,1.0943595928765708,0.25178389398572887,True,205,382,849,0.1423611111111111,0.26527777777777778,0.58958333333333335,0.53664921465968585,0.91021774924611032,0.19980506822612085,False,0.49517753227859612,0.58341595427183979,100,0.84296262486735341,0.9722197365162254,100,0
corrected_pos_dep,dd1a1cb0c8bd,dd85c312aed9,"[""POS_PRON_rate_baixo""]","[""DEP_ccomp_rate_baixo""]","[""DEP_ccomp_rate_baixo"", ""POS_PRON_rate_baixo""]",903,1448,2561,0.20902777777777778,0.3351851851851852,0.59282407407407411,0.62361878453038677,1.0519457825737097,0.2907276239536381,True,264,434,842,0.18333333333333332,0.30138888888888887,0.58472222222222225,0.60829493087557607,1.0403143710936218,0.2608695652173913,False,281,457,849,0.19513888888888889,0.31736111111111109,0.58958333333333335,0.61487964989059085,1.0429054132419915,0.27414634146341466,False,0.56375505561172912,0.6601102941176471,100,0.98256468690026477,1.0954061750103361,100,0.31
corrected_pos_dep_complete,085a0170a18a,e9d1653f6fde,"[""POS_ADV_rate_alto"", ""uppercaseRatio_baixo""]","[""DEP_complete_advmod_rate_alto""]","[""DEP_complete_advmod_rate_alto"", ""POS_ADV_rate_alto"", ""uppercaseRatio_baixo""]",422,593,1064,0.09768518518518518,0.13726851851851851,0.24629629629629629,0.71163575042158511,2.8893481596064361,0.34170040485829961,True,148,205,356,0.10277777777777777,0.1423611111111111,0.24722222222222223,0.7219512195121951,2.9202521238695534,0.3583535108958838,True,153,204,356,0.10625,0.14166666666666666,0.24722222222222223,0.75,3.0337078651685392,0.37592137592137592,True,0.69919602771813394,0.80911543009163456,100,2.7737231691404829,3.3069858676261634,100,1
corrected_pos_dep_complete,3e0549b9ca99,e9d1653f6fde,"[""DEP_complete_advmod_rate_alto"", ""uppercaseRatio_baixo""]","[""POS_ADV_rate_alto""]","[""DEP_complete_advmod_rate_alto"", ""POS_ADV_rate_alto"", ""uppercaseRatio_baixo""]",422,535,1181,0.09768518518518518,0.12384259259259259,0.27337962962962964,0.78878504672897198,2.8853102471373062,0.3261205564142195,True,148,181,383,0.10277777777777777,0.12569444444444444,0.26597222222222222,0.81767955801104975,3.0743043434358004,0.35576923076923078,True,153,187,372,0.10625,0.12986111111111112,0.25833333333333336,0.81818181818181823,3.1671554252199412,0.37684729064039407,True,0.76943106144687723,0.8628996020745775,100,2.8702697637371002,3.4346024884251065,100,1
corrected_pos_dep_complete,b86a16fc9dbf,c831946199a6,"[""DEP_complete_amod_rate_alto"", ""uppercaseRatio_baixo""]","[""POS_ADJ_rate_alto""]","[""DEP_complete_amod_rate_alto"", ""POS_ADJ_rate_alto"", ""uppercaseRatio_baixo""]",381,527,1089,0.08819444444444445,0.12199074074074075,0.25208333333333333,0.72296015180265649,2.867941098060125,0.30850202429149798,True,134,187,362,0.093055555555555558,0.12986111111111112,0.25138888888888888,0.71657754010695185,2.8504741926906374,0.32289156626506021,True,129,172,350,0.089583333333333334,0.11944444444444445,0.24305555555555555,0.75,3.0857142857142859,0.3282442748091603,True,0.68393854748603355,0.82095809292438504,100,2.7904284857646724,3.3959670309392487,100,0.88
corrected_pos_dep_complete,e269d730129b,6b5319dd01d4,"[""DEP_complete_ccomp_rate_baixo"", ""POS_ADJ_rate_alto""]","[""DEP_complete_amod_rate_alto""]","[""DEP_complete_amod_rate_alto"", ""DEP_complete_ccomp_rate_baixo"", ""POS_ADJ_rate_alto""]",542,762,1072,0.12546296296296297,0.1763888888888889,0.24814814814814815,0.71128608923884518,2.8663767775296747,0.41950464396284831,True,183,256,365,0.12708333333333333,0.17777777777777778,0.25347222222222221,0.71484375,2.8202054794520546,0.4178082191780822,True,177,245,338,0.12291666666666666,0.1701388888888889,0.23472222222222222,0.72244897959183674,3.0778891438232097,0.43596059113300495,True,0.6601168929110105,0.78380602240896347,100,2.8317434445253995,3.3693810499020227,100,1
corrected_pos_dep_complete,9cd4a8d1d951,6b5319dd01d4,"[""DEP_complete_amod_rate_alto""]","[""DEP_complete_ccomp_rate_baixo"", ""POS_ADJ_rate_alto""]","[""DEP_complete_amod_rate_alto"", ""DEP_complete_ccomp_rate_baixo"", ""POS_ADJ_rate_alto""]",542,1072,762,0.12546296296296297,0.24814814814814815,0.1763888888888889,0.50559701492537312,2.8663767775296747,0.41950464396284831,True,183,365,256,0.12708333333333333,0.25347222222222221,0.17777777777777778,0.50136986301369868,2.8202054794520546,0.4178082191780822,True,177,338,245,0.12291666666666666,0.23472222222222222,0.1701388888888889,0.52366863905325445,3.0778891438232097,0.43596059113300495,True,0.48438466295609156,0.58816943598570104,100,2.8317434445253995,3.3693810499020227,100,0.81999999999999995
corrected_pos_dep_complete,78c9d6295152,bdc3eca659c3,"[""DEP_complete_advmod_rate_alto"", ""DEP_complete_ccomp_rate_baixo""]","[""POS_ADV_rate_alto""]","[""DEP_complete_advmod_rate_alto"", ""DEP_complete_ccomp_rate_baixo"", ""POS_ADV_rate_alto""]",507,650,1181,0.11736111111111111,0.15046296296296297,0.27337962962962964,0.78000000000000003,2.8531752751905164,0.38293051359516617,True,159,219,383,0.11041666666666666,0.15208333333333332,0.26597222222222222,0.72602739726027399,2.7297113630673486,0.35891647855530473,True,166,217,372,0.11527777777777778,0.15069444444444444,0.25833333333333336,0.76497695852534564,2.9612011297755316,0.39243498817966904,True,0.71075932071052117,0.81954539966191731,100,2.6903032066706327,3.2513162705174281,100,1
corrected_pos_dep_complete,4e5185513dfb,8791b16a98cf,"[""DEP_complete_advmod_rate_alto""]","[""POS_ADV_rate_alto""]","[""DEP_complete_advmod_rate_alto"", ""POS_ADV_rate_alto""]",827,1064,1181,0.19143518518518518,0.24629629629629629,0.27337962962962964,0.77725563909774431,2.8431366307385737,0.58321579689703806,True,270,356,383,0.1875,0.24722222222222223,0.26597222222222222,0.7584269662921348,2.8515269750931442,0.57569296375266521,True,278,356,372,0.19305555555555556,0.24722222222222223,0.25833333333333336,0.7808988764044944,3.0228343602754619,0.61777777777777776,True,0.74430018973800005,0.82011303665668234,100,2.7963574277699528,3.3039045514057834,100,1
corrected_pos_dep_complete,cd646a1e0e24,8791b16a98cf,"[""POS_ADV_rate_alto""]","[""DEP_complete_advmod_rate_alto""]","[""DEP_complete_advmod_rate_alto"", ""POS_ADV_rate_alto""]",827,1181,1064,0.19143518518518518,0.27337962962962964,0.24629629629629629,0.70025402201524134,2.8431366307385737,0.58321579689703806,True,270,383,356,0.1875,0.26597222222222222,0.24722222222222223,0.70496083550913835,2.8515269750931442,0.57569296375266521,True,278,372,356,0.19305555555555556,0.25833333333333336,0.24722222222222223,0.74731182795698925,3.0228343602754619,0.61777777777777776,True,0.70842866925819259,0.78751782411655913,100,2.7963574277699528,3.3039045514057834,100,1
corrected_pos_dep_complete,a02bd7dfc0b7,2e76ac323433,"[""DEP_complete_advcl_rate_baixo"", ""POS_ADV_rate_alto""]","[""DEP_complete_advmod_rate_alto""]","[""DEP_complete_advcl_rate_baixo"", ""DEP_complete_advmod_rate_alto"", ""POS_ADV_rate_alto""]",497,718,1064,0.1150462962962963,0.16620370370370371,0.24629629629629629,0.69220055710306405,2.8104383521477789,0.38677042801556422,True,165,238,356,0.11458333333333333,0.16527777777777777,0.24722222222222223,0.69327731092436973,2.8042677745255404,0.38461538461538464,True,165,224,356,0.11458333333333333,0.15555555555555556,0.24722222222222223,0.7366071428571429,2.9795345104333868,0.39759036144578314,True,0.6807909604519774,0.77949551976462039,100,2.7495160665892371,3.2539003545105794,100,1
corrected_pos_dep_complete,4e4fe7096fbc,d3157b07ed0e,"[""DEP_complete_advcl_rate_baixo"", ""POS_ADJ_rate_alto""]","[""DEP_complete_amod_rate_alto""]","[""DEP_complete_advcl_rate_baixo"", ""DEP_complete_amod_rate_alto"", ""POS_ADJ_rate_alto""]",503,726,1072,0.11643518518518518,0.16805555555555557,0.24814814814814815,0.69283746556473824,2.7920315776489453,0.38841698841698841,True,186,251,365,0.12916666666666668,0.17430555555555555,0.25347222222222221,0.74103585657370519,2.9235387218250288,0.4325581395348837,True,164,229,338,0.11388888888888889,0.15902777777777777,0.23472222222222222,0.71615720524017468,3.0510839513190873,0.40694789081885857,True,0.66181937217290754,0.76364830508474568,100,2.8066999681857894,3.2749654366538401,100,1
corrected_pos_dep_complete,dba1f65c01fb,2e76ac323433,"[""DEP_complete_advcl_rate_baixo"", ""DEP_complete_advmod_rate_alto""]","[""POS_ADV_rate_alto""]","[""DEP_complete_advcl_rate_baixo"", ""DEP_complete_advmod_rate_alto"", ""POS_ADV_rate_alto""]",497,654,1181,0.1150462962962963,0.15138888888888888,0.27337962962962964,0.75993883792048933,2.7797932089894273,0.37144992526158443,True,165,229,383,0.11458333333333333,0.15902777777777777,0.26597222222222222,0.72052401746724892,2.7090198045766019,0.36912751677852351,True,165,212,372,0.11458333333333333,0.14722222222222223,0.25833333333333336,0.77830188679245282,3.0127814972611078,0.3937947494033413,True,0.72396610052471688,0.82959422110552761,100,2.7738716332367792,3.2991260946661041,100,1
corrected_pos_dep_complete,8c878fca3934,bdc3eca659c3,"[""DEP_complete_ccomp_rate_baixo"", ""POS_ADV_rate_alto""]","[""DEP_complete_advmod_rate_alto""]","[""DEP_complete_advmod_rate_alto"", ""DEP_complete_ccomp_rate_baixo"", ""POS_ADV_rate_alto""]",507,751,1064,0.11736111111111111,0.1738425925925926,0.24629629629629629,0.67509986684420775,2.7410069781644526,0.38761467889908258,True,159,236,356,0.11041666666666666,0.16388888888888889,0.24722222222222223,0.67372881355932202,2.7251952009141114,0.3672055427251732,True,166,230,356,0.11527777777777778,0.15972222222222221,0.24722222222222223,0.72173913043478266,2.9193942354665365,0.39523809523809522,True,0.65925019943669305,0.78655599656726016,100,2.6499168989206532,3.2311911989787387,100,1
corrected_pos_dep_complete,e55317482dd0,d3157b07ed0e,"[""DEP_complete_advcl_rate_baixo"", ""DEP_complete_amod_rate_alto""]","[""POS_ADJ_rate_alto""]","[""DEP_complete_advcl_rate_baixo"", ""DEP_complete_amod_rate_alto"", ""POS_ADJ_rate_alto""]",503,731,1089,0.11643518518518518,0.16921296296296295,0.25208333333333333,0.68809849521203825,2.7296469231551934,0.38192862566438879,True,186,271,362,0.12916666666666668,0.18819444444444444,0.25138888888888888,0.68634686346863472,2.7302195673890441,0.41610738255033558,True,164,233,350,0.11388888888888889,0.16180555555555556,0.24305555555555555,0.70386266094420602,2.8958920907418761,0.39140811455847258,True,0.65787672355844107,0.76920873096028197,100,2.6152393691653404,3.1351436999823608,100,1
corrected_pos_dep_complete,93067993be40,99f5ddc61283,"[""DEP_complete_amod_rate_alto""]","[""POS_ADJ_rate_alto""]","[""DEP_complete_amod_rate_alto"", ""POS_ADJ_rate_alto""]",737,1072,1089,0.17060185185185187,0.24814814814814815,0.25208333333333333,0.6875,2.7272727272727271,0.5175561797752809,True,251,365,362,0.17430555555555555,0.25347222222222221,0.25138888888888888,0.68767123287671228,2.7354877771891317,0.52731092436974791,True,239,338,350,0.16597222222222222,0.23472222222222222,0.24305555555555555,0.70710059171597628,2.9092138630600171,0.53229398663697103,True,0.66551190181663955,0.76556174089068829,100,2.6805412817125696,3.1034080012948211,100,1
corrected_pos_dep_complete,d0a1d36e551d,99f5ddc61283,"[""POS_ADJ_rate_alto""]","[""DEP_complete_amod_rate_alto""]","[""DEP_complete_amod_rate_alto"", ""POS_ADJ_rate_alto""]",737,1089,1072,0.17060185185185187,0.25208333333333333,0.24814814814814815,0.6767676767676768,2.7272727272727271,0.5175561797752809,True,251,362,365,0.17430555555555555,0.25138888888888888,0.25347222222222221,0.6933701657458563,2.7354877771891317,0.52731092436974791,True,239,350,338,0.16597222222222222,0.24305555555555555,0.23472222222222222,0.68285714285714283,2.9092138630600171,0.53229398663697103,True,0.62763151528834993,0.72868751144479027,100,2.6805412817125696,3.1034080012948211,100,1
corrected_pos_dep_complete,60d93eae3b97,6b5319dd01d4,"[""DEP_complete_amod_rate_alto"", ""DEP_complete_ccomp_rate_baixo""]","[""POS_ADJ_rate_alto""]","[""DEP_complete_amod_rate_alto"", ""DEP_complete_ccomp_rate_baixo"", ""POS_ADJ_rate_alto""]",542,793,1089,0.12546296296296297,0.18356481481481482,0.25208333333333333,0.68348045397225721,2.7113274207163922,0.40447761194029852,True,183,271,362,0.12708333333333333,0.18819444444444444,0.25138888888888888,0.67527675276752763,2.6861837679150273,0.40666666666666668,True,177,251,350,0.12291666666666666,0.17430555555555555,0.24305555555555555,0.70517928286852594,2.9013090495162208,0.41745283018867924,True,0.65963276588276587,0.76549103113718409,100,2.6524969336318382,3.1000046068998199,100,1
corrected_pos_dep_complete,9bccb51eba98,c831946199a6,"[""POS_ADJ_rate_alto"", ""uppercaseRatio_baixo""]","[""DEP_complete_amod_rate_alto""]","[""DEP_complete_amod_rate_alto"", ""POS_ADJ_rate_alto"", ""uppercaseRatio_baixo""]",381,568,1072,0.08819444444444445,0.13148148148148148,0.24814814814814815,0.67077464788732399,2.7031217153668279,0.30262112787926926,True,134,181,365,0.093055555555555558,0.12569444444444444,0.25347222222222221,0.74033149171270718,2.9207598577158858,0.32524271844660196,True,129,187,338,0.089583333333333334,0.12986111111111112,0.23472222222222222,0.68983957219251335,2.93896149099769,0.32575757575757575,True,0.62262801204819285,0.7530077799388718,100,2.666240830586875,3.2577006754921576,100,0.88
corrected_pos_dep_complete,1682d9e0f598,b4538c62c388,"[""DEP_complete_advmod_rate_baixo"", ""POS_PROPN_rate_alto""]","[""POS_ADV_rate_baixo""]","[""DEP_complete_advmod_rate_baixo"", ""POS_ADV_rate_baixo"", ""POS_PROPN_rate_alto""]",430,561,1278,0.099537037037037035,0.12986111111111112,0.29583333333333334,0.76648841354723707,2.5909467500188295,0.30518097941802697,True,150,184,443,0.10416666666666667,0.12777777777777777,0.30763888888888891,0.81521739130434778,2.6499165767003632,0.31446540880503143,True,147,192,434,0.10208333333333333,0.13333333333333333,0.30138888888888887,0.765625,2.5403225806451615,0.3068893528183716,True,0.70500505002682834,0.82644354148845167,100,2.292854515932921,2.8530106445483274,100,1
corrected_pos_dep_complete,1c91a4d2d5e3,5b2d95cb7042,"[""DEP_complete_advmod_rate_baixo"", ""diversidade_baixo""]","[""POS_ADV_rate_baixo""]","[""DEP_complete_advmod_rate_baixo"", ""POS_ADV_rate_baixo"", ""diversidade_baixo""]",362,481,1278,0.083796296296296299,0.11134259259259259,0.29583333333333334,0.75259875259875264,2.5439957834324032,0.25912670007158195,True,122,155,443,0.084722222222222227,0.1076388888888889,0.30763888888888891,0.7870967741935484,2.5585087016675163,0.25630252100840334,True,119,158,434,0.082638888888888887,0.10972222222222222,0.30138888888888887,0.75316455696202533,2.4989791751735404,0.25158562367864695,True,0.69780747728860937,0.81467007069913588,100,2.2958209655666053,2.7579529965556553,100,0.70999999999999996
corrected_pos_dep_complete,ad056bd1509b,23e40fe6924d,"[""POS_NOUN_rate_alto"", ""uppercaseRatio_baixo""]","[""POS_PROPN_rate_baixo""]","[""POS_NOUN_rate_alto"", ""POS_PROPN_rate_baixo"", ""uppercaseRatio_baixo""]",363,576,1088,0.084027777777777785,0.13333333333333333,0.25185185185185183,0.63020833333333337,2.5022977941176472,0.27901614142966946,True,115,178,359,0.079861111111111105,0.12361111111111112,0.24930555555555556,0.6460674157303371,2.5914681856592909,0.27251184834123221,False,112,182,344,0.077777777777777779,0.12638888888888888,0.2388888888888889,0.61538461538461542,2.5760286225402504,0.27053140096618356,False,0.54849407550289342,0.66941906580493538,100,2.3256205724262435,2.8489763670587891,100,0.35999999999999999
corrected_pos_dep_complete,b337b9d9f141,fbe65fdd4c47,"[""DEP_complete_ccomp_rate_baixo"", ""POS_ADJ_rate_baixo""]","[""DEP_complete_amod_rate_baixo""]","[""DEP_complete_amod_rate_baixo"", ""DEP_complete_ccomp_rate_baixo"", ""POS_ADJ_rate_baixo""]",433,692,1090,0.10023148148148148,0.16018518518518518,0.25231481481481483,0.62572254335260113,2.4799278782415017,0.32097850259451444,True,143,228,349,0.09930555555555555,0.15833333333333333,0.24236111111111111,0.6271929824561403,2.5878449705926707,0.3294930875576037,True,163,260,363,0.11319444444444444,0.18055555555555555,0.25208333333333333,0.62692307692307692,2.4869675778766687,0.35434782608695653,True,0.55860383721398921,0.68875097175434041,100,2.3014480527832597,2.7575436841534113,100,1
corrected_pos_dep_complete,7672be5fe501,f4d7d942f5b9,"[""DEP_complete_advmod_rate_baixo"", ""POS_NOUN_rate_alto""]","[""POS_ADV_rate_baixo""]","[""DEP_complete_advmod_rate_baixo"", ""POS_ADV_rate_baixo"", ""POS_NOUN_rate_alto""]",394,538,1278,0.091203703703703703,0.12453703703703704,0.29583333333333334,0.73234200743494426,2.4755222786533326,0.27707454289732769,True,115,151,443,0.079861111111111105,0.10486111111111111,0.30763888888888891,0.76158940397350994,2.4755953537739375,0.24008350730688935,False,141,183,434,0.097916666666666666,0.12708333333333333,0.30138888888888887,0.77049180327868849,2.5564704993578604,0.29621848739495799,True,0.70974880382775118,0.82453436394114354,100,2.3535328178963542,2.750095675670686,100,1
corrected_pos_dep_complete,4a368dd7da93,3f00ff4e1e5c,"[""DEP_complete_advcl_rate_baixo"", ""POS_ADJ_rate_baixo""]","[""DEP_complete_amod_rate_baixo""]","[""DEP_complete_advcl_rate_baixo"", ""DEP_complete_amod_rate_baixo"", ""POS_ADJ_rate_baixo""]",443,711,1090,0.1025462962962963,0.16458333333333333,0.25231481481481483,0.62306610407876228,2.4693996051561955,0.32621502209131076,True,147,229,349,0.10208333333333333,0.15902777777777777,0.24236111111111111,0.64192139737991272,2.6486155078139664,0.34106728538283065,True,170,257,363,0.11805555555555555,0.17847222222222223,0.25208333333333333,0.66147859922178986,2.6240473357558609,0.37777777777777777,True,0.61167080654587969,0.71064049586776856,100,2.4440032788541974,2.8619258772795098,100,1
corrected_pos_dep_complete,6b4e88a1a688,d6fbfa466360,"[""POS_ADJ_rate_baixo""]","[""DEP_complete_amod_rate_baixo""]","[""DEP_complete_amod_rate_baixo"", ""POS_ADJ_rate_baixo""]",692,1128,1090,0.16018518518518518,0.26111111111111113,0.25231481481481483,0.61347517730496459,2.4313878586765565,0.45347313237221493,True,240,379,349,0.16666666666666666,0.26319444444444445,0.24236111111111111,0.63324538258575203,2.6128176244225871,0.49180327868852458,True,256,408,363,0.17777777777777778,0.28333333333333333,0.25208333333333333,0.62745098039215685,2.4890617403986388,0.49708737864077668,True,0.57324124396135268,0.6695719714707683,100,2.3400328982041168,2.6604278363513263,100,1
corrected_pos_dep_complete,f0e5fd666c3c,d6fbfa466360,"[""DEP_complete_amod_rate_baixo""]","[""POS_ADJ_rate_baixo""]","[""DEP_complete_amod_rate_baixo"", ""POS_ADJ_rate_baixo""]",692,1090,1128,0.16018518518518518,0.25231481481481483,0.26111111111111113,0.63486238532110095,2.4313878586765565,0.45347313237221493,True,240,349,379,0.16666666666666666,0.24236111111111111,0.26319444444444445,0.68767908309455583,2.6128176244225871,0.49180327868852458,True,256,363,408,0.17777777777777778,0.25208333333333333,0.28333333333333333,0.70523415977961434,2.4890617403986388,0.49708737864077668,True,0.65841216045323481,0.74583968911164378,100,2.3400328982041168,2.6604278363513263,100,1
corrected_pos_dep_complete,28e765366809,42af3e872bff,"[""DEP_complete_advcl_rate_baixo"", ""POS_ADV_rate_baixo""]","[""DEP_complete_advmod_rate_baixo""]","[""DEP_complete_advcl_rate_baixo"", ""DEP_complete_advmod_rate_baixo"", ""POS_ADV_rate_baixo""]",845,864,1744,0.19560185185185186,0.20000000000000001,0.40370370370370373,0.9780092592592593,2.4225917431192658,0.47929665343165062,True,295,302,571,0.2048611111111111,0.20972222222222223,0.39652777777777776,0.97682119205298013,2.4634369817097923,0.51038062283737029,True,274,281,572,0.19027777777777777,0.19513888888888889,0.3972222222222222,0.97508896797153022,2.454769429858398,0.47322970639032813,True,0.94842874649859943,0.99473167069269441,100,2.3091542868070829,2.643676957313188,100,1
corrected_pos_dep_complete,8ad14f0a9255,66da8bd24b0a,"[""DEP_complete_advmod_rate_baixo"", ""uppercaseRatio_alto""]","[""POS_ADV_rate_baixo""]","[""DEP_complete_advmod_rate_baixo"", ""POS_ADV_rate_baixo"", ""uppercaseRatio_alto""]",359,503,1278,0.083101851851851857,0.11643518518518518,0.29583333333333334,0.71371769383697814,2.4125668524066866,0.25246132208157523,True,108,143,443,0.074999999999999997,0.09930555555555555,0.30763888888888891,0.75524475524475521,2.4549716649039448,0.22594142259414227,False,132,179,434,0.09166666666666666,0.12430555555555556,0.30138888888888887,0.73743016759776536,2.4467729063151662,0.27442827442827444,True,0.67691603535353539,0.79893258426966285,100,2.2107114535952697,2.6763052030514127,100,0.91000000000000003
corrected_pos_dep_complete,7ecbee81e520,432397db65dd,"[""DEP_complete_advmod_rate_baixo"", ""POS_PRON_rate_baixo""]","[""POS_ADV_rate_baixo""]","[""DEP_complete_advmod_rate_baixo"", ""POS_ADV_rate_baixo"", ""POS_PRON_rate_baixo""]",483,679,1278,0.11180555555555556,0.15717592592592591,0.29583333333333334,0.71134020618556704,2.4045302744300856,0.32767978290366351,True,145,187,443,0.10069444444444445,0.12986111111111112,0.30763888888888891,0.77540106951871657,2.5204910611895075,0.29896907216494845,True,169,218,434,0.11736111111111111,0.15138888888888888,0.30138888888888887,0.77522935779816515,2.5721895742611931,0.34989648033126292,True,0.72297619047619044,0.82756768852092188,100,2.3392723110815741,2.7984781635654454,100,1
corrected_pos_dep_complete,0188b93c3da2,54483f415ed6,"[""DEP_complete_ccomp_rate_baixo"", ""POS_ADV_rate_baixo""]","[""DEP_complete_advmod_rate_baixo""]","[""DEP_complete_advmod_rate_baixo"", ""DEP_complete_ccomp_rate_baixo"", ""POS_ADV_rate_baixo""]",794,820,1744,0.18379629629629629,0.18981481481481483,0.40370370370370373,0.96829268292682924,2.3985231595435219,0.44858757062146892,True,271,283,571,0.18819444444444444,0.19652777777777777,0.39652777777777776,0.95759717314487636,2.4149560933951348,0.46483704974271012,True,275,284,572,0.19097222222222221,0.19722222222222222,0.3972222222222222,0.96830985915492962,2.4377031419284942,0.47332185886402756,True,0.94679583764949615,0.98822520761525823,100,2.2944180695653764,2.5930888431490069,100,1
corrected_pos_dep_complete,4c8747e58bd3,fbe65fdd4c47,"[""DEP_complete_amod_rate_baixo"", ""DEP_complete_ccomp_rate_baixo""]","[""POS_ADJ_rate_baixo""]","[""DEP_complete_amod_rate_baixo"", ""DEP_complete_ccomp_rate_baixo"", ""POS_ADJ_rate_baixo""]",433,694,1128,0.10023148148148148,0.16064814814814815,0.26111111111111113,0.62391930835734866,2.3894782022196335,0.31173506119510441,True,143,218,379,0.09930555555555555,0.15138888888888888,0.26319444444444445,0.65596330275229353,2.4923143956815377,0.31497797356828194,True,163,222,408,0.11319444444444444,0.15416666666666667,0.28333333333333333,0.73423423423423428,2.5914149443561207,0.34903640256959317,True,0.68160061783683989,0.77914548064844169,100,2.3898354396284271,2.8280335580039444,100,1
corrected_pos_dep_complete,6490c35101fc,f4d7d942f5b9,"[""POS_ADV_rate_baixo"", ""POS_NOUN_rate_alto""]","[""DEP_complete_advmod_rate_baixo""]","[""DEP_complete_advmod_rate_baixo"", ""POS_ADV_rate_baixo"", ""POS_NOUN_rate_alto""]",394,409,1744,0.091203703703703703,0.094675925925925927,0.40370370370370373,0.96332518337408313,2.386218344137637,0.22399090392268334,True,115,120,571,0.079861111111111105,0.083333333333333329,0.39652777777777776,0.95833333333333337,2.416812609457093,0.19965277777777779,False,141,148,572,0.097916666666666666,0.10277777777777777,0.3972222222222222,0.95270270270270274,2.3984123984123986,0.24352331606217617,True,0.92011656441717793,0.98738356818724626,100,2.2598567854369769,2.5523601290045796,100,1
corrected_pos_dep_complete,f96a83c59f01,5b2d95cb7042,"[""POS_ADV_rate_baixo"", ""diversidade_baixo""]","[""DEP_complete_advmod_rate_baixo""]","[""DEP_complete_advmod_rate_baixo"", ""POS_ADV_rate_baixo"", ""diversidade_baixo""]",362,378,1744,0.083796296296296299,0.087499999999999994,0.40370370370370373,0.95767195767195767,2.3722149410222806,0.20568181818181819,True,122,125,571,0.084722222222222227,0.086805555555555552,0.39652777777777776,0.97599999999999998,2.4613660245183886,0.21254355400696864,True,119,127,572,0.082638888888888887,0.08819444444444445,0.3972222222222222,0.93700787401574803,2.3589009415781068,0.20517241379310344,True,0.89425898995240616,0.97693674484719262,100,2.2142429900784064,2.5158303412774092,100,0.70999999999999996
corrected_pos_dep_complete,21b5fe3df3c8,3f00ff4e1e5c,"[""DEP_complete_advcl_rate_baixo"", ""DEP_complete_amod_rate_baixo""]","[""POS_ADJ_rate_baixo""]","[""DEP_complete_advcl_rate_baixo"", ""DEP_complete_amod_rate_baixo"", ""POS_ADJ_rate_baixo""]",443,716,1128,0.1025462962962963,0.16574074074074074,0.26111111111111113,0.61871508379888274,2.3695471294425294,0.31620271234832265,True,147,229,379,0.10208333333333333,0.15902777777777777,0.26319444444444445,0.64192139737991272,2.4389625652429401,0.31887201735357917,True,170,231,408,0.11805555555555555,0.16041666666666668,0.28333333333333333,0.73593073593073588,2.5974025974025974,0.36247334754797439,True,0.68125130652916166,0.78640926804473055,100,2.420601519256719,2.8378185282210051,100,1
corrected_pos_dep_complete,8cc2971bb606,66da8bd24b0a,"[""POS_ADV_rate_baixo"", ""uppercaseRatio_alto""]","[""DEP_complete_advmod_rate_baixo""]","[""DEP_complete_advmod_rate_baixo"", ""POS_ADV_rate_baixo"", ""uppercaseRatio_alto""]",359,376,1744,0.083101851851851857,0.087037037037037038,0.40370370370370373,0.95478723404255317,2.3650692953347647,0.20386144236229414,True,108,118,571,0.074999999999999997,0.081944444444444445,0.39652777777777776,0.9152542372881356,2.3081718068212176,0.18588640275387264,False,132,139,572,0.09166666666666666,0.096527777777777782,0.3972222222222222,0.94964028776978415,2.3907028223574986,0.22797927461139897,True,0.90568181818181814,0.98033977448786369,100,2.2413950221183545,2.5449745608318013,100,0.91000000000000003
corrected_pos_dep_complete,336d08903261,713e579fa07e,"[""DEP_complete_advmod_rate_baixo"", ""POS_VERB_rate_baixo""]","[""POS_ADV_rate_baixo""]","[""DEP_complete_advmod_rate_baixo"", ""POS_ADV_rate_baixo"", ""POS_VERB_rate_baixo""]",357,511,1278,0.082638888888888887,0.11828703703703704,0.29583333333333334,0.69863013698630139,2.3615666602353849,0.24930167597765363,True,108,144,443,0.074999999999999997,0.10000000000000001,0.30763888888888891,0.75,2.4379232505643342,0.22546972860125261,False,122,164,434,0.084722222222222227,0.11388888888888889,0.30138888888888887,0.74390243902439024,2.4682477239518938,0.25630252100840334,True,0.68638808500686954,0.8116216715976331,100,2.2714495825008889,2.7667600664176004,100,0.82999999999999996
corrected_pos_dep_complete,f180989978fc,432397db65dd,"[""POS_ADV_rate_baixo"", ""POS_PRON_rate_baixo""]","[""DEP_complete_advmod_rate_baixo""]","[""DEP_complete_advmod_rate_baixo"", ""POS_ADV_rate_baixo"", ""POS_PRON_rate_baixo""]",483,511,1744,0.11180555555555556,0.11828703703703704,0.40370370370370373,0.9452054794520548,2.3413346738720624,0.27257336343115124,True,145,155,571,0.10069444444444445,0.1076388888888889,0.39652777777777776,0.93548387096774188,2.3591887463985084,0.24956970740103271,True,169,172,572,0.11736111111111111,0.11944444444444445,0.3972222222222222,0.98255813953488369,2.4735729386892178,0.29391304347826086,True,0.96759668508287289,1,100,2.3495522500163846,2.6434332221388006,100,1
corrected_pos_dep_complete,27aae3df2bcf,42af3e872bff,"[""DEP_complete_advcl_rate_baixo"", ""DEP_complete_advmod_rate_baixo""]","[""POS_ADV_rate_baixo""]","[""DEP_complete_advcl_rate_baixo"", ""DEP_complete_advmod_rate_baixo"", ""POS_ADV_rate_baixo""]",845,1220,1278,0.19560185185185186,0.28240740740740738,0.29583333333333334,0.69262295081967218,2.3412606788270609,0.5111917725347852,True,295,404,443,0.2048611111111111,0.28055555555555556,0.30763888888888891,0.73019801980198018,2.3735556399883779,0.53442028985507251,True,274,386,434,0.19027777777777777,0.26805555555555555,0.30138888888888887,0.7098445595854922,2.3552446216661491,0.50183150183150182,True,0.67978294573643416,0.75064655172413797,100,2.2199685785582259,2.5218354053216649,100,1
corrected_pos_dep_complete,c844c1179639,42af3e872bff,"[""POS_ADV_rate_baixo""]","[""DEP_complete_advcl_rate_baixo"", ""DEP_complete_advmod_rate_baixo""]","[""DEP_complete_advcl_rate_baixo"", ""DEP_complete_advmod_rate_baixo"", ""POS_ADV_rate_baixo""]",845,1278,1220,0.19560185185185186,0.29583333333333334,0.28240740740740738,0.66118935837245696,2.3412606788270609,0.5111917725347852,True,295,443,404,0.2048611111111111,0.30763888888888891,0.28055555555555556,0.6659142212189616,2.3735556399883779,0.53442028985507251,True,274,434,386,0.19027777777777777,0.30138888888888887,0.26805555555555555,0.63133640552995396,2.3552446216661491,0.50183150183150182,True,0.58610784762486012,0.67950505077787382,100,2.2199685785582259,2.5218354053216649,100,1
corrected_pos_dep_complete,94a0c9d3b3e8,9b67e91ef8ab,"[""POS_ADV_rate_baixo"", ""punctuationDensity_spacy_baixo""]","[""DEP_complete_advmod_rate_baixo""]","[""DEP_complete_advmod_rate_baixo"", ""POS_ADV_rate_baixo"", ""punctuationDensity_spacy_baixo""]",353,374,1744,0.081712962962962959,0.086574074074074067,0.40370370370370373,0.94385026737967914,2.33797772653682,0.20000000000000001,True,106,120,571,0.073611111111111113,0.083333333333333329,0.39652777777777776,0.8833333333333333,2.2276707530647988,0.18119658119658119,False,108,119,572,0.074999999999999997,0.082638888888888887,0.3972222222222222,0.90756302521008403,2.2847740494799318,0.18524871355060035,False,0.84596503831417624,0.95762140287769792,100,2.118305118416441,2.4349235035868886,100,0.20999999999999999
corrected_pos_dep_complete,8a6ff3cd0d60,9799f1017519,"[""POS_ADV_rate_baixo""]","[""DEP_complete_advmod_rate_baixo""]","[""DEP_complete_advmod_rate_baixo"", ""POS_ADV_rate_baixo""]",1202,1278,1744,0.27824074074074073,0.29583333333333334,0.40370370370370373,0.94053208137715183,2.3297583667140458,0.66043956043956042,True,412,443,571,0.28611111111111109,0.30763888888888891,0.39652777777777776,0.93002257336343119,2.3454159468359737,0.68438538205980071,True,408,434,572,0.28333333333333333,0.30138888888888887,0.3972222222222222,0.94009216589861755,2.3666655924720441,0.68227424749163879,True,0.91851826030697836,0.96435317008352317,100,2.2401889169360532,2.5146309266075479,100,1
corrected_pos_dep_complete,6d5e756b10ee,9799f1017519,"[""DEP_complete_advmod_rate_baixo""]","[""POS_ADV_rate_baixo""]","[""DEP_complete_advmod_rate_baixo"", ""POS_ADV_rate_baixo""]",1202,1744,1278,0.27824074074074073,0.40370370370370373,0.29583333333333334,0.68922018348623848,2.3297583667140458,0.66043956043956042,True,412,571,443,0.28611111111111109,0.39652777777777776,0.30763888888888891,0.72154115586690015,2.3454159468359737,0.68438538205980071,True,408,572,434,0.28333333333333333,0.3972222222222222,0.30138888888888887,0.71328671328671334,2.3666655924720441,0.68227424749163879,True,0.69006369927650202,0.74708580876984521,100,2.2401889169360532,2.5146309266075479,100,1
corrected_pos_dep_complete,68d8821cbe7c,caf9746e4703,"[""POS_ADV_rate_baixo"", ""uppercaseRatio_baixo""]","[""DEP_complete_advmod_rate_baixo""]","[""DEP_complete_advmod_rate_baixo"", ""POS_ADV_rate_baixo"", ""uppercaseRatio_baixo""]",453,484,1744,0.10486111111111111,0.11203703703703703,0.40370370370370373,0.93595041322314054,2.3184092804609904,0.25521126760563378,True,170,183,571,0.11805555555555555,0.12708333333333333,0.39652777777777776,0.92896174863387981,2.3427406620539175,0.2910958904109589,True,150,163,572,0.10416666666666667,0.11319444444444444,0.3972222222222222,0.92024539877300615,2.3167017032047705,0.25641025641025639,True,0.87331730769230775,0.96242251718097283,100,2.139582874752366,2.5192851264275085,100,1
corrected_pos_dep_complete,8b08b799cf35,9b67e91ef8ab,"[""DEP_complete_advmod_rate_baixo"", ""punctuationDensity_spacy_baixo""]","[""POS_ADV_rate_baixo""]","[""DEP_complete_advmod_rate_baixo"", ""POS_ADV_rate_baixo"", ""punctuationDensity_spacy_baixo""]",353,518,1278,0.081712962962962959,0.11990740740740741,0.29583333333333334,0.68146718146718144,2.3035510359454023,0.24462924462924462,True,106,145,443,0.073611111111111113,0.10069444444444445,0.30763888888888891,0.73103448275862071,2.3762746166420174,0.21991701244813278,False,108,153,434,0.074999999999999997,0.10625,0.30138888888888887,0.70588235294117652,2.3420981295744103,0.22546972860125261,False,0.64193847197578546,0.76534743991640541,100,2.1037969830992655,2.5636641989916225,100,0.20999999999999999
corrected_pos_dep_complete,db2a08de416e,b4538c62c388,"[""POS_ADV_rate_baixo"", ""POS_PROPN_rate_alto""]","[""DEP_complete_advmod_rate_baixo""]","[""DEP_complete_advmod_rate_baixo"", ""POS_ADV_rate_baixo"", ""POS_PROPN_rate_alto""]",430,468,1744,0.099537037037037035,0.10833333333333334,0.40370370370370373,0.91880341880341876,2.2759350741002118,0.24130190796857465,True,150,165,571,0.10416666666666667,0.11458333333333333,0.39652777777777776,0.90909090909090906,2.2926285623308389,0.25597269624573377,True,147,156,572,0.10208333333333333,0.10833333333333334,0.3972222222222222,0.94230769230769229,2.3722431414739109,0.25301204819277107,True,0.90691779909405812,0.97457720390851488,100,2.2160342619198263,2.5655901486394126,100,1
corrected_pos_dep_complete,a4eba1b783b0,caf9746e4703,"[""DEP_complete_advmod_rate_baixo"", ""uppercaseRatio_baixo""]","[""POS_ADV_rate_baixo""]","[""DEP_complete_advmod_rate_baixo"", ""POS_ADV_rate_baixo"", ""uppercaseRatio_baixo""]",453,676,1278,0.10486111111111111,0.15648148148148147,0.29583333333333334,0.67011834319526631,2.2651887657304774,0.30179880079946703,True,170,239,443,0.11805555555555555,0.16597222222222222,0.30763888888888891,0.71129707112970708,2.3121168903539013,0.33203125,True,150,219,434,0.10416666666666667,0.15208333333333332,0.30138888888888887,0.68493150684931503,2.2725838015276811,0.29821073558648109,True,0.63890381575976518,0.75307791648730094,100,2.094903993834603,2.4603684076451695,100,1
corrected_pos_dep_complete,4f4f9162b6e0,713e579fa07e,"[""POS_ADV_rate_baixo"", ""POS_VERB_rate_baixo""]","[""DEP_complete_advmod_rate_baixo""]","[""DEP_complete_advmod_rate_baixo"", ""POS_ADV_rate_baixo"", ""POS_VERB_rate_baixo""]",357,397,1744,0.082638888888888887,0.091898148148148145,0.40370370370370373,0.89924433249370272,2.2274859612229334,0.20011210762331838,True,108,123,571,0.074999999999999997,0.085416666666666669,0.39652777777777776,0.87804878048780488,2.2143436845927127,0.18430034129692832,False,122,128,572,0.084722222222222227,0.088888888888888892,0.3972222222222222,0.953125,2.3994755244755246,0.21107266435986158,True,0.92407116692830982,0.98775398230088485,100,2.2357042348401976,2.5637325515548079,100,0.82999999999999996
corrected_pos_dep_complete,dd8daeeb9161,54483f415ed6,"[""DEP_complete_advmod_rate_baixo"", ""DEP_complete_ccomp_rate_baixo""]","[""POS_ADV_rate_baixo""]","[""DEP_complete_advmod_rate_baixo"", ""DEP_complete_ccomp_rate_baixo"", ""POS_ADV_rate_baixo""]",794,1211,1278,0.18379629629629629,0.28032407407407406,0.29583333333333334,0.65565648224607764,2.2163036019585722,0.46843657817109147,True,271,387,443,0.18819444444444444,0.26874999999999999,0.30763888888888891,0.70025839793281652,2.2762349729644602,0.48479427549194992,True,275,393,434,0.19097222222222221,0.27291666666666664,0.30138888888888887,0.69974554707379133,2.3217363773876949,0.49818840579710144,True,0.65606494718684283,0.73956397016637976,100,2.1357223100264306,2.4749702938800069,100,1
corrected_pos_dep_complete,0202ceddbc66,54483f415ed6,"[""POS_ADV_rate_baixo""]","[""DEP_complete_advmod_rate_baixo"", ""DEP_complete_ccomp_rate_baixo""]","[""DEP_complete_advmod_rate_baixo"", ""DEP_complete_ccomp_rate_baixo"", ""POS_ADV_rate_baixo""]",794,1278,1211,0.18379629629629629,0.29583333333333334,0.28032407407407406,0.62128325508607196,2.2163036019585722,0.46843657817109147,True,271,443,387,0.18819444444444444,0.30763888888888891,0.26874999999999999,0.61173814898419865,2.2762349729644602,0.48479427549194992,True,275,434,393,0.19097222222222221,0.30138888888888887,0.27291666666666664,0.63364055299539168,2.3217363773876949,0.49818840579710144,True,0.59499783067984613,0.67646207025411054,100,2.1357223100264306,2.4749702938800069,100,1
corrected_pos_dep_complete,cd52a0e7dc43,2c1b89a531c7,"[""DEP_complete_ccomp_rate_baixo"", ""POS_PROPN_rate_baixo""]","[""POS_NOUN_rate_alto""]","[""DEP_complete_ccomp_rate_baixo"", ""POS_NOUN_rate_alto"", ""POS_PROPN_rate_baixo""]",400,716,1092,0.092592592592592587,0.16574074074074074,0.25277777777777777,0.55865921787709494,2.2100804223709249,0.28409090909090912,True,128,244,333,0.088888888888888892,0.16944444444444445,0.23125000000000001,0.52459016393442626,2.2684980062029241,0.28507795100222716,True,112,231,357,0.077777777777777779,0.16041666666666668,0.24791666666666667,0.48484848484848486,1.9556913674560734,0.23529411764705882,False,0.42181676449009536,0.54552397836753697,100,1.7125164688636194,2.1908345102028397,100,0.20000000000000001
corrected_pos_dep_complete,9c44989c1357,1fd456a08560,"[""DEP_complete_ccomp_rate_baixo"", ""POS_NOUN_rate_baixo""]","[""POS_PROPN_rate_alto""]","[""DEP_complete_ccomp_rate_baixo"", ""POS_NOUN_rate_baixo"", ""POS_PROPN_rate_alto""]",347,642,1082,0.080324074074074076,0.14861111111111111,0.25046296296296294,0.54049844236760125,2.1579974778447664,0.25199709513435004,True,98,207,362,0.06805555555555555,0.14374999999999999,0.25138888888888888,0.47342995169082125,1.8832572663944271,0.20806794055201699,False,112,213,362,0.077777777777777779,0.14791666666666667,0.25138888888888888,0.5258215962441315,2.0916660182086999,0.24190064794816415,False,0.44551991929050727,0.57821656812451083,100,1.825390999324465,2.3296999623679753,100,0.29999999999999999
corrected_pos_dep_complete,0d6db68b5807,192428b35c3b,"[""DEP_complete_advcl_rate_baixo"", ""POS_PROPN_rate_baixo""]","[""POS_NOUN_rate_alto""]","[""DEP_complete_advcl_rate_baixo"", ""POS_NOUN_rate_alto"", ""POS_PROPN_rate_baixo""]",349,646,1092,0.080787037037037032,0.14953703703703702,0.25277777777777777,0.54024767801857587,2.1372435613921681,0.25125989920806335,True,128,230,333,0.088888888888888892,0.15972222222222221,0.23125000000000001,0.55652173913043479,2.4065804935370152,0.29425287356321839,True,95,206,357,0.065972222222222224,0.14305555555555555,0.24791666666666667,0.46116504854368934,1.860161540344293,0.20299145299145299,False,0.39598086124401916,0.52978731815306757,100,1.6125609148864963,2.0953797292506966,100,0.01
corrected_pos_dep_complete,0d9cb1febcce,2c1b89a531c7,"[""DEP_complete_ccomp_rate_baixo"", ""POS_NOUN_rate_alto""]","[""POS_PROPN_rate_baixo""]","[""DEP_complete_ccomp_rate_baixo"", ""POS_NOUN_rate_alto"", ""POS_PROPN_rate_baixo""]",400,772,1088,0.092592592592592587,0.1787037037037037,0.25185185185185183,0.51813471502590669,2.0572996037793354,0.27397260273972601,True,128,247,359,0.088888888888888892,0.17152777777777778,0.24930555555555556,0.51821862348178138,2.0786485175870895,0.26778242677824265,True,112,253,344,0.077777777777777779,0.17569444444444443,0.2388888888888889,0.44268774703557312,1.8531114992186781,0.2309278350515464,False,0.37615515564202334,0.49613620729190544,100,1.6288977668008995,2.059415190202909,100,0.029999999999999999
corrected_pos_dep_complete,1a7ef3000b3a,3827d0dd8fe9,"[""POS_PROPN_rate_baixo""]","[""POS_NOUN_rate_alto""]","[""POS_NOUN_rate_alto"", ""POS_PROPN_rate_baixo""]",556,1088,1092,0.12870370370370371,0.25185185185185183,0.25277777777777777,0.51102941176470584,2.0216548157724628,0.34236453201970446,True,173,359,333,0.12013888888888889,0.24930555555555556,0.23125000000000001,0.48189415041782729,2.0838665964014154,0.33333333333333331,False,159,344,357,0.11041666666666666,0.2388888888888889,0.24791666666666667,0.46220930232558138,1.8643736564393198,0.29335793357933582,False,0.40315692181295359,0.50747036859413541,100,1.7117239325376461,2.0437424500603996,100,0.050000000000000003
corrected_pos_dep_complete,f5e829055ee4,3827d0dd8fe9,"[""POS_NOUN_rate_alto""]","[""POS_PROPN_rate_baixo""]","[""POS_NOUN_rate_alto"", ""POS_PROPN_rate_baixo""]",556,1092,1088,0.12870370370370371,0.25277777777777777,0.25185185185185183,0.50915750915750912,2.0216548157724628,0.34236453201970446,True,173,333,359,0.12013888888888889,0.23125000000000001,0.24930555555555556,0.51951951951951947,2.0838665964014154,0.33333333333333331,True,159,357,344,0.11041666666666666,0.24791666666666667,0.2388888888888889,0.44537815126050423,1.8643736564393198,0.29335793357933582,False,0.39349455040871933,0.4917818861466402,100,1.7117239325376461,2.0437424500603996,100,0
corrected_pos_dep_complete,4c2d6bec5732,23e40fe6924d,"[""POS_PROPN_rate_baixo"", ""uppercaseRatio_baixo""]","[""POS_NOUN_rate_alto""]","[""POS_NOUN_rate_alto"", ""POS_PROPN_rate_baixo"", ""uppercaseRatio_baixo""]",363,713,1092,0.084027777777777785,0.1650462962962963,0.25277777777777777,0.50911640953716686,2.0140868948723085,0.25173370319001387,True,115,227,333,0.079861111111111105,0.15763888888888888,0.23125000000000001,0.50660792951541855,2.1907369924991071,0.25842696629213485,False,112,237,357,0.077777777777777779,0.16458333333333333,0.24791666666666667,0.47257383966244726,1.906180193596426,0.23236514522821577,False,0.405391064727955,0.52219085705324242,100,1.7317401023847732,2.1048500071681921,100,0.12
corrected_pos_dep_complete,388b557e547c,5168d659e546,"[""DEP_complete_ccomp_rate_baixo"", ""DEP_complete_obj_rate_baixo""]","[""POS_VERB_rate_baixo""]","[""DEP_complete_ccomp_rate_baixo"", ""DEP_complete_obj_rate_baixo"", ""POS_VERB_rate_baixo""]",379,730,1132,0.08773148148148148,0.16898148148148148,0.26203703703703701,0.51917808219178085,1.9813156493537925,0.25556304787592715,True,141,243,352,0.097916666666666666,0.16875000000000001,0.24444444444444444,0.58024691358024694,2.3737373737373737,0.31057268722466963,True,115,231,350,0.079861111111111105,0.16041666666666668,0.24305555555555555,0.49783549783549785,2.0482374768089056,0.24678111587982832,False,0.44557650134952764,0.57361904213677173,100,1.7916751876167649,2.3280535184872324,100,0.35999999999999999
corrected_pos_dep_complete,5df2b1b667ba,5f5ef14a62db,"[""DEP_complete_ccomp_rate_baixo"", ""POS_PROPN_rate_baixo""]","[""uppercaseRatio_baixo""]","[""DEP_complete_ccomp_rate_baixo"", ""POS_PROPN_rate_baixo"", ""uppercaseRatio_baixo""]",470,716,1882,0.10879629629629629,0.16574074074074074,0.43564814814814817,0.65642458100558654,1.5067769340829618,0.22086466165413535,True,157,244,645,0.10902777777777778,0.16944444444444445,0.44791666666666669,0.64344262295081966,1.4365230651925276,0.21448087431693988,True,164,231,629,0.11388888888888889,0.16041666666666668,0.43680555555555556,0.70995670995671001,1.6253380959263313,0.23563218390804597,True,0.65760188087774296,0.76448436085344806,100,1.5065322067181999,1.757357374223403,100,1
corrected_pos_dep_complete,58f2585b6892,955c07a3d79c,"[""POS_PROPN_rate_baixo""]","[""uppercaseRatio_baixo""]","[""POS_PROPN_rate_baixo"", ""uppercaseRatio_baixo""]",713,1088,1882,0.1650462962962963,0.25185185185185183,0.43564814814814817,0.65533088235294112,1.5042664249546791,0.31590607000443066,True,227,359,645,0.15763888888888888,0.24930555555555556,0.44791666666666669,0.63231197771587744,1.4116732525749822,0.29214929214929214,True,237,344,629,0.16458333333333333,0.2388888888888889,0.43680555555555556,0.68895348837209303,1.5772544089917551,0.32201086956521741,True,0.6430555555555556,0.73242052250550826,100,1.4784081603222592,1.6819384511174147,100,1
corrected_pos_dep_complete,3576611920a8,e620b1f73e61,"[""POS_VERB_rate_baixo""]","[""DEP_complete_advcl_rate_baixo"", ""DEP_complete_ccomp_rate_baixo""]","[""DEP_complete_advcl_rate_baixo"", ""DEP_complete_ccomp_rate_baixo"", ""POS_VERB_rate_baixo""]",725,1132,1845,0.16782407407407407,0.26203703703703701,0.42708333333333331,0.64045936395759717,1.4996121692665689,0.3219360568383659,True,225,352,625,0.15625,0.24444444444444444,0.43402777777777779,0.63920454545454541,1.4727272727272727,0.29920212765957449,True,232,350,609,0.16111111111111112,0.24305555555555555,0.42291666666666666,0.66285714285714281,1.5673469387755101,0.31911966987620355,True,0.62491728701406124,0.70782549885459367,100,1.4527465613194446,1.6660520960851388,100,1
corrected_pos_dep_complete,d22dba7f65e2,23e40fe6924d,"[""POS_NOUN_rate_alto"", ""POS_PROPN_rate_baixo""]","[""uppercaseRatio_baixo""]","[""POS_NOUN_rate_alto"", ""POS_PROPN_rate_baixo"", ""uppercaseRatio_baixo""]",363,556,1882,0.084027777777777785,0.12870370370370371,0.43564814814814817,0.65287769784172667,1.4986353106675128,0.17493975903614459,True,115,173,645,0.079861111111111105,0.12013888888888889,0.44791666666666669,0.66473988439306353,1.4840704395752118,0.16358463726884778,False,112,159,629,0.077777777777777779,0.11041666666666666,0.43680555555555556,0.70440251572327039,1.6126226115127336,0.16568047337278108,False,0.64962614308768152,0.77578616352201257,100,1.4694385616163432,1.7846537137906935,100,0.35999999999999999
corrected_pos_dep_complete,1318195231d0,ea1a63771872,"[""DEP_complete_advcl_rate_baixo"", ""POS_PROPN_rate_baixo""]","[""uppercaseRatio_baixo""]","[""DEP_complete_advcl_rate_baixo"", ""POS_PROPN_rate_baixo"", ""uppercaseRatio_baixo""]",410,646,1882,0.094907407407407413,0.14953703703703702,0.43564814814814817,0.6346749226006192,1.4568521071385094,0.19357884796978281,True,144,230,645,0.10000000000000001,0.15972222222222221,0.44791666666666669,0.62608695652173918,1.3977755308392315,0.19699042407660738,True,145,206,629,0.10069444444444445,0.14305555555555555,0.43680555555555556,0.70388349514563109,1.6114343927022396,0.21014492753623187,True,0.64509137769447056,0.75791461122856463,100,1.4612444626759622,1.7687449876304033,100,0.98999999999999999
corrected_pos_dep_complete,289d0411178f,b1134acc38e7,"[""DEP_complete_nsubj_rate_baixo"", ""POS_VERB_rate_baixo""]","[""DEP_complete_ccomp_rate_baixo""]","[""DEP_complete_ccomp_rate_baixo"", ""DEP_complete_nsubj_rate_baixo"", ""POS_VERB_rate_baixo""]",404,440,2759,0.093518518518518515,0.10185185185185185,0.6386574074074074,0.91818181818181821,1.4376750469537711,0.14454382826475851,True,128,140,919,0.088888888888888892,0.097222222222222224,0.6381944444444444,0.91428571428571426,1.4326130887610757,0.13748657357679914,True,135,147,920,0.09375,0.10208333333333333,0.63888888888888884,0.91836734693877553,1.4374445430346052,0.14484978540772533,True,0.87635620684796389,0.96262230919765157,100,1.3460002512064022,1.5133828247112511,100,0.97999999999999998
corrected_pos_dep_complete,e8649812878d,adc7186f6426,"[""DEP_complete_ccomp_rate_baixo"", ""POS_PROPN_rate_alto""]","[""DEP_complete_advmod_rate_baixo""]","[""DEP_complete_advmod_rate_baixo"", ""DEP_complete_ccomp_rate_baixo"", ""POS_PROPN_rate_alto""]",406,725,1744,0.093981481481481485,0.16782407407407407,0.40370370370370373,0.56000000000000005,1.3871559633027524,0.19680077556955888,True,125,229,571,0.086805555555555552,0.15902777777777777,0.39652777777777776,0.54585152838427953,1.3765782852423161,0.18518518518518517,True,137,236,572,0.095138888888888884,0.16388888888888889,0.3972222222222222,0.58050847457627119,1.4614199359962072,0.20417287630402384,True,0.52211124167645906,0.63911696962151388,100,1.3318918780043791,1.6117867265148556,100,0.97999999999999998
corrected_pos_dep_complete,ee788efc87e0,d73694a18749,"[""DEP_complete_advcl_rate_baixo"", ""POS_PROPN_rate_alto""]","[""DEP_complete_advmod_rate_baixo""]","[""DEP_complete_advcl_rate_baixo"", ""DEP_complete_advmod_rate_baixo"", ""POS_PROPN_rate_alto""]",417,746,1744,0.096527777777777782,0.17268518518518519,0.40370370370370373,0.55898123324396787,1.3846324126226726,0.20115774240231549,True,135,244,571,0.09375,0.16944444444444445,0.39652777777777776,0.55327868852459017,1.3953087766644656,0.19852941176470587,True,141,256,572,0.097916666666666666,0.17777777777777778,0.3972222222222222,0.55078125,1.3865821678321679,0.20524017467248909,True,0.50398443468296406,0.61523580459132743,100,1.2773907923297918,1.5125520558467445,100,0.97999999999999998
corrected_pos_dep_complete,66936d02f809,62101ba3d6ae,"[""DEP_complete_advmod_rate_baixo"", ""POS_VERB_rate_baixo""]","[""DEP_complete_ccomp_rate_baixo""]","[""DEP_complete_advmod_rate_baixo"", ""DEP_complete_ccomp_rate_baixo"", ""POS_VERB_rate_baixo""]",444,511,2759,0.10277777777777777,0.11828703703703704,0.6386574074074074,0.86888454011741678,1.3604861229819647,0.15711252653927812,True,124,144,919,0.08611111111111111,0.10000000000000001,0.6381944444444444,0.86111111111111116,1.3492927094668117,0.13205537806176784,True,140,164,920,0.097222222222222224,0.11388888888888889,0.63888888888888884,0.85365853658536583,1.3361611876988335,0.14830508474576271,True,0.80580284517669865,0.90875893232450611,100,1.2485171476443857,1.4278521104332211,100,1
corrected_pos_dep_complete,d155d66d0689,ca0bbc0e00ab,"[""DEP_complete_obj_rate_baixo"", ""POS_VERB_rate_baixo""]","[""DEP_complete_advcl_rate_baixo""]","[""DEP_complete_advcl_rate_baixo"", ""DEP_complete_obj_rate_baixo"", ""POS_VERB_rate_baixo""]",411,477,2780,0.095138888888888884,0.11041666666666666,0.64351851851851849,0.86163522012578619,1.338943939188272,0.14441321152494729,True,151,178,939,0.10486111111111111,0.12361111111111112,0.65208333333333335,0.848314606741573,1.3009297483576838,0.15631469979296067,True,122,144,912,0.084722222222222227,0.10000000000000001,0.6333333333333333,0.84722222222222221,1.3377192982456141,0.13062098501070663,True,0.79237895493767974,0.891945205479452,100,1.2501874345796744,1.4037384703299836,100,0.72999999999999998
corrected_pos_dep_complete,dd22a4178d9a,9ea2847b0b1a,"[""DEP_complete_advmod_rate_baixo"", ""DEP_complete_nsubj_rate_baixo""]","[""DEP_complete_ccomp_rate_baixo""]","[""DEP_complete_advmod_rate_baixo"", ""DEP_complete_ccomp_rate_baixo"", ""DEP_complete_nsubj_rate_baixo""]",425,498,2759,0.098379629629629636,0.11527777777777778,0.6386574074074074,0.85341365461847385,1.3362620471010538,0.15007062146892655,True,128,151,919,0.088888888888888892,0.10486111111111111,0.6381944444444444,0.84768211920529801,1.328250545871196,0.13588110403397027,True,145,172,920,0.10069444444444445,0.11944444444444445,0.63888888888888884,0.84302325581395354,1.3195146612740141,0.15311510031678988,True,0.78863636363636358,0.89712383976551047,100,1.2233731894757807,1.3947170094082826,100,1
corrected_pos_dep_complete,58078f501ae2,26c16f09530e,"[""DEP_complete_ccomp_rate_baixo"", ""POS_NOUN_rate_alto""]","[""DEP_complete_advmod_rate_baixo""]","[""DEP_complete_advmod_rate_baixo"", ""DEP_complete_ccomp_rate_baixo"", ""POS_NOUN_rate_alto""]",413,772,1744,0.095601851851851855,0.1787037037037037,0.40370370370370373,0.53497409326424872,1.3251651851499739,0.19638611507370424,True,118,247,571,0.081944444444444445,0.17152777777777778,0.39652777777777776,0.47773279352226722,1.2047902323503761,0.16857142857142857,False,138,253,572,0.09583333333333334,0.17569444444444443,0.3972222222222222,0.54545454545454541,1.3731722822631913,0.20087336244541484,True,0.4922348484848485,0.60612203112203111,100,1.2726892150656819,1.5294176892115035,100,0.95999999999999996
corrected_pos_dep_complete,ba493ead10fc,498ec0efbf5a,"[""DEP_complete_nsubj_rate_baixo"", ""DEP_complete_obj_rate_baixo""]","[""DEP_complete_ccomp_rate_baixo""]","[""DEP_complete_ccomp_rate_baixo"", ""DEP_complete_nsubj_rate_baixo"", ""DEP_complete_obj_rate_baixo""]",362,429,2759,0.083796296296296299,0.09930555555555555,0.6386574074074074,0.84382284382284378,1.3212449022525137,0.12809624911535739,True,116,139,919,0.080555555555555561,0.096527777777777782,0.6381944444444444,0.83453237410071945,1.3076459398313776,0.12314225053078556,True,113,130,920,0.078472222222222221,0.090277777777777776,0.63888888888888884,0.86923076923076925,1.3605351170568563,0.12059765208110992,False,0.80435855263157896,0.93260875674460419,100,1.2464162442766418,1.4769071293548781,100,0.35999999999999999
corrected_pos_dep_complete,90e2d0fa2385,e2e477749904,"[""DEP_complete_ccomp_rate_baixo"", ""punctuationDensity_spacy_baixo""]","[""DEP_complete_advmod_rate_baixo""]","[""DEP_complete_advmod_rate_baixo"", ""DEP_complete_ccomp_rate_baixo"", ""punctuationDensity_spacy_baixo""]",368,696,1744,0.085185185185185183,0.16111111111111112,0.40370370370370373,0.52873563218390807,1.3097121164188548,0.17760617760617761,True,99,209,571,0.068750000000000006,0.1451388888888889,0.39652777777777776,0.47368421052631576,1.1945801456355425,0.14537444933920704,False,105,234,572,0.072916666666666671,0.16250000000000001,0.3972222222222222,0.44871794871794873,1.1296395911780528,0.14978601997146934,False,0.39956790123456792,0.50541963982330951,100,0.99744845926625014,1.2742145544823618,100,0.040000000000000001
corrected_pos_dep_complete,876e562ae5b3,ac4e3e930cbc,"[""DEP_complete_advmod_rate_baixo"", ""DEP_complete_obj_rate_baixo""]","[""DEP_complete_advcl_rate_baixo""]","[""DEP_complete_advcl_rate_baixo"", ""DEP_complete_advmod_rate_baixo"", ""DEP_complete_obj_rate_baixo""]",378,453,2780,0.087499999999999994,0.10486111111111111,0.64351851851851849,0.83443708609271527,1.2966792129210538,0.13239929947460596,True,124,149,939,0.08611111111111111,0.10347222222222222,0.65208333333333335,0.83221476510067116,1.2762398953620515,0.12863070539419086,True,105,136,912,0.072916666666666671,0.094444444444444442,0.6333333333333333,0.7720588235294118,1.2190402476780187,0.11134676564156946,False,0.70342596117244005,0.83389065817409769,100,1.1021862862015583,1.3249061929511048,100,0.19
corrected_pos_dep_complete,f531e9bc9352,29bec1fea9c7,"[""DEP_complete_advcl_rate_baixo"", ""DEP_complete_nsubj_rate_baixo""]","[""DEP_complete_ccomp_rate_baixo""]","[""DEP_complete_advcl_rate_baixo"", ""DEP_complete_ccomp_rate_baixo"", ""DEP_complete_nsubj_rate_baixo""]",592,716,2759,0.13703703703703704,0.16574074074074074,0.6386574074074074,0.82681564245810057,1.2946152864874934,0.20534165799514395,True,189,231,919,0.13125000000000001,0.16041666666666668,0.6381944444444444,0.81818181818181823,1.2820259174992581,0.19667013527575442,True,218,259,920,0.15138888888888888,0.17986111111111111,0.63888888888888884,0.84169884169884168,1.3174416652677523,0.22684703433922998,True,0.80424285714285715,0.88221361927061159,100,1.2410455473448003,1.3773021512682759,100,1
corrected_pos_dep_complete,77c2795fc58d,e620b1f73e61,"[""DEP_complete_advcl_rate_baixo"", ""POS_VERB_rate_baixo""]","[""DEP_complete_ccomp_rate_baixo""]","[""DEP_complete_advcl_rate_baixo"", ""DEP_complete_ccomp_rate_baixo"", ""POS_VERB_rate_baixo""]",725,877,2759,0.16782407407407407,0.20300925925925925,0.6386574074074074,0.82668187001140248,1.2944058276365562,0.24905530745448298,True,225,273,919,0.15625,0.18958333333333333,0.6381944444444444,0.82417582417582413,1.2914180487629889,0.23267838676318511,True,232,273,920,0.16111111111111112,0.18958333333333333,0.63888888888888884,0.8498168498168498,1.3301481127568084,0.24141519250780438,True,0.81556782314550513,0.89081387265194933,100,1.2699772790010808,1.3894337500730172,100,1
corrected_pos_dep_complete,a52479906469,b322c5e57772,"[""DEP_complete_advcl_rate_baixo"", ""punctuationDensity_spacy_baixo""]","[""DEP_complete_advmod_rate_baixo""]","[""DEP_complete_advcl_rate_baixo"", ""DEP_complete_advmod_rate_baixo"", ""punctuationDensity_spacy_baixo""]",350,670,1744,0.081018518518518517,0.15509259259259259,0.40370370370370373,0.52238805970149249,1.2939887717376422,0.16957364341085271,True,100,220,571,0.069444444444444448,0.15277777777777779,0.39652777777777776,0.45454545454545453,1.1463142811654194,0.14471780028943559,False,106,223,572,0.073611111111111113,0.15486111111111112,0.3972222222222222,0.47533632286995514,1.1966508827495375,0.15384615384615385,False,0.42007885514018689,0.54063049853372436,100,1.0681897679393506,1.3489336378843009,100,0.14000000000000001
corrected_pos_dep_complete,9eda44033fa8,923a7e7de6eb,"[""DEP_complete_advmod_rate_baixo"", ""POS_VERB_rate_baixo""]","[""DEP_complete_advcl_rate_baixo""]","[""DEP_complete_advcl_rate_baixo"", ""DEP_complete_advmod_rate_baixo"", ""POS_VERB_rate_baixo""]",424,511,2780,0.098148148148148151,0.11828703703703704,0.64351851851851849,0.82974559686888449,1.2893888411775472,0.14788978025810953,True,122,144,939,0.084722222222222227,0.10000000000000001,0.65208333333333335,0.84722222222222221,1.2992545260915869,0.12695109261186263,True,139,164,912,0.096527777777777782,0.11388888888888889,0.6333333333333333,0.84756097560975607,1.3382541720154044,0.14834578441835647,True,0.79118985314794565,0.89600000000000002,100,1.2432839086164682,1.4294331098600761,100,0.98999999999999999
corrected_pos_dep_complete,5fe9a1d29d86,723948e54100,"[""POS_VERB_rate_baixo"", ""uppercaseRatio_baixo""]","[""DEP_complete_ccomp_rate_baixo""]","[""DEP_complete_ccomp_rate_baixo"", ""POS_VERB_rate_baixo"", ""uppercaseRatio_baixo""]",380,462,2759,0.087962962962962965,0.10694444444444444,0.6386574074074074,0.82251082251082253,1.287874865257975,0.13375571981696585,True,121,151,919,0.084027777777777785,0.10486111111111111,0.6381944444444444,0.80132450331125826,1.2556118441438651,0.12750263435194942,True,122,145,920,0.084722222222222227,0.10069444444444445,0.63888888888888884,0.8413793103448276,1.3169415292353823,0.12937433722163308,True,0.78535745422842196,0.90261345852895147,100,1.2219415204062622,1.4123154687645285,100,0.81999999999999995
corrected_pos_dep_complete,3bd5f36ac709,554fcfcfd50a,"[""POS_PROPN_rate_alto""]","[""DEP_complete_advmod_rate_baixo""]","[""DEP_complete_advmod_rate_baixo"", ""POS_PROPN_rate_alto""]",561,1082,1744,0.12986111111111112,0.25046296296296294,0.40370370370370373,0.51848428835489835,1.2843188794112161,0.24768211920529801,True,184,362,571,0.12777777777777777,0.25138888888888888,0.39652777777777776,0.50828729281767959,1.2818453619219941,0.24566088117489987,True,192,362,572,0.13333333333333333,0.25138888888888888,0.3972222222222222,0.53038674033149169,1.3352393462890702,0.2587601078167116,True,0.48574014481094124,0.588561067719509,100,1.2426037410032891,1.4649962397624858,100,0.91000000000000003
corrected_pos_dep_complete,03376b315508,2dd17c2f686e,"[""DEP_complete_nsubj_rate_baixo"", ""POS_PRON_rate_baixo""]","[""DEP_complete_ccomp_rate_baixo""]","[""DEP_complete_ccomp_rate_baixo"", ""DEP_complete_nsubj_rate_baixo"", ""POS_PRON_rate_baixo""]",442,540,2759,0.10231481481481482,0.125,0.6386574074074074,0.81851851851851853,1.2816237767306995,0.15470773538676935,True,135,160,919,0.09375,0.1111111111111111,0.6381944444444444,0.84375,1.3220892274211098,0.14300847457627119,True,137,176,920,0.095138888888888884,0.12222222222222222,0.63888888888888884,0.77840909090909094,1.2183794466403162,0.14285714285714285,True,0.72610093217614913,0.83872340425531922,100,1.1433021552528455,1.3073405363283634,100,0.96999999999999997
corrected_pos_dep_complete,dc8fc3b0d4be,55f3b588fc9a,"[""DEP_complete_nsubj_rate_baixo""]","[""DEP_complete_ccomp_rate_baixo""]","[""DEP_complete_ccomp_rate_baixo"", ""DEP_complete_nsubj_rate_baixo""]",909,1113,2759,0.21041666666666667,0.25763888888888886,0.6386574074074074,0.81671159029649598,1.2787945161583409,0.30678366520418493,True,277,343,919,0.19236111111111112,0.23819444444444443,0.6381944444444444,0.80758017492711365,1.2654139846518431,0.2812182741116751,True,323,397,920,0.22430555555555556,0.27569444444444446,0.63888888888888884,0.81360201511335017,1.2734640236556785,0.32494969818913483,True,0.77223776223776219,0.84870337995337986,100,1.2072298862662367,1.3186282935488431,100,1
corrected_pos_dep_complete,8f1c607c1a6e,a1b37839689b,"[""DEP_complete_advcl_rate_baixo"", ""POS_NOUN_rate_alto""]","[""DEP_complete_advmod_rate_baixo""]","[""DEP_complete_advcl_rate_baixo"", ""DEP_complete_advmod_rate_baixo"", ""POS_NOUN_rate_alto""]",379,741,1744,0.08773148148148148,0.17152777777777778,0.40370370370370373,0.51147098515519573,1.2669464769899343,0.17996201329534664,True,120,257,571,0.083333333333333329,0.17847222222222223,0.39652777777777776,0.46692607003891051,1.1775368491349056,0.16949152542372881,False,128,243,572,0.088888888888888892,0.16875000000000001,0.3972222222222222,0.52674897119341568,1.326081326081326,0.18631732168850074,True,0.482280428769018,0.58335164835164832,100,1.23609595957732,1.4636805310921841,100,0.85999999999999999
corrected_pos_dep_complete,70201b19d6f4,99e74d5bae0a,"[""DEP_complete_nsubj_rate_baixo"", ""uppercaseRatio_baixo""]","[""DEP_complete_ccomp_rate_baixo""]","[""DEP_complete_ccomp_rate_baixo"", ""DEP_complete_nsubj_rate_baixo"", ""uppercaseRatio_baixo""]",402,497,2759,0.093055555555555558,0.1150462962962963,0.6386574074074074,0.80885311871227361,1.2664898415502073,0.14085494043447794,True,122,162,919,0.084722222222222227,0.1125,0.6381944444444444,0.75308641975308643,1.1800265989602226,0.12721584984358708,True,146,171,920,0.10138888888888889,0.11874999999999999,0.63888888888888884,0.85380116959064323,1.3363844393592677,0.15449735449735449,True,0.79809477332483469,0.90061046511627907,100,1.2502895481812668,1.4100572380749132,100,1
corrected_pos_dep_complete,ef28546d317c,e620b1f73e61,"[""DEP_complete_ccomp_rate_baixo"", ""POS_VERB_rate_baixo""]","[""DEP_complete_advcl_rate_baixo""]","[""DEP_complete_advcl_rate_baixo"", ""DEP_complete_ccomp_rate_baixo"", ""POS_VERB_rate_baixo""]",725,900,2780,0.16782407407407407,0.20833333333333334,0.64351851851851849,0.80555555555555558,1.2517985611510791,0.24534686971235195,True,225,281,939,0.15625,0.19513888888888889,0.65208333333333335,0.80071174377224197,1.2279285527497641,0.22613065326633167,True,232,281,912,0.16111111111111112,0.19513888888888889,0.6333333333333333,0.82562277580071175,1.3036149091590186,0.24141519250780438,True,0.78529760075792499,0.87547901459854016,100,1.2463740746276684,1.3617585156884622,100,1
corrected_pos_dep_complete,6c031c5af223,29bec1fea9c7,"[""DEP_complete_nsubj_rate_baixo""]","[""DEP_complete_advcl_rate_baixo"", ""DEP_complete_ccomp_rate_baixo""]","[""DEP_complete_advcl_rate_baixo"", ""DEP_complete_ccomp_rate_baixo"", ""DEP_complete_nsubj_rate_baixo""]",592,1113,1845,0.13703703703703704,0.25763888888888886,0.42708333333333331,0.53189577717879599,1.2454145026625469,0.25021132713440408,True,189,343,625,0.13125000000000001,0.23819444444444443,0.43402777777777779,0.55102040816326525,1.2695510204081633,0.24261874197689345,True,218,397,609,0.15138888888888888,0.27569444444444446,0.42291666666666666,0.54911838790931988,1.2984080108200668,0.2766497461928934,True,0.50776803824978267,0.59407737875771205,100,1.1907570641986467,1.3774466267969647,100,0.97999999999999998
corrected_pos_dep_complete,3583c1292032,aaea6e78e590,"[""POS_PRON_rate_alto""]","[""uppercaseRatio_baixo""]","[""POS_PRON_rate_alto"", ""uppercaseRatio_baixo""]",631,1163,1882,0.14606481481481481,0.26921296296296299,0.43564814814814817,0.54256233877901983,1.2454140826383451,0.26139188069594033,True,209,406,645,0.1451388888888889,0.28194444444444444,0.44791666666666669,0.51477832512315269,1.1492725398098294,0.24821852731591448,True,202,372,629,0.14027777777777778,0.25833333333333336,0.43680555555555556,0.543010752688172,1.2431406738807118,0.25281602002503129,True,0.49965282915178288,0.58524873076723827,100,1.1521874015569726,1.3275778843136832,100,0.96999999999999997
corrected_pos_dep_complete,e6a63a4d1dc8,84151be68c73,"[""DEP_complete_ccomp_rate_baixo"", ""POS_PRON_rate_baixo""]","[""DEP_complete_advmod_rate_baixo""]","[""DEP_complete_advmod_rate_baixo"", ""DEP_complete_ccomp_rate_baixo"", ""POS_PRON_rate_baixo""]",486,967,1744,0.1125,0.22384259259259259,0.40370370370370373,0.50258531540847984,1.2449361023879775,0.21842696629213484,True,126,286,571,0.087499999999999994,0.1986111111111111,0.39652777777777776,0.44055944055944057,1.1110430725141758,0.17236662106703146,False,150,302,572,0.10416666666666667,0.20972222222222223,0.3972222222222222,0.49668874172185429,1.2504052239151577,0.20718232044198895,False,0.4497916175198553,0.5494870628663836,100,1.1424327754406165,1.3795000730800167,100,0.51000000000000001
corrected_pos_dep_complete,0ee49bd2a657,0a5b5a1abce0,"[""POS_VERB_rate_baixo""]","[""DEP_complete_ccomp_rate_baixo""]","[""DEP_complete_ccomp_rate_baixo"", ""POS_VERB_rate_baixo""]",900,1132,2759,0.20833333333333334,0.26203703703703701,0.6386574074074074,0.79505300353356889,1.2448818322816302,0.30090270812437314,True,281,352,919,0.19513888888888889,0.24444444444444444,0.6381944444444444,0.79829545454545459,1.2508655653378178,0.28383838383838383,True,281,350,920,0.19513888888888889,0.24305555555555555,0.63888888888888884,0.80285714285714282,1.2566459627329192,0.28412537917087965,True,0.77098048740992631,0.84066214755869928,100,1.2096620543253662,1.3166035492392152,100,1
corrected_pos_dep_complete,80421e74c8ae,66241e1a8614,"[""DEP_complete_ccomp_rate_baixo"", ""POS_ADJ_rate_alto""]","[""uppercaseRatio_baixo""]","[""DEP_complete_ccomp_rate_baixo"", ""POS_ADJ_rate_alto"", ""uppercaseRatio_baixo""]",413,762,1882,0.095601851851851855,0.1763888888888889,0.43564814814814817,0.54199475065616798,1.2441112236103324,0.18511878081577768,True,136,256,645,0.094444444444444442,0.17777777777777778,0.44791666666666669,0.53125,1.1860465116279071,0.17777777777777778,True,139,245,629,0.096527777777777782,0.1701388888888889,0.43680555555555556,0.56734693877551023,1.2988546770059375,0.18911564625850341,True,0.50472915129151297,0.63320752335268859,100,1.1647424234832293,1.4456250313169281,100,0.98999999999999999
corrected_pos_dep_complete,b31b004f90be,5168d659e546,"[""DEP_complete_obj_rate_baixo"", ""POS_VERB_rate_baixo""]","[""DEP_complete_ccomp_rate_baixo""]","[""DEP_complete_ccomp_rate_baixo"", ""DEP_complete_obj_rate_baixo"", ""POS_VERB_rate_baixo""]",379,477,2759,0.08773148148148148,0.11041666666666666,0.6386574074074074,0.79454926624737943,1.2440930881437764,0.13265663283164159,True,141,178,919,0.097916666666666666,0.12361111111111112,0.6381944444444444,0.7921348314606742,1.2412123583279333,0.14748953974895398,True,115,144,920,0.079861111111111105,0.10000000000000001,0.63888888888888884,0.79861111111111116,1.25,0.12118018967334036,False,0.72796827172121503,0.85106393707139971,100,1.1381710989576053,1.3328444076285364,100,0.45000000000000001
corrected_pos_dep_complete,1ab9e1ce56bd,cb199dcfcb5e,"[""POS_PRON_rate_baixo"", ""POS_VERB_rate_baixo""]","[""DEP_complete_ccomp_rate_baixo""]","[""DEP_complete_ccomp_rate_baixo"", ""POS_PRON_rate_baixo"", ""POS_VERB_rate_baixo""]",408,514,2759,0.094444444444444442,0.11898148148148148,0.6386574074074074,0.79377431906614782,1.2428796877005288,0.14240837696335079,True,113,141,919,0.078472222222222221,0.097916666666666666,0.6381944444444444,0.8014184397163121,1.2557590350288241,0.11932418162618796,False,120,148,920,0.083333333333333329,0.10277777777777777,0.63888888888888884,0.81081081081081086,1.2690951821386605,0.12658227848101267,True,0.75328522920203733,0.87588849735716079,100,1.1628944248697513,1.3534596037829689,100,0.68999999999999995
corrected_pos_dep_complete,fe0fe5fb5992,3d400f6730cc,"[""DEP_complete_amod_rate_baixo"", ""DEP_complete_ccomp_rate_baixo""]","[""DEP_complete_advmod_rate_baixo""]","[""DEP_complete_advmod_rate_baixo"", ""DEP_complete_amod_rate_baixo"", ""DEP_complete_ccomp_rate_baixo""]",348,694,1744,0.080555555555555561,0.16064814814814815,0.40370370370370373,0.50144092219020175,1.2421013668931602,0.16650717703349283,True,107,218,571,0.074305555555555555,0.15138888888888888,0.39652777777777776,0.49082568807339449,1.2378090907630264,0.15689149560117302,False,109,222,572,0.075694444444444439,0.15416666666666667,0.3972222222222222,0.49099099099099097,1.236061236061236,0.15912408759124089,False,0.43860866182572616,0.57400706090026454,100,1.0939213935177525,1.39705906143783,100,0.20000000000000001
corrected_pos_dep_complete,f6d74532bc6f,edb22e2e0031,"[""DEP_complete_ccomp_rate_baixo"", ""DEP_complete_obj_rate_baixo""]","[""DEP_complete_advcl_rate_baixo""]","[""DEP_complete_advcl_rate_baixo"", ""DEP_complete_ccomp_rate_baixo"", ""DEP_complete_obj_rate_baixo""]",583,730,2780,0.13495370370370371,0.16898148148148148,0.64351851851851849,0.79863013698630136,1.2410367596333891,0.19918004783054322,True,188,243,939,0.13055555555555556,0.16875000000000001,0.65208333333333335,0.77366255144032925,1.1864473632311758,0.1891348088531187,True,183,231,912,0.12708333333333333,0.16041666666666668,0.6333333333333333,0.79220779220779225,1.2508544087491456,0.19062499999999999,True,0.74159251412429383,0.8326680672268908,100,1.178957819155243,1.3205905745964379,100,1
corrected_pos_dep_complete,2d9852ed4aa1,edb22e2e0031,"[""DEP_complete_obj_rate_baixo""]","[""DEP_complete_advcl_rate_baixo"", ""DEP_complete_ccomp_rate_baixo""]","[""DEP_complete_advcl_rate_baixo"", ""DEP_complete_ccomp_rate_baixo"", ""DEP_complete_obj_rate_baixo""]",583,1105,1845,0.13495370370370371,0.25578703703703703,0.42708333333333331,0.52760180995475114,1.2353603355038074,0.24630333755809042,True,188,372,625,0.13055555555555556,0.25833333333333336,0.43402777777777779,0.5053763440860215,1.1643870967741936,0.23238566131025959,True,183,346,609,0.12708333333333333,0.24027777777777778,0.42291666666666666,0.52890173410404628,1.2506050855662176,0.23704663212435234,True,0.48359915014164306,0.56947552447552441,100,1.1427347432464017,1.355949014442108,100,0.90000000000000002
corrected_pos_dep_complete,7c15f7c85bf3,bb74b0168856,"[""POS_PROPN_rate_alto"", ""POS_VERB_rate_baixo""]","[""DEP_complete_ccomp_rate_baixo""]","[""DEP_complete_ccomp_rate_baixo"", ""POS_PROPN_rate_alto"", ""POS_VERB_rate_baixo""]",351,446,2759,0.081250000000000003,0.10324074074074074,0.6386574074074074,0.78699551569506732,1.2322655410665786,0.12298528381219341,True,106,130,919,0.073611111111111113,0.090277777777777776,0.6381944444444444,0.81538461538461537,1.277642922909517,0.11240721102863202,False,108,139,920,0.074999999999999997,0.096527777777777782,0.63888888888888884,0.7769784172661871,1.2161401313731623,0.11356466876971609,False,0.72727272727272729,0.84281469337568515,100,1.1332852269992242,1.2997112568294662,100,0.26000000000000001
corrected_pos_dep_complete,c867b0c147ef,b3fdde70f48a,"[""DEP_complete_ccomp_rate_baixo"", ""POS_PRON_rate_alto""]","[""uppercaseRatio_baixo""]","[""DEP_complete_ccomp_rate_baixo"", ""POS_PRON_rate_alto"", ""uppercaseRatio_baixo""]",376,705,1882,0.087037037037037038,0.16319444444444445,0.43564814814814817,0.53333333333333333,1.22422954303932,0.17005879692446857,True,130,250,645,0.090277777777777776,0.1736111111111111,0.44791666666666669,0.52000000000000002,1.1609302325581394,0.16993464052287582,True,130,222,629,0.090277777777777776,0.15416666666666667,0.43680555555555556,0.5855855855855856,1.340609289734886,0.18030513176144244,True,0.53382804818092433,0.6443476471395253,100,1.2391109708017789,1.4640937956014408,100,0.91000000000000003
corrected_pos_dep_complete,692298c7e196,db6f966588f8,"[""POS_NOUN_rate_alto""]","[""uppercaseRatio_baixo""]","[""POS_NOUN_rate_alto"", ""uppercaseRatio_baixo""]",576,1092,1882,0.13333333333333333,0.25277777777777777,0.43564814814814817,0.52747252747252749,1.2107764711377889,0.24020016680567138,True,178,333,645,0.12361111111111112,0.23125000000000001,0.44791666666666669,0.53453453453453459,1.1933794259375654,0.2225,True,182,357,629,0.12638888888888888,0.24791666666666667,0.43680555555555556,0.50980392156862742,1.1671186757691947,0.2263681592039801,True,0.47099999999999997,0.55997101449275355,100,1.0818182199890285,1.2626780505246902,100,0.72999999999999998
corrected_pos_dep_complete,f9012a0d0c49,c75064e3977e,"[""POS_PRON_rate_baixo"", ""POS_VERB_rate_baixo""]","[""DEP_complete_advcl_rate_baixo""]","[""DEP_complete_advcl_rate_baixo"", ""POS_PRON_rate_baixo"", ""POS_VERB_rate_baixo""]",400,514,2780,0.092592592592592587,0.11898148148148148,0.64351851851851849,0.77821011673151752,1.2093049295971783,0.138217000691085,True,111,141,939,0.077083333333333337,0.097916666666666666,0.65208333333333335,0.78723404255319152,1.2072598735639997,0.11455108359133127,False,118,148,912,0.081944444444444445,0.10277777777777777,0.6333333333333333,0.79729729729729726,1.2588904694167853,0.12526539278131635,True,0.73431372549019602,0.86102373068432669,100,1.1711840464270271,1.3544184442499974,100,0.55000000000000004
corrected_pos_dep_complete,62da5c4d5c1f,ec67fb46eb6e,"[""POS_PROPN_rate_alto"", ""POS_VERB_rate_baixo""]","[""DEP_complete_advcl_rate_baixo""]","[""DEP_complete_advcl_rate_baixo"", ""POS_PROPN_rate_alto"", ""POS_VERB_rate_baixo""]",347,446,2780,0.080324074074074076,0.10324074074074074,0.64351851851851849,0.77802690582959644,1.2090202277639772,0.12052796109760333,True,99,130,939,0.068750000000000006,0.090277777777777776,0.65208333333333335,0.7615384615384615,1.1678545097075448,0.10206185567010309,False,112,139,912,0.077777777777777779,0.096527777777777782,0.6333333333333333,0.80575539568345322,1.2722453616054525,0.11927582534611289,False,0.73446428571428568,0.87733785822021104,100,1.1555216980140801,1.3830415725419178,100,0.40000000000000002
corrected_pos_dep_complete,179e2a0e90b1,a4d62ec02cb7,"[""DEP_complete_obj_rate_baixo""]","[""DEP_complete_advcl_rate_baixo""]","[""DEP_complete_advcl_rate_baixo"", ""DEP_complete_obj_rate_baixo""]",859,1105,2780,0.1988425925925926,0.25578703703703703,0.64351851851851849,0.77737556561085974,1.2080080731794656,0.28387309980171843,True,286,372,939,0.1986111111111111,0.25833333333333336,0.65208333333333335,0.76881720430107525,1.1790167989281666,0.27902439024390246,True,265,346,912,0.18402777777777779,0.24027777777777778,0.6333333333333333,0.76589595375722541,1.2093094006693033,0.26686807653575023,True,0.71992113890394693,0.79977335717824838,100,1.1458849921524923,1.2745402983333132,100,1
corrected_pos_dep_complete,eb4fc0af2c78,93568cf6cdd4,"[""POS_VERB_rate_baixo""]","[""DEP_complete_advcl_rate_baixo""]","[""DEP_complete_advcl_rate_baixo"", ""POS_VERB_rate_baixo""]",877,1132,2780,0.20300925925925925,0.26203703703703701,0.64351851851851849,0.77473498233215543,1.2039047207463711,0.28896210873146622,True,273,352,939,0.18958333333333333,0.24444444444444444,0.65208333333333335,0.77556818181818177,1.1893697356956143,0.26817288801571709,True,273,350,912,0.18958333333333333,0.24305555555555555,0.6333333333333333,0.78000000000000003,1.2315789473684211,0.27603640040444893,True,0.73066460741331207,0.82550356177843276,100,1.1729068023982254,1.286405868058192,100,1
corrected_pos_dep_complete,afe6049321d6,26c16f09530e,"[""DEP_complete_advmod_rate_baixo"", ""POS_NOUN_rate_alto""]","[""DEP_complete_ccomp_rate_baixo""]","[""DEP_complete_advmod_rate_baixo"", ""DEP_complete_ccomp_rate_baixo"", ""POS_NOUN_rate_alto""]",413,538,2759,0.095601851851851855,0.12453703703703704,0.6386574074074074,0.76765799256505574,1.2019871431246978,0.14320388349514562,True,118,151,919,0.081944444444444445,0.10486111111111111,0.6381944444444444,0.7814569536423841,1.2244809719750089,0.12394957983193278,True,138,183,920,0.09583333333333334,0.12708333333333333,0.63888888888888884,0.75409836065573765,1.180327868852459,0.14300518134715026,True,0.70213829056254295,0.81690208054972324,100,1.0860708930701777,1.2694204159594649,100,1
corrected_pos_dep_complete,46440f577adc,64748c9e68b0,"[""POS_ADJ_rate_alto""]","[""uppercaseRatio_baixo""]","[""POS_ADJ_rate_alto"", ""uppercaseRatio_baixo""]",568,1089,1882,0.13148148148148148,0.25208333333333333,0.43564814814814817,0.52157943067033974,1.1972492776279851,0.2363712026633375,True,181,362,645,0.12569444444444444,0.25138888888888888,0.44791666666666669,0.5,1.1162790697674418,0.21912832929782083,True,187,350,629,0.12986111111111112,0.24305555555555555,0.43680555555555556,0.53428571428571425,1.2231660231660231,0.2361111111111111,True,0.48572686887254901,0.57793287566742946,100,1.1291675411115403,1.3329943788789917,100,0.89000000000000001
corrected_pos_dep_complete,449e2deb3090,6f9fbac67477,"[""POS_VERB_rate_baixo"", ""uppercaseRatio_baixo""]","[""DEP_complete_advcl_rate_baixo""]","[""DEP_complete_advcl_rate_baixo"", ""POS_VERB_rate_baixo"", ""uppercaseRatio_baixo""]",355,462,2780,0.08217592592592593,0.10694444444444444,0.64351851851851849,0.76839826839826841,1.1940577408203308,0.12296501558711465,True,121,151,939,0.084027777777777785,0.10486111111111111,0.65208333333333335,0.80132450331125826,1.2288682478894695,0.12487100103199174,True,119,145,912,0.082638888888888887,0.10069444444444445,0.6333333333333333,0.82068965517241377,1.295825771324864,0.12686567164179105,True,0.75622559095580677,0.87160441426146007,100,1.2109584884608529,1.3587535798898203,100,0.67000000000000004
corrected_pos_dep_complete,99bef7c3c3fd,29499b48b237,"[""DEP_complete_amod_rate_alto""]","[""DEP_complete_advcl_rate_baixo"", ""DEP_complete_ccomp_rate_baixo""]","[""DEP_complete_advcl_rate_baixo"", ""DEP_complete_amod_rate_alto"", ""DEP_complete_ccomp_rate_baixo""]",545,1072,1845,0.12615740740740741,0.24814814814814815,0.42708333333333331,0.50839552238805974,1.1903895158354569,0.22976391231028667,True,200,365,625,0.1388888888888889,0.25347222222222221,0.43402777777777779,0.54794520547945202,1.2624657534246575,0.25316455696202533,True,179,338,609,0.12430555555555556,0.23472222222222222,0.42291666666666666,0.52958579881656809,1.2522225784825254,0.23307291666666666,True,0.47980886716704485,0.5903139475038599,100,1.146245161886122,1.3701044096946233,100,0.83999999999999997
corrected_pos_dep_complete,b09feee3000a,c831946199a6,"[""DEP_complete_amod_rate_alto"", ""POS_ADJ_rate_alto""]","[""uppercaseRatio_baixo""]","[""DEP_complete_amod_rate_alto"", ""POS_ADJ_rate_alto"", ""uppercaseRatio_baixo""]",381,737,1882,0.08819444444444445,0.17060185185185187,0.43564814814814817,0.51696065128900948,1.1866471910565999,0.17024128686327078,True,134,251,645,0.093055555555555558,0.17430555555555555,0.44791666666666669,0.53386454183266929,1.1918836282775873,0.17585301837270342,True,129,239,629,0.089583333333333334,0.16597222222222222,0.43680555555555556,0.53974895397489542,1.2356732809600148,0.17456021650879566,True,0.49300807551581549,0.58630532706619665,100,1.1137767924633806,1.3553005075071602,100,0.85999999999999999
corrected_pos_dep_complete,1aded5a07755,a342722d084d,"[""DEP_complete_ccomp_rate_baixo"", ""POS_NOUN_rate_alto""]","[""uppercaseRatio_baixo""]","[""DEP_complete_ccomp_rate_baixo"", ""POS_NOUN_rate_alto"", ""uppercaseRatio_baixo""]",398,772,1882,0.092129629629629631,0.1787037037037037,0.43564814814814817,0.51554404145077726,1.1833954617786171,0.17641843971631205,True,138,247,645,0.09583333333333334,0.17152777777777778,0.44791666666666669,0.5587044534412956,1.2473401751247528,0.1830238726790451,True,134,253,629,0.093055555555555558,0.17569444444444443,0.43680555555555556,0.52964426877470361,1.2125401383713403,0.17914438502673796,True,0.47752994285019457,0.59134450340928779,100,1.1010439224245581,1.3303737834316691,100,0.87
corrected_pos_dep_complete,84daeb9107cf,bfeff6b67d1a,"[""DEP_complete_advcl_rate_baixo"", ""POS_ADJ_rate_alto""]","[""uppercaseRatio_baixo""]","[""DEP_complete_advcl_rate_baixo"", ""POS_ADJ_rate_alto"", ""uppercaseRatio_baixo""]",372,726,1882,0.08611111111111111,0.16805555555555557,0.43564814814814817,0.51239669421487599,1.1761709452753797,0.16636851520572452,True,134,251,645,0.093055555555555558,0.17430555555555555,0.44791666666666669,0.53386454183266929,1.1918836282775873,0.17585301837270342,True,132,229,629,0.09166666666666666,0.15902777777777777,0.43680555555555556,0.57641921397379914,1.3196242736443096,0.18181818181818182,True,0.51049780109150644,0.64198283261802569,100,1.1672694067975595,1.4817498492664298,100,0.95999999999999996
corrected_pos_dep_complete,e5c8790b4684,d16307cd048b,"[""DEP_complete_advcl_rate_baixo"", ""POS_PRON_rate_alto""]","[""uppercaseRatio_baixo""]","[""DEP_complete_advcl_rate_baixo"", ""POS_PRON_rate_alto"", ""uppercaseRatio_baixo""]",359,702,1882,0.083101851851851857,0.16250000000000001,0.43564814814814817,0.51139601139601143,1.1738739475190059,0.16134831460674157,True,131,255,645,0.090972222222222218,0.17708333333333334,0.44791666666666669,0.51372549019607838,1.146922024623803,0.17035110533159947,True,116,215,629,0.080555555555555561,0.14930555555555555,0.43680555555555556,0.53953488372093028,1.2351831996154841,0.15934065934065933,True,0.47195201421800947,0.60396141215106725,100,1.0909143142609561,1.3670908265105344,100,0.5
corrected_pos_dep_complete,3010985ae814,e9d1653f6fde,"[""DEP_complete_advmod_rate_alto"", ""POS_ADV_rate_alto""]","[""uppercaseRatio_baixo""]","[""DEP_complete_advmod_rate_alto"", ""POS_ADV_rate_alto"", ""uppercaseRatio_baixo""]",422,827,1882,0.09768518518518518,0.19143518518518518,0.43564814814814817,0.51027811366384523,1.1713078910881038,0.1845212068211631,True,148,270,645,0.10277777777777777,0.1875,0.44791666666666669,0.54814814814814816,1.2237726098191215,0.19295958279009126,True,153,278,629,0.10625,0.19305555555555556,0.43680555555555556,0.55035971223021585,1.2599650009721952,0.20291777188328913,True,0.49027293462943944,0.6073434343434343,100,1.140224135712014,1.3767299223346812,100,0.95999999999999996
corrected_pos_dep_complete,53a638a824b4,ac250fe4a38b,"[""DEP_complete_amod_rate_alto"", ""uppercaseRatio_baixo""]","[""DEP_complete_ccomp_rate_baixo""]","[""DEP_complete_amod_rate_alto"", ""DEP_complete_ccomp_rate_baixo"", ""uppercaseRatio_baixo""]",394,527,2759,0.091203703703703703,0.12199074074074075,0.6386574074074074,0.74762808349146115,1.170624617862672,0.13623789764868602,True,147,187,919,0.10208333333333333,0.12986111111111112,0.6381944444444444,0.78609625668449201,1.2317503913228165,0.15328467153284672,True,136,172,920,0.094444444444444442,0.11944444444444445,0.63888888888888884,0.79069767441860461,1.2376137512639029,0.14225941422594143,True,0.73420789605197401,0.85863870381586915,100,1.164470956959617,1.3433199994824849,100,0.94999999999999996
corrected_pos_dep_complete,3610fc9e1bab,29499b48b237,"[""DEP_complete_advcl_rate_baixo"", ""DEP_complete_amod_rate_alto""]","[""DEP_complete_ccomp_rate_baixo""]","[""DEP_complete_advcl_rate_baixo"", ""DEP_complete_amod_rate_alto"", ""DEP_complete_ccomp_rate_baixo""]",545,731,2759,0.12615740740740741,0.16921296296296295,0.6386574074074074,0.74555403556771549,1.1673771053470572,0.18505942275042445,True,200,271,919,0.1388888888888889,0.18819444444444444,0.6381944444444444,0.73800738007380073,1.1563989415737466,0.20202020202020202,True,179,233,920,0.12430555555555556,0.16180555555555556,0.63888888888888884,0.76824034334763946,1.2024631461093487,0.1837782340862423,True,0.70819598571842135,0.82937700167759631,100,1.1159264536368438,1.2850647498089727,100,1
corrected_pos_dep_complete,f22fb20d69b1,159534c8f5dd,"[""DEP_complete_advmod_rate_baixo"", ""diversidade_baixo""]","[""DEP_complete_advcl_rate_baixo""]","[""DEP_complete_advcl_rate_baixo"", ""DEP_complete_advmod_rate_baixo"", ""diversidade_baixo""]",360,481,2780,0.083333333333333329,0.11134259259259259,0.64351851851851849,0.74844074844074848,1.1630446162820263,0.12409513960703206,True,108,155,939,0.074999999999999997,0.1076388888888889,0.65208333333333335,0.6967741935483871,1.0685355044831495,0.10953346855983773,False,112,158,912,0.077777777777777779,0.10972222222222222,0.6333333333333333,0.70886075949367089,1.1192538307794804,0.11691022964509394,False,0.64961046865489958,0.77814697609001404,100,1.017728212920932,1.2427828275574342,100,0.39000000000000001
corrected_pos_dep_complete,a5bde74790c4,101d0bd1799d,"[""DEP_complete_ccomp_rate_baixo"", ""POS_ADV_rate_alto""]","[""uppercaseRatio_baixo""]","[""DEP_complete_ccomp_rate_baixo"", ""POS_ADV_rate_alto"", ""uppercaseRatio_baixo""]",379,751,1882,0.08773148148148148,0.1738425925925926,0.43564814814814817,0.50466045272969373,1.1584129414411675,0.1681455190771961,True,134,236,645,0.093055555555555558,0.16388888888888889,0.44791666666666669,0.56779661016949157,1.2676389436342137,0.17938420348058903,True,126,230,629,0.087499999999999994,0.15972222222222221,0.43680555555555556,0.54782608695652169,1.254164650584088,0.17189631650750342,True,0.49777542372881356,0.6168877120629862,100,1.1567644825395345,1.3793829527289259,100,0.88
corrected_pos_dep_complete,6f53da7fd0c0,3668a49b4faa,"[""DEP_complete_amod_rate_alto""]","[""DEP_complete_ccomp_rate_baixo""]","[""DEP_complete_amod_rate_alto"", ""DEP_complete_ccomp_rate_baixo""]",793,1072,2759,0.18356481481481482,0.24814814814814815,0.6386574074074074,0.73973880597014929,1.1582717077894327,0.26102699144173797,True,271,365,919,0.18819444444444444,0.25347222222222221,0.6381944444444444,0.74246575342465748,1.1633848584673632,0.2675222112537019,True,251,338,920,0.17430555555555555,0.23472222222222222,0.63888888888888884,0.74260355029585801,1.1623359917674299,0.24925521350546176,True,0.69350721701696638,0.78695789065779698,100,1.1020906748520034,1.2326028295967393,100,1
corrected_pos_dep_complete,8072226a0b07,8fba65659c42,"[""DEP_complete_advcl_rate_baixo"", ""POS_NOUN_rate_alto""]","[""uppercaseRatio_baixo""]","[""DEP_complete_advcl_rate_baixo"", ""POS_NOUN_rate_alto"", ""uppercaseRatio_baixo""]",373,741,1882,0.086342592592592596,0.17152777777777778,0.43564814814814817,0.50337381916329282,1.155459563647941,0.16577777777777777,True,132,257,645,0.09166666666666666,0.17847222222222223,0.44791666666666669,0.51361867704280151,1.1466835580490453,0.17142857142857143,True,123,243,629,0.085416666666666669,0.16875000000000001,0.43680555555555556,0.50617283950617287,1.1588058646882176,0.16421895861148197,True,0.45121745179884715,0.57973711847171983,100,1.0248719068058489,1.2903571938878733,100,0.60999999999999999
corrected_pos_dep_complete,e437af574e63,1cb70fd55510,"[""DEP_complete_obj_rate_baixo"", ""uppercaseRatio_baixo""]","[""DEP_complete_advcl_rate_baixo""]","[""DEP_complete_advcl_rate_baixo"", ""DEP_complete_obj_rate_baixo"", ""uppercaseRatio_baixo""]",374,503,2780,0.086574074074074067,0.11643518518518518,0.64351851851851849,0.74353876739562619,1.1554271493342105,0.12856651770367825,True,135,170,939,0.09375,0.11805555555555555,0.65208333333333335,0.79411764705882348,1.2178161999624131,0.13860369609856263,True,119,150,912,0.082638888888888887,0.10416666666666667,0.6333333333333333,0.79333333333333333,1.2526315789473683,0.1261930010604454,True,0.7350334742776603,0.85314705882352937,100,1.1601221159191437,1.3432528703079654,100,0.53000000000000003
corrected_pos_dep_complete,5ad52e17c926,d73694a18749,"[""DEP_complete_advmod_rate_baixo"", ""POS_PROPN_rate_alto""]","[""DEP_complete_advcl_rate_baixo""]","[""DEP_complete_advcl_rate_baixo"", ""DEP_complete_advmod_rate_baixo"", ""POS_PROPN_rate_alto""]",417,561,2780,0.096527777777777782,0.12986111111111112,0.64351851851851849,0.74331550802139035,1.1550802139037433,0.14261285909712723,True,135,184,939,0.09375,0.12777777777777777,0.65208333333333335,0.73369565217391308,1.1251562717044035,0.13663967611336034,True,141,192,912,0.097916666666666666,0.13333333333333333,0.6333333333333333,0.734375,1.1595394736842106,0.14641744548286603,True,0.664325495049505,0.79862034387182546,100,1.0609876772922182,1.2564254213933885,100,0.96999999999999997
corrected_pos_dep_complete,1ad51b98e420,f0690716edd1,"[""DEP_complete_advmod_rate_alto""]","[""uppercaseRatio_baixo""]","[""DEP_complete_advmod_rate_alto"", ""uppercaseRatio_baixo""]",535,1064,1882,0.12384259259259259,0.24629629629629629,0.43564814814814817,0.5028195488721805,1.1541872747756745,0.22189962671090835,True,181,356,645,0.12569444444444444,0.24722222222222223,0.44791666666666669,0.5084269662921348,1.1350927619545337,0.22073170731707317,True,187,356,629,0.12986111111111112,0.24722222222222223,0.43680555555555556,0.5252808988764045,1.2025508654722137,0.23433583959899748,True,0.48157279195270336,0.58565181016124124,100,1.1064389461289239,1.3064803358903996,100,0.82999999999999996
corrected_pos_dep_complete,d4448b7c5c68,728cda3555ce,"[""POS_ADV_rate_alto""]","[""uppercaseRatio_baixo""]","[""POS_ADV_rate_alto"", ""uppercaseRatio_baixo""]",593,1181,1882,0.13726851851851851,0.27337962962962964,0.43564814814814817,0.50211685012701102,1.1525742787187501,0.24008097165991904,True,205,383,645,0.1423611111111111,0.26597222222222222,0.44791666666666669,0.53524804177545693,1.1949723723359038,0.24908869987849333,True,204,372,629,0.14166666666666666,0.25833333333333336,0.43680555555555556,0.54838709677419351,1.2554489973844813,0.25595984943538269,True,0.50276469623485853,0.61196391714580567,100,1.1575408701445975,1.3482016917709607,100,0.98999999999999999
corrected_pos_dep_complete,efd1e877b3a6,6b5319dd01d4,"[""DEP_complete_amod_rate_alto"", ""POS_ADJ_rate_alto""]","[""DEP_complete_ccomp_rate_baixo""]","[""DEP_complete_amod_rate_alto"", ""DEP_complete_ccomp_rate_baixo"", ""POS_ADJ_rate_alto""]",542,737,2759,0.12546296296296297,0.17060185185185187,0.6386574074074074,0.73541383989145181,1.1514997420554809,0.18348002708192282,True,183,251,919,0.12708333333333333,0.17430555555555555,0.6381944444444444,0.72908366533864544,1.1424161894316098,0.18541033434650456,True,177,239,920,0.12291666666666666,0.16597222222222222,0.63888888888888884,0.7405857740585774,1.1591777333090776,0.18024439918533605,True,0.6784982020061826,0.79971953281081909,100,1.078093560640393,1.2469530975107954,100,0.97999999999999998
corrected_pos_dep_complete,eab81eb4daeb,545510418faa,"[""DEP_complete_ccomp_rate_baixo"", ""POS_PROPN_rate_alto""]","[""DEP_complete_advcl_rate_baixo""]","[""DEP_complete_advcl_rate_baixo"", ""DEP_complete_ccomp_rate_baixo"", ""POS_PROPN_rate_alto""]",532,725,2780,0.12314814814814815,0.16782407407407407,0.64351851851851849,0.73379310344827586,1.1402828082361698,0.17894382778338377,True,171,229,939,0.11874999999999999,0.15902777777777777,0.65208333333333335,0.74672489082969429,1.1451372127739721,0.17151454363089269,True,181,236,912,0.12569444444444444,0.16388888888888889,0.6333333333333333,0.76694915254237284,1.2109723461195361,0.18717683557394002,True,0.70565843621399182,0.81342882800394423,100,1.1132401326242929,1.2890197874159859,100,1
corrected_pos_dep_complete,96de8162ee9b,66241e1a8614,"[""POS_ADJ_rate_alto"", ""uppercaseRatio_baixo""]","[""DEP_complete_ccomp_rate_baixo""]","[""DEP_complete_ccomp_rate_baixo"", ""POS_ADJ_rate_alto"", ""uppercaseRatio_baixo""]",413,568,2759,0.095601851851851855,0.13148148148148148,0.6386574074074074,0.727112676056338,1.1385019066920552,0.1417295813315031,True,136,181,919,0.094444444444444442,0.12569444444444444,0.6381944444444444,0.75138121546961323,1.1773546792995029,0.14107883817427386,True,139,187,920,0.096527777777777782,0.12986111111111112,0.63888888888888884,0.74331550802139035,1.1634503603813067,0.14359504132231404,True,0.67870112472810229,0.8174230899256254,100,1.0857853752869562,1.2630598097753143,100,1
corrected_pos_dep_complete,b7009ff15128,3d276f37d0f0,"[""DEP_complete_advcl_rate_baixo"", ""POS_NOUN_rate_alto""]","[""DEP_complete_ccomp_rate_baixo""]","[""DEP_complete_advcl_rate_baixo"", ""DEP_complete_ccomp_rate_baixo"", ""POS_NOUN_rate_alto""]",538,741,2759,0.12453703703703704,0.17152777777777778,0.6386574074074074,0.72604588394062075,1.1368315399142739,0.18163403106009454,True,192,257,919,0.13333333333333333,0.17847222222222223,0.6381944444444444,0.74708171206225682,1.1706176989876493,0.1951219512195122,True,173,243,920,0.12013888888888889,0.16875000000000001,0.63888888888888884,0.7119341563786008,1.1143317230273753,0.17474747474747473,True,0.66380952380952385,0.75972803347280327,100,1.0409728608045115,1.179130515723517,100,0.95999999999999996
corrected_pos_dep_complete,e07a82436496,adc7186f6426,"[""DEP_complete_advmod_rate_baixo"", ""POS_PROPN_rate_alto""]","[""DEP_complete_ccomp_rate_baixo""]","[""DEP_complete_advmod_rate_baixo"", ""DEP_complete_ccomp_rate_baixo"", ""POS_PROPN_rate_alto""]",406,561,2759,0.093981481481481485,0.12986111111111112,0.6386574074074074,0.72370766488413552,1.1331703922796177,0.1393273850377488,True,125,184,919,0.086805555555555552,0.12777777777777777,0.6381944444444444,0.67934782608695654,1.0644840800492028,0.1278118609406953,True,137,192,920,0.095138888888888884,0.13333333333333333,0.63888888888888884,0.71354166666666663,1.1168478260869565,0.14051282051282052,True,0.65715880102040813,0.77993799153055043,100,1.0302675271219117,1.2127540509582011,100,0.89000000000000001
corrected_pos_dep_complete,5746f4bc866d,bff266ca80b8,"[""DEP_complete_advmod_rate_baixo"", ""DEP_complete_amod_rate_baixo""]","[""DEP_complete_advcl_rate_baixo""]","[""DEP_complete_advcl_rate_baixo"", ""DEP_complete_advmod_rate_baixo"", ""DEP_complete_amod_rate_baixo""]",357,490,2780,0.082638888888888887,0.11342592592592593,0.64351851851851849,0.72857142857142854,1.1321685508735868,0.12255406797116375,True,119,161,939,0.082638888888888887,0.11180555555555556,0.65208333333333335,0.73913043478260865,1.1334907626059174,0.12130479102956167,True,109,160,912,0.075694444444444439,0.1111111111111111,0.6333333333333333,0.68125000000000002,1.075657894736842,0.11318795430944964,False,0.62150772902932483,0.76458120344676495,100,0.98964587571916018,1.190055311911655,100,0.25
corrected_pos_dep_complete,9061480ecf71,f6ab8eea0378,"[""DEP_complete_ccomp_rate_baixo"", ""DEP_complete_nsubj_rate_alto""]","[""DEP_complete_advcl_rate_baixo""]","[""DEP_complete_advcl_rate_baixo"", ""DEP_complete_ccomp_rate_baixo"", ""DEP_complete_nsubj_rate_alto""]",367,506,2780,0.084953703703703698,0.11712962962962963,0.64351851851851849,0.72529644268774707,1.1270793641766428,0.12572798903734156,True,133,190,939,0.092361111111111116,0.13194444444444445,0.65208333333333335,0.69999999999999996,1.0734824281150159,0.13353413654618473,True,126,186,912,0.087499999999999994,0.12916666666666668,0.6333333333333333,0.67741935483870963,1.069609507640068,0.12962962962962962,True,0.62055373282159221,0.74537037037037024,100,0.98225410731872564,1.1816270780362577,100,0.64000000000000001
corrected_pos_dep_complete,e5d1dba7ba86,2c1b89a531c7,"[""POS_NOUN_rate_alto"", ""POS_PROPN_rate_baixo""]","[""DEP_complete_ccomp_rate_baixo""]","[""DEP_complete_ccomp_rate_baixo"", ""POS_NOUN_rate_alto"", ""POS_PROPN_rate_baixo""]",400,556,2759,0.092592592592592587,0.12870370370370371,0.6386574074074074,0.71942446043165464,1.1264638162612353,0.137221269296741,True,128,173,919,0.088888888888888892,0.12013888888888889,0.6381944444444444,0.73988439306358378,1.1593400718297722,0.13278008298755187,True,112,159,920,0.077777777777777779,0.11041666666666666,0.63888888888888884,0.70440251572327039,1.1025430680885973,0.11582213029989659,False,0.63998541887592786,0.7675456389452332,100,0.99057266049527981,1.1908971448413304,100,0.34999999999999998
corrected_pos_dep_complete,3af239edfcb6,729491a988e1,"[""DEP_complete_advmod_rate_baixo"", ""DEP_complete_obj_rate_alto""]","[""DEP_complete_ccomp_rate_baixo""]","[""DEP_complete_advmod_rate_baixo"", ""DEP_complete_ccomp_rate_baixo"", ""DEP_complete_obj_rate_alto""]",348,484,2759,0.080555555555555561,0.11203703703703703,0.6386574074074074,0.71900826446280997,1.1258121429791006,0.12020725388601036,True,121,173,919,0.084027777777777785,0.12013888888888889,0.6381944444444444,0.69942196531791911,1.0959386616515816,0.12461380020597322,True,123,173,920,0.085416666666666669,0.12013888888888889,0.63888888888888884,0.71098265895953761,1.1128424227192761,0.1268041237113402,True,0.65361356669280668,0.77004216341959864,100,1.008009208043164,1.182657941800062,100,0.70999999999999996
corrected_pos_dep_complete,b3bf88b905b0,84151be68c73,"[""DEP_complete_advmod_rate_baixo"", ""POS_PRON_rate_baixo""]","[""DEP_complete_ccomp_rate_baixo""]","[""DEP_complete_advmod_rate_baixo"", ""DEP_complete_ccomp_rate_baixo"", ""POS_PRON_rate_baixo""]",486,679,2759,0.1125,0.15717592592592591,0.6386574074074074,0.71575846833578793,1.1207236619103311,0.16463414634146342,True,126,187,919,0.087499999999999994,0.12986111111111112,0.6381944444444444,0.6737967914438503,1.0557860497052713,0.12857142857142856,True,150,218,920,0.10416666666666667,0.15138888888888888,0.63888888888888884,0.68807339449541283,1.0769844435580376,0.15182186234817813,True,0.63636363636363635,0.75040350274725265,100,0.98778868896599592,1.1614765116886798,100,0.70999999999999996
corrected_pos_dep_complete,93ed8a283308,707087381bf3,"[""DEP_complete_advcl_rate_baixo"", ""POS_ADJ_rate_alto""]","[""DEP_complete_ccomp_rate_baixo""]","[""DEP_complete_advcl_rate_baixo"", ""DEP_complete_ccomp_rate_baixo"", ""POS_ADJ_rate_alto""]",519,726,2759,0.12013888888888889,0.16805555555555557,0.6386574074074074,0.71487603305785119,1.1193419582493358,0.17498314227916387,True,183,251,919,0.12708333333333333,0.17430555555555555,0.6381944444444444,0.72908366533864544,1.1424161894316098,0.18541033434650456,True,166,229,920,0.11527777777777778,0.15902777777777777,0.63888888888888884,0.72489082969432317,1.1346117334345927,0.1688708036622584,True,0.66810255075481517,0.78387095200936396,100,1.0631642087581634,1.2221951961082396,100,0.98999999999999999
corrected_pos_dep_complete,a6a2f99530b3,ab608a12d629,"[""DEP_complete_advmod_rate_baixo"", ""uppercaseRatio_alto""]","[""DEP_complete_advcl_rate_baixo""]","[""DEP_complete_advcl_rate_baixo"", ""DEP_complete_advmod_rate_baixo"", ""uppercaseRatio_alto""]",362,503,2780,0.083796296296296299,0.11643518518518518,0.64351851851851849,0.71968190854870773,1.1183546204785675,0.12393016090380007,True,97,143,939,0.067361111111111108,0.09930555555555555,0.65208333333333335,0.67832167832167833,1.0402377175540114,0.09847715736040609,False,117,179,912,0.081250000000000003,0.12430555555555556,0.6333333333333333,0.65363128491620115,1.0320493972361071,0.12012320328542095,False,0.59417851170568559,0.7234126984126984,100,0.94593412459960768,1.1315318422389462,100,0.34999999999999998
corrected_pos_dep_complete,3095d133a105,545510418faa,"[""DEP_complete_advcl_rate_baixo"", ""POS_PROPN_rate_alto""]","[""DEP_complete_ccomp_rate_baixo""]","[""DEP_complete_advcl_rate_baixo"", ""DEP_complete_ccomp_rate_baixo"", ""POS_PROPN_rate_alto""]",532,746,2759,0.12314814814814815,0.17268518518518519,0.6386574074074074,0.71313672922252014,1.1166185829073167,0.17894382778338377,True,171,244,919,0.11874999999999999,0.16944444444444445,0.6381944444444444,0.70081967213114749,1.0981287572022334,0.17237903225806453,True,181,256,920,0.12569444444444444,0.17777777777777778,0.63888888888888884,0.70703125,1.1066576086956521,0.18190954773869347,True,0.63934360010098457,0.76574655765920818,100,1.0268072503631627,1.1853708989808669,100,0.90000000000000002
corrected_pos_dep_complete,caf71c79d835,9b9d0aeb1a68,"[""DEP_complete_advcl_rate_baixo"", ""DEP_complete_advmod_rate_baixo""]","[""DEP_complete_ccomp_rate_baixo""]","[""DEP_complete_advcl_rate_baixo"", ""DEP_complete_advmod_rate_baixo"", ""DEP_complete_ccomp_rate_baixo""]",870,1220,2759,0.2013888888888889,0.28240740740740738,0.6386574074074074,0.71311475409836067,1.1165841745940261,0.27983274364747507,True,282,404,919,0.19583333333333333,0.28055555555555556,0.6381944444444444,0.69801980198019797,1.0937415830810502,0.27089337175792505,True,273,386,920,0.18958333333333333,0.26805555555555555,0.63888888888888884,0.70725388601036265,1.1070060824510024,0.26427879961277834,True,0.6683601167792691,0.75040575101956175,100,1.0442946586665227,1.1656219830290815,100,0.95999999999999996
corrected_pos_dep_complete,1de22e36a589,9b9d0aeb1a68,"[""DEP_complete_advmod_rate_baixo"", ""DEP_complete_ccomp_rate_baixo""]","[""DEP_complete_advcl_rate_baixo""]","[""DEP_complete_advcl_rate_baixo"", ""DEP_complete_advmod_rate_baixo"", ""DEP_complete_ccomp_rate_baixo""]",870,1211,2780,0.2013888888888889,0.28032407407407406,0.64351851851851849,0.7184145334434352,1.1163851742718129,0.2787568087151554,True,282,387,939,0.19583333333333333,0.26874999999999999,0.65208333333333335,0.72868217054263562,1.1174678653688981,0.27011494252873564,True,273,393,912,0.18958333333333333,0.27291666666666664,0.6333333333333333,0.69465648854961837,1.0968260345520289,0.26453488372093026,True,0.65074358359318785,0.73785445161796737,100,1.0347412199768478,1.1571430430899279,100,0.92000000000000004
corrected_pos_dep_complete,cf1d68483f9f,e2e477749904,"[""DEP_complete_advmod_rate_baixo"", ""punctuationDensity_spacy_baixo""]","[""DEP_complete_ccomp_rate_baixo""]","[""DEP_complete_advmod_rate_baixo"", ""DEP_complete_ccomp_rate_baixo"", ""punctuationDensity_spacy_baixo""]",368,518,2759,0.085185185185185183,0.11990740740740741,0.6386574074074074,0.71042471042471045,1.1123721453551101,0.12650395324853903,True,99,145,919,0.068750000000000006,0.10069444444444445,0.6381944444444444,0.6827586206896552,1.0698285242580017,0.10259067357512953,False,105,153,920,0.072916666666666671,0.10625,0.63888888888888884,0.68627450980392157,1.0741687979539642,0.10847107438016529,False,0.62180356375288182,0.75260761589403968,100,0.9745153505647004,1.1606490162019729,100,0.11
corrected_pos_dep_complete,b72ca52a0586,3d400f6730cc,"[""DEP_complete_advmod_rate_baixo"", ""DEP_complete_amod_rate_baixo""]","[""DEP_complete_ccomp_rate_baixo""]","[""DEP_complete_advmod_rate_baixo"", ""DEP_complete_amod_rate_baixo"", ""DEP_complete_ccomp_rate_baixo""]",348,490,2759,0.080555555555555561,0.11342592592592593,0.6386574074074074,0.71020408163265303,1.1120266881671117,0.11995863495346432,True,107,161,919,0.074305555555555555,0.11180555555555556,0.6381944444444444,0.6645962732919255,1.0413695685967059,0.10996916752312436,False,109,160,920,0.075694444444444439,0.1111111111111111,0.63888888888888884,0.68125000000000002,1.066304347826087,0.11225540679711637,False,0.61993464052287583,0.77518921475875113,100,0.9705455495755686,1.1854757787030954,100,0.20999999999999999
corrected_pos_dep_complete,1ac91cdca76c,881e49ef5118,"[""DEP_complete_ccomp_rate_baixo"", ""POS_ADV_rate_baixo""]","[""DEP_complete_advcl_rate_baixo""]","[""DEP_complete_advcl_rate_baixo"", ""DEP_complete_ccomp_rate_baixo"", ""POS_ADV_rate_baixo""]",586,820,2780,0.13564814814814816,0.18981481481481483,0.64351851851851849,0.71463414634146338,1.110510615897526,0.19442601194426012,True,206,283,939,0.14305555555555555,0.19652777777777777,0.65208333333333335,0.72791519434628971,1.1162916718409555,0.20275590551181102,True,194,284,912,0.13472222222222222,0.19722222222222222,0.6333333333333333,0.68309859154929575,1.0785767234988881,0.19361277445109781,True,0.63630455263023888,0.73703071672354947,100,1.0140616444251478,1.153349918250461,100,0.83999999999999997
corrected_pos_dep_complete,0456ae685119,8982ce33889a,"[""DEP_complete_advcl_rate_baixo"", ""diversidade_alto""]","[""DEP_complete_ccomp_rate_baixo""]","[""DEP_complete_advcl_rate_baixo"", ""DEP_complete_ccomp_rate_baixo"", ""diversidade_alto""]",477,673,2759,0.11041666666666666,0.15578703703703703,0.6386574074074074,0.70876671619613674,1.1097760833516892,0.16142131979695432,True,189,253,919,0.13125000000000001,0.17569444444444443,0.6381944444444444,0.74703557312252966,1.1705454029341051,0.19226856561546288,True,136,220,920,0.094444444444444442,0.15277777777777779,0.63888888888888884,0.61818181818181817,0.96758893280632408,0.13545816733067728,False,0.5575513529120607,0.68030052006758679,100,0.88021516857331372,1.0599284229674655,100,0.040000000000000001
corrected_pos_dep_complete,144b595c6cc6,e5c38e769384,"[""POS_NOUN_rate_alto""]","[""DEP_complete_ccomp_rate_baixo""]","[""DEP_complete_ccomp_rate_baixo"", ""POS_NOUN_rate_alto""]",772,1092,2759,0.1787037037037037,0.25277777777777777,0.6386574074074074,0.706959706959707,1.106946695928211,0.25073075673920103,True,247,333,919,0.17152777777777778,0.23125000000000001,0.6381944444444444,0.74174174174174179,1.1622503896714995,0.24577114427860697,True,253,357,920,0.17569444444444443,0.24791666666666667,0.63888888888888884,0.70868347338935578,1.1092436974789917,0.2470703125,True,0.66633852258852266,0.74151842595315098,100,1.0376578625330395,1.1606757827350669,100,0.95999999999999996
corrected_pos_dep_complete,2dec7c75406d,45e8771d1d4e,"[""DEP_complete_ccomp_rate_baixo"", ""diversidade_baixo""]","[""DEP_complete_advcl_rate_baixo""]","[""DEP_complete_advcl_rate_baixo"", ""DEP_complete_ccomp_rate_baixo"", ""diversidade_baixo""]",480,679,2780,0.1111111111111111,0.15717592592592591,0.64351851851851849,0.70692194403534614,1.0985261864146385,0.16112789526686808,True,162,229,939,0.1125,0.15902777777777777,0.65208333333333335,0.70742358078602618,1.0848668331542894,0.1610337972166998,True,172,248,912,0.11944444444444445,0.17222222222222222,0.6333333333333333,0.69354838709677424,1.0950764006791172,0.17408906882591094,True,0.6359815789473684,0.74164215686274515,100,0.99810106919489283,1.1723658694246928,100,0.85999999999999999
corrected_pos_dep_complete,418aad9039d2,3dc2b7c73ed0,"[""POS_ADJ_rate_alto""]","[""DEP_complete_ccomp_rate_baixo""]","[""DEP_complete_ccomp_rate_baixo"", ""POS_ADJ_rate_alto""]",762,1089,2759,0.1763888888888889,0.25208333333333333,0.6386574074074074,0.69972451790633605,1.095617947573531,0.24692158133506156,True,256,362,919,0.17777777777777778,0.25138888888888888,0.6381944444444444,0.70718232044198892,1.1080985216936496,0.24975609756097561,True,245,350,920,0.1701388888888889,0.24305555555555555,0.63888888888888884,0.69999999999999996,1.0956521739130434,0.23902439024390243,True,0.64660327959211794,0.75179308371238363,100,1.0280588081925908,1.162309691831793,100,0.91000000000000003
corrected_pos_dep_complete,184e8d420cfe,a1b37839689b,"[""DEP_complete_advmod_rate_baixo"", ""POS_NOUN_rate_alto""]","[""DEP_complete_advcl_rate_baixo""]","[""DEP_complete_advcl_rate_baixo"", ""DEP_complete_advmod_rate_baixo"", ""POS_NOUN_rate_alto""]",379,538,2780,0.08773148148148148,0.12453703703703704,0.64351851851851849,0.70446096654275092,1.09470193362039,0.12895542701599183,True,120,151,939,0.083333333333333329,0.10486111111111111,0.65208333333333335,0.79470198675496684,1.2187123119564987,0.12371134020618557,True,128,183,912,0.088888888888888892,0.12708333333333333,0.6333333333333333,0.69945355191256831,1.1044003451251079,0.13236814891416754,True,0.63102182454329059,0.76124762808349145,100,1.0094502673774426,1.1993930874999916,100,0.85999999999999999
corrected_pos_dep_complete,dd4e0b9bb519,9dfc0aee2734,"[""POS_PRON_rate_baixo"", ""POS_PROPN_rate_alto""]","[""DEP_complete_ccomp_rate_baixo""]","[""DEP_complete_ccomp_rate_baixo"", ""POS_PRON_rate_baixo"", ""POS_PROPN_rate_alto""]",358,513,2759,0.082870370370370372,0.11874999999999999,0.6386574074074074,0.6978557504873294,1.0926918601323896,0.12285518188057652,True,111,162,919,0.077083333333333337,0.1125,0.6381944444444444,0.68518518518518523,1.0736307580703663,0.11443298969072165,False,112,157,920,0.077777777777777779,0.10902777777777778,0.63888888888888884,0.7133757961783439,1.1165882027139296,0.11606217616580311,False,0.65134291815470713,0.7881826556125805,100,1.0295650956561782,1.2198853566374237,100,0.38
corrected_pos_dep_complete,81331a3ce81f,42af3e872bff,"[""DEP_complete_advmod_rate_baixo"", ""POS_ADV_rate_baixo""]","[""DEP_complete_advcl_rate_baixo""]","[""DEP_complete_advcl_rate_baixo"", ""DEP_complete_advmod_rate_baixo"", ""POS_ADV_rate_baixo""]",845,1202,2780,0.19560185185185186,0.27824074074074073,0.64351851851851849,0.7029950083194676,1.0924238978201799,0.26936563595792157,True,295,412,939,0.2048611111111111,0.28611111111111109,0.65208333333333335,0.71601941747572817,1.0980489469276342,0.27935606060606061,True,274,408,912,0.19027777777777777,0.28333333333333333,0.6333333333333333,0.67156862745098034,1.0603715170278638,0.26195028680688337,True,0.62722188264058676,0.72142174003094584,100,1.0035799284849267,1.1265560340934564,100,0.69999999999999996
corrected_pos_dep_complete,bd22c807cf6a,612d92b88d8d,"[""DEP_complete_ccomp_rate_baixo"", ""uppercaseRatio_alto""]","[""DEP_complete_advcl_rate_baixo""]","[""DEP_complete_advcl_rate_baixo"", ""DEP_complete_ccomp_rate_baixo"", ""uppercaseRatio_alto""]",489,696,2780,0.11319444444444444,0.16111111111111112,0.64351851851851849,0.70258620689655171,1.0917886380550732,0.16370940743220622,True,140,207,939,0.097222222222222224,0.14374999999999999,0.65208333333333335,0.67632850241545894,1.0371810899661991,0.13916500994035785,False,154,234,912,0.10694444444444444,0.16250000000000001,0.6333333333333333,0.65811965811965811,1.0391363022941971,0.15524193548387097,False,0.59806582633053218,0.71187782805429856,100,0.95779783738863467,1.1179964477319766,100,0.40999999999999998
corrected_pos_dep_complete,d3dcb752be03,e72a1b3fb993,"[""DEP_complete_advmod_rate_baixo""]","[""DEP_complete_ccomp_rate_baixo""]","[""DEP_complete_advmod_rate_baixo"", ""DEP_complete_ccomp_rate_baixo""]",1211,1744,2759,0.28032407407407406,0.40370370370370373,0.6386574074074074,0.69438073394495414,1.0872507323820957,0.36786148238153099,True,387,571,919,0.26874999999999999,0.39652777777777776,0.6381944444444444,0.67775831873905434,1.061993448296233,0.35086128739800543,True,393,572,920,0.27291666666666664,0.3972222222222222,0.63888888888888884,0.68706293706293708,1.0754028580115536,0.3575978161965423,True,0.66109887805389544,0.72894505706937418,100,1.0261216656587515,1.1219363686781045,100,0.91000000000000003
corrected_pos_dep_complete,06bb97ec1fbc,a4fb7fd9a505,"[""DEP_complete_advmod_rate_baixo"", ""POS_PRON_rate_baixo""]","[""DEP_complete_advcl_rate_baixo""]","[""DEP_complete_advcl_rate_baixo"", ""DEP_complete_advmod_rate_baixo"", ""POS_PRON_rate_baixo""]",475,679,2780,0.10995370370370371,0.15717592592592591,0.64351851851851849,0.69955817378497787,1.0870832053061528,0.1591823056300268,True,131,187,939,0.090972222222222218,0.12986111111111112,0.65208333333333335,0.70053475935828879,1.0743025063641489,0.13165829145728644,True,155,218,912,0.1076388888888889,0.15138888888888888,0.6333333333333333,0.71100917431192656,1.1226460647030421,0.15897435897435896,True,0.65028280542986427,0.75880893300248142,100,1.0356225110937245,1.2096384198491383,100,0.93999999999999995
corrected_pos_dep_complete,c382115c091a,843543ba3ea3,"[""DEP_complete_advmod_rate_baixo""]","[""DEP_complete_advcl_rate_baixo""]","[""DEP_complete_advcl_rate_baixo"", ""DEP_complete_advmod_rate_baixo""]",1220,1744,2780,0.28240740740740738,0.40370370370370373,0.64351851851851849,0.69954128440366969,1.0870569599366378,0.36924939467312351,True,404,571,939,0.28055555555555556,0.39652777777777776,0.65208333333333335,0.70753064798598952,1.0850310256654152,0.36528028933092227,True,386,572,912,0.26805555555555555,0.3972222222222222,0.6333333333333333,0.67482517482517479,1.0655134339344865,0.35154826958105645,True,0.64095741253785199,0.71644664031620553,100,1.0216392246224679,1.1199964129264697,100,0.77000000000000002
corrected_pos_dep_complete,4378f90fe3dc,6fa695cdc3ab,"[""DEP_complete_advcl_rate_baixo"", ""punctuationDensity_spacy_baixo""]","[""DEP_complete_ccomp_rate_baixo""]","[""DEP_complete_advcl_rate_baixo"", ""DEP_complete_ccomp_rate_baixo"", ""punctuationDensity_spacy_baixo""]",465,670,2759,0.1076388888888889,0.15509259259259259,0.6386574074074074,0.69402985074626866,1.0867013248364916,0.15688259109311742,True,153,220,919,0.10625,0.15277777777777779,0.6381944444444444,0.69545454545454544,1.0897220298743693,0.15517241379310345,True,151,223,920,0.10486111111111111,0.15486111111111112,0.63888888888888884,0.67713004484304928,1.0598557223630338,0.15221774193548387,True,0.6257447209653092,0.73597161572052405,100,0.98008527003865498,1.1455547320027986,100,0.56000000000000005
corrected_pos_dep_complete,9e262bbd2a5b,7262923245d2,"[""DEP_complete_advcl_rate_baixo"", ""DEP_complete_obj_rate_alto""]","[""DEP_complete_ccomp_rate_baixo""]","[""DEP_complete_advcl_rate_baixo"", ""DEP_complete_ccomp_rate_baixo"", ""DEP_complete_obj_rate_alto""]",405,585,2759,0.09375,0.13541666666666666,0.6386574074074074,0.69230769230769229,1.0840047954944656,0.13780197346036066,True,143,217,919,0.09930555555555555,0.15069444444444444,0.6381944444444444,0.65898617511520741,1.0325789903872673,0.14400805639476336,False,139,212,920,0.096527777777777782,0.14722222222222223,0.63888888888888884,0.65566037735849059,1.0262510254306809,0.13997985901309165,False,0.59248593594047727,0.70553353658536577,100,0.95344285324818812,1.0856013003650753,100,0.22
corrected_pos_dep_complete,15767465e879,3d276f37d0f0,"[""DEP_complete_ccomp_rate_baixo"", ""POS_NOUN_rate_alto""]","[""DEP_complete_advcl_rate_baixo""]","[""DEP_complete_advcl_rate_baixo"", ""DEP_complete_ccomp_rate_baixo"", ""POS_NOUN_rate_alto""]",538,772,2780,0.12453703703703704,0.1787037037037037,0.64351851851851849,0.69689119170984459,1.0829388302829239,0.17850033178500332,True,192,247,939,0.13333333333333333,0.17152777777777778,0.65208333333333335,0.77732793522267207,1.1920683990635226,0.19315895372233399,True,173,253,912,0.12013888888888889,0.17569444444444443,0.6333333333333333,0.6837944664031621,1.0796754732681506,0.17439516129032259,True,0.62369387103639073,0.73965735398319665,100,1.0041150032457395,1.1689388786082522,100,0.76000000000000001
corrected_pos_dep_complete,a8f570de6562,a342722d084d,"[""POS_NOUN_rate_alto"", ""uppercaseRatio_baixo""]","[""DEP_complete_ccomp_rate_baixo""]","[""DEP_complete_ccomp_rate_baixo"", ""POS_NOUN_rate_alto"", ""uppercaseRatio_baixo""]",398,576,2759,0.092129629629629631,0.13333333333333333,0.6386574074074074,0.69097222222222221,1.0819137368611815,0.1355124276472591,True,138,178,919,0.09583333333333334,0.12361111111111112,0.6381944444444444,0.7752808988764045,1.214803584746488,0.14389989572471323,True,134,182,920,0.093055555555555558,0.12638888888888888,0.63888888888888884,0.73626373626373631,1.1524128045867177,0.13842975206611571,True,0.66725266033937303,0.79398550724637673,100,1.0604542686765817,1.236762791406419,100,0.95999999999999996
corrected_pos_dep_complete,653477f82c3e,2e069ab0427d,"[""DEP_complete_advmod_rate_baixo"", ""uppercaseRatio_baixo""]","[""DEP_complete_ccomp_rate_baixo""]","[""DEP_complete_advmod_rate_baixo"", ""DEP_complete_ccomp_rate_baixo"", ""uppercaseRatio_baixo""]",467,676,2759,0.10810185185185185,0.15648148148148147,0.6386574074074074,0.69082840236686394,1.0816885459314434,0.15734501347708896,True,165,239,919,0.11458333333333333,0.16597222222222222,0.6381944444444444,0.69037656903765687,1.0817652441939347,0.16616314199395771,True,152,219,920,0.10555555555555556,0.15208333333333332,0.63888888888888884,0.69406392694063923,1.0863609291244789,0.15400202634245189,True,0.63445048309178742,0.75781084320685999,100,1.0102655240704561,1.1766396761133602,100,0.83999999999999997
corrected_pos_dep_complete,d1f335943bb3,491a6559879a,"[""DEP_complete_advcl_rate_baixo"", ""POS_PRON_rate_baixo""]","[""DEP_complete_ccomp_rate_baixo""]","[""DEP_complete_advcl_rate_baixo"", ""DEP_complete_ccomp_rate_baixo"", ""POS_PRON_rate_baixo""]",658,955,2759,0.15231481481481482,0.22106481481481483,0.6386574074074074,0.68900523560209426,1.0788338592972262,0.21531413612565445,True,204,302,919,0.14166666666666666,0.20972222222222223,0.6381944444444444,0.67549668874172186,1.0584496537411092,0.20058997050147492,True,212,310,920,0.14722222222222223,0.21527777777777779,0.63888888888888884,0.68387096774193545,1.0704067321178121,0.20825147347740669,True,0.6292627533193571,0.73782445863542512,100,1.003057180985194,1.1268825365300912,100,0.68000000000000005
corrected_pos_dep_complete,472ef2408204,79313b18afe7,"[""POS_PRON_rate_baixo"", ""POS_PROPN_rate_alto""]","[""DEP_complete_advcl_rate_baixo""]","[""DEP_complete_advcl_rate_baixo"", ""POS_PRON_rate_baixo"", ""POS_PROPN_rate_alto""]",354,513,2780,0.081944444444444445,0.11874999999999999,0.64351851851851849,0.6900584795321637,1.0723210904960243,0.12044913235794488,True,114,162,939,0.079166666666666663,0.1125,0.65208333333333335,0.70370370370370372,1.0791622293219738,0.11550151975683891,False,115,157,912,0.079861111111111105,0.10902777777777778,0.6333333333333333,0.73248407643312097,1.1565538048944015,0.12054507337526206,False,0.64105025409373229,0.80069812570995835,100,1.0315786829235614,1.260888998659015,100,0.53000000000000003
corrected_pos_dep_complete,1c6c09e78fb2,0a5b9f260700,"[""POS_PROPN_rate_alto""]","[""DEP_complete_advcl_rate_baixo""]","[""DEP_complete_advcl_rate_baixo"", ""POS_PROPN_rate_alto""]",746,1082,2780,0.17268518518518519,0.25046296296296294,0.64351851851851849,0.6894639556377079,1.0713972260269418,0.23940949935815148,True,244,362,939,0.16944444444444445,0.25138888888888888,0.65208333333333335,0.67403314917127077,1.0336610594319806,0.23084200567644275,False,256,362,912,0.17777777777777778,0.25138888888888888,0.6333333333333333,0.70718232044198892,1.1166036638557719,0.25147347740667975,True,0.65168261161463581,0.75783915560952486,100,1.0400983128568766,1.1838083238021799,100,0.93999999999999995
corrected_pos_dep_complete,c700c7c21e22,d2cc39515917,"[""DEP_complete_advcl_rate_baixo"", ""POS_PROPN_rate_baixo""]","[""DEP_complete_ccomp_rate_baixo""]","[""DEP_complete_advcl_rate_baixo"", ""DEP_complete_ccomp_rate_baixo"", ""POS_PROPN_rate_baixo""]",442,646,2759,0.10231481481481482,0.14953703703703702,0.6386574074074074,0.68421052631578949,1.0713263768337118,0.14917313533580831,True,160,230,919,0.1111111111111111,0.15972222222222221,0.6381944444444444,0.69565217391304346,1.0900316979703837,0.16177957532861476,True,143,206,920,0.09930555555555555,0.14305555555555555,0.63888888888888884,0.69417475728155342,1.0865344027015618,0.14547304170905392,True,0.64172332847660674,0.76148499558693727,100,0.98581467836610726,1.1863218692181878,100,0.70999999999999996
corrected_pos_dep_complete,3a9ce43d4650,514495056ba4,"[""diversidade_baixo""]","[""DEP_complete_advcl_rate_baixo""]","[""DEP_complete_advcl_rate_baixo"", ""diversidade_baixo""]",749,1087,2780,0.17337962962962963,0.25162037037037038,0.64351851851851849,0.68905243790248394,1.0707577452297592,0.24021808851828094,True,240,346,939,0.16666666666666666,0.24027777777777778,0.65208333333333335,0.69364161849710981,1.0637315555227242,0.22966507177033493,True,241,354,912,0.1673611111111111,0.24583333333333332,0.6333333333333333,0.6807909604519774,1.0749330954504905,0.23512195121951218,True,0.64275204125483454,0.72495364728412248,100,1.0175012942748376,1.1383735184665198,100,0.80000000000000004
corrected_pos_dep_complete,6501a01f402f,a57b9c11ce44,"[""DEP_complete_nsubj_rate_alto""]","[""DEP_complete_advcl_rate_baixo""]","[""DEP_complete_advcl_rate_baixo"", ""DEP_complete_nsubj_rate_alto""]",735,1068,2780,0.1701388888888889,0.24722222222222223,0.64351851851851849,0.6882022471910112,1.0694365855630104,0.23610664953421137,True,260,382,939,0.18055555555555555,0.26527777777777778,0.65208333333333335,0.68062827225130895,1.0437749862000902,0.24505183788878418,False,256,390,912,0.17777777777777778,0.27083333333333331,0.6333333333333333,0.65641025641025641,1.0364372469635628,0.24474187380497131,False,0.61897644728153201,0.69951908710593158,100,0.99299805288421272,1.1006684279039529,100,0.38
corrected_pos_dep_complete,01c21c784c02,fff44d92c05f,"[""DEP_complete_advmod_rate_baixo"", ""uppercaseRatio_baixo""]","[""DEP_complete_advcl_rate_baixo""]","[""DEP_complete_advcl_rate_baixo"", ""DEP_complete_advmod_rate_baixo"", ""uppercaseRatio_baixo""]",465,676,2780,0.1076388888888889,0.15648148148148147,0.64351851851851849,0.68786982248520712,1.0689200119194586,0.15546639919759278,True,170,239,939,0.11805555555555555,0.16597222222222222,0.65208333333333335,0.71129707112970708,1.0908070100391674,0.16865079365079366,True,151,219,912,0.10486111111111111,0.15208333333333332,0.6333333333333333,0.68949771689497719,1.0886806056236482,0.15408163265306121,True,0.6290898465067043,0.74383819686411146,100,1.010085690788983,1.1615565605388309,100,0.78000000000000003
corrected_pos_dep_complete,ef0bbdadd026,29499b48b237,"[""DEP_complete_amod_rate_alto"", ""DEP_complete_ccomp_rate_baixo""]","[""DEP_complete_advcl_rate_baixo""]","[""DEP_complete_advcl_rate_baixo"", ""DEP_complete_amod_rate_alto"", ""DEP_complete_ccomp_rate_baixo""]",545,793,2780,0.12615740740740741,0.18356481481481482,0.64351851851851849,0.68726355611601508,1.0679779001515055,0.17998678996036988,True,200,271,939,0.1388888888888889,0.18819444444444444,0.65208333333333335,0.73800738007380073,1.1317685061834644,0.19801980198019803,True,179,251,912,0.12430555555555556,0.17430555555555555,0.6333333333333333,0.71314741035856577,1.126022226881946,0.18191056910569106,True,0.65269369619550122,0.76103990914990272,100,1.0430625096760739,1.1961912406030075,100,0.94999999999999996
corrected_pos_dep_complete,ea36579b5c9c,edb22e2e0031,"[""DEP_complete_advcl_rate_baixo"", ""DEP_complete_obj_rate_baixo""]","[""DEP_complete_ccomp_rate_baixo""]","[""DEP_complete_advcl_rate_baixo"", ""DEP_complete_ccomp_rate_baixo"", ""DEP_complete_obj_rate_baixo""]",583,859,2759,0.13495370370370371,0.1988425925925926,0.6386574074074074,0.67869615832363217,1.0626920637760386,0.19209225700164745,True,188,286,919,0.13055555555555556,0.1986111111111111,0.6381944444444444,0.65734265734265729,1.0300037285891475,0.1848574237954769,False,183,265,920,0.12708333333333333,0.18402777777777779,0.63888888888888884,0.69056603773584901,1.0808859721082855,0.18263473053892215,True,0.64095293618825522,0.73668186258547697,100,0.99234556456806633,1.1577741398961765,100,0.77000000000000002
corrected_pos_dep_complete,51d9d303c0a9,881e49ef5118,"[""DEP_complete_advcl_rate_baixo"", ""POS_ADV_rate_baixo""]","[""DEP_complete_ccomp_rate_baixo""]","[""DEP_complete_advcl_rate_baixo"", ""DEP_complete_ccomp_rate_baixo"", ""POS_ADV_rate_baixo""]",586,864,2759,0.13564814814814816,0.20000000000000001,0.6386574074074074,0.6782407407407407,1.06197897789054,0.19295357260454396,True,206,302,919,0.14305555555555555,0.20972222222222223,0.6381944444444444,0.68211920529801329,1.0688266111307281,0.20295566502463055,True,194,281,920,0.13472222222222222,0.19513888888888889,0.63888888888888884,0.69039145907473309,1.0806127185517562,0.19265143992055611,True,0.64297906653174808,0.73469040288070131,100,0.99856477947126432,1.1419035265717639,100,0.75
corrected_pos_dep_complete,752035929c84,d3157b07ed0e,"[""DEP_complete_amod_rate_alto"", ""POS_ADJ_rate_alto""]","[""DEP_complete_advcl_rate_baixo""]","[""DEP_complete_advcl_rate_baixo"", ""DEP_complete_amod_rate_alto"", ""POS_ADJ_rate_alto""]",503,737,2780,0.11643518518518518,0.17060185185185187,0.64351851851851849,0.6824966078697422,1.0605702683443476,0.16688785666887856,True,186,251,939,0.12916666666666668,0.17430555555555555,0.65208333333333335,0.74103585657370519,1.1364128151929025,0.1852589641434263,True,164,239,912,0.11388888888888889,0.16597222222222222,0.6333333333333333,0.68619246861924688,1.0834617925567056,0.16616008105369809,True,0.63052626128380829,0.73447692307692303,100,1.0024861397107687,1.1806133519935871,100,0.76000000000000001
corrected_pos_dep_complete,dc1a3dbe2e2c,643fe2ac7543,"[""POS_ADV_rate_baixo"", ""POS_PRON_rate_baixo""]","[""DEP_complete_ccomp_rate_baixo""]","[""DEP_complete_ccomp_rate_baixo"", ""POS_ADV_rate_baixo"", ""POS_PRON_rate_baixo""]",346,511,2759,0.08009259259259259,0.11828703703703704,0.6386574074074074,0.67710371819960857,1.0601986453868464,0.11833105335157319,True,99,155,919,0.068750000000000006,0.1076388888888889,0.6381944444444444,0.6387096774193548,1.000807329144582,0.10153846153846154,False,117,172,920,0.081250000000000003,0.11944444444444445,0.63888888888888884,0.68023255813953487,1.064711830131446,0.12,True,0.62530313600425225,0.73871996996996991,100,0.96726155852221385,1.1708308398012688,100,0.41999999999999998
corrected_pos_dep_complete,408ee7980b24,0f2e9db7890b,"[""DEP_complete_amod_rate_alto""]","[""DEP_complete_advcl_rate_baixo""]","[""DEP_complete_advcl_rate_baixo"", ""DEP_complete_amod_rate_alto""]",731,1072,2780,0.16921296296296295,0.24814814814814815,0.64351851851851849,0.68190298507462688,1.0596478041447439,0.23421980134572251,True,271,365,939,0.18819444444444444,0.25347222222222221,0.65208333333333335,0.74246575342465748,1.1386056282550658,0.26234269119070669,True,233,338,912,0.16180555555555556,0.23472222222222222,0.6333333333333333,0.68934911242603547,1.0884459669884772,0.22910521140609635,True,0.64124423963133648,0.72889739850283242,100,1.0198947300543277,1.1579163050626315,100,0.87
corrected_pos_dep_complete,20b31122d5ee,707087381bf3,"[""DEP_complete_ccomp_rate_baixo"", ""POS_ADJ_rate_alto""]","[""DEP_complete_advcl_rate_baixo""]","[""DEP_complete_advcl_rate_baixo"", ""DEP_complete_ccomp_rate_baixo"", ""POS_ADJ_rate_alto""]",519,762,2780,0.12013888888888889,0.1763888888888889,0.64351851851851849,0.68110236220472442,1.058403670764176,0.171683757856434,True,183,256,939,0.12708333333333333,0.17777777777777778,0.65208333333333335,0.71484375,1.0962460063897763,0.18083003952569171,True,166,245,912,0.11527777777777778,0.1701388888888889,0.6333333333333333,0.67755102040816328,1.0698174006444683,0.16750756811301715,True,0.62128183850426766,0.73062650240384608,100,0.98282076311901523,1.1528157954577791,100,0.68999999999999995
corrected_pos_dep_complete,557cbfa03898,491a6559879a,"[""DEP_complete_ccomp_rate_baixo"", ""POS_PRON_rate_baixo""]","[""DEP_complete_advcl_rate_baixo""]","[""DEP_complete_advcl_rate_baixo"", ""DEP_complete_ccomp_rate_baixo"", ""POS_PRON_rate_baixo""]",658,967,2780,0.15231481481481482,0.22384259259259259,0.64351851851851849,0.68045501551189247,1.0573977219465378,0.21301392036257688,True,204,286,939,0.14166666666666666,0.1986111111111111,0.65208333333333335,0.71328671328671334,1.0938582184588574,0.19980411361410383,True,212,302,912,0.14722222222222223,0.20972222222222223,0.6333333333333333,0.70198675496688745,1.1084001394214011,0.21157684630738524,True,0.65272742303104736,0.75004979432777652,100,1.0380491166047887,1.1814621953300923,100,0.93000000000000005
corrected_pos_dep_complete,2abddf8cf68d,d52dcc485428,"[""POS_ADV_rate_baixo"", ""POS_PRON_rate_baixo""]","[""DEP_complete_advcl_rate_baixo""]","[""DEP_complete_advcl_rate_baixo"", ""POS_ADV_rate_baixo"", ""POS_PRON_rate_baixo""]",347,511,2780,0.080324074074074076,0.11828703703703704,0.64351851851851849,0.67906066536203524,1.055230962001436,0.11786684782608696,True,103,155,939,0.071527777777777773,0.1076388888888889,0.65208333333333335,0.6645161290322581,1.0190662681644853,0.10393541876892028,False,118,172,912,0.081944444444444445,0.11944444444444445,0.6333333333333333,0.68604651162790697,1.0832313341493267,0.12215320910973085,True,0.61454148914587137,0.75624999999999987,100,0.9737875139386053,1.1940644500812252,100,0.52000000000000002
corrected_pos_dep_complete,a8b3dfc151c7,e7f51bee8aff,"[""DEP_complete_amod_rate_baixo"", ""DEP_complete_ccomp_rate_baixo""]","[""DEP_complete_advcl_rate_baixo""]","[""DEP_complete_advcl_rate_baixo"", ""DEP_complete_amod_rate_baixo"", ""DEP_complete_ccomp_rate_baixo""]",471,694,2780,0.10902777777777778,0.16064814814814815,0.64351851851851849,0.67867435158501443,1.0546306470673605,0.15684315684315683,True,152,218,939,0.10555555555555556,0.15138888888888888,0.65208333333333335,0.69724770642201839,1.069261658410763,0.15124378109452735,True,150,222,912,0.10416666666666667,0.15416666666666667,0.6333333333333333,0.67567567567567566,1.0668563300142246,0.1524390243902439,True,0.62527111872146124,0.72981652360515015,100,0.9909938195038196,1.1519282373394786,100,0.71999999999999997
corrected_pos_dep_complete,d91dba5be2c6,ee52e42000e6,"[""POS_NOUN_rate_alto""]","[""DEP_complete_advcl_rate_baixo""]","[""DEP_complete_advcl_rate_baixo"", ""POS_NOUN_rate_alto""]",741,1092,2780,0.17152777777777778,0.25277777777777777,0.64351851851851849,0.6785714285714286,1.0544707091469681,0.23666560204407538,True,257,333,939,0.17847222222222223,0.23125000000000001,0.65208333333333335,0.77177177177177181,1.1835477650174135,0.25320197044334974,True,243,357,912,0.16875000000000001,0.24791666666666667,0.6333333333333333,0.68067226890756305,1.0747456877487838,0.23684210526315788,True,0.63121308943335652,0.73299999999999998,100,1.0120101589886457,1.1495716989014195,100,0.79000000000000004
corrected_pos_dep_complete,892218378884,dfcedf2ae956,"[""POS_PRON_rate_baixo"", ""uppercaseRatio_baixo""]","[""DEP_complete_ccomp_rate_baixo""]","[""DEP_complete_ccomp_rate_baixo"", ""POS_PRON_rate_baixo"", ""uppercaseRatio_baixo""]",368,547,2759,0.085185185185185183,0.12662037037037038,0.6386574074074074,0.67276051188299812,1.0533981193673621,0.12525527569775358,True,117,168,919,0.081250000000000003,0.11666666666666667,0.6381944444444444,0.6964285714285714,1.0912482512047257,0.12061855670103093,True,121,179,920,0.084027777777777785,0.12430555555555556,0.63888888888888884,0.67597765363128492,1.0580519795967938,0.12372188139059305,True,0.61942038181416903,0.73966318076870841,100,0.97463912257775231,1.1273319181595287,100,0.48999999999999999
corrected_pos_dep_complete,4190c92b757d,10d47c724158,"[""POS_ADV_rate_baixo""]","[""DEP_complete_advcl_rate_baixo""]","[""DEP_complete_advcl_rate_baixo"", ""POS_ADV_rate_baixo""]",864,1278,2780,0.20000000000000001,0.29583333333333334,0.64351851851851849,0.676056338028169,1.0505623670078021,0.27050720100187853,True,302,443,939,0.20972222222222223,0.30763888888888891,0.65208333333333335,0.68171557562076746,1.0454424162874389,0.27962962962962962,False,281,434,912,0.19513888888888889,0.30138888888888887,0.6333333333333333,0.64746543778801846,1.0223138491389765,0.26384976525821596,False,0.60888430504945334,0.69289583333333327,100,0.97960806764646957,1.0776236224838633,100,0.23000000000000001
