display_id,pattern_id,representative_id,is_primary,features,itemset_size,support,max_rule_lift,max_rule_confidence,max_rule_jaccard,families,cross_family,closed,redundancy,redundancy_reasons,similar_patterns,related_details,rule_count,main_associations
P01,4a7a2a934b3a,P01,True,"[""DEP_complete_advcl_rate_baixo"", ""DEP_complete_ccomp_rate_baixo""]",2,0.42708333333333331,,,,"[""sintaxe""]",False,True,media,"[""mesma_familia""]",[],[],0,[]
P02,843543ba3ea3,P02,True,"[""DEP_complete_advcl_rate_baixo"", ""DEP_complete_advmod_rate_baixo""]",2,0.28240740740740738,1.0870569599366378,0.69954128440366958,0.36924939467312345,"[""sintaxe""]",False,True,media,"[""mesma_familia""]",[],[],1,"[{""antecedents"": [""DEP_complete_advmod_rate_baixo""], ""consequents"": [""DEP_complete_advcl_rate_baixo""], ""support"": 0.2824074074074074, ""confidence"": 0.6995412844036696, ""lift"": 1.0870569599366378, ""jaccard"": 0.36924939467312345}]"
P03,fca4651ce0c0,P03,True,"[""DEP_complete_ccomp_rate_baixo"", ""uppercaseRatio_baixo""]",2,0.28240740740740738,,,,"[""estilo"", ""sintaxe""]",True,True,baixa,[],[],[],0,[]
P04,e72a1b3fb993,P04,True,"[""DEP_complete_advmod_rate_baixo"", ""DEP_complete_ccomp_rate_baixo""]",2,0.28032407407407406,1.0872507323820955,0.69438073394495403,0.36786148238153094,"[""sintaxe""]",False,True,media,"[""mesma_familia""]",[],[],1,"[{""antecedents"": [""DEP_complete_advmod_rate_baixo""], ""consequents"": [""DEP_complete_ccomp_rate_baixo""], ""support"": 0.28032407407407406, ""confidence"": 0.694380733944954, ""lift"": 1.0872507323820955, ""jaccard"": 0.36786148238153094}]"
P05,9799f1017519,P05,True,"[""DEP_complete_advmod_rate_baixo"", ""POS_ADV_rate_baixo""]",2,0.27824074074074073,2.3297583667140453,0.94053208137715172,0.66043956043956031,"[""POS"", ""sintaxe""]",True,True,media,"[""regras_inversas_agrupadas""]",[],[],2,"[{""antecedents"": [""POS_ADV_rate_baixo""], ""consequents"": [""DEP_complete_advmod_rate_baixo""], ""support"": 0.27824074074074073, ""confidence"": 0.9405320813771517, ""lift"": 2.3297583667140453, ""jaccard"": 0.6604395604395603}, {""antecedents"": [""DEP_complete_advmod_rate_baixo""], ""consequents"": [""POS_ADV_rate_baixo""], ""support"": 0.27824074074074073, ""confidence"": 0.6892201834862385, ""lift"": 2.3297583667140453, ""jaccard"": 0.6604395604395603}]"
P06,ba729dc6123a,P06,True,"[""DEP_complete_advcl_rate_baixo"", ""uppercaseRatio_baixo""]",2,0.27199074074074076,,,,"[""estilo"", ""sintaxe""]",True,True,baixa,[],[],[],0,[]
P07,447a22539089,P07,True,"[""DEP_complete_ccomp_rate_baixo"", ""POS_PRON_rate_baixo""]",2,0.22384259259259259,,,,"[""POS"", ""sintaxe""]",True,True,baixa,[],[],[],0,[]
P08,2be17db13756,P08,True,"[""DEP_complete_advcl_rate_baixo"", ""POS_PRON_rate_baixo""]",2,0.22106481481481483,,,,"[""POS"", ""sintaxe""]",True,True,baixa,[],[],[],0,[]
P09,55f3b588fc9a,P09,True,"[""DEP_complete_ccomp_rate_baixo"", ""DEP_complete_nsubj_rate_baixo""]",2,0.21041666666666667,1.2787945161583412,0.81671159029649609,0.30678366520418499,"[""sintaxe""]",False,True,media,"[""mesma_familia""]",[],[],1,"[{""antecedents"": [""DEP_complete_nsubj_rate_baixo""], ""consequents"": [""DEP_complete_ccomp_rate_baixo""], ""support"": 0.21041666666666667, ""confidence"": 0.8167115902964961, ""lift"": 1.2787945161583412, ""jaccard"": 0.306783665204185}]"
P10,0a5b5a1abce0,P10,True,"[""DEP_complete_ccomp_rate_baixo"", ""POS_VERB_rate_baixo""]",2,0.20833333333333334,1.2448818322816304,0.795053003533569,0.30090270812437314,"[""POS"", ""sintaxe""]",True,True,media,"[""cobertura_semelhante""]","[""P34""]","[{""display_id"": ""P34"", ""coverage_jaccard"": 0.8055555555555556, ""reason"": ""cobertura_semelhante""}]",1,"[{""antecedents"": [""POS_VERB_rate_baixo""], ""consequents"": [""DEP_complete_ccomp_rate_baixo""], ""support"": 0.20833333333333334, ""confidence"": 0.795053003533569, ""lift"": 1.2448818322816304, ""jaccard"": 0.30090270812437314}]"
P11,93568cf6cdd4,P11,True,"[""DEP_complete_advcl_rate_baixo"", ""POS_VERB_rate_baixo""]",2,0.20300925925925925,1.2039047207463713,0.77473498233215554,0.28896210873146627,"[""POS"", ""sintaxe""]",True,True,media,"[""cobertura_semelhante""]","[""P34""]","[{""display_id"": ""P34"", ""coverage_jaccard"": 0.8266818700114025, ""reason"": ""cobertura_semelhante""}]",1,"[{""antecedents"": [""POS_VERB_rate_baixo""], ""consequents"": [""DEP_complete_advcl_rate_baixo""], ""support"": 0.20300925925925925, ""confidence"": 0.7747349823321555, ""lift"": 1.2039047207463713, ""jaccard"": 0.28896210873146627}]"
P12,9b9d0aeb1a68,P12,True,"[""DEP_complete_advcl_rate_baixo"", ""DEP_complete_advmod_rate_baixo"", ""DEP_complete_ccomp_rate_baixo""]",3,0.2013888888888889,1.1165841745940264,0.7184145334434352,0.27983274364747507,"[""sintaxe""]",False,True,media,"[""mesma_familia""]",[],[],2,"[{""antecedents"": [""DEP_complete_advcl_rate_baixo"", ""DEP_complete_advmod_rate_baixo""], ""consequents"": [""DEP_complete_ccomp_rate_baixo""], ""support"": 0.2013888888888889, ""confidence"": 0.7131147540983608, ""lift"": 1.1165841745940264, ""jaccard"": 0.27983274364747507}, {""antecedents"": [""DEP_complete_advmod_rate_baixo"", ""DEP_complete_ccomp_rate_baixo""], ""consequents"": [""DEP_complete_advcl_rate_baixo""], ""support"": 0.2013888888888889, ""confidence"": 0.7184145334434352, ""lift"": 1.116385174271813, ""jaccard"": 0.2787568087151554}]"
P13,10d47c724158,P13,True,"[""DEP_complete_advcl_rate_baixo"", ""POS_ADV_rate_baixo""]",2,0.20000000000000001,1.0505623670078021,0.676056338028169,0.27050720100187853,"[""POS"", ""sintaxe""]",True,True,alta,"[""cobertura_semelhante""]","[""P15""]","[{""display_id"": ""P15"", ""coverage_jaccard"": 0.9780092592592593, ""reason"": ""cobertura_semelhante""}]",1,"[{""antecedents"": [""POS_ADV_rate_baixo""], ""consequents"": [""DEP_complete_advcl_rate_baixo""], ""support"": 0.2, ""confidence"": 0.676056338028169, ""lift"": 1.0505623670078021, ""jaccard"": 0.27050720100187853}]"
P14,a4d62ec02cb7,P14,True,"[""DEP_complete_advcl_rate_baixo"", ""DEP_complete_obj_rate_baixo""]",2,0.1988425925925926,1.2080080731794656,0.77737556561085974,0.28387309980171843,"[""sintaxe""]",False,True,media,"[""mesma_familia""]",[],[],1,"[{""antecedents"": [""DEP_complete_obj_rate_baixo""], ""consequents"": [""DEP_complete_advcl_rate_baixo""], ""support"": 0.1988425925925926, ""confidence"": 0.7773755656108597, ""lift"": 1.2080080731794656, ""jaccard"": 0.28387309980171843}]"
P15,42af3e872bff,P13,False,"[""DEP_complete_advcl_rate_baixo"", ""DEP_complete_advmod_rate_baixo"", ""POS_ADV_rate_baixo""]",3,0.19560185185185186,2.4225917431192658,0.9780092592592593,0.51119177253478532,"[""POS"", ""sintaxe""]",True,True,alta,"[""cobertura_semelhante"", ""extensao_pouco_informativa"", ""regras_inversas_agrupadas""]","[""P13""]","[{""display_id"": ""P13"", ""coverage_jaccard"": 0.9780092592592593, ""reason"": ""cobertura_semelhante""}, {""display_id"": ""P13"", ""coverage_jaccard"": 0.9780092592592593, ""reason"": ""extensao_pouco_informativa""}]",4,"[{""antecedents"": [""DEP_complete_advcl_rate_baixo"", ""POS_ADV_rate_baixo""], ""consequents"": [""DEP_complete_advmod_rate_baixo""], ""support"": 0.19560185185185186, ""confidence"": 0.9780092592592593, ""lift"": 2.422591743119266, ""jaccard"": 0.47929665343165057}, {""antecedents"": [""DEP_complete_advcl_rate_baixo"", ""DEP_complete_advmod_rate_baixo""], ""consequents"": [""POS_ADV_rate_baixo""], ""support"": 0.19560185185185186, ""confidence"": 0.6926229508196722, ""lift"": 2.341260678827061, ""jaccard"": 0.5111917725347853}]"
P16,8791b16a98cf,P16,True,"[""DEP_complete_advmod_rate_alto"", ""POS_ADV_rate_alto""]",2,0.19143518518518518,2.8431366307385737,0.77725563909774431,0.58321579689703806,"[""POS"", ""sintaxe""]",True,True,media,"[""regras_inversas_agrupadas""]",[],[],2,"[{""antecedents"": [""DEP_complete_advmod_rate_alto""], ""consequents"": [""POS_ADV_rate_alto""], ""support"": 0.19143518518518518, ""confidence"": 0.7772556390977443, ""lift"": 2.8431366307385737, ""jaccard"": 0.5832157968970381}, {""antecedents"": [""POS_ADV_rate_alto""], ""consequents"": [""DEP_complete_advmod_rate_alto""], ""support"": 0.19143518518518518, ""confidence"": 0.7002540220152412, ""lift"": 2.8431366307385733, ""jaccard"": 0.5832157968970381}]"
P17,6b91d87df631,P17,True,"[""DEP_complete_ccomp_rate_baixo"", ""POS_ADV_rate_baixo""]",2,0.18981481481481483,,,,"[""POS"", ""sintaxe""]",True,True,alta,"[""cobertura_semelhante""]","[""P18""]","[{""display_id"": ""P18"", ""coverage_jaccard"": 0.9682926829268292, ""reason"": ""cobertura_semelhante""}]",0,[]
P18,54483f415ed6,P17,False,"[""DEP_complete_advmod_rate_baixo"", ""DEP_complete_ccomp_rate_baixo"", ""POS_ADV_rate_baixo""]",3,0.18379629629629629,2.3985231595435219,0.96829268292682924,0.46843657817109147,"[""POS"", ""sintaxe""]",True,True,alta,"[""cobertura_semelhante"", ""extensao_pouco_informativa"", ""regras_inversas_agrupadas""]","[""P17""]","[{""display_id"": ""P17"", ""coverage_jaccard"": 0.9682926829268292, ""reason"": ""cobertura_semelhante""}, {""display_id"": ""P17"", ""coverage_jaccard"": 0.9682926829268292, ""reason"": ""extensao_pouco_informativa""}]",3,"[{""antecedents"": [""DEP_complete_ccomp_rate_baixo"", ""POS_ADV_rate_baixo""], ""consequents"": [""DEP_complete_advmod_rate_baixo""], ""support"": 0.1837962962962963, ""confidence"": 0.9682926829268292, ""lift"": 2.398523159543522, ""jaccard"": 0.44858757062146887}, {""antecedents"": [""DEP_complete_advmod_rate_baixo"", ""DEP_complete_ccomp_rate_baixo""], ""consequents"": [""POS_ADV_rate_baixo""], ""support"": 0.1837962962962963, ""confidence"": 0.6556564822460776, ""lift"": 2.2163036019585722, ""jaccard"": 0.46843657817109147}]"
P19,3668a49b4faa,P19,True,"[""DEP_complete_amod_rate_alto"", ""DEP_complete_ccomp_rate_baixo""]",2,0.18356481481481482,1.1582717077894327,0.73973880597014929,0.26102699144173802,"[""sintaxe""]",False,True,media,"[""mesma_familia""]",[],[],1,"[{""antecedents"": [""DEP_complete_amod_rate_alto""], ""consequents"": [""DEP_complete_ccomp_rate_baixo""], ""support"": 0.18356481481481482, ""confidence"": 0.7397388059701493, ""lift"": 1.1582717077894327, ""jaccard"": 0.261026991441738}]"
P20,94a54020e9fb,P20,True,"[""DEP_complete_advcl_rate_baixo"", ""DEP_complete_ccomp_rate_baixo"", ""uppercaseRatio_baixo""]",3,0.18171296296296297,,,,"[""estilo"", ""sintaxe""]",True,True,baixa,[],[],[],0,[]
P21,e5c38e769384,P21,True,"[""DEP_complete_ccomp_rate_baixo"", ""POS_NOUN_rate_alto""]",2,0.1787037037037037,1.106946695928211,0.706959706959707,0.25073075673920103,"[""POS"", ""sintaxe""]",True,True,baixa,[],[],[],1,"[{""antecedents"": [""POS_NOUN_rate_alto""], ""consequents"": [""DEP_complete_ccomp_rate_baixo""], ""support"": 0.1787037037037037, ""confidence"": 0.706959706959707, ""lift"": 1.106946695928211, ""jaccard"": 0.25073075673920103}]"
P22,3dc2b7c73ed0,P22,True,"[""DEP_complete_ccomp_rate_baixo"", ""POS_ADJ_rate_alto""]",2,0.1763888888888889,1.095617947573531,0.69972451790633616,0.24692158133506162,"[""POS"", ""sintaxe""]",True,True,baixa,[],[],[],1,"[{""antecedents"": [""POS_ADJ_rate_alto""], ""consequents"": [""DEP_complete_ccomp_rate_baixo""], ""support"": 0.1763888888888889, ""confidence"": 0.6997245179063362, ""lift"": 1.095617947573531, ""jaccard"": 0.24692158133506162}]"
P23,93e01866dc66,P23,True,"[""DEP_complete_ccomp_rate_baixo"", ""POS_ADV_rate_alto""]",2,0.1738425925925926,,,,"[""POS"", ""sintaxe""]",True,True,baixa,[],[],[],0,[]
P24,514495056ba4,P24,True,"[""DEP_complete_advcl_rate_baixo"", ""diversidade_baixo""]",2,0.17337962962962963,1.0707577452297592,0.68905243790248383,0.24021808851828094,"[""lexical"", ""sintaxe""]",True,True,baixa,[],[],[],1,"[{""antecedents"": [""diversidade_baixo""], ""consequents"": [""DEP_complete_advcl_rate_baixo""], ""support"": 0.17337962962962963, ""confidence"": 0.6890524379024838, ""lift"": 1.0707577452297592, ""jaccard"": 0.24021808851828094}]"
P25,0a5b9f260700,P25,True,"[""DEP_complete_advcl_rate_baixo"", ""POS_PROPN_rate_alto""]",2,0.17268518518518519,1.071397226026942,0.68946395563770801,0.23940949935815148,"[""POS"", ""sintaxe""]",True,True,baixa,[],[],[],1,"[{""antecedents"": [""POS_PROPN_rate_alto""], ""consequents"": [""DEP_complete_advcl_rate_baixo""], ""support"": 0.1726851851851852, ""confidence"": 0.689463955637708, ""lift"": 1.071397226026942, ""jaccard"": 0.23940949935815148}]"
P26,999becb9a6e1,P26,True,"[""DEP_complete_ccomp_rate_baixo"", ""diversidade_alto""]",2,0.17222222222222222,,,,"[""lexical"", ""sintaxe""]",True,True,baixa,[],[],[],0,[]
P27,ee52e42000e6,P27,True,"[""DEP_complete_advcl_rate_baixo"", ""POS_NOUN_rate_alto""]",2,0.17152777777777778,1.0544707091469683,0.6785714285714286,0.23666560204407541,"[""POS"", ""sintaxe""]",True,True,baixa,[],[],[],1,"[{""antecedents"": [""POS_NOUN_rate_alto""], ""consequents"": [""DEP_complete_advcl_rate_baixo""], ""support"": 0.17152777777777778, ""confidence"": 0.6785714285714286, ""lift"": 1.0544707091469683, ""jaccard"": 0.2366656020440754}]"
P28,74b0eac629ab,P28,True,"[""DEP_complete_advcl_rate_baixo"", ""uppercaseRatio_alto""]",2,0.17106481481481481,,,,"[""estilo"", ""sintaxe""]",True,True,baixa,[],[],[],0,[]
P29,99f5ddc61283,P29,True,"[""DEP_complete_amod_rate_alto"", ""POS_ADJ_rate_alto""]",2,0.17060185185185187,2.727272727272728,0.68750000000000011,0.51755617977528101,"[""POS"", ""sintaxe""]",True,True,media,"[""regras_inversas_agrupadas""]",[],[],2,"[{""antecedents"": [""DEP_complete_amod_rate_alto""], ""consequents"": [""POS_ADJ_rate_alto""], ""support"": 0.17060185185185187, ""confidence"": 0.6875000000000001, ""lift"": 2.727272727272728, ""jaccard"": 0.517556179775281}, {""antecedents"": [""POS_ADJ_rate_alto""], ""consequents"": [""DEP_complete_amod_rate_alto""], ""support"": 0.17060185185185187, ""confidence"": 0.6767676767676768, ""lift"": 2.7272727272727275, ""jaccard"": 0.517556179775281}]"
P30,a57b9c11ce44,P30,True,"[""DEP_complete_advcl_rate_baixo"", ""DEP_complete_nsubj_rate_alto""]",2,0.1701388888888889,1.0694365855630104,0.6882022471910112,0.2361066495342114,"[""sintaxe""]",False,True,media,"[""mesma_familia""]",[],[],1,"[{""antecedents"": [""DEP_complete_nsubj_rate_alto""], ""consequents"": [""DEP_complete_advcl_rate_baixo""], ""support"": 0.1701388888888889, ""confidence"": 0.6882022471910112, ""lift"": 1.0694365855630104, ""jaccard"": 0.2361066495342114}]"
P31,0f2e9db7890b,P31,True,"[""DEP_complete_advcl_rate_baixo"", ""DEP_complete_amod_rate_alto""]",2,0.16921296296296295,1.0596478041447439,0.68190298507462688,0.23421980134572254,"[""sintaxe""]",False,True,media,"[""mesma_familia""]",[],[],1,"[{""antecedents"": [""DEP_complete_amod_rate_alto""], ""consequents"": [""DEP_complete_advcl_rate_baixo""], ""support"": 0.16921296296296295, ""confidence"": 0.6819029850746269, ""lift"": 1.059647804144744, ""jaccard"": 0.23421980134572254}]"
P32,12075fb919a8,P32,True,"[""DEP_complete_ccomp_rate_baixo"", ""DEP_complete_obj_rate_baixo""]",2,0.16898148148148148,,,,"[""sintaxe""]",False,True,media,"[""cobertura_semelhante"", ""mesma_familia""]","[""P70""]","[{""display_id"": ""P70"", ""coverage_jaccard"": 0.7986301369863014, ""reason"": ""cobertura_semelhante""}]",0,[]
P33,2f17ec5eb68f,P33,True,"[""DEP_complete_advcl_rate_baixo"", ""POS_ADJ_rate_alto""]",2,0.16805555555555557,,,,"[""POS"", ""sintaxe""]",True,True,baixa,[],[],[],0,[]
P34,e620b1f73e61,P10,False,"[""DEP_complete_advcl_rate_baixo"", ""DEP_complete_ccomp_rate_baixo"", ""POS_VERB_rate_baixo""]",3,0.16782407407407407,1.4996121692665692,0.82668187001140248,0.3219360568383659,"[""POS"", ""sintaxe""]",True,True,media,"[""cobertura_semelhante""]","[""P10"", ""P11""]","[{""display_id"": ""P10"", ""coverage_jaccard"": 0.8055555555555556, ""reason"": ""cobertura_semelhante""}, {""display_id"": ""P11"", ""coverage_jaccard"": 0.8266818700114025, ""reason"": ""cobertura_semelhante""}]",3,"[{""antecedents"": [""POS_VERB_rate_baixo""], ""consequents"": [""DEP_complete_advcl_rate_baixo"", ""DEP_complete_ccomp_rate_baixo""], ""support"": 0.16782407407407407, ""confidence"": 0.6404593639575972, ""lift"": 1.4996121692665692, ""jaccard"": 0.3219360568383659}, {""antecedents"": [""DEP_complete_advcl_rate_baixo"", ""POS_VERB_rate_baixo""], ""consequents"": [""DEP_complete_ccomp_rate_baixo""], ""support"": 0.16782407407407407, ""confidence"": 0.8266818700114025, ""lift"": 1.2944058276365562, ""jaccard"": 0.24905530745448298}]"
P35,94796a43331b,P35,True,"[""DEP_complete_ccomp_rate_baixo"", ""POS_PROPN_rate_alto""]",2,0.16782407407407407,,,,"[""POS"", ""sintaxe""]",True,True,baixa,[],[],[],0,[]
P36,d82f7a46db86,P36,True,"[""DEP_complete_ccomp_rate_baixo"", ""DEP_complete_obj_rate_alto""]",2,0.16782407407407407,,,,"[""sintaxe""]",False,True,media,"[""mesma_familia""]",[],[],0,[]
P37,12336b417868,P37,True,"[""DEP_complete_advcl_rate_baixo"", ""POS_ADV_rate_alto""]",2,0.16620370370370371,,,,"[""POS"", ""sintaxe""]",True,True,baixa,[],[],[],0,[]
P38,2c2928600150,P38,True,"[""DEP_complete_ccomp_rate_baixo"", ""POS_PROPN_rate_baixo""]",2,0.16574074074074074,,,,"[""POS"", ""sintaxe""]",True,True,baixa,[],[],[],0,[]
P39,855befc470dc,P39,True,"[""DEP_complete_advcl_rate_baixo"", ""DEP_complete_nsubj_rate_baixo""]",2,0.16574074074074074,,,,"[""sintaxe""]",False,True,media,"[""cobertura_semelhante"", ""mesma_familia""]","[""P67""]","[{""display_id"": ""P67"", ""coverage_jaccard"": 0.8268156424581006, ""reason"": ""cobertura_semelhante""}]",0,[]
P40,96dc68b69930,P40,True,"[""DEP_complete_advcl_rate_baixo"", ""DEP_complete_amod_rate_baixo""]",2,0.16574074074074074,,,,"[""sintaxe""]",False,True,media,"[""mesma_familia""]",[],[],0,[]
P41,955c07a3d79c,P41,True,"[""POS_PROPN_rate_baixo"", ""uppercaseRatio_baixo""]",2,0.1650462962962963,1.5042664249546791,0.65533088235294124,0.31590607000443066,"[""POS"", ""estilo""]",True,True,baixa,[],[],[],1,"[{""antecedents"": [""POS_PROPN_rate_baixo""], ""consequents"": [""uppercaseRatio_baixo""], ""support"": 0.1650462962962963, ""confidence"": 0.6553308823529412, ""lift"": 1.504266424954679, ""jaccard"": 0.31590607000443066}]"
P42,eb0ac00356c0,P42,True,"[""DEP_complete_advcl_rate_baixo"", ""POS_ADJ_rate_baixo""]",2,0.16458333333333333,,,,"[""POS"", ""sintaxe""]",True,True,baixa,[],[],[],0,[]
P43,6ff0421ce19d,P43,True,"[""DEP_complete_advcl_rate_baixo"", ""punctuationDensity_spacy_alto""]",2,0.16365740740740742,,,,"[""estilo"", ""sintaxe""]",True,True,baixa,[],[],[],0,[]
P44,f7472e4ff3d8,P44,True,"[""DEP_complete_ccomp_rate_baixo"", ""punctuationDensity_spacy_alto""]",2,0.16365740740740742,,,,"[""estilo"", ""sintaxe""]",True,True,baixa,[],[],[],0,[]
P45,e2c78a4edfd4,P45,True,"[""DEP_complete_ccomp_rate_baixo"", ""POS_PRON_rate_alto""]",2,0.16319444444444445,,,,"[""POS"", ""sintaxe""]",True,True,baixa,[],[],[],0,[]
P46,35a26f69b855,P46,True,"[""DEP_complete_advcl_rate_baixo"", ""DEP_complete_ccomp_rate_alto""]",2,0.16296296296296298,,,,"[""sintaxe""]",False,True,media,"[""mesma_familia""]",[],[],0,[]
P47,c37e0766d787,P47,True,"[""DEP_complete_advcl_rate_baixo"", ""POS_PRON_rate_alto""]",2,0.16250000000000001,,,,"[""POS"", ""sintaxe""]",True,True,baixa,[],[],[],0,[]
P48,cdeb53d83d71,P48,True,"[""DEP_complete_advcl_rate_alto"", ""DEP_complete_ccomp_rate_baixo""]",2,0.16134259259259259,,,,"[""sintaxe""]",False,True,media,"[""mesma_familia""]",[],[],0,[]
P49,4393fa5663e5,P49,True,"[""DEP_complete_ccomp_rate_baixo"", ""uppercaseRatio_alto""]",2,0.16111111111111112,,,,"[""estilo"", ""sintaxe""]",True,True,baixa,[],[],[],0,[]
P50,f2d9fed12231,P50,True,"[""DEP_complete_ccomp_rate_baixo"", ""punctuationDensity_spacy_baixo""]",2,0.16111111111111112,,,,"[""estilo"", ""sintaxe""]",True,True,baixa,[],[],[],0,[]
P51,3a2dad9d60a1,P51,True,"[""DEP_complete_amod_rate_baixo"", ""DEP_complete_ccomp_rate_baixo""]",2,0.16064814814814815,,,,"[""sintaxe""]",False,True,media,"[""mesma_familia""]",[],[],0,[]
P52,c2e909cd69fa,P52,True,"[""DEP_complete_ccomp_rate_baixo"", ""POS_ADJ_rate_baixo""]",2,0.16018518518518518,,,,"[""POS"", ""sintaxe""]",True,True,baixa,[],[],[],0,[]
P53,d6fbfa466360,P53,True,"[""DEP_complete_amod_rate_baixo"", ""POS_ADJ_rate_baixo""]",2,0.16018518518518518,2.4313878586765565,0.63486238532110084,0.45347313237221493,"[""POS"", ""sintaxe""]",True,True,media,"[""regras_inversas_agrupadas""]",[],[],2,"[{""antecedents"": [""POS_ADJ_rate_baixo""], ""consequents"": [""DEP_complete_amod_rate_baixo""], ""support"": 0.16018518518518518, ""confidence"": 0.6134751773049645, ""lift"": 2.4313878586765565, ""jaccard"": 0.4534731323722149}, {""antecedents"": [""DEP_complete_amod_rate_baixo""], ""consequents"": [""POS_ADJ_rate_baixo""], ""support"": 0.16018518518518518, ""confidence"": 0.6348623853211008, ""lift"": 2.431387858676556, ""jaccard"": 0.4534731323722149}]"
P54,0f4e9ce594f0,P54,True,"[""DEP_complete_ccomp_rate_baixo"", ""diversidade_baixo""]",2,0.15717592592592591,,,,"[""lexical"", ""sintaxe""]",True,True,baixa,[],[],[],0,[]
P55,703057cad505,P55,True,"[""DEP_complete_advmod_rate_baixo"", ""POS_PRON_rate_baixo""]",2,0.15717592592592591,,,,"[""POS"", ""sintaxe""]",True,True,baixa,[],[],[],0,[]
P56,608908a66b98,P56,True,"[""DEP_complete_advmod_rate_baixo"", ""uppercaseRatio_baixo""]",2,0.15648148148148147,,,,"[""estilo"", ""sintaxe""]",True,True,baixa,[],[],[],0,[]
P57,f995fc1dbc8a,P57,True,"[""DEP_complete_advcl_rate_baixo"", ""diversidade_alto""]",2,0.15578703703703703,,,,"[""lexical"", ""sintaxe""]",True,True,baixa,[],[],[],0,[]
P58,a64eba16db93,P58,True,"[""DEP_complete_advcl_rate_baixo"", ""POS_NOUN_rate_baixo""]",2,0.15555555555555556,,,,"[""POS"", ""sintaxe""]",True,True,baixa,[],[],[],0,[]
P59,9c952b27a59c,P59,True,"[""DEP_complete_advcl_rate_baixo"", ""punctuationDensity_spacy_baixo""]",2,0.15509259259259259,,,,"[""estilo"", ""sintaxe""]",True,True,baixa,[],[],[],0,[]
P60,491a6559879a,P60,True,"[""DEP_complete_advcl_rate_baixo"", ""DEP_complete_ccomp_rate_baixo"", ""POS_PRON_rate_baixo""]",3,0.15231481481481482,1.0788338592972262,0.68900523560209426,0.21531413612565442,"[""POS"", ""sintaxe""]",True,True,baixa,[],[],[],2,"[{""antecedents"": [""DEP_complete_advcl_rate_baixo"", ""POS_PRON_rate_baixo""], ""consequents"": [""DEP_complete_ccomp_rate_baixo""], ""support"": 0.15231481481481482, ""confidence"": 0.6890052356020943, ""lift"": 1.0788338592972262, ""jaccard"": 0.21531413612565442}, {""antecedents"": [""DEP_complete_ccomp_rate_baixo"", ""POS_PRON_rate_baixo""], ""consequents"": [""DEP_complete_advcl_rate_baixo""], ""support"": 0.15231481481481482, ""confidence"": 0.6804550155118925, ""lift"": 1.057397721946538, ""jaccard"": 0.2130139203625769}]"
P61,9ad240570d3b,P61,True,"[""DEP_complete_advcl_rate_baixo"", ""DEP_complete_advmod_rate_alto""]",2,0.15138888888888888,,,,"[""sintaxe""]",False,True,media,"[""cobertura_semelhante"", ""mesma_familia""]","[""P103""]","[{""display_id"": ""P103"", ""coverage_jaccard"": 0.7599388379204893, ""reason"": ""cobertura_semelhante""}]",0,[]
P62,af3164467bd8,P62,True,"[""DEP_complete_advmod_rate_alto"", ""DEP_complete_ccomp_rate_baixo""]",2,0.15046296296296297,,,,"[""sintaxe""]",False,True,media,"[""cobertura_semelhante"", ""mesma_familia""]","[""P95""]","[{""display_id"": ""P95"", ""coverage_jaccard"": 0.78, ""reason"": ""cobertura_semelhante""}]",0,[]
P63,417ee602f371,P63,True,"[""DEP_complete_advcl_rate_baixo"", ""POS_PROPN_rate_baixo""]",2,0.14953703703703702,,,,"[""POS"", ""sintaxe""]",True,True,baixa,[],[],[],0,[]
P64,c8ad788d0c70,P64,True,"[""DEP_complete_ccomp_rate_baixo"", ""POS_NOUN_rate_baixo""]",2,0.14861111111111111,,,,"[""POS"", ""sintaxe""]",True,True,baixa,[],[],[],0,[]
P65,aaea6e78e590,P65,True,"[""POS_PRON_rate_alto"", ""uppercaseRatio_baixo""]",2,0.14606481481481481,1.2454140826383449,0.54256233877901971,0.26139188069594033,"[""POS"", ""estilo""]",True,True,baixa,[],[],[],1,"[{""antecedents"": [""POS_PRON_rate_alto""], ""consequents"": [""uppercaseRatio_baixo""], ""support"": 0.14606481481481481, ""confidence"": 0.5425623387790197, ""lift"": 1.2454140826383449, ""jaccard"": 0.2613918806959403}]"
P66,728cda3555ce,P66,True,"[""POS_ADV_rate_alto"", ""uppercaseRatio_baixo""]",2,0.13726851851851851,1.1525742787187501,0.50211685012701102,0.24008097165991901,"[""POS"", ""estilo""]",True,True,baixa,[],[],[],1,"[{""antecedents"": [""POS_ADV_rate_alto""], ""consequents"": [""uppercaseRatio_baixo""], ""support"": 0.1372685185185185, ""confidence"": 0.502116850127011, ""lift"": 1.15257427871875, ""jaccard"": 0.240080971659919}]"
P67,29bec1fea9c7,P39,False,"[""DEP_complete_advcl_rate_baixo"", ""DEP_complete_ccomp_rate_baixo"", ""DEP_complete_nsubj_rate_baixo""]",3,0.13703703703703704,1.2946152864874936,0.82681564245810057,0.25021132713440408,"[""sintaxe""]",False,True,media,"[""cobertura_semelhante"", ""extensao_pouco_informativa"", ""mesma_familia""]","[""P39""]","[{""display_id"": ""P39"", ""coverage_jaccard"": 0.8268156424581006, ""reason"": ""cobertura_semelhante""}, {""display_id"": ""P39"", ""coverage_jaccard"": 0.8268156424581006, ""reason"": ""extensao_pouco_informativa""}]",2,"[{""antecedents"": [""DEP_complete_advcl_rate_baixo"", ""DEP_complete_nsubj_rate_baixo""], ""consequents"": [""DEP_complete_ccomp_rate_baixo""], ""support"": 0.13703703703703704, ""confidence"": 0.8268156424581006, ""lift"": 1.2946152864874936, ""jaccard"": 0.20534165799514398}, {""antecedents"": [""DEP_complete_nsubj_rate_baixo""], ""consequents"": [""DEP_complete_advcl_rate_baixo"", ""DEP_complete_ccomp_rate_baixo""], ""support"": 0.13703703703703704, ""confidence"": 0.5318957771787961, ""lift"": 1.245414502662547, ""jaccard"": 0.2502113271344041}]"
P68,881e49ef5118,P68,True,"[""DEP_complete_advcl_rate_baixo"", ""DEP_complete_ccomp_rate_baixo"", ""POS_ADV_rate_baixo""]",3,0.13564814814814816,1.110510615897526,0.71463414634146338,0.19442601194426015,"[""POS"", ""sintaxe""]",True,True,baixa,[],[],[],2,"[{""antecedents"": [""DEP_complete_ccomp_rate_baixo"", ""POS_ADV_rate_baixo""], ""consequents"": [""DEP_complete_advcl_rate_baixo""], ""support"": 0.13564814814814816, ""confidence"": 0.7146341463414634, ""lift"": 1.110510615897526, ""jaccard"": 0.19442601194426015}, {""antecedents"": [""DEP_complete_advcl_rate_baixo"", ""POS_ADV_rate_baixo""], ""consequents"": [""DEP_complete_ccomp_rate_baixo""], ""support"": 0.13564814814814816, ""confidence"": 0.6782407407407407, ""lift"": 1.06197897789054, ""jaccard"": 0.192953572604544}]"
P69,565ae110b7b8,P69,True,"[""DEP_complete_advcl_rate_baixo"", ""DEP_complete_obj_rate_alto""]",2,0.13541666666666666,,,,"[""sintaxe""]",False,True,media,"[""mesma_familia""]",[],[],0,[]
P70,edb22e2e0031,P32,False,"[""DEP_complete_advcl_rate_baixo"", ""DEP_complete_ccomp_rate_baixo"", ""DEP_complete_obj_rate_baixo""]",3,0.13495370370370371,1.2410367596333893,0.79863013698630148,0.24630333755809045,"[""sintaxe""]",False,True,media,"[""cobertura_semelhante"", ""mesma_familia""]","[""P32""]","[{""display_id"": ""P32"", ""coverage_jaccard"": 0.7986301369863014, ""reason"": ""cobertura_semelhante""}]",3,"[{""antecedents"": [""DEP_complete_ccomp_rate_baixo"", ""DEP_complete_obj_rate_baixo""], ""consequents"": [""DEP_complete_advcl_rate_baixo""], ""support"": 0.13495370370370371, ""confidence"": 0.7986301369863015, ""lift"": 1.2410367596333893, ""jaccard"": 0.19918004783054324}, {""antecedents"": [""DEP_complete_obj_rate_baixo""], ""consequents"": [""DEP_complete_advcl_rate_baixo"", ""DEP_complete_ccomp_rate_baixo""], ""support"": 0.13495370370370371, ""confidence"": 0.5276018099547511, ""lift"": 1.2353603355038076, ""jaccard"": 0.24630333755809045}]"
P71,db6f966588f8,P71,True,"[""POS_NOUN_rate_alto"", ""uppercaseRatio_baixo""]",2,0.13333333333333333,1.2107764711377889,0.52747252747252749,0.24020016680567136,"[""POS"", ""estilo""]",True,True,baixa,[],[],[],1,"[{""antecedents"": [""POS_NOUN_rate_alto""], ""consequents"": [""uppercaseRatio_baixo""], ""support"": 0.13333333333333333, ""confidence"": 0.5274725274725275, ""lift"": 1.2107764711377889, ""jaccard"": 0.24020016680567136}]"
P72,64748c9e68b0,P72,True,"[""POS_ADJ_rate_alto"", ""uppercaseRatio_baixo""]",2,0.13148148148148148,1.1972492776279848,0.52157943067033974,0.23637120266333753,"[""POS"", ""estilo""]",True,True,baixa,[],[],[],1,"[{""antecedents"": [""POS_ADJ_rate_alto""], ""consequents"": [""uppercaseRatio_baixo""], ""support"": 0.13148148148148148, ""confidence"": 0.5215794306703397, ""lift"": 1.1972492776279848, ""jaccard"": 0.23637120266333753}]"
P73,554fcfcfd50a,P73,True,"[""DEP_complete_advmod_rate_baixo"", ""POS_PROPN_rate_alto""]",2,0.12986111111111112,1.2843188794112164,0.51848428835489846,0.24768211920529803,"[""POS"", ""sintaxe""]",True,True,media,"[""cobertura_semelhante""]","[""P153""]","[{""display_id"": ""P153"", ""coverage_jaccard"": 0.7664884135472371, ""reason"": ""cobertura_semelhante""}]",1,"[{""antecedents"": [""POS_PROPN_rate_alto""], ""consequents"": [""DEP_complete_advmod_rate_baixo""], ""support"": 0.12986111111111112, ""confidence"": 0.5184842883548985, ""lift"": 1.2843188794112164, ""jaccard"": 0.24768211920529803}]"
P74,3827d0dd8fe9,P74,True,"[""POS_NOUN_rate_alto"", ""POS_PROPN_rate_baixo""]",2,0.12870370370370371,2.0216548157724632,0.51102941176470595,0.34236453201970451,"[""POS""]",False,True,media,"[""mesma_familia"", ""regras_inversas_agrupadas""]",[],[],2,"[{""antecedents"": [""POS_PROPN_rate_baixo""], ""consequents"": [""POS_NOUN_rate_alto""], ""support"": 0.1287037037037037, ""confidence"": 0.511029411764706, ""lift"": 2.021654815772463, ""jaccard"": 0.3423645320197045}, {""antecedents"": [""POS_NOUN_rate_alto""], ""consequents"": [""POS_PROPN_rate_baixo""], ""support"": 0.1287037037037037, ""confidence"": 0.5091575091575092, ""lift"": 2.021654815772463, ""jaccard"": 0.3423645320197045}]"
P75,e23dd876cd48,P75,True,"[""DEP_complete_advcl_rate_baixo"", ""POS_VERB_rate_alto""]",2,0.12870370370370371,,,,"[""POS"", ""sintaxe""]",True,True,baixa,[],[],[],0,[]
P76,e2f5d638b28a,P76,True,"[""POS_PRON_rate_baixo"", ""uppercaseRatio_baixo""]",2,0.12662037037037038,,,,"[""POS"", ""estilo""]",True,True,baixa,[],[],[],0,[]
P77,29499b48b237,P77,True,"[""DEP_complete_advcl_rate_baixo"", ""DEP_complete_amod_rate_alto"", ""DEP_complete_ccomp_rate_baixo""]",3,0.12615740740740741,1.1903895158354569,0.74555403556771549,0.2297639123102867,"[""sintaxe""]",False,True,media,"[""mesma_familia""]",[],[],3,"[{""antecedents"": [""DEP_complete_amod_rate_alto""], ""consequents"": [""DEP_complete_advcl_rate_baixo"", ""DEP_complete_ccomp_rate_baixo""], ""support"": 0.1261574074074074, ""confidence"": 0.5083955223880597, ""lift"": 1.190389515835457, ""jaccard"": 0.2297639123102867}, {""antecedents"": [""DEP_complete_advcl_rate_baixo"", ""DEP_complete_amod_rate_alto""], ""consequents"": [""DEP_complete_ccomp_rate_baixo""], ""support"": 0.1261574074074074, ""confidence"": 0.7455540355677155, ""lift"": 1.1673771053470572, ""jaccard"": 0.18505942275042447}]"
P78,6b5319dd01d4,P78,True,"[""DEP_complete_amod_rate_alto"", ""DEP_complete_ccomp_rate_baixo"", ""POS_ADJ_rate_alto""]",3,0.12546296296296297,2.8663767775296747,0.73541383989145181,0.41950464396284837,"[""POS"", ""sintaxe""]",True,True,media,"[""regras_inversas_agrupadas""]",[],[],4,"[{""antecedents"": [""DEP_complete_ccomp_rate_baixo"", ""POS_ADJ_rate_alto""], ""consequents"": [""DEP_complete_amod_rate_alto""], ""support"": 0.12546296296296297, ""confidence"": 0.7112860892388452, ""lift"": 2.8663767775296747, ""jaccard"": 0.41950464396284837}, {""antecedents"": [""DEP_complete_amod_rate_alto""], ""consequents"": [""DEP_complete_ccomp_rate_baixo"", ""POS_ADJ_rate_alto""], ""support"": 0.12546296296296297, ""confidence"": 0.5055970149253731, ""lift"": 2.8663767775296742, ""jaccard"": 0.41950464396284837}]"
P79,f5053671f927,P79,True,"[""DEP_complete_nsubj_rate_baixo"", ""POS_PRON_rate_baixo""]",2,0.125,,,,"[""POS"", ""sintaxe""]",True,True,media,"[""cobertura_semelhante""]","[""P143""]","[{""display_id"": ""P143"", ""coverage_jaccard"": 0.8185185185185185, ""reason"": ""cobertura_semelhante""}]",0,[]
P80,3d276f37d0f0,P80,True,"[""DEP_complete_advcl_rate_baixo"", ""DEP_complete_ccomp_rate_baixo"", ""POS_NOUN_rate_alto""]",3,0.12453703703703704,1.1368315399142741,0.72604588394062086,0.18163403106009454,"[""POS"", ""sintaxe""]",True,True,baixa,[],[],[],2,"[{""antecedents"": [""DEP_complete_advcl_rate_baixo"", ""POS_NOUN_rate_alto""], ""consequents"": [""DEP_complete_ccomp_rate_baixo""], ""support"": 0.12453703703703704, ""confidence"": 0.7260458839406209, ""lift"": 1.136831539914274, ""jaccard"": 0.18163403106009454}, {""antecedents"": [""DEP_complete_ccomp_rate_baixo"", ""POS_NOUN_rate_alto""], ""consequents"": [""DEP_complete_advcl_rate_baixo""], ""support"": 0.12453703703703704, ""confidence"": 0.6968911917098446, ""lift"": 1.082938830282924, ""jaccard"": 0.17850033178500332}]"
P81,b18438599bf6,P81,True,"[""DEP_complete_advmod_rate_baixo"", ""POS_NOUN_rate_alto""]",2,0.12453703703703704,,,,"[""POS"", ""sintaxe""]",True,True,media,"[""cobertura_semelhante""]","[""P169""]","[{""display_id"": ""P169"", ""coverage_jaccard"": 0.7676579925650557, ""reason"": ""cobertura_semelhante""}]",0,[]
P82,f0690716edd1,P82,True,"[""DEP_complete_advmod_rate_alto"", ""uppercaseRatio_baixo""]",2,0.12384259259259259,1.1541872747756743,0.50281954887218039,0.22189962671090829,"[""estilo"", ""sintaxe""]",True,True,media,"[""cobertura_semelhante""]","[""P162""]","[{""display_id"": ""P162"", ""coverage_jaccard"": 0.788785046728972, ""reason"": ""cobertura_semelhante""}]",1,"[{""antecedents"": [""DEP_complete_advmod_rate_alto""], ""consequents"": [""uppercaseRatio_baixo""], ""support"": 0.12384259259259259, ""confidence"": 0.5028195488721804, ""lift"": 1.1541872747756743, ""jaccard"": 0.2218996267109083}]"
P83,545510418faa,P83,True,"[""DEP_complete_advcl_rate_baixo"", ""DEP_complete_ccomp_rate_baixo"", ""POS_PROPN_rate_alto""]",3,0.12314814814814815,1.1402828082361698,0.73379310344827586,0.17894382778338377,"[""POS"", ""sintaxe""]",True,True,baixa,[],[],[],2,"[{""antecedents"": [""DEP_complete_ccomp_rate_baixo"", ""POS_PROPN_rate_alto""], ""consequents"": [""DEP_complete_advcl_rate_baixo""], ""support"": 0.12314814814814815, ""confidence"": 0.7337931034482759, ""lift"": 1.1402828082361698, ""jaccard"": 0.17894382778338377}, {""antecedents"": [""DEP_complete_advcl_rate_baixo"", ""POS_PROPN_rate_alto""], ""consequents"": [""DEP_complete_ccomp_rate_baixo""], ""support"": 0.12314814814814815, ""confidence"": 0.71313672922252, ""lift"": 1.1166185829073165, ""jaccard"": 0.17894382778338377}]"
P84,4e0594703585,P84,True,"[""POS_VERB_rate_alto"", ""uppercaseRatio_baixo""]",2,0.1224537037037037,,,,"[""POS"", ""estilo""]",True,True,baixa,[],[],[],0,[]
P85,963ead95de19,P85,True,"[""DEP_complete_amod_rate_alto"", ""uppercaseRatio_baixo""]",2,0.12199074074074075,,,,"[""estilo"", ""sintaxe""]",True,True,baixa,[],[],[],0,[]
P86,17ca1c6ab1bc,P86,True,"[""POS_NOUN_rate_baixo"", ""POS_PROPN_rate_alto""]",2,0.12152777777777778,,,,"[""POS""]",False,True,media,"[""mesma_familia""]",[],[],0,[]
P87,48f0b579363a,P87,True,"[""DEP_complete_ccomp_rate_baixo"", ""POS_VERB_rate_alto""]",2,0.12037037037037036,,,,"[""POS"", ""sintaxe""]",True,True,baixa,[],[],[],0,[]
P88,707087381bf3,P88,True,"[""DEP_complete_advcl_rate_baixo"", ""DEP_complete_ccomp_rate_baixo"", ""POS_ADJ_rate_alto""]",3,0.12013888888888889,1.1193419582493358,0.71487603305785119,0.17498314227916384,"[""POS"", ""sintaxe""]",True,True,baixa,[],[],[],2,"[{""antecedents"": [""DEP_complete_advcl_rate_baixo"", ""POS_ADJ_rate_alto""], ""consequents"": [""DEP_complete_ccomp_rate_baixo""], ""support"": 0.12013888888888889, ""confidence"": 0.7148760330578512, ""lift"": 1.1193419582493358, ""jaccard"": 0.17498314227916384}, {""antecedents"": [""DEP_complete_ccomp_rate_baixo"", ""POS_ADJ_rate_alto""], ""consequents"": [""DEP_complete_advcl_rate_baixo""], ""support"": 0.12013888888888889, ""confidence"": 0.6811023622047244, ""lift"": 1.0584036707641762, ""jaccard"": 0.171683757856434}]"
P89,9a3c91d0a692,P89,True,"[""DEP_complete_advmod_rate_baixo"", ""punctuationDensity_spacy_baixo""]",2,0.11990740740740741,,,,"[""estilo"", ""sintaxe""]",True,True,baixa,[],[],[],0,[]
P90,2f6f49322911,P90,True,"[""POS_PRON_rate_baixo"", ""POS_VERB_rate_baixo""]",2,0.11898148148148148,,,,"[""POS""]",False,True,media,"[""cobertura_semelhante"", ""mesma_familia""]","[""P175"", ""P185""]","[{""display_id"": ""P175"", ""coverage_jaccard"": 0.7937743190661478, ""reason"": ""cobertura_semelhante""}, {""display_id"": ""P185"", ""coverage_jaccard"": 0.7782101167315175, ""reason"": ""cobertura_semelhante""}]",0,[]
P91,3ab612e2ae8d,P91,True,"[""POS_PRON_rate_baixo"", ""POS_PROPN_rate_alto""]",2,0.11874999999999999,,,,"[""POS""]",False,True,media,"[""mesma_familia""]",[],[],0,[]
P92,b4be02219361,P92,True,"[""punctuationDensity_spacy_baixo"", ""uppercaseRatio_baixo""]",2,0.11874999999999999,,,,"[""estilo""]",False,True,media,"[""mesma_familia""]",[],[],0,[]
P93,05a8d44e35af,P93,True,"[""DEP_complete_advmod_rate_baixo"", ""POS_VERB_rate_baixo""]",2,0.11828703703703704,,,,"[""POS"", ""sintaxe""]",True,True,media,"[""cobertura_semelhante""]","[""P141"", ""P160""]","[{""display_id"": ""P141"", ""coverage_jaccard"": 0.8688845401174168, ""reason"": ""cobertura_semelhante""}, {""display_id"": ""P160"", ""coverage_jaccard"": 0.8297455968688845, ""reason"": ""cobertura_semelhante""}]",0,[]
P94,0c201f82791a,P94,True,"[""POS_ADV_rate_baixo"", ""POS_PRON_rate_baixo""]",2,0.11828703703703704,,,,"[""POS""]",False,True,alta,"[""cobertura_semelhante"", ""mesma_familia""]","[""P110""]","[{""display_id"": ""P110"", ""coverage_jaccard"": 0.9452054794520548, ""reason"": ""cobertura_semelhante""}]",0,[]
P95,bdc3eca659c3,P62,False,"[""DEP_complete_advmod_rate_alto"", ""DEP_complete_ccomp_rate_baixo"", ""POS_ADV_rate_alto""]",3,0.11736111111111111,2.8531752751905164,0.78000000000000003,0.38761467889908252,"[""POS"", ""sintaxe""]",True,True,media,"[""cobertura_semelhante""]","[""P62""]","[{""display_id"": ""P62"", ""coverage_jaccard"": 0.78, ""reason"": ""cobertura_semelhante""}]",2,"[{""antecedents"": [""DEP_complete_advmod_rate_alto"", ""DEP_complete_ccomp_rate_baixo""], ""consequents"": [""POS_ADV_rate_alto""], ""support"": 0.11736111111111111, ""confidence"": 0.78, ""lift"": 2.8531752751905164, ""jaccard"": 0.38293051359516617}, {""antecedents"": [""DEP_complete_ccomp_rate_baixo"", ""POS_ADV_rate_alto""], ""consequents"": [""DEP_complete_advmod_rate_alto""], ""support"": 0.11736111111111111, ""confidence"": 0.6750998668442076, ""lift"": 2.741006978164452, ""jaccard"": 0.3876146788990825}]"
P96,9c6715e43874,P96,True,"[""DEP_complete_ccomp_rate_baixo"", ""DEP_complete_nsubj_rate_alto""]",2,0.11712962962962963,,,,"[""sintaxe""]",False,True,media,"[""mesma_familia""]",[],[],0,[]
P97,0eb58f7535ba,P97,True,"[""DEP_complete_advcl_rate_alto"", ""uppercaseRatio_baixo""]",2,0.11666666666666667,,,,"[""estilo"", ""sintaxe""]",True,True,baixa,[],[],[],0,[]
P98,d3157b07ed0e,P98,True,"[""DEP_complete_advcl_rate_baixo"", ""DEP_complete_amod_rate_alto"", ""POS_ADJ_rate_alto""]",3,0.11643518518518518,2.7920315776489453,0.69283746556473824,0.38841698841698835,"[""POS"", ""sintaxe""]",True,True,baixa,[],[],[],3,"[{""antecedents"": [""DEP_complete_advcl_rate_baixo"", ""POS_ADJ_rate_alto""], ""consequents"": [""DEP_complete_amod_rate_alto""], ""support"": 0.11643518518518518, ""confidence"": 0.6928374655647382, ""lift"": 2.7920315776489453, ""jaccard"": 0.38841698841698835}, {""antecedents"": [""DEP_complete_advcl_rate_baixo"", ""DEP_complete_amod_rate_alto""], ""consequents"": [""POS_ADJ_rate_alto""], ""support"": 0.11643518518518518, ""confidence"": 0.6880984952120384, ""lift"": 2.7296469231551934, ""jaccard"": 0.3819286256643888}]"
P99,536739eadd1e,P99,True,"[""DEP_complete_advmod_rate_baixo"", ""uppercaseRatio_alto""]",2,0.11643518518518518,,,,"[""estilo"", ""sintaxe""]",True,True,baixa,[],[],[],0,[]
P100,5c96adc17159,P100,True,"[""DEP_complete_obj_rate_baixo"", ""uppercaseRatio_baixo""]",2,0.11643518518518518,,,,"[""estilo"", ""sintaxe""]",True,True,baixa,[],[],[],0,[]
P101,a06d35073061,P101,True,"[""diversidade_alto"", ""uppercaseRatio_baixo""]",2,0.11527777777777778,,,,"[""estilo"", ""lexical""]",True,True,baixa,[],[],[],0,[]
P102,ef7c49fead58,P102,True,"[""DEP_complete_advmod_rate_baixo"", ""DEP_complete_nsubj_rate_baixo""]",2,0.11527777777777778,,,,"[""sintaxe""]",False,True,media,"[""cobertura_semelhante"", ""mesma_familia""]","[""P159""]","[{""display_id"": ""P159"", ""coverage_jaccard"": 0.8534136546184738, ""reason"": ""cobertura_semelhante""}]",0,[]
P103,2e76ac323433,P61,False,"[""DEP_complete_advcl_rate_baixo"", ""DEP_complete_advmod_rate_alto"", ""POS_ADV_rate_alto""]",3,0.1150462962962963,2.8104383521477789,0.75993883792048933,0.38677042801556427,"[""POS"", ""sintaxe""]",True,True,media,"[""cobertura_semelhante""]","[""P61""]","[{""display_id"": ""P61"", ""coverage_jaccard"": 0.7599388379204893, ""reason"": ""cobertura_semelhante""}]",2,"[{""antecedents"": [""DEP_complete_advcl_rate_baixo"", ""POS_ADV_rate_alto""], ""consequents"": [""DEP_complete_advmod_rate_alto""], ""support"": 0.1150462962962963, ""confidence"": 0.692200557103064, ""lift"": 2.810438352147779, ""jaccard"": 0.38677042801556427}, {""antecedents"": [""DEP_complete_advcl_rate_baixo"", ""DEP_complete_advmod_rate_alto""], ""consequents"": [""POS_ADV_rate_alto""], ""support"": 0.1150462962962963, ""confidence"": 0.7599388379204893, ""lift"": 2.7797932089894273, ""jaccard"": 0.37144992526158455}]"
P104,7fe0a3baca2e,P104,True,"[""DEP_complete_nsubj_rate_baixo"", ""uppercaseRatio_baixo""]",2,0.1150462962962963,,,,"[""estilo"", ""sintaxe""]",True,True,media,"[""cobertura_semelhante""]","[""P183""]","[{""display_id"": ""P183"", ""coverage_jaccard"": 0.8088531187122736, ""reason"": ""cobertura_semelhante""}]",0,[]
P105,259358c15353,P105,True,"[""DEP_complete_advmod_rate_baixo"", ""DEP_complete_amod_rate_baixo""]",2,0.11342592592592593,,,,"[""sintaxe""]",False,True,media,"[""mesma_familia""]",[],[],0,[]
P106,612d92b88d8d,P106,True,"[""DEP_complete_advcl_rate_baixo"", ""DEP_complete_ccomp_rate_baixo"", ""uppercaseRatio_alto""]",3,0.11319444444444444,1.0917886380550732,0.70258620689655171,0.16370940743220624,"[""estilo"", ""sintaxe""]",True,True,baixa,[],[],[],1,"[{""antecedents"": [""DEP_complete_ccomp_rate_baixo"", ""uppercaseRatio_alto""], ""consequents"": [""DEP_complete_advcl_rate_baixo""], ""support"": 0.11319444444444444, ""confidence"": 0.7025862068965517, ""lift"": 1.0917886380550732, ""jaccard"": 0.16370940743220624}]"
P107,84151be68c73,P107,True,"[""DEP_complete_advmod_rate_baixo"", ""DEP_complete_ccomp_rate_baixo"", ""POS_PRON_rate_baixo""]",3,0.1125,1.2449361023879775,0.71575846833578805,0.21842696629213484,"[""POS"", ""sintaxe""]",True,True,baixa,[],[],[],2,"[{""antecedents"": [""DEP_complete_ccomp_rate_baixo"", ""POS_PRON_rate_baixo""], ""consequents"": [""DEP_complete_advmod_rate_baixo""], ""support"": 0.1125, ""confidence"": 0.5025853154084798, ""lift"": 1.2449361023879775, ""jaccard"": 0.21842696629213484}, {""antecedents"": [""DEP_complete_advmod_rate_baixo"", ""POS_PRON_rate_baixo""], ""consequents"": [""DEP_complete_ccomp_rate_baixo""], ""support"": 0.1125, ""confidence"": 0.715758468335788, ""lift"": 1.1207236619103313, ""jaccard"": 0.16463414634146345}]"
P108,60657c67152a,P108,True,"[""POS_ADV_rate_baixo"", ""uppercaseRatio_baixo""]",2,0.11203703703703703,,,,"[""POS"", ""estilo""]",True,True,alta,"[""cobertura_semelhante""]","[""P135""]","[{""display_id"": ""P135"", ""coverage_jaccard"": 0.9359504132231405, ""reason"": ""cobertura_semelhante""}]",0,[]
P109,7c418f5e8d3c,P109,True,"[""DEP_complete_advmod_rate_baixo"", ""DEP_complete_obj_rate_alto""]",2,0.11203703703703703,,,,"[""sintaxe""]",False,True,media,"[""mesma_familia""]",[],[],0,[]
P110,432397db65dd,P94,False,"[""DEP_complete_advmod_rate_baixo"", ""POS_ADV_rate_baixo"", ""POS_PRON_rate_baixo""]",3,0.11180555555555556,2.404530274430086,0.9452054794520548,0.32767978290366351,"[""POS"", ""sintaxe""]",True,True,alta,"[""cobertura_semelhante"", ""extensao_pouco_informativa""]","[""P94""]","[{""display_id"": ""P94"", ""coverage_jaccard"": 0.9452054794520548, ""reason"": ""cobertura_semelhante""}, {""display_id"": ""P94"", ""coverage_jaccard"": 0.9452054794520548, ""reason"": ""extensao_pouco_informativa""}]",2,"[{""antecedents"": [""DEP_complete_advmod_rate_baixo"", ""POS_PRON_rate_baixo""], ""consequents"": [""POS_ADV_rate_baixo""], ""support"": 0.11180555555555556, ""confidence"": 0.7113402061855671, ""lift"": 2.404530274430086, ""jaccard"": 0.3276797829036635}, {""antecedents"": [""POS_ADV_rate_baixo"", ""POS_PRON_rate_baixo""], ""consequents"": [""DEP_complete_advmod_rate_baixo""], ""support"": 0.11180555555555556, ""confidence"": 0.9452054794520548, ""lift"": 2.3413346738720624, ""jaccard"": 0.2725733634311512}]"
P111,48b2fb4d1f24,P111,True,"[""DEP_complete_advmod_rate_baixo"", ""diversidade_baixo""]",2,0.11134259259259259,,,,"[""lexical"", ""sintaxe""]",True,True,media,"[""cobertura_semelhante""]","[""P237""]","[{""display_id"": ""P237"", ""coverage_jaccard"": 0.7525987525987526, ""reason"": ""cobertura_semelhante""}]",0,[]
P112,45e8771d1d4e,P112,True,"[""DEP_complete_advcl_rate_baixo"", ""DEP_complete_ccomp_rate_baixo"", ""diversidade_baixo""]",3,0.1111111111111111,1.0985261864146387,0.70692194403534614,0.1611278952668681,"[""lexical"", ""sintaxe""]",True,True,baixa,[],[],[],1,"[{""antecedents"": [""DEP_complete_ccomp_rate_baixo"", ""diversidade_baixo""], ""consequents"": [""DEP_complete_advcl_rate_baixo""], ""support"": 0.1111111111111111, ""confidence"": 0.7069219440353461, ""lift"": 1.0985261864146387, ""jaccard"": 0.1611278952668681}]"
P113,97c3e2d3a0a0,P113,True,"[""DEP_complete_ccomp_rate_alto"", ""POS_VERB_rate_alto""]",2,0.11087962962962963,,,,"[""POS"", ""sintaxe""]",True,True,baixa,[],[],[],0,[]
P114,8982ce33889a,P114,True,"[""DEP_complete_advcl_rate_baixo"", ""DEP_complete_ccomp_rate_baixo"", ""diversidade_alto""]",3,0.11041666666666666,1.1097760833516892,0.70876671619613674,0.16142131979695434,"[""lexical"", ""sintaxe""]",True,True,baixa,[],[],[],1,"[{""antecedents"": [""DEP_complete_advcl_rate_baixo"", ""diversidade_alto""], ""consequents"": [""DEP_complete_ccomp_rate_baixo""], ""support"": 0.11041666666666666, ""confidence"": 0.7087667161961367, ""lift"": 1.1097760833516892, ""jaccard"": 0.16142131979695434}]"
P115,83fd48aae9a9,P115,True,"[""DEP_complete_obj_rate_baixo"", ""POS_VERB_rate_baixo""]",2,0.11041666666666666,,,,"[""POS"", ""sintaxe""]",True,True,media,"[""cobertura_semelhante""]","[""P172"", ""P204""]","[{""display_id"": ""P172"", ""coverage_jaccard"": 0.8616352201257862, ""reason"": ""cobertura_semelhante""}, {""display_id"": ""P204"", ""coverage_jaccard"": 0.7945492662473794, ""reason"": ""cobertura_semelhante""}]",0,[]
P116,a4fb7fd9a505,P116,True,"[""DEP_complete_advcl_rate_baixo"", ""DEP_complete_advmod_rate_baixo"", ""POS_PRON_rate_baixo""]",3,0.10995370370370371,1.0870832053061528,0.69955817378497798,0.15918230563002683,"[""POS"", ""sintaxe""]",True,True,baixa,[],[],[],1,"[{""antecedents"": [""DEP_complete_advmod_rate_baixo"", ""POS_PRON_rate_baixo""], ""consequents"": [""DEP_complete_advcl_rate_baixo""], ""support"": 0.1099537037037037, ""confidence"": 0.699558173784978, ""lift"": 1.0870832053061528, ""jaccard"": 0.15918230563002683}]"
P117,3b5053103d5b,P117,True,"[""DEP_complete_obj_rate_alto"", ""POS_VERB_rate_alto""]",2,0.10925925925925926,,,,"[""POS"", ""sintaxe""]",True,True,baixa,[],[],[],0,[]
P118,45c4e750b60c,P118,True,"[""DEP_complete_advcl_rate_baixo"", ""DEP_complete_ccomp_rate_baixo"", ""POS_ADV_rate_alto""]",3,0.10902777777777778,,,,"[""POS"", ""sintaxe""]",True,True,baixa,[],[],[],0,[]
P119,e7f51bee8aff,P119,True,"[""DEP_complete_advcl_rate_baixo"", ""DEP_complete_amod_rate_baixo"", ""DEP_complete_ccomp_rate_baixo""]",3,0.10902777777777778,1.0546306470673605,0.67867435158501443,0.15684315684315683,"[""sintaxe""]",False,True,media,"[""mesma_familia""]",[],[],1,"[{""antecedents"": [""DEP_complete_amod_rate_baixo"", ""DEP_complete_ccomp_rate_baixo""], ""consequents"": [""DEP_complete_advcl_rate_baixo""], ""support"": 0.10902777777777778, ""confidence"": 0.6786743515850144, ""lift"": 1.0546306470673605, ""jaccard"": 0.15684315684315683}]"
P120,5f5ef14a62db,P120,True,"[""DEP_complete_ccomp_rate_baixo"", ""POS_PROPN_rate_baixo"", ""uppercaseRatio_baixo""]",3,0.10879629629629629,1.5067769340829615,0.65642458100558654,0.22086466165413529,"[""POS"", ""estilo"", ""sintaxe""]",True,True,baixa,[],[],[],1,"[{""antecedents"": [""DEP_complete_ccomp_rate_baixo"", ""POS_PROPN_rate_baixo""], ""consequents"": [""uppercaseRatio_baixo""], ""support"": 0.1087962962962963, ""confidence"": 0.6564245810055865, ""lift"": 1.5067769340829615, ""jaccard"": 0.2208646616541353}]"
P121,6b089753e7e9,P121,True,"[""DEP_complete_ccomp_rate_alto"", ""uppercaseRatio_baixo""]",2,0.10879629629629629,,,,"[""estilo"", ""sintaxe""]",True,True,baixa,[],[],[],0,[]
P122,38caed4961ee,P122,True,"[""DEP_complete_nsubj_rate_alto"", ""uppercaseRatio_baixo""]",2,0.10856481481481481,,,,"[""estilo"", ""sintaxe""]",True,True,baixa,[],[],[],0,[]
P123,4394f450e00d,P123,True,"[""POS_ADV_rate_baixo"", ""POS_PROPN_rate_alto""]",2,0.10833333333333334,,,,"[""POS""]",False,True,alta,"[""cobertura_semelhante"", ""mesma_familia""]","[""P153""]","[{""display_id"": ""P153"", ""coverage_jaccard"": 0.9188034188034188, ""reason"": ""cobertura_semelhante""}]",0,[]
P124,2e069ab0427d,P124,True,"[""DEP_complete_advmod_rate_baixo"", ""DEP_complete_ccomp_rate_baixo"", ""uppercaseRatio_baixo""]",3,0.10810185185185185,1.0816885459314434,0.69082840236686394,0.15734501347708896,"[""estilo"", ""sintaxe""]",True,True,baixa,[],[],[],1,"[{""antecedents"": [""DEP_complete_advmod_rate_baixo"", ""uppercaseRatio_baixo""], ""consequents"": [""DEP_complete_ccomp_rate_baixo""], ""support"": 0.10810185185185185, ""confidence"": 0.6908284023668639, ""lift"": 1.0816885459314434, ""jaccard"": 0.15734501347708896}]"
P125,5227ab2d1f40,P125,True,"[""DEP_complete_advcl_rate_baixo"", ""DEP_complete_ccomp_rate_baixo"", ""punctuationDensity_spacy_alto""]",3,0.10810185185185185,,,,"[""estilo"", ""sintaxe""]",True,True,baixa,[],[],[],0,[]
P126,6fa695cdc3ab,P126,True,"[""DEP_complete_advcl_rate_baixo"", ""DEP_complete_ccomp_rate_baixo"", ""punctuationDensity_spacy_baixo""]",3,0.1076388888888889,1.0867013248364918,0.69402985074626877,0.15688259109311742,"[""estilo"", ""sintaxe""]",True,True,baixa,[],[],[],1,"[{""antecedents"": [""DEP_complete_advcl_rate_baixo"", ""punctuationDensity_spacy_baixo""], ""consequents"": [""DEP_complete_ccomp_rate_baixo""], ""support"": 0.1076388888888889, ""confidence"": 0.6940298507462688, ""lift"": 1.0867013248364918, ""jaccard"": 0.15688259109311742}]"
P127,fff44d92c05f,P127,True,"[""DEP_complete_advcl_rate_baixo"", ""DEP_complete_advmod_rate_baixo"", ""uppercaseRatio_baixo""]",3,0.1076388888888889,1.0689200119194588,0.68786982248520723,0.15546639919759281,"[""estilo"", ""sintaxe""]",True,True,baixa,[],[],[],1,"[{""antecedents"": [""DEP_complete_advmod_rate_baixo"", ""uppercaseRatio_baixo""], ""consequents"": [""DEP_complete_advcl_rate_baixo""], ""support"": 0.1076388888888889, ""confidence"": 0.6878698224852072, ""lift"": 1.0689200119194588, ""jaccard"": 0.1554663991975928}]"
P128,5175b7a878be,P128,True,"[""POS_VERB_rate_baixo"", ""uppercaseRatio_baixo""]",2,0.10694444444444444,,,,"[""POS"", ""estilo""]",True,True,media,"[""cobertura_semelhante""]","[""P202"", ""P251""]","[{""display_id"": ""P202"", ""coverage_jaccard"": 0.8225108225108225, ""reason"": ""cobertura_semelhante""}, {""display_id"": ""P251"", ""coverage_jaccard"": 0.7683982683982684, ""reason"": ""cobertura_semelhante""}]",0,[]
P129,6a8575786b1b,P129,True,"[""DEP_complete_obj_rate_alto"", ""uppercaseRatio_baixo""]",2,0.10648148148148148,,,,"[""estilo"", ""sintaxe""]",True,True,baixa,[],[],[],0,[]
P130,5da6816eeec2,P130,True,"[""punctuationDensity_spacy_alto"", ""uppercaseRatio_baixo""]",2,0.10625,,,,"[""estilo""]",False,True,media,"[""mesma_familia""]",[],[],0,[]
P131,7e888310b338,P131,True,"[""DEP_complete_ccomp_rate_alto"", ""DEP_complete_nsubj_rate_alto""]",2,0.10625,,,,"[""sintaxe""]",False,True,media,"[""mesma_familia""]",[],[],0,[]
P132,374b319c8464,P132,True,"[""DEP_complete_advcl_rate_baixo"", ""DEP_complete_ccomp_rate_baixo"", ""POS_ADJ_rate_baixo""]",3,0.10532407407407407,,,,"[""POS"", ""sintaxe""]",True,True,baixa,[],[],[],0,[]
P133,d6124cde1930,P133,True,"[""diversidade_baixo"", ""uppercaseRatio_baixo""]",2,0.10532407407407407,,,,"[""estilo"", ""lexical""]",True,True,baixa,[],[],[],0,[]
P134,3acd316ec1dd,P134,True,"[""DEP_complete_advmod_rate_baixo"", ""DEP_complete_amod_rate_alto""]",2,0.1050925925925926,,,,"[""sintaxe""]",False,True,media,"[""mesma_familia""]",[],[],0,[]
P135,caf9746e4703,P108,False,"[""DEP_complete_advmod_rate_baixo"", ""POS_ADV_rate_baixo"", ""uppercaseRatio_baixo""]",3,0.10486111111111111,2.3184092804609904,0.93595041322314054,0.30179880079946703,"[""POS"", ""estilo"", ""sintaxe""]",True,True,alta,"[""cobertura_semelhante"", ""extensao_pouco_informativa""]","[""P108""]","[{""display_id"": ""P108"", ""coverage_jaccard"": 0.9359504132231405, ""reason"": ""cobertura_semelhante""}, {""display_id"": ""P108"", ""coverage_jaccard"": 0.9359504132231405, ""reason"": ""extensao_pouco_informativa""}]",2,"[{""antecedents"": [""POS_ADV_rate_baixo"", ""uppercaseRatio_baixo""], ""consequents"": [""DEP_complete_advmod_rate_baixo""], ""support"": 0.10486111111111111, ""confidence"": 0.9359504132231405, ""lift"": 2.3184092804609904, ""jaccard"": 0.25521126760563384}, {""antecedents"": [""DEP_complete_advmod_rate_baixo"", ""uppercaseRatio_baixo""], ""consequents"": [""POS_ADV_rate_baixo""], ""support"": 0.10486111111111111, ""confidence"": 0.6701183431952663, ""lift"": 2.2651887657304774, ""jaccard"": 0.301798800799467}]"
P136,7568a6a9ec4d,P136,True,"[""DEP_complete_advmod_rate_baixo"", ""DEP_complete_obj_rate_baixo""]",2,0.10486111111111111,,,,"[""sintaxe""]",False,True,media,"[""cobertura_semelhante"", ""mesma_familia""]","[""P209""]","[{""display_id"": ""P209"", ""coverage_jaccard"": 0.8344370860927153, ""reason"": ""cobertura_semelhante""}]",0,[]
P137,99de3d3042c3,P137,True,"[""DEP_complete_advcl_rate_alto"", ""POS_VERB_rate_alto""]",2,0.10439814814814814,,,,"[""POS"", ""sintaxe""]",True,True,baixa,[],[],[],0,[]
P138,30a0560e9c0f,P138,True,"[""DEP_complete_advmod_rate_baixo"", ""POS_ADJ_rate_baixo""]",2,0.10324074074074074,,,,"[""POS"", ""sintaxe""]",True,True,baixa,[],[],[],0,[]
P139,c4ecf4cd5aa5,P139,True,"[""POS_PROPN_rate_alto"", ""POS_VERB_rate_baixo""]",2,0.10324074074074074,,,,"[""POS""]",False,True,media,"[""cobertura_semelhante"", ""mesma_familia""]","[""P259"", ""P270""]","[{""display_id"": ""P259"", ""coverage_jaccard"": 0.7869955156950673, ""reason"": ""cobertura_semelhante""}, {""display_id"": ""P270"", ""coverage_jaccard"": 0.7780269058295964, ""reason"": ""cobertura_semelhante""}]",0,[]
P140,60590782e372,P140,True,"[""POS_PRON_rate_baixo"", ""uppercaseRatio_alto""]",2,0.10300925925925926,,,,"[""POS"", ""estilo""]",True,True,baixa,[],[],[],0,[]
P141,62101ba3d6ae,P93,False,"[""DEP_complete_advmod_rate_baixo"", ""DEP_complete_ccomp_rate_baixo"", ""POS_VERB_rate_baixo""]",3,0.10277777777777777,1.3604861229819647,0.86888454011741678,0.15711252653927812,"[""POS"", ""sintaxe""]",True,True,media,"[""cobertura_semelhante"", ""extensao_pouco_informativa""]","[""P93""]","[{""display_id"": ""P93"", ""coverage_jaccard"": 0.8688845401174168, ""reason"": ""cobertura_semelhante""}, {""display_id"": ""P93"", ""coverage_jaccard"": 0.8688845401174168, ""reason"": ""extensao_pouco_informativa""}]",1,"[{""antecedents"": [""DEP_complete_advmod_rate_baixo"", ""POS_VERB_rate_baixo""], ""consequents"": [""DEP_complete_ccomp_rate_baixo""], ""support"": 0.10277777777777777, ""confidence"": 0.8688845401174168, ""lift"": 1.3604861229819647, ""jaccard"": 0.15711252653927812}]"
P142,3f00ff4e1e5c,P142,True,"[""DEP_complete_advcl_rate_baixo"", ""DEP_complete_amod_rate_baixo"", ""POS_ADJ_rate_baixo""]",3,0.1025462962962963,2.4693996051561959,0.62306610407876239,0.32621502209131076,"[""POS"", ""sintaxe""]",True,True,baixa,[],[],[],2,"[{""antecedents"": [""DEP_complete_advcl_rate_baixo"", ""POS_ADJ_rate_baixo""], ""consequents"": [""DEP_complete_amod_rate_baixo""], ""support"": 0.1025462962962963, ""confidence"": 0.6230661040787624, ""lift"": 2.469399605156196, ""jaccard"": 0.32621502209131076}, {""antecedents"": [""DEP_complete_advcl_rate_baixo"", ""DEP_complete_amod_rate_baixo""], ""consequents"": [""POS_ADJ_rate_baixo""], ""support"": 0.1025462962962963, ""confidence"": 0.6187150837988827, ""lift"": 2.3695471294425294, ""jaccard"": 0.31620271234832265}]"
P143,2dd17c2f686e,P79,False,"[""DEP_complete_ccomp_rate_baixo"", ""DEP_complete_nsubj_rate_baixo"", ""POS_PRON_rate_baixo""]",3,0.10231481481481482,1.2816237767306995,0.81851851851851853,0.15470773538676935,"[""POS"", ""sintaxe""]",True,True,media,"[""cobertura_semelhante"", ""extensao_pouco_informativa""]","[""P79""]","[{""display_id"": ""P79"", ""coverage_jaccard"": 0.8185185185185185, ""reason"": ""cobertura_semelhante""}, {""display_id"": ""P79"", ""coverage_jaccard"": 0.8185185185185185, ""reason"": ""extensao_pouco_informativa""}]",1,"[{""antecedents"": [""DEP_complete_nsubj_rate_baixo"", ""POS_PRON_rate_baixo""], ""consequents"": [""DEP_complete_ccomp_rate_baixo""], ""support"": 0.10231481481481482, ""confidence"": 0.8185185185185185, ""lift"": 1.2816237767306995, ""jaccard"": 0.15470773538676935}]"
P144,d2cc39515917,P144,True,"[""DEP_complete_advcl_rate_baixo"", ""DEP_complete_ccomp_rate_baixo"", ""POS_PROPN_rate_baixo""]",3,0.10231481481481482,1.0713263768337118,0.6842105263157896,0.14917313533580831,"[""POS"", ""sintaxe""]",True,True,baixa,[],[],[],1,"[{""antecedents"": [""DEP_complete_advcl_rate_baixo"", ""POS_PROPN_rate_baixo""], ""consequents"": [""DEP_complete_ccomp_rate_baixo""], ""support"": 0.10231481481481482, ""confidence"": 0.6842105263157896, ""lift"": 1.0713263768337118, ""jaccard"": 0.1491731353358083}]"
P145,2af755c742c7,P145,True,"[""POS_PROPN_rate_alto"", ""uppercaseRatio_alto""]",2,0.10231481481481482,,,,"[""POS"", ""estilo""]",True,True,baixa,[],[],[],0,[]
P146,d75640de6fce,P146,True,"[""DEP_complete_nsubj_rate_baixo"", ""POS_VERB_rate_baixo""]",2,0.10185185185185185,,,,"[""POS"", ""sintaxe""]",True,True,alta,"[""cobertura_semelhante""]","[""P181""]","[{""display_id"": ""P181"", ""coverage_jaccard"": 0.9181818181818182, ""reason"": ""cobertura_semelhante""}]",0,[]
P147,ffee07bbe954,P147,True,"[""DEP_complete_advcl_rate_baixo"", ""DEP_complete_ccomp_rate_baixo"", ""POS_PRON_rate_alto""]",3,0.10162037037037037,,,,"[""POS"", ""sintaxe""]",True,True,baixa,[],[],[],0,[]
P148,0e05b0cf8242,P148,True,"[""DEP_complete_advmod_rate_baixo"", ""DEP_complete_nsubj_rate_alto""]",2,0.10138888888888889,,,,"[""sintaxe""]",False,True,media,"[""mesma_familia""]",[],[],0,[]
P149,0f39534fe581,P149,True,"[""DEP_complete_nsubj_rate_alto"", ""POS_PRON_rate_alto""]",2,0.10138888888888889,,,,"[""POS"", ""sintaxe""]",True,True,baixa,[],[],[],0,[]
P150,ab914fd2a3bf,P150,True,"[""POS_NOUN_rate_alto"", ""POS_PRON_rate_baixo""]",2,0.10092592592592593,,,,"[""POS""]",False,True,media,"[""mesma_familia""]",[],[],0,[]
P151,fbe65fdd4c47,P151,True,"[""DEP_complete_amod_rate_baixo"", ""DEP_complete_ccomp_rate_baixo"", ""POS_ADJ_rate_baixo""]",3,0.10023148148148148,2.4799278782415017,0.62572254335260113,0.32097850259451444,"[""POS"", ""sintaxe""]",True,True,baixa,[],[],[],2,"[{""antecedents"": [""DEP_complete_ccomp_rate_baixo"", ""POS_ADJ_rate_baixo""], ""consequents"": [""DEP_complete_amod_rate_baixo""], ""support"": 0.10023148148148148, ""confidence"": 0.6257225433526011, ""lift"": 2.4799278782415017, ""jaccard"": 0.32097850259451444}, {""antecedents"": [""DEP_complete_amod_rate_baixo"", ""DEP_complete_ccomp_rate_baixo""], ""consequents"": [""POS_ADJ_rate_baixo""], ""support"": 0.10023148148148148, ""confidence"": 0.6239193083573487, ""lift"": 2.389478202219633, ""jaccard"": 0.31173506119510436}]"
P152,c93bb1bd751a,P152,True,"[""DEP_complete_advcl_rate_alto"", ""DEP_complete_advmod_rate_baixo""]",2,0.09976851851851852,,,,"[""sintaxe""]",False,True,media,"[""mesma_familia""]",[],[],0,[]
P153,b4538c62c388,P73,False,"[""DEP_complete_advmod_rate_baixo"", ""POS_ADV_rate_baixo"", ""POS_PROPN_rate_alto""]",3,0.099537037037037035,2.590946750018829,0.91880341880341876,0.30518097941802691,"[""POS"", ""sintaxe""]",True,True,alta,"[""cobertura_semelhante"", ""extensao_pouco_informativa""]","[""P123"", ""P73""]","[{""display_id"": ""P73"", ""coverage_jaccard"": 0.7664884135472371, ""reason"": ""cobertura_semelhante""}, {""display_id"": ""P123"", ""coverage_jaccard"": 0.9188034188034188, ""reason"": ""cobertura_semelhante""}, {""display_id"": ""P123"", ""coverage_jaccard"": 0.9188034188034188, ""reason"": ""extensao_pouco_informativa""}]",2,"[{""antecedents"": [""DEP_complete_advmod_rate_baixo"", ""POS_PROPN_rate_alto""], ""consequents"": [""POS_ADV_rate_baixo""], ""support"": 0.09953703703703703, ""confidence"": 0.766488413547237, ""lift"": 2.590946750018829, ""jaccard"": 0.3051809794180269}, {""antecedents"": [""POS_ADV_rate_baixo"", ""POS_PROPN_rate_alto""], ""consequents"": [""DEP_complete_advmod_rate_baixo""], ""support"": 0.09953703703703703, ""confidence"": 0.9188034188034188, ""lift"": 2.2759350741002113, ""jaccard"": 0.24130190796857462}]"
P154,d9b1c65a23cc,P154,True,"[""DEP_complete_nsubj_rate_alto"", ""POS_VERB_rate_alto""]",2,0.099537037037037035,,,,"[""POS"", ""sintaxe""]",True,True,baixa,[],[],[],0,[]
P155,8f639d73f9ed,P155,True,"[""DEP_complete_advmod_rate_baixo"", ""POS_ADJ_rate_alto""]",2,0.09930555555555555,,,,"[""POS"", ""sintaxe""]",True,True,baixa,[],[],[],0,[]
P156,d854fa434f71,P156,True,"[""DEP_complete_nsubj_rate_baixo"", ""DEP_complete_obj_rate_baixo""]",2,0.09930555555555555,,,,"[""sintaxe""]",False,True,media,"[""cobertura_semelhante"", ""mesma_familia""]","[""P236""]","[{""display_id"": ""P236"", ""coverage_jaccard"": 0.8438228438228438, ""reason"": ""cobertura_semelhante""}]",0,[]
P157,f9bc960a0ba2,P157,True,"[""DEP_complete_advcl_rate_alto"", ""DEP_complete_obj_rate_alto""]",2,0.09930555555555555,,,,"[""sintaxe""]",False,True,media,"[""mesma_familia""]",[],[],0,[]
P158,3fe53cba3f08,P158,True,"[""POS_ADV_rate_alto"", ""POS_PROPN_rate_baixo""]",2,0.099074074074074078,,,,"[""POS""]",False,True,media,"[""mesma_familia""]",[],[],0,[]
P159,9ea2847b0b1a,P102,False,"[""DEP_complete_advmod_rate_baixo"", ""DEP_complete_ccomp_rate_baixo"", ""DEP_complete_nsubj_rate_baixo""]",3,0.098379629629629636,1.3362620471010538,0.85341365461847385,0.15007062146892655,"[""sintaxe""]",False,True,media,"[""cobertura_semelhante"", ""extensao_pouco_informativa"", ""mesma_familia""]","[""P102""]","[{""display_id"": ""P102"", ""coverage_jaccard"": 0.8534136546184738, ""reason"": ""cobertura_semelhante""}, {""display_id"": ""P102"", ""coverage_jaccard"": 0.8534136546184738, ""reason"": ""extensao_pouco_informativa""}]",1,"[{""antecedents"": [""DEP_complete_advmod_rate_baixo"", ""DEP_complete_nsubj_rate_baixo""], ""consequents"": [""DEP_complete_ccomp_rate_baixo""], ""support"": 0.09837962962962964, ""confidence"": 0.8534136546184738, ""lift"": 1.3362620471010538, ""jaccard"": 0.15007062146892655}]"
P160,923a7e7de6eb,P93,False,"[""DEP_complete_advcl_rate_baixo"", ""DEP_complete_advmod_rate_baixo"", ""POS_VERB_rate_baixo""]",3,0.098148148148148151,1.2893888411775474,0.82974559686888461,0.14788978025810956,"[""POS"", ""sintaxe""]",True,True,media,"[""cobertura_semelhante"", ""extensao_pouco_informativa""]","[""P93""]","[{""display_id"": ""P93"", ""coverage_jaccard"": 0.8297455968688845, ""reason"": ""cobertura_semelhante""}, {""display_id"": ""P93"", ""coverage_jaccard"": 0.8297455968688845, ""reason"": ""extensao_pouco_informativa""}]",1,"[{""antecedents"": [""DEP_complete_advmod_rate_baixo"", ""POS_VERB_rate_baixo""], ""consequents"": [""DEP_complete_advcl_rate_baixo""], ""support"": 0.09814814814814815, ""confidence"": 0.8297455968688846, ""lift"": 1.2893888411775474, ""jaccard"": 0.14788978025810956}]"
P161,772774945d20,P161,True,"[""POS_ADV_rate_alto"", ""POS_PRON_rate_alto""]",2,0.097916666666666666,,,,"[""POS""]",False,True,media,"[""mesma_familia""]",[],[],0,[]
P162,e9d1653f6fde,P82,False,"[""DEP_complete_advmod_rate_alto"", ""POS_ADV_rate_alto"", ""uppercaseRatio_baixo""]",3,0.09768518518518518,2.8893481596064357,0.78878504672897198,0.34170040485829956,"[""POS"", ""estilo"", ""sintaxe""]",True,True,media,"[""cobertura_semelhante"", ""extensao_pouco_informativa""]","[""P82""]","[{""display_id"": ""P82"", ""coverage_jaccard"": 0.788785046728972, ""reason"": ""cobertura_semelhante""}, {""display_id"": ""P82"", ""coverage_jaccard"": 0.788785046728972, ""reason"": ""extensao_pouco_informativa""}]",3,"[{""antecedents"": [""POS_ADV_rate_alto"", ""uppercaseRatio_baixo""], ""consequents"": [""DEP_complete_advmod_rate_alto""], ""support"": 0.09768518518518518, ""confidence"": 0.7116357504215851, ""lift"": 2.8893481596064357, ""jaccard"": 0.34170040485829956}, {""antecedents"": [""DEP_complete_advmod_rate_alto"", ""uppercaseRatio_baixo""], ""consequents"": [""POS_ADV_rate_alto""], ""support"": 0.09768518518518518, ""confidence"": 0.788785046728972, ""lift"": 2.885310247137306, ""jaccard"": 0.32612055641421944}]"
P163,d6f467509ae1,P163,True,"[""DEP_complete_advmod_rate_baixo"", ""DEP_complete_ccomp_rate_alto""]",2,0.09768518518518518,,,,"[""sintaxe""]",False,True,media,"[""mesma_familia""]",[],[],0,[]
P164,1fa450196379,P164,True,"[""DEP_complete_obj_rate_baixo"", ""POS_PRON_rate_baixo""]",2,0.097222222222222224,,,,"[""POS"", ""sintaxe""]",True,True,baixa,[],[],[],0,[]
P165,b5b6bc3bd146,P165,True,"[""POS_PRON_rate_alto"", ""POS_PROPN_rate_baixo""]",2,0.097222222222222224,,,,"[""POS""]",False,True,media,"[""mesma_familia""]",[],[],0,[]
P166,c7e8628ad1a8,P166,True,"[""POS_PRON_rate_alto"", ""POS_VERB_rate_alto""]",2,0.096990740740740738,,,,"[""POS""]",False,True,media,"[""mesma_familia""]",[],[],0,[]
P167,96368f4b2562,P167,True,"[""POS_ADJ_rate_alto"", ""POS_PROPN_rate_baixo""]",2,0.096759259259259253,,,,"[""POS""]",False,True,media,"[""mesma_familia""]",[],[],0,[]
P168,d73694a18749,P168,True,"[""DEP_complete_advcl_rate_baixo"", ""DEP_complete_advmod_rate_baixo"", ""POS_PROPN_rate_alto""]",3,0.096527777777777782,1.3846324126226726,0.74331550802139035,0.20115774240231546,"[""POS"", ""sintaxe""]",True,True,baixa,[],[],[],2,"[{""antecedents"": [""DEP_complete_advcl_rate_baixo"", ""POS_PROPN_rate_alto""], ""consequents"": [""DEP_complete_advmod_rate_baixo""], ""support"": 0.09652777777777778, ""confidence"": 0.5589812332439679, ""lift"": 1.3846324126226726, ""jaccard"": 0.20115774240231546}, {""antecedents"": [""DEP_complete_advmod_rate_baixo"", ""POS_PROPN_rate_alto""], ""consequents"": [""DEP_complete_advcl_rate_baixo""], ""support"": 0.09652777777777778, ""confidence"": 0.7433155080213903, ""lift"": 1.1550802139037433, ""jaccard"": 0.14261285909712723}]"
P169,26c16f09530e,P81,False,"[""DEP_complete_advmod_rate_baixo"", ""DEP_complete_ccomp_rate_baixo"", ""POS_NOUN_rate_alto""]",3,0.095601851851851855,1.3251651851499737,0.76765799256505574,0.19638611507370421,"[""POS"", ""sintaxe""]",True,True,media,"[""cobertura_semelhante"", ""extensao_pouco_informativa""]","[""P81""]","[{""display_id"": ""P81"", ""coverage_jaccard"": 0.7676579925650557, ""reason"": ""cobertura_semelhante""}, {""display_id"": ""P81"", ""coverage_jaccard"": 0.7676579925650557, ""reason"": ""extensao_pouco_informativa""}]",2,"[{""antecedents"": [""DEP_complete_ccomp_rate_baixo"", ""POS_NOUN_rate_alto""], ""consequents"": [""DEP_complete_advmod_rate_baixo""], ""support"": 0.09560185185185185, ""confidence"": 0.5349740932642487, ""lift"": 1.3251651851499737, ""jaccard"": 0.1963861150737042}, {""antecedents"": [""DEP_complete_advmod_rate_baixo"", ""POS_NOUN_rate_alto""], ""consequents"": [""DEP_complete_ccomp_rate_baixo""], ""support"": 0.09560185185185185, ""confidence"": 0.7676579925650557, ""lift"": 1.2019871431246976, ""jaccard"": 0.14320388349514565}]"
P170,66241e1a8614,P170,True,"[""DEP_complete_ccomp_rate_baixo"", ""POS_ADJ_rate_alto"", ""uppercaseRatio_baixo""]",3,0.095601851851851855,1.2441112236103324,0.72711267605633811,0.18511878081577768,"[""POS"", ""estilo"", ""sintaxe""]",True,True,baixa,[],[],[],2,"[{""antecedents"": [""DEP_complete_ccomp_rate_baixo"", ""POS_ADJ_rate_alto""], ""consequents"": [""uppercaseRatio_baixo""], ""support"": 0.09560185185185185, ""confidence"": 0.541994750656168, ""lift"": 1.2441112236103324, ""jaccard"": 0.18511878081577768}, {""antecedents"": [""POS_ADJ_rate_alto"", ""uppercaseRatio_baixo""], ""consequents"": [""DEP_complete_ccomp_rate_baixo""], ""support"": 0.09560185185185185, ""confidence"": 0.7271126760563381, ""lift"": 1.1385019066920554, ""jaccard"": 0.1417295813315031}]"
P171,df39eaa84b12,P171,True,"[""POS_ADJ_rate_baixo"", ""POS_PROPN_rate_alto""]",2,0.095370370370370369,,,,"[""POS""]",False,True,media,"[""mesma_familia""]",[],[],0,[]
P172,ca0bbc0e00ab,P115,False,"[""DEP_complete_advcl_rate_baixo"", ""DEP_complete_obj_rate_baixo"", ""POS_VERB_rate_baixo""]",3,0.095138888888888884,1.338943939188272,0.86163522012578619,0.14441321152494729,"[""POS"", ""sintaxe""]",True,True,media,"[""cobertura_semelhante"", ""extensao_pouco_informativa""]","[""P115""]","[{""display_id"": ""P115"", ""coverage_jaccard"": 0.8616352201257862, ""reason"": ""cobertura_semelhante""}, {""display_id"": ""P115"", ""coverage_jaccard"": 0.8616352201257862, ""reason"": ""extensao_pouco_informativa""}]",1,"[{""antecedents"": [""DEP_complete_obj_rate_baixo"", ""POS_VERB_rate_baixo""], ""consequents"": [""DEP_complete_advcl_rate_baixo""], ""support"": 0.09513888888888888, ""confidence"": 0.8616352201257862, ""lift"": 1.338943939188272, ""jaccard"": 0.1444132115249473}]"
P173,ea1a63771872,P173,True,"[""DEP_complete_advcl_rate_baixo"", ""POS_PROPN_rate_baixo"", ""uppercaseRatio_baixo""]",3,0.094907407407407413,1.4568521071385097,0.63467492260061931,0.19357884796978281,"[""POS"", ""estilo"", ""sintaxe""]",True,True,baixa,[],[],[],1,"[{""antecedents"": [""DEP_complete_advcl_rate_baixo"", ""POS_PROPN_rate_baixo""], ""consequents"": [""uppercaseRatio_baixo""], ""support"": 0.09490740740740741, ""confidence"": 0.6346749226006193, ""lift"": 1.4568521071385097, ""jaccard"": 0.1935788479697828}]"
P174,b0eda8aa0dd4,P174,True,"[""POS_ADV_rate_baixo"", ""POS_NOUN_rate_alto""]",2,0.094675925925925927,,,,"[""POS""]",False,True,alta,"[""cobertura_semelhante"", ""mesma_familia""]","[""P193""]","[{""display_id"": ""P193"", ""coverage_jaccard"": 0.9633251833740831, ""reason"": ""cobertura_semelhante""}]",0,[]
P175,cb199dcfcb5e,P90,False,"[""DEP_complete_ccomp_rate_baixo"", ""POS_PRON_rate_baixo"", ""POS_VERB_rate_baixo""]",3,0.094444444444444442,1.2428796877005286,0.79377431906614782,0.14240837696335079,"[""POS"", ""sintaxe""]",True,True,media,"[""cobertura_semelhante"", ""extensao_pouco_informativa""]","[""P90""]","[{""display_id"": ""P90"", ""coverage_jaccard"": 0.7937743190661478, ""reason"": ""cobertura_semelhante""}, {""display_id"": ""P90"", ""coverage_jaccard"": 0.7937743190661478, ""reason"": ""extensao_pouco_informativa""}]",1,"[{""antecedents"": [""POS_PRON_rate_baixo"", ""POS_VERB_rate_baixo""], ""consequents"": [""DEP_complete_ccomp_rate_baixo""], ""support"": 0.09444444444444444, ""confidence"": 0.7937743190661478, ""lift"": 1.2428796877005286, ""jaccard"": 0.1424083769633508}]"
P176,651f587dbec6,P176,True,"[""DEP_complete_advcl_rate_baixo"", ""DEP_complete_ccomp_rate_baixo"", ""POS_NOUN_rate_baixo""]",3,0.094212962962962957,,,,"[""POS"", ""sintaxe""]",True,True,baixa,[],[],[],0,[]
P177,adc7186f6426,P177,True,"[""DEP_complete_advmod_rate_baixo"", ""DEP_complete_ccomp_rate_baixo"", ""POS_PROPN_rate_alto""]",3,0.093981481481481485,1.3871559633027524,0.7237076648841354,0.19680077556955888,"[""POS"", ""sintaxe""]",True,True,baixa,[],[],[],2,"[{""antecedents"": [""DEP_complete_ccomp_rate_baixo"", ""POS_PROPN_rate_alto""], ""consequents"": [""DEP_complete_advmod_rate_baixo""], ""support"": 0.09398148148148149, ""confidence"": 0.56, ""lift"": 1.3871559633027524, ""jaccard"": 0.19680077556955888}, {""antecedents"": [""DEP_complete_advmod_rate_baixo"", ""POS_PROPN_rate_alto""], ""consequents"": [""DEP_complete_ccomp_rate_baixo""], ""support"": 0.09398148148148149, ""confidence"": 0.7237076648841354, ""lift"": 1.1331703922796177, ""jaccard"": 0.1393273850377488}]"
P178,7262923245d2,P178,True,"[""DEP_complete_advcl_rate_baixo"", ""DEP_complete_ccomp_rate_baixo"", ""DEP_complete_obj_rate_alto""]",3,0.09375,1.0840047954944658,0.6923076923076924,0.13780197346036069,"[""sintaxe""]",False,True,media,"[""mesma_familia""]",[],[],1,"[{""antecedents"": [""DEP_complete_advcl_rate_baixo"", ""DEP_complete_obj_rate_alto""], ""consequents"": [""DEP_complete_ccomp_rate_baixo""], ""support"": 0.09375, ""confidence"": 0.6923076923076924, ""lift"": 1.0840047954944658, ""jaccard"": 0.1378019734603607}]"
P179,e09c7dea4aee,P179,True,"[""DEP_complete_advcl_rate_baixo"", ""DEP_complete_advmod_rate_alto"", ""DEP_complete_ccomp_rate_baixo""]",3,0.09375,,,,"[""sintaxe""]",False,True,media,"[""mesma_familia""]",[],[],0,[]
P180,d739ad61849f,P180,True,"[""POS_ADV_rate_alto"", ""POS_NOUN_rate_baixo""]",2,0.09375,,,,"[""POS""]",False,True,media,"[""mesma_familia""]",[],[],0,[]
P181,b1134acc38e7,P146,False,"[""DEP_complete_ccomp_rate_baixo"", ""DEP_complete_nsubj_rate_baixo"", ""POS_VERB_rate_baixo""]",3,0.093518518518518515,1.4376750469537711,0.91818181818181821,0.14454382826475851,"[""POS"", ""sintaxe""]",True,True,alta,"[""cobertura_semelhante"", ""extensao_pouco_informativa""]","[""P146""]","[{""display_id"": ""P146"", ""coverage_jaccard"": 0.9181818181818182, ""reason"": ""cobertura_semelhante""}, {""display_id"": ""P146"", ""coverage_jaccard"": 0.9181818181818182, ""reason"": ""extensao_pouco_informativa""}]",1,"[{""antecedents"": [""DEP_complete_nsubj_rate_baixo"", ""POS_VERB_rate_baixo""], ""consequents"": [""DEP_complete_ccomp_rate_baixo""], ""support"": 0.09351851851851851, ""confidence"": 0.9181818181818182, ""lift"": 1.4376750469537711, ""jaccard"": 0.1445438282647585}]"
P182,295e89c15970,P182,True,"[""DEP_complete_advmod_rate_baixo"", ""POS_PRON_rate_alto""]",2,0.093287037037037043,,,,"[""POS"", ""sintaxe""]",True,True,baixa,[],[],[],0,[]
P183,99e74d5bae0a,P104,False,"[""DEP_complete_ccomp_rate_baixo"", ""DEP_complete_nsubj_rate_baixo"", ""uppercaseRatio_baixo""]",3,0.093055555555555558,1.2664898415502073,0.80885311871227361,0.14085494043447794,"[""estilo"", ""sintaxe""]",True,True,media,"[""cobertura_semelhante"", ""extensao_pouco_informativa""]","[""P104""]","[{""display_id"": ""P104"", ""coverage_jaccard"": 0.8088531187122736, ""reason"": ""cobertura_semelhante""}, {""display_id"": ""P104"", ""coverage_jaccard"": 0.8088531187122736, ""reason"": ""extensao_pouco_informativa""}]",1,"[{""antecedents"": [""DEP_complete_nsubj_rate_baixo"", ""uppercaseRatio_baixo""], ""consequents"": [""DEP_complete_ccomp_rate_baixo""], ""support"": 0.09305555555555556, ""confidence"": 0.8088531187122736, ""lift"": 1.2664898415502073, ""jaccard"": 0.14085494043447794}]"
P184,2c1b89a531c7,P184,True,"[""DEP_complete_ccomp_rate_baixo"", ""POS_NOUN_rate_alto"", ""POS_PROPN_rate_baixo""]",3,0.092592592592592587,2.2100804223709249,0.71942446043165464,0.28409090909090906,"[""POS"", ""sintaxe""]",True,True,baixa,[],[],[],3,"[{""antecedents"": [""DEP_complete_ccomp_rate_baixo"", ""POS_PROPN_rate_baixo""], ""consequents"": [""POS_NOUN_rate_alto""], ""support"": 0.09259259259259259, ""confidence"": 0.5586592178770949, ""lift"": 2.210080422370925, ""jaccard"": 0.28409090909090906}, {""antecedents"": [""DEP_complete_ccomp_rate_baixo"", ""POS_NOUN_rate_alto""], ""consequents"": [""POS_PROPN_rate_baixo""], ""support"": 0.09259259259259259, ""confidence"": 0.5181347150259067, ""lift"": 2.0572996037793354, ""jaccard"": 0.27397260273972607}]"
P185,c75064e3977e,P90,False,"[""DEP_complete_advcl_rate_baixo"", ""POS_PRON_rate_baixo"", ""POS_VERB_rate_baixo""]",3,0.092592592592592587,1.2093049295971783,0.77821011673151752,0.138217000691085,"[""POS"", ""sintaxe""]",True,True,media,"[""cobertura_semelhante"", ""extensao_pouco_informativa""]","[""P90""]","[{""display_id"": ""P90"", ""coverage_jaccard"": 0.7782101167315175, ""reason"": ""cobertura_semelhante""}, {""display_id"": ""P90"", ""coverage_jaccard"": 0.7782101167315175, ""reason"": ""extensao_pouco_informativa""}]",1,"[{""antecedents"": [""POS_PRON_rate_baixo"", ""POS_VERB_rate_baixo""], ""consequents"": [""DEP_complete_advcl_rate_baixo""], ""support"": 0.09259259259259259, ""confidence"": 0.7782101167315175, ""lift"": 1.2093049295971783, ""jaccard"": 0.138217000691085}]"
P186,644e02e64f5c,P186,True,"[""POS_NOUN_rate_baixo"", ""uppercaseRatio_baixo""]",2,0.092592592592592587,,,,"[""POS"", ""estilo""]",True,True,baixa,[],[],[],0,[]
P187,74039d5226b2,P187,True,"[""POS_PRON_rate_baixo"", ""diversidade_baixo""]",2,0.092592592592592587,,,,"[""POS"", ""lexical""]",True,True,baixa,[],[],[],0,[]
P188,7d64bbc26bc7,P188,True,"[""DEP_complete_advmod_rate_baixo"", ""diversidade_alto""]",2,0.092592592592592587,,,,"[""lexical"", ""sintaxe""]",True,True,baixa,[],[],[],0,[]
P189,a342722d084d,P189,True,"[""DEP_complete_ccomp_rate_baixo"", ""POS_NOUN_rate_alto"", ""uppercaseRatio_baixo""]",3,0.092129629629629631,1.1833954617786173,0.69097222222222221,0.17641843971631208,"[""POS"", ""estilo"", ""sintaxe""]",True,True,baixa,[],[],[],2,"[{""antecedents"": [""DEP_complete_ccomp_rate_baixo"", ""POS_NOUN_rate_alto""], ""consequents"": [""uppercaseRatio_baixo""], ""support"": 0.09212962962962963, ""confidence"": 0.5155440414507773, ""lift"": 1.1833954617786173, ""jaccard"": 0.17641843971631208}, {""antecedents"": [""POS_NOUN_rate_alto"", ""uppercaseRatio_baixo""], ""consequents"": [""DEP_complete_ccomp_rate_baixo""], ""support"": 0.09212962962962963, ""confidence"": 0.6909722222222222, ""lift"": 1.0819137368611815, ""jaccard"": 0.13551242764725913}]"
P190,0b6c92648b11,P190,True,"[""DEP_complete_amod_rate_baixo"", ""uppercaseRatio_baixo""]",2,0.091898148148148145,,,,"[""estilo"", ""sintaxe""]",True,True,baixa,[],[],[],0,[]
P191,cdfce2147279,P191,True,"[""POS_ADV_rate_baixo"", ""POS_VERB_rate_baixo""]",2,0.091898148148148145,,,,"[""POS""]",False,True,media,"[""cobertura_semelhante"", ""mesma_familia""]","[""P247""]","[{""display_id"": ""P247"", ""coverage_jaccard"": 0.8992443324937027, ""reason"": ""cobertura_semelhante""}]",0,[]
P192,ac250fe4a38b,P192,True,"[""DEP_complete_amod_rate_alto"", ""DEP_complete_ccomp_rate_baixo"", ""uppercaseRatio_baixo""]",3,0.091203703703703703,1.1706246178626718,0.74762808349146104,0.13623789764868602,"[""estilo"", ""sintaxe""]",True,True,baixa,[],[],[],1,"[{""antecedents"": [""DEP_complete_amod_rate_alto"", ""uppercaseRatio_baixo""], ""consequents"": [""DEP_complete_ccomp_rate_baixo""], ""support"": 0.0912037037037037, ""confidence"": 0.747628083491461, ""lift"": 1.1706246178626718, ""jaccard"": 0.13623789764868602}]"
P193,f4d7d942f5b9,P174,False,"[""DEP_complete_advmod_rate_baixo"", ""POS_ADV_rate_baixo"", ""POS_NOUN_rate_alto""]",3,0.091203703703703703,2.4755222786533322,0.96332518337408313,0.27707454289732764,"[""POS"", ""sintaxe""]",True,True,alta,"[""cobertura_semelhante"", ""extensao_pouco_informativa""]","[""P174""]","[{""display_id"": ""P174"", ""coverage_jaccard"": 0.9633251833740831, ""reason"": ""cobertura_semelhante""}, {""display_id"": ""P174"", ""coverage_jaccard"": 0.9633251833740831, ""reason"": ""extensao_pouco_informativa""}]",2,"[{""antecedents"": [""DEP_complete_advmod_rate_baixo"", ""POS_NOUN_rate_alto""], ""consequents"": [""POS_ADV_rate_baixo""], ""support"": 0.0912037037037037, ""confidence"": 0.7323420074349442, ""lift"": 2.475522278653332, ""jaccard"": 0.27707454289732764}, {""antecedents"": [""POS_ADV_rate_baixo"", ""POS_NOUN_rate_alto""], ""consequents"": [""DEP_complete_advmod_rate_baixo""], ""support"": 0.0912037037037037, ""confidence"": 0.9633251833740831, ""lift"": 2.386218344137637, ""jaccard"": 0.2239909039226833}]"
P194,2361d8bf2189,P194,True,"[""POS_ADJ_rate_baixo"", ""uppercaseRatio_baixo""]",2,0.091203703703703703,,,,"[""POS"", ""estilo""]",True,True,baixa,[],[],[],0,[]
P195,c0b7f1c4fa2d,P195,True,"[""POS_ADV_rate_alto"", ""punctuationDensity_spacy_alto""]",2,0.091203703703703703,,,,"[""POS"", ""estilo""]",True,True,baixa,[],[],[],0,[]
P196,7de8f3f60438,P196,True,"[""DEP_complete_advmod_rate_baixo"", ""POS_VERB_rate_alto""]",2,0.090972222222222218,,,,"[""POS"", ""sintaxe""]",True,True,baixa,[],[],[],0,[]
P197,ca6398581a21,P197,True,"[""DEP_complete_amod_rate_baixo"", ""POS_PROPN_rate_alto""]",2,0.090740740740740747,,,,"[""POS"", ""sintaxe""]",True,True,baixa,[],[],[],0,[]
P198,fa9f45175099,P198,True,"[""POS_PRON_rate_baixo"", ""punctuationDensity_spacy_baixo""]",2,0.090046296296296291,,,,"[""POS"", ""estilo""]",True,True,baixa,[],[],[],0,[]
P199,6425faac9f6e,P199,True,"[""DEP_complete_amod_rate_alto"", ""POS_PRON_rate_baixo""]",2,0.08981481481481482,,,,"[""POS"", ""sintaxe""]",True,True,baixa,[],[],[],0,[]
P200,82ad88ff9251,P200,True,"[""POS_PRON_rate_alto"", ""punctuationDensity_spacy_alto""]",2,0.089351851851851849,,,,"[""POS"", ""estilo""]",True,True,baixa,[],[],[],0,[]
P201,c831946199a6,P201,True,"[""DEP_complete_amod_rate_alto"", ""POS_ADJ_rate_alto"", ""uppercaseRatio_baixo""]",3,0.08819444444444445,2.8679410980601254,0.7229601518026566,0.30850202429149803,"[""POS"", ""estilo"", ""sintaxe""]",True,True,baixa,[],[],[],3,"[{""antecedents"": [""DEP_complete_amod_rate_alto"", ""uppercaseRatio_baixo""], ""consequents"": [""POS_ADJ_rate_alto""], ""support"": 0.08819444444444445, ""confidence"": 0.7229601518026566, ""lift"": 2.8679410980601254, ""jaccard"": 0.30850202429149803}, {""antecedents"": [""POS_ADJ_rate_alto"", ""uppercaseRatio_baixo""], ""consequents"": [""DEP_complete_amod_rate_alto""], ""support"": 0.08819444444444445, ""confidence"": 0.670774647887324, ""lift"": 2.703121715366828, ""jaccard"": 0.30262112787926926}]"
P202,723948e54100,P128,False,"[""DEP_complete_ccomp_rate_baixo"", ""POS_VERB_rate_baixo"", ""uppercaseRatio_baixo""]",3,0.087962962962962965,1.2878748652579752,0.82251082251082253,0.13375571981696585,"[""POS"", ""estilo"", ""sintaxe""]",True,True,media,"[""cobertura_semelhante"", ""extensao_pouco_informativa""]","[""P128""]","[{""display_id"": ""P128"", ""coverage_jaccard"": 0.8225108225108225, ""reason"": ""cobertura_semelhante""}, {""display_id"": ""P128"", ""coverage_jaccard"": 0.8225108225108225, ""reason"": ""extensao_pouco_informativa""}]",1,"[{""antecedents"": [""POS_VERB_rate_baixo"", ""uppercaseRatio_baixo""], ""consequents"": [""DEP_complete_ccomp_rate_baixo""], ""support"": 0.08796296296296297, ""confidence"": 0.8225108225108225, ""lift"": 1.2878748652579752, ""jaccard"": 0.13375571981696585}]"
P203,101d0bd1799d,P203,True,"[""DEP_complete_ccomp_rate_baixo"", ""POS_ADV_rate_alto"", ""uppercaseRatio_baixo""]",3,0.08773148148148148,1.1584129414411672,0.50466045272969373,0.16814551907719605,"[""POS"", ""estilo"", ""sintaxe""]",True,True,baixa,[],[],[],1,"[{""antecedents"": [""DEP_complete_ccomp_rate_baixo"", ""POS_ADV_rate_alto""], ""consequents"": [""uppercaseRatio_baixo""], ""support"": 0.08773148148148148, ""confidence"": 0.5046604527296937, ""lift"": 1.1584129414411672, ""jaccard"": 0.16814551907719605}]"
P204,5168d659e546,P115,False,"[""DEP_complete_ccomp_rate_baixo"", ""DEP_complete_obj_rate_baixo"", ""POS_VERB_rate_baixo""]",3,0.08773148148148148,1.9813156493537929,0.79454926624737943,0.25556304787592721,"[""POS"", ""sintaxe""]",True,True,media,"[""cobertura_semelhante"", ""extensao_pouco_informativa""]","[""P115""]","[{""display_id"": ""P115"", ""coverage_jaccard"": 0.7945492662473794, ""reason"": ""cobertura_semelhante""}, {""display_id"": ""P115"", ""coverage_jaccard"": 0.7945492662473794, ""reason"": ""extensao_pouco_informativa""}]",2,"[{""antecedents"": [""DEP_complete_ccomp_rate_baixo"", ""DEP_complete_obj_rate_baixo""], ""consequents"": [""POS_VERB_rate_baixo""], ""support"": 0.08773148148148148, ""confidence"": 0.5191780821917809, ""lift"": 1.981315649353793, ""jaccard"": 0.2555630478759272}, {""antecedents"": [""DEP_complete_obj_rate_baixo"", ""POS_VERB_rate_baixo""], ""consequents"": [""DEP_complete_ccomp_rate_baixo""], ""support"": 0.08773148148148148, ""confidence"": 0.7945492662473794, ""lift"": 1.2440930881437764, ""jaccard"": 0.13265663283164159}]"
P205,a1b37839689b,P205,True,"[""DEP_complete_advcl_rate_baixo"", ""DEP_complete_advmod_rate_baixo"", ""POS_NOUN_rate_alto""]",3,0.08773148148148148,1.2669464769899341,0.70446096654275092,0.17996201329534661,"[""POS"", ""sintaxe""]",True,True,baixa,[],[],[],2,"[{""antecedents"": [""DEP_complete_advcl_rate_baixo"", ""POS_NOUN_rate_alto""], ""consequents"": [""DEP_complete_advmod_rate_baixo""], ""support"": 0.08773148148148148, ""confidence"": 0.5114709851551956, ""lift"": 1.2669464769899341, ""jaccard"": 0.1799620132953466}, {""antecedents"": [""DEP_complete_advmod_rate_baixo"", ""POS_NOUN_rate_alto""], ""consequents"": [""DEP_complete_advcl_rate_baixo""], ""support"": 0.08773148148148148, ""confidence"": 0.7044609665427509, ""lift"": 1.09470193362039, ""jaccard"": 0.12895542701599183}]"
P206,690301952358,P206,True,"[""DEP_complete_amod_rate_alto"", ""diversidade_alto""]",2,0.08773148148148148,,,,"[""lexical"", ""sintaxe""]",True,True,baixa,[],[],[],0,[]
P207,86c8994cb12e,P207,True,"[""DEP_complete_advmod_rate_alto"", ""POS_PROPN_rate_baixo""]",2,0.08773148148148148,,,,"[""POS"", ""sintaxe""]",True,True,baixa,[],[],[],0,[]
P208,aebc692626b9,P208,True,"[""POS_ADJ_rate_baixo"", ""diversidade_baixo""]",2,0.08773148148148148,,,,"[""POS"", ""lexical""]",True,True,baixa,[],[],[],0,[]
P209,ac4e3e930cbc,P136,False,"[""DEP_complete_advcl_rate_baixo"", ""DEP_complete_advmod_rate_baixo"", ""DEP_complete_obj_rate_baixo""]",3,0.087499999999999994,1.2966792129210538,0.83443708609271516,0.13239929947460596,"[""sintaxe""]",False,True,media,"[""cobertura_semelhante"", ""extensao_pouco_informativa"", ""mesma_familia""]","[""P136""]","[{""display_id"": ""P136"", ""coverage_jaccard"": 0.8344370860927153, ""reason"": ""cobertura_semelhante""}, {""display_id"": ""P136"", ""coverage_jaccard"": 0.8344370860927153, ""reason"": ""extensao_pouco_informativa""}]",1,"[{""antecedents"": [""DEP_complete_advmod_rate_baixo"", ""DEP_complete_obj_rate_baixo""], ""consequents"": [""DEP_complete_advcl_rate_baixo""], ""support"": 0.0875, ""confidence"": 0.8344370860927152, ""lift"": 1.2966792129210538, ""jaccard"": 0.13239929947460596}]"
P210,10d3db406965,P210,True,"[""POS_ADV_rate_baixo"", ""diversidade_baixo""]",2,0.087499999999999994,,,,"[""POS"", ""lexical""]",True,True,alta,"[""cobertura_semelhante""]","[""P237""]","[{""display_id"": ""P237"", ""coverage_jaccard"": 0.9576719576719577, ""reason"": ""cobertura_semelhante""}]",0,[]
P211,641c5eccd319,P211,True,"[""POS_ADJ_rate_alto"", ""diversidade_alto""]",2,0.087499999999999994,,,,"[""POS"", ""lexical""]",True,True,baixa,[],[],[],0,[]
P212,6c3ac9697eb3,P212,True,"[""DEP_complete_advcl_rate_alto"", ""POS_PRON_rate_baixo""]",2,0.087268518518518523,,,,"[""POS"", ""sintaxe""]",True,True,baixa,[],[],[],0,[]
P213,8c5dedd052c9,P213,True,"[""DEP_complete_amod_rate_alto"", ""POS_PROPN_rate_baixo""]",2,0.087268518518518523,,,,"[""POS"", ""sintaxe""]",True,True,baixa,[],[],[],0,[]
P214,b3fdde70f48a,P214,True,"[""DEP_complete_ccomp_rate_baixo"", ""POS_PRON_rate_alto"", ""uppercaseRatio_baixo""]",3,0.087037037037037038,1.2242295430393197,0.53333333333333333,0.17005879692446854,"[""POS"", ""estilo"", ""sintaxe""]",True,True,baixa,[],[],[],1,"[{""antecedents"": [""DEP_complete_ccomp_rate_baixo"", ""POS_PRON_rate_alto""], ""consequents"": [""uppercaseRatio_baixo""], ""support"": 0.08703703703703704, ""confidence"": 0.5333333333333333, ""lift"": 1.2242295430393197, ""jaccard"": 0.17005879692446854}]"
P215,4a060782afa6,P215,True,"[""POS_ADV_rate_baixo"", ""uppercaseRatio_alto""]",2,0.087037037037037038,,,,"[""POS"", ""estilo""]",True,True,alta,"[""cobertura_semelhante""]","[""P242""]","[{""display_id"": ""P242"", ""coverage_jaccard"": 0.9547872340425532, ""reason"": ""cobertura_semelhante""}]",0,[]
P216,ae41397de7f6,P216,True,"[""POS_NOUN_rate_baixo"", ""POS_PRON_rate_alto""]",2,0.086805555555555552,,,,"[""POS""]",False,True,media,"[""mesma_familia""]",[],[],0,[]
P217,1cb70fd55510,P217,True,"[""DEP_complete_advcl_rate_baixo"", ""DEP_complete_obj_rate_baixo"", ""uppercaseRatio_baixo""]",3,0.086574074074074067,1.1554271493342105,0.74353876739562619,0.12856651770367825,"[""estilo"", ""sintaxe""]",True,True,media,"[""extensao_pouco_informativa""]","[""P100""]","[{""display_id"": ""P100"", ""coverage_jaccard"": 0.7435387673956262, ""reason"": ""extensao_pouco_informativa""}]",1,"[{""antecedents"": [""DEP_complete_obj_rate_baixo"", ""uppercaseRatio_baixo""], ""consequents"": [""DEP_complete_advcl_rate_baixo""], ""support"": 0.08657407407407407, ""confidence"": 0.7435387673956262, ""lift"": 1.1554271493342105, ""jaccard"": 0.12856651770367825}]"
P218,1006c4b10c4f,P218,True,"[""POS_ADV_rate_baixo"", ""punctuationDensity_spacy_baixo""]",2,0.086574074074074067,,,,"[""POS"", ""estilo""]",True,True,alta,"[""cobertura_semelhante""]","[""P255""]","[{""display_id"": ""P255"", ""coverage_jaccard"": 0.9438502673796791, ""reason"": ""cobertura_semelhante""}]",0,[]
P219,8fba65659c42,P219,True,"[""DEP_complete_advcl_rate_baixo"", ""POS_NOUN_rate_alto"", ""uppercaseRatio_baixo""]",3,0.086342592592592596,1.155459563647941,0.50337381916329282,0.16577777777777777,"[""POS"", ""estilo"", ""sintaxe""]",True,True,baixa,[],[],[],1,"[{""antecedents"": [""DEP_complete_advcl_rate_baixo"", ""POS_NOUN_rate_alto""], ""consequents"": [""uppercaseRatio_baixo""], ""support"": 0.0863425925925926, ""confidence"": 0.5033738191632928, ""lift"": 1.155459563647941, ""jaccard"": 0.16577777777777777}]"
P220,bfeff6b67d1a,P220,True,"[""DEP_complete_advcl_rate_baixo"", ""POS_ADJ_rate_alto"", ""uppercaseRatio_baixo""]",3,0.08611111111111111,1.1761709452753795,0.51239669421487599,0.16636851520572452,"[""POS"", ""estilo"", ""sintaxe""]",True,True,baixa,[],[],[],1,"[{""antecedents"": [""DEP_complete_advcl_rate_baixo"", ""POS_ADJ_rate_alto""], ""consequents"": [""uppercaseRatio_baixo""], ""support"": 0.08611111111111111, ""confidence"": 0.512396694214876, ""lift"": 1.1761709452753795, ""jaccard"": 0.16636851520572452}]"
P221,24a260a87cd1,P221,True,"[""DEP_complete_advmod_rate_alto"", ""POS_PRON_rate_alto""]",2,0.08611111111111111,,,,"[""POS"", ""sintaxe""]",True,True,baixa,[],[],[],0,[]
P222,20b6a590e518,P222,True,"[""POS_PROPN_rate_baixo"", ""POS_VERB_rate_alto""]",2,0.085648148148148154,,,,"[""POS""]",False,True,media,"[""mesma_familia""]",[],[],0,[]
P223,e62080daa1b2,P223,True,"[""POS_VERB_rate_baixo"", ""diversidade_baixo""]",2,0.085648148148148154,,,,"[""POS"", ""lexical""]",True,True,baixa,[],[],[],0,[]
P224,600d5fa7903d,P224,True,"[""DEP_complete_advmod_rate_baixo"", ""punctuationDensity_spacy_alto""]",2,0.085416666666666669,,,,"[""estilo"", ""sintaxe""]",True,True,baixa,[],[],[],0,[]
P225,ddd715654e17,P225,True,"[""POS_ADJ_rate_alto"", ""POS_PRON_rate_baixo""]",2,0.085416666666666669,,,,"[""POS""]",False,True,media,"[""mesma_familia""]",[],[],0,[]
P226,f51b24bf4bce,P226,True,"[""DEP_complete_advmod_rate_baixo"", ""POS_NOUN_rate_baixo""]",2,0.085416666666666669,,,,"[""POS"", ""sintaxe""]",True,True,baixa,[],[],[],0,[]
P227,dfcedf2ae956,P227,True,"[""DEP_complete_ccomp_rate_baixo"", ""POS_PRON_rate_baixo"", ""uppercaseRatio_baixo""]",3,0.085185185185185183,1.0533981193673621,0.67276051188299812,0.12525527569775358,"[""POS"", ""estilo"", ""sintaxe""]",True,True,baixa,[],[],[],1,"[{""antecedents"": [""POS_PRON_rate_baixo"", ""uppercaseRatio_baixo""], ""consequents"": [""DEP_complete_ccomp_rate_baixo""], ""support"": 0.08518518518518518, ""confidence"": 0.6727605118829981, ""lift"": 1.053398119367362, ""jaccard"": 0.12525527569775358}]"
P228,e2e477749904,P228,True,"[""DEP_complete_advmod_rate_baixo"", ""DEP_complete_ccomp_rate_baixo"", ""punctuationDensity_spacy_baixo""]",3,0.085185185185185183,1.3097121164188545,0.71042471042471045,0.17760617760617758,"[""estilo"", ""sintaxe""]",True,True,baixa,[],[],[],2,"[{""antecedents"": [""DEP_complete_ccomp_rate_baixo"", ""punctuationDensity_spacy_baixo""], ""consequents"": [""DEP_complete_advmod_rate_baixo""], ""support"": 0.08518518518518518, ""confidence"": 0.528735632183908, ""lift"": 1.3097121164188545, ""jaccard"": 0.17760617760617758}, {""antecedents"": [""DEP_complete_advmod_rate_baixo"", ""punctuationDensity_spacy_baixo""], ""consequents"": [""DEP_complete_ccomp_rate_baixo""], ""support"": 0.08518518518518518, ""confidence"": 0.7104247104247104, ""lift"": 1.1123721453551103, ""jaccard"": 0.12650395324853903}]"
P229,bcc283e92c52,P229,True,"[""POS_ADV_rate_alto"", ""POS_VERB_rate_alto""]",2,0.085185185185185183,,,,"[""POS""]",False,True,media,"[""mesma_familia""]",[],[],0,[]
P230,f6ab8eea0378,P230,True,"[""DEP_complete_advcl_rate_baixo"", ""DEP_complete_ccomp_rate_baixo"", ""DEP_complete_nsubj_rate_alto""]",3,0.084953703703703698,1.127079364176643,0.72529644268774707,0.12572798903734156,"[""sintaxe""]",False,True,media,"[""mesma_familia""]",[],[],1,"[{""antecedents"": [""DEP_complete_ccomp_rate_baixo"", ""DEP_complete_nsubj_rate_alto""], ""consequents"": [""DEP_complete_advcl_rate_baixo""], ""support"": 0.0849537037037037, ""confidence"": 0.7252964426877471, ""lift"": 1.127079364176643, ""jaccard"": 0.12572798903734156}]"
P231,987f8704676d,P231,True,"[""POS_NOUN_rate_baixo"", ""POS_VERB_rate_alto""]",2,0.084953703703703698,,,,"[""POS""]",False,True,media,"[""mesma_familia""]",[],[],0,[]
P232,024402489e88,P232,True,"[""POS_ADJ_rate_baixo"", ""POS_PRON_rate_baixo""]",2,0.084259259259259256,,,,"[""POS""]",False,True,media,"[""mesma_familia""]",[],[],0,[]
P233,d2cf34db2d4d,P233,True,"[""DEP_complete_obj_rate_alto"", ""POS_PRON_rate_alto""]",2,0.084259259259259256,,,,"[""POS"", ""sintaxe""]",True,True,baixa,[],[],[],0,[]
P234,23e40fe6924d,P234,True,"[""POS_NOUN_rate_alto"", ""POS_PROPN_rate_baixo"", ""uppercaseRatio_baixo""]",3,0.084027777777777785,2.5022977941176476,0.65287769784172667,0.27901614142966952,"[""POS"", ""estilo""]",True,True,baixa,[],[],[],3,"[{""antecedents"": [""POS_NOUN_rate_alto"", ""uppercaseRatio_baixo""], ""consequents"": [""POS_PROPN_rate_baixo""], ""support"": 0.08402777777777778, ""confidence"": 0.6302083333333334, ""lift"": 2.5022977941176476, ""jaccard"": 0.2790161414296695}, {""antecedents"": [""POS_PROPN_rate_baixo"", ""uppercaseRatio_baixo""], ""consequents"": [""POS_NOUN_rate_alto""], ""support"": 0.08402777777777778, ""confidence"": 0.509116409537167, ""lift"": 2.014086894872309, ""jaccard"": 0.2517337031900139}]"
P235,ef58c483518d,P235,True,"[""POS_ADV_rate_alto"", ""diversidade_alto""]",2,0.084027777777777785,,,,"[""POS"", ""lexical""]",True,True,baixa,[],[],[],0,[]
P236,498ec0efbf5a,P156,False,"[""DEP_complete_ccomp_rate_baixo"", ""DEP_complete_nsubj_rate_baixo"", ""DEP_complete_obj_rate_baixo""]",3,0.083796296296296299,1.3212449022525139,0.84382284382284389,0.12809624911535739,"[""sintaxe""]",False,True,media,"[""cobertura_semelhante"", ""extensao_pouco_informativa"", ""mesma_familia""]","[""P156""]","[{""display_id"": ""P156"", ""coverage_jaccard"": 0.8438228438228438, ""reason"": ""cobertura_semelhante""}, {""display_id"": ""P156"", ""coverage_jaccard"": 0.8438228438228438, ""reason"": ""extensao_pouco_informativa""}]",1,"[{""antecedents"": [""DEP_complete_nsubj_rate_baixo"", ""DEP_complete_obj_rate_baixo""], ""consequents"": [""DEP_complete_ccomp_rate_baixo""], ""support"": 0.0837962962962963, ""confidence"": 0.8438228438228439, ""lift"": 1.321244902252514, ""jaccard"": 0.12809624911535739}]"
P237,5b2d95cb7042,P111,False,"[""DEP_complete_advmod_rate_baixo"", ""POS_ADV_rate_baixo"", ""diversidade_baixo""]",3,0.083796296296296299,2.5439957834324032,0.95767195767195779,0.25912670007158195,"[""POS"", ""lexical"", ""sintaxe""]",True,True,alta,"[""cobertura_semelhante"", ""extensao_pouco_informativa""]","[""P111"", ""P210""]","[{""display_id"": ""P111"", ""coverage_jaccard"": 0.7525987525987526, ""reason"": ""cobertura_semelhante""}, {""display_id"": ""P111"", ""coverage_jaccard"": 0.7525987525987526, ""reason"": ""extensao_pouco_informativa""}, {""display_id"": ""P210"", ""coverage_jaccard"": 0.9576719576719577, ""reason"": ""cobertura_semelhante""}, {""display_id"": ""P210"", ""coverage_jaccard"": 0.9576719576719577, ""reason"": ""extensao_pouco_informativa""}]",2,"[{""antecedents"": [""DEP_complete_advmod_rate_baixo"", ""diversidade_baixo""], ""consequents"": [""POS_ADV_rate_baixo""], ""support"": 0.0837962962962963, ""confidence"": 0.7525987525987526, ""lift"": 2.543995783432403, ""jaccard"": 0.25912670007158195}, {""antecedents"": [""POS_ADV_rate_baixo"", ""diversidade_baixo""], ""consequents"": [""DEP_complete_advmod_rate_baixo""], ""support"": 0.0837962962962963, ""confidence"": 0.9576719576719578, ""lift"": 2.3722149410222806, ""jaccard"": 0.2056818181818182}]"
P238,ab608a12d629,P238,True,"[""DEP_complete_advcl_rate_baixo"", ""DEP_complete_advmod_rate_baixo"", ""uppercaseRatio_alto""]",3,0.083796296296296299,1.1183546204785677,0.71968190854870784,0.12393016090380007,"[""estilo"", ""sintaxe""]",True,True,baixa,[],[],[],1,"[{""antecedents"": [""DEP_complete_advmod_rate_baixo"", ""uppercaseRatio_alto""], ""consequents"": [""DEP_complete_advcl_rate_baixo""], ""support"": 0.0837962962962963, ""confidence"": 0.7196819085487078, ""lift"": 1.1183546204785677, ""jaccard"": 0.12393016090380007}]"
P239,159534c8f5dd,P239,True,"[""DEP_complete_advcl_rate_baixo"", ""DEP_complete_advmod_rate_baixo"", ""diversidade_baixo""]",3,0.083333333333333329,1.1630446162820263,0.74844074844074837,0.12409513960703206,"[""lexical"", ""sintaxe""]",True,True,media,"[""extensao_pouco_informativa""]","[""P111""]","[{""display_id"": ""P111"", ""coverage_jaccard"": 0.7484407484407485, ""reason"": ""extensao_pouco_informativa""}]",1,"[{""antecedents"": [""DEP_complete_advmod_rate_baixo"", ""diversidade_baixo""], ""consequents"": [""DEP_complete_advcl_rate_baixo""], ""support"": 0.08333333333333333, ""confidence"": 0.7484407484407484, ""lift"": 1.1630446162820263, ""jaccard"": 0.12409513960703206}]"
P240,3e4f1d6ac1ca,P240,True,"[""POS_NOUN_rate_baixo"", ""punctuationDensity_spacy_alto""]",2,0.083333333333333329,,,,"[""POS"", ""estilo""]",True,True,baixa,[],[],[],0,[]
P241,f563fca3c8b3,P241,True,"[""POS_ADJ_rate_baixo"", ""uppercaseRatio_alto""]",2,0.083333333333333329,,,,"[""POS"", ""estilo""]",True,True,baixa,[],[],[],0,[]
P242,66da8bd24b0a,P215,False,"[""DEP_complete_advmod_rate_baixo"", ""POS_ADV_rate_baixo"", ""uppercaseRatio_alto""]",3,0.083101851851851857,2.4125668524066866,0.95478723404255328,0.25246132208157529,"[""POS"", ""estilo"", ""sintaxe""]",True,True,alta,"[""cobertura_semelhante"", ""extensao_pouco_informativa""]","[""P215""]","[{""display_id"": ""P215"", ""coverage_jaccard"": 0.9547872340425532, ""reason"": ""cobertura_semelhante""}, {""display_id"": ""P215"", ""coverage_jaccard"": 0.9547872340425532, ""reason"": ""extensao_pouco_informativa""}]",2,"[{""antecedents"": [""DEP_complete_advmod_rate_baixo"", ""uppercaseRatio_alto""], ""consequents"": [""POS_ADV_rate_baixo""], ""support"": 0.08310185185185186, ""confidence"": 0.7137176938369781, ""lift"": 2.4125668524066866, ""jaccard"": 0.2524613220815753}, {""antecedents"": [""POS_ADV_rate_baixo"", ""uppercaseRatio_alto""], ""consequents"": [""DEP_complete_advmod_rate_baixo""], ""support"": 0.08310185185185186, ""confidence"": 0.9547872340425533, ""lift"": 2.3650692953347647, ""jaccard"": 0.20386144236229417}]"
P243,d16307cd048b,P243,True,"[""DEP_complete_advcl_rate_baixo"", ""POS_PRON_rate_alto"", ""uppercaseRatio_baixo""]",3,0.083101851851851857,1.1738739475190059,0.51139601139601143,0.16134831460674157,"[""POS"", ""estilo"", ""sintaxe""]",True,True,baixa,[],[],[],1,"[{""antecedents"": [""DEP_complete_advcl_rate_baixo"", ""POS_PRON_rate_alto""], ""consequents"": [""uppercaseRatio_baixo""], ""support"": 0.08310185185185186, ""confidence"": 0.5113960113960114, ""lift"": 1.1738739475190059, ""jaccard"": 0.16134831460674157}]"
P244,9dfc0aee2734,P244,True,"[""DEP_complete_ccomp_rate_baixo"", ""POS_PRON_rate_baixo"", ""POS_PROPN_rate_alto""]",3,0.082870370370370372,1.0926918601323898,0.69785575048732951,0.12285518188057652,"[""POS"", ""sintaxe""]",True,True,baixa,[],[],[],1,"[{""antecedents"": [""POS_PRON_rate_baixo"", ""POS_PROPN_rate_alto""], ""consequents"": [""DEP_complete_ccomp_rate_baixo""], ""support"": 0.08287037037037037, ""confidence"": 0.6978557504873295, ""lift"": 1.0926918601323898, ""jaccard"": 0.12285518188057652}]"
P245,215c2e13287c,P245,True,"[""DEP_complete_advmod_rate_alto"", ""punctuationDensity_spacy_alto""]",2,0.082870370370370372,,,,"[""estilo"", ""sintaxe""]",True,True,baixa,[],[],[],0,[]
P246,7dd48d9cb3a5,P246,True,"[""DEP_complete_nsubj_rate_baixo"", ""POS_ADV_rate_baixo""]",2,0.082870370370370372,,,,"[""POS"", ""sintaxe""]",True,True,baixa,[],[],[],0,[]
P247,713e579fa07e,P191,False,"[""DEP_complete_advmod_rate_baixo"", ""POS_ADV_rate_baixo"", ""POS_VERB_rate_baixo""]",3,0.082638888888888887,2.3615666602353849,0.89924433249370272,0.24930167597765363,"[""POS"", ""sintaxe""]",True,True,media,"[""cobertura_semelhante"", ""extensao_pouco_informativa""]","[""P191""]","[{""display_id"": ""P191"", ""coverage_jaccard"": 0.8992443324937027, ""reason"": ""cobertura_semelhante""}, {""display_id"": ""P191"", ""coverage_jaccard"": 0.8992443324937027, ""reason"": ""extensao_pouco_informativa""}]",2,"[{""antecedents"": [""DEP_complete_advmod_rate_baixo"", ""POS_VERB_rate_baixo""], ""consequents"": [""POS_ADV_rate_baixo""], ""support"": 0.08263888888888889, ""confidence"": 0.6986301369863014, ""lift"": 2.361566660235385, ""jaccard"": 0.24930167597765363}, {""antecedents"": [""POS_ADV_rate_baixo"", ""POS_VERB_rate_baixo""], ""consequents"": [""DEP_complete_advmod_rate_baixo""], ""support"": 0.08263888888888889, ""confidence"": 0.8992443324937027, ""lift"": 2.2274859612229334, ""jaccard"": 0.20011210762331835}]"
P248,bff266ca80b8,P248,True,"[""DEP_complete_advcl_rate_baixo"", ""DEP_complete_advmod_rate_baixo"", ""DEP_complete_amod_rate_baixo""]",3,0.082638888888888887,1.1321685508735868,0.72857142857142854,0.12255406797116376,"[""sintaxe""]",False,True,media,"[""mesma_familia""]",[],[],1,"[{""antecedents"": [""DEP_complete_advmod_rate_baixo"", ""DEP_complete_amod_rate_baixo""], ""consequents"": [""DEP_complete_advcl_rate_baixo""], ""support"": 0.08263888888888889, ""confidence"": 0.7285714285714285, ""lift"": 1.1321685508735868, ""jaccard"": 0.12255406797116376}]"
P249,a58486a248f8,P249,True,"[""DEP_complete_advcl_rate_baixo"", ""POS_PRON_rate_baixo"", ""uppercaseRatio_baixo""]",3,0.082407407407407401,,,,"[""POS"", ""estilo"", ""sintaxe""]",True,True,baixa,[],[],[],0,[]
P250,21c1f1423131,P250,True,"[""DEP_complete_advmod_rate_alto"", ""POS_VERB_rate_alto""]",2,0.082407407407407401,,,,"[""POS"", ""sintaxe""]",True,True,baixa,[],[],[],0,[]
P251,6f9fbac67477,P128,False,"[""DEP_complete_advcl_rate_baixo"", ""POS_VERB_rate_baixo"", ""uppercaseRatio_baixo""]",3,0.08217592592592593,1.194057740820331,0.76839826839826852,0.12296501558711467,"[""POS"", ""estilo"", ""sintaxe""]",True,True,media,"[""cobertura_semelhante"", ""extensao_pouco_informativa""]","[""P128""]","[{""display_id"": ""P128"", ""coverage_jaccard"": 0.7683982683982684, ""reason"": ""cobertura_semelhante""}, {""display_id"": ""P128"", ""coverage_jaccard"": 0.7683982683982684, ""reason"": ""extensao_pouco_informativa""}]",1,"[{""antecedents"": [""POS_VERB_rate_baixo"", ""uppercaseRatio_baixo""], ""consequents"": [""DEP_complete_advcl_rate_baixo""], ""support"": 0.08217592592592593, ""confidence"": 0.7683982683982685, ""lift"": 1.194057740820331, ""jaccard"": 0.12296501558711467}]"
P252,6be1cdea7991,P252,True,"[""DEP_complete_advmod_rate_alto"", ""POS_NOUN_rate_baixo""]",2,0.08217592592592593,,,,"[""POS"", ""sintaxe""]",True,True,baixa,[],[],[],0,[]
P253,79313b18afe7,P253,True,"[""DEP_complete_advcl_rate_baixo"", ""POS_PRON_rate_baixo"", ""POS_PROPN_rate_alto""]",3,0.081944444444444445,1.0723210904960243,0.69005847953216382,0.12044913235794488,"[""POS"", ""sintaxe""]",True,True,baixa,[],[],[],1,"[{""antecedents"": [""POS_PRON_rate_baixo"", ""POS_PROPN_rate_alto""], ""consequents"": [""DEP_complete_advcl_rate_baixo""], ""support"": 0.08194444444444444, ""confidence"": 0.6900584795321638, ""lift"": 1.0723210904960243, ""jaccard"": 0.12044913235794488}]"
P254,5d2e8efc84ba,P254,True,"[""DEP_complete_amod_rate_baixo"", ""uppercaseRatio_alto""]",2,0.081944444444444445,,,,"[""estilo"", ""sintaxe""]",True,True,baixa,[],[],[],0,[]
P255,9b67e91ef8ab,P218,False,"[""DEP_complete_advmod_rate_baixo"", ""POS_ADV_rate_baixo"", ""punctuationDensity_spacy_baixo""]",3,0.081712962962962959,2.3379777265368196,0.94385026737967914,0.2446292446292446,"[""POS"", ""estilo"", ""sintaxe""]",True,True,alta,"[""cobertura_semelhante"", ""extensao_pouco_informativa""]","[""P218""]","[{""display_id"": ""P218"", ""coverage_jaccard"": 0.9438502673796791, ""reason"": ""cobertura_semelhante""}, {""display_id"": ""P218"", ""coverage_jaccard"": 0.9438502673796791, ""reason"": ""extensao_pouco_informativa""}]",2,"[{""antecedents"": [""POS_ADV_rate_baixo"", ""punctuationDensity_spacy_baixo""], ""consequents"": [""DEP_complete_advmod_rate_baixo""], ""support"": 0.08171296296296296, ""confidence"": 0.9438502673796791, ""lift"": 2.3379777265368196, ""jaccard"": 0.19999999999999996}, {""antecedents"": [""DEP_complete_advmod_rate_baixo"", ""punctuationDensity_spacy_baixo""], ""consequents"": [""POS_ADV_rate_baixo""], ""support"": 0.08171296296296296, ""confidence"": 0.6814671814671814, ""lift"": 2.303551035945402, ""jaccard"": 0.2446292446292446}]"
P256,9e893135ea05,P256,True,"[""DEP_complete_ccomp_rate_alto"", ""POS_PRON_rate_baixo""]",2,0.081712962962962959,,,,"[""POS"", ""sintaxe""]",True,True,baixa,[],[],[],0,[]
P257,99e82d59626b,P257,True,"[""DEP_complete_advcl_rate_baixo"", ""POS_ADV_rate_alto"", ""uppercaseRatio_baixo""]",3,0.081481481481481488,,,,"[""POS"", ""estilo"", ""sintaxe""]",True,True,baixa,[],[],[],0,[]
P258,9478cbb73fe7,P258,True,"[""DEP_complete_amod_rate_baixo"", ""POS_PRON_rate_baixo""]",2,0.081481481481481488,,,,"[""POS"", ""sintaxe""]",True,True,baixa,[],[],[],0,[]
P259,bb74b0168856,P139,False,"[""DEP_complete_ccomp_rate_baixo"", ""POS_PROPN_rate_alto"", ""POS_VERB_rate_baixo""]",3,0.081250000000000003,1.2322655410665788,0.78699551569506732,0.12298528381219342,"[""POS"", ""sintaxe""]",True,True,media,"[""cobertura_semelhante"", ""extensao_pouco_informativa""]","[""P139""]","[{""display_id"": ""P139"", ""coverage_jaccard"": 0.7869955156950673, ""reason"": ""cobertura_semelhante""}, {""display_id"": ""P139"", ""coverage_jaccard"": 0.7869955156950673, ""reason"": ""extensao_pouco_informativa""}]",1,"[{""antecedents"": [""POS_PROPN_rate_alto"", ""POS_VERB_rate_baixo""], ""consequents"": [""DEP_complete_ccomp_rate_baixo""], ""support"": 0.08125, ""confidence"": 0.7869955156950673, ""lift"": 1.2322655410665788, ""jaccard"": 0.12298528381219342}]"
P260,b322c5e57772,P260,True,"[""DEP_complete_advcl_rate_baixo"", ""DEP_complete_advmod_rate_baixo"", ""punctuationDensity_spacy_baixo""]",3,0.081018518518518517,1.2939887717376422,0.5223880597014926,0.16957364341085268,"[""estilo"", ""sintaxe""]",True,True,baixa,[],[],[],1,"[{""antecedents"": [""DEP_complete_advcl_rate_baixo"", ""punctuationDensity_spacy_baixo""], ""consequents"": [""DEP_complete_advmod_rate_baixo""], ""support"": 0.08101851851851852, ""confidence"": 0.5223880597014926, ""lift"": 1.2939887717376422, ""jaccard"": 0.16957364341085268}]"
P261,fc2f7bd65abc,P261,True,"[""DEP_complete_advcl_rate_baixo"", ""DEP_complete_nsubj_rate_baixo"", ""POS_PRON_rate_baixo""]",3,0.081018518518518517,,,,"[""POS"", ""sintaxe""]",True,True,baixa,[],[],[],0,[]
P262,192428b35c3b,P262,True,"[""DEP_complete_advcl_rate_baixo"", ""POS_NOUN_rate_alto"", ""POS_PROPN_rate_baixo""]",3,0.080787037037037032,2.1372435613921685,0.54024767801857587,0.25125989920806335,"[""POS"", ""sintaxe""]",True,True,baixa,[],[],[],1,"[{""antecedents"": [""DEP_complete_advcl_rate_baixo"", ""POS_PROPN_rate_baixo""], ""consequents"": [""POS_NOUN_rate_alto""], ""support"": 0.08078703703703703, ""confidence"": 0.5402476780185759, ""lift"": 2.1372435613921685, ""jaccard"": 0.25125989920806335}]"
P263,dc218f5eea1b,P263,True,"[""DEP_complete_nsubj_rate_alto"", ""DEP_complete_obj_rate_alto""]",2,0.080787037037037032,,,,"[""sintaxe""]",False,True,media,"[""mesma_familia""]",[],[],0,[]
P264,3d400f6730cc,P264,True,"[""DEP_complete_advmod_rate_baixo"", ""DEP_complete_amod_rate_baixo"", ""DEP_complete_ccomp_rate_baixo""]",3,0.080555555555555561,1.2421013668931602,0.71020408163265303,0.16650717703349283,"[""sintaxe""]",False,True,media,"[""mesma_familia""]",[],[],2,"[{""antecedents"": [""DEP_complete_amod_rate_baixo"", ""DEP_complete_ccomp_rate_baixo""], ""consequents"": [""DEP_complete_advmod_rate_baixo""], ""support"": 0.08055555555555556, ""confidence"": 0.5014409221902018, ""lift"": 1.2421013668931602, ""jaccard"": 0.16650717703349283}, {""antecedents"": [""DEP_complete_advmod_rate_baixo"", ""DEP_complete_amod_rate_baixo""], ""consequents"": [""DEP_complete_ccomp_rate_baixo""], ""support"": 0.08055555555555556, ""confidence"": 0.710204081632653, ""lift"": 1.1120266881671117, ""jaccard"": 0.11995863495346434}]"
P265,729491a988e1,P265,True,"[""DEP_complete_advmod_rate_baixo"", ""DEP_complete_ccomp_rate_baixo"", ""DEP_complete_obj_rate_alto""]",3,0.080555555555555561,1.1258121429791008,0.71900826446280997,0.12020725388601038,"[""sintaxe""]",False,True,media,"[""mesma_familia""]",[],[],1,"[{""antecedents"": [""DEP_complete_advmod_rate_baixo"", ""DEP_complete_obj_rate_alto""], ""consequents"": [""DEP_complete_ccomp_rate_baixo""], ""support"": 0.08055555555555556, ""confidence"": 0.71900826446281, ""lift"": 1.1258121429791008, ""jaccard"": 0.12020725388601038}]"
P266,15957b6b6d45,P266,True,"[""DEP_complete_advcl_rate_alto"", ""POS_ADV_rate_alto""]",2,0.080555555555555561,,,,"[""POS"", ""sintaxe""]",True,True,baixa,[],[],[],0,[]
P267,77e04848c1d9,P267,True,"[""POS_ADJ_rate_alto"", ""POS_VERB_rate_baixo""]",2,0.080555555555555561,,,,"[""POS""]",False,True,media,"[""mesma_familia""]",[],[],0,[]
P268,1fd456a08560,P268,True,"[""DEP_complete_ccomp_rate_baixo"", ""POS_NOUN_rate_baixo"", ""POS_PROPN_rate_alto""]",3,0.080324074074074076,2.1579974778447668,0.54049844236760125,0.25199709513435004,"[""POS"", ""sintaxe""]",True,True,baixa,[],[],[],1,"[{""antecedents"": [""DEP_complete_ccomp_rate_baixo"", ""POS_NOUN_rate_baixo""], ""consequents"": [""POS_PROPN_rate_alto""], ""support"": 0.08032407407407408, ""confidence"": 0.5404984423676013, ""lift"": 2.157997477844767, ""jaccard"": 0.25199709513435004}]"
P269,d52dcc485428,P269,True,"[""DEP_complete_advcl_rate_baixo"", ""POS_ADV_rate_baixo"", ""POS_PRON_rate_baixo""]",3,0.080324074074074076,1.0552309620014362,0.67906066536203524,0.11786684782608696,"[""POS"", ""sintaxe""]",True,True,baixa,[],[],[],1,"[{""antecedents"": [""POS_ADV_rate_baixo"", ""POS_PRON_rate_baixo""], ""consequents"": [""DEP_complete_advcl_rate_baixo""], ""support"": 0.08032407407407408, ""confidence"": 0.6790606653620352, ""lift"": 1.0552309620014362, ""jaccard"": 0.11786684782608696}]"
P270,ec67fb46eb6e,P139,False,"[""DEP_complete_advcl_rate_baixo"", ""POS_PROPN_rate_alto"", ""POS_VERB_rate_baixo""]",3,0.080324074074074076,1.2090202277639772,0.77802690582959644,0.12052796109760333,"[""POS"", ""sintaxe""]",True,True,media,"[""cobertura_semelhante"", ""extensao_pouco_informativa""]","[""P139""]","[{""display_id"": ""P139"", ""coverage_jaccard"": 0.7780269058295964, ""reason"": ""cobertura_semelhante""}, {""display_id"": ""P139"", ""coverage_jaccard"": 0.7780269058295964, ""reason"": ""extensao_pouco_informativa""}]",1,"[{""antecedents"": [""POS_PROPN_rate_alto"", ""POS_VERB_rate_baixo""], ""consequents"": [""DEP_complete_advcl_rate_baixo""], ""support"": 0.08032407407407408, ""confidence"": 0.7780269058295964, ""lift"": 1.2090202277639772, ""jaccard"": 0.12052796109760333}]"
P271,114cf44bcb3f,P271,True,"[""POS_VERB_rate_alto"", ""punctuationDensity_spacy_alto""]",2,0.080324074074074076,,,,"[""POS"", ""estilo""]",True,True,baixa,[],[],[],0,[]
P272,643fe2ac7543,P272,True,"[""DEP_complete_ccomp_rate_baixo"", ""POS_ADV_rate_baixo"", ""POS_PRON_rate_baixo""]",3,0.08009259259259259,1.0601986453868464,0.67710371819960857,0.11833105335157319,"[""POS"", ""sintaxe""]",True,True,baixa,[],[],[],1,"[{""antecedents"": [""POS_ADV_rate_baixo"", ""POS_PRON_rate_baixo""], ""consequents"": [""DEP_complete_ccomp_rate_baixo""], ""support"": 0.08009259259259259, ""confidence"": 0.6771037181996086, ""lift"": 1.0601986453868464, ""jaccard"": 0.11833105335157319}]"
P273,b8316afc7303,P273,True,"[""punctuationDensity_spacy_alto"", ""uppercaseRatio_alto""]",2,0.08009259259259259,,,,"[""estilo""]",False,True,media,"[""mesma_familia""]",[],[],0,[]
