variant,rule_id,pattern_id,antecedents,consequents,features,train_occurrences,train_antecedent_occurrences,train_consequent_occurrences,train_support,train_antecedent_support,train_consequent_support,train_confidence,train_lift,train_jaccard,train_passes_filters,test_occurrences,test_antecedent_occurrences,test_consequent_occurrences,test_support,test_antecedent_support,test_consequent_support,test_confidence,test_lift,test_jaccard,test_passes_filters,validation_occurrences,validation_antecedent_occurrences,validation_consequent_occurrences,validation_support,validation_antecedent_support,validation_consequent_support,validation_confidence,validation_lift,validation_jaccard,validation_passes_filters,validation_confidence_ci_low,validation_confidence_ci_high,validation_confidence_bootstrap_valid_repetitions,validation_lift_ci_low,validation_lift_ci_high,validation_lift_bootstrap_valid_repetitions,validation_bootstrap_pass_fraction
corrected_pos_dep_complete,085a0170a18a,e9d1653f6fde,"[""POS_ADV_rate_alto"", ""uppercaseRatio_baixo""]","[""DEP_complete_advmod_rate_alto""]","[""DEP_complete_advmod_rate_alto"", ""POS_ADV_rate_alto"", ""uppercaseRatio_baixo""]",422,593,1064,0.09768518518518518,0.13726851851851851,0.24629629629629629,0.71163575042158511,2.8893481596064361,0.34170040485829961,True,148,205,356,0.10277777777777777,0.1423611111111111,0.24722222222222223,0.7219512195121951,2.9202521238695534,0.3583535108958838,True,153,204,356,0.10625,0.14166666666666666,0.24722222222222223,0.75,3.0337078651685392,0.37592137592137592,True,0.69919602771813394,0.80911543009163456,100,2.7737231691404829,3.3069858676261634,100,1
corrected_pos_dep_complete,3e0549b9ca99,e9d1653f6fde,"[""DEP_complete_advmod_rate_alto"", ""uppercaseRatio_baixo""]","[""POS_ADV_rate_alto""]","[""DEP_complete_advmod_rate_alto"", ""POS_ADV_rate_alto"", ""uppercaseRatio_baixo""]",422,535,1181,0.09768518518518518,0.12384259259259259,0.27337962962962964,0.78878504672897198,2.8853102471373062,0.3261205564142195,True,148,181,383,0.10277777777777777,0.12569444444444444,0.26597222222222222,0.81767955801104975,3.0743043434358004,0.35576923076923078,True,153,187,372,0.10625,0.12986111111111112,0.25833333333333336,0.81818181818181823,3.1671554252199412,0.37684729064039407,True,0.76943106144687723,0.8628996020745775,100,2.8702697637371002,3.4346024884251065,100,1
corrected_pos_dep_complete,b86a16fc9dbf,c831946199a6,"[""DEP_complete_amod_rate_alto"", ""uppercaseRatio_baixo""]","[""POS_ADJ_rate_alto""]","[""DEP_complete_amod_rate_alto"", ""POS_ADJ_rate_alto"", ""uppercaseRatio_baixo""]",381,527,1089,0.08819444444444445,0.12199074074074075,0.25208333333333333,0.72296015180265649,2.867941098060125,0.30850202429149798,True,134,187,362,0.093055555555555558,0.12986111111111112,0.25138888888888888,0.71657754010695185,2.8504741926906374,0.32289156626506021,True,129,172,350,0.089583333333333334,0.11944444444444445,0.24305555555555555,0.75,3.0857142857142859,0.3282442748091603,True,0.68393854748603355,0.82095809292438504,100,2.7904284857646724,3.3959670309392487,100,0.88
corrected_pos_dep_complete,e269d730129b,6b5319dd01d4,"[""DEP_complete_ccomp_rate_baixo"", ""POS_ADJ_rate_alto""]","[""DEP_complete_amod_rate_alto""]","[""DEP_complete_amod_rate_alto"", ""DEP_complete_ccomp_rate_baixo"", ""POS_ADJ_rate_alto""]",542,762,1072,0.12546296296296297,0.1763888888888889,0.24814814814814815,0.71128608923884518,2.8663767775296747,0.41950464396284831,True,183,256,365,0.12708333333333333,0.17777777777777778,0.25347222222222221,0.71484375,2.8202054794520546,0.4178082191780822,True,177,245,338,0.12291666666666666,0.1701388888888889,0.23472222222222222,0.72244897959183674,3.0778891438232097,0.43596059113300495,True,0.6601168929110105,0.78380602240896347,100,2.8317434445253995,3.3693810499020227,100,1
corrected_pos_dep_complete,9cd4a8d1d951,6b5319dd01d4,"[""DEP_complete_amod_rate_alto""]","[""DEP_complete_ccomp_rate_baixo"", ""POS_ADJ_rate_alto""]","[""DEP_complete_amod_rate_alto"", ""DEP_complete_ccomp_rate_baixo"", ""POS_ADJ_rate_alto""]",542,1072,762,0.12546296296296297,0.24814814814814815,0.1763888888888889,0.50559701492537312,2.8663767775296747,0.41950464396284831,True,183,365,256,0.12708333333333333,0.25347222222222221,0.17777777777777778,0.50136986301369868,2.8202054794520546,0.4178082191780822,True,177,338,245,0.12291666666666666,0.23472222222222222,0.1701388888888889,0.52366863905325445,3.0778891438232097,0.43596059113300495,True,0.48438466295609156,0.58816943598570104,100,2.8317434445253995,3.3693810499020227,100,0.81999999999999995
corrected_pos_dep_complete,78c9d6295152,bdc3eca659c3,"[""DEP_complete_advmod_rate_alto"", ""DEP_complete_ccomp_rate_baixo""]","[""POS_ADV_rate_alto""]","[""DEP_complete_advmod_rate_alto"", ""DEP_complete_ccomp_rate_baixo"", ""POS_ADV_rate_alto""]",507,650,1181,0.11736111111111111,0.15046296296296297,0.27337962962962964,0.78000000000000003,2.8531752751905164,0.38293051359516617,True,159,219,383,0.11041666666666666,0.15208333333333332,0.26597222222222222,0.72602739726027399,2.7297113630673486,0.35891647855530473,True,166,217,372,0.11527777777777778,0.15069444444444444,0.25833333333333336,0.76497695852534564,2.9612011297755316,0.39243498817966904,True,0.71075932071052117,0.81954539966191731,100,2.6903032066706327,3.2513162705174281,100,1
corrected_pos_dep_complete,4e5185513dfb,8791b16a98cf,"[""DEP_complete_advmod_rate_alto""]","[""POS_ADV_rate_alto""]","[""DEP_complete_advmod_rate_alto"", ""POS_ADV_rate_alto""]",827,1064,1181,0.19143518518518518,0.24629629629629629,0.27337962962962964,0.77725563909774431,2.8431366307385737,0.58321579689703806,True,270,356,383,0.1875,0.24722222222222223,0.26597222222222222,0.7584269662921348,2.8515269750931442,0.57569296375266521,True,278,356,372,0.19305555555555556,0.24722222222222223,0.25833333333333336,0.7808988764044944,3.0228343602754619,0.61777777777777776,True,0.74430018973800005,0.82011303665668234,100,2.7963574277699528,3.3039045514057834,100,1
corrected_pos_dep_complete,cd646a1e0e24,8791b16a98cf,"[""POS_ADV_rate_alto""]","[""DEP_complete_advmod_rate_alto""]","[""DEP_complete_advmod_rate_alto"", ""POS_ADV_rate_alto""]",827,1181,1064,0.19143518518518518,0.27337962962962964,0.24629629629629629,0.70025402201524134,2.8431366307385737,0.58321579689703806,True,270,383,356,0.1875,0.26597222222222222,0.24722222222222223,0.70496083550913835,2.8515269750931442,0.57569296375266521,True,278,372,356,0.19305555555555556,0.25833333333333336,0.24722222222222223,0.74731182795698925,3.0228343602754619,0.61777777777777776,True,0.70842866925819259,0.78751782411655913,100,2.7963574277699528,3.3039045514057834,100,1
corrected_pos_dep_complete,a02bd7dfc0b7,2e76ac323433,"[""DEP_complete_advcl_rate_baixo"", ""POS_ADV_rate_alto""]","[""DEP_complete_advmod_rate_alto""]","[""DEP_complete_advcl_rate_baixo"", ""DEP_complete_advmod_rate_alto"", ""POS_ADV_rate_alto""]",497,718,1064,0.1150462962962963,0.16620370370370371,0.24629629629629629,0.69220055710306405,2.8104383521477789,0.38677042801556422,True,165,238,356,0.11458333333333333,0.16527777777777777,0.24722222222222223,0.69327731092436973,2.8042677745255404,0.38461538461538464,True,165,224,356,0.11458333333333333,0.15555555555555556,0.24722222222222223,0.7366071428571429,2.9795345104333868,0.39759036144578314,True,0.6807909604519774,0.77949551976462039,100,2.7495160665892371,3.2539003545105794,100,1
corrected_pos_dep_complete,4e4fe7096fbc,d3157b07ed0e,"[""DEP_complete_advcl_rate_baixo"", ""POS_ADJ_rate_alto""]","[""DEP_complete_amod_rate_alto""]","[""DEP_complete_advcl_rate_baixo"", ""DEP_complete_amod_rate_alto"", ""POS_ADJ_rate_alto""]",503,726,1072,0.11643518518518518,0.16805555555555557,0.24814814814814815,0.69283746556473824,2.7920315776489453,0.38841698841698841,True,186,251,365,0.12916666666666668,0.17430555555555555,0.25347222222222221,0.74103585657370519,2.9235387218250288,0.4325581395348837,True,164,229,338,0.11388888888888889,0.15902777777777777,0.23472222222222222,0.71615720524017468,3.0510839513190873,0.40694789081885857,True,0.66181937217290754,0.76364830508474568,100,2.8066999681857894,3.2749654366538401,100,1
corrected_pos_dep_complete,dba1f65c01fb,2e76ac323433,"[""DEP_complete_advcl_rate_baixo"", ""DEP_complete_advmod_rate_alto""]","[""POS_ADV_rate_alto""]","[""DEP_complete_advcl_rate_baixo"", ""DEP_complete_advmod_rate_alto"", ""POS_ADV_rate_alto""]",497,654,1181,0.1150462962962963,0.15138888888888888,0.27337962962962964,0.75993883792048933,2.7797932089894273,0.37144992526158443,True,165,229,383,0.11458333333333333,0.15902777777777777,0.26597222222222222,0.72052401746724892,2.7090198045766019,0.36912751677852351,True,165,212,372,0.11458333333333333,0.14722222222222223,0.25833333333333336,0.77830188679245282,3.0127814972611078,0.3937947494033413,True,0.72396610052471688,0.82959422110552761,100,2.7738716332367792,3.2991260946661041,100,1
corrected_pos_dep_complete,8c878fca3934,bdc3eca659c3,"[""DEP_complete_ccomp_rate_baixo"", ""POS_ADV_rate_alto""]","[""DEP_complete_advmod_rate_alto""]","[""DEP_complete_advmod_rate_alto"", ""DEP_complete_ccomp_rate_baixo"", ""POS_ADV_rate_alto""]",507,751,1064,0.11736111111111111,0.1738425925925926,0.24629629629629629,0.67509986684420775,2.7410069781644526,0.38761467889908258,True,159,236,356,0.11041666666666666,0.16388888888888889,0.24722222222222223,0.67372881355932202,2.7251952009141114,0.3672055427251732,True,166,230,356,0.11527777777777778,0.15972222222222221,0.24722222222222223,0.72173913043478266,2.9193942354665365,0.39523809523809522,True,0.65925019943669305,0.78655599656726016,100,2.6499168989206532,3.2311911989787387,100,1
corrected_pos_dep_complete,e55317482dd0,d3157b07ed0e,"[""DEP_complete_advcl_rate_baixo"", ""DEP_complete_amod_rate_alto""]","[""POS_ADJ_rate_alto""]","[""DEP_complete_advcl_rate_baixo"", ""DEP_complete_amod_rate_alto"", ""POS_ADJ_rate_alto""]",503,731,1089,0.11643518518518518,0.16921296296296295,0.25208333333333333,0.68809849521203825,2.7296469231551934,0.38192862566438879,True,186,271,362,0.12916666666666668,0.18819444444444444,0.25138888888888888,0.68634686346863472,2.7302195673890441,0.41610738255033558,True,164,233,350,0.11388888888888889,0.16180555555555556,0.24305555555555555,0.70386266094420602,2.8958920907418761,0.39140811455847258,True,0.65787672355844107,0.76920873096028197,100,2.6152393691653404,3.1351436999823608,100,1
corrected_pos_dep_complete,93067993be40,99f5ddc61283,"[""DEP_complete_amod_rate_alto""]","[""POS_ADJ_rate_alto""]","[""DEP_complete_amod_rate_alto"", ""POS_ADJ_rate_alto""]",737,1072,1089,0.17060185185185187,0.24814814814814815,0.25208333333333333,0.6875,2.7272727272727271,0.5175561797752809,True,251,365,362,0.17430555555555555,0.25347222222222221,0.25138888888888888,0.68767123287671228,2.7354877771891317,0.52731092436974791,True,239,338,350,0.16597222222222222,0.23472222222222222,0.24305555555555555,0.70710059171597628,2.9092138630600171,0.53229398663697103,True,0.66551190181663955,0.76556174089068829,100,2.6805412817125696,3.1034080012948211,100,1
corrected_pos_dep_complete,d0a1d36e551d,99f5ddc61283,"[""POS_ADJ_rate_alto""]","[""DEP_complete_amod_rate_alto""]","[""DEP_complete_amod_rate_alto"", ""POS_ADJ_rate_alto""]",737,1089,1072,0.17060185185185187,0.25208333333333333,0.24814814814814815,0.6767676767676768,2.7272727272727271,0.5175561797752809,True,251,362,365,0.17430555555555555,0.25138888888888888,0.25347222222222221,0.6933701657458563,2.7354877771891317,0.52731092436974791,True,239,350,338,0.16597222222222222,0.24305555555555555,0.23472222222222222,0.68285714285714283,2.9092138630600171,0.53229398663697103,True,0.62763151528834993,0.72868751144479027,100,2.6805412817125696,3.1034080012948211,100,1
corrected_pos_dep_complete,60d93eae3b97,6b5319dd01d4,"[""DEP_complete_amod_rate_alto"", ""DEP_complete_ccomp_rate_baixo""]","[""POS_ADJ_rate_alto""]","[""DEP_complete_amod_rate_alto"", ""DEP_complete_ccomp_rate_baixo"", ""POS_ADJ_rate_alto""]",542,793,1089,0.12546296296296297,0.18356481481481482,0.25208333333333333,0.68348045397225721,2.7113274207163922,0.40447761194029852,True,183,271,362,0.12708333333333333,0.18819444444444444,0.25138888888888888,0.67527675276752763,2.6861837679150273,0.40666666666666668,True,177,251,350,0.12291666666666666,0.17430555555555555,0.24305555555555555,0.70517928286852594,2.9013090495162208,0.41745283018867924,True,0.65963276588276587,0.76549103113718409,100,2.6524969336318382,3.1000046068998199,100,1
corrected_pos_dep_complete,9bccb51eba98,c831946199a6,"[""POS_ADJ_rate_alto"", ""uppercaseRatio_baixo""]","[""DEP_complete_amod_rate_alto""]","[""DEP_complete_amod_rate_alto"", ""POS_ADJ_rate_alto"", ""uppercaseRatio_baixo""]",381,568,1072,0.08819444444444445,0.13148148148148148,0.24814814814814815,0.67077464788732399,2.7031217153668279,0.30262112787926926,True,134,181,365,0.093055555555555558,0.12569444444444444,0.25347222222222221,0.74033149171270718,2.9207598577158858,0.32524271844660196,True,129,187,338,0.089583333333333334,0.12986111111111112,0.23472222222222222,0.68983957219251335,2.93896149099769,0.32575757575757575,True,0.62262801204819285,0.7530077799388718,100,2.666240830586875,3.2577006754921576,100,0.88
corrected_pos_dep_complete,1682d9e0f598,b4538c62c388,"[""DEP_complete_advmod_rate_baixo"", ""POS_PROPN_rate_alto""]","[""POS_ADV_rate_baixo""]","[""DEP_complete_advmod_rate_baixo"", ""POS_ADV_rate_baixo"", ""POS_PROPN_rate_alto""]",430,561,1278,0.099537037037037035,0.12986111111111112,0.29583333333333334,0.76648841354723707,2.5909467500188295,0.30518097941802697,True,150,184,443,0.10416666666666667,0.12777777777777777,0.30763888888888891,0.81521739130434778,2.6499165767003632,0.31446540880503143,True,147,192,434,0.10208333333333333,0.13333333333333333,0.30138888888888887,0.765625,2.5403225806451615,0.3068893528183716,True,0.70500505002682834,0.82644354148845167,100,2.292854515932921,2.8530106445483274,100,1
corrected_pos_dep_complete,1c91a4d2d5e3,5b2d95cb7042,"[""DEP_complete_advmod_rate_baixo"", ""diversidade_baixo""]","[""POS_ADV_rate_baixo""]","[""DEP_complete_advmod_rate_baixo"", ""POS_ADV_rate_baixo"", ""diversidade_baixo""]",362,481,1278,0.083796296296296299,0.11134259259259259,0.29583333333333334,0.75259875259875264,2.5439957834324032,0.25912670007158195,True,122,155,443,0.084722222222222227,0.1076388888888889,0.30763888888888891,0.7870967741935484,2.5585087016675163,0.25630252100840334,True,119,158,434,0.082638888888888887,0.10972222222222222,0.30138888888888887,0.75316455696202533,2.4989791751735404,0.25158562367864695,True,0.69780747728860937,0.81467007069913588,100,2.2958209655666053,2.7579529965556553,100,0.70999999999999996
corrected_pos_dep_complete,ad056bd1509b,23e40fe6924d,"[""POS_NOUN_rate_alto"", ""uppercaseRatio_baixo""]","[""POS_PROPN_rate_baixo""]","[""POS_NOUN_rate_alto"", ""POS_PROPN_rate_baixo"", ""uppercaseRatio_baixo""]",363,576,1088,0.084027777777777785,0.13333333333333333,0.25185185185185183,0.63020833333333337,2.5022977941176472,0.27901614142966946,True,115,178,359,0.079861111111111105,0.12361111111111112,0.24930555555555556,0.6460674157303371,2.5914681856592909,0.27251184834123221,False,112,182,344,0.077777777777777779,0.12638888888888888,0.2388888888888889,0.61538461538461542,2.5760286225402504,0.27053140096618356,False,0.54849407550289342,0.66941906580493538,100,2.3256205724262435,2.8489763670587891,100,0.35999999999999999
corrected_pos_dep_complete,b337b9d9f141,fbe65fdd4c47,"[""DEP_complete_ccomp_rate_baixo"", ""POS_ADJ_rate_baixo""]","[""DEP_complete_amod_rate_baixo""]","[""DEP_complete_amod_rate_baixo"", ""DEP_complete_ccomp_rate_baixo"", ""POS_ADJ_rate_baixo""]",433,692,1090,0.10023148148148148,0.16018518518518518,0.25231481481481483,0.62572254335260113,2.4799278782415017,0.32097850259451444,True,143,228,349,0.09930555555555555,0.15833333333333333,0.24236111111111111,0.6271929824561403,2.5878449705926707,0.3294930875576037,True,163,260,363,0.11319444444444444,0.18055555555555555,0.25208333333333333,0.62692307692307692,2.4869675778766687,0.35434782608695653,True,0.55860383721398921,0.68875097175434041,100,2.3014480527832597,2.7575436841534113,100,1
corrected_pos_dep_complete,7672be5fe501,f4d7d942f5b9,"[""DEP_complete_advmod_rate_baixo"", ""POS_NOUN_rate_alto""]","[""POS_ADV_rate_baixo""]","[""DEP_complete_advmod_rate_baixo"", ""POS_ADV_rate_baixo"", ""POS_NOUN_rate_alto""]",394,538,1278,0.091203703703703703,0.12453703703703704,0.29583333333333334,0.73234200743494426,2.4755222786533326,0.27707454289732769,True,115,151,443,0.079861111111111105,0.10486111111111111,0.30763888888888891,0.76158940397350994,2.4755953537739375,0.24008350730688935,False,141,183,434,0.097916666666666666,0.12708333333333333,0.30138888888888887,0.77049180327868849,2.5564704993578604,0.29621848739495799,True,0.70974880382775118,0.82453436394114354,100,2.3535328178963542,2.750095675670686,100,1
corrected_pos_dep_complete,4a368dd7da93,3f00ff4e1e5c,"[""DEP_complete_advcl_rate_baixo"", ""POS_ADJ_rate_baixo""]","[""DEP_complete_amod_rate_baixo""]","[""DEP_complete_advcl_rate_baixo"", ""DEP_complete_amod_rate_baixo"", ""POS_ADJ_rate_baixo""]",443,711,1090,0.1025462962962963,0.16458333333333333,0.25231481481481483,0.62306610407876228,2.4693996051561955,0.32621502209131076,True,147,229,349,0.10208333333333333,0.15902777777777777,0.24236111111111111,0.64192139737991272,2.6486155078139664,0.34106728538283065,True,170,257,363,0.11805555555555555,0.17847222222222223,0.25208333333333333,0.66147859922178986,2.6240473357558609,0.37777777777777777,True,0.61167080654587969,0.71064049586776856,100,2.4440032788541974,2.8619258772795098,100,1
corrected_pos_dep_complete,6b4e88a1a688,d6fbfa466360,"[""POS_ADJ_rate_baixo""]","[""DEP_complete_amod_rate_baixo""]","[""DEP_complete_amod_rate_baixo"", ""POS_ADJ_rate_baixo""]",692,1128,1090,0.16018518518518518,0.26111111111111113,0.25231481481481483,0.61347517730496459,2.4313878586765565,0.45347313237221493,True,240,379,349,0.16666666666666666,0.26319444444444445,0.24236111111111111,0.63324538258575203,2.6128176244225871,0.49180327868852458,True,256,408,363,0.17777777777777778,0.28333333333333333,0.25208333333333333,0.62745098039215685,2.4890617403986388,0.49708737864077668,True,0.57324124396135268,0.6695719714707683,100,2.3400328982041168,2.6604278363513263,100,1
corrected_pos_dep_complete,f0e5fd666c3c,d6fbfa466360,"[""DEP_complete_amod_rate_baixo""]","[""POS_ADJ_rate_baixo""]","[""DEP_complete_amod_rate_baixo"", ""POS_ADJ_rate_baixo""]",692,1090,1128,0.16018518518518518,0.25231481481481483,0.26111111111111113,0.63486238532110095,2.4313878586765565,0.45347313237221493,True,240,349,379,0.16666666666666666,0.24236111111111111,0.26319444444444445,0.68767908309455583,2.6128176244225871,0.49180327868852458,True,256,363,408,0.17777777777777778,0.25208333333333333,0.28333333333333333,0.70523415977961434,2.4890617403986388,0.49708737864077668,True,0.65841216045323481,0.74583968911164378,100,2.3400328982041168,2.6604278363513263,100,1
corrected_pos_dep_complete,28e765366809,42af3e872bff,"[""DEP_complete_advcl_rate_baixo"", ""POS_ADV_rate_baixo""]","[""DEP_complete_advmod_rate_baixo""]","[""DEP_complete_advcl_rate_baixo"", ""DEP_complete_advmod_rate_baixo"", ""POS_ADV_rate_baixo""]",845,864,1744,0.19560185185185186,0.20000000000000001,0.40370370370370373,0.9780092592592593,2.4225917431192658,0.47929665343165062,True,295,302,571,0.2048611111111111,0.20972222222222223,0.39652777777777776,0.97682119205298013,2.4634369817097923,0.51038062283737029,True,274,281,572,0.19027777777777777,0.19513888888888889,0.3972222222222222,0.97508896797153022,2.454769429858398,0.47322970639032813,True,0.94842874649859943,0.99473167069269441,100,2.3091542868070829,2.643676957313188,100,1
corrected_pos_dep_complete,8ad14f0a9255,66da8bd24b0a,"[""DEP_complete_advmod_rate_baixo"", ""uppercaseRatio_alto""]","[""POS_ADV_rate_baixo""]","[""DEP_complete_advmod_rate_baixo"", ""POS_ADV_rate_baixo"", ""uppercaseRatio_alto""]",359,503,1278,0.083101851851851857,0.11643518518518518,0.29583333333333334,0.71371769383697814,2.4125668524066866,0.25246132208157523,True,108,143,443,0.074999999999999997,0.09930555555555555,0.30763888888888891,0.75524475524475521,2.4549716649039448,0.22594142259414227,False,132,179,434,0.09166666666666666,0.12430555555555556,0.30138888888888887,0.73743016759776536,2.4467729063151662,0.27442827442827444,True,0.67691603535353539,0.79893258426966285,100,2.2107114535952697,2.6763052030514127,100,0.91000000000000003
corrected_pos_dep_complete,7ecbee81e520,432397db65dd,"[""DEP_complete_advmod_rate_baixo"", ""POS_PRON_rate_baixo""]","[""POS_ADV_rate_baixo""]","[""DEP_complete_advmod_rate_baixo"", ""POS_ADV_rate_baixo"", ""POS_PRON_rate_baixo""]",483,679,1278,0.11180555555555556,0.15717592592592591,0.29583333333333334,0.71134020618556704,2.4045302744300856,0.32767978290366351,True,145,187,443,0.10069444444444445,0.12986111111111112,0.30763888888888891,0.77540106951871657,2.5204910611895075,0.29896907216494845,True,169,218,434,0.11736111111111111,0.15138888888888888,0.30138888888888887,0.77522935779816515,2.5721895742611931,0.34989648033126292,True,0.72297619047619044,0.82756768852092188,100,2.3392723110815741,2.7984781635654454,100,1
corrected_pos_dep_complete,0188b93c3da2,54483f415ed6,"[""DEP_complete_ccomp_rate_baixo"", ""POS_ADV_rate_baixo""]","[""DEP_complete_advmod_rate_baixo""]","[""DEP_complete_advmod_rate_baixo"", ""DEP_complete_ccomp_rate_baixo"", ""POS_ADV_rate_baixo""]",794,820,1744,0.18379629629629629,0.18981481481481483,0.40370370370370373,0.96829268292682924,2.3985231595435219,0.44858757062146892,True,271,283,571,0.18819444444444444,0.19652777777777777,0.39652777777777776,0.95759717314487636,2.4149560933951348,0.46483704974271012,True,275,284,572,0.19097222222222221,0.19722222222222222,0.3972222222222222,0.96830985915492962,2.4377031419284942,0.47332185886402756,True,0.94679583764949615,0.98822520761525823,100,2.2944180695653764,2.5930888431490069,100,1
corrected_pos_dep_complete,4c8747e58bd3,fbe65fdd4c47,"[""DEP_complete_amod_rate_baixo"", ""DEP_complete_ccomp_rate_baixo""]","[""POS_ADJ_rate_baixo""]","[""DEP_complete_amod_rate_baixo"", ""DEP_complete_ccomp_rate_baixo"", ""POS_ADJ_rate_baixo""]",433,694,1128,0.10023148148148148,0.16064814814814815,0.26111111111111113,0.62391930835734866,2.3894782022196335,0.31173506119510441,True,143,218,379,0.09930555555555555,0.15138888888888888,0.26319444444444445,0.65596330275229353,2.4923143956815377,0.31497797356828194,True,163,222,408,0.11319444444444444,0.15416666666666667,0.28333333333333333,0.73423423423423428,2.5914149443561207,0.34903640256959317,True,0.68160061783683989,0.77914548064844169,100,2.3898354396284271,2.8280335580039444,100,1
corrected_pos_dep_complete,6490c35101fc,f4d7d942f5b9,"[""POS_ADV_rate_baixo"", ""POS_NOUN_rate_alto""]","[""DEP_complete_advmod_rate_baixo""]","[""DEP_complete_advmod_rate_baixo"", ""POS_ADV_rate_baixo"", ""POS_NOUN_rate_alto""]",394,409,1744,0.091203703703703703,0.094675925925925927,0.40370370370370373,0.96332518337408313,2.386218344137637,0.22399090392268334,True,115,120,571,0.079861111111111105,0.083333333333333329,0.39652777777777776,0.95833333333333337,2.416812609457093,0.19965277777777779,False,141,148,572,0.097916666666666666,0.10277777777777777,0.3972222222222222,0.95270270270270274,2.3984123984123986,0.24352331606217617,True,0.92011656441717793,0.98738356818724626,100,2.2598567854369769,2.5523601290045796,100,1
corrected_pos_dep_complete,f96a83c59f01,5b2d95cb7042,"[""POS_ADV_rate_baixo"", ""diversidade_baixo""]","[""DEP_complete_advmod_rate_baixo""]","[""DEP_complete_advmod_rate_baixo"", ""POS_ADV_rate_baixo"", ""diversidade_baixo""]",362,378,1744,0.083796296296296299,0.087499999999999994,0.40370370370370373,0.95767195767195767,2.3722149410222806,0.20568181818181819,True,122,125,571,0.084722222222222227,0.086805555555555552,0.39652777777777776,0.97599999999999998,2.4613660245183886,0.21254355400696864,True,119,127,572,0.082638888888888887,0.08819444444444445,0.3972222222222222,0.93700787401574803,2.3589009415781068,0.20517241379310344,True,0.89425898995240616,0.97693674484719262,100,2.2142429900784064,2.5158303412774092,100,0.70999999999999996
corrected_pos_dep_complete,21b5fe3df3c8,3f00ff4e1e5c,"[""DEP_complete_advcl_rate_baixo"", ""DEP_complete_amod_rate_baixo""]","[""POS_ADJ_rate_baixo""]","[""DEP_complete_advcl_rate_baixo"", ""DEP_complete_amod_rate_baixo"", ""POS_ADJ_rate_baixo""]",443,716,1128,0.1025462962962963,0.16574074074074074,0.26111111111111113,0.61871508379888274,2.3695471294425294,0.31620271234832265,True,147,229,379,0.10208333333333333,0.15902777777777777,0.26319444444444445,0.64192139737991272,2.4389625652429401,0.31887201735357917,True,170,231,408,0.11805555555555555,0.16041666666666668,0.28333333333333333,0.73593073593073588,2.5974025974025974,0.36247334754797439,True,0.68125130652916166,0.78640926804473055,100,2.420601519256719,2.8378185282210051,100,1
corrected_pos_dep_complete,8cc2971bb606,66da8bd24b0a,"[""POS_ADV_rate_baixo"", ""uppercaseRatio_alto""]","[""DEP_complete_advmod_rate_baixo""]","[""DEP_complete_advmod_rate_baixo"", ""POS_ADV_rate_baixo"", ""uppercaseRatio_alto""]",359,376,1744,0.083101851851851857,0.087037037037037038,0.40370370370370373,0.95478723404255317,2.3650692953347647,0.20386144236229414,True,108,118,571,0.074999999999999997,0.081944444444444445,0.39652777777777776,0.9152542372881356,2.3081718068212176,0.18588640275387264,False,132,139,572,0.09166666666666666,0.096527777777777782,0.3972222222222222,0.94964028776978415,2.3907028223574986,0.22797927461139897,True,0.90568181818181814,0.98033977448786369,100,2.2413950221183545,2.5449745608318013,100,0.91000000000000003
corrected_pos_dep_complete,336d08903261,713e579fa07e,"[""DEP_complete_advmod_rate_baixo"", ""POS_VERB_rate_baixo""]","[""POS_ADV_rate_baixo""]","[""DEP_complete_advmod_rate_baixo"", ""POS_ADV_rate_baixo"", ""POS_VERB_rate_baixo""]",357,511,1278,0.082638888888888887,0.11828703703703704,0.29583333333333334,0.69863013698630139,2.3615666602353849,0.24930167597765363,True,108,144,443,0.074999999999999997,0.10000000000000001,0.30763888888888891,0.75,2.4379232505643342,0.22546972860125261,False,122,164,434,0.084722222222222227,0.11388888888888889,0.30138888888888887,0.74390243902439024,2.4682477239518938,0.25630252100840334,True,0.68638808500686954,0.8116216715976331,100,2.2714495825008889,2.7667600664176004,100,0.82999999999999996
corrected_pos_dep_complete,f180989978fc,432397db65dd,"[""POS_ADV_rate_baixo"", ""POS_PRON_rate_baixo""]","[""DEP_complete_advmod_rate_baixo""]","[""DEP_complete_advmod_rate_baixo"", ""POS_ADV_rate_baixo"", ""POS_PRON_rate_baixo""]",483,511,1744,0.11180555555555556,0.11828703703703704,0.40370370370370373,0.9452054794520548,2.3413346738720624,0.27257336343115124,True,145,155,571,0.10069444444444445,0.1076388888888889,0.39652777777777776,0.93548387096774188,2.3591887463985084,0.24956970740103271,True,169,172,572,0.11736111111111111,0.11944444444444445,0.3972222222222222,0.98255813953488369,2.4735729386892178,0.29391304347826086,True,0.96759668508287289,1,100,2.3495522500163846,2.6434332221388006,100,1
corrected_pos_dep_complete,27aae3df2bcf,42af3e872bff,"[""DEP_complete_advcl_rate_baixo"", ""DEP_complete_advmod_rate_baixo""]","[""POS_ADV_rate_baixo""]","[""DEP_complete_advcl_rate_baixo"", ""DEP_complete_advmod_rate_baixo"", ""POS_ADV_rate_baixo""]",845,1220,1278,0.19560185185185186,0.28240740740740738,0.29583333333333334,0.69262295081967218,2.3412606788270609,0.5111917725347852,True,295,404,443,0.2048611111111111,0.28055555555555556,0.30763888888888891,0.73019801980198018,2.3735556399883779,0.53442028985507251,True,274,386,434,0.19027777777777777,0.26805555555555555,0.30138888888888887,0.7098445595854922,2.3552446216661491,0.50183150183150182,True,0.67978294573643416,0.75064655172413797,100,2.2199685785582259,2.5218354053216649,100,1
corrected_pos_dep_complete,c844c1179639,42af3e872bff,"[""POS_ADV_rate_baixo""]","[""DEP_complete_advcl_rate_baixo"", ""DEP_complete_advmod_rate_baixo""]","[""DEP_complete_advcl_rate_baixo"", ""DEP_complete_advmod_rate_baixo"", ""POS_ADV_rate_baixo""]",845,1278,1220,0.19560185185185186,0.29583333333333334,0.28240740740740738,0.66118935837245696,2.3412606788270609,0.5111917725347852,True,295,443,404,0.2048611111111111,0.30763888888888891,0.28055555555555556,0.6659142212189616,2.3735556399883779,0.53442028985507251,True,274,434,386,0.19027777777777777,0.30138888888888887,0.26805555555555555,0.63133640552995396,2.3552446216661491,0.50183150183150182,True,0.58610784762486012,0.67950505077787382,100,2.2199685785582259,2.5218354053216649,100,1
corrected_pos_dep_complete,94a0c9d3b3e8,9b67e91ef8ab,"[""POS_ADV_rate_baixo"", ""punctuationDensity_spacy_baixo""]","[""DEP_complete_advmod_rate_baixo""]","[""DEP_complete_advmod_rate_baixo"", ""POS_ADV_rate_baixo"", ""punctuationDensity_spacy_baixo""]",353,374,1744,0.081712962962962959,0.086574074074074067,0.40370370370370373,0.94385026737967914,2.33797772653682,0.20000000000000001,True,106,120,571,0.073611111111111113,0.083333333333333329,0.39652777777777776,0.8833333333333333,2.2276707530647988,0.18119658119658119,False,108,119,572,0.074999999999999997,0.082638888888888887,0.3972222222222222,0.90756302521008403,2.2847740494799318,0.18524871355060035,False,0.84596503831417624,0.95762140287769792,100,2.118305118416441,2.4349235035868886,100,0.20999999999999999
corrected_pos_dep_complete,8a6ff3cd0d60,9799f1017519,"[""POS_ADV_rate_baixo""]","[""DEP_complete_advmod_rate_baixo""]","[""DEP_complete_advmod_rate_baixo"", ""POS_ADV_rate_baixo""]",1202,1278,1744,0.27824074074074073,0.29583333333333334,0.40370370370370373,0.94053208137715183,2.3297583667140458,0.66043956043956042,True,412,443,571,0.28611111111111109,0.30763888888888891,0.39652777777777776,0.93002257336343119,2.3454159468359737,0.68438538205980071,True,408,434,572,0.28333333333333333,0.30138888888888887,0.3972222222222222,0.94009216589861755,2.3666655924720441,0.68227424749163879,True,0.91851826030697836,0.96435317008352317,100,2.2401889169360532,2.5146309266075479,100,1
corrected_pos_dep_complete,6d5e756b10ee,9799f1017519,"[""DEP_complete_advmod_rate_baixo""]","[""POS_ADV_rate_baixo""]","[""DEP_complete_advmod_rate_baixo"", ""POS_ADV_rate_baixo""]",1202,1744,1278,0.27824074074074073,0.40370370370370373,0.29583333333333334,0.68922018348623848,2.3297583667140458,0.66043956043956042,True,412,571,443,0.28611111111111109,0.39652777777777776,0.30763888888888891,0.72154115586690015,2.3454159468359737,0.68438538205980071,True,408,572,434,0.28333333333333333,0.3972222222222222,0.30138888888888887,0.71328671328671334,2.3666655924720441,0.68227424749163879,True,0.69006369927650202,0.74708580876984521,100,2.2401889169360532,2.5146309266075479,100,1
corrected_pos_dep_complete,68d8821cbe7c,caf9746e4703,"[""POS_ADV_rate_baixo"", ""uppercaseRatio_baixo""]","[""DEP_complete_advmod_rate_baixo""]","[""DEP_complete_advmod_rate_baixo"", ""POS_ADV_rate_baixo"", ""uppercaseRatio_baixo""]",453,484,1744,0.10486111111111111,0.11203703703703703,0.40370370370370373,0.93595041322314054,2.3184092804609904,0.25521126760563378,True,170,183,571,0.11805555555555555,0.12708333333333333,0.39652777777777776,0.92896174863387981,2.3427406620539175,0.2910958904109589,True,150,163,572,0.10416666666666667,0.11319444444444444,0.3972222222222222,0.92024539877300615,2.3167017032047705,0.25641025641025639,True,0.87331730769230775,0.96242251718097283,100,2.139582874752366,2.5192851264275085,100,1
corrected_pos_dep_complete,8b08b799cf35,9b67e91ef8ab,"[""DEP_complete_advmod_rate_baixo"", ""punctuationDensity_spacy_baixo""]","[""POS_ADV_rate_baixo""]","[""DEP_complete_advmod_rate_baixo"", ""POS_ADV_rate_baixo"", ""punctuationDensity_spacy_baixo""]",353,518,1278,0.081712962962962959,0.11990740740740741,0.29583333333333334,0.68146718146718144,2.3035510359454023,0.24462924462924462,True,106,145,443,0.073611111111111113,0.10069444444444445,0.30763888888888891,0.73103448275862071,2.3762746166420174,0.21991701244813278,False,108,153,434,0.074999999999999997,0.10625,0.30138888888888887,0.70588235294117652,2.3420981295744103,0.22546972860125261,False,0.64193847197578546,0.76534743991640541,100,2.1037969830992655,2.5636641989916225,100,0.20999999999999999
corrected_pos_dep_complete,db2a08de416e,b4538c62c388,"[""POS_ADV_rate_baixo"", ""POS_PROPN_rate_alto""]","[""DEP_complete_advmod_rate_baixo""]","[""DEP_complete_advmod_rate_baixo"", ""POS_ADV_rate_baixo"", ""POS_PROPN_rate_alto""]",430,468,1744,0.099537037037037035,0.10833333333333334,0.40370370370370373,0.91880341880341876,2.2759350741002118,0.24130190796857465,True,150,165,571,0.10416666666666667,0.11458333333333333,0.39652777777777776,0.90909090909090906,2.2926285623308389,0.25597269624573377,True,147,156,572,0.10208333333333333,0.10833333333333334,0.3972222222222222,0.94230769230769229,2.3722431414739109,0.25301204819277107,True,0.90691779909405812,0.97457720390851488,100,2.2160342619198263,2.5655901486394126,100,1
corrected_pos_dep_complete,a4eba1b783b0,caf9746e4703,"[""DEP_complete_advmod_rate_baixo"", ""uppercaseRatio_baixo""]","[""POS_ADV_rate_baixo""]","[""DEP_complete_advmod_rate_baixo"", ""POS_ADV_rate_baixo"", ""uppercaseRatio_baixo""]",453,676,1278,0.10486111111111111,0.15648148148148147,0.29583333333333334,0.67011834319526631,2.2651887657304774,0.30179880079946703,True,170,239,443,0.11805555555555555,0.16597222222222222,0.30763888888888891,0.71129707112970708,2.3121168903539013,0.33203125,True,150,219,434,0.10416666666666667,0.15208333333333332,0.30138888888888887,0.68493150684931503,2.2725838015276811,0.29821073558648109,True,0.63890381575976518,0.75307791648730094,100,2.094903993834603,2.4603684076451695,100,1
corrected_pos_dep_complete,4f4f9162b6e0,713e579fa07e,"[""POS_ADV_rate_baixo"", ""POS_VERB_rate_baixo""]","[""DEP_complete_advmod_rate_baixo""]","[""DEP_complete_advmod_rate_baixo"", ""POS_ADV_rate_baixo"", ""POS_VERB_rate_baixo""]",357,397,1744,0.082638888888888887,0.091898148148148145,0.40370370370370373,0.89924433249370272,2.2274859612229334,0.20011210762331838,True,108,123,571,0.074999999999999997,0.085416666666666669,0.39652777777777776,0.87804878048780488,2.2143436845927127,0.18430034129692832,False,122,128,572,0.084722222222222227,0.088888888888888892,0.3972222222222222,0.953125,2.3994755244755246,0.21107266435986158,True,0.92407116692830982,0.98775398230088485,100,2.2357042348401976,2.5637325515548079,100,0.82999999999999996
corrected_pos_dep_complete,dd8daeeb9161,54483f415ed6,"[""DEP_complete_advmod_rate_baixo"", ""DEP_complete_ccomp_rate_baixo""]","[""POS_ADV_rate_baixo""]","[""DEP_complete_advmod_rate_baixo"", ""DEP_complete_ccomp_rate_baixo"", ""POS_ADV_rate_baixo""]",794,1211,1278,0.18379629629629629,0.28032407407407406,0.29583333333333334,0.65565648224607764,2.2163036019585722,0.46843657817109147,True,271,387,443,0.18819444444444444,0.26874999999999999,0.30763888888888891,0.70025839793281652,2.2762349729644602,0.48479427549194992,True,275,393,434,0.19097222222222221,0.27291666666666664,0.30138888888888887,0.69974554707379133,2.3217363773876949,0.49818840579710144,True,0.65606494718684283,0.73956397016637976,100,2.1357223100264306,2.4749702938800069,100,1
corrected_pos_dep_complete,0202ceddbc66,54483f415ed6,"[""POS_ADV_rate_baixo""]","[""DEP_complete_advmod_rate_baixo"", ""DEP_complete_ccomp_rate_baixo""]","[""DEP_complete_advmod_rate_baixo"", ""DEP_complete_ccomp_rate_baixo"", ""POS_ADV_rate_baixo""]",794,1278,1211,0.18379629629629629,0.29583333333333334,0.28032407407407406,0.62128325508607196,2.2163036019585722,0.46843657817109147,True,271,443,387,0.18819444444444444,0.30763888888888891,0.26874999999999999,0.61173814898419865,2.2762349729644602,0.48479427549194992,True,275,434,393,0.19097222222222221,0.30138888888888887,0.27291666666666664,0.63364055299539168,2.3217363773876949,0.49818840579710144,True,0.59499783067984613,0.67646207025411054,100,2.1357223100264306,2.4749702938800069,100,1
corrected_pos_dep_complete,cd52a0e7dc43,2c1b89a531c7,"[""DEP_complete_ccomp_rate_baixo"", ""POS_PROPN_rate_baixo""]","[""POS_NOUN_rate_alto""]","[""DEP_complete_ccomp_rate_baixo"", ""POS_NOUN_rate_alto"", ""POS_PROPN_rate_baixo""]",400,716,1092,0.092592592592592587,0.16574074074074074,0.25277777777777777,0.55865921787709494,2.2100804223709249,0.28409090909090912,True,128,244,333,0.088888888888888892,0.16944444444444445,0.23125000000000001,0.52459016393442626,2.2684980062029241,0.28507795100222716,True,112,231,357,0.077777777777777779,0.16041666666666668,0.24791666666666667,0.48484848484848486,1.9556913674560734,0.23529411764705882,False,0.42181676449009536,0.54552397836753697,100,1.7125164688636194,2.1908345102028397,100,0.20000000000000001
corrected_pos_dep_complete,9c44989c1357,1fd456a08560,"[""DEP_complete_ccomp_rate_baixo"", ""POS_NOUN_rate_baixo""]","[""POS_PROPN_rate_alto""]","[""DEP_complete_ccomp_rate_baixo"", ""POS_NOUN_rate_baixo"", ""POS_PROPN_rate_alto""]",347,642,1082,0.080324074074074076,0.14861111111111111,0.25046296296296294,0.54049844236760125,2.1579974778447664,0.25199709513435004,True,98,207,362,0.06805555555555555,0.14374999999999999,0.25138888888888888,0.47342995169082125,1.8832572663944271,0.20806794055201699,False,112,213,362,0.077777777777777779,0.14791666666666667,0.25138888888888888,0.5258215962441315,2.0916660182086999,0.24190064794816415,False,0.44551991929050727,0.57821656812451083,100,1.825390999324465,2.3296999623679753,100,0.29999999999999999
corrected_pos_dep_complete,0d6db68b5807,192428b35c3b,"[""DEP_complete_advcl_rate_baixo"", ""POS_PROPN_rate_baixo""]","[""POS_NOUN_rate_alto""]","[""DEP_complete_advcl_rate_baixo"", ""POS_NOUN_rate_alto"", ""POS_PROPN_rate_baixo""]",349,646,1092,0.080787037037037032,0.14953703703703702,0.25277777777777777,0.54024767801857587,2.1372435613921681,0.25125989920806335,True,128,230,333,0.088888888888888892,0.15972222222222221,0.23125000000000001,0.55652173913043479,2.4065804935370152,0.29425287356321839,True,95,206,357,0.065972222222222224,0.14305555555555555,0.24791666666666667,0.46116504854368934,1.860161540344293,0.20299145299145299,False,0.39598086124401916,0.52978731815306757,100,1.6125609148864963,2.0953797292506966,100,0.01
corrected_pos_dep_complete,0d9cb1febcce,2c1b89a531c7,"[""DEP_complete_ccomp_rate_baixo"", ""POS_NOUN_rate_alto""]","[""POS_PROPN_rate_baixo""]","[""DEP_complete_ccomp_rate_baixo"", ""POS_NOUN_rate_alto"", ""POS_PROPN_rate_baixo""]",400,772,1088,0.092592592592592587,0.1787037037037037,0.25185185185185183,0.51813471502590669,2.0572996037793354,0.27397260273972601,True,128,247,359,0.088888888888888892,0.17152777777777778,0.24930555555555556,0.51821862348178138,2.0786485175870895,0.26778242677824265,True,112,253,344,0.077777777777777779,0.17569444444444443,0.2388888888888889,0.44268774703557312,1.8531114992186781,0.2309278350515464,False,0.37615515564202334,0.49613620729190544,100,1.6288977668008995,2.059415190202909,100,0.029999999999999999
corrected_pos_dep_complete,1a7ef3000b3a,3827d0dd8fe9,"[""POS_PROPN_rate_baixo""]","[""POS_NOUN_rate_alto""]","[""POS_NOUN_rate_alto"", ""POS_PROPN_rate_baixo""]",556,1088,1092,0.12870370370370371,0.25185185185185183,0.25277777777777777,0.51102941176470584,2.0216548157724628,0.34236453201970446,True,173,359,333,0.12013888888888889,0.24930555555555556,0.23125000000000001,0.48189415041782729,2.0838665964014154,0.33333333333333331,False,159,344,357,0.11041666666666666,0.2388888888888889,0.24791666666666667,0.46220930232558138,1.8643736564393198,0.29335793357933582,False,0.40315692181295359,0.50747036859413541,100,1.7117239325376461,2.0437424500603996,100,0.050000000000000003
corrected_pos_dep_complete,f5e829055ee4,3827d0dd8fe9,"[""POS_NOUN_rate_alto""]","[""POS_PROPN_rate_baixo""]","[""POS_NOUN_rate_alto"", ""POS_PROPN_rate_baixo""]",556,1092,1088,0.12870370370370371,0.25277777777777777,0.25185185185185183,0.50915750915750912,2.0216548157724628,0.34236453201970446,True,173,333,359,0.12013888888888889,0.23125000000000001,0.24930555555555556,0.51951951951951947,2.0838665964014154,0.33333333333333331,True,159,357,344,0.11041666666666666,0.24791666666666667,0.2388888888888889,0.44537815126050423,1.8643736564393198,0.29335793357933582,False,0.39349455040871933,0.4917818861466402,100,1.7117239325376461,2.0437424500603996,100,0
corrected_pos_dep_complete,4c2d6bec5732,23e40fe6924d,"[""POS_PROPN_rate_baixo"", ""uppercaseRatio_baixo""]","[""POS_NOUN_rate_alto""]","[""POS_NOUN_rate_alto"", ""POS_PROPN_rate_baixo"", ""uppercaseRatio_baixo""]",363,713,1092,0.084027777777777785,0.1650462962962963,0.25277777777777777,0.50911640953716686,2.0140868948723085,0.25173370319001387,True,115,227,333,0.079861111111111105,0.15763888888888888,0.23125000000000001,0.50660792951541855,2.1907369924991071,0.25842696629213485,False,112,237,357,0.077777777777777779,0.16458333333333333,0.24791666666666667,0.47257383966244726,1.906180193596426,0.23236514522821577,False,0.405391064727955,0.52219085705324242,100,1.7317401023847732,2.1048500071681921,100,0.12
corrected_pos_dep_complete,388b557e547c,5168d659e546,"[""DEP_complete_ccomp_rate_baixo"", ""DEP_complete_obj_rate_baixo""]","[""POS_VERB_rate_baixo""]","[""DEP_complete_ccomp_rate_baixo"", ""DEP_complete_obj_rate_baixo"", ""POS_VERB_rate_baixo""]",379,730,1132,0.08773148148148148,0.16898148148148148,0.26203703703703701,0.51917808219178085,1.9813156493537925,0.25556304787592715,True,141,243,352,0.097916666666666666,0.16875000000000001,0.24444444444444444,0.58024691358024694,2.3737373737373737,0.31057268722466963,True,115,231,350,0.079861111111111105,0.16041666666666668,0.24305555555555555,0.49783549783549785,2.0482374768089056,0.24678111587982832,False,0.44557650134952764,0.57361904213677173,100,1.7916751876167649,2.3280535184872324,100,0.35999999999999999
corrected_pos_dep_complete,5df2b1b667ba,5f5ef14a62db,"[""DEP_complete_ccomp_rate_baixo"", ""POS_PROPN_rate_baixo""]","[""uppercaseRatio_baixo""]","[""DEP_complete_ccomp_rate_baixo"", ""POS_PROPN_rate_baixo"", ""uppercaseRatio_baixo""]",470,716,1882,0.10879629629629629,0.16574074074074074,0.43564814814814817,0.65642458100558654,1.5067769340829618,0.22086466165413535,True,157,244,645,0.10902777777777778,0.16944444444444445,0.44791666666666669,0.64344262295081966,1.4365230651925276,0.21448087431693988,True,164,231,629,0.11388888888888889,0.16041666666666668,0.43680555555555556,0.70995670995671001,1.6253380959263313,0.23563218390804597,True,0.65760188087774296,0.76448436085344806,100,1.5065322067181999,1.757357374223403,100,1
corrected_pos_dep_complete,58f2585b6892,955c07a3d79c,"[""POS_PROPN_rate_baixo""]","[""uppercaseRatio_baixo""]","[""POS_PROPN_rate_baixo"", ""uppercaseRatio_baixo""]",713,1088,1882,0.1650462962962963,0.25185185185185183,0.43564814814814817,0.65533088235294112,1.5042664249546791,0.31590607000443066,True,227,359,645,0.15763888888888888,0.24930555555555556,0.44791666666666669,0.63231197771587744,1.4116732525749822,0.29214929214929214,True,237,344,629,0.16458333333333333,0.2388888888888889,0.43680555555555556,0.68895348837209303,1.5772544089917551,0.32201086956521741,True,0.6430555555555556,0.73242052250550826,100,1.4784081603222592,1.6819384511174147,100,1
corrected_pos_dep_complete,3576611920a8,e620b1f73e61,"[""POS_VERB_rate_baixo""]","[""DEP_complete_advcl_rate_baixo"", ""DEP_complete_ccomp_rate_baixo""]","[""DEP_complete_advcl_rate_baixo"", ""DEP_complete_ccomp_rate_baixo"", ""POS_VERB_rate_baixo""]",725,1132,1845,0.16782407407407407,0.26203703703703701,0.42708333333333331,0.64045936395759717,1.4996121692665689,0.3219360568383659,True,225,352,625,0.15625,0.24444444444444444,0.43402777777777779,0.63920454545454541,1.4727272727272727,0.29920212765957449,True,232,350,609,0.16111111111111112,0.24305555555555555,0.42291666666666666,0.66285714285714281,1.5673469387755101,0.31911966987620355,True,0.62491728701406124,0.70782549885459367,100,1.4527465613194446,1.6660520960851388,100,1
corrected_pos_dep_complete,d22dba7f65e2,23e40fe6924d,"[""POS_NOUN_rate_alto"", ""POS_PROPN_rate_baixo""]","[""uppercaseRatio_baixo""]","[""POS_NOUN_rate_alto"", ""POS_PROPN_rate_baixo"", ""uppercaseRatio_baixo""]",363,556,1882,0.084027777777777785,0.12870370370370371,0.43564814814814817,0.65287769784172667,1.4986353106675128,0.17493975903614459,True,115,173,645,0.079861111111111105,0.12013888888888889,0.44791666666666669,0.66473988439306353,1.4840704395752118,0.16358463726884778,False,112,159,629,0.077777777777777779,0.11041666666666666,0.43680555555555556,0.70440251572327039,1.6126226115127336,0.16568047337278108,False,0.64962614308768152,0.77578616352201257,100,1.4694385616163432,1.7846537137906935,100,0.35999999999999999
corrected_pos_dep_complete,1318195231d0,ea1a63771872,"[""DEP_complete_advcl_rate_baixo"", ""POS_PROPN_rate_baixo""]","[""uppercaseRatio_baixo""]","[""DEP_complete_advcl_rate_baixo"", ""POS_PROPN_rate_baixo"", ""uppercaseRatio_baixo""]",410,646,1882,0.094907407407407413,0.14953703703703702,0.43564814814814817,0.6346749226006192,1.4568521071385094,0.19357884796978281,True,144,230,645,0.10000000000000001,0.15972222222222221,0.44791666666666669,0.62608695652173918,1.3977755308392315,0.19699042407660738,True,145,206,629,0.10069444444444445,0.14305555555555555,0.43680555555555556,0.70388349514563109,1.6114343927022396,0.21014492753623187,True,0.64509137769447056,0.75791461122856463,100,1.4612444626759622,1.7687449876304033,100,0.98999999999999999
corrected_pos_dep_complete,289d0411178f,b1134acc38e7,"[""DEP_complete_nsubj_rate_baixo"", ""POS_VERB_rate_baixo""]","[""DEP_complete_ccomp_rate_baixo""]","[""DEP_complete_ccomp_rate_baixo"", ""DEP_complete_nsubj_rate_baixo"", ""POS_VERB_rate_baixo""]",404,440,2759,0.093518518518518515,0.10185185185185185,0.6386574074074074,0.91818181818181821,1.4376750469537711,0.14454382826475851,True,128,140,919,0.088888888888888892,0.097222222222222224,0.6381944444444444,0.91428571428571426,1.4326130887610757,0.13748657357679914,True,135,147,920,0.09375,0.10208333333333333,0.63888888888888884,0.91836734693877553,1.4374445430346052,0.14484978540772533,True,0.87635620684796389,0.96262230919765157,100,1.3460002512064022,1.5133828247112511,100,0.97999999999999998
corrected_pos_dep_complete,e8649812878d,adc7186f6426,"[""DEP_complete_ccomp_rate_baixo"", ""POS_PROPN_rate_alto""]","[""DEP_complete_advmod_rate_baixo""]","[""DEP_complete_advmod_rate_baixo"", ""DEP_complete_ccomp_rate_baixo"", ""POS_PROPN_rate_alto""]",406,725,1744,0.093981481481481485,0.16782407407407407,0.40370370370370373,0.56000000000000005,1.3871559633027524,0.19680077556955888,True,125,229,571,0.086805555555555552,0.15902777777777777,0.39652777777777776,0.54585152838427953,1.3765782852423161,0.18518518518518517,True,137,236,572,0.095138888888888884,0.16388888888888889,0.3972222222222222,0.58050847457627119,1.4614199359962072,0.20417287630402384,True,0.52211124167645906,0.63911696962151388,100,1.3318918780043791,1.6117867265148556,100,0.97999999999999998
corrected_pos_dep_complete,ee788efc87e0,d73694a18749,"[""DEP_complete_advcl_rate_baixo"", ""POS_PROPN_rate_alto""]","[""DEP_complete_advmod_rate_baixo""]","[""DEP_complete_advcl_rate_baixo"", ""DEP_complete_advmod_rate_baixo"", ""POS_PROPN_rate_alto""]",417,746,1744,0.096527777777777782,0.17268518518518519,0.40370370370370373,0.55898123324396787,1.3846324126226726,0.20115774240231549,True,135,244,571,0.09375,0.16944444444444445,0.39652777777777776,0.55327868852459017,1.3953087766644656,0.19852941176470587,True,141,256,572,0.097916666666666666,0.17777777777777778,0.3972222222222222,0.55078125,1.3865821678321679,0.20524017467248909,True,0.50398443468296406,0.61523580459132743,100,1.2773907923297918,1.5125520558467445,100,0.97999999999999998
corrected_pos_dep_complete,66936d02f809,62101ba3d6ae,"[""DEP_complete_advmod_rate_baixo"", ""POS_VERB_rate_baixo""]","[""DEP_complete_ccomp_rate_baixo""]","[""DEP_complete_advmod_rate_baixo"", ""DEP_complete_ccomp_rate_baixo"", ""POS_VERB_rate_baixo""]",444,511,2759,0.10277777777777777,0.11828703703703704,0.6386574074074074,0.86888454011741678,1.3604861229819647,0.15711252653927812,True,124,144,919,0.08611111111111111,0.10000000000000001,0.6381944444444444,0.86111111111111116,1.3492927094668117,0.13205537806176784,True,140,164,920,0.097222222222222224,0.11388888888888889,0.63888888888888884,0.85365853658536583,1.3361611876988335,0.14830508474576271,True,0.80580284517669865,0.90875893232450611,100,1.2485171476443857,1.4278521104332211,100,1
corrected_pos_dep_complete,d155d66d0689,ca0bbc0e00ab,"[""DEP_complete_obj_rate_baixo"", ""POS_VERB_rate_baixo""]","[""DEP_complete_advcl_rate_baixo""]","[""DEP_complete_advcl_rate_baixo"", ""DEP_complete_obj_rate_baixo"", ""POS_VERB_rate_baixo""]",411,477,2780,0.095138888888888884,0.11041666666666666,0.64351851851851849,0.86163522012578619,1.338943939188272,0.14441321152494729,True,151,178,939,0.10486111111111111,0.12361111111111112,0.65208333333333335,0.848314606741573,1.3009297483576838,0.15631469979296067,True,122,144,912,0.084722222222222227,0.10000000000000001,0.6333333333333333,0.84722222222222221,1.3377192982456141,0.13062098501070663,True,0.79237895493767974,0.891945205479452,100,1.2501874345796744,1.4037384703299836,100,0.72999999999999998
corrected_pos_dep_complete,dd22a4178d9a,9ea2847b0b1a,"[""DEP_complete_advmod_rate_baixo"", ""DEP_complete_nsubj_rate_baixo""]","[""DEP_complete_ccomp_rate_baixo""]","[""DEP_complete_advmod_rate_baixo"", ""DEP_complete_ccomp_rate_baixo"", ""DEP_complete_nsubj_rate_baixo""]",425,498,2759,0.098379629629629636,0.11527777777777778,0.6386574074074074,0.85341365461847385,1.3362620471010538,0.15007062146892655,True,128,151,919,0.088888888888888892,0.10486111111111111,0.6381944444444444,0.84768211920529801,1.328250545871196,0.13588110403397027,True,145,172,920,0.10069444444444445,0.11944444444444445,0.63888888888888884,0.84302325581395354,1.3195146612740141,0.15311510031678988,True,0.78863636363636358,0.89712383976551047,100,1.2233731894757807,1.3947170094082826,100,1
corrected_pos_dep_complete,58078f501ae2,26c16f09530e,"[""DEP_complete_ccomp_rate_baixo"", ""POS_NOUN_rate_alto""]","[""DEP_complete_advmod_rate_baixo""]","[""DEP_complete_advmod_rate_baixo"", ""DEP_complete_ccomp_rate_baixo"", ""POS_NOUN_rate_alto""]",413,772,1744,0.095601851851851855,0.1787037037037037,0.40370370370370373,0.53497409326424872,1.3251651851499739,0.19638611507370424,True,118,247,571,0.081944444444444445,0.17152777777777778,0.39652777777777776,0.47773279352226722,1.2047902323503761,0.16857142857142857,False,138,253,572,0.09583333333333334,0.17569444444444443,0.3972222222222222,0.54545454545454541,1.3731722822631913,0.20087336244541484,True,0.4922348484848485,0.60612203112203111,100,1.2726892150656819,1.5294176892115035,100,0.95999999999999996
corrected_pos_dep_complete,ba493ead10fc,498ec0efbf5a,"[""DEP_complete_nsubj_rate_baixo"", ""DEP_complete_obj_rate_baixo""]","[""DEP_complete_ccomp_rate_baixo""]","[""DEP_complete_ccomp_rate_baixo"", ""DEP_complete_nsubj_rate_baixo"", ""DEP_complete_obj_rate_baixo""]",362,429,2759,0.083796296296296299,0.09930555555555555,0.6386574074074074,0.84382284382284378,1.3212449022525137,0.12809624911535739,True,116,139,919,0.080555555555555561,0.096527777777777782,0.6381944444444444,0.83453237410071945,1.3076459398313776,0.12314225053078556,True,113,130,920,0.078472222222222221,0.090277777777777776,0.63888888888888884,0.86923076923076925,1.3605351170568563,0.12059765208110992,False,0.80435855263157896,0.93260875674460419,100,1.2464162442766418,1.4769071293548781,100,0.35999999999999999
corrected_pos_dep_complete,90e2d0fa2385,e2e477749904,"[""DEP_complete_ccomp_rate_baixo"", ""punctuationDensity_spacy_baixo""]","[""DEP_complete_advmod_rate_baixo""]","[""DEP_complete_advmod_rate_baixo"", ""DEP_complete_ccomp_rate_baixo"", ""punctuationDensity_spacy_baixo""]",368,696,1744,0.085185185185185183,0.16111111111111112,0.40370370370370373,0.52873563218390807,1.3097121164188548,0.17760617760617761,True,99,209,571,0.068750000000000006,0.1451388888888889,0.39652777777777776,0.47368421052631576,1.1945801456355425,0.14537444933920704,False,105,234,572,0.072916666666666671,0.16250000000000001,0.3972222222222222,0.44871794871794873,1.1296395911780528,0.14978601997146934,False,0.39956790123456792,0.50541963982330951,100,0.99744845926625014,1.2742145544823618,100,0.040000000000000001
corrected_pos_dep_complete,876e562ae5b3,ac4e3e930cbc,"[""DEP_complete_advmod_rate_baixo"", ""DEP_complete_obj_rate_baixo""]","[""DEP_complete_advcl_rate_baixo""]","[""DEP_complete_advcl_rate_baixo"", ""DEP_complete_advmod_rate_baixo"", ""DEP_complete_obj_rate_baixo""]",378,453,2780,0.087499999999999994,0.10486111111111111,0.64351851851851849,0.83443708609271527,1.2966792129210538,0.13239929947460596,True,124,149,939,0.08611111111111111,0.10347222222222222,0.65208333333333335,0.83221476510067116,1.2762398953620515,0.12863070539419086,True,105,136,912,0.072916666666666671,0.094444444444444442,0.6333333333333333,0.7720588235294118,1.2190402476780187,0.11134676564156946,False,0.70342596117244005,0.83389065817409769,100,1.1021862862015583,1.3249061929511048,100,0.19
corrected_pos_dep_complete,f531e9bc9352,29bec1fea9c7,"[""DEP_complete_advcl_rate_baixo"", ""DEP_complete_nsubj_rate_baixo""]","[""DEP_complete_ccomp_rate_baixo""]","[""DEP_complete_advcl_rate_baixo"", ""DEP_complete_ccomp_rate_baixo"", ""DEP_complete_nsubj_rate_baixo""]",592,716,2759,0.13703703703703704,0.16574074074074074,0.6386574074074074,0.82681564245810057,1.2946152864874934,0.20534165799514395,True,189,231,919,0.13125000000000001,0.16041666666666668,0.6381944444444444,0.81818181818181823,1.2820259174992581,0.19667013527575442,True,218,259,920,0.15138888888888888,0.17986111111111111,0.63888888888888884,0.84169884169884168,1.3174416652677523,0.22684703433922998,True,0.80424285714285715,0.88221361927061159,100,1.2410455473448003,1.3773021512682759,100,1
corrected_pos_dep_complete,77c2795fc58d,e620b1f73e61,"[""DEP_complete_advcl_rate_baixo"", ""POS_VERB_rate_baixo""]","[""DEP_complete_ccomp_rate_baixo""]","[""DEP_complete_advcl_rate_baixo"", ""DEP_complete_ccomp_rate_baixo"", ""POS_VERB_rate_baixo""]",725,877,2759,0.16782407407407407,0.20300925925925925,0.6386574074074074,0.82668187001140248,1.2944058276365562,0.24905530745448298,True,225,273,919,0.15625,0.18958333333333333,0.6381944444444444,0.82417582417582413,1.2914180487629889,0.23267838676318511,True,232,273,920,0.16111111111111112,0.18958333333333333,0.63888888888888884,0.8498168498168498,1.3301481127568084,0.24141519250780438,True,0.81556782314550513,0.89081387265194933,100,1.2699772790010808,1.3894337500730172,100,1
corrected_pos_dep_complete,a52479906469,b322c5e57772,"[""DEP_complete_advcl_rate_baixo"", ""punctuationDensity_spacy_baixo""]","[""DEP_complete_advmod_rate_baixo""]","[""DEP_complete_advcl_rate_baixo"", ""DEP_complete_advmod_rate_baixo"", ""punctuationDensity_spacy_baixo""]",350,670,1744,0.081018518518518517,0.15509259259259259,0.40370370370370373,0.52238805970149249,1.2939887717376422,0.16957364341085271,True,100,220,571,0.069444444444444448,0.15277777777777779,0.39652777777777776,0.45454545454545453,1.1463142811654194,0.14471780028943559,False,106,223,572,0.073611111111111113,0.15486111111111112,0.3972222222222222,0.47533632286995514,1.1966508827495375,0.15384615384615385,False,0.42007885514018689,0.54063049853372436,100,1.0681897679393506,1.3489336378843009,100,0.14000000000000001
corrected_pos_dep_complete,9eda44033fa8,923a7e7de6eb,"[""DEP_complete_advmod_rate_baixo"", ""POS_VERB_rate_baixo""]","[""DEP_complete_advcl_rate_baixo""]","[""DEP_complete_advcl_rate_baixo"", ""DEP_complete_advmod_rate_baixo"", ""POS_VERB_rate_baixo""]",424,511,2780,0.098148148148148151,0.11828703703703704,0.64351851851851849,0.82974559686888449,1.2893888411775472,0.14788978025810953,True,122,144,939,0.084722222222222227,0.10000000000000001,0.65208333333333335,0.84722222222222221,1.2992545260915869,0.12695109261186263,True,139,164,912,0.096527777777777782,0.11388888888888889,0.6333333333333333,0.84756097560975607,1.3382541720154044,0.14834578441835647,True,0.79118985314794565,0.89600000000000002,100,1.2432839086164682,1.4294331098600761,100,0.98999999999999999
corrected_pos_dep_complete,5fe9a1d29d86,723948e54100,"[""POS_VERB_rate_baixo"", ""uppercaseRatio_baixo""]","[""DEP_complete_ccomp_rate_baixo""]","[""DEP_complete_ccomp_rate_baixo"", ""POS_VERB_rate_baixo"", ""uppercaseRatio_baixo""]",380,462,2759,0.087962962962962965,0.10694444444444444,0.6386574074074074,0.82251082251082253,1.287874865257975,0.13375571981696585,True,121,151,919,0.084027777777777785,0.10486111111111111,0.6381944444444444,0.80132450331125826,1.2556118441438651,0.12750263435194942,True,122,145,920,0.084722222222222227,0.10069444444444445,0.63888888888888884,0.8413793103448276,1.3169415292353823,0.12937433722163308,True,0.78535745422842196,0.90261345852895147,100,1.2219415204062622,1.4123154687645285,100,0.81999999999999995
corrected_pos_dep_complete,3bd5f36ac709,554fcfcfd50a,"[""POS_PROPN_rate_alto""]","[""DEP_complete_advmod_rate_baixo""]","[""DEP_complete_advmod_rate_baixo"", ""POS_PROPN_rate_alto""]",561,1082,1744,0.12986111111111112,0.25046296296296294,0.40370370370370373,0.51848428835489835,1.2843188794112161,0.24768211920529801,True,184,362,571,0.12777777777777777,0.25138888888888888,0.39652777777777776,0.50828729281767959,1.2818453619219941,0.24566088117489987,True,192,362,572,0.13333333333333333,0.25138888888888888,0.3972222222222222,0.53038674033149169,1.3352393462890702,0.2587601078167116,True,0.48574014481094124,0.588561067719509,100,1.2426037410032891,1.4649962397624858,100,0.91000000000000003
corrected_pos_dep_complete,03376b315508,2dd17c2f686e,"[""DEP_complete_nsubj_rate_baixo"", ""POS_PRON_rate_baixo""]","[""DEP_complete_ccomp_rate_baixo""]","[""DEP_complete_ccomp_rate_baixo"", ""DEP_complete_nsubj_rate_baixo"", ""POS_PRON_rate_baixo""]",442,540,2759,0.10231481481481482,0.125,0.6386574074074074,0.81851851851851853,1.2816237767306995,0.15470773538676935,True,135,160,919,0.09375,0.1111111111111111,0.6381944444444444,0.84375,1.3220892274211098,0.14300847457627119,True,137,176,920,0.095138888888888884,0.12222222222222222,0.63888888888888884,0.77840909090909094,1.2183794466403162,0.14285714285714285,True,0.72610093217614913,0.83872340425531922,100,1.1433021552528455,1.3073405363283634,100,0.96999999999999997
corrected_pos_dep_complete,dc8fc3b0d4be,55f3b588fc9a,"[""DEP_complete_nsubj_rate_baixo""]","[""DEP_complete_ccomp_rate_baixo""]","[""DEP_complete_ccomp_rate_baixo"", ""DEP_complete_nsubj_rate_baixo""]",909,1113,2759,0.21041666666666667,0.25763888888888886,0.6386574074074074,0.81671159029649598,1.2787945161583409,0.30678366520418493,True,277,343,919,0.19236111111111112,0.23819444444444443,0.6381944444444444,0.80758017492711365,1.2654139846518431,0.2812182741116751,True,323,397,920,0.22430555555555556,0.27569444444444446,0.63888888888888884,0.81360201511335017,1.2734640236556785,0.32494969818913483,True,0.77223776223776219,0.84870337995337986,100,1.2072298862662367,1.3186282935488431,100,1
corrected_pos_dep_complete,8f1c607c1a6e,a1b37839689b,"[""DEP_complete_advcl_rate_baixo"", ""POS_NOUN_rate_alto""]","[""DEP_complete_advmod_rate_baixo""]","[""DEP_complete_advcl_rate_baixo"", ""DEP_complete_advmod_rate_baixo"", ""POS_NOUN_rate_alto""]",379,741,1744,0.08773148148148148,0.17152777777777778,0.40370370370370373,0.51147098515519573,1.2669464769899343,0.17996201329534664,True,120,257,571,0.083333333333333329,0.17847222222222223,0.39652777777777776,0.46692607003891051,1.1775368491349056,0.16949152542372881,False,128,243,572,0.088888888888888892,0.16875000000000001,0.3972222222222222,0.52674897119341568,1.326081326081326,0.18631732168850074,True,0.482280428769018,0.58335164835164832,100,1.23609595957732,1.4636805310921841,100,0.85999999999999999
corrected_pos_dep_complete,70201b19d6f4,99e74d5bae0a,"[""DEP_complete_nsubj_rate_baixo"", ""uppercaseRatio_baixo""]","[""DEP_complete_ccomp_rate_baixo""]","[""DEP_complete_ccomp_rate_baixo"", ""DEP_complete_nsubj_rate_baixo"", ""uppercaseRatio_baixo""]",402,497,2759,0.093055555555555558,0.1150462962962963,0.6386574074074074,0.80885311871227361,1.2664898415502073,0.14085494043447794,True,122,162,919,0.084722222222222227,0.1125,0.6381944444444444,0.75308641975308643,1.1800265989602226,0.12721584984358708,True,146,171,920,0.10138888888888889,0.11874999999999999,0.63888888888888884,0.85380116959064323,1.3363844393592677,0.15449735449735449,True,0.79809477332483469,0.90061046511627907,100,1.2502895481812668,1.4100572380749132,100,1
corrected_pos_dep_complete,ef28546d317c,e620b1f73e61,"[""DEP_complete_ccomp_rate_baixo"", ""POS_VERB_rate_baixo""]","[""DEP_complete_advcl_rate_baixo""]","[""DEP_complete_advcl_rate_baixo"", ""DEP_complete_ccomp_rate_baixo"", ""POS_VERB_rate_baixo""]",725,900,2780,0.16782407407407407,0.20833333333333334,0.64351851851851849,0.80555555555555558,1.2517985611510791,0.24534686971235195,True,225,281,939,0.15625,0.19513888888888889,0.65208333333333335,0.80071174377224197,1.2279285527497641,0.22613065326633167,True,232,281,912,0.16111111111111112,0.19513888888888889,0.6333333333333333,0.82562277580071175,1.3036149091590186,0.24141519250780438,True,0.78529760075792499,0.87547901459854016,100,1.2463740746276684,1.3617585156884622,100,1
corrected_pos_dep_complete,6c031c5af223,29bec1fea9c7,"[""DEP_complete_nsubj_rate_baixo""]","[""DEP_complete_advcl_rate_baixo"", ""DEP_complete_ccomp_rate_baixo""]","[""DEP_complete_advcl_rate_baixo"", ""DEP_complete_ccomp_rate_baixo"", ""DEP_complete_nsubj_rate_baixo""]",592,1113,1845,0.13703703703703704,0.25763888888888886,0.42708333333333331,0.53189577717879599,1.2454145026625469,0.25021132713440408,True,189,343,625,0.13125000000000001,0.23819444444444443,0.43402777777777779,0.55102040816326525,1.2695510204081633,0.24261874197689345,True,218,397,609,0.15138888888888888,0.27569444444444446,0.42291666666666666,0.54911838790931988,1.2984080108200668,0.2766497461928934,True,0.50776803824978267,0.59407737875771205,100,1.1907570641986467,1.3774466267969647,100,0.97999999999999998
corrected_pos_dep_complete,3583c1292032,aaea6e78e590,"[""POS_PRON_rate_alto""]","[""uppercaseRatio_baixo""]","[""POS_PRON_rate_alto"", ""uppercaseRatio_baixo""]",631,1163,1882,0.14606481481481481,0.26921296296296299,0.43564814814814817,0.54256233877901983,1.2454140826383451,0.26139188069594033,True,209,406,645,0.1451388888888889,0.28194444444444444,0.44791666666666669,0.51477832512315269,1.1492725398098294,0.24821852731591448,True,202,372,629,0.14027777777777778,0.25833333333333336,0.43680555555555556,0.543010752688172,1.2431406738807118,0.25281602002503129,True,0.49965282915178288,0.58524873076723827,100,1.1521874015569726,1.3275778843136832,100,0.96999999999999997
corrected_pos_dep_complete,e6a63a4d1dc8,84151be68c73,"[""DEP_complete_ccomp_rate_baixo"", ""POS_PRON_rate_baixo""]","[""DEP_complete_advmod_rate_baixo""]","[""DEP_complete_advmod_rate_baixo"", ""DEP_complete_ccomp_rate_baixo"", ""POS_PRON_rate_baixo""]",486,967,1744,0.1125,0.22384259259259259,0.40370370370370373,0.50258531540847984,1.2449361023879775,0.21842696629213484,True,126,286,571,0.087499999999999994,0.1986111111111111,0.39652777777777776,0.44055944055944057,1.1110430725141758,0.17236662106703146,False,150,302,572,0.10416666666666667,0.20972222222222223,0.3972222222222222,0.49668874172185429,1.2504052239151577,0.20718232044198895,False,0.4497916175198553,0.5494870628663836,100,1.1424327754406165,1.3795000730800167,100,0.51000000000000001
corrected_pos_dep_complete,0ee49bd2a657,0a5b5a1abce0,"[""POS_VERB_rate_baixo""]","[""DEP_complete_ccomp_rate_baixo""]","[""DEP_complete_ccomp_rate_baixo"", ""POS_VERB_rate_baixo""]",900,1132,2759,0.20833333333333334,0.26203703703703701,0.6386574074074074,0.79505300353356889,1.2448818322816302,0.30090270812437314,True,281,352,919,0.19513888888888889,0.24444444444444444,0.6381944444444444,0.79829545454545459,1.2508655653378178,0.28383838383838383,True,281,350,920,0.19513888888888889,0.24305555555555555,0.63888888888888884,0.80285714285714282,1.2566459627329192,0.28412537917087965,True,0.77098048740992631,0.84066214755869928,100,1.2096620543253662,1.3166035492392152,100,1
corrected_pos_dep_complete,80421e74c8ae,66241e1a8614,"[""DEP_complete_ccomp_rate_baixo"", ""POS_ADJ_rate_alto""]","[""uppercaseRatio_baixo""]","[""DEP_complete_ccomp_rate_baixo"", ""POS_ADJ_rate_alto"", ""uppercaseRatio_baixo""]",413,762,1882,0.095601851851851855,0.1763888888888889,0.43564814814814817,0.54199475065616798,1.2441112236103324,0.18511878081577768,True,136,256,645,0.094444444444444442,0.17777777777777778,0.44791666666666669,0.53125,1.1860465116279071,0.17777777777777778,True,139,245,629,0.096527777777777782,0.1701388888888889,0.43680555555555556,0.56734693877551023,1.2988546770059375,0.18911564625850341,True,0.50472915129151297,0.63320752335268859,100,1.1647424234832293,1.4456250313169281,100,0.98999999999999999
corrected_pos_dep_complete,b31b004f90be,5168d659e546,"[""DEP_complete_obj_rate_baixo"", ""POS_VERB_rate_baixo""]","[""DEP_complete_ccomp_rate_baixo""]","[""DEP_complete_ccomp_rate_baixo"", ""DEP_complete_obj_rate_baixo"", ""POS_VERB_rate_baixo""]",379,477,2759,0.08773148148148148,0.11041666666666666,0.6386574074074074,0.79454926624737943,1.2440930881437764,0.13265663283164159,True,141,178,919,0.097916666666666666,0.12361111111111112,0.6381944444444444,0.7921348314606742,1.2412123583279333,0.14748953974895398,True,115,144,920,0.079861111111111105,0.10000000000000001,0.63888888888888884,0.79861111111111116,1.25,0.12118018967334036,False,0.72796827172121503,0.85106393707139971,100,1.1381710989576053,1.3328444076285364,100,0.45000000000000001
corrected_pos_dep_complete,1ab9e1ce56bd,cb199dcfcb5e,"[""POS_PRON_rate_baixo"", ""POS_VERB_rate_baixo""]","[""DEP_complete_ccomp_rate_baixo""]","[""DEP_complete_ccomp_rate_baixo"", ""POS_PRON_rate_baixo"", ""POS_VERB_rate_baixo""]",408,514,2759,0.094444444444444442,0.11898148148148148,0.6386574074074074,0.79377431906614782,1.2428796877005288,0.14240837696335079,True,113,141,919,0.078472222222222221,0.097916666666666666,0.6381944444444444,0.8014184397163121,1.2557590350288241,0.11932418162618796,False,120,148,920,0.083333333333333329,0.10277777777777777,0.63888888888888884,0.81081081081081086,1.2690951821386605,0.12658227848101267,True,0.75328522920203733,0.87588849735716079,100,1.1628944248697513,1.3534596037829689,100,0.68999999999999995
corrected_pos_dep_complete,fe0fe5fb5992,3d400f6730cc,"[""DEP_complete_amod_rate_baixo"", ""DEP_complete_ccomp_rate_baixo""]","[""DEP_complete_advmod_rate_baixo""]","[""DEP_complete_advmod_rate_baixo"", ""DEP_complete_amod_rate_baixo"", ""DEP_complete_ccomp_rate_baixo""]",348,694,1744,0.080555555555555561,0.16064814814814815,0.40370370370370373,0.50144092219020175,1.2421013668931602,0.16650717703349283,True,107,218,571,0.074305555555555555,0.15138888888888888,0.39652777777777776,0.49082568807339449,1.2378090907630264,0.15689149560117302,False,109,222,572,0.075694444444444439,0.15416666666666667,0.3972222222222222,0.49099099099099097,1.236061236061236,0.15912408759124089,False,0.43860866182572616,0.57400706090026454,100,1.0939213935177525,1.39705906143783,100,0.20000000000000001
corrected_pos_dep_complete,f6d74532bc6f,edb22e2e0031,"[""DEP_complete_ccomp_rate_baixo"", ""DEP_complete_obj_rate_baixo""]","[""DEP_complete_advcl_rate_baixo""]","[""DEP_complete_advcl_rate_baixo"", ""DEP_complete_ccomp_rate_baixo"", ""DEP_complete_obj_rate_baixo""]",583,730,2780,0.13495370370370371,0.16898148148148148,0.64351851851851849,0.79863013698630136,1.2410367596333891,0.19918004783054322,True,188,243,939,0.13055555555555556,0.16875000000000001,0.65208333333333335,0.77366255144032925,1.1864473632311758,0.1891348088531187,True,183,231,912,0.12708333333333333,0.16041666666666668,0.6333333333333333,0.79220779220779225,1.2508544087491456,0.19062499999999999,True,0.74159251412429383,0.8326680672268908,100,1.178957819155243,1.3205905745964379,100,1
corrected_pos_dep_complete,2d9852ed4aa1,edb22e2e0031,"[""DEP_complete_obj_rate_baixo""]","[""DEP_complete_advcl_rate_baixo"", ""DEP_complete_ccomp_rate_baixo""]","[""DEP_complete_advcl_rate_baixo"", ""DEP_complete_ccomp_rate_baixo"", ""DEP_complete_obj_rate_baixo""]",583,1105,1845,0.13495370370370371,0.25578703703703703,0.42708333333333331,0.52760180995475114,1.2353603355038074,0.24630333755809042,True,188,372,625,0.13055555555555556,0.25833333333333336,0.43402777777777779,0.5053763440860215,1.1643870967741936,0.23238566131025959,True,183,346,609,0.12708333333333333,0.24027777777777778,0.42291666666666666,0.52890173410404628,1.2506050855662176,0.23704663212435234,True,0.48359915014164306,0.56947552447552441,100,1.1427347432464017,1.355949014442108,100,0.90000000000000002
corrected_pos_dep_complete,7c15f7c85bf3,bb74b0168856,"[""POS_PROPN_rate_alto"", ""POS_VERB_rate_baixo""]","[""DEP_complete_ccomp_rate_baixo""]","[""DEP_complete_ccomp_rate_baixo"", ""POS_PROPN_rate_alto"", ""POS_VERB_rate_baixo""]",351,446,2759,0.081250000000000003,0.10324074074074074,0.6386574074074074,0.78699551569506732,1.2322655410665786,0.12298528381219341,True,106,130,919,0.073611111111111113,0.090277777777777776,0.6381944444444444,0.81538461538461537,1.277642922909517,0.11240721102863202,False,108,139,920,0.074999999999999997,0.096527777777777782,0.63888888888888884,0.7769784172661871,1.2161401313731623,0.11356466876971609,False,0.72727272727272729,0.84281469337568515,100,1.1332852269992242,1.2997112568294662,100,0.26000000000000001
corrected_pos_dep_complete,c867b0c147ef,b3fdde70f48a,"[""DEP_complete_ccomp_rate_baixo"", ""POS_PRON_rate_alto""]","[""uppercaseRatio_baixo""]","[""DEP_complete_ccomp_rate_baixo"", ""POS_PRON_rate_alto"", ""uppercaseRatio_baixo""]",376,705,1882,0.087037037037037038,0.16319444444444445,0.43564814814814817,0.53333333333333333,1.22422954303932,0.17005879692446857,True,130,250,645,0.090277777777777776,0.1736111111111111,0.44791666666666669,0.52000000000000002,1.1609302325581394,0.16993464052287582,True,130,222,629,0.090277777777777776,0.15416666666666667,0.43680555555555556,0.5855855855855856,1.340609289734886,0.18030513176144244,True,0.53382804818092433,0.6443476471395253,100,1.2391109708017789,1.4640937956014408,100,0.91000000000000003
corrected_pos_dep_complete,692298c7e196,db6f966588f8,"[""POS_NOUN_rate_alto""]","[""uppercaseRatio_baixo""]","[""POS_NOUN_rate_alto"", ""uppercaseRatio_baixo""]",576,1092,1882,0.13333333333333333,0.25277777777777777,0.43564814814814817,0.52747252747252749,1.2107764711377889,0.24020016680567138,True,178,333,645,0.12361111111111112,0.23125000000000001,0.44791666666666669,0.53453453453453459,1.1933794259375654,0.2225,True,182,357,629,0.12638888888888888,0.24791666666666667,0.43680555555555556,0.50980392156862742,1.1671186757691947,0.2263681592039801,True,0.47099999999999997,0.55997101449275355,100,1.0818182199890285,1.2626780505246902,100,0.72999999999999998
corrected_pos_dep_complete,f9012a0d0c49,c75064e3977e,"[""POS_PRON_rate_baixo"", ""POS_VERB_rate_baixo""]","[""DEP_complete_advcl_rate_baixo""]","[""DEP_complete_advcl_rate_baixo"", ""POS_PRON_rate_baixo"", ""POS_VERB_rate_baixo""]",400,514,2780,0.092592592592592587,0.11898148148148148,0.64351851851851849,0.77821011673151752,1.2093049295971783,0.138217000691085,True,111,141,939,0.077083333333333337,0.097916666666666666,0.65208333333333335,0.78723404255319152,1.2072598735639997,0.11455108359133127,False,118,148,912,0.081944444444444445,0.10277777777777777,0.6333333333333333,0.79729729729729726,1.2588904694167853,0.12526539278131635,True,0.73431372549019602,0.86102373068432669,100,1.1711840464270271,1.3544184442499974,100,0.55000000000000004
corrected_pos_dep_complete,62da5c4d5c1f,ec67fb46eb6e,"[""POS_PROPN_rate_alto"", ""POS_VERB_rate_baixo""]","[""DEP_complete_advcl_rate_baixo""]","[""DEP_complete_advcl_rate_baixo"", ""POS_PROPN_rate_alto"", ""POS_VERB_rate_baixo""]",347,446,2780,0.080324074074074076,0.10324074074074074,0.64351851851851849,0.77802690582959644,1.2090202277639772,0.12052796109760333,True,99,130,939,0.068750000000000006,0.090277777777777776,0.65208333333333335,0.7615384615384615,1.1678545097075448,0.10206185567010309,False,112,139,912,0.077777777777777779,0.096527777777777782,0.6333333333333333,0.80575539568345322,1.2722453616054525,0.11927582534611289,False,0.73446428571428568,0.87733785822021104,100,1.1555216980140801,1.3830415725419178,100,0.40000000000000002
corrected_pos_dep_complete,179e2a0e90b1,a4d62ec02cb7,"[""DEP_complete_obj_rate_baixo""]","[""DEP_complete_advcl_rate_baixo""]","[""DEP_complete_advcl_rate_baixo"", ""DEP_complete_obj_rate_baixo""]",859,1105,2780,0.1988425925925926,0.25578703703703703,0.64351851851851849,0.77737556561085974,1.2080080731794656,0.28387309980171843,True,286,372,939,0.1986111111111111,0.25833333333333336,0.65208333333333335,0.76881720430107525,1.1790167989281666,0.27902439024390246,True,265,346,912,0.18402777777777779,0.24027777777777778,0.6333333333333333,0.76589595375722541,1.2093094006693033,0.26686807653575023,True,0.71992113890394693,0.79977335717824838,100,1.1458849921524923,1.2745402983333132,100,1
corrected_pos_dep_complete,eb4fc0af2c78,93568cf6cdd4,"[""POS_VERB_rate_baixo""]","[""DEP_complete_advcl_rate_baixo""]","[""DEP_complete_advcl_rate_baixo"", ""POS_VERB_rate_baixo""]",877,1132,2780,0.20300925925925925,0.26203703703703701,0.64351851851851849,0.77473498233215543,1.2039047207463711,0.28896210873146622,True,273,352,939,0.18958333333333333,0.24444444444444444,0.65208333333333335,0.77556818181818177,1.1893697356956143,0.26817288801571709,True,273,350,912,0.18958333333333333,0.24305555555555555,0.6333333333333333,0.78000000000000003,1.2315789473684211,0.27603640040444893,True,0.73066460741331207,0.82550356177843276,100,1.1729068023982254,1.286405868058192,100,1
corrected_pos_dep_complete,afe6049321d6,26c16f09530e,"[""DEP_complete_advmod_rate_baixo"", ""POS_NOUN_rate_alto""]","[""DEP_complete_ccomp_rate_baixo""]","[""DEP_complete_advmod_rate_baixo"", ""DEP_complete_ccomp_rate_baixo"", ""POS_NOUN_rate_alto""]",413,538,2759,0.095601851851851855,0.12453703703703704,0.6386574074074074,0.76765799256505574,1.2019871431246978,0.14320388349514562,True,118,151,919,0.081944444444444445,0.10486111111111111,0.6381944444444444,0.7814569536423841,1.2244809719750089,0.12394957983193278,True,138,183,920,0.09583333333333334,0.12708333333333333,0.63888888888888884,0.75409836065573765,1.180327868852459,0.14300518134715026,True,0.70213829056254295,0.81690208054972324,100,1.0860708930701777,1.2694204159594649,100,1
corrected_pos_dep_complete,46440f577adc,64748c9e68b0,"[""POS_ADJ_rate_alto""]","[""uppercaseRatio_baixo""]","[""POS_ADJ_rate_alto"", ""uppercaseRatio_baixo""]",568,1089,1882,0.13148148148148148,0.25208333333333333,0.43564814814814817,0.52157943067033974,1.1972492776279851,0.2363712026633375,True,181,362,645,0.12569444444444444,0.25138888888888888,0.44791666666666669,0.5,1.1162790697674418,0.21912832929782083,True,187,350,629,0.12986111111111112,0.24305555555555555,0.43680555555555556,0.53428571428571425,1.2231660231660231,0.2361111111111111,True,0.48572686887254901,0.57793287566742946,100,1.1291675411115403,1.3329943788789917,100,0.89000000000000001
corrected_pos_dep_complete,449e2deb3090,6f9fbac67477,"[""POS_VERB_rate_baixo"", ""uppercaseRatio_baixo""]","[""DEP_complete_advcl_rate_baixo""]","[""DEP_complete_advcl_rate_baixo"", ""POS_VERB_rate_baixo"", ""uppercaseRatio_baixo""]",355,462,2780,0.08217592592592593,0.10694444444444444,0.64351851851851849,0.76839826839826841,1.1940577408203308,0.12296501558711465,True,121,151,939,0.084027777777777785,0.10486111111111111,0.65208333333333335,0.80132450331125826,1.2288682478894695,0.12487100103199174,True,119,145,912,0.082638888888888887,0.10069444444444445,0.6333333333333333,0.82068965517241377,1.295825771324864,0.12686567164179105,True,0.75622559095580677,0.87160441426146007,100,1.2109584884608529,1.3587535798898203,100,0.67000000000000004
corrected_pos_dep_complete,99bef7c3c3fd,29499b48b237,"[""DEP_complete_amod_rate_alto""]","[""DEP_complete_advcl_rate_baixo"", ""DEP_complete_ccomp_rate_baixo""]","[""DEP_complete_advcl_rate_baixo"", ""DEP_complete_amod_rate_alto"", ""DEP_complete_ccomp_rate_baixo""]",545,1072,1845,0.12615740740740741,0.24814814814814815,0.42708333333333331,0.50839552238805974,1.1903895158354569,0.22976391231028667,True,200,365,625,0.1388888888888889,0.25347222222222221,0.43402777777777779,0.54794520547945202,1.2624657534246575,0.25316455696202533,True,179,338,609,0.12430555555555556,0.23472222222222222,0.42291666666666666,0.52958579881656809,1.2522225784825254,0.23307291666666666,True,0.47980886716704485,0.5903139475038599,100,1.146245161886122,1.3701044096946233,100,0.83999999999999997
corrected_pos_dep_complete,b09feee3000a,c831946199a6,"[""DEP_complete_amod_rate_alto"", ""POS_ADJ_rate_alto""]","[""uppercaseRatio_baixo""]","[""DEP_complete_amod_rate_alto"", ""POS_ADJ_rate_alto"", ""uppercaseRatio_baixo""]",381,737,1882,0.08819444444444445,0.17060185185185187,0.43564814814814817,0.51696065128900948,1.1866471910565999,0.17024128686327078,True,134,251,645,0.093055555555555558,0.17430555555555555,0.44791666666666669,0.53386454183266929,1.1918836282775873,0.17585301837270342,True,129,239,629,0.089583333333333334,0.16597222222222222,0.43680555555555556,0.53974895397489542,1.2356732809600148,0.17456021650879566,True,0.49300807551581549,0.58630532706619665,100,1.1137767924633806,1.3553005075071602,100,0.85999999999999999
corrected_pos_dep_complete,1aded5a07755,a342722d084d,"[""DEP_complete_ccomp_rate_baixo"", ""POS_NOUN_rate_alto""]","[""uppercaseRatio_baixo""]","[""DEP_complete_ccomp_rate_baixo"", ""POS_NOUN_rate_alto"", ""uppercaseRatio_baixo""]",398,772,1882,0.092129629629629631,0.1787037037037037,0.43564814814814817,0.51554404145077726,1.1833954617786171,0.17641843971631205,True,138,247,645,0.09583333333333334,0.17152777777777778,0.44791666666666669,0.5587044534412956,1.2473401751247528,0.1830238726790451,True,134,253,629,0.093055555555555558,0.17569444444444443,0.43680555555555556,0.52964426877470361,1.2125401383713403,0.17914438502673796,True,0.47752994285019457,0.59134450340928779,100,1.1010439224245581,1.3303737834316691,100,0.87
corrected_pos_dep_complete,84daeb9107cf,bfeff6b67d1a,"[""DEP_complete_advcl_rate_baixo"", ""POS_ADJ_rate_alto""]","[""uppercaseRatio_baixo""]","[""DEP_complete_advcl_rate_baixo"", ""POS_ADJ_rate_alto"", ""uppercaseRatio_baixo""]",372,726,1882,0.08611111111111111,0.16805555555555557,0.43564814814814817,0.51239669421487599,1.1761709452753797,0.16636851520572452,True,134,251,645,0.093055555555555558,0.17430555555555555,0.44791666666666669,0.53386454183266929,1.1918836282775873,0.17585301837270342,True,132,229,629,0.09166666666666666,0.15902777777777777,0.43680555555555556,0.57641921397379914,1.3196242736443096,0.18181818181818182,True,0.51049780109150644,0.64198283261802569,100,1.1672694067975595,1.4817498492664298,100,0.95999999999999996
corrected_pos_dep_complete,e5c8790b4684,d16307cd048b,"[""DEP_complete_advcl_rate_baixo"", ""POS_PRON_rate_alto""]","[""uppercaseRatio_baixo""]","[""DEP_complete_advcl_rate_baixo"", ""POS_PRON_rate_alto"", ""uppercaseRatio_baixo""]",359,702,1882,0.083101851851851857,0.16250000000000001,0.43564814814814817,0.51139601139601143,1.1738739475190059,0.16134831460674157,True,131,255,645,0.090972222222222218,0.17708333333333334,0.44791666666666669,0.51372549019607838,1.146922024623803,0.17035110533159947,True,116,215,629,0.080555555555555561,0.14930555555555555,0.43680555555555556,0.53953488372093028,1.2351831996154841,0.15934065934065933,True,0.47195201421800947,0.60396141215106725,100,1.0909143142609561,1.3670908265105344,100,0.5
corrected_pos_dep_complete,3010985ae814,e9d1653f6fde,"[""DEP_complete_advmod_rate_alto"", ""POS_ADV_rate_alto""]","[""uppercaseRatio_baixo""]","[""DEP_complete_advmod_rate_alto"", ""POS_ADV_rate_alto"", ""uppercaseRatio_baixo""]",422,827,1882,0.09768518518518518,0.19143518518518518,0.43564814814814817,0.51027811366384523,1.1713078910881038,0.1845212068211631,True,148,270,645,0.10277777777777777,0.1875,0.44791666666666669,0.54814814814814816,1.2237726098191215,0.19295958279009126,True,153,278,629,0.10625,0.19305555555555556,0.43680555555555556,0.55035971223021585,1.2599650009721952,0.20291777188328913,True,0.49027293462943944,0.6073434343434343,100,1.140224135712014,1.3767299223346812,100,0.95999999999999996
corrected_pos_dep_complete,53a638a824b4,ac250fe4a38b,"[""DEP_complete_amod_rate_alto"", ""uppercaseRatio_baixo""]","[""DEP_complete_ccomp_rate_baixo""]","[""DEP_complete_amod_rate_alto"", ""DEP_complete_ccomp_rate_baixo"", ""uppercaseRatio_baixo""]",394,527,2759,0.091203703703703703,0.12199074074074075,0.6386574074074074,0.74762808349146115,1.170624617862672,0.13623789764868602,True,147,187,919,0.10208333333333333,0.12986111111111112,0.6381944444444444,0.78609625668449201,1.2317503913228165,0.15328467153284672,True,136,172,920,0.094444444444444442,0.11944444444444445,0.63888888888888884,0.79069767441860461,1.2376137512639029,0.14225941422594143,True,0.73420789605197401,0.85863870381586915,100,1.164470956959617,1.3433199994824849,100,0.94999999999999996
corrected_pos_dep_complete,3610fc9e1bab,29499b48b237,"[""DEP_complete_advcl_rate_baixo"", ""DEP_complete_amod_rate_alto""]","[""DEP_complete_ccomp_rate_baixo""]","[""DEP_complete_advcl_rate_baixo"", ""DEP_complete_amod_rate_alto"", ""DEP_complete_ccomp_rate_baixo""]",545,731,2759,0.12615740740740741,0.16921296296296295,0.6386574074074074,0.74555403556771549,1.1673771053470572,0.18505942275042445,True,200,271,919,0.1388888888888889,0.18819444444444444,0.6381944444444444,0.73800738007380073,1.1563989415737466,0.20202020202020202,True,179,233,920,0.12430555555555556,0.16180555555555556,0.63888888888888884,0.76824034334763946,1.2024631461093487,0.1837782340862423,True,0.70819598571842135,0.82937700167759631,100,1.1159264536368438,1.2850647498089727,100,1
corrected_pos_dep_complete,f22fb20d69b1,159534c8f5dd,"[""DEP_complete_advmod_rate_baixo"", ""diversidade_baixo""]","[""DEP_complete_advcl_rate_baixo""]","[""DEP_complete_advcl_rate_baixo"", ""DEP_complete_advmod_rate_baixo"", ""diversidade_baixo""]",360,481,2780,0.083333333333333329,0.11134259259259259,0.64351851851851849,0.74844074844074848,1.1630446162820263,0.12409513960703206,True,108,155,939,0.074999999999999997,0.1076388888888889,0.65208333333333335,0.6967741935483871,1.0685355044831495,0.10953346855983773,False,112,158,912,0.077777777777777779,0.10972222222222222,0.6333333333333333,0.70886075949367089,1.1192538307794804,0.11691022964509394,False,0.64961046865489958,0.77814697609001404,100,1.017728212920932,1.2427828275574342,100,0.39000000000000001
corrected_pos_dep_complete,a5bde74790c4,101d0bd1799d,"[""DEP_complete_ccomp_rate_baixo"", ""POS_ADV_rate_alto""]","[""uppercaseRatio_baixo""]","[""DEP_complete_ccomp_rate_baixo"", ""POS_ADV_rate_alto"", ""uppercaseRatio_baixo""]",379,751,1882,0.08773148148148148,0.1738425925925926,0.43564814814814817,0.50466045272969373,1.1584129414411675,0.1681455190771961,True,134,236,645,0.093055555555555558,0.16388888888888889,0.44791666666666669,0.56779661016949157,1.2676389436342137,0.17938420348058903,True,126,230,629,0.087499999999999994,0.15972222222222221,0.43680555555555556,0.54782608695652169,1.254164650584088,0.17189631650750342,True,0.49777542372881356,0.6168877120629862,100,1.1567644825395345,1.3793829527289259,100,0.88
corrected_pos_dep_complete,6f53da7fd0c0,3668a49b4faa,"[""DEP_complete_amod_rate_alto""]","[""DEP_complete_ccomp_rate_baixo""]","[""DEP_complete_amod_rate_alto"", ""DEP_complete_ccomp_rate_baixo""]",793,1072,2759,0.18356481481481482,0.24814814814814815,0.6386574074074074,0.73973880597014929,1.1582717077894327,0.26102699144173797,True,271,365,919,0.18819444444444444,0.25347222222222221,0.6381944444444444,0.74246575342465748,1.1633848584673632,0.2675222112537019,True,251,338,920,0.17430555555555555,0.23472222222222222,0.63888888888888884,0.74260355029585801,1.1623359917674299,0.24925521350546176,True,0.69350721701696638,0.78695789065779698,100,1.1020906748520034,1.2326028295967393,100,1
corrected_pos_dep_complete,8072226a0b07,8fba65659c42,"[""DEP_complete_advcl_rate_baixo"", ""POS_NOUN_rate_alto""]","[""uppercaseRatio_baixo""]","[""DEP_complete_advcl_rate_baixo"", ""POS_NOUN_rate_alto"", ""uppercaseRatio_baixo""]",373,741,1882,0.086342592592592596,0.17152777777777778,0.43564814814814817,0.50337381916329282,1.155459563647941,0.16577777777777777,True,132,257,645,0.09166666666666666,0.17847222222222223,0.44791666666666669,0.51361867704280151,1.1466835580490453,0.17142857142857143,True,123,243,629,0.085416666666666669,0.16875000000000001,0.43680555555555556,0.50617283950617287,1.1588058646882176,0.16421895861148197,True,0.45121745179884715,0.57973711847171983,100,1.0248719068058489,1.2903571938878733,100,0.60999999999999999
corrected_pos_dep_complete,e437af574e63,1cb70fd55510,"[""DEP_complete_obj_rate_baixo"", ""uppercaseRatio_baixo""]","[""DEP_complete_advcl_rate_baixo""]","[""DEP_complete_advcl_rate_baixo"", ""DEP_complete_obj_rate_baixo"", ""uppercaseRatio_baixo""]",374,503,2780,0.086574074074074067,0.11643518518518518,0.64351851851851849,0.74353876739562619,1.1554271493342105,0.12856651770367825,True,135,170,939,0.09375,0.11805555555555555,0.65208333333333335,0.79411764705882348,1.2178161999624131,0.13860369609856263,True,119,150,912,0.082638888888888887,0.10416666666666667,0.6333333333333333,0.79333333333333333,1.2526315789473683,0.1261930010604454,True,0.7350334742776603,0.85314705882352937,100,1.1601221159191437,1.3432528703079654,100,0.53000000000000003
corrected_pos_dep_complete,5ad52e17c926,d73694a18749,"[""DEP_complete_advmod_rate_baixo"", ""POS_PROPN_rate_alto""]","[""DEP_complete_advcl_rate_baixo""]","[""DEP_complete_advcl_rate_baixo"", ""DEP_complete_advmod_rate_baixo"", ""POS_PROPN_rate_alto""]",417,561,2780,0.096527777777777782,0.12986111111111112,0.64351851851851849,0.74331550802139035,1.1550802139037433,0.14261285909712723,True,135,184,939,0.09375,0.12777777777777777,0.65208333333333335,0.73369565217391308,1.1251562717044035,0.13663967611336034,True,141,192,912,0.097916666666666666,0.13333333333333333,0.6333333333333333,0.734375,1.1595394736842106,0.14641744548286603,True,0.664325495049505,0.79862034387182546,100,1.0609876772922182,1.2564254213933885,100,0.96999999999999997
corrected_pos_dep_complete,1ad51b98e420,f0690716edd1,"[""DEP_complete_advmod_rate_alto""]","[""uppercaseRatio_baixo""]","[""DEP_complete_advmod_rate_alto"", ""uppercaseRatio_baixo""]",535,1064,1882,0.12384259259259259,0.24629629629629629,0.43564814814814817,0.5028195488721805,1.1541872747756745,0.22189962671090835,True,181,356,645,0.12569444444444444,0.24722222222222223,0.44791666666666669,0.5084269662921348,1.1350927619545337,0.22073170731707317,True,187,356,629,0.12986111111111112,0.24722222222222223,0.43680555555555556,0.5252808988764045,1.2025508654722137,0.23433583959899748,True,0.48157279195270336,0.58565181016124124,100,1.1064389461289239,1.3064803358903996,100,0.82999999999999996
corrected_pos_dep_complete,d4448b7c5c68,728cda3555ce,"[""POS_ADV_rate_alto""]","[""uppercaseRatio_baixo""]","[""POS_ADV_rate_alto"", ""uppercaseRatio_baixo""]",593,1181,1882,0.13726851851851851,0.27337962962962964,0.43564814814814817,0.50211685012701102,1.1525742787187501,0.24008097165991904,True,205,383,645,0.1423611111111111,0.26597222222222222,0.44791666666666669,0.53524804177545693,1.1949723723359038,0.24908869987849333,True,204,372,629,0.14166666666666666,0.25833333333333336,0.43680555555555556,0.54838709677419351,1.2554489973844813,0.25595984943538269,True,0.50276469623485853,0.61196391714580567,100,1.1575408701445975,1.3482016917709607,100,0.98999999999999999
corrected_pos_dep_complete,efd1e877b3a6,6b5319dd01d4,"[""DEP_complete_amod_rate_alto"", ""POS_ADJ_rate_alto""]","[""DEP_complete_ccomp_rate_baixo""]","[""DEP_complete_amod_rate_alto"", ""DEP_complete_ccomp_rate_baixo"", ""POS_ADJ_rate_alto""]",542,737,2759,0.12546296296296297,0.17060185185185187,0.6386574074074074,0.73541383989145181,1.1514997420554809,0.18348002708192282,True,183,251,919,0.12708333333333333,0.17430555555555555,0.6381944444444444,0.72908366533864544,1.1424161894316098,0.18541033434650456,True,177,239,920,0.12291666666666666,0.16597222222222222,0.63888888888888884,0.7405857740585774,1.1591777333090776,0.18024439918533605,True,0.6784982020061826,0.79971953281081909,100,1.078093560640393,1.2469530975107954,100,0.97999999999999998
corrected_pos_dep_complete,eab81eb4daeb,545510418faa,"[""DEP_complete_ccomp_rate_baixo"", ""POS_PROPN_rate_alto""]","[""DEP_complete_advcl_rate_baixo""]","[""DEP_complete_advcl_rate_baixo"", ""DEP_complete_ccomp_rate_baixo"", ""POS_PROPN_rate_alto""]",532,725,2780,0.12314814814814815,0.16782407407407407,0.64351851851851849,0.73379310344827586,1.1402828082361698,0.17894382778338377,True,171,229,939,0.11874999999999999,0.15902777777777777,0.65208333333333335,0.74672489082969429,1.1451372127739721,0.17151454363089269,True,181,236,912,0.12569444444444444,0.16388888888888889,0.6333333333333333,0.76694915254237284,1.2109723461195361,0.18717683557394002,True,0.70565843621399182,0.81342882800394423,100,1.1132401326242929,1.2890197874159859,100,1
corrected_pos_dep_complete,96de8162ee9b,66241e1a8614,"[""POS_ADJ_rate_alto"", ""uppercaseRatio_baixo""]","[""DEP_complete_ccomp_rate_baixo""]","[""DEP_complete_ccomp_rate_baixo"", ""POS_ADJ_rate_alto"", ""uppercaseRatio_baixo""]",413,568,2759,0.095601851851851855,0.13148148148148148,0.6386574074074074,0.727112676056338,1.1385019066920552,0.1417295813315031,True,136,181,919,0.094444444444444442,0.12569444444444444,0.6381944444444444,0.75138121546961323,1.1773546792995029,0.14107883817427386,True,139,187,920,0.096527777777777782,0.12986111111111112,0.63888888888888884,0.74331550802139035,1.1634503603813067,0.14359504132231404,True,0.67870112472810229,0.8174230899256254,100,1.0857853752869562,1.2630598097753143,100,1
corrected_pos_dep_complete,b7009ff15128,3d276f37d0f0,"[""DEP_complete_advcl_rate_baixo"", ""POS_NOUN_rate_alto""]","[""DEP_complete_ccomp_rate_baixo""]","[""DEP_complete_advcl_rate_baixo"", ""DEP_complete_ccomp_rate_baixo"", ""POS_NOUN_rate_alto""]",538,741,2759,0.12453703703703704,0.17152777777777778,0.6386574074074074,0.72604588394062075,1.1368315399142739,0.18163403106009454,True,192,257,919,0.13333333333333333,0.17847222222222223,0.6381944444444444,0.74708171206225682,1.1706176989876493,0.1951219512195122,True,173,243,920,0.12013888888888889,0.16875000000000001,0.63888888888888884,0.7119341563786008,1.1143317230273753,0.17474747474747473,True,0.66380952380952385,0.75972803347280327,100,1.0409728608045115,1.179130515723517,100,0.95999999999999996
corrected_pos_dep_complete,e07a82436496,adc7186f6426,"[""DEP_complete_advmod_rate_baixo"", ""POS_PROPN_rate_alto""]","[""DEP_complete_ccomp_rate_baixo""]","[""DEP_complete_advmod_rate_baixo"", ""DEP_complete_ccomp_rate_baixo"", ""POS_PROPN_rate_alto""]",406,561,2759,0.093981481481481485,0.12986111111111112,0.6386574074074074,0.72370766488413552,1.1331703922796177,0.1393273850377488,True,125,184,919,0.086805555555555552,0.12777777777777777,0.6381944444444444,0.67934782608695654,1.0644840800492028,0.1278118609406953,True,137,192,920,0.095138888888888884,0.13333333333333333,0.63888888888888884,0.71354166666666663,1.1168478260869565,0.14051282051282052,True,0.65715880102040813,0.77993799153055043,100,1.0302675271219117,1.2127540509582011,100,0.89000000000000001
corrected_pos_dep_complete,5746f4bc866d,bff266ca80b8,"[""DEP_complete_advmod_rate_baixo"", ""DEP_complete_amod_rate_baixo""]","[""DEP_complete_advcl_rate_baixo""]","[""DEP_complete_advcl_rate_baixo"", ""DEP_complete_advmod_rate_baixo"", ""DEP_complete_amod_rate_baixo""]",357,490,2780,0.082638888888888887,0.11342592592592593,0.64351851851851849,0.72857142857142854,1.1321685508735868,0.12255406797116375,True,119,161,939,0.082638888888888887,0.11180555555555556,0.65208333333333335,0.73913043478260865,1.1334907626059174,0.12130479102956167,True,109,160,912,0.075694444444444439,0.1111111111111111,0.6333333333333333,0.68125000000000002,1.075657894736842,0.11318795430944964,False,0.62150772902932483,0.76458120344676495,100,0.98964587571916018,1.190055311911655,100,0.25
corrected_pos_dep_complete,9061480ecf71,f6ab8eea0378,"[""DEP_complete_ccomp_rate_baixo"", ""DEP_complete_nsubj_rate_alto""]","[""DEP_complete_advcl_rate_baixo""]","[""DEP_complete_advcl_rate_baixo"", ""DEP_complete_ccomp_rate_baixo"", ""DEP_complete_nsubj_rate_alto""]",367,506,2780,0.084953703703703698,0.11712962962962963,0.64351851851851849,0.72529644268774707,1.1270793641766428,0.12572798903734156,True,133,190,939,0.092361111111111116,0.13194444444444445,0.65208333333333335,0.69999999999999996,1.0734824281150159,0.13353413654618473,True,126,186,912,0.087499999999999994,0.12916666666666668,0.6333333333333333,0.67741935483870963,1.069609507640068,0.12962962962962962,True,0.62055373282159221,0.74537037037037024,100,0.98225410731872564,1.1816270780362577,100,0.64000000000000001
corrected_pos_dep_complete,e5d1dba7ba86,2c1b89a531c7,"[""POS_NOUN_rate_alto"", ""POS_PROPN_rate_baixo""]","[""DEP_complete_ccomp_rate_baixo""]","[""DEP_complete_ccomp_rate_baixo"", ""POS_NOUN_rate_alto"", ""POS_PROPN_rate_baixo""]",400,556,2759,0.092592592592592587,0.12870370370370371,0.6386574074074074,0.71942446043165464,1.1264638162612353,0.137221269296741,True,128,173,919,0.088888888888888892,0.12013888888888889,0.6381944444444444,0.73988439306358378,1.1593400718297722,0.13278008298755187,True,112,159,920,0.077777777777777779,0.11041666666666666,0.63888888888888884,0.70440251572327039,1.1025430680885973,0.11582213029989659,False,0.63998541887592786,0.7675456389452332,100,0.99057266049527981,1.1908971448413304,100,0.34999999999999998
corrected_pos_dep_complete,3af239edfcb6,729491a988e1,"[""DEP_complete_advmod_rate_baixo"", ""DEP_complete_obj_rate_alto""]","[""DEP_complete_ccomp_rate_baixo""]","[""DEP_complete_advmod_rate_baixo"", ""DEP_complete_ccomp_rate_baixo"", ""DEP_complete_obj_rate_alto""]",348,484,2759,0.080555555555555561,0.11203703703703703,0.6386574074074074,0.71900826446280997,1.1258121429791006,0.12020725388601036,True,121,173,919,0.084027777777777785,0.12013888888888889,0.6381944444444444,0.69942196531791911,1.0959386616515816,0.12461380020597322,True,123,173,920,0.085416666666666669,0.12013888888888889,0.63888888888888884,0.71098265895953761,1.1128424227192761,0.1268041237113402,True,0.65361356669280668,0.77004216341959864,100,1.008009208043164,1.182657941800062,100,0.70999999999999996
corrected_pos_dep_complete,b3bf88b905b0,84151be68c73,"[""DEP_complete_advmod_rate_baixo"", ""POS_PRON_rate_baixo""]","[""DEP_complete_ccomp_rate_baixo""]","[""DEP_complete_advmod_rate_baixo"", ""DEP_complete_ccomp_rate_baixo"", ""POS_PRON_rate_baixo""]",486,679,2759,0.1125,0.15717592592592591,0.6386574074074074,0.71575846833578793,1.1207236619103311,0.16463414634146342,True,126,187,919,0.087499999999999994,0.12986111111111112,0.6381944444444444,0.6737967914438503,1.0557860497052713,0.12857142857142856,True,150,218,920,0.10416666666666667,0.15138888888888888,0.63888888888888884,0.68807339449541283,1.0769844435580376,0.15182186234817813,True,0.63636363636363635,0.75040350274725265,100,0.98778868896599592,1.1614765116886798,100,0.70999999999999996
corrected_pos_dep_complete,93ed8a283308,707087381bf3,"[""DEP_complete_advcl_rate_baixo"", ""POS_ADJ_rate_alto""]","[""DEP_complete_ccomp_rate_baixo""]","[""DEP_complete_advcl_rate_baixo"", ""DEP_complete_ccomp_rate_baixo"", ""POS_ADJ_rate_alto""]",519,726,2759,0.12013888888888889,0.16805555555555557,0.6386574074074074,0.71487603305785119,1.1193419582493358,0.17498314227916387,True,183,251,919,0.12708333333333333,0.17430555555555555,0.6381944444444444,0.72908366533864544,1.1424161894316098,0.18541033434650456,True,166,229,920,0.11527777777777778,0.15902777777777777,0.63888888888888884,0.72489082969432317,1.1346117334345927,0.1688708036622584,True,0.66810255075481517,0.78387095200936396,100,1.0631642087581634,1.2221951961082396,100,0.98999999999999999
corrected_pos_dep_complete,a6a2f99530b3,ab608a12d629,"[""DEP_complete_advmod_rate_baixo"", ""uppercaseRatio_alto""]","[""DEP_complete_advcl_rate_baixo""]","[""DEP_complete_advcl_rate_baixo"", ""DEP_complete_advmod_rate_baixo"", ""uppercaseRatio_alto""]",362,503,2780,0.083796296296296299,0.11643518518518518,0.64351851851851849,0.71968190854870773,1.1183546204785675,0.12393016090380007,True,97,143,939,0.067361111111111108,0.09930555555555555,0.65208333333333335,0.67832167832167833,1.0402377175540114,0.09847715736040609,False,117,179,912,0.081250000000000003,0.12430555555555556,0.6333333333333333,0.65363128491620115,1.0320493972361071,0.12012320328542095,False,0.59417851170568559,0.7234126984126984,100,0.94593412459960768,1.1315318422389462,100,0.34999999999999998
corrected_pos_dep_complete,3095d133a105,545510418faa,"[""DEP_complete_advcl_rate_baixo"", ""POS_PROPN_rate_alto""]","[""DEP_complete_ccomp_rate_baixo""]","[""DEP_complete_advcl_rate_baixo"", ""DEP_complete_ccomp_rate_baixo"", ""POS_PROPN_rate_alto""]",532,746,2759,0.12314814814814815,0.17268518518518519,0.6386574074074074,0.71313672922252014,1.1166185829073167,0.17894382778338377,True,171,244,919,0.11874999999999999,0.16944444444444445,0.6381944444444444,0.70081967213114749,1.0981287572022334,0.17237903225806453,True,181,256,920,0.12569444444444444,0.17777777777777778,0.63888888888888884,0.70703125,1.1066576086956521,0.18190954773869347,True,0.63934360010098457,0.76574655765920818,100,1.0268072503631627,1.1853708989808669,100,0.90000000000000002
corrected_pos_dep_complete,caf71c79d835,9b9d0aeb1a68,"[""DEP_complete_advcl_rate_baixo"", ""DEP_complete_advmod_rate_baixo""]","[""DEP_complete_ccomp_rate_baixo""]","[""DEP_complete_advcl_rate_baixo"", ""DEP_complete_advmod_rate_baixo"", ""DEP_complete_ccomp_rate_baixo""]",870,1220,2759,0.2013888888888889,0.28240740740740738,0.6386574074074074,0.71311475409836067,1.1165841745940261,0.27983274364747507,True,282,404,919,0.19583333333333333,0.28055555555555556,0.6381944444444444,0.69801980198019797,1.0937415830810502,0.27089337175792505,True,273,386,920,0.18958333333333333,0.26805555555555555,0.63888888888888884,0.70725388601036265,1.1070060824510024,0.26427879961277834,True,0.6683601167792691,0.75040575101956175,100,1.0442946586665227,1.1656219830290815,100,0.95999999999999996
corrected_pos_dep_complete,1de22e36a589,9b9d0aeb1a68,"[""DEP_complete_advmod_rate_baixo"", ""DEP_complete_ccomp_rate_baixo""]","[""DEP_complete_advcl_rate_baixo""]","[""DEP_complete_advcl_rate_baixo"", ""DEP_complete_advmod_rate_baixo"", ""DEP_complete_ccomp_rate_baixo""]",870,1211,2780,0.2013888888888889,0.28032407407407406,0.64351851851851849,0.7184145334434352,1.1163851742718129,0.2787568087151554,True,282,387,939,0.19583333333333333,0.26874999999999999,0.65208333333333335,0.72868217054263562,1.1174678653688981,0.27011494252873564,True,273,393,912,0.18958333333333333,0.27291666666666664,0.6333333333333333,0.69465648854961837,1.0968260345520289,0.26453488372093026,True,0.65074358359318785,0.73785445161796737,100,1.0347412199768478,1.1571430430899279,100,0.92000000000000004
corrected_pos_dep_complete,cf1d68483f9f,e2e477749904,"[""DEP_complete_advmod_rate_baixo"", ""punctuationDensity_spacy_baixo""]","[""DEP_complete_ccomp_rate_baixo""]","[""DEP_complete_advmod_rate_baixo"", ""DEP_complete_ccomp_rate_baixo"", ""punctuationDensity_spacy_baixo""]",368,518,2759,0.085185185185185183,0.11990740740740741,0.6386574074074074,0.71042471042471045,1.1123721453551101,0.12650395324853903,True,99,145,919,0.068750000000000006,0.10069444444444445,0.6381944444444444,0.6827586206896552,1.0698285242580017,0.10259067357512953,False,105,153,920,0.072916666666666671,0.10625,0.63888888888888884,0.68627450980392157,1.0741687979539642,0.10847107438016529,False,0.62180356375288182,0.75260761589403968,100,0.9745153505647004,1.1606490162019729,100,0.11
corrected_pos_dep_complete,b72ca52a0586,3d400f6730cc,"[""DEP_complete_advmod_rate_baixo"", ""DEP_complete_amod_rate_baixo""]","[""DEP_complete_ccomp_rate_baixo""]","[""DEP_complete_advmod_rate_baixo"", ""DEP_complete_amod_rate_baixo"", ""DEP_complete_ccomp_rate_baixo""]",348,490,2759,0.080555555555555561,0.11342592592592593,0.6386574074074074,0.71020408163265303,1.1120266881671117,0.11995863495346432,True,107,161,919,0.074305555555555555,0.11180555555555556,0.6381944444444444,0.6645962732919255,1.0413695685967059,0.10996916752312436,False,109,160,920,0.075694444444444439,0.1111111111111111,0.63888888888888884,0.68125000000000002,1.066304347826087,0.11225540679711637,False,0.61993464052287583,0.77518921475875113,100,0.9705455495755686,1.1854757787030954,100,0.20999999999999999
corrected_pos_dep_complete,1ac91cdca76c,881e49ef5118,"[""DEP_complete_ccomp_rate_baixo"", ""POS_ADV_rate_baixo""]","[""DEP_complete_advcl_rate_baixo""]","[""DEP_complete_advcl_rate_baixo"", ""DEP_complete_ccomp_rate_baixo"", ""POS_ADV_rate_baixo""]",586,820,2780,0.13564814814814816,0.18981481481481483,0.64351851851851849,0.71463414634146338,1.110510615897526,0.19442601194426012,True,206,283,939,0.14305555555555555,0.19652777777777777,0.65208333333333335,0.72791519434628971,1.1162916718409555,0.20275590551181102,True,194,284,912,0.13472222222222222,0.19722222222222222,0.6333333333333333,0.68309859154929575,1.0785767234988881,0.19361277445109781,True,0.63630455263023888,0.73703071672354947,100,1.0140616444251478,1.153349918250461,100,0.83999999999999997
corrected_pos_dep_complete,0456ae685119,8982ce33889a,"[""DEP_complete_advcl_rate_baixo"", ""diversidade_alto""]","[""DEP_complete_ccomp_rate_baixo""]","[""DEP_complete_advcl_rate_baixo"", ""DEP_complete_ccomp_rate_baixo"", ""diversidade_alto""]",477,673,2759,0.11041666666666666,0.15578703703703703,0.6386574074074074,0.70876671619613674,1.1097760833516892,0.16142131979695432,True,189,253,919,0.13125000000000001,0.17569444444444443,0.6381944444444444,0.74703557312252966,1.1705454029341051,0.19226856561546288,True,136,220,920,0.094444444444444442,0.15277777777777779,0.63888888888888884,0.61818181818181817,0.96758893280632408,0.13545816733067728,False,0.5575513529120607,0.68030052006758679,100,0.88021516857331372,1.0599284229674655,100,0.040000000000000001
corrected_pos_dep_complete,144b595c6cc6,e5c38e769384,"[""POS_NOUN_rate_alto""]","[""DEP_complete_ccomp_rate_baixo""]","[""DEP_complete_ccomp_rate_baixo"", ""POS_NOUN_rate_alto""]",772,1092,2759,0.1787037037037037,0.25277777777777777,0.6386574074074074,0.706959706959707,1.106946695928211,0.25073075673920103,True,247,333,919,0.17152777777777778,0.23125000000000001,0.6381944444444444,0.74174174174174179,1.1622503896714995,0.24577114427860697,True,253,357,920,0.17569444444444443,0.24791666666666667,0.63888888888888884,0.70868347338935578,1.1092436974789917,0.2470703125,True,0.66633852258852266,0.74151842595315098,100,1.0376578625330395,1.1606757827350669,100,0.95999999999999996
corrected_pos_dep_complete,2dec7c75406d,45e8771d1d4e,"[""DEP_complete_ccomp_rate_baixo"", ""diversidade_baixo""]","[""DEP_complete_advcl_rate_baixo""]","[""DEP_complete_advcl_rate_baixo"", ""DEP_complete_ccomp_rate_baixo"", ""diversidade_baixo""]",480,679,2780,0.1111111111111111,0.15717592592592591,0.64351851851851849,0.70692194403534614,1.0985261864146385,0.16112789526686808,True,162,229,939,0.1125,0.15902777777777777,0.65208333333333335,0.70742358078602618,1.0848668331542894,0.1610337972166998,True,172,248,912,0.11944444444444445,0.17222222222222222,0.6333333333333333,0.69354838709677424,1.0950764006791172,0.17408906882591094,True,0.6359815789473684,0.74164215686274515,100,0.99810106919489283,1.1723658694246928,100,0.85999999999999999
corrected_pos_dep_complete,418aad9039d2,3dc2b7c73ed0,"[""POS_ADJ_rate_alto""]","[""DEP_complete_ccomp_rate_baixo""]","[""DEP_complete_ccomp_rate_baixo"", ""POS_ADJ_rate_alto""]",762,1089,2759,0.1763888888888889,0.25208333333333333,0.6386574074074074,0.69972451790633605,1.095617947573531,0.24692158133506156,True,256,362,919,0.17777777777777778,0.25138888888888888,0.6381944444444444,0.70718232044198892,1.1080985216936496,0.24975609756097561,True,245,350,920,0.1701388888888889,0.24305555555555555,0.63888888888888884,0.69999999999999996,1.0956521739130434,0.23902439024390243,True,0.64660327959211794,0.75179308371238363,100,1.0280588081925908,1.162309691831793,100,0.91000000000000003
corrected_pos_dep_complete,184e8d420cfe,a1b37839689b,"[""DEP_complete_advmod_rate_baixo"", ""POS_NOUN_rate_alto""]","[""DEP_complete_advcl_rate_baixo""]","[""DEP_complete_advcl_rate_baixo"", ""DEP_complete_advmod_rate_baixo"", ""POS_NOUN_rate_alto""]",379,538,2780,0.08773148148148148,0.12453703703703704,0.64351851851851849,0.70446096654275092,1.09470193362039,0.12895542701599183,True,120,151,939,0.083333333333333329,0.10486111111111111,0.65208333333333335,0.79470198675496684,1.2187123119564987,0.12371134020618557,True,128,183,912,0.088888888888888892,0.12708333333333333,0.6333333333333333,0.69945355191256831,1.1044003451251079,0.13236814891416754,True,0.63102182454329059,0.76124762808349145,100,1.0094502673774426,1.1993930874999916,100,0.85999999999999999
corrected_pos_dep_complete,dd4e0b9bb519,9dfc0aee2734,"[""POS_PRON_rate_baixo"", ""POS_PROPN_rate_alto""]","[""DEP_complete_ccomp_rate_baixo""]","[""DEP_complete_ccomp_rate_baixo"", ""POS_PRON_rate_baixo"", ""POS_PROPN_rate_alto""]",358,513,2759,0.082870370370370372,0.11874999999999999,0.6386574074074074,0.6978557504873294,1.0926918601323896,0.12285518188057652,True,111,162,919,0.077083333333333337,0.1125,0.6381944444444444,0.68518518518518523,1.0736307580703663,0.11443298969072165,False,112,157,920,0.077777777777777779,0.10902777777777778,0.63888888888888884,0.7133757961783439,1.1165882027139296,0.11606217616580311,False,0.65134291815470713,0.7881826556125805,100,1.0295650956561782,1.2198853566374237,100,0.38
corrected_pos_dep_complete,81331a3ce81f,42af3e872bff,"[""DEP_complete_advmod_rate_baixo"", ""POS_ADV_rate_baixo""]","[""DEP_complete_advcl_rate_baixo""]","[""DEP_complete_advcl_rate_baixo"", ""DEP_complete_advmod_rate_baixo"", ""POS_ADV_rate_baixo""]",845,1202,2780,0.19560185185185186,0.27824074074074073,0.64351851851851849,0.7029950083194676,1.0924238978201799,0.26936563595792157,True,295,412,939,0.2048611111111111,0.28611111111111109,0.65208333333333335,0.71601941747572817,1.0980489469276342,0.27935606060606061,True,274,408,912,0.19027777777777777,0.28333333333333333,0.6333333333333333,0.67156862745098034,1.0603715170278638,0.26195028680688337,True,0.62722188264058676,0.72142174003094584,100,1.0035799284849267,1.1265560340934564,100,0.69999999999999996
corrected_pos_dep_complete,bd22c807cf6a,612d92b88d8d,"[""DEP_complete_ccomp_rate_baixo"", ""uppercaseRatio_alto""]","[""DEP_complete_advcl_rate_baixo""]","[""DEP_complete_advcl_rate_baixo"", ""DEP_complete_ccomp_rate_baixo"", ""uppercaseRatio_alto""]",489,696,2780,0.11319444444444444,0.16111111111111112,0.64351851851851849,0.70258620689655171,1.0917886380550732,0.16370940743220622,True,140,207,939,0.097222222222222224,0.14374999999999999,0.65208333333333335,0.67632850241545894,1.0371810899661991,0.13916500994035785,False,154,234,912,0.10694444444444444,0.16250000000000001,0.6333333333333333,0.65811965811965811,1.0391363022941971,0.15524193548387097,False,0.59806582633053218,0.71187782805429856,100,0.95779783738863467,1.1179964477319766,100,0.40999999999999998
corrected_pos_dep_complete,d3dcb752be03,e72a1b3fb993,"[""DEP_complete_advmod_rate_baixo""]","[""DEP_complete_ccomp_rate_baixo""]","[""DEP_complete_advmod_rate_baixo"", ""DEP_complete_ccomp_rate_baixo""]",1211,1744,2759,0.28032407407407406,0.40370370370370373,0.6386574074074074,0.69438073394495414,1.0872507323820957,0.36786148238153099,True,387,571,919,0.26874999999999999,0.39652777777777776,0.6381944444444444,0.67775831873905434,1.061993448296233,0.35086128739800543,True,393,572,920,0.27291666666666664,0.3972222222222222,0.63888888888888884,0.68706293706293708,1.0754028580115536,0.3575978161965423,True,0.66109887805389544,0.72894505706937418,100,1.0261216656587515,1.1219363686781045,100,0.91000000000000003
corrected_pos_dep_complete,06bb97ec1fbc,a4fb7fd9a505,"[""DEP_complete_advmod_rate_baixo"", ""POS_PRON_rate_baixo""]","[""DEP_complete_advcl_rate_baixo""]","[""DEP_complete_advcl_rate_baixo"", ""DEP_complete_advmod_rate_baixo"", ""POS_PRON_rate_baixo""]",475,679,2780,0.10995370370370371,0.15717592592592591,0.64351851851851849,0.69955817378497787,1.0870832053061528,0.1591823056300268,True,131,187,939,0.090972222222222218,0.12986111111111112,0.65208333333333335,0.70053475935828879,1.0743025063641489,0.13165829145728644,True,155,218,912,0.1076388888888889,0.15138888888888888,0.6333333333333333,0.71100917431192656,1.1226460647030421,0.15897435897435896,True,0.65028280542986427,0.75880893300248142,100,1.0356225110937245,1.2096384198491383,100,0.93999999999999995
corrected_pos_dep_complete,c382115c091a,843543ba3ea3,"[""DEP_complete_advmod_rate_baixo""]","[""DEP_complete_advcl_rate_baixo""]","[""DEP_complete_advcl_rate_baixo"", ""DEP_complete_advmod_rate_baixo""]",1220,1744,2780,0.28240740740740738,0.40370370370370373,0.64351851851851849,0.69954128440366969,1.0870569599366378,0.36924939467312351,True,404,571,939,0.28055555555555556,0.39652777777777776,0.65208333333333335,0.70753064798598952,1.0850310256654152,0.36528028933092227,True,386,572,912,0.26805555555555555,0.3972222222222222,0.6333333333333333,0.67482517482517479,1.0655134339344865,0.35154826958105645,True,0.64095741253785199,0.71644664031620553,100,1.0216392246224679,1.1199964129264697,100,0.77000000000000002
corrected_pos_dep_complete,4378f90fe3dc,6fa695cdc3ab,"[""DEP_complete_advcl_rate_baixo"", ""punctuationDensity_spacy_baixo""]","[""DEP_complete_ccomp_rate_baixo""]","[""DEP_complete_advcl_rate_baixo"", ""DEP_complete_ccomp_rate_baixo"", ""punctuationDensity_spacy_baixo""]",465,670,2759,0.1076388888888889,0.15509259259259259,0.6386574074074074,0.69402985074626866,1.0867013248364916,0.15688259109311742,True,153,220,919,0.10625,0.15277777777777779,0.6381944444444444,0.69545454545454544,1.0897220298743693,0.15517241379310345,True,151,223,920,0.10486111111111111,0.15486111111111112,0.63888888888888884,0.67713004484304928,1.0598557223630338,0.15221774193548387,True,0.6257447209653092,0.73597161572052405,100,0.98008527003865498,1.1455547320027986,100,0.56000000000000005
corrected_pos_dep_complete,9e262bbd2a5b,7262923245d2,"[""DEP_complete_advcl_rate_baixo"", ""DEP_complete_obj_rate_alto""]","[""DEP_complete_ccomp_rate_baixo""]","[""DEP_complete_advcl_rate_baixo"", ""DEP_complete_ccomp_rate_baixo"", ""DEP_complete_obj_rate_alto""]",405,585,2759,0.09375,0.13541666666666666,0.6386574074074074,0.69230769230769229,1.0840047954944656,0.13780197346036066,True,143,217,919,0.09930555555555555,0.15069444444444444,0.6381944444444444,0.65898617511520741,1.0325789903872673,0.14400805639476336,False,139,212,920,0.096527777777777782,0.14722222222222223,0.63888888888888884,0.65566037735849059,1.0262510254306809,0.13997985901309165,False,0.59248593594047727,0.70553353658536577,100,0.95344285324818812,1.0856013003650753,100,0.22
corrected_pos_dep_complete,15767465e879,3d276f37d0f0,"[""DEP_complete_ccomp_rate_baixo"", ""POS_NOUN_rate_alto""]","[""DEP_complete_advcl_rate_baixo""]","[""DEP_complete_advcl_rate_baixo"", ""DEP_complete_ccomp_rate_baixo"", ""POS_NOUN_rate_alto""]",538,772,2780,0.12453703703703704,0.1787037037037037,0.64351851851851849,0.69689119170984459,1.0829388302829239,0.17850033178500332,True,192,247,939,0.13333333333333333,0.17152777777777778,0.65208333333333335,0.77732793522267207,1.1920683990635226,0.19315895372233399,True,173,253,912,0.12013888888888889,0.17569444444444443,0.6333333333333333,0.6837944664031621,1.0796754732681506,0.17439516129032259,True,0.62369387103639073,0.73965735398319665,100,1.0041150032457395,1.1689388786082522,100,0.76000000000000001
corrected_pos_dep_complete,a8f570de6562,a342722d084d,"[""POS_NOUN_rate_alto"", ""uppercaseRatio_baixo""]","[""DEP_complete_ccomp_rate_baixo""]","[""DEP_complete_ccomp_rate_baixo"", ""POS_NOUN_rate_alto"", ""uppercaseRatio_baixo""]",398,576,2759,0.092129629629629631,0.13333333333333333,0.6386574074074074,0.69097222222222221,1.0819137368611815,0.1355124276472591,True,138,178,919,0.09583333333333334,0.12361111111111112,0.6381944444444444,0.7752808988764045,1.214803584746488,0.14389989572471323,True,134,182,920,0.093055555555555558,0.12638888888888888,0.63888888888888884,0.73626373626373631,1.1524128045867177,0.13842975206611571,True,0.66725266033937303,0.79398550724637673,100,1.0604542686765817,1.236762791406419,100,0.95999999999999996
corrected_pos_dep_complete,653477f82c3e,2e069ab0427d,"[""DEP_complete_advmod_rate_baixo"", ""uppercaseRatio_baixo""]","[""DEP_complete_ccomp_rate_baixo""]","[""DEP_complete_advmod_rate_baixo"", ""DEP_complete_ccomp_rate_baixo"", ""uppercaseRatio_baixo""]",467,676,2759,0.10810185185185185,0.15648148148148147,0.6386574074074074,0.69082840236686394,1.0816885459314434,0.15734501347708896,True,165,239,919,0.11458333333333333,0.16597222222222222,0.6381944444444444,0.69037656903765687,1.0817652441939347,0.16616314199395771,True,152,219,920,0.10555555555555556,0.15208333333333332,0.63888888888888884,0.69406392694063923,1.0863609291244789,0.15400202634245189,True,0.63445048309178742,0.75781084320685999,100,1.0102655240704561,1.1766396761133602,100,0.83999999999999997
corrected_pos_dep_complete,d1f335943bb3,491a6559879a,"[""DEP_complete_advcl_rate_baixo"", ""POS_PRON_rate_baixo""]","[""DEP_complete_ccomp_rate_baixo""]","[""DEP_complete_advcl_rate_baixo"", ""DEP_complete_ccomp_rate_baixo"", ""POS_PRON_rate_baixo""]",658,955,2759,0.15231481481481482,0.22106481481481483,0.6386574074074074,0.68900523560209426,1.0788338592972262,0.21531413612565445,True,204,302,919,0.14166666666666666,0.20972222222222223,0.6381944444444444,0.67549668874172186,1.0584496537411092,0.20058997050147492,True,212,310,920,0.14722222222222223,0.21527777777777779,0.63888888888888884,0.68387096774193545,1.0704067321178121,0.20825147347740669,True,0.6292627533193571,0.73782445863542512,100,1.003057180985194,1.1268825365300912,100,0.68000000000000005
corrected_pos_dep_complete,472ef2408204,79313b18afe7,"[""POS_PRON_rate_baixo"", ""POS_PROPN_rate_alto""]","[""DEP_complete_advcl_rate_baixo""]","[""DEP_complete_advcl_rate_baixo"", ""POS_PRON_rate_baixo"", ""POS_PROPN_rate_alto""]",354,513,2780,0.081944444444444445,0.11874999999999999,0.64351851851851849,0.6900584795321637,1.0723210904960243,0.12044913235794488,True,114,162,939,0.079166666666666663,0.1125,0.65208333333333335,0.70370370370370372,1.0791622293219738,0.11550151975683891,False,115,157,912,0.079861111111111105,0.10902777777777778,0.6333333333333333,0.73248407643312097,1.1565538048944015,0.12054507337526206,False,0.64105025409373229,0.80069812570995835,100,1.0315786829235614,1.260888998659015,100,0.53000000000000003
corrected_pos_dep_complete,1c6c09e78fb2,0a5b9f260700,"[""POS_PROPN_rate_alto""]","[""DEP_complete_advcl_rate_baixo""]","[""DEP_complete_advcl_rate_baixo"", ""POS_PROPN_rate_alto""]",746,1082,2780,0.17268518518518519,0.25046296296296294,0.64351851851851849,0.6894639556377079,1.0713972260269418,0.23940949935815148,True,244,362,939,0.16944444444444445,0.25138888888888888,0.65208333333333335,0.67403314917127077,1.0336610594319806,0.23084200567644275,False,256,362,912,0.17777777777777778,0.25138888888888888,0.6333333333333333,0.70718232044198892,1.1166036638557719,0.25147347740667975,True,0.65168261161463581,0.75783915560952486,100,1.0400983128568766,1.1838083238021799,100,0.93999999999999995
corrected_pos_dep_complete,c700c7c21e22,d2cc39515917,"[""DEP_complete_advcl_rate_baixo"", ""POS_PROPN_rate_baixo""]","[""DEP_complete_ccomp_rate_baixo""]","[""DEP_complete_advcl_rate_baixo"", ""DEP_complete_ccomp_rate_baixo"", ""POS_PROPN_rate_baixo""]",442,646,2759,0.10231481481481482,0.14953703703703702,0.6386574074074074,0.68421052631578949,1.0713263768337118,0.14917313533580831,True,160,230,919,0.1111111111111111,0.15972222222222221,0.6381944444444444,0.69565217391304346,1.0900316979703837,0.16177957532861476,True,143,206,920,0.09930555555555555,0.14305555555555555,0.63888888888888884,0.69417475728155342,1.0865344027015618,0.14547304170905392,True,0.64172332847660674,0.76148499558693727,100,0.98581467836610726,1.1863218692181878,100,0.70999999999999996
corrected_pos_dep_complete,3a9ce43d4650,514495056ba4,"[""diversidade_baixo""]","[""DEP_complete_advcl_rate_baixo""]","[""DEP_complete_advcl_rate_baixo"", ""diversidade_baixo""]",749,1087,2780,0.17337962962962963,0.25162037037037038,0.64351851851851849,0.68905243790248394,1.0707577452297592,0.24021808851828094,True,240,346,939,0.16666666666666666,0.24027777777777778,0.65208333333333335,0.69364161849710981,1.0637315555227242,0.22966507177033493,True,241,354,912,0.1673611111111111,0.24583333333333332,0.6333333333333333,0.6807909604519774,1.0749330954504905,0.23512195121951218,True,0.64275204125483454,0.72495364728412248,100,1.0175012942748376,1.1383735184665198,100,0.80000000000000004
corrected_pos_dep_complete,6501a01f402f,a57b9c11ce44,"[""DEP_complete_nsubj_rate_alto""]","[""DEP_complete_advcl_rate_baixo""]","[""DEP_complete_advcl_rate_baixo"", ""DEP_complete_nsubj_rate_alto""]",735,1068,2780,0.1701388888888889,0.24722222222222223,0.64351851851851849,0.6882022471910112,1.0694365855630104,0.23610664953421137,True,260,382,939,0.18055555555555555,0.26527777777777778,0.65208333333333335,0.68062827225130895,1.0437749862000902,0.24505183788878418,False,256,390,912,0.17777777777777778,0.27083333333333331,0.6333333333333333,0.65641025641025641,1.0364372469635628,0.24474187380497131,False,0.61897644728153201,0.69951908710593158,100,0.99299805288421272,1.1006684279039529,100,0.38
corrected_pos_dep_complete,01c21c784c02,fff44d92c05f,"[""DEP_complete_advmod_rate_baixo"", ""uppercaseRatio_baixo""]","[""DEP_complete_advcl_rate_baixo""]","[""DEP_complete_advcl_rate_baixo"", ""DEP_complete_advmod_rate_baixo"", ""uppercaseRatio_baixo""]",465,676,2780,0.1076388888888889,0.15648148148148147,0.64351851851851849,0.68786982248520712,1.0689200119194586,0.15546639919759278,True,170,239,939,0.11805555555555555,0.16597222222222222,0.65208333333333335,0.71129707112970708,1.0908070100391674,0.16865079365079366,True,151,219,912,0.10486111111111111,0.15208333333333332,0.6333333333333333,0.68949771689497719,1.0886806056236482,0.15408163265306121,True,0.6290898465067043,0.74383819686411146,100,1.010085690788983,1.1615565605388309,100,0.78000000000000003
corrected_pos_dep_complete,ef0bbdadd026,29499b48b237,"[""DEP_complete_amod_rate_alto"", ""DEP_complete_ccomp_rate_baixo""]","[""DEP_complete_advcl_rate_baixo""]","[""DEP_complete_advcl_rate_baixo"", ""DEP_complete_amod_rate_alto"", ""DEP_complete_ccomp_rate_baixo""]",545,793,2780,0.12615740740740741,0.18356481481481482,0.64351851851851849,0.68726355611601508,1.0679779001515055,0.17998678996036988,True,200,271,939,0.1388888888888889,0.18819444444444444,0.65208333333333335,0.73800738007380073,1.1317685061834644,0.19801980198019803,True,179,251,912,0.12430555555555556,0.17430555555555555,0.6333333333333333,0.71314741035856577,1.126022226881946,0.18191056910569106,True,0.65269369619550122,0.76103990914990272,100,1.0430625096760739,1.1961912406030075,100,0.94999999999999996
corrected_pos_dep_complete,ea36579b5c9c,edb22e2e0031,"[""DEP_complete_advcl_rate_baixo"", ""DEP_complete_obj_rate_baixo""]","[""DEP_complete_ccomp_rate_baixo""]","[""DEP_complete_advcl_rate_baixo"", ""DEP_complete_ccomp_rate_baixo"", ""DEP_complete_obj_rate_baixo""]",583,859,2759,0.13495370370370371,0.1988425925925926,0.6386574074074074,0.67869615832363217,1.0626920637760386,0.19209225700164745,True,188,286,919,0.13055555555555556,0.1986111111111111,0.6381944444444444,0.65734265734265729,1.0300037285891475,0.1848574237954769,False,183,265,920,0.12708333333333333,0.18402777777777779,0.63888888888888884,0.69056603773584901,1.0808859721082855,0.18263473053892215,True,0.64095293618825522,0.73668186258547697,100,0.99234556456806633,1.1577741398961765,100,0.77000000000000002
corrected_pos_dep_complete,51d9d303c0a9,881e49ef5118,"[""DEP_complete_advcl_rate_baixo"", ""POS_ADV_rate_baixo""]","[""DEP_complete_ccomp_rate_baixo""]","[""DEP_complete_advcl_rate_baixo"", ""DEP_complete_ccomp_rate_baixo"", ""POS_ADV_rate_baixo""]",586,864,2759,0.13564814814814816,0.20000000000000001,0.6386574074074074,0.6782407407407407,1.06197897789054,0.19295357260454396,True,206,302,919,0.14305555555555555,0.20972222222222223,0.6381944444444444,0.68211920529801329,1.0688266111307281,0.20295566502463055,True,194,281,920,0.13472222222222222,0.19513888888888889,0.63888888888888884,0.69039145907473309,1.0806127185517562,0.19265143992055611,True,0.64297906653174808,0.73469040288070131,100,0.99856477947126432,1.1419035265717639,100,0.75
corrected_pos_dep_complete,752035929c84,d3157b07ed0e,"[""DEP_complete_amod_rate_alto"", ""POS_ADJ_rate_alto""]","[""DEP_complete_advcl_rate_baixo""]","[""DEP_complete_advcl_rate_baixo"", ""DEP_complete_amod_rate_alto"", ""POS_ADJ_rate_alto""]",503,737,2780,0.11643518518518518,0.17060185185185187,0.64351851851851849,0.6824966078697422,1.0605702683443476,0.16688785666887856,True,186,251,939,0.12916666666666668,0.17430555555555555,0.65208333333333335,0.74103585657370519,1.1364128151929025,0.1852589641434263,True,164,239,912,0.11388888888888889,0.16597222222222222,0.6333333333333333,0.68619246861924688,1.0834617925567056,0.16616008105369809,True,0.63052626128380829,0.73447692307692303,100,1.0024861397107687,1.1806133519935871,100,0.76000000000000001
corrected_pos_dep_complete,dc1a3dbe2e2c,643fe2ac7543,"[""POS_ADV_rate_baixo"", ""POS_PRON_rate_baixo""]","[""DEP_complete_ccomp_rate_baixo""]","[""DEP_complete_ccomp_rate_baixo"", ""POS_ADV_rate_baixo"", ""POS_PRON_rate_baixo""]",346,511,2759,0.08009259259259259,0.11828703703703704,0.6386574074074074,0.67710371819960857,1.0601986453868464,0.11833105335157319,True,99,155,919,0.068750000000000006,0.1076388888888889,0.6381944444444444,0.6387096774193548,1.000807329144582,0.10153846153846154,False,117,172,920,0.081250000000000003,0.11944444444444445,0.63888888888888884,0.68023255813953487,1.064711830131446,0.12,True,0.62530313600425225,0.73871996996996991,100,0.96726155852221385,1.1708308398012688,100,0.41999999999999998
corrected_pos_dep_complete,408ee7980b24,0f2e9db7890b,"[""DEP_complete_amod_rate_alto""]","[""DEP_complete_advcl_rate_baixo""]","[""DEP_complete_advcl_rate_baixo"", ""DEP_complete_amod_rate_alto""]",731,1072,2780,0.16921296296296295,0.24814814814814815,0.64351851851851849,0.68190298507462688,1.0596478041447439,0.23421980134572251,True,271,365,939,0.18819444444444444,0.25347222222222221,0.65208333333333335,0.74246575342465748,1.1386056282550658,0.26234269119070669,True,233,338,912,0.16180555555555556,0.23472222222222222,0.6333333333333333,0.68934911242603547,1.0884459669884772,0.22910521140609635,True,0.64124423963133648,0.72889739850283242,100,1.0198947300543277,1.1579163050626315,100,0.87
corrected_pos_dep_complete,20b31122d5ee,707087381bf3,"[""DEP_complete_ccomp_rate_baixo"", ""POS_ADJ_rate_alto""]","[""DEP_complete_advcl_rate_baixo""]","[""DEP_complete_advcl_rate_baixo"", ""DEP_complete_ccomp_rate_baixo"", ""POS_ADJ_rate_alto""]",519,762,2780,0.12013888888888889,0.1763888888888889,0.64351851851851849,0.68110236220472442,1.058403670764176,0.171683757856434,True,183,256,939,0.12708333333333333,0.17777777777777778,0.65208333333333335,0.71484375,1.0962460063897763,0.18083003952569171,True,166,245,912,0.11527777777777778,0.1701388888888889,0.6333333333333333,0.67755102040816328,1.0698174006444683,0.16750756811301715,True,0.62128183850426766,0.73062650240384608,100,0.98282076311901523,1.1528157954577791,100,0.68999999999999995
corrected_pos_dep_complete,557cbfa03898,491a6559879a,"[""DEP_complete_ccomp_rate_baixo"", ""POS_PRON_rate_baixo""]","[""DEP_complete_advcl_rate_baixo""]","[""DEP_complete_advcl_rate_baixo"", ""DEP_complete_ccomp_rate_baixo"", ""POS_PRON_rate_baixo""]",658,967,2780,0.15231481481481482,0.22384259259259259,0.64351851851851849,0.68045501551189247,1.0573977219465378,0.21301392036257688,True,204,286,939,0.14166666666666666,0.1986111111111111,0.65208333333333335,0.71328671328671334,1.0938582184588574,0.19980411361410383,True,212,302,912,0.14722222222222223,0.20972222222222223,0.6333333333333333,0.70198675496688745,1.1084001394214011,0.21157684630738524,True,0.65272742303104736,0.75004979432777652,100,1.0380491166047887,1.1814621953300923,100,0.93000000000000005
corrected_pos_dep_complete,2abddf8cf68d,d52dcc485428,"[""POS_ADV_rate_baixo"", ""POS_PRON_rate_baixo""]","[""DEP_complete_advcl_rate_baixo""]","[""DEP_complete_advcl_rate_baixo"", ""POS_ADV_rate_baixo"", ""POS_PRON_rate_baixo""]",347,511,2780,0.080324074074074076,0.11828703703703704,0.64351851851851849,0.67906066536203524,1.055230962001436,0.11786684782608696,True,103,155,939,0.071527777777777773,0.1076388888888889,0.65208333333333335,0.6645161290322581,1.0190662681644853,0.10393541876892028,False,118,172,912,0.081944444444444445,0.11944444444444445,0.6333333333333333,0.68604651162790697,1.0832313341493267,0.12215320910973085,True,0.61454148914587137,0.75624999999999987,100,0.9737875139386053,1.1940644500812252,100,0.52000000000000002
corrected_pos_dep_complete,a8b3dfc151c7,e7f51bee8aff,"[""DEP_complete_amod_rate_baixo"", ""DEP_complete_ccomp_rate_baixo""]","[""DEP_complete_advcl_rate_baixo""]","[""DEP_complete_advcl_rate_baixo"", ""DEP_complete_amod_rate_baixo"", ""DEP_complete_ccomp_rate_baixo""]",471,694,2780,0.10902777777777778,0.16064814814814815,0.64351851851851849,0.67867435158501443,1.0546306470673605,0.15684315684315683,True,152,218,939,0.10555555555555556,0.15138888888888888,0.65208333333333335,0.69724770642201839,1.069261658410763,0.15124378109452735,True,150,222,912,0.10416666666666667,0.15416666666666667,0.6333333333333333,0.67567567567567566,1.0668563300142246,0.1524390243902439,True,0.62527111872146124,0.72981652360515015,100,0.9909938195038196,1.1519282373394786,100,0.71999999999999997
corrected_pos_dep_complete,d91dba5be2c6,ee52e42000e6,"[""POS_NOUN_rate_alto""]","[""DEP_complete_advcl_rate_baixo""]","[""DEP_complete_advcl_rate_baixo"", ""POS_NOUN_rate_alto""]",741,1092,2780,0.17152777777777778,0.25277777777777777,0.64351851851851849,0.6785714285714286,1.0544707091469681,0.23666560204407538,True,257,333,939,0.17847222222222223,0.23125000000000001,0.65208333333333335,0.77177177177177181,1.1835477650174135,0.25320197044334974,True,243,357,912,0.16875000000000001,0.24791666666666667,0.6333333333333333,0.68067226890756305,1.0747456877487838,0.23684210526315788,True,0.63121308943335652,0.73299999999999998,100,1.0120101589886457,1.1495716989014195,100,0.79000000000000004
corrected_pos_dep_complete,892218378884,dfcedf2ae956,"[""POS_PRON_rate_baixo"", ""uppercaseRatio_baixo""]","[""DEP_complete_ccomp_rate_baixo""]","[""DEP_complete_ccomp_rate_baixo"", ""POS_PRON_rate_baixo"", ""uppercaseRatio_baixo""]",368,547,2759,0.085185185185185183,0.12662037037037038,0.6386574074074074,0.67276051188299812,1.0533981193673621,0.12525527569775358,True,117,168,919,0.081250000000000003,0.11666666666666667,0.6381944444444444,0.6964285714285714,1.0912482512047257,0.12061855670103093,True,121,179,920,0.084027777777777785,0.12430555555555556,0.63888888888888884,0.67597765363128492,1.0580519795967938,0.12372188139059305,True,0.61942038181416903,0.73966318076870841,100,0.97463912257775231,1.1273319181595287,100,0.48999999999999999
corrected_pos_dep_complete,4190c92b757d,10d47c724158,"[""POS_ADV_rate_baixo""]","[""DEP_complete_advcl_rate_baixo""]","[""DEP_complete_advcl_rate_baixo"", ""POS_ADV_rate_baixo""]",864,1278,2780,0.20000000000000001,0.29583333333333334,0.64351851851851849,0.676056338028169,1.0505623670078021,0.27050720100187853,True,302,443,939,0.20972222222222223,0.30763888888888891,0.65208333333333335,0.68171557562076746,1.0454424162874389,0.27962962962962962,False,281,434,912,0.19513888888888889,0.30138888888888887,0.6333333333333333,0.64746543778801846,1.0223138491389765,0.26384976525821596,False,0.60888430504945334,0.69289583333333327,100,0.97960806764646957,1.0776236224838633,100,0.23000000000000001
