support,features,itemset_size,pattern_id
0.72638888888888886,"[""DEP_nsubj:pass_rate_baixo""]",1,799bdc9ac6d9
0.66712962962962963,"[""DEP_aux:pass_rate_baixo""]",1,c16a2a4e12d3
0.61458333333333337,"[""DEP_nummod_rate_baixo""]",1,b191831f2e9b
0.59282407407407411,"[""DEP_ccomp_rate_baixo""]",1,1bc43e1dbff9
0.58657407407407403,"[""DEP_advcl_rate_baixo""]",1,d5eb58f3e3a9
0.56180555555555556,"[""DEP_cop_rate_baixo""]",1,b0aa21a614a8
0.43564814814814817,"[""uppercaseRatio_baixo""]",1,8e98244619be
0.4060185185185185,"[""POS_NUM_rate_baixo""]",1,430f7a06b954
0.32361111111111113,"[""DEP_mark_rate_baixo""]",1,902c4b81aca7
0.31967592592592592,"[""POS_SCONJ_rate_baixo""]",1,cac7419e8935
0.27546296296296297,"[""DEP_cc_rate_alto""]",1,b0d7ff2654ff
0.26921296296296299,"[""POS_PRON_rate_alto""]",1,30f1195e63ac
0.2675925925925926,"[""DEP_obj_rate_alto""]",1,738bbbe200f9
0.2673611111111111,"[""DEP_appos_rate_alto""]",1,3f6baff942c9
0.26666666666666666,"[""DEP_amod_rate_alto""]",1,66804dfdc4bc
0.26458333333333334,"[""POS_AUX_rate_baixo""]",1,5e6e6c311b6f
0.2636574074074074,"[""DEP_conj_rate_alto""]",1,7d5173ece06e
0.25949074074074074,"[""POS_CCONJ_rate_alto""]",1,99a727b06f84
0.25694444444444442,"[""diversidade_alto""]",1,0dd68855e97c
0.25648148148148148,"[""DEP_case_rate_baixo""]",1,e04f0a8ec949
0.25648148148148148,"[""DEP_acl:relcl_rate_alto""]",1,4efd474bbb8a
0.25532407407407409,"[""DEP_xcomp_rate_alto""]",1,2aa82978a993
0.25254629629629627,"[""POS_ADP_rate_baixo""]",1,aa2fde1510fc
0.25208333333333333,"[""POS_ADJ_rate_alto""]",1,8adfcc7ab7dd
0.25115740740740738,"[""punctuationDensity_spacy_baixo""]",1,508833c3d68c
0.52708333333333335,"[""DEP_acl_rate_baixo""]",1,62a40f03ce7c
0.26666666666666666,"[""DEP_flat:name_rate_baixo""]",1,b1f743e85d7f
0.26018518518518519,"[""POS_VERB_rate_alto""]",1,4efb7910c6af
0.2590277777777778,"[""DEP_nmod_rate_baixo""]",1,79095cd6882b
0.25740740740740742,"[""DEP_nsubj_rate_alto""]",1,a351c2093f6d
0.25324074074074077,"[""DEP_obl_rate_alto""]",1,e4ab0c3f5717
0.25185185185185183,"[""POS_PROPN_rate_baixo""]",1,a4660d326025
0.60763888888888884,"[""DEP_acl:relcl_rate_baixo""]",1,7571f253d040
0.30462962962962964,"[""DEP_appos_rate_baixo""]",1,2489f7185163
0.2675925925925926,"[""DEP_cop_rate_alto""]",1,739cb68b3cf7
0.26064814814814813,"[""POS_DET_rate_alto""]",1,3a1f9974d389
0.26041666666666669,"[""DEP_det_rate_alto""]",1,bd65a77793d2
0.25601851851851853,"[""POS_NOUN_rate_baixo""]",1,17aa2c04ffe6
0.25462962962962965,"[""uppercaseRatio_alto""]",1,2465ed80b599
0.25324074074074077,"[""DEP_amod_rate_baixo""]",1,754ac406548f
0.25254629629629627,"[""punctuationDensity_spacy_alto""]",1,6e333420d1db
0.25162037037037038,"[""diversidade_baixo""]",1,11e0bf831005
0.49675925925925923,"[""DEP_xcomp_rate_baixo""]",1,e018c99838f7
0.3351851851851852,"[""POS_PRON_rate_baixo""]",1,c3d0a9c0d428
0.27476851851851852,"[""DEP_mark_rate_alto""]",1,90c8bda755d5
0.25462962962962965,"[""POS_SCONJ_rate_alto""]",1,642019693a6a
0.25300925925925927,"[""DEP_obl_rate_baixo""]",1,e122ca19bba5
0.25277777777777777,"[""DEP_ccomp_rate_alto""]",1,b2df6c7c4fbe
0.3261574074074074,"[""DEP_advmod_rate_baixo""]",1,608dea709ebf
0.29999999999999999,"[""DEP_cc_rate_baixo""]",1,c9cdee78e27e
0.29583333333333334,"[""POS_ADV_rate_baixo""]",1,a937e4c79935
0.28842592592592592,"[""POS_CCONJ_rate_baixo""]",1,4663512334b5
0.26828703703703705,"[""DEP_conj_rate_baixo""]",1,3b2b872b8888
0.26203703703703701,"[""POS_VERB_rate_baixo""]",1,8e869133f178
0.26134259259259257,"[""DEP_nmod_rate_alto""]",1,f00d8af371ac
0.26111111111111113,"[""POS_ADJ_rate_baixo""]",1,ae3fd4860f0d
0.25717592592592592,"[""DEP_case_rate_alto""]",1,15b03dd66037
0.25717592592592592,"[""DEP_flat:name_rate_alto""]",1,2699c87fbf69
0.25138888888888888,"[""POS_NUM_rate_alto""]",1,f0c6aaf2dc0d
0.25046296296296294,"[""POS_PROPN_rate_alto""]",1,2e420f34c55e
0.28634259259259259,"[""DEP_advcl_rate_alto""]",1,4ef873bbeacc
0.27337962962962964,"[""POS_ADV_rate_alto""]",1,0a4a14c98c45
0.26990740740740743,"[""DEP_advmod_rate_alto""]",1,62c9a46f0116
0.2587962962962963,"[""DEP_aux:pass_rate_alto""]",1,31be29294343
0.25624999999999998,"[""DEP_acl_rate_alto""]",1,a445a9367095
0.25277777777777777,"[""POS_NOUN_rate_alto""]",1,948676727f20
0.25694444444444442,"[""POS_AUX_rate_alto""]",1,7bbde62ca89b
0.27731481481481479,"[""DEP_nummod_rate_alto""]",1,55b1ba55f9d2
0.25648148148148148,"[""DEP_nsubj_rate_baixo""]",1,d30f05850adb
0.25601851851851853,"[""DEP_obj_rate_baixo""]",1,47c50d10cae8
0.25601851851851853,"[""DEP_nsubj:pass_rate_alto""]",1,0c37ba7e8431
0.25,"[""DEP_det_rate_baixo""]",1,b2a6d69109c7
0.25416666666666665,"[""POS_ADP_rate_alto""]",1,96a006417acd
0.25,"[""POS_DET_rate_baixo""]",1,313bffc8c232
0.65995370370370365,"[""DEP_aux:pass_rate_baixo"", ""DEP_nsubj:pass_rate_baixo""]",2,b28c609b8c35
0.45787037037037037,"[""DEP_nsubj:pass_rate_baixo"", ""DEP_nummod_rate_baixo""]",2,a38dccb849e5
0.42106481481481484,"[""DEP_aux:pass_rate_baixo"", ""DEP_nummod_rate_baixo""]",2,f42cdd38be2b
0.41620370370370369,"[""DEP_aux:pass_rate_baixo"", ""DEP_nsubj:pass_rate_baixo"", ""DEP_nummod_rate_baixo""]",3,cd0bd0fc4695
0.42199074074074072,"[""DEP_ccomp_rate_baixo"", ""DEP_nsubj:pass_rate_baixo""]",2,77204a7d76ad
0.38981481481481484,"[""DEP_aux:pass_rate_baixo"", ""DEP_ccomp_rate_baixo""]",2,53d3626ffded
0.34212962962962962,"[""DEP_ccomp_rate_baixo"", ""DEP_nummod_rate_baixo""]",2,56a1695dc35e
0.35046296296296298,"[""DEP_acl:relcl_rate_baixo"", ""DEP_ccomp_rate_baixo""]",2,715d99e6d071
0.38680555555555557,"[""DEP_aux:pass_rate_baixo"", ""DEP_ccomp_rate_baixo"", ""DEP_nsubj:pass_rate_baixo""]",3,2ed208e761a1
0.25162037037037038,"[""DEP_ccomp_rate_baixo"", ""DEP_nsubj:pass_rate_baixo"", ""DEP_nummod_rate_baixo""]",3,59bd86f7b214
0.2324074074074074,"[""DEP_aux:pass_rate_baixo"", ""DEP_ccomp_rate_baixo"", ""DEP_nummod_rate_baixo""]",3,cc1c89548340
0.1986111111111111,"[""DEP_acl:relcl_rate_baixo"", ""DEP_ccomp_rate_baixo"", ""DEP_nummod_rate_baixo""]",3,efddd954b02c
0.24583333333333332,"[""DEP_acl:relcl_rate_baixo"", ""DEP_ccomp_rate_baixo"", ""DEP_nsubj:pass_rate_baixo""]",3,6d5487e31006
0.22500000000000001,"[""DEP_acl:relcl_rate_baixo"", ""DEP_aux:pass_rate_baixo"", ""DEP_ccomp_rate_baixo""]",3,2ee669dd139a
0.42685185185185187,"[""DEP_advcl_rate_baixo"", ""DEP_nsubj:pass_rate_baixo""]",2,41b106016783
0.39861111111111114,"[""DEP_advcl_rate_baixo"", ""DEP_aux:pass_rate_baixo""]",2,61176ce937c3
0.35393518518518519,"[""DEP_advcl_rate_baixo"", ""DEP_nummod_rate_baixo""]",2,3df52fe4d448
0.35162037037037036,"[""DEP_advcl_rate_baixo"", ""DEP_ccomp_rate_baixo""]",2,e8dcef52b8a3
0.34212962962962962,"[""DEP_acl:relcl_rate_baixo"", ""DEP_advcl_rate_baixo""]",2,a82de6ae0460
0.39351851851851855,"[""DEP_advcl_rate_baixo"", ""DEP_aux:pass_rate_baixo"", ""DEP_nsubj:pass_rate_baixo""]",3,8b831c24d51e
0.26412037037037039,"[""DEP_advcl_rate_baixo"", ""DEP_nsubj:pass_rate_baixo"", ""DEP_nummod_rate_baixo""]",3,cdc735fd2b74
0.24722222222222223,"[""DEP_advcl_rate_baixo"", ""DEP_aux:pass_rate_baixo"", ""DEP_nummod_rate_baixo""]",3,38fe3523bcac
0.25115740740740738,"[""DEP_advcl_rate_baixo"", ""DEP_ccomp_rate_baixo"", ""DEP_nsubj:pass_rate_baixo""]",3,cb2f58520de1
0.23703703703703705,"[""DEP_advcl_rate_baixo"", ""DEP_aux:pass_rate_baixo"", ""DEP_ccomp_rate_baixo""]",3,835eea8334b8
0.19907407407407407,"[""DEP_advcl_rate_baixo"", ""DEP_ccomp_rate_baixo"", ""DEP_nummod_rate_baixo""]",3,95210c4296ee
0.24953703703703703,"[""DEP_acl:relcl_rate_baixo"", ""DEP_advcl_rate_baixo"", ""DEP_nsubj:pass_rate_baixo""]",3,0faa28db8b81
0.23217592592592592,"[""DEP_acl:relcl_rate_baixo"", ""DEP_advcl_rate_baixo"", ""DEP_aux:pass_rate_baixo""]",3,47be129d8049
0.2050925925925926,"[""DEP_acl:relcl_rate_baixo"", ""DEP_advcl_rate_baixo"", ""DEP_nummod_rate_baixo""]",3,4f1c71522ae5
0.1986111111111111,"[""DEP_acl:relcl_rate_baixo"", ""DEP_advcl_rate_baixo"", ""DEP_ccomp_rate_baixo""]",3,cb646160af98
0.39398148148148149,"[""DEP_cop_rate_baixo"", ""DEP_nsubj:pass_rate_baixo""]",2,902cb24fb8f4
0.35879629629629628,"[""DEP_aux:pass_rate_baixo"", ""DEP_cop_rate_baixo""]",2,d6df3ad0eaa3
0.3525462962962963,"[""DEP_ccomp_rate_baixo"", ""DEP_cop_rate_baixo""]",2,65601eadbb58
0.33912037037037035,"[""DEP_cop_rate_baixo"", ""DEP_nummod_rate_baixo""]",2,413ae36d28b4
0.32592592592592595,"[""DEP_advcl_rate_baixo"", ""DEP_cop_rate_baixo""]",2,085b2825fdf5
0.36064814814814816,"[""DEP_acl:relcl_rate_baixo"", ""DEP_cop_rate_baixo""]",2,cbea2b59a810
0.35671296296296295,"[""DEP_aux:pass_rate_baixo"", ""DEP_cop_rate_baixo"", ""DEP_nsubj:pass_rate_baixo""]",3,0864db566c02
0.22939814814814816,"[""DEP_acl:relcl_rate_baixo"", ""DEP_aux:pass_rate_baixo"", ""DEP_cop_rate_baixo""]",3,7f6b7d7c5c66
0.24675925925925926,"[""DEP_ccomp_rate_baixo"", ""DEP_cop_rate_baixo"", ""DEP_nsubj:pass_rate_baixo""]",3,3fc2d5f06ef8
0.22592592592592592,"[""DEP_aux:pass_rate_baixo"", ""DEP_ccomp_rate_baixo"", ""DEP_cop_rate_baixo""]",3,4225b0194f5a
0.22037037037037038,"[""DEP_acl:relcl_rate_baixo"", ""DEP_ccomp_rate_baixo"", ""DEP_cop_rate_baixo""]",3,2f29defa42af
0.24398148148148149,"[""DEP_cop_rate_baixo"", ""DEP_nsubj:pass_rate_baixo"", ""DEP_nummod_rate_baixo""]",3,e6829d82ad9e
0.22175925925925927,"[""DEP_aux:pass_rate_baixo"", ""DEP_cop_rate_baixo"", ""DEP_nummod_rate_baixo""]",3,41824bf6697e
0.2013888888888889,"[""DEP_ccomp_rate_baixo"", ""DEP_cop_rate_baixo"", ""DEP_nummod_rate_baixo""]",3,8c55f4c64298
0.21712962962962962,"[""DEP_acl:relcl_rate_baixo"", ""DEP_cop_rate_baixo"", ""DEP_nummod_rate_baixo""]",3,66a7c14ecd8d
0.22824074074074074,"[""DEP_advcl_rate_baixo"", ""DEP_cop_rate_baixo"", ""DEP_nsubj:pass_rate_baixo""]",3,bcc1570352cd
0.21203703703703702,"[""DEP_advcl_rate_baixo"", ""DEP_aux:pass_rate_baixo"", ""DEP_cop_rate_baixo""]",3,30ef8f25f227
0.20972222222222223,"[""DEP_advcl_rate_baixo"", ""DEP_ccomp_rate_baixo"", ""DEP_cop_rate_baixo""]",3,82331582263e
0.19166666666666668,"[""DEP_advcl_rate_baixo"", ""DEP_cop_rate_baixo"", ""DEP_nummod_rate_baixo""]",3,f6b6e7c02bdd
0.20185185185185187,"[""DEP_acl:relcl_rate_baixo"", ""DEP_advcl_rate_baixo"", ""DEP_cop_rate_baixo""]",3,7f2f7db52617
0.25231481481481483,"[""DEP_acl:relcl_rate_baixo"", ""DEP_cop_rate_baixo"", ""DEP_nsubj:pass_rate_baixo""]",3,db773939c080
0.31689814814814815,"[""DEP_nsubj:pass_rate_baixo"", ""uppercaseRatio_baixo""]",2,7758f1bc501a
0.2902777777777778,"[""DEP_aux:pass_rate_baixo"", ""uppercaseRatio_baixo""]",2,bfec3e0bbe0a
0.26851851851851855,"[""DEP_nummod_rate_baixo"", ""uppercaseRatio_baixo""]",2,263202066157
0.26504629629629628,"[""DEP_ccomp_rate_baixo"", ""uppercaseRatio_baixo""]",2,3bbb360d5802
0.24930555555555556,"[""DEP_advcl_rate_baixo"", ""uppercaseRatio_baixo""]",2,4526f0c88a1a
0.2324074074074074,"[""DEP_cop_rate_baixo"", ""uppercaseRatio_baixo""]",2,3615f9a898bf
0.22384259259259259,"[""DEP_acl_rate_baixo"", ""uppercaseRatio_baixo""]",2,5a055f95beab
0.24768518518518517,"[""DEP_acl:relcl_rate_baixo"", ""uppercaseRatio_baixo""]",2,e3193a5e51cb
0.21527777777777779,"[""DEP_xcomp_rate_baixo"", ""uppercaseRatio_baixo""]",2,bd761a49accf
0.28703703703703703,"[""DEP_aux:pass_rate_baixo"", ""DEP_nsubj:pass_rate_baixo"", ""uppercaseRatio_baixo""]",3,d784d37b05d9
0.1988425925925926,"[""DEP_nsubj:pass_rate_baixo"", ""DEP_nummod_rate_baixo"", ""uppercaseRatio_baixo""]",3,940d346a2ab1
0.18287037037037038,"[""DEP_aux:pass_rate_baixo"", ""DEP_nummod_rate_baixo"", ""uppercaseRatio_baixo""]",3,dd4ef645caf0
0.19120370370370371,"[""DEP_ccomp_rate_baixo"", ""DEP_nsubj:pass_rate_baixo"", ""uppercaseRatio_baixo""]",3,580afcb16075
0.17476851851851852,"[""DEP_aux:pass_rate_baixo"", ""DEP_ccomp_rate_baixo"", ""uppercaseRatio_baixo""]",3,abecc8e3e2b1
0.15092592592592594,"[""DEP_ccomp_rate_baixo"", ""DEP_nummod_rate_baixo"", ""uppercaseRatio_baixo""]",3,4e3079144aea
0.18148148148148149,"[""DEP_advcl_rate_baixo"", ""DEP_nsubj:pass_rate_baixo"", ""uppercaseRatio_baixo""]",3,6a8f412c8439
0.16898148148148148,"[""DEP_advcl_rate_baixo"", ""DEP_aux:pass_rate_baixo"", ""uppercaseRatio_baixo""]",3,244456162bf0
0.15208333333333332,"[""DEP_advcl_rate_baixo"", ""DEP_ccomp_rate_baixo"", ""uppercaseRatio_baixo""]",3,e94fbe4b6e1c
0.15069444444444444,"[""DEP_advcl_rate_baixo"", ""DEP_nummod_rate_baixo"", ""uppercaseRatio_baixo""]",3,27052f73de84
0.16342592592592592,"[""DEP_cop_rate_baixo"", ""DEP_nsubj:pass_rate_baixo"", ""uppercaseRatio_baixo""]",3,5e90d60393fb
0.14907407407407408,"[""DEP_ccomp_rate_baixo"", ""DEP_cop_rate_baixo"", ""uppercaseRatio_baixo""]",3,d1db4930e1ff
0.14722222222222223,"[""DEP_aux:pass_rate_baixo"", ""DEP_cop_rate_baixo"", ""uppercaseRatio_baixo""]",3,0d9fc9de44da
0.13912037037037037,"[""DEP_cop_rate_baixo"", ""DEP_nummod_rate_baixo"", ""uppercaseRatio_baixo""]",3,67bf0549efea
0.13333333333333333,"[""DEP_advcl_rate_baixo"", ""DEP_cop_rate_baixo"", ""uppercaseRatio_baixo""]",3,dfe0d2dba28f
0.14282407407407408,"[""DEP_acl:relcl_rate_baixo"", ""DEP_cop_rate_baixo"", ""uppercaseRatio_baixo""]",3,5829a7e8edea
0.15925925925925927,"[""DEP_acl_rate_baixo"", ""DEP_nsubj:pass_rate_baixo"", ""uppercaseRatio_baixo""]",3,56aea38c6d41
0.14629629629629629,"[""DEP_acl_rate_baixo"", ""DEP_aux:pass_rate_baixo"", ""uppercaseRatio_baixo""]",3,10e89336796d
0.14050925925925925,"[""DEP_acl_rate_baixo"", ""DEP_nummod_rate_baixo"", ""uppercaseRatio_baixo""]",3,51990bb7aacc
0.13287037037037036,"[""DEP_acl_rate_baixo"", ""DEP_ccomp_rate_baixo"", ""uppercaseRatio_baixo""]",3,cea11c2e95c0
0.12662037037037038,"[""DEP_acl_rate_baixo"", ""DEP_advcl_rate_baixo"", ""uppercaseRatio_baixo""]",3,bea0f04b4aa1
0.11990740740740741,"[""DEP_acl:relcl_rate_baixo"", ""DEP_acl_rate_baixo"", ""uppercaseRatio_baixo""]",3,b7e1cf044247
0.11273148148148149,"[""DEP_acl_rate_baixo"", ""DEP_cop_rate_baixo"", ""uppercaseRatio_baixo""]",3,c08a1b7d43a3
0.17731481481481481,"[""DEP_acl:relcl_rate_baixo"", ""DEP_nsubj:pass_rate_baixo"", ""uppercaseRatio_baixo""]",3,0b1610b4dc32
0.16226851851851851,"[""DEP_acl:relcl_rate_baixo"", ""DEP_aux:pass_rate_baixo"", ""uppercaseRatio_baixo""]",3,2455cb05c662
0.15138888888888888,"[""DEP_acl:relcl_rate_baixo"", ""DEP_nummod_rate_baixo"", ""uppercaseRatio_baixo""]",3,90ac49bb2279
0.14699074074074073,"[""DEP_acl:relcl_rate_baixo"", ""DEP_ccomp_rate_baixo"", ""uppercaseRatio_baixo""]",3,6ddd45913d4b
0.1361111111111111,"[""DEP_acl:relcl_rate_baixo"", ""DEP_advcl_rate_baixo"", ""uppercaseRatio_baixo""]",3,148e9a317083
0.15648148148148147,"[""DEP_nsubj:pass_rate_baixo"", ""DEP_xcomp_rate_baixo"", ""uppercaseRatio_baixo""]",3,7bcde78f6380
0.14537037037037037,"[""DEP_aux:pass_rate_baixo"", ""DEP_xcomp_rate_baixo"", ""uppercaseRatio_baixo""]",3,602d48979a9d
0.1423611111111111,"[""DEP_ccomp_rate_baixo"", ""DEP_xcomp_rate_baixo"", ""uppercaseRatio_baixo""]",3,31eb7b815477
0.12777777777777777,"[""DEP_nummod_rate_baixo"", ""DEP_xcomp_rate_baixo"", ""uppercaseRatio_baixo""]",3,346bf3c8e728
0.1275462962962963,"[""DEP_advcl_rate_baixo"", ""DEP_xcomp_rate_baixo"", ""uppercaseRatio_baixo""]",3,17aadc8e4777
0.12546296296296297,"[""DEP_acl:relcl_rate_baixo"", ""DEP_xcomp_rate_baixo"", ""uppercaseRatio_baixo""]",3,40057313b6cf
0.11527777777777778,"[""DEP_cop_rate_baixo"", ""DEP_xcomp_rate_baixo"", ""uppercaseRatio_baixo""]",3,4c5ac05424be
0.10856481481481481,"[""DEP_acl_rate_baixo"", ""DEP_xcomp_rate_baixo"", ""uppercaseRatio_baixo""]",3,918fd1bea69f
0.40324074074074073,"[""DEP_nummod_rate_baixo"", ""POS_NUM_rate_baixo""]",2,80c4ee8ce3df
0.30462962962962964,"[""DEP_nsubj:pass_rate_baixo"", ""POS_NUM_rate_baixo""]",2,45aae0ab7a36
0.27777777777777779,"[""DEP_aux:pass_rate_baixo"", ""POS_NUM_rate_baixo""]",2,bc7f498166b6
0.22268518518518518,"[""DEP_advcl_rate_baixo"", ""POS_NUM_rate_baixo""]",2,e833eea45b43
0.21712962962962962,"[""DEP_ccomp_rate_baixo"", ""POS_NUM_rate_baixo""]",2,3603f58ff33a
0.21481481481481482,"[""DEP_cop_rate_baixo"", ""POS_NUM_rate_baixo""]",2,f1690c308c16
0.1789351851851852,"[""POS_NUM_rate_baixo"", ""uppercaseRatio_baixo""]",2,0f9c66e8173e
0.21990740740740741,"[""DEP_acl_rate_baixo"", ""POS_NUM_rate_baixo""]",2,2983620faf51
0.24675925925925926,"[""DEP_acl:relcl_rate_baixo"", ""POS_NUM_rate_baixo""]",2,8d710206a992
0.1789351851851852,"[""DEP_xcomp_rate_baixo"", ""POS_NUM_rate_baixo""]",2,61b41e90aed7
0.30254629629629631,"[""DEP_nsubj:pass_rate_baixo"", ""DEP_nummod_rate_baixo"", ""POS_NUM_rate_baixo""]",3,a7039bf4342a
0.27592592592592591,"[""DEP_aux:pass_rate_baixo"", ""DEP_nummod_rate_baixo"", ""POS_NUM_rate_baixo""]",3,90557f083e18
0.27500000000000002,"[""DEP_aux:pass_rate_baixo"", ""DEP_nsubj:pass_rate_baixo"", ""POS_NUM_rate_baixo""]",3,ca47000efee0
0.2212962962962963,"[""DEP_advcl_rate_baixo"", ""DEP_nummod_rate_baixo"", ""POS_NUM_rate_baixo""]",3,cde6c3d79580
0.16712962962962963,"[""DEP_advcl_rate_baixo"", ""DEP_nsubj:pass_rate_baixo"", ""POS_NUM_rate_baixo""]",3,bc45036a030d
0.15439814814814815,"[""DEP_advcl_rate_baixo"", ""DEP_aux:pass_rate_baixo"", ""POS_NUM_rate_baixo""]",3,b8449f7e3a3e
0.12800925925925927,"[""DEP_acl:relcl_rate_baixo"", ""DEP_advcl_rate_baixo"", ""POS_NUM_rate_baixo""]",3,318e86c20da9
0.21504629629629629,"[""DEP_ccomp_rate_baixo"", ""DEP_nummod_rate_baixo"", ""POS_NUM_rate_baixo""]",3,f113038b07d4
0.16134259259259259,"[""DEP_ccomp_rate_baixo"", ""DEP_nsubj:pass_rate_baixo"", ""POS_NUM_rate_baixo""]",3,c45aaa500c2f
0.14791666666666667,"[""DEP_aux:pass_rate_baixo"", ""DEP_ccomp_rate_baixo"", ""POS_NUM_rate_baixo""]",3,aca02dbcf60a
0.12037037037037036,"[""DEP_advcl_rate_baixo"", ""DEP_ccomp_rate_baixo"", ""POS_NUM_rate_baixo""]",3,b5655073e5c5
0.11666666666666667,"[""DEP_acl_rate_baixo"", ""DEP_ccomp_rate_baixo"", ""POS_NUM_rate_baixo""]",3,cf01e00ea3ee
0.12662037037037038,"[""DEP_acl:relcl_rate_baixo"", ""DEP_ccomp_rate_baixo"", ""POS_NUM_rate_baixo""]",3,2a1c7d3ce50b
0.21388888888888888,"[""DEP_cop_rate_baixo"", ""DEP_nummod_rate_baixo"", ""POS_NUM_rate_baixo""]",3,2e327c0d6d86
0.15648148148148147,"[""DEP_cop_rate_baixo"", ""DEP_nsubj:pass_rate_baixo"", ""POS_NUM_rate_baixo""]",3,542fad5800f8
0.14189814814814813,"[""DEP_aux:pass_rate_baixo"", ""DEP_cop_rate_baixo"", ""POS_NUM_rate_baixo""]",3,e1115ef29628
0.12199074074074075,"[""DEP_ccomp_rate_baixo"", ""DEP_cop_rate_baixo"", ""POS_NUM_rate_baixo""]",3,fc77578a0999
0.1150462962962963,"[""DEP_advcl_rate_baixo"", ""DEP_cop_rate_baixo"", ""POS_NUM_rate_baixo""]",3,b9480e4d3bb0
0.11157407407407408,"[""DEP_acl_rate_baixo"", ""DEP_cop_rate_baixo"", ""POS_NUM_rate_baixo""]",3,9c9237cb7929
0.13726851851851851,"[""DEP_acl:relcl_rate_baixo"", ""DEP_cop_rate_baixo"", ""POS_NUM_rate_baixo""]",3,a3c5ba66b5d6
0.17754629629629629,"[""DEP_nummod_rate_baixo"", ""POS_NUM_rate_baixo"", ""uppercaseRatio_baixo""]",3,ade45448c0a5
0.13564814814814816,"[""DEP_nsubj:pass_rate_baixo"", ""POS_NUM_rate_baixo"", ""uppercaseRatio_baixo""]",3,225cd9a2dbd5
0.12430555555555556,"[""DEP_aux:pass_rate_baixo"", ""POS_NUM_rate_baixo"", ""uppercaseRatio_baixo""]",3,ca4c58b3720e
0.096990740740740738,"[""DEP_ccomp_rate_baixo"", ""POS_NUM_rate_baixo"", ""uppercaseRatio_baixo""]",3,214e2665c78e
0.096990740740740738,"[""DEP_advcl_rate_baixo"", ""POS_NUM_rate_baixo"", ""uppercaseRatio_baixo""]",3,e55afc1e9cb0
0.089120370370370364,"[""DEP_cop_rate_baixo"", ""POS_NUM_rate_baixo"", ""uppercaseRatio_baixo""]",3,feec1ab91039
0.10023148148148148,"[""DEP_acl:relcl_rate_baixo"", ""POS_NUM_rate_baixo"", ""uppercaseRatio_baixo""]",3,925e7974bef8
0.080555555555555561,"[""DEP_xcomp_rate_baixo"", ""POS_NUM_rate_baixo"", ""uppercaseRatio_baixo""]",3,f2854494c347
0.096759259259259253,"[""DEP_acl_rate_baixo"", ""POS_NUM_rate_baixo"", ""uppercaseRatio_baixo""]",3,9b6edf2c7020
0.21805555555555556,"[""DEP_acl_rate_baixo"", ""DEP_nummod_rate_baixo"", ""POS_NUM_rate_baixo""]",3,5f745f799695
0.16273148148148148,"[""DEP_acl_rate_baixo"", ""DEP_nsubj:pass_rate_baixo"", ""POS_NUM_rate_baixo""]",3,10dedadf2997
0.14907407407407408,"[""DEP_acl_rate_baixo"", ""DEP_aux:pass_rate_baixo"", ""POS_NUM_rate_baixo""]",3,8db715637727
0.11782407407407407,"[""DEP_acl_rate_baixo"", ""DEP_advcl_rate_baixo"", ""POS_NUM_rate_baixo""]",3,ceb5ae1c9d87
0.12986111111111112,"[""DEP_acl:relcl_rate_baixo"", ""DEP_acl_rate_baixo"", ""POS_NUM_rate_baixo""]",3,3bf8489321c5
0.24490740740740741,"[""DEP_acl:relcl_rate_baixo"", ""DEP_nummod_rate_baixo"", ""POS_NUM_rate_baixo""]",3,6b29dfa7a620
0.18680555555555556,"[""DEP_acl:relcl_rate_baixo"", ""DEP_nsubj:pass_rate_baixo"", ""POS_NUM_rate_baixo""]",3,3625d52279a0
0.16944444444444445,"[""DEP_acl:relcl_rate_baixo"", ""DEP_aux:pass_rate_baixo"", ""POS_NUM_rate_baixo""]",3,e0ed0886740e
0.17754629629629629,"[""DEP_nummod_rate_baixo"", ""DEP_xcomp_rate_baixo"", ""POS_NUM_rate_baixo""]",3,fa9e21c0b2d7
0.13402777777777777,"[""DEP_nsubj:pass_rate_baixo"", ""DEP_xcomp_rate_baixo"", ""POS_NUM_rate_baixo""]",3,d6345495a48d
0.12523148148148147,"[""DEP_aux:pass_rate_baixo"", ""DEP_xcomp_rate_baixo"", ""POS_NUM_rate_baixo""]",3,ee7c06c3c7d1
0.11203703703703703,"[""DEP_acl:relcl_rate_baixo"", ""DEP_xcomp_rate_baixo"", ""POS_NUM_rate_baixo""]",3,604c0dede9f5
0.10555555555555556,"[""DEP_ccomp_rate_baixo"", ""DEP_xcomp_rate_baixo"", ""POS_NUM_rate_baixo""]",3,7bf9f942ee27
0.1037037037037037,"[""DEP_advcl_rate_baixo"", ""DEP_xcomp_rate_baixo"", ""POS_NUM_rate_baixo""]",3,b0a40e9a935f
0.09166666666666666,"[""DEP_cop_rate_baixo"", ""DEP_xcomp_rate_baixo"", ""POS_NUM_rate_baixo""]",3,41b0897c9138
0.098148148148148151,"[""DEP_acl_rate_baixo"", ""DEP_xcomp_rate_baixo"", ""POS_NUM_rate_baixo""]",3,2580083f2caa
0.28611111111111109,"[""DEP_ccomp_rate_baixo"", ""DEP_mark_rate_baixo""]",2,6f8342f73f14
0.25810185185185186,"[""DEP_advcl_rate_baixo"", ""DEP_mark_rate_baixo""]",2,e6b7a278a0ae
0.22546296296296298,"[""DEP_mark_rate_baixo"", ""DEP_nsubj:pass_rate_baixo""]",2,db703811956d
0.21342592592592594,"[""DEP_aux:pass_rate_baixo"", ""DEP_mark_rate_baixo""]",2,948729a6aae6
0.19120370370370371,"[""DEP_cop_rate_baixo"", ""DEP_mark_rate_baixo""]",2,19a64c4a133b
0.18055555555555555,"[""DEP_mark_rate_baixo"", ""DEP_nummod_rate_baixo""]",2,568baa4d9d41
0.1361111111111111,"[""DEP_mark_rate_baixo"", ""uppercaseRatio_baixo""]",2,fa5280e36c4d
0.11226851851851852,"[""DEP_mark_rate_baixo"", ""POS_NUM_rate_baixo""]",2,b2662be5a556
0.20601851851851852,"[""DEP_mark_rate_baixo"", ""DEP_xcomp_rate_baixo""]",2,93271ba4a70b
0.19050925925925927,"[""DEP_acl:relcl_rate_baixo"", ""DEP_mark_rate_baixo""]",2,387ceba57615
0.12314814814814815,"[""DEP_advmod_rate_baixo"", ""DEP_mark_rate_baixo""]",2,e0df1748b00d
0.12175925925925926,"[""DEP_mark_rate_baixo"", ""POS_PRON_rate_baixo""]",2,ce363847825d
0.19745370370370371,"[""DEP_acl_rate_baixo"", ""DEP_mark_rate_baixo""]",2,f35004c0bf86
0.22800925925925927,"[""DEP_advcl_rate_baixo"", ""DEP_ccomp_rate_baixo"", ""DEP_mark_rate_baixo""]",3,00b23d6d6794
0.19907407407407407,"[""DEP_ccomp_rate_baixo"", ""DEP_mark_rate_baixo"", ""DEP_nsubj:pass_rate_baixo""]",3,abaacf065098
0.17939814814814814,"[""DEP_advcl_rate_baixo"", ""DEP_mark_rate_baixo"", ""DEP_nsubj:pass_rate_baixo""]",3,c23d2ba36f51
0.21157407407407408,"[""DEP_aux:pass_rate_baixo"", ""DEP_mark_rate_baixo"", ""DEP_nsubj:pass_rate_baixo""]",3,ae4ca31c7883
0.18888888888888888,"[""DEP_aux:pass_rate_baixo"", ""DEP_ccomp_rate_baixo"", ""DEP_mark_rate_baixo""]",3,877e786bfaca
0.17083333333333334,"[""DEP_advcl_rate_baixo"", ""DEP_aux:pass_rate_baixo"", ""DEP_mark_rate_baixo""]",3,d9af1703132a
0.17152777777777778,"[""DEP_ccomp_rate_baixo"", ""DEP_cop_rate_baixo"", ""DEP_mark_rate_baixo""]",3,1b8eaa9adb25
0.15439814814814815,"[""DEP_advcl_rate_baixo"", ""DEP_cop_rate_baixo"", ""DEP_mark_rate_baixo""]",3,7cf4c83ea896
0.12962962962962962,"[""DEP_cop_rate_baixo"", ""DEP_mark_rate_baixo"", ""DEP_nsubj:pass_rate_baixo""]",3,88507f14ffcc
0.12152777777777778,"[""DEP_aux:pass_rate_baixo"", ""DEP_cop_rate_baixo"", ""DEP_mark_rate_baixo""]",3,94cfe0dea835
0.12175925925925926,"[""DEP_cop_rate_baixo"", ""DEP_mark_rate_baixo"", ""DEP_xcomp_rate_baixo""]",3,f071e11dfcb2
0.11157407407407408,"[""DEP_acl_rate_baixo"", ""DEP_cop_rate_baixo"", ""DEP_mark_rate_baixo""]",3,de7b1770ffba
0.15810185185185185,"[""DEP_ccomp_rate_baixo"", ""DEP_mark_rate_baixo"", ""DEP_nummod_rate_baixo""]",3,fe6d55016491
0.14606481481481481,"[""DEP_advcl_rate_baixo"", ""DEP_mark_rate_baixo"", ""DEP_nummod_rate_baixo""]",3,4c9676c1cb6a
0.12731481481481483,"[""DEP_mark_rate_baixo"", ""DEP_nsubj:pass_rate_baixo"", ""DEP_nummod_rate_baixo""]",3,2e550998ae8d
0.12013888888888889,"[""DEP_aux:pass_rate_baixo"", ""DEP_mark_rate_baixo"", ""DEP_nummod_rate_baixo""]",3,99b134970667
0.10578703703703704,"[""DEP_cop_rate_baixo"", ""DEP_mark_rate_baixo"", ""DEP_nummod_rate_baixo""]",3,9ad1ebabd03b
0.10925925925925926,"[""DEP_mark_rate_baixo"", ""DEP_nummod_rate_baixo"", ""DEP_xcomp_rate_baixo""]",3,550adff60772
0.10300925925925926,"[""DEP_acl:relcl_rate_baixo"", ""DEP_mark_rate_baixo"", ""DEP_nummod_rate_baixo""]",3,fe3e384de3be
0.11736111111111111,"[""DEP_acl_rate_baixo"", ""DEP_mark_rate_baixo"", ""DEP_nummod_rate_baixo""]",3,9e12bcfe2736
0.11967592592592592,"[""DEP_ccomp_rate_baixo"", ""DEP_mark_rate_baixo"", ""uppercaseRatio_baixo""]",3,c99ad4d05a4d
0.11018518518518519,"[""DEP_advcl_rate_baixo"", ""DEP_mark_rate_baixo"", ""uppercaseRatio_baixo""]",3,aa2df0fb8c0a
0.096296296296296297,"[""DEP_mark_rate_baixo"", ""DEP_nsubj:pass_rate_baixo"", ""uppercaseRatio_baixo""]",3,ab1dbf62f5f7
0.091898148148148145,"[""DEP_aux:pass_rate_baixo"", ""DEP_mark_rate_baixo"", ""uppercaseRatio_baixo""]",3,a2e22668b595
0.08773148148148148,"[""DEP_mark_rate_baixo"", ""DEP_xcomp_rate_baixo"", ""uppercaseRatio_baixo""]",3,de8d5e92cd73
0.084027777777777785,"[""DEP_acl_rate_baixo"", ""DEP_mark_rate_baixo"", ""uppercaseRatio_baixo""]",3,3b31b4e7a2a8
0.11087962962962963,"[""DEP_mark_rate_baixo"", ""DEP_nummod_rate_baixo"", ""POS_NUM_rate_baixo""]",3,aa8c6defacfa
0.097222222222222224,"[""DEP_ccomp_rate_baixo"", ""DEP_mark_rate_baixo"", ""POS_NUM_rate_baixo""]",3,0eb345e8a31b
0.090972222222222218,"[""DEP_advcl_rate_baixo"", ""DEP_mark_rate_baixo"", ""POS_NUM_rate_baixo""]",3,bbc2b5878daf
0.18425925925925926,"[""DEP_ccomp_rate_baixo"", ""DEP_mark_rate_baixo"", ""DEP_xcomp_rate_baixo""]",3,45a9b0466cfe
0.16666666666666666,"[""DEP_advcl_rate_baixo"", ""DEP_mark_rate_baixo"", ""DEP_xcomp_rate_baixo""]",3,11eb0be14042
0.1425925925925926,"[""DEP_mark_rate_baixo"", ""DEP_nsubj:pass_rate_baixo"", ""DEP_xcomp_rate_baixo""]",3,ecf19d0e849c
0.1363425925925926,"[""DEP_aux:pass_rate_baixo"", ""DEP_mark_rate_baixo"", ""DEP_xcomp_rate_baixo""]",3,05da0b236a64
0.16921296296296295,"[""DEP_acl:relcl_rate_baixo"", ""DEP_ccomp_rate_baixo"", ""DEP_mark_rate_baixo""]",3,dfb8f35b3e7e
0.15023148148148149,"[""DEP_acl:relcl_rate_baixo"", ""DEP_advcl_rate_baixo"", ""DEP_mark_rate_baixo""]",3,2d2254cac95f
0.13240740740740742,"[""DEP_acl:relcl_rate_baixo"", ""DEP_mark_rate_baixo"", ""DEP_nsubj:pass_rate_baixo""]",3,d850f7c7ebe7
0.12592592592592591,"[""DEP_acl:relcl_rate_baixo"", ""DEP_mark_rate_baixo"", ""DEP_xcomp_rate_baixo""]",3,69d1ab0137ae
0.12361111111111112,"[""DEP_acl:relcl_rate_baixo"", ""DEP_aux:pass_rate_baixo"", ""DEP_mark_rate_baixo""]",3,4e49f38055f1
0.12060185185185185,"[""DEP_acl:relcl_rate_baixo"", ""DEP_cop_rate_baixo"", ""DEP_mark_rate_baixo""]",3,8fb79cc922ff
0.11435185185185186,"[""DEP_acl:relcl_rate_baixo"", ""DEP_acl_rate_baixo"", ""DEP_mark_rate_baixo""]",3,595c415fda6e
0.10879629629629629,"[""DEP_advmod_rate_baixo"", ""DEP_ccomp_rate_baixo"", ""DEP_mark_rate_baixo""]",3,9ede5441af41
0.10300925925925926,"[""DEP_advcl_rate_baixo"", ""DEP_advmod_rate_baixo"", ""DEP_mark_rate_baixo""]",3,c6999136dcbd
0.08773148148148148,"[""DEP_advmod_rate_baixo"", ""DEP_mark_rate_baixo"", ""DEP_nsubj:pass_rate_baixo""]",3,c3885c357d69
0.083564814814814814,"[""DEP_advmod_rate_baixo"", ""DEP_aux:pass_rate_baixo"", ""DEP_mark_rate_baixo""]",3,0a8fc3421c4c
0.083333333333333329,"[""DEP_advmod_rate_baixo"", ""DEP_mark_rate_baixo"", ""DEP_xcomp_rate_baixo""]",3,49cfc14c67ec
0.11805555555555555,"[""DEP_acl:relcl_rate_baixo"", ""DEP_mark_rate_baixo"", ""POS_PRON_rate_baixo""]",3,5a8a393e9d99
0.11157407407407408,"[""DEP_ccomp_rate_baixo"", ""DEP_mark_rate_baixo"", ""POS_PRON_rate_baixo""]",3,522a268733c2
0.10023148148148148,"[""DEP_advcl_rate_baixo"", ""DEP_mark_rate_baixo"", ""POS_PRON_rate_baixo""]",3,5e8d46804180
0.084490740740740741,"[""DEP_mark_rate_baixo"", ""DEP_nsubj:pass_rate_baixo"", ""POS_PRON_rate_baixo""]",3,74458bb90ad6
0.084027777777777785,"[""DEP_mark_rate_baixo"", ""DEP_xcomp_rate_baixo"", ""POS_PRON_rate_baixo""]",3,0b640b54d6b4
0.082407407407407401,"[""DEP_cop_rate_baixo"", ""DEP_mark_rate_baixo"", ""POS_PRON_rate_baixo""]",3,c059ad5b7c32
0.17291666666666666,"[""DEP_acl_rate_baixo"", ""DEP_ccomp_rate_baixo"", ""DEP_mark_rate_baixo""]",3,a0ca578dc88d
0.13310185185185186,"[""DEP_acl_rate_baixo"", ""DEP_mark_rate_baixo"", ""DEP_nsubj:pass_rate_baixo""]",3,173f76f7d087
0.15532407407407409,"[""DEP_acl_rate_baixo"", ""DEP_advcl_rate_baixo"", ""DEP_mark_rate_baixo""]",3,9a9c2468717a
0.12361111111111112,"[""DEP_acl_rate_baixo"", ""DEP_mark_rate_baixo"", ""DEP_xcomp_rate_baixo""]",3,4862b3ad8d54
0.12476851851851851,"[""DEP_acl_rate_baixo"", ""DEP_aux:pass_rate_baixo"", ""DEP_mark_rate_baixo""]",3,24682f99e6bc
0.29837962962962961,"[""DEP_mark_rate_baixo"", ""POS_SCONJ_rate_baixo""]",2,a7fdc3910ba5
0.28263888888888888,"[""DEP_ccomp_rate_baixo"", ""POS_SCONJ_rate_baixo""]",2,c1f9af8b7638
0.25115740740740738,"[""DEP_advcl_rate_baixo"", ""POS_SCONJ_rate_baixo""]",2,2472f854a8cc
0.22291666666666668,"[""DEP_nsubj:pass_rate_baixo"", ""POS_SCONJ_rate_baixo""]",2,6ea82ad05f6a
0.2101851851851852,"[""DEP_aux:pass_rate_baixo"", ""POS_SCONJ_rate_baixo""]",2,1ffab2ba1f90
0.19189814814814815,"[""DEP_cop_rate_baixo"", ""POS_SCONJ_rate_baixo""]",2,7a42576e178e
0.1789351851851852,"[""DEP_nummod_rate_baixo"", ""POS_SCONJ_rate_baixo""]",2,87c7f4d0df3f
0.1363425925925926,"[""POS_SCONJ_rate_baixo"", ""uppercaseRatio_baixo""]",2,c2bb0dd18062
0.10995370370370371,"[""POS_NUM_rate_baixo"", ""POS_SCONJ_rate_baixo""]",2,d1de7fd00104
0.20254629629629631,"[""DEP_xcomp_rate_baixo"", ""POS_SCONJ_rate_baixo""]",2,15e0c820b4b7
0.1900462962962963,"[""DEP_acl:relcl_rate_baixo"", ""POS_SCONJ_rate_baixo""]",2,20cdf1d7ffbd
0.12152777777777778,"[""DEP_advmod_rate_baixo"", ""POS_SCONJ_rate_baixo""]",2,b4fdf94b596e
0.11990740740740741,"[""POS_PRON_rate_baixo"", ""POS_SCONJ_rate_baixo""]",2,9a9f8d8d6c76
0.19189814814814815,"[""DEP_acl_rate_baixo"", ""POS_SCONJ_rate_baixo""]",2,fb349d8d8bde
0.26481481481481484,"[""DEP_ccomp_rate_baixo"", ""DEP_mark_rate_baixo"", ""POS_SCONJ_rate_baixo""]",3,1427972c105a
0.24097222222222223,"[""DEP_advcl_rate_baixo"", ""DEP_mark_rate_baixo"", ""POS_SCONJ_rate_baixo""]",3,3a3b540bdd32
0.22152777777777777,"[""DEP_advcl_rate_baixo"", ""DEP_ccomp_rate_baixo"", ""POS_SCONJ_rate_baixo""]",3,620a040e540a
0.2074074074074074,"[""DEP_mark_rate_baixo"", ""DEP_nsubj:pass_rate_baixo"", ""POS_SCONJ_rate_baixo""]",3,2f2a74a0e187
0.1960648148148148,"[""DEP_ccomp_rate_baixo"", ""DEP_nsubj:pass_rate_baixo"", ""POS_SCONJ_rate_baixo""]",3,1e4256f44f9e
0.17499999999999999,"[""DEP_advcl_rate_baixo"", ""DEP_nsubj:pass_rate_baixo"", ""POS_SCONJ_rate_baixo""]",3,95ad04a98a28
0.20856481481481481,"[""DEP_aux:pass_rate_baixo"", ""DEP_nsubj:pass_rate_baixo"", ""POS_SCONJ_rate_baixo""]",3,0cb95346eb1a
0.1960648148148148,"[""DEP_aux:pass_rate_baixo"", ""DEP_mark_rate_baixo"", ""POS_SCONJ_rate_baixo""]",3,a34727362c7f
0.18541666666666667,"[""DEP_aux:pass_rate_baixo"", ""DEP_ccomp_rate_baixo"", ""POS_SCONJ_rate_baixo""]",3,970af5ad999d
0.16643518518518519,"[""DEP_advcl_rate_baixo"", ""DEP_aux:pass_rate_baixo"", ""POS_SCONJ_rate_baixo""]",3,8ed5ff76f74b
0.17777777777777778,"[""DEP_cop_rate_baixo"", ""DEP_mark_rate_baixo"", ""POS_SCONJ_rate_baixo""]",3,4f5ec731812a
0.17268518518518519,"[""DEP_ccomp_rate_baixo"", ""DEP_cop_rate_baixo"", ""POS_SCONJ_rate_baixo""]",3,666ca04d2961
0.15254629629629629,"[""DEP_advcl_rate_baixo"", ""DEP_cop_rate_baixo"", ""POS_SCONJ_rate_baixo""]",3,e87d0a905fbd
0.13078703703703703,"[""DEP_cop_rate_baixo"", ""DEP_nsubj:pass_rate_baixo"", ""POS_SCONJ_rate_baixo""]",3,a349aba690d3
0.12199074074074075,"[""DEP_aux:pass_rate_baixo"", ""DEP_cop_rate_baixo"", ""POS_SCONJ_rate_baixo""]",3,a3a675d6233c
0.12060185185185185,"[""DEP_cop_rate_baixo"", ""DEP_xcomp_rate_baixo"", ""POS_SCONJ_rate_baixo""]",3,51593f64dd96
0.10856481481481481,"[""DEP_acl_rate_baixo"", ""DEP_cop_rate_baixo"", ""POS_SCONJ_rate_baixo""]",3,3570cc628b41
0.16597222222222222,"[""DEP_mark_rate_baixo"", ""DEP_nummod_rate_baixo"", ""POS_SCONJ_rate_baixo""]",3,75b93d88394d
0.15648148148148147,"[""DEP_ccomp_rate_baixo"", ""DEP_nummod_rate_baixo"", ""POS_SCONJ_rate_baixo""]",3,8b3cab32dda1
0.14120370370370369,"[""DEP_advcl_rate_baixo"", ""DEP_nummod_rate_baixo"", ""POS_SCONJ_rate_baixo""]",3,0ae7a8684b05
0.12592592592592591,"[""DEP_nsubj:pass_rate_baixo"", ""DEP_nummod_rate_baixo"", ""POS_SCONJ_rate_baixo""]",3,a1c5944ea14e
0.11828703703703704,"[""DEP_aux:pass_rate_baixo"", ""DEP_nummod_rate_baixo"", ""POS_SCONJ_rate_baixo""]",3,071c046916b9
0.10671296296296297,"[""DEP_cop_rate_baixo"", ""DEP_nummod_rate_baixo"", ""POS_SCONJ_rate_baixo""]",3,fe73908bafc0
0.10671296296296297,"[""DEP_nummod_rate_baixo"", ""DEP_xcomp_rate_baixo"", ""POS_SCONJ_rate_baixo""]",3,bd6db39ea5ba
0.10347222222222222,"[""DEP_acl:relcl_rate_baixo"", ""DEP_nummod_rate_baixo"", ""POS_SCONJ_rate_baixo""]",3,f627da9e6b9d
0.11458333333333333,"[""DEP_acl_rate_baixo"", ""DEP_nummod_rate_baixo"", ""POS_SCONJ_rate_baixo""]",3,454a8b287ed9
0.12685185185185185,"[""DEP_mark_rate_baixo"", ""POS_SCONJ_rate_baixo"", ""uppercaseRatio_baixo""]",3,8a68f748fa18
0.12037037037037036,"[""DEP_ccomp_rate_baixo"", ""POS_SCONJ_rate_baixo"", ""uppercaseRatio_baixo""]",3,a8dda282d7e8
0.10740740740740741,"[""DEP_advcl_rate_baixo"", ""POS_SCONJ_rate_baixo"", ""uppercaseRatio_baixo""]",3,c3050becdaff
0.096296296296296297,"[""DEP_nsubj:pass_rate_baixo"", ""POS_SCONJ_rate_baixo"", ""uppercaseRatio_baixo""]",3,a4dd0463bd20
0.091898148148148145,"[""DEP_aux:pass_rate_baixo"", ""POS_SCONJ_rate_baixo"", ""uppercaseRatio_baixo""]",3,a96d925bb3f1
0.086805555555555552,"[""DEP_xcomp_rate_baixo"", ""POS_SCONJ_rate_baixo"", ""uppercaseRatio_baixo""]",3,56c0038005c3
0.083333333333333329,"[""DEP_acl_rate_baixo"", ""POS_SCONJ_rate_baixo"", ""uppercaseRatio_baixo""]",3,ece5dfcc9887
0.10902777777777778,"[""DEP_nummod_rate_baixo"", ""POS_NUM_rate_baixo"", ""POS_SCONJ_rate_baixo""]",3,3fb3b44ce796
0.1011574074074074,"[""DEP_mark_rate_baixo"", ""POS_NUM_rate_baixo"", ""POS_SCONJ_rate_baixo""]",3,7f14fd9320ec
0.095138888888888884,"[""DEP_ccomp_rate_baixo"", ""POS_NUM_rate_baixo"", ""POS_SCONJ_rate_baixo""]",3,16734a248c1e
0.087268518518518523,"[""DEP_advcl_rate_baixo"", ""POS_NUM_rate_baixo"", ""POS_SCONJ_rate_baixo""]",3,795144c3cc66
0.19120370370370371,"[""DEP_mark_rate_baixo"", ""DEP_xcomp_rate_baixo"", ""POS_SCONJ_rate_baixo""]",3,d7bceb79e930
0.18148148148148149,"[""DEP_ccomp_rate_baixo"", ""DEP_xcomp_rate_baixo"", ""POS_SCONJ_rate_baixo""]",3,b733dbc2f988
0.16111111111111112,"[""DEP_advcl_rate_baixo"", ""DEP_xcomp_rate_baixo"", ""POS_SCONJ_rate_baixo""]",3,43dcdfea5f2e
0.14050925925925925,"[""DEP_nsubj:pass_rate_baixo"", ""DEP_xcomp_rate_baixo"", ""POS_SCONJ_rate_baixo""]",3,8d3d07e2cc24
0.13402777777777777,"[""DEP_aux:pass_rate_baixo"", ""DEP_xcomp_rate_baixo"", ""POS_SCONJ_rate_baixo""]",3,c3c906a8eaaa
0.17800925925925926,"[""DEP_acl:relcl_rate_baixo"", ""DEP_mark_rate_baixo"", ""POS_SCONJ_rate_baixo""]",3,8ff0746c47f5
0.16921296296296295,"[""DEP_acl:relcl_rate_baixo"", ""DEP_ccomp_rate_baixo"", ""POS_SCONJ_rate_baixo""]",3,23041fcdcf19
0.14629629629629629,"[""DEP_acl:relcl_rate_baixo"", ""DEP_advcl_rate_baixo"", ""POS_SCONJ_rate_baixo""]",3,a9bf4ce1ab42
0.13240740740740742,"[""DEP_acl:relcl_rate_baixo"", ""DEP_nsubj:pass_rate_baixo"", ""POS_SCONJ_rate_baixo""]",3,6567b5cbd6aa
0.12476851851851851,"[""DEP_acl:relcl_rate_baixo"", ""DEP_xcomp_rate_baixo"", ""POS_SCONJ_rate_baixo""]",3,615abbd50497
0.12291666666666666,"[""DEP_acl:relcl_rate_baixo"", ""DEP_aux:pass_rate_baixo"", ""POS_SCONJ_rate_baixo""]",3,7022de52477e
0.12129629629629629,"[""DEP_acl:relcl_rate_baixo"", ""DEP_cop_rate_baixo"", ""POS_SCONJ_rate_baixo""]",3,ba942b17df4e
0.11134259259259259,"[""DEP_acl:relcl_rate_baixo"", ""DEP_acl_rate_baixo"", ""POS_SCONJ_rate_baixo""]",3,9cbaf09e7183
0.11643518518518518,"[""DEP_advmod_rate_baixo"", ""DEP_mark_rate_baixo"", ""POS_SCONJ_rate_baixo""]",3,ea24d8a475e3
0.10740740740740741,"[""DEP_advmod_rate_baixo"", ""DEP_ccomp_rate_baixo"", ""POS_SCONJ_rate_baixo""]",3,0fcb83193001
0.10023148148148148,"[""DEP_advcl_rate_baixo"", ""DEP_advmod_rate_baixo"", ""POS_SCONJ_rate_baixo""]",3,cfc9dfabd2d6
0.087037037037037038,"[""DEP_advmod_rate_baixo"", ""DEP_nsubj:pass_rate_baixo"", ""POS_SCONJ_rate_baixo""]",3,4990bc01abc3
0.082638888888888887,"[""DEP_advmod_rate_baixo"", ""DEP_xcomp_rate_baixo"", ""POS_SCONJ_rate_baixo""]",3,21da216324ca
0.082407407407407401,"[""DEP_advmod_rate_baixo"", ""DEP_aux:pass_rate_baixo"", ""POS_SCONJ_rate_baixo""]",3,108a8f01e4ce
0.11666666666666667,"[""DEP_acl:relcl_rate_baixo"", ""POS_PRON_rate_baixo"", ""POS_SCONJ_rate_baixo""]",3,63cd3599e5f1
0.11342592592592593,"[""DEP_mark_rate_baixo"", ""POS_PRON_rate_baixo"", ""POS_SCONJ_rate_baixo""]",3,633b48d1b93f
0.11064814814814815,"[""DEP_ccomp_rate_baixo"", ""POS_PRON_rate_baixo"", ""POS_SCONJ_rate_baixo""]",3,03922a504027
0.09768518518518518,"[""DEP_advcl_rate_baixo"", ""POS_PRON_rate_baixo"", ""POS_SCONJ_rate_baixo""]",3,bc007d60530b
0.082638888888888887,"[""DEP_nsubj:pass_rate_baixo"", ""POS_PRON_rate_baixo"", ""POS_SCONJ_rate_baixo""]",3,248dc33e7dbd
0.082407407407407401,"[""DEP_cop_rate_baixo"", ""POS_PRON_rate_baixo"", ""POS_SCONJ_rate_baixo""]",3,21810b43e0fc
0.082407407407407401,"[""DEP_xcomp_rate_baixo"", ""POS_PRON_rate_baixo"", ""POS_SCONJ_rate_baixo""]",3,16305dc44787
0.18078703703703702,"[""DEP_acl_rate_baixo"", ""DEP_mark_rate_baixo"", ""POS_SCONJ_rate_baixo""]",3,241083e285fa
0.16782407407407407,"[""DEP_acl_rate_baixo"", ""DEP_ccomp_rate_baixo"", ""POS_SCONJ_rate_baixo""]",3,16274f86708b
0.12962962962962962,"[""DEP_acl_rate_baixo"", ""DEP_nsubj:pass_rate_baixo"", ""POS_SCONJ_rate_baixo""]",3,44816db0ef2b
0.12037037037037036,"[""DEP_acl_rate_baixo"", ""DEP_aux:pass_rate_baixo"", ""POS_SCONJ_rate_baixo""]",3,a4db448ecb62
0.14907407407407408,"[""DEP_acl_rate_baixo"", ""DEP_advcl_rate_baixo"", ""POS_SCONJ_rate_baixo""]",3,4f94287a9636
0.11944444444444445,"[""DEP_acl_rate_baixo"", ""DEP_xcomp_rate_baixo"", ""POS_SCONJ_rate_baixo""]",3,72d8aae9acef
0.21134259259259258,"[""DEP_cc_rate_alto"", ""DEP_nsubj:pass_rate_baixo""]",2,8e0410a0a19d
0.19375000000000001,"[""DEP_aux:pass_rate_baixo"", ""DEP_cc_rate_alto""]",2,73ca5d3da561
0.1787037037037037,"[""DEP_cc_rate_alto"", ""DEP_nummod_rate_baixo""]",2,87692de6424c
0.1763888888888889,"[""DEP_cc_rate_alto"", ""DEP_ccomp_rate_baixo""]",2,6e0b7c33c11f
0.17499999999999999,"[""DEP_advcl_rate_baixo"", ""DEP_cc_rate_alto""]",2,28a346470810
0.16041666666666668,"[""DEP_cc_rate_alto"", ""DEP_cop_rate_baixo""]",2,94ed15a015ff
0.12731481481481483,"[""DEP_cc_rate_alto"", ""POS_NUM_rate_baixo""]",2,e238b481b7a3
0.12685185185185185,"[""DEP_cc_rate_alto"", ""uppercaseRatio_baixo""]",2,9a49454baafd
0.1050925925925926,"[""DEP_cc_rate_alto"", ""DEP_mark_rate_baixo""]",2,9d3f2748af4c
0.10486111111111111,"[""DEP_cc_rate_alto"", ""POS_SCONJ_rate_baixo""]",2,caa1bc1d86ee
0.15092592592592594,"[""DEP_acl_rate_baixo"", ""DEP_cc_rate_alto""]",2,16f26f7a64dc
0.17546296296296296,"[""DEP_acl:relcl_rate_baixo"", ""DEP_cc_rate_alto""]",2,dd2b70d20fcf
0.13958333333333334,"[""DEP_cc_rate_alto"", ""DEP_xcomp_rate_baixo""]",2,5a7d28b9cd87
0.096296296296296297,"[""DEP_cc_rate_alto"", ""POS_PRON_rate_baixo""]",2,20204d26a3b4
0.092592592592592587,"[""DEP_advmod_rate_baixo"", ""DEP_cc_rate_alto""]",2,df2e6007f138
0.083333333333333329,"[""DEP_cc_rate_alto"", ""POS_ADV_rate_baixo""]",2,2c84b68324c4
0.10208333333333333,"[""DEP_appos_rate_baixo"", ""DEP_cc_rate_alto""]",2,ea518e683460
0.19120370370370371,"[""DEP_aux:pass_rate_baixo"", ""DEP_cc_rate_alto"", ""DEP_nsubj:pass_rate_baixo""]",3,8aa40357d3c5
0.13703703703703704,"[""DEP_cc_rate_alto"", ""DEP_nsubj:pass_rate_baixo"", ""DEP_nummod_rate_baixo""]",3,9acc1781cd85
0.12731481481481483,"[""DEP_aux:pass_rate_baixo"", ""DEP_cc_rate_alto"", ""DEP_nummod_rate_baixo""]",3,5c90dd9827cf
0.13425925925925927,"[""DEP_cc_rate_alto"", ""DEP_ccomp_rate_baixo"", ""DEP_nsubj:pass_rate_baixo""]",3,17e312fb1c27
0.12384259259259259,"[""DEP_aux:pass_rate_baixo"", ""DEP_cc_rate_alto"", ""DEP_ccomp_rate_baixo""]",3,bd2b6d363646
0.10810185185185185,"[""DEP_cc_rate_alto"", ""DEP_ccomp_rate_baixo"", ""DEP_nummod_rate_baixo""]",3,05d66f72c9dc
0.13449074074074074,"[""DEP_advcl_rate_baixo"", ""DEP_cc_rate_alto"", ""DEP_nsubj:pass_rate_baixo""]",3,42547450fddf
0.12546296296296297,"[""DEP_advcl_rate_baixo"", ""DEP_aux:pass_rate_baixo"", ""DEP_cc_rate_alto""]",3,94a965b43682
0.1125,"[""DEP_advcl_rate_baixo"", ""DEP_cc_rate_alto"", ""DEP_ccomp_rate_baixo""]",3,d70f2208f412
0.11157407407407408,"[""DEP_advcl_rate_baixo"", ""DEP_cc_rate_alto"", ""DEP_nummod_rate_baixo""]",3,6704c9465e8c
0.10879629629629629,"[""DEP_acl:relcl_rate_baixo"", ""DEP_advcl_rate_baixo"", ""DEP_cc_rate_alto""]",3,b39adea23fd2
0.1175925925925926,"[""DEP_cc_rate_alto"", ""DEP_cop_rate_baixo"", ""DEP_nsubj:pass_rate_baixo""]",3,c1e1c76f7f8f
0.1076388888888889,"[""DEP_aux:pass_rate_baixo"", ""DEP_cc_rate_alto"", ""DEP_cop_rate_baixo""]",3,154145ec60ed
0.10740740740740741,"[""DEP_cc_rate_alto"", ""DEP_ccomp_rate_baixo"", ""DEP_cop_rate_baixo""]",3,35eea7910e3f
0.10046296296296296,"[""DEP_cc_rate_alto"", ""DEP_cop_rate_baixo"", ""DEP_nummod_rate_baixo""]",3,3cd6e5c2c2c8
0.098379629629629636,"[""DEP_advcl_rate_baixo"", ""DEP_cc_rate_alto"", ""DEP_cop_rate_baixo""]",3,393185ddcb14
0.10833333333333334,"[""DEP_acl:relcl_rate_baixo"", ""DEP_cc_rate_alto"", ""DEP_cop_rate_baixo""]",3,0e7fcdaafd6c
0.12662037037037038,"[""DEP_cc_rate_alto"", ""DEP_nummod_rate_baixo"", ""POS_NUM_rate_baixo""]",3,fbf496ec48e1
0.10046296296296296,"[""DEP_cc_rate_alto"", ""DEP_nsubj:pass_rate_baixo"", ""POS_NUM_rate_baixo""]",3,172d20a9d702
0.093055555555555558,"[""DEP_aux:pass_rate_baixo"", ""DEP_cc_rate_alto"", ""POS_NUM_rate_baixo""]",3,fb51e1ff9d96
0.08217592592592593,"[""DEP_acl:relcl_rate_baixo"", ""DEP_cc_rate_alto"", ""POS_NUM_rate_baixo""]",3,84f977f3f5cb
0.097222222222222224,"[""DEP_cc_rate_alto"", ""DEP_nsubj:pass_rate_baixo"", ""uppercaseRatio_baixo""]",3,fb356d050920
0.089351851851851849,"[""DEP_aux:pass_rate_baixo"", ""DEP_cc_rate_alto"", ""uppercaseRatio_baixo""]",3,ff0122dac4b3
0.084259259259259256,"[""DEP_cc_rate_alto"", ""DEP_ccomp_rate_baixo"", ""uppercaseRatio_baixo""]",3,669e662a646e
0.093518518518518515,"[""DEP_cc_rate_alto"", ""DEP_ccomp_rate_baixo"", ""DEP_mark_rate_baixo""]",3,1bd6a1ce28aa
0.084722222222222227,"[""DEP_advcl_rate_baixo"", ""DEP_cc_rate_alto"", ""DEP_mark_rate_baixo""]",3,f9acbff2c6f4
0.098148148148148151,"[""DEP_cc_rate_alto"", ""DEP_mark_rate_baixo"", ""POS_SCONJ_rate_baixo""]",3,8cb83b562b91
0.093518518518518515,"[""DEP_cc_rate_alto"", ""DEP_ccomp_rate_baixo"", ""POS_SCONJ_rate_baixo""]",3,1123ec93a6a7
0.082870370370370372,"[""DEP_advcl_rate_baixo"", ""DEP_cc_rate_alto"", ""POS_SCONJ_rate_baixo""]",3,ccb3f267d171
0.11412037037037037,"[""DEP_acl_rate_baixo"", ""DEP_cc_rate_alto"", ""DEP_nsubj:pass_rate_baixo""]",3,d15dc62afadf
0.10416666666666667,"[""DEP_acl_rate_baixo"", ""DEP_aux:pass_rate_baixo"", ""DEP_cc_rate_alto""]",3,447bdc4a1d50
0.095370370370370369,"[""DEP_acl_rate_baixo"", ""DEP_cc_rate_alto"", ""DEP_nummod_rate_baixo""]",3,eb860e7f83fc
0.093055555555555558,"[""DEP_acl_rate_baixo"", ""DEP_cc_rate_alto"", ""DEP_ccomp_rate_baixo""]",3,3fc5ec3af006
0.092824074074074073,"[""DEP_acl_rate_baixo"", ""DEP_advcl_rate_baixo"", ""DEP_cc_rate_alto""]",3,eea9ef4b98de
0.084722222222222227,"[""DEP_acl_rate_baixo"", ""DEP_cc_rate_alto"", ""DEP_cop_rate_baixo""]",3,2a31349c630d
0.095601851851851855,"[""DEP_acl:relcl_rate_baixo"", ""DEP_acl_rate_baixo"", ""DEP_cc_rate_alto""]",3,edf3ff0a716d
0.13125000000000001,"[""DEP_acl:relcl_rate_baixo"", ""DEP_cc_rate_alto"", ""DEP_nsubj:pass_rate_baixo""]",3,4f9887989fe3
0.12013888888888889,"[""DEP_acl:relcl_rate_baixo"", ""DEP_aux:pass_rate_baixo"", ""DEP_cc_rate_alto""]",3,e154895b2983
0.1125,"[""DEP_acl:relcl_rate_baixo"", ""DEP_cc_rate_alto"", ""DEP_nummod_rate_baixo""]",3,c6337b0e5e83
0.10925925925925926,"[""DEP_acl:relcl_rate_baixo"", ""DEP_cc_rate_alto"", ""DEP_ccomp_rate_baixo""]",3,f87d130e73e4
0.1076388888888889,"[""DEP_cc_rate_alto"", ""DEP_nsubj:pass_rate_baixo"", ""DEP_xcomp_rate_baixo""]",3,359b43d6c2e2
0.099537037037037035,"[""DEP_aux:pass_rate_baixo"", ""DEP_cc_rate_alto"", ""DEP_xcomp_rate_baixo""]",3,8c9c60bb7ccf
0.094212962962962957,"[""DEP_advcl_rate_baixo"", ""DEP_cc_rate_alto"", ""DEP_xcomp_rate_baixo""]",3,e9c690de83d7
0.093981481481481485,"[""DEP_acl:relcl_rate_baixo"", ""DEP_cc_rate_alto"", ""DEP_xcomp_rate_baixo""]",3,94a6c63ffa0d
0.096064814814814811,"[""DEP_cc_rate_alto"", ""DEP_ccomp_rate_baixo"", ""DEP_xcomp_rate_baixo""]",3,0e9afe790b32
0.086574074074074067,"[""DEP_cc_rate_alto"", ""DEP_nummod_rate_baixo"", ""DEP_xcomp_rate_baixo""]",3,9196c13487b6
0.093055555555555558,"[""DEP_acl:relcl_rate_baixo"", ""DEP_cc_rate_alto"", ""POS_PRON_rate_baixo""]",3,8842437c709d
0.080787037037037032,"[""DEP_advmod_rate_baixo"", ""DEP_cc_rate_alto"", ""POS_ADV_rate_baixo""]",3,597bb4175343
0.2101851851851852,"[""DEP_nsubj:pass_rate_baixo"", ""POS_PRON_rate_alto""]",2,a33f9be1d445
0.19444444444444445,"[""DEP_aux:pass_rate_baixo"", ""POS_PRON_rate_alto""]",2,b0792ddd4999
0.18472222222222223,"[""DEP_nummod_rate_baixo"", ""POS_PRON_rate_alto""]",2,5b87701ab6ce
0.15162037037037038,"[""DEP_ccomp_rate_baixo"", ""POS_PRON_rate_alto""]",2,59d4dbd5d432
0.1476851851851852,"[""DEP_advcl_rate_baixo"", ""POS_PRON_rate_alto""]",2,8bf5666065c6
0.14606481481481481,"[""POS_PRON_rate_alto"", ""uppercaseRatio_baixo""]",2,aaea6e78e590
0.13171296296296298,"[""DEP_cop_rate_baixo"", ""POS_PRON_rate_alto""]",2,7e5247b19340
0.12893518518518518,"[""POS_NUM_rate_baixo"", ""POS_PRON_rate_alto""]",2,84fe2bf2ae53
0.15416666666666667,"[""DEP_acl_rate_baixo"", ""POS_PRON_rate_alto""]",2,900a71b7da80
0.081944444444444445,"[""DEP_cc_rate_baixo"", ""POS_PRON_rate_alto""]",2,2dfb3d1d5349
0.098379629629629636,"[""DEP_advmod_rate_alto"", ""POS_PRON_rate_alto""]",2,19c228c9c3a0
0.097916666666666666,"[""POS_ADV_rate_alto"", ""POS_PRON_rate_alto""]",2,772774945d20
0.09375,"[""DEP_appos_rate_baixo"", ""POS_PRON_rate_alto""]",2,6deaaa54d961
0.091898148148148145,"[""DEP_advcl_rate_alto"", ""POS_PRON_rate_alto""]",2,cb5cad872b13
0.087962962962962965,"[""DEP_mark_rate_alto"", ""POS_PRON_rate_alto""]",2,a8a3a714487a
0.11874999999999999,"[""DEP_xcomp_rate_baixo"", ""POS_PRON_rate_alto""]",2,7254569f6bef
0.19282407407407406,"[""DEP_aux:pass_rate_baixo"", ""DEP_nsubj:pass_rate_baixo"", ""POS_PRON_rate_alto""]",3,c02f310fa9f2
0.14398148148148149,"[""DEP_nsubj:pass_rate_baixo"", ""DEP_nummod_rate_baixo"", ""POS_PRON_rate_alto""]",3,8814f92b30d3
0.13472222222222222,"[""DEP_aux:pass_rate_baixo"", ""DEP_nummod_rate_baixo"", ""POS_PRON_rate_alto""]",3,859a208b8a83
0.1175925925925926,"[""DEP_ccomp_rate_baixo"", ""DEP_nsubj:pass_rate_baixo"", ""POS_PRON_rate_alto""]",3,216f31bc17ab
0.11064814814814815,"[""DEP_aux:pass_rate_baixo"", ""DEP_ccomp_rate_baixo"", ""POS_PRON_rate_alto""]",3,f673c9f20a36
0.1025462962962963,"[""DEP_ccomp_rate_baixo"", ""DEP_nummod_rate_baixo"", ""POS_PRON_rate_alto""]",3,5460ca6e1d16
0.08009259259259259,"[""DEP_acl_rate_baixo"", ""DEP_ccomp_rate_baixo"", ""POS_PRON_rate_alto""]",3,e3b53fe53f9c
0.1150462962962963,"[""DEP_advcl_rate_baixo"", ""DEP_nsubj:pass_rate_baixo"", ""POS_PRON_rate_alto""]",3,32c989e5b0fb
0.10879629629629629,"[""DEP_advcl_rate_baixo"", ""DEP_aux:pass_rate_baixo"", ""POS_PRON_rate_alto""]",3,862140db5323
0.10208333333333333,"[""DEP_advcl_rate_baixo"", ""DEP_nummod_rate_baixo"", ""POS_PRON_rate_alto""]",3,ab35c17afc2f
0.085416666666666669,"[""DEP_advcl_rate_baixo"", ""DEP_ccomp_rate_baixo"", ""POS_PRON_rate_alto""]",3,db7ee480b88c
0.08009259259259259,"[""DEP_acl_rate_baixo"", ""DEP_advcl_rate_baixo"", ""POS_PRON_rate_alto""]",3,152ee802124d
0.1150462962962963,"[""DEP_nsubj:pass_rate_baixo"", ""POS_PRON_rate_alto"", ""uppercaseRatio_baixo""]",3,0f2200838e94
0.10578703703703704,"[""DEP_aux:pass_rate_baixo"", ""POS_PRON_rate_alto"", ""uppercaseRatio_baixo""]",3,9c6cc6c0c6cd
0.10231481481481482,"[""DEP_nummod_rate_baixo"", ""POS_PRON_rate_alto"", ""uppercaseRatio_baixo""]",3,933331ef14b5
0.083333333333333329,"[""DEP_ccomp_rate_baixo"", ""POS_PRON_rate_alto"", ""uppercaseRatio_baixo""]",3,38dff70680be
0.083333333333333329,"[""DEP_acl_rate_baixo"", ""POS_PRON_rate_alto"", ""uppercaseRatio_baixo""]",3,c5e7e0719132
0.09930555555555555,"[""DEP_cop_rate_baixo"", ""DEP_nsubj:pass_rate_baixo"", ""POS_PRON_rate_alto""]",3,b21809f127bf
0.091435185185185189,"[""DEP_aux:pass_rate_baixo"", ""DEP_cop_rate_baixo"", ""POS_PRON_rate_alto""]",3,f454e3b54d3c
0.090046296296296291,"[""DEP_cop_rate_baixo"", ""DEP_nummod_rate_baixo"", ""POS_PRON_rate_alto""]",3,190077152b7a
0.12777777777777777,"[""DEP_nummod_rate_baixo"", ""POS_NUM_rate_baixo"", ""POS_PRON_rate_alto""]",3,dadb5bea2fa4
0.10092592592592593,"[""DEP_nsubj:pass_rate_baixo"", ""POS_NUM_rate_baixo"", ""POS_PRON_rate_alto""]",3,1c72fe1be928
0.094675925925925927,"[""DEP_aux:pass_rate_baixo"", ""POS_NUM_rate_baixo"", ""POS_PRON_rate_alto""]",3,a2e605820baf
0.11712962962962963,"[""DEP_acl_rate_baixo"", ""DEP_nsubj:pass_rate_baixo"", ""POS_PRON_rate_alto""]",3,e176e606d303
0.10740740740740741,"[""DEP_acl_rate_baixo"", ""DEP_nummod_rate_baixo"", ""POS_PRON_rate_alto""]",3,70f1ac005428
0.10694444444444444,"[""DEP_acl_rate_baixo"", ""DEP_aux:pass_rate_baixo"", ""POS_PRON_rate_alto""]",3,db32af3c92bb
0.085185185185185183,"[""DEP_advmod_rate_alto"", ""POS_ADV_rate_alto"", ""POS_PRON_rate_alto""]",3,2492450784f1
0.080324074074074076,"[""DEP_nummod_rate_baixo"", ""DEP_xcomp_rate_baixo"", ""POS_PRON_rate_alto""]",3,d4ee267d18c7
0.091435185185185189,"[""DEP_nsubj:pass_rate_baixo"", ""DEP_xcomp_rate_baixo"", ""POS_PRON_rate_alto""]",3,9d858905cb58
0.08611111111111111,"[""DEP_aux:pass_rate_baixo"", ""DEP_xcomp_rate_baixo"", ""POS_PRON_rate_alto""]",3,ad740f73a8a8
0.22569444444444445,"[""DEP_nsubj:pass_rate_baixo"", ""DEP_obj_rate_alto""]",2,8b970151f163
0.21412037037037038,"[""DEP_aux:pass_rate_baixo"", ""DEP_obj_rate_alto""]",2,9d79c8b38a69
0.18078703703703702,"[""DEP_cop_rate_baixo"", ""DEP_obj_rate_alto""]",2,004dcfcd1bbd
0.17245370370370369,"[""DEP_nummod_rate_baixo"", ""DEP_obj_rate_alto""]",2,a47ed68d4f4a
0.15625,"[""DEP_ccomp_rate_baixo"", ""DEP_obj_rate_alto""]",2,0e3306a79898
0.12314814814814815,"[""DEP_obj_rate_alto"", ""POS_NUM_rate_baixo""]",2,63a666390bcf
0.12175925925925926,"[""DEP_obj_rate_alto"", ""uppercaseRatio_baixo""]",2,b294d463534a
0.11782407407407407,"[""DEP_advcl_rate_baixo"", ""DEP_obj_rate_alto""]",2,f6fab027b418
0.097453703703703709,"[""DEP_obj_rate_alto"", ""POS_PRON_rate_alto""]",2,a883c8268c99
0.084259259259259256,"[""DEP_cc_rate_alto"", ""DEP_obj_rate_alto""]",2,eefe930140a8
0.13981481481481481,"[""DEP_acl:relcl_rate_baixo"", ""DEP_obj_rate_alto""]",2,7685963fb5ae
0.10092592592592593,"[""DEP_appos_rate_baixo"", ""DEP_obj_rate_alto""]",2,405892cf02b0
0.13587962962962963,"[""DEP_acl_rate_baixo"", ""DEP_obj_rate_alto""]",2,e43d1de1b32d
0.12175925925925926,"[""DEP_advcl_rate_alto"", ""DEP_obj_rate_alto""]",2,da5e7c7fd455
0.12222222222222222,"[""DEP_obj_rate_alto"", ""DEP_xcomp_rate_baixo""]",2,3cb0c6985a5f
0.10138888888888889,"[""DEP_mark_rate_alto"", ""DEP_obj_rate_alto""]",2,d3383f932bf7
0.093055555555555558,"[""DEP_advmod_rate_baixo"", ""DEP_obj_rate_alto""]",2,d74215a37fe5
0.084259259259259256,"[""DEP_obj_rate_alto"", ""POS_ADV_rate_baixo""]",2,4d3bb05172a8
0.21296296296296297,"[""DEP_aux:pass_rate_baixo"", ""DEP_nsubj:pass_rate_baixo"", ""DEP_obj_rate_alto""]",3,bcae2f5c7a51
0.15069444444444444,"[""DEP_cop_rate_baixo"", ""DEP_nsubj:pass_rate_baixo"", ""DEP_obj_rate_alto""]",3,abb33941f74d
0.14166666666666666,"[""DEP_aux:pass_rate_baixo"", ""DEP_cop_rate_baixo"", ""DEP_obj_rate_alto""]",3,387d6e2bcbf3
0.14699074074074073,"[""DEP_nsubj:pass_rate_baixo"", ""DEP_nummod_rate_baixo"", ""DEP_obj_rate_alto""]",3,2d848fc07303
0.13981481481481481,"[""DEP_aux:pass_rate_baixo"", ""DEP_nummod_rate_baixo"", ""DEP_obj_rate_alto""]",3,4286c7e17675
0.11828703703703704,"[""DEP_cop_rate_baixo"", ""DEP_nummod_rate_baixo"", ""DEP_obj_rate_alto""]",3,fb729139d217
0.13240740740740742,"[""DEP_ccomp_rate_baixo"", ""DEP_nsubj:pass_rate_baixo"", ""DEP_obj_rate_alto""]",3,a52fdbc9e888
0.12662037037037038,"[""DEP_aux:pass_rate_baixo"", ""DEP_ccomp_rate_baixo"", ""DEP_obj_rate_alto""]",3,f49500fa2043
0.10949074074074074,"[""DEP_ccomp_rate_baixo"", ""DEP_cop_rate_baixo"", ""DEP_obj_rate_alto""]",3,e4b43f8ce7b1
0.097453703703703709,"[""DEP_ccomp_rate_baixo"", ""DEP_nummod_rate_baixo"", ""DEP_obj_rate_alto""]",3,de3a87252f9b
0.12175925925925926,"[""DEP_nummod_rate_baixo"", ""DEP_obj_rate_alto"", ""POS_NUM_rate_baixo""]",3,062370fcf0bc
0.10625,"[""DEP_nsubj:pass_rate_baixo"", ""DEP_obj_rate_alto"", ""POS_NUM_rate_baixo""]",3,70845cf833b9
0.10046296296296296,"[""DEP_aux:pass_rate_baixo"", ""DEP_obj_rate_alto"", ""POS_NUM_rate_baixo""]",3,d678871299cd
0.082870370370370372,"[""DEP_cop_rate_baixo"", ""DEP_obj_rate_alto"", ""POS_NUM_rate_baixo""]",3,aff3182de6f1
0.10532407407407407,"[""DEP_nsubj:pass_rate_baixo"", ""DEP_obj_rate_alto"", ""uppercaseRatio_baixo""]",3,9fae0d3c0dae
0.10000000000000001,"[""DEP_aux:pass_rate_baixo"", ""DEP_obj_rate_alto"", ""uppercaseRatio_baixo""]",3,0bf12c1302c8
0.10092592592592593,"[""DEP_advcl_rate_baixo"", ""DEP_nsubj:pass_rate_baixo"", ""DEP_obj_rate_alto""]",3,2d4bf07c2ecb
0.098379629629629636,"[""DEP_advcl_rate_baixo"", ""DEP_aux:pass_rate_baixo"", ""DEP_obj_rate_alto""]",3,ab7124bf43f4
0.081712962962962959,"[""DEP_advcl_rate_baixo"", ""DEP_cop_rate_baixo"", ""DEP_obj_rate_alto""]",3,922bf43fe0e0
0.08217592592592593,"[""DEP_nsubj:pass_rate_baixo"", ""DEP_obj_rate_alto"", ""POS_PRON_rate_alto""]",3,c8aed971b2e1
0.12037037037037036,"[""DEP_acl:relcl_rate_baixo"", ""DEP_nsubj:pass_rate_baixo"", ""DEP_obj_rate_alto""]",3,57c51809180a
0.11412037037037037,"[""DEP_acl:relcl_rate_baixo"", ""DEP_aux:pass_rate_baixo"", ""DEP_obj_rate_alto""]",3,cc43da3a7025
0.090972222222222218,"[""DEP_acl:relcl_rate_baixo"", ""DEP_nummod_rate_baixo"", ""DEP_obj_rate_alto""]",3,2a8d5af97e5e
0.1011574074074074,"[""DEP_acl:relcl_rate_baixo"", ""DEP_cop_rate_baixo"", ""DEP_obj_rate_alto""]",3,6f859284da4a
0.083796296296296299,"[""DEP_appos_rate_baixo"", ""DEP_nsubj:pass_rate_baixo"", ""DEP_obj_rate_alto""]",3,8b86035ca7b8
0.11342592592592593,"[""DEP_acl_rate_baixo"", ""DEP_nsubj:pass_rate_baixo"", ""DEP_obj_rate_alto""]",3,6743404a6162
0.08981481481481482,"[""DEP_acl_rate_baixo"", ""DEP_cop_rate_baixo"", ""DEP_obj_rate_alto""]",3,d5ef7259d34e
0.087037037037037038,"[""DEP_acl_rate_baixo"", ""DEP_nummod_rate_baixo"", ""DEP_obj_rate_alto""]",3,754028e4387c
0.10810185185185185,"[""DEP_acl_rate_baixo"", ""DEP_aux:pass_rate_baixo"", ""DEP_obj_rate_alto""]",3,ba3770bd0cc9
0.10092592592592593,"[""DEP_advcl_rate_alto"", ""DEP_nsubj:pass_rate_baixo"", ""DEP_obj_rate_alto""]",3,9a8794d557b6
0.081481481481481488,"[""DEP_advcl_rate_alto"", ""DEP_cop_rate_baixo"", ""DEP_obj_rate_alto""]",3,dd48df1ec9a0
0.09375,"[""DEP_advcl_rate_alto"", ""DEP_aux:pass_rate_baixo"", ""DEP_obj_rate_alto""]",3,5fd58d3a8dec
0.10277777777777777,"[""DEP_nsubj:pass_rate_baixo"", ""DEP_obj_rate_alto"", ""DEP_xcomp_rate_baixo""]",3,38fd286f8853
0.099537037037037035,"[""DEP_aux:pass_rate_baixo"", ""DEP_obj_rate_alto"", ""DEP_xcomp_rate_baixo""]",3,76dae1414846
0.085879629629629625,"[""DEP_cop_rate_baixo"", ""DEP_obj_rate_alto"", ""DEP_xcomp_rate_baixo""]",3,4b2d514255ce
0.081712962962962959,"[""DEP_mark_rate_alto"", ""DEP_nsubj:pass_rate_baixo"", ""DEP_obj_rate_alto""]",3,c20b22b33ea5
0.081250000000000003,"[""DEP_advmod_rate_baixo"", ""DEP_obj_rate_alto"", ""POS_ADV_rate_baixo""]",3,b97ffc0e300d
0.19699074074074074,"[""DEP_appos_rate_alto"", ""DEP_nsubj:pass_rate_baixo""]",2,522fbe1a3f20
0.18402777777777779,"[""DEP_appos_rate_alto"", ""DEP_nummod_rate_baixo""]",2,04b7e3bda611
0.18310185185185185,"[""DEP_appos_rate_alto"", ""DEP_aux:pass_rate_baixo""]",2,f54bfd4a5f54
0.1738425925925926,"[""DEP_advcl_rate_baixo"", ""DEP_appos_rate_alto""]",2,af926106f408
0.17245370370370369,"[""DEP_appos_rate_alto"", ""DEP_cop_rate_baixo""]",2,bd4320974909
0.16944444444444445,"[""DEP_appos_rate_alto"", ""DEP_ccomp_rate_baixo""]",2,a5de19135f46
0.10601851851851851,"[""DEP_appos_rate_alto"", ""POS_NUM_rate_baixo""]",2,8bb0dd5d06e8
0.10462962962962963,"[""DEP_appos_rate_alto"", ""DEP_mark_rate_baixo""]",2,a94c07c1ecfb
0.10092592592592593,"[""DEP_appos_rate_alto"", ""POS_SCONJ_rate_baixo""]",2,7eb5dcf6df83
0.08981481481481482,"[""DEP_appos_rate_alto"", ""uppercaseRatio_baixo""]",2,1f58a9585978
0.1136574074074074,"[""DEP_advmod_rate_baixo"", ""DEP_appos_rate_alto""]",2,f99c8149c627
0.10648148148148148,"[""DEP_appos_rate_alto"", ""POS_ADV_rate_baixo""]",2,ae2692f8ef1b
0.10046296296296296,"[""DEP_appos_rate_alto"", ""DEP_cc_rate_baixo""]",2,9781efd006f9
0.095601851851851855,"[""DEP_appos_rate_alto"", ""POS_CCONJ_rate_baixo""]",2,2235bff3ff40
0.085185185185185183,"[""DEP_appos_rate_alto"", ""DEP_conj_rate_baixo""]",2,91acb41f0660
0.17800925925925926,"[""DEP_acl:relcl_rate_baixo"", ""DEP_appos_rate_alto""]",2,c020109ca888
0.1476851851851852,"[""DEP_appos_rate_alto"", ""DEP_xcomp_rate_baixo""]",2,419b9f1cb597
0.11041666666666666,"[""DEP_appos_rate_alto"", ""POS_PRON_rate_baixo""]",2,bac8ad4e837e
0.14560185185185184,"[""DEP_acl_rate_baixo"", ""DEP_appos_rate_alto""]",2,6603cb41ef19
0.081250000000000003,"[""DEP_advcl_rate_alto"", ""DEP_appos_rate_alto""]",2,6ae62755c1dc
0.1363425925925926,"[""DEP_appos_rate_alto"", ""DEP_nsubj:pass_rate_baixo"", ""DEP_nummod_rate_baixo""]",3,02936e430601
0.18148148148148149,"[""DEP_appos_rate_alto"", ""DEP_aux:pass_rate_baixo"", ""DEP_nsubj:pass_rate_baixo""]",3,1e7d5629e0dd
0.12731481481481483,"[""DEP_appos_rate_alto"", ""DEP_aux:pass_rate_baixo"", ""DEP_nummod_rate_baixo""]",3,1f8cbb6751f1
0.12893518518518518,"[""DEP_advcl_rate_baixo"", ""DEP_appos_rate_alto"", ""DEP_nsubj:pass_rate_baixo""]",3,3178dff4549b
0.12129629629629629,"[""DEP_advcl_rate_baixo"", ""DEP_appos_rate_alto"", ""DEP_aux:pass_rate_baixo""]",3,719162f801ec
0.11782407407407407,"[""DEP_advcl_rate_baixo"", ""DEP_appos_rate_alto"", ""DEP_nummod_rate_baixo""]",3,f68d7ee07af7
0.11087962962962963,"[""DEP_acl:relcl_rate_baixo"", ""DEP_advcl_rate_baixo"", ""DEP_appos_rate_alto""]",3,0dd9b92dc5be
0.12222222222222222,"[""DEP_appos_rate_alto"", ""DEP_cop_rate_baixo"", ""DEP_nsubj:pass_rate_baixo""]",3,e9dc66226060
0.1150462962962963,"[""DEP_appos_rate_alto"", ""DEP_cop_rate_baixo"", ""DEP_nummod_rate_baixo""]",3,fa58ad5fd2ba
0.11226851851851852,"[""DEP_appos_rate_alto"", ""DEP_aux:pass_rate_baixo"", ""DEP_cop_rate_baixo""]",3,4bdcaf06c09c
0.11180555555555556,"[""DEP_advcl_rate_baixo"", ""DEP_appos_rate_alto"", ""DEP_cop_rate_baixo""]",3,1784068f12e4
0.12013888888888889,"[""DEP_acl:relcl_rate_baixo"", ""DEP_appos_rate_alto"", ""DEP_cop_rate_baixo""]",3,c34b54bc06e0
0.12291666666666666,"[""DEP_appos_rate_alto"", ""DEP_ccomp_rate_baixo"", ""DEP_nsubj:pass_rate_baixo""]",3,718baec909fd
0.1150462962962963,"[""DEP_appos_rate_alto"", ""DEP_aux:pass_rate_baixo"", ""DEP_ccomp_rate_baixo""]",3,382e4dd4f46e
0.11296296296296296,"[""DEP_appos_rate_alto"", ""DEP_ccomp_rate_baixo"", ""DEP_cop_rate_baixo""]",3,93ec731a41b9
0.1125,"[""DEP_appos_rate_alto"", ""DEP_ccomp_rate_baixo"", ""DEP_nummod_rate_baixo""]",3,ead200545e95
0.11157407407407408,"[""DEP_advcl_rate_baixo"", ""DEP_appos_rate_alto"", ""DEP_ccomp_rate_baixo""]",3,4959112985ff
0.10925925925925926,"[""DEP_acl:relcl_rate_baixo"", ""DEP_appos_rate_alto"", ""DEP_ccomp_rate_baixo""]",3,d8bcc88062c4
0.10555555555555556,"[""DEP_appos_rate_alto"", ""DEP_nummod_rate_baixo"", ""POS_NUM_rate_baixo""]",3,acb4392a01c8
0.081018518518518517,"[""DEP_appos_rate_alto"", ""DEP_nsubj:pass_rate_baixo"", ""POS_NUM_rate_baixo""]",3,2883e060f5a7
0.095601851851851855,"[""DEP_appos_rate_alto"", ""DEP_ccomp_rate_baixo"", ""DEP_mark_rate_baixo""]",3,5dfddd44f2e6
0.08611111111111111,"[""DEP_advcl_rate_baixo"", ""DEP_appos_rate_alto"", ""DEP_mark_rate_baixo""]",3,f9b37390190f
0.096527777777777782,"[""DEP_appos_rate_alto"", ""DEP_mark_rate_baixo"", ""POS_SCONJ_rate_baixo""]",3,0a14d810b3c5
0.092592592592592587,"[""DEP_appos_rate_alto"", ""DEP_ccomp_rate_baixo"", ""POS_SCONJ_rate_baixo""]",3,1def24a32937
0.081944444444444445,"[""DEP_advcl_rate_baixo"", ""DEP_appos_rate_alto"", ""POS_SCONJ_rate_baixo""]",3,2c2c73d8315d
0.081944444444444445,"[""DEP_advmod_rate_baixo"", ""DEP_appos_rate_alto"", ""DEP_nsubj:pass_rate_baixo""]",3,d4e2088ba835
0.080555555555555561,"[""DEP_advmod_rate_baixo"", ""DEP_appos_rate_alto"", ""DEP_cop_rate_baixo""]",3,7df784673ec5
0.10277777777777777,"[""DEP_advmod_rate_baixo"", ""DEP_appos_rate_alto"", ""POS_ADV_rate_baixo""]",3,3cdcfa46ff0a
0.093981481481481485,"[""DEP_appos_rate_alto"", ""DEP_cc_rate_baixo"", ""POS_CCONJ_rate_baixo""]",3,10f8c5b28cdd
0.081481481481481488,"[""DEP_appos_rate_alto"", ""DEP_cc_rate_baixo"", ""DEP_conj_rate_baixo""]",3,d1fa92d0d6b3
0.12777777777777777,"[""DEP_acl:relcl_rate_baixo"", ""DEP_appos_rate_alto"", ""DEP_nsubj:pass_rate_baixo""]",3,7d80b9834df5
0.12175925925925926,"[""DEP_acl:relcl_rate_baixo"", ""DEP_appos_rate_alto"", ""DEP_nummod_rate_baixo""]",3,9b667c1b0e8b
0.11851851851851852,"[""DEP_acl:relcl_rate_baixo"", ""DEP_appos_rate_alto"", ""DEP_aux:pass_rate_baixo""]",3,a3433aaa6753
0.1076388888888889,"[""DEP_appos_rate_alto"", ""DEP_nsubj:pass_rate_baixo"", ""DEP_xcomp_rate_baixo""]",3,9a02513c4814
0.10185185185185185,"[""DEP_appos_rate_alto"", ""DEP_aux:pass_rate_baixo"", ""DEP_xcomp_rate_baixo""]",3,55ab78bac043
0.10069444444444445,"[""DEP_acl:relcl_rate_baixo"", ""DEP_appos_rate_alto"", ""DEP_xcomp_rate_baixo""]",3,4f0d238ac891
0.10023148148148148,"[""DEP_appos_rate_alto"", ""DEP_nummod_rate_baixo"", ""DEP_xcomp_rate_baixo""]",3,aaf853898514
0.10000000000000001,"[""DEP_appos_rate_alto"", ""DEP_ccomp_rate_baixo"", ""DEP_xcomp_rate_baixo""]",3,bf8b293e1b51
0.096296296296296297,"[""DEP_advcl_rate_baixo"", ""DEP_appos_rate_alto"", ""DEP_xcomp_rate_baixo""]",3,cbafa66fa975
0.093287037037037043,"[""DEP_appos_rate_alto"", ""DEP_cop_rate_baixo"", ""DEP_xcomp_rate_baixo""]",3,3bce1eaa3ce1
0.10740740740740741,"[""DEP_acl:relcl_rate_baixo"", ""DEP_appos_rate_alto"", ""POS_PRON_rate_baixo""]",3,3d927e3b119d
0.10138888888888889,"[""DEP_acl_rate_baixo"", ""DEP_appos_rate_alto"", ""DEP_nsubj:pass_rate_baixo""]",3,4e2c2e0722e8
0.093981481481481485,"[""DEP_acl_rate_baixo"", ""DEP_appos_rate_alto"", ""DEP_cop_rate_baixo""]",3,1f2b382b7e7a
0.093518518518518515,"[""DEP_acl_rate_baixo"", ""DEP_appos_rate_alto"", ""DEP_aux:pass_rate_baixo""]",3,d7b277279fc5
0.091203703703703703,"[""DEP_acl_rate_baixo"", ""DEP_advcl_rate_baixo"", ""DEP_appos_rate_alto""]",3,b96484396cc5
0.089120370370370364,"[""DEP_acl_rate_baixo"", ""DEP_appos_rate_alto"", ""DEP_ccomp_rate_baixo""]",3,371cfe40915a
0.10208333333333333,"[""DEP_acl_rate_baixo"", ""DEP_appos_rate_alto"", ""DEP_nummod_rate_baixo""]",3,66f6e440b888
0.095601851851851855,"[""DEP_acl:relcl_rate_baixo"", ""DEP_acl_rate_baixo"", ""DEP_appos_rate_alto""]",3,2eeba9e8ac23
0.20694444444444443,"[""DEP_amod_rate_alto"", ""DEP_nsubj:pass_rate_baixo""]",2,a542320d1644
0.19236111111111112,"[""DEP_amod_rate_alto"", ""DEP_aux:pass_rate_baixo""]",2,7e64b6b9a19e
0.17708333333333334,"[""DEP_amod_rate_alto"", ""DEP_ccomp_rate_baixo""]",2,757b92cfcc31
0.17268518518518519,"[""DEP_amod_rate_alto"", ""DEP_nummod_rate_baixo""]",2,5633745fe31e
0.16157407407407406,"[""DEP_advcl_rate_baixo"", ""DEP_amod_rate_alto""]",2,79bbabe4c174
0.1537037037037037,"[""DEP_amod_rate_alto"", ""DEP_cop_rate_baixo""]",2,d8f1d5b86366
0.1388888888888889,"[""DEP_amod_rate_alto"", ""uppercaseRatio_baixo""]",2,41f10c8d976d
0.1136574074074074,"[""DEP_amod_rate_alto"", ""POS_NUM_rate_baixo""]",2,27fd231e2357
0.090277777777777776,"[""DEP_amod_rate_alto"", ""POS_SCONJ_rate_baixo""]",2,01031131e0af
0.090277777777777776,"[""DEP_amod_rate_alto"", ""DEP_mark_rate_baixo""]",2,516c28187859
0.13680555555555557,"[""DEP_acl_rate_baixo"", ""DEP_amod_rate_alto""]",2,1a486a323dfb
0.16828703703703704,"[""DEP_acl:relcl_rate_baixo"", ""DEP_amod_rate_alto""]",2,ecf0036296c7
0.14027777777777778,"[""DEP_amod_rate_alto"", ""DEP_xcomp_rate_baixo""]",2,b347fbd090f0
0.10000000000000001,"[""DEP_amod_rate_alto"", ""POS_PRON_rate_baixo""]",2,33489872a173
0.088657407407407407,"[""DEP_advmod_rate_baixo"", ""DEP_amod_rate_alto""]",2,b48908392dfc
0.081481481481481488,"[""DEP_amod_rate_alto"", ""POS_ADV_rate_baixo""]",2,51ebba3a3adc
0.093518518518518515,"[""DEP_amod_rate_alto"", ""DEP_appos_rate_baixo""]",2,3220ed1fab51
0.086342592592592596,"[""DEP_advcl_rate_alto"", ""DEP_amod_rate_alto""]",2,114b5ab74ef1
0.081018518518518517,"[""DEP_amod_rate_alto"", ""DEP_cop_rate_alto""]",2,87fd19d25874
0.19120370370370371,"[""DEP_amod_rate_alto"", ""DEP_aux:pass_rate_baixo"", ""DEP_nsubj:pass_rate_baixo""]",3,424d6af92b9f
0.13935185185185187,"[""DEP_amod_rate_alto"", ""DEP_ccomp_rate_baixo"", ""DEP_nsubj:pass_rate_baixo""]",3,b22ae0bd63b7
0.12986111111111112,"[""DEP_amod_rate_alto"", ""DEP_aux:pass_rate_baixo"", ""DEP_ccomp_rate_baixo""]",3,9730cebb3290
0.13680555555555557,"[""DEP_amod_rate_alto"", ""DEP_nsubj:pass_rate_baixo"", ""DEP_nummod_rate_baixo""]",3,c63105c94a41
0.12662037037037038,"[""DEP_amod_rate_alto"", ""DEP_aux:pass_rate_baixo"", ""DEP_nummod_rate_baixo""]",3,83f0366fb8cd
0.10925925925925926,"[""DEP_amod_rate_alto"", ""DEP_ccomp_rate_baixo"", ""DEP_nummod_rate_baixo""]",3,bbedde1a0460
0.12476851851851851,"[""DEP_advcl_rate_baixo"", ""DEP_amod_rate_alto"", ""DEP_nsubj:pass_rate_baixo""]",3,d6e283efd45b
0.11712962962962963,"[""DEP_advcl_rate_baixo"", ""DEP_amod_rate_alto"", ""DEP_aux:pass_rate_baixo""]",3,391c1bc824a2
0.10648148148148148,"[""DEP_advcl_rate_baixo"", ""DEP_amod_rate_alto"", ""DEP_ccomp_rate_baixo""]",3,77f301ed9e03
0.10277777777777777,"[""DEP_advcl_rate_baixo"", ""DEP_amod_rate_alto"", ""DEP_nummod_rate_baixo""]",3,d8466b05c5c0
0.10347222222222222,"[""DEP_acl:relcl_rate_baixo"", ""DEP_advcl_rate_baixo"", ""DEP_amod_rate_alto""]",3,b4d2bedee8a2
0.11574074074074074,"[""DEP_amod_rate_alto"", ""DEP_cop_rate_baixo"", ""DEP_nsubj:pass_rate_baixo""]",3,9cf7df84d304
0.10625,"[""DEP_amod_rate_alto"", ""DEP_aux:pass_rate_baixo"", ""DEP_cop_rate_baixo""]",3,4a085d0db0de
0.10462962962962963,"[""DEP_amod_rate_alto"", ""DEP_ccomp_rate_baixo"", ""DEP_cop_rate_baixo""]",3,7caf676c2de2
0.09976851851851852,"[""DEP_amod_rate_alto"", ""DEP_cop_rate_baixo"", ""DEP_nummod_rate_baixo""]",3,0165d6c67582
0.092824074074074073,"[""DEP_advcl_rate_baixo"", ""DEP_amod_rate_alto"", ""DEP_cop_rate_baixo""]",3,0c573de06034
0.09930555555555555,"[""DEP_acl:relcl_rate_baixo"", ""DEP_amod_rate_alto"", ""DEP_cop_rate_baixo""]",3,301b0d6aa2cb
0.10625,"[""DEP_amod_rate_alto"", ""DEP_nsubj:pass_rate_baixo"", ""uppercaseRatio_baixo""]",3,326661bf75df
0.097453703703703709,"[""DEP_amod_rate_alto"", ""DEP_aux:pass_rate_baixo"", ""uppercaseRatio_baixo""]",3,29a75bb554b5
0.094212962962962957,"[""DEP_amod_rate_alto"", ""DEP_ccomp_rate_baixo"", ""uppercaseRatio_baixo""]",3,db9a969f6c8b
0.090740740740740747,"[""DEP_amod_rate_alto"", ""DEP_nummod_rate_baixo"", ""uppercaseRatio_baixo""]",3,491dfe94b8ee
0.081944444444444445,"[""DEP_advcl_rate_baixo"", ""DEP_amod_rate_alto"", ""uppercaseRatio_baixo""]",3,33e3e1cab994
0.083101851851851857,"[""DEP_acl:relcl_rate_baixo"", ""DEP_amod_rate_alto"", ""uppercaseRatio_baixo""]",3,790f1b70ba3e
0.11319444444444444,"[""DEP_amod_rate_alto"", ""DEP_nummod_rate_baixo"", ""POS_NUM_rate_baixo""]",3,7c4f8eb4c5a7
0.09166666666666666,"[""DEP_amod_rate_alto"", ""DEP_nsubj:pass_rate_baixo"", ""POS_NUM_rate_baixo""]",3,4454be5e3911
0.084027777777777785,"[""DEP_amod_rate_alto"", ""DEP_aux:pass_rate_baixo"", ""POS_NUM_rate_baixo""]",3,47eafa26810b
0.081250000000000003,"[""DEP_amod_rate_alto"", ""DEP_ccomp_rate_baixo"", ""POS_SCONJ_rate_baixo""]",3,6f72ed867773
0.083333333333333329,"[""DEP_amod_rate_alto"", ""DEP_mark_rate_baixo"", ""POS_SCONJ_rate_baixo""]",3,e27b5ec865fb
0.08217592592592593,"[""DEP_amod_rate_alto"", ""DEP_ccomp_rate_baixo"", ""DEP_mark_rate_baixo""]",3,568cd33e0fd2
0.10347222222222222,"[""DEP_acl_rate_baixo"", ""DEP_amod_rate_alto"", ""DEP_nsubj:pass_rate_baixo""]",3,63336f055d4b
0.096990740740740738,"[""DEP_acl_rate_baixo"", ""DEP_amod_rate_alto"", ""DEP_aux:pass_rate_baixo""]",3,f6ba7b35b27d
0.090046296296296291,"[""DEP_acl_rate_baixo"", ""DEP_amod_rate_alto"", ""DEP_nummod_rate_baixo""]",3,0c3998bd6f4f
0.086574074074074067,"[""DEP_acl_rate_baixo"", ""DEP_amod_rate_alto"", ""DEP_ccomp_rate_baixo""]",3,aad186af65a4
0.084953703703703698,"[""DEP_acl:relcl_rate_baixo"", ""DEP_acl_rate_baixo"", ""DEP_amod_rate_alto""]",3,429345c194a9
0.12800925925925927,"[""DEP_acl:relcl_rate_baixo"", ""DEP_amod_rate_alto"", ""DEP_nsubj:pass_rate_baixo""]",3,5336f5803e64
0.1175925925925926,"[""DEP_acl:relcl_rate_baixo"", ""DEP_amod_rate_alto"", ""DEP_aux:pass_rate_baixo""]",3,1d8b0f1a783c
0.1111111111111111,"[""DEP_acl:relcl_rate_baixo"", ""DEP_amod_rate_alto"", ""DEP_nummod_rate_baixo""]",3,eeef5acacad7
0.10856481481481481,"[""DEP_acl:relcl_rate_baixo"", ""DEP_amod_rate_alto"", ""DEP_ccomp_rate_baixo""]",3,239b58fe1c6b
0.1076388888888889,"[""DEP_amod_rate_alto"", ""DEP_nsubj:pass_rate_baixo"", ""DEP_xcomp_rate_baixo""]",3,a3a5a03d07af
0.10162037037037037,"[""DEP_amod_rate_alto"", ""DEP_aux:pass_rate_baixo"", ""DEP_xcomp_rate_baixo""]",3,7147ed399dc2
0.10069444444444445,"[""DEP_amod_rate_alto"", ""DEP_ccomp_rate_baixo"", ""DEP_xcomp_rate_baixo""]",3,ca280359f4b5
0.090740740740740747,"[""DEP_acl:relcl_rate_baixo"", ""DEP_amod_rate_alto"", ""DEP_xcomp_rate_baixo""]",3,6957eabf92d2
0.087037037037037038,"[""DEP_advcl_rate_baixo"", ""DEP_amod_rate_alto"", ""DEP_xcomp_rate_baixo""]",3,3a9e9cf80e6c
0.085879629629629625,"[""DEP_amod_rate_alto"", ""DEP_nummod_rate_baixo"", ""DEP_xcomp_rate_baixo""]",3,e11889300242
0.096296296296296297,"[""DEP_acl:relcl_rate_baixo"", ""DEP_amod_rate_alto"", ""POS_PRON_rate_baixo""]",3,2473b1cbad54
0.26458333333333334,"[""DEP_aux:pass_rate_baixo"", ""POS_AUX_rate_baixo""]",2,2bc7c754d9c2
0.2638888888888889,"[""DEP_nsubj:pass_rate_baixo"", ""POS_AUX_rate_baixo""]",2,8c3cebc0601d
0.26203703703703701,"[""DEP_cop_rate_baixo"", ""POS_AUX_rate_baixo""]",2,e309a87f371b
0.17453703703703705,"[""DEP_ccomp_rate_baixo"", ""POS_AUX_rate_baixo""]",2,58280cb295d0
0.16111111111111112,"[""DEP_nummod_rate_baixo"", ""POS_AUX_rate_baixo""]",2,62f5d30b1395
0.16018518518518518,"[""DEP_advcl_rate_baixo"", ""POS_AUX_rate_baixo""]",2,1bde36f45438
0.10648148148148148,"[""POS_AUX_rate_baixo"", ""uppercaseRatio_baixo""]",2,2f4660515e69
0.10000000000000001,"[""DEP_obj_rate_alto"", ""POS_AUX_rate_baixo""]",2,1645486776f1
0.097916666666666666,"[""POS_AUX_rate_baixo"", ""POS_NUM_rate_baixo""]",2,c5619c77cf67
0.097222222222222224,"[""DEP_mark_rate_baixo"", ""POS_AUX_rate_baixo""]",2,b1a9e7785007
0.096759259259259253,"[""POS_AUX_rate_baixo"", ""POS_SCONJ_rate_baixo""]",2,5c9df7385c73
0.084953703703703698,"[""DEP_appos_rate_alto"", ""POS_AUX_rate_baixo""]",2,ebf57f7fcd8c
0.081018518518518517,"[""DEP_cc_rate_alto"", ""POS_AUX_rate_baixo""]",2,badc749b38ed
0.12222222222222222,"[""DEP_acl_rate_baixo"", ""POS_AUX_rate_baixo""]",2,d93f1e0fdf52
0.1701388888888889,"[""DEP_acl:relcl_rate_baixo"", ""POS_AUX_rate_baixo""]",2,fe4b7736d47b
0.13541666666666666,"[""DEP_xcomp_rate_baixo"", ""POS_AUX_rate_baixo""]",2,cf94e1aaf29e
0.10277777777777777,"[""DEP_advmod_rate_baixo"", ""POS_AUX_rate_baixo""]",2,6009b2b43efa
0.09930555555555555,"[""POS_AUX_rate_baixo"", ""POS_PRON_rate_baixo""]",2,8199b8e54580
0.095601851851851855,"[""POS_ADV_rate_baixo"", ""POS_AUX_rate_baixo""]",2,af3fbf342519
0.08009259259259259,"[""DEP_advcl_rate_alto"", ""POS_AUX_rate_baixo""]",2,f504285cb955
0.080555555555555561,"[""DEP_nummod_rate_alto"", ""POS_AUX_rate_baixo""]",2,1035557cd469
0.2638888888888889,"[""DEP_aux:pass_rate_baixo"", ""DEP_nsubj:pass_rate_baixo"", ""POS_AUX_rate_baixo""]",3,d1784a637348
0.26203703703703701,"[""DEP_aux:pass_rate_baixo"", ""DEP_cop_rate_baixo"", ""POS_AUX_rate_baixo""]",3,e1ea13fa5b63
0.26134259259259257,"[""DEP_cop_rate_baixo"", ""DEP_nsubj:pass_rate_baixo"", ""POS_AUX_rate_baixo""]",3,a2d1540c8d92
0.17453703703703705,"[""DEP_aux:pass_rate_baixo"", ""DEP_ccomp_rate_baixo"", ""POS_AUX_rate_baixo""]",3,90c5c628cfc4
0.17430555555555555,"[""DEP_ccomp_rate_baixo"", ""DEP_nsubj:pass_rate_baixo"", ""POS_AUX_rate_baixo""]",3,d20873417a73
0.1736111111111111,"[""DEP_ccomp_rate_baixo"", ""DEP_cop_rate_baixo"", ""POS_AUX_rate_baixo""]",3,b8b2101935b4
0.16111111111111112,"[""DEP_aux:pass_rate_baixo"", ""DEP_nummod_rate_baixo"", ""POS_AUX_rate_baixo""]",3,754ef6b51ea1
0.16064814814814815,"[""DEP_nsubj:pass_rate_baixo"", ""DEP_nummod_rate_baixo"", ""POS_AUX_rate_baixo""]",3,379d24b12d75
0.15949074074074074,"[""DEP_cop_rate_baixo"", ""DEP_nummod_rate_baixo"", ""POS_AUX_rate_baixo""]",3,5578a43fa777
0.10393518518518519,"[""DEP_ccomp_rate_baixo"", ""DEP_nummod_rate_baixo"", ""POS_AUX_rate_baixo""]",3,493a7e837b1b
0.10347222222222222,"[""DEP_acl:relcl_rate_baixo"", ""DEP_nummod_rate_baixo"", ""POS_AUX_rate_baixo""]",3,a30aa4399cf9
0.16018518518518518,"[""DEP_advcl_rate_baixo"", ""DEP_aux:pass_rate_baixo"", ""POS_AUX_rate_baixo""]",3,86076421d145
0.15949074074074074,"[""DEP_advcl_rate_baixo"", ""DEP_nsubj:pass_rate_baixo"", ""POS_AUX_rate_baixo""]",3,485aa86b5fa0
0.15833333333333333,"[""DEP_advcl_rate_baixo"", ""DEP_cop_rate_baixo"", ""POS_AUX_rate_baixo""]",3,bb37c054b1b2
0.10671296296296297,"[""DEP_advcl_rate_baixo"", ""DEP_ccomp_rate_baixo"", ""POS_AUX_rate_baixo""]",3,686de1b9ed5b
0.095370370370370369,"[""DEP_advcl_rate_baixo"", ""DEP_nummod_rate_baixo"", ""POS_AUX_rate_baixo""]",3,6319709c1ad7
0.09976851851851852,"[""DEP_acl:relcl_rate_baixo"", ""DEP_advcl_rate_baixo"", ""POS_AUX_rate_baixo""]",3,cc7db9cb3559
0.10648148148148148,"[""DEP_aux:pass_rate_baixo"", ""POS_AUX_rate_baixo"", ""uppercaseRatio_baixo""]",3,3643d7203b23
0.10625,"[""DEP_nsubj:pass_rate_baixo"", ""POS_AUX_rate_baixo"", ""uppercaseRatio_baixo""]",3,0d81ddea9126
0.10555555555555556,"[""DEP_cop_rate_baixo"", ""POS_AUX_rate_baixo"", ""uppercaseRatio_baixo""]",3,ea09c843c352
0.10000000000000001,"[""DEP_nsubj:pass_rate_baixo"", ""DEP_obj_rate_alto"", ""POS_AUX_rate_baixo""]",3,9d0c535dd064
0.10000000000000001,"[""DEP_aux:pass_rate_baixo"", ""DEP_obj_rate_alto"", ""POS_AUX_rate_baixo""]",3,14984c2fb857
0.099537037037037035,"[""DEP_cop_rate_baixo"", ""DEP_obj_rate_alto"", ""POS_AUX_rate_baixo""]",3,e103dbf2f899
0.097916666666666666,"[""DEP_aux:pass_rate_baixo"", ""POS_AUX_rate_baixo"", ""POS_NUM_rate_baixo""]",3,2c8c76a2e257
0.09768518518518518,"[""DEP_nsubj:pass_rate_baixo"", ""POS_AUX_rate_baixo"", ""POS_NUM_rate_baixo""]",3,c3f1aca4313c
0.097453703703703709,"[""DEP_nummod_rate_baixo"", ""POS_AUX_rate_baixo"", ""POS_NUM_rate_baixo""]",3,83b7c31e58ce
0.096759259259259253,"[""DEP_cop_rate_baixo"", ""POS_AUX_rate_baixo"", ""POS_NUM_rate_baixo""]",3,46be5baf0d7e
0.097222222222222224,"[""DEP_mark_rate_baixo"", ""DEP_nsubj:pass_rate_baixo"", ""POS_AUX_rate_baixo""]",3,1c8875054894
0.097222222222222224,"[""DEP_aux:pass_rate_baixo"", ""DEP_mark_rate_baixo"", ""POS_AUX_rate_baixo""]",3,707dc8a6b6b6
0.096527777777777782,"[""DEP_cop_rate_baixo"", ""DEP_mark_rate_baixo"", ""POS_AUX_rate_baixo""]",3,62b2e385c4c8
0.08773148148148148,"[""DEP_ccomp_rate_baixo"", ""DEP_mark_rate_baixo"", ""POS_AUX_rate_baixo""]",3,645aefd84587
0.096759259259259253,"[""DEP_nsubj:pass_rate_baixo"", ""POS_AUX_rate_baixo"", ""POS_SCONJ_rate_baixo""]",3,7ca1e9500d0b
0.096759259259259253,"[""DEP_aux:pass_rate_baixo"", ""POS_AUX_rate_baixo"", ""POS_SCONJ_rate_baixo""]",3,cf0264f1855e
0.096296296296296297,"[""DEP_cop_rate_baixo"", ""POS_AUX_rate_baixo"", ""POS_SCONJ_rate_baixo""]",3,d5893a977e17
0.090046296296296291,"[""DEP_mark_rate_baixo"", ""POS_AUX_rate_baixo"", ""POS_SCONJ_rate_baixo""]",3,ac9afba9cd74
0.08773148148148148,"[""DEP_ccomp_rate_baixo"", ""POS_AUX_rate_baixo"", ""POS_SCONJ_rate_baixo""]",3,c47f89bd9b45
0.084953703703703698,"[""DEP_appos_rate_alto"", ""DEP_nsubj:pass_rate_baixo"", ""POS_AUX_rate_baixo""]",3,3dec599d5c18
0.084953703703703698,"[""DEP_appos_rate_alto"", ""DEP_aux:pass_rate_baixo"", ""POS_AUX_rate_baixo""]",3,36039407840e
0.084490740740740741,"[""DEP_appos_rate_alto"", ""DEP_cop_rate_baixo"", ""POS_AUX_rate_baixo""]",3,b2b1f1280977
0.081018518518518517,"[""DEP_aux:pass_rate_baixo"", ""DEP_cc_rate_alto"", ""POS_AUX_rate_baixo""]",3,54ba64f811e0
0.080787037037037032,"[""DEP_cc_rate_alto"", ""DEP_nsubj:pass_rate_baixo"", ""POS_AUX_rate_baixo""]",3,fea35cce2088
0.080555555555555561,"[""DEP_cc_rate_alto"", ""DEP_cop_rate_baixo"", ""POS_AUX_rate_baixo""]",3,d9c5f2df8e37
0.12222222222222222,"[""DEP_acl_rate_baixo"", ""DEP_aux:pass_rate_baixo"", ""POS_AUX_rate_baixo""]",3,17e7f9c3a8d7
0.12199074074074075,"[""DEP_acl_rate_baixo"", ""DEP_nsubj:pass_rate_baixo"", ""POS_AUX_rate_baixo""]",3,f3e242258a14
0.12083333333333333,"[""DEP_acl_rate_baixo"", ""DEP_cop_rate_baixo"", ""POS_AUX_rate_baixo""]",3,a3a877f8b319
0.1701388888888889,"[""DEP_acl:relcl_rate_baixo"", ""DEP_aux:pass_rate_baixo"", ""POS_AUX_rate_baixo""]",3,27863d6423bb
0.16967592592592592,"[""DEP_acl:relcl_rate_baixo"", ""DEP_nsubj:pass_rate_baixo"", ""POS_AUX_rate_baixo""]",3,c15966caba21
0.16805555555555557,"[""DEP_acl:relcl_rate_baixo"", ""DEP_cop_rate_baixo"", ""POS_AUX_rate_baixo""]",3,c3e5980e2301
0.10856481481481481,"[""DEP_acl:relcl_rate_baixo"", ""DEP_ccomp_rate_baixo"", ""POS_AUX_rate_baixo""]",3,fcf975b2323b
0.13541666666666666,"[""DEP_nsubj:pass_rate_baixo"", ""DEP_xcomp_rate_baixo"", ""POS_AUX_rate_baixo""]",3,8d5bf174e660
0.13541666666666666,"[""DEP_aux:pass_rate_baixo"", ""DEP_xcomp_rate_baixo"", ""POS_AUX_rate_baixo""]",3,c60c1e301566
0.13472222222222222,"[""DEP_cop_rate_baixo"", ""DEP_xcomp_rate_baixo"", ""POS_AUX_rate_baixo""]",3,efb1a17c8688
0.095370370370370369,"[""DEP_ccomp_rate_baixo"", ""DEP_xcomp_rate_baixo"", ""POS_AUX_rate_baixo""]",3,0e8509750fe1
0.090277777777777776,"[""DEP_acl:relcl_rate_baixo"", ""DEP_xcomp_rate_baixo"", ""POS_AUX_rate_baixo""]",3,2dc487fb82ad
0.085879629629629625,"[""DEP_advcl_rate_baixo"", ""DEP_xcomp_rate_baixo"", ""POS_AUX_rate_baixo""]",3,d1a72dcd86f1
0.10277777777777777,"[""DEP_advmod_rate_baixo"", ""DEP_nsubj:pass_rate_baixo"", ""POS_AUX_rate_baixo""]",3,8faf17a8cd85
0.10277777777777777,"[""DEP_advmod_rate_baixo"", ""DEP_aux:pass_rate_baixo"", ""POS_AUX_rate_baixo""]",3,017d095d472e
0.10231481481481482,"[""DEP_advmod_rate_baixo"", ""DEP_cop_rate_baixo"", ""POS_AUX_rate_baixo""]",3,bf2579316c9c
0.09930555555555555,"[""DEP_aux:pass_rate_baixo"", ""POS_AUX_rate_baixo"", ""POS_PRON_rate_baixo""]",3,51905c7abe98
0.099074074074074078,"[""DEP_nsubj:pass_rate_baixo"", ""POS_AUX_rate_baixo"", ""POS_PRON_rate_baixo""]",3,f7649f892c49
0.098379629629629636,"[""DEP_cop_rate_baixo"", ""POS_AUX_rate_baixo"", ""POS_PRON_rate_baixo""]",3,017dbb5295ff
0.097222222222222224,"[""DEP_acl:relcl_rate_baixo"", ""POS_AUX_rate_baixo"", ""POS_PRON_rate_baixo""]",3,a7038f338fb0
0.095601851851851855,"[""DEP_nsubj:pass_rate_baixo"", ""POS_ADV_rate_baixo"", ""POS_AUX_rate_baixo""]",3,ee54b7da0603
0.095601851851851855,"[""DEP_aux:pass_rate_baixo"", ""POS_ADV_rate_baixo"", ""POS_AUX_rate_baixo""]",3,5c4700962774
0.095138888888888884,"[""DEP_cop_rate_baixo"", ""POS_ADV_rate_baixo"", ""POS_AUX_rate_baixo""]",3,96e60c6fb892
0.092129629629629631,"[""DEP_advmod_rate_baixo"", ""POS_ADV_rate_baixo"", ""POS_AUX_rate_baixo""]",3,c3c6948e69f2
0.08009259259259259,"[""DEP_advcl_rate_alto"", ""DEP_nsubj:pass_rate_baixo"", ""POS_AUX_rate_baixo""]",3,db977786c06b
0.08009259259259259,"[""DEP_advcl_rate_alto"", ""DEP_aux:pass_rate_baixo"", ""POS_AUX_rate_baixo""]",3,a49efab6b219
0.080555555555555561,"[""DEP_aux:pass_rate_baixo"", ""DEP_nummod_rate_alto"", ""POS_AUX_rate_baixo""]",3,9ca4471a76ae
0.080324074074074076,"[""DEP_nsubj:pass_rate_baixo"", ""DEP_nummod_rate_alto"", ""POS_AUX_rate_baixo""]",3,87dc85f61473
0.20578703703703705,"[""DEP_conj_rate_alto"", ""DEP_nsubj:pass_rate_baixo""]",2,7f8a461e537b
0.19768518518518519,"[""DEP_cc_rate_alto"", ""DEP_conj_rate_alto""]",2,92dd8d2f9b01
0.19027777777777777,"[""DEP_aux:pass_rate_baixo"", ""DEP_conj_rate_alto""]",2,a06966eeb327
0.17800925925925926,"[""DEP_ccomp_rate_baixo"", ""DEP_conj_rate_alto""]",2,c4b45a04fff2
0.1701388888888889,"[""DEP_advcl_rate_baixo"", ""DEP_conj_rate_alto""]",2,b64e2b3b198a
0.1673611111111111,"[""DEP_conj_rate_alto"", ""DEP_nummod_rate_baixo""]",2,6dc947293093
0.15023148148148149,"[""DEP_conj_rate_alto"", ""DEP_cop_rate_baixo""]",2,67957b6dd440
0.12268518518518519,"[""DEP_conj_rate_alto"", ""POS_NUM_rate_baixo""]",2,6fd74d867fcd
0.12106481481481482,"[""DEP_conj_rate_alto"", ""uppercaseRatio_baixo""]",2,130c924363a3
0.10879629629629629,"[""DEP_conj_rate_alto"", ""DEP_mark_rate_baixo""]",2,8de472f354f6
0.10833333333333334,"[""DEP_conj_rate_alto"", ""POS_SCONJ_rate_baixo""]",2,9a98e014b4a8
0.080324074074074076,"[""DEP_conj_rate_alto"", ""POS_AUX_rate_baixo""]",2,ba4e2192d2ae
0.080324074074074076,"[""DEP_conj_rate_alto"", ""DEP_obj_rate_alto""]",2,f0b3e9c6ef61
0.14351851851851852,"[""DEP_acl_rate_baixo"", ""DEP_conj_rate_alto""]",2,2adf09f5ed13
0.1675925925925926,"[""DEP_acl:relcl_rate_baixo"", ""DEP_conj_rate_alto""]",2,76aaf25808bd
0.14074074074074075,"[""DEP_conj_rate_alto"", ""DEP_xcomp_rate_baixo""]",2,9b31508d45c8
0.095138888888888884,"[""DEP_conj_rate_alto"", ""POS_PRON_rate_baixo""]",2,954324312f79
0.094444444444444442,"[""DEP_advmod_rate_baixo"", ""DEP_conj_rate_alto""]",2,24c8e7e42ea5
0.084953703703703698,"[""DEP_conj_rate_alto"", ""POS_ADV_rate_baixo""]",2,e33d8d748621
0.08217592592592593,"[""DEP_conj_rate_alto"", ""DEP_cop_rate_alto""]",2,70cf3b72036f
0.098148148148148151,"[""DEP_appos_rate_baixo"", ""DEP_conj_rate_alto""]",2,c5802be2712d
0.15393518518518517,"[""DEP_cc_rate_alto"", ""DEP_conj_rate_alto"", ""DEP_nsubj:pass_rate_baixo""]",3,cd6d47abb1a0
0.18796296296296297,"[""DEP_aux:pass_rate_baixo"", ""DEP_conj_rate_alto"", ""DEP_nsubj:pass_rate_baixo""]",3,b26610646672
0.1425925925925926,"[""DEP_aux:pass_rate_baixo"", ""DEP_cc_rate_alto"", ""DEP_conj_rate_alto""]",3,da475f41356f
0.13819444444444445,"[""DEP_ccomp_rate_baixo"", ""DEP_conj_rate_alto"", ""DEP_nsubj:pass_rate_baixo""]",3,b81e681017a4
0.13217592592592592,"[""DEP_cc_rate_alto"", ""DEP_ccomp_rate_baixo"", ""DEP_conj_rate_alto""]",3,df306d09f7e0
0.12916666666666668,"[""DEP_aux:pass_rate_baixo"", ""DEP_ccomp_rate_baixo"", ""DEP_conj_rate_alto""]",3,b524f5ed0cc6
0.13472222222222222,"[""DEP_advcl_rate_baixo"", ""DEP_conj_rate_alto"", ""DEP_nsubj:pass_rate_baixo""]",3,f2911d34996f
0.12800925925925927,"[""DEP_advcl_rate_baixo"", ""DEP_cc_rate_alto"", ""DEP_conj_rate_alto""]",3,b405e4ffada3
0.12615740740740741,"[""DEP_advcl_rate_baixo"", ""DEP_aux:pass_rate_baixo"", ""DEP_conj_rate_alto""]",3,94d76bb45756
0.1150462962962963,"[""DEP_advcl_rate_baixo"", ""DEP_ccomp_rate_baixo"", ""DEP_conj_rate_alto""]",3,9abb4dfbb8bd
0.13148148148148148,"[""DEP_conj_rate_alto"", ""DEP_nsubj:pass_rate_baixo"", ""DEP_nummod_rate_baixo""]",3,fd0a0515623d
0.12731481481481483,"[""DEP_cc_rate_alto"", ""DEP_conj_rate_alto"", ""DEP_nummod_rate_baixo""]",3,410c0aded806
0.12384259259259259,"[""DEP_aux:pass_rate_baixo"", ""DEP_conj_rate_alto"", ""DEP_nummod_rate_baixo""]",3,816890584ac5
0.11018518518518519,"[""DEP_ccomp_rate_baixo"", ""DEP_conj_rate_alto"", ""DEP_nummod_rate_baixo""]",3,eb50c6e2abaf
0.1076388888888889,"[""DEP_advcl_rate_baixo"", ""DEP_conj_rate_alto"", ""DEP_nummod_rate_baixo""]",3,ade990db916c
0.10439814814814814,"[""DEP_acl:relcl_rate_baixo"", ""DEP_conj_rate_alto"", ""DEP_nummod_rate_baixo""]",3,1c985ee868ee
0.11574074074074074,"[""DEP_cc_rate_alto"", ""DEP_conj_rate_alto"", ""DEP_cop_rate_baixo""]",3,e04e5b41a553
0.1136574074074074,"[""DEP_conj_rate_alto"", ""DEP_cop_rate_baixo"", ""DEP_nsubj:pass_rate_baixo""]",3,5033ab6d71ac
0.10671296296296297,"[""DEP_ccomp_rate_baixo"", ""DEP_conj_rate_alto"", ""DEP_cop_rate_baixo""]",3,11cfdc03987d
0.10486111111111111,"[""DEP_aux:pass_rate_baixo"", ""DEP_conj_rate_alto"", ""DEP_cop_rate_baixo""]",3,c66e446ddf5d
0.096296296296296297,"[""DEP_advcl_rate_baixo"", ""DEP_conj_rate_alto"", ""DEP_cop_rate_baixo""]",3,c8aedebbfb71
0.093981481481481485,"[""DEP_conj_rate_alto"", ""DEP_cop_rate_baixo"", ""DEP_nummod_rate_baixo""]",3,542c5eb4a68f
0.10185185185185185,"[""DEP_acl:relcl_rate_baixo"", ""DEP_conj_rate_alto"", ""DEP_cop_rate_baixo""]",3,a475387220da
0.12175925925925926,"[""DEP_conj_rate_alto"", ""DEP_nummod_rate_baixo"", ""POS_NUM_rate_baixo""]",3,dce52e7d08f8
0.098842592592592593,"[""DEP_conj_rate_alto"", ""DEP_nsubj:pass_rate_baixo"", ""POS_NUM_rate_baixo""]",3,9216c4d9affe
0.092592592592592587,"[""DEP_cc_rate_alto"", ""DEP_conj_rate_alto"", ""POS_NUM_rate_baixo""]",3,fc1f18a728cd
0.092361111111111116,"[""DEP_aux:pass_rate_baixo"", ""DEP_conj_rate_alto"", ""POS_NUM_rate_baixo""]",3,ec4b73204ea1
0.093518518518518515,"[""DEP_cc_rate_alto"", ""DEP_conj_rate_alto"", ""uppercaseRatio_baixo""]",3,f59faeba695a
0.093518518518518515,"[""DEP_conj_rate_alto"", ""DEP_nsubj:pass_rate_baixo"", ""uppercaseRatio_baixo""]",3,249dfecc93cd
0.085879629629629625,"[""DEP_aux:pass_rate_baixo"", ""DEP_conj_rate_alto"", ""uppercaseRatio_baixo""]",3,81dcab2aded0
0.084490740740740741,"[""DEP_ccomp_rate_baixo"", ""DEP_conj_rate_alto"", ""uppercaseRatio_baixo""]",3,fdff398de53b
0.099074074074074078,"[""DEP_ccomp_rate_baixo"", ""DEP_conj_rate_alto"", ""DEP_mark_rate_baixo""]",3,684d60cab60c
0.089351851851851849,"[""DEP_advcl_rate_baixo"", ""DEP_conj_rate_alto"", ""DEP_mark_rate_baixo""]",3,f3b45d493b51
0.082870370370370372,"[""DEP_conj_rate_alto"", ""DEP_mark_rate_baixo"", ""DEP_nsubj:pass_rate_baixo""]",3,5c649c0de88a
0.081018518518518517,"[""DEP_cc_rate_alto"", ""DEP_conj_rate_alto"", ""DEP_mark_rate_baixo""]",3,51d52397b784
0.1011574074074074,"[""DEP_conj_rate_alto"", ""DEP_mark_rate_baixo"", ""POS_SCONJ_rate_baixo""]",3,d588252cf128
0.098611111111111108,"[""DEP_ccomp_rate_baixo"", ""DEP_conj_rate_alto"", ""POS_SCONJ_rate_baixo""]",3,f9683d5fcf2b
0.08773148148148148,"[""DEP_advcl_rate_baixo"", ""DEP_conj_rate_alto"", ""POS_SCONJ_rate_baixo""]",3,3bfd1f769162
0.082870370370370372,"[""DEP_conj_rate_alto"", ""DEP_nsubj:pass_rate_baixo"", ""POS_SCONJ_rate_baixo""]",3,518718d18eb5
0.081018518518518517,"[""DEP_cc_rate_alto"", ""DEP_conj_rate_alto"", ""POS_SCONJ_rate_baixo""]",3,9d213298d7fa
0.080324074074074076,"[""DEP_aux:pass_rate_baixo"", ""DEP_conj_rate_alto"", ""POS_AUX_rate_baixo""]",3,1aa7a44105ae
0.08009259259259259,"[""DEP_conj_rate_alto"", ""DEP_cop_rate_baixo"", ""POS_AUX_rate_baixo""]",3,356f0790c76a
0.08009259259259259,"[""DEP_conj_rate_alto"", ""DEP_nsubj:pass_rate_baixo"", ""POS_AUX_rate_baixo""]",3,043e935316a1
0.10925925925925926,"[""DEP_acl_rate_baixo"", ""DEP_conj_rate_alto"", ""DEP_nsubj:pass_rate_baixo""]",3,e52101293444
0.10902777777777778,"[""DEP_acl_rate_baixo"", ""DEP_cc_rate_alto"", ""DEP_conj_rate_alto""]",3,798e2852539d
0.10069444444444445,"[""DEP_acl_rate_baixo"", ""DEP_aux:pass_rate_baixo"", ""DEP_conj_rate_alto""]",3,3a3b03a8eebe
0.095138888888888884,"[""DEP_acl_rate_baixo"", ""DEP_ccomp_rate_baixo"", ""DEP_conj_rate_alto""]",3,519335b0acbe
0.090740740740740747,"[""DEP_acl_rate_baixo"", ""DEP_conj_rate_alto"", ""DEP_nummod_rate_baixo""]",3,c87cc9a10540
0.090509259259259262,"[""DEP_acl_rate_baixo"", ""DEP_advcl_rate_baixo"", ""DEP_conj_rate_alto""]",3,1a256056a733
0.090972222222222218,"[""DEP_acl:relcl_rate_baixo"", ""DEP_acl_rate_baixo"", ""DEP_conj_rate_alto""]",3,931fd200b83e
0.12824074074074074,"[""DEP_acl:relcl_rate_baixo"", ""DEP_conj_rate_alto"", ""DEP_nsubj:pass_rate_baixo""]",3,a5243c9037bd
0.12662037037037038,"[""DEP_acl:relcl_rate_baixo"", ""DEP_cc_rate_alto"", ""DEP_conj_rate_alto""]",3,67a17075be2a
0.11828703703703704,"[""DEP_acl:relcl_rate_baixo"", ""DEP_aux:pass_rate_baixo"", ""DEP_conj_rate_alto""]",3,0bb7c49ceca6
0.10416666666666667,"[""DEP_acl:relcl_rate_baixo"", ""DEP_advcl_rate_baixo"", ""DEP_conj_rate_alto""]",3,7d2683aafe1d
0.11134259259259259,"[""DEP_acl:relcl_rate_baixo"", ""DEP_ccomp_rate_baixo"", ""DEP_conj_rate_alto""]",3,8adbd45bde66
0.10925925925925926,"[""DEP_conj_rate_alto"", ""DEP_nsubj:pass_rate_baixo"", ""DEP_xcomp_rate_baixo""]",3,228edef4869f
0.10486111111111111,"[""DEP_cc_rate_alto"", ""DEP_conj_rate_alto"", ""DEP_xcomp_rate_baixo""]",3,30076b8c1e47
0.1025462962962963,"[""DEP_aux:pass_rate_baixo"", ""DEP_conj_rate_alto"", ""DEP_xcomp_rate_baixo""]",3,34c339a0b5c4
0.094907407407407413,"[""DEP_advcl_rate_baixo"", ""DEP_conj_rate_alto"", ""DEP_xcomp_rate_baixo""]",3,e6656a31c0f9
0.092592592592592587,"[""DEP_acl:relcl_rate_baixo"", ""DEP_conj_rate_alto"", ""DEP_xcomp_rate_baixo""]",3,a776f1222c48
0.1025462962962963,"[""DEP_ccomp_rate_baixo"", ""DEP_conj_rate_alto"", ""DEP_xcomp_rate_baixo""]",3,a3fc0cb1d285
0.085879629629629625,"[""DEP_conj_rate_alto"", ""DEP_nummod_rate_baixo"", ""DEP_xcomp_rate_baixo""]",3,71dbc993a53b
0.092361111111111116,"[""DEP_acl:relcl_rate_baixo"", ""DEP_conj_rate_alto"", ""POS_PRON_rate_baixo""]",3,d4c4de4d7cb5
0.081712962962962959,"[""DEP_advmod_rate_baixo"", ""DEP_conj_rate_alto"", ""POS_ADV_rate_baixo""]",3,bd781d196fc8
0.24560185185185185,"[""DEP_cc_rate_alto"", ""POS_CCONJ_rate_alto""]",2,5a9453e98589
0.1986111111111111,"[""DEP_nsubj:pass_rate_baixo"", ""POS_CCONJ_rate_alto""]",2,a2c9aab11759
0.19444444444444445,"[""DEP_conj_rate_alto"", ""POS_CCONJ_rate_alto""]",2,fe0444dd4882
0.18287037037037038,"[""DEP_aux:pass_rate_baixo"", ""POS_CCONJ_rate_alto""]",2,593b277a632a
0.16875000000000001,"[""DEP_nummod_rate_baixo"", ""POS_CCONJ_rate_alto""]",2,3d83bb50864d
0.16643518518518519,"[""DEP_ccomp_rate_baixo"", ""POS_CCONJ_rate_alto""]",2,11f75a195542
0.16412037037037036,"[""DEP_advcl_rate_baixo"", ""POS_CCONJ_rate_alto""]",2,c3af183799d3
0.15115740740740741,"[""DEP_cop_rate_baixo"", ""POS_CCONJ_rate_alto""]",2,d9e94e90f7ec
0.12199074074074075,"[""POS_CCONJ_rate_alto"", ""POS_NUM_rate_baixo""]",2,ab1105318dce
0.12037037037037036,"[""POS_CCONJ_rate_alto"", ""uppercaseRatio_baixo""]",2,648c0e6944d2
0.10000000000000001,"[""DEP_mark_rate_baixo"", ""POS_CCONJ_rate_alto""]",2,73f94f710882
0.099074074074074078,"[""POS_CCONJ_rate_alto"", ""POS_SCONJ_rate_baixo""]",2,57ba3150b38b
0.080555555555555561,"[""DEP_obj_rate_alto"", ""POS_CCONJ_rate_alto""]",2,d514573c4e1a
0.14120370370370369,"[""DEP_acl_rate_baixo"", ""POS_CCONJ_rate_alto""]",2,e25e014153b3
0.16620370370370371,"[""DEP_acl:relcl_rate_baixo"", ""POS_CCONJ_rate_alto""]",2,a5fd11310586
0.13217592592592592,"[""DEP_xcomp_rate_baixo"", ""POS_CCONJ_rate_alto""]",2,e983c1eddbcb
0.092592592592592587,"[""POS_CCONJ_rate_alto"", ""POS_PRON_rate_baixo""]",2,82cffe46d4dd
0.088657407407407407,"[""DEP_advmod_rate_baixo"", ""POS_CCONJ_rate_alto""]",2,7073dbb351c5
0.081018518518518517,"[""POS_ADV_rate_baixo"", ""POS_CCONJ_rate_alto""]",2,2ecdd589d27f
0.09768518518518518,"[""DEP_appos_rate_baixo"", ""POS_CCONJ_rate_alto""]",2,bf8f0ef9a71b
0.18842592592592591,"[""DEP_cc_rate_alto"", ""DEP_nsubj:pass_rate_baixo"", ""POS_CCONJ_rate_alto""]",3,94027adc9c9d
0.19143518518518518,"[""DEP_cc_rate_alto"", ""DEP_conj_rate_alto"", ""POS_CCONJ_rate_alto""]",3,9a4c69675f1b
0.15092592592592594,"[""DEP_conj_rate_alto"", ""DEP_nsubj:pass_rate_baixo"", ""POS_CCONJ_rate_alto""]",3,a6fd34100cf4
0.17986111111111111,"[""DEP_aux:pass_rate_baixo"", ""DEP_nsubj:pass_rate_baixo"", ""POS_CCONJ_rate_alto""]",3,2506df0ae676
0.17268518518518519,"[""DEP_aux:pass_rate_baixo"", ""DEP_cc_rate_alto"", ""POS_CCONJ_rate_alto""]",3,0157a4417265
0.14004629629629631,"[""DEP_aux:pass_rate_baixo"", ""DEP_conj_rate_alto"", ""POS_CCONJ_rate_alto""]",3,78ef3d8581bb
0.16018518518518518,"[""DEP_cc_rate_alto"", ""DEP_nummod_rate_baixo"", ""POS_CCONJ_rate_alto""]",3,b2fb2f52ee59
0.13009259259259259,"[""DEP_nsubj:pass_rate_baixo"", ""DEP_nummod_rate_baixo"", ""POS_CCONJ_rate_alto""]",3,01e6df6f6715
0.125,"[""DEP_conj_rate_alto"", ""DEP_nummod_rate_baixo"", ""POS_CCONJ_rate_alto""]",3,304b29c5cd71
0.12106481481481482,"[""DEP_aux:pass_rate_baixo"", ""DEP_nummod_rate_baixo"", ""POS_CCONJ_rate_alto""]",3,f02eb355987d
0.15810185185185185,"[""DEP_cc_rate_alto"", ""DEP_ccomp_rate_baixo"", ""POS_CCONJ_rate_alto""]",3,a49027bcc8f3
0.13101851851851851,"[""DEP_ccomp_rate_baixo"", ""DEP_conj_rate_alto"", ""POS_CCONJ_rate_alto""]",3,959f04a0a35b
0.12662037037037038,"[""DEP_ccomp_rate_baixo"", ""DEP_nsubj:pass_rate_baixo"", ""POS_CCONJ_rate_alto""]",3,737d64e5a017
0.11736111111111111,"[""DEP_aux:pass_rate_baixo"", ""DEP_ccomp_rate_baixo"", ""POS_CCONJ_rate_alto""]",3,3a99691eaa96
0.10347222222222222,"[""DEP_ccomp_rate_baixo"", ""DEP_nummod_rate_baixo"", ""POS_CCONJ_rate_alto""]",3,5d9912dc24e0
0.15555555555555556,"[""DEP_advcl_rate_baixo"", ""DEP_cc_rate_alto"", ""POS_CCONJ_rate_alto""]",3,c0a07de56ebe
0.12638888888888888,"[""DEP_advcl_rate_baixo"", ""DEP_conj_rate_alto"", ""POS_CCONJ_rate_alto""]",3,273554725bf2
0.12615740740740741,"[""DEP_advcl_rate_baixo"", ""DEP_nsubj:pass_rate_baixo"", ""POS_CCONJ_rate_alto""]",3,19fa58784580
0.11805555555555555,"[""DEP_advcl_rate_baixo"", ""DEP_aux:pass_rate_baixo"", ""POS_CCONJ_rate_alto""]",3,122581aeb98f
0.10578703703703704,"[""DEP_advcl_rate_baixo"", ""DEP_ccomp_rate_baixo"", ""POS_CCONJ_rate_alto""]",3,8197fea976a3
0.10393518518518519,"[""DEP_advcl_rate_baixo"", ""DEP_nummod_rate_baixo"", ""POS_CCONJ_rate_alto""]",3,7e3a76b9a9e6
0.10231481481481482,"[""DEP_acl:relcl_rate_baixo"", ""DEP_advcl_rate_baixo"", ""POS_CCONJ_rate_alto""]",3,cfee56157137
0.14421296296296296,"[""DEP_cc_rate_alto"", ""DEP_cop_rate_baixo"", ""POS_CCONJ_rate_alto""]",3,767b1d6f974e
0.11435185185185186,"[""DEP_conj_rate_alto"", ""DEP_cop_rate_baixo"", ""POS_CCONJ_rate_alto""]",3,726f131051fb
0.11134259259259259,"[""DEP_cop_rate_baixo"", ""DEP_nsubj:pass_rate_baixo"", ""POS_CCONJ_rate_alto""]",3,6672d40ebe06
0.10208333333333333,"[""DEP_ccomp_rate_baixo"", ""DEP_cop_rate_baixo"", ""POS_CCONJ_rate_alto""]",3,4548bd3d80f0
0.10208333333333333,"[""DEP_aux:pass_rate_baixo"", ""DEP_cop_rate_baixo"", ""POS_CCONJ_rate_alto""]",3,1b846d21aa35
0.094444444444444442,"[""DEP_cop_rate_baixo"", ""DEP_nummod_rate_baixo"", ""POS_CCONJ_rate_alto""]",3,0ea86ac171a2
0.091435185185185189,"[""DEP_advcl_rate_baixo"", ""DEP_cop_rate_baixo"", ""POS_CCONJ_rate_alto""]",3,0d6c6c1a6adc
0.10231481481481482,"[""DEP_acl:relcl_rate_baixo"", ""DEP_cop_rate_baixo"", ""POS_CCONJ_rate_alto""]",3,e7e8e8a535d0
0.12152777777777778,"[""DEP_nummod_rate_baixo"", ""POS_CCONJ_rate_alto"", ""POS_NUM_rate_baixo""]",3,54e8703c1266
0.11666666666666667,"[""DEP_cc_rate_alto"", ""POS_CCONJ_rate_alto"", ""POS_NUM_rate_baixo""]",3,b74314c4e85e
0.096064814814814811,"[""DEP_nsubj:pass_rate_baixo"", ""POS_CCONJ_rate_alto"", ""POS_NUM_rate_baixo""]",3,ad47a734fe0b
0.090972222222222218,"[""DEP_conj_rate_alto"", ""POS_CCONJ_rate_alto"", ""POS_NUM_rate_baixo""]",3,5e36b0e5968a
0.089120370370370364,"[""DEP_aux:pass_rate_baixo"", ""POS_CCONJ_rate_alto"", ""POS_NUM_rate_baixo""]",3,8a9f356a700f
0.11412037037037037,"[""DEP_cc_rate_alto"", ""POS_CCONJ_rate_alto"", ""uppercaseRatio_baixo""]",3,c7bd1ef89db5
0.091435185185185189,"[""DEP_conj_rate_alto"", ""POS_CCONJ_rate_alto"", ""uppercaseRatio_baixo""]",3,15eeabc916bc
0.091203703703703703,"[""DEP_nsubj:pass_rate_baixo"", ""POS_CCONJ_rate_alto"", ""uppercaseRatio_baixo""]",3,13c2e115be7b
0.084722222222222227,"[""DEP_aux:pass_rate_baixo"", ""POS_CCONJ_rate_alto"", ""uppercaseRatio_baixo""]",3,76a0e4ec2cc5
0.095601851851851855,"[""DEP_cc_rate_alto"", ""DEP_mark_rate_baixo"", ""POS_CCONJ_rate_alto""]",3,0bc90d1e3682
0.088888888888888892,"[""DEP_ccomp_rate_baixo"", ""DEP_mark_rate_baixo"", ""POS_CCONJ_rate_alto""]",3,47999df80c9f
0.081481481481481488,"[""DEP_advcl_rate_baixo"", ""DEP_mark_rate_baixo"", ""POS_CCONJ_rate_alto""]",3,a2ed5a8febac
0.081481481481481488,"[""DEP_conj_rate_alto"", ""DEP_mark_rate_baixo"", ""POS_CCONJ_rate_alto""]",3,dce37b7d64fe
0.095370370370370369,"[""DEP_cc_rate_alto"", ""POS_CCONJ_rate_alto"", ""POS_SCONJ_rate_baixo""]",3,6be29990168f
0.093055555555555558,"[""DEP_mark_rate_baixo"", ""POS_CCONJ_rate_alto"", ""POS_SCONJ_rate_baixo""]",3,72f254653239
0.087962962962962965,"[""DEP_ccomp_rate_baixo"", ""POS_CCONJ_rate_alto"", ""POS_SCONJ_rate_baixo""]",3,8b78d952d66f
0.080787037037037032,"[""DEP_conj_rate_alto"", ""POS_CCONJ_rate_alto"", ""POS_SCONJ_rate_baixo""]",3,c505f0dc956b
0.13402777777777777,"[""DEP_acl_rate_baixo"", ""DEP_cc_rate_alto"", ""POS_CCONJ_rate_alto""]",3,44b7bd7de695
0.10671296296296297,"[""DEP_acl_rate_baixo"", ""DEP_conj_rate_alto"", ""POS_CCONJ_rate_alto""]",3,db2d73fca7e6
0.10625,"[""DEP_acl_rate_baixo"", ""DEP_nsubj:pass_rate_baixo"", ""POS_CCONJ_rate_alto""]",3,fff610d1e295
0.09768518518518518,"[""DEP_acl_rate_baixo"", ""DEP_aux:pass_rate_baixo"", ""POS_CCONJ_rate_alto""]",3,a709570eebd1
0.090277777777777776,"[""DEP_acl_rate_baixo"", ""DEP_nummod_rate_baixo"", ""POS_CCONJ_rate_alto""]",3,054a9187ac1f
0.088657407407407407,"[""DEP_acl_rate_baixo"", ""DEP_ccomp_rate_baixo"", ""POS_CCONJ_rate_alto""]",3,398ede095d92
0.08773148148148148,"[""DEP_acl_rate_baixo"", ""DEP_advcl_rate_baixo"", ""POS_CCONJ_rate_alto""]",3,822830561cf6
0.089583333333333334,"[""DEP_acl:relcl_rate_baixo"", ""DEP_acl_rate_baixo"", ""POS_CCONJ_rate_alto""]",3,2e608cf2d91a
0.15671296296296297,"[""DEP_acl:relcl_rate_baixo"", ""DEP_cc_rate_alto"", ""POS_CCONJ_rate_alto""]",3,798a739a4dbd
0.12476851851851851,"[""DEP_acl:relcl_rate_baixo"", ""DEP_conj_rate_alto"", ""POS_CCONJ_rate_alto""]",3,2460a6ad0cfa
0.12384259259259259,"[""DEP_acl:relcl_rate_baixo"", ""DEP_nsubj:pass_rate_baixo"", ""POS_CCONJ_rate_alto""]",3,81c023c0b7b1
0.11388888888888889,"[""DEP_acl:relcl_rate_baixo"", ""DEP_aux:pass_rate_baixo"", ""POS_CCONJ_rate_alto""]",3,937617cd0361
0.10694444444444444,"[""DEP_acl:relcl_rate_baixo"", ""DEP_nummod_rate_baixo"", ""POS_CCONJ_rate_alto""]",3,1894d69fa668
0.10300925925925926,"[""DEP_acl:relcl_rate_baixo"", ""DEP_ccomp_rate_baixo"", ""POS_CCONJ_rate_alto""]",3,cd77804e66f8
0.12569444444444444,"[""DEP_cc_rate_alto"", ""DEP_xcomp_rate_baixo"", ""POS_CCONJ_rate_alto""]",3,8652d9d1ddba
0.10393518518518519,"[""DEP_conj_rate_alto"", ""DEP_xcomp_rate_baixo"", ""POS_CCONJ_rate_alto""]",3,c74abf8c6bbe
0.1011574074074074,"[""DEP_nsubj:pass_rate_baixo"", ""DEP_xcomp_rate_baixo"", ""POS_CCONJ_rate_alto""]",3,99f65f9ed009
0.093518518518518515,"[""DEP_aux:pass_rate_baixo"", ""DEP_xcomp_rate_baixo"", ""POS_CCONJ_rate_alto""]",3,6dcd14ada34d
0.089583333333333334,"[""DEP_acl:relcl_rate_baixo"", ""DEP_xcomp_rate_baixo"", ""POS_CCONJ_rate_alto""]",3,0d315cb64f81
0.087499999999999994,"[""DEP_advcl_rate_baixo"", ""DEP_xcomp_rate_baixo"", ""POS_CCONJ_rate_alto""]",3,de3e0db224b4
0.090972222222222218,"[""DEP_ccomp_rate_baixo"", ""DEP_xcomp_rate_baixo"", ""POS_CCONJ_rate_alto""]",3,c52b95bd6468
0.081944444444444445,"[""DEP_nummod_rate_baixo"", ""DEP_xcomp_rate_baixo"", ""POS_CCONJ_rate_alto""]",3,c3b4a7d51357
0.089351851851851849,"[""DEP_acl:relcl_rate_baixo"", ""POS_CCONJ_rate_alto"", ""POS_PRON_rate_baixo""]",3,4a4d1e922507
0.08819444444444445,"[""DEP_cc_rate_alto"", ""POS_CCONJ_rate_alto"", ""POS_PRON_rate_baixo""]",3,52a8d9813bb2
0.084722222222222227,"[""DEP_advmod_rate_baixo"", ""DEP_cc_rate_alto"", ""POS_CCONJ_rate_alto""]",3,da13dd965848
0.093981481481481485,"[""DEP_appos_rate_baixo"", ""DEP_cc_rate_alto"", ""POS_CCONJ_rate_alto""]",3,4eb665ef9982
0.18819444444444444,"[""DEP_nsubj:pass_rate_baixo"", ""diversidade_alto""]",2,23e623ecb84d
0.17106481481481481,"[""DEP_aux:pass_rate_baixo"", ""diversidade_alto""]",2,a74ad9585ef1
0.16041666666666668,"[""DEP_ccomp_rate_baixo"", ""diversidade_alto""]",2,3fd56667412d
0.15393518518518517,"[""DEP_nummod_rate_baixo"", ""diversidade_alto""]",2,8a2952fba730
0.15115740740740741,"[""DEP_cop_rate_baixo"", ""diversidade_alto""]",2,e6ebae3f0f4c
0.13958333333333334,"[""DEP_advcl_rate_baixo"", ""diversidade_alto""]",2,88435a161384
0.11527777777777778,"[""diversidade_alto"", ""uppercaseRatio_baixo""]",2,a06d35073061
0.10023148148148148,"[""POS_NUM_rate_baixo"", ""diversidade_alto""]",2,bfbb734c8e04
0.094675925925925927,"[""DEP_amod_rate_alto"", ""diversidade_alto""]",2,996bc9974b6d
0.081250000000000003,"[""DEP_conj_rate_alto"", ""diversidade_alto""]",2,7152011424ea
0.11736111111111111,"[""DEP_acl_rate_baixo"", ""diversidade_alto""]",2,5d3b9d908874
0.15277777777777779,"[""DEP_acl:relcl_rate_baixo"", ""diversidade_alto""]",2,25598b96560b
0.12013888888888889,"[""DEP_xcomp_rate_baixo"", ""diversidade_alto""]",2,8dd01e37d1af
0.094907407407407413,"[""DEP_advcl_rate_alto"", ""diversidade_alto""]",2,1af5045a8e0b
0.084027777777777785,"[""POS_ADV_rate_alto"", ""diversidade_alto""]",2,ef58c483518d
0.081944444444444445,"[""DEP_advmod_rate_alto"", ""diversidade_alto""]",2,901c36b25fb0
0.08981481481481482,"[""DEP_appos_rate_baixo"", ""diversidade_alto""]",2,c44654e35786
0.081250000000000003,"[""DEP_nummod_rate_alto"", ""diversidade_alto""]",2,0bca32375440
0.16921296296296295,"[""DEP_aux:pass_rate_baixo"", ""DEP_nsubj:pass_rate_baixo"", ""diversidade_alto""]",3,b5dc670f517e
0.11874999999999999,"[""DEP_ccomp_rate_baixo"", ""DEP_nsubj:pass_rate_baixo"", ""diversidade_alto""]",3,2d0dc808031b
0.10856481481481481,"[""DEP_aux:pass_rate_baixo"", ""DEP_ccomp_rate_baixo"", ""diversidade_alto""]",3,24e159f94c2f
0.11273148148148149,"[""DEP_nsubj:pass_rate_baixo"", ""DEP_nummod_rate_baixo"", ""diversidade_alto""]",3,cf4f0e0c1b14
0.10393518518518519,"[""DEP_aux:pass_rate_baixo"", ""DEP_nummod_rate_baixo"", ""diversidade_alto""]",3,6b6554d483fb
0.093981481481481485,"[""DEP_ccomp_rate_baixo"", ""DEP_nummod_rate_baixo"", ""diversidade_alto""]",3,16c215b4b374
0.10972222222222222,"[""DEP_cop_rate_baixo"", ""DEP_nsubj:pass_rate_baixo"", ""diversidade_alto""]",3,e1f128c924c8
0.098842592592592593,"[""DEP_aux:pass_rate_baixo"", ""DEP_cop_rate_baixo"", ""diversidade_alto""]",3,bb38c6a34b5c
0.098148148148148151,"[""DEP_ccomp_rate_baixo"", ""DEP_cop_rate_baixo"", ""diversidade_alto""]",3,e9681786a754
0.092129629629629631,"[""DEP_cop_rate_baixo"", ""DEP_nummod_rate_baixo"", ""diversidade_alto""]",3,57f7e64a2d00
0.095370370370370369,"[""DEP_acl:relcl_rate_baixo"", ""DEP_cop_rate_baixo"", ""diversidade_alto""]",3,dcc3129e9539
0.10231481481481482,"[""DEP_advcl_rate_baixo"", ""DEP_nsubj:pass_rate_baixo"", ""diversidade_alto""]",3,7c5abdc05e12
0.096064814814814811,"[""DEP_advcl_rate_baixo"", ""DEP_aux:pass_rate_baixo"", ""diversidade_alto""]",3,fa58eaf02d4b
0.08773148148148148,"[""DEP_advcl_rate_baixo"", ""DEP_ccomp_rate_baixo"", ""diversidade_alto""]",3,b5b380a56589
0.084259259259259256,"[""DEP_advcl_rate_baixo"", ""DEP_nummod_rate_baixo"", ""diversidade_alto""]",3,088696e9fdf4
0.082638888888888887,"[""DEP_advcl_rate_baixo"", ""DEP_cop_rate_baixo"", ""diversidade_alto""]",3,f5f327266af9
0.081481481481481488,"[""DEP_acl:relcl_rate_baixo"", ""DEP_advcl_rate_baixo"", ""diversidade_alto""]",3,a457b8f285d8
0.086805555555555552,"[""DEP_nsubj:pass_rate_baixo"", ""diversidade_alto"", ""uppercaseRatio_baixo""]",3,78ab55aa6515
0.099074074074074078,"[""DEP_nummod_rate_baixo"", ""POS_NUM_rate_baixo"", ""diversidade_alto""]",3,25e1ff0e6500
0.081481481481481488,"[""DEP_acl_rate_baixo"", ""DEP_nsubj:pass_rate_baixo"", ""diversidade_alto""]",3,c00fdf2bd503
0.11018518518518519,"[""DEP_acl:relcl_rate_baixo"", ""DEP_nsubj:pass_rate_baixo"", ""diversidade_alto""]",3,8ff2ec9470a1
0.09976851851851852,"[""DEP_acl:relcl_rate_baixo"", ""DEP_aux:pass_rate_baixo"", ""diversidade_alto""]",3,12d7e0ca5fc4
0.08981481481481482,"[""DEP_acl:relcl_rate_baixo"", ""DEP_nummod_rate_baixo"", ""diversidade_alto""]",3,0e5cb866fd55
0.08773148148148148,"[""DEP_acl:relcl_rate_baixo"", ""DEP_ccomp_rate_baixo"", ""diversidade_alto""]",3,b557a0769e59
0.089351851851851849,"[""DEP_nsubj:pass_rate_baixo"", ""DEP_xcomp_rate_baixo"", ""diversidade_alto""]",3,bdc51b086a11
0.083796296296296299,"[""DEP_aux:pass_rate_baixo"", ""DEP_xcomp_rate_baixo"", ""diversidade_alto""]",3,8098ebe93fc4
0.082407407407407401,"[""DEP_ccomp_rate_baixo"", ""DEP_xcomp_rate_baixo"", ""diversidade_alto""]",3,15c861749631
0.2011574074074074,"[""DEP_case_rate_baixo"", ""DEP_nsubj:pass_rate_baixo""]",2,dcc99a79ed12
0.18055555555555555,"[""DEP_aux:pass_rate_baixo"", ""DEP_case_rate_baixo""]",2,9004e10d276f
0.16967592592592592,"[""DEP_case_rate_baixo"", ""DEP_nummod_rate_baixo""]",2,b4f8d9753ea8
0.13055555555555556,"[""DEP_case_rate_baixo"", ""uppercaseRatio_baixo""]",2,b714fa6a7d10
0.12453703703703704,"[""DEP_case_rate_baixo"", ""POS_NUM_rate_baixo""]",2,b9212cf783fc
0.11666666666666667,"[""DEP_advcl_rate_baixo"", ""DEP_case_rate_baixo""]",2,b23e041f0360
0.11458333333333333,"[""DEP_case_rate_baixo"", ""DEP_cop_rate_baixo""]",2,a8c78b2d4a57
0.1136574074074074,"[""DEP_case_rate_baixo"", ""DEP_ccomp_rate_baixo""]",2,462ffde50cc1
0.1125,"[""DEP_case_rate_baixo"", ""DEP_obj_rate_alto""]",2,264c1d67515a
0.10648148148148148,"[""DEP_case_rate_baixo"", ""POS_PRON_rate_alto""]",2,aeebe48be881
0.092129629629629631,"[""DEP_case_rate_baixo"", ""DEP_cc_rate_alto""]",2,6df4d70077fd
0.087499999999999994,"[""DEP_case_rate_baixo"", ""POS_CCONJ_rate_alto""]",2,4b2aed2c2aec
0.086342592592592596,"[""DEP_case_rate_baixo"", ""DEP_conj_rate_alto""]",2,23b0ee949893
0.16342592592592592,"[""DEP_case_rate_baixo"", ""DEP_nmod_rate_baixo""]",2,b85706951d48
0.13495370370370371,"[""DEP_acl:relcl_rate_baixo"", ""DEP_case_rate_baixo""]",2,1e72a33da218
0.13449074074074074,"[""DEP_case_rate_baixo"", ""POS_VERB_rate_alto""]",2,11b1591dcb4b
0.11527777777777778,"[""DEP_case_rate_baixo"", ""POS_DET_rate_alto""]",2,4d8bf1c5c54d
0.11481481481481481,"[""DEP_case_rate_baixo"", ""DEP_det_rate_alto""]",2,b546dcdc3758
0.095370370370370369,"[""DEP_case_rate_baixo"", ""DEP_cop_rate_alto""]",2,01615a1f8a89
0.080555555555555561,"[""DEP_appos_rate_baixo"", ""DEP_case_rate_baixo""]",2,ec4bcf01dc6e
0.12361111111111112,"[""DEP_case_rate_baixo"", ""DEP_mark_rate_alto""]",2,f21f33d8c72c
0.11712962962962963,"[""DEP_case_rate_baixo"", ""DEP_nsubj_rate_alto""]",2,a1c61de56033
0.11041666666666666,"[""DEP_advmod_rate_alto"", ""DEP_case_rate_baixo""]",2,aed5686b853d
0.10625,"[""DEP_case_rate_baixo"", ""POS_ADV_rate_alto""]",2,8a13cd28367f
0.10092592592592593,"[""DEP_advcl_rate_alto"", ""DEP_case_rate_baixo""]",2,ab2766b81df7
0.13703703703703704,"[""DEP_acl_rate_baixo"", ""DEP_case_rate_baixo""]",2,a94cc113fde5
0.092824074074074073,"[""DEP_case_rate_baixo"", ""POS_AUX_rate_alto""]",2,d3d1d4076951
0.094444444444444442,"[""DEP_case_rate_baixo"", ""DEP_xcomp_rate_baixo""]",2,1faab4c9876e
0.17962962962962964,"[""DEP_aux:pass_rate_baixo"", ""DEP_case_rate_baixo"", ""DEP_nsubj:pass_rate_baixo""]",3,88050360bcfb
0.13657407407407407,"[""DEP_case_rate_baixo"", ""DEP_nsubj:pass_rate_baixo"", ""DEP_nummod_rate_baixo""]",3,7bbd8cc6a0ad
0.12314814814814815,"[""DEP_aux:pass_rate_baixo"", ""DEP_case_rate_baixo"", ""DEP_nummod_rate_baixo""]",3,79a1dca67a99
0.10300925925925926,"[""DEP_case_rate_baixo"", ""DEP_nsubj:pass_rate_baixo"", ""uppercaseRatio_baixo""]",3,925b63b35e5a
0.090509259259259262,"[""DEP_aux:pass_rate_baixo"", ""DEP_case_rate_baixo"", ""uppercaseRatio_baixo""]",3,4e2d6bbab69b
0.08611111111111111,"[""DEP_case_rate_baixo"", ""DEP_nummod_rate_baixo"", ""uppercaseRatio_baixo""]",3,0587d84ecc90
0.085879629629629625,"[""DEP_case_rate_baixo"", ""DEP_nmod_rate_baixo"", ""uppercaseRatio_baixo""]",3,6b1ee890f6ce
0.12337962962962963,"[""DEP_case_rate_baixo"", ""DEP_nummod_rate_baixo"", ""POS_NUM_rate_baixo""]",3,61a93c841105
0.1011574074074074,"[""DEP_case_rate_baixo"", ""DEP_nsubj:pass_rate_baixo"", ""POS_NUM_rate_baixo""]",3,695ca0d28eb4
0.090972222222222218,"[""DEP_aux:pass_rate_baixo"", ""DEP_case_rate_baixo"", ""POS_NUM_rate_baixo""]",3,58ef876f2af3
0.081018518518518517,"[""DEP_case_rate_baixo"", ""DEP_nmod_rate_baixo"", ""POS_NUM_rate_baixo""]",3,98fc043ab94e
0.093055555555555558,"[""DEP_advcl_rate_baixo"", ""DEP_case_rate_baixo"", ""DEP_nsubj:pass_rate_baixo""]",3,45261be3b6ce
0.085185185185185183,"[""DEP_advcl_rate_baixo"", ""DEP_aux:pass_rate_baixo"", ""DEP_case_rate_baixo""]",3,3f68e7b15f1a
0.087499999999999994,"[""DEP_case_rate_baixo"", ""DEP_cop_rate_baixo"", ""DEP_nsubj:pass_rate_baixo""]",3,6447abc74673
0.088425925925925922,"[""DEP_case_rate_baixo"", ""DEP_ccomp_rate_baixo"", ""DEP_nsubj:pass_rate_baixo""]",3,420cb79b153c
0.096064814814814811,"[""DEP_case_rate_baixo"", ""DEP_nsubj:pass_rate_baixo"", ""DEP_obj_rate_alto""]",3,34c3d5a4aaca
0.089351851851851849,"[""DEP_aux:pass_rate_baixo"", ""DEP_case_rate_baixo"", ""DEP_obj_rate_alto""]",3,3f1d4306571a
0.088425925925925922,"[""DEP_case_rate_baixo"", ""DEP_nsubj:pass_rate_baixo"", ""POS_PRON_rate_alto""]",3,743e78163f73
0.082870370370370372,"[""DEP_case_rate_baixo"", ""DEP_cc_rate_alto"", ""POS_CCONJ_rate_alto""]",3,0fcd67b2e302
0.12546296296296297,"[""DEP_case_rate_baixo"", ""DEP_nmod_rate_baixo"", ""DEP_nsubj:pass_rate_baixo""]",3,f77f6929c3d5
0.1125,"[""DEP_aux:pass_rate_baixo"", ""DEP_case_rate_baixo"", ""DEP_nmod_rate_baixo""]",3,0660f38fbed7
0.10972222222222222,"[""DEP_case_rate_baixo"", ""DEP_nmod_rate_baixo"", ""DEP_nummod_rate_baixo""]",3,5f8fcbbdf99e
0.10462962962962963,"[""DEP_acl:relcl_rate_baixo"", ""DEP_case_rate_baixo"", ""DEP_nsubj:pass_rate_baixo""]",3,024db84a001b
0.09375,"[""DEP_acl:relcl_rate_baixo"", ""DEP_aux:pass_rate_baixo"", ""DEP_case_rate_baixo""]",3,4682bd1124dd
0.09166666666666666,"[""DEP_acl:relcl_rate_baixo"", ""DEP_case_rate_baixo"", ""DEP_nummod_rate_baixo""]",3,7595a459805b
0.080787037037037032,"[""DEP_acl:relcl_rate_baixo"", ""DEP_case_rate_baixo"", ""DEP_nmod_rate_baixo""]",3,9df8acf94b3e
0.10393518518518519,"[""DEP_case_rate_baixo"", ""DEP_nsubj:pass_rate_baixo"", ""POS_VERB_rate_alto""]",3,9c9f5ab53e8b
0.098842592592592593,"[""DEP_case_rate_baixo"", ""DEP_nmod_rate_baixo"", ""POS_VERB_rate_alto""]",3,d9ba6cee7ee7
0.096064814814814811,"[""DEP_case_rate_baixo"", ""DEP_nummod_rate_baixo"", ""POS_VERB_rate_alto""]",3,3780cfe6dc36
0.090740740740740747,"[""DEP_aux:pass_rate_baixo"", ""DEP_case_rate_baixo"", ""POS_VERB_rate_alto""]",3,80b33670fa70
0.093287037037037043,"[""DEP_case_rate_baixo"", ""DEP_nsubj:pass_rate_baixo"", ""POS_DET_rate_alto""]",3,3872558a374c
0.084953703703703698,"[""DEP_aux:pass_rate_baixo"", ""DEP_case_rate_baixo"", ""POS_DET_rate_alto""]",3,e05128a48b85
0.082870370370370372,"[""DEP_case_rate_baixo"", ""DEP_nummod_rate_baixo"", ""POS_DET_rate_alto""]",3,c3c4057b92a2
0.10925925925925926,"[""DEP_case_rate_baixo"", ""DEP_det_rate_alto"", ""POS_DET_rate_alto""]",3,1dba465f635b
0.09166666666666666,"[""DEP_case_rate_baixo"", ""DEP_det_rate_alto"", ""DEP_nsubj:pass_rate_baixo""]",3,b28cfdfe6e95
0.084027777777777785,"[""DEP_aux:pass_rate_baixo"", ""DEP_case_rate_baixo"", ""DEP_det_rate_alto""]",3,ef9e845e7381
0.083564814814814814,"[""DEP_case_rate_baixo"", ""DEP_det_rate_alto"", ""DEP_nummod_rate_baixo""]",3,41aca17309ed
0.098379629629629636,"[""DEP_case_rate_baixo"", ""DEP_mark_rate_alto"", ""DEP_nsubj:pass_rate_baixo""]",3,2242692a6810
0.08773148148148148,"[""DEP_case_rate_baixo"", ""DEP_mark_rate_alto"", ""DEP_nummod_rate_baixo""]",3,61297049dfaa
0.086342592592592596,"[""DEP_aux:pass_rate_baixo"", ""DEP_case_rate_baixo"", ""DEP_mark_rate_alto""]",3,a6e71e0a96db
0.084259259259259256,"[""DEP_case_rate_baixo"", ""DEP_mark_rate_alto"", ""DEP_nmod_rate_baixo""]",3,532440aa098d
0.10046296296296296,"[""DEP_case_rate_baixo"", ""DEP_nsubj:pass_rate_baixo"", ""DEP_nsubj_rate_alto""]",3,8bdd8a120727
0.092592592592592587,"[""DEP_aux:pass_rate_baixo"", ""DEP_case_rate_baixo"", ""DEP_nsubj_rate_alto""]",3,02f9b4a0e2b3
0.084490740740740741,"[""DEP_case_rate_baixo"", ""DEP_nsubj_rate_alto"", ""DEP_nummod_rate_baixo""]",3,86fbd87c1abb
0.085185185185185183,"[""DEP_advmod_rate_alto"", ""DEP_case_rate_baixo"", ""DEP_nsubj:pass_rate_baixo""]",3,8a17961e9efb
0.096527777777777782,"[""DEP_advmod_rate_alto"", ""DEP_case_rate_baixo"", ""POS_ADV_rate_alto""]",3,220fdf29cb3e
0.083564814814814814,"[""DEP_case_rate_baixo"", ""DEP_nsubj:pass_rate_baixo"", ""POS_ADV_rate_alto""]",3,d71424cce742
0.10810185185185185,"[""DEP_acl_rate_baixo"", ""DEP_case_rate_baixo"", ""DEP_nsubj:pass_rate_baixo""]",3,9c46a328b762
0.092129629629629631,"[""DEP_acl_rate_baixo"", ""DEP_case_rate_baixo"", ""DEP_nummod_rate_baixo""]",3,b263ca5d91cf
0.085879629629629625,"[""DEP_acl_rate_baixo"", ""DEP_case_rate_baixo"", ""DEP_nmod_rate_baixo""]",3,418b797a7dfe
0.098611111111111108,"[""DEP_acl_rate_baixo"", ""DEP_aux:pass_rate_baixo"", ""DEP_case_rate_baixo""]",3,4c890fb48084
0.18888888888888888,"[""DEP_acl:relcl_rate_alto"", ""DEP_nsubj:pass_rate_baixo""]",2,967a4f0db2ac
0.17523148148148149,"[""DEP_acl:relcl_rate_alto"", ""DEP_aux:pass_rate_baixo""]",2,f343e326acc5
0.16712962962962963,"[""DEP_acl:relcl_rate_alto"", ""DEP_ccomp_rate_baixo""]",2,9d33ebeb21c5
0.16689814814814816,"[""DEP_acl:relcl_rate_alto"", ""DEP_nummod_rate_baixo""]",2,9da6db5c19ec
0.16365740740740742,"[""DEP_acl:relcl_rate_alto"", ""DEP_advcl_rate_baixo""]",2,ec9a7adedb1b
0.15393518518518517,"[""DEP_acl:relcl_rate_alto"", ""POS_PRON_rate_alto""]",2,3fb020c38e86
0.1388888888888889,"[""DEP_acl:relcl_rate_alto"", ""DEP_cop_rate_baixo""]",2,54c029aab867
0.12523148148148147,"[""DEP_acl:relcl_rate_alto"", ""uppercaseRatio_baixo""]",2,5a48bfe40aec
0.11203703703703703,"[""DEP_acl:relcl_rate_alto"", ""POS_NUM_rate_baixo""]",2,7bc7982185e6
0.10092592592592593,"[""DEP_acl:relcl_rate_alto"", ""DEP_obj_rate_alto""]",2,518352f171ee
0.094907407407407413,"[""DEP_acl:relcl_rate_alto"", ""DEP_mark_rate_baixo""]",2,6d52e23ec6db
0.093055555555555558,"[""DEP_acl:relcl_rate_alto"", ""POS_SCONJ_rate_baixo""]",2,90a4f60224be
0.081481481481481488,"[""DEP_acl:relcl_rate_alto"", ""DEP_case_rate_baixo""]",2,0710e4d76541
0.14398148148148149,"[""DEP_acl:relcl_rate_alto"", ""DEP_acl_rate_baixo""]",2,99451a75bee5
0.088888888888888892,"[""DEP_acl:relcl_rate_alto"", ""DEP_cc_rate_baixo""]",2,640f29f383ba
0.086805555555555552,"[""DEP_acl:relcl_rate_alto"", ""DEP_advmod_rate_baixo""]",2,4d9f08381167
0.084490740740740741,"[""DEP_acl:relcl_rate_alto"", ""POS_CCONJ_rate_baixo""]",2,4f56769b9ca2
0.081712962962962959,"[""DEP_acl:relcl_rate_alto"", ""DEP_cop_rate_alto""]",2,ce87083fc32e
0.082638888888888887,"[""DEP_acl:relcl_rate_alto"", ""POS_VERB_rate_alto""]",2,058bd39f34af
0.090740740740740747,"[""DEP_acl:relcl_rate_alto"", ""DEP_nsubj_rate_alto""]",2,63adf6f49db4
0.080555555555555561,"[""DEP_acl:relcl_rate_alto"", ""DEP_nmod_rate_baixo""]",2,57290ceeafcd
0.12083333333333333,"[""DEP_acl:relcl_rate_alto"", ""DEP_xcomp_rate_baixo""]",2,6ff33be4bb68
0.083101851851851857,"[""DEP_acl:relcl_rate_alto"", ""DEP_appos_rate_baixo""]",2,7041e6894568
0.1736111111111111,"[""DEP_acl:relcl_rate_alto"", ""DEP_aux:pass_rate_baixo"", ""DEP_nsubj:pass_rate_baixo""]",3,3f53a06472ef
0.12453703703703704,"[""DEP_acl:relcl_rate_alto"", ""DEP_ccomp_rate_baixo"", ""DEP_nsubj:pass_rate_baixo""]",3,49e1509c2ed2
0.1162037037037037,"[""DEP_acl:relcl_rate_alto"", ""DEP_aux:pass_rate_baixo"", ""DEP_ccomp_rate_baixo""]",3,ea1973c254dd
0.12384259259259259,"[""DEP_acl:relcl_rate_alto"", ""DEP_nsubj:pass_rate_baixo"", ""DEP_nummod_rate_baixo""]",3,43ba4f8a0d8b
0.1162037037037037,"[""DEP_acl:relcl_rate_alto"", ""DEP_aux:pass_rate_baixo"", ""DEP_nummod_rate_baixo""]",3,b74a55288fa9
0.10625,"[""DEP_acl:relcl_rate_alto"", ""DEP_ccomp_rate_baixo"", ""DEP_nummod_rate_baixo""]",3,3c810b83b48b
0.11967592592592592,"[""DEP_acl:relcl_rate_alto"", ""DEP_advcl_rate_baixo"", ""DEP_nsubj:pass_rate_baixo""]",3,a2d7f544f85e
0.11342592592592593,"[""DEP_acl:relcl_rate_alto"", ""DEP_advcl_rate_baixo"", ""DEP_aux:pass_rate_baixo""]",3,2f063c5e1b94
0.10740740740740741,"[""DEP_acl:relcl_rate_alto"", ""DEP_advcl_rate_baixo"", ""DEP_nummod_rate_baixo""]",3,bc5ed1be345f
0.10625,"[""DEP_acl:relcl_rate_alto"", ""DEP_advcl_rate_baixo"", ""DEP_ccomp_rate_baixo""]",3,f1e22b837cad
0.11805555555555555,"[""DEP_acl:relcl_rate_alto"", ""DEP_nsubj:pass_rate_baixo"", ""POS_PRON_rate_alto""]",3,6578e1482e09
0.10949074074074074,"[""DEP_acl:relcl_rate_alto"", ""DEP_aux:pass_rate_baixo"", ""POS_PRON_rate_alto""]",3,245fb07938aa
0.10462962962962963,"[""DEP_acl:relcl_rate_alto"", ""DEP_nummod_rate_baixo"", ""POS_PRON_rate_alto""]",3,91b1c84b2170
0.097222222222222224,"[""DEP_acl:relcl_rate_alto"", ""DEP_ccomp_rate_baixo"", ""POS_PRON_rate_alto""]",3,744ae52c860e
0.093055555555555558,"[""DEP_acl:relcl_rate_alto"", ""DEP_advcl_rate_baixo"", ""POS_PRON_rate_alto""]",3,6549fe3e48ba
0.09930555555555555,"[""DEP_acl:relcl_rate_alto"", ""DEP_cop_rate_baixo"", ""DEP_nsubj:pass_rate_baixo""]",3,0cad1fa06f00
0.094907407407407413,"[""DEP_acl:relcl_rate_alto"", ""DEP_ccomp_rate_baixo"", ""DEP_cop_rate_baixo""]",3,a1fc8bc96430
0.090972222222222218,"[""DEP_acl:relcl_rate_alto"", ""DEP_aux:pass_rate_baixo"", ""DEP_cop_rate_baixo""]",3,caa877180e6c
0.089351851851851849,"[""DEP_acl:relcl_rate_alto"", ""DEP_advcl_rate_baixo"", ""DEP_cop_rate_baixo""]",3,16be12e23ad0
0.089120370370370364,"[""DEP_acl:relcl_rate_alto"", ""DEP_cop_rate_baixo"", ""DEP_nummod_rate_baixo""]",3,9ea0fb05acf8
0.093287037037037043,"[""DEP_acl:relcl_rate_alto"", ""DEP_nsubj:pass_rate_baixo"", ""uppercaseRatio_baixo""]",3,b44e109172ad
0.08611111111111111,"[""DEP_acl:relcl_rate_alto"", ""DEP_aux:pass_rate_baixo"", ""uppercaseRatio_baixo""]",3,85acaeb73992
0.084027777777777785,"[""DEP_acl:relcl_rate_alto"", ""POS_PRON_rate_alto"", ""uppercaseRatio_baixo""]",3,822b96c360dd
0.081250000000000003,"[""DEP_acl:relcl_rate_alto"", ""DEP_ccomp_rate_baixo"", ""uppercaseRatio_baixo""]",3,74f09dac65c5
0.080787037037037032,"[""DEP_acl:relcl_rate_alto"", ""DEP_nummod_rate_baixo"", ""uppercaseRatio_baixo""]",3,150894bf3fb6
0.11134259259259259,"[""DEP_acl:relcl_rate_alto"", ""DEP_nummod_rate_baixo"", ""POS_NUM_rate_baixo""]",3,b70e85055014
0.083101851851851857,"[""DEP_acl:relcl_rate_alto"", ""DEP_nsubj:pass_rate_baixo"", ""POS_NUM_rate_baixo""]",3,d906b7914328
0.083101851851851857,"[""DEP_acl:relcl_rate_alto"", ""DEP_nsubj:pass_rate_baixo"", ""DEP_obj_rate_alto""]",3,276b703184e7
0.084027777777777785,"[""DEP_acl:relcl_rate_alto"", ""DEP_ccomp_rate_baixo"", ""DEP_mark_rate_baixo""]",3,218a2ca83c39
0.087037037037037038,"[""DEP_acl:relcl_rate_alto"", ""DEP_mark_rate_baixo"", ""POS_SCONJ_rate_baixo""]",3,e76160595fbb
0.081712962962962959,"[""DEP_acl:relcl_rate_alto"", ""DEP_ccomp_rate_baixo"", ""POS_SCONJ_rate_baixo""]",3,4e433b5698fc
0.10277777777777777,"[""DEP_acl:relcl_rate_alto"", ""DEP_acl_rate_baixo"", ""DEP_nsubj:pass_rate_baixo""]",3,3df8acce34d1
0.094444444444444442,"[""DEP_acl:relcl_rate_alto"", ""DEP_acl_rate_baixo"", ""DEP_nummod_rate_baixo""]",3,bfc3b304dedb
0.094444444444444442,"[""DEP_acl:relcl_rate_alto"", ""DEP_acl_rate_baixo"", ""DEP_aux:pass_rate_baixo""]",3,e4f7928ae869
0.090740740740740747,"[""DEP_acl:relcl_rate_alto"", ""DEP_acl_rate_baixo"", ""POS_PRON_rate_alto""]",3,2019154731c4
0.090509259259259262,"[""DEP_acl:relcl_rate_alto"", ""DEP_acl_rate_baixo"", ""DEP_ccomp_rate_baixo""]",3,672581db85e8
0.089351851851851849,"[""DEP_acl:relcl_rate_alto"", ""DEP_acl_rate_baixo"", ""DEP_advcl_rate_baixo""]",3,2734c8629ea3
0.083796296296296299,"[""DEP_acl:relcl_rate_alto"", ""DEP_cc_rate_baixo"", ""POS_CCONJ_rate_baixo""]",3,c73533e116a4
0.084259259259259256,"[""DEP_acl:relcl_rate_alto"", ""DEP_ccomp_rate_baixo"", ""DEP_xcomp_rate_baixo""]",3,0ca6616d0ad0
0.089351851851851849,"[""DEP_acl:relcl_rate_alto"", ""DEP_nsubj:pass_rate_baixo"", ""DEP_xcomp_rate_baixo""]",3,b6de1418ea7f
0.083796296296296299,"[""DEP_acl:relcl_rate_alto"", ""DEP_aux:pass_rate_baixo"", ""DEP_xcomp_rate_baixo""]",3,d49035d2d043
0.19236111111111112,"[""DEP_nsubj:pass_rate_baixo"", ""DEP_xcomp_rate_alto""]",2,a3a4f4f71b18
0.18055555555555555,"[""DEP_nummod_rate_baixo"", ""DEP_xcomp_rate_alto""]",2,2ce2a0873743
0.17222222222222222,"[""DEP_aux:pass_rate_baixo"", ""DEP_xcomp_rate_alto""]",2,9bcd69a316be
0.15254629629629629,"[""DEP_cop_rate_baixo"", ""DEP_xcomp_rate_alto""]",2,0383543e8b2e
0.14606481481481481,"[""DEP_advcl_rate_baixo"", ""DEP_xcomp_rate_alto""]",2,1798817d8694
0.13935185185185187,"[""DEP_ccomp_rate_baixo"", ""DEP_xcomp_rate_alto""]",2,f59397987a1e
0.13101851851851851,"[""DEP_xcomp_rate_alto"", ""POS_NUM_rate_baixo""]",2,0737ebeeb41f
0.11550925925925926,"[""DEP_xcomp_rate_alto"", ""uppercaseRatio_baixo""]",2,f097135a62d3
0.091203703703703703,"[""DEP_case_rate_baixo"", ""DEP_xcomp_rate_alto""]",2,8b755e6f5b65
0.081250000000000003,"[""DEP_xcomp_rate_alto"", ""diversidade_alto""]",2,7a6f1758645a
0.15555555555555556,"[""DEP_acl:relcl_rate_baixo"", ""DEP_xcomp_rate_alto""]",2,31b26fc8c545
0.13217592592592592,"[""DEP_xcomp_rate_alto"", ""POS_VERB_rate_alto""]",2,fbac8303dcbe
0.090740740740740747,"[""DEP_appos_rate_baixo"", ""DEP_xcomp_rate_alto""]",2,fd1eb3c1eef7
0.086574074074074067,"[""DEP_nmod_rate_baixo"", ""DEP_xcomp_rate_alto""]",2,7f08cc56d161
0.1386574074074074,"[""DEP_acl_rate_baixo"", ""DEP_xcomp_rate_alto""]",2,f5d0b7dd400b
0.082638888888888887,"[""DEP_advmod_rate_baixo"", ""DEP_xcomp_rate_alto""]",2,4fd9b2be9a85
0.1011574074074074,"[""DEP_mark_rate_alto"", ""DEP_xcomp_rate_alto""]",2,8d8fccb1796b
0.087268518518518523,"[""DEP_advcl_rate_alto"", ""DEP_xcomp_rate_alto""]",2,e4467e67be08
0.080555555555555561,"[""DEP_advmod_rate_alto"", ""DEP_xcomp_rate_alto""]",2,afd90f9e433e
0.08009259259259259,"[""DEP_acl_rate_alto"", ""DEP_xcomp_rate_alto""]",2,cc37ed2713c1
0.084259259259259256,"[""DEP_xcomp_rate_alto"", ""POS_PRON_rate_baixo""]",2,f32650568c40
0.13796296296296295,"[""DEP_nsubj:pass_rate_baixo"", ""DEP_nummod_rate_baixo"", ""DEP_xcomp_rate_alto""]",3,840f250b7185
0.16967592592592592,"[""DEP_aux:pass_rate_baixo"", ""DEP_nsubj:pass_rate_baixo"", ""DEP_xcomp_rate_alto""]",3,223aca9aa234
0.12453703703703704,"[""DEP_aux:pass_rate_baixo"", ""DEP_nummod_rate_baixo"", ""DEP_xcomp_rate_alto""]",3,3c8818057c38
0.11319444444444444,"[""DEP_cop_rate_baixo"", ""DEP_nsubj:pass_rate_baixo"", ""DEP_xcomp_rate_alto""]",3,457faf7a8a36
0.10601851851851851,"[""DEP_cop_rate_baixo"", ""DEP_nummod_rate_baixo"", ""DEP_xcomp_rate_alto""]",3,0125e62ca3e2
0.1011574074074074,"[""DEP_aux:pass_rate_baixo"", ""DEP_cop_rate_baixo"", ""DEP_xcomp_rate_alto""]",3,bd335c01d7f4
0.096296296296296297,"[""DEP_acl:relcl_rate_baixo"", ""DEP_cop_rate_baixo"", ""DEP_xcomp_rate_alto""]",3,2db0f6c217a4
0.11041666666666666,"[""DEP_advcl_rate_baixo"", ""DEP_nsubj:pass_rate_baixo"", ""DEP_xcomp_rate_alto""]",3,d598c2a28bac
0.10277777777777777,"[""DEP_advcl_rate_baixo"", ""DEP_nummod_rate_baixo"", ""DEP_xcomp_rate_alto""]",3,cf1328b2fb56
0.09976851851851852,"[""DEP_advcl_rate_baixo"", ""DEP_aux:pass_rate_baixo"", ""DEP_xcomp_rate_alto""]",3,1cd6db4d79ba
0.089583333333333334,"[""DEP_advcl_rate_baixo"", ""DEP_cop_rate_baixo"", ""DEP_xcomp_rate_alto""]",3,72f11941e901
0.084953703703703698,"[""DEP_acl:relcl_rate_baixo"", ""DEP_advcl_rate_baixo"", ""DEP_xcomp_rate_alto""]",3,d2c75bf7ab22
0.10185185185185185,"[""DEP_ccomp_rate_baixo"", ""DEP_nsubj:pass_rate_baixo"", ""DEP_xcomp_rate_alto""]",3,71be6b8e0190
0.094212962962962957,"[""DEP_ccomp_rate_baixo"", ""DEP_nummod_rate_baixo"", ""DEP_xcomp_rate_alto""]",3,3d4fa80eeb50
0.092824074074074073,"[""DEP_aux:pass_rate_baixo"", ""DEP_ccomp_rate_baixo"", ""DEP_xcomp_rate_alto""]",3,aba849d64145
0.091435185185185189,"[""DEP_ccomp_rate_baixo"", ""DEP_cop_rate_baixo"", ""DEP_xcomp_rate_alto""]",3,c000cc363052
0.080787037037037032,"[""DEP_advcl_rate_baixo"", ""DEP_ccomp_rate_baixo"", ""DEP_xcomp_rate_alto""]",3,474a28f85346
0.13032407407407406,"[""DEP_nummod_rate_baixo"", ""DEP_xcomp_rate_alto"", ""POS_NUM_rate_baixo""]",3,d01efae4ac91
0.098611111111111108,"[""DEP_nsubj:pass_rate_baixo"", ""DEP_xcomp_rate_alto"", ""POS_NUM_rate_baixo""]",3,1cd8377f29fd
0.089120370370370364,"[""DEP_aux:pass_rate_baixo"", ""DEP_xcomp_rate_alto"", ""POS_NUM_rate_baixo""]",3,cd6a08794604
0.083564814814814814,"[""DEP_acl:relcl_rate_baixo"", ""DEP_xcomp_rate_alto"", ""POS_NUM_rate_baixo""]",3,de6b595dc05f
0.089120370370370364,"[""DEP_nsubj:pass_rate_baixo"", ""DEP_xcomp_rate_alto"", ""uppercaseRatio_baixo""]",3,37c80dc9731c
0.081481481481481488,"[""DEP_nummod_rate_baixo"", ""DEP_xcomp_rate_alto"", ""uppercaseRatio_baixo""]",3,03b2a4e9271b
0.11712962962962963,"[""DEP_acl:relcl_rate_baixo"", ""DEP_nsubj:pass_rate_baixo"", ""DEP_xcomp_rate_alto""]",3,5d0822a9baaa
0.11319444444444444,"[""DEP_acl:relcl_rate_baixo"", ""DEP_nummod_rate_baixo"", ""DEP_xcomp_rate_alto""]",3,d13310a805d5
0.10416666666666667,"[""DEP_acl:relcl_rate_baixo"", ""DEP_aux:pass_rate_baixo"", ""DEP_xcomp_rate_alto""]",3,fbadc388fd7d
0.10162037037037037,"[""DEP_nsubj:pass_rate_baixo"", ""DEP_xcomp_rate_alto"", ""POS_VERB_rate_alto""]",3,b2ff16af8cc9
0.09930555555555555,"[""DEP_nummod_rate_baixo"", ""DEP_xcomp_rate_alto"", ""POS_VERB_rate_alto""]",3,65d7eb5dd5dd
0.090277777777777776,"[""DEP_aux:pass_rate_baixo"", ""DEP_xcomp_rate_alto"", ""POS_VERB_rate_alto""]",3,2945c44e2211
0.083101851851851857,"[""DEP_cop_rate_baixo"", ""DEP_xcomp_rate_alto"", ""POS_VERB_rate_alto""]",3,9703c7f26a7b
0.10138888888888889,"[""DEP_acl_rate_baixo"", ""DEP_nsubj:pass_rate_baixo"", ""DEP_xcomp_rate_alto""]",3,91abe2410b7b
0.096296296296296297,"[""DEP_acl_rate_baixo"", ""DEP_nummod_rate_baixo"", ""DEP_xcomp_rate_alto""]",3,7ecb1e5e466d
0.08981481481481482,"[""DEP_acl_rate_baixo"", ""DEP_aux:pass_rate_baixo"", ""DEP_xcomp_rate_alto""]",3,4fceb1c59667
0.08217592592592593,"[""DEP_acl:relcl_rate_baixo"", ""DEP_acl_rate_baixo"", ""DEP_xcomp_rate_alto""]",3,f42c753a183b
0.081712962962962959,"[""DEP_acl:relcl_rate_baixo"", ""DEP_xcomp_rate_alto"", ""POS_PRON_rate_baixo""]",3,8229ceb4e9e3
0.22453703703703703,"[""DEP_case_rate_baixo"", ""POS_ADP_rate_baixo""]",2,d28574a5355a
0.19930555555555557,"[""DEP_nsubj:pass_rate_baixo"", ""POS_ADP_rate_baixo""]",2,d0c4306ce66c
0.17986111111111111,"[""DEP_aux:pass_rate_baixo"", ""POS_ADP_rate_baixo""]",2,41b388d233d0
0.17245370370370369,"[""DEP_nummod_rate_baixo"", ""POS_ADP_rate_baixo""]",2,8b065a403d2a
0.12569444444444444,"[""POS_ADP_rate_baixo"", ""POS_NUM_rate_baixo""]",2,cf42b5e9e9b2
0.125,"[""POS_ADP_rate_baixo"", ""uppercaseRatio_baixo""]",2,28eabc4c322c
0.11782407407407407,"[""DEP_advcl_rate_baixo"", ""POS_ADP_rate_baixo""]",2,18fe3a1ea2ab
0.11458333333333333,"[""DEP_cop_rate_baixo"", ""POS_ADP_rate_baixo""]",2,ee010b2999ba
0.11180555555555556,"[""DEP_obj_rate_alto"", ""POS_ADP_rate_baixo""]",2,5945e7ae1ab3
0.11157407407407408,"[""DEP_ccomp_rate_baixo"", ""POS_ADP_rate_baixo""]",2,aa4dbe5c0806
0.10810185185185185,"[""POS_ADP_rate_baixo"", ""POS_PRON_rate_alto""]",2,7fb97a7de9b5
0.090509259259259262,"[""DEP_cc_rate_alto"", ""POS_ADP_rate_baixo""]",2,8a622d057749
0.089120370370370364,"[""DEP_xcomp_rate_alto"", ""POS_ADP_rate_baixo""]",2,6cc0247b19d8
0.087037037037037038,"[""DEP_conj_rate_alto"", ""POS_ADP_rate_baixo""]",2,e9bafc3bdcf7
0.086342592592592596,"[""POS_ADP_rate_baixo"", ""POS_CCONJ_rate_alto""]",2,3228bfb0a714
0.08217592592592593,"[""DEP_acl:relcl_rate_alto"", ""POS_ADP_rate_baixo""]",2,73b3d929b345
0.15949074074074074,"[""DEP_nmod_rate_baixo"", ""POS_ADP_rate_baixo""]",2,b4ad5bf36fd4
0.13171296296296298,"[""DEP_acl:relcl_rate_baixo"", ""POS_ADP_rate_baixo""]",2,f7cb5b1ff548
0.12916666666666668,"[""POS_ADP_rate_baixo"", ""POS_VERB_rate_alto""]",2,6996de6ad642
0.1162037037037037,"[""POS_ADP_rate_baixo"", ""POS_DET_rate_alto""]",2,416589d00876
0.11458333333333333,"[""DEP_det_rate_alto"", ""POS_ADP_rate_baixo""]",2,2e70edff10c2
0.10208333333333333,"[""POS_ADP_rate_baixo"", ""POS_NOUN_rate_baixo""]",2,b49ecdc87de7
0.095601851851851855,"[""DEP_cop_rate_alto"", ""POS_ADP_rate_baixo""]",2,847162110bae
0.093518518518518515,"[""POS_ADP_rate_baixo"", ""punctuationDensity_spacy_alto""]",2,c16f5a5eaa28
0.12175925925925926,"[""DEP_mark_rate_alto"", ""POS_ADP_rate_baixo""]",2,2f0a38788e4d
0.11782407407407407,"[""POS_ADP_rate_baixo"", ""POS_SCONJ_rate_alto""]",2,a3ae9e45618a
0.1175925925925926,"[""DEP_nsubj_rate_alto"", ""POS_ADP_rate_baixo""]",2,ac823554d697
0.1050925925925926,"[""DEP_advmod_rate_alto"", ""POS_ADP_rate_baixo""]",2,78dd4728aeea
0.10185185185185185,"[""POS_ADP_rate_baixo"", ""POS_ADV_rate_alto""]",2,251423e28d38
0.1011574074074074,"[""DEP_advcl_rate_alto"", ""POS_ADP_rate_baixo""]",2,7d2a217d59d4
0.097916666666666666,"[""DEP_ccomp_rate_alto"", ""POS_ADP_rate_baixo""]",2,d01a8f82bbd0
0.13750000000000001,"[""DEP_acl_rate_baixo"", ""POS_ADP_rate_baixo""]",2,eaf52ec68e84
0.091435185185185189,"[""POS_ADP_rate_baixo"", ""POS_AUX_rate_alto""]",2,c621776b144f
0.092129629629629631,"[""DEP_xcomp_rate_baixo"", ""POS_ADP_rate_baixo""]",2,c07c6856fd9d
0.099074074074074078,"[""DEP_obl_rate_baixo"", ""POS_ADP_rate_baixo""]",2,1fafa478d450
0.1789351851851852,"[""DEP_case_rate_baixo"", ""DEP_nsubj:pass_rate_baixo"", ""POS_ADP_rate_baixo""]",3,5c872108635e
0.1787037037037037,"[""DEP_aux:pass_rate_baixo"", ""DEP_nsubj:pass_rate_baixo"", ""POS_ADP_rate_baixo""]",3,b2fc9fe9dd87
0.16064814814814815,"[""DEP_aux:pass_rate_baixo"", ""DEP_case_rate_baixo"", ""POS_ADP_rate_baixo""]",3,7bc7e0046501
0.15277777777777779,"[""DEP_case_rate_baixo"", ""DEP_nummod_rate_baixo"", ""POS_ADP_rate_baixo""]",3,089ead2acbbc
0.13773148148148148,"[""DEP_nsubj:pass_rate_baixo"", ""DEP_nummod_rate_baixo"", ""POS_ADP_rate_baixo""]",3,a0122fff1089
0.12476851851851851,"[""DEP_aux:pass_rate_baixo"", ""DEP_nummod_rate_baixo"", ""POS_ADP_rate_baixo""]",3,020fcbb19476
0.12430555555555556,"[""DEP_nummod_rate_baixo"", ""POS_ADP_rate_baixo"", ""POS_NUM_rate_baixo""]",3,023c3018da35
0.1125,"[""DEP_case_rate_baixo"", ""POS_ADP_rate_baixo"", ""POS_NUM_rate_baixo""]",3,ffe51e1849ea
0.10046296296296296,"[""DEP_nsubj:pass_rate_baixo"", ""POS_ADP_rate_baixo"", ""POS_NUM_rate_baixo""]",3,11c49ba525dc
0.090972222222222218,"[""DEP_aux:pass_rate_baixo"", ""POS_ADP_rate_baixo"", ""POS_NUM_rate_baixo""]",3,f59d04222f3a
0.081944444444444445,"[""DEP_nmod_rate_baixo"", ""POS_ADP_rate_baixo"", ""POS_NUM_rate_baixo""]",3,a450ef95e6cd
0.11342592592592593,"[""DEP_case_rate_baixo"", ""POS_ADP_rate_baixo"", ""uppercaseRatio_baixo""]",3,f77d5735df09
0.09930555555555555,"[""DEP_nsubj:pass_rate_baixo"", ""POS_ADP_rate_baixo"", ""uppercaseRatio_baixo""]",3,2748dc26404d
0.08773148148148148,"[""DEP_aux:pass_rate_baixo"", ""POS_ADP_rate_baixo"", ""uppercaseRatio_baixo""]",3,879d9b4e2739
0.084027777777777785,"[""DEP_nummod_rate_baixo"", ""POS_ADP_rate_baixo"", ""uppercaseRatio_baixo""]",3,3ad1fff07322
0.080787037037037032,"[""DEP_nmod_rate_baixo"", ""POS_ADP_rate_baixo"", ""uppercaseRatio_baixo""]",3,cacbb955b3d5
0.10300925925925926,"[""DEP_advcl_rate_baixo"", ""DEP_case_rate_baixo"", ""POS_ADP_rate_baixo""]",3,0eb4af23d8c7
0.094212962962962957,"[""DEP_advcl_rate_baixo"", ""DEP_nsubj:pass_rate_baixo"", ""POS_ADP_rate_baixo""]",3,43210ff8e982
0.086574074074074067,"[""DEP_advcl_rate_baixo"", ""DEP_aux:pass_rate_baixo"", ""POS_ADP_rate_baixo""]",3,68439a99c0f8
0.097916666666666666,"[""DEP_case_rate_baixo"", ""DEP_cop_rate_baixo"", ""POS_ADP_rate_baixo""]",3,574037e7fa79
0.088657407407407407,"[""DEP_cop_rate_baixo"", ""DEP_nsubj:pass_rate_baixo"", ""POS_ADP_rate_baixo""]",3,bcb7bd6368e9
0.08009259259259259,"[""DEP_aux:pass_rate_baixo"", ""DEP_cop_rate_baixo"", ""POS_ADP_rate_baixo""]",3,fad0e7effd59
0.10138888888888889,"[""DEP_case_rate_baixo"", ""DEP_obj_rate_alto"", ""POS_ADP_rate_baixo""]",3,80bdb481eb8b
0.09583333333333334,"[""DEP_nsubj:pass_rate_baixo"", ""DEP_obj_rate_alto"", ""POS_ADP_rate_baixo""]",3,fba1f17b162c
0.089351851851851849,"[""DEP_aux:pass_rate_baixo"", ""DEP_obj_rate_alto"", ""POS_ADP_rate_baixo""]",3,b7bcf9f16a3a
0.097222222222222224,"[""DEP_case_rate_baixo"", ""DEP_ccomp_rate_baixo"", ""POS_ADP_rate_baixo""]",3,716e91edfffa
0.087268518518518523,"[""DEP_ccomp_rate_baixo"", ""DEP_nsubj:pass_rate_baixo"", ""POS_ADP_rate_baixo""]",3,c1a98912456d
0.096990740740740738,"[""DEP_case_rate_baixo"", ""POS_ADP_rate_baixo"", ""POS_PRON_rate_alto""]",3,915e073dffdf
0.08819444444444445,"[""DEP_nsubj:pass_rate_baixo"", ""POS_ADP_rate_baixo"", ""POS_PRON_rate_alto""]",3,80134c59ccdc
0.08009259259259259,"[""DEP_aux:pass_rate_baixo"", ""POS_ADP_rate_baixo"", ""POS_PRON_rate_alto""]",3,55e91a3ad94c
0.082870370370370372,"[""DEP_case_rate_baixo"", ""DEP_cc_rate_alto"", ""POS_ADP_rate_baixo""]",3,4c47621fc586
0.08217592592592593,"[""DEP_case_rate_baixo"", ""DEP_xcomp_rate_alto"", ""POS_ADP_rate_baixo""]",3,3b26f309e1e3
0.081712962962962959,"[""DEP_cc_rate_alto"", ""POS_ADP_rate_baixo"", ""POS_CCONJ_rate_alto""]",3,693361f90ed1
0.14837962962962964,"[""DEP_case_rate_baixo"", ""DEP_nmod_rate_baixo"", ""POS_ADP_rate_baixo""]",3,db0c14695aee
0.12291666666666666,"[""DEP_nmod_rate_baixo"", ""DEP_nsubj:pass_rate_baixo"", ""POS_ADP_rate_baixo""]",3,6e5d9049472a
0.11087962962962963,"[""DEP_aux:pass_rate_baixo"", ""DEP_nmod_rate_baixo"", ""POS_ADP_rate_baixo""]",3,85f3cefce046
0.11018518518518519,"[""DEP_nmod_rate_baixo"", ""DEP_nummod_rate_baixo"", ""POS_ADP_rate_baixo""]",3,77914a2a48b5
0.1175925925925926,"[""DEP_acl:relcl_rate_baixo"", ""DEP_case_rate_baixo"", ""POS_ADP_rate_baixo""]",3,37f71a4057d0
0.10439814814814814,"[""DEP_acl:relcl_rate_baixo"", ""DEP_nsubj:pass_rate_baixo"", ""POS_ADP_rate_baixo""]",3,ba2c2d5b86b0
0.094444444444444442,"[""DEP_acl:relcl_rate_baixo"", ""DEP_aux:pass_rate_baixo"", ""POS_ADP_rate_baixo""]",3,5053afb1f26c
0.091898148148148145,"[""DEP_acl:relcl_rate_baixo"", ""DEP_nummod_rate_baixo"", ""POS_ADP_rate_baixo""]",3,f383154a97c4
0.12060185185185185,"[""DEP_case_rate_baixo"", ""POS_ADP_rate_baixo"", ""POS_VERB_rate_alto""]",3,d9e9ac48b3dc
0.1011574074074074,"[""DEP_nsubj:pass_rate_baixo"", ""POS_ADP_rate_baixo"", ""POS_VERB_rate_alto""]",3,2b2127a86052
0.094675925925925927,"[""DEP_nmod_rate_baixo"", ""POS_ADP_rate_baixo"", ""POS_VERB_rate_alto""]",3,027b3cc443d5
0.094675925925925927,"[""DEP_nummod_rate_baixo"", ""POS_ADP_rate_baixo"", ""POS_VERB_rate_alto""]",3,00b6991ca943
0.089351851851851849,"[""DEP_aux:pass_rate_baixo"", ""POS_ADP_rate_baixo"", ""POS_VERB_rate_alto""]",3,3e424e66a57c
0.10347222222222222,"[""DEP_case_rate_baixo"", ""POS_ADP_rate_baixo"", ""POS_DET_rate_alto""]",3,6ba5138f1dce
0.094907407407407413,"[""DEP_nsubj:pass_rate_baixo"", ""POS_ADP_rate_baixo"", ""POS_DET_rate_alto""]",3,ddd012b74714
0.086574074074074067,"[""DEP_aux:pass_rate_baixo"", ""POS_ADP_rate_baixo"", ""POS_DET_rate_alto""]",3,e7ef57c379b3
0.084953703703703698,"[""DEP_nummod_rate_baixo"", ""POS_ADP_rate_baixo"", ""POS_DET_rate_alto""]",3,41324576782a
0.10972222222222222,"[""DEP_det_rate_alto"", ""POS_ADP_rate_baixo"", ""POS_DET_rate_alto""]",3,b86c3f759ea8
0.1025462962962963,"[""DEP_case_rate_baixo"", ""DEP_det_rate_alto"", ""POS_ADP_rate_baixo""]",3,cb421ebdd90d
0.092129629629629631,"[""DEP_det_rate_alto"", ""DEP_nsubj:pass_rate_baixo"", ""POS_ADP_rate_baixo""]",3,9b2ccceb6359
0.084490740740740741,"[""DEP_det_rate_alto"", ""DEP_nummod_rate_baixo"", ""POS_ADP_rate_baixo""]",3,a8d4fbac5ce8
0.084490740740740741,"[""DEP_aux:pass_rate_baixo"", ""DEP_det_rate_alto"", ""POS_ADP_rate_baixo""]",3,72dc5c993cac
0.093287037037037043,"[""DEP_case_rate_baixo"", ""POS_ADP_rate_baixo"", ""POS_NOUN_rate_baixo""]",3,46491be266b2
0.087268518518518523,"[""DEP_case_rate_baixo"", ""DEP_cop_rate_alto"", ""POS_ADP_rate_baixo""]",3,ff703413ca5c
0.084953703703703698,"[""DEP_case_rate_baixo"", ""POS_ADP_rate_baixo"", ""punctuationDensity_spacy_alto""]",3,6c6042f23cad
0.1111111111111111,"[""DEP_case_rate_baixo"", ""DEP_mark_rate_alto"", ""POS_ADP_rate_baixo""]",3,201259605646
0.09768518518518518,"[""DEP_mark_rate_alto"", ""DEP_nsubj:pass_rate_baixo"", ""POS_ADP_rate_baixo""]",3,77ef67a257a9
0.08819444444444445,"[""DEP_mark_rate_alto"", ""DEP_nummod_rate_baixo"", ""POS_ADP_rate_baixo""]",3,b7a610bdf519
0.086574074074074067,"[""DEP_aux:pass_rate_baixo"", ""DEP_mark_rate_alto"", ""POS_ADP_rate_baixo""]",3,1a0ec75124c4
0.082638888888888887,"[""DEP_mark_rate_alto"", ""DEP_nmod_rate_baixo"", ""POS_ADP_rate_baixo""]",3,178c0611501c
0.10879629629629629,"[""DEP_mark_rate_alto"", ""POS_ADP_rate_baixo"", ""POS_SCONJ_rate_alto""]",3,c67088b5a765
0.10555555555555556,"[""DEP_case_rate_baixo"", ""POS_ADP_rate_baixo"", ""POS_SCONJ_rate_alto""]",3,a7888f354ce9
0.095138888888888884,"[""DEP_nsubj:pass_rate_baixo"", ""POS_ADP_rate_baixo"", ""POS_SCONJ_rate_alto""]",3,3c104bb3f865
0.084722222222222227,"[""DEP_aux:pass_rate_baixo"", ""POS_ADP_rate_baixo"", ""POS_SCONJ_rate_alto""]",3,e95623a22933
0.084490740740740741,"[""DEP_nummod_rate_baixo"", ""POS_ADP_rate_baixo"", ""POS_SCONJ_rate_alto""]",3,9e518d7aabf7
0.10717592592592592,"[""DEP_case_rate_baixo"", ""DEP_nsubj_rate_alto"", ""POS_ADP_rate_baixo""]",3,54e26fca1505
0.099537037037037035,"[""DEP_nsubj:pass_rate_baixo"", ""DEP_nsubj_rate_alto"", ""POS_ADP_rate_baixo""]",3,29eae7e68231
0.092129629629629631,"[""DEP_aux:pass_rate_baixo"", ""DEP_nsubj_rate_alto"", ""POS_ADP_rate_baixo""]",3,25ef943e1335
0.087037037037037038,"[""DEP_nsubj_rate_alto"", ""DEP_nummod_rate_baixo"", ""POS_ADP_rate_baixo""]",3,35843cb524d8
0.096759259259259253,"[""DEP_advmod_rate_alto"", ""DEP_case_rate_baixo"", ""POS_ADP_rate_baixo""]",3,569e18d788b8
0.083101851851851857,"[""DEP_advmod_rate_alto"", ""DEP_nsubj:pass_rate_baixo"", ""POS_ADP_rate_baixo""]",3,c1ea994b9d32
0.092592592592592587,"[""DEP_case_rate_baixo"", ""POS_ADP_rate_baixo"", ""POS_ADV_rate_alto""]",3,8e7d78a5626e
0.091898148148148145,"[""DEP_advmod_rate_alto"", ""POS_ADP_rate_baixo"", ""POS_ADV_rate_alto""]",3,229d8d90dcea
0.081944444444444445,"[""DEP_nsubj:pass_rate_baixo"", ""POS_ADP_rate_baixo"", ""POS_ADV_rate_alto""]",3,f1891273f7ec
0.08981481481481482,"[""DEP_advcl_rate_alto"", ""DEP_case_rate_baixo"", ""POS_ADP_rate_baixo""]",3,7b95fda64d78
0.087962962962962965,"[""DEP_case_rate_baixo"", ""DEP_ccomp_rate_alto"", ""POS_ADP_rate_baixo""]",3,77f04d7720c9
0.12199074074074075,"[""DEP_acl_rate_baixo"", ""DEP_case_rate_baixo"", ""POS_ADP_rate_baixo""]",3,83dd3264b7ad
0.10925925925925926,"[""DEP_acl_rate_baixo"", ""DEP_nsubj:pass_rate_baixo"", ""POS_ADP_rate_baixo""]",3,056ddd832e6d
0.095370370370370369,"[""DEP_acl_rate_baixo"", ""DEP_nummod_rate_baixo"", ""POS_ADP_rate_baixo""]",3,e61be4904371
0.084953703703703698,"[""DEP_acl_rate_baixo"", ""DEP_nmod_rate_baixo"", ""POS_ADP_rate_baixo""]",3,9d559a6d91bd
0.10000000000000001,"[""DEP_acl_rate_baixo"", ""DEP_aux:pass_rate_baixo"", ""POS_ADP_rate_baixo""]",3,a2a5b6eefed0
0.084027777777777785,"[""DEP_case_rate_baixo"", ""POS_ADP_rate_baixo"", ""POS_AUX_rate_alto""]",3,a1aab7ff0dc7
0.08009259259259259,"[""DEP_case_rate_baixo"", ""DEP_xcomp_rate_baixo"", ""POS_ADP_rate_baixo""]",3,b0f09e495023
0.089351851851851849,"[""DEP_case_rate_baixo"", ""DEP_obl_rate_baixo"", ""POS_ADP_rate_baixo""]",3,1683e201219b
0.081250000000000003,"[""DEP_nsubj:pass_rate_baixo"", ""DEP_obl_rate_baixo"", ""POS_ADP_rate_baixo""]",3,468c00e4b7d3
0.19513888888888889,"[""DEP_nsubj:pass_rate_baixo"", ""POS_ADJ_rate_alto""]",2,5c8a5905043c
0.19259259259259259,"[""DEP_amod_rate_alto"", ""POS_ADJ_rate_alto""]",2,c44390a7edde
0.18171296296296297,"[""DEP_aux:pass_rate_baixo"", ""POS_ADJ_rate_alto""]",2,9095db54817f
0.16319444444444445,"[""DEP_ccomp_rate_baixo"", ""POS_ADJ_rate_alto""]",2,e31526165276
0.16319444444444445,"[""DEP_nummod_rate_baixo"", ""POS_ADJ_rate_alto""]",2,a582c34f5a35
0.15347222222222223,"[""DEP_advcl_rate_baixo"", ""POS_ADJ_rate_alto""]",2,5d6d2c1609b8
0.13148148148148148,"[""POS_ADJ_rate_alto"", ""uppercaseRatio_baixo""]",2,64748c9e68b0
0.12337962962962963,"[""DEP_cop_rate_baixo"", ""POS_ADJ_rate_alto""]",2,0bb18a311b32
0.10810185185185185,"[""POS_ADJ_rate_alto"", ""POS_NUM_rate_baixo""]",2,d26ccdd3cd30
0.087499999999999994,"[""POS_ADJ_rate_alto"", ""diversidade_alto""]",2,641c5eccd319
0.08217592592592593,"[""POS_ADJ_rate_alto"", ""POS_SCONJ_rate_baixo""]",2,b022129ff2d8
0.08217592592592593,"[""DEP_mark_rate_baixo"", ""POS_ADJ_rate_alto""]",2,5f089b83e47b
0.12962962962962962,"[""DEP_acl_rate_baixo"", ""POS_ADJ_rate_alto""]",2,217e12123378
0.092361111111111116,"[""DEP_flat:name_rate_baixo"", ""POS_ADJ_rate_alto""]",2,c195f3a7cf22
0.15092592592592594,"[""DEP_acl:relcl_rate_baixo"", ""POS_ADJ_rate_alto""]",2,70a191f118ea
0.12870370370370371,"[""DEP_xcomp_rate_baixo"", ""POS_ADJ_rate_alto""]",2,e5a7e7f83b77
0.085416666666666669,"[""POS_ADJ_rate_alto"", ""POS_PRON_rate_baixo""]",2,ddd715654e17
0.087962962962962965,"[""DEP_appos_rate_baixo"", ""POS_ADJ_rate_alto""]",2,e8269c595dff
0.080555555555555561,"[""POS_ADJ_rate_alto"", ""POS_VERB_rate_baixo""]",2,77e04848c1d9
0.08819444444444445,"[""DEP_cop_rate_alto"", ""POS_ADJ_rate_alto""]",2,c24e209fe94c
0.15254629629629629,"[""DEP_amod_rate_alto"", ""DEP_nsubj:pass_rate_baixo"", ""POS_ADJ_rate_alto""]",3,1d5eea24f8e1
0.18055555555555555,"[""DEP_aux:pass_rate_baixo"", ""DEP_nsubj:pass_rate_baixo"", ""POS_ADJ_rate_alto""]",3,efafd65ccbc5
0.14328703703703705,"[""DEP_amod_rate_alto"", ""DEP_aux:pass_rate_baixo"", ""POS_ADJ_rate_alto""]",3,4486c3e601a2
0.12986111111111112,"[""DEP_amod_rate_alto"", ""DEP_ccomp_rate_baixo"", ""POS_ADJ_rate_alto""]",3,0449a19a868e
0.12731481481481483,"[""DEP_ccomp_rate_baixo"", ""DEP_nsubj:pass_rate_baixo"", ""POS_ADJ_rate_alto""]",3,e80ef7f9323c
0.11851851851851852,"[""DEP_aux:pass_rate_baixo"", ""DEP_ccomp_rate_baixo"", ""POS_ADJ_rate_alto""]",3,dcd1725d0949
0.12939814814814815,"[""DEP_nsubj:pass_rate_baixo"", ""DEP_nummod_rate_baixo"", ""POS_ADJ_rate_alto""]",3,553485abc3fa
0.12453703703703704,"[""DEP_amod_rate_alto"", ""DEP_nummod_rate_baixo"", ""POS_ADJ_rate_alto""]",3,0bf69b01ab27
0.12129629629629629,"[""DEP_aux:pass_rate_baixo"", ""DEP_nummod_rate_baixo"", ""POS_ADJ_rate_alto""]",3,7c0b5404a2f0
0.098842592592592593,"[""DEP_ccomp_rate_baixo"", ""DEP_nummod_rate_baixo"", ""POS_ADJ_rate_alto""]",3,b1c4ddadf8b2
0.11944444444444445,"[""DEP_advcl_rate_baixo"", ""DEP_amod_rate_alto"", ""POS_ADJ_rate_alto""]",3,f879ebf22866
0.11805555555555555,"[""DEP_advcl_rate_baixo"", ""DEP_nsubj:pass_rate_baixo"", ""POS_ADJ_rate_alto""]",3,cfbb18507249
0.11018518518518519,"[""DEP_advcl_rate_baixo"", ""DEP_aux:pass_rate_baixo"", ""POS_ADJ_rate_alto""]",3,60fc38271af6
0.09930555555555555,"[""DEP_advcl_rate_baixo"", ""DEP_ccomp_rate_baixo"", ""POS_ADJ_rate_alto""]",3,72a1ffe031c3
0.096759259259259253,"[""DEP_advcl_rate_baixo"", ""DEP_nummod_rate_baixo"", ""POS_ADJ_rate_alto""]",3,1d71825c82a4
0.10162037037037037,"[""DEP_amod_rate_alto"", ""POS_ADJ_rate_alto"", ""uppercaseRatio_baixo""]",3,a9025f569653
0.10000000000000001,"[""DEP_nsubj:pass_rate_baixo"", ""POS_ADJ_rate_alto"", ""uppercaseRatio_baixo""]",3,616b37cbe7ec
0.092361111111111116,"[""DEP_aux:pass_rate_baixo"", ""POS_ADJ_rate_alto"", ""uppercaseRatio_baixo""]",3,c7a6eeff1700
0.089583333333333334,"[""DEP_ccomp_rate_baixo"", ""POS_ADJ_rate_alto"", ""uppercaseRatio_baixo""]",3,231bbfa80568
0.086805555555555552,"[""DEP_nummod_rate_baixo"", ""POS_ADJ_rate_alto"", ""uppercaseRatio_baixo""]",3,b7b1dec87d04
0.10393518518518519,"[""DEP_amod_rate_alto"", ""DEP_cop_rate_baixo"", ""POS_ADJ_rate_alto""]",3,7782e03ff64d
0.092824074074074073,"[""DEP_cop_rate_baixo"", ""DEP_nsubj:pass_rate_baixo"", ""POS_ADJ_rate_alto""]",3,c2d4cb3355a9
0.085416666666666669,"[""DEP_aux:pass_rate_baixo"", ""DEP_cop_rate_baixo"", ""POS_ADJ_rate_alto""]",3,93dffd7a43fa
0.083101851851851857,"[""DEP_ccomp_rate_baixo"", ""DEP_cop_rate_baixo"", ""POS_ADJ_rate_alto""]",3,2920980d5c68
0.10740740740740741,"[""DEP_nummod_rate_baixo"", ""POS_ADJ_rate_alto"", ""POS_NUM_rate_baixo""]",3,254caf885eaf
0.08611111111111111,"[""DEP_nsubj:pass_rate_baixo"", ""POS_ADJ_rate_alto"", ""POS_NUM_rate_baixo""]",3,361c69a5bf42
0.080555555555555561,"[""DEP_amod_rate_alto"", ""POS_ADJ_rate_alto"", ""POS_NUM_rate_baixo""]",3,7bab8d14b5e7
0.09768518518518518,"[""DEP_acl_rate_baixo"", ""DEP_nsubj:pass_rate_baixo"", ""POS_ADJ_rate_alto""]",3,213b37287b12
0.096527777777777782,"[""DEP_acl_rate_baixo"", ""DEP_amod_rate_alto"", ""POS_ADJ_rate_alto""]",3,70080dd3fe44
0.09166666666666666,"[""DEP_acl_rate_baixo"", ""DEP_aux:pass_rate_baixo"", ""POS_ADJ_rate_alto""]",3,919bf96c9377
0.085185185185185183,"[""DEP_acl_rate_baixo"", ""DEP_nummod_rate_baixo"", ""POS_ADJ_rate_alto""]",3,1e87876aacd5
0.11944444444444445,"[""DEP_acl:relcl_rate_baixo"", ""DEP_amod_rate_alto"", ""POS_ADJ_rate_alto""]",3,09599e34026d
0.11342592592592593,"[""DEP_acl:relcl_rate_baixo"", ""DEP_nsubj:pass_rate_baixo"", ""POS_ADJ_rate_alto""]",3,22d0ea0d492d
0.10462962962962963,"[""DEP_acl:relcl_rate_baixo"", ""DEP_aux:pass_rate_baixo"", ""POS_ADJ_rate_alto""]",3,66248e9be809
0.098148148148148151,"[""DEP_acl:relcl_rate_baixo"", ""DEP_nummod_rate_baixo"", ""POS_ADJ_rate_alto""]",3,9ce2bdcf2462
0.092361111111111116,"[""DEP_acl:relcl_rate_baixo"", ""DEP_ccomp_rate_baixo"", ""POS_ADJ_rate_alto""]",3,5c1d139387fa
0.090277777777777776,"[""DEP_acl:relcl_rate_baixo"", ""DEP_advcl_rate_baixo"", ""POS_ADJ_rate_alto""]",3,40f12648b05e
0.10208333333333333,"[""DEP_amod_rate_alto"", ""DEP_xcomp_rate_baixo"", ""POS_ADJ_rate_alto""]",3,99cc675c6c68
0.10000000000000001,"[""DEP_nsubj:pass_rate_baixo"", ""DEP_xcomp_rate_baixo"", ""POS_ADJ_rate_alto""]",3,63412d304841
0.094212962962962957,"[""DEP_aux:pass_rate_baixo"", ""DEP_xcomp_rate_baixo"", ""POS_ADJ_rate_alto""]",3,46ef9bf99e22
0.089351851851851849,"[""DEP_ccomp_rate_baixo"", ""DEP_xcomp_rate_baixo"", ""POS_ADJ_rate_alto""]",3,824c3fc66261
0.080324074074074076,"[""DEP_acl:relcl_rate_baixo"", ""DEP_xcomp_rate_baixo"", ""POS_ADJ_rate_alto""]",3,5a9e1e41243b
0.082638888888888887,"[""DEP_acl:relcl_rate_baixo"", ""POS_ADJ_rate_alto"", ""POS_PRON_rate_baixo""]",3,1259e97818de
0.1736111111111111,"[""DEP_nsubj:pass_rate_baixo"", ""punctuationDensity_spacy_baixo""]",2,e48e912cec77
0.16041666666666668,"[""DEP_aux:pass_rate_baixo"", ""punctuationDensity_spacy_baixo""]",2,8b17549d5171
0.15462962962962962,"[""DEP_cop_rate_baixo"", ""punctuationDensity_spacy_baixo""]",2,200bf5213710
0.15138888888888888,"[""DEP_ccomp_rate_baixo"", ""punctuationDensity_spacy_baixo""]",2,3bfe02ad5cf3
0.14374999999999999,"[""DEP_nummod_rate_baixo"", ""punctuationDensity_spacy_baixo""]",2,195d54cc9c99
0.13935185185185187,"[""DEP_advcl_rate_baixo"", ""punctuationDensity_spacy_baixo""]",2,6e8b08e81ebb
0.11874999999999999,"[""punctuationDensity_spacy_baixo"", ""uppercaseRatio_baixo""]",2,b4be02219361
0.10717592592592592,"[""POS_NUM_rate_baixo"", ""punctuationDensity_spacy_baixo""]",2,a9b7b22c44cd
0.11828703703703704,"[""DEP_xcomp_rate_baixo"", ""punctuationDensity_spacy_baixo""]",2,7294050249e4
0.10717592592592592,"[""DEP_appos_rate_baixo"", ""punctuationDensity_spacy_baixo""]",2,e0553489612d
0.096527777777777782,"[""DEP_advmod_rate_baixo"", ""punctuationDensity_spacy_baixo""]",2,0fffe4629cf8
0.086574074074074067,"[""POS_ADV_rate_baixo"", ""punctuationDensity_spacy_baixo""]",2,1006c4b10c4f
0.1449074074074074,"[""DEP_acl:relcl_rate_baixo"", ""punctuationDensity_spacy_baixo""]",2,e462d44b6ee6
0.081250000000000003,"[""DEP_flat:name_rate_baixo"", ""punctuationDensity_spacy_baixo""]",2,27cf34708a34
0.11990740740740741,"[""DEP_acl_rate_baixo"", ""punctuationDensity_spacy_baixo""]",2,eb0d6a2d84a5
0.090740740740740747,"[""POS_ADP_rate_alto"", ""punctuationDensity_spacy_baixo""]",2,d132c0a5f65b
0.090046296296296291,"[""POS_PRON_rate_baixo"", ""punctuationDensity_spacy_baixo""]",2,fa9f45175099
0.08819444444444445,"[""DEP_case_rate_alto"", ""punctuationDensity_spacy_baixo""]",2,ab8a428be104
0.094212962962962957,"[""DEP_nmod_rate_alto"", ""punctuationDensity_spacy_baixo""]",2,efee46327d8c
0.1587962962962963,"[""DEP_aux:pass_rate_baixo"", ""DEP_nsubj:pass_rate_baixo"", ""punctuationDensity_spacy_baixo""]",3,bfaf7a977f3b
0.10300925925925926,"[""DEP_cop_rate_baixo"", ""DEP_nsubj:pass_rate_baixo"", ""punctuationDensity_spacy_baixo""]",3,60ac543af018
0.092824074074074073,"[""DEP_aux:pass_rate_baixo"", ""DEP_cop_rate_baixo"", ""punctuationDensity_spacy_baixo""]",3,fbca2a39e065
0.10092592592592593,"[""DEP_ccomp_rate_baixo"", ""DEP_nsubj:pass_rate_baixo"", ""punctuationDensity_spacy_baixo""]",3,76fc0867898b
0.095138888888888884,"[""DEP_ccomp_rate_baixo"", ""DEP_cop_rate_baixo"", ""punctuationDensity_spacy_baixo""]",3,846c407f79be
0.094444444444444442,"[""DEP_aux:pass_rate_baixo"", ""DEP_ccomp_rate_baixo"", ""punctuationDensity_spacy_baixo""]",3,ff552616940a
0.10162037037037037,"[""DEP_nsubj:pass_rate_baixo"", ""DEP_nummod_rate_baixo"", ""punctuationDensity_spacy_baixo""]",3,2e7a1503a28b
0.092824074074074073,"[""DEP_aux:pass_rate_baixo"", ""DEP_nummod_rate_baixo"", ""punctuationDensity_spacy_baixo""]",3,4553e8ec6320
0.086574074074074067,"[""DEP_cop_rate_baixo"", ""DEP_nummod_rate_baixo"", ""punctuationDensity_spacy_baixo""]",3,c710594f0b56
0.082870370370370372,"[""DEP_ccomp_rate_baixo"", ""DEP_nummod_rate_baixo"", ""punctuationDensity_spacy_baixo""]",3,b28c94022b53
0.083796296296296299,"[""DEP_acl:relcl_rate_baixo"", ""DEP_nummod_rate_baixo"", ""punctuationDensity_spacy_baixo""]",3,9f590dc7d4f5
0.097916666666666666,"[""DEP_advcl_rate_baixo"", ""DEP_nsubj:pass_rate_baixo"", ""punctuationDensity_spacy_baixo""]",3,11f62a2b1b32
0.091435185185185189,"[""DEP_advcl_rate_baixo"", ""DEP_aux:pass_rate_baixo"", ""punctuationDensity_spacy_baixo""]",3,8d00dad20870
0.088425925925925922,"[""DEP_advcl_rate_baixo"", ""DEP_ccomp_rate_baixo"", ""punctuationDensity_spacy_baixo""]",3,2ae518b1157e
0.084722222222222227,"[""DEP_advcl_rate_baixo"", ""DEP_cop_rate_baixo"", ""punctuationDensity_spacy_baixo""]",3,769365e38db5
0.082407407407407401,"[""DEP_nsubj:pass_rate_baixo"", ""punctuationDensity_spacy_baixo"", ""uppercaseRatio_baixo""]",3,2731723a6010
0.10671296296296297,"[""DEP_nummod_rate_baixo"", ""POS_NUM_rate_baixo"", ""punctuationDensity_spacy_baixo""]",3,410c214f6785
0.083333333333333329,"[""DEP_nsubj:pass_rate_baixo"", ""DEP_xcomp_rate_baixo"", ""punctuationDensity_spacy_baixo""]",3,b9626df065ec
0.083101851851851857,"[""DEP_advmod_rate_baixo"", ""POS_ADV_rate_baixo"", ""punctuationDensity_spacy_baixo""]",3,25d548ee03bf
0.092592592592592587,"[""DEP_acl:relcl_rate_baixo"", ""DEP_cop_rate_baixo"", ""punctuationDensity_spacy_baixo""]",3,a0d7e5840c60
0.098611111111111108,"[""DEP_acl:relcl_rate_baixo"", ""DEP_nsubj:pass_rate_baixo"", ""punctuationDensity_spacy_baixo""]",3,f16c6b9edfcb
0.090046296296296291,"[""DEP_acl:relcl_rate_baixo"", ""DEP_aux:pass_rate_baixo"", ""punctuationDensity_spacy_baixo""]",3,2bc0ad306a9e
0.082638888888888887,"[""DEP_acl:relcl_rate_baixo"", ""DEP_ccomp_rate_baixo"", ""punctuationDensity_spacy_baixo""]",3,946ecf3fd560
0.081944444444444445,"[""DEP_acl_rate_baixo"", ""DEP_nsubj:pass_rate_baixo"", ""punctuationDensity_spacy_baixo""]",3,f861ea62ead8
0.088425925925925922,"[""DEP_acl:relcl_rate_baixo"", ""POS_PRON_rate_baixo"", ""punctuationDensity_spacy_baixo""]",3,3f8cf2affce8
0.08009259259259259,"[""DEP_case_rate_alto"", ""POS_ADP_rate_alto"", ""punctuationDensity_spacy_baixo""]",3,6951065b5105
0.37407407407407406,"[""DEP_acl_rate_baixo"", ""DEP_nsubj:pass_rate_baixo""]",2,2ad08321beee
0.34259259259259262,"[""DEP_acl_rate_baixo"", ""DEP_aux:pass_rate_baixo""]",2,5b7f743fa869
0.3298611111111111,"[""DEP_acl_rate_baixo"", ""DEP_nummod_rate_baixo""]",2,32da6e436fe5
0.30208333333333331,"[""DEP_acl_rate_baixo"", ""DEP_ccomp_rate_baixo""]",2,10c7338a5fe3
0.30092592592592593,"[""DEP_acl_rate_baixo"", ""DEP_advcl_rate_baixo""]",2,226f253d39f9
0.28240740740740738,"[""DEP_acl_rate_baixo"", ""DEP_cop_rate_baixo""]",2,7f60a3d153f1
0.30648148148148147,"[""DEP_acl:relcl_rate_baixo"", ""DEP_acl_rate_baixo""]",2,74a2fd8261af
0.33935185185185185,"[""DEP_acl_rate_baixo"", ""DEP_aux:pass_rate_baixo"", ""DEP_nsubj:pass_rate_baixo""]",3,f089e707f300
0.24166666666666667,"[""DEP_acl_rate_baixo"", ""DEP_nsubj:pass_rate_baixo"", ""DEP_nummod_rate_baixo""]",3,ecc7131eedc7
0.22222222222222221,"[""DEP_acl_rate_baixo"", ""DEP_aux:pass_rate_baixo"", ""DEP_nummod_rate_baixo""]",3,e85d45d2c3c0
0.20578703703703705,"[""DEP_acl_rate_baixo"", ""DEP_ccomp_rate_baixo"", ""DEP_nsubj:pass_rate_baixo""]",3,4296154eabcc
0.19120370370370371,"[""DEP_acl_rate_baixo"", ""DEP_aux:pass_rate_baixo"", ""DEP_ccomp_rate_baixo""]",3,0cdd3229ebdc
0.1787037037037037,"[""DEP_acl_rate_baixo"", ""DEP_ccomp_rate_baixo"", ""DEP_nummod_rate_baixo""]",3,47dde36c4bb9
0.17083333333333334,"[""DEP_acl:relcl_rate_baixo"", ""DEP_acl_rate_baixo"", ""DEP_ccomp_rate_baixo""]",3,784b9de85f0d
0.21157407407407408,"[""DEP_acl_rate_baixo"", ""DEP_advcl_rate_baixo"", ""DEP_nsubj:pass_rate_baixo""]",3,1b6bff49e465
0.19722222222222222,"[""DEP_acl_rate_baixo"", ""DEP_advcl_rate_baixo"", ""DEP_aux:pass_rate_baixo""]",3,d05fab711a2b
0.18425925925925926,"[""DEP_acl_rate_baixo"", ""DEP_advcl_rate_baixo"", ""DEP_nummod_rate_baixo""]",3,1bd587101fb2
0.17523148148148149,"[""DEP_acl_rate_baixo"", ""DEP_advcl_rate_baixo"", ""DEP_ccomp_rate_baixo""]",3,0c61d717553b
0.16689814814814816,"[""DEP_acl:relcl_rate_baixo"", ""DEP_acl_rate_baixo"", ""DEP_advcl_rate_baixo""]",3,76830335fdc0
0.18912037037037038,"[""DEP_acl_rate_baixo"", ""DEP_cop_rate_baixo"", ""DEP_nsubj:pass_rate_baixo""]",3,434dce117f06
0.17407407407407408,"[""DEP_acl_rate_baixo"", ""DEP_cop_rate_baixo"", ""DEP_nummod_rate_baixo""]",3,a7d684554c55
0.17152777777777778,"[""DEP_acl_rate_baixo"", ""DEP_aux:pass_rate_baixo"", ""DEP_cop_rate_baixo""]",3,888e381d3605
0.17060185185185187,"[""DEP_acl_rate_baixo"", ""DEP_ccomp_rate_baixo"", ""DEP_cop_rate_baixo""]",3,7f4602c3bb45
0.16018518518518518,"[""DEP_acl_rate_baixo"", ""DEP_advcl_rate_baixo"", ""DEP_cop_rate_baixo""]",3,21db43c2e0c0
0.1789351851851852,"[""DEP_acl:relcl_rate_baixo"", ""DEP_acl_rate_baixo"", ""DEP_cop_rate_baixo""]",3,b92722e91341
0.21689814814814815,"[""DEP_acl:relcl_rate_baixo"", ""DEP_acl_rate_baixo"", ""DEP_nsubj:pass_rate_baixo""]",3,6d4053779d0c
0.19351851851851851,"[""DEP_acl:relcl_rate_baixo"", ""DEP_acl_rate_baixo"", ""DEP_nummod_rate_baixo""]",3,84ddefaef5ed
0.1986111111111111,"[""DEP_acl:relcl_rate_baixo"", ""DEP_acl_rate_baixo"", ""DEP_aux:pass_rate_baixo""]",3,a3c832cf27cc
0.19375000000000001,"[""DEP_flat:name_rate_baixo"", ""DEP_nsubj:pass_rate_baixo""]",2,b0355035de2f
0.17569444444444443,"[""DEP_aux:pass_rate_baixo"", ""DEP_flat:name_rate_baixo""]",2,ce55ebc8aa5c
0.15625,"[""DEP_ccomp_rate_baixo"", ""DEP_flat:name_rate_baixo""]",2,abd1ec373aa4
0.14953703703703702,"[""DEP_advcl_rate_baixo"", ""DEP_flat:name_rate_baixo""]",2,4544a6280e25
0.14328703703703705,"[""DEP_flat:name_rate_baixo"", ""DEP_nummod_rate_baixo""]",2,05db57834b08
0.1361111111111111,"[""DEP_cop_rate_baixo"", ""DEP_flat:name_rate_baixo""]",2,40fad5c33907
0.12986111111111112,"[""DEP_acl_rate_baixo"", ""DEP_flat:name_rate_baixo""]",2,26f1bba28c4c
0.10138888888888889,"[""DEP_flat:name_rate_baixo"", ""POS_NUM_rate_baixo""]",2,12667368cf9f
0.083333333333333329,"[""DEP_amod_rate_alto"", ""DEP_flat:name_rate_baixo""]",2,44022030ea77
0.082638888888888887,"[""DEP_cc_rate_alto"", ""DEP_flat:name_rate_baixo""]",2,1c6b7ebc7a6d
0.081712962962962959,"[""DEP_flat:name_rate_baixo"", ""POS_PRON_rate_alto""]",2,822722dca8fc
0.14143518518518519,"[""DEP_acl:relcl_rate_baixo"", ""DEP_flat:name_rate_baixo""]",2,1fb1fccce3a3
0.14120370370370369,"[""DEP_appos_rate_baixo"", ""DEP_flat:name_rate_baixo""]",2,43474717d4dd
0.11388888888888889,"[""DEP_flat:name_rate_baixo"", ""DEP_xcomp_rate_baixo""]",2,8703c61949ba
0.1337962962962963,"[""DEP_flat:name_rate_baixo"", ""uppercaseRatio_baixo""]",2,1b4a617d2cc7
0.090740740740740747,"[""DEP_flat:name_rate_baixo"", ""POS_ADV_rate_alto""]",2,c6349b387864
0.084722222222222227,"[""DEP_advmod_rate_alto"", ""DEP_flat:name_rate_baixo""]",2,e1d7b1511286
0.17407407407407408,"[""DEP_aux:pass_rate_baixo"", ""DEP_flat:name_rate_baixo"", ""DEP_nsubj:pass_rate_baixo""]",3,2e0a8126b7e9
0.11087962962962963,"[""DEP_ccomp_rate_baixo"", ""DEP_flat:name_rate_baixo"", ""DEP_nsubj:pass_rate_baixo""]",3,7e662fc5cf32
0.10162037037037037,"[""DEP_aux:pass_rate_baixo"", ""DEP_ccomp_rate_baixo"", ""DEP_flat:name_rate_baixo""]",3,8e29254e654a
0.10949074074074074,"[""DEP_advcl_rate_baixo"", ""DEP_flat:name_rate_baixo"", ""DEP_nsubj:pass_rate_baixo""]",3,997bb13115ce
0.10092592592592593,"[""DEP_advcl_rate_baixo"", ""DEP_aux:pass_rate_baixo"", ""DEP_flat:name_rate_baixo""]",3,c2146be73fe9
0.087499999999999994,"[""DEP_advcl_rate_baixo"", ""DEP_ccomp_rate_baixo"", ""DEP_flat:name_rate_baixo""]",3,09ba3f9d9617
0.10717592592592592,"[""DEP_flat:name_rate_baixo"", ""DEP_nsubj:pass_rate_baixo"", ""DEP_nummod_rate_baixo""]",3,857c418662d5
0.096990740740740738,"[""DEP_aux:pass_rate_baixo"", ""DEP_flat:name_rate_baixo"", ""DEP_nummod_rate_baixo""]",3,13615aae328a
0.09375,"[""DEP_cop_rate_baixo"", ""DEP_flat:name_rate_baixo"", ""DEP_nsubj:pass_rate_baixo""]",3,1ad445b80812
0.085185185185185183,"[""DEP_ccomp_rate_baixo"", ""DEP_cop_rate_baixo"", ""DEP_flat:name_rate_baixo""]",3,e38538018b06
0.084259259259259256,"[""DEP_aux:pass_rate_baixo"", ""DEP_cop_rate_baixo"", ""DEP_flat:name_rate_baixo""]",3,eeaf6f1490d9
0.092361111111111116,"[""DEP_acl_rate_baixo"", ""DEP_flat:name_rate_baixo"", ""DEP_nsubj:pass_rate_baixo""]",3,b48b78e5ffa3
0.08217592592592593,"[""DEP_acl_rate_baixo"", ""DEP_aux:pass_rate_baixo"", ""DEP_flat:name_rate_baixo""]",3,73248a76d925
0.10023148148148148,"[""DEP_flat:name_rate_baixo"", ""DEP_nummod_rate_baixo"", ""POS_NUM_rate_baixo""]",3,b06f813d03d2
0.10185185185185185,"[""DEP_acl:relcl_rate_baixo"", ""DEP_flat:name_rate_baixo"", ""DEP_nsubj:pass_rate_baixo""]",3,b364702722c8
0.092361111111111116,"[""DEP_acl:relcl_rate_baixo"", ""DEP_aux:pass_rate_baixo"", ""DEP_flat:name_rate_baixo""]",3,6804955c0118
0.08009259259259259,"[""DEP_acl:relcl_rate_baixo"", ""DEP_ccomp_rate_baixo"", ""DEP_flat:name_rate_baixo""]",3,6fcffa118923
0.10162037037037037,"[""DEP_appos_rate_baixo"", ""DEP_flat:name_rate_baixo"", ""DEP_nsubj:pass_rate_baixo""]",3,98fdd662134e
0.092824074074074073,"[""DEP_appos_rate_baixo"", ""DEP_aux:pass_rate_baixo"", ""DEP_flat:name_rate_baixo""]",3,583b5588e8a0
0.083101851851851857,"[""DEP_appos_rate_baixo"", ""DEP_ccomp_rate_baixo"", ""DEP_flat:name_rate_baixo""]",3,8ba87ddf9574
0.084027777777777785,"[""DEP_flat:name_rate_baixo"", ""DEP_nsubj:pass_rate_baixo"", ""DEP_xcomp_rate_baixo""]",3,1776522393b5
0.099537037037037035,"[""DEP_flat:name_rate_baixo"", ""DEP_nsubj:pass_rate_baixo"", ""uppercaseRatio_baixo""]",3,099078818d1a
0.090972222222222218,"[""DEP_aux:pass_rate_baixo"", ""DEP_flat:name_rate_baixo"", ""uppercaseRatio_baixo""]",3,d0c850fe0343
0.083101851851851857,"[""DEP_ccomp_rate_baixo"", ""DEP_flat:name_rate_baixo"", ""uppercaseRatio_baixo""]",3,f3ffac208280
0.19513888888888889,"[""DEP_nsubj:pass_rate_baixo"", ""POS_VERB_rate_alto""]",2,7c2f5a2452e1
0.18425925925925926,"[""DEP_nummod_rate_baixo"", ""POS_VERB_rate_alto""]",2,964f28da7d3e
0.17407407407407408,"[""DEP_aux:pass_rate_baixo"", ""POS_VERB_rate_alto""]",2,5229b930ad55
0.16851851851851851,"[""DEP_cop_rate_baixo"", ""POS_VERB_rate_alto""]",2,ccf376a6cdbe
0.13518518518518519,"[""POS_NUM_rate_baixo"", ""POS_VERB_rate_alto""]",2,fbf4877b8726
0.11666666666666667,"[""DEP_acl_rate_baixo"", ""POS_VERB_rate_alto""]",2,f117109025ce
0.10787037037037037,"[""DEP_advcl_rate_baixo"", ""POS_VERB_rate_alto""]",2,23914ba3f152
0.10208333333333333,"[""DEP_ccomp_rate_baixo"", ""POS_VERB_rate_alto""]",2,c37a0fb4f82f
0.096990740740740738,"[""POS_PRON_rate_alto"", ""POS_VERB_rate_alto""]",2,c7e8628ad1a8
0.083101851851851857,"[""DEP_flat:name_rate_baixo"", ""POS_VERB_rate_alto""]",2,796e85ecbf36
0.14328703703703705,"[""DEP_acl:relcl_rate_baixo"", ""POS_VERB_rate_alto""]",2,65dcb13c7a1c
0.12361111111111112,"[""DEP_obj_rate_alto"", ""POS_VERB_rate_alto""]",2,7a38844866c8
0.1011574074074074,"[""DEP_appos_rate_baixo"", ""POS_VERB_rate_alto""]",2,8cabe84f1f97
0.12986111111111112,"[""DEP_mark_rate_alto"", ""POS_VERB_rate_alto""]",2,24929cad6c96
0.1224537037037037,"[""POS_VERB_rate_alto"", ""uppercaseRatio_baixo""]",2,4e0594703585
0.11643518518518518,"[""DEP_advcl_rate_alto"", ""POS_VERB_rate_alto""]",2,d585abc03c01
0.087499999999999994,"[""DEP_advmod_rate_alto"", ""POS_VERB_rate_alto""]",2,064de20b3bf9
0.085185185185185183,"[""POS_ADV_rate_alto"", ""POS_VERB_rate_alto""]",2,bcc283e92c52
0.13796296296296295,"[""DEP_nsubj:pass_rate_baixo"", ""DEP_nummod_rate_baixo"", ""POS_VERB_rate_alto""]",3,dae9389ae9e4
0.17268518518518519,"[""DEP_aux:pass_rate_baixo"", ""DEP_nsubj:pass_rate_baixo"", ""POS_VERB_rate_alto""]",3,d53e41009977
0.12407407407407407,"[""DEP_aux:pass_rate_baixo"", ""DEP_nummod_rate_baixo"", ""POS_VERB_rate_alto""]",3,00c9d1c9b393
0.12407407407407407,"[""DEP_cop_rate_baixo"", ""DEP_nsubj:pass_rate_baixo"", ""POS_VERB_rate_alto""]",3,d4b272367a20
0.11736111111111111,"[""DEP_cop_rate_baixo"", ""DEP_nummod_rate_baixo"", ""POS_VERB_rate_alto""]",3,14c436a5b7c9
0.11064814814814815,"[""DEP_aux:pass_rate_baixo"", ""DEP_cop_rate_baixo"", ""POS_VERB_rate_alto""]",3,301c74bde1d5
0.13449074074074074,"[""DEP_nummod_rate_baixo"", ""POS_NUM_rate_baixo"", ""POS_VERB_rate_alto""]",3,ccc445cf952e
0.10138888888888889,"[""DEP_nsubj:pass_rate_baixo"", ""POS_NUM_rate_baixo"", ""POS_VERB_rate_alto""]",3,957e27eb5351
0.090740740740740747,"[""DEP_aux:pass_rate_baixo"", ""POS_NUM_rate_baixo"", ""POS_VERB_rate_alto""]",3,f1d909645bd9
0.084259259259259256,"[""DEP_cop_rate_baixo"", ""POS_NUM_rate_baixo"", ""POS_VERB_rate_alto""]",3,c345b436fd3c
0.085648148148148154,"[""DEP_acl_rate_baixo"", ""DEP_nsubj:pass_rate_baixo"", ""POS_VERB_rate_alto""]",3,9d8b074ad9f5
0.08217592592592593,"[""DEP_acl_rate_baixo"", ""DEP_nummod_rate_baixo"", ""POS_VERB_rate_alto""]",3,0df082531a5a
0.083101851851851857,"[""DEP_advcl_rate_baixo"", ""DEP_nsubj:pass_rate_baixo"", ""POS_VERB_rate_alto""]",3,2a5b077f7b9b
0.10694444444444444,"[""DEP_acl:relcl_rate_baixo"", ""DEP_nsubj:pass_rate_baixo"", ""POS_VERB_rate_alto""]",3,dfaf5fb35fc7
0.10462962962962963,"[""DEP_acl:relcl_rate_baixo"", ""DEP_nummod_rate_baixo"", ""POS_VERB_rate_alto""]",3,a86ad4d175de
0.093981481481481485,"[""DEP_acl:relcl_rate_baixo"", ""DEP_aux:pass_rate_baixo"", ""POS_VERB_rate_alto""]",3,a3472bfb7318
0.096064814814814811,"[""DEP_acl:relcl_rate_baixo"", ""DEP_cop_rate_baixo"", ""POS_VERB_rate_alto""]",3,394ec27a9181
0.10324074074074074,"[""DEP_nsubj:pass_rate_baixo"", ""DEP_obj_rate_alto"", ""POS_VERB_rate_alto""]",3,4f76f15a0b57
0.095370370370370369,"[""DEP_aux:pass_rate_baixo"", ""DEP_obj_rate_alto"", ""POS_VERB_rate_alto""]",3,c1b9ecb535c4
0.084953703703703698,"[""DEP_nummod_rate_baixo"", ""DEP_obj_rate_alto"", ""POS_VERB_rate_alto""]",3,b66d55a8ca31
0.088888888888888892,"[""DEP_cop_rate_baixo"", ""DEP_obj_rate_alto"", ""POS_VERB_rate_alto""]",3,16672c2612ea
0.097453703703703709,"[""DEP_mark_rate_alto"", ""DEP_nsubj:pass_rate_baixo"", ""POS_VERB_rate_alto""]",3,072acc2a3664
0.097222222222222224,"[""DEP_mark_rate_alto"", ""DEP_nummod_rate_baixo"", ""POS_VERB_rate_alto""]",3,1d29cb8b6c5c
0.085416666666666669,"[""DEP_aux:pass_rate_baixo"", ""DEP_mark_rate_alto"", ""POS_VERB_rate_alto""]",3,8391236fe4ff
0.093518518518518515,"[""DEP_nsubj:pass_rate_baixo"", ""POS_VERB_rate_alto"", ""uppercaseRatio_baixo""]",3,fa79869ad1f8
0.088888888888888892,"[""DEP_nummod_rate_baixo"", ""POS_VERB_rate_alto"", ""uppercaseRatio_baixo""]",3,0b2b1fb2b4f8
0.084027777777777785,"[""DEP_aux:pass_rate_baixo"", ""POS_VERB_rate_alto"", ""uppercaseRatio_baixo""]",3,87878b48a55f
0.085416666666666669,"[""DEP_advcl_rate_alto"", ""DEP_nsubj:pass_rate_baixo"", ""POS_VERB_rate_alto""]",3,f329ce39c96c
0.083564814814814814,"[""DEP_advcl_rate_alto"", ""DEP_nummod_rate_baixo"", ""POS_VERB_rate_alto""]",3,4d91ba6365df
0.19027777777777777,"[""DEP_nmod_rate_baixo"", ""DEP_nsubj:pass_rate_baixo""]",2,e837b582b6b4
0.17175925925925925,"[""DEP_aux:pass_rate_baixo"", ""DEP_nmod_rate_baixo""]",2,39b894a04afe
0.1701388888888889,"[""DEP_nmod_rate_baixo"", ""DEP_nummod_rate_baixo""]",2,7b87c8619190
0.13171296296296298,"[""DEP_nmod_rate_baixo"", ""POS_VERB_rate_alto""]",2,99b17e424818
0.12824074074074074,"[""DEP_acl_rate_baixo"", ""DEP_nmod_rate_baixo""]",2,a6d65a7e26e4
0.12546296296296297,"[""DEP_ccomp_rate_baixo"", ""DEP_nmod_rate_baixo""]",2,037d7bd91886
0.12337962962962963,"[""DEP_advcl_rate_baixo"", ""DEP_nmod_rate_baixo""]",2,f7c011bee33b
0.12106481481481482,"[""DEP_nmod_rate_baixo"", ""POS_NUM_rate_baixo""]",2,c35f75c15d23
0.11921296296296297,"[""DEP_cop_rate_baixo"", ""DEP_nmod_rate_baixo""]",2,200d29932e40
0.10833333333333334,"[""DEP_nmod_rate_baixo"", ""POS_PRON_rate_alto""]",2,ff40965b211a
0.088888888888888892,"[""DEP_cc_rate_alto"", ""DEP_nmod_rate_baixo""]",2,f2bf25f09df8
0.087499999999999994,"[""DEP_conj_rate_alto"", ""DEP_nmod_rate_baixo""]",2,e95ed5a80919
0.084953703703703698,"[""DEP_nmod_rate_baixo"", ""POS_CCONJ_rate_alto""]",2,674ff8a12e28
0.13148148148148148,"[""DEP_acl:relcl_rate_baixo"", ""DEP_nmod_rate_baixo""]",2,a06f588d4790
0.097916666666666666,"[""DEP_nmod_rate_baixo"", ""POS_DET_rate_alto""]",2,ccfb8a07cfd6
0.096296296296296297,"[""DEP_det_rate_alto"", ""DEP_nmod_rate_baixo""]",2,0e3157c91b30
0.09583333333333334,"[""DEP_nmod_rate_baixo"", ""DEP_obj_rate_alto""]",2,dc0f04c02a3a
0.092592592592592587,"[""DEP_cop_rate_alto"", ""DEP_nmod_rate_baixo""]",2,1fe7685d8207
0.085648148148148154,"[""DEP_appos_rate_baixo"", ""DEP_nmod_rate_baixo""]",2,64c68d636d3f
0.12962962962962962,"[""DEP_nmod_rate_baixo"", ""uppercaseRatio_baixo""]",2,6e48386bb063
0.11203703703703703,"[""DEP_mark_rate_alto"", ""DEP_nmod_rate_baixo""]",2,c941c68805c3
0.10972222222222222,"[""DEP_advmod_rate_alto"", ""DEP_nmod_rate_baixo""]",2,23a8e2593b2e
0.10810185185185185,"[""DEP_nmod_rate_baixo"", ""POS_ADV_rate_alto""]",2,4354f2ccef7a
0.096296296296296297,"[""DEP_advcl_rate_alto"", ""DEP_nmod_rate_baixo""]",2,8b9b3a82e497
0.10347222222222222,"[""DEP_nmod_rate_baixo"", ""DEP_xcomp_rate_baixo""]",2,5e3d39c371ec
0.17060185185185187,"[""DEP_aux:pass_rate_baixo"", ""DEP_nmod_rate_baixo"", ""DEP_nsubj:pass_rate_baixo""]",3,52804d3711bd
0.12800925925925927,"[""DEP_nmod_rate_baixo"", ""DEP_nsubj:pass_rate_baixo"", ""DEP_nummod_rate_baixo""]",3,bc0987dfd672
0.11574074074074074,"[""DEP_aux:pass_rate_baixo"", ""DEP_nmod_rate_baixo"", ""DEP_nummod_rate_baixo""]",3,430263b2fc02
0.09930555555555555,"[""DEP_nmod_rate_baixo"", ""DEP_nsubj:pass_rate_baixo"", ""POS_VERB_rate_alto""]",3,df51a141c29c
0.094212962962962957,"[""DEP_nmod_rate_baixo"", ""DEP_nummod_rate_baixo"", ""POS_VERB_rate_alto""]",3,70641fc4e5c5
0.088425925925925922,"[""DEP_aux:pass_rate_baixo"", ""DEP_nmod_rate_baixo"", ""POS_VERB_rate_alto""]",3,c76285db5212
0.094212962962962957,"[""DEP_acl_rate_baixo"", ""DEP_nmod_rate_baixo"", ""DEP_nsubj:pass_rate_baixo""]",3,6c3601a39f96
0.087962962962962965,"[""DEP_acl_rate_baixo"", ""DEP_nmod_rate_baixo"", ""DEP_nummod_rate_baixo""]",3,ba81a467f92f
0.084259259259259256,"[""DEP_acl_rate_baixo"", ""DEP_aux:pass_rate_baixo"", ""DEP_nmod_rate_baixo""]",3,4f1becb81d78
0.089120370370370364,"[""DEP_ccomp_rate_baixo"", ""DEP_nmod_rate_baixo"", ""DEP_nsubj:pass_rate_baixo""]",3,51abf2a7f992
0.081018518518518517,"[""DEP_aux:pass_rate_baixo"", ""DEP_ccomp_rate_baixo"", ""DEP_nmod_rate_baixo""]",3,e75ca0981030
0.092824074074074073,"[""DEP_advcl_rate_baixo"", ""DEP_nmod_rate_baixo"", ""DEP_nsubj:pass_rate_baixo""]",3,235fc6750dbd
0.085648148148148154,"[""DEP_advcl_rate_baixo"", ""DEP_aux:pass_rate_baixo"", ""DEP_nmod_rate_baixo""]",3,84082c7f3255
0.11990740740740741,"[""DEP_nmod_rate_baixo"", ""DEP_nummod_rate_baixo"", ""POS_NUM_rate_baixo""]",3,1e3c8ffe1127
0.091203703703703703,"[""DEP_nmod_rate_baixo"", ""DEP_nsubj:pass_rate_baixo"", ""POS_NUM_rate_baixo""]",3,420b3c4a5ab7
0.081944444444444445,"[""DEP_aux:pass_rate_baixo"", ""DEP_nmod_rate_baixo"", ""POS_NUM_rate_baixo""]",3,6085e4da012c
0.084259259259259256,"[""DEP_cop_rate_baixo"", ""DEP_nmod_rate_baixo"", ""DEP_nsubj:pass_rate_baixo""]",3,9f4807790d8f
0.084259259259259256,"[""DEP_nmod_rate_baixo"", ""DEP_nsubj:pass_rate_baixo"", ""POS_PRON_rate_alto""]",3,8ef085729e37
0.08009259259259259,"[""DEP_cc_rate_alto"", ""DEP_nmod_rate_baixo"", ""POS_CCONJ_rate_alto""]",3,56cf02c09699
0.098611111111111108,"[""DEP_acl:relcl_rate_baixo"", ""DEP_nmod_rate_baixo"", ""DEP_nsubj:pass_rate_baixo""]",3,c273ce39166d
0.089120370370370364,"[""DEP_acl:relcl_rate_baixo"", ""DEP_aux:pass_rate_baixo"", ""DEP_nmod_rate_baixo""]",3,4d4830779947
0.087037037037037038,"[""DEP_acl:relcl_rate_baixo"", ""DEP_nmod_rate_baixo"", ""DEP_nummod_rate_baixo""]",3,f1884b63dd32
0.090972222222222218,"[""DEP_det_rate_alto"", ""DEP_nmod_rate_baixo"", ""POS_DET_rate_alto""]",3,7dae3aca6c95
0.096527777777777782,"[""DEP_nmod_rate_baixo"", ""DEP_nsubj:pass_rate_baixo"", ""uppercaseRatio_baixo""]",3,5bdf011acab0
0.086805555555555552,"[""DEP_nmod_rate_baixo"", ""DEP_nummod_rate_baixo"", ""uppercaseRatio_baixo""]",3,b9937f10ab5f
0.08611111111111111,"[""DEP_aux:pass_rate_baixo"", ""DEP_nmod_rate_baixo"", ""uppercaseRatio_baixo""]",3,e46d0186a12d
0.085416666666666669,"[""DEP_mark_rate_alto"", ""DEP_nmod_rate_baixo"", ""DEP_nsubj:pass_rate_baixo""]",3,714b21f1cf23
0.081481481481481488,"[""DEP_advmod_rate_alto"", ""DEP_nmod_rate_baixo"", ""DEP_nsubj:pass_rate_baixo""]",3,9980f6c969d0
0.097453703703703709,"[""DEP_advmod_rate_alto"", ""DEP_nmod_rate_baixo"", ""POS_ADV_rate_alto""]",3,234646e33423
0.081018518518518517,"[""DEP_nmod_rate_baixo"", ""DEP_nsubj:pass_rate_baixo"", ""POS_ADV_rate_alto""]",3,befb02972e88
0.22199074074074074,"[""DEP_nsubj:pass_rate_baixo"", ""DEP_nsubj_rate_alto""]",2,d1280945c7ef
0.2048611111111111,"[""DEP_aux:pass_rate_baixo"", ""DEP_nsubj_rate_alto""]",2,ae7fc2704295
0.17986111111111111,"[""DEP_nsubj_rate_alto"", ""DEP_nummod_rate_baixo""]",2,3bf82ca7edc3
0.15902777777777777,"[""DEP_acl_rate_baixo"", ""DEP_nsubj_rate_alto""]",2,ed7f046adc1b
0.1537037037037037,"[""DEP_advcl_rate_baixo"", ""DEP_nsubj_rate_alto""]",2,1b699b615da4
0.12337962962962963,"[""DEP_nsubj_rate_alto"", ""POS_NUM_rate_baixo""]",2,912bba6796e7
0.11481481481481481,"[""DEP_nsubj_rate_alto"", ""POS_PRON_rate_alto""]",2,df96469c89b6
0.11157407407407408,"[""DEP_nsubj_rate_alto"", ""POS_VERB_rate_alto""]",2,e309be7937d3
0.11018518518518519,"[""DEP_cop_rate_baixo"", ""DEP_nsubj_rate_alto""]",2,a1ce79823b11
0.10462962962962963,"[""DEP_nmod_rate_baixo"", ""DEP_nsubj_rate_alto""]",2,0dc2dc5d36b1
0.096759259259259253,"[""DEP_ccomp_rate_baixo"", ""DEP_nsubj_rate_alto""]",2,145908f3b853
0.084722222222222227,"[""DEP_flat:name_rate_baixo"", ""DEP_nsubj_rate_alto""]",2,6a7363224a7f
0.11712962962962963,"[""DEP_acl:relcl_rate_baixo"", ""DEP_nsubj_rate_alto""]",2,786b28dcdb28
0.11550925925925926,"[""DEP_nsubj_rate_alto"", ""DEP_xcomp_rate_baixo""]",2,d40659cc13bc
0.096296296296296297,"[""DEP_mark_rate_alto"", ""DEP_nsubj_rate_alto""]",2,02644fe79d80
0.12083333333333333,"[""DEP_nsubj_rate_alto"", ""uppercaseRatio_baixo""]",2,ced2f5b33ba2
0.098148148148148151,"[""DEP_cop_rate_alto"", ""DEP_nsubj_rate_alto""]",2,63521e87c834
0.087499999999999994,"[""DEP_appos_rate_baixo"", ""DEP_nsubj_rate_alto""]",2,9c013717738d
0.084722222222222227,"[""DEP_nsubj_rate_alto"", ""DEP_obj_rate_alto""]",2,9fe16f85c0b2
0.080555555555555561,"[""DEP_det_rate_alto"", ""DEP_nsubj_rate_alto""]",2,230d2331f139
0.080555555555555561,"[""DEP_nsubj_rate_alto"", ""POS_DET_rate_alto""]",2,0303bd984ea2
0.089351851851851849,"[""DEP_cc_rate_baixo"", ""DEP_nsubj_rate_alto""]",2,3e14a07bbae4
0.084953703703703698,"[""DEP_nsubj_rate_alto"", ""POS_CCONJ_rate_baixo""]",2,89400a0e3f93
0.084259259259259256,"[""DEP_conj_rate_baixo"", ""DEP_nsubj_rate_alto""]",2,c33b2639495e
0.20416666666666666,"[""DEP_aux:pass_rate_baixo"", ""DEP_nsubj:pass_rate_baixo"", ""DEP_nsubj_rate_alto""]",3,1ac63e541cd7
0.15486111111111112,"[""DEP_nsubj:pass_rate_baixo"", ""DEP_nsubj_rate_alto"", ""DEP_nummod_rate_baixo""]",3,9c18ceeb8475
0.14351851851851852,"[""DEP_aux:pass_rate_baixo"", ""DEP_nsubj_rate_alto"", ""DEP_nummod_rate_baixo""]",3,67c14de02fcc
0.1361111111111111,"[""DEP_acl_rate_baixo"", ""DEP_nsubj:pass_rate_baixo"", ""DEP_nsubj_rate_alto""]",3,4ec255159ce2
0.12546296296296297,"[""DEP_acl_rate_baixo"", ""DEP_aux:pass_rate_baixo"", ""DEP_nsubj_rate_alto""]",3,6d88887bd964
0.11041666666666666,"[""DEP_acl_rate_baixo"", ""DEP_nsubj_rate_alto"", ""DEP_nummod_rate_baixo""]",3,2a35217ec6db
0.13263888888888889,"[""DEP_advcl_rate_baixo"", ""DEP_nsubj:pass_rate_baixo"", ""DEP_nsubj_rate_alto""]",3,06fac3e25806
0.12199074074074075,"[""DEP_advcl_rate_baixo"", ""DEP_aux:pass_rate_baixo"", ""DEP_nsubj_rate_alto""]",3,42cbe8aa8b8b
0.10416666666666667,"[""DEP_advcl_rate_baixo"", ""DEP_nsubj_rate_alto"", ""DEP_nummod_rate_baixo""]",3,437709c9e75b
0.091898148148148145,"[""DEP_acl_rate_baixo"", ""DEP_advcl_rate_baixo"", ""DEP_nsubj_rate_alto""]",3,873059a0ee17
0.12291666666666666,"[""DEP_nsubj_rate_alto"", ""DEP_nummod_rate_baixo"", ""POS_NUM_rate_baixo""]",3,0505fc0db330
0.10486111111111111,"[""DEP_nsubj:pass_rate_baixo"", ""DEP_nsubj_rate_alto"", ""POS_NUM_rate_baixo""]",3,2160c7b7c84e
0.095370370370370369,"[""DEP_aux:pass_rate_baixo"", ""DEP_nsubj_rate_alto"", ""POS_NUM_rate_baixo""]",3,452c17c2b4ad
0.10023148148148148,"[""DEP_nsubj:pass_rate_baixo"", ""DEP_nsubj_rate_alto"", ""POS_PRON_rate_alto""]",3,23e76cd151c7
0.093518518518518515,"[""DEP_aux:pass_rate_baixo"", ""DEP_nsubj_rate_alto"", ""POS_PRON_rate_alto""]",3,ae8accf0e5c0
0.084722222222222227,"[""DEP_nsubj_rate_alto"", ""DEP_nummod_rate_baixo"", ""POS_PRON_rate_alto""]",3,e50be2533fdf
0.092592592592592587,"[""DEP_nsubj:pass_rate_baixo"", ""DEP_nsubj_rate_alto"", ""POS_VERB_rate_alto""]",3,7e7fea1e501c
0.085185185185185183,"[""DEP_aux:pass_rate_baixo"", ""DEP_nsubj_rate_alto"", ""POS_VERB_rate_alto""]",3,f8dc7e2b893a
0.083101851851851857,"[""DEP_nsubj_rate_alto"", ""DEP_nummod_rate_baixo"", ""POS_VERB_rate_alto""]",3,df9649ae1330
0.094907407407407413,"[""DEP_cop_rate_baixo"", ""DEP_nsubj:pass_rate_baixo"", ""DEP_nsubj_rate_alto""]",3,5ddc90b0762e
0.089351851851851849,"[""DEP_aux:pass_rate_baixo"", ""DEP_cop_rate_baixo"", ""DEP_nsubj_rate_alto""]",3,97ae16bcca9a
0.08773148148148148,"[""DEP_nmod_rate_baixo"", ""DEP_nsubj:pass_rate_baixo"", ""DEP_nsubj_rate_alto""]",3,6aad5e69e72c
0.086805555555555552,"[""DEP_ccomp_rate_baixo"", ""DEP_nsubj:pass_rate_baixo"", ""DEP_nsubj_rate_alto""]",3,bfe7b86c2365
0.081250000000000003,"[""DEP_aux:pass_rate_baixo"", ""DEP_ccomp_rate_baixo"", ""DEP_nsubj_rate_alto""]",3,4b2964a8b51f
0.10347222222222222,"[""DEP_acl:relcl_rate_baixo"", ""DEP_nsubj:pass_rate_baixo"", ""DEP_nsubj_rate_alto""]",3,7b1c840ceeb3
0.09375,"[""DEP_acl:relcl_rate_baixo"", ""DEP_aux:pass_rate_baixo"", ""DEP_nsubj_rate_alto""]",3,5cb83f02f578
0.085879629629629625,"[""DEP_acl:relcl_rate_baixo"", ""DEP_nsubj_rate_alto"", ""DEP_nummod_rate_baixo""]",3,da9bcadf90b2
0.09930555555555555,"[""DEP_nsubj:pass_rate_baixo"", ""DEP_nsubj_rate_alto"", ""DEP_xcomp_rate_baixo""]",3,7db329f566f1
0.09375,"[""DEP_aux:pass_rate_baixo"", ""DEP_nsubj_rate_alto"", ""DEP_xcomp_rate_baixo""]",3,315067125de7
0.082870370370370372,"[""DEP_mark_rate_alto"", ""DEP_nsubj:pass_rate_baixo"", ""DEP_nsubj_rate_alto""]",3,6e2eac25749f
0.10439814814814814,"[""DEP_nsubj:pass_rate_baixo"", ""DEP_nsubj_rate_alto"", ""uppercaseRatio_baixo""]",3,02533c1b2057
0.096296296296296297,"[""DEP_aux:pass_rate_baixo"", ""DEP_nsubj_rate_alto"", ""uppercaseRatio_baixo""]",3,314e16238d2b
0.084722222222222227,"[""DEP_nsubj_rate_alto"", ""DEP_nummod_rate_baixo"", ""uppercaseRatio_baixo""]",3,875b5cccc69d
0.085879629629629625,"[""DEP_cop_rate_alto"", ""DEP_nsubj:pass_rate_baixo"", ""DEP_nsubj_rate_alto""]",3,a26e84f723cb
0.084259259259259256,"[""DEP_cc_rate_baixo"", ""DEP_nsubj_rate_alto"", ""POS_CCONJ_rate_baixo""]",3,e8ad5a231ad0
0.17175925925925925,"[""DEP_nsubj:pass_rate_baixo"", ""DEP_obl_rate_alto""]",2,02be62fcc7d9
0.16458333333333333,"[""DEP_ccomp_rate_baixo"", ""DEP_obl_rate_alto""]",2,974aa353137f
0.15740740740740741,"[""DEP_cop_rate_baixo"", ""DEP_obl_rate_alto""]",2,0db8d254221a
0.15578703703703703,"[""DEP_advcl_rate_baixo"", ""DEP_obl_rate_alto""]",2,70a68e20c997
0.15555555555555556,"[""DEP_aux:pass_rate_baixo"", ""DEP_obl_rate_alto""]",2,5bb6f5b18729
0.13981481481481481,"[""DEP_nummod_rate_baixo"", ""DEP_obl_rate_alto""]",2,7c9f40d2ec07
0.12939814814814815,"[""DEP_acl_rate_baixo"", ""DEP_obl_rate_alto""]",2,43d39b0a38f5
0.084722222222222227,"[""DEP_nmod_rate_baixo"", ""DEP_obl_rate_alto""]",2,c808b6e658f6
0.15324074074074073,"[""DEP_acl:relcl_rate_baixo"", ""DEP_obl_rate_alto""]",2,a48bf9fe5b71
0.13263888888888889,"[""DEP_obl_rate_alto"", ""DEP_xcomp_rate_baixo""]",2,821eae2b42e8
0.11782407407407407,"[""DEP_obl_rate_alto"", ""uppercaseRatio_baixo""]",2,7191ece6c1e1
0.1050925925925926,"[""DEP_obl_rate_alto"", ""POS_SCONJ_rate_baixo""]",2,0f2367785ed2
0.10324074074074074,"[""DEP_mark_rate_baixo"", ""DEP_obl_rate_alto""]",2,5e031c8b8f4d
0.087962962962962965,"[""DEP_advmod_rate_baixo"", ""DEP_obl_rate_alto""]",2,80d5cdd02aef
0.083101851851851857,"[""DEP_obl_rate_alto"", ""POS_PRON_rate_baixo""]",2,0f1b91d64de2
0.10138888888888889,"[""DEP_case_rate_alto"", ""DEP_obl_rate_alto""]",2,e77aad12da38
0.095370370370370369,"[""DEP_obj_rate_baixo"", ""DEP_obl_rate_alto""]",2,0c703fd73400
0.082870370370370372,"[""DEP_appos_rate_baixo"", ""DEP_obl_rate_alto""]",2,f6234f781900
0.085648148148148154,"[""DEP_cc_rate_baixo"", ""DEP_obl_rate_alto""]",2,6b420867fdb5
0.081250000000000003,"[""DEP_obl_rate_alto"", ""POS_CCONJ_rate_baixo""]",2,16905a76203f
0.08217592592592593,"[""DEP_nummod_rate_alto"", ""DEP_obl_rate_alto""]",2,4eb861143e05
0.10023148148148148,"[""DEP_obl_rate_alto"", ""POS_ADP_rate_alto""]",2,171b836a989d
0.1050925925925926,"[""DEP_ccomp_rate_baixo"", ""DEP_nsubj:pass_rate_baixo"", ""DEP_obl_rate_alto""]",3,76583d4a36d8
0.1076388888888889,"[""DEP_ccomp_rate_baixo"", ""DEP_cop_rate_baixo"", ""DEP_obl_rate_alto""]",3,e3235ed982ea
0.10300925925925926,"[""DEP_cop_rate_baixo"", ""DEP_nsubj:pass_rate_baixo"", ""DEP_obl_rate_alto""]",3,7f264c26b71c
0.10648148148148148,"[""DEP_advcl_rate_baixo"", ""DEP_nsubj:pass_rate_baixo"", ""DEP_obl_rate_alto""]",3,11fe1de5178b
0.10092592592592593,"[""DEP_advcl_rate_baixo"", ""DEP_ccomp_rate_baixo"", ""DEP_obl_rate_alto""]",3,ee0182ca4b71
0.096064814814814811,"[""DEP_advcl_rate_baixo"", ""DEP_cop_rate_baixo"", ""DEP_obl_rate_alto""]",3,47b8bb33fa38
0.15416666666666667,"[""DEP_aux:pass_rate_baixo"", ""DEP_nsubj:pass_rate_baixo"", ""DEP_obl_rate_alto""]",3,d5f433685a84
0.098842592592592593,"[""DEP_advcl_rate_baixo"", ""DEP_aux:pass_rate_baixo"", ""DEP_obl_rate_alto""]",3,b6a8a66f71fd
0.095138888888888884,"[""DEP_aux:pass_rate_baixo"", ""DEP_ccomp_rate_baixo"", ""DEP_obl_rate_alto""]",3,128984d25af1
0.092592592592592587,"[""DEP_aux:pass_rate_baixo"", ""DEP_cop_rate_baixo"", ""DEP_obl_rate_alto""]",3,30e1b8ffc337
0.097453703703703709,"[""DEP_nsubj:pass_rate_baixo"", ""DEP_nummod_rate_baixo"", ""DEP_obl_rate_alto""]",3,23d7d0d454f6
0.089583333333333334,"[""DEP_aux:pass_rate_baixo"", ""DEP_nummod_rate_baixo"", ""DEP_obl_rate_alto""]",3,307df951d5e7
0.085185185185185183,"[""DEP_ccomp_rate_baixo"", ""DEP_nummod_rate_baixo"", ""DEP_obl_rate_alto""]",3,07d673b4a874
0.084259259259259256,"[""DEP_cop_rate_baixo"", ""DEP_nummod_rate_baixo"", ""DEP_obl_rate_alto""]",3,87f0e25ac96e
0.082870370370370372,"[""DEP_advcl_rate_baixo"", ""DEP_nummod_rate_baixo"", ""DEP_obl_rate_alto""]",3,49a68217359c
0.084027777777777785,"[""DEP_acl:relcl_rate_baixo"", ""DEP_nummod_rate_baixo"", ""DEP_obl_rate_alto""]",3,da1e322af097
0.084722222222222227,"[""DEP_acl_rate_baixo"", ""DEP_nsubj:pass_rate_baixo"", ""DEP_obl_rate_alto""]",3,104a06adfc5e
0.081712962962962959,"[""DEP_acl_rate_baixo"", ""DEP_ccomp_rate_baixo"", ""DEP_obl_rate_alto""]",3,13c788b9887e
0.10532407407407407,"[""DEP_acl:relcl_rate_baixo"", ""DEP_nsubj:pass_rate_baixo"", ""DEP_obl_rate_alto""]",3,613f6320c6cc
0.10185185185185185,"[""DEP_acl:relcl_rate_baixo"", ""DEP_ccomp_rate_baixo"", ""DEP_obl_rate_alto""]",3,1ea3caa1f7d9
0.10023148148148148,"[""DEP_acl:relcl_rate_baixo"", ""DEP_cop_rate_baixo"", ""DEP_obl_rate_alto""]",3,42e42b9f5dea
0.094675925925925927,"[""DEP_acl:relcl_rate_baixo"", ""DEP_aux:pass_rate_baixo"", ""DEP_obl_rate_alto""]",3,27d92b09eb9d
0.090740740740740747,"[""DEP_acl:relcl_rate_baixo"", ""DEP_advcl_rate_baixo"", ""DEP_obl_rate_alto""]",3,b29b144f615f
0.092129629629629631,"[""DEP_ccomp_rate_baixo"", ""DEP_obl_rate_alto"", ""DEP_xcomp_rate_baixo""]",3,9f74c8af9b7f
0.087268518518518523,"[""DEP_nsubj:pass_rate_baixo"", ""DEP_obl_rate_alto"", ""DEP_xcomp_rate_baixo""]",3,c19a2f1c5f63
0.084490740740740741,"[""DEP_advcl_rate_baixo"", ""DEP_obl_rate_alto"", ""DEP_xcomp_rate_baixo""]",3,ab269bfafbe5
0.081481481481481488,"[""DEP_acl:relcl_rate_baixo"", ""DEP_obl_rate_alto"", ""DEP_xcomp_rate_baixo""]",3,da21fe0d1101
0.080787037037037032,"[""DEP_cop_rate_baixo"", ""DEP_obl_rate_alto"", ""DEP_xcomp_rate_baixo""]",3,0ba97779be8d
0.080324074074074076,"[""DEP_aux:pass_rate_baixo"", ""DEP_obl_rate_alto"", ""DEP_xcomp_rate_baixo""]",3,d467a44a702a
0.093287037037037043,"[""DEP_ccomp_rate_baixo"", ""DEP_obl_rate_alto"", ""POS_SCONJ_rate_baixo""]",3,097a62ba1033
0.082870370370370372,"[""DEP_advcl_rate_baixo"", ""DEP_obl_rate_alto"", ""POS_SCONJ_rate_baixo""]",3,06530c0685c1
0.098611111111111108,"[""DEP_mark_rate_baixo"", ""DEP_obl_rate_alto"", ""POS_SCONJ_rate_baixo""]",3,2407fc3612a5
0.091435185185185189,"[""DEP_ccomp_rate_baixo"", ""DEP_mark_rate_baixo"", ""DEP_obl_rate_alto""]",3,2da693458152
0.084027777777777785,"[""DEP_advcl_rate_baixo"", ""DEP_mark_rate_baixo"", ""DEP_obl_rate_alto""]",3,03534f636a1a
0.081481481481481488,"[""DEP_acl:relcl_rate_baixo"", ""DEP_obl_rate_alto"", ""POS_PRON_rate_baixo""]",3,b2197340b358
0.089351851851851849,"[""DEP_case_rate_alto"", ""DEP_obl_rate_alto"", ""POS_ADP_rate_alto""]",3,a8e25704f547
0.18425925925925926,"[""DEP_nsubj:pass_rate_baixo"", ""POS_PROPN_rate_baixo""]",2,bb049594081b
0.1699074074074074,"[""DEP_flat:name_rate_baixo"", ""POS_PROPN_rate_baixo""]",2,b35036e0977e
0.16666666666666666,"[""DEP_aux:pass_rate_baixo"", ""POS_PROPN_rate_baixo""]",2,9cd476a2ba68
0.15300925925925926,"[""DEP_ccomp_rate_baixo"", ""POS_PROPN_rate_baixo""]",2,598d49c28eff
0.1361111111111111,"[""DEP_nummod_rate_baixo"", ""POS_PROPN_rate_baixo""]",2,d7eb1a3978ac
0.13402777777777777,"[""DEP_advcl_rate_baixo"", ""POS_PROPN_rate_baixo""]",2,5cc5ac745d6e
0.12916666666666668,"[""DEP_cop_rate_baixo"", ""POS_PROPN_rate_baixo""]",2,78f868588850
0.11666666666666667,"[""DEP_acl_rate_baixo"", ""POS_PROPN_rate_baixo""]",2,a49e2a8641ec
0.097222222222222224,"[""POS_PRON_rate_alto"", ""POS_PROPN_rate_baixo""]",2,b5b6bc3bd146
0.096759259259259253,"[""POS_ADJ_rate_alto"", ""POS_PROPN_rate_baixo""]",2,96368f4b2562
0.096296296296296297,"[""DEP_amod_rate_alto"", ""POS_PROPN_rate_baixo""]",2,4c522f6f9c3a
0.093287037037037043,"[""POS_NUM_rate_baixo"", ""POS_PROPN_rate_baixo""]",2,5b2ab3146011
0.085648148148148154,"[""POS_PROPN_rate_baixo"", ""POS_VERB_rate_alto""]",2,20b6a590e518
0.081481481481481488,"[""DEP_nmod_rate_baixo"", ""POS_PROPN_rate_baixo""]",2,356d733f0f3e
0.1650462962962963,"[""POS_PROPN_rate_baixo"", ""uppercaseRatio_baixo""]",2,955c07a3d79c
0.13263888888888889,"[""DEP_appos_rate_baixo"", ""POS_PROPN_rate_baixo""]",2,f58e17a3e869
0.099074074074074078,"[""POS_ADV_rate_alto"", ""POS_PROPN_rate_baixo""]",2,3fe53cba3f08
0.096296296296296297,"[""DEP_advmod_rate_alto"", ""POS_PROPN_rate_baixo""]",2,372ba50a0c22
0.084490740740740741,"[""DEP_mark_rate_alto"", ""POS_PROPN_rate_baixo""]",2,6dd35b8e9ce4
0.082870370370370372,"[""DEP_case_rate_baixo"", ""POS_PROPN_rate_baixo""]",2,407d6a24352d
0.080555555555555561,"[""DEP_advcl_rate_alto"", ""POS_PROPN_rate_baixo""]",2,08b2af1b28bc
0.087268518518518523,"[""POS_DET_rate_alto"", ""POS_PROPN_rate_baixo""]",2,15dabdf6eac5
0.086574074074074067,"[""DEP_det_rate_alto"", ""POS_PROPN_rate_baixo""]",2,9d30618f571a
0.086574074074074067,"[""DEP_nummod_rate_alto"", ""POS_PROPN_rate_baixo""]",2,66899ddccf9f
0.12870370370370371,"[""POS_NOUN_rate_alto"", ""POS_PROPN_rate_baixo""]",2,3827d0dd8fe9
0.12430555555555556,"[""DEP_acl:relcl_rate_baixo"", ""POS_PROPN_rate_baixo""]",2,5e144da57ef5
0.10601851851851851,"[""DEP_xcomp_rate_baixo"", ""POS_PROPN_rate_baixo""]",2,a3cfb17e4f86
0.12523148148148147,"[""DEP_flat:name_rate_baixo"", ""DEP_nsubj:pass_rate_baixo"", ""POS_PROPN_rate_baixo""]",3,3519e82d3d19
0.1648148148148148,"[""DEP_aux:pass_rate_baixo"", ""DEP_nsubj:pass_rate_baixo"", ""POS_PROPN_rate_baixo""]",3,37e451cdf8ef
0.11296296296296296,"[""DEP_aux:pass_rate_baixo"", ""DEP_flat:name_rate_baixo"", ""POS_PROPN_rate_baixo""]",3,e5d13c835eff
0.10949074074074074,"[""DEP_ccomp_rate_baixo"", ""DEP_nsubj:pass_rate_baixo"", ""POS_PROPN_rate_baixo""]",3,c960adf8c108
0.1025462962962963,"[""DEP_ccomp_rate_baixo"", ""DEP_flat:name_rate_baixo"", ""POS_PROPN_rate_baixo""]",3,a313d4834ded
0.09976851851851852,"[""DEP_aux:pass_rate_baixo"", ""DEP_ccomp_rate_baixo"", ""POS_PROPN_rate_baixo""]",3,dd7ba930428c
0.10069444444444445,"[""DEP_ccomp_rate_baixo"", ""POS_PROPN_rate_baixo"", ""uppercaseRatio_baixo""]",3,14f2b18daa3c
0.10162037037037037,"[""DEP_nsubj:pass_rate_baixo"", ""DEP_nummod_rate_baixo"", ""POS_PROPN_rate_baixo""]",3,994f0fd78f05
0.092592592592592587,"[""DEP_aux:pass_rate_baixo"", ""DEP_nummod_rate_baixo"", ""POS_PROPN_rate_baixo""]",3,5bb1f3428347
0.087499999999999994,"[""DEP_flat:name_rate_baixo"", ""DEP_nummod_rate_baixo"", ""POS_PROPN_rate_baixo""]",3,c55b92043dc4
0.093518518518518515,"[""DEP_nummod_rate_baixo"", ""POS_PROPN_rate_baixo"", ""uppercaseRatio_baixo""]",3,6fe85a16d50b
0.098379629629629636,"[""DEP_advcl_rate_baixo"", ""DEP_nsubj:pass_rate_baixo"", ""POS_PROPN_rate_baixo""]",3,11dbb1a7e4a2
0.090740740740740747,"[""DEP_advcl_rate_baixo"", ""DEP_flat:name_rate_baixo"", ""POS_PROPN_rate_baixo""]",3,777437f6086f
0.090277777777777776,"[""DEP_advcl_rate_baixo"", ""DEP_aux:pass_rate_baixo"", ""POS_PROPN_rate_baixo""]",3,3d1e21870612
0.083333333333333329,"[""DEP_advcl_rate_baixo"", ""DEP_ccomp_rate_baixo"", ""POS_PROPN_rate_baixo""]",3,a18179aa18e0
0.084490740740740741,"[""DEP_advcl_rate_baixo"", ""POS_PROPN_rate_baixo"", ""uppercaseRatio_baixo""]",3,21b26f86c64a
0.091898148148148145,"[""DEP_cop_rate_baixo"", ""DEP_nsubj:pass_rate_baixo"", ""POS_PROPN_rate_baixo""]",3,8a0c07b967d9
0.08611111111111111,"[""DEP_cop_rate_baixo"", ""DEP_flat:name_rate_baixo"", ""POS_PROPN_rate_baixo""]",3,3e257a4f6812
0.083564814814814814,"[""DEP_ccomp_rate_baixo"", ""DEP_cop_rate_baixo"", ""POS_PROPN_rate_baixo""]",3,2e02faeb9436
0.083333333333333329,"[""DEP_aux:pass_rate_baixo"", ""DEP_cop_rate_baixo"", ""POS_PROPN_rate_baixo""]",3,0013203d6bc2
0.082638888888888887,"[""DEP_cop_rate_baixo"", ""POS_PROPN_rate_baixo"", ""uppercaseRatio_baixo""]",3,fc16fde90e87
0.084722222222222227,"[""DEP_acl_rate_baixo"", ""DEP_nsubj:pass_rate_baixo"", ""POS_PROPN_rate_baixo""]",3,2ae49cea64b4
0.092592592592592587,"[""DEP_nummod_rate_baixo"", ""POS_NUM_rate_baixo"", ""POS_PROPN_rate_baixo""]",3,f06178e15360
0.12106481481481482,"[""DEP_nsubj:pass_rate_baixo"", ""POS_PROPN_rate_baixo"", ""uppercaseRatio_baixo""]",3,1949a1f6475b
0.10972222222222222,"[""DEP_aux:pass_rate_baixo"", ""POS_PROPN_rate_baixo"", ""uppercaseRatio_baixo""]",3,7c486dbfb51c
0.10671296296296297,"[""DEP_flat:name_rate_baixo"", ""POS_PROPN_rate_baixo"", ""uppercaseRatio_baixo""]",3,2e6bac7c8ed9
0.096990740740740738,"[""DEP_appos_rate_baixo"", ""DEP_nsubj:pass_rate_baixo"", ""POS_PROPN_rate_baixo""]",3,6996a03662a0
0.096527777777777782,"[""DEP_appos_rate_baixo"", ""DEP_flat:name_rate_baixo"", ""POS_PROPN_rate_baixo""]",3,f4da929e7f6a
0.08819444444444445,"[""DEP_appos_rate_baixo"", ""DEP_aux:pass_rate_baixo"", ""POS_PROPN_rate_baixo""]",3,1b3f4f270812
0.08611111111111111,"[""DEP_appos_rate_baixo"", ""POS_PROPN_rate_baixo"", ""uppercaseRatio_baixo""]",3,8986c1ce5b2f
0.081018518518518517,"[""DEP_appos_rate_baixo"", ""DEP_ccomp_rate_baixo"", ""POS_PROPN_rate_baixo""]",3,29e809388687
0.083796296296296299,"[""DEP_advmod_rate_alto"", ""POS_ADV_rate_alto"", ""POS_PROPN_rate_baixo""]",3,76121fac8398
0.081944444444444445,"[""DEP_det_rate_alto"", ""POS_DET_rate_alto"", ""POS_PROPN_rate_baixo""]",3,ac34446aad38
0.095370370370370369,"[""DEP_nsubj:pass_rate_baixo"", ""POS_NOUN_rate_alto"", ""POS_PROPN_rate_baixo""]",3,63af8df0cdf8
0.089120370370370364,"[""DEP_aux:pass_rate_baixo"", ""POS_NOUN_rate_alto"", ""POS_PROPN_rate_baixo""]",3,40703d40146d
0.085416666666666669,"[""DEP_flat:name_rate_baixo"", ""POS_NOUN_rate_alto"", ""POS_PROPN_rate_baixo""]",3,2aebadd6645a
0.084027777777777785,"[""POS_NOUN_rate_alto"", ""POS_PROPN_rate_baixo"", ""uppercaseRatio_baixo""]",3,23e40fe6924d
0.085879629629629625,"[""DEP_ccomp_rate_baixo"", ""POS_NOUN_rate_alto"", ""POS_PROPN_rate_baixo""]",3,624c418f9284
0.088425925925925922,"[""DEP_acl:relcl_rate_baixo"", ""DEP_nsubj:pass_rate_baixo"", ""POS_PROPN_rate_baixo""]",3,abcc3f3c1821
0.081250000000000003,"[""DEP_acl:relcl_rate_baixo"", ""DEP_aux:pass_rate_baixo"", ""POS_PROPN_rate_baixo""]",3,48e227c5b599
0.084722222222222227,"[""DEP_acl:relcl_rate_baixo"", ""DEP_flat:name_rate_baixo"", ""POS_PROPN_rate_baixo""]",3,fcce2b7a6deb
0.44004629629629627,"[""DEP_acl:relcl_rate_baixo"", ""DEP_nsubj:pass_rate_baixo""]",2,462371b4d384
0.40277777777777779,"[""DEP_acl:relcl_rate_baixo"", ""DEP_aux:pass_rate_baixo""]",2,624ed1867c7e
0.37337962962962962,"[""DEP_acl:relcl_rate_baixo"", ""DEP_nummod_rate_baixo""]",2,3339c66a1062
0.39791666666666664,"[""DEP_acl:relcl_rate_baixo"", ""DEP_aux:pass_rate_baixo"", ""DEP_nsubj:pass_rate_baixo""]",3,ec989c2a7fb5
0.28032407407407406,"[""DEP_acl:relcl_rate_baixo"", ""DEP_nsubj:pass_rate_baixo"", ""DEP_nummod_rate_baixo""]",3,c63361c742cd
0.25624999999999998,"[""DEP_acl:relcl_rate_baixo"", ""DEP_aux:pass_rate_baixo"", ""DEP_nummod_rate_baixo""]",3,39509066983f
0.21597222222222223,"[""DEP_appos_rate_baixo"", ""DEP_nsubj:pass_rate_baixo""]",2,6703ebe12bd7
0.19722222222222222,"[""DEP_appos_rate_baixo"", ""DEP_aux:pass_rate_baixo""]",2,3324830bc065
0.17708333333333334,"[""DEP_appos_rate_baixo"", ""DEP_nummod_rate_baixo""]",2,15d5d22f5974
0.17407407407407408,"[""DEP_acl:relcl_rate_baixo"", ""DEP_appos_rate_baixo""]",2,1192bdc021f1
0.16041666666666668,"[""DEP_advcl_rate_baixo"", ""DEP_appos_rate_baixo""]",2,d362d6c245ca
0.13518518518518519,"[""DEP_appos_rate_baixo"", ""POS_NUM_rate_baixo""]",2,f0307ee3cd9f
0.16087962962962962,"[""DEP_appos_rate_baixo"", ""uppercaseRatio_baixo""]",2,39de9d96cecf
0.15833333333333333,"[""DEP_appos_rate_baixo"", ""DEP_cop_rate_baixo""]",2,a27d92bafa9b
0.13472222222222222,"[""DEP_appos_rate_baixo"", ""DEP_xcomp_rate_baixo""]",2,3d24adf396d4
0.082407407407407401,"[""DEP_advmod_rate_baixo"", ""DEP_appos_rate_baixo""]",2,a863112111aa
0.17592592592592593,"[""DEP_appos_rate_baixo"", ""DEP_ccomp_rate_baixo""]",2,f5014d49e99d
0.1587962962962963,"[""DEP_acl_rate_baixo"", ""DEP_appos_rate_baixo""]",2,8e5d89b2f177
0.086574074074074067,"[""DEP_appos_rate_baixo"", ""DEP_mark_rate_baixo""]",2,8a1c4109bcd1
0.085879629629629625,"[""DEP_appos_rate_baixo"", ""POS_SCONJ_rate_baixo""]",2,dd6aeedc7427
0.096064814814814811,"[""DEP_appos_rate_baixo"", ""POS_PRON_rate_baixo""]",2,5b658d58f3b6
0.19467592592592592,"[""DEP_appos_rate_baixo"", ""DEP_aux:pass_rate_baixo"", ""DEP_nsubj:pass_rate_baixo""]",3,cbfc7ace2c2a
0.12824074074074074,"[""DEP_appos_rate_baixo"", ""DEP_nsubj:pass_rate_baixo"", ""DEP_nummod_rate_baixo""]",3,5006f2f2b6c6
0.11712962962962963,"[""DEP_appos_rate_baixo"", ""DEP_aux:pass_rate_baixo"", ""DEP_nummod_rate_baixo""]",3,e6cca5da7c4e
0.12314814814814815,"[""DEP_acl:relcl_rate_baixo"", ""DEP_appos_rate_baixo"", ""DEP_nsubj:pass_rate_baixo""]",3,3d22de9fb07e
0.11180555555555556,"[""DEP_acl:relcl_rate_baixo"", ""DEP_appos_rate_baixo"", ""DEP_aux:pass_rate_baixo""]",3,86cb4fddf694
0.10092592592592593,"[""DEP_acl:relcl_rate_baixo"", ""DEP_appos_rate_baixo"", ""DEP_nummod_rate_baixo""]",3,6bfc9bd3b41e
0.10046296296296296,"[""DEP_acl:relcl_rate_baixo"", ""DEP_appos_rate_baixo"", ""DEP_ccomp_rate_baixo""]",3,fa2bd3662258
0.11319444444444444,"[""DEP_advcl_rate_baixo"", ""DEP_appos_rate_baixo"", ""DEP_nsubj:pass_rate_baixo""]",3,e003a3ba962c
0.10532407407407407,"[""DEP_advcl_rate_baixo"", ""DEP_appos_rate_baixo"", ""DEP_aux:pass_rate_baixo""]",3,f5a2826f655f
0.090972222222222218,"[""DEP_advcl_rate_baixo"", ""DEP_appos_rate_baixo"", ""DEP_nummod_rate_baixo""]",3,fb799e4b9ef6
0.086342592592592596,"[""DEP_acl:relcl_rate_baixo"", ""DEP_advcl_rate_baixo"", ""DEP_appos_rate_baixo""]",3,6f81f014de08
0.094907407407407413,"[""DEP_advcl_rate_baixo"", ""DEP_appos_rate_baixo"", ""DEP_ccomp_rate_baixo""]",3,a29118a6e14b
0.082870370370370372,"[""DEP_advcl_rate_baixo"", ""DEP_appos_rate_baixo"", ""uppercaseRatio_baixo""]",3,3ea54e63e4e9
0.13425925925925927,"[""DEP_appos_rate_baixo"", ""DEP_nummod_rate_baixo"", ""POS_NUM_rate_baixo""]",3,b65b591b6e88
0.097222222222222224,"[""DEP_appos_rate_baixo"", ""DEP_nsubj:pass_rate_baixo"", ""POS_NUM_rate_baixo""]",3,4757a5f0570d
0.089351851851851849,"[""DEP_appos_rate_baixo"", ""DEP_aux:pass_rate_baixo"", ""POS_NUM_rate_baixo""]",3,1090546bfc59
0.1162037037037037,"[""DEP_appos_rate_baixo"", ""DEP_nsubj:pass_rate_baixo"", ""uppercaseRatio_baixo""]",3,5a4bc52102df
0.10833333333333334,"[""DEP_appos_rate_baixo"", ""DEP_aux:pass_rate_baixo"", ""uppercaseRatio_baixo""]",3,115d941f992d
0.096064814814814811,"[""DEP_appos_rate_baixo"", ""DEP_nummod_rate_baixo"", ""uppercaseRatio_baixo""]",3,ae4325f87a82
0.097453703703703709,"[""DEP_appos_rate_baixo"", ""DEP_ccomp_rate_baixo"", ""uppercaseRatio_baixo""]",3,f2f009833ddd
0.087962962962962965,"[""DEP_acl:relcl_rate_baixo"", ""DEP_appos_rate_baixo"", ""uppercaseRatio_baixo""]",3,868fc59a021d
0.10717592592592592,"[""DEP_appos_rate_baixo"", ""DEP_cop_rate_baixo"", ""DEP_nsubj:pass_rate_baixo""]",3,ea50a98cccf5
0.096990740740740738,"[""DEP_appos_rate_baixo"", ""DEP_aux:pass_rate_baixo"", ""DEP_cop_rate_baixo""]",3,a824eb88e863
0.09375,"[""DEP_appos_rate_baixo"", ""DEP_cop_rate_baixo"", ""DEP_nummod_rate_baixo""]",3,4a59c190676c
0.094907407407407413,"[""DEP_acl:relcl_rate_baixo"", ""DEP_appos_rate_baixo"", ""DEP_cop_rate_baixo""]",3,f827ada5e4c9
0.081712962962962959,"[""DEP_advcl_rate_baixo"", ""DEP_appos_rate_baixo"", ""DEP_cop_rate_baixo""]",3,ac607b8b3743
0.09768518518518518,"[""DEP_appos_rate_baixo"", ""DEP_ccomp_rate_baixo"", ""DEP_cop_rate_baixo""]",3,c29800c71d2f
0.081250000000000003,"[""DEP_appos_rate_baixo"", ""DEP_cop_rate_baixo"", ""uppercaseRatio_baixo""]",3,e716010b056a
0.092824074074074073,"[""DEP_appos_rate_baixo"", ""DEP_nsubj:pass_rate_baixo"", ""DEP_xcomp_rate_baixo""]",3,32edfc8f3aaa
0.086574074074074067,"[""DEP_appos_rate_baixo"", ""DEP_aux:pass_rate_baixo"", ""DEP_xcomp_rate_baixo""]",3,b6deccbd7342
0.084490740740740741,"[""DEP_appos_rate_baixo"", ""DEP_ccomp_rate_baixo"", ""DEP_xcomp_rate_baixo""]",3,48ab4ef5e539
0.080555555555555561,"[""DEP_acl:relcl_rate_baixo"", ""DEP_appos_rate_baixo"", ""DEP_xcomp_rate_baixo""]",3,f93952afef24
0.12453703703703704,"[""DEP_appos_rate_baixo"", ""DEP_ccomp_rate_baixo"", ""DEP_nsubj:pass_rate_baixo""]",3,31a9625fb688
0.093518518518518515,"[""DEP_appos_rate_baixo"", ""DEP_ccomp_rate_baixo"", ""DEP_nummod_rate_baixo""]",3,439be5d8ca41
0.11597222222222223,"[""DEP_appos_rate_baixo"", ""DEP_aux:pass_rate_baixo"", ""DEP_ccomp_rate_baixo""]",3,443ec47fed3f
0.11180555555555556,"[""DEP_acl_rate_baixo"", ""DEP_appos_rate_baixo"", ""DEP_nsubj:pass_rate_baixo""]",3,1cbbdadf6509
0.091435185185185189,"[""DEP_acl_rate_baixo"", ""DEP_appos_rate_baixo"", ""DEP_nummod_rate_baixo""]",3,9b12a5606744
0.087499999999999994,"[""DEP_acl_rate_baixo"", ""DEP_appos_rate_baixo"", ""DEP_ccomp_rate_baixo""]",3,f39a5eadc1e5
0.084259259259259256,"[""DEP_acl:relcl_rate_baixo"", ""DEP_acl_rate_baixo"", ""DEP_appos_rate_baixo""]",3,d285b47956e6
0.083101851851851857,"[""DEP_acl_rate_baixo"", ""DEP_advcl_rate_baixo"", ""DEP_appos_rate_baixo""]",3,fadec2ff4535
0.1025462962962963,"[""DEP_acl_rate_baixo"", ""DEP_appos_rate_baixo"", ""DEP_aux:pass_rate_baixo""]",3,47cd722de739
0.082407407407407401,"[""DEP_acl_rate_baixo"", ""DEP_appos_rate_baixo"", ""uppercaseRatio_baixo""]",3,c2bb5736bf72
0.092129629629629631,"[""DEP_acl:relcl_rate_baixo"", ""DEP_appos_rate_baixo"", ""POS_PRON_rate_baixo""]",3,b56ead538ba7
0.2074074074074074,"[""DEP_cop_rate_alto"", ""DEP_nsubj:pass_rate_baixo""]",2,4f1436a6535d
0.19236111111111112,"[""DEP_aux:pass_rate_baixo"", ""DEP_cop_rate_alto""]",2,e375d7967a79
0.18587962962962962,"[""DEP_cop_rate_alto"", ""DEP_nummod_rate_baixo""]",2,a449e46cd40e
0.1587962962962963,"[""DEP_advcl_rate_baixo"", ""DEP_cop_rate_alto""]",2,85c25ad35cc1
0.15694444444444444,"[""DEP_acl:relcl_rate_baixo"", ""DEP_cop_rate_alto""]",2,203bca30282b
0.12986111111111112,"[""DEP_cop_rate_alto"", ""POS_NUM_rate_baixo""]",2,23ebdd63f707
0.089583333333333334,"[""DEP_appos_rate_baixo"", ""DEP_cop_rate_alto""]",2,101a86cc27c7
0.15300925925925926,"[""DEP_acl_rate_baixo"", ""DEP_cop_rate_alto""]",2,de579f657be8
0.14351851851851852,"[""DEP_ccomp_rate_baixo"", ""DEP_cop_rate_alto""]",2,48590cbc5b52
0.12685185185185185,"[""DEP_cop_rate_alto"", ""uppercaseRatio_baixo""]",2,b9a85e9fe122
0.089351851851851849,"[""DEP_cop_rate_alto"", ""POS_PRON_rate_alto""]",2,aff87d47b057
0.085185185185185183,"[""DEP_cc_rate_baixo"", ""DEP_cop_rate_alto""]",2,d22cb6034f75
0.082870370370370372,"[""DEP_cop_rate_alto"", ""POS_CCONJ_rate_baixo""]",2,7edb12dd89e2
0.098379629629629636,"[""DEP_cop_rate_alto"", ""POS_ADV_rate_alto""]",2,ff7136bf7a0e
0.093287037037037043,"[""DEP_advmod_rate_alto"", ""DEP_cop_rate_alto""]",2,4a219f9ae30f
0.090277777777777776,"[""DEP_cop_rate_alto"", ""DEP_mark_rate_alto""]",2,aac90270c6f8
0.08611111111111111,"[""DEP_advcl_rate_alto"", ""DEP_cop_rate_alto""]",2,f945ccab30e6
0.13263888888888889,"[""DEP_cop_rate_alto"", ""DEP_xcomp_rate_baixo""]",2,cfc20f210a92
0.18912037037037038,"[""DEP_aux:pass_rate_baixo"", ""DEP_cop_rate_alto"", ""DEP_nsubj:pass_rate_baixo""]",3,9839a41f4d4d
0.14537037037037037,"[""DEP_cop_rate_alto"", ""DEP_nsubj:pass_rate_baixo"", ""DEP_nummod_rate_baixo""]",3,1a8e20d12ede
0.13495370370370371,"[""DEP_aux:pass_rate_baixo"", ""DEP_cop_rate_alto"", ""DEP_nummod_rate_baixo""]",3,d13399d3c6c7
0.12384259259259259,"[""DEP_advcl_rate_baixo"", ""DEP_cop_rate_alto"", ""DEP_nsubj:pass_rate_baixo""]",3,9728834e0a63
0.11736111111111111,"[""DEP_advcl_rate_baixo"", ""DEP_aux:pass_rate_baixo"", ""DEP_cop_rate_alto""]",3,f919dcb70bab
0.11087962962962963,"[""DEP_advcl_rate_baixo"", ""DEP_cop_rate_alto"", ""DEP_nummod_rate_baixo""]",3,429697f667a3
0.12384259259259259,"[""DEP_acl:relcl_rate_baixo"", ""DEP_cop_rate_alto"", ""DEP_nsubj:pass_rate_baixo""]",3,0d270fd51d61
0.11458333333333333,"[""DEP_acl:relcl_rate_baixo"", ""DEP_aux:pass_rate_baixo"", ""DEP_cop_rate_alto""]",3,4f151e215711
0.10972222222222222,"[""DEP_acl:relcl_rate_baixo"", ""DEP_cop_rate_alto"", ""DEP_nummod_rate_baixo""]",3,3aa423ccafa5
0.088657407407407407,"[""DEP_acl:relcl_rate_baixo"", ""DEP_advcl_rate_baixo"", ""DEP_cop_rate_alto""]",3,81dd94426192
0.12824074074074074,"[""DEP_cop_rate_alto"", ""DEP_nummod_rate_baixo"", ""POS_NUM_rate_baixo""]",3,831fe6d0ee64
0.10046296296296296,"[""DEP_cop_rate_alto"", ""DEP_nsubj:pass_rate_baixo"", ""POS_NUM_rate_baixo""]",3,728348bb543e
0.091203703703703703,"[""DEP_aux:pass_rate_baixo"", ""DEP_cop_rate_alto"", ""POS_NUM_rate_baixo""]",3,8e0c3f9e2920
0.11736111111111111,"[""DEP_acl_rate_baixo"", ""DEP_cop_rate_alto"", ""DEP_nsubj:pass_rate_baixo""]",3,0614a8ee1c4a
0.10879629629629629,"[""DEP_acl_rate_baixo"", ""DEP_aux:pass_rate_baixo"", ""DEP_cop_rate_alto""]",3,7683cd91432c
0.10717592592592592,"[""DEP_acl_rate_baixo"", ""DEP_cop_rate_alto"", ""DEP_nummod_rate_baixo""]",3,19fbbbbab1a8
0.088888888888888892,"[""DEP_acl_rate_baixo"", ""DEP_advcl_rate_baixo"", ""DEP_cop_rate_alto""]",3,2d8b48abb775
0.084953703703703698,"[""DEP_acl:relcl_rate_baixo"", ""DEP_acl_rate_baixo"", ""DEP_cop_rate_alto""]",3,c7d46dfebdc7
0.10462962962962963,"[""DEP_ccomp_rate_baixo"", ""DEP_cop_rate_alto"", ""DEP_nsubj:pass_rate_baixo""]",3,32895c1001cb
0.098379629629629636,"[""DEP_aux:pass_rate_baixo"", ""DEP_ccomp_rate_baixo"", ""DEP_cop_rate_alto""]",3,ac43142491f3
0.093518518518518515,"[""DEP_ccomp_rate_baixo"", ""DEP_cop_rate_alto"", ""DEP_nummod_rate_baixo""]",3,e073a6fcb072
0.083333333333333329,"[""DEP_advcl_rate_baixo"", ""DEP_ccomp_rate_baixo"", ""DEP_cop_rate_alto""]",3,ca5f4f69e3c1
0.081944444444444445,"[""DEP_acl_rate_baixo"", ""DEP_ccomp_rate_baixo"", ""DEP_cop_rate_alto""]",3,66db6d1ab769
0.098842592592592593,"[""DEP_cop_rate_alto"", ""DEP_nsubj:pass_rate_baixo"", ""uppercaseRatio_baixo""]",3,1fdcbd3513c7
0.090509259259259262,"[""DEP_aux:pass_rate_baixo"", ""DEP_cop_rate_alto"", ""uppercaseRatio_baixo""]",3,6ae1b25a9f65
0.088425925925925922,"[""DEP_cop_rate_alto"", ""DEP_nummod_rate_baixo"", ""uppercaseRatio_baixo""]",3,ee2c0be92ffa
0.081712962962962959,"[""DEP_cc_rate_baixo"", ""DEP_cop_rate_alto"", ""POS_CCONJ_rate_baixo""]",3,0521081b7ed9
0.086342592592592596,"[""DEP_advmod_rate_alto"", ""DEP_cop_rate_alto"", ""POS_ADV_rate_alto""]",3,2a9dd64cde35
0.10486111111111111,"[""DEP_cop_rate_alto"", ""DEP_nsubj:pass_rate_baixo"", ""DEP_xcomp_rate_baixo""]",3,1cb9d815d571
0.098148148148148151,"[""DEP_aux:pass_rate_baixo"", ""DEP_cop_rate_alto"", ""DEP_xcomp_rate_baixo""]",3,c2bba13f48c5
0.090277777777777776,"[""DEP_cop_rate_alto"", ""DEP_nummod_rate_baixo"", ""DEP_xcomp_rate_baixo""]",3,b9152786ef29
0.084953703703703698,"[""DEP_advcl_rate_baixo"", ""DEP_cop_rate_alto"", ""DEP_xcomp_rate_baixo""]",3,234addfd22c5
0.08217592592592593,"[""DEP_acl:relcl_rate_baixo"", ""DEP_cop_rate_alto"", ""DEP_xcomp_rate_baixo""]",3,2d029901a6e4
0.20416666666666666,"[""DEP_nsubj:pass_rate_baixo"", ""POS_DET_rate_alto""]",2,ccac5afa7476
0.19166666666666668,"[""DEP_aux:pass_rate_baixo"", ""POS_DET_rate_alto""]",2,e360243bd821
0.1849537037037037,"[""DEP_nummod_rate_baixo"", ""POS_DET_rate_alto""]",2,02f2afefc0c8
0.14374999999999999,"[""DEP_acl:relcl_rate_baixo"", ""POS_DET_rate_alto""]",2,1057891cb87a
0.14212962962962963,"[""DEP_advcl_rate_baixo"", ""POS_DET_rate_alto""]",2,9de84193e7ff
0.13009259259259259,"[""POS_DET_rate_alto"", ""POS_NUM_rate_baixo""]",2,6ec6420dc172
0.092129629629629631,"[""DEP_flat:name_rate_baixo"", ""POS_DET_rate_alto""]",2,1f652462ddc4
0.088657407407407407,"[""DEP_appos_rate_baixo"", ""POS_DET_rate_alto""]",2,75be7511695e
0.082638888888888887,"[""DEP_obj_rate_alto"", ""POS_DET_rate_alto""]",2,c364396bbeb2
0.15393518518518517,"[""DEP_ccomp_rate_baixo"", ""POS_DET_rate_alto""]",2,a82ede5127ca
0.14189814814814813,"[""DEP_acl_rate_baixo"", ""POS_DET_rate_alto""]",2,72d10b5bbcd6
0.13287037037037036,"[""POS_DET_rate_alto"", ""uppercaseRatio_baixo""]",2,18ffe77fe9e3
0.125,"[""DEP_cop_rate_baixo"", ""POS_DET_rate_alto""]",2,0fe8fd142a76
0.08009259259259259,"[""DEP_advmod_rate_alto"", ""POS_DET_rate_alto""]",2,9162db5a4ab4
0.12430555555555556,"[""DEP_xcomp_rate_baixo"", ""POS_DET_rate_alto""]",2,196b31df33e9
0.081018518518518517,"[""DEP_cc_rate_baixo"", ""POS_DET_rate_alto""]",2,4fc83f8b9cef
0.18958333333333333,"[""DEP_aux:pass_rate_baixo"", ""DEP_nsubj:pass_rate_baixo"", ""POS_DET_rate_alto""]",3,bd6b0311c0b9
0.14976851851851852,"[""DEP_nsubj:pass_rate_baixo"", ""DEP_nummod_rate_baixo"", ""POS_DET_rate_alto""]",3,f5311721fc73
0.13981481481481481,"[""DEP_aux:pass_rate_baixo"", ""DEP_nummod_rate_baixo"", ""POS_DET_rate_alto""]",3,fea600e34043
0.11157407407407408,"[""DEP_acl:relcl_rate_baixo"", ""DEP_nsubj:pass_rate_baixo"", ""POS_DET_rate_alto""]",3,32f9ecb60a51
0.10578703703703704,"[""DEP_acl:relcl_rate_baixo"", ""DEP_aux:pass_rate_baixo"", ""POS_DET_rate_alto""]",3,9504b9712d98
0.10138888888888889,"[""DEP_acl:relcl_rate_baixo"", ""DEP_nummod_rate_baixo"", ""POS_DET_rate_alto""]",3,4d787a17c382
0.081712962962962959,"[""DEP_acl:relcl_rate_baixo"", ""DEP_ccomp_rate_baixo"", ""POS_DET_rate_alto""]",3,eeaa1e1d62e1
0.11226851851851852,"[""DEP_advcl_rate_baixo"", ""DEP_nsubj:pass_rate_baixo"", ""POS_DET_rate_alto""]",3,dee3a629cb9c
0.10671296296296297,"[""DEP_advcl_rate_baixo"", ""DEP_aux:pass_rate_baixo"", ""POS_DET_rate_alto""]",3,5851c54fbf81
0.10000000000000001,"[""DEP_advcl_rate_baixo"", ""DEP_nummod_rate_baixo"", ""POS_DET_rate_alto""]",3,0cfdb17f0633
0.085648148148148154,"[""DEP_advcl_rate_baixo"", ""DEP_ccomp_rate_baixo"", ""POS_DET_rate_alto""]",3,f75c7ae275b8
0.12847222222222221,"[""DEP_nummod_rate_baixo"", ""POS_DET_rate_alto"", ""POS_NUM_rate_baixo""]",3,f2416fd9a0e9
0.10393518518518519,"[""DEP_nsubj:pass_rate_baixo"", ""POS_DET_rate_alto"", ""POS_NUM_rate_baixo""]",3,b41f4e5bae0f
0.096527777777777782,"[""DEP_aux:pass_rate_baixo"", ""POS_DET_rate_alto"", ""POS_NUM_rate_baixo""]",3,115bdd9b6fbe
0.11805555555555555,"[""DEP_ccomp_rate_baixo"", ""DEP_nsubj:pass_rate_baixo"", ""POS_DET_rate_alto""]",3,866ff0e43b01
0.1050925925925926,"[""DEP_ccomp_rate_baixo"", ""DEP_nummod_rate_baixo"", ""POS_DET_rate_alto""]",3,1ba8f2362db7
0.11203703703703703,"[""DEP_aux:pass_rate_baixo"", ""DEP_ccomp_rate_baixo"", ""POS_DET_rate_alto""]",3,456a0d0d10ae
0.11273148148148149,"[""DEP_acl_rate_baixo"", ""DEP_nsubj:pass_rate_baixo"", ""POS_DET_rate_alto""]",3,e19580127b4b
0.10347222222222222,"[""DEP_acl_rate_baixo"", ""DEP_nummod_rate_baixo"", ""POS_DET_rate_alto""]",3,77d32112c790
0.083564814814814814,"[""DEP_acl_rate_baixo"", ""DEP_ccomp_rate_baixo"", ""POS_DET_rate_alto""]",3,a8eb414eb5ab
0.10648148148148148,"[""DEP_acl_rate_baixo"", ""DEP_aux:pass_rate_baixo"", ""POS_DET_rate_alto""]",3,223931bc2446
0.10277777777777777,"[""DEP_nsubj:pass_rate_baixo"", ""POS_DET_rate_alto"", ""uppercaseRatio_baixo""]",3,8d3553cec288
0.09583333333333334,"[""DEP_nummod_rate_baixo"", ""POS_DET_rate_alto"", ""uppercaseRatio_baixo""]",3,e596a6e23cef
0.08217592592592593,"[""DEP_ccomp_rate_baixo"", ""POS_DET_rate_alto"", ""uppercaseRatio_baixo""]",3,21f2ac1db5b0
0.09583333333333334,"[""DEP_aux:pass_rate_baixo"", ""POS_DET_rate_alto"", ""uppercaseRatio_baixo""]",3,03c860d2dede
0.094907407407407413,"[""DEP_cop_rate_baixo"", ""DEP_nsubj:pass_rate_baixo"", ""POS_DET_rate_alto""]",3,160c474090e1
0.088425925925925922,"[""DEP_cop_rate_baixo"", ""DEP_nummod_rate_baixo"", ""POS_DET_rate_alto""]",3,6788de784b22
0.089120370370370364,"[""DEP_aux:pass_rate_baixo"", ""DEP_cop_rate_baixo"", ""POS_DET_rate_alto""]",3,e2506176fe5e
0.085416666666666669,"[""DEP_nummod_rate_baixo"", ""DEP_xcomp_rate_baixo"", ""POS_DET_rate_alto""]",3,2ce5797f821a
0.097222222222222224,"[""DEP_nsubj:pass_rate_baixo"", ""DEP_xcomp_rate_baixo"", ""POS_DET_rate_alto""]",3,a652842bb9f5
0.093981481481481485,"[""DEP_aux:pass_rate_baixo"", ""DEP_xcomp_rate_baixo"", ""POS_DET_rate_alto""]",3,2d1c28eaa6c9
0.24074074074074073,"[""DEP_det_rate_alto"", ""POS_DET_rate_alto""]",2,2d6028b93eb0
0.20231481481481481,"[""DEP_det_rate_alto"", ""DEP_nsubj:pass_rate_baixo""]",2,fe5223a9cf6e
0.19097222222222221,"[""DEP_aux:pass_rate_baixo"", ""DEP_det_rate_alto""]",2,dbf4e6989032
0.18541666666666667,"[""DEP_det_rate_alto"", ""DEP_nummod_rate_baixo""]",2,2ef4f15972e4
0.14537037037037037,"[""DEP_acl:relcl_rate_baixo"", ""DEP_det_rate_alto""]",2,9bb517fd8f64
0.14328703703703705,"[""DEP_advcl_rate_baixo"", ""DEP_det_rate_alto""]",2,dae161bc3749
0.12893518518518518,"[""DEP_det_rate_alto"", ""POS_NUM_rate_baixo""]",2,851a8a6b50ec
0.089583333333333334,"[""DEP_det_rate_alto"", ""DEP_flat:name_rate_baixo""]",2,92408d8174e2
0.087962962962962965,"[""DEP_appos_rate_baixo"", ""DEP_det_rate_alto""]",2,3a21dbf7e4c5
0.082870370370370372,"[""DEP_det_rate_alto"", ""DEP_obj_rate_alto""]",2,8364be028898
0.15277777777777779,"[""DEP_ccomp_rate_baixo"", ""DEP_det_rate_alto""]",2,38bad937d5cf
0.14027777777777778,"[""DEP_acl_rate_baixo"", ""DEP_det_rate_alto""]",2,74f11af05d0b
0.13287037037037036,"[""DEP_det_rate_alto"", ""uppercaseRatio_baixo""]",2,7ac70141e6b2
0.12337962962962963,"[""DEP_cop_rate_baixo"", ""DEP_det_rate_alto""]",2,073012446974
0.08009259259259259,"[""DEP_det_rate_alto"", ""POS_ADV_rate_alto""]",2,f68c8b61ca3d
0.12222222222222222,"[""DEP_det_rate_alto"", ""DEP_xcomp_rate_baixo""]",2,3bb91aacfaec
0.08009259259259259,"[""DEP_cc_rate_baixo"", ""DEP_det_rate_alto""]",2,ed3ac7e2ef87
0.18958333333333333,"[""DEP_det_rate_alto"", ""DEP_nsubj:pass_rate_baixo"", ""POS_DET_rate_alto""]",3,edf5d2ecc4d3
0.18819444444444444,"[""DEP_aux:pass_rate_baixo"", ""DEP_det_rate_alto"", ""DEP_nsubj:pass_rate_baixo""]",3,dc4fd7bdf304
0.1787037037037037,"[""DEP_aux:pass_rate_baixo"", ""DEP_det_rate_alto"", ""POS_DET_rate_alto""]",3,e503ba21bd0f
0.17129629629629631,"[""DEP_det_rate_alto"", ""DEP_nummod_rate_baixo"", ""POS_DET_rate_alto""]",3,ada2ccebdf76
0.14837962962962964,"[""DEP_det_rate_alto"", ""DEP_nsubj:pass_rate_baixo"", ""DEP_nummod_rate_baixo""]",3,db1daf34cfc2
0.13958333333333334,"[""DEP_aux:pass_rate_baixo"", ""DEP_det_rate_alto"", ""DEP_nummod_rate_baixo""]",3,fb9a839204d4
0.13263888888888889,"[""DEP_acl:relcl_rate_baixo"", ""DEP_det_rate_alto"", ""POS_DET_rate_alto""]",3,b020ba60c718
0.11273148148148149,"[""DEP_acl:relcl_rate_baixo"", ""DEP_det_rate_alto"", ""DEP_nsubj:pass_rate_baixo""]",3,e280ce58b6bc
0.10740740740740741,"[""DEP_acl:relcl_rate_baixo"", ""DEP_aux:pass_rate_baixo"", ""DEP_det_rate_alto""]",3,b4e179f619c3
0.10324074074074074,"[""DEP_acl:relcl_rate_baixo"", ""DEP_det_rate_alto"", ""DEP_nummod_rate_baixo""]",3,da748b9d73d8
0.081018518518518517,"[""DEP_acl:relcl_rate_baixo"", ""DEP_ccomp_rate_baixo"", ""DEP_det_rate_alto""]",3,54f097eedc15
0.13148148148148148,"[""DEP_advcl_rate_baixo"", ""DEP_det_rate_alto"", ""POS_DET_rate_alto""]",3,e08b700b2331
0.11319444444444444,"[""DEP_advcl_rate_baixo"", ""DEP_det_rate_alto"", ""DEP_nsubj:pass_rate_baixo""]",3,45e97bf6a41d
0.10810185185185185,"[""DEP_advcl_rate_baixo"", ""DEP_aux:pass_rate_baixo"", ""DEP_det_rate_alto""]",3,967618d04d61
0.10208333333333333,"[""DEP_advcl_rate_baixo"", ""DEP_det_rate_alto"", ""DEP_nummod_rate_baixo""]",3,f386f4cf2691
0.084722222222222227,"[""DEP_advcl_rate_baixo"", ""DEP_ccomp_rate_baixo"", ""DEP_det_rate_alto""]",3,ae3eee46361e
0.12777777777777777,"[""DEP_det_rate_alto"", ""DEP_nummod_rate_baixo"", ""POS_NUM_rate_baixo""]",3,c43c61bfb700
0.12037037037037036,"[""DEP_det_rate_alto"", ""POS_DET_rate_alto"", ""POS_NUM_rate_baixo""]",3,174952ad4dcb
0.10300925925925926,"[""DEP_det_rate_alto"", ""DEP_nsubj:pass_rate_baixo"", ""POS_NUM_rate_baixo""]",3,eade14be7f06
0.09583333333333334,"[""DEP_aux:pass_rate_baixo"", ""DEP_det_rate_alto"", ""POS_NUM_rate_baixo""]",3,4f8f98413cf5
0.085416666666666669,"[""DEP_det_rate_alto"", ""DEP_flat:name_rate_baixo"", ""POS_DET_rate_alto""]",3,bcca157ade0b
0.08217592592592593,"[""DEP_appos_rate_baixo"", ""DEP_det_rate_alto"", ""POS_DET_rate_alto""]",3,38cb72d140a1
0.14097222222222222,"[""DEP_ccomp_rate_baixo"", ""DEP_det_rate_alto"", ""POS_DET_rate_alto""]",3,bdc98f0596a3
0.11712962962962963,"[""DEP_ccomp_rate_baixo"", ""DEP_det_rate_alto"", ""DEP_nsubj:pass_rate_baixo""]",3,5a6a7c6ba446
0.10347222222222222,"[""DEP_ccomp_rate_baixo"", ""DEP_det_rate_alto"", ""DEP_nummod_rate_baixo""]",3,cefc0005d824
0.11157407407407408,"[""DEP_aux:pass_rate_baixo"", ""DEP_ccomp_rate_baixo"", ""DEP_det_rate_alto""]",3,6003791b6474
0.13078703703703703,"[""DEP_acl_rate_baixo"", ""DEP_det_rate_alto"", ""POS_DET_rate_alto""]",3,b7d9f832f756
0.11041666666666666,"[""DEP_acl_rate_baixo"", ""DEP_det_rate_alto"", ""DEP_nsubj:pass_rate_baixo""]",3,ce18607d8399
0.10324074074074074,"[""DEP_acl_rate_baixo"", ""DEP_det_rate_alto"", ""DEP_nummod_rate_baixo""]",3,e202e519bbaa
0.083101851851851857,"[""DEP_acl_rate_baixo"", ""DEP_ccomp_rate_baixo"", ""DEP_det_rate_alto""]",3,fe71fe984d16
0.10416666666666667,"[""DEP_acl_rate_baixo"", ""DEP_aux:pass_rate_baixo"", ""DEP_det_rate_alto""]",3,b244b465d969
0.12222222222222222,"[""DEP_det_rate_alto"", ""POS_DET_rate_alto"", ""uppercaseRatio_baixo""]",3,14a94956de86
0.10208333333333333,"[""DEP_det_rate_alto"", ""DEP_nsubj:pass_rate_baixo"", ""uppercaseRatio_baixo""]",3,fa1b64ba7581
0.096990740740740738,"[""DEP_det_rate_alto"", ""DEP_nummod_rate_baixo"", ""uppercaseRatio_baixo""]",3,4a3cf662f5c2
0.096296296296296297,"[""DEP_aux:pass_rate_baixo"", ""DEP_det_rate_alto"", ""uppercaseRatio_baixo""]",3,3bc3359ffd3a
0.11412037037037037,"[""DEP_cop_rate_baixo"", ""DEP_det_rate_alto"", ""POS_DET_rate_alto""]",3,bf84960f49f5
0.092824074074074073,"[""DEP_cop_rate_baixo"", ""DEP_det_rate_alto"", ""DEP_nsubj:pass_rate_baixo""]",3,3995b391644c
0.086805555555555552,"[""DEP_cop_rate_baixo"", ""DEP_det_rate_alto"", ""DEP_nummod_rate_baixo""]",3,9df872589eb3
0.087962962962962965,"[""DEP_aux:pass_rate_baixo"", ""DEP_cop_rate_baixo"", ""DEP_det_rate_alto""]",3,8a6edba43dbc
0.11435185185185186,"[""DEP_det_rate_alto"", ""DEP_xcomp_rate_baixo"", ""POS_DET_rate_alto""]",3,1d7726461bee
0.084027777777777785,"[""DEP_det_rate_alto"", ""DEP_nummod_rate_baixo"", ""DEP_xcomp_rate_baixo""]",3,5d1a3a10127a
0.094444444444444442,"[""DEP_det_rate_alto"", ""DEP_nsubj:pass_rate_baixo"", ""DEP_xcomp_rate_baixo""]",3,3e9f4760aa11
0.09166666666666666,"[""DEP_aux:pass_rate_baixo"", ""DEP_det_rate_alto"", ""DEP_xcomp_rate_baixo""]",3,9e6eaaf784c8
0.18240740740740741,"[""DEP_nsubj:pass_rate_baixo"", ""POS_NOUN_rate_baixo""]",2,061e8401045b
0.16574074074074074,"[""DEP_aux:pass_rate_baixo"", ""POS_NOUN_rate_baixo""]",2,b390a9fc7307
0.16458333333333333,"[""DEP_nummod_rate_baixo"", ""POS_NOUN_rate_baixo""]",2,ea0b52930696
0.14953703703703702,"[""DEP_acl:relcl_rate_baixo"", ""POS_NOUN_rate_baixo""]",2,37020467cfdf
0.13750000000000001,"[""DEP_advcl_rate_baixo"", ""POS_NOUN_rate_baixo""]",2,2bf6f341b799
0.10578703703703704,"[""POS_NOUN_rate_baixo"", ""POS_NUM_rate_baixo""]",2,88bbe028e7b5
0.10277777777777777,"[""DEP_case_rate_baixo"", ""POS_NOUN_rate_baixo""]",2,32a17a5d4eaa
0.10277777777777777,"[""DEP_nmod_rate_baixo"", ""POS_NOUN_rate_baixo""]",2,0c9d8ff5765c
0.084953703703703698,"[""POS_NOUN_rate_baixo"", ""POS_VERB_rate_alto""]",2,987f8704676d
0.081712962962962959,"[""DEP_cop_rate_alto"", ""POS_NOUN_rate_baixo""]",2,ab2e7dfc73f6
0.093981481481481485,"[""DEP_advmod_rate_alto"", ""POS_NOUN_rate_baixo""]",2,ac964864f493
0.09375,"[""POS_ADV_rate_alto"", ""POS_NOUN_rate_baixo""]",2,d739ad61849f
0.092592592592592587,"[""POS_NOUN_rate_baixo"", ""uppercaseRatio_baixo""]",2,644e02e64f5c
0.087499999999999994,"[""DEP_mark_rate_alto"", ""POS_NOUN_rate_baixo""]",2,82274f161c07
0.086805555555555552,"[""POS_NOUN_rate_baixo"", ""POS_PRON_rate_alto""]",2,ae41397de7f6
0.081250000000000003,"[""DEP_advcl_rate_alto"", ""POS_NOUN_rate_baixo""]",2,1525a3bc1939
0.14560185185185184,"[""DEP_acl_rate_baixo"", ""POS_NOUN_rate_baixo""]",2,1ee4edc749b5
0.13240740740740742,"[""DEP_ccomp_rate_baixo"", ""POS_NOUN_rate_baixo""]",2,973019574b1f
0.12708333333333333,"[""DEP_cop_rate_baixo"", ""POS_NOUN_rate_baixo""]",2,4d440061018b
0.11064814814814815,"[""DEP_xcomp_rate_baixo"", ""POS_NOUN_rate_baixo""]",2,fe781eb53e59
0.10810185185185185,"[""DEP_flat:name_rate_alto"", ""POS_NOUN_rate_baixo""]",2,5379782501a8
0.087499999999999994,"[""POS_AUX_rate_alto"", ""POS_NOUN_rate_baixo""]",2,7512dde199d8
0.16365740740740742,"[""DEP_aux:pass_rate_baixo"", ""DEP_nsubj:pass_rate_baixo"", ""POS_NOUN_rate_baixo""]",3,4bf25eb09aed
0.12013888888888889,"[""DEP_nsubj:pass_rate_baixo"", ""DEP_nummod_rate_baixo"", ""POS_NOUN_rate_baixo""]",3,6a3ef3f7a610
0.10972222222222222,"[""DEP_aux:pass_rate_baixo"", ""DEP_nummod_rate_baixo"", ""POS_NOUN_rate_baixo""]",3,26e523815d45
0.10578703703703704,"[""DEP_acl:relcl_rate_baixo"", ""DEP_nsubj:pass_rate_baixo"", ""POS_NOUN_rate_baixo""]",3,fa252efbb22c
0.095138888888888884,"[""DEP_acl:relcl_rate_baixo"", ""DEP_aux:pass_rate_baixo"", ""POS_NOUN_rate_baixo""]",3,5d27d1d7e4e6
0.094675925925925927,"[""DEP_acl:relcl_rate_baixo"", ""DEP_nummod_rate_baixo"", ""POS_NOUN_rate_baixo""]",3,e8042af27f6c
0.10069444444444445,"[""DEP_advcl_rate_baixo"", ""DEP_nsubj:pass_rate_baixo"", ""POS_NOUN_rate_baixo""]",3,c7158a7d11e0
0.093518518518518515,"[""DEP_advcl_rate_baixo"", ""DEP_aux:pass_rate_baixo"", ""POS_NOUN_rate_baixo""]",3,7c491a23c75b
0.084953703703703698,"[""DEP_advcl_rate_baixo"", ""DEP_nummod_rate_baixo"", ""POS_NOUN_rate_baixo""]",3,0431c9ba2a30
0.10439814814814814,"[""DEP_nummod_rate_baixo"", ""POS_NOUN_rate_baixo"", ""POS_NUM_rate_baixo""]",3,3ca5ea287759
0.084722222222222227,"[""DEP_advmod_rate_alto"", ""POS_ADV_rate_alto"", ""POS_NOUN_rate_baixo""]",3,6547cf7b5dc6
0.10231481481481482,"[""DEP_acl_rate_baixo"", ""DEP_nsubj:pass_rate_baixo"", ""POS_NOUN_rate_baixo""]",3,a37c895018b3
0.093287037037037043,"[""DEP_acl_rate_baixo"", ""DEP_aux:pass_rate_baixo"", ""POS_NOUN_rate_baixo""]",3,91a8cd9d5349
0.095601851851851855,"[""DEP_acl_rate_baixo"", ""DEP_nummod_rate_baixo"", ""POS_NOUN_rate_baixo""]",3,0bbf34793dd0
0.080324074074074076,"[""DEP_acl:relcl_rate_baixo"", ""DEP_acl_rate_baixo"", ""POS_NOUN_rate_baixo""]",3,85224dd8fb6f
0.090046296296296291,"[""DEP_ccomp_rate_baixo"", ""DEP_nsubj:pass_rate_baixo"", ""POS_NOUN_rate_baixo""]",3,01d79b53097f
0.082407407407407401,"[""DEP_aux:pass_rate_baixo"", ""DEP_ccomp_rate_baixo"", ""POS_NOUN_rate_baixo""]",3,187932830137
0.080787037037037032,"[""DEP_ccomp_rate_baixo"", ""DEP_nummod_rate_baixo"", ""POS_NOUN_rate_baixo""]",3,3015808012de
0.085648148148148154,"[""DEP_cop_rate_baixo"", ""DEP_nsubj:pass_rate_baixo"", ""POS_NOUN_rate_baixo""]",3,12ff626a7da7
0.082407407407407401,"[""DEP_acl:relcl_rate_baixo"", ""DEP_cop_rate_baixo"", ""POS_NOUN_rate_baixo""]",3,b3949a172b68
0.17916666666666667,"[""DEP_nsubj:pass_rate_baixo"", ""uppercaseRatio_alto""]",2,72ac456d8684
0.17106481481481481,"[""DEP_acl:relcl_rate_baixo"", ""uppercaseRatio_alto""]",2,a38019954d75
0.16435185185185186,"[""DEP_aux:pass_rate_baixo"", ""uppercaseRatio_alto""]",2,a556381f30a9
0.16064814814814815,"[""DEP_nummod_rate_baixo"", ""uppercaseRatio_alto""]",2,f40086c59770
0.1537037037037037,"[""DEP_advcl_rate_baixo"", ""uppercaseRatio_alto""]",2,fde0f4d68347
0.10717592592592592,"[""POS_NUM_rate_baixo"", ""uppercaseRatio_alto""]",2,3c82d1522b0a
0.15231481481481482,"[""DEP_cop_rate_baixo"", ""uppercaseRatio_alto""]",2,ffdbbd9b56a9
0.092824074074074073,"[""DEP_advmod_rate_baixo"", ""uppercaseRatio_alto""]",2,f0c31d1b5786
0.091435185185185189,"[""DEP_appos_rate_alto"", ""uppercaseRatio_alto""]",2,a6d31ae0eeeb
0.087037037037037038,"[""POS_ADV_rate_baixo"", ""uppercaseRatio_alto""]",2,4a060782afa6
0.083796296296296299,"[""DEP_cc_rate_baixo"", ""uppercaseRatio_alto""]",2,f02eb9a8f3ce
0.083333333333333329,"[""POS_ADJ_rate_baixo"", ""uppercaseRatio_alto""]",2,f563fca3c8b3
0.080787037037037032,"[""POS_CCONJ_rate_baixo"", ""uppercaseRatio_alto""]",2,571fa6186c80
0.14467592592592593,"[""DEP_ccomp_rate_baixo"", ""uppercaseRatio_alto""]",2,a69f1712dc8b
0.13171296296296298,"[""DEP_xcomp_rate_baixo"", ""uppercaseRatio_alto""]",2,112b2599bc2b
0.10300925925925926,"[""POS_PRON_rate_baixo"", ""uppercaseRatio_alto""]",2,60590782e372
0.089120370370370364,"[""DEP_mark_rate_baixo"", ""uppercaseRatio_alto""]",2,9d7340c0a422
0.084953703703703698,"[""POS_SCONJ_rate_baixo"", ""uppercaseRatio_alto""]",2,e2b1ac706bdb
0.1361111111111111,"[""DEP_acl_rate_baixo"", ""uppercaseRatio_alto""]",2,910b80f0984e
0.12314814814814815,"[""DEP_acl:relcl_rate_baixo"", ""DEP_nsubj:pass_rate_baixo"", ""uppercaseRatio_alto""]",3,143263c6584a
0.16250000000000001,"[""DEP_aux:pass_rate_baixo"", ""DEP_nsubj:pass_rate_baixo"", ""uppercaseRatio_alto""]",3,4b568f4de8bc
0.11134259259259259,"[""DEP_acl:relcl_rate_baixo"", ""DEP_aux:pass_rate_baixo"", ""uppercaseRatio_alto""]",3,6b93e561806b
0.1175925925925926,"[""DEP_nsubj:pass_rate_baixo"", ""DEP_nummod_rate_baixo"", ""uppercaseRatio_alto""]",3,26349d43efb1
0.1076388888888889,"[""DEP_aux:pass_rate_baixo"", ""DEP_nummod_rate_baixo"", ""uppercaseRatio_alto""]",3,5331e2b91f21
0.1076388888888889,"[""DEP_acl:relcl_rate_baixo"", ""DEP_nummod_rate_baixo"", ""uppercaseRatio_alto""]",3,0872aa73d893
0.11041666666666666,"[""DEP_advcl_rate_baixo"", ""DEP_nsubj:pass_rate_baixo"", ""uppercaseRatio_alto""]",3,4d9f0076fa70
0.10347222222222222,"[""DEP_advcl_rate_baixo"", ""DEP_aux:pass_rate_baixo"", ""uppercaseRatio_alto""]",3,f22e7547b0ec
0.099537037037037035,"[""DEP_acl:relcl_rate_baixo"", ""DEP_advcl_rate_baixo"", ""uppercaseRatio_alto""]",3,99a671409aec
0.096990740740740738,"[""DEP_advcl_rate_baixo"", ""DEP_nummod_rate_baixo"", ""uppercaseRatio_alto""]",3,a1c34e5ba8b3
0.10648148148148148,"[""DEP_nummod_rate_baixo"", ""POS_NUM_rate_baixo"", ""uppercaseRatio_alto""]",3,fc0e9af7028e
0.10347222222222222,"[""DEP_cop_rate_baixo"", ""DEP_nsubj:pass_rate_baixo"", ""uppercaseRatio_alto""]",3,debb8a552e6b
0.094444444444444442,"[""DEP_cop_rate_baixo"", ""DEP_nummod_rate_baixo"", ""uppercaseRatio_alto""]",3,a21ab88b2297
0.091435185185185189,"[""DEP_advcl_rate_baixo"", ""DEP_cop_rate_baixo"", ""uppercaseRatio_alto""]",3,16ca6d958d52
0.10532407407407407,"[""DEP_acl:relcl_rate_baixo"", ""DEP_cop_rate_baixo"", ""uppercaseRatio_alto""]",3,cf0a9337eb4b
0.096064814814814811,"[""DEP_aux:pass_rate_baixo"", ""DEP_cop_rate_baixo"", ""uppercaseRatio_alto""]",3,c4049bdc7321
0.084027777777777785,"[""DEP_advmod_rate_baixo"", ""POS_ADV_rate_baixo"", ""uppercaseRatio_alto""]",3,68a8b604c4e5
0.096064814814814811,"[""DEP_acl:relcl_rate_baixo"", ""DEP_ccomp_rate_baixo"", ""uppercaseRatio_alto""]",3,d10a276e9f5f
0.089583333333333334,"[""DEP_ccomp_rate_baixo"", ""DEP_cop_rate_baixo"", ""uppercaseRatio_alto""]",3,eab7a5fc2c4f
0.087962962962962965,"[""DEP_ccomp_rate_baixo"", ""DEP_nummod_rate_baixo"", ""uppercaseRatio_alto""]",3,941d9906a58e
0.087962962962962965,"[""DEP_advcl_rate_baixo"", ""DEP_ccomp_rate_baixo"", ""uppercaseRatio_alto""]",3,4d152b5a6982
0.099537037037037035,"[""DEP_ccomp_rate_baixo"", ""DEP_nsubj:pass_rate_baixo"", ""uppercaseRatio_alto""]",3,443c0ebb0191
0.092129629629629631,"[""DEP_aux:pass_rate_baixo"", ""DEP_ccomp_rate_baixo"", ""uppercaseRatio_alto""]",3,373c73b62d4b
0.089583333333333334,"[""DEP_acl:relcl_rate_baixo"", ""DEP_xcomp_rate_baixo"", ""uppercaseRatio_alto""]",3,6ac980ab7ccf
0.08217592592592593,"[""DEP_ccomp_rate_baixo"", ""DEP_xcomp_rate_baixo"", ""uppercaseRatio_alto""]",3,977a911016bb
0.09166666666666666,"[""DEP_nsubj:pass_rate_baixo"", ""DEP_xcomp_rate_baixo"", ""uppercaseRatio_alto""]",3,b9277ab53894
0.085648148148148154,"[""DEP_aux:pass_rate_baixo"", ""DEP_xcomp_rate_baixo"", ""uppercaseRatio_alto""]",3,b4e65ccdd092
0.080787037037037032,"[""DEP_advcl_rate_baixo"", ""DEP_xcomp_rate_baixo"", ""uppercaseRatio_alto""]",3,7beb9ad4c80d
0.10023148148148148,"[""DEP_acl:relcl_rate_baixo"", ""POS_PRON_rate_baixo"", ""uppercaseRatio_alto""]",3,b909395da5a3
0.080555555555555561,"[""DEP_mark_rate_baixo"", ""POS_SCONJ_rate_baixo"", ""uppercaseRatio_alto""]",3,7bf1c1b649bd
0.09375,"[""DEP_acl_rate_baixo"", ""DEP_nsubj:pass_rate_baixo"", ""uppercaseRatio_alto""]",3,10c80fdb6b9e
0.090740740740740747,"[""DEP_acl:relcl_rate_baixo"", ""DEP_acl_rate_baixo"", ""uppercaseRatio_alto""]",3,768362e1d9e7
0.087268518518518523,"[""DEP_acl_rate_baixo"", ""DEP_nummod_rate_baixo"", ""uppercaseRatio_alto""]",3,b156fb6a1984
0.084722222222222227,"[""DEP_acl_rate_baixo"", ""DEP_aux:pass_rate_baixo"", ""uppercaseRatio_alto""]",3,3b6bff205c20
0.1787037037037037,"[""DEP_amod_rate_baixo"", ""DEP_nsubj:pass_rate_baixo""]",2,71badb35b205
0.16388888888888889,"[""DEP_amod_rate_baixo"", ""DEP_aux:pass_rate_baixo""]",2,cef9f011a7f2
0.15439814814814815,"[""DEP_acl:relcl_rate_baixo"", ""DEP_amod_rate_baixo""]",2,8f877bd51bb1
0.14143518518518519,"[""DEP_advcl_rate_baixo"", ""DEP_amod_rate_baixo""]",2,7cd6419244a6
0.14097222222222222,"[""DEP_amod_rate_baixo"", ""DEP_nummod_rate_baixo""]",2,ab892055d2af
0.088888888888888892,"[""DEP_amod_rate_baixo"", ""POS_NUM_rate_baixo""]",2,362c2d058270
0.12453703703703704,"[""DEP_amod_rate_baixo"", ""DEP_xcomp_rate_baixo""]",2,e223394919f9
0.18449074074074073,"[""DEP_amod_rate_baixo"", ""POS_ADJ_rate_baixo""]",2,58bd81f28dc3
0.14398148148148149,"[""DEP_acl_rate_baixo"", ""DEP_amod_rate_baixo""]",2,69aab066d252
0.13587962962962963,"[""DEP_amod_rate_baixo"", ""DEP_ccomp_rate_baixo""]",2,d0bdd7d189c9
0.092592592592592587,"[""DEP_amod_rate_baixo"", ""uppercaseRatio_baixo""]",2,9e1f1f18243e
0.081481481481481488,"[""DEP_amod_rate_baixo"", ""DEP_flat:name_rate_alto""]",2,3ff87732c730
0.13449074074074074,"[""DEP_amod_rate_baixo"", ""DEP_cop_rate_baixo""]",2,90a8b5739d2e
0.12731481481481483,"[""DEP_amod_rate_baixo"", ""DEP_nsubj:pass_rate_baixo"", ""POS_ADJ_rate_baixo""]",3,31d812cef15b
0.16203703703703703,"[""DEP_amod_rate_baixo"", ""DEP_aux:pass_rate_baixo"", ""DEP_nsubj:pass_rate_baixo""]",3,c44c6e304d12
0.11550925925925926,"[""DEP_amod_rate_baixo"", ""DEP_aux:pass_rate_baixo"", ""POS_ADJ_rate_baixo""]",3,72294391c542
0.10902777777777778,"[""DEP_acl:relcl_rate_baixo"", ""DEP_amod_rate_baixo"", ""DEP_nsubj:pass_rate_baixo""]",3,42862181936c
0.1011574074074074,"[""DEP_acl:relcl_rate_baixo"", ""DEP_amod_rate_baixo"", ""DEP_aux:pass_rate_baixo""]",3,e1b996b42285
0.11203703703703703,"[""DEP_acl:relcl_rate_baixo"", ""DEP_amod_rate_baixo"", ""POS_ADJ_rate_baixo""]",3,ad515f9e31fe
0.10185185185185185,"[""DEP_advcl_rate_baixo"", ""DEP_amod_rate_baixo"", ""DEP_nsubj:pass_rate_baixo""]",3,ec06a2d27ec6
0.094212962962962957,"[""DEP_advcl_rate_baixo"", ""DEP_amod_rate_baixo"", ""DEP_aux:pass_rate_baixo""]",3,fb3bc1bbb803
0.080324074074074076,"[""DEP_acl:relcl_rate_baixo"", ""DEP_advcl_rate_baixo"", ""DEP_amod_rate_baixo""]",3,59a45ecccbbf
0.10324074074074074,"[""DEP_advcl_rate_baixo"", ""DEP_amod_rate_baixo"", ""POS_ADJ_rate_baixo""]",3,c3c54c8e2eed
0.10138888888888889,"[""DEP_amod_rate_baixo"", ""DEP_nsubj:pass_rate_baixo"", ""DEP_nummod_rate_baixo""]",3,0f6500649490
0.094907407407407413,"[""DEP_amod_rate_baixo"", ""DEP_aux:pass_rate_baixo"", ""DEP_nummod_rate_baixo""]",3,7024aa73a463
0.082638888888888887,"[""DEP_acl:relcl_rate_baixo"", ""DEP_amod_rate_baixo"", ""DEP_nummod_rate_baixo""]",3,351c438c2a2b
0.1037037037037037,"[""DEP_amod_rate_baixo"", ""DEP_nummod_rate_baixo"", ""POS_ADJ_rate_baixo""]",3,f534a4fa6325
0.080787037037037032,"[""DEP_acl_rate_baixo"", ""DEP_amod_rate_baixo"", ""DEP_nummod_rate_baixo""]",3,f003e53b3a0b
0.088425925925925922,"[""DEP_amod_rate_baixo"", ""DEP_nummod_rate_baixo"", ""POS_NUM_rate_baixo""]",3,61da53959917
0.087037037037037038,"[""DEP_amod_rate_baixo"", ""DEP_nsubj:pass_rate_baixo"", ""DEP_xcomp_rate_baixo""]",3,0370a728ef5a
0.081250000000000003,"[""DEP_amod_rate_baixo"", ""DEP_aux:pass_rate_baixo"", ""DEP_xcomp_rate_baixo""]",3,d7ade25e5319
0.095601851851851855,"[""DEP_amod_rate_baixo"", ""DEP_xcomp_rate_baixo"", ""POS_ADJ_rate_baixo""]",3,e5681edb5490
0.10532407407407407,"[""DEP_acl_rate_baixo"", ""DEP_amod_rate_baixo"", ""POS_ADJ_rate_baixo""]",3,b052809b5aba
0.10208333333333333,"[""DEP_acl_rate_baixo"", ""DEP_amod_rate_baixo"", ""DEP_nsubj:pass_rate_baixo""]",3,b0ac88121515
0.093055555555555558,"[""DEP_acl_rate_baixo"", ""DEP_amod_rate_baixo"", ""DEP_aux:pass_rate_baixo""]",3,abb3ced8c680
0.084722222222222227,"[""DEP_acl:relcl_rate_baixo"", ""DEP_acl_rate_baixo"", ""DEP_amod_rate_baixo""]",3,a58eeeeb83b6
0.10208333333333333,"[""DEP_amod_rate_baixo"", ""DEP_ccomp_rate_baixo"", ""POS_ADJ_rate_baixo""]",3,87c3de1ac3a4
0.089351851851851849,"[""DEP_amod_rate_baixo"", ""DEP_ccomp_rate_baixo"", ""DEP_nsubj:pass_rate_baixo""]",3,1bc378532607
0.083796296296296299,"[""DEP_amod_rate_baixo"", ""DEP_aux:pass_rate_baixo"", ""DEP_ccomp_rate_baixo""]",3,12c1f83a57cc
0.082638888888888887,"[""DEP_acl:relcl_rate_baixo"", ""DEP_amod_rate_baixo"", ""DEP_ccomp_rate_baixo""]",3,22fbba87b0ee
0.10902777777777778,"[""DEP_amod_rate_baixo"", ""DEP_cop_rate_baixo"", ""POS_ADJ_rate_baixo""]",3,13c1b2f14157
0.091203703703703703,"[""DEP_amod_rate_baixo"", ""DEP_cop_rate_baixo"", ""DEP_nsubj:pass_rate_baixo""]",3,849a6b35246a
0.085185185185185183,"[""DEP_amod_rate_baixo"", ""DEP_aux:pass_rate_baixo"", ""DEP_cop_rate_baixo""]",3,c4b501709eb5
0.088425925925925922,"[""DEP_acl:relcl_rate_baixo"", ""DEP_amod_rate_baixo"", ""DEP_cop_rate_baixo""]",3,07b6211ab696
0.19930555555555557,"[""DEP_nsubj:pass_rate_baixo"", ""punctuationDensity_spacy_alto""]",2,23b2cdc9d31e
0.18240740740740741,"[""DEP_aux:pass_rate_baixo"", ""punctuationDensity_spacy_alto""]",2,ea1394bac2a1
0.1763888888888889,"[""DEP_nummod_rate_baixo"", ""punctuationDensity_spacy_alto""]",2,45ceb0dd9040
0.15763888888888888,"[""DEP_acl:relcl_rate_baixo"", ""punctuationDensity_spacy_alto""]",2,5e395b06a6b9
0.15115740740740741,"[""DEP_advcl_rate_baixo"", ""punctuationDensity_spacy_alto""]",2,33ee748b3b53
0.11273148148148149,"[""POS_NUM_rate_baixo"", ""punctuationDensity_spacy_alto""]",2,91a8694b8adb
0.096527777777777782,"[""DEP_nmod_rate_baixo"", ""punctuationDensity_spacy_alto""]",2,341db82edc58
0.092824074074074073,"[""DEP_case_rate_baixo"", ""punctuationDensity_spacy_alto""]",2,af14aa597ce8
0.089120370370370364,"[""DEP_cop_rate_alto"", ""punctuationDensity_spacy_alto""]",2,2e247bc4e190
0.083333333333333329,"[""POS_NOUN_rate_baixo"", ""punctuationDensity_spacy_alto""]",2,3e4f1d6ac1ca
0.080324074074074076,"[""POS_VERB_rate_alto"", ""punctuationDensity_spacy_alto""]",2,114cf44bcb3f
0.08009259259259259,"[""punctuationDensity_spacy_alto"", ""uppercaseRatio_alto""]",2,b8316afc7303
0.14953703703703702,"[""DEP_ccomp_rate_baixo"", ""punctuationDensity_spacy_alto""]",2,3268b4528120
0.14629629629629629,"[""DEP_acl_rate_baixo"", ""punctuationDensity_spacy_alto""]",2,bc82ca642817
0.10625,"[""punctuationDensity_spacy_alto"", ""uppercaseRatio_baixo""]",2,5da6816eeec2
0.089351851851851849,"[""POS_PRON_rate_alto"", ""punctuationDensity_spacy_alto""]",2,82ad88ff9251
0.083101851851851857,"[""DEP_cc_rate_baixo"", ""punctuationDensity_spacy_alto""]",2,b20ed573abfa
0.093287037037037043,"[""DEP_advmod_rate_alto"", ""punctuationDensity_spacy_alto""]",2,adb81ecab9ac
0.091203703703703703,"[""POS_ADV_rate_alto"", ""punctuationDensity_spacy_alto""]",2,c0b7f1c4fa2d
0.081018518518518517,"[""DEP_nsubj_rate_alto"", ""punctuationDensity_spacy_alto""]",2,576c76e38f53
0.12893518518518518,"[""DEP_cop_rate_baixo"", ""punctuationDensity_spacy_alto""]",2,ae0f1ac89052
0.097222222222222224,"[""DEP_appos_rate_alto"", ""punctuationDensity_spacy_alto""]",2,bf7448a196e5
0.13425925925925927,"[""DEP_xcomp_rate_baixo"", ""punctuationDensity_spacy_alto""]",2,1667eb9f5121
0.094212962962962957,"[""DEP_mark_rate_baixo"", ""punctuationDensity_spacy_alto""]",2,988e7040863f
0.091435185185185189,"[""POS_SCONJ_rate_baixo"", ""punctuationDensity_spacy_alto""]",2,a0bf3e20b998
0.18124999999999999,"[""DEP_aux:pass_rate_baixo"", ""DEP_nsubj:pass_rate_baixo"", ""punctuationDensity_spacy_alto""]",3,fe5a925a74b7
0.14166666666666666,"[""DEP_nsubj:pass_rate_baixo"", ""DEP_nummod_rate_baixo"", ""punctuationDensity_spacy_alto""]",3,1e70f2de18f6
0.13032407407407406,"[""DEP_aux:pass_rate_baixo"", ""DEP_nummod_rate_baixo"", ""punctuationDensity_spacy_alto""]",3,d196f2fcee9e
0.12847222222222221,"[""DEP_acl:relcl_rate_baixo"", ""DEP_nsubj:pass_rate_baixo"", ""punctuationDensity_spacy_alto""]",3,97cbcb0cee27
0.11689814814814815,"[""DEP_acl:relcl_rate_baixo"", ""DEP_aux:pass_rate_baixo"", ""punctuationDensity_spacy_alto""]",3,572d803a1ceb
0.10717592592592592,"[""DEP_acl:relcl_rate_baixo"", ""DEP_nummod_rate_baixo"", ""punctuationDensity_spacy_alto""]",3,2b98fd64e9a6
0.11805555555555555,"[""DEP_advcl_rate_baixo"", ""DEP_nsubj:pass_rate_baixo"", ""punctuationDensity_spacy_alto""]",3,03ed3b3a7fd0
0.10995370370370371,"[""DEP_advcl_rate_baixo"", ""DEP_aux:pass_rate_baixo"", ""punctuationDensity_spacy_alto""]",3,becabe56e0f6
0.10601851851851851,"[""DEP_advcl_rate_baixo"", ""DEP_nummod_rate_baixo"", ""punctuationDensity_spacy_alto""]",3,8dc6fb0dbca9
0.090972222222222218,"[""DEP_acl:relcl_rate_baixo"", ""DEP_advcl_rate_baixo"", ""punctuationDensity_spacy_alto""]",3,ab615486d39a
0.11134259259259259,"[""DEP_nummod_rate_baixo"", ""POS_NUM_rate_baixo"", ""punctuationDensity_spacy_alto""]",3,b9889667f4b0
0.091435185185185189,"[""DEP_nsubj:pass_rate_baixo"", ""POS_NUM_rate_baixo"", ""punctuationDensity_spacy_alto""]",3,401b22292270
0.083333333333333329,"[""DEP_aux:pass_rate_baixo"", ""POS_NUM_rate_baixo"", ""punctuationDensity_spacy_alto""]",3,746d2054052b
0.11574074074074074,"[""DEP_ccomp_rate_baixo"", ""DEP_nsubj:pass_rate_baixo"", ""punctuationDensity_spacy_alto""]",3,3350fa3c4915
0.10648148148148148,"[""DEP_aux:pass_rate_baixo"", ""DEP_ccomp_rate_baixo"", ""punctuationDensity_spacy_alto""]",3,6292918f26a5
0.10092592592592593,"[""DEP_ccomp_rate_baixo"", ""DEP_nummod_rate_baixo"", ""punctuationDensity_spacy_alto""]",3,f756e8a06a2e
0.088888888888888892,"[""DEP_advcl_rate_baixo"", ""DEP_ccomp_rate_baixo"", ""punctuationDensity_spacy_alto""]",3,5ab1a72a645e
0.092824074074074073,"[""DEP_acl:relcl_rate_baixo"", ""DEP_ccomp_rate_baixo"", ""punctuationDensity_spacy_alto""]",3,42c0561a12da
0.11087962962962963,"[""DEP_acl_rate_baixo"", ""DEP_nsubj:pass_rate_baixo"", ""punctuationDensity_spacy_alto""]",3,5691847162cd
0.10416666666666667,"[""DEP_acl_rate_baixo"", ""DEP_nummod_rate_baixo"", ""punctuationDensity_spacy_alto""]",3,7b11501444ea
0.10000000000000001,"[""DEP_acl_rate_baixo"", ""DEP_aux:pass_rate_baixo"", ""punctuationDensity_spacy_alto""]",3,eaf6d3e48cb6
0.085185185185185183,"[""DEP_acl_rate_baixo"", ""DEP_ccomp_rate_baixo"", ""punctuationDensity_spacy_alto""]",3,d683f1cccaf3
0.083796296296296299,"[""DEP_acl_rate_baixo"", ""DEP_advcl_rate_baixo"", ""punctuationDensity_spacy_alto""]",3,26df2a4e2942
0.086342592592592596,"[""DEP_acl:relcl_rate_baixo"", ""DEP_acl_rate_baixo"", ""punctuationDensity_spacy_alto""]",3,ed027efe9332
0.084259259259259256,"[""DEP_nsubj:pass_rate_baixo"", ""punctuationDensity_spacy_alto"", ""uppercaseRatio_baixo""]",3,8c91d6b4a8ba
0.080787037037037032,"[""DEP_advmod_rate_alto"", ""POS_ADV_rate_alto"", ""punctuationDensity_spacy_alto""]",3,f999156c525a
0.098611111111111108,"[""DEP_cop_rate_baixo"", ""DEP_nsubj:pass_rate_baixo"", ""punctuationDensity_spacy_alto""]",3,de1fc307614f
0.086574074074074067,"[""DEP_cop_rate_baixo"", ""DEP_nummod_rate_baixo"", ""punctuationDensity_spacy_alto""]",3,1bef5b42e643
0.089120370370370364,"[""DEP_aux:pass_rate_baixo"", ""DEP_cop_rate_baixo"", ""punctuationDensity_spacy_alto""]",3,38b922274e5f
0.083101851851851857,"[""DEP_acl:relcl_rate_baixo"", ""DEP_cop_rate_baixo"", ""punctuationDensity_spacy_alto""]",3,c25d4643f390
0.082638888888888887,"[""DEP_ccomp_rate_baixo"", ""DEP_cop_rate_baixo"", ""punctuationDensity_spacy_alto""]",3,45c925edfca9
0.10324074074074074,"[""DEP_nsubj:pass_rate_baixo"", ""DEP_xcomp_rate_baixo"", ""punctuationDensity_spacy_alto""]",3,6b3067e7979a
0.095138888888888884,"[""DEP_aux:pass_rate_baixo"", ""DEP_xcomp_rate_baixo"", ""punctuationDensity_spacy_alto""]",3,e141db4952d4
0.091898148148148145,"[""DEP_nummod_rate_baixo"", ""DEP_xcomp_rate_baixo"", ""punctuationDensity_spacy_alto""]",3,0ca510147a0c
0.08981481481481482,"[""DEP_ccomp_rate_baixo"", ""DEP_xcomp_rate_baixo"", ""punctuationDensity_spacy_alto""]",3,583f8b179092
0.085416666666666669,"[""DEP_acl:relcl_rate_baixo"", ""DEP_xcomp_rate_baixo"", ""punctuationDensity_spacy_alto""]",3,d8cc8d7cec45
0.083564814814814814,"[""DEP_advcl_rate_baixo"", ""DEP_xcomp_rate_baixo"", ""punctuationDensity_spacy_alto""]",3,d915e68355f4
0.083796296296296299,"[""DEP_ccomp_rate_baixo"", ""DEP_mark_rate_baixo"", ""punctuationDensity_spacy_alto""]",3,a08672bcf910
0.086574074074074067,"[""DEP_mark_rate_baixo"", ""POS_SCONJ_rate_baixo"", ""punctuationDensity_spacy_alto""]",3,bcbe6ca7c5ab
0.081018518518518517,"[""DEP_ccomp_rate_baixo"", ""POS_SCONJ_rate_baixo"", ""punctuationDensity_spacy_alto""]",3,f266cb12ede3
0.18796296296296297,"[""DEP_nsubj:pass_rate_baixo"", ""diversidade_baixo""]",2,f0a43f74c22b
0.17453703703703705,"[""DEP_aux:pass_rate_baixo"", ""diversidade_baixo""]",2,327b6e3654e0
0.16111111111111112,"[""DEP_advcl_rate_baixo"", ""diversidade_baixo""]",2,2d6fe5ae264a
0.15787037037037038,"[""DEP_acl:relcl_rate_baixo"", ""diversidade_baixo""]",2,64eb83878de5
0.15671296296296297,"[""DEP_nummod_rate_baixo"", ""diversidade_baixo""]",2,07ed966cd45d
0.1050925925925926,"[""POS_NUM_rate_baixo"", ""diversidade_baixo""]",2,cb2eeae78146
0.086342592592592596,"[""DEP_amod_rate_baixo"", ""diversidade_baixo""]",2,55d43ec867af
0.13287037037037036,"[""DEP_xcomp_rate_baixo"", ""diversidade_baixo""]",2,5ba7cf06e081
0.092592592592592587,"[""POS_PRON_rate_baixo"", ""diversidade_baixo""]",2,74039d5226b2
0.10532407407407407,"[""diversidade_baixo"", ""uppercaseRatio_baixo""]",2,d6124cde1930
0.14467592592592593,"[""DEP_ccomp_rate_baixo"", ""diversidade_baixo""]",2,f3fd5444b84f
0.13518518518518519,"[""DEP_cop_rate_baixo"", ""diversidade_baixo""]",2,6587a58d5bd4
0.094212962962962957,"[""DEP_mark_rate_baixo"", ""diversidade_baixo""]",2,7f3e403e73f4
0.090740740740740747,"[""POS_SCONJ_rate_baixo"", ""diversidade_baixo""]",2,510fb9e1fa25
0.094212962962962957,"[""DEP_advmod_rate_baixo"", ""diversidade_baixo""]",2,b2cf0693a81a
0.087499999999999994,"[""POS_ADV_rate_baixo"", ""diversidade_baixo""]",2,10d3db406965
0.084490740740740741,"[""DEP_nmod_rate_alto"", ""diversidade_baixo""]",2,7610d8895800
0.090972222222222218,"[""DEP_cc_rate_baixo"", ""diversidade_baixo""]",2,bd7eac6306b2
0.08773148148148148,"[""POS_CCONJ_rate_baixo"", ""diversidade_baixo""]",2,69693a17d80d
0.082638888888888887,"[""DEP_conj_rate_baixo"", ""diversidade_baixo""]",2,c92e02dd2748
0.15231481481481482,"[""DEP_acl_rate_baixo"", ""diversidade_baixo""]",2,f99de6f97f30
0.08773148148148148,"[""POS_ADJ_rate_baixo"", ""diversidade_baixo""]",2,aebc692626b9
0.085648148148148154,"[""POS_VERB_rate_baixo"", ""diversidade_baixo""]",2,e62080daa1b2
0.17291666666666666,"[""DEP_aux:pass_rate_baixo"", ""DEP_nsubj:pass_rate_baixo"", ""diversidade_baixo""]",3,1785309a3f0e
0.12083333333333333,"[""DEP_advcl_rate_baixo"", ""DEP_nsubj:pass_rate_baixo"", ""diversidade_baixo""]",3,67ddfbc7da4e
0.11342592592592593,"[""DEP_advcl_rate_baixo"", ""DEP_aux:pass_rate_baixo"", ""diversidade_baixo""]",3,d722999d518b
0.11712962962962963,"[""DEP_acl:relcl_rate_baixo"", ""DEP_nsubj:pass_rate_baixo"", ""diversidade_baixo""]",3,4b674ef3a3b0
0.10694444444444444,"[""DEP_acl:relcl_rate_baixo"", ""DEP_aux:pass_rate_baixo"", ""diversidade_baixo""]",3,e2256c62250a
0.095601851851851855,"[""DEP_acl:relcl_rate_baixo"", ""DEP_advcl_rate_baixo"", ""diversidade_baixo""]",3,5c47d11ee5ce
0.11921296296296297,"[""DEP_nsubj:pass_rate_baixo"", ""DEP_nummod_rate_baixo"", ""diversidade_baixo""]",3,c948c3e44967
0.11018518518518519,"[""DEP_aux:pass_rate_baixo"", ""DEP_nummod_rate_baixo"", ""diversidade_baixo""]",3,70cd6c0d29bc
0.099074074074074078,"[""DEP_acl:relcl_rate_baixo"", ""DEP_nummod_rate_baixo"", ""diversidade_baixo""]",3,d03cdf112016
0.097222222222222224,"[""DEP_advcl_rate_baixo"", ""DEP_nummod_rate_baixo"", ""diversidade_baixo""]",3,a65874a0edd0
0.10486111111111111,"[""DEP_nummod_rate_baixo"", ""POS_NUM_rate_baixo"", ""diversidade_baixo""]",3,e95d3ddf3d9f
0.080555555555555561,"[""DEP_nsubj:pass_rate_baixo"", ""POS_NUM_rate_baixo"", ""diversidade_baixo""]",3,1d26167d4f52
0.096527777777777782,"[""DEP_nsubj:pass_rate_baixo"", ""DEP_xcomp_rate_baixo"", ""diversidade_baixo""]",3,96a1527555f6
0.091435185185185189,"[""DEP_aux:pass_rate_baixo"", ""DEP_xcomp_rate_baixo"", ""diversidade_baixo""]",3,72f18bbe6aed
0.087499999999999994,"[""DEP_advcl_rate_baixo"", ""DEP_xcomp_rate_baixo"", ""diversidade_baixo""]",3,f9609a42e17f
0.086342592592592596,"[""DEP_acl:relcl_rate_baixo"", ""DEP_xcomp_rate_baixo"", ""diversidade_baixo""]",3,061f00b72869
0.086342592592592596,"[""DEP_ccomp_rate_baixo"", ""DEP_xcomp_rate_baixo"", ""diversidade_baixo""]",3,20ed63f95c6b
0.08217592592592593,"[""DEP_acl_rate_baixo"", ""DEP_xcomp_rate_baixo"", ""diversidade_baixo""]",3,25d2d812d5e1
0.090046296296296291,"[""DEP_acl:relcl_rate_baixo"", ""POS_PRON_rate_baixo"", ""diversidade_baixo""]",3,a10c59eedf5e
0.080324074074074076,"[""DEP_nsubj:pass_rate_baixo"", ""diversidade_baixo"", ""uppercaseRatio_baixo""]",3,ca4797d66fe3
0.094444444444444442,"[""DEP_advcl_rate_baixo"", ""DEP_ccomp_rate_baixo"", ""diversidade_baixo""]",3,a8b38a97f77d
0.093518518518518515,"[""DEP_acl:relcl_rate_baixo"", ""DEP_ccomp_rate_baixo"", ""diversidade_baixo""]",3,5d27dd5473aa
0.083101851851851857,"[""DEP_ccomp_rate_baixo"", ""DEP_nummod_rate_baixo"", ""diversidade_baixo""]",3,b4ad9f56d6c9
0.1025462962962963,"[""DEP_ccomp_rate_baixo"", ""DEP_nsubj:pass_rate_baixo"", ""diversidade_baixo""]",3,3877e1261aa6
0.096296296296296297,"[""DEP_aux:pass_rate_baixo"", ""DEP_ccomp_rate_baixo"", ""diversidade_baixo""]",3,34ae692ddf7c
0.085879629629629625,"[""DEP_acl_rate_baixo"", ""DEP_ccomp_rate_baixo"", ""diversidade_baixo""]",3,c43e36d6b8c6
0.088657407407407407,"[""DEP_acl:relcl_rate_baixo"", ""DEP_cop_rate_baixo"", ""diversidade_baixo""]",3,db9dc6f13fec
0.086342592592592596,"[""DEP_advcl_rate_baixo"", ""DEP_cop_rate_baixo"", ""diversidade_baixo""]",3,022f61d681ca
0.084490740740740741,"[""DEP_ccomp_rate_baixo"", ""DEP_cop_rate_baixo"", ""diversidade_baixo""]",3,5070118c9c8a
0.08009259259259259,"[""DEP_cop_rate_baixo"", ""DEP_nummod_rate_baixo"", ""diversidade_baixo""]",3,00cf0de3d3c7
0.093981481481481485,"[""DEP_cop_rate_baixo"", ""DEP_nsubj:pass_rate_baixo"", ""diversidade_baixo""]",3,26cbf2fb2c47
0.08819444444444445,"[""DEP_aux:pass_rate_baixo"", ""DEP_cop_rate_baixo"", ""diversidade_baixo""]",3,290586387e46
0.082870370370370372,"[""DEP_ccomp_rate_baixo"", ""DEP_mark_rate_baixo"", ""diversidade_baixo""]",3,38c82f8d4028
0.08009259259259259,"[""DEP_advcl_rate_baixo"", ""DEP_mark_rate_baixo"", ""diversidade_baixo""]",3,a96a903ca26a
0.087037037037037038,"[""DEP_mark_rate_baixo"", ""POS_SCONJ_rate_baixo"", ""diversidade_baixo""]",3,fbdd38d6b778
0.080555555555555561,"[""DEP_ccomp_rate_baixo"", ""POS_SCONJ_rate_baixo"", ""diversidade_baixo""]",3,468785eae878
0.084953703703703698,"[""DEP_advmod_rate_baixo"", ""POS_ADV_rate_baixo"", ""diversidade_baixo""]",3,9b37a075a93b
0.087268518518518523,"[""DEP_cc_rate_baixo"", ""POS_CCONJ_rate_baixo"", ""diversidade_baixo""]",3,11d39bf749d6
0.096759259259259253,"[""DEP_acl_rate_baixo"", ""DEP_advcl_rate_baixo"", ""diversidade_baixo""]",3,38917ab41fa8
0.1111111111111111,"[""DEP_acl_rate_baixo"", ""DEP_nsubj:pass_rate_baixo"", ""diversidade_baixo""]",3,f99bac15ff44
0.1025462962962963,"[""DEP_acl_rate_baixo"", ""DEP_aux:pass_rate_baixo"", ""diversidade_baixo""]",3,ba59e88a94cd
0.098148148148148151,"[""DEP_acl_rate_baixo"", ""DEP_nummod_rate_baixo"", ""diversidade_baixo""]",3,5305f2d9e3ff
0.094907407407407413,"[""DEP_acl:relcl_rate_baixo"", ""DEP_acl_rate_baixo"", ""diversidade_baixo""]",3,ce6a303db9a1
0.3576388888888889,"[""DEP_nsubj:pass_rate_baixo"", ""DEP_xcomp_rate_baixo""]",2,d0dab3ba64ea
0.3351851851851852,"[""DEP_aux:pass_rate_baixo"", ""DEP_xcomp_rate_baixo""]",2,6004c0a9e53f
0.31388888888888888,"[""DEP_acl:relcl_rate_baixo"", ""DEP_xcomp_rate_baixo""]",2,9c77fd9efea9
0.3037037037037037,"[""DEP_advcl_rate_baixo"", ""DEP_xcomp_rate_baixo""]",2,9fa854b5fee4
0.31990740740740742,"[""DEP_ccomp_rate_baixo"", ""DEP_xcomp_rate_baixo""]",2,a76879b6eb7c
0.29120370370370369,"[""DEP_nummod_rate_baixo"", ""DEP_xcomp_rate_baixo""]",2,6232d44634a0
0.27824074074074073,"[""DEP_cop_rate_baixo"", ""DEP_xcomp_rate_baixo""]",2,3a20bbfb1923
0.25277777777777777,"[""DEP_acl_rate_baixo"", ""DEP_xcomp_rate_baixo""]",2,bc88e1e47fab
0.33217592592592593,"[""DEP_aux:pass_rate_baixo"", ""DEP_nsubj:pass_rate_baixo"", ""DEP_xcomp_rate_baixo""]",3,4767c6b43971
0.2273148148148148,"[""DEP_acl:relcl_rate_baixo"", ""DEP_nsubj:pass_rate_baixo"", ""DEP_xcomp_rate_baixo""]",3,967ab451bd0d
0.21273148148148149,"[""DEP_acl:relcl_rate_baixo"", ""DEP_aux:pass_rate_baixo"", ""DEP_xcomp_rate_baixo""]",3,17db7006c1d9
0.19907407407407407,"[""DEP_acl:relcl_rate_baixo"", ""DEP_ccomp_rate_baixo"", ""DEP_xcomp_rate_baixo""]",3,a2b89a757ab5
0.21712962962962962,"[""DEP_advcl_rate_baixo"", ""DEP_nsubj:pass_rate_baixo"", ""DEP_xcomp_rate_baixo""]",3,d131fb331981
0.2076388888888889,"[""DEP_advcl_rate_baixo"", ""DEP_aux:pass_rate_baixo"", ""DEP_xcomp_rate_baixo""]",3,88f24a4fb242
0.1849537037037037,"[""DEP_acl:relcl_rate_baixo"", ""DEP_advcl_rate_baixo"", ""DEP_xcomp_rate_baixo""]",3,7f2db3fdf303
0.1962962962962963,"[""DEP_advcl_rate_baixo"", ""DEP_ccomp_rate_baixo"", ""DEP_xcomp_rate_baixo""]",3,7aedfeb2a8f3
0.22824074074074074,"[""DEP_ccomp_rate_baixo"", ""DEP_nsubj:pass_rate_baixo"", ""DEP_xcomp_rate_baixo""]",3,90300d7b9845
0.21249999999999999,"[""DEP_aux:pass_rate_baixo"", ""DEP_ccomp_rate_baixo"", ""DEP_xcomp_rate_baixo""]",3,896f70274abe
0.21689814814814815,"[""DEP_nsubj:pass_rate_baixo"", ""DEP_nummod_rate_baixo"", ""DEP_xcomp_rate_baixo""]",3,7e3297da9c76
0.20439814814814813,"[""DEP_aux:pass_rate_baixo"", ""DEP_nummod_rate_baixo"", ""DEP_xcomp_rate_baixo""]",3,e7638600a8ad
0.18217592592592594,"[""DEP_acl:relcl_rate_baixo"", ""DEP_nummod_rate_baixo"", ""DEP_xcomp_rate_baixo""]",3,7dcc4b242312
0.17847222222222223,"[""DEP_ccomp_rate_baixo"", ""DEP_nummod_rate_baixo"", ""DEP_xcomp_rate_baixo""]",3,9bf1f8c4136c
0.17499999999999999,"[""DEP_advcl_rate_baixo"", ""DEP_nummod_rate_baixo"", ""DEP_xcomp_rate_baixo""]",3,7f9837bd8208
0.19143518518518518,"[""DEP_cop_rate_baixo"", ""DEP_nsubj:pass_rate_baixo"", ""DEP_xcomp_rate_baixo""]",3,ed76270caa6e
0.18865740740740741,"[""DEP_ccomp_rate_baixo"", ""DEP_cop_rate_baixo"", ""DEP_xcomp_rate_baixo""]",3,c9c33061c04a
0.1849537037037037,"[""DEP_acl:relcl_rate_baixo"", ""DEP_cop_rate_baixo"", ""DEP_xcomp_rate_baixo""]",3,6bd415a67a10
0.17916666666666667,"[""DEP_aux:pass_rate_baixo"", ""DEP_cop_rate_baixo"", ""DEP_xcomp_rate_baixo""]",3,f5a83fcf13ae
0.16574074074074074,"[""DEP_advcl_rate_baixo"", ""DEP_cop_rate_baixo"", ""DEP_xcomp_rate_baixo""]",3,8c226adc8040
0.15925925925925927,"[""DEP_cop_rate_baixo"", ""DEP_nummod_rate_baixo"", ""DEP_xcomp_rate_baixo""]",3,37db8f7432dc
0.15717592592592591,"[""DEP_acl_rate_baixo"", ""DEP_ccomp_rate_baixo"", ""DEP_xcomp_rate_baixo""]",3,9c58b367a90e
0.15555555555555556,"[""DEP_acl_rate_baixo"", ""DEP_advcl_rate_baixo"", ""DEP_xcomp_rate_baixo""]",3,cb1d72c38773
0.15509259259259259,"[""DEP_acl_rate_baixo"", ""DEP_nummod_rate_baixo"", ""DEP_xcomp_rate_baixo""]",3,c46fd344a54f
0.17685185185185184,"[""DEP_acl_rate_baixo"", ""DEP_nsubj:pass_rate_baixo"", ""DEP_xcomp_rate_baixo""]",3,c2314ef277e2
0.15324074074074073,"[""DEP_acl:relcl_rate_baixo"", ""DEP_acl_rate_baixo"", ""DEP_xcomp_rate_baixo""]",3,9229b84d9bad
0.16527777777777777,"[""DEP_acl_rate_baixo"", ""DEP_aux:pass_rate_baixo"", ""DEP_xcomp_rate_baixo""]",3,66808f9e6f38
0.13495370370370371,"[""DEP_acl_rate_baixo"", ""DEP_cop_rate_baixo"", ""DEP_xcomp_rate_baixo""]",3,59d086b39f2f
0.32314814814814813,"[""DEP_acl:relcl_rate_baixo"", ""POS_PRON_rate_baixo""]",2,8715ac5b8fc2
0.23472222222222222,"[""DEP_nsubj:pass_rate_baixo"", ""POS_PRON_rate_baixo""]",2,2be2e45108a3
0.21273148148148149,"[""DEP_aux:pass_rate_baixo"", ""POS_PRON_rate_baixo""]",2,96d3537cf069
0.20439814814814813,"[""DEP_advcl_rate_baixo"", ""POS_PRON_rate_baixo""]",2,050fafa23857
0.18171296296296297,"[""DEP_xcomp_rate_baixo"", ""POS_PRON_rate_baixo""]",2,db9819e50293
0.21180555555555555,"[""DEP_cop_rate_baixo"", ""POS_PRON_rate_baixo""]",2,a903f9164e33
0.20902777777777778,"[""DEP_ccomp_rate_baixo"", ""POS_PRON_rate_baixo""]",2,dd85c312aed9
0.19675925925925927,"[""DEP_nummod_rate_baixo"", ""POS_PRON_rate_baixo""]",2,b4558f9737b5
0.13680555555555557,"[""POS_NUM_rate_baixo"", ""POS_PRON_rate_baixo""]",2,b112c7b26db9
0.12662037037037038,"[""POS_PRON_rate_baixo"", ""uppercaseRatio_baixo""]",2,e2f5d638b28a
0.16828703703703704,"[""DEP_acl_rate_baixo"", ""POS_PRON_rate_baixo""]",2,5dd00f21dfb8
0.22685185185185186,"[""DEP_acl:relcl_rate_baixo"", ""DEP_nsubj:pass_rate_baixo"", ""POS_PRON_rate_baixo""]",3,3542b427d129
0.2101851851851852,"[""DEP_aux:pass_rate_baixo"", ""DEP_nsubj:pass_rate_baixo"", ""POS_PRON_rate_baixo""]",3,9e54068dad24
0.20532407407407408,"[""DEP_acl:relcl_rate_baixo"", ""DEP_aux:pass_rate_baixo"", ""POS_PRON_rate_baixo""]",3,a9431f363403
0.19513888888888889,"[""DEP_acl:relcl_rate_baixo"", ""DEP_advcl_rate_baixo"", ""POS_PRON_rate_baixo""]",3,1d57b1df1486
0.14699074074074073,"[""DEP_advcl_rate_baixo"", ""DEP_nsubj:pass_rate_baixo"", ""POS_PRON_rate_baixo""]",3,7e0ef798e858
0.13541666666666666,"[""DEP_advcl_rate_baixo"", ""DEP_aux:pass_rate_baixo"", ""POS_PRON_rate_baixo""]",3,8582334ffd9e
0.12962962962962962,"[""DEP_advcl_rate_baixo"", ""DEP_cop_rate_baixo"", ""POS_PRON_rate_baixo""]",3,a699473c2d7a
0.12847222222222221,"[""DEP_advcl_rate_baixo"", ""DEP_ccomp_rate_baixo"", ""POS_PRON_rate_baixo""]",3,feed2c37682a
0.17499999999999999,"[""DEP_acl:relcl_rate_baixo"", ""DEP_xcomp_rate_baixo"", ""POS_PRON_rate_baixo""]",3,bd26d535fd9c
0.12662037037037038,"[""DEP_nsubj:pass_rate_baixo"", ""DEP_xcomp_rate_baixo"", ""POS_PRON_rate_baixo""]",3,3d1a19999bc0
0.11805555555555555,"[""DEP_aux:pass_rate_baixo"", ""DEP_xcomp_rate_baixo"", ""POS_PRON_rate_baixo""]",3,36fb0a799fc7
0.11689814814814815,"[""DEP_advcl_rate_baixo"", ""DEP_xcomp_rate_baixo"", ""POS_PRON_rate_baixo""]",3,984ff898e918
0.12453703703703704,"[""DEP_ccomp_rate_baixo"", ""DEP_xcomp_rate_baixo"", ""POS_PRON_rate_baixo""]",3,b46183664b39
0.11226851851851852,"[""DEP_cop_rate_baixo"", ""DEP_xcomp_rate_baixo"", ""POS_PRON_rate_baixo""]",3,51608e30f063
0.10092592592592593,"[""DEP_nummod_rate_baixo"", ""DEP_xcomp_rate_baixo"", ""POS_PRON_rate_baixo""]",3,5124796de402
0.20624999999999999,"[""DEP_acl:relcl_rate_baixo"", ""DEP_cop_rate_baixo"", ""POS_PRON_rate_baixo""]",3,9abd54e7a4f5
0.14374999999999999,"[""DEP_cop_rate_baixo"", ""DEP_nsubj:pass_rate_baixo"", ""POS_PRON_rate_baixo""]",3,17026fc87478
0.12939814814814815,"[""DEP_aux:pass_rate_baixo"", ""DEP_cop_rate_baixo"", ""POS_PRON_rate_baixo""]",3,a0a3e4fde0fd
0.20208333333333334,"[""DEP_acl:relcl_rate_baixo"", ""DEP_ccomp_rate_baixo"", ""POS_PRON_rate_baixo""]",3,9193a887d511
0.14282407407407408,"[""DEP_ccomp_rate_baixo"", ""DEP_nsubj:pass_rate_baixo"", ""POS_PRON_rate_baixo""]",3,83737e7fc722
0.13958333333333334,"[""DEP_ccomp_rate_baixo"", ""DEP_cop_rate_baixo"", ""POS_PRON_rate_baixo""]",3,4c4b9f2cd33f
0.12986111111111112,"[""DEP_aux:pass_rate_baixo"", ""DEP_ccomp_rate_baixo"", ""POS_PRON_rate_baixo""]",3,6a1a9c17865b
0.18958333333333333,"[""DEP_acl:relcl_rate_baixo"", ""DEP_nummod_rate_baixo"", ""POS_PRON_rate_baixo""]",3,d3aabf9ba0b2
0.1449074074074074,"[""DEP_nsubj:pass_rate_baixo"", ""DEP_nummod_rate_baixo"", ""POS_PRON_rate_baixo""]",3,04d88b694089
0.13101851851851851,"[""DEP_aux:pass_rate_baixo"", ""DEP_nummod_rate_baixo"", ""POS_PRON_rate_baixo""]",3,28bd44b0568a
0.12152777777777778,"[""DEP_cop_rate_baixo"", ""DEP_nummod_rate_baixo"", ""POS_PRON_rate_baixo""]",3,5794e48b45c6
0.11805555555555555,"[""DEP_advcl_rate_baixo"", ""DEP_nummod_rate_baixo"", ""POS_PRON_rate_baixo""]",3,bca03a4fd9a9
0.11597222222222223,"[""DEP_ccomp_rate_baixo"", ""DEP_nummod_rate_baixo"", ""POS_PRON_rate_baixo""]",3,fdb73bc2789b
0.13587962962962963,"[""DEP_nummod_rate_baixo"", ""POS_NUM_rate_baixo"", ""POS_PRON_rate_baixo""]",3,792516445d71
0.13101851851851851,"[""DEP_acl:relcl_rate_baixo"", ""POS_NUM_rate_baixo"", ""POS_PRON_rate_baixo""]",3,7e58f2198b9a
0.10231481481481482,"[""DEP_nsubj:pass_rate_baixo"", ""POS_NUM_rate_baixo"", ""POS_PRON_rate_baixo""]",3,672f49f563ad
0.091898148148148145,"[""DEP_aux:pass_rate_baixo"", ""POS_NUM_rate_baixo"", ""POS_PRON_rate_baixo""]",3,6731790327e1
0.082407407407407401,"[""DEP_cop_rate_baixo"", ""POS_NUM_rate_baixo"", ""POS_PRON_rate_baixo""]",3,965759173025
0.12129629629629629,"[""DEP_acl:relcl_rate_baixo"", ""POS_PRON_rate_baixo"", ""uppercaseRatio_baixo""]",3,7e182fc57513
0.08773148148148148,"[""DEP_nsubj:pass_rate_baixo"", ""POS_PRON_rate_baixo"", ""uppercaseRatio_baixo""]",3,506b129694c7
0.081250000000000003,"[""DEP_aux:pass_rate_baixo"", ""POS_PRON_rate_baixo"", ""uppercaseRatio_baixo""]",3,4db8c6735a75
0.081018518518518517,"[""DEP_ccomp_rate_baixo"", ""POS_PRON_rate_baixo"", ""uppercaseRatio_baixo""]",3,c2a6c625af8e
0.16226851851851851,"[""DEP_acl:relcl_rate_baixo"", ""DEP_acl_rate_baixo"", ""POS_PRON_rate_baixo""]",3,74b76aa10fbc
0.11342592592592593,"[""DEP_acl_rate_baixo"", ""DEP_nsubj:pass_rate_baixo"", ""POS_PRON_rate_baixo""]",3,65d46a16d03f
0.10324074074074074,"[""DEP_acl_rate_baixo"", ""DEP_aux:pass_rate_baixo"", ""POS_PRON_rate_baixo""]",3,4ced477dd510
0.10023148148148148,"[""DEP_acl_rate_baixo"", ""DEP_nummod_rate_baixo"", ""POS_PRON_rate_baixo""]",3,79885acd7858
0.10462962962962963,"[""DEP_acl_rate_baixo"", ""DEP_cop_rate_baixo"", ""POS_PRON_rate_baixo""]",3,e8a03e25c7b1
0.10162037037037037,"[""DEP_acl_rate_baixo"", ""DEP_ccomp_rate_baixo"", ""POS_PRON_rate_baixo""]",3,f9eb153ffdb6
0.10162037037037037,"[""DEP_acl_rate_baixo"", ""DEP_advcl_rate_baixo"", ""POS_PRON_rate_baixo""]",3,1808e19d6693
0.090277777777777776,"[""DEP_acl_rate_baixo"", ""DEP_xcomp_rate_baixo"", ""POS_PRON_rate_baixo""]",3,1a1c60620b1a
0.20555555555555555,"[""DEP_mark_rate_alto"", ""DEP_nsubj:pass_rate_baixo""]",2,7bfd4f75a428
0.18263888888888888,"[""DEP_aux:pass_rate_baixo"", ""DEP_mark_rate_alto""]",2,3bec438e7ef7
0.17453703703703705,"[""DEP_acl:relcl_rate_baixo"", ""DEP_mark_rate_alto""]",2,55c4c649de05
0.10347222222222222,"[""DEP_advcl_rate_baixo"", ""DEP_mark_rate_alto""]",2,4d930f2f6d6c
0.10324074074074074,"[""DEP_mark_rate_alto"", ""DEP_xcomp_rate_baixo""]",2,876b44e1d4d2
0.085416666666666669,"[""DEP_mark_rate_alto"", ""POS_PRON_rate_baixo""]",2,45a83ca67ab2
0.1962962962962963,"[""DEP_mark_rate_alto"", ""DEP_nummod_rate_baixo""]",2,6e0a7c4b16dd
0.14027777777777778,"[""DEP_advcl_rate_alto"", ""DEP_mark_rate_alto""]",2,7a78e0b431e6
0.12592592592592591,"[""DEP_mark_rate_alto"", ""uppercaseRatio_baixo""]",2,a862b293f70d
0.096990740740740738,"[""DEP_appos_rate_baixo"", ""DEP_mark_rate_alto""]",2,6b45a645b085
0.1449074074074074,"[""DEP_cop_rate_baixo"", ""DEP_mark_rate_alto""]",2,4586684e14e9
0.1423611111111111,"[""DEP_mark_rate_alto"", ""POS_NUM_rate_baixo""]",2,8e375b4c5354
0.096990740740740738,"[""DEP_cc_rate_baixo"", ""DEP_mark_rate_alto""]",2,56c4048937f8
0.094212962962962957,"[""DEP_mark_rate_alto"", ""POS_CCONJ_rate_baixo""]",2,8e962c6cd5a5
0.12592592592592591,"[""DEP_acl_rate_baixo"", ""DEP_mark_rate_alto""]",2,8ebca45c6ee3
0.084259259259259256,"[""DEP_ccomp_rate_baixo"", ""DEP_mark_rate_alto""]",2,3d6a2c85327a
0.18101851851851852,"[""DEP_aux:pass_rate_baixo"", ""DEP_mark_rate_alto"", ""DEP_nsubj:pass_rate_baixo""]",3,2e20bf03d32e
0.1337962962962963,"[""DEP_aux:pass_rate_baixo"", ""DEP_mark_rate_alto"", ""DEP_nummod_rate_baixo""]",3,6b862640beea
0.13263888888888889,"[""DEP_acl:relcl_rate_baixo"", ""DEP_mark_rate_alto"", ""DEP_nsubj:pass_rate_baixo""]",3,d570096e5536
0.11921296296296297,"[""DEP_acl:relcl_rate_baixo"", ""DEP_aux:pass_rate_baixo"", ""DEP_mark_rate_alto""]",3,84ee46c0ffaf
0.12824074074074074,"[""DEP_acl:relcl_rate_baixo"", ""DEP_mark_rate_alto"", ""DEP_nummod_rate_baixo""]",3,25bd23723444
0.081250000000000003,"[""DEP_acl:relcl_rate_baixo"", ""DEP_mark_rate_alto"", ""POS_PRON_rate_baixo""]",3,902246118ab0
0.14930555555555555,"[""DEP_mark_rate_alto"", ""DEP_nsubj:pass_rate_baixo"", ""DEP_nummod_rate_baixo""]",3,0d916656d0af
0.10347222222222222,"[""DEP_advcl_rate_alto"", ""DEP_mark_rate_alto"", ""DEP_nsubj:pass_rate_baixo""]",3,f126c20e5ef0
0.10000000000000001,"[""DEP_advcl_rate_alto"", ""DEP_mark_rate_alto"", ""DEP_nummod_rate_baixo""]",3,a22c3abd3202
0.092361111111111116,"[""DEP_advcl_rate_alto"", ""DEP_aux:pass_rate_baixo"", ""DEP_mark_rate_alto""]",3,ee1adafe579b
0.080324074074074076,"[""DEP_advcl_rate_alto"", ""DEP_cop_rate_baixo"", ""DEP_mark_rate_alto""]",3,0659b908a64d
0.093518518518518515,"[""DEP_acl:relcl_rate_baixo"", ""DEP_advcl_rate_alto"", ""DEP_mark_rate_alto""]",3,a1e4a3a3d566
0.094907407407407413,"[""DEP_mark_rate_alto"", ""DEP_nsubj:pass_rate_baixo"", ""uppercaseRatio_baixo""]",3,0c14d223ec31
0.088425925925925922,"[""DEP_mark_rate_alto"", ""DEP_nummod_rate_baixo"", ""uppercaseRatio_baixo""]",3,293f02a2b038
0.084027777777777785,"[""DEP_aux:pass_rate_baixo"", ""DEP_mark_rate_alto"", ""uppercaseRatio_baixo""]",3,b52ddd2e04f7
0.10324074074074074,"[""DEP_cop_rate_baixo"", ""DEP_mark_rate_alto"", ""DEP_nsubj:pass_rate_baixo""]",3,5e3e90e588c3
0.10138888888888889,"[""DEP_cop_rate_baixo"", ""DEP_mark_rate_alto"", ""DEP_nummod_rate_baixo""]",3,98e1f0e3364b
0.090740740740740747,"[""DEP_aux:pass_rate_baixo"", ""DEP_cop_rate_baixo"", ""DEP_mark_rate_alto""]",3,a2c1c40e7ac3
0.097222222222222224,"[""DEP_acl:relcl_rate_baixo"", ""DEP_cop_rate_baixo"", ""DEP_mark_rate_alto""]",3,4d60955dc5cf
0.14189814814814813,"[""DEP_mark_rate_alto"", ""DEP_nummod_rate_baixo"", ""POS_NUM_rate_baixo""]",3,99a3a3cc9f7a
0.10972222222222222,"[""DEP_mark_rate_alto"", ""DEP_nsubj:pass_rate_baixo"", ""POS_NUM_rate_baixo""]",3,ab309874f099
0.098611111111111108,"[""DEP_aux:pass_rate_baixo"", ""DEP_mark_rate_alto"", ""POS_NUM_rate_baixo""]",3,d7a9113301a2
0.094212962962962957,"[""DEP_acl:relcl_rate_baixo"", ""DEP_mark_rate_alto"", ""POS_NUM_rate_baixo""]",3,ec0ed9cfc6f9
0.093287037037037043,"[""DEP_cc_rate_baixo"", ""DEP_mark_rate_alto"", ""POS_CCONJ_rate_baixo""]",3,84d70f6bd331
0.094675925925925927,"[""DEP_acl_rate_baixo"", ""DEP_mark_rate_alto"", ""DEP_nsubj:pass_rate_baixo""]",3,259cfd4e0af8
0.091435185185185189,"[""DEP_acl_rate_baixo"", ""DEP_mark_rate_alto"", ""DEP_nummod_rate_baixo""]",3,e0ba0db027c5
0.084027777777777785,"[""DEP_acl_rate_baixo"", ""DEP_aux:pass_rate_baixo"", ""DEP_mark_rate_alto""]",3,a22955c68cc2
0.23171296296296295,"[""DEP_mark_rate_alto"", ""POS_SCONJ_rate_alto""]",2,92b2456ecc41
0.19282407407407406,"[""DEP_nsubj:pass_rate_baixo"", ""POS_SCONJ_rate_alto""]",2,d016abe28592
0.17407407407407408,"[""DEP_aux:pass_rate_baixo"", ""POS_SCONJ_rate_alto""]",2,ffdd4114260f
0.16180555555555556,"[""DEP_acl:relcl_rate_baixo"", ""POS_SCONJ_rate_alto""]",2,ab3f471ae3cd
0.09768518518518518,"[""DEP_xcomp_rate_baixo"", ""POS_SCONJ_rate_alto""]",2,055fa2a0150f
0.094444444444444442,"[""DEP_nsubj_rate_alto"", ""POS_SCONJ_rate_alto""]",2,62be77349bdb
0.094444444444444442,"[""DEP_advcl_rate_baixo"", ""POS_SCONJ_rate_alto""]",2,bb89f2de9467
0.18402777777777779,"[""DEP_nummod_rate_baixo"", ""POS_SCONJ_rate_alto""]",2,d39a732b0672
0.12662037037037038,"[""DEP_advcl_rate_alto"", ""POS_SCONJ_rate_alto""]",2,3c0c3db461e5
0.12060185185185185,"[""POS_SCONJ_rate_alto"", ""POS_VERB_rate_alto""]",2,7b0005397100
0.11666666666666667,"[""POS_SCONJ_rate_alto"", ""uppercaseRatio_baixo""]",2,26b596d0437b
0.11550925925925926,"[""DEP_case_rate_baixo"", ""POS_SCONJ_rate_alto""]",2,00628c4e92a4
0.10601851851851851,"[""DEP_nmod_rate_baixo"", ""POS_SCONJ_rate_alto""]",2,6c4127baeab5
0.092592592592592587,"[""DEP_xcomp_rate_alto"", ""POS_SCONJ_rate_alto""]",2,f369cb55f9ae
0.089120370370370364,"[""DEP_appos_rate_baixo"", ""POS_SCONJ_rate_alto""]",2,6418296ce1d7
0.08819444444444445,"[""DEP_cop_rate_alto"", ""POS_SCONJ_rate_alto""]",2,cedda88c8bc4
0.084490740740740741,"[""POS_NOUN_rate_baixo"", ""POS_SCONJ_rate_alto""]",2,9ca995b0ef68
0.08217592592592593,"[""DEP_advmod_rate_alto"", ""POS_SCONJ_rate_alto""]",2,525a772b7a0d
0.08217592592592593,"[""POS_ADV_rate_alto"", ""POS_SCONJ_rate_alto""]",2,5f8b67104258
0.13263888888888889,"[""POS_NUM_rate_baixo"", ""POS_SCONJ_rate_alto""]",2,ec308b6c0702
0.13125000000000001,"[""DEP_cop_rate_baixo"", ""POS_SCONJ_rate_alto""]",2,015b4a20ceb5
0.090740740740740747,"[""DEP_obj_rate_alto"", ""POS_SCONJ_rate_alto""]",2,c430dc5eb83c
0.090509259259259262,"[""DEP_cc_rate_baixo"", ""POS_SCONJ_rate_alto""]",2,9b2a97088cd2
0.08773148148148148,"[""POS_CCONJ_rate_baixo"", ""POS_SCONJ_rate_alto""]",2,96a3ef2ba0b3
0.084953703703703698,"[""DEP_acl_rate_alto"", ""POS_SCONJ_rate_alto""]",2,0c34570d0d71
0.084490740740740741,"[""DEP_conj_rate_baixo"", ""POS_SCONJ_rate_alto""]",2,fb8ec411c6d3
0.11851851851851852,"[""DEP_acl_rate_baixo"", ""POS_SCONJ_rate_alto""]",2,d1d9bf7da3ee
0.086574074074074067,"[""POS_AUX_rate_alto"", ""POS_SCONJ_rate_alto""]",2,27faca18fe84
0.17499999999999999,"[""DEP_mark_rate_alto"", ""DEP_nsubj:pass_rate_baixo"", ""POS_SCONJ_rate_alto""]",3,92d87a285b75
0.17199074074074075,"[""DEP_aux:pass_rate_baixo"", ""DEP_nsubj:pass_rate_baixo"", ""POS_SCONJ_rate_alto""]",3,96822f0d4ff4
0.15671296296296297,"[""DEP_aux:pass_rate_baixo"", ""DEP_mark_rate_alto"", ""POS_SCONJ_rate_alto""]",3,c48d2aca1cde
0.12800925925925927,"[""DEP_aux:pass_rate_baixo"", ""DEP_nummod_rate_baixo"", ""POS_SCONJ_rate_alto""]",3,ee0d790b24b8
0.14861111111111111,"[""DEP_acl:relcl_rate_baixo"", ""DEP_mark_rate_alto"", ""POS_SCONJ_rate_alto""]",3,b193b19790dc
0.12407407407407407,"[""DEP_acl:relcl_rate_baixo"", ""DEP_nsubj:pass_rate_baixo"", ""POS_SCONJ_rate_alto""]",3,f0b6d14cf3c0
0.11273148148148149,"[""DEP_acl:relcl_rate_baixo"", ""DEP_aux:pass_rate_baixo"", ""POS_SCONJ_rate_alto""]",3,f973a7cb0c0e
0.12060185185185185,"[""DEP_acl:relcl_rate_baixo"", ""DEP_nummod_rate_baixo"", ""POS_SCONJ_rate_alto""]",3,ae69735618ce
0.086574074074074067,"[""DEP_mark_rate_alto"", ""DEP_xcomp_rate_baixo"", ""POS_SCONJ_rate_alto""]",3,f127d8ddfd43
0.086805555555555552,"[""DEP_mark_rate_alto"", ""DEP_nsubj_rate_alto"", ""POS_SCONJ_rate_alto""]",3,f0b8984575f4
0.081250000000000003,"[""DEP_nsubj:pass_rate_baixo"", ""DEP_nsubj_rate_alto"", ""POS_SCONJ_rate_alto""]",3,95fa5cb15333
0.084490740740740741,"[""DEP_advcl_rate_baixo"", ""DEP_mark_rate_alto"", ""POS_SCONJ_rate_alto""]",3,aaab03ab29fd
0.16967592592592592,"[""DEP_mark_rate_alto"", ""DEP_nummod_rate_baixo"", ""POS_SCONJ_rate_alto""]",3,1ab3aa2fb313
0.14120370370370369,"[""DEP_nsubj:pass_rate_baixo"", ""DEP_nummod_rate_baixo"", ""POS_SCONJ_rate_alto""]",3,111b4e8901b2
0.11874999999999999,"[""DEP_advcl_rate_alto"", ""DEP_mark_rate_alto"", ""POS_SCONJ_rate_alto""]",3,d00263787e93
0.095138888888888884,"[""DEP_advcl_rate_alto"", ""DEP_nsubj:pass_rate_baixo"", ""POS_SCONJ_rate_alto""]",3,67997899d75d
0.092361111111111116,"[""DEP_advcl_rate_alto"", ""DEP_nummod_rate_baixo"", ""POS_SCONJ_rate_alto""]",3,ed64310613aa
0.08611111111111111,"[""DEP_advcl_rate_alto"", ""DEP_aux:pass_rate_baixo"", ""POS_SCONJ_rate_alto""]",3,d1805a3a94d4
0.085648148148148154,"[""DEP_acl:relcl_rate_baixo"", ""DEP_advcl_rate_alto"", ""POS_SCONJ_rate_alto""]",3,d407bc745a50
0.11412037037037037,"[""DEP_mark_rate_alto"", ""POS_SCONJ_rate_alto"", ""POS_VERB_rate_alto""]",3,32c996e88c42
0.091898148148148145,"[""DEP_nsubj:pass_rate_baixo"", ""POS_SCONJ_rate_alto"", ""POS_VERB_rate_alto""]",3,d91a6883a569
0.090972222222222218,"[""DEP_nummod_rate_baixo"", ""POS_SCONJ_rate_alto"", ""POS_VERB_rate_alto""]",3,c61632b60838
0.081250000000000003,"[""DEP_aux:pass_rate_baixo"", ""POS_SCONJ_rate_alto"", ""POS_VERB_rate_alto""]",3,075d41256404
0.10694444444444444,"[""DEP_mark_rate_alto"", ""POS_SCONJ_rate_alto"", ""uppercaseRatio_baixo""]",3,e4fb04b5f556
0.089351851851851849,"[""DEP_nsubj:pass_rate_baixo"", ""POS_SCONJ_rate_alto"", ""uppercaseRatio_baixo""]",3,ad95dc524c73
0.081712962962962959,"[""DEP_nummod_rate_baixo"", ""POS_SCONJ_rate_alto"", ""uppercaseRatio_baixo""]",3,018242314b7b
0.080324074074074076,"[""DEP_aux:pass_rate_baixo"", ""POS_SCONJ_rate_alto"", ""uppercaseRatio_baixo""]",3,4dae726a36dd
0.10740740740740741,"[""DEP_case_rate_baixo"", ""DEP_mark_rate_alto"", ""POS_SCONJ_rate_alto""]",3,f6aea2aea9ab
0.093518518518518515,"[""DEP_case_rate_baixo"", ""DEP_nsubj:pass_rate_baixo"", ""POS_SCONJ_rate_alto""]",3,c5a21dd38d17
0.082407407407407401,"[""DEP_aux:pass_rate_baixo"", ""DEP_case_rate_baixo"", ""POS_SCONJ_rate_alto""]",3,fb3dbdf2c521
0.08217592592592593,"[""DEP_case_rate_baixo"", ""DEP_nummod_rate_baixo"", ""POS_SCONJ_rate_alto""]",3,24158f58fb1a
0.099074074074074078,"[""DEP_mark_rate_alto"", ""DEP_nmod_rate_baixo"", ""POS_SCONJ_rate_alto""]",3,2ea6a313c600
0.081018518518518517,"[""DEP_nmod_rate_baixo"", ""DEP_nsubj:pass_rate_baixo"", ""POS_SCONJ_rate_alto""]",3,c8d6b3144715
0.087037037037037038,"[""DEP_mark_rate_alto"", ""DEP_xcomp_rate_alto"", ""POS_SCONJ_rate_alto""]",3,b59475dbaaa4
0.081250000000000003,"[""DEP_appos_rate_baixo"", ""DEP_mark_rate_alto"", ""POS_SCONJ_rate_alto""]",3,d4dd8baa37fe
0.081250000000000003,"[""DEP_cop_rate_alto"", ""DEP_mark_rate_alto"", ""POS_SCONJ_rate_alto""]",3,82c8ed263103
0.13240740740740742,"[""DEP_nummod_rate_baixo"", ""POS_NUM_rate_baixo"", ""POS_SCONJ_rate_alto""]",3,ddfa5b090cbc
0.12291666666666666,"[""DEP_mark_rate_alto"", ""POS_NUM_rate_baixo"", ""POS_SCONJ_rate_alto""]",3,74945ee7fe3a
0.10277777777777777,"[""DEP_nsubj:pass_rate_baixo"", ""POS_NUM_rate_baixo"", ""POS_SCONJ_rate_alto""]",3,9f884a63e7f8
0.09375,"[""DEP_aux:pass_rate_baixo"", ""POS_NUM_rate_baixo"", ""POS_SCONJ_rate_alto""]",3,c90d1de2e0c1
0.08819444444444445,"[""DEP_acl:relcl_rate_baixo"", ""POS_NUM_rate_baixo"", ""POS_SCONJ_rate_alto""]",3,3e0bf2ff3eb3
0.12013888888888889,"[""DEP_cop_rate_baixo"", ""DEP_mark_rate_alto"", ""POS_SCONJ_rate_alto""]",3,22a7a2b8ac7a
0.094444444444444442,"[""DEP_cop_rate_baixo"", ""DEP_nsubj:pass_rate_baixo"", ""POS_SCONJ_rate_alto""]",3,d37cdcc8aa24
0.093287037037037043,"[""DEP_cop_rate_baixo"", ""DEP_nummod_rate_baixo"", ""POS_SCONJ_rate_alto""]",3,f9c2bc26db91
0.085185185185185183,"[""DEP_aux:pass_rate_baixo"", ""DEP_cop_rate_baixo"", ""POS_SCONJ_rate_alto""]",3,34b6553390ca
0.087499999999999994,"[""DEP_acl:relcl_rate_baixo"", ""DEP_cop_rate_baixo"", ""POS_SCONJ_rate_alto""]",3,761c3f99de3e
0.084953703703703698,"[""DEP_mark_rate_alto"", ""DEP_obj_rate_alto"", ""POS_SCONJ_rate_alto""]",3,ee89cb6bc000
0.084027777777777785,"[""DEP_cc_rate_baixo"", ""DEP_mark_rate_alto"", ""POS_SCONJ_rate_alto""]",3,06bcd4e7bc32
0.087037037037037038,"[""DEP_cc_rate_baixo"", ""POS_CCONJ_rate_baixo"", ""POS_SCONJ_rate_alto""]",3,639ee588e085
0.081481481481481488,"[""DEP_mark_rate_alto"", ""POS_CCONJ_rate_baixo"", ""POS_SCONJ_rate_alto""]",3,663ee4c92b54
0.10532407407407407,"[""DEP_acl_rate_baixo"", ""DEP_mark_rate_alto"", ""POS_SCONJ_rate_alto""]",3,ba276a6fa972
0.090046296296296291,"[""DEP_acl_rate_baixo"", ""DEP_nsubj:pass_rate_baixo"", ""POS_SCONJ_rate_alto""]",3,51e00fd0b3a1
0.086805555555555552,"[""DEP_acl_rate_baixo"", ""DEP_nummod_rate_baixo"", ""POS_SCONJ_rate_alto""]",3,e21ea14b0a77
0.081250000000000003,"[""DEP_acl_rate_baixo"", ""DEP_aux:pass_rate_baixo"", ""POS_SCONJ_rate_alto""]",3,c1c9cf12c329
0.081250000000000003,"[""DEP_mark_rate_alto"", ""POS_AUX_rate_alto"", ""POS_SCONJ_rate_alto""]",3,bc42d3986e89
0.19537037037037036,"[""DEP_nsubj:pass_rate_baixo"", ""DEP_obl_rate_baixo""]",2,83a548913257
0.18101851851851852,"[""DEP_aux:pass_rate_baixo"", ""DEP_obl_rate_baixo""]",2,060a8b8e4484
0.16157407407407406,"[""DEP_acl:relcl_rate_baixo"", ""DEP_obl_rate_baixo""]",2,e2f13acdfd5d
0.13981481481481481,"[""DEP_advcl_rate_baixo"", ""DEP_obl_rate_baixo""]",2,3cd9fc9eb101
0.12222222222222222,"[""DEP_obl_rate_baixo"", ""DEP_xcomp_rate_baixo""]",2,1274ca854779
0.09166666666666666,"[""DEP_mark_rate_alto"", ""DEP_obl_rate_baixo""]",2,8f3f18daca73
0.089583333333333334,"[""DEP_obl_rate_baixo"", ""POS_PRON_rate_baixo""]",2,bcc61e75b09a
0.08611111111111111,"[""DEP_obl_rate_baixo"", ""POS_SCONJ_rate_alto""]",2,9b8bb407fcfd
0.080324074074074076,"[""DEP_conj_rate_alto"", ""DEP_obl_rate_baixo""]",2,aea67a35637b
0.16597222222222222,"[""DEP_nummod_rate_baixo"", ""DEP_obl_rate_baixo""]",2,fdde89857164
0.1386574074074074,"[""DEP_ccomp_rate_baixo"", ""DEP_obl_rate_baixo""]",2,a437260b1410
0.1363425925925926,"[""DEP_acl_rate_baixo"", ""DEP_obl_rate_baixo""]",2,ae80ddc11d99
0.10601851851851851,"[""DEP_obl_rate_baixo"", ""uppercaseRatio_baixo""]",2,d5308672b53e
0.08773148148148148,"[""DEP_nmod_rate_alto"", ""DEP_obl_rate_baixo""]",2,1d83c9de06f5
0.080555555555555561,"[""DEP_advmod_rate_baixo"", ""DEP_obl_rate_baixo""]",2,cc2d99608a27
0.12384259259259259,"[""DEP_obl_rate_baixo"", ""POS_NUM_rate_baixo""]",2,bab15af99f0c
0.097916666666666666,"[""DEP_case_rate_baixo"", ""DEP_obl_rate_baixo""]",2,2d006e27c20c
0.087499999999999994,"[""DEP_det_rate_alto"", ""DEP_obl_rate_baixo""]",2,ac1f9794702f
0.087499999999999994,"[""DEP_obj_rate_alto"", ""DEP_obl_rate_baixo""]",2,66614491faa4
0.085416666666666669,"[""DEP_obl_rate_baixo"", ""POS_DET_rate_alto""]",2,142b3d936ae2
0.081250000000000003,"[""DEP_advcl_rate_alto"", ""DEP_obl_rate_baixo""]",2,95934e064189
0.13171296296296298,"[""DEP_cop_rate_baixo"", ""DEP_obl_rate_baixo""]",2,2402bcc4c08e
0.1789351851851852,"[""DEP_aux:pass_rate_baixo"", ""DEP_nsubj:pass_rate_baixo"", ""DEP_obl_rate_baixo""]",3,0d8c9ba4e948
0.12430555555555556,"[""DEP_acl:relcl_rate_baixo"", ""DEP_nsubj:pass_rate_baixo"", ""DEP_obl_rate_baixo""]",3,8f8174f3a2b5
0.11527777777777778,"[""DEP_acl:relcl_rate_baixo"", ""DEP_aux:pass_rate_baixo"", ""DEP_obl_rate_baixo""]",3,2f9956a0abbd
0.10578703703703704,"[""DEP_acl:relcl_rate_baixo"", ""DEP_nummod_rate_baixo"", ""DEP_obl_rate_baixo""]",3,a4e6f26f3447
0.10810185185185185,"[""DEP_advcl_rate_baixo"", ""DEP_nsubj:pass_rate_baixo"", ""DEP_obl_rate_baixo""]",3,4c5e16052363
0.10138888888888889,"[""DEP_advcl_rate_baixo"", ""DEP_aux:pass_rate_baixo"", ""DEP_obl_rate_baixo""]",3,ad03aad2e19f
0.085416666666666669,"[""DEP_acl:relcl_rate_baixo"", ""DEP_advcl_rate_baixo"", ""DEP_obl_rate_baixo""]",3,b8139be0d33a
0.090046296296296291,"[""DEP_advcl_rate_baixo"", ""DEP_nummod_rate_baixo"", ""DEP_obl_rate_baixo""]",3,e9cc32eee494
0.094444444444444442,"[""DEP_nsubj:pass_rate_baixo"", ""DEP_obl_rate_baixo"", ""DEP_xcomp_rate_baixo""]",3,0f48e9840871
0.089583333333333334,"[""DEP_aux:pass_rate_baixo"", ""DEP_obl_rate_baixo"", ""DEP_xcomp_rate_baixo""]",3,b26a89bb9a48
0.080787037037037032,"[""DEP_acl:relcl_rate_baixo"", ""DEP_obl_rate_baixo"", ""DEP_xcomp_rate_baixo""]",3,91ba3358eaca
0.085416666666666669,"[""DEP_acl:relcl_rate_baixo"", ""DEP_obl_rate_baixo"", ""POS_PRON_rate_baixo""]",3,fac9d35fa98c
0.12824074074074074,"[""DEP_nsubj:pass_rate_baixo"", ""DEP_nummod_rate_baixo"", ""DEP_obl_rate_baixo""]",3,e4a80c0c16f7
0.11921296296296297,"[""DEP_aux:pass_rate_baixo"", ""DEP_nummod_rate_baixo"", ""DEP_obl_rate_baixo""]",3,f9960b8a901e
0.10694444444444444,"[""DEP_ccomp_rate_baixo"", ""DEP_nsubj:pass_rate_baixo"", ""DEP_obl_rate_baixo""]",3,83434a3c5948
0.09976851851851852,"[""DEP_aux:pass_rate_baixo"", ""DEP_ccomp_rate_baixo"", ""DEP_obl_rate_baixo""]",3,783b2bfbd23b
0.087499999999999994,"[""DEP_ccomp_rate_baixo"", ""DEP_nummod_rate_baixo"", ""DEP_obl_rate_baixo""]",3,b889471d30e1
0.084027777777777785,"[""DEP_acl:relcl_rate_baixo"", ""DEP_ccomp_rate_baixo"", ""DEP_obl_rate_baixo""]",3,0e1f356b88e8
0.10439814814814814,"[""DEP_acl_rate_baixo"", ""DEP_nsubj:pass_rate_baixo"", ""DEP_obl_rate_baixo""]",3,7811f6604a9f
0.099537037037037035,"[""DEP_acl_rate_baixo"", ""DEP_aux:pass_rate_baixo"", ""DEP_obl_rate_baixo""]",3,156f9822b9aa
0.090972222222222218,"[""DEP_acl_rate_baixo"", ""DEP_nummod_rate_baixo"", ""DEP_obl_rate_baixo""]",3,4477264a4e23
0.083796296296296299,"[""DEP_acl:relcl_rate_baixo"", ""DEP_acl_rate_baixo"", ""DEP_obl_rate_baixo""]",3,2a2a4e0b940f
0.082870370370370372,"[""DEP_nsubj:pass_rate_baixo"", ""DEP_obl_rate_baixo"", ""uppercaseRatio_baixo""]",3,93fd0ad493e5
0.12337962962962963,"[""DEP_nummod_rate_baixo"", ""DEP_obl_rate_baixo"", ""POS_NUM_rate_baixo""]",3,38eb1756a7cb
0.095370370370370369,"[""DEP_nsubj:pass_rate_baixo"", ""DEP_obl_rate_baixo"", ""POS_NUM_rate_baixo""]",3,bdf7380623b4
0.08819444444444445,"[""DEP_aux:pass_rate_baixo"", ""DEP_obl_rate_baixo"", ""POS_NUM_rate_baixo""]",3,ffd814394692
0.081018518518518517,"[""DEP_acl:relcl_rate_baixo"", ""DEP_obl_rate_baixo"", ""POS_NUM_rate_baixo""]",3,c36e4bfa41b4
0.080555555555555561,"[""DEP_det_rate_alto"", ""DEP_obl_rate_baixo"", ""POS_DET_rate_alto""]",3,8cd86a962bbe
0.10023148148148148,"[""DEP_cop_rate_baixo"", ""DEP_nsubj:pass_rate_baixo"", ""DEP_obl_rate_baixo""]",3,ef10e670cb0d
0.092361111111111116,"[""DEP_aux:pass_rate_baixo"", ""DEP_cop_rate_baixo"", ""DEP_obl_rate_baixo""]",3,0cb82f298a2c
0.08773148148148148,"[""DEP_acl:relcl_rate_baixo"", ""DEP_cop_rate_baixo"", ""DEP_obl_rate_baixo""]",3,9f229c20a738
0.084259259259259256,"[""DEP_cop_rate_baixo"", ""DEP_nummod_rate_baixo"", ""DEP_obl_rate_baixo""]",3,5c0bb6903846
0.19120370370370371,"[""DEP_ccomp_rate_alto"", ""DEP_nsubj:pass_rate_baixo""]",2,ba1faf5d1928
0.17546296296296296,"[""DEP_aux:pass_rate_baixo"", ""DEP_ccomp_rate_alto""]",2,52ec1f788217
0.1699074074074074,"[""DEP_acl:relcl_rate_baixo"", ""DEP_ccomp_rate_alto""]",2,f75fe5629723
0.14814814814814814,"[""DEP_ccomp_rate_alto"", ""DEP_mark_rate_alto""]",2,743ebdc4166d
0.14629629629629629,"[""DEP_advcl_rate_baixo"", ""DEP_ccomp_rate_alto""]",2,5a5d311877ea
0.14143518518518519,"[""DEP_ccomp_rate_alto"", ""POS_SCONJ_rate_alto""]",2,b4232a3adb92
0.11157407407407408,"[""DEP_ccomp_rate_alto"", ""DEP_nsubj_rate_alto""]",2,53d2cbbe5ad1
0.10925925925925926,"[""DEP_ccomp_rate_alto"", ""DEP_xcomp_rate_baixo""]",2,f33cc2bc7b39
0.087268518518518523,"[""DEP_ccomp_rate_alto"", ""POS_PRON_rate_baixo""]",2,c26ad6742050
0.18379629629629629,"[""DEP_ccomp_rate_alto"", ""DEP_nummod_rate_baixo""]",2,8bb020cad01f
0.13425925925925927,"[""DEP_ccomp_rate_alto"", ""DEP_cop_rate_baixo""]",2,e20d85bc8b3d
0.11087962962962963,"[""DEP_ccomp_rate_alto"", ""POS_VERB_rate_alto""]",2,e153aa24b7bb
0.09583333333333334,"[""DEP_case_rate_baixo"", ""DEP_ccomp_rate_alto""]",2,7b7c5bcb5e93
0.094675925925925927,"[""DEP_cc_rate_baixo"", ""DEP_ccomp_rate_alto""]",2,9bf5f298d6bc
0.091435185185185189,"[""DEP_ccomp_rate_alto"", ""POS_CCONJ_rate_baixo""]",2,42ebc05000df
0.088425925925925922,"[""DEP_ccomp_rate_alto"", ""DEP_conj_rate_baixo""]",2,64c190625ebb
0.086574074074074067,"[""DEP_ccomp_rate_alto"", ""DEP_xcomp_rate_alto""]",2,cfd8d72f9daa
0.08217592592592593,"[""DEP_advmod_rate_baixo"", ""DEP_ccomp_rate_alto""]",2,6b4e78279e44
0.12824074074074074,"[""DEP_ccomp_rate_alto"", ""POS_NUM_rate_baixo""]",2,391556864d68
0.08611111111111111,"[""DEP_advcl_rate_alto"", ""DEP_ccomp_rate_alto""]",2,21811b74654b
0.11041666666666666,"[""DEP_ccomp_rate_alto"", ""uppercaseRatio_baixo""]",2,02bfc265a334
0.086805555555555552,"[""DEP_ccomp_rate_alto"", ""DEP_nmod_rate_baixo""]",2,8b052374491e
0.083796296296296299,"[""DEP_ccomp_rate_alto"", ""POS_AUX_rate_alto""]",2,605bdc99c057
0.1425925925925926,"[""DEP_acl_rate_baixo"", ""DEP_ccomp_rate_alto""]",2,2d1309d6909b
0.09583333333333334,"[""DEP_ccomp_rate_alto"", ""DEP_cop_rate_alto""]",2,7c63595ebecf
0.17314814814814813,"[""DEP_aux:pass_rate_baixo"", ""DEP_ccomp_rate_alto"", ""DEP_nsubj:pass_rate_baixo""]",3,aa6838c69bfb
0.12708333333333333,"[""DEP_aux:pass_rate_baixo"", ""DEP_ccomp_rate_alto"", ""DEP_nummod_rate_baixo""]",3,f7e732c34a70
0.13078703703703703,"[""DEP_acl:relcl_rate_baixo"", ""DEP_ccomp_rate_alto"", ""DEP_nsubj:pass_rate_baixo""]",3,1a5a40f115dc
0.11990740740740741,"[""DEP_acl:relcl_rate_baixo"", ""DEP_aux:pass_rate_baixo"", ""DEP_ccomp_rate_alto""]",3,d0f70ca6ad05
0.12615740740740741,"[""DEP_acl:relcl_rate_baixo"", ""DEP_ccomp_rate_alto"", ""DEP_nummod_rate_baixo""]",3,135bf98e8fa1
0.11319444444444444,"[""DEP_ccomp_rate_alto"", ""DEP_mark_rate_alto"", ""DEP_nsubj:pass_rate_baixo""]",3,28f04cdddd24
0.10347222222222222,"[""DEP_aux:pass_rate_baixo"", ""DEP_ccomp_rate_alto"", ""DEP_mark_rate_alto""]",3,e71e5844d1ff
0.1011574074074074,"[""DEP_acl:relcl_rate_baixo"", ""DEP_ccomp_rate_alto"", ""DEP_mark_rate_alto""]",3,ff02d144c801
0.11388888888888889,"[""DEP_ccomp_rate_alto"", ""DEP_mark_rate_alto"", ""DEP_nummod_rate_baixo""]",3,2b194e504d87
0.11064814814814815,"[""DEP_advcl_rate_baixo"", ""DEP_ccomp_rate_alto"", ""DEP_nsubj:pass_rate_baixo""]",3,3a58efdff317
0.10138888888888889,"[""DEP_advcl_rate_baixo"", ""DEP_aux:pass_rate_baixo"", ""DEP_ccomp_rate_alto""]",3,110bf44a886d
0.094444444444444442,"[""DEP_acl:relcl_rate_baixo"", ""DEP_advcl_rate_baixo"", ""DEP_ccomp_rate_alto""]",3,cbddaeae11e1
0.1037037037037037,"[""DEP_advcl_rate_baixo"", ""DEP_ccomp_rate_alto"", ""DEP_nummod_rate_baixo""]",3,e12a4ac24aa1
0.13495370370370371,"[""DEP_ccomp_rate_alto"", ""DEP_mark_rate_alto"", ""POS_SCONJ_rate_alto""]",3,64891944bc04
0.10787037037037037,"[""DEP_ccomp_rate_alto"", ""DEP_nsubj:pass_rate_baixo"", ""POS_SCONJ_rate_alto""]",3,d32970bb2da1
0.098379629629629636,"[""DEP_aux:pass_rate_baixo"", ""DEP_ccomp_rate_alto"", ""POS_SCONJ_rate_alto""]",3,58bfa2cc646c
0.096064814814814811,"[""DEP_acl:relcl_rate_baixo"", ""DEP_ccomp_rate_alto"", ""POS_SCONJ_rate_alto""]",3,2d957a5f374e
0.11018518518518519,"[""DEP_ccomp_rate_alto"", ""DEP_nummod_rate_baixo"", ""POS_SCONJ_rate_alto""]",3,ee403b9f953e
0.093981481481481485,"[""DEP_ccomp_rate_alto"", ""DEP_nsubj:pass_rate_baixo"", ""DEP_nsubj_rate_alto""]",3,b6e0cdcd2e9f
0.086574074074074067,"[""DEP_aux:pass_rate_baixo"", ""DEP_ccomp_rate_alto"", ""DEP_nsubj_rate_alto""]",3,d84a905b347c
0.086805555555555552,"[""DEP_ccomp_rate_alto"", ""DEP_nsubj_rate_alto"", ""DEP_nummod_rate_baixo""]",3,2fa4bcae0d4d
0.082638888888888887,"[""DEP_ccomp_rate_alto"", ""DEP_nsubj:pass_rate_baixo"", ""DEP_xcomp_rate_baixo""]",3,0e852a040980
0.083796296296296299,"[""DEP_acl:relcl_rate_baixo"", ""DEP_ccomp_rate_alto"", ""POS_PRON_rate_baixo""]",3,63150cc1db44
0.13912037037037037,"[""DEP_ccomp_rate_alto"", ""DEP_nsubj:pass_rate_baixo"", ""DEP_nummod_rate_baixo""]",3,9ea7cc0da8a6
0.095370370370370369,"[""DEP_ccomp_rate_alto"", ""DEP_cop_rate_baixo"", ""DEP_nummod_rate_baixo""]",3,3014e86915d4
0.095138888888888884,"[""DEP_ccomp_rate_alto"", ""DEP_cop_rate_baixo"", ""DEP_nsubj:pass_rate_baixo""]",3,aaa00aecb844
0.087037037037037038,"[""DEP_aux:pass_rate_baixo"", ""DEP_ccomp_rate_alto"", ""DEP_cop_rate_baixo""]",3,413660dfe851
0.094212962962962957,"[""DEP_acl:relcl_rate_baixo"", ""DEP_ccomp_rate_alto"", ""DEP_cop_rate_baixo""]",3,5e0374e9014d
0.083564814814814814,"[""DEP_ccomp_rate_alto"", ""DEP_nummod_rate_baixo"", ""POS_VERB_rate_alto""]",3,e6e715bb708d
0.08217592592592593,"[""DEP_ccomp_rate_alto"", ""DEP_nsubj:pass_rate_baixo"", ""POS_VERB_rate_alto""]",3,102968060912
0.090509259259259262,"[""DEP_cc_rate_baixo"", ""DEP_ccomp_rate_alto"", ""POS_CCONJ_rate_baixo""]",3,ff21cc52ff67
0.081944444444444445,"[""DEP_cc_rate_baixo"", ""DEP_ccomp_rate_alto"", ""DEP_conj_rate_baixo""]",3,cab78fe01f93
0.12800925925925927,"[""DEP_ccomp_rate_alto"", ""DEP_nummod_rate_baixo"", ""POS_NUM_rate_baixo""]",3,859ed389cfb6
0.096527777777777782,"[""DEP_ccomp_rate_alto"", ""DEP_nsubj:pass_rate_baixo"", ""POS_NUM_rate_baixo""]",3,ddcee17e1cea
0.08773148148148148,"[""DEP_aux:pass_rate_baixo"", ""DEP_ccomp_rate_alto"", ""POS_NUM_rate_baixo""]",3,1222a001fccf
0.082870370370370372,"[""DEP_ccomp_rate_alto"", ""DEP_mark_rate_alto"", ""POS_NUM_rate_baixo""]",3,f8ed6afa3f76
0.087268518518518523,"[""DEP_acl:relcl_rate_baixo"", ""DEP_ccomp_rate_alto"", ""POS_NUM_rate_baixo""]",3,e73aef4ae22d
0.082638888888888887,"[""DEP_ccomp_rate_alto"", ""DEP_nsubj:pass_rate_baixo"", ""uppercaseRatio_baixo""]",3,efa0cd71e5ed
0.080324074074074076,"[""DEP_ccomp_rate_alto"", ""DEP_nummod_rate_baixo"", ""uppercaseRatio_baixo""]",3,b7c96cf80497
0.10740740740740741,"[""DEP_acl_rate_baixo"", ""DEP_ccomp_rate_alto"", ""DEP_nsubj:pass_rate_baixo""]",3,8306eaa48581
0.1050925925925926,"[""DEP_acl_rate_baixo"", ""DEP_ccomp_rate_alto"", ""DEP_nummod_rate_baixo""]",3,0b60e0828229
0.097222222222222224,"[""DEP_acl_rate_baixo"", ""DEP_aux:pass_rate_baixo"", ""DEP_ccomp_rate_alto""]",3,41d5b8e6075e
0.093055555555555558,"[""DEP_acl:relcl_rate_baixo"", ""DEP_acl_rate_baixo"", ""DEP_ccomp_rate_alto""]",3,2902cf15c127
0.23587962962962963,"[""DEP_advmod_rate_baixo"", ""DEP_nsubj:pass_rate_baixo""]",2,55a1533fbbf9
0.22152777777777777,"[""DEP_advmod_rate_baixo"", ""DEP_aux:pass_rate_baixo""]",2,c8f4f713da8f
0.2074074074074074,"[""DEP_advcl_rate_baixo"", ""DEP_advmod_rate_baixo""]",2,11e010b31664
0.2050925925925926,"[""DEP_advmod_rate_baixo"", ""DEP_nummod_rate_baixo""]",2,bebbd033ab04
0.2011574074074074,"[""DEP_advmod_rate_baixo"", ""DEP_ccomp_rate_baixo""]",2,b059042449b5
0.1701388888888889,"[""DEP_acl_rate_baixo"", ""DEP_advmod_rate_baixo""]",2,8237047f7095
0.12546296296296297,"[""DEP_advmod_rate_baixo"", ""uppercaseRatio_baixo""]",2,36a18538e82d
0.20648148148148149,"[""DEP_advmod_rate_baixo"", ""DEP_cop_rate_baixo""]",2,ff096538fe51
0.2048611111111111,"[""DEP_acl:relcl_rate_baixo"", ""DEP_advmod_rate_baixo""]",2,6db01a8924b7
0.17430555555555555,"[""DEP_advmod_rate_baixo"", ""DEP_xcomp_rate_baixo""]",2,b6ec457c440d
0.14143518518518519,"[""DEP_advmod_rate_baixo"", ""POS_NUM_rate_baixo""]",2,4b6d355f039d
0.12893518518518518,"[""DEP_advmod_rate_baixo"", ""POS_PRON_rate_baixo""]",2,7449069ce5ca
0.21944444444444444,"[""DEP_advmod_rate_baixo"", ""DEP_aux:pass_rate_baixo"", ""DEP_nsubj:pass_rate_baixo""]",3,f321d15a6441
0.14907407407407408,"[""DEP_advcl_rate_baixo"", ""DEP_advmod_rate_baixo"", ""DEP_nsubj:pass_rate_baixo""]",3,6e0bc967e9df
0.14120370370370369,"[""DEP_advcl_rate_baixo"", ""DEP_advmod_rate_baixo"", ""DEP_aux:pass_rate_baixo""]",3,e9c23081e32f
0.15231481481481482,"[""DEP_advmod_rate_baixo"", ""DEP_nsubj:pass_rate_baixo"", ""DEP_nummod_rate_baixo""]",3,1a2454e31028
0.14351851851851852,"[""DEP_advmod_rate_baixo"", ""DEP_aux:pass_rate_baixo"", ""DEP_nummod_rate_baixo""]",3,aa08e0931883
0.12685185185185185,"[""DEP_advcl_rate_baixo"", ""DEP_advmod_rate_baixo"", ""DEP_nummod_rate_baixo""]",3,289e77086313
0.12916666666666668,"[""DEP_advmod_rate_baixo"", ""DEP_cop_rate_baixo"", ""DEP_nummod_rate_baixo""]",3,29b5632892c5
0.14444444444444443,"[""DEP_advmod_rate_baixo"", ""DEP_ccomp_rate_baixo"", ""DEP_nsubj:pass_rate_baixo""]",3,99ca99fc0289
0.13750000000000001,"[""DEP_advmod_rate_baixo"", ""DEP_aux:pass_rate_baixo"", ""DEP_ccomp_rate_baixo""]",3,800e553c7ea3
0.12962962962962962,"[""DEP_advcl_rate_baixo"", ""DEP_advmod_rate_baixo"", ""DEP_ccomp_rate_baixo""]",3,41a962e4c892
0.12430555555555556,"[""DEP_advmod_rate_baixo"", ""DEP_ccomp_rate_baixo"", ""DEP_nummod_rate_baixo""]",3,69e112a31fb9
0.13125000000000001,"[""DEP_advmod_rate_baixo"", ""DEP_ccomp_rate_baixo"", ""DEP_cop_rate_baixo""]",3,7774d24af9b6
0.12083333333333333,"[""DEP_acl:relcl_rate_baixo"", ""DEP_advmod_rate_baixo"", ""DEP_ccomp_rate_baixo""]",3,d45886e1a2bf
0.11736111111111111,"[""DEP_acl_rate_baixo"", ""DEP_advmod_rate_baixo"", ""DEP_nsubj:pass_rate_baixo""]",3,ecdf5e0a23d9
0.11018518518518519,"[""DEP_acl_rate_baixo"", ""DEP_advmod_rate_baixo"", ""DEP_aux:pass_rate_baixo""]",3,4e68c51ecccc
0.10810185185185185,"[""DEP_acl_rate_baixo"", ""DEP_advmod_rate_baixo"", ""DEP_nummod_rate_baixo""]",3,9d73ad2d70c4
0.1076388888888889,"[""DEP_acl_rate_baixo"", ""DEP_advcl_rate_baixo"", ""DEP_advmod_rate_baixo""]",3,adb1e6842365
0.10486111111111111,"[""DEP_acl_rate_baixo"", ""DEP_advmod_rate_baixo"", ""DEP_ccomp_rate_baixo""]",3,7f93f9bf47cf
0.10625,"[""DEP_acl_rate_baixo"", ""DEP_advmod_rate_baixo"", ""DEP_cop_rate_baixo""]",3,6e52c0ed052d
0.10532407407407407,"[""DEP_acl:relcl_rate_baixo"", ""DEP_acl_rate_baixo"", ""DEP_advmod_rate_baixo""]",3,e96b56d9447d
0.091898148148148145,"[""DEP_acl_rate_baixo"", ""DEP_advmod_rate_baixo"", ""DEP_xcomp_rate_baixo""]",3,d68db4ce0812
0.09166666666666666,"[""DEP_advmod_rate_baixo"", ""DEP_nsubj:pass_rate_baixo"", ""uppercaseRatio_baixo""]",3,c662f9498f45
0.086342592592592596,"[""DEP_advmod_rate_baixo"", ""DEP_aux:pass_rate_baixo"", ""uppercaseRatio_baixo""]",3,324d2409855d
0.08009259259259259,"[""DEP_advmod_rate_baixo"", ""DEP_nummod_rate_baixo"", ""uppercaseRatio_baixo""]",3,4f3ffc51855a
0.14606481481481481,"[""DEP_advmod_rate_baixo"", ""DEP_cop_rate_baixo"", ""DEP_nsubj:pass_rate_baixo""]",3,988c0fcee777
0.13055555555555556,"[""DEP_advcl_rate_baixo"", ""DEP_advmod_rate_baixo"", ""DEP_cop_rate_baixo""]",3,822ea962825d
0.13541666666666666,"[""DEP_advmod_rate_baixo"", ""DEP_aux:pass_rate_baixo"", ""DEP_cop_rate_baixo""]",3,2cdab8203791
0.14652777777777778,"[""DEP_acl:relcl_rate_baixo"", ""DEP_advmod_rate_baixo"", ""DEP_nsubj:pass_rate_baixo""]",3,eedea93d1e66
0.13819444444444445,"[""DEP_acl:relcl_rate_baixo"", ""DEP_advmod_rate_baixo"", ""DEP_aux:pass_rate_baixo""]",3,ce231b603501
0.13310185185185186,"[""DEP_acl:relcl_rate_baixo"", ""DEP_advmod_rate_baixo"", ""DEP_cop_rate_baixo""]",3,07e89216d7ee
0.1275462962962963,"[""DEP_acl:relcl_rate_baixo"", ""DEP_advmod_rate_baixo"", ""DEP_nummod_rate_baixo""]",3,4d61c2ac3c7f
0.12662037037037038,"[""DEP_acl:relcl_rate_baixo"", ""DEP_advcl_rate_baixo"", ""DEP_advmod_rate_baixo""]",3,b62a57cf20e0
0.12268518518518519,"[""DEP_advmod_rate_baixo"", ""DEP_nsubj:pass_rate_baixo"", ""DEP_xcomp_rate_baixo""]",3,b16038bd1d86
0.11874999999999999,"[""DEP_advmod_rate_baixo"", ""DEP_aux:pass_rate_baixo"", ""DEP_xcomp_rate_baixo""]",3,6c67726738aa
0.11712962962962963,"[""DEP_advmod_rate_baixo"", ""DEP_ccomp_rate_baixo"", ""DEP_xcomp_rate_baixo""]",3,48e93bcd83b3
0.11458333333333333,"[""DEP_advcl_rate_baixo"", ""DEP_advmod_rate_baixo"", ""DEP_xcomp_rate_baixo""]",3,7ea7b119e2b8
0.11087962962962963,"[""DEP_acl:relcl_rate_baixo"", ""DEP_advmod_rate_baixo"", ""DEP_xcomp_rate_baixo""]",3,e64f7b100362
0.11041666666666666,"[""DEP_advmod_rate_baixo"", ""DEP_cop_rate_baixo"", ""DEP_xcomp_rate_baixo""]",3,8bcccd408e9f
0.10740740740740741,"[""DEP_advmod_rate_baixo"", ""DEP_nummod_rate_baixo"", ""DEP_xcomp_rate_baixo""]",3,a4d41e844284
0.14097222222222222,"[""DEP_advmod_rate_baixo"", ""DEP_nummod_rate_baixo"", ""POS_NUM_rate_baixo""]",3,775b1755d5c0
0.10833333333333334,"[""DEP_advmod_rate_baixo"", ""DEP_nsubj:pass_rate_baixo"", ""POS_NUM_rate_baixo""]",3,59e815a8e4f0
0.10138888888888889,"[""DEP_advmod_rate_baixo"", ""DEP_aux:pass_rate_baixo"", ""POS_NUM_rate_baixo""]",3,c5176bc5a73e
0.08981481481481482,"[""DEP_acl:relcl_rate_baixo"", ""DEP_advmod_rate_baixo"", ""POS_NUM_rate_baixo""]",3,5ad3ca14d06d
0.086342592592592596,"[""DEP_advmod_rate_baixo"", ""DEP_cop_rate_baixo"", ""POS_NUM_rate_baixo""]",3,dfec261a797f
0.083796296296296299,"[""DEP_advmod_rate_baixo"", ""DEP_ccomp_rate_baixo"", ""POS_NUM_rate_baixo""]",3,bdb9a9b52d1e
0.083796296296296299,"[""DEP_advcl_rate_baixo"", ""DEP_advmod_rate_baixo"", ""POS_NUM_rate_baixo""]",3,448753a65784
0.12615740740740741,"[""DEP_acl:relcl_rate_baixo"", ""DEP_advmod_rate_baixo"", ""POS_PRON_rate_baixo""]",3,31010b851e91
0.092361111111111116,"[""DEP_advmod_rate_baixo"", ""DEP_nsubj:pass_rate_baixo"", ""POS_PRON_rate_baixo""]",3,a9dcde813a56
0.087268518518518523,"[""DEP_advmod_rate_baixo"", ""DEP_cop_rate_baixo"", ""POS_PRON_rate_baixo""]",3,a9af95a12e6d
0.086805555555555552,"[""DEP_advmod_rate_baixo"", ""DEP_aux:pass_rate_baixo"", ""POS_PRON_rate_baixo""]",3,f4feb65bec6b
0.082407407407407401,"[""DEP_advmod_rate_baixo"", ""DEP_ccomp_rate_baixo"", ""POS_PRON_rate_baixo""]",3,e485a8970aca
0.082407407407407401,"[""DEP_advcl_rate_baixo"", ""DEP_advmod_rate_baixo"", ""POS_PRON_rate_baixo""]",3,f44ef52cb2f0
0.20601851851851852,"[""DEP_cc_rate_baixo"", ""DEP_nsubj:pass_rate_baixo""]",2,1c871614b35d
0.18958333333333333,"[""DEP_aux:pass_rate_baixo"", ""DEP_cc_rate_baixo""]",2,1ce4f179d3ea
0.1849537037037037,"[""DEP_cc_rate_baixo"", ""DEP_nummod_rate_baixo""]",2,34fb891f6f1c
0.16643518518518519,"[""DEP_advcl_rate_baixo"", ""DEP_cc_rate_baixo""]",2,98e9a3058b01
0.1648148148148148,"[""DEP_cc_rate_baixo"", ""DEP_ccomp_rate_baixo""]",2,2ab6c60c7626
0.15254629629629629,"[""DEP_acl_rate_baixo"", ""DEP_cc_rate_baixo""]",2,fe4053e5745f
0.12592592592592591,"[""DEP_cc_rate_baixo"", ""uppercaseRatio_baixo""]",2,7a3fd311f9c8
0.1037037037037037,"[""DEP_advmod_rate_baixo"", ""DEP_cc_rate_baixo""]",2,cf76727e7add
0.16921296296296295,"[""DEP_cc_rate_baixo"", ""DEP_cop_rate_baixo""]",2,96441a2b8367
0.15115740740740741,"[""DEP_cc_rate_baixo"", ""DEP_xcomp_rate_baixo""]",2,268b7a0cf9f9
0.11481481481481481,"[""DEP_cc_rate_baixo"", ""POS_NUM_rate_baixo""]",2,568127ad0dfd
0.17592592592592593,"[""DEP_acl:relcl_rate_baixo"", ""DEP_cc_rate_baixo""]",2,f154cfdb8196
0.084259259259259256,"[""DEP_cc_rate_baixo"", ""POS_SCONJ_rate_baixo""]",2,d86f0456d431
0.084027777777777785,"[""DEP_cc_rate_baixo"", ""DEP_mark_rate_baixo""]",2,6205cdff2f24
0.09930555555555555,"[""DEP_cc_rate_baixo"", ""POS_PRON_rate_baixo""]",2,2f500411f343
0.18796296296296297,"[""DEP_aux:pass_rate_baixo"", ""DEP_cc_rate_baixo"", ""DEP_nsubj:pass_rate_baixo""]",3,2176468a3851
0.13009259259259259,"[""DEP_cc_rate_baixo"", ""DEP_nsubj:pass_rate_baixo"", ""DEP_nummod_rate_baixo""]",3,aac3b9e2f534
0.12037037037037036,"[""DEP_aux:pass_rate_baixo"", ""DEP_cc_rate_baixo"", ""DEP_nummod_rate_baixo""]",3,b2679028c21a
0.11180555555555556,"[""DEP_advcl_rate_baixo"", ""DEP_cc_rate_baixo"", ""DEP_nsubj:pass_rate_baixo""]",3,232d8d1a2149
0.10462962962962963,"[""DEP_advcl_rate_baixo"", ""DEP_aux:pass_rate_baixo"", ""DEP_cc_rate_baixo""]",3,59c40908c0d4
0.09976851851851852,"[""DEP_advcl_rate_baixo"", ""DEP_cc_rate_baixo"", ""DEP_nummod_rate_baixo""]",3,ab8dee9e5798
0.092361111111111116,"[""DEP_advcl_rate_baixo"", ""DEP_cc_rate_baixo"", ""DEP_cop_rate_baixo""]",3,d42dc5cc4ad6
0.090740740740740747,"[""DEP_acl:relcl_rate_baixo"", ""DEP_advcl_rate_baixo"", ""DEP_cc_rate_baixo""]",3,18913379efb5
0.10972222222222222,"[""DEP_cc_rate_baixo"", ""DEP_ccomp_rate_baixo"", ""DEP_nsubj:pass_rate_baixo""]",3,b8521300f4e3
0.10000000000000001,"[""DEP_aux:pass_rate_baixo"", ""DEP_cc_rate_baixo"", ""DEP_ccomp_rate_baixo""]",3,62aaf8b9d061
0.093981481481481485,"[""DEP_advcl_rate_baixo"", ""DEP_cc_rate_baixo"", ""DEP_ccomp_rate_baixo""]",3,70d70d2c04b5
0.093518518518518515,"[""DEP_cc_rate_baixo"", ""DEP_ccomp_rate_baixo"", ""DEP_nummod_rate_baixo""]",3,85a21dcad287
0.092824074074074073,"[""DEP_acl:relcl_rate_baixo"", ""DEP_cc_rate_baixo"", ""DEP_ccomp_rate_baixo""]",3,cea63bfe6833
0.097916666666666666,"[""DEP_cc_rate_baixo"", ""DEP_ccomp_rate_baixo"", ""DEP_cop_rate_baixo""]",3,5b02387eaa39
0.10277777777777777,"[""DEP_acl_rate_baixo"", ""DEP_cc_rate_baixo"", ""DEP_nsubj:pass_rate_baixo""]",3,3316eec9d362
0.098148148148148151,"[""DEP_acl_rate_baixo"", ""DEP_cc_rate_baixo"", ""DEP_nummod_rate_baixo""]",3,9931bd1eb04e
0.093518518518518515,"[""DEP_acl_rate_baixo"", ""DEP_aux:pass_rate_baixo"", ""DEP_cc_rate_baixo""]",3,e06429b26fdb
0.083101851851851857,"[""DEP_acl_rate_baixo"", ""DEP_cc_rate_baixo"", ""DEP_ccomp_rate_baixo""]",3,c1e8171e1887
0.08217592592592593,"[""DEP_acl_rate_baixo"", ""DEP_advcl_rate_baixo"", ""DEP_cc_rate_baixo""]",3,60712ede63d9
0.083564814814814814,"[""DEP_acl:relcl_rate_baixo"", ""DEP_acl_rate_baixo"", ""DEP_cc_rate_baixo""]",3,99e341b37f03
0.082870370370370372,"[""DEP_acl_rate_baixo"", ""DEP_cc_rate_baixo"", ""DEP_cop_rate_baixo""]",3,5f8cdbc861a3
0.086342592592592596,"[""DEP_cc_rate_baixo"", ""DEP_nsubj:pass_rate_baixo"", ""uppercaseRatio_baixo""]",3,331a96db0289
0.11203703703703703,"[""DEP_cc_rate_baixo"", ""DEP_cop_rate_baixo"", ""DEP_nsubj:pass_rate_baixo""]",3,d0a095e3ae57
0.10532407407407407,"[""DEP_cc_rate_baixo"", ""DEP_cop_rate_baixo"", ""DEP_nummod_rate_baixo""]",3,f15b04266488
0.10277777777777777,"[""DEP_aux:pass_rate_baixo"", ""DEP_cc_rate_baixo"", ""DEP_cop_rate_baixo""]",3,00e39278df1d
0.10625,"[""DEP_acl:relcl_rate_baixo"", ""DEP_cc_rate_baixo"", ""DEP_cop_rate_baixo""]",3,19102cbac6c5
0.10231481481481482,"[""DEP_cc_rate_baixo"", ""DEP_nsubj:pass_rate_baixo"", ""DEP_xcomp_rate_baixo""]",3,09c09fa3da23
0.095601851851851855,"[""DEP_aux:pass_rate_baixo"", ""DEP_cc_rate_baixo"", ""DEP_xcomp_rate_baixo""]",3,be94a7abf384
0.089583333333333334,"[""DEP_cc_rate_baixo"", ""DEP_nummod_rate_baixo"", ""DEP_xcomp_rate_baixo""]",3,34c13c3e67aa
0.085648148148148154,"[""DEP_cc_rate_baixo"", ""DEP_cop_rate_baixo"", ""DEP_xcomp_rate_baixo""]",3,b0037a1aa6b5
0.091435185185185189,"[""DEP_acl:relcl_rate_baixo"", ""DEP_cc_rate_baixo"", ""DEP_xcomp_rate_baixo""]",3,5555bca93267
0.089583333333333334,"[""DEP_cc_rate_baixo"", ""DEP_ccomp_rate_baixo"", ""DEP_xcomp_rate_baixo""]",3,bc9e0daf12f5
0.08611111111111111,"[""DEP_advcl_rate_baixo"", ""DEP_cc_rate_baixo"", ""DEP_xcomp_rate_baixo""]",3,a78c0ecd58cf
0.1136574074074074,"[""DEP_cc_rate_baixo"", ""DEP_nummod_rate_baixo"", ""POS_NUM_rate_baixo""]",3,59cb0d0267b3
0.080555555555555561,"[""DEP_cc_rate_baixo"", ""DEP_nsubj:pass_rate_baixo"", ""POS_NUM_rate_baixo""]",3,b8efa6842ddd
0.12060185185185185,"[""DEP_acl:relcl_rate_baixo"", ""DEP_cc_rate_baixo"", ""DEP_nsubj:pass_rate_baixo""]",3,140bb7de0619
0.11180555555555556,"[""DEP_acl:relcl_rate_baixo"", ""DEP_aux:pass_rate_baixo"", ""DEP_cc_rate_baixo""]",3,fa7b0a98f5ad
0.11064814814814815,"[""DEP_acl:relcl_rate_baixo"", ""DEP_cc_rate_baixo"", ""DEP_nummod_rate_baixo""]",3,aa21d912c409
0.094675925925925927,"[""DEP_acl:relcl_rate_baixo"", ""DEP_cc_rate_baixo"", ""POS_PRON_rate_baixo""]",3,8cccc8454c6b
0.28495370370370371,"[""DEP_advmod_rate_baixo"", ""POS_ADV_rate_baixo""]",2,afaef19656e5
0.21319444444444444,"[""DEP_nsubj:pass_rate_baixo"", ""POS_ADV_rate_baixo""]",2,30164dfed436
0.20162037037037037,"[""DEP_aux:pass_rate_baixo"", ""POS_ADV_rate_baixo""]",2,c025e1cc5d65
0.18981481481481483,"[""DEP_advcl_rate_baixo"", ""POS_ADV_rate_baixo""]",2,0be090b950f3
0.18587962962962962,"[""DEP_nummod_rate_baixo"", ""POS_ADV_rate_baixo""]",2,37aa585ee100
0.18240740740740741,"[""DEP_ccomp_rate_baixo"", ""POS_ADV_rate_baixo""]",2,4cc1ca83421c
0.15439814814814815,"[""DEP_acl_rate_baixo"", ""POS_ADV_rate_baixo""]",2,563fd0116fd9
0.11203703703703703,"[""POS_ADV_rate_baixo"", ""uppercaseRatio_baixo""]",2,60657c67152a
0.095370370370370369,"[""DEP_cc_rate_baixo"", ""POS_ADV_rate_baixo""]",2,1b126e071120
0.18958333333333333,"[""DEP_cop_rate_baixo"", ""POS_ADV_rate_baixo""]",2,69f6ab91dfe7
0.18564814814814815,"[""DEP_acl:relcl_rate_baixo"", ""POS_ADV_rate_baixo""]",2,7ff1286cf9be
0.15856481481481483,"[""DEP_xcomp_rate_baixo"", ""POS_ADV_rate_baixo""]",2,0e815261b3dd
0.1275462962962963,"[""POS_ADV_rate_baixo"", ""POS_NUM_rate_baixo""]",2,e228338dd867
0.11828703703703704,"[""POS_ADV_rate_baixo"", ""POS_PRON_rate_baixo""]",2,0c201f82791a
0.11273148148148149,"[""DEP_mark_rate_baixo"", ""POS_ADV_rate_baixo""]",2,31770ec54621
0.10856481481481481,"[""POS_ADV_rate_baixo"", ""POS_SCONJ_rate_baixo""]",2,2d48f17f644a
0.20462962962962963,"[""DEP_advmod_rate_baixo"", ""DEP_nsubj:pass_rate_baixo"", ""POS_ADV_rate_baixo""]",3,340698e8be61
0.19930555555555557,"[""DEP_aux:pass_rate_baixo"", ""DEP_nsubj:pass_rate_baixo"", ""POS_ADV_rate_baixo""]",3,d41df0afd451
0.19328703703703703,"[""DEP_advmod_rate_baixo"", ""DEP_aux:pass_rate_baixo"", ""POS_ADV_rate_baixo""]",3,fdbef004dc26
0.18472222222222223,"[""DEP_advcl_rate_baixo"", ""DEP_advmod_rate_baixo"", ""POS_ADV_rate_baixo""]",3,b86bb0636b87
0.13726851851851851,"[""DEP_advcl_rate_baixo"", ""DEP_nsubj:pass_rate_baixo"", ""POS_ADV_rate_baixo""]",3,42f60e5cc007
0.13009259259259259,"[""DEP_advcl_rate_baixo"", ""DEP_aux:pass_rate_baixo"", ""POS_ADV_rate_baixo""]",3,43626e428c66
0.18032407407407408,"[""DEP_advmod_rate_baixo"", ""DEP_nummod_rate_baixo"", ""POS_ADV_rate_baixo""]",3,a59216a7f7ca
0.13796296296296295,"[""DEP_nsubj:pass_rate_baixo"", ""DEP_nummod_rate_baixo"", ""POS_ADV_rate_baixo""]",3,bba91109e0e2
0.13078703703703703,"[""DEP_aux:pass_rate_baixo"", ""DEP_nummod_rate_baixo"", ""POS_ADV_rate_baixo""]",3,4d3cfc799b9c
0.1150462962962963,"[""DEP_advcl_rate_baixo"", ""DEP_nummod_rate_baixo"", ""POS_ADV_rate_baixo""]",3,f35b2998aadb
0.1175925925925926,"[""DEP_cop_rate_baixo"", ""DEP_nummod_rate_baixo"", ""POS_ADV_rate_baixo""]",3,69d27693ae60
0.17546296296296296,"[""DEP_advmod_rate_baixo"", ""DEP_ccomp_rate_baixo"", ""POS_ADV_rate_baixo""]",3,7313e2f29fbd
0.12916666666666668,"[""DEP_ccomp_rate_baixo"", ""DEP_nsubj:pass_rate_baixo"", ""POS_ADV_rate_baixo""]",3,93c6332fc0f6
0.12361111111111112,"[""DEP_aux:pass_rate_baixo"", ""DEP_ccomp_rate_baixo"", ""POS_ADV_rate_baixo""]",3,6e3fa7109a9e
0.11944444444444445,"[""DEP_advcl_rate_baixo"", ""DEP_ccomp_rate_baixo"", ""POS_ADV_rate_baixo""]",3,f7b0aa33cc43
0.11273148148148149,"[""DEP_ccomp_rate_baixo"", ""DEP_nummod_rate_baixo"", ""POS_ADV_rate_baixo""]",3,402d60ff9cf3
0.12129629629629629,"[""DEP_ccomp_rate_baixo"", ""DEP_cop_rate_baixo"", ""POS_ADV_rate_baixo""]",3,1406d00013f7
0.11041666666666666,"[""DEP_acl:relcl_rate_baixo"", ""DEP_ccomp_rate_baixo"", ""POS_ADV_rate_baixo""]",3,ecbd63e3ea22
0.1476851851851852,"[""DEP_acl_rate_baixo"", ""DEP_advmod_rate_baixo"", ""POS_ADV_rate_baixo""]",3,3ee6f63f6f57
0.10555555555555556,"[""DEP_acl_rate_baixo"", ""DEP_nsubj:pass_rate_baixo"", ""POS_ADV_rate_baixo""]",3,8fc9255c71de
0.10023148148148148,"[""DEP_acl_rate_baixo"", ""DEP_aux:pass_rate_baixo"", ""POS_ADV_rate_baixo""]",3,42b68604b0ea
0.097453703703703709,"[""DEP_acl_rate_baixo"", ""DEP_nummod_rate_baixo"", ""POS_ADV_rate_baixo""]",3,1bd91c9ad140
0.097453703703703709,"[""DEP_acl_rate_baixo"", ""DEP_advcl_rate_baixo"", ""POS_ADV_rate_baixo""]",3,f5c7c1b03149
0.09583333333333334,"[""DEP_acl_rate_baixo"", ""DEP_ccomp_rate_baixo"", ""POS_ADV_rate_baixo""]",3,e817d029ba64
0.094907407407407413,"[""DEP_acl_rate_baixo"", ""DEP_cop_rate_baixo"", ""POS_ADV_rate_baixo""]",3,f953343fe42d
0.09583333333333334,"[""DEP_acl:relcl_rate_baixo"", ""DEP_acl_rate_baixo"", ""POS_ADV_rate_baixo""]",3,360c11eae70b
0.083101851851851857,"[""DEP_acl_rate_baixo"", ""DEP_xcomp_rate_baixo"", ""POS_ADV_rate_baixo""]",3,5f7156837db3
0.10717592592592592,"[""DEP_advmod_rate_baixo"", ""POS_ADV_rate_baixo"", ""uppercaseRatio_baixo""]",3,d6653a7c843d
0.081250000000000003,"[""DEP_nsubj:pass_rate_baixo"", ""POS_ADV_rate_baixo"", ""uppercaseRatio_baixo""]",3,6d84f86a474c
0.091435185185185189,"[""DEP_advmod_rate_baixo"", ""DEP_cc_rate_baixo"", ""POS_ADV_rate_baixo""]",3,8eb983989690
0.18287037037037038,"[""DEP_advmod_rate_baixo"", ""DEP_cop_rate_baixo"", ""POS_ADV_rate_baixo""]",3,b06cf5e998e2
0.13402777777777777,"[""DEP_cop_rate_baixo"", ""DEP_nsubj:pass_rate_baixo"", ""POS_ADV_rate_baixo""]",3,5f6d163d9db7
0.12106481481481482,"[""DEP_advcl_rate_baixo"", ""DEP_cop_rate_baixo"", ""POS_ADV_rate_baixo""]",3,a3af1972e5f7
0.12523148148148147,"[""DEP_aux:pass_rate_baixo"", ""DEP_cop_rate_baixo"", ""POS_ADV_rate_baixo""]",3,41ab86edaf31
0.17939814814814814,"[""DEP_acl:relcl_rate_baixo"", ""DEP_advmod_rate_baixo"", ""POS_ADV_rate_baixo""]",3,2465ffe4f09d
0.13148148148148148,"[""DEP_acl:relcl_rate_baixo"", ""DEP_nsubj:pass_rate_baixo"", ""POS_ADV_rate_baixo""]",3,cd5abd1a7538
0.12453703703703704,"[""DEP_acl:relcl_rate_baixo"", ""DEP_aux:pass_rate_baixo"", ""POS_ADV_rate_baixo""]",3,8d0fa9d8d534
0.12291666666666666,"[""DEP_acl:relcl_rate_baixo"", ""DEP_cop_rate_baixo"", ""POS_ADV_rate_baixo""]",3,c37d8e6fe156
0.1162037037037037,"[""DEP_acl:relcl_rate_baixo"", ""DEP_advcl_rate_baixo"", ""POS_ADV_rate_baixo""]",3,716fa36b3452
0.11574074074074074,"[""DEP_acl:relcl_rate_baixo"", ""DEP_nummod_rate_baixo"", ""POS_ADV_rate_baixo""]",3,d55f6dced0d8
0.1537037037037037,"[""DEP_advmod_rate_baixo"", ""DEP_xcomp_rate_baixo"", ""POS_ADV_rate_baixo""]",3,810e5422566a
0.11064814814814815,"[""DEP_nsubj:pass_rate_baixo"", ""DEP_xcomp_rate_baixo"", ""POS_ADV_rate_baixo""]",3,ac59c7cc8f98
0.10671296296296297,"[""DEP_ccomp_rate_baixo"", ""DEP_xcomp_rate_baixo"", ""POS_ADV_rate_baixo""]",3,c1cca9f98ef1
0.10648148148148148,"[""DEP_aux:pass_rate_baixo"", ""DEP_xcomp_rate_baixo"", ""POS_ADV_rate_baixo""]",3,49f39cb5452a
0.10439814814814814,"[""DEP_advcl_rate_baixo"", ""DEP_xcomp_rate_baixo"", ""POS_ADV_rate_baixo""]",3,98aa7d8933d1
0.10324074074074074,"[""DEP_cop_rate_baixo"", ""DEP_xcomp_rate_baixo"", ""POS_ADV_rate_baixo""]",3,64fc3f28992f
0.10162037037037037,"[""DEP_acl:relcl_rate_baixo"", ""DEP_xcomp_rate_baixo"", ""POS_ADV_rate_baixo""]",3,faeb1e3d65e7
0.097453703703703709,"[""DEP_nummod_rate_baixo"", ""DEP_xcomp_rate_baixo"", ""POS_ADV_rate_baixo""]",3,fcd9552c99ca
0.12731481481481483,"[""DEP_nummod_rate_baixo"", ""POS_ADV_rate_baixo"", ""POS_NUM_rate_baixo""]",3,b2fff41f5dd8
0.12337962962962963,"[""DEP_advmod_rate_baixo"", ""POS_ADV_rate_baixo"", ""POS_NUM_rate_baixo""]",3,617fe5f18ff2
0.09768518518518518,"[""DEP_nsubj:pass_rate_baixo"", ""POS_ADV_rate_baixo"", ""POS_NUM_rate_baixo""]",3,24050929514e
0.092129629629629631,"[""DEP_aux:pass_rate_baixo"", ""POS_ADV_rate_baixo"", ""POS_NUM_rate_baixo""]",3,7359e1d91b3d
0.11597222222222223,"[""DEP_acl:relcl_rate_baixo"", ""POS_ADV_rate_baixo"", ""POS_PRON_rate_baixo""]",3,26f10eb66771
0.11412037037037037,"[""DEP_advmod_rate_baixo"", ""POS_ADV_rate_baixo"", ""POS_PRON_rate_baixo""]",3,07169a263124
0.084490740740740741,"[""DEP_nsubj:pass_rate_baixo"", ""POS_ADV_rate_baixo"", ""POS_PRON_rate_baixo""]",3,67c9d3c2a060
0.081481481481481488,"[""DEP_cop_rate_baixo"", ""POS_ADV_rate_baixo"", ""POS_PRON_rate_baixo""]",3,588ce2aed9f7
0.10856481481481481,"[""DEP_advmod_rate_baixo"", ""DEP_mark_rate_baixo"", ""POS_ADV_rate_baixo""]",3,4914adcef342
0.1011574074074074,"[""DEP_ccomp_rate_baixo"", ""DEP_mark_rate_baixo"", ""POS_ADV_rate_baixo""]",3,e99de9c0a20e
0.095370370370370369,"[""DEP_advcl_rate_baixo"", ""DEP_mark_rate_baixo"", ""POS_ADV_rate_baixo""]",3,a876bb3aaca2
0.10648148148148148,"[""DEP_mark_rate_baixo"", ""POS_ADV_rate_baixo"", ""POS_SCONJ_rate_baixo""]",3,052e3fabd61d
0.1050925925925926,"[""DEP_advmod_rate_baixo"", ""POS_ADV_rate_baixo"", ""POS_SCONJ_rate_baixo""]",3,284f22364782
0.097453703703703709,"[""DEP_ccomp_rate_baixo"", ""POS_ADV_rate_baixo"", ""POS_SCONJ_rate_baixo""]",3,e4502054de66
0.092129629629629631,"[""DEP_advcl_rate_baixo"", ""POS_ADV_rate_baixo"", ""POS_SCONJ_rate_baixo""]",3,48b2a3979421
0.28518518518518521,"[""DEP_cc_rate_baixo"", ""POS_CCONJ_rate_baixo""]",2,6190323aa629
0.19722222222222222,"[""DEP_nsubj:pass_rate_baixo"", ""POS_CCONJ_rate_baixo""]",2,37968510b9bc
0.18194444444444444,"[""DEP_aux:pass_rate_baixo"", ""POS_CCONJ_rate_baixo""]",2,bad1f752e07a
0.17962962962962964,"[""DEP_nummod_rate_baixo"", ""POS_CCONJ_rate_baixo""]",2,56c4dca755d1
0.16041666666666668,"[""DEP_advcl_rate_baixo"", ""POS_CCONJ_rate_baixo""]",2,298a1525cb78
0.15856481481481483,"[""DEP_ccomp_rate_baixo"", ""POS_CCONJ_rate_baixo""]",2,4ed044e943a2
0.1476851851851852,"[""DEP_acl_rate_baixo"", ""POS_CCONJ_rate_baixo""]",2,199320a8b69a
0.12152777777777778,"[""POS_CCONJ_rate_baixo"", ""uppercaseRatio_baixo""]",2,bf9c8f3f49cb
0.098842592592592593,"[""DEP_advmod_rate_baixo"", ""POS_CCONJ_rate_baixo""]",2,c98b0f5bccdf
0.090277777777777776,"[""POS_ADV_rate_baixo"", ""POS_CCONJ_rate_baixo""]",2,5ad692a7abff
0.16157407407407406,"[""DEP_cop_rate_baixo"", ""POS_CCONJ_rate_baixo""]",2,b24bc87c10b7
0.14583333333333334,"[""DEP_xcomp_rate_baixo"", ""POS_CCONJ_rate_baixo""]",2,ad1c5b7125aa
0.11134259259259259,"[""POS_CCONJ_rate_baixo"", ""POS_NUM_rate_baixo""]",2,d5aa53a1d99e
0.17037037037037037,"[""DEP_acl:relcl_rate_baixo"", ""POS_CCONJ_rate_baixo""]",2,f4cc21de7c7c
0.081018518518518517,"[""DEP_mark_rate_baixo"", ""POS_CCONJ_rate_baixo""]",2,f5b0d4ea2267
0.08009259259259259,"[""POS_CCONJ_rate_baixo"", ""POS_SCONJ_rate_baixo""]",2,fccc650fe4d9
0.095601851851851855,"[""POS_CCONJ_rate_baixo"", ""POS_PRON_rate_baixo""]",2,a5779b7611a2
0.19490740740740742,"[""DEP_cc_rate_baixo"", ""DEP_nsubj:pass_rate_baixo"", ""POS_CCONJ_rate_baixo""]",3,6c7a5319ea7a
0.18032407407407408,"[""DEP_aux:pass_rate_baixo"", ""DEP_nsubj:pass_rate_baixo"", ""POS_CCONJ_rate_baixo""]",3,0622ce83bc88
0.17962962962962964,"[""DEP_aux:pass_rate_baixo"", ""DEP_cc_rate_baixo"", ""POS_CCONJ_rate_baixo""]",3,fed7c51d6f4e
0.17731481481481481,"[""DEP_cc_rate_baixo"", ""DEP_nummod_rate_baixo"", ""POS_CCONJ_rate_baixo""]",3,91501bd492b4
0.12592592592592591,"[""DEP_nsubj:pass_rate_baixo"", ""DEP_nummod_rate_baixo"", ""POS_CCONJ_rate_baixo""]",3,0e646280560f
0.11666666666666667,"[""DEP_aux:pass_rate_baixo"", ""DEP_nummod_rate_baixo"", ""POS_CCONJ_rate_baixo""]",3,47d15cc82d94
0.15787037037037038,"[""DEP_advcl_rate_baixo"", ""DEP_cc_rate_baixo"", ""POS_CCONJ_rate_baixo""]",3,7378e5328285
0.10694444444444444,"[""DEP_advcl_rate_baixo"", ""DEP_nsubj:pass_rate_baixo"", ""POS_CCONJ_rate_baixo""]",3,394795dc20cf
0.10046296296296296,"[""DEP_advcl_rate_baixo"", ""DEP_aux:pass_rate_baixo"", ""POS_CCONJ_rate_baixo""]",3,7738d91a911f
0.097222222222222224,"[""DEP_advcl_rate_baixo"", ""DEP_nummod_rate_baixo"", ""POS_CCONJ_rate_baixo""]",3,5119a7401e74
0.088425925925925922,"[""DEP_advcl_rate_baixo"", ""DEP_cop_rate_baixo"", ""POS_CCONJ_rate_baixo""]",3,843674846d38
0.08819444444444445,"[""DEP_acl:relcl_rate_baixo"", ""DEP_advcl_rate_baixo"", ""POS_CCONJ_rate_baixo""]",3,2c486a4cd483
0.15648148148148147,"[""DEP_cc_rate_baixo"", ""DEP_ccomp_rate_baixo"", ""POS_CCONJ_rate_baixo""]",3,04890b03aa1d
0.1050925925925926,"[""DEP_ccomp_rate_baixo"", ""DEP_nsubj:pass_rate_baixo"", ""POS_CCONJ_rate_baixo""]",3,3512faca6043
0.096064814814814811,"[""DEP_aux:pass_rate_baixo"", ""DEP_ccomp_rate_baixo"", ""POS_CCONJ_rate_baixo""]",3,a4bd268aa4d8
0.090277777777777776,"[""DEP_advcl_rate_baixo"", ""DEP_ccomp_rate_baixo"", ""POS_CCONJ_rate_baixo""]",3,30b703fd6862
0.090277777777777776,"[""DEP_ccomp_rate_baixo"", ""DEP_nummod_rate_baixo"", ""POS_CCONJ_rate_baixo""]",3,79b7296fcfd3
0.08981481481481482,"[""DEP_acl:relcl_rate_baixo"", ""DEP_ccomp_rate_baixo"", ""POS_CCONJ_rate_baixo""]",3,cb9e076c0a81
0.093518518518518515,"[""DEP_ccomp_rate_baixo"", ""DEP_cop_rate_baixo"", ""POS_CCONJ_rate_baixo""]",3,7cecd18df76c
0.14629629629629629,"[""DEP_acl_rate_baixo"", ""DEP_cc_rate_baixo"", ""POS_CCONJ_rate_baixo""]",3,c8a5a8f88f81
0.098611111111111108,"[""DEP_acl_rate_baixo"", ""DEP_nsubj:pass_rate_baixo"", ""POS_CCONJ_rate_baixo""]",3,b2622e28c17d
0.096296296296296297,"[""DEP_acl_rate_baixo"", ""DEP_nummod_rate_baixo"", ""POS_CCONJ_rate_baixo""]",3,456502b69462
0.090046296296296291,"[""DEP_acl_rate_baixo"", ""DEP_aux:pass_rate_baixo"", ""POS_CCONJ_rate_baixo""]",3,b6d53ba18a3e
0.080324074074074076,"[""DEP_acl_rate_baixo"", ""DEP_ccomp_rate_baixo"", ""POS_CCONJ_rate_baixo""]",3,7279aa266b68
0.081481481481481488,"[""DEP_acl:relcl_rate_baixo"", ""DEP_acl_rate_baixo"", ""POS_CCONJ_rate_baixo""]",3,d2471ab4b1f4
0.11967592592592592,"[""DEP_cc_rate_baixo"", ""POS_CCONJ_rate_baixo"", ""uppercaseRatio_baixo""]",3,a5e3694196b4
0.083564814814814814,"[""DEP_nsubj:pass_rate_baixo"", ""POS_CCONJ_rate_baixo"", ""uppercaseRatio_baixo""]",3,89cb45f5fea4
0.098379629629629636,"[""DEP_advmod_rate_baixo"", ""DEP_cc_rate_baixo"", ""POS_CCONJ_rate_baixo""]",3,befb3468d3b0
0.090046296296296291,"[""DEP_cc_rate_baixo"", ""POS_ADV_rate_baixo"", ""POS_CCONJ_rate_baixo""]",3,126cb8e8007a
0.086574074074074067,"[""DEP_advmod_rate_baixo"", ""POS_ADV_rate_baixo"", ""POS_CCONJ_rate_baixo""]",3,1cd1fd9d6c00
0.15995370370370371,"[""DEP_cc_rate_baixo"", ""DEP_cop_rate_baixo"", ""POS_CCONJ_rate_baixo""]",3,4d3b44fd9a64
0.10648148148148148,"[""DEP_cop_rate_baixo"", ""DEP_nsubj:pass_rate_baixo"", ""POS_CCONJ_rate_baixo""]",3,ffb4f681d59e
0.10092592592592593,"[""DEP_cop_rate_baixo"", ""DEP_nummod_rate_baixo"", ""POS_CCONJ_rate_baixo""]",3,dd57b69f5a49
0.098148148148148151,"[""DEP_aux:pass_rate_baixo"", ""DEP_cop_rate_baixo"", ""POS_CCONJ_rate_baixo""]",3,dde66f2458ec
0.10138888888888889,"[""DEP_acl:relcl_rate_baixo"", ""DEP_cop_rate_baixo"", ""POS_CCONJ_rate_baixo""]",3,222d42abc2dd
0.14421296296296296,"[""DEP_cc_rate_baixo"", ""DEP_xcomp_rate_baixo"", ""POS_CCONJ_rate_baixo""]",3,f540d74981a7
0.098842592592592593,"[""DEP_nsubj:pass_rate_baixo"", ""DEP_xcomp_rate_baixo"", ""POS_CCONJ_rate_baixo""]",3,4f8a14b06664
0.092129629629629631,"[""DEP_aux:pass_rate_baixo"", ""DEP_xcomp_rate_baixo"", ""POS_CCONJ_rate_baixo""]",3,90d5540ba189
0.087037037037037038,"[""DEP_nummod_rate_baixo"", ""DEP_xcomp_rate_baixo"", ""POS_CCONJ_rate_baixo""]",3,6c52ec2adf16
0.082407407407407401,"[""DEP_cop_rate_baixo"", ""DEP_xcomp_rate_baixo"", ""POS_CCONJ_rate_baixo""]",3,c2244762fce0
0.089351851851851849,"[""DEP_acl:relcl_rate_baixo"", ""DEP_xcomp_rate_baixo"", ""POS_CCONJ_rate_baixo""]",3,2884b0d685a5
0.086342592592592596,"[""DEP_ccomp_rate_baixo"", ""DEP_xcomp_rate_baixo"", ""POS_CCONJ_rate_baixo""]",3,bdcdb60a2a21
0.082407407407407401,"[""DEP_advcl_rate_baixo"", ""DEP_xcomp_rate_baixo"", ""POS_CCONJ_rate_baixo""]",3,b5f7fdc4003c
0.11064814814814815,"[""DEP_cc_rate_baixo"", ""POS_CCONJ_rate_baixo"", ""POS_NUM_rate_baixo""]",3,76097d198c60
0.11018518518518519,"[""DEP_nummod_rate_baixo"", ""POS_CCONJ_rate_baixo"", ""POS_NUM_rate_baixo""]",3,d356698882fe
0.16805555555555557,"[""DEP_acl:relcl_rate_baixo"", ""DEP_cc_rate_baixo"", ""POS_CCONJ_rate_baixo""]",3,0810e9804439
0.11597222222222223,"[""DEP_acl:relcl_rate_baixo"", ""DEP_nsubj:pass_rate_baixo"", ""POS_CCONJ_rate_baixo""]",3,79a3b45244c8
0.10810185185185185,"[""DEP_acl:relcl_rate_baixo"", ""DEP_aux:pass_rate_baixo"", ""POS_CCONJ_rate_baixo""]",3,714486fffc23
0.10694444444444444,"[""DEP_acl:relcl_rate_baixo"", ""DEP_nummod_rate_baixo"", ""POS_CCONJ_rate_baixo""]",3,1a525b322d3e
0.094212962962962957,"[""DEP_cc_rate_baixo"", ""POS_CCONJ_rate_baixo"", ""POS_PRON_rate_baixo""]",3,3c37b1b26c20
0.090972222222222218,"[""DEP_acl:relcl_rate_baixo"", ""POS_CCONJ_rate_baixo"", ""POS_PRON_rate_baixo""]",3,4a4d05751bf4
0.24814814814814815,"[""DEP_cc_rate_baixo"", ""DEP_conj_rate_baixo""]",2,e77424074b99
0.2388888888888889,"[""DEP_conj_rate_baixo"", ""POS_CCONJ_rate_baixo""]",2,b8b8de6bfea5
0.18333333333333332,"[""DEP_conj_rate_baixo"", ""DEP_nsubj:pass_rate_baixo""]",2,a8dc1f675560
0.17129629629629631,"[""DEP_conj_rate_baixo"", ""DEP_nummod_rate_baixo""]",2,9340b0bd72d3
0.17037037037037037,"[""DEP_aux:pass_rate_baixo"", ""DEP_conj_rate_baixo""]",2,a3f366c3b60b
0.1451388888888889,"[""DEP_ccomp_rate_baixo"", ""DEP_conj_rate_baixo""]",2,0b9ba43726fa
0.14444444444444443,"[""DEP_advcl_rate_baixo"", ""DEP_conj_rate_baixo""]",2,e9e9bb13f09f
0.1361111111111111,"[""DEP_acl_rate_baixo"", ""DEP_conj_rate_baixo""]",2,2537bc7fc02c
0.11967592592592592,"[""DEP_conj_rate_baixo"", ""uppercaseRatio_baixo""]",2,694b18ebc890
0.093287037037037043,"[""DEP_advmod_rate_baixo"", ""DEP_conj_rate_baixo""]",2,f77b784f97e1
0.085648148148148154,"[""DEP_conj_rate_baixo"", ""POS_ADV_rate_baixo""]",2,8da5e4afc078
0.15231481481481482,"[""DEP_conj_rate_baixo"", ""DEP_cop_rate_baixo""]",2,75297c6aab35
0.13449074074074074,"[""DEP_conj_rate_baixo"", ""DEP_xcomp_rate_baixo""]",2,3d278d0e63c9
0.10462962962962963,"[""DEP_conj_rate_baixo"", ""POS_NUM_rate_baixo""]",2,0931ec7d355e
0.094212962962962957,"[""DEP_advcl_rate_alto"", ""DEP_conj_rate_baixo""]",2,c5970dbc5e8a
0.090509259259259262,"[""DEP_conj_rate_baixo"", ""DEP_mark_rate_alto""]",2,0d5158f44f21
0.15763888888888888,"[""DEP_acl:relcl_rate_baixo"", ""DEP_conj_rate_baixo""]",2,098bfb5474fc
0.090972222222222218,"[""DEP_conj_rate_baixo"", ""POS_PRON_rate_baixo""]",2,ca9eaf5490e1
0.2361111111111111,"[""DEP_cc_rate_baixo"", ""DEP_conj_rate_baixo"", ""POS_CCONJ_rate_baixo""]",3,7e31e01c3d38
0.16898148148148148,"[""DEP_cc_rate_baixo"", ""DEP_conj_rate_baixo"", ""DEP_nsubj:pass_rate_baixo""]",3,3ad8c517a89b
0.16203703703703703,"[""DEP_conj_rate_baixo"", ""DEP_nsubj:pass_rate_baixo"", ""POS_CCONJ_rate_baixo""]",3,c3513d47beb8
0.15671296296296297,"[""DEP_cc_rate_baixo"", ""DEP_conj_rate_baixo"", ""DEP_nummod_rate_baixo""]",3,7250056b7a80
0.15277777777777779,"[""DEP_conj_rate_baixo"", ""DEP_nummod_rate_baixo"", ""POS_CCONJ_rate_baixo""]",3,f15a5edcdb47
0.12013888888888889,"[""DEP_conj_rate_baixo"", ""DEP_nsubj:pass_rate_baixo"", ""DEP_nummod_rate_baixo""]",3,f443c5041382
0.16875000000000001,"[""DEP_aux:pass_rate_baixo"", ""DEP_conj_rate_baixo"", ""DEP_nsubj:pass_rate_baixo""]",3,948b0ffc6cec
0.15671296296296297,"[""DEP_aux:pass_rate_baixo"", ""DEP_cc_rate_baixo"", ""DEP_conj_rate_baixo""]",3,2e22a70c3f02
0.15092592592592594,"[""DEP_aux:pass_rate_baixo"", ""DEP_conj_rate_baixo"", ""POS_CCONJ_rate_baixo""]",3,285ac6eae959
0.11273148148148149,"[""DEP_aux:pass_rate_baixo"", ""DEP_conj_rate_baixo"", ""DEP_nummod_rate_baixo""]",3,8ce32df9edeb
0.1335648148148148,"[""DEP_cc_rate_baixo"", ""DEP_ccomp_rate_baixo"", ""DEP_conj_rate_baixo""]",3,ec5e38f2c9d4
0.12916666666666668,"[""DEP_ccomp_rate_baixo"", ""DEP_conj_rate_baixo"", ""POS_CCONJ_rate_baixo""]",3,cf441f491aa3
0.096296296296296297,"[""DEP_ccomp_rate_baixo"", ""DEP_conj_rate_baixo"", ""DEP_nsubj:pass_rate_baixo""]",3,a13b4f9481d3
0.089120370370370364,"[""DEP_aux:pass_rate_baixo"", ""DEP_ccomp_rate_baixo"", ""DEP_conj_rate_baixo""]",3,9af6ba14ced5
0.085648148148148154,"[""DEP_ccomp_rate_baixo"", ""DEP_conj_rate_baixo"", ""DEP_nummod_rate_baixo""]",3,12fa1aa0100f
0.087037037037037038,"[""DEP_ccomp_rate_baixo"", ""DEP_conj_rate_baixo"", ""DEP_cop_rate_baixo""]",3,faca0f3730f5
0.081250000000000003,"[""DEP_acl:relcl_rate_baixo"", ""DEP_ccomp_rate_baixo"", ""DEP_conj_rate_baixo""]",3,979ab69ab953
0.13472222222222222,"[""DEP_advcl_rate_baixo"", ""DEP_cc_rate_baixo"", ""DEP_conj_rate_baixo""]",3,02c597d273d8
0.13032407407407406,"[""DEP_advcl_rate_baixo"", ""DEP_conj_rate_baixo"", ""POS_CCONJ_rate_baixo""]",3,a419da8450f3
0.097222222222222224,"[""DEP_advcl_rate_baixo"", ""DEP_conj_rate_baixo"", ""DEP_nsubj:pass_rate_baixo""]",3,0052ef5eaf3a
0.091203703703703703,"[""DEP_advcl_rate_baixo"", ""DEP_aux:pass_rate_baixo"", ""DEP_conj_rate_baixo""]",3,63a8f13c8447
0.091203703703703703,"[""DEP_advcl_rate_baixo"", ""DEP_conj_rate_baixo"", ""DEP_nummod_rate_baixo""]",3,c38841f8f319
0.08009259259259259,"[""DEP_advcl_rate_baixo"", ""DEP_ccomp_rate_baixo"", ""DEP_conj_rate_baixo""]",3,d8fda77fa3f1
0.081712962962962959,"[""DEP_advcl_rate_baixo"", ""DEP_conj_rate_baixo"", ""DEP_cop_rate_baixo""]",3,8e6486f09e3e
0.12708333333333333,"[""DEP_acl_rate_baixo"", ""DEP_cc_rate_baixo"", ""DEP_conj_rate_baixo""]",3,7ed05a2e1b11
0.12291666666666666,"[""DEP_acl_rate_baixo"", ""DEP_conj_rate_baixo"", ""POS_CCONJ_rate_baixo""]",3,20144fa24471
0.091435185185185189,"[""DEP_acl_rate_baixo"", ""DEP_conj_rate_baixo"", ""DEP_nsubj:pass_rate_baixo""]",3,9b0541ce3edc
0.090277777777777776,"[""DEP_acl_rate_baixo"", ""DEP_conj_rate_baixo"", ""DEP_nummod_rate_baixo""]",3,418b54938214
0.084259259259259256,"[""DEP_acl_rate_baixo"", ""DEP_aux:pass_rate_baixo"", ""DEP_conj_rate_baixo""]",3,7f00b0d0a256
0.10740740740740741,"[""DEP_cc_rate_baixo"", ""DEP_conj_rate_baixo"", ""uppercaseRatio_baixo""]",3,9fd33fdbd05d
0.10393518518518519,"[""DEP_conj_rate_baixo"", ""POS_CCONJ_rate_baixo"", ""uppercaseRatio_baixo""]",3,4ad2fa129933
0.082407407407407401,"[""DEP_conj_rate_baixo"", ""DEP_nsubj:pass_rate_baixo"", ""uppercaseRatio_baixo""]",3,8efc0e5f597c
0.08819444444444445,"[""DEP_advmod_rate_baixo"", ""DEP_cc_rate_baixo"", ""DEP_conj_rate_baixo""]",3,4fd626d6fdba
0.083796296296296299,"[""DEP_advmod_rate_baixo"", ""DEP_conj_rate_baixo"", ""POS_CCONJ_rate_baixo""]",3,bd59e5dbaff4
0.08217592592592593,"[""DEP_advmod_rate_baixo"", ""DEP_conj_rate_baixo"", ""POS_ADV_rate_baixo""]",3,577f4f71e3ee
0.081250000000000003,"[""DEP_cc_rate_baixo"", ""DEP_conj_rate_baixo"", ""POS_ADV_rate_baixo""]",3,1f77c77cf1ed
0.14328703703703705,"[""DEP_cc_rate_baixo"", ""DEP_conj_rate_baixo"", ""DEP_cop_rate_baixo""]",3,62bcae4712af
0.13750000000000001,"[""DEP_conj_rate_baixo"", ""DEP_cop_rate_baixo"", ""POS_CCONJ_rate_baixo""]",3,f240d3272d33
0.10208333333333333,"[""DEP_conj_rate_baixo"", ""DEP_cop_rate_baixo"", ""DEP_nsubj:pass_rate_baixo""]",3,c2317c5adb05
0.09768518518518518,"[""DEP_conj_rate_baixo"", ""DEP_cop_rate_baixo"", ""DEP_nummod_rate_baixo""]",3,8c8138d23413
0.094907407407407413,"[""DEP_aux:pass_rate_baixo"", ""DEP_conj_rate_baixo"", ""DEP_cop_rate_baixo""]",3,3fbcddb3a9ff
0.096296296296296297,"[""DEP_acl:relcl_rate_baixo"", ""DEP_conj_rate_baixo"", ""DEP_cop_rate_baixo""]",3,17a131e43a7c
0.12291666666666666,"[""DEP_cc_rate_baixo"", ""DEP_conj_rate_baixo"", ""DEP_xcomp_rate_baixo""]",3,1f674cb38b90
0.11898148148148148,"[""DEP_conj_rate_baixo"", ""DEP_xcomp_rate_baixo"", ""POS_CCONJ_rate_baixo""]",3,1c614844ace7
0.091435185185185189,"[""DEP_conj_rate_baixo"", ""DEP_nsubj:pass_rate_baixo"", ""DEP_xcomp_rate_baixo""]",3,aa27db1b4aa1
0.087037037037037038,"[""DEP_aux:pass_rate_baixo"", ""DEP_conj_rate_baixo"", ""DEP_xcomp_rate_baixo""]",3,b7d5aeadfe28
0.083564814814814814,"[""DEP_conj_rate_baixo"", ""DEP_nummod_rate_baixo"", ""DEP_xcomp_rate_baixo""]",3,a8bf0c48a538
0.082407407407407401,"[""DEP_acl:relcl_rate_baixo"", ""DEP_conj_rate_baixo"", ""DEP_xcomp_rate_baixo""]",3,ebc1b7c1a146
0.10393518518518519,"[""DEP_conj_rate_baixo"", ""DEP_nummod_rate_baixo"", ""POS_NUM_rate_baixo""]",3,887b7abf4682
0.096064814814814811,"[""DEP_cc_rate_baixo"", ""DEP_conj_rate_baixo"", ""POS_NUM_rate_baixo""]",3,b9a2923773bf
0.093287037037037043,"[""DEP_conj_rate_baixo"", ""POS_CCONJ_rate_baixo"", ""POS_NUM_rate_baixo""]",3,670fcffb2a73
0.087268518518518523,"[""DEP_advcl_rate_alto"", ""DEP_cc_rate_baixo"", ""DEP_conj_rate_baixo""]",3,ceb30d3e22a4
0.083796296296296299,"[""DEP_advcl_rate_alto"", ""DEP_conj_rate_baixo"", ""POS_CCONJ_rate_baixo""]",3,a4148d9ddf91
0.082870370370370372,"[""DEP_cc_rate_baixo"", ""DEP_conj_rate_baixo"", ""DEP_mark_rate_alto""]",3,a2dcf008bb84
0.081018518518518517,"[""DEP_conj_rate_baixo"", ""DEP_mark_rate_alto"", ""POS_CCONJ_rate_baixo""]",3,995fffce3a6d
0.14652777777777778,"[""DEP_acl:relcl_rate_baixo"", ""DEP_cc_rate_baixo"", ""DEP_conj_rate_baixo""]",3,58d23086acd3
0.14166666666666666,"[""DEP_acl:relcl_rate_baixo"", ""DEP_conj_rate_baixo"", ""POS_CCONJ_rate_baixo""]",3,065159629d03
0.10810185185185185,"[""DEP_acl:relcl_rate_baixo"", ""DEP_conj_rate_baixo"", ""DEP_nsubj:pass_rate_baixo""]",3,5628ab411275
0.10555555555555556,"[""DEP_acl:relcl_rate_baixo"", ""DEP_conj_rate_baixo"", ""DEP_nummod_rate_baixo""]",3,87c66d46962a
0.10092592592592593,"[""DEP_acl:relcl_rate_baixo"", ""DEP_aux:pass_rate_baixo"", ""DEP_conj_rate_baixo""]",3,f6faca6e27dc
0.087268518518518523,"[""DEP_acl:relcl_rate_baixo"", ""DEP_conj_rate_baixo"", ""POS_PRON_rate_baixo""]",3,eed4141562cb
0.08611111111111111,"[""DEP_cc_rate_baixo"", ""DEP_conj_rate_baixo"", ""POS_PRON_rate_baixo""]",3,2ef538de9899
0.082638888888888887,"[""DEP_conj_rate_baixo"", ""POS_CCONJ_rate_baixo"", ""POS_PRON_rate_baixo""]",3,8cf936db83ab
0.20925925925925926,"[""DEP_ccomp_rate_baixo"", ""POS_VERB_rate_baixo""]",2,044b4a18072c
0.20300925925925925,"[""DEP_advcl_rate_baixo"", ""POS_VERB_rate_baixo""]",2,19c77db982d8
0.19467592592592592,"[""DEP_nsubj:pass_rate_baixo"", ""POS_VERB_rate_baixo""]",2,b0c1566a57d8
0.18726851851851853,"[""DEP_aux:pass_rate_baixo"", ""POS_VERB_rate_baixo""]",2,e73d63424140
0.1699074074074074,"[""DEP_acl_rate_baixo"", ""POS_VERB_rate_baixo""]",2,a01f3a7df37f
0.13750000000000001,"[""DEP_nummod_rate_baixo"", ""POS_VERB_rate_baixo""]",2,2d8a12ffb5eb
0.10694444444444444,"[""POS_VERB_rate_baixo"", ""uppercaseRatio_baixo""]",2,5175b7a878be
0.10347222222222222,"[""DEP_advmod_rate_baixo"", ""POS_VERB_rate_baixo""]",2,62b5dd1af927
0.091898148148148145,"[""POS_ADV_rate_baixo"", ""POS_VERB_rate_baixo""]",2,cdfce2147279
0.088425925925925922,"[""DEP_cop_rate_alto"", ""POS_VERB_rate_baixo""]",2,d84c5746dd6c
0.080555555555555561,"[""DEP_cc_rate_baixo"", ""POS_VERB_rate_baixo""]",2,2b73a52fe7d2
0.1763888888888889,"[""DEP_acl:relcl_rate_baixo"", ""POS_VERB_rate_baixo""]",2,68d6efffbf00
0.14166666666666666,"[""POS_SCONJ_rate_baixo"", ""POS_VERB_rate_baixo""]",2,bd912c969dc0
0.12384259259259259,"[""DEP_cop_rate_baixo"", ""POS_VERB_rate_baixo""]",2,4fe28a751dfd
0.081712962962962959,"[""DEP_amod_rate_alto"", ""POS_VERB_rate_baixo""]",2,997eac86eaa6
0.1449074074074074,"[""DEP_mark_rate_baixo"", ""POS_VERB_rate_baixo""]",2,6201ce8fe9a7
0.09583333333333334,"[""DEP_appos_rate_alto"", ""POS_VERB_rate_baixo""]",2,2f059953d423
0.11898148148148148,"[""POS_PRON_rate_baixo"", ""POS_VERB_rate_baixo""]",2,2f6f49322911
0.2011574074074074,"[""DEP_xcomp_rate_baixo"", ""POS_VERB_rate_baixo""]",2,0c9cdf5309ba
0.094675925925925927,"[""DEP_nummod_rate_alto"", ""POS_VERB_rate_baixo""]",2,090b7aba8f7d
0.15833333333333333,"[""DEP_advcl_rate_baixo"", ""DEP_ccomp_rate_baixo"", ""POS_VERB_rate_baixo""]",3,295d4f796a9f
0.15324074074074073,"[""DEP_ccomp_rate_baixo"", ""DEP_nsubj:pass_rate_baixo"", ""POS_VERB_rate_baixo""]",3,34a758a7c8f0
0.15069444444444444,"[""DEP_advcl_rate_baixo"", ""DEP_nsubj:pass_rate_baixo"", ""POS_VERB_rate_baixo""]",3,07c1b7323bbd
0.14884259259259258,"[""DEP_nsubj:pass_rate_baixo"", ""DEP_xcomp_rate_baixo"", ""POS_VERB_rate_baixo""]",3,3d02a5fca5f6
0.18518518518518517,"[""DEP_aux:pass_rate_baixo"", ""DEP_nsubj:pass_rate_baixo"", ""POS_VERB_rate_baixo""]",3,f351f719ced1
0.14722222222222223,"[""DEP_aux:pass_rate_baixo"", ""DEP_ccomp_rate_baixo"", ""POS_VERB_rate_baixo""]",3,1c9d73c20d73
0.1449074074074074,"[""DEP_advcl_rate_baixo"", ""DEP_aux:pass_rate_baixo"", ""POS_VERB_rate_baixo""]",3,1989cfd3fffd
0.14282407407407408,"[""DEP_aux:pass_rate_baixo"", ""DEP_xcomp_rate_baixo"", ""POS_VERB_rate_baixo""]",3,7514191a2125
0.13287037037037036,"[""DEP_acl_rate_baixo"", ""DEP_ccomp_rate_baixo"", ""POS_VERB_rate_baixo""]",3,cc8d251773fb
0.12939814814814815,"[""DEP_acl_rate_baixo"", ""DEP_advcl_rate_baixo"", ""POS_VERB_rate_baixo""]",3,8e354fe2a8a4
0.12291666666666666,"[""DEP_acl_rate_baixo"", ""DEP_nsubj:pass_rate_baixo"", ""POS_VERB_rate_baixo""]",3,d891d6fed8d1
0.11851851851851852,"[""DEP_acl_rate_baixo"", ""DEP_aux:pass_rate_baixo"", ""POS_VERB_rate_baixo""]",3,c53943b66e95
0.10949074074074074,"[""DEP_acl:relcl_rate_baixo"", ""DEP_acl_rate_baixo"", ""POS_VERB_rate_baixo""]",3,ab1ebd93cb31
0.12685185185185185,"[""DEP_acl_rate_baixo"", ""DEP_xcomp_rate_baixo"", ""POS_VERB_rate_baixo""]",3,1362955a67ad
0.10787037037037037,"[""DEP_advcl_rate_baixo"", ""DEP_nummod_rate_baixo"", ""POS_VERB_rate_baixo""]",3,df681bc6d138
0.10694444444444444,"[""DEP_nsubj:pass_rate_baixo"", ""DEP_nummod_rate_baixo"", ""POS_VERB_rate_baixo""]",3,00edc991530b
0.10648148148148148,"[""DEP_ccomp_rate_baixo"", ""DEP_nummod_rate_baixo"", ""POS_VERB_rate_baixo""]",3,fba94ea8f50d
0.10277777777777777,"[""DEP_aux:pass_rate_baixo"", ""DEP_nummod_rate_baixo"", ""POS_VERB_rate_baixo""]",3,1e6924635ada
0.09375,"[""DEP_acl_rate_baixo"", ""DEP_nummod_rate_baixo"", ""POS_VERB_rate_baixo""]",3,3a8e8b70406c
0.092592592592592587,"[""DEP_acl:relcl_rate_baixo"", ""DEP_nummod_rate_baixo"", ""POS_VERB_rate_baixo""]",3,62582aac6fa4
0.10578703703703704,"[""DEP_nummod_rate_baixo"", ""DEP_xcomp_rate_baixo"", ""POS_VERB_rate_baixo""]",3,797a2c510a5a
0.089351851851851849,"[""DEP_ccomp_rate_baixo"", ""POS_VERB_rate_baixo"", ""uppercaseRatio_baixo""]",3,87391334a5cc
0.082638888888888887,"[""DEP_advcl_rate_baixo"", ""POS_VERB_rate_baixo"", ""uppercaseRatio_baixo""]",3,e22dcb87615c
0.08217592592592593,"[""DEP_xcomp_rate_baixo"", ""POS_VERB_rate_baixo"", ""uppercaseRatio_baixo""]",3,b4f5b7f71f07
0.084953703703703698,"[""DEP_advmod_rate_baixo"", ""DEP_ccomp_rate_baixo"", ""POS_VERB_rate_baixo""]",3,eee0574f0591
0.083564814814814814,"[""DEP_advcl_rate_baixo"", ""DEP_advmod_rate_baixo"", ""POS_VERB_rate_baixo""]",3,8685f3180b9e
0.089351851851851849,"[""DEP_advmod_rate_baixo"", ""POS_ADV_rate_baixo"", ""POS_VERB_rate_baixo""]",3,960f402600bc
0.13217592592592592,"[""DEP_acl:relcl_rate_baixo"", ""DEP_advcl_rate_baixo"", ""POS_VERB_rate_baixo""]",3,9ca7cb4266ca
0.12893518518518518,"[""DEP_acl:relcl_rate_baixo"", ""DEP_nsubj:pass_rate_baixo"", ""POS_VERB_rate_baixo""]",3,b4fe8ba1f6ae
0.12361111111111112,"[""DEP_acl:relcl_rate_baixo"", ""DEP_aux:pass_rate_baixo"", ""POS_VERB_rate_baixo""]",3,1d621d1f374e
0.13819444444444445,"[""DEP_acl:relcl_rate_baixo"", ""DEP_ccomp_rate_baixo"", ""POS_VERB_rate_baixo""]",3,9bf72af9c991
0.13796296296296295,"[""DEP_acl:relcl_rate_baixo"", ""DEP_xcomp_rate_baixo"", ""POS_VERB_rate_baixo""]",3,fe09035aa225
0.1224537037037037,"[""DEP_advcl_rate_baixo"", ""POS_SCONJ_rate_baixo"", ""POS_VERB_rate_baixo""]",3,3927d85ecf68
0.10185185185185185,"[""DEP_nsubj:pass_rate_baixo"", ""POS_SCONJ_rate_baixo"", ""POS_VERB_rate_baixo""]",3,286265748022
0.098148148148148151,"[""DEP_aux:pass_rate_baixo"", ""POS_SCONJ_rate_baixo"", ""POS_VERB_rate_baixo""]",3,9f7a3fabf2fe
0.093518518518518515,"[""DEP_acl:relcl_rate_baixo"", ""POS_SCONJ_rate_baixo"", ""POS_VERB_rate_baixo""]",3,c9c08a74d787
0.13055555555555556,"[""DEP_ccomp_rate_baixo"", ""POS_SCONJ_rate_baixo"", ""POS_VERB_rate_baixo""]",3,01f1f44c4116
0.09930555555555555,"[""DEP_acl_rate_baixo"", ""POS_SCONJ_rate_baixo"", ""POS_VERB_rate_baixo""]",3,0f66a62e2b37
0.13333333333333333,"[""DEP_mark_rate_baixo"", ""POS_SCONJ_rate_baixo"", ""POS_VERB_rate_baixo""]",3,bf588856bd2e
0.11736111111111111,"[""DEP_xcomp_rate_baixo"", ""POS_SCONJ_rate_baixo"", ""POS_VERB_rate_baixo""]",3,482ce80e670b
0.095601851851851855,"[""DEP_advcl_rate_baixo"", ""DEP_cop_rate_baixo"", ""POS_VERB_rate_baixo""]",3,2ca04621fc8e
0.08981481481481482,"[""DEP_acl:relcl_rate_baixo"", ""DEP_cop_rate_baixo"", ""POS_VERB_rate_baixo""]",3,eacb8286d3e3
0.088425925925925922,"[""DEP_cop_rate_baixo"", ""DEP_nsubj:pass_rate_baixo"", ""POS_VERB_rate_baixo""]",3,910f63aa2871
0.084722222222222227,"[""DEP_aux:pass_rate_baixo"", ""DEP_cop_rate_baixo"", ""POS_VERB_rate_baixo""]",3,9a0166fb9423
0.10486111111111111,"[""DEP_ccomp_rate_baixo"", ""DEP_cop_rate_baixo"", ""POS_VERB_rate_baixo""]",3,f279077e8529
0.096296296296296297,"[""DEP_cop_rate_baixo"", ""DEP_xcomp_rate_baixo"", ""POS_VERB_rate_baixo""]",3,02d2a3e19e8c
0.1335648148148148,"[""DEP_ccomp_rate_baixo"", ""DEP_mark_rate_baixo"", ""POS_VERB_rate_baixo""]",3,37de5bc7f505
0.12638888888888888,"[""DEP_advcl_rate_baixo"", ""DEP_mark_rate_baixo"", ""POS_VERB_rate_baixo""]",3,9c7f75196186
0.10462962962962963,"[""DEP_mark_rate_baixo"", ""DEP_nsubj:pass_rate_baixo"", ""POS_VERB_rate_baixo""]",3,75d2993d9ffe
0.1037037037037037,"[""DEP_acl_rate_baixo"", ""DEP_mark_rate_baixo"", ""POS_VERB_rate_baixo""]",3,81f541b91b14
0.10092592592592593,"[""DEP_aux:pass_rate_baixo"", ""DEP_mark_rate_baixo"", ""POS_VERB_rate_baixo""]",3,62f9ae7e353a
0.12083333333333333,"[""DEP_mark_rate_baixo"", ""DEP_xcomp_rate_baixo"", ""POS_VERB_rate_baixo""]",3,ed1e150ddb72
0.093981481481481485,"[""DEP_acl:relcl_rate_baixo"", ""DEP_mark_rate_baixo"", ""POS_VERB_rate_baixo""]",3,5239f7377810
0.11481481481481481,"[""DEP_acl:relcl_rate_baixo"", ""POS_PRON_rate_baixo"", ""POS_VERB_rate_baixo""]",3,f9604de1bec1
0.092361111111111116,"[""DEP_ccomp_rate_baixo"", ""POS_PRON_rate_baixo"", ""POS_VERB_rate_baixo""]",3,6b9567259c15
0.085416666666666669,"[""DEP_nsubj:pass_rate_baixo"", ""POS_PRON_rate_baixo"", ""POS_VERB_rate_baixo""]",3,f5fd7582624a
0.080787037037037032,"[""DEP_aux:pass_rate_baixo"", ""POS_PRON_rate_baixo"", ""POS_VERB_rate_baixo""]",3,068f7802a5a6
0.095138888888888884,"[""DEP_xcomp_rate_baixo"", ""POS_PRON_rate_baixo"", ""POS_VERB_rate_baixo""]",3,23b7a6861213
0.091203703703703703,"[""DEP_advcl_rate_baixo"", ""POS_PRON_rate_baixo"", ""POS_VERB_rate_baixo""]",3,f2303e71ec21
0.1587962962962963,"[""DEP_ccomp_rate_baixo"", ""DEP_xcomp_rate_baixo"", ""POS_VERB_rate_baixo""]",3,3f2a63598600
0.15625,"[""DEP_advcl_rate_baixo"", ""DEP_xcomp_rate_baixo"", ""POS_VERB_rate_baixo""]",3,ed9a06382d1c
0.18865740740740741,"[""DEP_nmod_rate_alto"", ""DEP_nsubj:pass_rate_baixo""]",2,981f52c35882
0.18449074074074073,"[""DEP_advcl_rate_baixo"", ""DEP_nmod_rate_alto""]",2,fdce361088a9
0.18310185185185185,"[""DEP_ccomp_rate_baixo"", ""DEP_nmod_rate_alto""]",2,dd0514dd7ef5
0.18148148148148149,"[""DEP_aux:pass_rate_baixo"", ""DEP_nmod_rate_alto""]",2,ea3e0af79e91
0.14814814814814814,"[""DEP_nmod_rate_alto"", ""DEP_nummod_rate_baixo""]",2,a1691364764d
0.14629629629629629,"[""DEP_acl_rate_baixo"", ""DEP_nmod_rate_alto""]",2,7b4e0fd8ddc0
0.12592592592592591,"[""DEP_advmod_rate_baixo"", ""DEP_nmod_rate_alto""]",2,3162ba414c29
0.12523148148148147,"[""DEP_nmod_rate_alto"", ""POS_VERB_rate_baixo""]",2,dfe7f4b23830
0.11597222222222223,"[""DEP_nmod_rate_alto"", ""POS_ADV_rate_baixo""]",2,ce991483621a
0.097453703703703709,"[""DEP_nmod_rate_alto"", ""uppercaseRatio_baixo""]",2,4558a6b95995
0.097222222222222224,"[""DEP_cc_rate_baixo"", ""DEP_nmod_rate_alto""]",2,8e95ff6f4d7f
0.094212962962962957,"[""DEP_nmod_rate_alto"", ""POS_CCONJ_rate_baixo""]",2,c6d29089f96b
0.087499999999999994,"[""DEP_conj_rate_baixo"", ""DEP_nmod_rate_alto""]",2,2bec6e293a31
0.18865740740740741,"[""DEP_acl:relcl_rate_baixo"", ""DEP_nmod_rate_alto""]",2,b2b58f09a683
0.16180555555555556,"[""DEP_nmod_rate_alto"", ""DEP_xcomp_rate_baixo""]",2,446a7ca777ff
0.1648148148148148,"[""DEP_cop_rate_baixo"", ""DEP_nmod_rate_alto""]",2,f674337a86c2
0.12546296296296297,"[""DEP_nmod_rate_alto"", ""POS_PRON_rate_baixo""]",2,c48b930d3484
0.094212962962962957,"[""DEP_nmod_rate_alto"", ""POS_NUM_rate_baixo""]",2,897a8ad1098e
0.083564814814814814,"[""DEP_nmod_rate_alto"", ""DEP_nummod_rate_alto""]",2,f87d2daf7745
0.090509259259259262,"[""DEP_nmod_rate_alto"", ""POS_AUX_rate_baixo""]",2,2d650052cb4a
0.12037037037037036,"[""DEP_mark_rate_baixo"", ""DEP_nmod_rate_alto""]",2,1aef7c98299c
0.11828703703703704,"[""DEP_nmod_rate_alto"", ""POS_SCONJ_rate_baixo""]",2,ed974b841675
0.13726851851851851,"[""DEP_acl:relcl_rate_baixo"", ""DEP_nmod_rate_alto"", ""DEP_nsubj:pass_rate_baixo""]",3,5a8872f5871f
0.13310185185185186,"[""DEP_advcl_rate_baixo"", ""DEP_nmod_rate_alto"", ""DEP_nsubj:pass_rate_baixo""]",3,1afe2319b6a0
0.12615740740740741,"[""DEP_acl:relcl_rate_baixo"", ""DEP_advcl_rate_baixo"", ""DEP_nmod_rate_alto""]",3,8b6c46bc3a14
0.13055555555555556,"[""DEP_advcl_rate_baixo"", ""DEP_ccomp_rate_baixo"", ""DEP_nmod_rate_alto""]",3,bc6f9550ed5e
0.13055555555555556,"[""DEP_ccomp_rate_baixo"", ""DEP_nmod_rate_alto"", ""DEP_nsubj:pass_rate_baixo""]",3,609cdca53a45
0.12893518518518518,"[""DEP_acl:relcl_rate_baixo"", ""DEP_ccomp_rate_baixo"", ""DEP_nmod_rate_alto""]",3,844ebf37dfb4
0.17939814814814814,"[""DEP_aux:pass_rate_baixo"", ""DEP_nmod_rate_alto"", ""DEP_nsubj:pass_rate_baixo""]",3,49cd8158d285
0.12870370370370371,"[""DEP_advcl_rate_baixo"", ""DEP_aux:pass_rate_baixo"", ""DEP_nmod_rate_alto""]",3,9d8eea3d97af
0.12546296296296297,"[""DEP_aux:pass_rate_baixo"", ""DEP_ccomp_rate_baixo"", ""DEP_nmod_rate_alto""]",3,a18bdd07a88c
0.13217592592592592,"[""DEP_acl:relcl_rate_baixo"", ""DEP_aux:pass_rate_baixo"", ""DEP_nmod_rate_alto""]",3,3b194049c2e3
0.11296296296296296,"[""DEP_nmod_rate_alto"", ""DEP_nsubj:pass_rate_baixo"", ""DEP_nummod_rate_baixo""]",3,3a57ed710f3d
0.10902777777777778,"[""DEP_aux:pass_rate_baixo"", ""DEP_nmod_rate_alto"", ""DEP_nummod_rate_baixo""]",3,a2753099b8a0
0.10439814814814814,"[""DEP_advcl_rate_baixo"", ""DEP_nmod_rate_alto"", ""DEP_nummod_rate_baixo""]",3,076e608f623b
0.09930555555555555,"[""DEP_ccomp_rate_baixo"", ""DEP_nmod_rate_alto"", ""DEP_nummod_rate_baixo""]",3,fd9d2a63e343
0.10740740740740741,"[""DEP_acl:relcl_rate_baixo"", ""DEP_nmod_rate_alto"", ""DEP_nummod_rate_baixo""]",3,97e77daa3cb2
0.087268518518518523,"[""DEP_nmod_rate_alto"", ""DEP_nummod_rate_baixo"", ""DEP_xcomp_rate_baixo""]",3,43d0313f12b2
0.090972222222222218,"[""DEP_cop_rate_baixo"", ""DEP_nmod_rate_alto"", ""DEP_nummod_rate_baixo""]",3,77c9ab66f7be
0.1025462962962963,"[""DEP_acl_rate_baixo"", ""DEP_advcl_rate_baixo"", ""DEP_nmod_rate_alto""]",3,dded2f6fb8ae
0.1025462962962963,"[""DEP_acl_rate_baixo"", ""DEP_nmod_rate_alto"", ""DEP_nsubj:pass_rate_baixo""]",3,8a815ec54fff
0.10000000000000001,"[""DEP_acl_rate_baixo"", ""DEP_ccomp_rate_baixo"", ""DEP_nmod_rate_alto""]",3,59ef5652ecb0
0.097222222222222224,"[""DEP_acl_rate_baixo"", ""DEP_aux:pass_rate_baixo"", ""DEP_nmod_rate_alto""]",3,a231c4629438
0.083796296296296299,"[""DEP_acl_rate_baixo"", ""DEP_nmod_rate_alto"", ""DEP_nummod_rate_baixo""]",3,2b0104e6f4fe
0.1025462962962963,"[""DEP_acl:relcl_rate_baixo"", ""DEP_acl_rate_baixo"", ""DEP_nmod_rate_alto""]",3,47485d5dec11
0.08819444444444445,"[""DEP_acl_rate_baixo"", ""DEP_nmod_rate_alto"", ""DEP_xcomp_rate_baixo""]",3,1c8df18885b1
0.090277777777777776,"[""DEP_acl_rate_baixo"", ""DEP_cop_rate_baixo"", ""DEP_nmod_rate_alto""]",3,967d4cba24b8
0.091898148148148145,"[""DEP_advmod_rate_baixo"", ""DEP_nmod_rate_alto"", ""DEP_nsubj:pass_rate_baixo""]",3,7f1ac79b34b2
0.08981481481481482,"[""DEP_advmod_rate_baixo"", ""DEP_ccomp_rate_baixo"", ""DEP_nmod_rate_alto""]",3,9f2a139b8003
0.088657407407407407,"[""DEP_advcl_rate_baixo"", ""DEP_advmod_rate_baixo"", ""DEP_nmod_rate_alto""]",3,aee3a39bc4f2
0.08819444444444445,"[""DEP_advmod_rate_baixo"", ""DEP_aux:pass_rate_baixo"", ""DEP_nmod_rate_alto""]",3,f07f19ca429f
0.092129629629629631,"[""DEP_acl:relcl_rate_baixo"", ""DEP_advmod_rate_baixo"", ""DEP_nmod_rate_alto""]",3,2dfd26ee1b62
0.084490740740740741,"[""DEP_advmod_rate_baixo"", ""DEP_cop_rate_baixo"", ""DEP_nmod_rate_alto""]",3,0902ed2f7589
0.10208333333333333,"[""DEP_ccomp_rate_baixo"", ""DEP_nmod_rate_alto"", ""POS_VERB_rate_baixo""]",3,ccc0041fcfc5
0.10000000000000001,"[""DEP_advcl_rate_baixo"", ""DEP_nmod_rate_alto"", ""POS_VERB_rate_baixo""]",3,f1e3786ede9c
0.092824074074074073,"[""DEP_nmod_rate_alto"", ""DEP_nsubj:pass_rate_baixo"", ""POS_VERB_rate_baixo""]",3,759e22d6c035
0.090740740740740747,"[""DEP_aux:pass_rate_baixo"", ""DEP_nmod_rate_alto"", ""POS_VERB_rate_baixo""]",3,fb1bbe9a3ee3
0.081250000000000003,"[""DEP_acl_rate_baixo"", ""DEP_nmod_rate_alto"", ""POS_VERB_rate_baixo""]",3,a5ea2e6a072c
0.090740740740740747,"[""DEP_acl:relcl_rate_baixo"", ""DEP_nmod_rate_alto"", ""POS_VERB_rate_baixo""]",3,dfb936b089dd
0.099074074074074078,"[""DEP_nmod_rate_alto"", ""DEP_xcomp_rate_baixo"", ""POS_VERB_rate_baixo""]",3,e89ad628a4e9
0.1125,"[""DEP_advmod_rate_baixo"", ""DEP_nmod_rate_alto"", ""POS_ADV_rate_baixo""]",3,ba7f0e8f12bd
0.083564814814814814,"[""DEP_nmod_rate_alto"", ""DEP_nsubj:pass_rate_baixo"", ""POS_ADV_rate_baixo""]",3,b36b5f945b98
0.082407407407407401,"[""DEP_advcl_rate_baixo"", ""DEP_nmod_rate_alto"", ""POS_ADV_rate_baixo""]",3,412bab359fb0
0.081712962962962959,"[""DEP_ccomp_rate_baixo"", ""DEP_nmod_rate_alto"", ""POS_ADV_rate_baixo""]",3,5786c06f4efc
0.081018518518518517,"[""DEP_aux:pass_rate_baixo"", ""DEP_nmod_rate_alto"", ""POS_ADV_rate_baixo""]",3,2b431310b524
0.084953703703703698,"[""DEP_acl:relcl_rate_baixo"", ""DEP_nmod_rate_alto"", ""POS_ADV_rate_baixo""]",3,e9fd690997fd
0.093287037037037043,"[""DEP_cc_rate_baixo"", ""DEP_nmod_rate_alto"", ""POS_CCONJ_rate_baixo""]",3,7546d3d2d2fe
0.083333333333333329,"[""DEP_cc_rate_baixo"", ""DEP_conj_rate_baixo"", ""DEP_nmod_rate_alto""]",3,f9563eeacabb
0.080555555555555561,"[""DEP_conj_rate_baixo"", ""DEP_nmod_rate_alto"", ""POS_CCONJ_rate_baixo""]",3,127fe5365de6
0.12060185185185185,"[""DEP_acl:relcl_rate_baixo"", ""DEP_nmod_rate_alto"", ""DEP_xcomp_rate_baixo""]",3,ae9c2a5a398b
0.11574074074074074,"[""DEP_nmod_rate_alto"", ""DEP_nsubj:pass_rate_baixo"", ""DEP_xcomp_rate_baixo""]",3,d3c5e38f1a2e
0.1125,"[""DEP_aux:pass_rate_baixo"", ""DEP_nmod_rate_alto"", ""DEP_xcomp_rate_baixo""]",3,33368ade2204
0.11458333333333333,"[""DEP_advcl_rate_baixo"", ""DEP_nmod_rate_alto"", ""DEP_xcomp_rate_baixo""]",3,7f249a626ce3
0.11689814814814815,"[""DEP_ccomp_rate_baixo"", ""DEP_nmod_rate_alto"", ""DEP_xcomp_rate_baixo""]",3,e2aa6911bd0e
0.10138888888888889,"[""DEP_cop_rate_baixo"", ""DEP_nmod_rate_alto"", ""DEP_xcomp_rate_baixo""]",3,1cda87ead0ca
0.12152777777777778,"[""DEP_acl:relcl_rate_baixo"", ""DEP_cop_rate_baixo"", ""DEP_nmod_rate_alto""]",3,078fa4e048c6
0.11828703703703704,"[""DEP_ccomp_rate_baixo"", ""DEP_cop_rate_baixo"", ""DEP_nmod_rate_alto""]",3,06f3298acb55
0.11712962962962963,"[""DEP_cop_rate_baixo"", ""DEP_nmod_rate_alto"", ""DEP_nsubj:pass_rate_baixo""]",3,86cda0932236
0.11388888888888889,"[""DEP_advcl_rate_baixo"", ""DEP_cop_rate_baixo"", ""DEP_nmod_rate_alto""]",3,9cf1d8a001e1
0.11203703703703703,"[""DEP_aux:pass_rate_baixo"", ""DEP_cop_rate_baixo"", ""DEP_nmod_rate_alto""]",3,65bf5f50a03b
0.12361111111111112,"[""DEP_acl:relcl_rate_baixo"", ""DEP_nmod_rate_alto"", ""POS_PRON_rate_baixo""]",3,d2ad9ebebed0
0.091435185185185189,"[""DEP_nmod_rate_alto"", ""DEP_nsubj:pass_rate_baixo"", ""POS_PRON_rate_baixo""]",3,918217a66f3e
0.08819444444444445,"[""DEP_ccomp_rate_baixo"", ""DEP_nmod_rate_alto"", ""POS_PRON_rate_baixo""]",3,7635b66d5021
0.087962962962962965,"[""DEP_aux:pass_rate_baixo"", ""DEP_nmod_rate_alto"", ""POS_PRON_rate_baixo""]",3,b0a8da226ba1
0.087499999999999994,"[""DEP_advcl_rate_baixo"", ""DEP_nmod_rate_alto"", ""POS_PRON_rate_baixo""]",3,35033f7facfb
0.08217592592592593,"[""DEP_cop_rate_baixo"", ""DEP_nmod_rate_alto"", ""POS_PRON_rate_baixo""]",3,661c810596b6
0.080787037037037032,"[""DEP_nmod_rate_alto"", ""DEP_xcomp_rate_baixo"", ""POS_PRON_rate_baixo""]",3,814fbdb5204b
0.094212962962962957,"[""DEP_nmod_rate_alto"", ""DEP_nummod_rate_baixo"", ""POS_NUM_rate_baixo""]",3,d840c2cede7c
0.090509259259259262,"[""DEP_aux:pass_rate_baixo"", ""DEP_nmod_rate_alto"", ""POS_AUX_rate_baixo""]",3,795cae38f0ab
0.090277777777777776,"[""DEP_nmod_rate_alto"", ""DEP_nsubj:pass_rate_baixo"", ""POS_AUX_rate_baixo""]",3,a56f3a993e5a
0.08981481481481482,"[""DEP_cop_rate_baixo"", ""DEP_nmod_rate_alto"", ""POS_AUX_rate_baixo""]",3,c95d18f39948
0.10810185185185185,"[""DEP_ccomp_rate_baixo"", ""DEP_mark_rate_baixo"", ""DEP_nmod_rate_alto""]",3,0b777afe93ab
0.10416666666666667,"[""DEP_advcl_rate_baixo"", ""DEP_mark_rate_baixo"", ""DEP_nmod_rate_alto""]",3,e21795ff4de9
0.084027777777777785,"[""DEP_mark_rate_baixo"", ""DEP_nmod_rate_alto"", ""DEP_nsubj:pass_rate_baixo""]",3,e13a4a6fbc77
0.082870370370370372,"[""DEP_acl:relcl_rate_baixo"", ""DEP_mark_rate_baixo"", ""DEP_nmod_rate_alto""]",3,547d6e53b123
0.081712962962962959,"[""DEP_aux:pass_rate_baixo"", ""DEP_mark_rate_baixo"", ""DEP_nmod_rate_alto""]",3,10aded5a95b8
0.087037037037037038,"[""DEP_mark_rate_baixo"", ""DEP_nmod_rate_alto"", ""DEP_xcomp_rate_baixo""]",3,5c76acc0f7f8
0.1136574074074074,"[""DEP_mark_rate_baixo"", ""DEP_nmod_rate_alto"", ""POS_SCONJ_rate_baixo""]",3,8dd2eed08155
0.10648148148148148,"[""DEP_ccomp_rate_baixo"", ""DEP_nmod_rate_alto"", ""POS_SCONJ_rate_baixo""]",3,df5eca829c7d
0.10138888888888889,"[""DEP_advcl_rate_baixo"", ""DEP_nmod_rate_alto"", ""POS_SCONJ_rate_baixo""]",3,446cbef061b7
0.082638888888888887,"[""DEP_nmod_rate_alto"", ""DEP_nsubj:pass_rate_baixo"", ""POS_SCONJ_rate_baixo""]",3,f29c4268d9a5
0.081944444444444445,"[""DEP_acl:relcl_rate_baixo"", ""DEP_nmod_rate_alto"", ""POS_SCONJ_rate_baixo""]",3,9695812b8794
0.084490740740740741,"[""DEP_nmod_rate_alto"", ""DEP_xcomp_rate_baixo"", ""POS_SCONJ_rate_baixo""]",3,d24e71fc28c1
0.17939814814814814,"[""DEP_nsubj:pass_rate_baixo"", ""POS_ADJ_rate_baixo""]",2,766513afd315
0.16458333333333333,"[""DEP_aux:pass_rate_baixo"", ""POS_ADJ_rate_baixo""]",2,278de2ded274
0.14837962962962964,"[""DEP_advcl_rate_baixo"", ""POS_ADJ_rate_baixo""]",2,4a6060410181
0.14652777777777778,"[""DEP_nummod_rate_baixo"", ""POS_ADJ_rate_baixo""]",2,4b9944d3f509
0.14629629629629629,"[""DEP_ccomp_rate_baixo"", ""POS_ADJ_rate_baixo""]",2,4f0397a2c27e
0.14282407407407408,"[""DEP_acl_rate_baixo"", ""POS_ADJ_rate_baixo""]",2,3ba8a01a2e69
0.091203703703703703,"[""POS_ADJ_rate_baixo"", ""uppercaseRatio_baixo""]",2,2361d8bf2189
0.086805555555555552,"[""DEP_nmod_rate_alto"", ""POS_ADJ_rate_baixo""]",2,d3ed4cd46481
0.084722222222222227,"[""DEP_advmod_rate_baixo"", ""POS_ADJ_rate_baixo""]",2,76ce7832e61a
0.08009259259259259,"[""DEP_cc_rate_baixo"", ""POS_ADJ_rate_baixo""]",2,5de0cd615131
0.16458333333333333,"[""DEP_cop_rate_baixo"", ""POS_ADJ_rate_baixo""]",2,2ad1430555c1
0.08009259259259259,"[""DEP_nummod_rate_alto"", ""POS_ADJ_rate_baixo""]",2,db969910f9c8
0.13587962962962963,"[""DEP_xcomp_rate_baixo"", ""POS_ADJ_rate_baixo""]",2,ad81684386f1
0.08217592592592593,"[""DEP_mark_rate_baixo"", ""POS_ADJ_rate_baixo""]",2,d30bfed48375
0.15972222222222221,"[""DEP_acl:relcl_rate_baixo"", ""POS_ADJ_rate_baixo""]",2,840daac9f1a2
0.08981481481481482,"[""POS_ADJ_rate_baixo"", ""POS_NUM_rate_baixo""]",2,2031ee24327e
0.084259259259259256,"[""POS_ADJ_rate_baixo"", ""POS_PRON_rate_baixo""]",2,024402489e88
0.16296296296296298,"[""DEP_aux:pass_rate_baixo"", ""DEP_nsubj:pass_rate_baixo"", ""POS_ADJ_rate_baixo""]",3,c47a0dc55dff
0.10208333333333333,"[""DEP_aux:pass_rate_baixo"", ""DEP_cop_rate_baixo"", ""POS_ADJ_rate_baixo""]",3,edc2e4e1d9a3
0.1025462962962963,"[""DEP_advcl_rate_baixo"", ""DEP_nsubj:pass_rate_baixo"", ""POS_ADJ_rate_baixo""]",3,9169dbcef2fd
0.096759259259259253,"[""DEP_advcl_rate_baixo"", ""DEP_aux:pass_rate_baixo"", ""POS_ADJ_rate_baixo""]",3,1ce99a950aff
0.089351851851851849,"[""DEP_advcl_rate_baixo"", ""DEP_cop_rate_baixo"", ""POS_ADJ_rate_baixo""]",3,2c926ce8ff32
0.085185185185185183,"[""DEP_acl:relcl_rate_baixo"", ""DEP_advcl_rate_baixo"", ""POS_ADJ_rate_baixo""]",3,39dc3adc0d7a
0.10231481481481482,"[""DEP_nsubj:pass_rate_baixo"", ""DEP_nummod_rate_baixo"", ""POS_ADJ_rate_baixo""]",3,f94ea896178e
0.094907407407407413,"[""DEP_aux:pass_rate_baixo"", ""DEP_nummod_rate_baixo"", ""POS_ADJ_rate_baixo""]",3,fd16fe989cbf
0.080324074074074076,"[""DEP_advcl_rate_baixo"", ""DEP_nummod_rate_baixo"", ""POS_ADJ_rate_baixo""]",3,4ccb7dac81b9
0.091898148148148145,"[""DEP_cop_rate_baixo"", ""DEP_nummod_rate_baixo"", ""POS_ADJ_rate_baixo""]",3,ce11e2178db1
0.085648148148148154,"[""DEP_acl:relcl_rate_baixo"", ""DEP_nummod_rate_baixo"", ""POS_ADJ_rate_baixo""]",3,241ca597fd32
0.09583333333333334,"[""DEP_ccomp_rate_baixo"", ""DEP_nsubj:pass_rate_baixo"", ""POS_ADJ_rate_baixo""]",3,2e834569cd33
0.089120370370370364,"[""DEP_aux:pass_rate_baixo"", ""DEP_ccomp_rate_baixo"", ""POS_ADJ_rate_baixo""]",3,00514f8424b7
0.084722222222222227,"[""DEP_advcl_rate_baixo"", ""DEP_ccomp_rate_baixo"", ""POS_ADJ_rate_baixo""]",3,6bca8f324ca2
0.096759259259259253,"[""DEP_ccomp_rate_baixo"", ""DEP_cop_rate_baixo"", ""POS_ADJ_rate_baixo""]",3,65c9f85eca95
0.087499999999999994,"[""DEP_acl:relcl_rate_baixo"", ""DEP_ccomp_rate_baixo"", ""POS_ADJ_rate_baixo""]",3,34f24fc409ec
0.09768518518518518,"[""DEP_acl_rate_baixo"", ""DEP_nsubj:pass_rate_baixo"", ""POS_ADJ_rate_baixo""]",3,328a5d8e17ce
0.087268518518518523,"[""DEP_acl_rate_baixo"", ""DEP_aux:pass_rate_baixo"", ""POS_ADJ_rate_baixo""]",3,aa6811d944ad
0.083564814814814814,"[""DEP_acl_rate_baixo"", ""DEP_nummod_rate_baixo"", ""POS_ADJ_rate_baixo""]",3,f4e4ef1cac6a
0.08009259259259259,"[""DEP_acl_rate_baixo"", ""DEP_advcl_rate_baixo"", ""POS_ADJ_rate_baixo""]",3,a7db25dcf708
0.087962962962962965,"[""DEP_acl_rate_baixo"", ""DEP_cop_rate_baixo"", ""POS_ADJ_rate_baixo""]",3,6901bb410110
0.083101851851851857,"[""DEP_acl:relcl_rate_baixo"", ""DEP_acl_rate_baixo"", ""POS_ADJ_rate_baixo""]",3,29d8e7dbdab4
0.10902777777777778,"[""DEP_cop_rate_baixo"", ""DEP_nsubj:pass_rate_baixo"", ""POS_ADJ_rate_baixo""]",3,2bb568257d7b
0.081712962962962959,"[""DEP_advcl_rate_baixo"", ""DEP_xcomp_rate_baixo"", ""POS_ADJ_rate_baixo""]",3,5c9d404df076
0.081018518518518517,"[""DEP_ccomp_rate_baixo"", ""DEP_xcomp_rate_baixo"", ""POS_ADJ_rate_baixo""]",3,e9c3c9a7cb0a
0.092129629629629631,"[""DEP_nsubj:pass_rate_baixo"", ""DEP_xcomp_rate_baixo"", ""POS_ADJ_rate_baixo""]",3,2f2ca6a82c83
0.085879629629629625,"[""DEP_acl:relcl_rate_baixo"", ""DEP_xcomp_rate_baixo"", ""POS_ADJ_rate_baixo""]",3,52baff3969cd
0.085879629629629625,"[""DEP_aux:pass_rate_baixo"", ""DEP_xcomp_rate_baixo"", ""POS_ADJ_rate_baixo""]",3,7d9242702d64
0.085185185185185183,"[""DEP_cop_rate_baixo"", ""DEP_xcomp_rate_baixo"", ""POS_ADJ_rate_baixo""]",3,d162663a4721
0.10856481481481481,"[""DEP_acl:relcl_rate_baixo"", ""DEP_nsubj:pass_rate_baixo"", ""POS_ADJ_rate_baixo""]",3,6eb076812be4
0.10740740740740741,"[""DEP_acl:relcl_rate_baixo"", ""DEP_cop_rate_baixo"", ""POS_ADJ_rate_baixo""]",3,81b11194733a
0.1011574074074074,"[""DEP_acl:relcl_rate_baixo"", ""DEP_aux:pass_rate_baixo"", ""POS_ADJ_rate_baixo""]",3,dfdd13924292
0.089351851851851849,"[""DEP_nummod_rate_baixo"", ""POS_ADJ_rate_baixo"", ""POS_NUM_rate_baixo""]",3,a008d2e92005
0.081712962962962959,"[""DEP_acl:relcl_rate_baixo"", ""POS_ADJ_rate_baixo"", ""POS_PRON_rate_baixo""]",3,289d0ff46923
0.18541666666666667,"[""DEP_case_rate_alto"", ""DEP_ccomp_rate_baixo""]",2,cb88113405d7
0.17939814814814814,"[""DEP_advcl_rate_baixo"", ""DEP_case_rate_alto""]",2,7830eeac05b0
0.17754629629629629,"[""DEP_case_rate_alto"", ""DEP_nsubj:pass_rate_baixo""]",2,7ed0f17b822c
0.16967592592592592,"[""DEP_case_rate_alto"", ""DEP_nmod_rate_alto""]",2,17f99d8a96b0
0.1673611111111111,"[""DEP_aux:pass_rate_baixo"", ""DEP_case_rate_alto""]",2,9ebef5067294
0.1425925925925926,"[""DEP_case_rate_alto"", ""DEP_nummod_rate_baixo""]",2,1c36476459c7
0.13587962962962963,"[""DEP_acl_rate_baixo"", ""DEP_case_rate_alto""]",2,d26cb8112d60
0.12384259259259259,"[""DEP_advmod_rate_baixo"", ""DEP_case_rate_alto""]",2,3ecbded897dd
0.1162037037037037,"[""DEP_case_rate_alto"", ""POS_VERB_rate_baixo""]",2,5a7d9655513b
0.11458333333333333,"[""DEP_case_rate_alto"", ""POS_ADV_rate_baixo""]",2,9bf0c5fa312c
0.10324074074074074,"[""DEP_case_rate_alto"", ""uppercaseRatio_baixo""]",2,dd0f77aa7422
0.10162037037037037,"[""DEP_case_rate_alto"", ""DEP_cc_rate_baixo""]",2,bd6dce0297f2
0.098611111111111108,"[""DEP_case_rate_alto"", ""POS_CCONJ_rate_baixo""]",2,06e693289414
0.090972222222222218,"[""DEP_case_rate_alto"", ""DEP_conj_rate_baixo""]",2,d7b964f87f8d
0.086805555555555552,"[""DEP_case_rate_alto"", ""POS_ADJ_rate_baixo""]",2,14ee23647cd3
0.17476851851851852,"[""DEP_acl:relcl_rate_baixo"", ""DEP_case_rate_alto""]",2,fc4fdacf5b50
0.15555555555555556,"[""DEP_case_rate_alto"", ""DEP_xcomp_rate_baixo""]",2,49223588716a
0.13587962962962963,"[""DEP_case_rate_alto"", ""DEP_mark_rate_baixo""]",2,e89191cf7bff
0.13171296296296298,"[""DEP_case_rate_alto"", ""POS_SCONJ_rate_baixo""]",2,b6bec908c734
0.084722222222222227,"[""DEP_case_rate_alto"", ""POS_NUM_rate_baixo""]",2,7195a70697f7
0.082870370370370372,"[""DEP_appos_rate_baixo"", ""DEP_case_rate_alto""]",2,a7a7abcc3f69
0.17314814814814813,"[""DEP_case_rate_alto"", ""DEP_cop_rate_baixo""]",2,0197f77ba38d
0.1175925925925926,"[""DEP_case_rate_alto"", ""POS_PRON_rate_baixo""]",2,439677448921
0.091435185185185189,"[""DEP_case_rate_alto"", ""POS_AUX_rate_baixo""]",2,cf41047ec5a4
0.085185185185185183,"[""DEP_case_rate_alto"", ""DEP_nummod_rate_alto""]",2,9dcb8616cc8d
0.12847222222222221,"[""DEP_advcl_rate_baixo"", ""DEP_case_rate_alto"", ""DEP_ccomp_rate_baixo""]",3,2d86cb372048
0.12592592592592591,"[""DEP_case_rate_alto"", ""DEP_ccomp_rate_baixo"", ""DEP_nsubj:pass_rate_baixo""]",3,7ceff571f6c9
0.12430555555555556,"[""DEP_advcl_rate_baixo"", ""DEP_case_rate_alto"", ""DEP_nsubj:pass_rate_baixo""]",3,cb89c941997e
0.12407407407407407,"[""DEP_case_rate_alto"", ""DEP_ccomp_rate_baixo"", ""DEP_nmod_rate_alto""]",3,5710cffb011e
0.12314814814814815,"[""DEP_advcl_rate_baixo"", ""DEP_case_rate_alto"", ""DEP_nmod_rate_alto""]",3,c164086c3d3a
0.11921296296296297,"[""DEP_case_rate_alto"", ""DEP_nmod_rate_alto"", ""DEP_nsubj:pass_rate_baixo""]",3,182da81c0366
0.12060185185185185,"[""DEP_acl:relcl_rate_baixo"", ""DEP_case_rate_alto"", ""DEP_nmod_rate_alto""]",3,bb531292a7ba
0.1111111111111111,"[""DEP_case_rate_alto"", ""DEP_cop_rate_baixo"", ""DEP_nmod_rate_alto""]",3,a59a9d2fda1f
0.1648148148148148,"[""DEP_aux:pass_rate_baixo"", ""DEP_case_rate_alto"", ""DEP_nsubj:pass_rate_baixo""]",3,485fc11b3d22
0.11851851851851852,"[""DEP_aux:pass_rate_baixo"", ""DEP_case_rate_alto"", ""DEP_ccomp_rate_baixo""]",3,f30715bf7d5c
0.11828703703703704,"[""DEP_advcl_rate_baixo"", ""DEP_aux:pass_rate_baixo"", ""DEP_case_rate_alto""]",3,9f73140255eb
0.11412037037037037,"[""DEP_aux:pass_rate_baixo"", ""DEP_case_rate_alto"", ""DEP_nmod_rate_alto""]",3,8403697f01ab
0.1150462962962963,"[""DEP_acl:relcl_rate_baixo"", ""DEP_aux:pass_rate_baixo"", ""DEP_case_rate_alto""]",3,4e8973592cb7
0.10972222222222222,"[""DEP_aux:pass_rate_baixo"", ""DEP_case_rate_alto"", ""DEP_cop_rate_baixo""]",3,5c94d4e01ab4
0.10138888888888889,"[""DEP_case_rate_alto"", ""DEP_nsubj:pass_rate_baixo"", ""DEP_nummod_rate_baixo""]",3,d593aee76979
0.09930555555555555,"[""DEP_case_rate_alto"", ""DEP_ccomp_rate_baixo"", ""DEP_nummod_rate_baixo""]",3,18bfb5948bc1
0.097916666666666666,"[""DEP_advcl_rate_baixo"", ""DEP_case_rate_alto"", ""DEP_nummod_rate_baixo""]",3,bc7081d1b2d9
0.095370370370370369,"[""DEP_aux:pass_rate_baixo"", ""DEP_case_rate_alto"", ""DEP_nummod_rate_baixo""]",3,3eb6f76c2106
0.092361111111111116,"[""DEP_case_rate_alto"", ""DEP_nmod_rate_alto"", ""DEP_nummod_rate_baixo""]",3,cb31ff0cb4ff
0.09583333333333334,"[""DEP_acl:relcl_rate_baixo"", ""DEP_case_rate_alto"", ""DEP_nummod_rate_baixo""]",3,ba7c29977b72
0.084259259259259256,"[""DEP_case_rate_alto"", ""DEP_nummod_rate_baixo"", ""DEP_xcomp_rate_baixo""]",3,1e66d139aff3
0.096064814814814811,"[""DEP_case_rate_alto"", ""DEP_cop_rate_baixo"", ""DEP_nummod_rate_baixo""]",3,37b395342e99
0.096759259259259253,"[""DEP_acl_rate_baixo"", ""DEP_case_rate_alto"", ""DEP_ccomp_rate_baixo""]",3,1c2533ef992e
0.094907407407407413,"[""DEP_acl_rate_baixo"", ""DEP_case_rate_alto"", ""DEP_nmod_rate_alto""]",3,016bcc89e05f
0.094212962962962957,"[""DEP_acl_rate_baixo"", ""DEP_advcl_rate_baixo"", ""DEP_case_rate_alto""]",3,94dff7ecd98d
0.091435185185185189,"[""DEP_acl_rate_baixo"", ""DEP_case_rate_alto"", ""DEP_nsubj:pass_rate_baixo""]",3,b51cb9a4c286
0.083333333333333329,"[""DEP_acl_rate_baixo"", ""DEP_aux:pass_rate_baixo"", ""DEP_case_rate_alto""]",3,78a20e5359d1
0.089583333333333334,"[""DEP_acl:relcl_rate_baixo"", ""DEP_acl_rate_baixo"", ""DEP_case_rate_alto""]",3,172b3ca3108a
0.081018518518518517,"[""DEP_acl_rate_baixo"", ""DEP_case_rate_alto"", ""DEP_xcomp_rate_baixo""]",3,b7a1f5f9872f
0.088888888888888892,"[""DEP_acl_rate_baixo"", ""DEP_case_rate_alto"", ""DEP_cop_rate_baixo""]",3,3da6bea601e8
0.092129629629629631,"[""DEP_advmod_rate_baixo"", ""DEP_case_rate_alto"", ""DEP_nmod_rate_alto""]",3,134eb2314f60
0.090277777777777776,"[""DEP_advmod_rate_baixo"", ""DEP_case_rate_alto"", ""DEP_ccomp_rate_baixo""]",3,1eaf8dee0caf
0.088425925925925922,"[""DEP_advcl_rate_baixo"", ""DEP_advmod_rate_baixo"", ""DEP_case_rate_alto""]",3,6d3a0cafa30f
0.085416666666666669,"[""DEP_advmod_rate_baixo"", ""DEP_case_rate_alto"", ""DEP_nsubj:pass_rate_baixo""]",3,1d641bdf5ea1
0.081481481481481488,"[""DEP_advmod_rate_baixo"", ""DEP_aux:pass_rate_baixo"", ""DEP_case_rate_alto""]",3,47f239feea00
0.084722222222222227,"[""DEP_acl:relcl_rate_baixo"", ""DEP_advmod_rate_baixo"", ""DEP_case_rate_alto""]",3,a70e72860fd8
0.085648148148148154,"[""DEP_advmod_rate_baixo"", ""DEP_case_rate_alto"", ""DEP_cop_rate_baixo""]",3,af08e0eea194
0.093981481481481485,"[""DEP_advcl_rate_baixo"", ""DEP_case_rate_alto"", ""POS_VERB_rate_baixo""]",3,420b8b87f0ab
0.09375,"[""DEP_case_rate_alto"", ""DEP_ccomp_rate_baixo"", ""POS_VERB_rate_baixo""]",3,b78eaa64524a
0.086342592592592596,"[""DEP_case_rate_alto"", ""DEP_nmod_rate_alto"", ""POS_VERB_rate_baixo""]",3,0af316dc866a
0.08217592592592593,"[""DEP_case_rate_alto"", ""DEP_nsubj:pass_rate_baixo"", ""POS_VERB_rate_baixo""]",3,97bc13661f5c
0.090509259259259262,"[""DEP_case_rate_alto"", ""DEP_xcomp_rate_baixo"", ""POS_VERB_rate_baixo""]",3,00ec879be9e1
0.1111111111111111,"[""DEP_advmod_rate_baixo"", ""DEP_case_rate_alto"", ""POS_ADV_rate_baixo""]",3,54140c70fba3
0.084953703703703698,"[""DEP_case_rate_alto"", ""DEP_nmod_rate_alto"", ""POS_ADV_rate_baixo""]",3,5ad89389bf3b
0.082870370370370372,"[""DEP_advcl_rate_baixo"", ""DEP_case_rate_alto"", ""POS_ADV_rate_baixo""]",3,dbc7bbf1b6d6
0.082407407407407401,"[""DEP_case_rate_alto"", ""DEP_ccomp_rate_baixo"", ""POS_ADV_rate_baixo""]",3,00d275740ae1
0.09768518518518518,"[""DEP_case_rate_alto"", ""DEP_cc_rate_baixo"", ""POS_CCONJ_rate_baixo""]",3,70038cd7b6a6
0.086805555555555552,"[""DEP_case_rate_alto"", ""DEP_cc_rate_baixo"", ""DEP_conj_rate_baixo""]",3,4c13b591f177
0.084259259259259256,"[""DEP_case_rate_alto"", ""DEP_conj_rate_baixo"", ""POS_CCONJ_rate_baixo""]",3,8dfa0fc02277
0.12407407407407407,"[""DEP_acl:relcl_rate_baixo"", ""DEP_case_rate_alto"", ""DEP_ccomp_rate_baixo""]",3,ba31d105e1ef
0.12222222222222222,"[""DEP_acl:relcl_rate_baixo"", ""DEP_case_rate_alto"", ""DEP_nsubj:pass_rate_baixo""]",3,5f39a1bbdb1c
0.11782407407407407,"[""DEP_acl:relcl_rate_baixo"", ""DEP_advcl_rate_baixo"", ""DEP_case_rate_alto""]",3,7f2e36171598
0.11435185185185186,"[""DEP_case_rate_alto"", ""DEP_ccomp_rate_baixo"", ""DEP_xcomp_rate_baixo""]",3,d55cb11cb78d
0.1111111111111111,"[""DEP_advcl_rate_baixo"", ""DEP_case_rate_alto"", ""DEP_xcomp_rate_baixo""]",3,d5c252b9040a
0.10856481481481481,"[""DEP_acl:relcl_rate_baixo"", ""DEP_case_rate_alto"", ""DEP_xcomp_rate_baixo""]",3,859c0f842cf6
0.10717592592592592,"[""DEP_case_rate_alto"", ""DEP_nsubj:pass_rate_baixo"", ""DEP_xcomp_rate_baixo""]",3,2b81c449de89
0.10879629629629629,"[""DEP_case_rate_alto"", ""DEP_nmod_rate_alto"", ""DEP_xcomp_rate_baixo""]",3,76999f4dcc0e
0.1025462962962963,"[""DEP_aux:pass_rate_baixo"", ""DEP_case_rate_alto"", ""DEP_xcomp_rate_baixo""]",3,cb7e4501f705
0.10347222222222222,"[""DEP_case_rate_alto"", ""DEP_cop_rate_baixo"", ""DEP_xcomp_rate_baixo""]",3,74e08bf00504
0.12060185185185185,"[""DEP_case_rate_alto"", ""DEP_ccomp_rate_baixo"", ""DEP_mark_rate_baixo""]",3,225f46bac881
0.11319444444444444,"[""DEP_advcl_rate_baixo"", ""DEP_case_rate_alto"", ""DEP_mark_rate_baixo""]",3,92f0764c1c02
0.093981481481481485,"[""DEP_case_rate_alto"", ""DEP_mark_rate_baixo"", ""DEP_xcomp_rate_baixo""]",3,411d0b0e7084
0.092129629629629631,"[""DEP_case_rate_alto"", ""DEP_mark_rate_baixo"", ""DEP_nsubj:pass_rate_baixo""]",3,e586b858934a
0.088425925925925922,"[""DEP_acl:relcl_rate_baixo"", ""DEP_case_rate_alto"", ""DEP_mark_rate_baixo""]",3,64e41e2f2e07
0.091203703703703703,"[""DEP_case_rate_alto"", ""DEP_cop_rate_baixo"", ""DEP_mark_rate_baixo""]",3,03f0f1f4e393
0.087499999999999994,"[""DEP_aux:pass_rate_baixo"", ""DEP_case_rate_alto"", ""DEP_mark_rate_baixo""]",3,85a258afc3ce
0.090277777777777776,"[""DEP_case_rate_alto"", ""DEP_mark_rate_baixo"", ""DEP_nmod_rate_alto""]",3,d83d40360160
0.1275462962962963,"[""DEP_case_rate_alto"", ""DEP_mark_rate_baixo"", ""POS_SCONJ_rate_baixo""]",3,a1236d4084ad
0.11712962962962963,"[""DEP_case_rate_alto"", ""DEP_ccomp_rate_baixo"", ""POS_SCONJ_rate_baixo""]",3,d3c69c59dd01
0.10949074074074074,"[""DEP_advcl_rate_baixo"", ""DEP_case_rate_alto"", ""POS_SCONJ_rate_baixo""]",3,9d248c247b56
0.090509259259259262,"[""DEP_case_rate_alto"", ""DEP_xcomp_rate_baixo"", ""POS_SCONJ_rate_baixo""]",3,008ce8661aa2
0.089583333333333334,"[""DEP_case_rate_alto"", ""DEP_nsubj:pass_rate_baixo"", ""POS_SCONJ_rate_baixo""]",3,b464e6a35d4d
0.086805555555555552,"[""DEP_acl:relcl_rate_baixo"", ""DEP_case_rate_alto"", ""POS_SCONJ_rate_baixo""]",3,0310b0c0522c
0.089583333333333334,"[""DEP_case_rate_alto"", ""DEP_cop_rate_baixo"", ""POS_SCONJ_rate_baixo""]",3,0495779ca77e
0.084259259259259256,"[""DEP_aux:pass_rate_baixo"", ""DEP_case_rate_alto"", ""POS_SCONJ_rate_baixo""]",3,c0edc7ce6710
0.088888888888888892,"[""DEP_case_rate_alto"", ""DEP_nmod_rate_alto"", ""POS_SCONJ_rate_baixo""]",3,ce9426f4f1e9
0.084722222222222227,"[""DEP_case_rate_alto"", ""DEP_nummod_rate_baixo"", ""POS_NUM_rate_baixo""]",3,4f06af3232b3
0.12870370370370371,"[""DEP_case_rate_alto"", ""DEP_ccomp_rate_baixo"", ""DEP_cop_rate_baixo""]",3,185f2e1ceaef
0.11874999999999999,"[""DEP_advcl_rate_baixo"", ""DEP_case_rate_alto"", ""DEP_cop_rate_baixo""]",3,0e062f85e0f1
0.11805555555555555,"[""DEP_case_rate_alto"", ""DEP_cop_rate_baixo"", ""DEP_nsubj:pass_rate_baixo""]",3,992adeb8d9e6
0.12222222222222222,"[""DEP_acl:relcl_rate_baixo"", ""DEP_case_rate_alto"", ""DEP_cop_rate_baixo""]",3,c6b09d875854
0.1150462962962963,"[""DEP_acl:relcl_rate_baixo"", ""DEP_case_rate_alto"", ""POS_PRON_rate_baixo""]",3,81d1f9212c8f
0.08773148148148148,"[""DEP_case_rate_alto"", ""DEP_ccomp_rate_baixo"", ""POS_PRON_rate_baixo""]",3,bf94efe729fd
0.083101851851851857,"[""DEP_advcl_rate_baixo"", ""DEP_case_rate_alto"", ""POS_PRON_rate_baixo""]",3,3aff5a0db48d
0.082870370370370372,"[""DEP_case_rate_alto"", ""DEP_cop_rate_baixo"", ""POS_PRON_rate_baixo""]",3,961777438cf2
0.081944444444444445,"[""DEP_case_rate_alto"", ""DEP_nsubj:pass_rate_baixo"", ""POS_PRON_rate_baixo""]",3,2023e1101783
0.084953703703703698,"[""DEP_case_rate_alto"", ""DEP_nmod_rate_alto"", ""POS_PRON_rate_baixo""]",3,2d6ad02ae575
0.091435185185185189,"[""DEP_aux:pass_rate_baixo"", ""DEP_case_rate_alto"", ""POS_AUX_rate_baixo""]",3,feecd158521b
0.091203703703703703,"[""DEP_case_rate_alto"", ""DEP_nsubj:pass_rate_baixo"", ""POS_AUX_rate_baixo""]",3,c33a4edbaf56
0.090509259259259262,"[""DEP_case_rate_alto"", ""DEP_cop_rate_baixo"", ""POS_AUX_rate_baixo""]",3,ef460f285d8e
0.18402777777777779,"[""DEP_flat:name_rate_alto"", ""DEP_nsubj:pass_rate_baixo""]",2,72758742a7ec
0.17291666666666666,"[""DEP_aux:pass_rate_baixo"", ""DEP_flat:name_rate_alto""]",2,f34a0cbb711a
0.17199074074074075,"[""DEP_flat:name_rate_alto"", ""DEP_nummod_rate_baixo""]",2,84aef73f044d
0.17083333333333334,"[""DEP_ccomp_rate_baixo"", ""DEP_flat:name_rate_alto""]",2,7d17d797f0cb
0.16944444444444445,"[""DEP_advcl_rate_baixo"", ""DEP_flat:name_rate_alto""]",2,f4d47ecd5cd8
0.14305555555555555,"[""DEP_acl_rate_baixo"", ""DEP_flat:name_rate_alto""]",2,76b5e106413e
0.1150462962962963,"[""DEP_advmod_rate_baixo"", ""DEP_flat:name_rate_alto""]",2,0c19c59e417e
0.10671296296296297,"[""DEP_flat:name_rate_alto"", ""POS_VERB_rate_baixo""]",2,47999baa94e5
0.10648148148148148,"[""DEP_flat:name_rate_alto"", ""POS_ADV_rate_baixo""]",2,3e6a0c4a2825
0.096064814814814811,"[""DEP_cc_rate_baixo"", ""DEP_flat:name_rate_alto""]",2,1916b7883f94
0.091898148148148145,"[""DEP_flat:name_rate_alto"", ""uppercaseRatio_baixo""]",2,a6df777c992e
0.090277777777777776,"[""DEP_flat:name_rate_alto"", ""POS_CCONJ_rate_baixo""]",2,4b38d050e0b7
0.089120370370370364,"[""DEP_flat:name_rate_alto"", ""POS_ADJ_rate_baixo""]",2,1b9250089bde
0.081712962962962959,"[""DEP_conj_rate_baixo"", ""DEP_flat:name_rate_alto""]",2,fc0b4bbcca1e
0.15810185185185185,"[""DEP_cop_rate_baixo"", ""DEP_flat:name_rate_alto""]",2,9f7be9a90199
0.12291666666666666,"[""DEP_appos_rate_alto"", ""DEP_flat:name_rate_alto""]",2,49813d143d2a
0.14976851851851852,"[""DEP_flat:name_rate_alto"", ""DEP_xcomp_rate_baixo""]",2,76ebc404ca70
0.11435185185185186,"[""DEP_flat:name_rate_alto"", ""DEP_mark_rate_baixo""]",2,2434c00ce03e
0.11064814814814815,"[""DEP_flat:name_rate_alto"", ""POS_SCONJ_rate_baixo""]",2,d1234a730642
0.17453703703703705,"[""DEP_acl:relcl_rate_baixo"", ""DEP_flat:name_rate_alto""]",2,d3d306c28521
0.11157407407407408,"[""DEP_flat:name_rate_alto"", ""POS_PRON_rate_baixo""]",2,b285ef46e193
0.08217592592592593,"[""DEP_flat:name_rate_alto"", ""POS_AUX_rate_baixo""]",2,60936fa9b1ea
0.11087962962962963,"[""DEP_flat:name_rate_alto"", ""POS_NUM_rate_baixo""]",2,24b5917f9e00
0.17106481481481481,"[""DEP_aux:pass_rate_baixo"", ""DEP_flat:name_rate_alto"", ""DEP_nsubj:pass_rate_baixo""]",3,3698aa059500
0.11597222222222223,"[""DEP_acl:relcl_rate_baixo"", ""DEP_aux:pass_rate_baixo"", ""DEP_flat:name_rate_alto""]",3,278d93d18775
0.12384259259259259,"[""DEP_flat:name_rate_alto"", ""DEP_nsubj:pass_rate_baixo"", ""DEP_nummod_rate_baixo""]",3,b29fdfd48475
0.11574074074074074,"[""DEP_aux:pass_rate_baixo"", ""DEP_flat:name_rate_alto"", ""DEP_nummod_rate_baixo""]",3,7c0a2c48c8a1
0.11412037037037037,"[""DEP_acl:relcl_rate_baixo"", ""DEP_flat:name_rate_alto"", ""DEP_nummod_rate_baixo""]",3,8e7f30c40788
0.11944444444444445,"[""DEP_ccomp_rate_baixo"", ""DEP_flat:name_rate_alto"", ""DEP_nsubj:pass_rate_baixo""]",3,cc0054489aaa
0.11203703703703703,"[""DEP_aux:pass_rate_baixo"", ""DEP_ccomp_rate_baixo"", ""DEP_flat:name_rate_alto""]",3,702169d5a432
0.11064814814814815,"[""DEP_ccomp_rate_baixo"", ""DEP_flat:name_rate_alto"", ""DEP_nummod_rate_baixo""]",3,81d740432c5d
0.11273148148148149,"[""DEP_acl:relcl_rate_baixo"", ""DEP_ccomp_rate_baixo"", ""DEP_flat:name_rate_alto""]",3,51fef8c68c61
0.12291666666666666,"[""DEP_advcl_rate_baixo"", ""DEP_flat:name_rate_alto"", ""DEP_nsubj:pass_rate_baixo""]",3,f90c14275958
0.11666666666666667,"[""DEP_advcl_rate_baixo"", ""DEP_aux:pass_rate_baixo"", ""DEP_flat:name_rate_alto""]",3,8692db2cd3b5
0.11296296296296296,"[""DEP_advcl_rate_baixo"", ""DEP_ccomp_rate_baixo"", ""DEP_flat:name_rate_alto""]",3,6873b726bbf6
0.11064814814814815,"[""DEP_advcl_rate_baixo"", ""DEP_flat:name_rate_alto"", ""DEP_nummod_rate_baixo""]",3,c079fbbe3e1b
0.11018518518518519,"[""DEP_acl:relcl_rate_baixo"", ""DEP_advcl_rate_baixo"", ""DEP_flat:name_rate_alto""]",3,7148ba190623
0.099074074074074078,"[""DEP_acl_rate_baixo"", ""DEP_flat:name_rate_alto"", ""DEP_nummod_rate_baixo""]",3,660e257055ce
0.098611111111111108,"[""DEP_acl_rate_baixo"", ""DEP_flat:name_rate_alto"", ""DEP_nsubj:pass_rate_baixo""]",3,0faf40136888
0.095601851851851855,"[""DEP_acl_rate_baixo"", ""DEP_ccomp_rate_baixo"", ""DEP_flat:name_rate_alto""]",3,8c54edeca28f
0.092592592592592587,"[""DEP_acl_rate_baixo"", ""DEP_aux:pass_rate_baixo"", ""DEP_flat:name_rate_alto""]",3,f939be13576b
0.091203703703703703,"[""DEP_acl_rate_baixo"", ""DEP_advcl_rate_baixo"", ""DEP_flat:name_rate_alto""]",3,fe456f154ea1
0.083101851851851857,"[""DEP_acl_rate_baixo"", ""DEP_flat:name_rate_alto"", ""DEP_xcomp_rate_baixo""]",3,ca2f80f53f5d
0.092129629629629631,"[""DEP_acl:relcl_rate_baixo"", ""DEP_acl_rate_baixo"", ""DEP_flat:name_rate_alto""]",3,f88eb75e04f5
0.084259259259259256,"[""DEP_acl_rate_baixo"", ""DEP_cop_rate_baixo"", ""DEP_flat:name_rate_alto""]",3,b63c3271e659
0.081250000000000003,"[""DEP_advmod_rate_baixo"", ""DEP_flat:name_rate_alto"", ""DEP_nsubj:pass_rate_baixo""]",3,dfc672524829
0.08009259259259259,"[""DEP_advcl_rate_baixo"", ""DEP_advmod_rate_baixo"", ""DEP_flat:name_rate_alto""]",3,1ae5c3a12fd2
0.086805555555555552,"[""DEP_ccomp_rate_baixo"", ""DEP_flat:name_rate_alto"", ""POS_VERB_rate_baixo""]",3,5acbd6a1bc58
0.083796296296296299,"[""DEP_advcl_rate_baixo"", ""DEP_flat:name_rate_alto"", ""POS_VERB_rate_baixo""]",3,941930c8c9e1
0.081944444444444445,"[""DEP_flat:name_rate_alto"", ""DEP_xcomp_rate_baixo"", ""POS_VERB_rate_baixo""]",3,77a699aeae2e
0.10439814814814814,"[""DEP_advmod_rate_baixo"", ""DEP_flat:name_rate_alto"", ""POS_ADV_rate_baixo""]",3,b17c90d535e3
0.090046296296296291,"[""DEP_cc_rate_baixo"", ""DEP_flat:name_rate_alto"", ""POS_CCONJ_rate_baixo""]",3,351ba576f37e
0.11064814814814815,"[""DEP_cop_rate_baixo"", ""DEP_flat:name_rate_alto"", ""DEP_nsubj:pass_rate_baixo""]",3,43063f79d09c
0.10532407407407407,"[""DEP_cop_rate_baixo"", ""DEP_flat:name_rate_alto"", ""DEP_nummod_rate_baixo""]",3,b546d400c842
0.10300925925925926,"[""DEP_advcl_rate_baixo"", ""DEP_cop_rate_baixo"", ""DEP_flat:name_rate_alto""]",3,0a3aa1483fa6
0.11458333333333333,"[""DEP_acl:relcl_rate_baixo"", ""DEP_cop_rate_baixo"", ""DEP_flat:name_rate_alto""]",3,8fba29eb5fd0
0.1076388888888889,"[""DEP_ccomp_rate_baixo"", ""DEP_cop_rate_baixo"", ""DEP_flat:name_rate_alto""]",3,3292fd6f4e1b
0.10393518518518519,"[""DEP_aux:pass_rate_baixo"", ""DEP_cop_rate_baixo"", ""DEP_flat:name_rate_alto""]",3,38d160e6121e
0.089351851851851849,"[""DEP_appos_rate_alto"", ""DEP_flat:name_rate_alto"", ""DEP_nsubj:pass_rate_baixo""]",3,d416519d99d5
0.08773148148148148,"[""DEP_appos_rate_alto"", ""DEP_flat:name_rate_alto"", ""DEP_nummod_rate_baixo""]",3,bdfa9203d9b8
0.084722222222222227,"[""DEP_advcl_rate_baixo"", ""DEP_appos_rate_alto"", ""DEP_flat:name_rate_alto""]",3,a602655457c9
0.081018518518518517,"[""DEP_appos_rate_alto"", ""DEP_cop_rate_baixo"", ""DEP_flat:name_rate_alto""]",3,554ad5a002be
0.083796296296296299,"[""DEP_appos_rate_alto"", ""DEP_ccomp_rate_baixo"", ""DEP_flat:name_rate_alto""]",3,7aade94c6d4b
0.083101851851851857,"[""DEP_appos_rate_alto"", ""DEP_aux:pass_rate_baixo"", ""DEP_flat:name_rate_alto""]",3,5b2cdc922a80
0.087499999999999994,"[""DEP_acl:relcl_rate_baixo"", ""DEP_appos_rate_alto"", ""DEP_flat:name_rate_alto""]",3,412066dcddaa
0.10532407407407407,"[""DEP_ccomp_rate_baixo"", ""DEP_flat:name_rate_alto"", ""DEP_xcomp_rate_baixo""]",3,7321cbe7056a
0.09976851851851852,"[""DEP_advcl_rate_baixo"", ""DEP_flat:name_rate_alto"", ""DEP_xcomp_rate_baixo""]",3,54117c384b59
0.098379629629629636,"[""DEP_flat:name_rate_alto"", ""DEP_nummod_rate_baixo"", ""DEP_xcomp_rate_baixo""]",3,a6b2a5e00180
0.10625,"[""DEP_flat:name_rate_alto"", ""DEP_nsubj:pass_rate_baixo"", ""DEP_xcomp_rate_baixo""]",3,f401488322e5
0.10555555555555556,"[""DEP_acl:relcl_rate_baixo"", ""DEP_flat:name_rate_alto"", ""DEP_xcomp_rate_baixo""]",3,81f2caba5e57
0.09930555555555555,"[""DEP_aux:pass_rate_baixo"", ""DEP_flat:name_rate_alto"", ""DEP_xcomp_rate_baixo""]",3,f021d057493a
0.08981481481481482,"[""DEP_cop_rate_baixo"", ""DEP_flat:name_rate_alto"", ""DEP_xcomp_rate_baixo""]",3,ca310a821e6e
0.10277777777777777,"[""DEP_ccomp_rate_baixo"", ""DEP_flat:name_rate_alto"", ""DEP_mark_rate_baixo""]",3,35eafbc81720
0.091898148148148145,"[""DEP_advcl_rate_baixo"", ""DEP_flat:name_rate_alto"", ""DEP_mark_rate_baixo""]",3,58e59037f55d
0.10625,"[""DEP_flat:name_rate_alto"", ""DEP_mark_rate_baixo"", ""POS_SCONJ_rate_baixo""]",3,3b0faa5ea894
0.10046296296296296,"[""DEP_ccomp_rate_baixo"", ""DEP_flat:name_rate_alto"", ""POS_SCONJ_rate_baixo""]",3,d0348446ae8d
0.08819444444444445,"[""DEP_advcl_rate_baixo"", ""DEP_flat:name_rate_alto"", ""POS_SCONJ_rate_baixo""]",3,9fc8b6be4b21
0.12476851851851851,"[""DEP_acl:relcl_rate_baixo"", ""DEP_flat:name_rate_alto"", ""DEP_nsubj:pass_rate_baixo""]",3,44664996ec5b
0.10810185185185185,"[""DEP_acl:relcl_rate_baixo"", ""DEP_flat:name_rate_alto"", ""POS_PRON_rate_baixo""]",3,b0d7cb03abba
0.08217592592592593,"[""DEP_aux:pass_rate_baixo"", ""DEP_flat:name_rate_alto"", ""POS_AUX_rate_baixo""]",3,193e22b80528
0.081712962962962959,"[""DEP_flat:name_rate_alto"", ""DEP_nsubj:pass_rate_baixo"", ""POS_AUX_rate_baixo""]",3,dde32f716632
0.081481481481481488,"[""DEP_cop_rate_baixo"", ""DEP_flat:name_rate_alto"", ""POS_AUX_rate_baixo""]",3,1385e11cdf5d
0.11041666666666666,"[""DEP_flat:name_rate_alto"", ""DEP_nummod_rate_baixo"", ""POS_NUM_rate_baixo""]",3,bf5143de64ef
0.17499999999999999,"[""DEP_ccomp_rate_baixo"", ""POS_NUM_rate_alto""]",2,e2afbb3aeb75
0.17476851851851852,"[""DEP_nsubj:pass_rate_baixo"", ""POS_NUM_rate_alto""]",2,455eb56c456d
0.16365740740740742,"[""DEP_advcl_rate_baixo"", ""POS_NUM_rate_alto""]",2,b87b258a774e
0.16250000000000001,"[""DEP_aux:pass_rate_baixo"", ""POS_NUM_rate_alto""]",2,823dc0be5dcd
0.12106481481481482,"[""DEP_acl_rate_baixo"", ""POS_NUM_rate_alto""]",2,da1a88e90bba
0.11458333333333333,"[""POS_NUM_rate_alto"", ""uppercaseRatio_baixo""]",2,49f93de0a940
0.090972222222222218,"[""POS_NUM_rate_alto"", ""POS_VERB_rate_baixo""]",2,865c1fbae4da
0.083101851851851857,"[""DEP_cc_rate_baixo"", ""POS_NUM_rate_alto""]",2,412459486ea5
0.081250000000000003,"[""DEP_nmod_rate_alto"", ""POS_NUM_rate_alto""]",2,7c908ee472a8
0.080324074074074076,"[""DEP_case_rate_alto"", ""POS_NUM_rate_alto""]",2,191432037cd4
0.15324074074074073,"[""DEP_cop_rate_baixo"", ""POS_NUM_rate_alto""]",2,cc3ed656dbfb
0.19305555555555556,"[""DEP_nummod_rate_alto"", ""POS_NUM_rate_alto""]",2,92889cf9973f
0.16342592592592592,"[""DEP_acl:relcl_rate_baixo"", ""POS_NUM_rate_alto""]",2,73513ea4d96d
0.10648148148148148,"[""DEP_mark_rate_baixo"", ""POS_NUM_rate_alto""]",2,a6202b3e7686
0.10416666666666667,"[""POS_NUM_rate_alto"", ""POS_SCONJ_rate_baixo""]",2,b5304529e222
0.081712962962962959,"[""POS_NUM_rate_alto"", ""POS_PROPN_rate_baixo""]",2,b6ba4e630f2e
0.14722222222222223,"[""DEP_xcomp_rate_baixo"", ""POS_NUM_rate_alto""]",2,9b30031aa671
0.098611111111111108,"[""POS_NUM_rate_alto"", ""POS_PRON_rate_baixo""]",2,a9a90db61bf9
0.083796296296296299,"[""POS_ADP_rate_alto"", ""POS_NUM_rate_alto""]",2,6461c84b6057
0.13425925925925927,"[""DEP_ccomp_rate_baixo"", ""DEP_nummod_rate_alto"", ""POS_NUM_rate_alto""]",3,9bc3f2f9e469
0.11828703703703704,"[""DEP_ccomp_rate_baixo"", ""DEP_nsubj:pass_rate_baixo"", ""POS_NUM_rate_alto""]",3,833ebfb1fa54
0.13287037037037036,"[""DEP_nsubj:pass_rate_baixo"", ""DEP_nummod_rate_alto"", ""POS_NUM_rate_alto""]",3,a68ed5c1ddba
0.11388888888888889,"[""DEP_advcl_rate_baixo"", ""DEP_ccomp_rate_baixo"", ""POS_NUM_rate_alto""]",3,eddbc0e74c77
0.11226851851851852,"[""DEP_advcl_rate_baixo"", ""DEP_nsubj:pass_rate_baixo"", ""POS_NUM_rate_alto""]",3,d6b3a4a1c767
0.12337962962962963,"[""DEP_advcl_rate_baixo"", ""DEP_nummod_rate_alto"", ""POS_NUM_rate_alto""]",3,8bf706de094b
0.16087962962962962,"[""DEP_aux:pass_rate_baixo"", ""DEP_nsubj:pass_rate_baixo"", ""POS_NUM_rate_alto""]",3,b934485497ff
0.11041666666666666,"[""DEP_aux:pass_rate_baixo"", ""DEP_ccomp_rate_baixo"", ""POS_NUM_rate_alto""]",3,00f442d46a31
0.10671296296296297,"[""DEP_advcl_rate_baixo"", ""DEP_aux:pass_rate_baixo"", ""POS_NUM_rate_alto""]",3,34bd11a979f0
0.12314814814814815,"[""DEP_aux:pass_rate_baixo"", ""DEP_nummod_rate_alto"", ""POS_NUM_rate_alto""]",3,c32e54386296
0.10462962962962963,"[""DEP_acl:relcl_rate_baixo"", ""DEP_aux:pass_rate_baixo"", ""POS_NUM_rate_alto""]",3,89639c2a03ab
0.081018518518518517,"[""DEP_acl_rate_baixo"", ""DEP_nsubj:pass_rate_baixo"", ""POS_NUM_rate_alto""]",3,5a918826f0b6
0.08009259259259259,"[""DEP_acl_rate_baixo"", ""DEP_ccomp_rate_baixo"", ""POS_NUM_rate_alto""]",3,ec43029181ff
0.09768518518518518,"[""DEP_acl_rate_baixo"", ""DEP_nummod_rate_alto"", ""POS_NUM_rate_alto""]",3,b4bb55d05f7b
0.081018518518518517,"[""DEP_ccomp_rate_baixo"", ""POS_NUM_rate_alto"", ""uppercaseRatio_baixo""]",3,0e32dead775b
0.080555555555555561,"[""DEP_nsubj:pass_rate_baixo"", ""POS_NUM_rate_alto"", ""uppercaseRatio_baixo""]",3,3829896fe4f9
0.087499999999999994,"[""DEP_nummod_rate_alto"", ""POS_NUM_rate_alto"", ""uppercaseRatio_baixo""]",3,1d5e900b78b5
0.10856481481481481,"[""DEP_ccomp_rate_baixo"", ""DEP_cop_rate_baixo"", ""POS_NUM_rate_alto""]",3,68a2ce83ff5e
0.1037037037037037,"[""DEP_cop_rate_baixo"", ""DEP_nsubj:pass_rate_baixo"", ""POS_NUM_rate_alto""]",3,725144fc5bb1
0.10069444444444445,"[""DEP_advcl_rate_baixo"", ""DEP_cop_rate_baixo"", ""POS_NUM_rate_alto""]",3,ae45325fe460
0.096064814814814811,"[""DEP_aux:pass_rate_baixo"", ""DEP_cop_rate_baixo"", ""POS_NUM_rate_alto""]",3,288a553aa58a
0.10625,"[""DEP_acl:relcl_rate_baixo"", ""DEP_cop_rate_baixo"", ""POS_NUM_rate_alto""]",3,a08bbdb941b5
0.11851851851851852,"[""DEP_cop_rate_baixo"", ""DEP_nummod_rate_alto"", ""POS_NUM_rate_alto""]",3,d97c4f9442f3
0.12546296296296297,"[""DEP_acl:relcl_rate_baixo"", ""DEP_nummod_rate_alto"", ""POS_NUM_rate_alto""]",3,a122adae45e9
0.11273148148148149,"[""DEP_acl:relcl_rate_baixo"", ""DEP_ccomp_rate_baixo"", ""POS_NUM_rate_alto""]",3,7b36d39b3251
0.10555555555555556,"[""DEP_acl:relcl_rate_baixo"", ""DEP_advcl_rate_baixo"", ""POS_NUM_rate_alto""]",3,a1486f776020
0.11203703703703703,"[""DEP_acl:relcl_rate_baixo"", ""DEP_nsubj:pass_rate_baixo"", ""POS_NUM_rate_alto""]",3,bc96b0610d88
0.095138888888888884,"[""DEP_ccomp_rate_baixo"", ""DEP_mark_rate_baixo"", ""POS_NUM_rate_alto""]",3,1f74ccfb992f
0.087037037037037038,"[""DEP_mark_rate_baixo"", ""DEP_nummod_rate_alto"", ""POS_NUM_rate_alto""]",3,92f6e4b604d1
0.085648148148148154,"[""DEP_advcl_rate_baixo"", ""DEP_mark_rate_baixo"", ""POS_NUM_rate_alto""]",3,1bddfc8a9859
0.10023148148148148,"[""DEP_mark_rate_baixo"", ""POS_NUM_rate_alto"", ""POS_SCONJ_rate_baixo""]",3,ea6673d0792e
0.09375,"[""DEP_ccomp_rate_baixo"", ""POS_NUM_rate_alto"", ""POS_SCONJ_rate_baixo""]",3,bb4ed6a6da3a
0.084953703703703698,"[""DEP_nummod_rate_alto"", ""POS_NUM_rate_alto"", ""POS_SCONJ_rate_baixo""]",3,1280c93c1622
0.083101851851851857,"[""DEP_advcl_rate_baixo"", ""POS_NUM_rate_alto"", ""POS_SCONJ_rate_baixo""]",3,e474ef244cfd
0.11550925925925926,"[""DEP_nummod_rate_alto"", ""DEP_xcomp_rate_baixo"", ""POS_NUM_rate_alto""]",3,03c2ade5126c
0.10069444444444445,"[""DEP_nsubj:pass_rate_baixo"", ""DEP_xcomp_rate_baixo"", ""POS_NUM_rate_alto""]",3,7ea603ebe43b
0.09375,"[""DEP_aux:pass_rate_baixo"", ""DEP_xcomp_rate_baixo"", ""POS_NUM_rate_alto""]",3,b8e1623fd5ba
0.097453703703703709,"[""DEP_advcl_rate_baixo"", ""DEP_xcomp_rate_baixo"", ""POS_NUM_rate_alto""]",3,3d852157c96d
0.10856481481481481,"[""DEP_ccomp_rate_baixo"", ""DEP_xcomp_rate_baixo"", ""POS_NUM_rate_alto""]",3,9ef24e1bc61d
0.096759259259259253,"[""DEP_acl:relcl_rate_baixo"", ""DEP_xcomp_rate_baixo"", ""POS_NUM_rate_alto""]",3,5061a7b505b7
0.091203703703703703,"[""DEP_cop_rate_baixo"", ""DEP_xcomp_rate_baixo"", ""POS_NUM_rate_alto""]",3,6aba703665dc
0.095138888888888884,"[""DEP_acl:relcl_rate_baixo"", ""POS_NUM_rate_alto"", ""POS_PRON_rate_baixo""]",3,f9d95d15ef83
0.081250000000000003,"[""DEP_nummod_rate_alto"", ""POS_NUM_rate_alto"", ""POS_PRON_rate_baixo""]",3,c8741db3b7ae
0.18124999999999999,"[""DEP_nsubj:pass_rate_baixo"", ""POS_PROPN_rate_alto""]",2,10dd772ea42d
0.18055555555555555,"[""DEP_flat:name_rate_alto"", ""POS_PROPN_rate_alto""]",2,f7e084125c89
0.17453703703703705,"[""DEP_nummod_rate_baixo"", ""POS_PROPN_rate_alto""]",2,4dc4b00039ee
0.17083333333333334,"[""DEP_aux:pass_rate_baixo"", ""POS_PROPN_rate_alto""]",2,210daa7f8a49
0.1648148148148148,"[""DEP_advcl_rate_baixo"", ""POS_PROPN_rate_alto""]",2,b1ddd811a80b
0.16134259259259259,"[""DEP_ccomp_rate_baixo"", ""POS_PROPN_rate_alto""]",2,c29b979659d6
0.14351851851851852,"[""DEP_acl_rate_baixo"", ""POS_PROPN_rate_alto""]",2,8595e72bbbd5
0.11712962962962963,"[""DEP_advmod_rate_baixo"", ""POS_PROPN_rate_alto""]",2,e69205353454
0.10833333333333334,"[""POS_ADV_rate_baixo"", ""POS_PROPN_rate_alto""]",2,4394f450e00d
0.10324074074074074,"[""POS_PROPN_rate_alto"", ""POS_VERB_rate_baixo""]",2,c4ecf4cd5aa5
0.095370370370370369,"[""POS_ADJ_rate_baixo"", ""POS_PROPN_rate_alto""]",2,df39eaa84b12
0.088888888888888892,"[""DEP_cc_rate_baixo"", ""POS_PROPN_rate_alto""]",2,0f45dc857353
0.087962962962962965,"[""DEP_amod_rate_baixo"", ""POS_PROPN_rate_alto""]",2,a70791b88f76
0.084490740740740741,"[""POS_CCONJ_rate_baixo"", ""POS_PROPN_rate_alto""]",2,dbb8e8b6726e
0.1537037037037037,"[""DEP_cop_rate_baixo"", ""POS_PROPN_rate_alto""]",2,66005fe571d8
0.12685185185185185,"[""DEP_appos_rate_alto"", ""POS_PROPN_rate_alto""]",2,d85037e5b386
0.10231481481481482,"[""POS_PROPN_rate_alto"", ""uppercaseRatio_alto""]",2,2af755c742c7
0.12152777777777778,"[""POS_NOUN_rate_baixo"", ""POS_PROPN_rate_alto""]",2,17ca1c6ab1bc
0.17939814814814814,"[""DEP_acl:relcl_rate_baixo"", ""POS_PROPN_rate_alto""]",2,7c4b369da5c2
0.1050925925925926,"[""DEP_mark_rate_baixo"", ""POS_PROPN_rate_alto""]",2,9e2f44b8ad7e
0.10092592592592593,"[""POS_PROPN_rate_alto"", ""POS_SCONJ_rate_baixo""]",2,74d6a78e052e
0.11874999999999999,"[""POS_PRON_rate_baixo"", ""POS_PROPN_rate_alto""]",2,3ab612e2ae8d
0.11412037037037037,"[""POS_NUM_rate_baixo"", ""POS_PROPN_rate_alto""]",2,3dee99ec4157
0.1451388888888889,"[""DEP_xcomp_rate_baixo"", ""POS_PROPN_rate_alto""]",2,b88299f62fb3
0.13032407407407406,"[""DEP_flat:name_rate_alto"", ""DEP_nsubj:pass_rate_baixo"", ""POS_PROPN_rate_alto""]",3,ef0b8bf317c5
0.1275462962962963,"[""DEP_flat:name_rate_alto"", ""DEP_nummod_rate_baixo"", ""POS_PROPN_rate_alto""]",3,2c266724c643
0.12662037037037038,"[""DEP_nsubj:pass_rate_baixo"", ""DEP_nummod_rate_baixo"", ""POS_PROPN_rate_alto""]",3,f4d197a2bfe1
0.12361111111111112,"[""DEP_acl:relcl_rate_baixo"", ""DEP_nummod_rate_baixo"", ""POS_PROPN_rate_alto""]",3,2d4cb9d53cb6
0.16805555555555557,"[""DEP_aux:pass_rate_baixo"", ""DEP_nsubj:pass_rate_baixo"", ""POS_PROPN_rate_alto""]",3,f644f9f2d3f2
0.12268518518518519,"[""DEP_aux:pass_rate_baixo"", ""DEP_flat:name_rate_alto"", ""POS_PROPN_rate_alto""]",3,c8975106ddba
0.11851851851851852,"[""DEP_aux:pass_rate_baixo"", ""DEP_nummod_rate_baixo"", ""POS_PROPN_rate_alto""]",3,ea658744857f
0.12129629629629629,"[""DEP_acl:relcl_rate_baixo"", ""DEP_aux:pass_rate_baixo"", ""POS_PROPN_rate_alto""]",3,cc7321be9050
0.12222222222222222,"[""DEP_advcl_rate_baixo"", ""DEP_flat:name_rate_alto"", ""POS_PROPN_rate_alto""]",3,9ae8dacbf26d
0.12060185185185185,"[""DEP_advcl_rate_baixo"", ""DEP_nsubj:pass_rate_baixo"", ""POS_PROPN_rate_alto""]",3,f3c21da90f10
0.11458333333333333,"[""DEP_advcl_rate_baixo"", ""DEP_aux:pass_rate_baixo"", ""POS_PROPN_rate_alto""]",3,b80f2b842c29
0.11157407407407408,"[""DEP_advcl_rate_baixo"", ""DEP_nummod_rate_baixo"", ""POS_PROPN_rate_alto""]",3,e49291e46c16
0.11273148148148149,"[""DEP_acl:relcl_rate_baixo"", ""DEP_advcl_rate_baixo"", ""POS_PROPN_rate_alto""]",3,cbf1c614fcd4
0.12083333333333333,"[""DEP_ccomp_rate_baixo"", ""DEP_flat:name_rate_alto"", ""POS_PROPN_rate_alto""]",3,eb082123abdb
0.11388888888888889,"[""DEP_ccomp_rate_baixo"", ""DEP_nsubj:pass_rate_baixo"", ""POS_PROPN_rate_alto""]",3,32e7917fe9e5
0.1076388888888889,"[""DEP_advcl_rate_baixo"", ""DEP_ccomp_rate_baixo"", ""POS_PROPN_rate_alto""]",3,40dd9a8492f4
0.10740740740740741,"[""DEP_ccomp_rate_baixo"", ""DEP_nummod_rate_baixo"", ""POS_PROPN_rate_alto""]",3,bfc423dbfc34
0.10625,"[""DEP_aux:pass_rate_baixo"", ""DEP_ccomp_rate_baixo"", ""POS_PROPN_rate_alto""]",3,a35661a1a9be
0.11087962962962963,"[""DEP_acl:relcl_rate_baixo"", ""DEP_ccomp_rate_baixo"", ""POS_PROPN_rate_alto""]",3,cc925455f2fa
0.1037037037037037,"[""DEP_acl_rate_baixo"", ""DEP_nummod_rate_baixo"", ""POS_PROPN_rate_alto""]",3,1b93d3b5f1c1
0.1025462962962963,"[""DEP_acl_rate_baixo"", ""DEP_flat:name_rate_alto"", ""POS_PROPN_rate_alto""]",3,63746df368e9
0.099537037037037035,"[""DEP_acl_rate_baixo"", ""DEP_nsubj:pass_rate_baixo"", ""POS_PROPN_rate_alto""]",3,564b464818a2
0.094212962962962957,"[""DEP_acl_rate_baixo"", ""DEP_aux:pass_rate_baixo"", ""POS_PROPN_rate_alto""]",3,6d153773aed6
0.091898148148148145,"[""DEP_acl_rate_baixo"", ""DEP_advcl_rate_baixo"", ""POS_PROPN_rate_alto""]",3,7e9b8049cb4b
0.091435185185185189,"[""DEP_acl_rate_baixo"", ""DEP_ccomp_rate_baixo"", ""POS_PROPN_rate_alto""]",3,dad1a19e376e
0.097453703703703709,"[""DEP_acl:relcl_rate_baixo"", ""DEP_acl_rate_baixo"", ""POS_PROPN_rate_alto""]",3,68906027a454
0.084722222222222227,"[""DEP_acl_rate_baixo"", ""DEP_cop_rate_baixo"", ""POS_PROPN_rate_alto""]",3,2e0aeb1b50d8
0.083101851851851857,"[""DEP_acl_rate_baixo"", ""DEP_xcomp_rate_baixo"", ""POS_PROPN_rate_alto""]",3,816c75864336
0.087962962962962965,"[""DEP_advmod_rate_baixo"", ""DEP_flat:name_rate_alto"", ""POS_PROPN_rate_alto""]",3,c28e8c7686d1
0.083333333333333329,"[""DEP_advmod_rate_baixo"", ""DEP_nsubj:pass_rate_baixo"", ""POS_PROPN_rate_alto""]",3,2df9d9c77f9d
0.081481481481481488,"[""DEP_advmod_rate_baixo"", ""DEP_nummod_rate_baixo"", ""POS_PROPN_rate_alto""]",3,73f9affa33e4
0.081250000000000003,"[""DEP_advcl_rate_baixo"", ""DEP_advmod_rate_baixo"", ""POS_PROPN_rate_alto""]",3,575ce0385139
0.08009259259259259,"[""DEP_advmod_rate_baixo"", ""DEP_aux:pass_rate_baixo"", ""POS_PROPN_rate_alto""]",3,d3f3f6defcf5
0.08217592592592593,"[""DEP_acl:relcl_rate_baixo"", ""DEP_advmod_rate_baixo"", ""POS_PROPN_rate_alto""]",3,caee7632f7f9
0.10578703703703704,"[""DEP_advmod_rate_baixo"", ""POS_ADV_rate_baixo"", ""POS_PROPN_rate_alto""]",3,a9370ac537f5
0.081250000000000003,"[""DEP_flat:name_rate_alto"", ""POS_ADV_rate_baixo"", ""POS_PROPN_rate_alto""]",3,8cce437c4b89
0.082870370370370372,"[""DEP_ccomp_rate_baixo"", ""POS_PROPN_rate_alto"", ""POS_VERB_rate_baixo""]",3,9e0e19ee5e38
0.082870370370370372,"[""DEP_advcl_rate_baixo"", ""POS_PROPN_rate_alto"", ""POS_VERB_rate_baixo""]",3,f6f158f4942a
0.082638888888888887,"[""DEP_flat:name_rate_alto"", ""POS_PROPN_rate_alto"", ""POS_VERB_rate_baixo""]",3,c483ea84cc58
0.084490740740740741,"[""DEP_cc_rate_baixo"", ""POS_CCONJ_rate_baixo"", ""POS_PROPN_rate_alto""]",3,feb421434c48
0.11388888888888889,"[""DEP_cop_rate_baixo"", ""DEP_flat:name_rate_alto"", ""POS_PROPN_rate_alto""]",3,dbb777be8d7f
0.10856481481481481,"[""DEP_cop_rate_baixo"", ""DEP_nsubj:pass_rate_baixo"", ""POS_PROPN_rate_alto""]",3,cd84aad875ed
0.10416666666666667,"[""DEP_cop_rate_baixo"", ""DEP_nummod_rate_baixo"", ""POS_PROPN_rate_alto""]",3,56e4ee9969fe
0.099074074074074078,"[""DEP_advcl_rate_baixo"", ""DEP_cop_rate_baixo"", ""POS_PROPN_rate_alto""]",3,77fadbe9418a
0.11412037037037037,"[""DEP_acl:relcl_rate_baixo"", ""DEP_cop_rate_baixo"", ""POS_PROPN_rate_alto""]",3,ae172fb7fa4b
0.10162037037037037,"[""DEP_aux:pass_rate_baixo"", ""DEP_cop_rate_baixo"", ""POS_PROPN_rate_alto""]",3,e135a4c3122c
0.099537037037037035,"[""DEP_ccomp_rate_baixo"", ""DEP_cop_rate_baixo"", ""POS_PROPN_rate_alto""]",3,549f34437f05
0.098148148148148151,"[""DEP_appos_rate_alto"", ""DEP_flat:name_rate_alto"", ""POS_PROPN_rate_alto""]",3,244a8ec98df8
0.094212962962962957,"[""DEP_appos_rate_alto"", ""DEP_nsubj:pass_rate_baixo"", ""POS_PROPN_rate_alto""]",3,97d5b755cc2d
0.093981481481481485,"[""DEP_appos_rate_alto"", ""DEP_nummod_rate_baixo"", ""POS_PROPN_rate_alto""]",3,bbbec2859e64
0.08773148148148148,"[""DEP_advcl_rate_baixo"", ""DEP_appos_rate_alto"", ""POS_PROPN_rate_alto""]",3,b374f2029b34
0.082870370370370372,"[""DEP_appos_rate_alto"", ""DEP_cop_rate_baixo"", ""POS_PROPN_rate_alto""]",3,7df8ed25c080
0.088425925925925922,"[""DEP_appos_rate_alto"", ""DEP_aux:pass_rate_baixo"", ""POS_PROPN_rate_alto""]",3,1cac9321a32e
0.085185185185185183,"[""DEP_appos_rate_alto"", ""DEP_ccomp_rate_baixo"", ""POS_PROPN_rate_alto""]",3,3b5c8a054d65
0.08981481481481482,"[""DEP_acl:relcl_rate_baixo"", ""DEP_appos_rate_alto"", ""POS_PROPN_rate_alto""]",3,d038f2337898
0.08981481481481482,"[""DEP_flat:name_rate_alto"", ""POS_NOUN_rate_baixo"", ""POS_PROPN_rate_alto""]",3,3d944a8c12ad
0.086342592592592596,"[""DEP_nsubj:pass_rate_baixo"", ""POS_NOUN_rate_baixo"", ""POS_PROPN_rate_alto""]",3,4b6392dc3a98
0.081481481481481488,"[""DEP_aux:pass_rate_baixo"", ""POS_NOUN_rate_baixo"", ""POS_PROPN_rate_alto""]",3,9f637904fc8c
0.083796296296296299,"[""DEP_acl:relcl_rate_baixo"", ""POS_NOUN_rate_baixo"", ""POS_PROPN_rate_alto""]",3,385ce90681c3
0.12916666666666668,"[""DEP_acl:relcl_rate_baixo"", ""DEP_flat:name_rate_alto"", ""POS_PROPN_rate_alto""]",3,a546ec2e7db3
0.13009259259259259,"[""DEP_acl:relcl_rate_baixo"", ""DEP_nsubj:pass_rate_baixo"", ""POS_PROPN_rate_alto""]",3,a65105bd94c6
0.095370370370370369,"[""DEP_ccomp_rate_baixo"", ""DEP_mark_rate_baixo"", ""POS_PROPN_rate_alto""]",3,a380e8b03713
0.083101851851851857,"[""DEP_flat:name_rate_alto"", ""DEP_mark_rate_baixo"", ""POS_PROPN_rate_alto""]",3,035cd1f247b7
0.087037037037037038,"[""DEP_advcl_rate_baixo"", ""DEP_mark_rate_baixo"", ""POS_PROPN_rate_alto""]",3,eae8066cb591
0.096527777777777782,"[""DEP_mark_rate_baixo"", ""POS_PROPN_rate_alto"", ""POS_SCONJ_rate_baixo""]",3,9b6692b30eed
0.092361111111111116,"[""DEP_ccomp_rate_baixo"", ""POS_PROPN_rate_alto"", ""POS_SCONJ_rate_baixo""]",3,73b042234a90
0.083564814814814814,"[""DEP_advcl_rate_baixo"", ""POS_PROPN_rate_alto"", ""POS_SCONJ_rate_baixo""]",3,26ba8e7814b4
0.1150462962962963,"[""DEP_acl:relcl_rate_baixo"", ""POS_PRON_rate_baixo"", ""POS_PROPN_rate_alto""]",3,5f8cc695f8c6
0.085185185185185183,"[""DEP_flat:name_rate_alto"", ""POS_PRON_rate_baixo"", ""POS_PROPN_rate_alto""]",3,e23edb140b10
0.084259259259259256,"[""DEP_nsubj:pass_rate_baixo"", ""POS_PRON_rate_baixo"", ""POS_PROPN_rate_alto""]",3,9d0f775ac658
0.081018518518518517,"[""DEP_nummod_rate_baixo"", ""POS_PRON_rate_baixo"", ""POS_PROPN_rate_alto""]",3,2e2ab3f8c6b5
0.11342592592592593,"[""DEP_nummod_rate_baixo"", ""POS_NUM_rate_baixo"", ""POS_PROPN_rate_alto""]",3,6a413d9f089f
0.082638888888888887,"[""DEP_flat:name_rate_alto"", ""POS_NUM_rate_baixo"", ""POS_PROPN_rate_alto""]",3,2cc28bac7e1b
0.081712962962962959,"[""DEP_acl:relcl_rate_baixo"", ""POS_NUM_rate_baixo"", ""POS_PROPN_rate_alto""]",3,c265f09d128e
0.081250000000000003,"[""DEP_nsubj:pass_rate_baixo"", ""POS_NUM_rate_baixo"", ""POS_PROPN_rate_alto""]",3,9cc49e2ce5bd
0.10717592592592592,"[""DEP_flat:name_rate_alto"", ""DEP_xcomp_rate_baixo"", ""POS_PROPN_rate_alto""]",3,9c7505670573
0.09930555555555555,"[""DEP_nummod_rate_baixo"", ""DEP_xcomp_rate_baixo"", ""POS_PROPN_rate_alto""]",3,9f78a1b641c7
0.099074074074074078,"[""DEP_ccomp_rate_baixo"", ""DEP_xcomp_rate_baixo"", ""POS_PROPN_rate_alto""]",3,883638ecf871
0.10671296296296297,"[""DEP_acl:relcl_rate_baixo"", ""DEP_xcomp_rate_baixo"", ""POS_PROPN_rate_alto""]",3,7e02595e6896
0.1050925925925926,"[""DEP_nsubj:pass_rate_baixo"", ""DEP_xcomp_rate_baixo"", ""POS_PROPN_rate_alto""]",3,a62b32b834ee
0.097453703703703709,"[""DEP_aux:pass_rate_baixo"", ""DEP_xcomp_rate_baixo"", ""POS_PROPN_rate_alto""]",3,6e345584366e
0.096759259259259253,"[""DEP_advcl_rate_baixo"", ""DEP_xcomp_rate_baixo"", ""POS_PROPN_rate_alto""]",3,4f8c23a6cef0
0.085879629629629625,"[""DEP_cop_rate_baixo"", ""DEP_xcomp_rate_baixo"", ""POS_PROPN_rate_alto""]",3,8ade5225e53f
0.21041666666666667,"[""DEP_advcl_rate_alto"", ""DEP_nsubj:pass_rate_baixo""]",2,69001bda7415
0.19097222222222221,"[""DEP_advcl_rate_alto"", ""DEP_nummod_rate_baixo""]",2,6872a63843dc
0.18912037037037038,"[""DEP_advcl_rate_alto"", ""DEP_aux:pass_rate_baixo""]",2,162c786414cf
0.12870370370370371,"[""DEP_advcl_rate_alto"", ""uppercaseRatio_baixo""]",2,5d29454c771e
0.10000000000000001,"[""DEP_advcl_rate_alto"", ""DEP_appos_rate_baixo""]",2,de6b02211268
0.19328703703703703,"[""DEP_acl:relcl_rate_baixo"", ""DEP_advcl_rate_alto""]",2,572a56eaf3fd
0.17222222222222222,"[""DEP_advcl_rate_alto"", ""DEP_cop_rate_baixo""]",2,bb9fa45a457c
0.17129629629629631,"[""DEP_advcl_rate_alto"", ""DEP_ccomp_rate_baixo""]",2,340073e0f5c1
0.15462962962962962,"[""DEP_acl_rate_baixo"", ""DEP_advcl_rate_alto""]",2,01605cfae1c8
0.13750000000000001,"[""DEP_advcl_rate_alto"", ""POS_NUM_rate_baixo""]",2,4c9592e35adf
0.13541666666666666,"[""DEP_advcl_rate_alto"", ""DEP_xcomp_rate_baixo""]",2,9994a9375180
0.10162037037037037,"[""DEP_advcl_rate_alto"", ""DEP_cc_rate_baixo""]",2,2f856704d9c5
0.097453703703703709,"[""DEP_advcl_rate_alto"", ""POS_CCONJ_rate_baixo""]",2,75cc74d979ad
0.088657407407407407,"[""DEP_advcl_rate_alto"", ""DEP_advmod_rate_baixo""]",2,1e892c1a3d9a
0.081018518518518517,"[""DEP_advcl_rate_alto"", ""POS_ADV_rate_baixo""]",2,a6192df74e45
0.10000000000000001,"[""DEP_advcl_rate_alto"", ""POS_PRON_rate_baixo""]",2,09f1d4bbd07a
0.14189814814814813,"[""DEP_advcl_rate_alto"", ""DEP_nsubj:pass_rate_baixo"", ""DEP_nummod_rate_baixo""]",3,34569bee1af8
0.13055555555555556,"[""DEP_acl:relcl_rate_baixo"", ""DEP_advcl_rate_alto"", ""DEP_nummod_rate_baixo""]",3,cacd4a6e8125
0.18796296296296297,"[""DEP_advcl_rate_alto"", ""DEP_aux:pass_rate_baixo"", ""DEP_nsubj:pass_rate_baixo""]",3,ee6524617188
0.12847222222222221,"[""DEP_advcl_rate_alto"", ""DEP_aux:pass_rate_baixo"", ""DEP_nummod_rate_baixo""]",3,68a746935519
0.12847222222222221,"[""DEP_acl:relcl_rate_baixo"", ""DEP_advcl_rate_alto"", ""DEP_aux:pass_rate_baixo""]",3,3c40af632138
0.093287037037037043,"[""DEP_advcl_rate_alto"", ""DEP_nsubj:pass_rate_baixo"", ""uppercaseRatio_baixo""]",3,8f0cfef845c5
0.085185185185185183,"[""DEP_advcl_rate_alto"", ""DEP_nummod_rate_baixo"", ""uppercaseRatio_baixo""]",3,72023e708aeb
0.083101851851851857,"[""DEP_advcl_rate_alto"", ""DEP_aux:pass_rate_baixo"", ""uppercaseRatio_baixo""]",3,3ca7acc59dc5
0.08009259259259259,"[""DEP_acl:relcl_rate_baixo"", ""DEP_advcl_rate_alto"", ""uppercaseRatio_baixo""]",3,780e19a2ba0e
0.1423611111111111,"[""DEP_acl:relcl_rate_baixo"", ""DEP_advcl_rate_alto"", ""DEP_nsubj:pass_rate_baixo""]",3,9fbf6efdf099
0.12314814814814815,"[""DEP_acl:relcl_rate_baixo"", ""DEP_advcl_rate_alto"", ""DEP_cop_rate_baixo""]",3,8acc45274237
0.12291666666666666,"[""DEP_advcl_rate_alto"", ""DEP_cop_rate_baixo"", ""DEP_nsubj:pass_rate_baixo""]",3,ad666cabf42c
0.1125,"[""DEP_advcl_rate_alto"", ""DEP_cop_rate_baixo"", ""DEP_nummod_rate_baixo""]",3,2a694698b355
0.11087962962962963,"[""DEP_advcl_rate_alto"", ""DEP_aux:pass_rate_baixo"", ""DEP_cop_rate_baixo""]",3,c28008ab95f3
0.12361111111111112,"[""DEP_advcl_rate_alto"", ""DEP_ccomp_rate_baixo"", ""DEP_nsubj:pass_rate_baixo""]",3,f67235d5ff1b
0.1125,"[""DEP_acl:relcl_rate_baixo"", ""DEP_advcl_rate_alto"", ""DEP_ccomp_rate_baixo""]",3,981dfd062dd0
0.10555555555555556,"[""DEP_advcl_rate_alto"", ""DEP_ccomp_rate_baixo"", ""DEP_cop_rate_baixo""]",3,8520ed26ca5f
0.10555555555555556,"[""DEP_advcl_rate_alto"", ""DEP_ccomp_rate_baixo"", ""DEP_nummod_rate_baixo""]",3,7c6ba43fd5b8
0.11064814814814815,"[""DEP_advcl_rate_alto"", ""DEP_aux:pass_rate_baixo"", ""DEP_ccomp_rate_baixo""]",3,817e421ffa68
0.11226851851851852,"[""DEP_acl_rate_baixo"", ""DEP_advcl_rate_alto"", ""DEP_nsubj:pass_rate_baixo""]",3,e853b158e33b
0.10486111111111111,"[""DEP_acl_rate_baixo"", ""DEP_advcl_rate_alto"", ""DEP_nummod_rate_baixo""]",3,27a636072294
0.1011574074074074,"[""DEP_acl:relcl_rate_baixo"", ""DEP_acl_rate_baixo"", ""DEP_advcl_rate_alto""]",3,490f75755dd6
0.088657407407407407,"[""DEP_acl_rate_baixo"", ""DEP_advcl_rate_alto"", ""DEP_cop_rate_baixo""]",3,9a51e9be436b
0.087037037037037038,"[""DEP_acl_rate_baixo"", ""DEP_advcl_rate_alto"", ""DEP_ccomp_rate_baixo""]",3,335b5ff47249
0.10069444444444445,"[""DEP_acl_rate_baixo"", ""DEP_advcl_rate_alto"", ""DEP_aux:pass_rate_baixo""]",3,53d7e685c6c9
0.1363425925925926,"[""DEP_advcl_rate_alto"", ""DEP_nummod_rate_baixo"", ""POS_NUM_rate_baixo""]",3,67af53d94bcb
0.10393518518518519,"[""DEP_advcl_rate_alto"", ""DEP_nsubj:pass_rate_baixo"", ""POS_NUM_rate_baixo""]",3,2be047aa136a
0.094212962962962957,"[""DEP_advcl_rate_alto"", ""DEP_aux:pass_rate_baixo"", ""POS_NUM_rate_baixo""]",3,25eb6211b64a
0.094907407407407413,"[""DEP_acl:relcl_rate_baixo"", ""DEP_advcl_rate_alto"", ""POS_NUM_rate_baixo""]",3,f57f0788284c
0.10046296296296296,"[""DEP_advcl_rate_alto"", ""DEP_nsubj:pass_rate_baixo"", ""DEP_xcomp_rate_baixo""]",3,e303f113942e
0.091435185185185189,"[""DEP_advcl_rate_alto"", ""DEP_aux:pass_rate_baixo"", ""DEP_xcomp_rate_baixo""]",3,fb2fc2292d87
0.086574074074074067,"[""DEP_advcl_rate_alto"", ""DEP_nummod_rate_baixo"", ""DEP_xcomp_rate_baixo""]",3,b2d93e6e3c7a
0.084490740740740741,"[""DEP_advcl_rate_alto"", ""DEP_cop_rate_baixo"", ""DEP_xcomp_rate_baixo""]",3,f51528acc76b
0.08981481481481482,"[""DEP_advcl_rate_alto"", ""DEP_ccomp_rate_baixo"", ""DEP_xcomp_rate_baixo""]",3,e4c63e9e04da
0.094907407407407413,"[""DEP_acl:relcl_rate_baixo"", ""DEP_advcl_rate_alto"", ""DEP_xcomp_rate_baixo""]",3,144d10699b33
0.096990740740740738,"[""DEP_advcl_rate_alto"", ""DEP_cc_rate_baixo"", ""POS_CCONJ_rate_baixo""]",3,7648eddb171b
0.09768518518518518,"[""DEP_acl:relcl_rate_baixo"", ""DEP_advcl_rate_alto"", ""POS_PRON_rate_baixo""]",3,5ce7665ab3c0
0.2074074074074074,"[""DEP_nsubj:pass_rate_baixo"", ""POS_ADV_rate_alto""]",2,5f53e0142a78
0.18842592592592591,"[""DEP_aux:pass_rate_baixo"", ""POS_ADV_rate_alto""]",2,d6a2d1bcee79
0.1763888888888889,"[""DEP_nummod_rate_baixo"", ""POS_ADV_rate_alto""]",2,acac755beafe
0.13726851851851851,"[""POS_ADV_rate_alto"", ""uppercaseRatio_baixo""]",2,728cda3555ce
0.1011574074074074,"[""DEP_appos_rate_baixo"", ""POS_ADV_rate_alto""]",2,838f0449e4a0
0.092824074074074073,"[""DEP_advcl_rate_alto"", ""POS_ADV_rate_alto""]",2,5bd14cecf883
0.091203703703703703,"[""DEP_mark_rate_alto"", ""POS_ADV_rate_alto""]",2,cda0c87ef772
0.16574074074074074,"[""DEP_acl:relcl_rate_baixo"", ""POS_ADV_rate_alto""]",2,b76319d7d32a
0.15555555555555556,"[""DEP_ccomp_rate_baixo"", ""POS_ADV_rate_alto""]",2,d77b1bbeba37
0.15162037037037038,"[""DEP_acl_rate_baixo"", ""POS_ADV_rate_alto""]",2,5d494d670bd5
0.13541666666666666,"[""DEP_cop_rate_baixo"", ""POS_ADV_rate_alto""]",2,3ad663e11994
0.1476851851851852,"[""DEP_advcl_rate_baixo"", ""POS_ADV_rate_alto""]",2,6a2ce2944356
0.12291666666666666,"[""DEP_xcomp_rate_baixo"", ""POS_ADV_rate_alto""]",2,231da22d0bb4
0.11666666666666667,"[""POS_ADV_rate_alto"", ""POS_NUM_rate_baixo""]",2,875b2a43e0d4
0.081018518518518517,"[""DEP_cc_rate_baixo"", ""POS_ADV_rate_alto""]",2,f6bb1daad7ca
0.18611111111111112,"[""DEP_aux:pass_rate_baixo"", ""DEP_nsubj:pass_rate_baixo"", ""POS_ADV_rate_alto""]",3,d10c00d2861e
0.13587962962962963,"[""DEP_nsubj:pass_rate_baixo"", ""DEP_nummod_rate_baixo"", ""POS_ADV_rate_alto""]",3,0b67f2d30778
0.12361111111111112,"[""DEP_aux:pass_rate_baixo"", ""DEP_nummod_rate_baixo"", ""POS_ADV_rate_alto""]",3,452ed4e0fde6
0.10462962962962963,"[""DEP_nsubj:pass_rate_baixo"", ""POS_ADV_rate_alto"", ""uppercaseRatio_baixo""]",3,1ce41c50a8ed
0.093981481481481485,"[""DEP_aux:pass_rate_baixo"", ""POS_ADV_rate_alto"", ""uppercaseRatio_baixo""]",3,881a42dfd231
0.090277777777777776,"[""DEP_nummod_rate_baixo"", ""POS_ADV_rate_alto"", ""uppercaseRatio_baixo""]",3,a79ffd4f35e9
0.12569444444444444,"[""DEP_acl:relcl_rate_baixo"", ""DEP_nsubj:pass_rate_baixo"", ""POS_ADV_rate_alto""]",3,8631d80b7206
0.10787037037037037,"[""DEP_acl:relcl_rate_baixo"", ""DEP_nummod_rate_baixo"", ""POS_ADV_rate_alto""]",3,4da1accedb36
0.11643518518518518,"[""DEP_acl:relcl_rate_baixo"", ""DEP_aux:pass_rate_baixo"", ""POS_ADV_rate_alto""]",3,da3891fb80d0
0.11342592592592593,"[""DEP_ccomp_rate_baixo"", ""DEP_nsubj:pass_rate_baixo"", ""POS_ADV_rate_alto""]",3,5c014a509336
0.093518518518518515,"[""DEP_ccomp_rate_baixo"", ""DEP_nummod_rate_baixo"", ""POS_ADV_rate_alto""]",3,12c024e4138c
0.091435185185185189,"[""DEP_acl:relcl_rate_baixo"", ""DEP_ccomp_rate_baixo"", ""POS_ADV_rate_alto""]",3,47c8dc650aa9
0.1025462962962963,"[""DEP_aux:pass_rate_baixo"", ""DEP_ccomp_rate_baixo"", ""POS_ADV_rate_alto""]",3,e9edf669f1ba
0.11550925925925926,"[""DEP_acl_rate_baixo"", ""DEP_nsubj:pass_rate_baixo"", ""POS_ADV_rate_alto""]",3,7c5c0aca2283
0.10277777777777777,"[""DEP_acl_rate_baixo"", ""DEP_nummod_rate_baixo"", ""POS_ADV_rate_alto""]",3,4d8531c5ebe0
0.084722222222222227,"[""DEP_acl:relcl_rate_baixo"", ""DEP_acl_rate_baixo"", ""POS_ADV_rate_alto""]",3,5abb89c69da5
0.080555555555555561,"[""DEP_acl_rate_baixo"", ""DEP_ccomp_rate_baixo"", ""POS_ADV_rate_alto""]",3,913792afcef3
0.10555555555555556,"[""DEP_acl_rate_baixo"", ""DEP_aux:pass_rate_baixo"", ""POS_ADV_rate_alto""]",3,4b7e06499fd1
0.09976851851851852,"[""DEP_cop_rate_baixo"", ""DEP_nsubj:pass_rate_baixo"", ""POS_ADV_rate_alto""]",3,7fd39147ed0b
0.088657407407407407,"[""DEP_acl:relcl_rate_baixo"", ""DEP_cop_rate_baixo"", ""POS_ADV_rate_alto""]",3,a7f63cb1b785
0.084722222222222227,"[""DEP_cop_rate_baixo"", ""DEP_nummod_rate_baixo"", ""POS_ADV_rate_alto""]",3,54c78b86fc5a
0.084027777777777785,"[""DEP_ccomp_rate_baixo"", ""DEP_cop_rate_baixo"", ""POS_ADV_rate_alto""]",3,5fdc76822bbc
0.090509259259259262,"[""DEP_aux:pass_rate_baixo"", ""DEP_cop_rate_baixo"", ""POS_ADV_rate_alto""]",3,e422626d38cc
0.11157407407407408,"[""DEP_advcl_rate_baixo"", ""DEP_nsubj:pass_rate_baixo"", ""POS_ADV_rate_alto""]",3,30f3fac2da0a
0.10300925925925926,"[""DEP_advcl_rate_baixo"", ""DEP_aux:pass_rate_baixo"", ""POS_ADV_rate_alto""]",3,b2f70521262d
0.084490740740740741,"[""DEP_advcl_rate_baixo"", ""DEP_ccomp_rate_baixo"", ""POS_ADV_rate_alto""]",3,e85eabe6a770
0.091898148148148145,"[""DEP_advcl_rate_baixo"", ""DEP_nummod_rate_baixo"", ""POS_ADV_rate_alto""]",3,163c08930476
0.085879629629629625,"[""DEP_acl:relcl_rate_baixo"", ""DEP_advcl_rate_baixo"", ""POS_ADV_rate_alto""]",3,e28a5291156e
0.092824074074074073,"[""DEP_nsubj:pass_rate_baixo"", ""DEP_xcomp_rate_baixo"", ""POS_ADV_rate_alto""]",3,dfbd910183d8
0.085879629629629625,"[""DEP_aux:pass_rate_baixo"", ""DEP_xcomp_rate_baixo"", ""POS_ADV_rate_alto""]",3,67618fe1a1de
0.1150462962962963,"[""DEP_nummod_rate_baixo"", ""POS_ADV_rate_alto"", ""POS_NUM_rate_baixo""]",3,9bf90070880c
0.091203703703703703,"[""DEP_nsubj:pass_rate_baixo"", ""POS_ADV_rate_alto"", ""POS_NUM_rate_baixo""]",3,20ec528dd947
0.082638888888888887,"[""DEP_aux:pass_rate_baixo"", ""POS_ADV_rate_alto"", ""POS_NUM_rate_baixo""]",3,3ba9a642f05d
0.23333333333333334,"[""DEP_advmod_rate_alto"", ""POS_ADV_rate_alto""]",2,bd070c47a225
0.20254629629629631,"[""DEP_advmod_rate_alto"", ""DEP_nsubj:pass_rate_baixo""]",2,675a0af029e2
0.18518518518518517,"[""DEP_advmod_rate_alto"", ""DEP_aux:pass_rate_baixo""]",2,d49cc8e23fef
0.17499999999999999,"[""DEP_advmod_rate_alto"", ""DEP_nummod_rate_baixo""]",2,975791220d87
0.13935185185185187,"[""DEP_advmod_rate_alto"", ""uppercaseRatio_baixo""]",2,413b4701a914
0.098148148148148151,"[""DEP_advmod_rate_alto"", ""DEP_appos_rate_baixo""]",2,8ca48d965485
0.093287037037037043,"[""DEP_advmod_rate_alto"", ""DEP_mark_rate_alto""]",2,cd1fc1289de3
0.091898148148148145,"[""DEP_advcl_rate_alto"", ""DEP_advmod_rate_alto""]",2,b4a72ea9a145
0.16435185185185186,"[""DEP_acl:relcl_rate_baixo"", ""DEP_advmod_rate_alto""]",2,5af159fd4325
0.15138888888888888,"[""DEP_advmod_rate_alto"", ""DEP_ccomp_rate_baixo""]",2,f185a2fa0791
0.1449074074074074,"[""DEP_acl_rate_baixo"", ""DEP_advmod_rate_alto""]",2,95c2a55abdf5
0.13310185185185186,"[""DEP_advmod_rate_alto"", ""DEP_cop_rate_baixo""]",2,c28ea437a867
0.14884259259259258,"[""DEP_advcl_rate_baixo"", ""DEP_advmod_rate_alto""]",2,4f389a55783e
0.12060185185185185,"[""DEP_advmod_rate_alto"", ""DEP_xcomp_rate_baixo""]",2,47bd038142da
0.11874999999999999,"[""DEP_advmod_rate_alto"", ""POS_NUM_rate_baixo""]",2,b08ffa144107
0.17569444444444443,"[""DEP_advmod_rate_alto"", ""DEP_nsubj:pass_rate_baixo"", ""POS_ADV_rate_alto""]",3,1f157ecd3cc3
0.18263888888888888,"[""DEP_advmod_rate_alto"", ""DEP_aux:pass_rate_baixo"", ""DEP_nsubj:pass_rate_baixo""]",3,a377082ef8ef
0.16018518518518518,"[""DEP_advmod_rate_alto"", ""DEP_aux:pass_rate_baixo"", ""POS_ADV_rate_alto""]",3,c4cf82b681d0
0.15254629629629629,"[""DEP_advmod_rate_alto"", ""DEP_nummod_rate_baixo"", ""POS_ADV_rate_alto""]",3,657c1ba34f0a
0.13449074074074074,"[""DEP_advmod_rate_alto"", ""DEP_nsubj:pass_rate_baixo"", ""DEP_nummod_rate_baixo""]",3,33271de96cc4
0.12268518518518519,"[""DEP_advmod_rate_alto"", ""DEP_aux:pass_rate_baixo"", ""DEP_nummod_rate_baixo""]",3,ef1da2eec593
0.12037037037037036,"[""DEP_advmod_rate_alto"", ""POS_ADV_rate_alto"", ""uppercaseRatio_baixo""]",3,c25927785443
0.1050925925925926,"[""DEP_advmod_rate_alto"", ""DEP_nsubj:pass_rate_baixo"", ""uppercaseRatio_baixo""]",3,a4583da77878
0.095370370370370369,"[""DEP_advmod_rate_alto"", ""DEP_aux:pass_rate_baixo"", ""uppercaseRatio_baixo""]",3,55f7097c9a93
0.090740740740740747,"[""DEP_advmod_rate_alto"", ""DEP_nummod_rate_baixo"", ""uppercaseRatio_baixo""]",3,5439d177d523
0.081018518518518517,"[""DEP_acl:relcl_rate_baixo"", ""DEP_advmod_rate_alto"", ""uppercaseRatio_baixo""]",3,fd7facef1e25
0.087037037037037038,"[""DEP_advmod_rate_alto"", ""DEP_appos_rate_baixo"", ""POS_ADV_rate_alto""]",3,14dafd90df3d
0.14305555555555555,"[""DEP_acl:relcl_rate_baixo"", ""DEP_advmod_rate_alto"", ""POS_ADV_rate_alto""]",3,1dc3fb87602d
0.12314814814814815,"[""DEP_acl:relcl_rate_baixo"", ""DEP_advmod_rate_alto"", ""DEP_nsubj:pass_rate_baixo""]",3,825a379246bd
0.10601851851851851,"[""DEP_acl:relcl_rate_baixo"", ""DEP_advmod_rate_alto"", ""DEP_nummod_rate_baixo""]",3,e210777f4365
0.11342592592592593,"[""DEP_acl:relcl_rate_baixo"", ""DEP_advmod_rate_alto"", ""DEP_aux:pass_rate_baixo""]",3,62f7aa13039f
0.13055555555555556,"[""DEP_advmod_rate_alto"", ""DEP_ccomp_rate_baixo"", ""POS_ADV_rate_alto""]",3,325226a1f87d
0.11064814814814815,"[""DEP_advmod_rate_alto"", ""DEP_ccomp_rate_baixo"", ""DEP_nsubj:pass_rate_baixo""]",3,ecbd7a9916f7
0.092592592592592587,"[""DEP_advmod_rate_alto"", ""DEP_ccomp_rate_baixo"", ""DEP_nummod_rate_baixo""]",3,d836e48fbb6a
0.089583333333333334,"[""DEP_acl:relcl_rate_baixo"", ""DEP_advmod_rate_alto"", ""DEP_ccomp_rate_baixo""]",3,610f0ec850de
0.1011574074074074,"[""DEP_advmod_rate_alto"", ""DEP_aux:pass_rate_baixo"", ""DEP_ccomp_rate_baixo""]",3,cfa852f3a666
0.12847222222222221,"[""DEP_acl_rate_baixo"", ""DEP_advmod_rate_alto"", ""POS_ADV_rate_alto""]",3,795d6ac9dd10
0.10879629629629629,"[""DEP_acl_rate_baixo"", ""DEP_advmod_rate_alto"", ""DEP_nsubj:pass_rate_baixo""]",3,81a038539b16
0.099074074074074078,"[""DEP_acl_rate_baixo"", ""DEP_advmod_rate_alto"", ""DEP_nummod_rate_baixo""]",3,908c2e6c1227
0.099074074074074078,"[""DEP_acl_rate_baixo"", ""DEP_advmod_rate_alto"", ""DEP_aux:pass_rate_baixo""]",3,89d78366c7e7
0.11388888888888889,"[""DEP_advmod_rate_alto"", ""DEP_cop_rate_baixo"", ""POS_ADV_rate_alto""]",3,a87a2bf72038
0.098148148148148151,"[""DEP_advmod_rate_alto"", ""DEP_cop_rate_baixo"", ""DEP_nsubj:pass_rate_baixo""]",3,6dec877704d0
0.087962962962962965,"[""DEP_acl:relcl_rate_baixo"", ""DEP_advmod_rate_alto"", ""DEP_cop_rate_baixo""]",3,2f803380a7de
0.084027777777777785,"[""DEP_advmod_rate_alto"", ""DEP_cop_rate_baixo"", ""DEP_nummod_rate_baixo""]",3,c82646a80cf7
0.081250000000000003,"[""DEP_advmod_rate_alto"", ""DEP_ccomp_rate_baixo"", ""DEP_cop_rate_baixo""]",3,e398eda2b080
0.089351851851851849,"[""DEP_advmod_rate_alto"", ""DEP_aux:pass_rate_baixo"", ""DEP_cop_rate_baixo""]",3,89f8b63bc7d3
0.12824074074074074,"[""DEP_advcl_rate_baixo"", ""DEP_advmod_rate_alto"", ""POS_ADV_rate_alto""]",3,aedde8177efa
0.11226851851851852,"[""DEP_advcl_rate_baixo"", ""DEP_advmod_rate_alto"", ""DEP_nsubj:pass_rate_baixo""]",3,61fa107a1833
0.10416666666666667,"[""DEP_advcl_rate_baixo"", ""DEP_advmod_rate_alto"", ""DEP_aux:pass_rate_baixo""]",3,c054b5498b9a
0.081018518518518517,"[""DEP_advcl_rate_baixo"", ""DEP_advmod_rate_alto"", ""DEP_ccomp_rate_baixo""]",3,3d34244ed583
0.093287037037037043,"[""DEP_advcl_rate_baixo"", ""DEP_advmod_rate_alto"", ""DEP_nummod_rate_baixo""]",3,e74f290f842d
0.087499999999999994,"[""DEP_acl:relcl_rate_baixo"", ""DEP_advcl_rate_baixo"", ""DEP_advmod_rate_alto""]",3,f6faf9a2d7e5
0.10324074074074074,"[""DEP_advmod_rate_alto"", ""DEP_xcomp_rate_baixo"", ""POS_ADV_rate_alto""]",3,59b3fc6255d1
0.090972222222222218,"[""DEP_advmod_rate_alto"", ""DEP_nsubj:pass_rate_baixo"", ""DEP_xcomp_rate_baixo""]",3,6e623a640758
0.084722222222222227,"[""DEP_advmod_rate_alto"", ""DEP_aux:pass_rate_baixo"", ""DEP_xcomp_rate_baixo""]",3,c9a21e1421b4
0.11736111111111111,"[""DEP_advmod_rate_alto"", ""DEP_nummod_rate_baixo"", ""POS_NUM_rate_baixo""]",3,79f62b1dbd0d
0.1025462962962963,"[""DEP_advmod_rate_alto"", ""POS_ADV_rate_alto"", ""POS_NUM_rate_baixo""]",3,5d6a4efc2b5d
0.091898148148148145,"[""DEP_advmod_rate_alto"", ""DEP_nsubj:pass_rate_baixo"", ""POS_NUM_rate_baixo""]",3,45e96ebb91eb
0.083101851851851857,"[""DEP_advmod_rate_alto"", ""DEP_aux:pass_rate_baixo"", ""POS_NUM_rate_baixo""]",3,8618dbe79510
0.16574074074074074,"[""DEP_aux:pass_rate_alto"", ""DEP_cop_rate_baixo""]",2,c16212e5b97e
0.15810185185185185,"[""DEP_aux:pass_rate_alto"", ""DEP_nummod_rate_baixo""]",2,e0e2c6d2eb7d
0.14699074074074073,"[""DEP_advcl_rate_baixo"", ""DEP_aux:pass_rate_alto""]",2,4d30cb16bdc8
0.090509259259259262,"[""DEP_aux:pass_rate_alto"", ""DEP_cc_rate_baixo""]",2,b1df12a9dcf6
0.08773148148148148,"[""DEP_aux:pass_rate_alto"", ""POS_CCONJ_rate_baixo""]",2,d6d16beb94ee
0.08773148148148148,"[""DEP_advmod_rate_baixo"", ""DEP_aux:pass_rate_alto""]",2,b501428a80ab
0.080324074074074076,"[""DEP_aux:pass_rate_alto"", ""DEP_conj_rate_baixo""]",2,46e86e84daa7
0.16412037037037036,"[""DEP_acl:relcl_rate_baixo"", ""DEP_aux:pass_rate_alto""]",2,fc36c99364af
0.15925925925925927,"[""DEP_aux:pass_rate_alto"", ""DEP_ccomp_rate_baixo""]",2,739a30817b44
0.14143518518518519,"[""DEP_acl_rate_baixo"", ""DEP_aux:pass_rate_alto""]",2,9eb0b7b1f9c4
0.11388888888888889,"[""DEP_aux:pass_rate_alto"", ""uppercaseRatio_baixo""]",2,402c0185901d
0.090046296296296291,"[""DEP_advcl_rate_alto"", ""DEP_aux:pass_rate_alto""]",2,4a99d47367df
0.090046296296296291,"[""DEP_aux:pass_rate_alto"", ""POS_SCONJ_rate_baixo""]",2,ef9e3847d6d0
0.089583333333333334,"[""DEP_aux:pass_rate_alto"", ""DEP_mark_rate_baixo""]",2,cb86309eb43a
0.12847222222222221,"[""DEP_aux:pass_rate_alto"", ""DEP_xcomp_rate_baixo""]",2,e07b0a850d49
0.10462962962962963,"[""DEP_aux:pass_rate_alto"", ""POS_NUM_rate_baixo""]",2,31d20205fc54
0.085879629629629625,"[""DEP_appos_rate_baixo"", ""DEP_aux:pass_rate_alto""]",2,dc7dd12c6405
0.1025462962962963,"[""DEP_aux:pass_rate_alto"", ""POS_PRON_rate_baixo""]",2,d9656675a9a5
0.098611111111111108,"[""DEP_aux:pass_rate_alto"", ""DEP_cop_rate_baixo"", ""DEP_nummod_rate_baixo""]",3,e184ad01bc78
0.09930555555555555,"[""DEP_acl:relcl_rate_baixo"", ""DEP_aux:pass_rate_alto"", ""DEP_nummod_rate_baixo""]",3,bfcd7b251f32
0.090277777777777776,"[""DEP_aux:pass_rate_alto"", ""DEP_ccomp_rate_baixo"", ""DEP_nummod_rate_baixo""]",3,a9d661aa0b17
0.093981481481481485,"[""DEP_advcl_rate_baixo"", ""DEP_aux:pass_rate_alto"", ""DEP_cop_rate_baixo""]",3,7067fa6a3565
0.090277777777777776,"[""DEP_advcl_rate_baixo"", ""DEP_aux:pass_rate_alto"", ""DEP_nummod_rate_baixo""]",3,2e69a6ca8ec6
0.090972222222222218,"[""DEP_advcl_rate_baixo"", ""DEP_aux:pass_rate_alto"", ""DEP_ccomp_rate_baixo""]",3,8051f4f398a1
0.088657407407407407,"[""DEP_acl:relcl_rate_baixo"", ""DEP_advcl_rate_baixo"", ""DEP_aux:pass_rate_alto""]",3,f99bf86c89b3
0.086805555555555552,"[""DEP_aux:pass_rate_alto"", ""DEP_cc_rate_baixo"", ""POS_CCONJ_rate_baixo""]",3,2c2578f149b4
0.10902777777777778,"[""DEP_acl:relcl_rate_baixo"", ""DEP_aux:pass_rate_alto"", ""DEP_cop_rate_baixo""]",3,695ca95c801e
0.10347222222222222,"[""DEP_aux:pass_rate_alto"", ""DEP_ccomp_rate_baixo"", ""DEP_cop_rate_baixo""]",3,c0c3517ae37b
0.10023148148148148,"[""DEP_acl:relcl_rate_baixo"", ""DEP_aux:pass_rate_alto"", ""DEP_ccomp_rate_baixo""]",3,9fbdafe6477f
0.090740740740740747,"[""DEP_acl_rate_baixo"", ""DEP_aux:pass_rate_alto"", ""DEP_cop_rate_baixo""]",3,8a5def69a3d9
0.08819444444444445,"[""DEP_acl_rate_baixo"", ""DEP_aux:pass_rate_alto"", ""DEP_nummod_rate_baixo""]",3,2424c32dd60f
0.086574074074074067,"[""DEP_acl_rate_baixo"", ""DEP_aux:pass_rate_alto"", ""DEP_ccomp_rate_baixo""]",3,fae21a2dcd3d
0.085879629629629625,"[""DEP_acl:relcl_rate_baixo"", ""DEP_acl_rate_baixo"", ""DEP_aux:pass_rate_alto""]",3,37738dbc6b9b
0.080324074074074076,"[""DEP_acl_rate_baixo"", ""DEP_advcl_rate_baixo"", ""DEP_aux:pass_rate_alto""]",3,147efc098576
0.084027777777777785,"[""DEP_aux:pass_rate_alto"", ""DEP_mark_rate_baixo"", ""POS_SCONJ_rate_baixo""]",3,6cf1ac7c180f
0.087037037037037038,"[""DEP_aux:pass_rate_alto"", ""DEP_ccomp_rate_baixo"", ""DEP_xcomp_rate_baixo""]",3,6916abf8f019
0.083796296296296299,"[""DEP_acl:relcl_rate_baixo"", ""DEP_aux:pass_rate_alto"", ""DEP_xcomp_rate_baixo""]",3,9c36610d0eeb
0.082638888888888887,"[""DEP_aux:pass_rate_alto"", ""DEP_cop_rate_baixo"", ""DEP_xcomp_rate_baixo""]",3,c3ca997b207b
0.1037037037037037,"[""DEP_aux:pass_rate_alto"", ""DEP_nummod_rate_baixo"", ""POS_NUM_rate_baixo""]",3,b77d3fccde04
0.098379629629629636,"[""DEP_acl:relcl_rate_baixo"", ""DEP_aux:pass_rate_alto"", ""POS_PRON_rate_baixo""]",3,c5235dc6b00d
0.19768518518518519,"[""DEP_acl_rate_alto"", ""DEP_nsubj:pass_rate_baixo""]",2,a4d263b7c826
0.1650462962962963,"[""DEP_acl_rate_alto"", ""DEP_nummod_rate_baixo""]",2,844c31cb3926
0.16157407407407406,"[""DEP_acl_rate_alto"", ""DEP_cop_rate_baixo""]",2,b75b66a15bcf
0.16041666666666668,"[""DEP_acl_rate_alto"", ""DEP_advcl_rate_baixo""]",2,8fb394666b48
0.098379629629629636,"[""DEP_acl_rate_alto"", ""DEP_advmod_rate_baixo""]",2,860297a4ab5f
0.089583333333333334,"[""DEP_acl_rate_alto"", ""POS_VERB_rate_alto""]",2,b0c19e804cb2
0.089583333333333334,"[""DEP_acl_rate_alto"", ""POS_ADV_rate_baixo""]",2,0522a009346a
0.086805555555555552,"[""DEP_acl_rate_alto"", ""DEP_cc_rate_baixo""]",2,9425ee42571b
0.082638888888888887,"[""DEP_acl_rate_alto"", ""POS_CCONJ_rate_baixo""]",2,3010bf73d885
0.18148148148148149,"[""DEP_acl_rate_alto"", ""DEP_aux:pass_rate_baixo""]",2,394324205afb
0.1675925925925926,"[""DEP_acl:relcl_rate_baixo"", ""DEP_acl_rate_alto""]",2,ff721beb4558
0.16041666666666668,"[""DEP_acl_rate_alto"", ""DEP_ccomp_rate_baixo""]",2,5b0958cd2299
0.1363425925925926,"[""DEP_acl_rate_alto"", ""DEP_xcomp_rate_baixo""]",2,bd2e3caf147c
0.11296296296296296,"[""DEP_acl_rate_alto"", ""uppercaseRatio_baixo""]",2,266e91353991
0.10995370370370371,"[""DEP_acl_rate_alto"", ""POS_NUM_rate_baixo""]",2,56c0e4b71868
0.095370370370370369,"[""DEP_acl_rate_alto"", ""POS_PRON_rate_baixo""]",2,9c693802d33e
0.09166666666666666,"[""DEP_acl_rate_alto"", ""diversidade_alto""]",2,4529fdad84b7
0.088425925925925922,"[""DEP_acl_rate_alto"", ""POS_AUX_rate_baixo""]",2,2d8eb0b6eac6
0.080555555555555561,"[""DEP_acl_rate_alto"", ""DEP_amod_rate_alto""]",2,275e4e40924a
0.089583333333333334,"[""DEP_acl_rate_alto"", ""DEP_mark_rate_alto""]",2,20ae1e1614c3
0.080555555555555561,"[""DEP_acl_rate_alto"", ""DEP_advcl_rate_alto""]",2,5706141d5a71
0.13032407407407406,"[""DEP_acl_rate_alto"", ""DEP_nsubj:pass_rate_baixo"", ""DEP_nummod_rate_baixo""]",3,f96671f3dd2b
0.11874999999999999,"[""DEP_acl_rate_alto"", ""DEP_aux:pass_rate_baixo"", ""DEP_nummod_rate_baixo""]",3,58dc36fc3954
0.10694444444444444,"[""DEP_acl:relcl_rate_baixo"", ""DEP_acl_rate_alto"", ""DEP_nummod_rate_baixo""]",3,bca90096ec11
0.12314814814814815,"[""DEP_acl_rate_alto"", ""DEP_cop_rate_baixo"", ""DEP_nsubj:pass_rate_baixo""]",3,faa85fb45861
0.10208333333333333,"[""DEP_acl_rate_alto"", ""DEP_cop_rate_baixo"", ""DEP_nummod_rate_baixo""]",3,7723bf8c6e3d
0.11180555555555556,"[""DEP_acl_rate_alto"", ""DEP_aux:pass_rate_baixo"", ""DEP_cop_rate_baixo""]",3,2bb5a81d79c5
0.10925925925925926,"[""DEP_acl:relcl_rate_baixo"", ""DEP_acl_rate_alto"", ""DEP_cop_rate_baixo""]",3,71d9cad446ed
0.12430555555555556,"[""DEP_acl_rate_alto"", ""DEP_advcl_rate_baixo"", ""DEP_nsubj:pass_rate_baixo""]",3,ec5fa9e22732
0.10138888888888889,"[""DEP_acl_rate_alto"", ""DEP_advcl_rate_baixo"", ""DEP_nummod_rate_baixo""]",3,0bd798062d30
0.10023148148148148,"[""DEP_acl_rate_alto"", ""DEP_advcl_rate_baixo"", ""DEP_cop_rate_baixo""]",3,3abca6a130d2
0.11712962962962963,"[""DEP_acl_rate_alto"", ""DEP_advcl_rate_baixo"", ""DEP_aux:pass_rate_baixo""]",3,083a43fa84e0
0.1011574074074074,"[""DEP_acl_rate_alto"", ""DEP_advcl_rate_baixo"", ""DEP_ccomp_rate_baixo""]",3,7859dee9cd5a
0.10046296296296296,"[""DEP_acl:relcl_rate_baixo"", ""DEP_acl_rate_alto"", ""DEP_advcl_rate_baixo""]",3,b32b3fe866c0
0.087268518518518523,"[""DEP_acl_rate_alto"", ""DEP_advmod_rate_baixo"", ""POS_ADV_rate_baixo""]",3,994490a7aa3e
0.081712962962962959,"[""DEP_acl_rate_alto"", ""DEP_cc_rate_baixo"", ""POS_CCONJ_rate_baixo""]",3,6b24ea780869
0.1789351851851852,"[""DEP_acl_rate_alto"", ""DEP_aux:pass_rate_baixo"", ""DEP_nsubj:pass_rate_baixo""]",3,cab6c31aa65c
0.12893518518518518,"[""DEP_acl:relcl_rate_baixo"", ""DEP_acl_rate_alto"", ""DEP_nsubj:pass_rate_baixo""]",3,455f67a48dd2
0.11712962962962963,"[""DEP_acl:relcl_rate_baixo"", ""DEP_acl_rate_alto"", ""DEP_aux:pass_rate_baixo""]",3,5e69b7e4f700
0.125,"[""DEP_acl_rate_alto"", ""DEP_ccomp_rate_baixo"", ""DEP_nsubj:pass_rate_baixo""]",3,844b8d84008b
0.11527777777777778,"[""DEP_acl_rate_alto"", ""DEP_aux:pass_rate_baixo"", ""DEP_ccomp_rate_baixo""]",3,d2bc0946dbcf
0.10648148148148148,"[""DEP_acl_rate_alto"", ""DEP_ccomp_rate_baixo"", ""DEP_cop_rate_baixo""]",3,834e9a840736
0.1025462962962963,"[""DEP_acl:relcl_rate_baixo"", ""DEP_acl_rate_alto"", ""DEP_ccomp_rate_baixo""]",3,254abb05049b
0.097916666666666666,"[""DEP_acl_rate_alto"", ""DEP_ccomp_rate_baixo"", ""DEP_nummod_rate_baixo""]",3,7d3ed040a1d3
0.10439814814814814,"[""DEP_acl_rate_alto"", ""DEP_nsubj:pass_rate_baixo"", ""DEP_xcomp_rate_baixo""]",3,177c93aeffc4
0.097916666666666666,"[""DEP_acl_rate_alto"", ""DEP_aux:pass_rate_baixo"", ""DEP_xcomp_rate_baixo""]",3,fc9c949be6e4
0.092129629629629631,"[""DEP_acl_rate_alto"", ""DEP_ccomp_rate_baixo"", ""DEP_xcomp_rate_baixo""]",3,412365e47355
0.089583333333333334,"[""DEP_acl:relcl_rate_baixo"", ""DEP_acl_rate_alto"", ""DEP_xcomp_rate_baixo""]",3,d4d5b2b86d60
0.086574074074074067,"[""DEP_acl_rate_alto"", ""DEP_advcl_rate_baixo"", ""DEP_xcomp_rate_baixo""]",3,a1729d67146f
0.084953703703703698,"[""DEP_acl_rate_alto"", ""DEP_cop_rate_baixo"", ""DEP_xcomp_rate_baixo""]",3,490e068d4132
0.080324074074074076,"[""DEP_acl_rate_alto"", ""DEP_nummod_rate_baixo"", ""DEP_xcomp_rate_baixo""]",3,be95de010462
0.086574074074074067,"[""DEP_acl_rate_alto"", ""DEP_nsubj:pass_rate_baixo"", ""uppercaseRatio_baixo""]",3,fed511a6a04f
0.10925925925925926,"[""DEP_acl_rate_alto"", ""DEP_nummod_rate_baixo"", ""POS_NUM_rate_baixo""]",3,d8e82d63fe46
0.087499999999999994,"[""DEP_acl_rate_alto"", ""DEP_nsubj:pass_rate_baixo"", ""POS_NUM_rate_baixo""]",3,0eb1e5abfd6d
0.092592592592592587,"[""DEP_acl:relcl_rate_baixo"", ""DEP_acl_rate_alto"", ""POS_PRON_rate_baixo""]",3,0a037e04a844
0.088425925925925922,"[""DEP_acl_rate_alto"", ""DEP_aux:pass_rate_baixo"", ""POS_AUX_rate_baixo""]",3,005d9f954667
0.08819444444444445,"[""DEP_acl_rate_alto"", ""DEP_nsubj:pass_rate_baixo"", ""POS_AUX_rate_baixo""]",3,d69d4b8d15eb
0.08773148148148148,"[""DEP_acl_rate_alto"", ""DEP_cop_rate_baixo"", ""POS_AUX_rate_baixo""]",3,b520bf001481
0.1900462962962963,"[""DEP_nsubj:pass_rate_baixo"", ""POS_NOUN_rate_alto""]",2,6b05136e4200
0.18009259259259258,"[""DEP_aux:pass_rate_baixo"", ""POS_NOUN_rate_alto""]",2,4116cf764f54
0.16875000000000001,"[""DEP_ccomp_rate_baixo"", ""POS_NOUN_rate_alto""]",2,b38b5fa88b86
0.15995370370370371,"[""DEP_advcl_rate_baixo"", ""POS_NOUN_rate_alto""]",2,c206aeeaf203
0.15856481481481483,"[""DEP_cop_rate_baixo"", ""POS_NOUN_rate_alto""]",2,a29d931b262a
0.1537037037037037,"[""DEP_acl:relcl_rate_baixo"", ""POS_NOUN_rate_alto""]",2,074ee58750cc
0.14861111111111111,"[""DEP_nummod_rate_baixo"", ""POS_NOUN_rate_alto""]",2,4f300a6924bc
0.13935185185185187,"[""DEP_xcomp_rate_baixo"", ""POS_NOUN_rate_alto""]",2,c531ddb61de5
0.13333333333333333,"[""POS_NOUN_rate_alto"", ""uppercaseRatio_baixo""]",2,db6f966588f8
0.10717592592592592,"[""POS_NOUN_rate_alto"", ""POS_NUM_rate_baixo""]",2,2196d3134770
0.10324074074074074,"[""DEP_advmod_rate_baixo"", ""POS_NOUN_rate_alto""]",2,4d541167446e
0.10231481481481482,"[""POS_NOUN_rate_alto"", ""POS_SCONJ_rate_baixo""]",2,8437c1bff025
0.10092592592592593,"[""POS_NOUN_rate_alto"", ""POS_PRON_rate_baixo""]",2,ab914fd2a3bf
0.10069444444444445,"[""DEP_mark_rate_baixo"", ""POS_NOUN_rate_alto""]",2,c7671098f200
0.094675925925925927,"[""POS_ADV_rate_baixo"", ""POS_NOUN_rate_alto""]",2,b0eda8aa0dd4
0.08773148148148148,"[""POS_AUX_rate_baixo"", ""POS_NOUN_rate_alto""]",2,424a37f58463
0.087268518518518523,"[""DEP_amod_rate_alto"", ""POS_NOUN_rate_alto""]",2,98408056f017
0.080324074074074076,"[""DEP_conj_rate_alto"", ""POS_NOUN_rate_alto""]",2,0a8fd436f7c5
0.12824074074074074,"[""DEP_acl_rate_baixo"", ""POS_NOUN_rate_alto""]",2,5cbe0499524e
0.09976851851851852,"[""DEP_flat:name_rate_baixo"", ""POS_NOUN_rate_alto""]",2,5faf0eaa030e
0.086574074074074067,"[""DEP_nummod_rate_alto"", ""POS_NOUN_rate_alto""]",2,7061d2fbbfaa
0.10833333333333334,"[""DEP_case_rate_alto"", ""POS_NOUN_rate_alto""]",2,efaa31e7be57
0.10578703703703704,"[""DEP_nmod_rate_alto"", ""POS_NOUN_rate_alto""]",2,ed017df87a31
0.10486111111111111,"[""POS_ADP_rate_alto"", ""POS_NOUN_rate_alto""]",2,6f7f3fba48c2
0.095601851851851855,"[""DEP_appos_rate_baixo"", ""POS_NOUN_rate_alto""]",2,46f4330fe711
0.080555555555555561,"[""DEP_obj_rate_alto"", ""POS_NOUN_rate_alto""]",2,56b8f6ba4f36
0.17847222222222223,"[""DEP_aux:pass_rate_baixo"", ""DEP_nsubj:pass_rate_baixo"", ""POS_NOUN_rate_alto""]",3,e34ca9514625
0.12638888888888888,"[""DEP_ccomp_rate_baixo"", ""DEP_nsubj:pass_rate_baixo"", ""POS_NOUN_rate_alto""]",3,4af4ae28eb07
0.11874999999999999,"[""DEP_aux:pass_rate_baixo"", ""DEP_ccomp_rate_baixo"", ""POS_NOUN_rate_alto""]",3,322ef8ad9abb
0.11874999999999999,"[""DEP_advcl_rate_baixo"", ""DEP_nsubj:pass_rate_baixo"", ""POS_NOUN_rate_alto""]",3,bcf49a1c7a83
0.11296296296296296,"[""DEP_advcl_rate_baixo"", ""DEP_aux:pass_rate_baixo"", ""POS_NOUN_rate_alto""]",3,363aea873cbd
0.10856481481481481,"[""DEP_advcl_rate_baixo"", ""DEP_ccomp_rate_baixo"", ""POS_NOUN_rate_alto""]",3,27b247a1a578
0.11666666666666667,"[""DEP_cop_rate_baixo"", ""DEP_nsubj:pass_rate_baixo"", ""POS_NOUN_rate_alto""]",3,72b2e6508e8e
0.11226851851851852,"[""DEP_ccomp_rate_baixo"", ""DEP_cop_rate_baixo"", ""POS_NOUN_rate_alto""]",3,bd6345e34d4f
0.10949074074074074,"[""DEP_aux:pass_rate_baixo"", ""DEP_cop_rate_baixo"", ""POS_NOUN_rate_alto""]",3,d6635cace712
0.10092592592592593,"[""DEP_advcl_rate_baixo"", ""DEP_cop_rate_baixo"", ""POS_NOUN_rate_alto""]",3,75ade6aabb13
0.11435185185185186,"[""DEP_acl:relcl_rate_baixo"", ""DEP_nsubj:pass_rate_baixo"", ""POS_NOUN_rate_alto""]",3,35f25de9b41a
0.10925925925925926,"[""DEP_acl:relcl_rate_baixo"", ""DEP_aux:pass_rate_baixo"", ""POS_NOUN_rate_alto""]",3,197bf4f6cbcf
0.10277777777777777,"[""DEP_acl:relcl_rate_baixo"", ""DEP_ccomp_rate_baixo"", ""POS_NOUN_rate_alto""]",3,e07072a847b7
0.098842592592592593,"[""DEP_acl:relcl_rate_baixo"", ""DEP_cop_rate_baixo"", ""POS_NOUN_rate_alto""]",3,bddb13cc482a
0.093518518518518515,"[""DEP_acl:relcl_rate_baixo"", ""DEP_advcl_rate_baixo"", ""POS_NOUN_rate_alto""]",3,b3520eab943f
0.11342592592592593,"[""DEP_nsubj:pass_rate_baixo"", ""DEP_nummod_rate_baixo"", ""POS_NOUN_rate_alto""]",3,8b6dd2dfea4a
0.10879629629629629,"[""DEP_aux:pass_rate_baixo"", ""DEP_nummod_rate_baixo"", ""POS_NOUN_rate_alto""]",3,d8840eee0de6
0.095138888888888884,"[""DEP_cop_rate_baixo"", ""DEP_nummod_rate_baixo"", ""POS_NOUN_rate_alto""]",3,c4563f0ced60
0.093981481481481485,"[""DEP_advcl_rate_baixo"", ""DEP_nummod_rate_baixo"", ""POS_NOUN_rate_alto""]",3,7fba1e6fdb08
0.093055555555555558,"[""DEP_acl:relcl_rate_baixo"", ""DEP_nummod_rate_baixo"", ""POS_NOUN_rate_alto""]",3,dd229a0d6662
0.091435185185185189,"[""DEP_ccomp_rate_baixo"", ""DEP_nummod_rate_baixo"", ""POS_NOUN_rate_alto""]",3,6b96d8822be8
0.10671296296296297,"[""DEP_nsubj:pass_rate_baixo"", ""DEP_xcomp_rate_baixo"", ""POS_NOUN_rate_alto""]",3,40b427c4c908
0.10208333333333333,"[""DEP_aux:pass_rate_baixo"", ""DEP_xcomp_rate_baixo"", ""POS_NOUN_rate_alto""]",3,a10cb7415394
0.098379629629629636,"[""DEP_ccomp_rate_baixo"", ""DEP_xcomp_rate_baixo"", ""POS_NOUN_rate_alto""]",3,f8d5ed04bb01
0.092824074074074073,"[""DEP_advcl_rate_baixo"", ""DEP_xcomp_rate_baixo"", ""POS_NOUN_rate_alto""]",3,acc15f2707d3
0.087268518518518523,"[""DEP_cop_rate_baixo"", ""DEP_xcomp_rate_baixo"", ""POS_NOUN_rate_alto""]",3,390ed792fbd1
0.08611111111111111,"[""DEP_acl:relcl_rate_baixo"", ""DEP_xcomp_rate_baixo"", ""POS_NOUN_rate_alto""]",3,d55ccfcfa753
0.10069444444444445,"[""DEP_nsubj:pass_rate_baixo"", ""POS_NOUN_rate_alto"", ""uppercaseRatio_baixo""]",3,5a7ccfc138e8
0.094907407407407413,"[""DEP_aux:pass_rate_baixo"", ""POS_NOUN_rate_alto"", ""uppercaseRatio_baixo""]",3,7d12857f1eff
0.087037037037037038,"[""DEP_ccomp_rate_baixo"", ""POS_NOUN_rate_alto"", ""uppercaseRatio_baixo""]",3,1d9d91f02235
0.081712962962962959,"[""DEP_advcl_rate_baixo"", ""POS_NOUN_rate_alto"", ""uppercaseRatio_baixo""]",3,763262cc64de
0.10648148148148148,"[""DEP_nummod_rate_baixo"", ""POS_NOUN_rate_alto"", ""POS_NUM_rate_baixo""]",3,474118bfdda5
0.083101851851851857,"[""DEP_nsubj:pass_rate_baixo"", ""POS_NOUN_rate_alto"", ""POS_NUM_rate_baixo""]",3,70fe793e7904
0.090046296296296291,"[""DEP_ccomp_rate_baixo"", ""POS_NOUN_rate_alto"", ""POS_SCONJ_rate_baixo""]",3,0c37726eaba4
0.08217592592592593,"[""DEP_advcl_rate_baixo"", ""POS_NOUN_rate_alto"", ""POS_SCONJ_rate_baixo""]",3,aa7748023967
0.098148148148148151,"[""DEP_acl:relcl_rate_baixo"", ""POS_NOUN_rate_alto"", ""POS_PRON_rate_baixo""]",3,a24f9988ec4b
0.094675925925925927,"[""DEP_mark_rate_baixo"", ""POS_NOUN_rate_alto"", ""POS_SCONJ_rate_baixo""]",3,1dbe5166df18
0.089351851851851849,"[""DEP_ccomp_rate_baixo"", ""DEP_mark_rate_baixo"", ""POS_NOUN_rate_alto""]",3,9247956be805
0.083564814814814814,"[""DEP_advcl_rate_baixo"", ""DEP_mark_rate_baixo"", ""POS_NOUN_rate_alto""]",3,93e59d3fdf5c
0.091435185185185189,"[""DEP_advmod_rate_baixo"", ""POS_ADV_rate_baixo"", ""POS_NOUN_rate_alto""]",3,f953efc08f59
0.08773148148148148,"[""DEP_aux:pass_rate_baixo"", ""POS_AUX_rate_baixo"", ""POS_NOUN_rate_alto""]",3,04854707b920
0.087499999999999994,"[""DEP_nsubj:pass_rate_baixo"", ""POS_AUX_rate_baixo"", ""POS_NOUN_rate_alto""]",3,d8e99fae62e8
0.087268518518518523,"[""DEP_cop_rate_baixo"", ""POS_AUX_rate_baixo"", ""POS_NOUN_rate_alto""]",3,153314efa936
0.092824074074074073,"[""DEP_acl_rate_baixo"", ""DEP_nsubj:pass_rate_baixo"", ""POS_NOUN_rate_alto""]",3,41bff769583a
0.088657407407407407,"[""DEP_acl_rate_baixo"", ""DEP_aux:pass_rate_baixo"", ""POS_NOUN_rate_alto""]",3,829de3933d6a
0.084490740740740741,"[""DEP_acl_rate_baixo"", ""DEP_ccomp_rate_baixo"", ""POS_NOUN_rate_alto""]",3,6a3668ae44ca
0.080787037037037032,"[""DEP_case_rate_alto"", ""DEP_ccomp_rate_baixo"", ""POS_NOUN_rate_alto""]",3,b49c3964f644
0.080324074074074076,"[""DEP_case_rate_alto"", ""DEP_nsubj:pass_rate_baixo"", ""POS_NOUN_rate_alto""]",3,8c1a70065580
0.095370370370370369,"[""DEP_case_rate_alto"", ""POS_ADP_rate_alto"", ""POS_NOUN_rate_alto""]",3,ef7a04ff9700
0.17546296296296296,"[""DEP_nummod_rate_baixo"", ""POS_AUX_rate_alto""]",2,5fd0d3f346d8
0.1537037037037037,"[""DEP_acl_rate_baixo"", ""POS_AUX_rate_alto""]",2,133baecb79a5
0.15138888888888888,"[""DEP_acl:relcl_rate_baixo"", ""POS_AUX_rate_alto""]",2,917a894db238
0.14027777777777778,"[""DEP_ccomp_rate_baixo"", ""POS_AUX_rate_alto""]",2,674ac8732099
0.13425925925925927,"[""DEP_aux:pass_rate_alto"", ""POS_AUX_rate_alto""]",2,7202a8cfe5d0
0.12986111111111112,"[""DEP_nsubj:pass_rate_baixo"", ""POS_AUX_rate_alto""]",2,4a076b1cd8c0
0.11828703703703704,"[""POS_AUX_rate_alto"", ""uppercaseRatio_baixo""]",2,be67eae18815
0.094675925925925927,"[""DEP_nmod_rate_baixo"", ""POS_AUX_rate_alto""]",2,a9773838583c
0.087268518518518523,"[""DEP_advcl_rate_alto"", ""POS_AUX_rate_alto""]",2,909380499409
0.087037037037037038,"[""POS_ADV_rate_alto"", ""POS_AUX_rate_alto""]",2,c7117670d18c
0.085416666666666669,"[""DEP_advmod_rate_alto"", ""POS_AUX_rate_alto""]",2,3f69d9f8ef40
0.12222222222222222,"[""DEP_xcomp_rate_baixo"", ""POS_AUX_rate_alto""]",2,607b877920c9
0.090046296296296291,"[""DEP_mark_rate_alto"", ""POS_AUX_rate_alto""]",2,0ffbe6a25419
0.089583333333333334,"[""DEP_appos_rate_baixo"", ""POS_AUX_rate_alto""]",2,9332bb5972b2
0.081481481481481488,"[""POS_AUX_rate_alto"", ""POS_PRON_rate_baixo""]",2,a77427c58509
0.14166666666666666,"[""DEP_advcl_rate_baixo"", ""POS_AUX_rate_alto""]",2,bab50578e041
0.15694444444444444,"[""DEP_cop_rate_alto"", ""POS_AUX_rate_alto""]",2,9c12fc7517d0
0.10185185185185185,"[""DEP_aux:pass_rate_baixo"", ""POS_AUX_rate_alto""]",2,35648aae4c26
0.088657407407407407,"[""DEP_cc_rate_baixo"", ""POS_AUX_rate_alto""]",2,2e5c8a79d7bd
0.085648148148148154,"[""POS_AUX_rate_alto"", ""POS_CCONJ_rate_baixo""]",2,34a444065e2f
0.081250000000000003,"[""POS_AUX_rate_alto"", ""POS_PRON_rate_alto""]",2,8d7761070c15
0.08009259259259259,"[""DEP_conj_rate_baixo"", ""POS_AUX_rate_alto""]",2,016840137928
0.12384259259259259,"[""POS_AUX_rate_alto"", ""POS_NUM_rate_baixo""]",2,22b2281be1b6
0.10787037037037037,"[""DEP_acl_rate_baixo"", ""DEP_nummod_rate_baixo"", ""POS_AUX_rate_alto""]",3,7d121a3ad88b
0.096296296296296297,"[""DEP_acl_rate_baixo"", ""DEP_cop_rate_alto"", ""POS_AUX_rate_alto""]",3,a7d96f8ec496
0.10393518518518519,"[""DEP_acl:relcl_rate_baixo"", ""DEP_nummod_rate_baixo"", ""POS_AUX_rate_alto""]",3,3ae9155b8d48
0.085879629629629625,"[""DEP_acl:relcl_rate_baixo"", ""DEP_acl_rate_baixo"", ""POS_AUX_rate_alto""]",3,57d712d8fd8d
0.089351851851851849,"[""DEP_acl:relcl_rate_baixo"", ""DEP_cop_rate_alto"", ""POS_AUX_rate_alto""]",3,c7585eff53e4
0.091435185185185189,"[""DEP_ccomp_rate_baixo"", ""DEP_nummod_rate_baixo"", ""POS_AUX_rate_alto""]",3,e79bd78d0acf
0.081250000000000003,"[""DEP_acl_rate_baixo"", ""DEP_ccomp_rate_baixo"", ""POS_AUX_rate_alto""]",3,d34ebc545bc0
0.082407407407407401,"[""DEP_ccomp_rate_baixo"", ""DEP_cop_rate_alto"", ""POS_AUX_rate_alto""]",3,39d553d0e595
0.088888888888888892,"[""DEP_aux:pass_rate_alto"", ""DEP_nummod_rate_baixo"", ""POS_AUX_rate_alto""]",3,05ef60ad5f73
0.083564814814814814,"[""DEP_acl:relcl_rate_baixo"", ""DEP_aux:pass_rate_alto"", ""POS_AUX_rate_alto""]",3,308f8e1f6107
0.083101851851851857,"[""DEP_aux:pass_rate_alto"", ""DEP_ccomp_rate_baixo"", ""POS_AUX_rate_alto""]",3,f6938434c619
0.094444444444444442,"[""DEP_nsubj:pass_rate_baixo"", ""DEP_nummod_rate_baixo"", ""POS_AUX_rate_alto""]",3,b1d038da5607
0.080787037037037032,"[""DEP_acl_rate_baixo"", ""DEP_nsubj:pass_rate_baixo"", ""POS_AUX_rate_alto""]",3,244df808a1e9
0.09930555555555555,"[""DEP_cop_rate_alto"", ""DEP_nsubj:pass_rate_baixo"", ""POS_AUX_rate_alto""]",3,22023132ef26
0.081481481481481488,"[""DEP_nummod_rate_baixo"", ""POS_AUX_rate_alto"", ""uppercaseRatio_baixo""]",3,4364280df499
0.081018518518518517,"[""DEP_nummod_rate_baixo"", ""DEP_xcomp_rate_baixo"", ""POS_AUX_rate_alto""]",3,798c9ff5f8ee
0.097453703703703709,"[""DEP_advcl_rate_baixo"", ""DEP_nummod_rate_baixo"", ""POS_AUX_rate_alto""]",3,e5698168dc81
0.085879629629629625,"[""DEP_acl_rate_baixo"", ""DEP_advcl_rate_baixo"", ""POS_AUX_rate_alto""]",3,2605710c94bd
0.08981481481481482,"[""DEP_advcl_rate_baixo"", ""DEP_cop_rate_alto"", ""POS_AUX_rate_alto""]",3,42ee95cd7ebc
0.11157407407407408,"[""DEP_cop_rate_alto"", ""DEP_nummod_rate_baixo"", ""POS_AUX_rate_alto""]",3,51170ae4e791
0.09976851851851852,"[""DEP_aux:pass_rate_baixo"", ""DEP_nsubj:pass_rate_baixo"", ""POS_AUX_rate_alto""]",3,0c87281ede5c
0.083101851851851857,"[""DEP_aux:pass_rate_baixo"", ""DEP_cop_rate_alto"", ""POS_AUX_rate_alto""]",3,eadbc50aadc7
0.084953703703703698,"[""DEP_cc_rate_baixo"", ""POS_AUX_rate_alto"", ""POS_CCONJ_rate_baixo""]",3,abed59a62204
0.12291666666666666,"[""DEP_nummod_rate_baixo"", ""POS_AUX_rate_alto"", ""POS_NUM_rate_baixo""]",3,2a8f64a3ffb5
0.081944444444444445,"[""DEP_cop_rate_alto"", ""POS_AUX_rate_alto"", ""POS_NUM_rate_baixo""]",3,4df5823311e2
0.19375000000000001,"[""DEP_nsubj:pass_rate_baixo"", ""DEP_nummod_rate_alto""]",2,7c25cc3be898
0.18888888888888888,"[""DEP_ccomp_rate_baixo"", ""DEP_nummod_rate_alto""]",2,37acc59a1e4a
0.17847222222222223,"[""DEP_aux:pass_rate_baixo"", ""DEP_nummod_rate_alto""]",2,b725682ef523
0.1699074074074074,"[""DEP_cop_rate_baixo"", ""DEP_nummod_rate_alto""]",2,312a1950bfb6
0.13912037037037037,"[""DEP_acl_rate_baixo"", ""DEP_nummod_rate_alto""]",2,34917655f712
0.12893518518518518,"[""DEP_nummod_rate_alto"", ""uppercaseRatio_baixo""]",2,f91e444a7d96
0.11180555555555556,"[""DEP_nummod_rate_alto"", ""POS_SCONJ_rate_baixo""]",2,1b70b551fe03
0.08611111111111111,"[""DEP_advcl_rate_alto"", ""DEP_nummod_rate_alto""]",2,b477a2a34c68
0.17453703703703705,"[""DEP_acl:relcl_rate_baixo"", ""DEP_nummod_rate_alto""]",2,fbadd7312a28
0.11273148148148149,"[""DEP_mark_rate_baixo"", ""DEP_nummod_rate_alto""]",2,06eb46d9a5c4
0.16712962962962963,"[""DEP_advcl_rate_baixo"", ""DEP_nummod_rate_alto""]",2,9669ccf5ffd6
0.092592592592592587,"[""DEP_advmod_rate_baixo"", ""DEP_nummod_rate_alto""]",2,0c52b44f49f7
0.083796296296296299,"[""DEP_nummod_rate_alto"", ""POS_ADV_rate_baixo""]",2,7759380506b3
0.10740740740740741,"[""DEP_nummod_rate_alto"", ""POS_PRON_rate_baixo""]",2,b7e1cbe7a09b
0.092361111111111116,"[""DEP_appos_rate_baixo"", ""DEP_nummod_rate_alto""]",2,c995e2f8aaa5
0.087268518518518523,"[""DEP_cc_rate_baixo"", ""DEP_nummod_rate_alto""]",2,6b765e901409
0.082638888888888887,"[""DEP_nummod_rate_alto"", ""POS_CCONJ_rate_baixo""]",2,81e18c08fc8b
0.15625,"[""DEP_nummod_rate_alto"", ""DEP_xcomp_rate_baixo""]",2,a6a988e9efb1
0.12893518518518518,"[""DEP_ccomp_rate_baixo"", ""DEP_nsubj:pass_rate_baixo"", ""DEP_nummod_rate_alto""]",3,d92357d7e032
0.17708333333333334,"[""DEP_aux:pass_rate_baixo"", ""DEP_nsubj:pass_rate_baixo"", ""DEP_nummod_rate_alto""]",3,612194d3f120
0.11967592592592592,"[""DEP_aux:pass_rate_baixo"", ""DEP_ccomp_rate_baixo"", ""DEP_nummod_rate_alto""]",3,275a35ae6552
0.11874999999999999,"[""DEP_ccomp_rate_baixo"", ""DEP_cop_rate_baixo"", ""DEP_nummod_rate_alto""]",3,68122a44fef0
0.11458333333333333,"[""DEP_cop_rate_baixo"", ""DEP_nsubj:pass_rate_baixo"", ""DEP_nummod_rate_alto""]",3,86cdcb55fa17
0.10555555555555556,"[""DEP_aux:pass_rate_baixo"", ""DEP_cop_rate_baixo"", ""DEP_nummod_rate_alto""]",3,ab2176050286
0.11319444444444444,"[""DEP_acl:relcl_rate_baixo"", ""DEP_cop_rate_baixo"", ""DEP_nummod_rate_alto""]",3,dfcb95452e21
0.094212962962962957,"[""DEP_acl_rate_baixo"", ""DEP_nsubj:pass_rate_baixo"", ""DEP_nummod_rate_alto""]",3,91184095aa94
0.092129629629629631,"[""DEP_acl_rate_baixo"", ""DEP_ccomp_rate_baixo"", ""DEP_nummod_rate_alto""]",3,243556236428
0.08611111111111111,"[""DEP_acl_rate_baixo"", ""DEP_aux:pass_rate_baixo"", ""DEP_nummod_rate_alto""]",3,51148b8bce9f
0.081250000000000003,"[""DEP_acl_rate_baixo"", ""DEP_cop_rate_baixo"", ""DEP_nummod_rate_alto""]",3,1259871b0bbf
0.083796296296296299,"[""DEP_acl:relcl_rate_baixo"", ""DEP_acl_rate_baixo"", ""DEP_nummod_rate_alto""]",3,b808f0a46e4e
0.083796296296296299,"[""DEP_acl_rate_baixo"", ""DEP_advcl_rate_baixo"", ""DEP_nummod_rate_alto""]",3,f1615c42d700
0.09166666666666666,"[""DEP_nsubj:pass_rate_baixo"", ""DEP_nummod_rate_alto"", ""uppercaseRatio_baixo""]",3,2662327f2ebf
0.089583333333333334,"[""DEP_ccomp_rate_baixo"", ""DEP_nummod_rate_alto"", ""uppercaseRatio_baixo""]",3,b8ce07021ad8
0.083796296296296299,"[""DEP_aux:pass_rate_baixo"", ""DEP_nummod_rate_alto"", ""uppercaseRatio_baixo""]",3,373a108ca6a5
0.10069444444444445,"[""DEP_ccomp_rate_baixo"", ""DEP_nummod_rate_alto"", ""POS_SCONJ_rate_baixo""]",3,3830d87f5836
0.10578703703703704,"[""DEP_mark_rate_baixo"", ""DEP_nummod_rate_alto"", ""POS_SCONJ_rate_baixo""]",3,6012ac4c58fd
0.086342592592592596,"[""DEP_advcl_rate_baixo"", ""DEP_nummod_rate_alto"", ""POS_SCONJ_rate_baixo""]",3,a79254611f80
0.12013888888888889,"[""DEP_acl:relcl_rate_baixo"", ""DEP_ccomp_rate_baixo"", ""DEP_nummod_rate_alto""]",3,8602cb8cbe1f
0.11967592592592592,"[""DEP_acl:relcl_rate_baixo"", ""DEP_nsubj:pass_rate_baixo"", ""DEP_nummod_rate_alto""]",3,cafe722aafcc
0.11041666666666666,"[""DEP_acl:relcl_rate_baixo"", ""DEP_aux:pass_rate_baixo"", ""DEP_nummod_rate_alto""]",3,f734c90efe7f
0.10138888888888889,"[""DEP_ccomp_rate_baixo"", ""DEP_mark_rate_baixo"", ""DEP_nummod_rate_alto""]",3,0edef69732b1
0.08819444444444445,"[""DEP_advcl_rate_baixo"", ""DEP_mark_rate_baixo"", ""DEP_nummod_rate_alto""]",3,6d245b3637de
0.11527777777777778,"[""DEP_advcl_rate_baixo"", ""DEP_nsubj:pass_rate_baixo"", ""DEP_nummod_rate_alto""]",3,ae9b524d45d3
0.10879629629629629,"[""DEP_advcl_rate_baixo"", ""DEP_aux:pass_rate_baixo"", ""DEP_nummod_rate_alto""]",3,6b47ffbf071e
0.1025462962962963,"[""DEP_advcl_rate_baixo"", ""DEP_cop_rate_baixo"", ""DEP_nummod_rate_alto""]",3,4bcf77e70574
0.11203703703703703,"[""DEP_advcl_rate_baixo"", ""DEP_ccomp_rate_baixo"", ""DEP_nummod_rate_alto""]",3,5d85ae5b0d37
0.10416666666666667,"[""DEP_acl:relcl_rate_baixo"", ""DEP_advcl_rate_baixo"", ""DEP_nummod_rate_alto""]",3,5ceace40c60b
0.10393518518518519,"[""DEP_acl:relcl_rate_baixo"", ""DEP_nummod_rate_alto"", ""POS_PRON_rate_baixo""]",3,dab9809d11f9
0.081944444444444445,"[""DEP_cc_rate_baixo"", ""DEP_nummod_rate_alto"", ""POS_CCONJ_rate_baixo""]",3,4755864d3ec1
0.10879629629629629,"[""DEP_nsubj:pass_rate_baixo"", ""DEP_nummod_rate_alto"", ""DEP_xcomp_rate_baixo""]",3,016469b09aee
0.10208333333333333,"[""DEP_aux:pass_rate_baixo"", ""DEP_nummod_rate_alto"", ""DEP_xcomp_rate_baixo""]",3,8cdbbf199eb9
0.11342592592592593,"[""DEP_ccomp_rate_baixo"", ""DEP_nummod_rate_alto"", ""DEP_xcomp_rate_baixo""]",3,9b994c7dac45
0.09768518518518518,"[""DEP_advcl_rate_baixo"", ""DEP_nummod_rate_alto"", ""DEP_xcomp_rate_baixo""]",3,973f424f822e
0.094444444444444442,"[""DEP_cop_rate_baixo"", ""DEP_nummod_rate_alto"", ""DEP_xcomp_rate_baixo""]",3,2d1ca265111a
0.10069444444444445,"[""DEP_acl:relcl_rate_baixo"", ""DEP_nummod_rate_alto"", ""DEP_xcomp_rate_baixo""]",3,464b57a250c2
0.2011574074074074,"[""DEP_ccomp_rate_baixo"", ""DEP_nsubj_rate_baixo""]",2,dcc82376b8a6
0.15208333333333332,"[""DEP_advcl_rate_baixo"", ""DEP_nsubj_rate_baixo""]",2,b3aaf3cf55e0
0.14560185185185184,"[""DEP_nsubj_rate_baixo"", ""DEP_xcomp_rate_baixo""]",2,8cc4ca6cd250
0.1337962962962963,"[""DEP_nsubj_rate_baixo"", ""DEP_nummod_rate_baixo""]",2,beafbea5ae9c
0.11666666666666667,"[""DEP_acl_rate_baixo"", ""DEP_nsubj_rate_baixo""]",2,97f652353678
0.10833333333333334,"[""DEP_nsubj_rate_baixo"", ""POS_SCONJ_rate_baixo""]",2,0c12d8691878
0.10833333333333334,"[""DEP_mark_rate_baixo"", ""DEP_nsubj_rate_baixo""]",2,78c658ee756e
0.08819444444444445,"[""DEP_flat:name_rate_alto"", ""DEP_nsubj_rate_baixo""]",2,ab97627c0677
0.1423611111111111,"[""DEP_nsubj:pass_rate_baixo"", ""DEP_nsubj_rate_baixo""]",2,fe21934045b4
0.084027777777777785,"[""DEP_nsubj_rate_baixo"", ""POS_NUM_rate_baixo""]",2,4367afe7af4d
0.1900462962962963,"[""DEP_acl:relcl_rate_baixo"", ""DEP_nsubj_rate_baixo""]",2,6f18c83ea455
0.12916666666666668,"[""DEP_nsubj_rate_baixo"", ""POS_PRON_rate_baixo""]",2,db4d3c9a5701
0.11064814814814815,"[""DEP_nsubj_rate_baixo"", ""uppercaseRatio_baixo""]",2,b3f27f536d90
0.095370370370370369,"[""DEP_aux:pass_rate_alto"", ""DEP_nsubj_rate_baixo""]",2,386914638fa3
0.17222222222222222,"[""DEP_cop_rate_baixo"", ""DEP_nsubj_rate_baixo""]",2,f028a9d1115e
0.13333333333333333,"[""DEP_aux:pass_rate_baixo"", ""DEP_nsubj_rate_baixo""]",2,cad1dfb612b1
0.084722222222222227,"[""DEP_appos_rate_alto"", ""DEP_nsubj_rate_baixo""]",2,7be0fa535f95
0.10555555555555556,"[""DEP_nmod_rate_alto"", ""DEP_nsubj_rate_baixo""]",2,e4fad27bcb7f
0.096296296296296297,"[""DEP_advmod_rate_baixo"", ""DEP_nsubj_rate_baixo""]",2,3ef39e456b6e
0.08611111111111111,"[""DEP_nsubj_rate_baixo"", ""POS_ADV_rate_baixo""]",2,4decd2e0d65d
0.1125,"[""DEP_case_rate_alto"", ""DEP_nsubj_rate_baixo""]",2,7e83e384a80b
0.090972222222222218,"[""DEP_nsubj_rate_baixo"", ""DEP_nummod_rate_alto""]",2,b6526c87889b
0.11527777777777778,"[""DEP_nsubj_rate_baixo"", ""POS_VERB_rate_baixo""]",2,e088f3097e40
0.12013888888888889,"[""DEP_advcl_rate_baixo"", ""DEP_ccomp_rate_baixo"", ""DEP_nsubj_rate_baixo""]",3,93b724bf542f
0.1111111111111111,"[""DEP_acl:relcl_rate_baixo"", ""DEP_advcl_rate_baixo"", ""DEP_nsubj_rate_baixo""]",3,74627a5bd54c
0.1011574074074074,"[""DEP_advcl_rate_baixo"", ""DEP_cop_rate_baixo"", ""DEP_nsubj_rate_baixo""]",3,dae7fafacc59
0.12060185185185185,"[""DEP_ccomp_rate_baixo"", ""DEP_nsubj_rate_baixo"", ""DEP_xcomp_rate_baixo""]",3,2a26b4c1f85a
0.091898148148148145,"[""DEP_advcl_rate_baixo"", ""DEP_nsubj_rate_baixo"", ""DEP_xcomp_rate_baixo""]",3,7ba4c11cccc5
0.11064814814814815,"[""DEP_acl:relcl_rate_baixo"", ""DEP_nsubj_rate_baixo"", ""DEP_xcomp_rate_baixo""]",3,ffcb8dd57d43
0.097222222222222224,"[""DEP_cop_rate_baixo"", ""DEP_nsubj_rate_baixo"", ""DEP_xcomp_rate_baixo""]",3,9fa11b339706
0.1025462962962963,"[""DEP_ccomp_rate_baixo"", ""DEP_nsubj_rate_baixo"", ""DEP_nummod_rate_baixo""]",3,8f82394bf40a
0.09930555555555555,"[""DEP_acl:relcl_rate_baixo"", ""DEP_nsubj_rate_baixo"", ""DEP_nummod_rate_baixo""]",3,3501b8493839
0.088888888888888892,"[""DEP_cop_rate_baixo"", ""DEP_nsubj_rate_baixo"", ""DEP_nummod_rate_baixo""]",3,892f46a0e8fd
0.09166666666666666,"[""DEP_acl_rate_baixo"", ""DEP_ccomp_rate_baixo"", ""DEP_nsubj_rate_baixo""]",3,32b689278fbf
0.084490740740740741,"[""DEP_acl:relcl_rate_baixo"", ""DEP_acl_rate_baixo"", ""DEP_nsubj_rate_baixo""]",3,980cd31c0337
0.10162037037037037,"[""DEP_ccomp_rate_baixo"", ""DEP_nsubj_rate_baixo"", ""POS_SCONJ_rate_baixo""]",3,6bb240aefc54
0.084722222222222227,"[""DEP_advcl_rate_baixo"", ""DEP_nsubj_rate_baixo"", ""POS_SCONJ_rate_baixo""]",3,ab2d70e32162
0.081712962962962959,"[""DEP_acl:relcl_rate_baixo"", ""DEP_nsubj_rate_baixo"", ""POS_SCONJ_rate_baixo""]",3,a50bd09db53b
0.1011574074074074,"[""DEP_ccomp_rate_baixo"", ""DEP_mark_rate_baixo"", ""DEP_nsubj_rate_baixo""]",3,9f1e3220fd84
0.10092592592592593,"[""DEP_mark_rate_baixo"", ""DEP_nsubj_rate_baixo"", ""POS_SCONJ_rate_baixo""]",3,d999f61c961a
0.08611111111111111,"[""DEP_advcl_rate_baixo"", ""DEP_mark_rate_baixo"", ""DEP_nsubj_rate_baixo""]",3,f8ae9a566d96
0.081018518518518517,"[""DEP_acl:relcl_rate_baixo"", ""DEP_mark_rate_baixo"", ""DEP_nsubj_rate_baixo""]",3,1b33d46eb633
0.11180555555555556,"[""DEP_ccomp_rate_baixo"", ""DEP_nsubj:pass_rate_baixo"", ""DEP_nsubj_rate_baixo""]",3,f41c3bd669cf
0.10925925925925926,"[""DEP_acl:relcl_rate_baixo"", ""DEP_nsubj:pass_rate_baixo"", ""DEP_nsubj_rate_baixo""]",3,11bbe394e949
0.091898148148148145,"[""DEP_cop_rate_baixo"", ""DEP_nsubj:pass_rate_baixo"", ""DEP_nsubj_rate_baixo""]",3,0c14af3b8366
0.085185185185185183,"[""DEP_advcl_rate_baixo"", ""DEP_nsubj:pass_rate_baixo"", ""DEP_nsubj_rate_baixo""]",3,a942f773dd9c
0.080324074074074076,"[""DEP_nsubj:pass_rate_baixo"", ""DEP_nsubj_rate_baixo"", ""DEP_xcomp_rate_baixo""]",3,462d058961d0
0.083564814814814814,"[""DEP_nsubj_rate_baixo"", ""DEP_nummod_rate_baixo"", ""POS_NUM_rate_baixo""]",3,89b58c463671
0.14884259259259258,"[""DEP_acl:relcl_rate_baixo"", ""DEP_ccomp_rate_baixo"", ""DEP_nsubj_rate_baixo""]",3,6e9988cef987
0.12523148148148147,"[""DEP_acl:relcl_rate_baixo"", ""DEP_nsubj_rate_baixo"", ""POS_PRON_rate_baixo""]",3,fb3a43dcbf7c
0.10347222222222222,"[""DEP_ccomp_rate_baixo"", ""DEP_nsubj_rate_baixo"", ""POS_PRON_rate_baixo""]",3,f294053424b2
0.092361111111111116,"[""DEP_cop_rate_baixo"", ""DEP_nsubj_rate_baixo"", ""POS_PRON_rate_baixo""]",3,77554b256422
0.085648148148148154,"[""DEP_ccomp_rate_baixo"", ""DEP_nsubj_rate_baixo"", ""uppercaseRatio_baixo""]",3,6c0ca72adca7
0.1388888888888889,"[""DEP_ccomp_rate_baixo"", ""DEP_cop_rate_baixo"", ""DEP_nsubj_rate_baixo""]",3,570e9c54e86d
0.13125000000000001,"[""DEP_acl:relcl_rate_baixo"", ""DEP_cop_rate_baixo"", ""DEP_nsubj_rate_baixo""]",3,e6061714f368
0.13078703703703703,"[""DEP_aux:pass_rate_baixo"", ""DEP_nsubj:pass_rate_baixo"", ""DEP_nsubj_rate_baixo""]",3,e8228c94d449
0.10416666666666667,"[""DEP_aux:pass_rate_baixo"", ""DEP_ccomp_rate_baixo"", ""DEP_nsubj_rate_baixo""]",3,6ae09d16fb39
0.10185185185185185,"[""DEP_acl:relcl_rate_baixo"", ""DEP_aux:pass_rate_baixo"", ""DEP_nsubj_rate_baixo""]",3,cd827e2a4b8f
0.085648148148148154,"[""DEP_aux:pass_rate_baixo"", ""DEP_cop_rate_baixo"", ""DEP_nsubj_rate_baixo""]",3,c874fceee7c5
0.081712962962962959,"[""DEP_advcl_rate_baixo"", ""DEP_aux:pass_rate_baixo"", ""DEP_nsubj_rate_baixo""]",3,e84ef9cf000d
0.08819444444444445,"[""DEP_ccomp_rate_baixo"", ""DEP_nmod_rate_alto"", ""DEP_nsubj_rate_baixo""]",3,ad2bcdd960d5
0.083564814814814814,"[""DEP_acl:relcl_rate_baixo"", ""DEP_nmod_rate_alto"", ""DEP_nsubj_rate_baixo""]",3,6ada5ad5f47e
0.082638888888888887,"[""DEP_advmod_rate_baixo"", ""DEP_nsubj_rate_baixo"", ""POS_ADV_rate_baixo""]",3,0a168850bbc9
0.092592592592592587,"[""DEP_case_rate_alto"", ""DEP_ccomp_rate_baixo"", ""DEP_nsubj_rate_baixo""]",3,7ec427b1f72d
0.083333333333333329,"[""DEP_case_rate_alto"", ""DEP_cop_rate_baixo"", ""DEP_nsubj_rate_baixo""]",3,6d04e077b92b
0.085416666666666669,"[""DEP_acl:relcl_rate_baixo"", ""DEP_case_rate_alto"", ""DEP_nsubj_rate_baixo""]",3,7edb8deffaaf
0.10208333333333333,"[""DEP_ccomp_rate_baixo"", ""DEP_nsubj_rate_baixo"", ""POS_VERB_rate_baixo""]",3,9948d6356c85
0.084722222222222227,"[""DEP_advcl_rate_baixo"", ""DEP_nsubj_rate_baixo"", ""POS_VERB_rate_baixo""]",3,c760b2a99356
0.087499999999999994,"[""DEP_acl:relcl_rate_baixo"", ""DEP_nsubj_rate_baixo"", ""POS_VERB_rate_baixo""]",3,10e6e07a8421
0.087499999999999994,"[""DEP_nsubj_rate_baixo"", ""DEP_xcomp_rate_baixo"", ""POS_VERB_rate_baixo""]",3,004d1b3ba8dc
0.18472222222222223,"[""DEP_advcl_rate_baixo"", ""DEP_obj_rate_baixo""]",2,3624da99214c
0.16921296296296295,"[""DEP_acl:relcl_rate_baixo"", ""DEP_obj_rate_baixo""]",2,d2cbcf7042ad
0.15462962962962962,"[""DEP_nsubj:pass_rate_baixo"", ""DEP_obj_rate_baixo""]",2,86eb941d6cd4
0.14976851851851852,"[""DEP_ccomp_rate_baixo"", ""DEP_obj_rate_baixo""]",2,91ae6bc35581
0.1386574074074074,"[""DEP_aux:pass_rate_baixo"", ""DEP_obj_rate_baixo""]",2,210e0f7499d1
0.13750000000000001,"[""DEP_nummod_rate_baixo"", ""DEP_obj_rate_baixo""]",2,236ecc66067c
0.11087962962962963,"[""DEP_cop_rate_baixo"", ""DEP_obj_rate_baixo""]",2,fe5edfe054fd
0.1011574074074074,"[""DEP_mark_rate_baixo"", ""DEP_obj_rate_baixo""]",2,59cfacf44393
0.10046296296296296,"[""DEP_obj_rate_baixo"", ""POS_SCONJ_rate_baixo""]",2,a3a422a181d2
0.098379629629629636,"[""DEP_obj_rate_baixo"", ""POS_PRON_rate_baixo""]",2,58b82e69b773
0.083796296296296299,"[""DEP_advmod_rate_baixo"", ""DEP_obj_rate_baixo""]",2,20f43bf0433b
0.083101851851851857,"[""DEP_flat:name_rate_alto"", ""DEP_obj_rate_baixo""]",2,3613f4125aa5
0.14120370370370369,"[""DEP_acl_rate_baixo"", ""DEP_obj_rate_baixo""]",2,4e168c15fee9
0.13796296296296295,"[""DEP_obj_rate_baixo"", ""DEP_xcomp_rate_baixo""]",2,e112a3cc8000
0.10231481481481482,"[""DEP_case_rate_alto"", ""DEP_obj_rate_baixo""]",2,c185c5777b0f
0.083101851851851857,"[""DEP_aux:pass_rate_alto"", ""DEP_obj_rate_baixo""]",2,a2f61dabc3b2
0.082870370370370372,"[""DEP_obj_rate_baixo"", ""POS_NUM_rate_baixo""]",2,ec67e16c4544
0.093518518518518515,"[""DEP_nsubj_rate_baixo"", ""DEP_obj_rate_baixo""]",2,dd7c431a7902
0.088425925925925922,"[""DEP_obj_rate_baixo"", ""POS_AUX_rate_alto""]",2,55dacd3ec1fe
0.11041666666666666,"[""DEP_obj_rate_baixo"", ""uppercaseRatio_baixo""]",2,18fcccf49d3b
0.08981481481481482,"[""DEP_nmod_rate_alto"", ""DEP_obj_rate_baixo""]",2,0848832892b5
0.12060185185185185,"[""DEP_obj_rate_baixo"", ""POS_VERB_rate_baixo""]",2,b05ab30649f7
0.080324074074074076,"[""DEP_cc_rate_baixo"", ""DEP_obj_rate_baixo""]",2,5439adacdf6f
0.11828703703703704,"[""DEP_acl:relcl_rate_baixo"", ""DEP_advcl_rate_baixo"", ""DEP_obj_rate_baixo""]",3,ac4e8be6b94e
0.11412037037037037,"[""DEP_advcl_rate_baixo"", ""DEP_nsubj:pass_rate_baixo"", ""DEP_obj_rate_baixo""]",3,2cb47a1ba017
0.10208333333333333,"[""DEP_acl:relcl_rate_baixo"", ""DEP_nsubj:pass_rate_baixo"", ""DEP_obj_rate_baixo""]",3,59665a794bbb
0.10925925925925926,"[""DEP_advcl_rate_baixo"", ""DEP_ccomp_rate_baixo"", ""DEP_obj_rate_baixo""]",3,749616b65649
0.10046296296296296,"[""DEP_acl:relcl_rate_baixo"", ""DEP_ccomp_rate_baixo"", ""DEP_obj_rate_baixo""]",3,b02828c2aba7
0.085648148148148154,"[""DEP_ccomp_rate_baixo"", ""DEP_nsubj:pass_rate_baixo"", ""DEP_obj_rate_baixo""]",3,4c714fe6f1c2
0.13541666666666666,"[""DEP_aux:pass_rate_baixo"", ""DEP_nsubj:pass_rate_baixo"", ""DEP_obj_rate_baixo""]",3,fa7ff8a53d59
0.10416666666666667,"[""DEP_advcl_rate_baixo"", ""DEP_aux:pass_rate_baixo"", ""DEP_obj_rate_baixo""]",3,c068b29a118e
0.092129629629629631,"[""DEP_acl:relcl_rate_baixo"", ""DEP_aux:pass_rate_baixo"", ""DEP_obj_rate_baixo""]",3,09291ccbf86c
0.096296296296296297,"[""DEP_advcl_rate_baixo"", ""DEP_nummod_rate_baixo"", ""DEP_obj_rate_baixo""]",3,6eee1e72bb3a
0.090972222222222218,"[""DEP_acl:relcl_rate_baixo"", ""DEP_nummod_rate_baixo"", ""DEP_obj_rate_baixo""]",3,b1971ad7bc95
0.087268518518518523,"[""DEP_nsubj:pass_rate_baixo"", ""DEP_nummod_rate_baixo"", ""DEP_obj_rate_baixo""]",3,eeb1f66f7f8e
0.081250000000000003,"[""DEP_advcl_rate_baixo"", ""DEP_cop_rate_baixo"", ""DEP_obj_rate_baixo""]",3,7fa13078ec82
0.089583333333333334,"[""DEP_advcl_rate_baixo"", ""DEP_mark_rate_baixo"", ""DEP_obj_rate_baixo""]",3,8d96f6327645
0.089120370370370364,"[""DEP_ccomp_rate_baixo"", ""DEP_mark_rate_baixo"", ""DEP_obj_rate_baixo""]",3,6c7c42c552f4
0.095370370370370369,"[""DEP_mark_rate_baixo"", ""DEP_obj_rate_baixo"", ""POS_SCONJ_rate_baixo""]",3,eba2e7593fed
0.08819444444444445,"[""DEP_ccomp_rate_baixo"", ""DEP_obj_rate_baixo"", ""POS_SCONJ_rate_baixo""]",3,5a4c51396ab0
0.086805555555555552,"[""DEP_advcl_rate_baixo"", ""DEP_obj_rate_baixo"", ""POS_SCONJ_rate_baixo""]",3,4e0b89275d26
0.094444444444444442,"[""DEP_acl:relcl_rate_baixo"", ""DEP_obj_rate_baixo"", ""POS_PRON_rate_baixo""]",3,1a54c655c65f
0.10208333333333333,"[""DEP_acl_rate_baixo"", ""DEP_advcl_rate_baixo"", ""DEP_obj_rate_baixo""]",3,2ac4528b9b45
0.088425925925925922,"[""DEP_acl:relcl_rate_baixo"", ""DEP_acl_rate_baixo"", ""DEP_obj_rate_baixo""]",3,c919f72604a9
0.082407407407407401,"[""DEP_acl_rate_baixo"", ""DEP_nsubj:pass_rate_baixo"", ""DEP_obj_rate_baixo""]",3,ff34e033d009
0.10439814814814814,"[""DEP_advcl_rate_baixo"", ""DEP_obj_rate_baixo"", ""DEP_xcomp_rate_baixo""]",3,d8b790cb6c79
0.096759259259259253,"[""DEP_acl:relcl_rate_baixo"", ""DEP_obj_rate_baixo"", ""DEP_xcomp_rate_baixo""]",3,32b52a1854b8
0.086574074074074067,"[""DEP_ccomp_rate_baixo"", ""DEP_obj_rate_baixo"", ""DEP_xcomp_rate_baixo""]",3,3cb2014f5e84
0.083796296296296299,"[""DEP_nsubj:pass_rate_baixo"", ""DEP_obj_rate_baixo"", ""DEP_xcomp_rate_baixo""]",3,ca3bed1dacfc
0.08217592592592593,"[""DEP_nummod_rate_baixo"", ""DEP_obj_rate_baixo"", ""POS_NUM_rate_baixo""]",3,d6e47160980f
0.099537037037037035,"[""DEP_advcl_rate_baixo"", ""DEP_obj_rate_baixo"", ""POS_VERB_rate_baixo""]",3,690a7839d4a6
0.090046296296296291,"[""DEP_ccomp_rate_baixo"", ""DEP_obj_rate_baixo"", ""POS_VERB_rate_baixo""]",3,e8066b29ad40
0.088888888888888892,"[""DEP_obj_rate_baixo"", ""DEP_xcomp_rate_baixo"", ""POS_VERB_rate_baixo""]",3,22d13decff36
0.086342592592592596,"[""DEP_acl:relcl_rate_baixo"", ""DEP_obj_rate_baixo"", ""POS_VERB_rate_baixo""]",3,e1451f6e6a8d
0.20810185185185184,"[""DEP_aux:pass_rate_alto"", ""DEP_nsubj:pass_rate_alto""]",2,d7002f9a31a3
0.16087962962962962,"[""DEP_acl:relcl_rate_baixo"", ""DEP_nsubj:pass_rate_alto""]",2,257c85a9cb12
0.13032407407407406,"[""DEP_nsubj:pass_rate_alto"", ""DEP_xcomp_rate_baixo""]",2,324e4d39e627
0.12013888888888889,"[""DEP_nsubj:pass_rate_alto"", ""POS_AUX_rate_alto""]",2,f333ff980123
0.11134259259259259,"[""DEP_nsubj:pass_rate_alto"", ""uppercaseRatio_baixo""]",2,7380e94e6d67
0.10462962962962963,"[""DEP_nsubj:pass_rate_alto"", ""DEP_nsubj_rate_baixo""]",2,1650528571bb
0.096990740740740738,"[""DEP_nsubj:pass_rate_alto"", ""POS_PRON_rate_baixo""]",2,66903f19aac2
0.08217592592592593,"[""DEP_appos_rate_baixo"", ""DEP_nsubj:pass_rate_alto""]",2,ec1dbfa83015
0.15995370370370371,"[""DEP_ccomp_rate_baixo"", ""DEP_nsubj:pass_rate_alto""]",2,8bad395cd930
0.1423611111111111,"[""DEP_acl_rate_baixo"", ""DEP_nsubj:pass_rate_alto""]",2,a55f95faa93a
0.091898148148148145,"[""DEP_mark_rate_baixo"", ""DEP_nsubj:pass_rate_alto""]",2,f435329e7961
0.090972222222222218,"[""DEP_nsubj:pass_rate_alto"", ""POS_SCONJ_rate_baixo""]",2,d479ea9dbcbe
0.16111111111111112,"[""DEP_cop_rate_baixo"", ""DEP_nsubj:pass_rate_alto""]",2,4d4ceb4e2d82
0.15092592592592594,"[""DEP_nsubj:pass_rate_alto"", ""DEP_nummod_rate_baixo""]",2,a51e44fb8ee4
0.14999999999999999,"[""DEP_advcl_rate_baixo"", ""DEP_nsubj:pass_rate_alto""]",2,49dafc679116
0.09768518518518518,"[""DEP_nsubj:pass_rate_alto"", ""POS_NUM_rate_baixo""]",2,4fc8f7865ab0
0.092592592592592587,"[""DEP_nsubj:pass_rate_alto"", ""DEP_obj_rate_baixo""]",2,d8eaead110db
0.086342592592592596,"[""DEP_advmod_rate_baixo"", ""DEP_nsubj:pass_rate_alto""]",2,0bf26b4ecb97
0.090972222222222218,"[""DEP_cc_rate_baixo"", ""DEP_nsubj:pass_rate_alto""]",2,8fec7d16187f
0.08819444444444445,"[""DEP_nsubj:pass_rate_alto"", ""POS_CCONJ_rate_baixo""]",2,5e491742686b
0.081712962962962959,"[""DEP_conj_rate_baixo"", ""DEP_nsubj:pass_rate_alto""]",2,b6f3caf225b7
0.13263888888888889,"[""DEP_acl:relcl_rate_baixo"", ""DEP_aux:pass_rate_alto"", ""DEP_nsubj:pass_rate_alto""]",3,ff08664cc01e
0.10486111111111111,"[""DEP_acl:relcl_rate_baixo"", ""DEP_cop_rate_baixo"", ""DEP_nsubj:pass_rate_alto""]",3,4188a378f5a5
0.10902777777777778,"[""DEP_aux:pass_rate_alto"", ""DEP_nsubj:pass_rate_alto"", ""DEP_xcomp_rate_baixo""]",3,655857806733
0.082638888888888887,"[""DEP_acl:relcl_rate_baixo"", ""DEP_nsubj:pass_rate_alto"", ""DEP_xcomp_rate_baixo""]",3,597e1940b743
0.086805555555555552,"[""DEP_ccomp_rate_baixo"", ""DEP_nsubj:pass_rate_alto"", ""DEP_xcomp_rate_baixo""]",3,23bc536145ed
0.083796296296296299,"[""DEP_cop_rate_baixo"", ""DEP_nsubj:pass_rate_alto"", ""DEP_xcomp_rate_baixo""]",3,078f237248ec
0.081018518518518517,"[""DEP_advcl_rate_baixo"", ""DEP_nsubj:pass_rate_alto"", ""DEP_xcomp_rate_baixo""]",3,3208fd5d2202
0.10694444444444444,"[""DEP_aux:pass_rate_alto"", ""DEP_nsubj:pass_rate_alto"", ""POS_AUX_rate_alto""]",3,717227f5e034
0.091435185185185189,"[""DEP_aux:pass_rate_alto"", ""DEP_nsubj:pass_rate_alto"", ""uppercaseRatio_baixo""]",3,1963ac84cfdc
0.087268518518518523,"[""DEP_aux:pass_rate_alto"", ""DEP_nsubj:pass_rate_alto"", ""DEP_nsubj_rate_baixo""]",3,205e598a8c3b
0.082638888888888887,"[""DEP_ccomp_rate_baixo"", ""DEP_nsubj:pass_rate_alto"", ""DEP_nsubj_rate_baixo""]",3,eae0a048743f
0.092824074074074073,"[""DEP_acl:relcl_rate_baixo"", ""DEP_nsubj:pass_rate_alto"", ""POS_PRON_rate_baixo""]",3,c653ac34978f
0.082407407407407401,"[""DEP_aux:pass_rate_alto"", ""DEP_nsubj:pass_rate_alto"", ""POS_PRON_rate_baixo""]",3,50e8ad77c14a
0.13194444444444445,"[""DEP_aux:pass_rate_alto"", ""DEP_ccomp_rate_baixo"", ""DEP_nsubj:pass_rate_alto""]",3,87afb6b6d64a
0.09976851851851852,"[""DEP_acl:relcl_rate_baixo"", ""DEP_ccomp_rate_baixo"", ""DEP_nsubj:pass_rate_alto""]",3,c43c7129e75a
0.10162037037037037,"[""DEP_ccomp_rate_baixo"", ""DEP_cop_rate_baixo"", ""DEP_nsubj:pass_rate_alto""]",3,d1f6f74df4d4
0.11550925925925926,"[""DEP_acl_rate_baixo"", ""DEP_aux:pass_rate_alto"", ""DEP_nsubj:pass_rate_alto""]",3,d07bd76f776d
0.089351851851851849,"[""DEP_acl_rate_baixo"", ""DEP_ccomp_rate_baixo"", ""DEP_nsubj:pass_rate_alto""]",3,5856888e3771
0.086805555555555552,"[""DEP_acl:relcl_rate_baixo"", ""DEP_acl_rate_baixo"", ""DEP_nsubj:pass_rate_alto""]",3,2365b03af3c5
0.089351851851851849,"[""DEP_acl_rate_baixo"", ""DEP_cop_rate_baixo"", ""DEP_nsubj:pass_rate_alto""]",3,03a1ed7f2dc4
0.082638888888888887,"[""DEP_acl_rate_baixo"", ""DEP_advcl_rate_baixo"", ""DEP_nsubj:pass_rate_alto""]",3,4e3535d1978f
0.084490740740740741,"[""DEP_acl_rate_baixo"", ""DEP_nsubj:pass_rate_alto"", ""DEP_nummod_rate_baixo""]",3,317160c3da9e
0.081481481481481488,"[""DEP_ccomp_rate_baixo"", ""DEP_mark_rate_baixo"", ""DEP_nsubj:pass_rate_alto""]",3,390915b620d3
0.085185185185185183,"[""DEP_mark_rate_baixo"", ""DEP_nsubj:pass_rate_alto"", ""POS_SCONJ_rate_baixo""]",3,1604283ce266
0.081250000000000003,"[""DEP_ccomp_rate_baixo"", ""DEP_nsubj:pass_rate_alto"", ""POS_SCONJ_rate_baixo""]",3,00a91bc9436f
0.13726851851851851,"[""DEP_aux:pass_rate_alto"", ""DEP_cop_rate_baixo"", ""DEP_nsubj:pass_rate_alto""]",3,d345988153d7
0.12476851851851851,"[""DEP_aux:pass_rate_alto"", ""DEP_nsubj:pass_rate_alto"", ""DEP_nummod_rate_baixo""]",3,1955ff76dee2
0.093518518518518515,"[""DEP_cop_rate_baixo"", ""DEP_nsubj:pass_rate_alto"", ""DEP_nummod_rate_baixo""]",3,79409f9afb8c
0.092361111111111116,"[""DEP_acl:relcl_rate_baixo"", ""DEP_nsubj:pass_rate_alto"", ""DEP_nummod_rate_baixo""]",3,5f8874bd3bd0
0.087037037037037038,"[""DEP_ccomp_rate_baixo"", ""DEP_nsubj:pass_rate_alto"", ""DEP_nummod_rate_baixo""]",3,c05b3eeaf9ae
0.12175925925925926,"[""DEP_advcl_rate_baixo"", ""DEP_aux:pass_rate_alto"", ""DEP_nsubj:pass_rate_alto""]",3,c285bb4940d9
0.094444444444444442,"[""DEP_advcl_rate_baixo"", ""DEP_ccomp_rate_baixo"", ""DEP_nsubj:pass_rate_alto""]",3,4888999f9a3e
0.093981481481481485,"[""DEP_advcl_rate_baixo"", ""DEP_cop_rate_baixo"", ""DEP_nsubj:pass_rate_alto""]",3,bfc52d6d20fc
0.089120370370370364,"[""DEP_acl:relcl_rate_baixo"", ""DEP_advcl_rate_baixo"", ""DEP_nsubj:pass_rate_alto""]",3,6ec8167860c7
0.086574074074074067,"[""DEP_advcl_rate_baixo"", ""DEP_nsubj:pass_rate_alto"", ""DEP_nummod_rate_baixo""]",3,55bb06c9beaa
0.096990740740740738,"[""DEP_nsubj:pass_rate_alto"", ""DEP_nummod_rate_baixo"", ""POS_NUM_rate_baixo""]",3,c88ca50a8798
0.080787037037037032,"[""DEP_aux:pass_rate_alto"", ""DEP_nsubj:pass_rate_alto"", ""POS_NUM_rate_baixo""]",3,b807a58208ed
0.087268518518518523,"[""DEP_cc_rate_baixo"", ""DEP_nsubj:pass_rate_alto"", ""POS_CCONJ_rate_baixo""]",3,4dc6e0a43b02
0.16921296296296295,"[""DEP_acl:relcl_rate_baixo"", ""DEP_det_rate_baixo""]",2,4943f9f6181e
0.14629629629629629,"[""DEP_ccomp_rate_baixo"", ""DEP_det_rate_baixo""]",2,179cfaef6334
0.13541666666666666,"[""DEP_acl_rate_baixo"", ""DEP_det_rate_baixo""]",2,950897c30f7f
0.096527777777777782,"[""DEP_det_rate_baixo"", ""DEP_nummod_rate_alto""]",2,e650e97e9699
0.094675925925925927,"[""DEP_det_rate_baixo"", ""uppercaseRatio_baixo""]",2,eb4662b344bd
0.091435185185185189,"[""DEP_det_rate_baixo"", ""POS_SCONJ_rate_baixo""]",2,9114d1eca74e
0.091435185185185189,"[""DEP_det_rate_baixo"", ""DEP_mark_rate_baixo""]",2,eec0a40e2407
0.087268518518518523,"[""DEP_conj_rate_alto"", ""DEP_det_rate_baixo""]",2,ac0c0424f315
0.08611111111111111,"[""DEP_det_rate_baixo"", ""POS_NUM_rate_alto""]",2,a50aae9cf0ed
0.084722222222222227,"[""DEP_cc_rate_alto"", ""DEP_det_rate_baixo""]",2,29e1616d82bd
0.083333333333333329,"[""DEP_aux:pass_rate_alto"", ""DEP_det_rate_baixo""]",2,491313365776
0.082870370370370372,"[""DEP_det_rate_baixo"", ""POS_CCONJ_rate_alto""]",2,4820a956f661
0.080324074074074076,"[""DEP_det_rate_baixo"", ""POS_PROPN_rate_alto""]",2,4f5bc553d593
0.080324074074074076,"[""DEP_det_rate_baixo"", ""DEP_nsubj:pass_rate_alto""]",2,7d004412187c
0.23449074074074075,"[""DEP_det_rate_baixo"", ""POS_DET_rate_baixo""]",2,40dcc19160df
0.13263888888888889,"[""DEP_det_rate_baixo"", ""DEP_nummod_rate_baixo""]",2,5ce2399a2ea6
0.13217592592592592,"[""DEP_det_rate_baixo"", ""DEP_xcomp_rate_baixo""]",2,e6c85e60182f
0.11458333333333333,"[""DEP_case_rate_alto"", ""DEP_det_rate_baixo""]",2,55730f9d4d5f
0.10000000000000001,"[""DEP_advmod_rate_baixo"", ""DEP_det_rate_baixo""]",2,a76379f29ffb
0.093287037037037043,"[""DEP_det_rate_baixo"", ""POS_ADV_rate_baixo""]",2,ed56bbc6b451
0.084953703703703698,"[""DEP_det_rate_baixo"", ""POS_NUM_rate_baixo""]",2,ab38435d4ce9
0.085879629629629625,"[""DEP_appos_rate_baixo"", ""DEP_det_rate_baixo""]",2,599f2d8ba2f9
0.16620370370370371,"[""DEP_det_rate_baixo"", ""DEP_nsubj:pass_rate_baixo""]",2,e2196b2cdc5d
0.16064814814814815,"[""DEP_cop_rate_baixo"", ""DEP_det_rate_baixo""]",2,40c6f192d46d
0.092824074074074073,"[""DEP_det_rate_baixo"", ""POS_NOUN_rate_alto""]",2,5ce717990a1f
0.15277777777777779,"[""DEP_aux:pass_rate_baixo"", ""DEP_det_rate_baixo""]",2,81d8966fa6da
0.15254629629629629,"[""DEP_advcl_rate_baixo"", ""DEP_det_rate_baixo""]",2,89884389d50f
0.083564814814814814,"[""DEP_det_rate_baixo"", ""DEP_obl_rate_alto""]",2,ad1ed5b1a94d
0.11643518518518518,"[""DEP_det_rate_baixo"", ""POS_ADP_rate_alto""]",2,8585700cc85e
0.10578703703703704,"[""DEP_det_rate_baixo"", ""POS_PRON_rate_baixo""]",2,98e59537d380
0.10046296296296296,"[""DEP_det_rate_baixo"", ""DEP_nmod_rate_alto""]",2,b6021e41df77
0.15925925925925927,"[""DEP_acl:relcl_rate_baixo"", ""DEP_det_rate_baixo"", ""POS_DET_rate_baixo""]",3,f8e9d55eb0e1
0.098842592592592593,"[""DEP_acl:relcl_rate_baixo"", ""DEP_ccomp_rate_baixo"", ""DEP_det_rate_baixo""]",3,ab2596088bef
0.13773148148148148,"[""DEP_ccomp_rate_baixo"", ""DEP_det_rate_baixo"", ""POS_DET_rate_baixo""]",3,86c26adf3772
0.09768518518518518,"[""DEP_ccomp_rate_baixo"", ""DEP_cop_rate_baixo"", ""DEP_det_rate_baixo""]",3,2e97cba9a337
0.094212962962962957,"[""DEP_ccomp_rate_baixo"", ""DEP_det_rate_baixo"", ""DEP_nsubj:pass_rate_baixo""]",3,99c76c6e1283
0.092361111111111116,"[""DEP_advcl_rate_baixo"", ""DEP_ccomp_rate_baixo"", ""DEP_det_rate_baixo""]",3,95d2147a45e6
0.086805555555555552,"[""DEP_aux:pass_rate_baixo"", ""DEP_ccomp_rate_baixo"", ""DEP_det_rate_baixo""]",3,c5fd087e6765
0.090509259259259262,"[""DEP_acl:relcl_rate_baixo"", ""DEP_acl_rate_baixo"", ""DEP_det_rate_baixo""]",3,7572bf8f6c54
0.12731481481481483,"[""DEP_acl_rate_baixo"", ""DEP_det_rate_baixo"", ""POS_DET_rate_baixo""]",3,36a7cfa4d31b
0.083796296296296299,"[""DEP_acl_rate_baixo"", ""DEP_det_rate_baixo"", ""DEP_nsubj:pass_rate_baixo""]",3,6293e246dea1
0.083564814814814814,"[""DEP_acl_rate_baixo"", ""DEP_cop_rate_baixo"", ""DEP_det_rate_baixo""]",3,94185c749ddc
0.08981481481481482,"[""DEP_det_rate_baixo"", ""DEP_nummod_rate_alto"", ""POS_DET_rate_baixo""]",3,f2e98ce6bca5
0.08773148148148148,"[""DEP_det_rate_baixo"", ""POS_DET_rate_baixo"", ""uppercaseRatio_baixo""]",3,6b9a5acc3dfd
0.080787037037037032,"[""DEP_ccomp_rate_baixo"", ""DEP_det_rate_baixo"", ""POS_SCONJ_rate_baixo""]",3,beb6817a9551
0.085185185185185183,"[""DEP_det_rate_baixo"", ""POS_DET_rate_baixo"", ""POS_SCONJ_rate_baixo""]",3,c15a471a32fb
0.08819444444444445,"[""DEP_det_rate_baixo"", ""DEP_mark_rate_baixo"", ""POS_SCONJ_rate_baixo""]",3,9362ff9f0a66
0.081018518518518517,"[""DEP_ccomp_rate_baixo"", ""DEP_det_rate_baixo"", ""DEP_mark_rate_baixo""]",3,8e416f2cf60e
0.085185185185185183,"[""DEP_det_rate_baixo"", ""DEP_mark_rate_baixo"", ""POS_DET_rate_baixo""]",3,e2781ce942c2
0.082870370370370372,"[""DEP_conj_rate_alto"", ""DEP_det_rate_baixo"", ""POS_DET_rate_baixo""]",3,ad029cc101e3
0.081481481481481488,"[""DEP_det_rate_baixo"", ""POS_DET_rate_baixo"", ""POS_NUM_rate_alto""]",3,83aeb30ac202
0.125,"[""DEP_det_rate_baixo"", ""DEP_nummod_rate_baixo"", ""POS_DET_rate_baixo""]",3,ac54147749e8
0.092592592592592587,"[""DEP_acl:relcl_rate_baixo"", ""DEP_det_rate_baixo"", ""DEP_nummod_rate_baixo""]",3,ce1512a1d2ea
0.08819444444444445,"[""DEP_det_rate_baixo"", ""DEP_nsubj:pass_rate_baixo"", ""DEP_nummod_rate_baixo""]",3,f19f86194852
0.08611111111111111,"[""DEP_cop_rate_baixo"", ""DEP_det_rate_baixo"", ""DEP_nummod_rate_baixo""]",3,34af616c60be
0.082870370370370372,"[""DEP_aux:pass_rate_baixo"", ""DEP_det_rate_baixo"", ""DEP_nummod_rate_baixo""]",3,8a5fa1472401
0.12430555555555556,"[""DEP_det_rate_baixo"", ""DEP_xcomp_rate_baixo"", ""POS_DET_rate_baixo""]",3,255ce9eaeeb3
0.084259259259259256,"[""DEP_ccomp_rate_baixo"", ""DEP_det_rate_baixo"", ""DEP_xcomp_rate_baixo""]",3,79ccd0474466
0.087037037037037038,"[""DEP_det_rate_baixo"", ""DEP_nsubj:pass_rate_baixo"", ""DEP_xcomp_rate_baixo""]",3,2367d602662e
0.085416666666666669,"[""DEP_cop_rate_baixo"", ""DEP_det_rate_baixo"", ""DEP_xcomp_rate_baixo""]",3,64d80ec40b72
0.081018518518518517,"[""DEP_aux:pass_rate_baixo"", ""DEP_det_rate_baixo"", ""DEP_xcomp_rate_baixo""]",3,154032df1f12
0.093055555555555558,"[""DEP_acl:relcl_rate_baixo"", ""DEP_det_rate_baixo"", ""DEP_xcomp_rate_baixo""]",3,c652d4be0995
0.083796296296296299,"[""DEP_advcl_rate_baixo"", ""DEP_det_rate_baixo"", ""DEP_xcomp_rate_baixo""]",3,66dcb727ad5f
0.10902777777777778,"[""DEP_case_rate_alto"", ""DEP_det_rate_baixo"", ""POS_DET_rate_baixo""]",3,2074804ca4e6
0.081018518518518517,"[""DEP_case_rate_alto"", ""DEP_ccomp_rate_baixo"", ""DEP_det_rate_baixo""]",3,c6bc64ffb0d0
0.1050925925925926,"[""DEP_case_rate_alto"", ""DEP_det_rate_baixo"", ""POS_ADP_rate_alto""]",3,cd3036b6d636
0.083333333333333329,"[""DEP_acl:relcl_rate_baixo"", ""DEP_case_rate_alto"", ""DEP_det_rate_baixo""]",3,e930b0a06cf5
0.081018518518518517,"[""DEP_case_rate_alto"", ""DEP_cop_rate_baixo"", ""DEP_det_rate_baixo""]",3,c49dc983f97f
0.094444444444444442,"[""DEP_advmod_rate_baixo"", ""DEP_det_rate_baixo"", ""POS_DET_rate_baixo""]",3,e6881f48bcbc
0.090277777777777776,"[""DEP_advmod_rate_baixo"", ""DEP_det_rate_baixo"", ""POS_ADV_rate_baixo""]",3,278400143917
0.088657407407407407,"[""DEP_det_rate_baixo"", ""POS_ADV_rate_baixo"", ""POS_DET_rate_baixo""]",3,815e0de96089
0.084722222222222227,"[""DEP_det_rate_baixo"", ""DEP_nummod_rate_baixo"", ""POS_NUM_rate_baixo""]",3,c6c746f98b5b
0.08009259259259259,"[""DEP_det_rate_baixo"", ""POS_DET_rate_baixo"", ""POS_NUM_rate_baixo""]",3,7d4d6c2ec468
0.15462962962962962,"[""DEP_det_rate_baixo"", ""DEP_nsubj:pass_rate_baixo"", ""POS_DET_rate_baixo""]",3,43bafd7ce1b2
0.11342592592592593,"[""DEP_acl:relcl_rate_baixo"", ""DEP_det_rate_baixo"", ""DEP_nsubj:pass_rate_baixo""]",3,eb4650bd666d
0.15231481481481482,"[""DEP_cop_rate_baixo"", ""DEP_det_rate_baixo"", ""POS_DET_rate_baixo""]",3,9c3958a8ebae
0.10393518518518519,"[""DEP_cop_rate_baixo"", ""DEP_det_rate_baixo"", ""DEP_nsubj:pass_rate_baixo""]",3,c161cd971138
0.11481481481481481,"[""DEP_acl:relcl_rate_baixo"", ""DEP_cop_rate_baixo"", ""DEP_det_rate_baixo""]",3,b0c281c6c23b
0.088888888888888892,"[""DEP_det_rate_baixo"", ""POS_DET_rate_baixo"", ""POS_NOUN_rate_alto""]",3,29d1862faefe
0.15069444444444444,"[""DEP_aux:pass_rate_baixo"", ""DEP_det_rate_baixo"", ""DEP_nsubj:pass_rate_baixo""]",3,7e7cbe183d7f
0.14166666666666666,"[""DEP_aux:pass_rate_baixo"", ""DEP_det_rate_baixo"", ""POS_DET_rate_baixo""]",3,64bafef1161a
0.10393518518518519,"[""DEP_acl:relcl_rate_baixo"", ""DEP_aux:pass_rate_baixo"", ""DEP_det_rate_baixo""]",3,3c369fd2e967
0.095370370370370369,"[""DEP_aux:pass_rate_baixo"", ""DEP_cop_rate_baixo"", ""DEP_det_rate_baixo""]",3,9af051042ef0
0.14421296296296296,"[""DEP_advcl_rate_baixo"", ""DEP_det_rate_baixo"", ""POS_DET_rate_baixo""]",3,2fc3219084aa
0.10300925925925926,"[""DEP_advcl_rate_baixo"", ""DEP_det_rate_baixo"", ""DEP_nsubj:pass_rate_baixo""]",3,f21377b296c0
0.09930555555555555,"[""DEP_acl:relcl_rate_baixo"", ""DEP_advcl_rate_baixo"", ""DEP_det_rate_baixo""]",3,d3d1f0f87eff
0.096990740740740738,"[""DEP_advcl_rate_baixo"", ""DEP_aux:pass_rate_baixo"", ""DEP_det_rate_baixo""]",3,076aeba852f1
0.096527777777777782,"[""DEP_advcl_rate_baixo"", ""DEP_cop_rate_baixo"", ""DEP_det_rate_baixo""]",3,f114da92c47e
0.11087962962962963,"[""DEP_det_rate_baixo"", ""POS_ADP_rate_alto"", ""POS_DET_rate_baixo""]",3,ca3c1dd34bab
0.084953703703703698,"[""DEP_acl:relcl_rate_baixo"", ""DEP_det_rate_baixo"", ""POS_ADP_rate_alto""]",3,4984ae1ac349
0.081250000000000003,"[""DEP_cop_rate_baixo"", ""DEP_det_rate_baixo"", ""POS_ADP_rate_alto""]",3,6ee693684fca
0.080555555555555561,"[""DEP_ccomp_rate_baixo"", ""DEP_det_rate_baixo"", ""POS_ADP_rate_alto""]",3,4848efb9ddf6
0.10416666666666667,"[""DEP_acl:relcl_rate_baixo"", ""DEP_det_rate_baixo"", ""POS_PRON_rate_baixo""]",3,870ce5c3e653
0.10046296296296296,"[""DEP_det_rate_baixo"", ""POS_DET_rate_baixo"", ""POS_PRON_rate_baixo""]",3,b49ce9fa6dbd
0.095138888888888884,"[""DEP_det_rate_baixo"", ""DEP_nmod_rate_alto"", ""POS_DET_rate_baixo""]",3,2363b2e997d8
0.22337962962962962,"[""DEP_case_rate_alto"", ""POS_ADP_rate_alto""]",2,5bd0f3466fee
0.1736111111111111,"[""DEP_nsubj:pass_rate_baixo"", ""POS_ADP_rate_alto""]",2,fc7fcc3cc734
0.17291666666666666,"[""DEP_acl:relcl_rate_baixo"", ""POS_ADP_rate_alto""]",2,bc11320f07cb
0.16550925925925927,"[""DEP_aux:pass_rate_baixo"", ""POS_ADP_rate_alto""]",2,fbdc9436c8d4
0.16458333333333333,"[""DEP_nmod_rate_alto"", ""POS_ADP_rate_alto""]",2,909fe4abb780
0.15601851851851853,"[""DEP_xcomp_rate_baixo"", ""POS_ADP_rate_alto""]",2,643b4e0e5991
0.1363425925925926,"[""DEP_nummod_rate_baixo"", ""POS_ADP_rate_alto""]",2,df1858a5bd9a
0.11550925925925926,"[""DEP_advmod_rate_baixo"", ""POS_ADP_rate_alto""]",2,440f3bc768dd
0.1076388888888889,"[""POS_ADP_rate_alto"", ""POS_ADV_rate_baixo""]",2,c93966347876
0.10185185185185185,"[""POS_ADP_rate_alto"", ""uppercaseRatio_baixo""]",2,a9fc6d900a83
0.098379629629629636,"[""DEP_obj_rate_baixo"", ""POS_ADP_rate_alto""]",2,5150346506cc
0.08009259259259259,"[""DEP_appos_rate_baixo"", ""POS_ADP_rate_alto""]",2,a2be7b72f739
0.18541666666666667,"[""DEP_ccomp_rate_baixo"", ""POS_ADP_rate_alto""]",2,9865be178551
0.17708333333333334,"[""DEP_advcl_rate_baixo"", ""POS_ADP_rate_alto""]",2,bacd5411ac45
0.17152777777777778,"[""DEP_cop_rate_baixo"", ""POS_ADP_rate_alto""]",2,f96fa976b31d
0.13194444444444445,"[""POS_ADP_rate_alto"", ""POS_SCONJ_rate_baixo""]",2,8f3e4f1d3dee
0.13078703703703703,"[""DEP_mark_rate_baixo"", ""POS_ADP_rate_alto""]",2,8515233b6e01
0.11550925925925926,"[""POS_ADP_rate_alto"", ""POS_PRON_rate_baixo""]",2,a407f3786bfb
0.1136574074074074,"[""DEP_nsubj_rate_baixo"", ""POS_ADP_rate_alto""]",2,170782849677
0.13449074074074074,"[""DEP_acl_rate_baixo"", ""POS_ADP_rate_alto""]",2,9fb78f6e85eb
0.11435185185185186,"[""POS_ADP_rate_alto"", ""POS_VERB_rate_baixo""]",2,da9a9d72ba7a
0.10046296296296296,"[""DEP_cc_rate_baixo"", ""POS_ADP_rate_alto""]",2,7ca65bee9427
0.098148148148148151,"[""POS_ADP_rate_alto"", ""POS_CCONJ_rate_baixo""]",2,cc1bd8e7d05b
0.090740740740740747,"[""DEP_conj_rate_baixo"", ""POS_ADP_rate_alto""]",2,1bf38cc09a6b
0.088425925925925922,"[""DEP_nummod_rate_alto"", ""POS_ADP_rate_alto""]",2,138674ef0eb6
0.085185185185185183,"[""POS_ADJ_rate_baixo"", ""POS_ADP_rate_alto""]",2,cf41fe56c1b1
0.08981481481481482,"[""POS_ADP_rate_alto"", ""POS_AUX_rate_baixo""]",2,df6beee59bb7
0.15439814814814815,"[""DEP_case_rate_alto"", ""DEP_nsubj:pass_rate_baixo"", ""POS_ADP_rate_alto""]",3,f93feeae3e7a
0.12523148148148147,"[""DEP_ccomp_rate_baixo"", ""DEP_nsubj:pass_rate_baixo"", ""POS_ADP_rate_alto""]",3,25adae7b1426
0.12060185185185185,"[""DEP_advcl_rate_baixo"", ""DEP_nsubj:pass_rate_baixo"", ""POS_ADP_rate_alto""]",3,78ee3a59c22c
0.15300925925925926,"[""DEP_acl:relcl_rate_baixo"", ""DEP_case_rate_alto"", ""POS_ADP_rate_alto""]",3,bfd21eefea5a
0.11967592592592592,"[""DEP_acl:relcl_rate_baixo"", ""DEP_nsubj:pass_rate_baixo"", ""POS_ADP_rate_alto""]",3,340d9d5c17e8
0.12407407407407407,"[""DEP_acl:relcl_rate_baixo"", ""DEP_ccomp_rate_baixo"", ""POS_ADP_rate_alto""]",3,651870837e5e
0.11574074074074074,"[""DEP_acl:relcl_rate_baixo"", ""DEP_advcl_rate_baixo"", ""POS_ADP_rate_alto""]",3,fb402c8e72f2
0.16250000000000001,"[""DEP_aux:pass_rate_baixo"", ""DEP_nsubj:pass_rate_baixo"", ""POS_ADP_rate_alto""]",3,07a0d94e60f4
0.1474537037037037,"[""DEP_aux:pass_rate_baixo"", ""DEP_case_rate_alto"", ""POS_ADP_rate_alto""]",3,a0d0e012fc3f
0.11412037037037037,"[""DEP_acl:relcl_rate_baixo"", ""DEP_aux:pass_rate_baixo"", ""POS_ADP_rate_alto""]",3,c7d3c100af19
0.11805555555555555,"[""DEP_aux:pass_rate_baixo"", ""DEP_ccomp_rate_baixo"", ""POS_ADP_rate_alto""]",3,cf789f471635
0.11597222222222223,"[""DEP_advcl_rate_baixo"", ""DEP_aux:pass_rate_baixo"", ""POS_ADP_rate_alto""]",3,756390122a72
0.10856481481481481,"[""DEP_aux:pass_rate_baixo"", ""DEP_cop_rate_baixo"", ""POS_ADP_rate_alto""]",3,cad9004cf1f5
0.15439814814814815,"[""DEP_case_rate_alto"", ""DEP_nmod_rate_alto"", ""POS_ADP_rate_alto""]",3,72dd7066561c
0.11805555555555555,"[""DEP_acl:relcl_rate_baixo"", ""DEP_nmod_rate_alto"", ""POS_ADP_rate_alto""]",3,aa25db2fe823
0.11574074074074074,"[""DEP_nmod_rate_alto"", ""DEP_nsubj:pass_rate_baixo"", ""POS_ADP_rate_alto""]",3,4d85d4faaabd
0.11157407407407408,"[""DEP_aux:pass_rate_baixo"", ""DEP_nmod_rate_alto"", ""POS_ADP_rate_alto""]",3,712fd048955a
0.12152777777777778,"[""DEP_ccomp_rate_baixo"", ""DEP_nmod_rate_alto"", ""POS_ADP_rate_alto""]",3,b4596bc693b8
0.12083333333333333,"[""DEP_advcl_rate_baixo"", ""DEP_nmod_rate_alto"", ""POS_ADP_rate_alto""]",3,7f4bd5a4d19b
0.10902777777777778,"[""DEP_cop_rate_baixo"", ""DEP_nmod_rate_alto"", ""POS_ADP_rate_alto""]",3,31f6608f92c1
0.13819444444444445,"[""DEP_case_rate_alto"", ""DEP_xcomp_rate_baixo"", ""POS_ADP_rate_alto""]",3,9e51589dd0c0
0.10949074074074074,"[""DEP_acl:relcl_rate_baixo"", ""DEP_xcomp_rate_baixo"", ""POS_ADP_rate_alto""]",3,318887044361
0.10625,"[""DEP_nmod_rate_alto"", ""DEP_xcomp_rate_baixo"", ""POS_ADP_rate_alto""]",3,6149cca61248
0.10578703703703704,"[""DEP_nsubj:pass_rate_baixo"", ""DEP_xcomp_rate_baixo"", ""POS_ADP_rate_alto""]",3,063ee429fa8c
0.10162037037037037,"[""DEP_aux:pass_rate_baixo"", ""DEP_xcomp_rate_baixo"", ""POS_ADP_rate_alto""]",3,fe5afb4a7a7f
0.11643518518518518,"[""DEP_ccomp_rate_baixo"", ""DEP_xcomp_rate_baixo"", ""POS_ADP_rate_alto""]",3,fa0fa196b7fc
0.11041666666666666,"[""DEP_advcl_rate_baixo"", ""DEP_xcomp_rate_baixo"", ""POS_ADP_rate_alto""]",3,2ae3ac3b9f25
0.10439814814814814,"[""DEP_cop_rate_baixo"", ""DEP_xcomp_rate_baixo"", ""POS_ADP_rate_alto""]",3,e660c0df4d3c
0.12106481481481482,"[""DEP_case_rate_alto"", ""DEP_nummod_rate_baixo"", ""POS_ADP_rate_alto""]",3,38bf53483f6c
0.095601851851851855,"[""DEP_nsubj:pass_rate_baixo"", ""DEP_nummod_rate_baixo"", ""POS_ADP_rate_alto""]",3,a6983af06291
0.092129629629629631,"[""DEP_acl:relcl_rate_baixo"", ""DEP_nummod_rate_baixo"", ""POS_ADP_rate_alto""]",3,54472d121af4
0.091203703703703703,"[""DEP_aux:pass_rate_baixo"", ""DEP_nummod_rate_baixo"", ""POS_ADP_rate_alto""]",3,d914da272048
0.08819444444444445,"[""DEP_nmod_rate_alto"", ""DEP_nummod_rate_baixo"", ""POS_ADP_rate_alto""]",3,a9444d30a1fc
0.082638888888888887,"[""DEP_nummod_rate_baixo"", ""DEP_xcomp_rate_baixo"", ""POS_ADP_rate_alto""]",3,d4ede6f7dace
0.095138888888888884,"[""DEP_ccomp_rate_baixo"", ""DEP_nummod_rate_baixo"", ""POS_ADP_rate_alto""]",3,909ebfa639b0
0.092592592592592587,"[""DEP_advcl_rate_baixo"", ""DEP_nummod_rate_baixo"", ""POS_ADP_rate_alto""]",3,0b971c793f47
0.092361111111111116,"[""DEP_cop_rate_baixo"", ""DEP_nummod_rate_baixo"", ""POS_ADP_rate_alto""]",3,4fd0383b666b
0.10810185185185185,"[""DEP_advmod_rate_baixo"", ""DEP_case_rate_alto"", ""POS_ADP_rate_alto""]",3,a0407aa0e652
0.086574074074074067,"[""DEP_advmod_rate_baixo"", ""DEP_nmod_rate_alto"", ""POS_ADP_rate_alto""]",3,4aa083e32f7f
0.084259259259259256,"[""DEP_advmod_rate_baixo"", ""DEP_ccomp_rate_baixo"", ""POS_ADP_rate_alto""]",3,9c2f424adb35
0.082870370370370372,"[""DEP_advcl_rate_baixo"", ""DEP_advmod_rate_baixo"", ""POS_ADP_rate_alto""]",3,79c44e822569
0.081018518518518517,"[""DEP_advmod_rate_baixo"", ""DEP_cop_rate_baixo"", ""POS_ADP_rate_alto""]",3,b2b99da85188
0.10347222222222222,"[""DEP_advmod_rate_baixo"", ""POS_ADP_rate_alto"", ""POS_ADV_rate_baixo""]",3,cbed3bd1c220
0.10069444444444445,"[""DEP_case_rate_alto"", ""POS_ADP_rate_alto"", ""POS_ADV_rate_baixo""]",3,7bdd0dcfa94a
0.090277777777777776,"[""DEP_case_rate_alto"", ""POS_ADP_rate_alto"", ""uppercaseRatio_baixo""]",3,b6f4ce586fc3
0.089351851851851849,"[""DEP_case_rate_alto"", ""DEP_obj_rate_baixo"", ""POS_ADP_rate_alto""]",3,eec34586c9bd
0.16250000000000001,"[""DEP_case_rate_alto"", ""DEP_ccomp_rate_baixo"", ""POS_ADP_rate_alto""]",3,87c85c8ca2d9
0.15763888888888888,"[""DEP_advcl_rate_baixo"", ""DEP_case_rate_alto"", ""POS_ADP_rate_alto""]",3,6c325e79c0a0
0.12847222222222221,"[""DEP_advcl_rate_baixo"", ""DEP_ccomp_rate_baixo"", ""POS_ADP_rate_alto""]",3,e2653c601e80
0.15393518518518517,"[""DEP_case_rate_alto"", ""DEP_cop_rate_baixo"", ""POS_ADP_rate_alto""]",3,8a2455e61c46
0.12824074074074074,"[""DEP_ccomp_rate_baixo"", ""DEP_cop_rate_baixo"", ""POS_ADP_rate_alto""]",3,937f75ff11d5
0.11944444444444445,"[""DEP_acl:relcl_rate_baixo"", ""DEP_cop_rate_baixo"", ""POS_ADP_rate_alto""]",3,fdf478a78a9a
0.11874999999999999,"[""DEP_advcl_rate_baixo"", ""DEP_cop_rate_baixo"", ""POS_ADP_rate_alto""]",3,0f0a058b2ffc
0.1150462962962963,"[""DEP_cop_rate_baixo"", ""DEP_nsubj:pass_rate_baixo"", ""POS_ADP_rate_alto""]",3,e2cca888e24f
0.11782407407407407,"[""DEP_case_rate_alto"", ""POS_ADP_rate_alto"", ""POS_SCONJ_rate_baixo""]",3,e33ee2ad13bc
0.11689814814814815,"[""DEP_ccomp_rate_baixo"", ""POS_ADP_rate_alto"", ""POS_SCONJ_rate_baixo""]",3,b924f61440c5
0.11087962962962963,"[""DEP_advcl_rate_baixo"", ""POS_ADP_rate_alto"", ""POS_SCONJ_rate_baixo""]",3,3df8cbaa9b61
0.091203703703703703,"[""DEP_xcomp_rate_baixo"", ""POS_ADP_rate_alto"", ""POS_SCONJ_rate_baixo""]",3,08caf035d8fd
0.08981481481481482,"[""DEP_cop_rate_baixo"", ""POS_ADP_rate_alto"", ""POS_SCONJ_rate_baixo""]",3,eb854f576146
0.089351851851851849,"[""DEP_nsubj:pass_rate_baixo"", ""POS_ADP_rate_alto"", ""POS_SCONJ_rate_baixo""]",3,8243f10be8ee
0.08773148148148148,"[""DEP_acl:relcl_rate_baixo"", ""POS_ADP_rate_alto"", ""POS_SCONJ_rate_baixo""]",3,31dad3242311
0.085185185185185183,"[""DEP_aux:pass_rate_baixo"", ""POS_ADP_rate_alto"", ""POS_SCONJ_rate_baixo""]",3,77222766aefa
0.086574074074074067,"[""DEP_nmod_rate_alto"", ""POS_ADP_rate_alto"", ""POS_SCONJ_rate_baixo""]",3,d3eefc7948c5
0.12453703703703704,"[""DEP_mark_rate_baixo"", ""POS_ADP_rate_alto"", ""POS_SCONJ_rate_baixo""]",3,f7d87e0e5084
0.11944444444444445,"[""DEP_case_rate_alto"", ""DEP_mark_rate_baixo"", ""POS_ADP_rate_alto""]",3,74cc851d0aa5
0.11574074074074074,"[""DEP_ccomp_rate_baixo"", ""DEP_mark_rate_baixo"", ""POS_ADP_rate_alto""]",3,78d693926a7a
0.11134259259259259,"[""DEP_advcl_rate_baixo"", ""DEP_mark_rate_baixo"", ""POS_ADP_rate_alto""]",3,f7ea69298369
0.092129629629629631,"[""DEP_mark_rate_baixo"", ""DEP_xcomp_rate_baixo"", ""POS_ADP_rate_alto""]",3,6274dd99d16a
0.08819444444444445,"[""DEP_cop_rate_baixo"", ""DEP_mark_rate_baixo"", ""POS_ADP_rate_alto""]",3,a7c2558424b0
0.087962962962962965,"[""DEP_mark_rate_baixo"", ""DEP_nsubj:pass_rate_baixo"", ""POS_ADP_rate_alto""]",3,7bc7c0f0d709
0.086805555555555552,"[""DEP_acl:relcl_rate_baixo"", ""DEP_mark_rate_baixo"", ""POS_ADP_rate_alto""]",3,c6d8779a8ef2
0.084490740740740741,"[""DEP_aux:pass_rate_baixo"", ""DEP_mark_rate_baixo"", ""POS_ADP_rate_alto""]",3,fc97d0568c62
0.087268518518518523,"[""DEP_mark_rate_baixo"", ""DEP_nmod_rate_alto"", ""POS_ADP_rate_alto""]",3,05ad09f9e2d3
0.11319444444444444,"[""DEP_acl:relcl_rate_baixo"", ""POS_ADP_rate_alto"", ""POS_PRON_rate_baixo""]",3,2dfe83fa60d6
0.10416666666666667,"[""DEP_case_rate_alto"", ""POS_ADP_rate_alto"", ""POS_PRON_rate_baixo""]",3,3bb7f4c2421c
0.085648148148148154,"[""DEP_ccomp_rate_baixo"", ""POS_ADP_rate_alto"", ""POS_PRON_rate_baixo""]",3,163e7b3249a0
0.081712962962962959,"[""DEP_cop_rate_baixo"", ""POS_ADP_rate_alto"", ""POS_PRON_rate_baixo""]",3,1f9f44e1c22e
0.081250000000000003,"[""DEP_advcl_rate_baixo"", ""POS_ADP_rate_alto"", ""POS_PRON_rate_baixo""]",3,c91ec705edaf
0.082638888888888887,"[""DEP_nmod_rate_alto"", ""POS_ADP_rate_alto"", ""POS_PRON_rate_baixo""]",3,8fc9f0cc7032
0.10092592592592593,"[""DEP_case_rate_alto"", ""DEP_nsubj_rate_baixo"", ""POS_ADP_rate_alto""]",3,2fb680c2ea28
0.094212962962962957,"[""DEP_ccomp_rate_baixo"", ""DEP_nsubj_rate_baixo"", ""POS_ADP_rate_alto""]",3,d7514066ddfd
0.085416666666666669,"[""DEP_acl:relcl_rate_baixo"", ""DEP_nsubj_rate_baixo"", ""POS_ADP_rate_alto""]",3,2547ab7c2f73
0.082870370370370372,"[""DEP_cop_rate_baixo"", ""DEP_nsubj_rate_baixo"", ""POS_ADP_rate_alto""]",3,5841dd2e95c1
0.11805555555555555,"[""DEP_acl_rate_baixo"", ""DEP_case_rate_alto"", ""POS_ADP_rate_alto""]",3,a323255d3bf0
0.095601851851851855,"[""DEP_acl_rate_baixo"", ""DEP_ccomp_rate_baixo"", ""POS_ADP_rate_alto""]",3,e4b2e34ebd20
0.091898148148148145,"[""DEP_acl_rate_baixo"", ""DEP_nmod_rate_alto"", ""POS_ADP_rate_alto""]",3,51077631c3f3
0.090277777777777776,"[""DEP_acl:relcl_rate_baixo"", ""DEP_acl_rate_baixo"", ""POS_ADP_rate_alto""]",3,8cc247b65c7a
0.08773148148148148,"[""DEP_acl_rate_baixo"", ""DEP_nsubj:pass_rate_baixo"", ""POS_ADP_rate_alto""]",3,1ac0f2514bcb
0.081250000000000003,"[""DEP_acl_rate_baixo"", ""DEP_aux:pass_rate_baixo"", ""POS_ADP_rate_alto""]",3,280cc2acb971
0.093055555555555558,"[""DEP_acl_rate_baixo"", ""DEP_advcl_rate_baixo"", ""POS_ADP_rate_alto""]",3,554b862772ed
0.088425925925925922,"[""DEP_acl_rate_baixo"", ""DEP_cop_rate_baixo"", ""POS_ADP_rate_alto""]",3,47fee2fe7fd5
0.081944444444444445,"[""DEP_acl_rate_baixo"", ""DEP_xcomp_rate_baixo"", ""POS_ADP_rate_alto""]",3,ae2cbb84f4ae
0.10347222222222222,"[""DEP_case_rate_alto"", ""POS_ADP_rate_alto"", ""POS_VERB_rate_baixo""]",3,406534c31799
0.09375,"[""DEP_ccomp_rate_baixo"", ""POS_ADP_rate_alto"", ""POS_VERB_rate_baixo""]",3,10f9a490dc46
0.084259259259259256,"[""DEP_nmod_rate_alto"", ""POS_ADP_rate_alto"", ""POS_VERB_rate_baixo""]",3,b350ecc55441
0.091898148148148145,"[""DEP_advcl_rate_baixo"", ""POS_ADP_rate_alto"", ""POS_VERB_rate_baixo""]",3,2c2cef9432c1
0.090509259259259262,"[""DEP_xcomp_rate_baixo"", ""POS_ADP_rate_alto"", ""POS_VERB_rate_baixo""]",3,47ed974fbfef
0.088657407407407407,"[""DEP_case_rate_alto"", ""DEP_cc_rate_baixo"", ""POS_ADP_rate_alto""]",3,ff7e9887737d
0.096759259259259253,"[""DEP_cc_rate_baixo"", ""POS_ADP_rate_alto"", ""POS_CCONJ_rate_baixo""]",3,da91ca617a7c
0.085879629629629625,"[""DEP_case_rate_alto"", ""POS_ADP_rate_alto"", ""POS_CCONJ_rate_baixo""]",3,d2b8cf648095
0.087268518518518523,"[""DEP_cc_rate_baixo"", ""DEP_conj_rate_baixo"", ""POS_ADP_rate_alto""]",3,97ce867111e8
0.084953703703703698,"[""DEP_conj_rate_baixo"", ""POS_ADP_rate_alto"", ""POS_CCONJ_rate_baixo""]",3,1a360fbd5dd9
0.08009259259259259,"[""DEP_case_rate_alto"", ""DEP_conj_rate_baixo"", ""POS_ADP_rate_alto""]",3,def8c38a78e6
0.08981481481481482,"[""DEP_aux:pass_rate_baixo"", ""POS_ADP_rate_alto"", ""POS_AUX_rate_baixo""]",3,1cc31151f14e
0.089120370370370364,"[""DEP_nsubj:pass_rate_baixo"", ""POS_ADP_rate_alto"", ""POS_AUX_rate_baixo""]",3,11b339a7537d
0.088888888888888892,"[""DEP_cop_rate_baixo"", ""POS_ADP_rate_alto"", ""POS_AUX_rate_baixo""]",3,5edf7c77fa4a
0.082870370370370372,"[""DEP_case_rate_alto"", ""POS_ADP_rate_alto"", ""POS_AUX_rate_baixo""]",3,0d4fcad3177f
0.14814814814814814,"[""DEP_ccomp_rate_baixo"", ""POS_DET_rate_baixo""]",2,f8a211b5d867
0.13171296296296298,"[""DEP_nummod_rate_baixo"", ""POS_DET_rate_baixo""]",2,23dc284b324e
0.13101851851851851,"[""DEP_xcomp_rate_baixo"", ""POS_DET_rate_baixo""]",2,eb5becd85ccf
0.11481481481481481,"[""DEP_case_rate_alto"", ""POS_DET_rate_baixo""]",2,3159a5ed40f4
0.09930555555555555,"[""DEP_advmod_rate_baixo"", ""POS_DET_rate_baixo""]",2,5e7e8ac5c796
0.093287037037037043,"[""POS_ADV_rate_baixo"", ""POS_DET_rate_baixo""]",2,07dba9bc85fd
0.090972222222222218,"[""DEP_mark_rate_baixo"", ""POS_DET_rate_baixo""]",2,626d4f8ebb0e
0.090509259259259262,"[""POS_DET_rate_baixo"", ""POS_SCONJ_rate_baixo""]",2,a67c9d03f301
0.083796296296296299,"[""POS_DET_rate_baixo"", ""POS_NUM_rate_baixo""]",2,0418fef8bce3
0.083101851851851857,"[""DEP_aux:pass_rate_alto"", ""POS_DET_rate_baixo""]",2,53355a85d4ad
0.080324074074074076,"[""DEP_nsubj:pass_rate_alto"", ""POS_DET_rate_baixo""]",2,a0aec917d6bd
0.095370370370370369,"[""DEP_nummod_rate_alto"", ""POS_DET_rate_baixo""]",2,62fb1c142b1d
0.087037037037037038,"[""POS_DET_rate_baixo"", ""POS_NUM_rate_alto""]",2,b043fdb749e7
0.086574074074074067,"[""DEP_appos_rate_baixo"", ""POS_DET_rate_baixo""]",2,c38968359142
0.1675925925925926,"[""DEP_acl:relcl_rate_baixo"", ""POS_DET_rate_baixo""]",2,95fd0d549415
0.1648148148148148,"[""DEP_nsubj:pass_rate_baixo"", ""POS_DET_rate_baixo""]",2,374332670196
0.15972222222222221,"[""DEP_cop_rate_baixo"", ""POS_DET_rate_baixo""]",2,81116a7884ab
0.15416666666666667,"[""DEP_advcl_rate_baixo"", ""POS_DET_rate_baixo""]",2,b9b8c217a180
0.15138888888888888,"[""DEP_aux:pass_rate_baixo"", ""POS_DET_rate_baixo""]",2,1c2a4d6ffd87
0.1363425925925926,"[""DEP_acl_rate_baixo"", ""POS_DET_rate_baixo""]",2,270a0eb26c82
0.1050925925925926,"[""POS_DET_rate_baixo"", ""POS_PRON_rate_baixo""]",2,f36a1cdfc2db
0.095601851851851855,"[""POS_DET_rate_baixo"", ""uppercaseRatio_baixo""]",2,6c998b18081f
0.093518518518518515,"[""POS_DET_rate_baixo"", ""POS_NOUN_rate_alto""]",2,a4d79c264f76
0.086574074074074067,"[""DEP_conj_rate_alto"", ""POS_DET_rate_baixo""]",2,9ed76c7f76ed
0.084027777777777785,"[""DEP_cc_rate_alto"", ""POS_DET_rate_baixo""]",2,b67311b66e2a
0.081944444444444445,"[""POS_CCONJ_rate_alto"", ""POS_DET_rate_baixo""]",2,c2d6a2bf5015
0.11712962962962963,"[""POS_ADP_rate_alto"", ""POS_DET_rate_baixo""]",2,e37e9049a408
0.084259259259259256,"[""DEP_obl_rate_alto"", ""POS_DET_rate_baixo""]",2,4afd9d6dd28c
0.10046296296296296,"[""DEP_nmod_rate_alto"", ""POS_DET_rate_baixo""]",2,edacb497e569
0.09930555555555555,"[""DEP_acl:relcl_rate_baixo"", ""DEP_ccomp_rate_baixo"", ""POS_DET_rate_baixo""]",3,2fe142609c7d
0.098611111111111108,"[""DEP_ccomp_rate_baixo"", ""DEP_cop_rate_baixo"", ""POS_DET_rate_baixo""]",3,f66bf4201f2a
0.093981481481481485,"[""DEP_advcl_rate_baixo"", ""DEP_ccomp_rate_baixo"", ""POS_DET_rate_baixo""]",3,925f7e605210
0.093287037037037043,"[""DEP_ccomp_rate_baixo"", ""DEP_nsubj:pass_rate_baixo"", ""POS_DET_rate_baixo""]",3,7388472ea124
0.085879629629629625,"[""DEP_aux:pass_rate_baixo"", ""DEP_ccomp_rate_baixo"", ""POS_DET_rate_baixo""]",3,41c16422039c
0.091435185185185189,"[""DEP_acl:relcl_rate_baixo"", ""DEP_nummod_rate_baixo"", ""POS_DET_rate_baixo""]",3,1aacd21f0b11
0.086805555555555552,"[""DEP_nsubj:pass_rate_baixo"", ""DEP_nummod_rate_baixo"", ""POS_DET_rate_baixo""]",3,7c27eef3d61a
0.084259259259259256,"[""DEP_cop_rate_baixo"", ""DEP_nummod_rate_baixo"", ""POS_DET_rate_baixo""]",3,ecbd12668216
0.081250000000000003,"[""DEP_aux:pass_rate_baixo"", ""DEP_nummod_rate_baixo"", ""POS_DET_rate_baixo""]",3,b8a9872d40d9
0.082870370370370372,"[""DEP_ccomp_rate_baixo"", ""DEP_xcomp_rate_baixo"", ""POS_DET_rate_baixo""]",3,31242ce9744d
0.084259259259259256,"[""DEP_nsubj:pass_rate_baixo"", ""DEP_xcomp_rate_baixo"", ""POS_DET_rate_baixo""]",3,f998b5f90605
0.083796296296296299,"[""DEP_cop_rate_baixo"", ""DEP_xcomp_rate_baixo"", ""POS_DET_rate_baixo""]",3,7457a54a01bb
0.092824074074074073,"[""DEP_acl:relcl_rate_baixo"", ""DEP_xcomp_rate_baixo"", ""POS_DET_rate_baixo""]",3,594cdf048600
0.083564814814814814,"[""DEP_advcl_rate_baixo"", ""DEP_xcomp_rate_baixo"", ""POS_DET_rate_baixo""]",3,a3678315ced8
0.081481481481481488,"[""DEP_case_rate_alto"", ""DEP_ccomp_rate_baixo"", ""POS_DET_rate_baixo""]",3,02e37a008476
0.10532407407407407,"[""DEP_case_rate_alto"", ""POS_ADP_rate_alto"", ""POS_DET_rate_baixo""]",3,cd1e2aeab736
0.084027777777777785,"[""DEP_acl:relcl_rate_baixo"", ""DEP_case_rate_alto"", ""POS_DET_rate_baixo""]",3,b8aa979cdf41
0.081018518518518517,"[""DEP_case_rate_alto"", ""DEP_cop_rate_baixo"", ""POS_DET_rate_baixo""]",3,ccc761ee1f7a
0.080324074074074076,"[""DEP_advcl_rate_baixo"", ""DEP_case_rate_alto"", ""POS_DET_rate_baixo""]",3,8487f971ad50
0.090277777777777776,"[""DEP_advmod_rate_baixo"", ""POS_ADV_rate_baixo"", ""POS_DET_rate_baixo""]",3,8191621f7657
0.080555555555555561,"[""DEP_ccomp_rate_baixo"", ""DEP_mark_rate_baixo"", ""POS_DET_rate_baixo""]",3,dbc3c1b397f4
0.087037037037037038,"[""DEP_mark_rate_baixo"", ""POS_DET_rate_baixo"", ""POS_SCONJ_rate_baixo""]",3,a09a408fe4df
0.083796296296296299,"[""DEP_nummod_rate_baixo"", ""POS_DET_rate_baixo"", ""POS_NUM_rate_baixo""]",3,7c7c621c1d28
0.11134259259259259,"[""DEP_acl:relcl_rate_baixo"", ""DEP_nsubj:pass_rate_baixo"", ""POS_DET_rate_baixo""]",3,4c89cb270964
0.1125,"[""DEP_acl:relcl_rate_baixo"", ""DEP_cop_rate_baixo"", ""POS_DET_rate_baixo""]",3,aca55cd914db
0.10162037037037037,"[""DEP_cop_rate_baixo"", ""DEP_nsubj:pass_rate_baixo"", ""POS_DET_rate_baixo""]",3,8b170a7fdbbd
0.10208333333333333,"[""DEP_advcl_rate_baixo"", ""DEP_nsubj:pass_rate_baixo"", ""POS_DET_rate_baixo""]",3,575e6ee75a53
0.099074074074074078,"[""DEP_acl:relcl_rate_baixo"", ""DEP_advcl_rate_baixo"", ""POS_DET_rate_baixo""]",3,32521b97f989
0.098379629629629636,"[""DEP_advcl_rate_baixo"", ""DEP_cop_rate_baixo"", ""POS_DET_rate_baixo""]",3,abd4d6a97899
0.14930555555555555,"[""DEP_aux:pass_rate_baixo"", ""DEP_nsubj:pass_rate_baixo"", ""POS_DET_rate_baixo""]",3,06f861e8fbf6
0.10162037037037037,"[""DEP_acl:relcl_rate_baixo"", ""DEP_aux:pass_rate_baixo"", ""POS_DET_rate_baixo""]",3,45ba10371604
0.096296296296296297,"[""DEP_advcl_rate_baixo"", ""DEP_aux:pass_rate_baixo"", ""POS_DET_rate_baixo""]",3,51b99f9781e8
0.093287037037037043,"[""DEP_aux:pass_rate_baixo"", ""DEP_cop_rate_baixo"", ""POS_DET_rate_baixo""]",3,2421f1a4b674
0.090972222222222218,"[""DEP_acl:relcl_rate_baixo"", ""DEP_acl_rate_baixo"", ""POS_DET_rate_baixo""]",3,fc1ca4442321
0.084953703703703698,"[""DEP_acl_rate_baixo"", ""DEP_nsubj:pass_rate_baixo"", ""POS_DET_rate_baixo""]",3,2826a7abf9ee
0.083333333333333329,"[""DEP_acl_rate_baixo"", ""DEP_cop_rate_baixo"", ""POS_DET_rate_baixo""]",3,a003ba1eaff5
0.081250000000000003,"[""DEP_acl_rate_baixo"", ""DEP_advcl_rate_baixo"", ""POS_DET_rate_baixo""]",3,d12c962d4db1
0.10347222222222222,"[""DEP_acl:relcl_rate_baixo"", ""POS_DET_rate_baixo"", ""POS_PRON_rate_baixo""]",3,3c68a1a2bebb
0.085648148148148154,"[""DEP_acl:relcl_rate_baixo"", ""POS_ADP_rate_alto"", ""POS_DET_rate_baixo""]",3,59268f01dbb6
0.081944444444444445,"[""DEP_cop_rate_baixo"", ""POS_ADP_rate_alto"", ""POS_DET_rate_baixo""]",3,787c391b554a
0.080787037037037032,"[""DEP_advcl_rate_baixo"", ""POS_ADP_rate_alto"", ""POS_DET_rate_baixo""]",3,2375888fb18d
0.081712962962962959,"[""DEP_ccomp_rate_baixo"", ""POS_ADP_rate_alto"", ""POS_DET_rate_baixo""]",3,6c1fbc4d4856
