pattern_id,features,pattern_text,directed_rule_ids,representative_rule_id,validation_occurrences,validation_support,validation_filters_pass,rediscovery_fraction,mechanism_families,redundancy_family,has_structural_overlap,contains_added_item,eligible_for_review,review_score,display_status,selection_status,redundant_with_pattern_id
b28c609b8c35,"[""DEP_aux:pass_rate_baixo"", ""DEP_nsubj:pass_rate_baixo""]",DEP_aux:pass_rate_baixo + DEP_nsubj:pass_rate_baixo,"[""0b23c28b6147"", ""319190b9c7ef""]",0b23c28b6147,965,0.67013888888888884,True,1,"[""DEP_nsubj:pass"", ""auxiliares""]",DEP_nsubj:pass|auxiliares,False,True,True,0.81862011268285417,research_only,review_candidate,
8b831c24d51e,"[""DEP_advcl_rate_baixo"", ""DEP_aux:pass_rate_baixo"", ""DEP_nsubj:pass_rate_baixo""]",DEP_advcl_rate_baixo + DEP_aux:pass_rate_baixo + DEP_nsubj:pass_rate_baixo,"[""25bdd1464c0a"", ""55b958f131ff"", ""b1de9d94ad1e"", ""e8e833e4fd83""]",b1de9d94ad1e,589,0.40902777777777777,True,1,"[""DEP_advcl"", ""DEP_nsubj:pass"", ""auxiliares""]",DEP_advcl|DEP_nsubj:pass|auxiliares,False,True,True,0.63955279514499641,research_only,review_candidate,
cd0bd0fc4695,"[""DEP_aux:pass_rate_baixo"", ""DEP_nsubj:pass_rate_baixo"", ""DEP_nummod_rate_baixo""]",DEP_aux:pass_rate_baixo + DEP_nsubj:pass_rate_baixo + DEP_nummod_rate_baixo,"[""501842c649f3"", ""8c83c5cc8ccb"", ""dbb13f14008d"", ""f6da8435db97""]",501842c649f3,584,0.40555555555555556,True,1,"[""DEP_nsubj:pass"", ""auxiliares"", ""numerais""]",DEP_nsubj:pass|auxiliares|numerais,False,True,True,0.63683243915142662,research_only,review_candidate,
2ed208e761a1,"[""DEP_aux:pass_rate_baixo"", ""DEP_ccomp_rate_baixo"", ""DEP_nsubj:pass_rate_baixo""]",DEP_aux:pass_rate_baixo + DEP_ccomp_rate_baixo + DEP_nsubj:pass_rate_baixo,"[""760ae34e1c20"", ""aefc0158ad5b"", ""cedbdc086f0b"", ""e469d95ba99f""]",760ae34e1c20,570,0.39583333333333331,True,1,"[""DEP_ccomp"", ""DEP_nsubj:pass"", ""auxiliares""]",DEP_ccomp|DEP_nsubj:pass|auxiliares,False,True,True,0.62915286960589578,research_only,review_candidate,
80c4ee8ce3df,"[""DEP_nummod_rate_baixo"", ""POS_NUM_rate_baixo""]",DEP_nummod_rate_baixo + POS_NUM_rate_baixo,"[""97de06c9bb0f"", ""c591841cdda3""]",c591841cdda3,560,0.3888888888888889,True,1,"[""numerais""]",numerais,True,True,True,0.62360956446232352,research_only,review_candidate,
ec989c2a7fb5,"[""DEP_acl:relcl_rate_baixo"", ""DEP_aux:pass_rate_baixo"", ""DEP_nsubj:pass_rate_baixo""]",DEP_acl:relcl_rate_baixo + DEP_aux:pass_rate_baixo + DEP_nsubj:pass_rate_baixo,"[""0f0e91e37830"", ""1a9bbae2b5ae"", ""a9711fffbe55"", ""f756bc8a6b08""]",f756bc8a6b08,557,0.38680555555555557,True,1,"[""DEP_acl:relcl"", ""DEP_nsubj:pass"", ""auxiliares""]",DEP_acl:relcl|DEP_nsubj:pass|auxiliares,False,True,True,0.62193693856817633,research_only,review_candidate,
0864db566c02,"[""DEP_aux:pass_rate_baixo"", ""DEP_cop_rate_baixo"", ""DEP_nsubj:pass_rate_baixo""]",DEP_aux:pass_rate_baixo + DEP_cop_rate_baixo + DEP_nsubj:pass_rate_baixo,"[""2bea970ed1e2"", ""996345f4492c"", ""b4eb765954c8""]",996345f4492c,525,0.36458333333333331,True,1,"[""DEP_cop"", ""DEP_nsubj:pass"", ""auxiliares""]",DEP_cop|DEP_nsubj:pass|auxiliares,False,True,True,0.60380736442455996,research_only,review_candidate,
f089e707f300,"[""DEP_acl_rate_baixo"", ""DEP_aux:pass_rate_baixo"", ""DEP_nsubj:pass_rate_baixo""]",DEP_acl_rate_baixo + DEP_aux:pass_rate_baixo + DEP_nsubj:pass_rate_baixo,"[""2114e3af5e77"", ""ccdc29b430ac"", ""f53123211e4d""]",f53123211e4d,486,0.33750000000000002,True,1,"[""DEP_acl"", ""DEP_nsubj:pass"", ""auxiliares""]",DEP_acl|DEP_nsubj:pass|auxiliares,False,True,True,0.58094750193111255,research_only,review_candidate,
4767c6b43971,"[""DEP_aux:pass_rate_baixo"", ""DEP_nsubj:pass_rate_baixo"", ""DEP_xcomp_rate_baixo""]",DEP_aux:pass_rate_baixo + DEP_nsubj:pass_rate_baixo + DEP_xcomp_rate_baixo,"[""53b1877c54a6"", ""f112a029e8d9""]",f112a029e8d9,461,0.32013888888888886,True,1,"[""DEP_nsubj:pass"", ""DEP_xcomp"", ""auxiliares""]",DEP_nsubj:pass|DEP_xcomp|auxiliares,False,True,True,0.56580817322559851,research_only,review_candidate,
8715ac5b8fc2,"[""DEP_acl:relcl_rate_baixo"", ""POS_PRON_rate_baixo""]",DEP_acl:relcl_rate_baixo + POS_PRON_rate_baixo,"[""78d871de740b"", ""a27108c5ba1b""]",a27108c5ba1b,441,0.30625000000000002,True,1,"[""DEP_acl:relcl"", ""POS_PRON""]",DEP_acl:relcl|POS_PRON,False,True,True,0.55339859052946638,research_only,review_candidate,
a7039bf4342a,"[""DEP_nsubj:pass_rate_baixo"", ""DEP_nummod_rate_baixo"", ""POS_NUM_rate_baixo""]",DEP_nsubj:pass_rate_baixo + DEP_nummod_rate_baixo + POS_NUM_rate_baixo,"[""928559efd068"", ""9cc84bf9361e"", ""ec6095e58034""]",ec6095e58034,432,0.29999999999999999,True,1,"[""DEP_nsubj:pass"", ""numerais""]",DEP_nsubj:pass|numerais,True,True,True,0.54772255750516607,research_only,review_candidate,
d784d37b05d9,"[""DEP_aux:pass_rate_baixo"", ""DEP_nsubj:pass_rate_baixo"", ""uppercaseRatio_baixo""]",DEP_aux:pass_rate_baixo + DEP_nsubj:pass_rate_baixo + uppercaseRatio_baixo,"[""92f058eea93e"", ""c2c991504368""]",92f058eea93e,424,0.29444444444444445,True,1,"[""DEP_nsubj:pass"", ""auxiliares"", ""uppercaseRatio""]",DEP_nsubj:pass|auxiliares|uppercaseRatio,False,True,True,0.54262735320332356,research_only,review_candidate,
afaef19656e5,"[""DEP_advmod_rate_baixo"", ""POS_ADV_rate_baixo""]",DEP_advmod_rate_baixo + POS_ADV_rate_baixo,"[""909d0314f156"", ""e16ef8f4fcce""]",909d0314f156,416,0.28888888888888886,True,1,"[""modificacao_adverbial""]",modificacao_adverbial,True,False,True,0.53748384988656994,research_only,review_candidate,
6190323aa629,"[""DEP_cc_rate_baixo"", ""POS_CCONJ_rate_baixo""]",DEP_cc_rate_baixo + POS_CCONJ_rate_baixo,"[""43b89d4ac89e"", ""6b39b77729ed""]",43b89d4ac89e,415,0.28819444444444442,True,1,"[""coordenacao""]",coordenacao,True,True,True,0.53683744694688018,research_only,review_candidate,
a7fdc3910ba5,"[""DEP_mark_rate_baixo"", ""POS_SCONJ_rate_baixo""]",DEP_mark_rate_baixo + POS_SCONJ_rate_baixo,"[""0d1ccf61d6c7"", ""93ecdb34f88a""]",93ecdb34f88a,411,0.28541666666666665,True,1,"[""subordinacao""]",subordinacao,True,True,True,0.53424401416082024,research_only,review_candidate,
2bc7c754d9c2,"[""DEP_aux:pass_rate_baixo"", ""POS_AUX_rate_baixo""]",DEP_aux:pass_rate_baixo + POS_AUX_rate_baixo,"[""3da3ba47a4c3""]",3da3ba47a4c3,387,0.26874999999999999,True,1,"[""auxiliares""]",auxiliares,True,True,True,0.51841103383319298,research_only,review_candidate,
8c3cebc0601d,"[""DEP_nsubj:pass_rate_baixo"", ""POS_AUX_rate_baixo""]",DEP_nsubj:pass_rate_baixo + POS_AUX_rate_baixo,"[""0826cec8c126""]",0826cec8c126,387,0.26874999999999999,True,1,"[""DEP_nsubj:pass"", ""auxiliares""]",DEP_nsubj:pass|auxiliares,False,True,True,0.51841103383319298,research_only,same_mechanism_family,
c1f9af8b7638,"[""DEP_ccomp_rate_baixo"", ""POS_SCONJ_rate_baixo""]",DEP_ccomp_rate_baixo + POS_SCONJ_rate_baixo,"[""833f8fe3cfcc""]",833f8fe3cfcc,387,0.26874999999999999,True,1,"[""DEP_ccomp"", ""subordinacao""]",DEP_ccomp|subordinacao,False,True,True,0.51841103383319298,research_only,redundant_coverage,a7fdc3910ba5
d1784a637348,"[""DEP_aux:pass_rate_baixo"", ""DEP_nsubj:pass_rate_baixo"", ""POS_AUX_rate_baixo""]",DEP_aux:pass_rate_baixo + DEP_nsubj:pass_rate_baixo + POS_AUX_rate_baixo,"[""6c509ab2d002"", ""979320acb4e8"", ""b4c78c0fd8fe""]",6c509ab2d002,387,0.26874999999999999,True,1,"[""DEP_nsubj:pass"", ""auxiliares""]",DEP_nsubj:pass|auxiliares,True,True,True,0.51841103383319298,research_only,same_mechanism_family,
90557f083e18,"[""DEP_aux:pass_rate_baixo"", ""DEP_nummod_rate_baixo"", ""POS_NUM_rate_baixo""]",DEP_aux:pass_rate_baixo + DEP_nummod_rate_baixo + POS_NUM_rate_baixo,"[""a03628b9b3cf"", ""e64b5856ac84"", ""e6a56e2493e8""]",a03628b9b3cf,386,0.26805555555555555,True,1,"[""auxiliares"", ""numerais""]",auxiliares|numerais,True,True,True,0.51774081890030221,research_only,redundant_coverage,a7039bf4342a
ca47000efee0,"[""DEP_aux:pass_rate_baixo"", ""DEP_nsubj:pass_rate_baixo"", ""POS_NUM_rate_baixo""]",DEP_aux:pass_rate_baixo + DEP_nsubj:pass_rate_baixo + POS_NUM_rate_baixo,"[""a8fa83e01d83"", ""cf957257d6de""]",a8fa83e01d83,385,0.2673611111111111,True,1,"[""DEP_nsubj:pass"", ""auxiliares"", ""numerais""]",DEP_nsubj:pass|auxiliares|numerais,False,True,True,0.51706973524961897,research_only,same_mechanism_family,
6f8342f73f14,"[""DEP_ccomp_rate_baixo"", ""DEP_mark_rate_baixo""]",DEP_ccomp_rate_baixo + DEP_mark_rate_baixo,"[""6c3aa9140031""]",6c3aa9140031,383,0.26597222222222222,True,1,"[""DEP_ccomp"", ""subordinacao""]",DEP_ccomp|subordinacao,False,True,True,0.51572494822552672,research_only,redundant_coverage,a7fdc3910ba5
a2d1540c8d92,"[""DEP_cop_rate_baixo"", ""DEP_nsubj:pass_rate_baixo"", ""POS_AUX_rate_baixo""]",DEP_cop_rate_baixo + DEP_nsubj:pass_rate_baixo + POS_AUX_rate_baixo,"[""022871263fd5"", ""60bc18216d71"", ""61d3ebea2405"", ""9edd8f3b56e0""]",022871263fd5,382,0.26527777777777778,True,1,"[""DEP_cop"", ""DEP_nsubj:pass"", ""auxiliares""]",DEP_cop|DEP_nsubj:pass|auxiliares,False,True,True,0.51505123801208141,research_only,same_mechanism_family,
e1ea13fa5b63,"[""DEP_aux:pass_rate_baixo"", ""DEP_cop_rate_baixo"", ""POS_AUX_rate_baixo""]",DEP_aux:pass_rate_baixo + DEP_cop_rate_baixo + POS_AUX_rate_baixo,"[""1382239bda7a"", ""2724026c5830"", ""6b46834975bf"", ""d93d7294bd54""]",6b46834975bf,382,0.26527777777777778,True,1,"[""DEP_cop"", ""auxiliares""]",DEP_cop|auxiliares,True,True,True,0.51505123801208141,research_only,redundant_coverage,2bc7c754d9c2
e309a87f371b,"[""DEP_cop_rate_baixo"", ""POS_AUX_rate_baixo""]",DEP_cop_rate_baixo + POS_AUX_rate_baixo,"[""c0c9899c7a62""]",c0c9899c7a62,382,0.26527777777777778,True,1,"[""DEP_cop"", ""auxiliares""]",DEP_cop|auxiliares,False,True,True,0.51505123801208141,research_only,redundant_coverage,2bc7c754d9c2
1427972c105a,"[""DEP_ccomp_rate_baixo"", ""DEP_mark_rate_baixo"", ""POS_SCONJ_rate_baixo""]",DEP_ccomp_rate_baixo + DEP_mark_rate_baixo + POS_SCONJ_rate_baixo,"[""146e741c1fc6"", ""44abc7ba76f8"", ""8c1eda0dca8e"", ""ad7663b1e76d"", ""cdcaf6faf6df""]",cdcaf6faf6df,362,0.25138888888888888,True,1,"[""DEP_ccomp"", ""subordinacao""]",DEP_ccomp|subordinacao,True,True,True,0.50138696521637749,research_only,redundant_coverage,a7fdc3910ba5
e77424074b99,"[""DEP_cc_rate_baixo"", ""DEP_conj_rate_baixo""]",DEP_cc_rate_baixo + DEP_conj_rate_baixo,"[""1baaa54809ea"", ""345fac022aac""]",345fac022aac,358,0.24861111111111112,True,1,"[""coordenacao""]",coordenacao,True,True,True,0.49860917672171973,research_only,same_mechanism_family,
5a9453e98589,"[""DEP_cc_rate_alto"", ""POS_CCONJ_rate_alto""]",DEP_cc_rate_alto + POS_CCONJ_rate_alto,"[""c29c5b96241f"", ""e1d2cb6da7a2""]",c29c5b96241f,356,0.24722222222222223,True,1,"[""coordenacao""]",coordenacao,True,True,True,0.49721446300587663,research_only,same_mechanism_family,
d1280945c7ef,"[""DEP_nsubj:pass_rate_baixo"", ""DEP_nsubj_rate_alto""]",DEP_nsubj:pass_rate_baixo + DEP_nsubj_rate_alto,"[""aaad49b7c878""]",aaad49b7c878,352,0.24444444444444444,True,1,"[""DEP_nsubj"", ""DEP_nsubj:pass""]",DEP_nsubj|DEP_nsubj:pass,False,True,True,0.4944132324730442,research_only,review_candidate,
2472f854a8cc,"[""DEP_advcl_rate_baixo"", ""POS_SCONJ_rate_baixo""]",DEP_advcl_rate_baixo + POS_SCONJ_rate_baixo,"[""318481654082""]",318481654082,351,0.24374999999999999,True,1,"[""DEP_advcl"", ""subordinacao""]",DEP_advcl|subordinacao,False,True,True,0.49371044145328746,research_only,review_candidate,
e6b7a278a0ae,"[""DEP_advcl_rate_baixo"", ""DEP_mark_rate_baixo""]",DEP_advcl_rate_baixo + DEP_mark_rate_baixo,"[""03cfd265e55c""]",03cfd265e55c,351,0.24374999999999999,True,1,"[""DEP_advcl"", ""subordinacao""]",DEP_advcl|subordinacao,False,True,True,0.49371044145328746,research_only,same_mechanism_family,
92b2456ecc41,"[""DEP_mark_rate_alto"", ""POS_SCONJ_rate_alto""]",DEP_mark_rate_alto + POS_SCONJ_rate_alto,"[""0e91fc9f9747"", ""4527fa89a52a""]",4527fa89a52a,345,0.23958333333333334,True,1,"[""subordinacao""]",subordinacao,True,True,True,0.48947250518628044,research_only,same_mechanism_family,
8b970151f163,"[""DEP_nsubj:pass_rate_baixo"", ""DEP_obj_rate_alto""]",DEP_nsubj:pass_rate_baixo + DEP_obj_rate_alto,"[""b02971c3f752""]",b02971c3f752,344,0.2388888888888889,True,1,"[""DEP_nsubj:pass"", ""DEP_obj""]",DEP_nsubj:pass|DEP_obj,False,True,True,0.48876260995383936,research_only,review_candidate,
2d6028b93eb0,"[""DEP_det_rate_alto"", ""POS_DET_rate_alto""]",DEP_det_rate_alto + POS_DET_rate_alto,"[""3525e710d195"", ""cbf6000204c0""]",cbf6000204c0,341,0.23680555555555555,True,1,"[""determinacao""]",determinacao,True,True,True,0.48662671068854774,research_only,review_candidate,
b8b8de6bfea5,"[""DEP_conj_rate_baixo"", ""POS_CCONJ_rate_baixo""]",DEP_conj_rate_baixo + POS_CCONJ_rate_baixo,"[""067c4a149516"", ""ac22bdf2271b""]",ac22bdf2271b,341,0.23680555555555555,True,1,"[""coordenacao""]",coordenacao,True,True,True,0.48662671068854774,research_only,same_mechanism_family,
7e31e01c3d38,"[""DEP_cc_rate_baixo"", ""DEP_conj_rate_baixo"", ""POS_CCONJ_rate_baixo""]",DEP_cc_rate_baixo + DEP_conj_rate_baixo + POS_CCONJ_rate_baixo,"[""3cb51de1f347"", ""5081c411b971"", ""66255eccc83e"", ""9a1146280f94"", ""cfb32a4f4a28"", ""e2e7526bae7f""]",cfb32a4f4a28,340,0.2361111111111111,True,1,"[""coordenacao""]",coordenacao,True,True,True,0.48591265790377502,research_only,same_mechanism_family,
40dcc19160df,"[""DEP_det_rate_baixo"", ""POS_DET_rate_baixo""]",DEP_det_rate_baixo + POS_DET_rate_baixo,"[""243c2f73260a"", ""295d3797e05f""]",295d3797e05f,334,0.23194444444444445,True,1,"[""determinacao""]",determinacao,True,True,True,0.48160610922666303,research_only,same_mechanism_family,
3a3b540bdd32,"[""DEP_advcl_rate_baixo"", ""DEP_mark_rate_baixo"", ""POS_SCONJ_rate_baixo""]",DEP_advcl_rate_baixo + DEP_mark_rate_baixo + POS_SCONJ_rate_baixo,"[""65d27fc92901"", ""75f2f92a7154"", ""77a4807755c9"", ""c04b2e250505"", ""d07c3f0540ac""]",77a4807755c9,332,0.23055555555555557,True,1,"[""DEP_advcl"", ""subordinacao""]",DEP_advcl|subordinacao,True,True,True,0.48016200969626449,research_only,same_mechanism_family,
bd070c47a225,"[""DEP_advmod_rate_alto"", ""POS_ADV_rate_alto""]",DEP_advmod_rate_alto + POS_ADV_rate_alto,"[""0e6f83146046"", ""2b20d484cff5""]",2b20d484cff5,331,0.2298611111111111,True,1,"[""modificacao_adverbial""]",modificacao_adverbial,True,False,True,0.47943832878808418,research_only,same_mechanism_family,
d28574a5355a,"[""DEP_case_rate_baixo"", ""POS_ADP_rate_baixo""]",DEP_case_rate_baixo + POS_ADP_rate_baixo,"[""96a30dc22f17"", ""c6358e79c8f5""]",96a30dc22f17,329,0.22847222222222222,True,1,"[""relacoes_preposicionais""]",relacoes_preposicionais,True,True,True,0.47798767998999953,research_only,outside_review_top20,
6b29dfa7a620,"[""DEP_acl:relcl_rate_baixo"", ""DEP_nummod_rate_baixo"", ""POS_NUM_rate_baixo""]",DEP_acl:relcl_rate_baixo + DEP_nummod_rate_baixo + POS_NUM_rate_baixo,"[""abcc748b89b6"", ""b7920c23e1bd"", ""d26f9a0663ed""]",d26f9a0663ed,327,0.22708333333333333,True,1,"[""DEP_acl:relcl"", ""numerais""]",DEP_acl:relcl|numerais,True,True,True,0.47653261518319323,research_only,outside_review_top20,
ae7fc2704295,"[""DEP_aux:pass_rate_baixo"", ""DEP_nsubj_rate_alto""]",DEP_aux:pass_rate_baixo + DEP_nsubj_rate_alto,"[""96d17595d639""]",96d17595d639,322,0.22361111111111112,True,1,"[""DEP_nsubj"", ""auxiliares""]",DEP_nsubj|auxiliares,False,True,True,0.47287536530370361,research_only,redundant_coverage,d1280945c7ef
9d79c8b38a69,"[""DEP_aux:pass_rate_baixo"", ""DEP_obj_rate_alto""]",DEP_aux:pass_rate_baixo + DEP_obj_rate_alto,"[""2ef0f071e9f2""]",2ef0f071e9f2,320,0.22222222222222221,True,1,"[""DEP_obj"", ""auxiliares""]",DEP_obj|auxiliares,False,True,True,0.47140452079103168,research_only,redundant_coverage,8b970151f163
1ac63e541cd7,"[""DEP_aux:pass_rate_baixo"", ""DEP_nsubj:pass_rate_baixo"", ""DEP_nsubj_rate_alto""]",DEP_aux:pass_rate_baixo + DEP_nsubj:pass_rate_baixo + DEP_nsubj_rate_alto,"[""28f79af6e9b7"", ""dcaf037fd58e"", ""f2ff538a87aa""]",f2ff538a87aa,319,0.22152777777777777,True,1,"[""DEP_nsubj"", ""DEP_nsubj:pass"", ""auxiliares""]",DEP_nsubj|DEP_nsubj:pass|auxiliares,False,True,True,0.47066737488143129,research_only,redundant_coverage,d1280945c7ef
3542b427d129,"[""DEP_acl:relcl_rate_baixo"", ""DEP_nsubj:pass_rate_baixo"", ""POS_PRON_rate_baixo""]",DEP_acl:relcl_rate_baixo + DEP_nsubj:pass_rate_baixo + POS_PRON_rate_baixo,"[""0ca2f9b10d82"", ""6c00b598f628"", ""ea8ff9e87320""]",0ca2f9b10d82,319,0.22152777777777777,True,1,"[""DEP_acl:relcl"", ""DEP_nsubj:pass"", ""POS_PRON""]",DEP_acl:relcl|DEP_nsubj:pass|POS_PRON,False,True,True,0.47066737488143129,research_only,outside_review_top20,
bcae2f5c7a51,"[""DEP_aux:pass_rate_baixo"", ""DEP_nsubj:pass_rate_baixo"", ""DEP_obj_rate_alto""]",DEP_aux:pass_rate_baixo + DEP_nsubj:pass_rate_baixo + DEP_obj_rate_alto,"[""0ca76b1f6cdb"", ""2f9412fd249c"", ""5c3999990214""]",2f9412fd249c,315,0.21875,True,1,"[""DEP_nsubj:pass"", ""DEP_obj"", ""auxiliares""]",DEP_nsubj:pass|DEP_obj|auxiliares,False,True,True,0.46770717334674267,research_only,redundant_coverage,8b970151f163
f321d15a6441,"[""DEP_advmod_rate_baixo"", ""DEP_aux:pass_rate_baixo"", ""DEP_nsubj:pass_rate_baixo""]",DEP_advmod_rate_baixo + DEP_aux:pass_rate_baixo + DEP_nsubj:pass_rate_baixo,"[""87ae039d6f73"", ""d28a23c35a9b""]",87ae039d6f73,314,0.21805555555555556,True,1,"[""DEP_nsubj:pass"", ""auxiliares"", ""modificacao_adverbial""]",DEP_nsubj:pass|auxiliares|modificacao_adverbial,False,True,True,0.46696419087072999,research_only,outside_review_top20,
5bd0f3466fee,"[""DEP_case_rate_alto"", ""POS_ADP_rate_alto""]",DEP_case_rate_alto + POS_ADP_rate_alto,"[""3481a35e14c6"", ""353c096fcb51""]",353c096fcb51,311,0.21597222222222223,True,1,"[""relacoes_preposicionais""]",relacoes_preposicionais,True,True,True,0.46472811645328954,research_only,outside_review_top20,
0cb95346eb1a,"[""DEP_aux:pass_rate_baixo"", ""DEP_nsubj:pass_rate_baixo"", ""POS_SCONJ_rate_baixo""]",DEP_aux:pass_rate_baixo + DEP_nsubj:pass_rate_baixo + POS_SCONJ_rate_baixo,"[""3244e53febd0"", ""3f32f53fe3c8""]",3f32f53fe3c8,309,0.21458333333333332,True,1,"[""DEP_nsubj:pass"", ""auxiliares"", ""subordinacao""]",DEP_nsubj:pass|auxiliares|subordinacao,False,True,True,0.46323140365624321,research_only,outside_review_top20,
ae4ca31c7883,"[""DEP_aux:pass_rate_baixo"", ""DEP_mark_rate_baixo"", ""DEP_nsubj:pass_rate_baixo""]",DEP_aux:pass_rate_baixo + DEP_mark_rate_baixo + DEP_nsubj:pass_rate_baixo,"[""2d8d9ce03f16"", ""6527055c52cb""]",6527055c52cb,308,0.21388888888888888,True,1,"[""DEP_nsubj:pass"", ""auxiliares"", ""subordinacao""]",DEP_nsubj:pass|auxiliares|subordinacao,False,True,True,0.46248123085038689,research_only,outside_review_top20,
cde6c3d79580,"[""DEP_advcl_rate_baixo"", ""DEP_nummod_rate_baixo"", ""POS_NUM_rate_baixo""]",DEP_advcl_rate_baixo + DEP_nummod_rate_baixo + POS_NUM_rate_baixo,"[""863424f18dcd"", ""9bf8cf600bca"", ""a5db6eeecdda""]",863424f18dcd,307,0.21319444444444444,True,1,"[""DEP_advcl"", ""numerais""]",DEP_advcl|numerais,True,True,True,0.46172983923983563,research_only,outside_review_top20,
00b23d6d6794,"[""DEP_advcl_rate_baixo"", ""DEP_ccomp_rate_baixo"", ""DEP_mark_rate_baixo""]",DEP_advcl_rate_baixo + DEP_ccomp_rate_baixo + DEP_mark_rate_baixo,"[""86814047e92c"", ""89e6e8d4c53b"", ""a9a0e41843a9"", ""e3081d5a7753""]",a9a0e41843a9,306,0.21249999999999999,True,1,"[""DEP_advcl"", ""DEP_ccomp"", ""subordinacao""]",DEP_advcl|DEP_ccomp|subordinacao,False,True,True,0.46097722286464438,research_only,outside_review_top20,
5f745f799695,"[""DEP_acl_rate_baixo"", ""DEP_nummod_rate_baixo"", ""POS_NUM_rate_baixo""]",DEP_acl_rate_baixo + DEP_nummod_rate_baixo + POS_NUM_rate_baixo,"[""2a346d0190f6"", ""72ae33ae914d"", ""9453ac2f9f42""]",2a346d0190f6,306,0.21249999999999999,True,1,"[""DEP_acl"", ""numerais""]",DEP_acl|numerais,True,True,True,0.46097722286464438,research_only,outside_review_top20,
ff096538fe51,"[""DEP_advmod_rate_baixo"", ""DEP_cop_rate_baixo""]",DEP_advmod_rate_baixo + DEP_cop_rate_baixo,"[""4f015e69079e""]",4f015e69079e,305,0.21180555555555555,True,1,"[""DEP_cop"", ""modificacao_adverbial""]",DEP_cop|modificacao_adverbial,False,True,True,0.46022337571613586,research_only,outside_review_top20,
620a040e540a,"[""DEP_advcl_rate_baixo"", ""DEP_ccomp_rate_baixo"", ""POS_SCONJ_rate_baixo""]",DEP_advcl_rate_baixo + DEP_ccomp_rate_baixo + POS_SCONJ_rate_baixo,"[""3b66473b16d0"", ""4c329071d351"", ""57058610428f"", ""e877a3998610""]",4c329071d351,302,0.20972222222222223,True,1,"[""DEP_advcl"", ""DEP_ccomp"", ""subordinacao""]",DEP_advcl|DEP_ccomp|subordinacao,False,True,True,0.4579543888011362,research_only,redundant_coverage,2472f854a8cc
2f2a74a0e187,"[""DEP_mark_rate_baixo"", ""DEP_nsubj:pass_rate_baixo"", ""POS_SCONJ_rate_baixo""]",DEP_mark_rate_baixo + DEP_nsubj:pass_rate_baixo + POS_SCONJ_rate_baixo,"[""2ec86127d824"", ""50d34f8f1778"", ""c6e4ee4ae320"", ""f75226287e7e""]",50d34f8f1778,301,0.20902777777777778,True,1,"[""DEP_nsubj:pass"", ""subordinacao""]",DEP_nsubj:pass|subordinacao,True,True,True,0.45719555747817342,research_only,outside_review_top20,
d0c4306ce66c,"[""DEP_nsubj:pass_rate_baixo"", ""POS_ADP_rate_baixo""]",DEP_nsubj:pass_rate_baixo + POS_ADP_rate_baixo,"[""afb176bc54cd""]",afb176bc54cd,300,0.20833333333333334,True,1,"[""DEP_nsubj:pass"", ""relacoes_preposicionais""]",DEP_nsubj:pass|relacoes_preposicionais,False,True,True,0.45643546458763845,research_only,outside_review_top20,
2e327c0d6d86,"[""DEP_cop_rate_baixo"", ""DEP_nummod_rate_baixo"", ""POS_NUM_rate_baixo""]",DEP_cop_rate_baixo + DEP_nummod_rate_baixo + POS_NUM_rate_baixo,"[""0c3e6c056340"", ""28a8e968eb1a"", ""681d3fd4dc89""]",28a8e968eb1a,299,0.2076388888888889,True,1,"[""DEP_cop"", ""numerais""]",DEP_cop|numerais,True,True,True,0.45567410381641055,research_only,outside_review_top20,
58bd81f28dc3,"[""DEP_amod_rate_baixo"", ""POS_ADJ_rate_baixo""]",DEP_amod_rate_baixo + POS_ADJ_rate_baixo,"[""244c5810fb80"", ""6bca368dfbfe""]",6bca368dfbfe,299,0.2076388888888889,True,1,"[""adjetivacao""]",adjetivacao,True,False,True,0.45567410381641055,research_only,outside_review_top20,
f113038b07d4,"[""DEP_ccomp_rate_baixo"", ""DEP_nummod_rate_baixo"", ""POS_NUM_rate_baixo""]",DEP_ccomp_rate_baixo + DEP_nummod_rate_baixo + POS_NUM_rate_baixo,"[""cfabcf647f21"", ""d86fb92fa95b"", ""fd7b9207bdea""]",cfabcf647f21,299,0.2076388888888889,True,1,"[""DEP_ccomp"", ""numerais""]",DEP_ccomp|numerais,True,True,True,0.45567410381641055,research_only,outside_review_top20,
9e54068dad24,"[""DEP_aux:pass_rate_baixo"", ""DEP_nsubj:pass_rate_baixo"", ""POS_PRON_rate_baixo""]",DEP_aux:pass_rate_baixo + DEP_nsubj:pass_rate_baixo + POS_PRON_rate_baixo,"[""506293af3eb7"", ""c34372fbc2cf""]",c34372fbc2cf,297,0.20624999999999999,True,1,"[""DEP_nsubj:pass"", ""POS_PRON"", ""auxiliares""]",DEP_nsubj:pass|POS_PRON|auxiliares,False,True,True,0.45414755311462374,research_only,outside_review_top20,
cbfc7ace2c2a,"[""DEP_appos_rate_baixo"", ""DEP_aux:pass_rate_baixo"", ""DEP_nsubj:pass_rate_baixo""]",DEP_appos_rate_baixo + DEP_aux:pass_rate_baixo + DEP_nsubj:pass_rate_baixo,"[""55c8474b5316"", ""562c5218942a""]",55c8474b5316,295,0.2048611111111111,True,1,"[""DEP_appos"", ""DEP_nsubj:pass"", ""auxiliares""]",DEP_appos|DEP_nsubj:pass|auxiliares,False,True,True,0.45261585380000896,research_only,outside_review_top20,
340698e8be61,"[""DEP_advmod_rate_baixo"", ""DEP_nsubj:pass_rate_baixo"", ""POS_ADV_rate_baixo""]",DEP_advmod_rate_baixo + DEP_nsubj:pass_rate_baixo + POS_ADV_rate_baixo,"[""361304d7f88a"", ""543fc065b6ff"", ""8cd7b88af144"", ""bc7b241e46db""]",543fc065b6ff,294,0.20416666666666666,True,1,"[""DEP_nsubj:pass"", ""modificacao_adverbial""]",DEP_nsubj:pass|modificacao_adverbial,True,True,True,0.45184805705753195,research_only,outside_review_top20,
dcc82376b8a6,"[""DEP_ccomp_rate_baixo"", ""DEP_nsubj_rate_baixo""]",DEP_ccomp_rate_baixo + DEP_nsubj_rate_baixo,"[""b8a91c1713be""]",b8a91c1713be,294,0.20416666666666666,True,1,"[""DEP_ccomp"", ""DEP_nsubj""]",DEP_ccomp|DEP_nsubj,False,False,True,0.45184805705753195,research_only,outside_review_top20,
ccac5afa7476,"[""DEP_nsubj:pass_rate_baixo"", ""POS_DET_rate_alto""]",DEP_nsubj:pass_rate_baixo + POS_DET_rate_alto,"[""e2ccf8ce3a61""]",e2ccf8ce3a61,306,0.21249999999999999,True,0.97999999999999998,"[""DEP_nsubj:pass"", ""determinacao""]",DEP_nsubj:pass|determinacao,False,True,True,0.45175767840735148,research_only,outside_review_top20,
a34727362c7f,"[""DEP_aux:pass_rate_baixo"", ""DEP_mark_rate_baixo"", ""POS_SCONJ_rate_baixo""]",DEP_aux:pass_rate_baixo + DEP_mark_rate_baixo + POS_SCONJ_rate_baixo,"[""0a6a3451f5ee"", ""31ba5ebb48f8"", ""d07d85ef7354"", ""dc5bdf6bbe68""]",31ba5ebb48f8,293,0.20347222222222222,True,1,"[""auxiliares"", ""subordinacao""]",auxiliares|subordinacao,True,True,True,0.45107895342414528,research_only,outside_review_top20,
a9431f363403,"[""DEP_acl:relcl_rate_baixo"", ""DEP_aux:pass_rate_baixo"", ""POS_PRON_rate_baixo""]",DEP_acl:relcl_rate_baixo + DEP_aux:pass_rate_baixo + POS_PRON_rate_baixo,"[""2532fdbb2712"", ""4f0c1949bd17"", ""97bbaa582277""]",4f0c1949bd17,293,0.20347222222222222,True,1,"[""DEP_acl:relcl"", ""POS_PRON"", ""auxiliares""]",DEP_acl:relcl|POS_PRON|auxiliares,False,True,True,0.45107895342414528,research_only,outside_review_top20,
6e0a7c4b16dd,"[""DEP_mark_rate_alto"", ""DEP_nummod_rate_baixo""]",DEP_mark_rate_alto + DEP_nummod_rate_baixo,"[""1d0fb974935a""]",1d0fb974935a,292,0.20277777777777778,True,1,"[""numerais"", ""subordinacao""]",numerais|subordinacao,False,True,True,0.45030853620354322,research_only,outside_review_top20,
2f29defa42af,"[""DEP_acl:relcl_rate_baixo"", ""DEP_ccomp_rate_baixo"", ""DEP_cop_rate_baixo""]",DEP_acl:relcl_rate_baixo + DEP_ccomp_rate_baixo + DEP_cop_rate_baixo,"[""7425760b3a9c""]",7425760b3a9c,289,0.20069444444444445,True,1,"[""DEP_acl:relcl"", ""DEP_ccomp"", ""DEP_cop""]",DEP_acl:relcl|DEP_ccomp|DEP_cop,False,True,True,0.44798933519052042,research_only,outside_review_top20,
8bb020cad01f,"[""DEP_ccomp_rate_alto"", ""DEP_nummod_rate_baixo""]",DEP_ccomp_rate_alto + DEP_nummod_rate_baixo,"[""109c57600b39""]",109c57600b39,288,0.20000000000000001,True,1,"[""DEP_ccomp"", ""numerais""]",DEP_ccomp|numerais,False,True,True,0.44721359549995793,research_only,outside_review_top20,
a903f9164e33,"[""DEP_cop_rate_baixo"", ""POS_PRON_rate_baixo""]",DEP_cop_rate_baixo + POS_PRON_rate_baixo,"[""02efa97e8541""]",02efa97e8541,287,0.19930555555555557,True,1,"[""DEP_cop"", ""POS_PRON""]",DEP_cop|POS_PRON,False,True,True,0.44643650786596245,research_only,outside_review_top20,
edf5d2ecc4d3,"[""DEP_det_rate_alto"", ""DEP_nsubj:pass_rate_baixo"", ""POS_DET_rate_alto""]",DEP_det_rate_alto + DEP_nsubj:pass_rate_baixo + POS_DET_rate_alto,"[""19407a78ffa4"", ""1ab86f371183"", ""2af4002af0f8"", ""579fc5f95f7d"", ""c7688822de55""]",c7688822de55,287,0.19930555555555557,True,1,"[""DEP_nsubj:pass"", ""determinacao""]",DEP_nsubj:pass|determinacao,True,True,True,0.44643650786596245,research_only,redundant_coverage,2d6028b93eb0
fe5223a9cf6e,"[""DEP_det_rate_alto"", ""DEP_nsubj:pass_rate_baixo""]",DEP_det_rate_alto + DEP_nsubj:pass_rate_baixo,"[""8af07b54dc32""]",8af07b54dc32,311,0.21597222222222223,True,0.95999999999999996,"[""DEP_nsubj:pass"", ""determinacao""]",DEP_nsubj:pass|determinacao,False,True,True,0.44613899179515792,research_only,outside_review_top20,
d39a732b0672,"[""DEP_nummod_rate_baixo"", ""POS_SCONJ_rate_alto""]",DEP_nummod_rate_baixo + POS_SCONJ_rate_alto,"[""e170d2b4543a""]",e170d2b4543a,285,0.19791666666666666,True,1,"[""numerais"", ""subordinacao""]",numerais|subordinacao,False,True,True,0.44487826050130463,research_only,outside_review_top20,
6c7a5319ea7a,"[""DEP_cc_rate_baixo"", ""DEP_nsubj:pass_rate_baixo"", ""POS_CCONJ_rate_baixo""]",DEP_cc_rate_baixo + DEP_nsubj:pass_rate_baixo + POS_CCONJ_rate_baixo,"[""1129416635a3"", ""4f58011c4396"", ""dc246596c1b8"", ""f3a9def4e088""]",dc246596c1b8,284,0.19722222222222222,True,1,"[""DEP_nsubj:pass"", ""coordenacao""]",DEP_nsubj:pass|coordenacao,True,True,True,0.44409708648247426,research_only,outside_review_top20,
dcc99a79ed12,"[""DEP_case_rate_baixo"", ""DEP_nsubj:pass_rate_baixo""]",DEP_case_rate_baixo + DEP_nsubj:pass_rate_baixo,"[""0dad0413a023""]",0dad0413a023,301,0.20902777777777778,True,0.96999999999999997,"[""DEP_nsubj:pass"", ""relacoes_preposicionais""]",DEP_nsubj:pass|relacoes_preposicionais,False,True,True,0.4434796907538282,research_only,outside_review_top20,
8aa40357d3c5,"[""DEP_aux:pass_rate_baixo"", ""DEP_cc_rate_alto"", ""DEP_nsubj:pass_rate_baixo""]",DEP_aux:pass_rate_baixo + DEP_cc_rate_alto + DEP_nsubj:pass_rate_baixo,"[""2184dab36fb7"", ""c035abae210c"", ""cbbf1e02c2c3""]",c035abae210c,283,0.19652777777777777,True,1,"[""DEP_nsubj:pass"", ""auxiliares"", ""coordenacao""]",DEP_nsubj:pass|auxiliares|coordenacao,False,True,True,0.44331453594234621,research_only,outside_review_top20,
d41df0afd451,"[""DEP_aux:pass_rate_baixo"", ""DEP_nsubj:pass_rate_baixo"", ""POS_ADV_rate_baixo""]",DEP_aux:pass_rate_baixo + DEP_nsubj:pass_rate_baixo + POS_ADV_rate_baixo,"[""2efa8a56ee88"", ""b507457cf639""]",2efa8a56ee88,282,0.19583333333333333,True,1,"[""DEP_nsubj:pass"", ""auxiliares"", ""modificacao_adverbial""]",DEP_nsubj:pass|auxiliares|modificacao_adverbial,False,True,True,0.4425306015783918,research_only,outside_review_top20,
044b4a18072c,"[""DEP_ccomp_rate_baixo"", ""POS_VERB_rate_baixo""]",DEP_ccomp_rate_baixo + POS_VERB_rate_baixo,"[""3d086ad2bddd""]",3d086ad2bddd,281,0.19513888888888889,True,1,"[""DEP_ccomp"", ""POS_VERB""]",DEP_ccomp|POS_VERB,False,False,True,0.44174527602328573,research_only,outside_review_top20,
1e4256f44f9e,"[""DEP_ccomp_rate_baixo"", ""DEP_nsubj:pass_rate_baixo"", ""POS_SCONJ_rate_baixo""]",DEP_ccomp_rate_baixo + DEP_nsubj:pass_rate_baixo + POS_SCONJ_rate_baixo,"[""457f5b143b27"", ""5779b523735f""]",5779b523735f,281,0.19513888888888889,True,1,"[""DEP_ccomp"", ""DEP_nsubj:pass"", ""subordinacao""]",DEP_ccomp|DEP_nsubj:pass|subordinacao,False,True,True,0.44174527602328573,research_only,outside_review_top20,
abaacf065098,"[""DEP_ccomp_rate_baixo"", ""DEP_mark_rate_baixo"", ""DEP_nsubj:pass_rate_baixo""]",DEP_ccomp_rate_baixo + DEP_mark_rate_baixo + DEP_nsubj:pass_rate_baixo,"[""5d7c240283b4"", ""6bdfe93a288c""]",6bdfe93a288c,281,0.19513888888888889,True,1,"[""DEP_ccomp"", ""DEP_nsubj:pass"", ""subordinacao""]",DEP_ccomp|DEP_nsubj:pass|subordinacao,False,True,True,0.44174527602328573,research_only,outside_review_top20,
dbf4e6989032,"[""DEP_aux:pass_rate_baixo"", ""DEP_det_rate_alto""]",DEP_aux:pass_rate_baixo + DEP_det_rate_alto,"[""efab29785941""]",efab29785941,281,0.19513888888888889,True,1,"[""auxiliares"", ""determinacao""]",auxiliares|determinacao,False,True,True,0.44174527602328573,research_only,outside_review_top20,
e360243bd821,"[""DEP_aux:pass_rate_baixo"", ""POS_DET_rate_alto""]",DEP_aux:pass_rate_baixo + POS_DET_rate_alto,"[""cad73373431d""]",cad73373431d,281,0.19513888888888889,True,1,"[""auxiliares"", ""determinacao""]",auxiliares|determinacao,False,True,True,0.44174527602328573,research_only,outside_review_top20,
a33f9be1d445,"[""DEP_nsubj:pass_rate_baixo"", ""POS_PRON_rate_alto""]",DEP_nsubj:pass_rate_baixo + POS_PRON_rate_alto,"[""d59f1185d696""]",d59f1185d696,298,0.20694444444444443,True,0.96999999999999997,"[""DEP_nsubj:pass"", ""POS_PRON""]",DEP_nsubj:pass|POS_PRON,False,True,True,0.44126412473458315,research_only,outside_review_top20,
424d6af92b9f,"[""DEP_amod_rate_alto"", ""DEP_aux:pass_rate_baixo"", ""DEP_nsubj:pass_rate_baixo""]",DEP_amod_rate_alto + DEP_aux:pass_rate_baixo + DEP_nsubj:pass_rate_baixo,"[""883f46054ba8"", ""cc5582c94c5c"", ""f7eef66eb5d5""]",f7eef66eb5d5,280,0.19444444444444445,True,1,"[""DEP_nsubj:pass"", ""adjetivacao"", ""auxiliares""]",DEP_nsubj:pass|adjetivacao|auxiliares,False,True,True,0.44095855184409843,research_only,outside_review_top20,
dc4fd7bdf304,"[""DEP_aux:pass_rate_baixo"", ""DEP_det_rate_alto"", ""DEP_nsubj:pass_rate_baixo""]",DEP_aux:pass_rate_baixo + DEP_det_rate_alto + DEP_nsubj:pass_rate_baixo,"[""343ef15b030f"", ""36bbc893f5e1"", ""6eee3d68eabe""]",343ef15b030f,280,0.19444444444444445,True,1,"[""DEP_nsubj:pass"", ""auxiliares"", ""determinacao""]",DEP_nsubj:pass|auxiliares|determinacao,False,True,True,0.44095855184409843,research_only,outside_review_top20,
69f6ab91dfe7,"[""DEP_cop_rate_baixo"", ""POS_ADV_rate_baixo""]",DEP_cop_rate_baixo + POS_ADV_rate_baixo,"[""fbba1a4c6817""]",fbba1a4c6817,279,0.19375000000000001,True,1,"[""DEP_cop"", ""modificacao_adverbial""]",DEP_cop|modificacao_adverbial,False,True,True,0.44017042154147523,research_only,outside_review_top20,
bd6b0311c0b9,"[""DEP_aux:pass_rate_baixo"", ""DEP_nsubj:pass_rate_baixo"", ""POS_DET_rate_alto""]",DEP_aux:pass_rate_baixo + DEP_nsubj:pass_rate_baixo + POS_DET_rate_alto,"[""2f6f7eaee0d3"", ""6e5498fb2bca"", ""948604781db6""]",2f6f7eaee0d3,279,0.19375000000000001,True,1,"[""DEP_nsubj:pass"", ""auxiliares"", ""determinacao""]",DEP_nsubj:pass|auxiliares|determinacao,False,True,True,0.44017042154147523,research_only,outside_review_top20,
2e0a8126b7e9,"[""DEP_aux:pass_rate_baixo"", ""DEP_flat:name_rate_baixo"", ""DEP_nsubj:pass_rate_baixo""]",DEP_aux:pass_rate_baixo + DEP_flat:name_rate_baixo + DEP_nsubj:pass_rate_baixo,"[""67de4004216a"", ""a20df616cd5d""]",67de4004216a,278,0.19305555555555556,True,1,"[""DEP_flat:name"", ""DEP_nsubj:pass"", ""auxiliares""]",DEP_flat:name|DEP_nsubj:pass|auxiliares,False,True,True,0.43938087754880228,research_only,outside_review_top20,
94027adc9c9d,"[""DEP_cc_rate_alto"", ""DEP_nsubj:pass_rate_baixo"", ""POS_CCONJ_rate_alto""]",DEP_cc_rate_alto + DEP_nsubj:pass_rate_baixo + POS_CCONJ_rate_alto,"[""82e04b90479c"", ""8fd6a802952e"", ""93f98a20a74a"", ""a1ad242b2abf"", ""ead22809fb2b""]",93f98a20a74a,278,0.19305555555555556,True,1,"[""DEP_nsubj:pass"", ""coordenacao""]",DEP_nsubj:pass|coordenacao,True,True,True,0.43938087754880228,research_only,outside_review_top20,
92dd8d2f9b01,"[""DEP_cc_rate_alto"", ""DEP_conj_rate_alto""]",DEP_cc_rate_alto + DEP_conj_rate_alto,"[""373253097ef5"", ""48ac38ef7150""]",373253097ef5,277,0.19236111111111112,True,1,"[""coordenacao""]",coordenacao,True,True,True,0.4385899122313589,research_only,same_mechanism_family,
9abd54e7a4f5,"[""DEP_acl:relcl_rate_baixo"", ""DEP_cop_rate_baixo"", ""POS_PRON_rate_baixo""]",DEP_acl:relcl_rate_baixo + DEP_cop_rate_baixo + POS_PRON_rate_baixo,"[""4db855cf10ae"", ""5f0d3564da42"", ""e1d07ac0ec06"", ""e30cecbce2e3""]",e30cecbce2e3,277,0.19236111111111112,True,1,"[""DEP_acl:relcl"", ""DEP_cop"", ""POS_PRON""]",DEP_acl:relcl|DEP_cop|POS_PRON,False,True,True,0.4385899122313589,research_only,outside_review_top20,
cab6c31aa65c,"[""DEP_acl_rate_alto"", ""DEP_aux:pass_rate_baixo"", ""DEP_nsubj:pass_rate_baixo""]",DEP_acl_rate_alto + DEP_aux:pass_rate_baixo + DEP_nsubj:pass_rate_baixo,"[""06303cf0a607"", ""6a48e4019e41"", ""92b9f3ae60cd""]",06303cf0a607,276,0.19166666666666668,True,1,"[""DEP_acl"", ""DEP_nsubj:pass"", ""auxiliares""]",DEP_acl|DEP_nsubj:pass|auxiliares,False,True,True,0.43779751788545657,research_only,same_mechanism_family,
23b2cdc9d31e,"[""DEP_nsubj:pass_rate_baixo"", ""punctuationDensity_spacy_alto""]",DEP_nsubj:pass_rate_baixo + punctuationDensity_spacy_alto,"[""151e26636fa3""]",151e26636fa3,287,0.19930555555555557,True,0.97999999999999998,"[""DEP_nsubj:pass"", ""punctuationDensity_spacy""]",DEP_nsubj:pass|punctuationDensity_spacy,False,True,True,0.43750777770864319,research_only,outside_review_top20,
1d57b1df1486,"[""DEP_acl:relcl_rate_baixo"", ""DEP_advcl_rate_baixo"", ""POS_PRON_rate_baixo""]",DEP_acl:relcl_rate_baixo + DEP_advcl_rate_baixo + POS_PRON_rate_baixo,"[""01045281b6ce"", ""6b3e9b995dbd"", ""b526f9ea6d34""]",6b3e9b995dbd,275,0.19097222222222221,True,1,"[""DEP_acl:relcl"", ""DEP_advcl"", ""POS_PRON""]",DEP_acl:relcl|DEP_advcl|POS_PRON,False,True,True,0.43700368673756312,research_only,outside_review_top20,
6f18c83ea455,"[""DEP_acl:relcl_rate_baixo"", ""DEP_nsubj_rate_baixo""]",DEP_acl:relcl_rate_baixo + DEP_nsubj_rate_baixo,"[""e1d8c1256baa""]",e1d8c1256baa,275,0.19097222222222221,True,1,"[""DEP_acl:relcl"", ""DEP_nsubj""]",DEP_acl:relcl|DEP_nsubj,False,True,True,0.43700368673756312,research_only,outside_review_top20,
92889cf9973f,"[""DEP_nummod_rate_alto"", ""POS_NUM_rate_alto""]",DEP_nummod_rate_alto + POS_NUM_rate_alto,"[""4eed2b024f31"", ""c32992f1f97b""]",c32992f1f97b,275,0.19097222222222221,True,1,"[""numerais""]",numerais,True,True,True,0.43700368673756312,research_only,same_mechanism_family,
aa6838c69bfb,"[""DEP_aux:pass_rate_baixo"", ""DEP_ccomp_rate_alto"", ""DEP_nsubj:pass_rate_baixo""]",DEP_aux:pass_rate_baixo + DEP_ccomp_rate_alto + DEP_nsubj:pass_rate_baixo,"[""c38be26403e7"", ""f188f99fe095""]",c38be26403e7,274,0.19027777777777777,True,1,"[""DEP_ccomp"", ""DEP_nsubj:pass"", ""auxiliares""]",DEP_ccomp|DEP_nsubj:pass|auxiliares,False,True,True,0.43620841094341334,research_only,same_mechanism_family,
cb88113405d7,"[""DEP_case_rate_alto"", ""DEP_ccomp_rate_baixo""]",DEP_case_rate_alto + DEP_ccomp_rate_baixo,"[""5191c5f0f857""]",5191c5f0f857,273,0.18958333333333333,True,1,"[""DEP_ccomp"", ""relacoes_preposicionais""]",DEP_ccomp|relacoes_preposicionais,False,True,True,0.43541168258710439,research_only,outside_review_top20,
f028a9d1115e,"[""DEP_cop_rate_baixo"", ""DEP_nsubj_rate_baixo""]",DEP_cop_rate_baixo + DEP_nsubj_rate_baixo,"[""9858dbb158ba""]",9858dbb158ba,273,0.18958333333333333,True,1,"[""DEP_cop"", ""DEP_nsubj""]",DEP_cop|DEP_nsubj,False,True,True,0.43541168258710439,research_only,outside_review_top20,
fdbef004dc26,"[""DEP_advmod_rate_baixo"", ""DEP_aux:pass_rate_baixo"", ""POS_ADV_rate_baixo""]",DEP_advmod_rate_baixo + DEP_aux:pass_rate_baixo + POS_ADV_rate_baixo,"[""56aba22eea9e"", ""656e55e6313a"", ""8a863a909686"", ""c6be1d23f6b7""]",c6be1d23f6b7,273,0.18958333333333333,True,1,"[""auxiliares"", ""modificacao_adverbial""]",auxiliares|modificacao_adverbial,True,True,True,0.43541168258710439,research_only,outside_review_top20,
19c77db982d8,"[""DEP_advcl_rate_baixo"", ""POS_VERB_rate_baixo""]",DEP_advcl_rate_baixo + POS_VERB_rate_baixo,"[""3463c6400cca""]",3463c6400cca,272,0.18888888888888888,True,1,"[""DEP_advcl"", ""POS_VERB""]",DEP_advcl|POS_VERB,False,False,True,0.4346134936801766,research_only,outside_review_top20,
5c872108635e,"[""DEP_case_rate_baixo"", ""DEP_nsubj:pass_rate_baixo"", ""POS_ADP_rate_baixo""]",DEP_case_rate_baixo + DEP_nsubj:pass_rate_baixo + POS_ADP_rate_baixo,"[""3b93084653ec"", ""4a8be0347bad"", ""5ae8a21bc0d9"", ""92378797fe01"", ""a8009af9f309""]",92378797fe01,272,0.18888888888888888,True,1,"[""DEP_nsubj:pass"", ""relacoes_preposicionais""]",DEP_nsubj:pass|relacoes_preposicionais,True,True,True,0.4346134936801766,research_only,outside_review_top20,
877e786bfaca,"[""DEP_aux:pass_rate_baixo"", ""DEP_ccomp_rate_baixo"", ""DEP_mark_rate_baixo""]",DEP_aux:pass_rate_baixo + DEP_ccomp_rate_baixo + DEP_mark_rate_baixo,"[""2a22cf6cc771"", ""ea8168af9ca1""]",ea8168af9ca1,272,0.18888888888888888,True,1,"[""DEP_ccomp"", ""auxiliares"", ""subordinacao""]",DEP_ccomp|auxiliares|subordinacao,False,True,True,0.4346134936801766,research_only,outside_review_top20,
92d87a285b75,"[""DEP_mark_rate_alto"", ""DEP_nsubj:pass_rate_baixo"", ""POS_SCONJ_rate_alto""]",DEP_mark_rate_alto + DEP_nsubj:pass_rate_baixo + POS_SCONJ_rate_alto,"[""4114e27f05a8"", ""41fc2f36da16"", ""80a894cba1a7"", ""def57ea89031""]",41fc2f36da16,272,0.18888888888888888,True,1,"[""DEP_nsubj:pass"", ""subordinacao""]",DEP_nsubj:pass|subordinacao,True,True,True,0.4346134936801766,research_only,outside_review_top20,
c020109ca888,"[""DEP_acl:relcl_rate_baixo"", ""DEP_appos_rate_alto""]",DEP_acl:relcl_rate_baixo + DEP_appos_rate_alto,"[""1a357fdc33ce""]",1a357fdc33ce,272,0.18888888888888888,True,1,"[""DEP_acl:relcl"", ""DEP_appos""]",DEP_acl:relcl|DEP_appos,False,True,True,0.4346134936801766,research_only,outside_review_top20,
c44390a7edde,"[""DEP_amod_rate_alto"", ""POS_ADJ_rate_alto""]",DEP_amod_rate_alto + POS_ADJ_rate_alto,"[""4022a7b5dcf8"", ""a4dfda82672f""]",4022a7b5dcf8,272,0.18888888888888888,True,1,"[""adjetivacao""]",adjetivacao,True,False,True,0.4346134936801766,research_only,outside_review_top20,
d7002f9a31a3,"[""DEP_aux:pass_rate_alto"", ""DEP_nsubj:pass_rate_alto""]",DEP_aux:pass_rate_alto + DEP_nsubj:pass_rate_alto,"[""4ac51aa208b1"", ""74905c0be0db""]",4ac51aa208b1,272,0.18888888888888888,True,1,"[""DEP_nsubj:pass"", ""auxiliares""]",DEP_nsubj:pass|auxiliares,False,True,True,0.4346134936801766,research_only,same_mechanism_family,
fdce361088a9,"[""DEP_advcl_rate_baixo"", ""DEP_nmod_rate_alto""]",DEP_advcl_rate_baixo + DEP_nmod_rate_alto,"[""b725ba3ade16""]",b725ba3ade16,272,0.18888888888888888,True,1,"[""DEP_advcl"", ""DEP_nmod""]",DEP_advcl|DEP_nmod,False,True,True,0.4346134936801766,research_only,outside_review_top20,
04b7e3bda611,"[""DEP_appos_rate_alto"", ""DEP_nummod_rate_baixo""]",DEP_appos_rate_alto + DEP_nummod_rate_baixo,"[""6db69b982be9""]",6db69b982be9,271,0.18819444444444444,True,1,"[""DEP_appos"", ""numerais""]",DEP_appos|numerais,False,True,True,0.43381383616067898,research_only,outside_review_top20,
1e7d5629e0dd,"[""DEP_appos_rate_alto"", ""DEP_aux:pass_rate_baixo"", ""DEP_nsubj:pass_rate_baixo""]",DEP_appos_rate_alto + DEP_aux:pass_rate_baixo + DEP_nsubj:pass_rate_baixo,"[""261621ed3b18"", ""72fe35481a5c""]",72fe35481a5c,271,0.18819444444444444,True,1,"[""DEP_appos"", ""DEP_nsubj:pass"", ""auxiliares""]",DEP_appos|DEP_nsubj:pass|auxiliares,False,True,True,0.43381383616067898,research_only,outside_review_top20,
c02f310fa9f2,"[""DEP_aux:pass_rate_baixo"", ""DEP_nsubj:pass_rate_baixo"", ""POS_PRON_rate_alto""]",DEP_aux:pass_rate_baixo + DEP_nsubj:pass_rate_baixo + POS_PRON_rate_alto,"[""0d206acfdbed"", ""3dcb323647ec"", ""8d220f120c93""]",3dcb323647ec,271,0.18819444444444444,True,1,"[""DEP_nsubj:pass"", ""POS_PRON"", ""auxiliares""]",DEP_nsubj:pass|POS_PRON|auxiliares,False,True,True,0.43381383616067898,research_only,outside_review_top20,
b0792ddd4999,"[""DEP_aux:pass_rate_baixo"", ""POS_PRON_rate_alto""]",DEP_aux:pass_rate_baixo + POS_PRON_rate_alto,"[""bfe60a96a5f9""]",bfe60a96a5f9,276,0.19166666666666668,True,0.98999999999999999,"[""POS_PRON"", ""auxiliares""]",POS_PRON|auxiliares,False,True,True,0.43341954270660199,research_only,outside_review_top20,
0c9cdf5309ba,"[""DEP_xcomp_rate_baixo"", ""POS_VERB_rate_baixo""]",DEP_xcomp_rate_baixo + POS_VERB_rate_baixo,"[""e0d7ad554278""]",e0d7ad554278,270,0.1875,True,1,"[""DEP_xcomp"", ""POS_VERB""]",DEP_xcomp|POS_VERB,False,True,True,0.4330127018922193,research_only,outside_review_top20,
9193a887d511,"[""DEP_acl:relcl_rate_baixo"", ""DEP_ccomp_rate_baixo"", ""POS_PRON_rate_baixo""]",DEP_acl:relcl_rate_baixo + DEP_ccomp_rate_baixo + POS_PRON_rate_baixo,"[""7f5dc628ad74"", ""c402d68f8f70"", ""f101f5d8b420"", ""f7604540bc79""]",c402d68f8f70,270,0.1875,True,1,"[""DEP_acl:relcl"", ""DEP_ccomp"", ""POS_PRON""]",DEP_acl:relcl|DEP_ccomp|POS_PRON,False,True,True,0.4330127018922193,research_only,outside_review_top20,
970af5ad999d,"[""DEP_aux:pass_rate_baixo"", ""DEP_ccomp_rate_baixo"", ""POS_SCONJ_rate_baixo""]",DEP_aux:pass_rate_baixo + DEP_ccomp_rate_baixo + POS_SCONJ_rate_baixo,"[""3522d89fd0cf"", ""a2352d6220e2""]",3522d89fd0cf,270,0.1875,True,1,"[""DEP_ccomp"", ""auxiliares"", ""subordinacao""]",DEP_ccomp|auxiliares|subordinacao,False,True,True,0.4330127018922193,research_only,outside_review_top20,
fb349d8d8bde,"[""DEP_acl_rate_baixo"", ""POS_SCONJ_rate_baixo""]",DEP_acl_rate_baixo + POS_SCONJ_rate_baixo,"[""4bd0d8615bc2""]",4bd0d8615bc2,270,0.1875,True,1,"[""DEP_acl"", ""subordinacao""]",DEP_acl|subordinacao,False,True,True,0.4330127018922193,research_only,outside_review_top20,
15e0c820b4b7,"[""DEP_xcomp_rate_baixo"", ""POS_SCONJ_rate_baixo""]",DEP_xcomp_rate_baixo + POS_SCONJ_rate_baixo,"[""2bc586682f3e""]",2bc586682f3e,269,0.18680555555555556,True,1,"[""DEP_xcomp"", ""subordinacao""]",DEP_xcomp|subordinacao,False,True,True,0.43221008266299799,research_only,outside_review_top20,
93271ba4a70b,"[""DEP_mark_rate_baixo"", ""DEP_xcomp_rate_baixo""]",DEP_mark_rate_baixo + DEP_xcomp_rate_baixo,"[""f31b793de6db""]",f31b793de6db,269,0.18680555555555556,True,1,"[""DEP_xcomp"", ""subordinacao""]",DEP_xcomp|subordinacao,False,True,True,0.43221008266299799,research_only,outside_review_top20,
95ad04a98a28,"[""DEP_advcl_rate_baixo"", ""DEP_nsubj:pass_rate_baixo"", ""POS_SCONJ_rate_baixo""]",DEP_advcl_rate_baixo + DEP_nsubj:pass_rate_baixo + POS_SCONJ_rate_baixo,"[""7aedb453e3f8"", ""d82d92610c63""]",d82d92610c63,269,0.18680555555555556,True,1,"[""DEP_advcl"", ""DEP_nsubj:pass"", ""subordinacao""]",DEP_advcl|DEP_nsubj:pass|subordinacao,False,True,True,0.43221008266299799,research_only,outside_review_top20,
dd0514dd7ef5,"[""DEP_ccomp_rate_baixo"", ""DEP_nmod_rate_alto""]",DEP_ccomp_rate_baixo + DEP_nmod_rate_alto,"[""84b53bdf8fab""]",84b53bdf8fab,269,0.18680555555555556,True,1,"[""DEP_ccomp"", ""DEP_nmod""]",DEP_ccomp|DEP_nmod,False,True,True,0.43221008266299799,research_only,outside_review_top20,
2176468a3851,"[""DEP_aux:pass_rate_baixo"", ""DEP_cc_rate_baixo"", ""DEP_nsubj:pass_rate_baixo""]",DEP_aux:pass_rate_baixo + DEP_cc_rate_baixo + DEP_nsubj:pass_rate_baixo,"[""cba2a5744b94"", ""fc0cc3fa23c5""]",cba2a5744b94,268,0.18611111111111112,True,1,"[""DEP_nsubj:pass"", ""auxiliares"", ""coordenacao""]",DEP_nsubj:pass|auxiliares|coordenacao,False,True,True,0.43140597018482618,research_only,outside_review_top20,
2ad1430555c1,"[""DEP_cop_rate_baixo"", ""POS_ADJ_rate_baixo""]",DEP_cop_rate_baixo + POS_ADJ_rate_baixo,"[""16b2c3978683""]",16b2c3978683,268,0.18611111111111112,True,1,"[""DEP_cop"", ""adjetivacao""]",DEP_cop|adjetivacao,False,True,True,0.43140597018482618,research_only,outside_review_top20,
fe0444dd4882,"[""DEP_conj_rate_alto"", ""POS_CCONJ_rate_alto""]",DEP_conj_rate_alto + POS_CCONJ_rate_alto,"[""816a7e7a57ea"", ""b9fd25b69a44""]",816a7e7a57ea,268,0.18611111111111112,True,1,"[""coordenacao""]",coordenacao,True,True,True,0.43140597018482618,research_only,same_mechanism_family,
3bf82ca7edc3,"[""DEP_nsubj_rate_alto"", ""DEP_nummod_rate_baixo""]",DEP_nsubj_rate_alto + DEP_nummod_rate_baixo,"[""3313acbe861f""]",3313acbe861f,267,0.18541666666666667,True,1,"[""DEP_nsubj"", ""numerais""]",DEP_nsubj|numerais,False,True,True,0.4306003560921271,research_only,outside_review_top20,
49cd8158d285,"[""DEP_aux:pass_rate_baixo"", ""DEP_nmod_rate_alto"", ""DEP_nsubj:pass_rate_baixo""]",DEP_aux:pass_rate_baixo + DEP_nmod_rate_alto + DEP_nsubj:pass_rate_baixo,"[""77aa75956fd8"", ""84371966eca9""]",77aa75956fd8,267,0.18541666666666667,True,1,"[""DEP_nmod"", ""DEP_nsubj:pass"", ""auxiliares""]",DEP_nmod|DEP_nsubj:pass|auxiliares,False,True,True,0.4306003560921271,research_only,outside_review_top20,
88050360bcfb,"[""DEP_aux:pass_rate_baixo"", ""DEP_case_rate_baixo"", ""DEP_nsubj:pass_rate_baixo""]",DEP_aux:pass_rate_baixo + DEP_case_rate_baixo + DEP_nsubj:pass_rate_baixo,"[""2ec5d261b9fd"", ""8443e66eea6f"", ""85893e2ebbe2""]",85893e2ebbe2,267,0.18541666666666667,True,1,"[""DEP_nsubj:pass"", ""auxiliares"", ""relacoes_preposicionais""]",DEP_nsubj:pass|auxiliares|relacoes_preposicionais,False,True,True,0.4306003560921271,research_only,outside_review_top20,
c23d2ba36f51,"[""DEP_advcl_rate_baixo"", ""DEP_mark_rate_baixo"", ""DEP_nsubj:pass_rate_baixo""]",DEP_advcl_rate_baixo + DEP_mark_rate_baixo + DEP_nsubj:pass_rate_baixo,"[""326834a0d7e3"", ""52cd08f77f39""]",52cd08f77f39,267,0.18541666666666667,True,1,"[""DEP_advcl"", ""DEP_nsubj:pass"", ""subordinacao""]",DEP_advcl|DEP_nsubj:pass|subordinacao,False,True,True,0.4306003560921271,research_only,outside_review_top20,
efafd65ccbc5,"[""DEP_aux:pass_rate_baixo"", ""DEP_nsubj:pass_rate_baixo"", ""POS_ADJ_rate_alto""]",DEP_aux:pass_rate_baixo + DEP_nsubj:pass_rate_baixo + POS_ADJ_rate_alto,"[""215a4827d11c"", ""46504f0ea40b"", ""cee51855107b""]",cee51855107b,267,0.18541666666666667,True,1,"[""DEP_nsubj:pass"", ""adjetivacao"", ""auxiliares""]",DEP_nsubj:pass|adjetivacao|auxiliares,False,True,True,0.4306003560921271,research_only,outside_review_top20,
11e010b31664,"[""DEP_advcl_rate_baixo"", ""DEP_advmod_rate_baixo""]",DEP_advcl_rate_baixo + DEP_advmod_rate_baixo,"[""367f068cdc49""]",367f068cdc49,295,0.2048611111111111,True,0.94999999999999996,"[""DEP_advcl"", ""modificacao_adverbial""]",DEP_advcl|modificacao_adverbial,False,False,True,0.4299850611100085,research_only,outside_review_top20,
2465ffe4f09d,"[""DEP_acl:relcl_rate_baixo"", ""DEP_advmod_rate_baixo"", ""POS_ADV_rate_baixo""]",DEP_acl:relcl_rate_baixo + DEP_advmod_rate_baixo + POS_ADV_rate_baixo,"[""1c1ee6e7cfb6"", ""8a3ee76b1f9e"", ""c63bc41a056f"", ""fdca8596d86f""]",8a3ee76b1f9e,266,0.18472222222222223,True,1,"[""DEP_acl:relcl"", ""modificacao_adverbial""]",DEP_acl:relcl|modificacao_adverbial,True,True,True,0.42979323194092089,research_only,outside_review_top20,
37acc59a1e4a,"[""DEP_ccomp_rate_baixo"", ""DEP_nummod_rate_alto""]",DEP_ccomp_rate_baixo + DEP_nummod_rate_alto,"[""721195c9baad""]",721195c9baad,266,0.18472222222222223,True,1,"[""DEP_ccomp"", ""numerais""]",DEP_ccomp|numerais,False,True,True,0.42979323194092089,research_only,outside_review_top20,
82331582263e,"[""DEP_advcl_rate_baixo"", ""DEP_ccomp_rate_baixo"", ""DEP_cop_rate_baixo""]",DEP_advcl_rate_baixo + DEP_ccomp_rate_baixo + DEP_cop_rate_baixo,"[""01008e3f39aa"", ""03609f23f6e8""]",01008e3f39aa,294,0.20416666666666666,True,0.94999999999999996,"[""DEP_advcl"", ""DEP_ccomp"", ""DEP_cop""]",DEP_advcl|DEP_ccomp|DEP_cop,False,True,True,0.42925565420465533,research_only,outside_review_top20,
2e20bf03d32e,"[""DEP_aux:pass_rate_baixo"", ""DEP_mark_rate_alto"", ""DEP_nsubj:pass_rate_baixo""]",DEP_aux:pass_rate_baixo + DEP_mark_rate_alto + DEP_nsubj:pass_rate_baixo,"[""44555199fc42"", ""691598c621c9""]",44555199fc42,265,0.18402777777777779,True,1,"[""DEP_nsubj:pass"", ""auxiliares"", ""subordinacao""]",DEP_nsubj:pass|auxiliares|subordinacao,False,True,True,0.4289845892077917,research_only,outside_review_top20,
9a4c69675f1b,"[""DEP_cc_rate_alto"", ""DEP_conj_rate_alto"", ""POS_CCONJ_rate_alto""]",DEP_cc_rate_alto + DEP_conj_rate_alto + POS_CCONJ_rate_alto,"[""6f4026cf7b4f"", ""7fc0e0d9d4b0"", ""8db7597e2962"", ""92d95c8326eb"", ""9cb44006e3b5"", ""d9f7416e89a9""]",92d95c8326eb,265,0.18402777777777779,True,1,"[""coordenacao""]",coordenacao,True,True,True,0.4289845892077917,research_only,same_mechanism_family,
b06cf5e998e2,"[""DEP_advmod_rate_baixo"", ""DEP_cop_rate_baixo"", ""POS_ADV_rate_baixo""]",DEP_advmod_rate_baixo + DEP_cop_rate_baixo + POS_ADV_rate_baixo,"[""7fb09500fc30"", ""8016ae11d4a7"", ""ab1bd08f4640"", ""e60d95f6d4de"", ""fca487362532""]",8016ae11d4a7,265,0.18402777777777779,True,1,"[""DEP_cop"", ""modificacao_adverbial""]",DEP_cop|modificacao_adverbial,True,True,True,0.4289845892077917,research_only,outside_review_top20,
b26610646672,"[""DEP_aux:pass_rate_baixo"", ""DEP_conj_rate_alto"", ""DEP_nsubj:pass_rate_baixo""]",DEP_aux:pass_rate_baixo + DEP_conj_rate_alto + DEP_nsubj:pass_rate_baixo,"[""084be2100872"", ""36cb068ae915"", ""dde8e8577d70""]",dde8e8577d70,265,0.18402777777777779,True,1,"[""DEP_nsubj:pass"", ""auxiliares"", ""coordenacao""]",DEP_nsubj:pass|auxiliares|coordenacao,False,True,True,0.4289845892077917,research_only,outside_review_top20,
9865be178551,"[""DEP_ccomp_rate_baixo"", ""POS_ADP_rate_alto""]",DEP_ccomp_rate_baixo + POS_ADP_rate_alto,"[""388b007433ad""]",388b007433ad,264,0.18333333333333332,True,1,"[""DEP_ccomp"", ""relacoes_preposicionais""]",DEP_ccomp|relacoes_preposicionais,False,True,True,0.42817441928883759,research_only,outside_review_top20,
f7e084125c89,"[""DEP_flat:name_rate_alto"", ""POS_PROPN_rate_alto""]",DEP_flat:name_rate_alto + POS_PROPN_rate_alto,"[""ba59b541d260"", ""d47ae576546c""]",ba59b541d260,264,0.18333333333333332,True,1,"[""DEP_flat:name"", ""POS_PROPN""]",DEP_flat:name|POS_PROPN,False,True,True,0.42817441928883759,research_only,outside_review_top20,
0be090b950f3,"[""DEP_advcl_rate_baixo"", ""POS_ADV_rate_baixo""]",DEP_advcl_rate_baixo + POS_ADV_rate_baixo,"[""0d6a1ab9b984""]",0d6a1ab9b984,269,0.18680555555555556,True,0.98999999999999999,"[""DEP_advcl"", ""modificacao_adverbial""]",DEP_advcl|modificacao_adverbial,False,False,True,0.427887981836368,research_only,outside_review_top20,
2ef4f15972e4,"[""DEP_det_rate_alto"", ""DEP_nummod_rate_baixo""]",DEP_det_rate_alto + DEP_nummod_rate_baixo,"[""0b34f65cff28""]",0b34f65cff28,263,0.18263888888888888,True,1,"[""determinacao"", ""numerais""]",determinacao|numerais,False,True,True,0.42736271349860283,research_only,outside_review_top20,
964f28da7d3e,"[""DEP_nummod_rate_baixo"", ""POS_VERB_rate_alto""]",DEP_nummod_rate_baixo + POS_VERB_rate_alto,"[""9998af6782f0""]",9998af6782f0,263,0.18263888888888888,True,1,"[""POS_VERB"", ""numerais""]",POS_VERB|numerais,False,True,True,0.42736271349860283,research_only,outside_review_top20,
ccf376a6cdbe,"[""DEP_cop_rate_baixo"", ""POS_VERB_rate_alto""]",DEP_cop_rate_baixo + POS_VERB_rate_alto,"[""21bab7cc1065""]",21bab7cc1065,263,0.18263888888888888,True,1,"[""DEP_cop"", ""POS_VERB""]",DEP_cop|POS_VERB,False,True,True,0.42736271349860283,research_only,outside_review_top20,
8ed5ff76f74b,"[""DEP_advcl_rate_baixo"", ""DEP_aux:pass_rate_baixo"", ""POS_SCONJ_rate_baixo""]",DEP_advcl_rate_baixo + DEP_aux:pass_rate_baixo + POS_SCONJ_rate_baixo,"[""296ce7f5e775"", ""6b4dda570e03""]",6b4dda570e03,262,0.18194444444444444,True,1,"[""DEP_advcl"", ""auxiliares"", ""subordinacao""]",DEP_advcl|auxiliares|subordinacao,False,True,True,0.42654946306899089,research_only,outside_review_top20,
b2fc9fe9dd87,"[""DEP_aux:pass_rate_baixo"", ""DEP_nsubj:pass_rate_baixo"", ""POS_ADP_rate_baixo""]",DEP_aux:pass_rate_baixo + DEP_nsubj:pass_rate_baixo + POS_ADP_rate_baixo,"[""3c392af869d2"", ""a3c01f2cd0c7"", ""cc55589a033f""]",3c392af869d2,262,0.18194444444444444,True,1,"[""DEP_nsubj:pass"", ""auxiliares"", ""relacoes_preposicionais""]",DEP_nsubj:pass|auxiliares|relacoes_preposicionais,False,True,True,0.42654946306899089,research_only,outside_review_top20,
e503ba21bd0f,"[""DEP_aux:pass_rate_baixo"", ""DEP_det_rate_alto"", ""POS_DET_rate_alto""]",DEP_aux:pass_rate_baixo + DEP_det_rate_alto + POS_DET_rate_alto,"[""51280b7d3a0a"", ""891b4d889bab"", ""b21a4c851df5"", ""d979f305fa93"", ""e5191b96330d""]",51280b7d3a0a,262,0.18194444444444444,True,1,"[""auxiliares"", ""determinacao""]",auxiliares|determinacao,True,True,True,0.42654946306899089,research_only,outside_review_top20,
fed7c51d6f4e,"[""DEP_aux:pass_rate_baixo"", ""DEP_cc_rate_baixo"", ""POS_CCONJ_rate_baixo""]",DEP_aux:pass_rate_baixo + DEP_cc_rate_baixo + POS_CCONJ_rate_baixo,"[""2bb514a35ee0"", ""4c90507557b5"", ""701b521c3787"", ""7523916fe95d""]",701b521c3787,262,0.18194444444444444,True,1,"[""auxiliares"", ""coordenacao""]",auxiliares|coordenacao,True,True,True,0.42654946306899089,research_only,outside_review_top20,
f75fe5629723,"[""DEP_acl:relcl_rate_baixo"", ""DEP_ccomp_rate_alto""]",DEP_acl:relcl_rate_baixo + DEP_ccomp_rate_alto,"[""d81d54846573""]",d81d54846573,267,0.18541666666666667,True,0.98999999999999999,"[""DEP_acl:relcl"", ""DEP_ccomp""]",DEP_acl:relcl|DEP_ccomp,False,True,True,0.42629435253120584,research_only,outside_review_top20,
7f8a461e537b,"[""DEP_conj_rate_alto"", ""DEP_nsubj:pass_rate_baixo""]",DEP_conj_rate_alto + DEP_nsubj:pass_rate_baixo,"[""9ae50ffb7056""]",9ae50ffb7056,296,0.20555555555555555,True,0.93999999999999995,"[""DEP_nsubj:pass"", ""coordenacao""]",DEP_nsubj:pass|coordenacao,False,True,True,0.42617940927371056,research_only,outside_review_top20,
004dcfcd1bbd,"[""DEP_cop_rate_baixo"", ""DEP_obj_rate_alto""]",DEP_cop_rate_baixo + DEP_obj_rate_alto,"[""70f8f8414303""]",70f8f8414303,261,0.18124999999999999,True,1,"[""DEP_cop"", ""DEP_obj""]",DEP_cop|DEP_obj,False,True,True,0.42573465914816,research_only,outside_review_top20,
91501bd492b4,"[""DEP_cc_rate_baixo"", ""DEP_nummod_rate_baixo"", ""POS_CCONJ_rate_baixo""]",DEP_cc_rate_baixo + DEP_nummod_rate_baixo + POS_CCONJ_rate_baixo,"[""aa48e1119ede"", ""cc3bee4cfa79"", ""dda5d4e74868"", ""f4ca56e691dc""]",aa48e1119ede,261,0.18124999999999999,True,1,"[""coordenacao"", ""numerais""]",coordenacao|numerais,True,True,True,0.42573465914816,research_only,outside_review_top20,
96822f0d4ff4,"[""DEP_aux:pass_rate_baixo"", ""DEP_nsubj:pass_rate_baixo"", ""POS_SCONJ_rate_alto""]",DEP_aux:pass_rate_baixo + DEP_nsubj:pass_rate_baixo + POS_SCONJ_rate_alto,"[""cd4964f8af55"", ""d916a2744b8f""]",d916a2744b8f,261,0.18124999999999999,True,1,"[""DEP_nsubj:pass"", ""auxiliares"", ""subordinacao""]",DEP_nsubj:pass|auxiliares|subordinacao,False,True,True,0.42573465914816,research_only,outside_review_top20,
f35004c0bf86,"[""DEP_acl_rate_baixo"", ""DEP_mark_rate_baixo""]",DEP_acl_rate_baixo + DEP_mark_rate_baixo,"[""5f71ac776a8d""]",5f71ac776a8d,261,0.18124999999999999,True,1,"[""DEP_acl"", ""subordinacao""]",DEP_acl|subordinacao,False,True,True,0.42573465914816,research_only,outside_review_top20,
612194d3f120,"[""DEP_aux:pass_rate_baixo"", ""DEP_nsubj:pass_rate_baixo"", ""DEP_nummod_rate_alto""]",DEP_aux:pass_rate_baixo + DEP_nsubj:pass_rate_baixo + DEP_nummod_rate_alto,"[""46f2c2becfbe"", ""ce52c26f44ab""]",ce52c26f44ab,260,0.18055555555555555,True,1,"[""DEP_nsubj:pass"", ""auxiliares"", ""numerais""]",DEP_nsubj:pass|auxiliares|numerais,False,True,True,0.42491829279939874,research_only,same_mechanism_family,
b2b58f09a683,"[""DEP_acl:relcl_rate_baixo"", ""DEP_nmod_rate_alto""]",DEP_acl:relcl_rate_baixo + DEP_nmod_rate_alto,"[""4dee0e7213eb""]",4dee0e7213eb,260,0.18055555555555555,True,1,"[""DEP_acl:relcl"", ""DEP_nmod""]",DEP_acl:relcl|DEP_nmod,False,True,True,0.42491829279939874,research_only,outside_review_top20,
d9af1703132a,"[""DEP_advcl_rate_baixo"", ""DEP_aux:pass_rate_baixo"", ""DEP_mark_rate_baixo""]",DEP_advcl_rate_baixo + DEP_aux:pass_rate_baixo + DEP_mark_rate_baixo,"[""20f662f88228"", ""564cb17ff183""]",20f662f88228,260,0.18055555555555555,True,1,"[""DEP_advcl"", ""auxiliares"", ""subordinacao""]",DEP_advcl|auxiliares|subordinacao,False,True,True,0.42491829279939874,research_only,outside_review_top20,
ee6524617188,"[""DEP_advcl_rate_alto"", ""DEP_aux:pass_rate_baixo"", ""DEP_nsubj:pass_rate_baixo""]",DEP_advcl_rate_alto + DEP_aux:pass_rate_baixo + DEP_nsubj:pass_rate_baixo,"[""927b2f5a53d8"", ""a3f283dd2fd6""]",a3f283dd2fd6,260,0.18055555555555555,True,1,"[""DEP_advcl"", ""DEP_nsubj:pass"", ""auxiliares""]",DEP_advcl|DEP_nsubj:pass|auxiliares,False,True,True,0.42491829279939874,research_only,same_mechanism_family,
5fd0d3f346d8,"[""DEP_nummod_rate_baixo"", ""POS_AUX_rate_alto""]",DEP_nummod_rate_baixo + POS_AUX_rate_alto,"[""43f6da999593""]",43f6da999593,259,0.17986111111111111,True,1,"[""auxiliares"", ""numerais""]",auxiliares|numerais,False,True,True,0.42410035499998244,research_only,outside_review_top20,
b86bb0636b87,"[""DEP_advcl_rate_baixo"", ""DEP_advmod_rate_baixo"", ""POS_ADV_rate_baixo""]",DEP_advcl_rate_baixo + DEP_advmod_rate_baixo + POS_ADV_rate_baixo,"[""320210af9326"", ""52ce443b15a9"", ""6a7d0b0aeb06"", ""7e1c9731ccca"", ""a9cc0766f780""]",7e1c9731ccca,259,0.17986111111111111,True,1,"[""DEP_advcl"", ""modificacao_adverbial""]",DEP_advcl|modificacao_adverbial,True,False,True,0.42410035499998244,research_only,outside_review_top20,
bd4320974909,"[""DEP_appos_rate_alto"", ""DEP_cop_rate_baixo""]",DEP_appos_rate_alto + DEP_cop_rate_baixo,"[""327e2fd701c5""]",327e2fd701c5,259,0.17986111111111111,True,1,"[""DEP_appos"", ""DEP_cop""]",DEP_appos|DEP_cop,False,True,True,0.42410035499998244,research_only,outside_review_top20,
c9c33061c04a,"[""DEP_ccomp_rate_baixo"", ""DEP_cop_rate_baixo"", ""DEP_xcomp_rate_baixo""]",DEP_ccomp_rate_baixo + DEP_cop_rate_baixo + DEP_xcomp_rate_baixo,"[""627bfa36fef9"", ""79792fe2cf80""]",79792fe2cf80,259,0.17986111111111111,True,1,"[""DEP_ccomp"", ""DEP_cop"", ""DEP_xcomp""]",DEP_ccomp|DEP_cop|DEP_xcomp,False,True,True,0.42410035499998244,research_only,outside_review_top20,
d10c00d2861e,"[""DEP_aux:pass_rate_baixo"", ""DEP_nsubj:pass_rate_baixo"", ""POS_ADV_rate_alto""]",DEP_aux:pass_rate_baixo + DEP_nsubj:pass_rate_baixo + POS_ADV_rate_alto,"[""77b09bde19bd"", ""b235825fd6b7""]",77b09bde19bd,259,0.17986111111111111,True,1,"[""DEP_nsubj:pass"", ""auxiliares"", ""modificacao_adverbial""]",DEP_nsubj:pass|auxiliares|modificacao_adverbial,False,True,True,0.42410035499998244,research_only,outside_review_top20,
2506df0ae676,"[""DEP_aux:pass_rate_baixo"", ""DEP_nsubj:pass_rate_baixo"", ""POS_CCONJ_rate_alto""]",DEP_aux:pass_rate_baixo + DEP_nsubj:pass_rate_baixo + POS_CCONJ_rate_alto,"[""15200137f84a"", ""4ddd999a7613"", ""523026e596f0""]",523026e596f0,258,0.17916666666666667,True,1,"[""DEP_nsubj:pass"", ""auxiliares"", ""coordenacao""]",DEP_nsubj:pass|auxiliares|coordenacao,False,True,True,0.42328083664000982,research_only,outside_review_top20,
3f53a06472ef,"[""DEP_acl:relcl_rate_alto"", ""DEP_aux:pass_rate_baixo"", ""DEP_nsubj:pass_rate_baixo""]",DEP_acl:relcl_rate_alto + DEP_aux:pass_rate_baixo + DEP_nsubj:pass_rate_baixo,"[""120bb756d400"", ""ac7cbd05ee74""]",120bb756d400,258,0.17916666666666667,True,1,"[""DEP_acl:relcl"", ""DEP_nsubj:pass"", ""auxiliares""]",DEP_acl:relcl|DEP_nsubj:pass|auxiliares,False,True,True,0.42328083664000982,research_only,same_mechanism_family,
4b568f4de8bc,"[""DEP_aux:pass_rate_baixo"", ""DEP_nsubj:pass_rate_baixo"", ""uppercaseRatio_alto""]",DEP_aux:pass_rate_baixo + DEP_nsubj:pass_rate_baixo + uppercaseRatio_alto,"[""c26d7e31b911"", ""de2314a85751""]",de2314a85751,258,0.17916666666666667,True,1,"[""DEP_nsubj:pass"", ""auxiliares"", ""uppercaseRatio""]",DEP_nsubj:pass|auxiliares|uppercaseRatio,False,True,True,0.42328083664000982,research_only,same_mechanism_family,
d53e41009977,"[""DEP_aux:pass_rate_baixo"", ""DEP_nsubj:pass_rate_baixo"", ""POS_VERB_rate_alto""]",DEP_aux:pass_rate_baixo + DEP_nsubj:pass_rate_baixo + POS_VERB_rate_alto,"[""2bd96852e2f9"", ""6d442eba6e3b""]",2bd96852e2f9,258,0.17916666666666667,True,1,"[""DEP_nsubj:pass"", ""POS_VERB"", ""auxiliares""]",DEP_nsubj:pass|POS_VERB|auxiliares,False,True,True,0.42328083664000982,research_only,outside_review_top20,
fa9e21c0b2d7,"[""DEP_nummod_rate_baixo"", ""DEP_xcomp_rate_baixo"", ""POS_NUM_rate_baixo""]",DEP_nummod_rate_baixo + DEP_xcomp_rate_baixo + POS_NUM_rate_baixo,"[""719dd0f3808f"", ""84b8437cb647""]",719dd0f3808f,258,0.17916666666666667,True,1,"[""DEP_xcomp"", ""numerais""]",DEP_xcomp|numerais,True,True,True,0.42328083664000982,research_only,outside_review_top20,
fe5a925a74b7,"[""DEP_aux:pass_rate_baixo"", ""DEP_nsubj:pass_rate_baixo"", ""punctuationDensity_spacy_alto""]",DEP_aux:pass_rate_baixo + DEP_nsubj:pass_rate_baixo + punctuationDensity_spacy_alto,"[""3222d0fdaaaa"", ""5c953a93c55e"", ""5cdb87e69fe9""]",5cdb87e69fe9,258,0.17916666666666667,True,1,"[""DEP_nsubj:pass"", ""auxiliares"", ""punctuationDensity_spacy""]",DEP_nsubj:pass|auxiliares|punctuationDensity_spacy,False,True,True,0.42328083664000982,research_only,outside_review_top20,
0db8d254221a,"[""DEP_cop_rate_baixo"", ""DEP_obl_rate_alto""]",DEP_cop_rate_baixo + DEP_obl_rate_alto,"[""3089f69eb9ec""]",3089f69eb9ec,257,0.17847222222222223,True,1,"[""DEP_cop"", ""DEP_obl""]",DEP_cop|DEP_obl,False,True,True,0.42245972852121921,research_only,outside_review_top20,
572a56eaf3fd,"[""DEP_acl:relcl_rate_baixo"", ""DEP_advcl_rate_alto""]",DEP_acl:relcl_rate_baixo + DEP_advcl_rate_alto,"[""1cb76170ec18""]",1cb76170ec18,257,0.17847222222222223,True,1,"[""DEP_acl:relcl"", ""DEP_advcl""]",DEP_acl:relcl|DEP_advcl,False,True,True,0.42245972852121921,research_only,outside_review_top20,
5b87701ab6ce,"[""DEP_nummod_rate_baixo"", ""POS_PRON_rate_alto""]",DEP_nummod_rate_baixo + POS_PRON_rate_alto,"[""a147f9bb1a13""]",a147f9bb1a13,257,0.17847222222222223,True,1,"[""POS_PRON"", ""numerais""]",POS_PRON|numerais,False,True,True,0.42245972852121921,research_only,outside_review_top20,
7830eeac05b0,"[""DEP_advcl_rate_baixo"", ""DEP_case_rate_alto""]",DEP_advcl_rate_baixo + DEP_case_rate_alto,"[""c2eea939beed""]",c2eea939beed,257,0.17847222222222223,True,1,"[""DEP_advcl"", ""relacoes_preposicionais""]",DEP_advcl|relacoes_preposicionais,False,True,True,0.42245972852121921,research_only,outside_review_top20,
e34ca9514625,"[""DEP_aux:pass_rate_baixo"", ""DEP_nsubj:pass_rate_baixo"", ""POS_NOUN_rate_alto""]",DEP_aux:pass_rate_baixo + DEP_nsubj:pass_rate_baixo + POS_NOUN_rate_alto,"[""71d6a759178a"", ""79716d7b73a6"", ""b44d2bd407a9""]",79716d7b73a6,257,0.17847222222222223,True,1,"[""DEP_nsubj:pass"", ""POS_NOUN"", ""auxiliares""]",DEP_nsubj:pass|POS_NOUN|auxiliares,False,True,True,0.42245972852121921,research_only,outside_review_top20,
0622ce83bc88,"[""DEP_aux:pass_rate_baixo"", ""DEP_nsubj:pass_rate_baixo"", ""POS_CCONJ_rate_baixo""]",DEP_aux:pass_rate_baixo + DEP_nsubj:pass_rate_baixo + POS_CCONJ_rate_baixo,"[""0ccec063f9e9"", ""1db9ed91b356""]",0ccec063f9e9,256,0.17777777777777778,True,1,"[""DEP_nsubj:pass"", ""auxiliares"", ""coordenacao""]",DEP_nsubj:pass|auxiliares|coordenacao,False,True,True,0.4216370213557839,research_only,outside_review_top20,
9839a41f4d4d,"[""DEP_aux:pass_rate_baixo"", ""DEP_cop_rate_alto"", ""DEP_nsubj:pass_rate_baixo""]",DEP_aux:pass_rate_baixo + DEP_cop_rate_alto + DEP_nsubj:pass_rate_baixo,"[""27686c921ec2"", ""a020b726212e"", ""aa67155b84f9""]",a020b726212e,256,0.17777777777777778,True,1,"[""DEP_cop"", ""DEP_nsubj:pass"", ""auxiliares""]",DEP_cop|DEP_nsubj:pass|auxiliares,False,True,True,0.4216370213557839,research_only,same_mechanism_family,
58280cb295d0,"[""DEP_ccomp_rate_baixo"", ""POS_AUX_rate_baixo""]",DEP_ccomp_rate_baixo + POS_AUX_rate_baixo,"[""d19b1555fec2""]",d19b1555fec2,255,0.17708333333333334,True,1,"[""DEP_ccomp"", ""auxiliares""]",DEP_ccomp|auxiliares,False,True,True,0.42081270576508661,research_only,outside_review_top20,
90c5c628cfc4,"[""DEP_aux:pass_rate_baixo"", ""DEP_ccomp_rate_baixo"", ""POS_AUX_rate_baixo""]",DEP_aux:pass_rate_baixo + DEP_ccomp_rate_baixo + POS_AUX_rate_baixo,"[""2880b15ba7c6"", ""3fc7edf8d2bc"", ""5de1d14cc4a0""]",3fc7edf8d2bc,255,0.17708333333333334,True,1,"[""DEP_ccomp"", ""auxiliares""]",DEP_ccomp|auxiliares,True,True,True,0.42081270576508661,research_only,outside_review_top20,
d20873417a73,"[""DEP_ccomp_rate_baixo"", ""DEP_nsubj:pass_rate_baixo"", ""POS_AUX_rate_baixo""]",DEP_ccomp_rate_baixo + DEP_nsubj:pass_rate_baixo + POS_AUX_rate_baixo,"[""080baf24c2f3"", ""4e0b8fb7736b"", ""a0629c649208""]",080baf24c2f3,255,0.17708333333333334,True,1,"[""DEP_ccomp"", ""DEP_nsubj:pass"", ""auxiliares""]",DEP_ccomp|DEP_nsubj:pass|auxiliares,False,True,True,0.42081270576508661,research_only,same_mechanism_family,
0d8c9ba4e948,"[""DEP_aux:pass_rate_baixo"", ""DEP_nsubj:pass_rate_baixo"", ""DEP_obl_rate_baixo""]",DEP_aux:pass_rate_baixo + DEP_nsubj:pass_rate_baixo + DEP_obl_rate_baixo,"[""10f22a7b237f"", ""96ed3777aef5"", ""a8acad54f61e""]",a8acad54f61e,254,0.1763888888888889,True,1,"[""DEP_nsubj:pass"", ""DEP_obl"", ""auxiliares""]",DEP_nsubj:pass|DEP_obl|auxiliares,False,True,True,0.41998677227847175,research_only,outside_review_top20,
52804d3711bd,"[""DEP_aux:pass_rate_baixo"", ""DEP_nmod_rate_baixo"", ""DEP_nsubj:pass_rate_baixo""]",DEP_aux:pass_rate_baixo + DEP_nmod_rate_baixo + DEP_nsubj:pass_rate_baixo,"[""2a387c6f9375"", ""320dcfa32a63""]",320dcfa32a63,254,0.1763888888888889,True,1,"[""DEP_nmod"", ""DEP_nsubj:pass"", ""auxiliares""]",DEP_nmod|DEP_nsubj:pass|auxiliares,False,True,True,0.41998677227847175,research_only,outside_review_top20,
fc4fdacf5b50,"[""DEP_acl:relcl_rate_baixo"", ""DEP_case_rate_alto""]",DEP_acl:relcl_rate_baixo + DEP_case_rate_alto,"[""f0e2b9f4df81""]",f0e2b9f4df81,254,0.1763888888888889,True,1,"[""DEP_acl:relcl"", ""relacoes_preposicionais""]",DEP_acl:relcl|relacoes_preposicionais,False,True,True,0.41998677227847175,research_only,outside_review_top20,
1ab3aa2fb313,"[""DEP_mark_rate_alto"", ""DEP_nummod_rate_baixo"", ""POS_SCONJ_rate_alto""]",DEP_mark_rate_alto + DEP_nummod_rate_baixo + POS_SCONJ_rate_alto,"[""035b46f6858b"", ""25a28cbdd6a4"", ""43060a648549"", ""bcd80aeab219"", ""fe8da1b9208e""]",43060a648549,253,0.17569444444444443,True,1,"[""numerais"", ""subordinacao""]",numerais|subordinacao,True,True,True,0.41915921133197637,research_only,outside_review_top20,
7aedfeb2a8f3,"[""DEP_advcl_rate_baixo"", ""DEP_ccomp_rate_baixo"", ""DEP_xcomp_rate_baixo""]",DEP_advcl_rate_baixo + DEP_ccomp_rate_baixo + DEP_xcomp_rate_baixo,"[""23468c6be4a4"", ""66bb573056f7""]",66bb573056f7,253,0.17569444444444443,True,1,"[""DEP_advcl"", ""DEP_ccomp"", ""DEP_xcomp""]",DEP_advcl|DEP_ccomp|DEP_xcomp,False,True,True,0.41915921133197637,research_only,outside_review_top20,
8b065a403d2a,"[""DEP_nummod_rate_baixo"", ""POS_ADP_rate_baixo""]",DEP_nummod_rate_baixo + POS_ADP_rate_baixo,"[""fcc5da49caa5""]",fcc5da49caa5,253,0.17569444444444443,True,1,"[""numerais"", ""relacoes_preposicionais""]",numerais|relacoes_preposicionais,False,True,True,0.41915921133197637,research_only,outside_review_top20,
a59216a7f7ca,"[""DEP_advmod_rate_baixo"", ""DEP_nummod_rate_baixo"", ""POS_ADV_rate_baixo""]",DEP_advmod_rate_baixo + DEP_nummod_rate_baixo + POS_ADV_rate_baixo,"[""28074e62dd5d"", ""8b0ec4ab22bf"", ""9568f2e35308"", ""f3d08c84e7d1""]",8b0ec4ab22bf,253,0.17569444444444443,True,1,"[""modificacao_adverbial"", ""numerais""]",modificacao_adverbial|numerais,True,True,True,0.41915921133197637,research_only,outside_review_top20,
b1ddd811a80b,"[""DEP_advcl_rate_baixo"", ""POS_PROPN_rate_alto""]",DEP_advcl_rate_baixo + POS_PROPN_rate_alto,"[""714dc4c2aebf""]",714dc4c2aebf,253,0.17569444444444443,True,1,"[""DEP_advcl"", ""POS_PROPN""]",DEP_advcl|POS_PROPN,False,False,True,0.41915921133197637,research_only,outside_review_top20,
b8b2101935b4,"[""DEP_ccomp_rate_baixo"", ""DEP_cop_rate_baixo"", ""POS_AUX_rate_baixo""]",DEP_ccomp_rate_baixo + DEP_cop_rate_baixo + POS_AUX_rate_baixo,"[""8dff4d282ee8"", ""a8a530ce8ce8"", ""b5b44caad516""]",b5b44caad516,253,0.17569444444444443,True,1,"[""DEP_ccomp"", ""DEP_cop"", ""auxiliares""]",DEP_ccomp|DEP_cop|auxiliares,False,True,True,0.41915921133197637,research_only,outside_review_top20,
d7bceb79e930,"[""DEP_mark_rate_baixo"", ""DEP_xcomp_rate_baixo"", ""POS_SCONJ_rate_baixo""]",DEP_mark_rate_baixo + DEP_xcomp_rate_baixo + POS_SCONJ_rate_baixo,"[""3a9a27fb7b5a"", ""409971c2ee73"", ""a7fb64ef12c5"", ""c1c2274953b7"", ""d75c95af3e7e""]",409971c2ee73,253,0.17569444444444443,True,1,"[""DEP_xcomp"", ""subordinacao""]",DEP_xcomp|subordinacao,True,True,True,0.41915921133197637,research_only,outside_review_top20,
f4d47ecd5cd8,"[""DEP_advcl_rate_baixo"", ""DEP_flat:name_rate_alto""]",DEP_advcl_rate_baixo + DEP_flat:name_rate_alto,"[""593593db62da""]",593593db62da,253,0.17569444444444443,True,1,"[""DEP_advcl"", ""DEP_flat:name""]",DEP_advcl|DEP_flat:name,False,True,True,0.41915921133197637,research_only,outside_review_top20,
f644f9f2d3f2,"[""DEP_aux:pass_rate_baixo"", ""DEP_nsubj:pass_rate_baixo"", ""POS_PROPN_rate_alto""]",DEP_aux:pass_rate_baixo + DEP_nsubj:pass_rate_baixo + POS_PROPN_rate_alto,"[""5eb1d6363d89"", ""9244adb8789e""]",9244adb8789e,253,0.17569444444444443,True,1,"[""DEP_nsubj:pass"", ""POS_PROPN"", ""auxiliares""]",DEP_nsubj:pass|POS_PROPN|auxiliares,False,True,True,0.41915921133197637,research_only,outside_review_top20,
974aa353137f,"[""DEP_ccomp_rate_baixo"", ""DEP_obl_rate_alto""]",DEP_ccomp_rate_baixo + DEP_obl_rate_alto,"[""5058ece01ff9""]",5058ece01ff9,263,0.18263888888888888,True,0.97999999999999998,"[""DEP_ccomp"", ""DEP_obl""]",DEP_ccomp|DEP_obl,False,True,True,0.41881545922863078,research_only,outside_review_top20,
1f157ecd3cc3,"[""DEP_advmod_rate_alto"", ""DEP_nsubj:pass_rate_baixo"", ""POS_ADV_rate_alto""]",DEP_advmod_rate_alto + DEP_nsubj:pass_rate_baixo + POS_ADV_rate_alto,"[""115b631601db"", ""890f7d0b7bd8"", ""977c5a6ed7e1"", ""abf74342b5ba""]",977c5a6ed7e1,252,0.17499999999999999,True,1,"[""DEP_nsubj:pass"", ""modificacao_adverbial""]",DEP_nsubj:pass|modificacao_adverbial,True,True,True,0.41833001326703778,research_only,outside_review_top20,
7313e2f29fbd,"[""DEP_advmod_rate_baixo"", ""DEP_ccomp_rate_baixo"", ""POS_ADV_rate_baixo""]",DEP_advmod_rate_baixo + DEP_ccomp_rate_baixo + POS_ADV_rate_baixo,"[""5bd1b89b2971"", ""6bc0044768d2"", ""8f07dbefebd7"", ""a686b7ddfc02""]",6bc0044768d2,252,0.17499999999999999,True,1,"[""DEP_ccomp"", ""modificacao_adverbial""]",DEP_ccomp|modificacao_adverbial,True,False,True,0.41833001326703778,research_only,outside_review_top20,
a542320d1644,"[""DEP_amod_rate_alto"", ""DEP_nsubj:pass_rate_baixo""]",DEP_amod_rate_alto + DEP_nsubj:pass_rate_baixo,"[""529a66f062f3""]",529a66f062f3,304,0.21111111111111111,True,0.91000000000000003,"[""DEP_nsubj:pass"", ""adjetivacao""]",DEP_nsubj:pass|adjetivacao,False,True,True,0.41811614548007009,research_only,outside_review_top20,
a06966eeb327,"[""DEP_aux:pass_rate_baixo"", ""DEP_conj_rate_alto""]",DEP_aux:pass_rate_baixo + DEP_conj_rate_alto,"[""56f8cb74e227""]",56f8cb74e227,267,0.18541666666666667,True,0.96999999999999997,"[""auxiliares"", ""coordenacao""]",auxiliares|coordenacao,False,True,True,0.41768234540936328,research_only,outside_review_top20,
17f99d8a96b0,"[""DEP_case_rate_alto"", ""DEP_nmod_rate_alto""]",DEP_case_rate_alto + DEP_nmod_rate_alto,"[""287fc81526ce"", ""789883194787""]",789883194787,251,0.17430555555555555,True,1,"[""DEP_nmod"", ""relacoes_preposicionais""]",DEP_nmod|relacoes_preposicionais,False,True,True,0.41749916832917827,research_only,outside_review_top20,
3624da99214c,"[""DEP_advcl_rate_baixo"", ""DEP_obj_rate_baixo""]",DEP_advcl_rate_baixo + DEP_obj_rate_baixo,"[""c672065287b4""]",c672065287b4,251,0.17430555555555555,True,1,"[""DEP_advcl"", ""DEP_obj""]",DEP_advcl|DEP_obj,False,False,True,0.41749916832917827,research_only,outside_review_top20,
757b92cfcc31,"[""DEP_amod_rate_alto"", ""DEP_ccomp_rate_baixo""]",DEP_amod_rate_alto + DEP_ccomp_rate_baixo,"[""7d817c58a054""]",7d817c58a054,251,0.17430555555555555,True,1,"[""DEP_ccomp"", ""adjetivacao""]",DEP_ccomp|adjetivacao,False,False,True,0.41749916832917827,research_only,outside_review_top20,
f351f719ced1,"[""DEP_aux:pass_rate_baixo"", ""DEP_nsubj:pass_rate_baixo"", ""POS_VERB_rate_baixo""]",DEP_aux:pass_rate_baixo + DEP_nsubj:pass_rate_baixo + POS_VERB_rate_baixo,"[""1ee977b0e45a"", ""44ef2a8f1216"", ""d04d5a8a2608""]",44ef2a8f1216,251,0.17430555555555555,True,1,"[""DEP_nsubj:pass"", ""POS_VERB"", ""auxiliares""]",DEP_nsubj:pass|POS_VERB|auxiliares,False,True,True,0.41749916832917827,research_only,outside_review_top20,
02f2afefc0c8,"[""DEP_nummod_rate_baixo"", ""POS_DET_rate_alto""]",DEP_nummod_rate_baixo + POS_DET_rate_alto,"[""8775deacee66""]",8775deacee66,250,0.1736111111111111,True,1,"[""determinacao"", ""numerais""]",determinacao|numerais,False,True,True,0.41666666666666669,research_only,outside_review_top20,
4dc4b00039ee,"[""DEP_nummod_rate_baixo"", ""POS_PROPN_rate_alto""]",DEP_nummod_rate_baixo + POS_PROPN_rate_alto,"[""7fc812d36efa""]",7fc812d36efa,250,0.1736111111111111,True,1,"[""POS_PROPN"", ""numerais""]",POS_PROPN|numerais,False,True,True,0.41666666666666669,research_only,outside_review_top20,
af926106f408,"[""DEP_advcl_rate_baixo"", ""DEP_appos_rate_alto""]",DEP_advcl_rate_baixo + DEP_appos_rate_alto,"[""7bd7184573b0""]",7bd7184573b0,255,0.17708333333333334,True,0.98999999999999999,"[""DEP_advcl"", ""DEP_appos""]",DEP_advcl|DEP_appos,False,True,True,0.41660457870743572,research_only,outside_review_top20,
0197f77ba38d,"[""DEP_case_rate_alto"", ""DEP_cop_rate_baixo""]",DEP_case_rate_alto + DEP_cop_rate_baixo,"[""b651f01692ee""]",b651f01692ee,249,0.17291666666666666,True,1,"[""DEP_cop"", ""relacoes_preposicionais""]",DEP_cop|relacoes_preposicionais,False,True,True,0.41583249832915498,research_only,outside_review_top20,
241083e285fa,"[""DEP_acl_rate_baixo"", ""DEP_mark_rate_baixo"", ""POS_SCONJ_rate_baixo""]",DEP_acl_rate_baixo + DEP_mark_rate_baixo + POS_SCONJ_rate_baixo,"[""0cfd95d84c4a"", ""847710b404fd"", ""d30967abf522"", ""d53a3c9c56b9"", ""dac22b431f59""]",847710b404fd,249,0.17291666666666666,True,1,"[""DEP_acl"", ""subordinacao""]",DEP_acl|subordinacao,True,True,True,0.41583249832915498,research_only,outside_review_top20,
4bf25eb09aed,"[""DEP_aux:pass_rate_baixo"", ""DEP_nsubj:pass_rate_baixo"", ""POS_NOUN_rate_baixo""]",DEP_aux:pass_rate_baixo + DEP_nsubj:pass_rate_baixo + POS_NOUN_rate_baixo,"[""02fc4c767c61"", ""bb87b2d803d8""]",bb87b2d803d8,249,0.17291666666666666,True,1,"[""DEP_nsubj:pass"", ""POS_NOUN"", ""auxiliares""]",DEP_nsubj:pass|POS_NOUN|auxiliares,False,True,True,0.41583249832915498,research_only,outside_review_top20,
4f5ec731812a,"[""DEP_cop_rate_baixo"", ""DEP_mark_rate_baixo"", ""POS_SCONJ_rate_baixo""]",DEP_cop_rate_baixo + DEP_mark_rate_baixo + POS_SCONJ_rate_baixo,"[""01b78f78be88"", ""627ecfb3e0bb"", ""877caa8d98d2"", ""a2e9f100e0e7"", ""fdf27f5f3990""]",fdf27f5f3990,249,0.17291666666666666,True,1,"[""DEP_cop"", ""subordinacao""]",DEP_cop|subordinacao,True,True,True,0.41583249832915498,research_only,outside_review_top20,
a377082ef8ef,"[""DEP_advmod_rate_alto"", ""DEP_aux:pass_rate_baixo"", ""DEP_nsubj:pass_rate_baixo""]",DEP_advmod_rate_alto + DEP_aux:pass_rate_baixo + DEP_nsubj:pass_rate_baixo,"[""101c174ae18b"", ""5bc148b46e6e""]",101c174ae18b,249,0.17291666666666666,True,1,"[""DEP_nsubj:pass"", ""auxiliares"", ""modificacao_adverbial""]",DEP_nsubj:pass|auxiliares|modificacao_adverbial,False,True,True,0.41583249832915498,research_only,outside_review_top20,
0157a4417265,"[""DEP_aux:pass_rate_baixo"", ""DEP_cc_rate_alto"", ""POS_CCONJ_rate_alto""]",DEP_aux:pass_rate_baixo + DEP_cc_rate_alto + POS_CCONJ_rate_alto,"[""0aa3c88f130e"", ""2db44e730d89"", ""b5db03345401"", ""dbacf737535e"", ""dbe1d66e904d""]",dbe1d66e904d,248,0.17222222222222222,True,1,"[""auxiliares"", ""coordenacao""]",auxiliares|coordenacao,True,True,True,0.41499665326629109,research_only,outside_review_top20,
948b0ffc6cec,"[""DEP_aux:pass_rate_baixo"", ""DEP_conj_rate_baixo"", ""DEP_nsubj:pass_rate_baixo""]",DEP_aux:pass_rate_baixo + DEP_conj_rate_baixo + DEP_nsubj:pass_rate_baixo,"[""8146f8feddfc"", ""c0cc9a1d0b5c""]",8146f8feddfc,248,0.17222222222222222,True,1,"[""DEP_nsubj:pass"", ""auxiliares"", ""coordenacao""]",DEP_nsubj:pass|auxiliares|coordenacao,False,True,True,0.41499665326629109,research_only,outside_review_top20,
04890b03aa1d,"[""DEP_cc_rate_baixo"", ""DEP_ccomp_rate_baixo"", ""POS_CCONJ_rate_baixo""]",DEP_cc_rate_baixo + DEP_ccomp_rate_baixo + POS_CCONJ_rate_baixo,"[""320094044230"", ""4aaf1a43358c"", ""825653b86223"", ""978853cdf2e2""]",825653b86223,247,0.17152777777777778,True,1,"[""DEP_ccomp"", ""coordenacao""]",DEP_ccomp|coordenacao,True,True,True,0.41415912132630589,research_only,outside_review_top20,
1785309a3f0e,"[""DEP_aux:pass_rate_baixo"", ""DEP_nsubj:pass_rate_baixo"", ""diversidade_baixo""]",DEP_aux:pass_rate_baixo + DEP_nsubj:pass_rate_baixo + diversidade_baixo,"[""83c35864dda4"", ""cf3ebef22190""]",cf3ebef22190,247,0.17152777777777778,True,1,"[""DEP_nsubj:pass"", ""auxiliares"", ""diversidade""]",DEP_nsubj:pass|auxiliares|diversidade,False,True,True,0.41415912132630589,research_only,outside_review_top20,
b5dc670f517e,"[""DEP_aux:pass_rate_baixo"", ""DEP_nsubj:pass_rate_baixo"", ""diversidade_alto""]",DEP_aux:pass_rate_baixo + DEP_nsubj:pass_rate_baixo + diversidade_alto,"[""169ef232f393"", ""74add39badcb""]",74add39badcb,247,0.17152777777777778,True,1,"[""DEP_nsubj:pass"", ""auxiliares"", ""diversidade""]",DEP_nsubj:pass|auxiliares|diversidade,False,True,True,0.41415912132630589,research_only,outside_review_top20,
d5f433685a84,"[""DEP_aux:pass_rate_baixo"", ""DEP_nsubj:pass_rate_baixo"", ""DEP_obl_rate_alto""]",DEP_aux:pass_rate_baixo + DEP_nsubj:pass_rate_baixo + DEP_obl_rate_alto,"[""383ad1291b8f"", ""b5dc1dd390dd""]",b5dc1dd390dd,247,0.17152777777777778,True,1,"[""DEP_nsubj:pass"", ""DEP_obl"", ""auxiliares""]",DEP_nsubj:pass|DEP_obl|auxiliares,False,True,True,0.41415912132630589,research_only,outside_review_top20,
e2afbb3aeb75,"[""DEP_ccomp_rate_baixo"", ""POS_NUM_rate_alto""]",DEP_ccomp_rate_baixo + POS_NUM_rate_alto,"[""966f6f84a624""]",966f6f84a624,247,0.17152777777777778,True,1,"[""DEP_ccomp"", ""numerais""]",DEP_ccomp|numerais,False,True,True,0.41415912132630589,research_only,outside_review_top20,
3ad8c517a89b,"[""DEP_cc_rate_baixo"", ""DEP_conj_rate_baixo"", ""DEP_nsubj:pass_rate_baixo""]",DEP_cc_rate_baixo + DEP_conj_rate_baixo + DEP_nsubj:pass_rate_baixo,"[""13956bd664e0"", ""24dd31ace56b"", ""345c15baa58f"", ""5c395dbc4687""]",13956bd664e0,246,0.17083333333333334,True,1,"[""DEP_nsubj:pass"", ""coordenacao""]",DEP_nsubj:pass|coordenacao,True,True,True,0.41331989225457483,research_only,outside_review_top20,
c47a0dc55dff,"[""DEP_aux:pass_rate_baixo"", ""DEP_nsubj:pass_rate_baixo"", ""POS_ADJ_rate_baixo""]",DEP_aux:pass_rate_baixo + DEP_nsubj:pass_rate_baixo + POS_ADJ_rate_baixo,"[""86cc7cd54479"", ""ad472c8caf8d""]",86cc7cd54479,246,0.17083333333333334,True,1,"[""DEP_nsubj:pass"", ""adjetivacao"", ""auxiliares""]",DEP_nsubj:pass|adjetivacao|auxiliares,False,True,True,0.41331989225457483,research_only,outside_review_top20,
6bd415a67a10,"[""DEP_acl:relcl_rate_baixo"", ""DEP_cop_rate_baixo"", ""DEP_xcomp_rate_baixo""]",DEP_acl:relcl_rate_baixo + DEP_cop_rate_baixo + DEP_xcomp_rate_baixo,"[""28819897c5c6""]",28819897c5c6,256,0.17777777777777778,True,0.97999999999999998,"[""DEP_acl:relcl"", ""DEP_cop"", ""DEP_xcomp""]",DEP_acl:relcl|DEP_cop|DEP_xcomp,False,True,True,0.41320428092866823,research_only,outside_review_top20,
3698aa059500,"[""DEP_aux:pass_rate_baixo"", ""DEP_flat:name_rate_alto"", ""DEP_nsubj:pass_rate_baixo""]",DEP_aux:pass_rate_baixo + DEP_flat:name_rate_alto + DEP_nsubj:pass_rate_baixo,"[""09f40e1ab071"", ""5b81786cc42d""]",5b81786cc42d,245,0.1701388888888889,True,1,"[""DEP_flat:name"", ""DEP_nsubj:pass"", ""auxiliares""]",DEP_flat:name|DEP_nsubj:pass|auxiliares,False,True,True,0.4124789556921527,research_only,outside_review_top20,
6872a63843dc,"[""DEP_advcl_rate_alto"", ""DEP_nummod_rate_baixo""]",DEP_advcl_rate_alto + DEP_nummod_rate_baixo,"[""ba49b197d2c7""]",ba49b197d2c7,260,0.18055555555555555,True,0.96999999999999997,"[""DEP_advcl"", ""numerais""]",DEP_advcl|numerais,False,True,True,0.41217074401541676,research_only,outside_review_top20,
485fc11b3d22,"[""DEP_aux:pass_rate_baixo"", ""DEP_case_rate_alto"", ""DEP_nsubj:pass_rate_baixo""]",DEP_aux:pass_rate_baixo + DEP_case_rate_alto + DEP_nsubj:pass_rate_baixo,"[""1e69edcab4a5"", ""ca9f1f0118b3""]",1e69edcab4a5,244,0.16944444444444445,True,1,"[""DEP_nsubj:pass"", ""auxiliares"", ""relacoes_preposicionais""]",DEP_nsubj:pass|auxiliares|relacoes_preposicionais,False,True,True,0.41163630117428229,research_only,outside_review_top20,
9ea7cc0da8a6,"[""DEP_ccomp_rate_alto"", ""DEP_nsubj:pass_rate_baixo"", ""DEP_nummod_rate_baixo""]",DEP_ccomp_rate_alto + DEP_nsubj:pass_rate_baixo + DEP_nummod_rate_baixo,"[""8330f3d0251c"", ""91aac8e7d497""]",91aac8e7d497,244,0.16944444444444445,True,1,"[""DEP_ccomp"", ""DEP_nsubj:pass"", ""numerais""]",DEP_ccomp|DEP_nsubj:pass|numerais,False,True,True,0.41163630117428229,research_only,outside_review_top20,
f674337a86c2,"[""DEP_cop_rate_baixo"", ""DEP_nmod_rate_alto""]",DEP_cop_rate_baixo + DEP_nmod_rate_alto,"[""b5846cb8c365""]",b5846cb8c365,244,0.16944444444444445,True,1,"[""DEP_cop"", ""DEP_nmod""]",DEP_cop|DEP_nmod,False,True,True,0.41163630117428229,research_only,outside_review_top20,
b35036e0977e,"[""DEP_flat:name_rate_baixo"", ""POS_PROPN_rate_baixo""]",DEP_flat:name_rate_baixo + POS_PROPN_rate_baixo,"[""35b76e8013ea"", ""9e7db4180362""]",9e7db4180362,243,0.16875000000000001,True,1,"[""DEP_flat:name"", ""POS_PROPN""]",DEP_flat:name|POS_PROPN,False,True,True,0.41079191812887461,research_only,outside_review_top20,
bacd5411ac45,"[""DEP_advcl_rate_baixo"", ""POS_ADP_rate_alto""]",DEP_advcl_rate_baixo + POS_ADP_rate_alto,"[""a1f0bdbd07c0""]",a1f0bdbd07c0,243,0.16875000000000001,True,1,"[""DEP_advcl"", ""relacoes_preposicionais""]",DEP_advcl|relacoes_preposicionais,False,True,True,0.41079191812887461,research_only,outside_review_top20,
7bc7e0046501,"[""DEP_aux:pass_rate_baixo"", ""DEP_case_rate_baixo"", ""POS_ADP_rate_baixo""]",DEP_aux:pass_rate_baixo + DEP_case_rate_baixo + POS_ADP_rate_baixo,"[""1d7aab65afb0"", ""29d7b878c775"", ""3ae4166c248a"", ""e8e65c86d32b"", ""f8e40b32dd28""]",3ae4166c248a,242,0.16805555555555557,True,1,"[""auxiliares"", ""relacoes_preposicionais""]",auxiliares|relacoes_preposicionais,True,True,True,0.40994579587496144,research_only,outside_review_top20,
a449e46cd40e,"[""DEP_cop_rate_alto"", ""DEP_nummod_rate_baixo""]",DEP_cop_rate_alto + DEP_nummod_rate_baixo,"[""af4001030abd""]",af4001030abd,242,0.16805555555555557,True,1,"[""DEP_cop"", ""numerais""]",DEP_cop|numerais,False,True,True,0.40994579587496144,research_only,outside_review_top20,
4d3b44fd9a64,"[""DEP_cc_rate_baixo"", ""DEP_cop_rate_baixo"", ""POS_CCONJ_rate_baixo""]",DEP_cc_rate_baixo + DEP_cop_rate_baixo + POS_CCONJ_rate_baixo,"[""80dbdd71f9d9"", ""b1ac654eb95e"", ""cd13aa349461"", ""fed19eb92cec""]",cd13aa349461,241,0.1673611111111111,True,1,"[""DEP_cop"", ""coordenacao""]",DEP_cop|coordenacao,True,True,True,0.40909792362111924,research_only,outside_review_top20,
7c4b369da5c2,"[""DEP_acl:relcl_rate_baixo"", ""POS_PROPN_rate_alto""]",DEP_acl:relcl_rate_baixo + POS_PROPN_rate_alto,"[""5d6298b850b6""]",5d6298b850b6,241,0.1673611111111111,True,1,"[""DEP_acl:relcl"", ""POS_PROPN""]",DEP_acl:relcl|POS_PROPN,False,True,True,0.40909792362111924,research_only,outside_review_top20,
ada2ccebdf76,"[""DEP_det_rate_alto"", ""DEP_nummod_rate_baixo"", ""POS_DET_rate_alto""]",DEP_det_rate_alto + DEP_nummod_rate_baixo + POS_DET_rate_alto,"[""5714e7b76749"", ""98b76a8e89a0"", ""c0776af0c275"", ""e47a06ccfed0"", ""ed2017211c5e""]",98b76a8e89a0,241,0.1673611111111111,True,1,"[""determinacao"", ""numerais""]",determinacao|numerais,True,True,True,0.40909792362111924,research_only,outside_review_top20,
e375d7967a79,"[""DEP_aux:pass_rate_baixo"", ""DEP_cop_rate_alto""]",DEP_aux:pass_rate_baixo + DEP_cop_rate_alto,"[""83d6061a96c0""]",83d6061a96c0,267,0.18541666666666667,True,0.94999999999999996,"[""DEP_cop"", ""auxiliares""]",DEP_cop|auxiliares,False,True,True,0.40907033828752071,research_only,outside_review_top20,
37e451cdf8ef,"[""DEP_aux:pass_rate_baixo"", ""DEP_nsubj:pass_rate_baixo"", ""POS_PROPN_rate_baixo""]",DEP_aux:pass_rate_baixo + DEP_nsubj:pass_rate_baixo + POS_PROPN_rate_baixo,"[""3d1f17f97e65"", ""5df16665aa5b""]",5df16665aa5b,240,0.16666666666666666,True,1,"[""DEP_nsubj:pass"", ""POS_PROPN"", ""auxiliares""]",DEP_nsubj:pass|POS_PROPN|auxiliares,False,True,True,0.40824829046386302,research_only,outside_review_top20,
485aa86b5fa0,"[""DEP_advcl_rate_baixo"", ""DEP_nsubj:pass_rate_baixo"", ""POS_AUX_rate_baixo""]",DEP_advcl_rate_baixo + DEP_nsubj:pass_rate_baixo + POS_AUX_rate_baixo,"[""c4012572894f"", ""f3bbacfe84d7""]",c4012572894f,240,0.16666666666666666,True,1,"[""DEP_advcl"", ""DEP_nsubj:pass"", ""auxiliares""]",DEP_advcl|DEP_nsubj:pass|auxiliares,False,True,True,0.40824829046386302,research_only,same_mechanism_family,
86076421d145,"[""DEP_advcl_rate_baixo"", ""DEP_aux:pass_rate_baixo"", ""POS_AUX_rate_baixo""]",DEP_advcl_rate_baixo + DEP_aux:pass_rate_baixo + POS_AUX_rate_baixo,"[""3c43efe8c73f"", ""e4277d0491d7""]",3c43efe8c73f,240,0.16666666666666666,True,1,"[""DEP_advcl"", ""auxiliares""]",DEP_advcl|auxiliares,True,True,True,0.40824829046386302,research_only,outside_review_top20,
a38019954d75,"[""DEP_acl:relcl_rate_baixo"", ""uppercaseRatio_alto""]",DEP_acl:relcl_rate_baixo + uppercaseRatio_alto,"[""977e8f5f7f27""]",977e8f5f7f27,240,0.16666666666666666,True,1,"[""DEP_acl:relcl"", ""uppercaseRatio""]",DEP_acl:relcl|uppercaseRatio,False,True,True,0.40824829046386302,research_only,outside_review_top20,
7e64b6b9a19e,"[""DEP_amod_rate_alto"", ""DEP_aux:pass_rate_baixo""]",DEP_amod_rate_alto + DEP_aux:pass_rate_baixo,"[""cbbe98ceeb19""]",cbbe98ceeb19,283,0.19652777777777777,True,0.92000000000000004,"[""adjetivacao"", ""auxiliares""]",adjetivacao|auxiliares,False,True,True,0.40784937306695851,research_only,outside_review_top20,
2ce2a0873743,"[""DEP_nummod_rate_baixo"", ""DEP_xcomp_rate_alto""]",DEP_nummod_rate_baixo + DEP_xcomp_rate_alto,"[""ea6f55081509""]",ea6f55081509,239,0.16597222222222222,True,1,"[""DEP_xcomp"", ""numerais""]",DEP_xcomp|numerais,False,True,True,0.40739688538601054,research_only,outside_review_top20,
8ff0746c47f5,"[""DEP_acl:relcl_rate_baixo"", ""DEP_mark_rate_baixo"", ""POS_SCONJ_rate_baixo""]",DEP_acl:relcl_rate_baixo + DEP_mark_rate_baixo + POS_SCONJ_rate_baixo,"[""001416a77dab"", ""41d57132e501"", ""baf1a8bfd175"", ""c1ddae6f0a40""]",41d57132e501,239,0.16597222222222222,True,1,"[""DEP_acl:relcl"", ""subordinacao""]",DEP_acl:relcl|subordinacao,True,True,True,0.40739688538601054,research_only,outside_review_top20,
9c18ceeb8475,"[""DEP_nsubj:pass_rate_baixo"", ""DEP_nsubj_rate_alto"", ""DEP_nummod_rate_baixo""]",DEP_nsubj:pass_rate_baixo + DEP_nsubj_rate_alto + DEP_nummod_rate_baixo,"[""7ef202c0178f"", ""89ff8137fdcd"", ""991b4f24d1cf""]",991b4f24d1cf,239,0.16597222222222222,True,1,"[""DEP_nsubj"", ""DEP_nsubj:pass"", ""numerais""]",DEP_nsubj|DEP_nsubj:pass|numerais,False,True,True,0.40739688538601054,research_only,outside_review_top20,
a2b89a757ab5,"[""DEP_acl:relcl_rate_baixo"", ""DEP_ccomp_rate_baixo"", ""DEP_xcomp_rate_baixo""]",DEP_acl:relcl_rate_baixo + DEP_ccomp_rate_baixo + DEP_xcomp_rate_baixo,"[""31ede97c40a3"", ""adac46f07943""]",adac46f07943,239,0.16597222222222222,True,1,"[""DEP_acl:relcl"", ""DEP_ccomp"", ""DEP_xcomp""]",DEP_acl:relcl|DEP_ccomp|DEP_xcomp,False,True,True,0.40739688538601054,research_only,outside_review_top20,
b38b5fa88b86,"[""DEP_ccomp_rate_baixo"", ""POS_NOUN_rate_alto""]",DEP_ccomp_rate_baixo + POS_NOUN_rate_alto,"[""12141a4f6b1e""]",12141a4f6b1e,239,0.16597222222222222,True,1,"[""DEP_ccomp"", ""POS_NOUN""]",DEP_ccomp|POS_NOUN,False,False,True,0.40739688538601054,research_only,outside_review_top20,
c44c6e304d12,"[""DEP_amod_rate_baixo"", ""DEP_aux:pass_rate_baixo"", ""DEP_nsubj:pass_rate_baixo""]",DEP_amod_rate_baixo + DEP_aux:pass_rate_baixo + DEP_nsubj:pass_rate_baixo,"[""6984d7befa52"", ""ca9f6a4c5fa3""]",ca9f6a4c5fa3,239,0.16597222222222222,True,1,"[""DEP_nsubj:pass"", ""adjetivacao"", ""auxiliares""]",DEP_nsubj:pass|adjetivacao|auxiliares,False,True,True,0.40739688538601054,research_only,outside_review_top20,
0d916656d0af,"[""DEP_mark_rate_alto"", ""DEP_nsubj:pass_rate_baixo"", ""DEP_nummod_rate_baixo""]",DEP_mark_rate_alto + DEP_nsubj:pass_rate_baixo + DEP_nummod_rate_baixo,"[""10cb8455851c"", ""d5de2828e54d""]",10cb8455851c,238,0.16527777777777777,True,1,"[""DEP_nsubj:pass"", ""numerais"", ""subordinacao""]",DEP_nsubj:pass|numerais|subordinacao,False,True,True,0.4065436972550156,research_only,outside_review_top20,
223aca9aa234,"[""DEP_aux:pass_rate_baixo"", ""DEP_nsubj:pass_rate_baixo"", ""DEP_xcomp_rate_alto""]",DEP_aux:pass_rate_baixo + DEP_nsubj:pass_rate_baixo + DEP_xcomp_rate_alto,"[""87c5ab4374ce"", ""93c655279451""]",93c655279451,238,0.16527777777777777,True,1,"[""DEP_nsubj:pass"", ""DEP_xcomp"", ""auxiliares""]",DEP_nsubj:pass|DEP_xcomp|auxiliares,False,True,True,0.4065436972550156,research_only,same_mechanism_family,
bc11320f07cb,"[""DEP_acl:relcl_rate_baixo"", ""POS_ADP_rate_alto""]",DEP_acl:relcl_rate_baixo + POS_ADP_rate_alto,"[""6204e15a97e3""]",6204e15a97e3,238,0.16527777777777777,True,1,"[""DEP_acl:relcl"", ""relacoes_preposicionais""]",DEP_acl:relcl|relacoes_preposicionais,False,True,True,0.4065436972550156,research_only,outside_review_top20,
95fd0d549415,"[""DEP_acl:relcl_rate_baixo"", ""POS_DET_rate_baixo""]",DEP_acl:relcl_rate_baixo + POS_DET_rate_baixo,"[""06455012c3b5""]",06455012c3b5,242,0.16805555555555557,True,0.98999999999999999,"[""DEP_acl:relcl"", ""determinacao""]",DEP_acl:relcl|determinacao,False,True,True,0.40584633791621183,research_only,outside_review_top20,
45a9b0466cfe,"[""DEP_ccomp_rate_baixo"", ""DEP_mark_rate_baixo"", ""DEP_xcomp_rate_baixo""]",DEP_ccomp_rate_baixo + DEP_mark_rate_baixo + DEP_xcomp_rate_baixo,"[""2c3c79b5635b"", ""8f342e4563e7"", ""bed3ffd53d68"", ""e137701622e5""]",8f342e4563e7,237,0.16458333333333333,True,1,"[""DEP_ccomp"", ""DEP_xcomp"", ""subordinacao""]",DEP_ccomp|DEP_xcomp|subordinacao,False,True,True,0.4056887148212695,research_only,outside_review_top20,
955c07a3d79c,"[""POS_PROPN_rate_baixo"", ""uppercaseRatio_baixo""]",POS_PROPN_rate_baixo + uppercaseRatio_baixo,"[""58f2585b6892""]",58f2585b6892,237,0.16458333333333333,True,1,"[""POS_PROPN"", ""uppercaseRatio""]",POS_PROPN|uppercaseRatio,False,False,True,0.4056887148212695,research_only,outside_review_top20,
b934485497ff,"[""DEP_aux:pass_rate_baixo"", ""DEP_nsubj:pass_rate_baixo"", ""POS_NUM_rate_alto""]",DEP_aux:pass_rate_baixo + DEP_nsubj:pass_rate_baixo + POS_NUM_rate_alto,"[""0b01fb0c55e2"", ""e7c201bb7f41""]",e7c201bb7f41,237,0.16458333333333333,True,1,"[""DEP_nsubj:pass"", ""auxiliares"", ""numerais""]",DEP_nsubj:pass|auxiliares|numerais,False,True,True,0.4056887148212695,research_only,same_mechanism_family,
c4b45a04fff2,"[""DEP_ccomp_rate_baixo"", ""DEP_conj_rate_alto""]",DEP_ccomp_rate_baixo + DEP_conj_rate_alto,"[""20fa3fdaa9ec""]",20fa3fdaa9ec,237,0.16458333333333333,True,1,"[""DEP_ccomp"", ""coordenacao""]",DEP_ccomp|coordenacao,False,True,True,0.4056887148212695,research_only,outside_review_top20,
d3aabf9ba0b2,"[""DEP_acl:relcl_rate_baixo"", ""DEP_nummod_rate_baixo"", ""POS_PRON_rate_baixo""]",DEP_acl:relcl_rate_baixo + DEP_nummod_rate_baixo + POS_PRON_rate_baixo,"[""7318c52c21c5"", ""765702cf2d8f"", ""8ec63cb21fd3""]",7318c52c21c5,237,0.16458333333333333,True,1,"[""DEP_acl:relcl"", ""POS_PRON"", ""numerais""]",DEP_acl:relcl|POS_PRON|numerais,False,True,True,0.4056887148212695,research_only,outside_review_top20,
7f2db3fdf303,"[""DEP_acl:relcl_rate_baixo"", ""DEP_advcl_rate_baixo"", ""DEP_xcomp_rate_baixo""]",DEP_acl:relcl_rate_baixo + DEP_advcl_rate_baixo + DEP_xcomp_rate_baixo,"[""c5da48967a87""]",c5da48967a87,246,0.17083333333333334,True,0.97999999999999998,"[""DEP_acl:relcl"", ""DEP_advcl"", ""DEP_xcomp""]",DEP_acl:relcl|DEP_advcl|DEP_xcomp,False,True,True,0.40505349440948335,research_only,outside_review_top20,
16274f86708b,"[""DEP_acl_rate_baixo"", ""DEP_ccomp_rate_baixo"", ""POS_SCONJ_rate_baixo""]",DEP_acl_rate_baixo + DEP_ccomp_rate_baixo + POS_SCONJ_rate_baixo,"[""186752da5318"", ""4fb2575d007a"", ""893dbed540f1"", ""96a79eb0e5f2""]",96a79eb0e5f2,236,0.16388888888888889,True,1,"[""DEP_acl"", ""DEP_ccomp"", ""subordinacao""]",DEP_acl|DEP_ccomp|subordinacao,False,True,True,0.40483192671637064,research_only,outside_review_top20,
1b8eaa9adb25,"[""DEP_ccomp_rate_baixo"", ""DEP_cop_rate_baixo"", ""DEP_mark_rate_baixo""]",DEP_ccomp_rate_baixo + DEP_cop_rate_baixo + DEP_mark_rate_baixo,"[""1610b1ba76b1"", ""9f2dee8e8073"", ""fa73a2275196""]",9f2dee8e8073,236,0.16388888888888889,True,1,"[""DEP_ccomp"", ""DEP_cop"", ""subordinacao""]",DEP_ccomp|DEP_cop|subordinacao,False,True,True,0.40483192671637064,research_only,outside_review_top20,
4943f9f6181e,"[""DEP_acl:relcl_rate_baixo"", ""DEP_det_rate_baixo""]",DEP_acl:relcl_rate_baixo + DEP_det_rate_baixo,"[""6ae1516b1890""]",6ae1516b1890,236,0.16388888888888889,True,1,"[""DEP_acl:relcl"", ""determinacao""]",DEP_acl:relcl|determinacao,False,True,True,0.40483192671637064,research_only,outside_review_top20,
666ca04d2961,"[""DEP_ccomp_rate_baixo"", ""DEP_cop_rate_baixo"", ""POS_SCONJ_rate_baixo""]",DEP_ccomp_rate_baixo + DEP_cop_rate_baixo + POS_SCONJ_rate_baixo,"[""4d91c6751562"", ""a87b4fa5821c"", ""feaf32d773ab""]",4d91c6751562,236,0.16388888888888889,True,1,"[""DEP_ccomp"", ""DEP_cop"", ""subordinacao""]",DEP_ccomp|DEP_cop|subordinacao,False,True,True,0.40483192671637064,research_only,outside_review_top20,
909fe4abb780,"[""DEP_nmod_rate_alto"", ""POS_ADP_rate_alto""]",DEP_nmod_rate_alto + POS_ADP_rate_alto,"[""54c8a33e4ae2"", ""e417a145477b""]",e417a145477b,236,0.16388888888888889,True,1,"[""DEP_nmod"", ""relacoes_preposicionais""]",DEP_nmod|relacoes_preposicionais,False,True,True,0.40483192671637064,research_only,outside_review_top20,
bb37c054b1b2,"[""DEP_advcl_rate_baixo"", ""DEP_cop_rate_baixo"", ""POS_AUX_rate_baixo""]",DEP_advcl_rate_baixo + DEP_cop_rate_baixo + POS_AUX_rate_baixo,"[""3583dc7c954f"", ""e49c31830fb4""]",3583dc7c954f,236,0.16388888888888889,True,1,"[""DEP_advcl"", ""DEP_cop"", ""auxiliares""]",DEP_advcl|DEP_cop|auxiliares,False,True,True,0.40483192671637064,research_only,outside_review_top20,
27863d6423bb,"[""DEP_acl:relcl_rate_baixo"", ""DEP_aux:pass_rate_baixo"", ""POS_AUX_rate_baixo""]",DEP_acl:relcl_rate_baixo + DEP_aux:pass_rate_baixo + POS_AUX_rate_baixo,"[""66ebbd9a6c69"", ""7a2c988e311b"", ""7eae5add2afb""]",7eae5add2afb,235,0.16319444444444445,True,1,"[""DEP_acl:relcl"", ""auxiliares""]",DEP_acl:relcl|auxiliares,True,True,True,0.40397332145136078,research_only,outside_review_top20,
798a739a4dbd,"[""DEP_acl:relcl_rate_baixo"", ""DEP_cc_rate_alto"", ""POS_CCONJ_rate_alto""]",DEP_acl:relcl_rate_baixo + DEP_cc_rate_alto + POS_CCONJ_rate_alto,"[""63d862fba344"", ""8727f49d49e1"", ""8970c5bee2d3"", ""92588e508ba6"", ""fbd5e2b178ec""]",8727f49d49e1,235,0.16319444444444445,True,1,"[""DEP_acl:relcl"", ""coordenacao""]",DEP_acl:relcl|coordenacao,True,True,True,0.40397332145136078,research_only,outside_review_top20,
87c85c8ca2d9,"[""DEP_case_rate_alto"", ""DEP_ccomp_rate_baixo"", ""POS_ADP_rate_alto""]",DEP_case_rate_alto + DEP_ccomp_rate_baixo + POS_ADP_rate_alto,"[""5f40c02dd7ec"", ""7e001e7bfd8f"", ""d0058a488c1d"", ""d9e17a1faae5"", ""f67a39713667""]",f67a39713667,235,0.16319444444444445,True,1,"[""DEP_ccomp"", ""relacoes_preposicionais""]",DEP_ccomp|relacoes_preposicionais,True,True,True,0.40397332145136078,research_only,outside_review_top20,
b75b66a15bcf,"[""DEP_acl_rate_alto"", ""DEP_cop_rate_baixo""]",DEP_acl_rate_alto + DEP_cop_rate_baixo,"[""644d31caff4e""]",644d31caff4e,235,0.16319444444444445,True,1,"[""DEP_acl"", ""DEP_cop""]",DEP_acl|DEP_cop,False,True,True,0.40397332145136078,research_only,outside_review_top20,
bd26d535fd9c,"[""DEP_acl:relcl_rate_baixo"", ""DEP_xcomp_rate_baixo"", ""POS_PRON_rate_baixo""]",DEP_acl:relcl_rate_baixo + DEP_xcomp_rate_baixo + POS_PRON_rate_baixo,"[""51c3f2cfbe08"", ""7d12538f557a"", ""96819a526b91"", ""c3c204528542""]",51c3f2cfbe08,235,0.16319444444444445,True,1,"[""DEP_acl:relcl"", ""DEP_xcomp"", ""POS_PRON""]",DEP_acl:relcl|DEP_xcomp|POS_PRON,False,True,True,0.40397332145136078,research_only,outside_review_top20,
c15966caba21,"[""DEP_acl:relcl_rate_baixo"", ""DEP_nsubj:pass_rate_baixo"", ""POS_AUX_rate_baixo""]",DEP_acl:relcl_rate_baixo + DEP_nsubj:pass_rate_baixo + POS_AUX_rate_baixo,"[""0a370e92efe8"", ""0f33a692eec5"", ""d52d251baa5e""]",0a370e92efe8,235,0.16319444444444445,True,1,"[""DEP_acl:relcl"", ""DEP_nsubj:pass"", ""auxiliares""]",DEP_acl:relcl|DEP_nsubj:pass|auxiliares,False,True,True,0.40397332145136078,research_only,same_mechanism_family,
c3513d47beb8,"[""DEP_conj_rate_baixo"", ""DEP_nsubj:pass_rate_baixo"", ""POS_CCONJ_rate_baixo""]",DEP_conj_rate_baixo + DEP_nsubj:pass_rate_baixo + POS_CCONJ_rate_baixo,"[""1a998f0c4b9c"", ""3c363c436fd0"", ""672eaf26b21d"", ""faa55a40c6ad""]",1a998f0c4b9c,235,0.16319444444444445,True,1,"[""DEP_nsubj:pass"", ""coordenacao""]",DEP_nsubj:pass|coordenacao,True,True,True,0.40397332145136078,research_only,outside_review_top20,
b733dbc2f988,"[""DEP_ccomp_rate_baixo"", ""DEP_xcomp_rate_baixo"", ""POS_SCONJ_rate_baixo""]",DEP_ccomp_rate_baixo + DEP_xcomp_rate_baixo + POS_SCONJ_rate_baixo,"[""065f4bd06867"", ""500fa25fa26a"", ""63675e850a53"", ""af8b8815ab5c""]",af8b8815ab5c,234,0.16250000000000001,True,1,"[""DEP_ccomp"", ""DEP_xcomp"", ""subordinacao""]",DEP_ccomp|DEP_xcomp|subordinacao,False,True,True,0.40311288741492751,research_only,outside_review_top20,
c4cf82b681d0,"[""DEP_advmod_rate_alto"", ""DEP_aux:pass_rate_baixo"", ""POS_ADV_rate_alto""]",DEP_advmod_rate_alto + DEP_aux:pass_rate_baixo + POS_ADV_rate_alto,"[""09001d3c8443"", ""1919044f5f5a"", ""7f12696506f0"", ""cc010e2234e1""]",09001d3c8443,234,0.16250000000000001,True,1,"[""auxiliares"", ""modificacao_adverbial""]",auxiliares|modificacao_adverbial,True,True,True,0.40311288741492751,research_only,outside_review_top20,
f96fa976b31d,"[""DEP_cop_rate_baixo"", ""POS_ADP_rate_alto""]",DEP_cop_rate_baixo + POS_ADP_rate_alto,"[""50a5d20376b5""]",50a5d20376b5,233,0.16180555555555556,True,1,"[""DEP_cop"", ""relacoes_preposicionais""]",DEP_cop|relacoes_preposicionais,False,True,True,0.40225061287157232,research_only,outside_review_top20,
9095db54817f,"[""DEP_aux:pass_rate_baixo"", ""POS_ADJ_rate_alto""]",DEP_aux:pass_rate_baixo + POS_ADJ_rate_alto,"[""8feae594f372""]",8feae594f372,269,0.18680555555555556,True,0.93000000000000005,"[""adjetivacao"", ""auxiliares""]",adjetivacao|auxiliares,False,True,True,0.40195537687658817,research_only,outside_review_top20,
111b4e8901b2,"[""DEP_nsubj:pass_rate_baixo"", ""DEP_nummod_rate_baixo"", ""POS_SCONJ_rate_alto""]",DEP_nsubj:pass_rate_baixo + DEP_nummod_rate_baixo + POS_SCONJ_rate_alto,"[""3fc8b622c979"", ""5ada83919a13"", ""a0c439ef6602""]",5ada83919a13,232,0.16111111111111112,True,1,"[""DEP_nsubj:pass"", ""numerais"", ""subordinacao""]",DEP_nsubj:pass|numerais|subordinacao,False,True,True,0.40138648595974319,research_only,outside_review_top20,
2e22a70c3f02,"[""DEP_aux:pass_rate_baixo"", ""DEP_cc_rate_baixo"", ""DEP_conj_rate_baixo""]",DEP_aux:pass_rate_baixo + DEP_cc_rate_baixo + DEP_conj_rate_baixo,"[""0d90a9040aef"", ""1723462bf8d3"", ""6d19209cdfbe"", ""ef11123f5d31""]",ef11123f5d31,232,0.16111111111111112,True,1,"[""auxiliares"", ""coordenacao""]",auxiliares|coordenacao,True,True,True,0.40138648595974319,research_only,outside_review_top20,
45ceb0dd9040,"[""DEP_nummod_rate_baixo"", ""punctuationDensity_spacy_alto""]",DEP_nummod_rate_baixo + punctuationDensity_spacy_alto,"[""23c92764364d""]",23c92764364d,232,0.16111111111111112,True,1,"[""numerais"", ""punctuationDensity_spacy""]",numerais|punctuationDensity_spacy,False,True,True,0.40138648595974319,research_only,outside_review_top20,
b85706951d48,"[""DEP_case_rate_baixo"", ""DEP_nmod_rate_baixo""]",DEP_case_rate_baixo + DEP_nmod_rate_baixo,"[""0336695a11a3"", ""4efc5db2f700""]",0336695a11a3,232,0.16111111111111112,True,1,"[""DEP_nmod"", ""relacoes_preposicionais""]",DEP_nmod|relacoes_preposicionais,False,True,True,0.40138648595974319,research_only,outside_review_top20,
d3d306c28521,"[""DEP_acl:relcl_rate_baixo"", ""DEP_flat:name_rate_alto""]",DEP_acl:relcl_rate_baixo + DEP_flat:name_rate_alto,"[""5a01ec6abab9""]",5a01ec6abab9,232,0.16111111111111112,True,1,"[""DEP_acl:relcl"", ""DEP_flat:name""]",DEP_acl:relcl|DEP_flat:name,False,True,True,0.40138648595974319,research_only,outside_review_top20,
ade45448c0a5,"[""DEP_nummod_rate_baixo"", ""POS_NUM_rate_baixo"", ""uppercaseRatio_baixo""]",DEP_nummod_rate_baixo + POS_NUM_rate_baixo + uppercaseRatio_baixo,"[""5e4b16080da3"", ""c8565660c6e3""]",c8565660c6e3,231,0.16041666666666668,True,1,"[""numerais"", ""uppercaseRatio""]",numerais|uppercaseRatio,True,True,True,0.40052049468993056,research_only,outside_review_top20,
ed7f046adc1b,"[""DEP_acl_rate_baixo"", ""DEP_nsubj_rate_alto""]",DEP_acl_rate_baixo + DEP_nsubj_rate_alto,"[""80ff6f797132""]",80ff6f797132,231,0.16041666666666668,True,1,"[""DEP_acl"", ""DEP_nsubj""]",DEP_acl|DEP_nsubj,False,True,True,0.40052049468993056,research_only,outside_review_top20,
089ead2acbbc,"[""DEP_case_rate_baixo"", ""DEP_nummod_rate_baixo"", ""POS_ADP_rate_baixo""]",DEP_case_rate_baixo + DEP_nummod_rate_baixo + POS_ADP_rate_baixo,"[""3613f4ff3095"", ""679540e09bd4"", ""683114179b9c"", ""ad0b68759cad"", ""f38c517978db""]",683114179b9c,230,0.15972222222222221,True,1,"[""numerais"", ""relacoes_preposicionais""]",numerais|relacoes_preposicionais,True,True,True,0.39965262694272663,research_only,outside_review_top20,
2d848fc07303,"[""DEP_nsubj:pass_rate_baixo"", ""DEP_nummod_rate_baixo"", ""DEP_obj_rate_alto""]",DEP_nsubj:pass_rate_baixo + DEP_nummod_rate_baixo + DEP_obj_rate_alto,"[""559dc4ce4a11"", ""d65b6f6df72e"", ""d687e1123b4c""]",d65b6f6df72e,230,0.15972222222222221,True,1,"[""DEP_nsubj:pass"", ""DEP_obj"", ""numerais""]",DEP_nsubj:pass|DEP_obj|numerais,False,True,True,0.39965262694272663,research_only,outside_review_top20,
7378e5328285,"[""DEP_advcl_rate_baixo"", ""DEP_cc_rate_baixo"", ""POS_CCONJ_rate_baixo""]",DEP_advcl_rate_baixo + DEP_cc_rate_baixo + POS_CCONJ_rate_baixo,"[""ddf82eab27f7"", ""f1c47db7f090"", ""fc907c2edda9"", ""fd55dd8ba7b2""]",fc907c2edda9,230,0.15972222222222221,True,1,"[""DEP_advcl"", ""coordenacao""]",DEP_advcl|coordenacao,True,True,True,0.39965262694272663,research_only,outside_review_top20,
a0ca578dc88d,"[""DEP_acl_rate_baixo"", ""DEP_ccomp_rate_baixo"", ""DEP_mark_rate_baixo""]",DEP_acl_rate_baixo + DEP_ccomp_rate_baixo + DEP_mark_rate_baixo,"[""152a2003525c"", ""1938ecb25b27"", ""6d26e7ea6cb2"", ""97a244c87ddf""]",97a244c87ddf,230,0.15972222222222221,True,1,"[""DEP_acl"", ""DEP_ccomp"", ""subordinacao""]",DEP_acl|DEP_ccomp|subordinacao,False,True,True,0.39965262694272663,research_only,outside_review_top20,
c3e5980e2301,"[""DEP_acl:relcl_rate_baixo"", ""DEP_cop_rate_baixo"", ""POS_AUX_rate_baixo""]",DEP_acl:relcl_rate_baixo + DEP_cop_rate_baixo + POS_AUX_rate_baixo,"[""992d5b91107d"", ""a4d251a15345"", ""bf43c5935e2f""]",992d5b91107d,230,0.15972222222222221,True,1,"[""DEP_acl:relcl"", ""DEP_cop"", ""auxiliares""]",DEP_acl:relcl|DEP_cop|auxiliares,False,True,True,0.39965262694272663,research_only,outside_review_top20,
7250056b7a80,"[""DEP_cc_rate_baixo"", ""DEP_conj_rate_baixo"", ""DEP_nummod_rate_baixo""]",DEP_cc_rate_baixo + DEP_conj_rate_baixo + DEP_nummod_rate_baixo,"[""32de25614400"", ""63d5274b92cd"", ""84159ebe78cc"", ""b036e02c1279""]",84159ebe78cc,229,0.15902777777777777,True,1,"[""coordenacao"", ""numerais""]",coordenacao|numerais,True,True,True,0.39878287046684663,research_only,outside_review_top20,
b193b19790dc,"[""DEP_acl:relcl_rate_baixo"", ""DEP_mark_rate_alto"", ""POS_SCONJ_rate_alto""]",DEP_acl:relcl_rate_baixo + DEP_mark_rate_alto + POS_SCONJ_rate_alto,"[""468b20d20daa"", ""4ac928c92840"", ""6cfbf936a5ca"", ""9c6f71124664"", ""b336a25107e3""]",4ac928c92840,229,0.15902777777777777,True,1,"[""DEP_acl:relcl"", ""subordinacao""]",DEP_acl:relcl|subordinacao,True,True,True,0.39878287046684663,research_only,outside_review_top20,
c48d2aca1cde,"[""DEP_aux:pass_rate_baixo"", ""DEP_mark_rate_alto"", ""POS_SCONJ_rate_alto""]",DEP_aux:pass_rate_baixo + DEP_mark_rate_alto + POS_SCONJ_rate_alto,"[""6934bd737942"", ""77620013761f"", ""7b38ec74489b"", ""baaa19907e9a""]",6934bd737942,229,0.15902777777777777,True,1,"[""auxiliares"", ""subordinacao""]",auxiliares|subordinacao,True,True,True,0.39878287046684663,research_only,outside_review_top20,
9d33ebeb21c5,"[""DEP_acl:relcl_rate_alto"", ""DEP_ccomp_rate_baixo""]",DEP_acl:relcl_rate_alto + DEP_ccomp_rate_baixo,"[""a3a55514257c""]",a3a55514257c,243,0.16875000000000001,True,0.96999999999999997,"[""DEP_acl:relcl"", ""DEP_ccomp""]",DEP_acl:relcl|DEP_ccomp,False,True,True,0.39846816058500834,research_only,outside_review_top20,
68d6efffbf00,"[""DEP_acl:relcl_rate_baixo"", ""POS_VERB_rate_baixo""]",DEP_acl:relcl_rate_baixo + POS_VERB_rate_baixo,"[""95991eb66eba""]",95991eb66eba,233,0.16180555555555556,True,0.98999999999999999,"[""DEP_acl:relcl"", ""POS_VERB""]",DEP_acl:relcl|POS_VERB,False,True,True,0.39822810674285658,research_only,outside_review_top20,
810e5422566a,"[""DEP_advmod_rate_baixo"", ""DEP_xcomp_rate_baixo"", ""POS_ADV_rate_baixo""]",DEP_advmod_rate_baixo + DEP_xcomp_rate_baixo + POS_ADV_rate_baixo,"[""16ab63b9fc78"", ""1edb02fb10c2"", ""5c64b812b2df"", ""91373f8afa76""]",1edb02fb10c2,228,0.15833333333333333,True,1,"[""DEP_xcomp"", ""modificacao_adverbial""]",DEP_xcomp|modificacao_adverbial,True,True,True,0.39791121287711073,research_only,outside_review_top20,
a49027bcc8f3,"[""DEP_cc_rate_alto"", ""DEP_ccomp_rate_baixo"", ""POS_CCONJ_rate_alto""]",DEP_cc_rate_alto + DEP_ccomp_rate_baixo + POS_CCONJ_rate_alto,"[""0ba4cc68caa2"", ""4e2bcb0de067"", ""99e1fce44c20"", ""b76b0b3ff225"", ""d72ba7ccc2c2""]",4e2bcb0de067,228,0.15833333333333333,True,1,"[""DEP_ccomp"", ""coordenacao""]",DEP_ccomp|coordenacao,True,True,True,0.39791121287711073,research_only,outside_review_top20,
b64e2b3b198a,"[""DEP_advcl_rate_baixo"", ""DEP_conj_rate_alto""]",DEP_advcl_rate_baixo + DEP_conj_rate_alto,"[""7f0b8b4788ab""]",7f0b8b4788ab,228,0.15833333333333333,True,1,"[""DEP_advcl"", ""coordenacao""]",DEP_advcl|coordenacao,False,True,True,0.39791121287711073,research_only,outside_review_top20,
c16212e5b97e,"[""DEP_aux:pass_rate_alto"", ""DEP_cop_rate_baixo""]",DEP_aux:pass_rate_alto + DEP_cop_rate_baixo,"[""9d81ef10fa13""]",9d81ef10fa13,228,0.15833333333333333,True,1,"[""DEP_cop"", ""auxiliares""]",DEP_cop|auxiliares,False,True,True,0.39791121287711073,research_only,outside_review_top20,
379d24b12d75,"[""DEP_nsubj:pass_rate_baixo"", ""DEP_nummod_rate_baixo"", ""POS_AUX_rate_baixo""]",DEP_nsubj:pass_rate_baixo + DEP_nummod_rate_baixo + POS_AUX_rate_baixo,"[""560ea9892cc5"", ""dc351c07c703""]",560ea9892cc5,227,0.15763888888888888,True,1,"[""DEP_nsubj:pass"", ""auxiliares"", ""numerais""]",DEP_nsubj:pass|auxiliares|numerais,False,True,True,0.39703764165238653,research_only,same_mechanism_family,
754ef6b51ea1,"[""DEP_aux:pass_rate_baixo"", ""DEP_nummod_rate_baixo"", ""POS_AUX_rate_baixo""]",DEP_aux:pass_rate_baixo + DEP_nummod_rate_baixo + POS_AUX_rate_baixo,"[""7a23a73154ed"", ""d131f7351795""]",d131f7351795,227,0.15763888888888888,True,1,"[""auxiliares"", ""numerais""]",auxiliares|numerais,True,True,True,0.39703764165238653,research_only,outside_review_top20,
a01f3a7df37f,"[""DEP_acl_rate_baixo"", ""POS_VERB_rate_baixo""]",DEP_acl_rate_baixo + POS_VERB_rate_baixo,"[""aca026489d6f""]",aca026489d6f,227,0.15763888888888888,True,1,"[""DEP_acl"", ""POS_VERB""]",DEP_acl|POS_VERB,False,True,True,0.39703764165238653,research_only,outside_review_top20,
b2fb2f52ee59,"[""DEP_cc_rate_alto"", ""DEP_nummod_rate_baixo"", ""POS_CCONJ_rate_alto""]",DEP_cc_rate_alto + DEP_nummod_rate_baixo + POS_CCONJ_rate_alto,"[""173c537d71cc"", ""23b98c2812f3"", ""575f371a817e"", ""5dbdcb68c789"", ""77e47e755e11""]",173c537d71cc,227,0.15763888888888888,True,1,"[""coordenacao"", ""numerais""]",coordenacao|numerais,True,True,True,0.39703764165238653,research_only,outside_review_top20,
b4232a3adb92,"[""DEP_ccomp_rate_alto"", ""POS_SCONJ_rate_alto""]",DEP_ccomp_rate_alto + POS_SCONJ_rate_alto,"[""69980edf010e"", ""f7a48646e327""]",f7a48646e327,227,0.15763888888888888,True,1,"[""DEP_ccomp"", ""subordinacao""]",DEP_ccomp|subordinacao,False,True,True,0.39703764165238653,research_only,outside_review_top20,
b4ad5bf36fd4,"[""DEP_nmod_rate_baixo"", ""POS_ADP_rate_baixo""]",DEP_nmod_rate_baixo + POS_ADP_rate_baixo,"[""030d6d7486cb"", ""cd385bc543bc""]",030d6d7486cb,227,0.15763888888888888,True,1,"[""DEP_nmod"", ""relacoes_preposicionais""]",DEP_nmod|relacoes_preposicionais,False,True,True,0.39703764165238653,research_only,outside_review_top20,
f8e9d55eb0e1,"[""DEP_acl:relcl_rate_baixo"", ""DEP_det_rate_baixo"", ""POS_DET_rate_baixo""]",DEP_acl:relcl_rate_baixo + DEP_det_rate_baixo + POS_DET_rate_baixo,"[""3c5532418e6f"", ""6d4cc4baf463"", ""a65d148f138b"", ""a83a3d319077"", ""baa4aa3c884c""]",a65d148f138b,227,0.15763888888888888,True,1,"[""DEP_acl:relcl"", ""determinacao""]",DEP_acl:relcl|determinacao,True,True,True,0.39703764165238653,research_only,outside_review_top20,
ea1394bac2a1,"[""DEP_aux:pass_rate_baixo"", ""punctuationDensity_spacy_alto""]",DEP_aux:pass_rate_baixo + punctuationDensity_spacy_alto,"[""e92ccde2459a""]",e92ccde2459a,262,0.18194444444444444,True,0.93000000000000005,"[""auxiliares"", ""punctuationDensity_spacy""]",auxiliares|punctuationDensity_spacy,False,True,True,0.39669100065416152,research_only,outside_review_top20,
43bafd7ce1b2,"[""DEP_det_rate_baixo"", ""DEP_nsubj:pass_rate_baixo"", ""POS_DET_rate_baixo""]",DEP_det_rate_baixo + DEP_nsubj:pass_rate_baixo + POS_DET_rate_baixo,"[""3fbe8c6b2287"", ""8fe9723af88f"", ""dea9025cb7f6"", ""e69624a40edd""]",8fe9723af88f,226,0.15694444444444444,True,1,"[""DEP_nsubj:pass"", ""determinacao""]",DEP_nsubj:pass|determinacao,True,True,True,0.39616214413349043,research_only,outside_review_top20,
446a7ca777ff,"[""DEP_nmod_rate_alto"", ""DEP_xcomp_rate_baixo""]",DEP_nmod_rate_alto + DEP_xcomp_rate_baixo,"[""5ab8ddd1b711""]",5ab8ddd1b711,226,0.15694444444444444,True,1,"[""DEP_nmod"", ""DEP_xcomp""]",DEP_nmod|DEP_xcomp,False,True,True,0.39616214413349043,research_only,outside_review_top20,
bfaf7a977f3b,"[""DEP_aux:pass_rate_baixo"", ""DEP_nsubj:pass_rate_baixo"", ""punctuationDensity_spacy_baixo""]",DEP_aux:pass_rate_baixo + DEP_nsubj:pass_rate_baixo + punctuationDensity_spacy_baixo,"[""15bb7af7f5d5"", ""b79660784395""]",15bb7af7f5d5,226,0.15694444444444444,True,1,"[""DEP_nsubj:pass"", ""auxiliares"", ""punctuationDensity_spacy""]",DEP_nsubj:pass|auxiliares|punctuationDensity_spacy,False,True,True,0.39616214413349043,research_only,outside_review_top20,
1d5eea24f8e1,"[""DEP_amod_rate_alto"", ""DEP_nsubj:pass_rate_baixo"", ""POS_ADJ_rate_alto""]",DEP_amod_rate_alto + DEP_nsubj:pass_rate_baixo + POS_ADJ_rate_alto,"[""2b0df111a026"", ""5d5e8090ddbd"", ""6c4b3ea26713"", ""9adf5f5ecb1e"", ""f82d4b8c32d1""]",9adf5f5ecb1e,225,0.15625,True,1,"[""DEP_nsubj:pass"", ""adjetivacao""]",DEP_nsubj:pass|adjetivacao,True,True,True,0.39528470752104744,research_only,outside_review_top20,
743ebdc4166d,"[""DEP_ccomp_rate_alto"", ""DEP_mark_rate_alto""]",DEP_ccomp_rate_alto + DEP_mark_rate_alto,"[""6c1ae913cbe3"", ""c7e5a007b63a""]",c7e5a007b63a,225,0.15625,True,1,"[""DEP_ccomp"", ""subordinacao""]",DEP_ccomp|subordinacao,False,True,True,0.39528470752104744,research_only,outside_review_top20,
a29d931b262a,"[""DEP_cop_rate_baixo"", ""POS_NOUN_rate_alto""]",DEP_cop_rate_baixo + POS_NOUN_rate_alto,"[""06c985b48f15""]",06c985b48f15,225,0.15625,True,1,"[""DEP_cop"", ""POS_NOUN""]",DEP_cop|POS_NOUN,False,True,True,0.39528470752104744,research_only,outside_review_top20,
6e0b7c33c11f,"[""DEP_cc_rate_alto"", ""DEP_ccomp_rate_baixo""]",DEP_cc_rate_alto + DEP_ccomp_rate_baixo,"[""c1a461d3621f""]",c1a461d3621f,259,0.17986111111111111,True,0.93000000000000005,"[""DEP_ccomp"", ""coordenacao""]",DEP_ccomp|coordenacao,False,True,True,0.3944133301499837,research_only,outside_review_top20,
07a0d94e60f4,"[""DEP_aux:pass_rate_baixo"", ""DEP_nsubj:pass_rate_baixo"", ""POS_ADP_rate_alto""]",DEP_aux:pass_rate_baixo + DEP_nsubj:pass_rate_baixo + POS_ADP_rate_alto,"[""42ab1f268014"", ""ebd3588b9579""]",42ab1f268014,224,0.15555555555555556,True,1,"[""DEP_nsubj:pass"", ""auxiliares"", ""relacoes_preposicionais""]",DEP_nsubj:pass|auxiliares|relacoes_preposicionais,False,True,True,0.39440531887330776,research_only,outside_review_top20,
40c6f192d46d,"[""DEP_cop_rate_baixo"", ""DEP_det_rate_baixo""]",DEP_cop_rate_baixo + DEP_det_rate_baixo,"[""bdd27030d298""]",bdd27030d298,224,0.15555555555555556,True,1,"[""DEP_cop"", ""determinacao""]",DEP_cop|determinacao,False,True,True,0.39440531887330776,research_only,outside_review_top20,
5578a43fa777,"[""DEP_cop_rate_baixo"", ""DEP_nummod_rate_baixo"", ""POS_AUX_rate_baixo""]",DEP_cop_rate_baixo + DEP_nummod_rate_baixo + POS_AUX_rate_baixo,"[""3db503dc64dd"", ""e2f545cf8021""]",3db503dc64dd,224,0.15555555555555556,True,1,"[""DEP_cop"", ""auxiliares"", ""numerais""]",DEP_cop|auxiliares|numerais,False,True,True,0.39440531887330776,research_only,outside_review_top20,
7d17d797f0cb,"[""DEP_ccomp_rate_baixo"", ""DEP_flat:name_rate_alto""]",DEP_ccomp_rate_baixo + DEP_flat:name_rate_alto,"[""4b5e00f8e498""]",4b5e00f8e498,224,0.15555555555555556,True,1,"[""DEP_ccomp"", ""DEP_flat:name""]",DEP_ccomp|DEP_flat:name,False,True,True,0.39440531887330776,research_only,outside_review_top20,
b87b258a774e,"[""DEP_advcl_rate_baixo"", ""POS_NUM_rate_alto""]",DEP_advcl_rate_baixo + POS_NUM_rate_alto,"[""99feb46b5ad1""]",99feb46b5ad1,224,0.15555555555555556,True,1,"[""DEP_advcl"", ""numerais""]",DEP_advcl|numerais,False,True,True,0.39440531887330776,research_only,outside_review_top20,
e31526165276,"[""DEP_ccomp_rate_baixo"", ""POS_ADJ_rate_alto""]",DEP_ccomp_rate_baixo + POS_ADJ_rate_alto,"[""679c1c019611""]",679c1c019611,228,0.15833333333333333,True,0.98999999999999999,"[""DEP_ccomp"", ""adjetivacao""]",DEP_ccomp|adjetivacao,False,False,True,0.39393210074833962,research_only,outside_review_top20,
49223588716a,"[""DEP_case_rate_alto"", ""DEP_xcomp_rate_baixo""]",DEP_case_rate_alto + DEP_xcomp_rate_baixo,"[""3bde20743d8e""]",3bde20743d8e,223,0.15486111111111112,True,1,"[""DEP_xcomp"", ""relacoes_preposicionais""]",DEP_xcomp|relacoes_preposicionais,False,True,True,0.39352396510391985,research_only,outside_review_top20,
643b4e0e5991,"[""DEP_xcomp_rate_baixo"", ""POS_ADP_rate_alto""]",DEP_xcomp_rate_baixo + POS_ADP_rate_alto,"[""8749043d37ae""]",8749043d37ae,223,0.15486111111111112,True,1,"[""DEP_xcomp"", ""relacoes_preposicionais""]",DEP_xcomp|relacoes_preposicionais,False,True,True,0.39352396510391985,research_only,outside_review_top20,
72dd7066561c,"[""DEP_case_rate_alto"", ""DEP_nmod_rate_alto"", ""POS_ADP_rate_alto""]",DEP_case_rate_alto + DEP_nmod_rate_alto + POS_ADP_rate_alto,"[""0499636d8216"", ""2a063b8efede"", ""31e57ebd62ae"", ""3a0b280fd7ee"", ""79941d60f12c"", ""ee9e53183b2b""]",3a0b280fd7ee,223,0.15486111111111112,True,1,"[""DEP_nmod"", ""relacoes_preposicionais""]",DEP_nmod|relacoes_preposicionais,True,True,True,0.39352396510391985,research_only,outside_review_top20,
312a1950bfb6,"[""DEP_cop_rate_baixo"", ""DEP_nummod_rate_alto""]",DEP_cop_rate_baixo + DEP_nummod_rate_alto,"[""7e97b3140e2a""]",7e97b3140e2a,257,0.17847222222222223,True,0.93000000000000005,"[""DEP_cop"", ""numerais""]",DEP_cop|numerais,False,True,True,0.39288754752473387,research_only,outside_review_top20,
81116a7884ab,"[""DEP_cop_rate_baixo"", ""POS_DET_rate_baixo""]",DEP_cop_rate_baixo + POS_DET_rate_baixo,"[""ab54b63cfc7e""]",ab54b63cfc7e,222,0.15416666666666667,True,1,"[""DEP_cop"", ""determinacao""]",DEP_cop|determinacao,False,True,True,0.39264063297965823,research_only,outside_review_top20,
c0a07de56ebe,"[""DEP_advcl_rate_baixo"", ""DEP_cc_rate_alto"", ""POS_CCONJ_rate_alto""]",DEP_advcl_rate_baixo + DEP_cc_rate_alto + POS_CCONJ_rate_alto,"[""449e21a96c8e"", ""68ebeff6e5df"", ""79574e512a61"", ""c56c00e11e0f"", ""d17342145701""]",c56c00e11e0f,222,0.15416666666666667,True,1,"[""DEP_advcl"", ""coordenacao""]",DEP_advcl|coordenacao,True,True,True,0.39264063297965823,research_only,outside_review_top20,
0810e9804439,"[""DEP_acl:relcl_rate_baixo"", ""DEP_cc_rate_baixo"", ""POS_CCONJ_rate_baixo""]",DEP_acl:relcl_rate_baixo + DEP_cc_rate_baixo + POS_CCONJ_rate_baixo,"[""836914e82619"", ""922f4204210e"", ""9d0e9497baff"", ""beb01fe29886""]",922f4204210e,221,0.15347222222222223,True,1,"[""DEP_acl:relcl"", ""coordenacao""]",DEP_acl:relcl|coordenacao,True,True,True,0.3917553091181053,research_only,outside_review_top20,
b6ec457c440d,"[""DEP_advmod_rate_baixo"", ""DEP_xcomp_rate_baixo""]",DEP_advmod_rate_baixo + DEP_xcomp_rate_baixo,"[""32874d48f4c7""]",32874d48f4c7,260,0.18055555555555555,True,0.92000000000000004,"[""DEP_xcomp"", ""modificacao_adverbial""]",DEP_xcomp|modificacao_adverbial,False,True,True,0.39092482937544687,research_only,outside_review_top20,
23041fcdcf19,"[""DEP_acl:relcl_rate_baixo"", ""DEP_ccomp_rate_baixo"", ""POS_SCONJ_rate_baixo""]",DEP_acl:relcl_rate_baixo + DEP_ccomp_rate_baixo + POS_SCONJ_rate_baixo,"[""33a1054acbbc"", ""43cfc873ab83""]",43cfc873ab83,220,0.15277777777777779,True,1,"[""DEP_acl:relcl"", ""DEP_ccomp"", ""subordinacao""]",DEP_acl:relcl|DEP_ccomp|subordinacao,False,True,True,0.39086797998528583,research_only,outside_review_top20,
285ac6eae959,"[""DEP_aux:pass_rate_baixo"", ""DEP_conj_rate_baixo"", ""POS_CCONJ_rate_baixo""]",DEP_aux:pass_rate_baixo + DEP_conj_rate_baixo + POS_CCONJ_rate_baixo,"[""3abb7d0f0296"", ""a1c2d10229e1"", ""f0993211c506"", ""f485805e410e""]",3abb7d0f0296,220,0.15277777777777779,True,1,"[""auxiliares"", ""coordenacao""]",auxiliares|coordenacao,True,True,True,0.39086797998528583,research_only,outside_review_top20,
295d4f796a9f,"[""DEP_advcl_rate_baixo"", ""DEP_ccomp_rate_baixo"", ""POS_VERB_rate_baixo""]",DEP_advcl_rate_baixo + DEP_ccomp_rate_baixo + POS_VERB_rate_baixo,"[""37419ebed314"", ""997465f0e852"", ""cead9c6146a2""]",37419ebed314,220,0.15277777777777779,True,1,"[""DEP_advcl"", ""DEP_ccomp"", ""POS_VERB""]",DEP_advcl|DEP_ccomp|POS_VERB,False,False,True,0.39086797998528583,research_only,outside_review_top20,
abb33941f74d,"[""DEP_cop_rate_baixo"", ""DEP_nsubj:pass_rate_baixo"", ""DEP_obj_rate_alto""]",DEP_cop_rate_baixo + DEP_nsubj:pass_rate_baixo + DEP_obj_rate_alto,"[""93dad7e66b67"", ""c0a1d21d8365"", ""e34373dd74b9""]",c0a1d21d8365,220,0.15277777777777779,True,1,"[""DEP_cop"", ""DEP_nsubj:pass"", ""DEP_obj""]",DEP_cop|DEP_nsubj:pass|DEP_obj,False,True,True,0.39086797998528583,research_only,outside_review_top20,
db1daf34cfc2,"[""DEP_det_rate_alto"", ""DEP_nsubj:pass_rate_baixo"", ""DEP_nummod_rate_baixo""]",DEP_det_rate_alto + DEP_nsubj:pass_rate_baixo + DEP_nummod_rate_baixo,"[""2d196a266733"", ""6eafb806b5d9"", ""afd93b7a6794""]",afd93b7a6794,220,0.15277777777777779,True,1,"[""DEP_nsubj:pass"", ""determinacao"", ""numerais""]",DEP_nsubj:pass|determinacao|numerais,False,True,True,0.39086797998528583,research_only,outside_review_top20,
200bf5213710,"[""DEP_cop_rate_baixo"", ""punctuationDensity_spacy_baixo""]",DEP_cop_rate_baixo + punctuationDensity_spacy_baixo,"[""c4224cfb24a5""]",c4224cfb24a5,224,0.15555555555555556,True,0.98999999999999999,"[""DEP_cop"", ""punctuationDensity_spacy""]",DEP_cop|punctuationDensity_spacy,False,True,True,0.39046126568457468,research_only,outside_review_top20,
75b93d88394d,"[""DEP_mark_rate_baixo"", ""DEP_nummod_rate_baixo"", ""POS_SCONJ_rate_baixo""]",DEP_mark_rate_baixo + DEP_nummod_rate_baixo + POS_SCONJ_rate_baixo,"[""4cb5aabe529f"", ""4eff7439ca1f"", ""6dd09eef7c4c"", ""74ed050bb1c2""]",74ed050bb1c2,219,0.15208333333333332,True,1,"[""numerais"", ""subordinacao""]",numerais|subordinacao,True,True,True,0.38997863189325299,research_only,outside_review_top20,
11eb0be14042,"[""DEP_advcl_rate_baixo"", ""DEP_mark_rate_baixo"", ""DEP_xcomp_rate_baixo""]",DEP_advcl_rate_baixo + DEP_mark_rate_baixo + DEP_xcomp_rate_baixo,"[""073b51154987"", ""0ff3a4409df2"", ""62bf327fe4d3"", ""dfc27bbf197f""]",0ff3a4409df2,218,0.15138888888888888,True,1,"[""DEP_advcl"", ""DEP_xcomp"", ""subordinacao""]",DEP_advcl|DEP_xcomp|subordinacao,False,True,True,0.38908725099762503,research_only,outside_review_top20,
988c0fcee777,"[""DEP_advmod_rate_baixo"", ""DEP_cop_rate_baixo"", ""DEP_nsubj:pass_rate_baixo""]",DEP_advmod_rate_baixo + DEP_cop_rate_baixo + DEP_nsubj:pass_rate_baixo,"[""f9ef32d3ab23""]",f9ef32d3ab23,218,0.15138888888888888,True,1,"[""DEP_cop"", ""DEP_nsubj:pass"", ""modificacao_adverbial""]",DEP_cop|DEP_nsubj:pass|modificacao_adverbial,False,True,True,0.38908725099762503,research_only,outside_review_top20,
bdc98f0596a3,"[""DEP_ccomp_rate_baixo"", ""DEP_det_rate_alto"", ""POS_DET_rate_alto""]",DEP_ccomp_rate_baixo + DEP_det_rate_alto + POS_DET_rate_alto,"[""0dc54810a4f9"", ""46438573a26a"", ""9b5054ea3584"", ""cac768150b29""]",cac768150b29,218,0.15138888888888888,True,1,"[""DEP_ccomp"", ""determinacao""]",DEP_ccomp|determinacao,True,True,True,0.38908725099762503,research_only,outside_review_top20,
cd6d47abb1a0,"[""DEP_cc_rate_alto"", ""DEP_conj_rate_alto"", ""DEP_nsubj:pass_rate_baixo""]",DEP_cc_rate_alto + DEP_conj_rate_alto + DEP_nsubj:pass_rate_baixo,"[""44405e87f1bd"", ""8639491e6aae"", ""939220e923e4"", ""d0bdb8bf2838"", ""f258cdc6e634""]",f258cdc6e634,218,0.15138888888888888,True,1,"[""DEP_nsubj:pass"", ""coordenacao""]",DEP_nsubj:pass|coordenacao,True,True,True,0.38908725099762503,research_only,outside_review_top20,
dfb8f35b3e7e,"[""DEP_acl:relcl_rate_baixo"", ""DEP_ccomp_rate_baixo"", ""DEP_mark_rate_baixo""]",DEP_acl:relcl_rate_baixo + DEP_ccomp_rate_baixo + DEP_mark_rate_baixo,"[""a71baa34b726"", ""ceaa7cc99bcf""]",a71baa34b726,218,0.15138888888888888,True,1,"[""DEP_acl:relcl"", ""DEP_ccomp"", ""subordinacao""]",DEP_acl:relcl|DEP_ccomp|subordinacao,False,True,True,0.38908725099762503,research_only,outside_review_top20,
419b9f1cb597,"[""DEP_appos_rate_alto"", ""DEP_xcomp_rate_baixo""]",DEP_appos_rate_alto + DEP_xcomp_rate_baixo,"[""258e27dcb52c""]",258e27dcb52c,217,0.15069444444444444,True,1,"[""DEP_appos"", ""DEP_xcomp""]",DEP_appos|DEP_xcomp,False,True,True,0.38819382329507052,research_only,outside_review_top20,
4f94287a9636,"[""DEP_acl_rate_baixo"", ""DEP_advcl_rate_baixo"", ""POS_SCONJ_rate_baixo""]",DEP_acl_rate_baixo + DEP_advcl_rate_baixo + POS_SCONJ_rate_baixo,"[""da3b9e34d9d9"", ""da821bedc6d6""]",da3b9e34d9d9,217,0.15069444444444444,True,1,"[""DEP_acl"", ""DEP_advcl"", ""subordinacao""]",DEP_acl|DEP_advcl|subordinacao,False,True,True,0.38819382329507052,research_only,outside_review_top20,
67c14de02fcc,"[""DEP_aux:pass_rate_baixo"", ""DEP_nsubj_rate_alto"", ""DEP_nummod_rate_baixo""]",DEP_aux:pass_rate_baixo + DEP_nsubj_rate_alto + DEP_nummod_rate_baixo,"[""648d6c3e6ce5"", ""8e3fd5a616a1"", ""e6b08e844cba""]",648d6c3e6ce5,217,0.15069444444444444,True,1,"[""DEP_nsubj"", ""auxiliares"", ""numerais""]",DEP_nsubj|auxiliares|numerais,False,True,True,0.38819382329507052,research_only,outside_review_top20,
6c325e79c0a0,"[""DEP_advcl_rate_baixo"", ""DEP_case_rate_alto"", ""POS_ADP_rate_alto""]",DEP_advcl_rate_baixo + DEP_case_rate_alto + POS_ADP_rate_alto,"[""1365b060ae37"", ""3951453e7f13"", ""9ed347a5dbd4"", ""a1906d82e929"", ""b4d88ad7ed2f""]",b4d88ad7ed2f,217,0.15069444444444444,True,1,"[""DEP_advcl"", ""relacoes_preposicionais""]",DEP_advcl|relacoes_preposicionais,True,True,True,0.38819382329507052,research_only,outside_review_top20,
2d6fe5ae264a,"[""DEP_advcl_rate_baixo"", ""diversidade_baixo""]",DEP_advcl_rate_baixo + diversidade_baixo,"[""cfeb8222ad8a""]",cfeb8222ad8a,225,0.15625,True,0.97999999999999998,"[""DEP_advcl"", ""diversidade""]",DEP_advcl|diversidade,False,False,True,0.38737901337062647,research_only,outside_review_top20,
133baecb79a5,"[""DEP_acl_rate_baixo"", ""POS_AUX_rate_alto""]",DEP_acl_rate_baixo + POS_AUX_rate_alto,"[""89c5cf7d79e2""]",89c5cf7d79e2,216,0.14999999999999999,True,1,"[""DEP_acl"", ""auxiliares""]",DEP_acl|auxiliares,False,True,True,0.3872983346207417,research_only,outside_review_top20,
f7e732c34a70,"[""DEP_aux:pass_rate_baixo"", ""DEP_ccomp_rate_alto"", ""DEP_nummod_rate_baixo""]",DEP_aux:pass_rate_baixo + DEP_ccomp_rate_alto + DEP_nummod_rate_baixo,"[""5462a98c6fa1"", ""c5dcbd4d5e58""]",c5dcbd4d5e58,216,0.14999999999999999,True,1,"[""DEP_ccomp"", ""auxiliares"", ""numerais""]",DEP_ccomp|auxiliares|numerais,False,True,True,0.3872983346207417,research_only,outside_review_top20,
39de9d96cecf,"[""DEP_appos_rate_baixo"", ""uppercaseRatio_baixo""]",DEP_appos_rate_baixo + uppercaseRatio_baixo,"[""bae7b66a9fc4""]",bae7b66a9fc4,239,0.16597222222222222,True,0.94999999999999996,"[""DEP_appos"", ""uppercaseRatio""]",DEP_appos|uppercaseRatio,False,True,True,0.38702704111670999,research_only,outside_review_top20,
3ee6f63f6f57,"[""DEP_acl_rate_baixo"", ""DEP_advmod_rate_baixo"", ""POS_ADV_rate_baixo""]",DEP_acl_rate_baixo + DEP_advmod_rate_baixo + POS_ADV_rate_baixo,"[""5a4dcc2b5d22"", ""9f5ecddc220b""]",9f5ecddc220b,215,0.14930555555555555,True,1,"[""DEP_acl"", ""modificacao_adverbial""]",DEP_acl|modificacao_adverbial,True,True,True,0.38640077064565431,research_only,outside_review_top20,
43dcdfea5f2e,"[""DEP_advcl_rate_baixo"", ""DEP_xcomp_rate_baixo"", ""POS_SCONJ_rate_baixo""]",DEP_advcl_rate_baixo + DEP_xcomp_rate_baixo + POS_SCONJ_rate_baixo,"[""3407767a00ea"", ""6174793ae5c3"", ""9ece2b781dcd"", ""b4f102bf1a45""]",9ece2b781dcd,215,0.14930555555555555,True,1,"[""DEP_advcl"", ""DEP_xcomp"", ""subordinacao""]",DEP_advcl|DEP_xcomp|subordinacao,False,True,True,0.38640077064565431,research_only,outside_review_top20,
f15a5edcdb47,"[""DEP_conj_rate_baixo"", ""DEP_nummod_rate_baixo"", ""POS_CCONJ_rate_baixo""]",DEP_conj_rate_baixo + DEP_nummod_rate_baixo + POS_CCONJ_rate_baixo,"[""5cca846a308e"", ""5f2763098d1d"", ""6bab4f822816"", ""883c362b9a30""]",5cca846a308e,215,0.14930555555555555,True,1,"[""coordenacao"", ""numerais""]",coordenacao|numerais,True,True,True,0.38640077064565431,research_only,outside_review_top20,
34a758a7c8f0,"[""DEP_ccomp_rate_baixo"", ""DEP_nsubj:pass_rate_baixo"", ""POS_VERB_rate_baixo""]",DEP_ccomp_rate_baixo + DEP_nsubj:pass_rate_baixo + POS_VERB_rate_baixo,"[""481e7ed4c0ad"", ""67fe3a473999""]",67fe3a473999,214,0.14861111111111111,True,1,"[""DEP_ccomp"", ""DEP_nsubj:pass"", ""POS_VERB""]",DEP_ccomp|DEP_nsubj:pass|POS_VERB,False,True,True,0.38550111687401256,research_only,outside_review_top20,
f93feeae3e7a,"[""DEP_case_rate_alto"", ""DEP_nsubj:pass_rate_baixo"", ""POS_ADP_rate_alto""]",DEP_case_rate_alto + DEP_nsubj:pass_rate_baixo + POS_ADP_rate_alto,"[""234e1c37620f"", ""45da93d7e7e4"", ""ce07acedad7d"", ""ef1727737a1d""]",45da93d7e7e4,214,0.14861111111111111,True,1,"[""DEP_nsubj:pass"", ""relacoes_preposicionais""]",DEP_nsubj:pass|relacoes_preposicionais,True,True,True,0.38550111687401256,research_only,outside_review_top20,
66005fe571d8,"[""DEP_cop_rate_baixo"", ""POS_PROPN_rate_alto""]",DEP_cop_rate_baixo + POS_PROPN_rate_alto,"[""be9f3c57b057""]",be9f3c57b057,227,0.15763888888888888,True,0.96999999999999997,"[""DEP_cop"", ""POS_PROPN""]",DEP_cop|POS_PROPN,False,True,True,0.38512651240281492,research_only,outside_review_top20,
07c1b7323bbd,"[""DEP_advcl_rate_baixo"", ""DEP_nsubj:pass_rate_baixo"", ""POS_VERB_rate_baixo""]",DEP_advcl_rate_baixo + DEP_nsubj:pass_rate_baixo + POS_VERB_rate_baixo,"[""63a26a24c55d"", ""93a39f5d2090""]",93a39f5d2090,213,0.14791666666666667,True,1,"[""DEP_advcl"", ""DEP_nsubj:pass"", ""POS_VERB""]",DEP_advcl|DEP_nsubj:pass|POS_VERB,False,True,True,0.38459935864047756,research_only,outside_review_top20,
bfd21eefea5a,"[""DEP_acl:relcl_rate_baixo"", ""DEP_case_rate_alto"", ""POS_ADP_rate_alto""]",DEP_acl:relcl_rate_baixo + DEP_case_rate_alto + POS_ADP_rate_alto,"[""85735d042ad9"", ""9c8b294ae79d"", ""a08df8c8a106"", ""f29b850fde31"", ""fcb3952917ae""]",fcb3952917ae,213,0.14791666666666667,True,1,"[""DEP_acl:relcl"", ""relacoes_preposicionais""]",DEP_acl:relcl|relacoes_preposicionais,True,True,True,0.38459935864047756,research_only,outside_review_top20,
ec5e38f2c9d4,"[""DEP_cc_rate_baixo"", ""DEP_ccomp_rate_baixo"", ""DEP_conj_rate_baixo""]",DEP_cc_rate_baixo + DEP_ccomp_rate_baixo + DEP_conj_rate_baixo,"[""1614c5e6bca8"", ""652408990397""]",1614c5e6bca8,213,0.14791666666666667,True,1,"[""DEP_ccomp"", ""coordenacao""]",DEP_ccomp|coordenacao,True,True,True,0.38459935864047756,research_only,outside_review_top20,
ec9a7adedb1b,"[""DEP_acl:relcl_rate_alto"", ""DEP_advcl_rate_baixo""]",DEP_acl:relcl_rate_alto + DEP_advcl_rate_baixo,"[""b91c01eb0db3""]",b91c01eb0db3,231,0.16041666666666668,True,0.95999999999999996,"[""DEP_acl:relcl"", ""DEP_advcl""]",DEP_acl:relcl|DEP_advcl,False,True,True,0.38449967490233333,research_only,outside_review_top20,
02936e430601,"[""DEP_appos_rate_alto"", ""DEP_nsubj:pass_rate_baixo"", ""DEP_nummod_rate_baixo""]",DEP_appos_rate_alto + DEP_nsubj:pass_rate_baixo + DEP_nummod_rate_baixo,"[""f0fc5d5fdd95"", ""fd8b4848a016""]",fd8b4848a016,212,0.14722222222222223,True,1,"[""DEP_appos"", ""DEP_nsubj:pass"", ""numerais""]",DEP_appos|DEP_nsubj:pass|numerais,False,True,True,0.38369548110737794,research_only,outside_review_top20,
06f861e8fbf6,"[""DEP_aux:pass_rate_baixo"", ""DEP_nsubj:pass_rate_baixo"", ""POS_DET_rate_baixo""]",DEP_aux:pass_rate_baixo + DEP_nsubj:pass_rate_baixo + POS_DET_rate_baixo,"[""2337a3ef7428"", ""b351c0c416bf""]",b351c0c416bf,212,0.14722222222222223,True,1,"[""DEP_nsubj:pass"", ""auxiliares"", ""determinacao""]",DEP_nsubj:pass|auxiliares|determinacao,False,True,True,0.38369548110737794,research_only,outside_review_top20,
3f2a63598600,"[""DEP_ccomp_rate_baixo"", ""DEP_xcomp_rate_baixo"", ""POS_VERB_rate_baixo""]",DEP_ccomp_rate_baixo + DEP_xcomp_rate_baixo + POS_VERB_rate_baixo,"[""221a5c71d181"", ""2f958a5bca9a"", ""c76ecad6d368""]",c76ecad6d368,212,0.14722222222222223,True,1,"[""DEP_ccomp"", ""DEP_xcomp"", ""POS_VERB""]",DEP_ccomp|DEP_xcomp|POS_VERB,False,True,True,0.38369548110737794,research_only,outside_review_top20,
7e7cbe183d7f,"[""DEP_aux:pass_rate_baixo"", ""DEP_det_rate_baixo"", ""DEP_nsubj:pass_rate_baixo""]",DEP_aux:pass_rate_baixo + DEP_det_rate_baixo + DEP_nsubj:pass_rate_baixo,"[""a98c632aca14"", ""d92a7e4d0358""]",d92a7e4d0358,212,0.14722222222222223,True,1,"[""DEP_nsubj:pass"", ""auxiliares"", ""determinacao""]",DEP_nsubj:pass|auxiliares|determinacao,False,True,True,0.38369548110737794,research_only,outside_review_top20,
9a9c2468717a,"[""DEP_acl_rate_baixo"", ""DEP_advcl_rate_baixo"", ""DEP_mark_rate_baixo""]",DEP_acl_rate_baixo + DEP_advcl_rate_baixo + DEP_mark_rate_baixo,"[""4ee581fe9d8b"", ""ce132d24a629"", ""f6f1070c1699""]",f6f1070c1699,212,0.14722222222222223,True,1,"[""DEP_acl"", ""DEP_advcl"", ""subordinacao""]",DEP_acl|DEP_advcl|subordinacao,False,True,True,0.38369548110737794,research_only,outside_review_top20,
9c3958a8ebae,"[""DEP_cop_rate_baixo"", ""DEP_det_rate_baixo"", ""POS_DET_rate_baixo""]",DEP_cop_rate_baixo + DEP_det_rate_baixo + POS_DET_rate_baixo,"[""3c10c03d5833"", ""5237c2520e53"", ""60e8d40666f9"", ""8db072a7a08d"", ""dd5029e8f63a""]",3c10c03d5833,212,0.14722222222222223,True,1,"[""DEP_cop"", ""determinacao""]",DEP_cop|determinacao,True,True,True,0.38369548110737794,research_only,outside_review_top20,
a0122fff1089,"[""DEP_nsubj:pass_rate_baixo"", ""DEP_nummod_rate_baixo"", ""POS_ADP_rate_baixo""]",DEP_nsubj:pass_rate_baixo + DEP_nummod_rate_baixo + POS_ADP_rate_baixo,"[""027a0d4c4a98"", ""4441f4240e3b"", ""9b9809f455cd""]",027a0d4c4a98,212,0.14722222222222223,True,1,"[""DEP_nsubj:pass"", ""numerais"", ""relacoes_preposicionais""]",DEP_nsubj:pass|numerais|relacoes_preposicionais,False,True,True,0.38369548110737794,research_only,outside_review_top20,
cc3ed656dbfb,"[""DEP_cop_rate_baixo"", ""POS_NUM_rate_alto""]",DEP_cop_rate_baixo + POS_NUM_rate_alto,"[""8eb305fe70c8""]",8eb305fe70c8,239,0.16597222222222222,True,0.93999999999999995,"[""DEP_cop"", ""numerais""]",DEP_cop|numerais,False,True,True,0.38295307226284991,research_only,outside_review_top20,
db9819e50293,"[""DEP_xcomp_rate_baixo"", ""POS_PRON_rate_baixo""]",DEP_xcomp_rate_baixo + POS_PRON_rate_baixo,"[""ff0335d7ee8e""]",ff0335d7ee8e,239,0.16597222222222222,True,0.93999999999999995,"[""DEP_xcomp"", ""POS_PRON""]",DEP_xcomp|POS_PRON,False,True,True,0.38295307226284991,research_only,outside_review_top20,
1a5a40f115dc,"[""DEP_acl:relcl_rate_baixo"", ""DEP_ccomp_rate_alto"", ""DEP_nsubj:pass_rate_baixo""]",DEP_acl:relcl_rate_baixo + DEP_ccomp_rate_alto + DEP_nsubj:pass_rate_baixo,"[""106d28184664"", ""1854d557387f"", ""b72f0ac875b5""]",b72f0ac875b5,211,0.14652777777777778,True,1,"[""DEP_acl:relcl"", ""DEP_ccomp"", ""DEP_nsubj:pass""]",DEP_acl:relcl|DEP_ccomp|DEP_nsubj:pass,False,True,True,0.38278946926186175,research_only,outside_review_top20,
4286c7e17675,"[""DEP_aux:pass_rate_baixo"", ""DEP_nummod_rate_baixo"", ""DEP_obj_rate_alto""]",DEP_aux:pass_rate_baixo + DEP_nummod_rate_baixo + DEP_obj_rate_alto,"[""8060a37699d5"", ""a72aa27e0782"", ""ce1fd1b36ea1""]",8060a37699d5,211,0.14652777777777778,True,1,"[""DEP_obj"", ""auxiliares"", ""numerais""]",DEP_obj|auxiliares|numerais,False,True,True,0.38278946926186175,research_only,outside_review_top20,
9c12fc7517d0,"[""DEP_cop_rate_alto"", ""POS_AUX_rate_alto""]",DEP_cop_rate_alto + POS_AUX_rate_alto,"[""3cba4855b1b4"", ""cafee5f720a0""]",3cba4855b1b4,211,0.14652777777777778,True,1,"[""DEP_cop"", ""auxiliares""]",DEP_cop|auxiliares,False,True,True,0.38278946926186175,research_only,outside_review_top20,
3fb020c38e86,"[""DEP_acl:relcl_rate_alto"", ""POS_PRON_rate_alto""]",DEP_acl:relcl_rate_alto + POS_PRON_rate_alto,"[""1af4ac338107"", ""f546b1d3ed39""]",1af4ac338107,210,0.14583333333333334,True,1,"[""DEP_acl:relcl"", ""POS_PRON""]",DEP_acl:relcl|POS_PRON,False,True,True,0.38188130791298669,research_only,same_mechanism_family,
62bcae4712af,"[""DEP_cc_rate_baixo"", ""DEP_conj_rate_baixo"", ""DEP_cop_rate_baixo""]",DEP_cc_rate_baixo + DEP_conj_rate_baixo + DEP_cop_rate_baixo,"[""38b7f3e75f77"", ""81f149122372"", ""ab2199bb4ea1""]",81f149122372,210,0.14583333333333334,True,1,"[""DEP_cop"", ""coordenacao""]",DEP_cop|coordenacao,True,True,True,0.38188130791298669,research_only,outside_review_top20,
7cf4c83ea896,"[""DEP_advcl_rate_baixo"", ""DEP_cop_rate_baixo"", ""DEP_mark_rate_baixo""]",DEP_advcl_rate_baixo + DEP_cop_rate_baixo + DEP_mark_rate_baixo,"[""63aeed724fc9"", ""660da2946c12""]",660da2946c12,210,0.14583333333333334,True,1,"[""DEP_advcl"", ""DEP_cop"", ""subordinacao""]",DEP_advcl|DEP_cop|subordinacao,False,True,True,0.38188130791298669,research_only,outside_review_top20,
8a2455e61c46,"[""DEP_case_rate_alto"", ""DEP_cop_rate_baixo"", ""POS_ADP_rate_alto""]",DEP_case_rate_alto + DEP_cop_rate_baixo + POS_ADP_rate_alto,"[""2d6a7fbbe0be"", ""9641f2a664f6"", ""9dab56e8ff67"", ""d49aa412a074"", ""febdfd14841d""]",9641f2a664f6,210,0.14583333333333334,True,1,"[""DEP_cop"", ""relacoes_preposicionais""]",DEP_cop|relacoes_preposicionais,True,True,True,0.38188130791298669,research_only,outside_review_top20,
ed9a06382d1c,"[""DEP_advcl_rate_baixo"", ""DEP_xcomp_rate_baixo"", ""POS_VERB_rate_baixo""]",DEP_advcl_rate_baixo + DEP_xcomp_rate_baixo + POS_VERB_rate_baixo,"[""45ceb9709f0e"", ""6c5fcd090ae1"", ""736e4b3f63a7"", ""7731759b9929""]",6c5fcd090ae1,210,0.14583333333333334,True,1,"[""DEP_advcl"", ""DEP_xcomp"", ""POS_VERB""]",DEP_advcl|DEP_xcomp|POS_VERB,False,True,True,0.38188130791298669,research_only,outside_review_top20,
ff721beb4558,"[""DEP_acl:relcl_rate_baixo"", ""DEP_acl_rate_alto""]",DEP_acl:relcl_rate_baixo + DEP_acl_rate_alto,"[""bd9ae97dcf27""]",bd9ae97dcf27,259,0.17986111111111111,True,0.90000000000000002,"[""DEP_acl"", ""DEP_acl:relcl""]",DEP_acl|DEP_acl:relcl,False,True,True,0.38169031949998422,research_only,outside_review_top20,
4d4ceb4e2d82,"[""DEP_cop_rate_baixo"", ""DEP_nsubj:pass_rate_alto""]",DEP_cop_rate_baixo + DEP_nsubj:pass_rate_alto,"[""ebeacd65da11""]",ebeacd65da11,214,0.14861111111111111,True,0.98999999999999999,"[""DEP_cop"", ""DEP_nsubj:pass""]",DEP_cop|DEP_nsubj:pass,False,True,True,0.38164610570527241,research_only,outside_review_top20,
3d02a5fca5f6,"[""DEP_nsubj:pass_rate_baixo"", ""DEP_xcomp_rate_baixo"", ""POS_VERB_rate_baixo""]",DEP_nsubj:pass_rate_baixo + DEP_xcomp_rate_baixo + POS_VERB_rate_baixo,"[""100e394ea5f0"", ""494d7cce17a9""]",100e394ea5f0,209,0.1451388888888889,True,1,"[""DEP_nsubj:pass"", ""DEP_xcomp"", ""POS_VERB""]",DEP_nsubj:pass|DEP_xcomp|POS_VERB,False,True,True,0.38097098168874871,research_only,outside_review_top20,
b88299f62fb3,"[""DEP_xcomp_rate_baixo"", ""POS_PROPN_rate_alto""]",DEP_xcomp_rate_baixo + POS_PROPN_rate_alto,"[""bd6a1f74865a""]",bd6a1f74865a,209,0.1451388888888889,True,1,"[""DEP_xcomp"", ""POS_PROPN""]",DEP_xcomp|POS_PROPN,False,True,True,0.38097098168874871,research_only,outside_review_top20,
f5311721fc73,"[""DEP_nsubj:pass_rate_baixo"", ""DEP_nummod_rate_baixo"", ""POS_DET_rate_alto""]",DEP_nsubj:pass_rate_baixo + DEP_nummod_rate_baixo + POS_DET_rate_alto,"[""5dff08da0974"", ""6d850b98e77f"", ""860ff882b629""]",5dff08da0974,209,0.1451388888888889,True,1,"[""DEP_nsubj:pass"", ""determinacao"", ""numerais""]",DEP_nsubj:pass|determinacao|numerais,False,True,True,0.38097098168874871,research_only,outside_review_top20,
f540d74981a7,"[""DEP_cc_rate_baixo"", ""DEP_xcomp_rate_baixo"", ""POS_CCONJ_rate_baixo""]",DEP_cc_rate_baixo + DEP_xcomp_rate_baixo + POS_CCONJ_rate_baixo,"[""2624c47d9a4b"", ""49e97530613d"", ""687c8f22ecd5""]",2624c47d9a4b,209,0.1451388888888889,True,1,"[""DEP_xcomp"", ""coordenacao""]",DEP_xcomp|coordenacao,True,True,True,0.38097098168874871,research_only,outside_review_top20,
84aef73f044d,"[""DEP_flat:name_rate_alto"", ""DEP_nummod_rate_baixo""]",DEP_flat:name_rate_alto + DEP_nummod_rate_baixo,"[""700c0e5fd7a9""]",700c0e5fd7a9,231,0.16041666666666668,True,0.94999999999999996,"[""DEP_flat:name"", ""numerais""]",DEP_flat:name|numerais,False,True,True,0.38049446995543401,research_only,outside_review_top20,
a6a988e9efb1,"[""DEP_nummod_rate_alto"", ""DEP_xcomp_rate_baixo""]",DEP_nummod_rate_alto + DEP_xcomp_rate_baixo,"[""e384d4054f1a""]",e384d4054f1a,208,0.14444444444444443,True,1,"[""DEP_xcomp"", ""numerais""]",DEP_xcomp|numerais,False,True,True,0.38005847503304596,research_only,outside_review_top20,
a6fd34100cf4,"[""DEP_conj_rate_alto"", ""DEP_nsubj:pass_rate_baixo"", ""POS_CCONJ_rate_alto""]",DEP_conj_rate_alto + DEP_nsubj:pass_rate_baixo + POS_CCONJ_rate_alto,"[""69e0131f9ba3"", ""7621b454c42e"", ""8bd490f59450"", ""c4445e20a85f"", ""d0209bf8760a""]",c4445e20a85f,208,0.14444444444444443,True,1,"[""DEP_nsubj:pass"", ""coordenacao""]",DEP_nsubj:pass|coordenacao,True,True,True,0.38005847503304596,research_only,outside_review_top20,
db0c14695aee,"[""DEP_case_rate_baixo"", ""DEP_nmod_rate_baixo"", ""POS_ADP_rate_baixo""]",DEP_case_rate_baixo + DEP_nmod_rate_baixo + POS_ADP_rate_baixo,"[""1f0d4f5643ca"", ""544adab37277"", ""801eeda6730c"", ""c761446ebef7"", ""d10c0e4f4c9b"", ""f95ba19233e2""]",1f0d4f5643ca,208,0.14444444444444443,True,1,"[""DEP_nmod"", ""relacoes_preposicionais""]",DEP_nmod|relacoes_preposicionais,True,True,True,0.38005847503304596,research_only,outside_review_top20,
e87d0a905fbd,"[""DEP_advcl_rate_baixo"", ""DEP_cop_rate_baixo"", ""POS_SCONJ_rate_baixo""]",DEP_advcl_rate_baixo + DEP_cop_rate_baixo + POS_SCONJ_rate_baixo,"[""e9536aa6c5d3"", ""effc85db475a""]",e9536aa6c5d3,208,0.14444444444444443,True,1,"[""DEP_advcl"", ""DEP_cop"", ""subordinacao""]",DEP_advcl|DEP_cop|subordinacao,False,True,True,0.38005847503304596,research_only,outside_review_top20,
43474717d4dd,"[""DEP_appos_rate_baixo"", ""DEP_flat:name_rate_baixo""]",DEP_appos_rate_baixo + DEP_flat:name_rate_baixo,"[""94ab787b907d""]",94ab787b907d,221,0.15347222222222223,True,0.96999999999999997,"[""DEP_appos"", ""DEP_flat:name""]",DEP_appos|DEP_flat:name,False,True,True,0.38000264984456211,research_only,outside_review_top20,
f96671f3dd2b,"[""DEP_acl_rate_alto"", ""DEP_nsubj:pass_rate_baixo"", ""DEP_nummod_rate_baixo""]",DEP_acl_rate_alto + DEP_nsubj:pass_rate_baixo + DEP_nummod_rate_baixo,"[""0e6a1bb3663a"", ""a6401724604f"", ""a6dcfa75012f""]",0e6a1bb3663a,212,0.14722222222222223,True,0.98999999999999999,"[""DEP_acl"", ""DEP_nsubj:pass"", ""numerais""]",DEP_acl|DEP_nsubj:pass|numerais,False,True,True,0.37985852629630418,research_only,outside_review_top20,
1989cfd3fffd,"[""DEP_advcl_rate_baixo"", ""DEP_aux:pass_rate_baixo"", ""POS_VERB_rate_baixo""]",DEP_advcl_rate_baixo + DEP_aux:pass_rate_baixo + POS_VERB_rate_baixo,"[""01016ce5ceb8"", ""c0d72f1738a6"", ""c1c292e292d8""]",c0d72f1738a6,207,0.14374999999999999,True,1,"[""DEP_advcl"", ""POS_VERB"", ""auxiliares""]",DEP_advcl|POS_VERB|auxiliares,False,True,True,0.3791437722025775,research_only,outside_review_top20,
4486c3e601a2,"[""DEP_amod_rate_alto"", ""DEP_aux:pass_rate_baixo"", ""POS_ADJ_rate_alto""]",DEP_amod_rate_alto + DEP_aux:pass_rate_baixo + POS_ADJ_rate_alto,"[""73fd8f6f8257"", ""b22c633db9ae"", ""b9871d44a79d"", ""c0c3f9ab2263"", ""c84dc659f06c""]",b22c633db9ae,207,0.14374999999999999,True,1,"[""adjetivacao"", ""auxiliares""]",adjetivacao|auxiliares,True,True,True,0.3791437722025775,research_only,outside_review_top20,
570e9c54e86d,"[""DEP_ccomp_rate_baixo"", ""DEP_cop_rate_baixo"", ""DEP_nsubj_rate_baixo""]",DEP_ccomp_rate_baixo + DEP_cop_rate_baixo + DEP_nsubj_rate_baixo,"[""9dd661d20d3c"", ""a465d221183b"", ""b53679211f3f""]",b53679211f3f,207,0.14374999999999999,True,1,"[""DEP_ccomp"", ""DEP_cop"", ""DEP_nsubj""]",DEP_ccomp|DEP_cop|DEP_nsubj,False,True,True,0.3791437722025775,research_only,outside_review_top20,
64891944bc04,"[""DEP_ccomp_rate_alto"", ""DEP_mark_rate_alto"", ""POS_SCONJ_rate_alto""]",DEP_ccomp_rate_alto + DEP_mark_rate_alto + POS_SCONJ_rate_alto,"[""7c5bbec8c5a5"", ""9f13c78d4a4f"", ""a858316a9c2c"", ""d12b71539512"", ""d74408de7a1a""]",d74408de7a1a,207,0.14374999999999999,True,1,"[""DEP_ccomp"", ""subordinacao""]",DEP_ccomp|subordinacao,True,True,True,0.3791437722025775,research_only,outside_review_top20,
6e9988cef987,"[""DEP_acl:relcl_rate_baixo"", ""DEP_ccomp_rate_baixo"", ""DEP_nsubj_rate_baixo""]",DEP_acl:relcl_rate_baixo + DEP_ccomp_rate_baixo + DEP_nsubj_rate_baixo,"[""12bc2477885a"", ""4beed172b147"", ""5e48e3f8499c""]",4beed172b147,206,0.14305555555555555,True,1,"[""DEP_acl:relcl"", ""DEP_ccomp"", ""DEP_nsubj""]",DEP_acl:relcl|DEP_ccomp|DEP_nsubj,False,True,True,0.37822685726367389,research_only,outside_review_top20,
767b1d6f974e,"[""DEP_cc_rate_alto"", ""DEP_cop_rate_baixo"", ""POS_CCONJ_rate_alto""]",DEP_cc_rate_alto + DEP_cop_rate_baixo + POS_CCONJ_rate_alto,"[""06d82aa4a7ff"", ""6e8006333a7c"", ""b52a07d88764"", ""be43f4583906""]",06d82aa4a7ff,206,0.14305555555555555,True,1,"[""DEP_cop"", ""coordenacao""]",DEP_cop|coordenacao,True,True,True,0.37822685726367389,research_only,outside_review_top20,
7bbd8cc6a0ad,"[""DEP_case_rate_baixo"", ""DEP_nsubj:pass_rate_baixo"", ""DEP_nummod_rate_baixo""]",DEP_case_rate_baixo + DEP_nsubj:pass_rate_baixo + DEP_nummod_rate_baixo,"[""5bf5deac0224"", ""7c9ece2fd2b9"", ""b9bcd73c32b8""]",5bf5deac0224,206,0.14305555555555555,True,1,"[""DEP_nsubj:pass"", ""numerais"", ""relacoes_preposicionais""]",DEP_nsubj:pass|numerais|relacoes_preposicionais,False,True,True,0.37822685726367389,research_only,outside_review_top20,
8814f92b30d3,"[""DEP_nsubj:pass_rate_baixo"", ""DEP_nummod_rate_baixo"", ""POS_PRON_rate_alto""]",DEP_nsubj:pass_rate_baixo + DEP_nummod_rate_baixo + POS_PRON_rate_alto,"[""72cb0f692ac6"", ""aae4acdd1236"", ""b8f4d7acb82b""]",aae4acdd1236,206,0.14305555555555555,True,1,"[""DEP_nsubj:pass"", ""POS_PRON"", ""numerais""]",DEP_nsubj:pass|POS_PRON|numerais,False,True,True,0.37822685726367389,research_only,outside_review_top20,
8b3cab32dda1,"[""DEP_ccomp_rate_baixo"", ""DEP_nummod_rate_baixo"", ""POS_SCONJ_rate_baixo""]",DEP_ccomp_rate_baixo + DEP_nummod_rate_baixo + POS_SCONJ_rate_baixo,"[""0b0268639d33""]",0b0268639d33,206,0.14305555555555555,True,1,"[""DEP_ccomp"", ""numerais"", ""subordinacao""]",DEP_ccomp|numerais|subordinacao,False,True,True,0.37822685726367389,research_only,outside_review_top20,
06fac3e25806,"[""DEP_advcl_rate_baixo"", ""DEP_nsubj:pass_rate_baixo"", ""DEP_nsubj_rate_alto""]",DEP_advcl_rate_baixo + DEP_nsubj:pass_rate_baixo + DEP_nsubj_rate_alto,"[""b5c38ea6a586"", ""baf5e47d0bae""]",b5c38ea6a586,205,0.1423611111111111,True,1,"[""DEP_advcl"", ""DEP_nsubj"", ""DEP_nsubj:pass""]",DEP_advcl|DEP_nsubj|DEP_nsubj:pass,False,True,True,0.377307714089059,research_only,outside_review_top20,
1afe2319b6a0,"[""DEP_advcl_rate_baixo"", ""DEP_nmod_rate_alto"", ""DEP_nsubj:pass_rate_baixo""]",DEP_advcl_rate_baixo + DEP_nmod_rate_alto + DEP_nsubj:pass_rate_baixo,"[""43dd66f1e918"", ""c4596fc16303""]",43dd66f1e918,205,0.1423611111111111,True,1,"[""DEP_advcl"", ""DEP_nmod"", ""DEP_nsubj:pass""]",DEP_advcl|DEP_nmod|DEP_nsubj:pass,False,True,True,0.377307714089059,research_only,outside_review_top20,
4ec255159ce2,"[""DEP_acl_rate_baixo"", ""DEP_nsubj:pass_rate_baixo"", ""DEP_nsubj_rate_alto""]",DEP_acl_rate_baixo + DEP_nsubj:pass_rate_baixo + DEP_nsubj_rate_alto,"[""833e3014d4f4"", ""d37820bc4ee7"", ""f7fd78818080""]",833e3014d4f4,205,0.1423611111111111,True,1,"[""DEP_acl"", ""DEP_nsubj"", ""DEP_nsubj:pass""]",DEP_acl|DEP_nsubj|DEP_nsubj:pass,False,True,True,0.377307714089059,research_only,outside_review_top20,
609cdca53a45,"[""DEP_ccomp_rate_baixo"", ""DEP_nmod_rate_alto"", ""DEP_nsubj:pass_rate_baixo""]",DEP_ccomp_rate_baixo + DEP_nmod_rate_alto + DEP_nsubj:pass_rate_baixo,"[""6f31614b9d37""]",6f31614b9d37,205,0.1423611111111111,True,1,"[""DEP_ccomp"", ""DEP_nmod"", ""DEP_nsubj:pass""]",DEP_ccomp|DEP_nmod|DEP_nsubj:pass,False,True,True,0.377307714089059,research_only,outside_review_top20,
9f7be9a90199,"[""DEP_cop_rate_baixo"", ""DEP_flat:name_rate_alto""]",DEP_cop_rate_baixo + DEP_flat:name_rate_alto,"[""18b424f3798a""]",18b424f3798a,217,0.15069444444444444,True,0.96999999999999997,"[""DEP_cop"", ""DEP_flat:name""]",DEP_cop|DEP_flat:name,False,True,True,0.3765480085962184,research_only,outside_review_top20,
a0d0e012fc3f,"[""DEP_aux:pass_rate_baixo"", ""DEP_case_rate_alto"", ""POS_ADP_rate_alto""]",DEP_aux:pass_rate_baixo + DEP_case_rate_alto + POS_ADP_rate_alto,"[""46bc6cf97e13"", ""96fe97188b7d"", ""9dedb65bae5c"", ""e58aeb3ea0fd""]",46bc6cf97e13,204,0.14166666666666666,True,1,"[""auxiliares"", ""relacoes_preposicionais""]",auxiliares|relacoes_preposicionais,True,True,True,0.3763863263545405,research_only,outside_review_top20,
a9bf4ce1ab42,"[""DEP_acl:relcl_rate_baixo"", ""DEP_advcl_rate_baixo"", ""POS_SCONJ_rate_baixo""]",DEP_acl:relcl_rate_baixo + DEP_advcl_rate_baixo + POS_SCONJ_rate_baixo,"[""6074a132e684""]",6074a132e684,204,0.14166666666666666,True,1,"[""DEP_acl:relcl"", ""DEP_advcl"", ""subordinacao""]",DEP_acl:relcl|DEP_advcl|subordinacao,False,True,True,0.3763863263545405,research_only,outside_review_top20,
cf441f491aa3,"[""DEP_ccomp_rate_baixo"", ""DEP_conj_rate_baixo"", ""POS_CCONJ_rate_baixo""]",DEP_ccomp_rate_baixo + DEP_conj_rate_baixo + POS_CCONJ_rate_baixo,"[""5e37922370f7"", ""fdbd7629ebf7""]",fdbd7629ebf7,204,0.14166666666666666,True,1,"[""DEP_ccomp"", ""coordenacao""]",DEP_ccomp|coordenacao,True,True,True,0.3763863263545405,research_only,outside_review_top20,
dae9389ae9e4,"[""DEP_nsubj:pass_rate_baixo"", ""DEP_nummod_rate_baixo"", ""POS_VERB_rate_alto""]",DEP_nsubj:pass_rate_baixo + DEP_nummod_rate_baixo + POS_VERB_rate_alto,"[""803bf996e385"", ""c8eb704d2772""]",803bf996e385,204,0.14166666666666666,True,1,"[""DEP_nsubj:pass"", ""POS_VERB"", ""numerais""]",DEP_nsubj:pass|POS_VERB|numerais,False,True,True,0.3763863263545405,research_only,outside_review_top20,
11f75a195542,"[""DEP_ccomp_rate_baixo"", ""POS_CCONJ_rate_alto""]",DEP_ccomp_rate_baixo + POS_CCONJ_rate_alto,"[""b322178f78c3""]",b322178f78c3,235,0.16319444444444445,True,0.93000000000000005,"[""DEP_ccomp"", ""coordenacao""]",DEP_ccomp|coordenacao,False,True,True,0.37569518894976556,research_only,outside_review_top20,
02c597d273d8,"[""DEP_advcl_rate_baixo"", ""DEP_cc_rate_baixo"", ""DEP_conj_rate_baixo""]",DEP_advcl_rate_baixo + DEP_cc_rate_baixo + DEP_conj_rate_baixo,"[""4fcd71ca559a"", ""54b52075ae05"", ""80557ccb5415""]",4fcd71ca559a,203,0.14097222222222222,True,1,"[""DEP_advcl"", ""coordenacao""]",DEP_advcl|coordenacao,True,True,True,0.37546267753562701,research_only,outside_review_top20,
31d812cef15b,"[""DEP_amod_rate_baixo"", ""DEP_nsubj:pass_rate_baixo"", ""POS_ADJ_rate_baixo""]",DEP_amod_rate_baixo + DEP_nsubj:pass_rate_baixo + POS_ADJ_rate_baixo,"[""25ee854ec9bd"", ""277f58119968"", ""ed34e3e803a1""]",277f58119968,203,0.14097222222222222,True,1,"[""DEP_nsubj:pass"", ""adjetivacao""]",DEP_nsubj:pass|adjetivacao,True,True,True,0.37546267753562701,research_only,outside_review_top20,
fe6d55016491,"[""DEP_ccomp_rate_baixo"", ""DEP_mark_rate_baixo"", ""DEP_nummod_rate_baixo""]",DEP_ccomp_rate_baixo + DEP_mark_rate_baixo + DEP_nummod_rate_baixo,"[""ebc090980539""]",ebc090980539,203,0.14097222222222222,True,1,"[""DEP_ccomp"", ""numerais"", ""subordinacao""]",DEP_ccomp|numerais|subordinacao,False,True,True,0.37546267753562701,research_only,outside_review_top20,
1c9d73c20d73,"[""DEP_aux:pass_rate_baixo"", ""DEP_ccomp_rate_baixo"", ""POS_VERB_rate_baixo""]",DEP_aux:pass_rate_baixo + DEP_ccomp_rate_baixo + POS_VERB_rate_baixo,"[""63cd753c835a"", ""82fa7185cabf"", ""a70603d9802d""]",82fa7185cabf,202,0.14027777777777778,True,1,"[""DEP_ccomp"", ""POS_VERB"", ""auxiliares""]",DEP_ccomp|POS_VERB|auxiliares,False,True,True,0.37453675090407051,research_only,outside_review_top20,
64bafef1161a,"[""DEP_aux:pass_rate_baixo"", ""DEP_det_rate_baixo"", ""POS_DET_rate_baixo""]",DEP_aux:pass_rate_baixo + DEP_det_rate_baixo + POS_DET_rate_baixo,"[""31686ad129b6"", ""79fa5b4588d2"", ""8db71cdd5f10"", ""edceb648e2a6""]",8db71cdd5f10,202,0.14027777777777778,True,1,"[""auxiliares"", ""determinacao""]",auxiliares|determinacao,True,True,True,0.37453675090407051,research_only,outside_review_top20,
657c1ba34f0a,"[""DEP_advmod_rate_alto"", ""DEP_nummod_rate_baixo"", ""POS_ADV_rate_alto""]",DEP_advmod_rate_alto + DEP_nummod_rate_baixo + POS_ADV_rate_alto,"[""1c0a555286fc"", ""3351f94703bd"", ""9634ead16f8f"", ""abe172a564ef"", ""ee45de1ef5a2""]",9634ead16f8f,202,0.14027777777777778,True,1,"[""modificacao_adverbial"", ""numerais""]",modificacao_adverbial|numerais,True,True,True,0.37453675090407051,research_only,outside_review_top20,
9b30031aa671,"[""DEP_xcomp_rate_baixo"", ""POS_NUM_rate_alto""]",DEP_xcomp_rate_baixo + POS_NUM_rate_alto,"[""b2ed68adc95d""]",b2ed68adc95d,202,0.14027777777777778,True,1,"[""DEP_xcomp"", ""numerais""]",DEP_xcomp|numerais,False,True,True,0.37453675090407051,research_only,outside_review_top20,
aaea6e78e590,"[""POS_PRON_rate_alto"", ""uppercaseRatio_baixo""]",POS_PRON_rate_alto + uppercaseRatio_baixo,"[""3583c1292032""]",3583c1292032,202,0.14027777777777778,True,1,"[""POS_PRON"", ""uppercaseRatio""]",POS_PRON|uppercaseRatio,False,False,True,0.37453675090407051,research_only,outside_review_top20,
bc6f9550ed5e,"[""DEP_advcl_rate_baixo"", ""DEP_ccomp_rate_baixo"", ""DEP_nmod_rate_alto""]",DEP_advcl_rate_baixo + DEP_ccomp_rate_baixo + DEP_nmod_rate_alto,"[""9099fd433799"", ""9c28a3594269""]",9099fd433799,202,0.14027777777777778,True,1,"[""DEP_advcl"", ""DEP_ccomp"", ""DEP_nmod""]",DEP_advcl|DEP_ccomp|DEP_nmod,False,True,True,0.37453675090407051,research_only,outside_review_top20,
2d2254cac95f,"[""DEP_acl:relcl_rate_baixo"", ""DEP_advcl_rate_baixo"", ""DEP_mark_rate_baixo""]",DEP_acl:relcl_rate_baixo + DEP_advcl_rate_baixo + DEP_mark_rate_baixo,"[""095748850519""]",095748850519,201,0.13958333333333334,True,1,"[""DEP_acl:relcl"", ""DEP_advcl"", ""subordinacao""]",DEP_acl:relcl|DEP_advcl|subordinacao,False,True,True,0.3736085295243316,research_only,outside_review_top20,
6b862640beea,"[""DEP_aux:pass_rate_baixo"", ""DEP_mark_rate_alto"", ""DEP_nummod_rate_baixo""]",DEP_aux:pass_rate_baixo + DEP_mark_rate_alto + DEP_nummod_rate_baixo,"[""61b200a443a6""]",61b200a443a6,201,0.13958333333333334,True,1,"[""auxiliares"", ""numerais"", ""subordinacao""]",auxiliares|numerais|subordinacao,False,True,True,0.3736085295243316,research_only,outside_review_top20,
ef0b8bf317c5,"[""DEP_flat:name_rate_alto"", ""DEP_nsubj:pass_rate_baixo"", ""POS_PROPN_rate_alto""]",DEP_flat:name_rate_alto + DEP_nsubj:pass_rate_baixo + POS_PROPN_rate_alto,"[""04afb7e1e896"", ""0eba3cf7e44d"", ""1a7c54385b4b"", ""31b1d7377839""]",0eba3cf7e44d,201,0.13958333333333334,True,1,"[""DEP_flat:name"", ""DEP_nsubj:pass"", ""POS_PROPN""]",DEP_flat:name|DEP_nsubj:pass|POS_PROPN,False,True,True,0.3736085295243316,research_only,outside_review_top20,
f240d3272d33,"[""DEP_conj_rate_baixo"", ""DEP_cop_rate_baixo"", ""POS_CCONJ_rate_baixo""]",DEP_conj_rate_baixo + DEP_cop_rate_baixo + POS_CCONJ_rate_baixo,"[""0319045d8b5f"", ""0de90b1fdf84"", ""26cf6f15d99c""]",0de90b1fdf84,201,0.13958333333333334,True,1,"[""DEP_cop"", ""coordenacao""]",DEP_cop|coordenacao,True,True,True,0.3736085295243316,research_only,outside_review_top20,
28a346470810,"[""DEP_advcl_rate_baixo"", ""DEP_cc_rate_alto""]",DEP_advcl_rate_baixo + DEP_cc_rate_alto,"[""ee373911fc41""]",ee373911fc41,248,0.17222222222222222,True,0.90000000000000002,"[""DEP_advcl"", ""coordenacao""]",DEP_advcl|coordenacao,False,True,True,0.37349698793966202,research_only,outside_review_top20,
0e815261b3dd,"[""DEP_xcomp_rate_baixo"", ""POS_ADV_rate_baixo""]",DEP_xcomp_rate_baixo + POS_ADV_rate_baixo,"[""04b2cbb44ea7""]",04b2cbb44ea7,237,0.16458333333333333,True,0.92000000000000004,"[""DEP_xcomp"", ""modificacao_adverbial""]",DEP_xcomp|modificacao_adverbial,False,True,True,0.37323361763556795,research_only,outside_review_top20,
5c8a5905043c,"[""DEP_nsubj:pass_rate_baixo"", ""POS_ADJ_rate_alto""]",DEP_nsubj:pass_rate_baixo + POS_ADJ_rate_alto,"[""395f8f9f8f7e""]",395f8f9f8f7e,291,0.20208333333333334,True,0.82999999999999996,"[""DEP_nsubj:pass"", ""adjetivacao""]",DEP_nsubj:pass|adjetivacao,False,True,True,0.37311554287289256,research_only,outside_review_top20,
b4f8d9753ea8,"[""DEP_case_rate_baixo"", ""DEP_nummod_rate_baixo""]",DEP_case_rate_baixo + DEP_nummod_rate_baixo,"[""0f847cd01d26""]",0f847cd01d26,247,0.17152777777777778,True,0.90000000000000002,"[""numerais"", ""relacoes_preposicionais""]",numerais|relacoes_preposicionais,False,True,True,0.37274320919367532,research_only,outside_review_top20,
13c1b2f14157,"[""DEP_amod_rate_baixo"", ""DEP_cop_rate_baixo"", ""POS_ADJ_rate_baixo""]",DEP_amod_rate_baixo + DEP_cop_rate_baixo + POS_ADJ_rate_baixo,"[""d420f3ad8cdd"", ""defda197b035"", ""f2fe313392fe""]",defda197b035,200,0.1388888888888889,True,1,"[""DEP_cop"", ""adjetivacao""]",DEP_cop|adjetivacao,True,True,True,0.37267799624996495,research_only,outside_review_top20,
76ebc404ca70,"[""DEP_flat:name_rate_alto"", ""DEP_xcomp_rate_baixo""]",DEP_flat:name_rate_alto + DEP_xcomp_rate_baixo,"[""c502081474b6""]",c502081474b6,200,0.1388888888888889,True,1,"[""DEP_flat:name"", ""DEP_xcomp""]",DEP_flat:name|DEP_xcomp,False,True,True,0.37267799624996495,research_only,outside_review_top20,
8d5bf174e660,"[""DEP_nsubj:pass_rate_baixo"", ""DEP_xcomp_rate_baixo"", ""POS_AUX_rate_baixo""]",DEP_nsubj:pass_rate_baixo + DEP_xcomp_rate_baixo + POS_AUX_rate_baixo,"[""4926eb596b4a"", ""db8352167f57""]",db8352167f57,200,0.1388888888888889,True,1,"[""DEP_nsubj:pass"", ""DEP_xcomp"", ""auxiliares""]",DEP_nsubj:pass|DEP_xcomp|auxiliares,False,True,True,0.37267799624996495,research_only,same_mechanism_family,
c60c1e301566,"[""DEP_aux:pass_rate_baixo"", ""DEP_xcomp_rate_baixo"", ""POS_AUX_rate_baixo""]",DEP_aux:pass_rate_baixo + DEP_xcomp_rate_baixo + POS_AUX_rate_baixo,"[""06ca36063c87"", ""980581fca76b""]",06ca36063c87,200,0.1388888888888889,True,1,"[""DEP_xcomp"", ""auxiliares""]",DEP_xcomp|auxiliares,True,True,True,0.37267799624996495,research_only,outside_review_top20,
387d6e2bcbf3,"[""DEP_aux:pass_rate_baixo"", ""DEP_cop_rate_baixo"", ""DEP_obj_rate_alto""]",DEP_aux:pass_rate_baixo + DEP_cop_rate_baixo + DEP_obj_rate_alto,"[""5dc3735e07d3"", ""7bc1e3b52748"", ""e4ea13f3db09""]",5dc3735e07d3,199,0.13819444444444445,True,1,"[""DEP_cop"", ""DEP_obj"", ""auxiliares""]",DEP_cop|DEP_obj|auxiliares,False,True,True,0.37174513371992435,research_only,outside_review_top20,
8cc4ca6cd250,"[""DEP_nsubj_rate_baixo"", ""DEP_xcomp_rate_baixo""]",DEP_nsubj_rate_baixo + DEP_xcomp_rate_baixo,"[""6d181ea653fb""]",6d181ea653fb,199,0.13819444444444445,True,1,"[""DEP_nsubj"", ""DEP_xcomp""]",DEP_nsubj|DEP_xcomp,False,True,True,0.37174513371992435,research_only,outside_review_top20,
a52fdbc9e888,"[""DEP_ccomp_rate_baixo"", ""DEP_nsubj:pass_rate_baixo"", ""DEP_obj_rate_alto""]",DEP_ccomp_rate_baixo + DEP_nsubj:pass_rate_baixo + DEP_obj_rate_alto,"[""f713b319fda7""]",f713b319fda7,199,0.13819444444444445,True,1,"[""DEP_ccomp"", ""DEP_nsubj:pass"", ""DEP_obj""]",DEP_ccomp|DEP_nsubj:pass|DEP_obj,False,True,True,0.37174513371992435,research_only,outside_review_top20,
c8a5a8f88f81,"[""DEP_acl_rate_baixo"", ""DEP_cc_rate_baixo"", ""POS_CCONJ_rate_baixo""]",DEP_acl_rate_baixo + DEP_cc_rate_baixo + POS_CCONJ_rate_baixo,"[""1ee58f0fc031"", ""503cfa69cb56"", ""5468c9899472""]",5468c9899472,199,0.13819444444444445,True,1,"[""DEP_acl"", ""coordenacao""]",DEP_acl|coordenacao,True,True,True,0.37174513371992435,research_only,outside_review_top20,
ee0d790b24b8,"[""DEP_aux:pass_rate_baixo"", ""DEP_nummod_rate_baixo"", ""POS_SCONJ_rate_alto""]",DEP_aux:pass_rate_baixo + DEP_nummod_rate_baixo + POS_SCONJ_rate_alto,"[""861c98343806"", ""c28754b43dd3""]",861c98343806,199,0.13819444444444445,True,1,"[""auxiliares"", ""numerais"", ""subordinacao""]",auxiliares|numerais|subordinacao,False,True,True,0.37174513371992435,research_only,outside_review_top20,
efb1a17c8688,"[""DEP_cop_rate_baixo"", ""DEP_xcomp_rate_baixo"", ""POS_AUX_rate_baixo""]",DEP_cop_rate_baixo + DEP_xcomp_rate_baixo + POS_AUX_rate_baixo,"[""c48d1d6412b2"", ""fc267cb67882""]",c48d1d6412b2,199,0.13819444444444445,True,1,"[""DEP_cop"", ""DEP_xcomp"", ""auxiliares""]",DEP_cop|DEP_xcomp|auxiliares,False,True,True,0.37174513371992435,research_only,outside_review_top20,
f77f6929c3d5,"[""DEP_case_rate_baixo"", ""DEP_nmod_rate_baixo"", ""DEP_nsubj:pass_rate_baixo""]",DEP_case_rate_baixo + DEP_nmod_rate_baixo + DEP_nsubj:pass_rate_baixo,"[""0592dea8b39f"", ""584305a685dc"", ""c4541dfc59be""]",0592dea8b39f,199,0.13819444444444445,True,1,"[""DEP_nmod"", ""DEP_nsubj:pass"", ""relacoes_preposicionais""]",DEP_nmod|DEP_nsubj:pass|relacoes_preposicionais,False,True,True,0.37174513371992435,research_only,outside_review_top20,
062370fcf0bc,"[""DEP_nummod_rate_baixo"", ""DEP_obj_rate_alto"", ""POS_NUM_rate_baixo""]",DEP_nummod_rate_baixo + DEP_obj_rate_alto + POS_NUM_rate_baixo,"[""5fcdcd81ecde"", ""8b1b4b4dfb1d""]",5fcdcd81ecde,198,0.13750000000000001,True,1,"[""DEP_obj"", ""numerais""]",DEP_obj|numerais,True,True,True,0.37080992435478316,research_only,outside_review_top20,
6201ce8fe9a7,"[""DEP_mark_rate_baixo"", ""POS_VERB_rate_baixo""]",DEP_mark_rate_baixo + POS_VERB_rate_baixo,"[""312cc354dbcd""]",312cc354dbcd,198,0.13750000000000001,True,1,"[""POS_VERB"", ""subordinacao""]",POS_VERB|subordinacao,False,True,True,0.37080992435478316,research_only,outside_review_top20,
74b76aa10fbc,"[""DEP_acl:relcl_rate_baixo"", ""DEP_acl_rate_baixo"", ""POS_PRON_rate_baixo""]",DEP_acl:relcl_rate_baixo + DEP_acl_rate_baixo + POS_PRON_rate_baixo,"[""d301cacb0a42"", ""fb145674ee64""]",fb145674ee64,198,0.13750000000000001,True,1,"[""DEP_acl"", ""DEP_acl:relcl"", ""POS_PRON""]",DEP_acl|DEP_acl:relcl|POS_PRON,False,True,True,0.37080992435478316,research_only,outside_review_top20,
7514191a2125,"[""DEP_aux:pass_rate_baixo"", ""DEP_xcomp_rate_baixo"", ""POS_VERB_rate_baixo""]",DEP_aux:pass_rate_baixo + DEP_xcomp_rate_baixo + POS_VERB_rate_baixo,"[""10da152f25b3"", ""3b213290b6dd"", ""d06fedc4c1bc""]",10da152f25b3,198,0.13750000000000001,True,1,"[""DEP_xcomp"", ""POS_VERB"", ""auxiliares""]",DEP_xcomp|POS_VERB|auxiliares,False,True,True,0.37080992435478316,research_only,outside_review_top20,
775b1755d5c0,"[""DEP_advmod_rate_baixo"", ""DEP_nummod_rate_baixo"", ""POS_NUM_rate_baixo""]",DEP_advmod_rate_baixo + DEP_nummod_rate_baixo + POS_NUM_rate_baixo,"[""abfc0a311fab"", ""b907658ff1f3""]",b907658ff1f3,198,0.13750000000000001,True,1,"[""modificacao_adverbial"", ""numerais""]",modificacao_adverbial|numerais,True,True,True,0.37080992435478316,research_only,outside_review_top20,
9d8eea3d97af,"[""DEP_advcl_rate_baixo"", ""DEP_aux:pass_rate_baixo"", ""DEP_nmod_rate_alto""]",DEP_advcl_rate_baixo + DEP_aux:pass_rate_baixo + DEP_nmod_rate_alto,"[""22b1e81b3bac""]",22b1e81b3bac,198,0.13750000000000001,True,1,"[""DEP_advcl"", ""DEP_nmod"", ""auxiliares""]",DEP_advcl|DEP_nmod|auxiliares,False,True,True,0.37080992435478316,research_only,outside_review_top20,
f99de6f97f30,"[""DEP_acl_rate_baixo"", ""diversidade_baixo""]",DEP_acl_rate_baixo + diversidade_baixo,"[""9a2bec4a060f""]",9a2bec4a060f,198,0.13750000000000001,True,1,"[""DEP_acl"", ""diversidade""]",DEP_acl|diversidade,False,True,True,0.37080992435478316,research_only,outside_review_top20,
bd912c969dc0,"[""POS_SCONJ_rate_baixo"", ""POS_VERB_rate_baixo""]",POS_SCONJ_rate_baixo + POS_VERB_rate_baixo,"[""4f110260a9c5""]",4f110260a9c5,202,0.14027777777777778,True,0.98999999999999999,"[""POS_VERB"", ""subordinacao""]",POS_VERB|subordinacao,False,True,True,0.37079138339502982,research_only,outside_review_top20,
22a7a2b8ac7a,"[""DEP_cop_rate_baixo"", ""DEP_mark_rate_alto"", ""POS_SCONJ_rate_alto""]",DEP_cop_rate_baixo + DEP_mark_rate_alto + POS_SCONJ_rate_alto,"[""2367498cf429"", ""a8913b3bad4a""]",2367498cf429,197,0.13680555555555557,True,1,"[""DEP_cop"", ""subordinacao""]",DEP_cop|subordinacao,True,True,True,0.36987235035286914,research_only,outside_review_top20,
9e51589dd0c0,"[""DEP_case_rate_alto"", ""DEP_xcomp_rate_baixo"", ""POS_ADP_rate_alto""]",DEP_case_rate_alto + DEP_xcomp_rate_baixo + POS_ADP_rate_alto,"[""52577d2ef850"", ""8a9d8f6d3fdf"", ""8b67369e3b45"", ""d0317599016b"", ""fbe366733b88""]",8a9d8f6d3fdf,197,0.13680555555555557,True,1,"[""DEP_xcomp"", ""relacoes_preposicionais""]",DEP_xcomp|relacoes_preposicionais,True,True,True,0.36987235035286914,research_only,outside_review_top20,
b22ae0bd63b7,"[""DEP_amod_rate_alto"", ""DEP_ccomp_rate_baixo"", ""DEP_nsubj:pass_rate_baixo""]",DEP_amod_rate_alto + DEP_ccomp_rate_baixo + DEP_nsubj:pass_rate_baixo,"[""2308985aa1d7"", ""6064d0854029"", ""e3e132130661""]",2308985aa1d7,197,0.13680555555555557,True,1,"[""DEP_ccomp"", ""DEP_nsubj:pass"", ""adjetivacao""]",DEP_ccomp|DEP_nsubj:pass|adjetivacao,False,True,True,0.36987235035286914,research_only,outside_review_top20,
ccc445cf952e,"[""DEP_nummod_rate_baixo"", ""POS_NUM_rate_baixo"", ""POS_VERB_rate_alto""]",DEP_nummod_rate_baixo + POS_NUM_rate_baixo + POS_VERB_rate_alto,"[""3fea929d8917"", ""96ef51788de8"", ""dae6818b0e32""]",96ef51788de8,197,0.13680555555555557,True,1,"[""POS_VERB"", ""numerais""]",POS_VERB|numerais,True,True,True,0.36987235035286914,research_only,outside_review_top20,
da475f41356f,"[""DEP_aux:pass_rate_baixo"", ""DEP_cc_rate_alto"", ""DEP_conj_rate_alto""]",DEP_aux:pass_rate_baixo + DEP_cc_rate_alto + DEP_conj_rate_alto,"[""17775ec55db8"", ""3be7debeec20"", ""996106cffb70"", ""9acb8cbb67df"", ""b477f224ee0a""]",17775ec55db8,197,0.13680555555555557,True,1,"[""auxiliares"", ""coordenacao""]",auxiliares|coordenacao,True,True,True,0.36987235035286914,research_only,outside_review_top20,
f4d197a2bfe1,"[""DEP_nsubj:pass_rate_baixo"", ""DEP_nummod_rate_baixo"", ""POS_PROPN_rate_alto""]",DEP_nsubj:pass_rate_baixo + DEP_nummod_rate_baixo + POS_PROPN_rate_alto,"[""da84a73ab7c3"", ""e475d8a9d006""]",e475d8a9d006,197,0.13680555555555557,True,1,"[""DEP_nsubj:pass"", ""POS_PROPN"", ""numerais""]",DEP_nsubj:pass|POS_PROPN|numerais,False,True,True,0.36987235035286914,research_only,outside_review_top20,
5f6d163d9db7,"[""DEP_cop_rate_baixo"", ""DEP_nsubj:pass_rate_baixo"", ""POS_ADV_rate_baixo""]",DEP_cop_rate_baixo + DEP_nsubj:pass_rate_baixo + POS_ADV_rate_baixo,"[""d045a6fa8c9c""]",d045a6fa8c9c,196,0.1361111111111111,True,1,"[""DEP_cop"", ""DEP_nsubj:pass"", ""modificacao_adverbial""]",DEP_cop|DEP_nsubj:pass|modificacao_adverbial,False,True,True,0.36893239368631092,research_only,outside_review_top20,
a18bdd07a88c,"[""DEP_aux:pass_rate_baixo"", ""DEP_ccomp_rate_baixo"", ""DEP_nmod_rate_alto""]",DEP_aux:pass_rate_baixo + DEP_ccomp_rate_baixo + DEP_nmod_rate_alto,"[""e7446802bebd""]",e7446802bebd,196,0.1361111111111111,True,1,"[""DEP_ccomp"", ""DEP_nmod"", ""auxiliares""]",DEP_ccomp|DEP_nmod|auxiliares,False,True,True,0.36893239368631092,research_only,outside_review_top20,
f3c21da90f10,"[""DEP_advcl_rate_baixo"", ""DEP_nsubj:pass_rate_baixo"", ""POS_PROPN_rate_alto""]",DEP_advcl_rate_baixo + DEP_nsubj:pass_rate_baixo + POS_PROPN_rate_alto,"[""353e639be4c5""]",353e639be4c5,196,0.1361111111111111,True,1,"[""DEP_advcl"", ""DEP_nsubj:pass"", ""POS_PROPN""]",DEP_advcl|DEP_nsubj:pass|POS_PROPN,False,True,True,0.36893239368631092,research_only,outside_review_top20,
4f1436a6535d,"[""DEP_cop_rate_alto"", ""DEP_nsubj:pass_rate_baixo""]",DEP_cop_rate_alto + DEP_nsubj:pass_rate_baixo,"[""2cbedbc90188""]",2cbedbc90188,284,0.19722222222222222,True,0.82999999999999996,"[""DEP_cop"", ""DEP_nsubj:pass""]",DEP_cop|DEP_nsubj:pass,False,True,True,0.36860058178045363,research_only,outside_review_top20,
135bf98e8fa1,"[""DEP_acl:relcl_rate_baixo"", ""DEP_ccomp_rate_alto"", ""DEP_nummod_rate_baixo""]",DEP_acl:relcl_rate_baixo + DEP_ccomp_rate_alto + DEP_nummod_rate_baixo,"[""b5afbaec4669"", ""ec577bf821cf""]",b5afbaec4669,195,0.13541666666666666,True,1,"[""DEP_acl:relcl"", ""DEP_ccomp"", ""numerais""]",DEP_acl:relcl|DEP_ccomp|numerais,False,True,True,0.3679900360969936,research_only,outside_review_top20,
fb9a839204d4,"[""DEP_aux:pass_rate_baixo"", ""DEP_det_rate_alto"", ""DEP_nummod_rate_baixo""]",DEP_aux:pass_rate_baixo + DEP_det_rate_alto + DEP_nummod_rate_baixo,"[""3965de74c7fd"", ""4a08407968db"", ""f12c4496ff39""]",3965de74c7fd,195,0.13541666666666666,True,1,"[""auxiliares"", ""determinacao"", ""numerais""]",auxiliares|determinacao|numerais,False,True,True,0.3679900360969936,research_only,outside_review_top20,
d1db4930e1ff,"[""DEP_ccomp_rate_baixo"", ""DEP_cop_rate_baixo"", ""uppercaseRatio_baixo""]",DEP_ccomp_rate_baixo + DEP_cop_rate_baixo + uppercaseRatio_baixo,"[""408cb63f9560""]",408cb63f9560,216,0.14999999999999999,True,0.94999999999999996,"[""DEP_ccomp"", ""DEP_cop"", ""uppercaseRatio""]",DEP_ccomp|DEP_cop|uppercaseRatio,False,True,True,0.36793341788970457,research_only,outside_review_top20,
a419da8450f3,"[""DEP_advcl_rate_baixo"", ""DEP_conj_rate_baixo"", ""POS_CCONJ_rate_baixo""]",DEP_advcl_rate_baixo + DEP_conj_rate_baixo + POS_CCONJ_rate_baixo,"[""6e325d8acc1e"", ""8abb93e18f32""]",6e325d8acc1e,194,0.13472222222222222,True,1,"[""DEP_advcl"", ""coordenacao""]",DEP_advcl|coordenacao,True,True,True,0.36704525909242064,research_only,outside_review_top20,
e6061714f368,"[""DEP_acl:relcl_rate_baixo"", ""DEP_cop_rate_baixo"", ""DEP_nsubj_rate_baixo""]",DEP_acl:relcl_rate_baixo + DEP_cop_rate_baixo + DEP_nsubj_rate_baixo,"[""991bc7c17a0a"", ""b0d9738f99bc"", ""fe28a6a7b8ca""]",fe28a6a7b8ca,194,0.13472222222222222,True,1,"[""DEP_acl:relcl"", ""DEP_cop"", ""DEP_nsubj""]",DEP_acl:relcl|DEP_cop|DEP_nsubj,False,True,True,0.36704525909242064,research_only,outside_review_top20,
c531ddb61de5,"[""DEP_xcomp_rate_baixo"", ""POS_NOUN_rate_alto""]",DEP_xcomp_rate_baixo + POS_NOUN_rate_alto,"[""9040f47244b8""]",9040f47244b8,201,0.13958333333333334,True,0.97999999999999998,"[""DEP_xcomp"", ""POS_NOUN""]",DEP_xcomp|POS_NOUN,False,True,True,0.36613635893384494,research_only,outside_review_top20,
1a8e20d12ede,"[""DEP_cop_rate_alto"", ""DEP_nsubj:pass_rate_baixo"", ""DEP_nummod_rate_baixo""]",DEP_cop_rate_alto + DEP_nsubj:pass_rate_baixo + DEP_nummod_rate_baixo,"[""5501d23b9f55"", ""7ef45bcd1c42"", ""90c846091de6""]",90c846091de6,193,0.13402777777777777,True,1,"[""DEP_cop"", ""DEP_nsubj:pass"", ""numerais""]",DEP_cop|DEP_nsubj:pass|numerais,False,True,True,0.36609804394147993,research_only,outside_review_top20,
1e70f2de18f6,"[""DEP_nsubj:pass_rate_baixo"", ""DEP_nummod_rate_baixo"", ""punctuationDensity_spacy_alto""]",DEP_nsubj:pass_rate_baixo + DEP_nummod_rate_baixo + punctuationDensity_spacy_alto,"[""522c76b5395a"", ""5c4be219f278"", ""a6c606830e5d""]",522c76b5395a,193,0.13402777777777777,True,1,"[""DEP_nsubj:pass"", ""numerais"", ""punctuationDensity_spacy""]",DEP_nsubj:pass|numerais|punctuationDensity_spacy,False,True,True,0.36609804394147993,research_only,outside_review_top20,
1f8cbb6751f1,"[""DEP_appos_rate_alto"", ""DEP_aux:pass_rate_baixo"", ""DEP_nummod_rate_baixo""]",DEP_appos_rate_alto + DEP_aux:pass_rate_baixo + DEP_nummod_rate_baixo,"[""e8cded22c756""]",e8cded22c756,193,0.13402777777777777,True,1,"[""DEP_appos"", ""auxiliares"", ""numerais""]",DEP_appos|auxiliares|numerais,False,True,True,0.36609804394147993,research_only,outside_review_top20,
44b7bd7de695,"[""DEP_acl_rate_baixo"", ""DEP_cc_rate_alto"", ""POS_CCONJ_rate_alto""]",DEP_acl_rate_baixo + DEP_cc_rate_alto + POS_CCONJ_rate_alto,"[""6310281ac346"", ""8861bfdd61f4"", ""cda3d6e3daf8""]",6310281ac346,193,0.13402777777777777,True,1,"[""DEP_acl"", ""coordenacao""]",DEP_acl|coordenacao,True,True,True,0.36609804394147993,research_only,outside_review_top20,
5710cffb011e,"[""DEP_case_rate_alto"", ""DEP_ccomp_rate_baixo"", ""DEP_nmod_rate_alto""]",DEP_case_rate_alto + DEP_ccomp_rate_baixo + DEP_nmod_rate_alto,"[""2ba5d1c5a2a1"", ""2d985cfe3099"", ""b5962f405eb4""]",2d985cfe3099,193,0.13402777777777777,True,1,"[""DEP_ccomp"", ""DEP_nmod"", ""relacoes_preposicionais""]",DEP_ccomp|DEP_nmod|relacoes_preposicionais,False,True,True,0.36609804394147993,research_only,outside_review_top20,
7774d24af9b6,"[""DEP_advmod_rate_baixo"", ""DEP_ccomp_rate_baixo"", ""DEP_cop_rate_baixo""]",DEP_advmod_rate_baixo + DEP_ccomp_rate_baixo + DEP_cop_rate_baixo,"[""28976091d348"", ""ce32c317855d""]",28976091d348,193,0.13402777777777777,True,1,"[""DEP_ccomp"", ""DEP_cop"", ""modificacao_adverbial""]",DEP_ccomp|DEP_cop|modificacao_adverbial,False,True,True,0.36609804394147993,research_only,outside_review_top20,
86c26adf3772,"[""DEP_ccomp_rate_baixo"", ""DEP_det_rate_baixo"", ""POS_DET_rate_baixo""]",DEP_ccomp_rate_baixo + DEP_det_rate_baixo + POS_DET_rate_baixo,"[""06a95b88bc0a"", ""071603c81ff4"", ""1aab7cd97358"", ""87c3d2634b44""]",06a95b88bc0a,193,0.13402777777777777,True,1,"[""DEP_ccomp"", ""determinacao""]",DEP_ccomp|determinacao,True,True,True,0.36609804394147993,research_only,outside_review_top20,
9ae8dacbf26d,"[""DEP_advcl_rate_baixo"", ""DEP_flat:name_rate_alto"", ""POS_PROPN_rate_alto""]",DEP_advcl_rate_baixo + DEP_flat:name_rate_alto + POS_PROPN_rate_alto,"[""0ab4e8daebdd"", ""360f32dd7ac3"", ""b4ec3fe1ca6f""]",0ab4e8daebdd,193,0.13402777777777777,True,1,"[""DEP_advcl"", ""DEP_flat:name"", ""POS_PROPN""]",DEP_advcl|DEP_flat:name|POS_PROPN,False,True,True,0.36609804394147993,research_only,outside_review_top20,
bc0987dfd672,"[""DEP_nmod_rate_baixo"", ""DEP_nsubj:pass_rate_baixo"", ""DEP_nummod_rate_baixo""]",DEP_nmod_rate_baixo + DEP_nsubj:pass_rate_baixo + DEP_nummod_rate_baixo,"[""6660f6726365""]",6660f6726365,193,0.13402777777777777,True,1,"[""DEP_nmod"", ""DEP_nsubj:pass"", ""numerais""]",DEP_nmod|DEP_nsubj:pass|numerais,False,True,True,0.36609804394147993,research_only,outside_review_top20,
fa7ff8a53d59,"[""DEP_aux:pass_rate_baixo"", ""DEP_nsubj:pass_rate_baixo"", ""DEP_obj_rate_baixo""]",DEP_aux:pass_rate_baixo + DEP_nsubj:pass_rate_baixo + DEP_obj_rate_baixo,"[""5ed393c717ea"", ""a9d143971270""]",5ed393c717ea,193,0.13402777777777777,True,1,"[""DEP_nsubj:pass"", ""DEP_obj"", ""auxiliares""]",DEP_nsubj:pass|DEP_obj|auxiliares,False,True,True,0.36609804394147993,research_only,outside_review_top20,
07e89216d7ee,"[""DEP_acl:relcl_rate_baixo"", ""DEP_advmod_rate_baixo"", ""DEP_cop_rate_baixo""]",DEP_acl:relcl_rate_baixo + DEP_advmod_rate_baixo + DEP_cop_rate_baixo,"[""3a6798ed433a"", ""5c7abaa8396d""]",5c7abaa8396d,192,0.13333333333333333,True,1,"[""DEP_acl:relcl"", ""DEP_cop"", ""modificacao_adverbial""]",DEP_acl:relcl|DEP_cop|modificacao_adverbial,False,True,True,0.36514837167011072,research_only,outside_review_top20,
0ae7a8684b05,"[""DEP_advcl_rate_baixo"", ""DEP_nummod_rate_baixo"", ""POS_SCONJ_rate_baixo""]",DEP_advcl_rate_baixo + DEP_nummod_rate_baixo + POS_SCONJ_rate_baixo,"[""ad43eadb1d98""]",ad43eadb1d98,192,0.13333333333333333,True,1,"[""DEP_advcl"", ""numerais"", ""subordinacao""]",DEP_advcl|numerais|subordinacao,False,True,True,0.36514837167011072,research_only,outside_review_top20,
17e7f9c3a8d7,"[""DEP_acl_rate_baixo"", ""DEP_aux:pass_rate_baixo"", ""POS_AUX_rate_baixo""]",DEP_acl_rate_baixo + DEP_aux:pass_rate_baixo + POS_AUX_rate_baixo,"[""84775156c463""]",84775156c463,192,0.13333333333333333,True,1,"[""DEP_acl"", ""auxiliares""]",DEP_acl|auxiliares,True,True,True,0.36514837167011072,research_only,outside_review_top20,
3519e82d3d19,"[""DEP_flat:name_rate_baixo"", ""DEP_nsubj:pass_rate_baixo"", ""POS_PROPN_rate_baixo""]",DEP_flat:name_rate_baixo + DEP_nsubj:pass_rate_baixo + POS_PROPN_rate_baixo,"[""1573d2692f29"", ""345bb120f6b1""]",345bb120f6b1,192,0.13333333333333333,True,1,"[""DEP_flat:name"", ""DEP_nsubj:pass"", ""POS_PROPN""]",DEP_flat:name|DEP_nsubj:pass|POS_PROPN,False,True,True,0.36514837167011072,research_only,outside_review_top20,
6e5d9049472a,"[""DEP_nmod_rate_baixo"", ""DEP_nsubj:pass_rate_baixo"", ""POS_ADP_rate_baixo""]",DEP_nmod_rate_baixo + DEP_nsubj:pass_rate_baixo + POS_ADP_rate_baixo,"[""2c516c4a46e2"", ""5826becea01a"", ""b0cb5a922621""]",b0cb5a922621,192,0.13333333333333333,True,1,"[""DEP_nmod"", ""DEP_nsubj:pass"", ""relacoes_preposicionais""]",DEP_nmod|DEP_nsubj:pass|relacoes_preposicionais,False,True,True,0.36514837167011072,research_only,outside_review_top20,
99a3a3cc9f7a,"[""DEP_mark_rate_alto"", ""DEP_nummod_rate_baixo"", ""POS_NUM_rate_baixo""]",DEP_mark_rate_alto + DEP_nummod_rate_baixo + POS_NUM_rate_baixo,"[""0857a3683de5"", ""0cc92acbd314"", ""25e96a084854""]",25e96a084854,192,0.13333333333333333,True,1,"[""numerais"", ""subordinacao""]",numerais|subordinacao,True,True,True,0.36514837167011072,research_only,outside_review_top20,
f3e242258a14,"[""DEP_acl_rate_baixo"", ""DEP_nsubj:pass_rate_baixo"", ""POS_AUX_rate_baixo""]",DEP_acl_rate_baixo + DEP_nsubj:pass_rate_baixo + POS_AUX_rate_baixo,"[""56cde8513861""]",56cde8513861,192,0.13333333333333333,True,1,"[""DEP_acl"", ""DEP_nsubj:pass"", ""auxiliares""]",DEP_acl|DEP_nsubj:pass|auxiliares,False,True,True,0.36514837167011072,research_only,same_mechanism_family,
f90c14275958,"[""DEP_advcl_rate_baixo"", ""DEP_flat:name_rate_alto"", ""DEP_nsubj:pass_rate_baixo""]",DEP_advcl_rate_baixo + DEP_flat:name_rate_alto + DEP_nsubj:pass_rate_baixo,"[""fb75163217c1""]",fb75163217c1,192,0.13333333333333333,True,1,"[""DEP_advcl"", ""DEP_flat:name"", ""DEP_nsubj:pass""]",DEP_advcl|DEP_flat:name|DEP_nsubj:pass,False,True,True,0.36514837167011072,research_only,outside_review_top20,
f2911d34996f,"[""DEP_advcl_rate_baixo"", ""DEP_conj_rate_alto"", ""DEP_nsubj:pass_rate_baixo""]",DEP_advcl_rate_baixo + DEP_conj_rate_alto + DEP_nsubj:pass_rate_baixo,"[""35e82fa713fe"", ""c560b77b7f74"", ""c6e52217faf7""]",c6e52217faf7,191,0.13263888888888889,True,1,"[""DEP_advcl"", ""DEP_nsubj:pass"", ""coordenacao""]",DEP_advcl|DEP_nsubj:pass|coordenacao,False,True,True,0.36419622305686927,research_only,outside_review_top20,
3178dff4549b,"[""DEP_advcl_rate_baixo"", ""DEP_appos_rate_alto"", ""DEP_nsubj:pass_rate_baixo""]",DEP_advcl_rate_baixo + DEP_appos_rate_alto + DEP_nsubj:pass_rate_baixo,"[""17c04764284b""]",17c04764284b,194,0.13472222222222222,True,0.98999999999999999,"[""DEP_advcl"", ""DEP_appos"", ""DEP_nsubj:pass""]",DEP_advcl|DEP_appos|DEP_nsubj:pass,False,True,True,0.36337480650149645,research_only,outside_review_top20,
25bd23723444,"[""DEP_acl:relcl_rate_baixo"", ""DEP_mark_rate_alto"", ""DEP_nummod_rate_baixo""]",DEP_acl:relcl_rate_baixo + DEP_mark_rate_alto + DEP_nummod_rate_baixo,"[""321493d26d87"", ""74dcf84e9a1b""]",74dcf84e9a1b,190,0.13194444444444445,True,1,"[""DEP_acl:relcl"", ""numerais"", ""subordinacao""]",DEP_acl:relcl|numerais|subordinacao,False,True,True,0.36324157862838946,research_only,outside_review_top20,
4c9676c1cb6a,"[""DEP_advcl_rate_baixo"", ""DEP_mark_rate_baixo"", ""DEP_nummod_rate_baixo""]",DEP_advcl_rate_baixo + DEP_mark_rate_baixo + DEP_nummod_rate_baixo,"[""660e9a9bd991""]",660e9a9bd991,190,0.13194444444444445,True,1,"[""DEP_advcl"", ""numerais"", ""subordinacao""]",DEP_advcl|numerais|subordinacao,False,True,True,0.36324157862838946,research_only,outside_review_top20,
859a208b8a83,"[""DEP_aux:pass_rate_baixo"", ""DEP_nummod_rate_baixo"", ""POS_PRON_rate_alto""]",DEP_aux:pass_rate_baixo + DEP_nummod_rate_baixo + POS_PRON_rate_alto,"[""6ff31dfcf0f4"", ""8627d8b49443"", ""e1a2303862dd""]",e1a2303862dd,190,0.13194444444444445,True,1,"[""POS_PRON"", ""auxiliares"", ""numerais""]",POS_PRON|auxiliares|numerais,False,True,True,0.36324157862838946,research_only,outside_review_top20,
859ed389cfb6,"[""DEP_ccomp_rate_alto"", ""DEP_nummod_rate_baixo"", ""POS_NUM_rate_baixo""]",DEP_ccomp_rate_alto + DEP_nummod_rate_baixo + POS_NUM_rate_baixo,"[""27f5904e8753"", ""7c0e0959975e"", ""853bc20d5aeb""]",853bc20d5aeb,190,0.13194444444444445,True,1,"[""DEP_ccomp"", ""numerais""]",DEP_ccomp|numerais,True,True,True,0.36324157862838946,research_only,outside_review_top20,
9fbf6efdf099,"[""DEP_acl:relcl_rate_baixo"", ""DEP_advcl_rate_alto"", ""DEP_nsubj:pass_rate_baixo""]",DEP_acl:relcl_rate_baixo + DEP_advcl_rate_alto + DEP_nsubj:pass_rate_baixo,"[""3c61a3da3abc""]",3c61a3da3abc,190,0.13194444444444445,True,1,"[""DEP_acl:relcl"", ""DEP_advcl"", ""DEP_nsubj:pass""]",DEP_acl:relcl|DEP_advcl|DEP_nsubj:pass,False,True,True,0.36324157862838946,research_only,outside_review_top20,
ae69735618ce,"[""DEP_acl:relcl_rate_baixo"", ""DEP_nummod_rate_baixo"", ""POS_SCONJ_rate_alto""]",DEP_acl:relcl_rate_baixo + DEP_nummod_rate_baixo + POS_SCONJ_rate_alto,"[""2eb7520cbfad"", ""dddab875ba5b""]",dddab875ba5b,190,0.13194444444444445,True,1,"[""DEP_acl:relcl"", ""numerais"", ""subordinacao""]",DEP_acl:relcl|numerais|subordinacao,False,True,True,0.36324157862838946,research_only,outside_review_top20,
bf588856bd2e,"[""DEP_mark_rate_baixo"", ""POS_SCONJ_rate_baixo"", ""POS_VERB_rate_baixo""]",DEP_mark_rate_baixo + POS_SCONJ_rate_baixo + POS_VERB_rate_baixo,"[""0ca4828df9be"", ""86443faf9c6c"", ""d5f06a19f298""]",d5f06a19f298,190,0.13194444444444445,True,1,"[""POS_VERB"", ""subordinacao""]",POS_VERB|subordinacao,True,True,True,0.36324157862838946,research_only,outside_review_top20,
d92357d7e032,"[""DEP_ccomp_rate_baixo"", ""DEP_nsubj:pass_rate_baixo"", ""DEP_nummod_rate_alto""]",DEP_ccomp_rate_baixo + DEP_nsubj:pass_rate_baixo + DEP_nummod_rate_alto,"[""fb652fa9178d""]",fb652fa9178d,190,0.13194444444444445,True,1,"[""DEP_ccomp"", ""DEP_nsubj:pass"", ""numerais""]",DEP_ccomp|DEP_nsubj:pass|numerais,False,True,True,0.36324157862838946,research_only,outside_review_top20,
c206aeeaf203,"[""DEP_advcl_rate_baixo"", ""POS_NOUN_rate_alto""]",DEP_advcl_rate_baixo + POS_NOUN_rate_alto,"[""93993666a2b1""]",93993666a2b1,224,0.15555555555555556,True,0.92000000000000004,"[""DEP_advcl"", ""POS_NOUN""]",DEP_advcl|POS_NOUN,False,False,True,0.36285289336344317,research_only,outside_review_top20,
7b87c8619190,"[""DEP_nmod_rate_baixo"", ""DEP_nummod_rate_baixo""]",DEP_nmod_rate_baixo + DEP_nummod_rate_baixo,"[""39dcaac1413a""]",39dcaac1413a,239,0.16597222222222222,True,0.89000000000000001,"[""DEP_nmod"", ""numerais""]",DEP_nmod|numerais,False,True,True,0.36258322799354936,research_only,outside_review_top20,
34569bee1af8,"[""DEP_advcl_rate_alto"", ""DEP_nsubj:pass_rate_baixo"", ""DEP_nummod_rate_baixo""]",DEP_advcl_rate_alto + DEP_nsubj:pass_rate_baixo + DEP_nummod_rate_baixo,"[""281198a39f0c""]",281198a39f0c,197,0.13680555555555557,True,0.97999999999999998,"[""DEP_advcl"", ""DEP_nsubj:pass"", ""numerais""]",DEP_advcl|DEP_nsubj:pass|numerais,False,True,True,0.36247490334581173,research_only,outside_review_top20,
bc82ca642817,"[""DEP_acl_rate_baixo"", ""punctuationDensity_spacy_alto""]",DEP_acl_rate_baixo + punctuationDensity_spacy_alto,"[""66ab2bf85549""]",66ab2bf85549,197,0.13680555555555557,True,0.97999999999999998,"[""DEP_acl"", ""punctuationDensity_spacy""]",DEP_acl|punctuationDensity_spacy,False,True,True,0.36247490334581173,research_only,outside_review_top20,
173f76f7d087,"[""DEP_acl_rate_baixo"", ""DEP_mark_rate_baixo"", ""DEP_nsubj:pass_rate_baixo""]",DEP_acl_rate_baixo + DEP_mark_rate_baixo + DEP_nsubj:pass_rate_baixo,"[""d4415be53910""]",d4415be53910,189,0.13125000000000001,True,1,"[""DEP_acl"", ""DEP_nsubj:pass"", ""subordinacao""]",DEP_acl|DEP_nsubj:pass|subordinacao,False,True,True,0.36228441865473598,research_only,outside_review_top20,
29b5632892c5,"[""DEP_advmod_rate_baixo"", ""DEP_cop_rate_baixo"", ""DEP_nummod_rate_baixo""]",DEP_advmod_rate_baixo + DEP_cop_rate_baixo + DEP_nummod_rate_baixo,"[""efa51cdb823a""]",efa51cdb823a,189,0.13125000000000001,True,1,"[""DEP_cop"", ""modificacao_adverbial"", ""numerais""]",DEP_cop|modificacao_adverbial|numerais,False,True,True,0.36228441865473598,research_only,outside_review_top20,
6d88887bd964,"[""DEP_acl_rate_baixo"", ""DEP_aux:pass_rate_baixo"", ""DEP_nsubj_rate_alto""]",DEP_acl_rate_baixo + DEP_aux:pass_rate_baixo + DEP_nsubj_rate_alto,"[""06850ab5d141"", ""56756681d938""]",56756681d938,189,0.13125000000000001,True,1,"[""DEP_acl"", ""DEP_nsubj"", ""auxiliares""]",DEP_acl|DEP_nsubj|auxiliares,False,True,True,0.36228441865473598,research_only,outside_review_top20,
7ceff571f6c9,"[""DEP_case_rate_alto"", ""DEP_ccomp_rate_baixo"", ""DEP_nsubj:pass_rate_baixo""]",DEP_case_rate_alto + DEP_ccomp_rate_baixo + DEP_nsubj:pass_rate_baixo,"[""2cad54ac3fac""]",2cad54ac3fac,189,0.13125000000000001,True,1,"[""DEP_ccomp"", ""DEP_nsubj:pass"", ""relacoes_preposicionais""]",DEP_ccomp|DEP_nsubj:pass|relacoes_preposicionais,False,True,True,0.36228441865473598,research_only,outside_review_top20,
8d3d07e2cc24,"[""DEP_nsubj:pass_rate_baixo"", ""DEP_xcomp_rate_baixo"", ""POS_SCONJ_rate_baixo""]",DEP_nsubj:pass_rate_baixo + DEP_xcomp_rate_baixo + POS_SCONJ_rate_baixo,"[""c9e3b69dc303""]",c9e3b69dc303,189,0.13125000000000001,True,1,"[""DEP_nsubj:pass"", ""DEP_xcomp"", ""subordinacao""]",DEP_nsubj:pass|DEP_xcomp|subordinacao,False,True,True,0.36228441865473598,research_only,outside_review_top20,
a3a877f8b319,"[""DEP_acl_rate_baixo"", ""DEP_cop_rate_baixo"", ""POS_AUX_rate_baixo""]",DEP_acl_rate_baixo + DEP_cop_rate_baixo + POS_AUX_rate_baixo,"[""9582c096675c""]",9582c096675c,189,0.13125000000000001,True,1,"[""DEP_acl"", ""DEP_cop"", ""auxiliares""]",DEP_acl|DEP_cop|auxiliares,False,True,True,0.36228441865473598,research_only,outside_review_top20,
b80f2b842c29,"[""DEP_advcl_rate_baixo"", ""DEP_aux:pass_rate_baixo"", ""POS_PROPN_rate_alto""]",DEP_advcl_rate_baixo + DEP_aux:pass_rate_baixo + POS_PROPN_rate_alto,"[""50db6cde28fd""]",50db6cde28fd,189,0.13125000000000001,True,1,"[""DEP_advcl"", ""POS_PROPN"", ""auxiliares""]",DEP_advcl|POS_PROPN|auxiliares,False,True,True,0.36228441865473598,research_only,outside_review_top20,
b81e681017a4,"[""DEP_ccomp_rate_baixo"", ""DEP_conj_rate_alto"", ""DEP_nsubj:pass_rate_baixo""]",DEP_ccomp_rate_baixo + DEP_conj_rate_alto + DEP_nsubj:pass_rate_baixo,"[""19c17662c6c5"", ""28fd42b9b830"", ""83abe733dbd5""]",19c17662c6c5,189,0.13125000000000001,True,1,"[""DEP_ccomp"", ""DEP_nsubj:pass"", ""coordenacao""]",DEP_ccomp|DEP_nsubj:pass|coordenacao,False,True,True,0.36228441865473598,research_only,outside_review_top20,
c8975106ddba,"[""DEP_aux:pass_rate_baixo"", ""DEP_flat:name_rate_alto"", ""POS_PROPN_rate_alto""]",DEP_aux:pass_rate_baixo + DEP_flat:name_rate_alto + POS_PROPN_rate_alto,"[""56b375aa6e1c"", ""6eb99171416f""]",56b375aa6e1c,189,0.13125000000000001,True,1,"[""DEP_flat:name"", ""POS_PROPN"", ""auxiliares""]",DEP_flat:name|POS_PROPN|auxiliares,False,True,True,0.36228441865473598,research_only,outside_review_top20,
e08b700b2331,"[""DEP_advcl_rate_baixo"", ""DEP_det_rate_alto"", ""POS_DET_rate_alto""]",DEP_advcl_rate_baixo + DEP_det_rate_alto + POS_DET_rate_alto,"[""343ef4a4c958"", ""c1401a0afad7"", ""c4a88d5db28a"", ""e71052d9dcb5""]",e71052d9dcb5,189,0.13125000000000001,True,1,"[""DEP_advcl"", ""determinacao""]",DEP_advcl|determinacao,True,True,True,0.36228441865473598,research_only,outside_review_top20,
ecf19d0e849c,"[""DEP_mark_rate_baixo"", ""DEP_nsubj:pass_rate_baixo"", ""DEP_xcomp_rate_baixo""]",DEP_mark_rate_baixo + DEP_nsubj:pass_rate_baixo + DEP_xcomp_rate_baixo,"[""d0e2f78062bc""]",d0e2f78062bc,189,0.13125000000000001,True,1,"[""DEP_nsubj:pass"", ""DEP_xcomp"", ""subordinacao""]",DEP_nsubj:pass|DEP_xcomp|subordinacao,False,True,True,0.36228441865473598,research_only,outside_review_top20,
4116cf764f54,"[""DEP_aux:pass_rate_baixo"", ""POS_NOUN_rate_alto""]",DEP_aux:pass_rate_baixo + POS_NOUN_rate_alto,"[""edd2f83bd6a7""]",edd2f83bd6a7,261,0.18124999999999999,True,0.84999999999999998,"[""POS_NOUN"", ""auxiliares""]",POS_NOUN|auxiliares,False,True,True,0.36187446027593601,research_only,outside_review_top20,
020fcbb19476,"[""DEP_aux:pass_rate_baixo"", ""DEP_nummod_rate_baixo"", ""POS_ADP_rate_baixo""]",DEP_aux:pass_rate_baixo + DEP_nummod_rate_baixo + POS_ADP_rate_baixo,"[""042a36a20787"", ""e8c7e4e9c781""]",042a36a20787,188,0.13055555555555556,True,1,"[""auxiliares"", ""numerais"", ""relacoes_preposicionais""]",auxiliares|numerais|relacoes_preposicionais,False,True,True,0.36132472314464664,research_only,outside_review_top20,
2fc3219084aa,"[""DEP_advcl_rate_baixo"", ""DEP_det_rate_baixo"", ""POS_DET_rate_baixo""]",DEP_advcl_rate_baixo + DEP_det_rate_baixo + POS_DET_rate_baixo,"[""0f30e5ffa949"", ""96cd86eee099"", ""d8e66b6707c5"", ""f89891696ce4""]",0f30e5ffa949,188,0.13055555555555556,True,1,"[""DEP_advcl"", ""determinacao""]",DEP_advcl|determinacao,True,True,True,0.36132472314464664,research_only,outside_review_top20,
42cbe8aa8b8b,"[""DEP_advcl_rate_baixo"", ""DEP_aux:pass_rate_baixo"", ""DEP_nsubj_rate_alto""]",DEP_advcl_rate_baixo + DEP_aux:pass_rate_baixo + DEP_nsubj_rate_alto,"[""2ee271cfec16""]",2ee271cfec16,188,0.13055555555555556,True,1,"[""DEP_advcl"", ""DEP_nsubj"", ""auxiliares""]",DEP_advcl|DEP_nsubj|auxiliares,False,True,True,0.36132472314464664,research_only,outside_review_top20,
4af4ae28eb07,"[""DEP_ccomp_rate_baixo"", ""DEP_nsubj:pass_rate_baixo"", ""POS_NOUN_rate_alto""]",DEP_ccomp_rate_baixo + DEP_nsubj:pass_rate_baixo + POS_NOUN_rate_alto,"[""1b7fe8f7625d"", ""54aaac4947b5""]",1b7fe8f7625d,188,0.13055555555555556,True,1,"[""DEP_ccomp"", ""DEP_nsubj:pass"", ""POS_NOUN""]",DEP_ccomp|DEP_nsubj:pass|POS_NOUN,False,True,True,0.36132472314464664,research_only,outside_review_top20,
d0f70ca6ad05,"[""DEP_acl:relcl_rate_baixo"", ""DEP_aux:pass_rate_baixo"", ""DEP_ccomp_rate_alto""]",DEP_acl:relcl_rate_baixo + DEP_aux:pass_rate_baixo + DEP_ccomp_rate_alto,"[""4a1b80783753"", ""ee84be1e188e""]",ee84be1e188e,188,0.13055555555555556,True,1,"[""DEP_acl:relcl"", ""DEP_ccomp"", ""auxiliares""]",DEP_acl:relcl|DEP_ccomp|auxiliares,False,True,True,0.36132472314464664,research_only,outside_review_top20,
17026fc87478,"[""DEP_cop_rate_baixo"", ""DEP_nsubj:pass_rate_baixo"", ""POS_PRON_rate_baixo""]",DEP_cop_rate_baixo + DEP_nsubj:pass_rate_baixo + POS_PRON_rate_baixo,"[""704b7f811e98""]",704b7f811e98,199,0.13819444444444445,True,0.96999999999999997,"[""DEP_cop"", ""DEP_nsubj:pass"", ""POS_PRON""]",DEP_cop|DEP_nsubj:pass|POS_PRON,False,True,True,0.36059277970832659,research_only,outside_review_top20,
01f1f44c4116,"[""DEP_ccomp_rate_baixo"", ""POS_SCONJ_rate_baixo"", ""POS_VERB_rate_baixo""]",DEP_ccomp_rate_baixo + POS_SCONJ_rate_baixo + POS_VERB_rate_baixo,"[""232b77c228df"", ""5618283dc23a""]",5618283dc23a,187,0.12986111111111112,True,1,"[""DEP_ccomp"", ""POS_VERB"", ""subordinacao""]",DEP_ccomp|POS_VERB|subordinacao,False,True,True,0.36036247184066089,research_only,outside_review_top20,
2d86cb372048,"[""DEP_advcl_rate_baixo"", ""DEP_case_rate_alto"", ""DEP_ccomp_rate_baixo""]",DEP_advcl_rate_baixo + DEP_case_rate_alto + DEP_ccomp_rate_baixo,"[""7645c39873b5"", ""df61dc9880ba""]",7645c39873b5,187,0.12986111111111112,True,1,"[""DEP_advcl"", ""DEP_ccomp"", ""relacoes_preposicionais""]",DEP_advcl|DEP_ccomp|relacoes_preposicionais,False,True,True,0.36036247184066089,research_only,outside_review_top20,
78ef3d8581bb,"[""DEP_aux:pass_rate_baixo"", ""DEP_conj_rate_alto"", ""POS_CCONJ_rate_alto""]",DEP_aux:pass_rate_baixo + DEP_conj_rate_alto + POS_CCONJ_rate_alto,"[""66cc8a538f06"", ""81368e84f23d"", ""8fb1f9c63e3a"", ""bd64c93e975e"", ""dacc6a4a79e9""]",bd64c93e975e,187,0.12986111111111112,True,1,"[""auxiliares"", ""coordenacao""]",auxiliares|coordenacao,True,True,True,0.36036247184066089,research_only,outside_review_top20,
a68ed5c1ddba,"[""DEP_nsubj:pass_rate_baixo"", ""DEP_nummod_rate_alto"", ""POS_NUM_rate_alto""]",DEP_nsubj:pass_rate_baixo + DEP_nummod_rate_alto + POS_NUM_rate_alto,"[""77a379fd4e27"", ""b9d2b52da866"", ""f8943d1de0e2""]",f8943d1de0e2,187,0.12986111111111112,True,1,"[""DEP_nsubj:pass"", ""numerais""]",DEP_nsubj:pass|numerais,True,True,True,0.36036247184066089,research_only,same_mechanism_family,
c25927785443,"[""DEP_advmod_rate_alto"", ""POS_ADV_rate_alto"", ""uppercaseRatio_baixo""]",DEP_advmod_rate_alto + POS_ADV_rate_alto + uppercaseRatio_baixo,"[""30553b8c2ed9"", ""4203ea06f871"", ""c0151b5459e7""]",30553b8c2ed9,187,0.12986111111111112,True,1,"[""modificacao_adverbial"", ""uppercaseRatio""]",modificacao_adverbial|uppercaseRatio,True,False,True,0.36036247184066089,research_only,outside_review_top20,
e8228c94d449,"[""DEP_aux:pass_rate_baixo"", ""DEP_nsubj:pass_rate_baixo"", ""DEP_nsubj_rate_baixo""]",DEP_aux:pass_rate_baixo + DEP_nsubj:pass_rate_baixo + DEP_nsubj_rate_baixo,"[""5475fdc610fb"", ""6078dde55c17""]",5475fdc610fb,187,0.12986111111111112,True,1,"[""DEP_nsubj"", ""DEP_nsubj:pass"", ""auxiliares""]",DEP_nsubj|DEP_nsubj:pass|auxiliares,False,True,True,0.36036247184066089,research_only,outside_review_top20,
fbf496ec48e1,"[""DEP_cc_rate_alto"", ""DEP_nummod_rate_baixo"", ""POS_NUM_rate_baixo""]",DEP_cc_rate_alto + DEP_nummod_rate_baixo + POS_NUM_rate_baixo,"[""bf80ce37e062"", ""ca7caf68a463""]",ca7caf68a463,187,0.12986111111111112,True,1,"[""coordenacao"", ""numerais""]",coordenacao|numerais,True,True,True,0.36036247184066089,research_only,outside_review_top20,
fea600e34043,"[""DEP_aux:pass_rate_baixo"", ""DEP_nummod_rate_baixo"", ""POS_DET_rate_alto""]",DEP_aux:pass_rate_baixo + DEP_nummod_rate_baixo + POS_DET_rate_alto,"[""578f7ecc6be5"", ""8899e30aaee9"", ""90077a4bb478""]",578f7ecc6be5,187,0.12986111111111112,True,1,"[""auxiliares"", ""determinacao"", ""numerais""]",auxiliares|determinacao|numerais,False,True,True,0.36036247184066089,research_only,outside_review_top20,
182da81c0366,"[""DEP_case_rate_alto"", ""DEP_nmod_rate_alto"", ""DEP_nsubj:pass_rate_baixo""]",DEP_case_rate_alto + DEP_nmod_rate_alto + DEP_nsubj:pass_rate_baixo,"[""04f9e82363e3"", ""949494f776d8""]",04f9e82363e3,186,0.12916666666666668,True,1,"[""DEP_nmod"", ""DEP_nsubj:pass"", ""relacoes_preposicionais""]",DEP_nmod|DEP_nsubj:pass|relacoes_preposicionais,False,True,True,0.35939764421413045,research_only,outside_review_top20,
37de5bc7f505,"[""DEP_ccomp_rate_baixo"", ""DEP_mark_rate_baixo"", ""POS_VERB_rate_baixo""]",DEP_ccomp_rate_baixo + DEP_mark_rate_baixo + POS_VERB_rate_baixo,"[""32e89cc38fea"", ""67701523c874"", ""a726b0c5876b""]",a726b0c5876b,186,0.12916666666666668,True,1,"[""DEP_ccomp"", ""POS_VERB"", ""subordinacao""]",DEP_ccomp|POS_VERB|subordinacao,False,True,True,0.35939764421413045,research_only,outside_review_top20,
67af53d94bcb,"[""DEP_advcl_rate_alto"", ""DEP_nummod_rate_baixo"", ""POS_NUM_rate_baixo""]",DEP_advcl_rate_alto + DEP_nummod_rate_baixo + POS_NUM_rate_baixo,"[""19d2fc6be19f"", ""3110611a8a82""]",3110611a8a82,186,0.12916666666666668,True,1,"[""DEP_advcl"", ""numerais""]",DEP_advcl|numerais,True,True,True,0.35939764421413045,research_only,outside_review_top20,
9730cebb3290,"[""DEP_amod_rate_alto"", ""DEP_aux:pass_rate_baixo"", ""DEP_ccomp_rate_baixo""]",DEP_amod_rate_alto + DEP_aux:pass_rate_baixo + DEP_ccomp_rate_baixo,"[""7a7365e39fc4"", ""b22351685cb4""]",b22351685cb4,186,0.12916666666666668,True,1,"[""DEP_ccomp"", ""adjetivacao"", ""auxiliares""]",DEP_ccomp|adjetivacao|auxiliares,False,True,True,0.35939764421413045,research_only,outside_review_top20,
d4b272367a20,"[""DEP_cop_rate_baixo"", ""DEP_nsubj:pass_rate_baixo"", ""POS_VERB_rate_alto""]",DEP_cop_rate_baixo + DEP_nsubj:pass_rate_baixo + POS_VERB_rate_alto,"[""ba6ad90a55c0""]",ba6ad90a55c0,186,0.12916666666666668,True,1,"[""DEP_cop"", ""DEP_nsubj:pass"", ""POS_VERB""]",DEP_cop|DEP_nsubj:pass|POS_VERB,False,True,True,0.35939764421413045,research_only,outside_review_top20,
df306d09f7e0,"[""DEP_cc_rate_alto"", ""DEP_ccomp_rate_baixo"", ""DEP_conj_rate_alto""]",DEP_cc_rate_alto + DEP_ccomp_rate_baixo + DEP_conj_rate_alto,"[""26dc05fe36ee"", ""3cba409b7c59"", ""51688f2b0ef1"", ""dd557b7d4e0a""]",51688f2b0ef1,186,0.12916666666666668,True,1,"[""DEP_ccomp"", ""coordenacao""]",DEP_ccomp|coordenacao,True,True,True,0.35939764421413045,research_only,outside_review_top20,
e73d63424140,"[""DEP_aux:pass_rate_baixo"", ""POS_VERB_rate_baixo""]",DEP_aux:pass_rate_baixo + POS_VERB_rate_baixo,"[""e4b0d5a5f776""]",e4b0d5a5f776,257,0.17847222222222223,True,0.84999999999999998,"[""POS_VERB"", ""auxiliares""]",POS_VERB|auxiliares,False,True,True,0.35909076924303635,research_only,outside_review_top20,
44816db0ef2b,"[""DEP_acl_rate_baixo"", ""DEP_nsubj:pass_rate_baixo"", ""POS_SCONJ_rate_baixo""]",DEP_acl_rate_baixo + DEP_nsubj:pass_rate_baixo + POS_SCONJ_rate_baixo,"[""14f49b85b842""]",14f49b85b842,197,0.13680555555555557,True,0.96999999999999997,"[""DEP_acl"", ""DEP_nsubj:pass"", ""subordinacao""]",DEP_acl|DEP_nsubj:pass|subordinacao,False,True,True,0.35877617984228305,research_only,outside_review_top20,
7202a8cfe5d0,"[""DEP_aux:pass_rate_alto"", ""POS_AUX_rate_alto""]",DEP_aux:pass_rate_alto + POS_AUX_rate_alto,"[""0fa6459ea780"", ""a2d1e9416fcb""]",0fa6459ea780,197,0.13680555555555557,True,0.96999999999999997,"[""auxiliares""]",auxiliares,True,True,True,0.35877617984228305,research_only,same_mechanism_family,
31eb7b815477,"[""DEP_ccomp_rate_baixo"", ""DEP_xcomp_rate_baixo"", ""uppercaseRatio_baixo""]",DEP_ccomp_rate_baixo + DEP_xcomp_rate_baixo + uppercaseRatio_baixo,"[""297f1ccbc1c2"", ""9565eb052756""]",9565eb052756,189,0.13125000000000001,True,0.98999999999999999,"[""DEP_ccomp"", ""DEP_xcomp"", ""uppercaseRatio""]",DEP_ccomp|DEP_xcomp|uppercaseRatio,False,True,True,0.35866157446818864,research_only,outside_review_top20,
c63105c94a41,"[""DEP_amod_rate_alto"", ""DEP_nsubj:pass_rate_baixo"", ""DEP_nummod_rate_baixo""]",DEP_amod_rate_alto + DEP_nsubj:pass_rate_baixo + DEP_nummod_rate_baixo,"[""251022dc5060"", ""57d3719c9393"", ""851eecf66ce2""]",851eecf66ce2,189,0.13125000000000001,True,0.98999999999999999,"[""DEP_nsubj:pass"", ""adjetivacao"", ""numerais""]",DEP_nsubj:pass|adjetivacao|numerais,False,True,True,0.35866157446818864,research_only,outside_review_top20,
1dc3fb87602d,"[""DEP_acl:relcl_rate_baixo"", ""DEP_advmod_rate_alto"", ""POS_ADV_rate_alto""]",DEP_acl:relcl_rate_baixo + DEP_advmod_rate_alto + POS_ADV_rate_alto,"[""001171050812"", ""049296627135"", ""2fdf951bf918"", ""6fefbe8efb35""]",049296627135,185,0.12847222222222221,True,1,"[""DEP_acl:relcl"", ""modificacao_adverbial""]",DEP_acl:relcl|modificacao_adverbial,True,True,True,0.35843021946010944,research_only,outside_review_top20,
58d23086acd3,"[""DEP_acl:relcl_rate_baixo"", ""DEP_cc_rate_baixo"", ""DEP_conj_rate_baixo""]",DEP_acl:relcl_rate_baixo + DEP_cc_rate_baixo + DEP_conj_rate_baixo,"[""2ad4406843e0"", ""2de154874847"", ""dbf69715ce05""]",dbf69715ce05,185,0.12847222222222221,True,1,"[""DEP_acl:relcl"", ""coordenacao""]",DEP_acl:relcl|coordenacao,True,True,True,0.35843021946010944,research_only,outside_review_top20,
5a8872f5871f,"[""DEP_acl:relcl_rate_baixo"", ""DEP_nmod_rate_alto"", ""DEP_nsubj:pass_rate_baixo""]",DEP_acl:relcl_rate_baixo + DEP_nmod_rate_alto + DEP_nsubj:pass_rate_baixo,"[""40cd2d84dcf9"", ""699fc4fcbc71""]",699fc4fcbc71,185,0.12847222222222221,True,1,"[""DEP_acl:relcl"", ""DEP_nmod"", ""DEP_nsubj:pass""]",DEP_acl:relcl|DEP_nmod|DEP_nsubj:pass,False,True,True,0.35843021946010944,research_only,outside_review_top20,
840f250b7185,"[""DEP_nsubj:pass_rate_baixo"", ""DEP_nummod_rate_baixo"", ""DEP_xcomp_rate_alto""]",DEP_nsubj:pass_rate_baixo + DEP_nummod_rate_baixo + DEP_xcomp_rate_alto,"[""184973686c73"", ""5713a2791518"", ""8c7dcc845b69""]",5713a2791518,185,0.12847222222222221,True,1,"[""DEP_nsubj:pass"", ""DEP_xcomp"", ""numerais""]",DEP_nsubj:pass|DEP_xcomp|numerais,False,True,True,0.35843021946010944,research_only,outside_review_top20,
8692db2cd3b5,"[""DEP_advcl_rate_baixo"", ""DEP_aux:pass_rate_baixo"", ""DEP_flat:name_rate_alto""]",DEP_advcl_rate_baixo + DEP_aux:pass_rate_baixo + DEP_flat:name_rate_alto,"[""850756ff2e7e""]",850756ff2e7e,185,0.12847222222222221,True,1,"[""DEP_advcl"", ""DEP_flat:name"", ""auxiliares""]",DEP_advcl|DEP_flat:name|auxiliares,False,True,True,0.35843021946010944,research_only,outside_review_top20,
9bc3f2f9e469,"[""DEP_ccomp_rate_baixo"", ""DEP_nummod_rate_alto"", ""POS_NUM_rate_alto""]",DEP_ccomp_rate_baixo + DEP_nummod_rate_alto + POS_NUM_rate_alto,"[""37bbcf54fcca"", ""608c545764dc"", ""d37d3a679bf2"", ""f79fc0d789f2""]",37bbcf54fcca,185,0.12847222222222221,True,1,"[""DEP_ccomp"", ""numerais""]",DEP_ccomp|numerais,True,True,True,0.35843021946010944,research_only,outside_review_top20,
cb89c941997e,"[""DEP_advcl_rate_baixo"", ""DEP_case_rate_alto"", ""DEP_nsubj:pass_rate_baixo""]",DEP_advcl_rate_baixo + DEP_case_rate_alto + DEP_nsubj:pass_rate_baixo,"[""9d5fe5618b16""]",9d5fe5618b16,185,0.12847222222222221,True,1,"[""DEP_advcl"", ""DEP_nsubj:pass"", ""relacoes_preposicionais""]",DEP_advcl|DEP_nsubj:pass|relacoes_preposicionais,False,True,True,0.35843021946010944,research_only,outside_review_top20,
14a94956de86,"[""DEP_det_rate_alto"", ""POS_DET_rate_alto"", ""uppercaseRatio_baixo""]",DEP_det_rate_alto + POS_DET_rate_alto + uppercaseRatio_baixo,"[""a97683a6d75c"", ""aaaad0cca7f7"", ""c142eb39e9f0""]",aaaad0cca7f7,184,0.12777777777777777,True,1,"[""determinacao"", ""uppercaseRatio""]",determinacao|uppercaseRatio,True,True,True,0.35746017649212025,research_only,outside_review_top20,
67a17075be2a,"[""DEP_acl:relcl_rate_baixo"", ""DEP_cc_rate_alto"", ""DEP_conj_rate_alto""]",DEP_acl:relcl_rate_baixo + DEP_cc_rate_alto + DEP_conj_rate_alto,"[""03fd2ee3ac40"", ""63b986ce0034"", ""9ada6dc83ad5""]",03fd2ee3ac40,184,0.12777777777777777,True,1,"[""DEP_acl:relcl"", ""coordenacao""]",DEP_acl:relcl|coordenacao,True,True,True,0.35746017649212025,research_only,outside_review_top20,
a65105bd94c6,"[""DEP_acl:relcl_rate_baixo"", ""DEP_nsubj:pass_rate_baixo"", ""POS_PROPN_rate_alto""]",DEP_acl:relcl_rate_baixo + DEP_nsubj:pass_rate_baixo + POS_PROPN_rate_alto,"[""67b972a0cb12"", ""c17904558605""]",c17904558605,184,0.12777777777777777,True,1,"[""DEP_acl:relcl"", ""DEP_nsubj:pass"", ""POS_PROPN""]",DEP_acl:relcl|DEP_nsubj:pass|POS_PROPN,False,True,True,0.35746017649212025,research_only,outside_review_top20,
b4596bc693b8,"[""DEP_ccomp_rate_baixo"", ""DEP_nmod_rate_alto"", ""POS_ADP_rate_alto""]",DEP_ccomp_rate_baixo + DEP_nmod_rate_alto + POS_ADP_rate_alto,"[""28cb451a956d"", ""63c202ceebba"", ""c41d42a79c92""]",c41d42a79c92,184,0.12777777777777777,True,1,"[""DEP_ccomp"", ""DEP_nmod"", ""relacoes_preposicionais""]",DEP_ccomp|DEP_nmod|relacoes_preposicionais,False,True,True,0.35746017649212025,research_only,outside_review_top20,
d32970bb2da1,"[""DEP_ccomp_rate_alto"", ""DEP_nsubj:pass_rate_baixo"", ""POS_SCONJ_rate_alto""]",DEP_ccomp_rate_alto + DEP_nsubj:pass_rate_baixo + POS_SCONJ_rate_alto,"[""1c4a7b75a271"", ""1df457874083""]",1df457874083,184,0.12777777777777777,True,1,"[""DEP_ccomp"", ""DEP_nsubj:pass"", ""subordinacao""]",DEP_ccomp|DEP_nsubj:pass|subordinacao,False,True,True,0.35746017649212025,research_only,outside_review_top20,
ddfa5b090cbc,"[""DEP_nummod_rate_baixo"", ""POS_NUM_rate_baixo"", ""POS_SCONJ_rate_alto""]",DEP_nummod_rate_baixo + POS_NUM_rate_baixo + POS_SCONJ_rate_alto,"[""17e014a2e041"", ""45d26a419e02"", ""88c4e9afe2d3""]",45d26a419e02,184,0.12777777777777777,True,1,"[""numerais"", ""subordinacao""]",numerais|subordinacao,True,True,True,0.35746017649212025,research_only,outside_review_top20,
f49500fa2043,"[""DEP_aux:pass_rate_baixo"", ""DEP_ccomp_rate_baixo"", ""DEP_obj_rate_alto""]",DEP_aux:pass_rate_baixo + DEP_ccomp_rate_baixo + DEP_obj_rate_alto,"[""2aef8131c289""]",2aef8131c289,184,0.12777777777777777,True,1,"[""DEP_ccomp"", ""DEP_obj"", ""auxiliares""]",DEP_ccomp|DEP_obj|auxiliares,False,True,True,0.35746017649212025,research_only,outside_review_top20,
05da0b236a64,"[""DEP_aux:pass_rate_baixo"", ""DEP_mark_rate_baixo"", ""DEP_xcomp_rate_baixo""]",DEP_aux:pass_rate_baixo + DEP_mark_rate_baixo + DEP_xcomp_rate_baixo,"[""2fa184fa0a40""]",2fa184fa0a40,183,0.12708333333333333,True,1,"[""DEP_xcomp"", ""auxiliares"", ""subordinacao""]",DEP_xcomp|auxiliares|subordinacao,False,True,True,0.35648749393679063,research_only,outside_review_top20,
275a35ae6552,"[""DEP_aux:pass_rate_baixo"", ""DEP_ccomp_rate_baixo"", ""DEP_nummod_rate_alto""]",DEP_aux:pass_rate_baixo + DEP_ccomp_rate_baixo + DEP_nummod_rate_alto,"[""d45100a40292""]",d45100a40292,183,0.12708333333333333,True,1,"[""DEP_ccomp"", ""auxiliares"", ""numerais""]",DEP_ccomp|auxiliares|numerais,False,True,True,0.35648749393679063,research_only,outside_review_top20,
28f04cdddd24,"[""DEP_ccomp_rate_alto"", ""DEP_mark_rate_alto"", ""DEP_nsubj:pass_rate_baixo""]",DEP_ccomp_rate_alto + DEP_mark_rate_alto + DEP_nsubj:pass_rate_baixo,"[""8ea0cf5af8d3"", ""d1e092aa1fb4"", ""d68afb346e49""]",8ea0cf5af8d3,183,0.12708333333333333,True,1,"[""DEP_ccomp"", ""DEP_nsubj:pass"", ""subordinacao""]",DEP_ccomp|DEP_nsubj:pass|subordinacao,False,True,True,0.35648749393679063,research_only,outside_review_top20,
8b6c46bc3a14,"[""DEP_acl:relcl_rate_baixo"", ""DEP_advcl_rate_baixo"", ""DEP_nmod_rate_alto""]",DEP_acl:relcl_rate_baixo + DEP_advcl_rate_baixo + DEP_nmod_rate_alto,"[""2d81102afda8"", ""83246b7da4f6""]",2d81102afda8,183,0.12708333333333333,True,1,"[""DEP_acl:relcl"", ""DEP_advcl"", ""DEP_nmod""]",DEP_acl:relcl|DEP_advcl|DEP_nmod,False,True,True,0.35648749393679063,research_only,outside_review_top20,
a1236d4084ad,"[""DEP_case_rate_alto"", ""DEP_mark_rate_baixo"", ""POS_SCONJ_rate_baixo""]",DEP_case_rate_alto + DEP_mark_rate_baixo + POS_SCONJ_rate_baixo,"[""a19e453140eb"", ""e9e15b28ca11""]",a19e453140eb,183,0.12708333333333333,True,1,"[""relacoes_preposicionais"", ""subordinacao""]",relacoes_preposicionais|subordinacao,True,True,True,0.35648749393679063,research_only,outside_review_top20,
42f60e5cc007,"[""DEP_advcl_rate_baixo"", ""DEP_nsubj:pass_rate_baixo"", ""POS_ADV_rate_baixo""]",DEP_advcl_rate_baixo + DEP_nsubj:pass_rate_baixo + POS_ADV_rate_baixo,"[""c6a24be42700""]",c6a24be42700,194,0.13472222222222222,True,0.96999999999999997,"[""DEP_advcl"", ""DEP_nsubj:pass"", ""modificacao_adverbial""]",DEP_advcl|DEP_nsubj:pass|modificacao_adverbial,False,True,True,0.35603390131964802,research_only,outside_review_top20,
0449a19a868e,"[""DEP_amod_rate_alto"", ""DEP_ccomp_rate_baixo"", ""POS_ADJ_rate_alto""]",DEP_amod_rate_alto + DEP_ccomp_rate_baixo + POS_ADJ_rate_alto,"[""64cfc41cd29c"", ""9dd991d064e5"", ""aa24ffb4eb59"", ""b5170c164a80""]",64cfc41cd29c,182,0.12638888888888888,True,1,"[""DEP_ccomp"", ""adjetivacao""]",DEP_ccomp|adjetivacao,True,False,True,0.35551215012835902,research_only,outside_review_top20,
06f3298acb55,"[""DEP_ccomp_rate_baixo"", ""DEP_cop_rate_baixo"", ""DEP_nmod_rate_alto""]",DEP_ccomp_rate_baixo + DEP_cop_rate_baixo + DEP_nmod_rate_alto,"[""b44a20f64073"", ""dc34d62acbe1""]",dc34d62acbe1,182,0.12638888888888888,True,1,"[""DEP_ccomp"", ""DEP_cop"", ""DEP_nmod""]",DEP_ccomp|DEP_cop|DEP_nmod,False,True,True,0.35551215012835902,research_only,outside_review_top20,
185f2e1ceaef,"[""DEP_case_rate_alto"", ""DEP_ccomp_rate_baixo"", ""DEP_cop_rate_baixo""]",DEP_case_rate_alto + DEP_ccomp_rate_baixo + DEP_cop_rate_baixo,"[""47cda5982536"", ""67864586bcf8"", ""77e95111451b""]",47cda5982536,182,0.12638888888888888,True,1,"[""DEP_ccomp"", ""DEP_cop"", ""relacoes_preposicionais""]",DEP_ccomp|DEP_cop|relacoes_preposicionais,False,True,True,0.35551215012835902,research_only,outside_review_top20,
1949a1f6475b,"[""DEP_nsubj:pass_rate_baixo"", ""POS_PROPN_rate_baixo"", ""uppercaseRatio_baixo""]",DEP_nsubj:pass_rate_baixo + POS_PROPN_rate_baixo + uppercaseRatio_baixo,"[""01980716ae1c""]",01980716ae1c,182,0.12638888888888888,True,1,"[""DEP_nsubj:pass"", ""POS_PROPN"", ""uppercaseRatio""]",DEP_nsubj:pass|POS_PROPN|uppercaseRatio,False,True,True,0.35551215012835902,research_only,outside_review_top20,
1f674cb38b90,"[""DEP_cc_rate_baixo"", ""DEP_conj_rate_baixo"", ""DEP_xcomp_rate_baixo""]",DEP_cc_rate_baixo + DEP_conj_rate_baixo + DEP_xcomp_rate_baixo,"[""93c680d79715"", ""eb698d8c4ca4""]",93c680d79715,182,0.12638888888888888,True,1,"[""DEP_xcomp"", ""coordenacao""]",DEP_xcomp|coordenacao,True,True,True,0.35551215012835902,research_only,outside_review_top20,
31010b851e91,"[""DEP_acl:relcl_rate_baixo"", ""DEP_advmod_rate_baixo"", ""POS_PRON_rate_baixo""]",DEP_acl:relcl_rate_baixo + DEP_advmod_rate_baixo + POS_PRON_rate_baixo,"[""1ba078c08175"", ""d1369887aa9e""]",1ba078c08175,182,0.12638888888888888,True,1,"[""DEP_acl:relcl"", ""POS_PRON"", ""modificacao_adverbial""]",DEP_acl:relcl|POS_PRON|modificacao_adverbial,False,True,True,0.35551215012835902,research_only,outside_review_top20,
4c4b9f2cd33f,"[""DEP_ccomp_rate_baixo"", ""DEP_cop_rate_baixo"", ""POS_PRON_rate_baixo""]",DEP_ccomp_rate_baixo + DEP_cop_rate_baixo + POS_PRON_rate_baixo,"[""052eb69ba125"", ""3ebeb7599b26""]",3ebeb7599b26,182,0.12638888888888888,True,1,"[""DEP_ccomp"", ""DEP_cop"", ""POS_PRON""]",DEP_ccomp|DEP_cop|POS_PRON,False,True,True,0.35551215012835902,research_only,outside_review_top20,
68122a44fef0,"[""DEP_ccomp_rate_baixo"", ""DEP_cop_rate_baixo"", ""DEP_nummod_rate_alto""]",DEP_ccomp_rate_baixo + DEP_cop_rate_baixo + DEP_nummod_rate_alto,"[""40522e6e202b"", ""bb5321a90b1e""]",bb5321a90b1e,182,0.12638888888888888,True,1,"[""DEP_ccomp"", ""DEP_cop"", ""numerais""]",DEP_ccomp|DEP_cop|numerais,False,True,True,0.35551215012835902,research_only,outside_review_top20,
72294391c542,"[""DEP_amod_rate_baixo"", ""DEP_aux:pass_rate_baixo"", ""POS_ADJ_rate_baixo""]",DEP_amod_rate_baixo + DEP_aux:pass_rate_baixo + POS_ADJ_rate_baixo,"[""87de7ef962f3"", ""ef417ae10848""]",ef417ae10848,182,0.12638888888888888,True,1,"[""adjetivacao"", ""auxiliares""]",adjetivacao|auxiliares,True,True,True,0.35551215012835902,research_only,outside_review_top20,
b65b591b6e88,"[""DEP_appos_rate_baixo"", ""DEP_nummod_rate_baixo"", ""POS_NUM_rate_baixo""]",DEP_appos_rate_baixo + DEP_nummod_rate_baixo + POS_NUM_rate_baixo,"[""0a3b1e0c1a44"", ""8d364a516e56""]",0a3b1e0c1a44,182,0.12638888888888888,True,1,"[""DEP_appos"", ""numerais""]",DEP_appos|numerais,True,True,True,0.35551215012835902,research_only,outside_review_top20,
d345988153d7,"[""DEP_aux:pass_rate_alto"", ""DEP_cop_rate_baixo"", ""DEP_nsubj:pass_rate_alto""]",DEP_aux:pass_rate_alto + DEP_cop_rate_baixo + DEP_nsubj:pass_rate_alto,"[""90ed384286f1"", ""9f914d6d736b"", ""a03afbc0caf7"", ""b377eb5e7290"", ""dc3d9efd2415""]",b377eb5e7290,182,0.12638888888888888,True,1,"[""DEP_cop"", ""DEP_nsubj:pass"", ""auxiliares""]",DEP_cop|DEP_nsubj:pass|auxiliares,False,True,True,0.35551215012835902,research_only,same_mechanism_family,
ea658744857f,"[""DEP_aux:pass_rate_baixo"", ""DEP_nummod_rate_baixo"", ""POS_PROPN_rate_alto""]",DEP_aux:pass_rate_baixo + DEP_nummod_rate_baixo + POS_PROPN_rate_alto,"[""00f669d6104d""]",00f669d6104d,182,0.12638888888888888,True,1,"[""POS_PROPN"", ""auxiliares"", ""numerais""]",POS_PROPN|auxiliares|numerais,False,True,True,0.35551215012835902,research_only,outside_review_top20,
f30715bf7d5c,"[""DEP_aux:pass_rate_baixo"", ""DEP_case_rate_alto"", ""DEP_ccomp_rate_baixo""]",DEP_aux:pass_rate_baixo + DEP_case_rate_alto + DEP_ccomp_rate_baixo,"[""c75f3fc00d99""]",c75f3fc00d99,182,0.12638888888888888,True,1,"[""DEP_ccomp"", ""auxiliares"", ""relacoes_preposicionais""]",DEP_ccomp|auxiliares|relacoes_preposicionais,False,True,True,0.35551215012835902,research_only,outside_review_top20,
1406d00013f7,"[""DEP_ccomp_rate_baixo"", ""DEP_cop_rate_baixo"", ""POS_ADV_rate_baixo""]",DEP_ccomp_rate_baixo + DEP_cop_rate_baixo + POS_ADV_rate_baixo,"[""79620429353c"", ""8b2de050ff7c""]",79620429353c,181,0.12569444444444444,True,1,"[""DEP_ccomp"", ""DEP_cop"", ""modificacao_adverbial""]",DEP_ccomp|DEP_cop|modificacao_adverbial,False,True,True,0.35453412310304411,research_only,outside_review_top20,
822ea962825d,"[""DEP_advcl_rate_baixo"", ""DEP_advmod_rate_baixo"", ""DEP_cop_rate_baixo""]",DEP_advcl_rate_baixo + DEP_advmod_rate_baixo + DEP_cop_rate_baixo,"[""2f188470c1cd"", ""cb910a928694""]",cb910a928694,181,0.12569444444444444,True,1,"[""DEP_advcl"", ""DEP_cop"", ""modificacao_adverbial""]",DEP_advcl|DEP_cop|modificacao_adverbial,False,True,True,0.35453412310304411,research_only,outside_review_top20,
937f75ff11d5,"[""DEP_ccomp_rate_baixo"", ""DEP_cop_rate_baixo"", ""POS_ADP_rate_alto""]",DEP_ccomp_rate_baixo + DEP_cop_rate_baixo + POS_ADP_rate_alto,"[""0d29e5693e08"", ""3536934e2cf6"", ""b7b92f2b3a74""]",b7b92f2b3a74,181,0.12569444444444444,True,1,"[""DEP_ccomp"", ""DEP_cop"", ""relacoes_preposicionais""]",DEP_ccomp|DEP_cop|relacoes_preposicionais,False,True,True,0.35453412310304411,research_only,outside_review_top20,
c3c906a8eaaa,"[""DEP_aux:pass_rate_baixo"", ""DEP_xcomp_rate_baixo"", ""POS_SCONJ_rate_baixo""]",DEP_aux:pass_rate_baixo + DEP_xcomp_rate_baixo + POS_SCONJ_rate_baixo,"[""c468b2547e99""]",c468b2547e99,181,0.12569444444444444,True,1,"[""DEP_xcomp"", ""auxiliares"", ""subordinacao""]",DEP_xcomp|auxiliares|subordinacao,False,True,True,0.35453412310304411,research_only,outside_review_top20,
cc8d251773fb,"[""DEP_acl_rate_baixo"", ""DEP_ccomp_rate_baixo"", ""POS_VERB_rate_baixo""]",DEP_acl_rate_baixo + DEP_ccomp_rate_baixo + POS_VERB_rate_baixo,"[""3693fca5ce55"", ""53f7b6e2b9c9"", ""7315c66fb58a""]",3693fca5ce55,181,0.12569444444444444,True,1,"[""DEP_acl"", ""DEP_ccomp"", ""POS_VERB""]",DEP_acl|DEP_ccomp|POS_VERB,False,True,True,0.35453412310304411,research_only,outside_review_top20,
d97c4f9442f3,"[""DEP_cop_rate_baixo"", ""DEP_nummod_rate_alto"", ""POS_NUM_rate_alto""]",DEP_cop_rate_baixo + DEP_nummod_rate_alto + POS_NUM_rate_alto,"[""05bbacf1bbb5"", ""1ab2f1b097b0"", ""2ddbea446f05""]",2ddbea446f05,181,0.12569444444444444,True,1,"[""DEP_cop"", ""numerais""]",DEP_cop|numerais,True,True,True,0.35453412310304411,research_only,outside_review_top20,
e2653c601e80,"[""DEP_advcl_rate_baixo"", ""DEP_ccomp_rate_baixo"", ""POS_ADP_rate_alto""]",DEP_advcl_rate_baixo + DEP_ccomp_rate_baixo + POS_ADP_rate_alto,"[""52b5b8a737b5"", ""851a379e9b0c"", ""8d036e71b5bb""]",851a379e9b0c,181,0.12569444444444444,True,1,"[""DEP_advcl"", ""DEP_ccomp"", ""relacoes_preposicionais""]",DEP_advcl|DEP_ccomp|relacoes_preposicionais,False,True,True,0.35453412310304411,research_only,outside_review_top20,
900a71b7da80,"[""DEP_acl_rate_baixo"", ""POS_PRON_rate_alto""]",DEP_acl_rate_baixo + POS_PRON_rate_alto,"[""d947ef1e9652""]",d947ef1e9652,213,0.14791666666666667,True,0.92000000000000004,"[""DEP_acl"", ""POS_PRON""]",DEP_acl|POS_PRON,False,True,True,0.35383140994923939,research_only,outside_review_top20,
0505fc0db330,"[""DEP_nsubj_rate_alto"", ""DEP_nummod_rate_baixo"", ""POS_NUM_rate_baixo""]",DEP_nsubj_rate_alto + DEP_nummod_rate_baixo + POS_NUM_rate_baixo,"[""981d7584e217"", ""a35f22d10e7f""]",981d7584e217,180,0.125,True,1,"[""DEP_nsubj"", ""numerais""]",DEP_nsubj|numerais,True,True,True,0.35355339059327379,research_only,outside_review_top20,
2460a6ad0cfa,"[""DEP_acl:relcl_rate_baixo"", ""DEP_conj_rate_alto"", ""POS_CCONJ_rate_alto""]",DEP_acl:relcl_rate_baixo + DEP_conj_rate_alto + POS_CCONJ_rate_alto,"[""58e2040b4461"", ""9ce778ed89e3"", ""e91d272dcbe4""]",58e2040b4461,180,0.125,True,1,"[""DEP_acl:relcl"", ""coordenacao""]",DEP_acl:relcl|coordenacao,True,True,True,0.35355339059327379,research_only,outside_review_top20,
719162f801ec,"[""DEP_advcl_rate_baixo"", ""DEP_appos_rate_alto"", ""DEP_aux:pass_rate_baixo""]",DEP_advcl_rate_baixo + DEP_appos_rate_alto + DEP_aux:pass_rate_baixo,"[""f2b6a6a14e3f""]",f2b6a6a14e3f,180,0.125,True,1,"[""DEP_advcl"", ""DEP_appos"", ""auxiliares""]",DEP_advcl|DEP_appos|auxiliares,False,True,True,0.35355339059327379,research_only,outside_review_top20,
8403697f01ab,"[""DEP_aux:pass_rate_baixo"", ""DEP_case_rate_alto"", ""DEP_nmod_rate_alto""]",DEP_aux:pass_rate_baixo + DEP_case_rate_alto + DEP_nmod_rate_alto,"[""048f8510bf43"", ""4062ae1b113f""]",4062ae1b113f,180,0.125,True,1,"[""DEP_nmod"", ""auxiliares"", ""relacoes_preposicionais""]",DEP_nmod|auxiliares|relacoes_preposicionais,False,True,True,0.35355339059327379,research_only,outside_review_top20,
959f04a0a35b,"[""DEP_ccomp_rate_baixo"", ""DEP_conj_rate_alto"", ""POS_CCONJ_rate_alto""]",DEP_ccomp_rate_baixo + DEP_conj_rate_alto + POS_CCONJ_rate_alto,"[""0dcb2e666ded"", ""4a79cde7f2d9"", ""6d0daa63a165"", ""a9db5a6aa72f""]",6d0daa63a165,180,0.125,True,1,"[""DEP_ccomp"", ""coordenacao""]",DEP_ccomp|coordenacao,True,True,True,0.35355339059327379,research_only,outside_review_top20,
9f73140255eb,"[""DEP_advcl_rate_baixo"", ""DEP_aux:pass_rate_baixo"", ""DEP_case_rate_alto""]",DEP_advcl_rate_baixo + DEP_aux:pass_rate_baixo + DEP_case_rate_alto,"[""143edc2be271""]",143edc2be271,180,0.125,True,1,"[""DEP_advcl"", ""auxiliares"", ""relacoes_preposicionais""]",DEP_advcl|auxiliares|relacoes_preposicionais,False,True,True,0.35355339059327379,research_only,outside_review_top20,
a699473c2d7a,"[""DEP_advcl_rate_baixo"", ""DEP_cop_rate_baixo"", ""POS_PRON_rate_baixo""]",DEP_advcl_rate_baixo + DEP_cop_rate_baixo + POS_PRON_rate_baixo,"[""c928a469c9cc""]",c928a469c9cc,180,0.125,True,1,"[""DEP_advcl"", ""DEP_cop"", ""POS_PRON""]",DEP_advcl|DEP_cop|POS_PRON,False,True,True,0.35355339059327379,research_only,outside_review_top20,
b7d9f832f756,"[""DEP_acl_rate_baixo"", ""DEP_det_rate_alto"", ""POS_DET_rate_alto""]",DEP_acl_rate_baixo + DEP_det_rate_alto + POS_DET_rate_alto,"[""0416802df289"", ""188273620b24"", ""2aa03aef2681"", ""47b04cbfe65f""]",2aa03aef2681,180,0.125,True,1,"[""DEP_acl"", ""determinacao""]",DEP_acl|determinacao,True,True,True,0.35355339059327379,research_only,outside_review_top20,
c164086c3d3a,"[""DEP_advcl_rate_baixo"", ""DEP_case_rate_alto"", ""DEP_nmod_rate_alto""]",DEP_advcl_rate_baixo + DEP_case_rate_alto + DEP_nmod_rate_alto,"[""0ad13a10bd44"", ""c510f742f39a"", ""e6d848e9e09a""]",0ad13a10bd44,180,0.125,True,1,"[""DEP_advcl"", ""DEP_nmod"", ""relacoes_preposicionais""]",DEP_advcl|DEP_nmod|relacoes_preposicionais,False,True,True,0.35355339059327379,research_only,outside_review_top20,
c32e54386296,"[""DEP_aux:pass_rate_baixo"", ""DEP_nummod_rate_alto"", ""POS_NUM_rate_alto""]",DEP_aux:pass_rate_baixo + DEP_nummod_rate_alto + POS_NUM_rate_alto,"[""48b24862e3b4"", ""dc1bd3062fd5""]",dc1bd3062fd5,180,0.125,True,1,"[""auxiliares"", ""numerais""]",auxiliares|numerais,True,True,True,0.35355339059327379,research_only,outside_review_top20,
fe09035aa225,"[""DEP_acl:relcl_rate_baixo"", ""DEP_xcomp_rate_baixo"", ""POS_VERB_rate_baixo""]",DEP_acl:relcl_rate_baixo + DEP_xcomp_rate_baixo + POS_VERB_rate_baixo,"[""33d00dffb3f0"", ""971ce0982426"", ""eeab6919382e""]",33d00dffb3f0,180,0.125,True,1,"[""DEP_acl:relcl"", ""DEP_xcomp"", ""POS_VERB""]",DEP_acl:relcl|DEP_xcomp|POS_VERB,False,True,True,0.35355339059327379,research_only,outside_review_top20,
0660f38fbed7,"[""DEP_aux:pass_rate_baixo"", ""DEP_case_rate_baixo"", ""DEP_nmod_rate_baixo""]",DEP_aux:pass_rate_baixo + DEP_case_rate_baixo + DEP_nmod_rate_baixo,"[""21ac37327c82"", ""a353fc7fb654""]",21ac37327c82,179,0.12430555555555556,True,1,"[""DEP_nmod"", ""auxiliares"", ""relacoes_preposicionais""]",DEP_nmod|auxiliares|relacoes_preposicionais,False,True,True,0.35256993002176967,research_only,outside_review_top20,
25adae7b1426,"[""DEP_ccomp_rate_baixo"", ""DEP_nsubj:pass_rate_baixo"", ""POS_ADP_rate_alto""]",DEP_ccomp_rate_baixo + DEP_nsubj:pass_rate_baixo + POS_ADP_rate_alto,"[""7e33a041e706""]",7e33a041e706,179,0.12430555555555556,True,1,"[""DEP_ccomp"", ""DEP_nsubj:pass"", ""relacoes_preposicionais""]",DEP_ccomp|DEP_nsubj:pass|relacoes_preposicionais,False,True,True,0.35256993002176967,research_only,outside_review_top20,
3b194049c2e3,"[""DEP_acl:relcl_rate_baixo"", ""DEP_aux:pass_rate_baixo"", ""DEP_nmod_rate_alto""]",DEP_acl:relcl_rate_baixo + DEP_aux:pass_rate_baixo + DEP_nmod_rate_alto,"[""64ede66ac17e"", ""bab0044edcb6"", ""fc2d31d84080""]",64ede66ac17e,179,0.12430555555555556,True,1,"[""DEP_acl:relcl"", ""DEP_nmod"", ""auxiliares""]",DEP_acl:relcl|DEP_nmod|auxiliares,False,True,True,0.35256993002176967,research_only,outside_review_top20,
93b724bf542f,"[""DEP_advcl_rate_baixo"", ""DEP_ccomp_rate_baixo"", ""DEP_nsubj_rate_baixo""]",DEP_advcl_rate_baixo + DEP_ccomp_rate_baixo + DEP_nsubj_rate_baixo,"[""009210998a05""]",009210998a05,179,0.12430555555555556,True,1,"[""DEP_advcl"", ""DEP_ccomp"", ""DEP_nsubj""]",DEP_advcl|DEP_ccomp|DEP_nsubj,False,False,True,0.35256993002176967,research_only,outside_review_top20,
9bf72af9c991,"[""DEP_acl:relcl_rate_baixo"", ""DEP_ccomp_rate_baixo"", ""POS_VERB_rate_baixo""]",DEP_acl:relcl_rate_baixo + DEP_ccomp_rate_baixo + POS_VERB_rate_baixo,"[""06b4870014d1"", ""7ceb7a8a3798"", ""f972dc14eb73""]",7ceb7a8a3798,179,0.12430555555555556,True,1,"[""DEP_acl:relcl"", ""DEP_ccomp"", ""POS_VERB""]",DEP_acl:relcl|DEP_ccomp|POS_VERB,False,True,True,0.35256993002176967,research_only,outside_review_top20,
ba31d105e1ef,"[""DEP_acl:relcl_rate_baixo"", ""DEP_case_rate_alto"", ""DEP_ccomp_rate_baixo""]",DEP_acl:relcl_rate_baixo + DEP_case_rate_alto + DEP_ccomp_rate_baixo,"[""573f6db3482d"", ""78b1dffc9bd0""]",573f6db3482d,179,0.12430555555555556,True,1,"[""DEP_acl:relcl"", ""DEP_ccomp"", ""relacoes_preposicionais""]",DEP_acl:relcl|DEP_ccomp|relacoes_preposicionais,False,True,True,0.35256993002176967,research_only,outside_review_top20,
bf84960f49f5,"[""DEP_cop_rate_baixo"", ""DEP_det_rate_alto"", ""POS_DET_rate_alto""]",DEP_cop_rate_baixo + DEP_det_rate_alto + POS_DET_rate_alto,"[""03119ac6493c"", ""132a4a1e7751""]",132a4a1e7751,179,0.12430555555555556,True,1,"[""DEP_cop"", ""determinacao""]",DEP_cop|determinacao,True,True,True,0.35256993002176967,research_only,outside_review_top20,
79a1dca67a99,"[""DEP_aux:pass_rate_baixo"", ""DEP_case_rate_baixo"", ""DEP_nummod_rate_baixo""]",DEP_aux:pass_rate_baixo + DEP_case_rate_baixo + DEP_nummod_rate_baixo,"[""027a7bd8f571"", ""0954cac5769c""]",0954cac5769c,186,0.12916666666666668,True,0.97999999999999998,"[""auxiliares"", ""numerais"", ""relacoes_preposicionais""]",auxiliares|numerais|relacoes_preposicionais,False,True,True,0.35220969132984786,research_only,outside_review_top20,
065159629d03,"[""DEP_acl:relcl_rate_baixo"", ""DEP_conj_rate_baixo"", ""POS_CCONJ_rate_baixo""]",DEP_acl:relcl_rate_baixo + DEP_conj_rate_baixo + POS_CCONJ_rate_baixo,"[""119df772bb38"", ""43a5340612d2"", ""9e9f0a7f3307""]",119df772bb38,178,0.12361111111111112,True,1,"[""DEP_acl:relcl"", ""coordenacao""]",DEP_acl:relcl|coordenacao,True,True,True,0.35158371849548309,research_only,outside_review_top20,
2c266724c643,"[""DEP_flat:name_rate_alto"", ""DEP_nummod_rate_baixo"", ""POS_PROPN_rate_alto""]",DEP_flat:name_rate_alto + DEP_nummod_rate_baixo + POS_PROPN_rate_alto,"[""6e47f11a6309"", ""824185cc8280"", ""be53151f58b9"", ""dfcb565b3b4c""]",be53151f58b9,178,0.12361111111111112,True,1,"[""DEP_flat:name"", ""POS_PROPN"", ""numerais""]",DEP_flat:name|POS_PROPN|numerais,False,True,True,0.35158371849548309,research_only,outside_review_top20,
8dd2eed08155,"[""DEP_mark_rate_baixo"", ""DEP_nmod_rate_alto"", ""POS_SCONJ_rate_baixo""]",DEP_mark_rate_baixo + DEP_nmod_rate_alto + POS_SCONJ_rate_baixo,"[""6cf05b6601b2"", ""79acaaaeb169""]",6cf05b6601b2,178,0.12361111111111112,True,1,"[""DEP_nmod"", ""subordinacao""]",DEP_nmod|subordinacao,True,True,True,0.35158371849548309,research_only,outside_review_top20,
9ca7cb4266ca,"[""DEP_acl:relcl_rate_baixo"", ""DEP_advcl_rate_baixo"", ""POS_VERB_rate_baixo""]",DEP_acl:relcl_rate_baixo + DEP_advcl_rate_baixo + POS_VERB_rate_baixo,"[""16557f76d054"", ""4364afb5950b"", ""49b939f28fc8""]",49b939f28fc8,178,0.12361111111111112,True,1,"[""DEP_acl:relcl"", ""DEP_advcl"", ""POS_VERB""]",DEP_acl:relcl|DEP_advcl|POS_VERB,False,True,True,0.35158371849548309,research_only,outside_review_top20,
c43c61bfb700,"[""DEP_det_rate_alto"", ""DEP_nummod_rate_baixo"", ""POS_NUM_rate_baixo""]",DEP_det_rate_alto + DEP_nummod_rate_baixo + POS_NUM_rate_baixo,"[""0f73d5000c7d"", ""e2debf6763a6""]",0f73d5000c7d,178,0.12361111111111112,True,1,"[""determinacao"", ""numerais""]",determinacao|numerais,True,True,True,0.35158371849548309,research_only,outside_review_top20,
24682f99e6bc,"[""DEP_acl_rate_baixo"", ""DEP_aux:pass_rate_baixo"", ""DEP_mark_rate_baixo""]",DEP_acl_rate_baixo + DEP_aux:pass_rate_baixo + DEP_mark_rate_baixo,"[""09455e7ed81c""]",09455e7ed81c,181,0.12569444444444444,True,0.98999999999999999,"[""DEP_acl"", ""auxiliares"", ""subordinacao""]",DEP_acl|auxiliares|subordinacao,False,True,True,0.35098878187201366,research_only,outside_review_top20,
41ab86edaf31,"[""DEP_aux:pass_rate_baixo"", ""DEP_cop_rate_baixo"", ""POS_ADV_rate_baixo""]",DEP_aux:pass_rate_baixo + DEP_cop_rate_baixo + POS_ADV_rate_baixo,"[""f949332463b2""]",f949332463b2,181,0.12569444444444444,True,0.98999999999999999,"[""DEP_cop"", ""auxiliares"", ""modificacao_adverbial""]",DEP_cop|auxiliares|modificacao_adverbial,False,True,True,0.35098878187201366,research_only,outside_review_top20,
36a7cfa4d31b,"[""DEP_acl_rate_baixo"", ""DEP_det_rate_baixo"", ""POS_DET_rate_baixo""]",DEP_acl_rate_baixo + DEP_det_rate_baixo + POS_DET_rate_baixo,"[""19dea57a0dbb"", ""25b0c16547c4"", ""796abab134b2"", ""f8dc5ce09a49""]",25b0c16547c4,177,0.12291666666666666,True,1,"[""DEP_acl"", ""determinacao""]",DEP_acl|determinacao,True,True,True,0.35059473279937714,research_only,outside_review_top20,
78ee3a59c22c,"[""DEP_advcl_rate_baixo"", ""DEP_nsubj:pass_rate_baixo"", ""POS_ADP_rate_alto""]",DEP_advcl_rate_baixo + DEP_nsubj:pass_rate_baixo + POS_ADP_rate_alto,"[""bbe72c50229c""]",bbe72c50229c,177,0.12291666666666666,True,1,"[""DEP_advcl"", ""DEP_nsubj:pass"", ""relacoes_preposicionais""]",DEP_advcl|DEP_nsubj:pass|relacoes_preposicionais,False,True,True,0.35059473279937714,research_only,outside_review_top20,
8e354fe2a8a4,"[""DEP_acl_rate_baixo"", ""DEP_advcl_rate_baixo"", ""POS_VERB_rate_baixo""]",DEP_acl_rate_baixo + DEP_advcl_rate_baixo + POS_VERB_rate_baixo,"[""b2ca83187d84"", ""c14cc738ee03""]",b2ca83187d84,177,0.12291666666666666,True,1,"[""DEP_acl"", ""DEP_advcl"", ""POS_VERB""]",DEP_acl|DEP_advcl|POS_VERB,False,True,True,0.35059473279937714,research_only,outside_review_top20,
94d76bb45756,"[""DEP_advcl_rate_baixo"", ""DEP_aux:pass_rate_baixo"", ""DEP_conj_rate_alto""]",DEP_advcl_rate_baixo + DEP_aux:pass_rate_baixo + DEP_conj_rate_alto,"[""557cc591b79a"", ""cd56d1acefaa""]",557cc591b79a,177,0.12291666666666666,True,1,"[""DEP_advcl"", ""auxiliares"", ""coordenacao""]",DEP_advcl|auxiliares|coordenacao,False,True,True,0.35059473279937714,research_only,outside_review_top20,
a546ec2e7db3,"[""DEP_acl:relcl_rate_baixo"", ""DEP_flat:name_rate_alto"", ""POS_PROPN_rate_alto""]",DEP_acl:relcl_rate_baixo + DEP_flat:name_rate_alto + POS_PROPN_rate_alto,"[""350e2d75943f"", ""59be28f7a9ef"", ""59dddc47c050"", ""6a11a3ce4aa2"", ""aedde5760fa0""]",59be28f7a9ef,177,0.12291666666666666,True,1,"[""DEP_acl:relcl"", ""DEP_flat:name"", ""POS_PROPN""]",DEP_acl:relcl|DEP_flat:name|POS_PROPN,False,True,True,0.35059473279937714,research_only,outside_review_top20,
b405e4ffada3,"[""DEP_advcl_rate_baixo"", ""DEP_cc_rate_alto"", ""DEP_conj_rate_alto""]",DEP_advcl_rate_baixo + DEP_cc_rate_alto + DEP_conj_rate_alto,"[""a53a395eb742"", ""a7b83d8ce7f0"", ""c4648947d947""]",a53a395eb742,177,0.12291666666666666,True,1,"[""DEP_advcl"", ""coordenacao""]",DEP_advcl|coordenacao,True,True,True,0.35059473279937714,research_only,outside_review_top20,
bb531292a7ba,"[""DEP_acl:relcl_rate_baixo"", ""DEP_case_rate_alto"", ""DEP_nmod_rate_alto""]",DEP_acl:relcl_rate_baixo + DEP_case_rate_alto + DEP_nmod_rate_alto,"[""2b1516b36c98"", ""8bc1cf5c1246"", ""bf111086e6d9""]",2b1516b36c98,177,0.12291666666666666,True,1,"[""DEP_acl:relcl"", ""DEP_nmod"", ""relacoes_preposicionais""]",DEP_acl:relcl|DEP_nmod|relacoes_preposicionais,False,True,True,0.35059473279937714,research_only,outside_review_top20,
e9c23081e32f,"[""DEP_advcl_rate_baixo"", ""DEP_advmod_rate_baixo"", ""DEP_aux:pass_rate_baixo""]",DEP_advcl_rate_baixo + DEP_advmod_rate_baixo + DEP_aux:pass_rate_baixo,"[""d64254549958""]",d64254549958,209,0.1451388888888889,True,0.92000000000000004,"[""DEP_advcl"", ""auxiliares"", ""modificacao_adverbial""]",DEP_advcl|auxiliares|modificacao_adverbial,False,True,True,0.35049330315364885,research_only,outside_review_top20,
e9dc66226060,"[""DEP_appos_rate_alto"", ""DEP_cop_rate_baixo"", ""DEP_nsubj:pass_rate_baixo""]",DEP_appos_rate_alto + DEP_cop_rate_baixo + DEP_nsubj:pass_rate_baixo,"[""bcfc87966e24""]",bcfc87966e24,184,0.12777777777777777,True,0.97999999999999998,"[""DEP_appos"", ""DEP_cop"", ""DEP_nsubj:pass""]",DEP_appos|DEP_cop|DEP_nsubj:pass,False,True,True,0.35031097296227787,research_only,outside_review_top20,
00c9d1c9b393,"[""DEP_aux:pass_rate_baixo"", ""DEP_nummod_rate_baixo"", ""POS_VERB_rate_alto""]",DEP_aux:pass_rate_baixo + DEP_nummod_rate_baixo + POS_VERB_rate_alto,"[""8981dd48be1f""]",8981dd48be1f,176,0.12222222222222222,True,1,"[""POS_VERB"", ""auxiliares"", ""numerais""]",POS_VERB|auxiliares|numerais,False,True,True,0.34960294939005049,research_only,outside_review_top20,
143263c6584a,"[""DEP_acl:relcl_rate_baixo"", ""DEP_nsubj:pass_rate_baixo"", ""uppercaseRatio_alto""]",DEP_acl:relcl_rate_baixo + DEP_nsubj:pass_rate_baixo + uppercaseRatio_alto,"[""b7a9b9983f55""]",b7a9b9983f55,176,0.12222222222222222,True,1,"[""DEP_acl:relcl"", ""DEP_nsubj:pass"", ""uppercaseRatio""]",DEP_acl:relcl|DEP_nsubj:pass|uppercaseRatio,False,True,True,0.34960294939005049,research_only,outside_review_top20,
325226a1f87d,"[""DEP_advmod_rate_alto"", ""DEP_ccomp_rate_baixo"", ""POS_ADV_rate_alto""]",DEP_advmod_rate_alto + DEP_ccomp_rate_baixo + POS_ADV_rate_alto,"[""3a43eba7e197"", ""e9d40e61c25e""]",3a43eba7e197,176,0.12222222222222222,True,1,"[""DEP_ccomp"", ""modificacao_adverbial""]",DEP_ccomp|modificacao_adverbial,True,False,True,0.34960294939005049,research_only,outside_review_top20,
32c996e88c42,"[""DEP_mark_rate_alto"", ""POS_SCONJ_rate_alto"", ""POS_VERB_rate_alto""]",DEP_mark_rate_alto + POS_SCONJ_rate_alto + POS_VERB_rate_alto,"[""65d8b2b0a15b"", ""98cd94d4e68f""]",98cd94d4e68f,176,0.12222222222222222,True,1,"[""POS_VERB"", ""subordinacao""]",POS_VERB|subordinacao,True,True,True,0.34960294939005049,research_only,outside_review_top20,
410c0aded806,"[""DEP_cc_rate_alto"", ""DEP_conj_rate_alto"", ""DEP_nummod_rate_baixo""]",DEP_cc_rate_alto + DEP_conj_rate_alto + DEP_nummod_rate_baixo,"[""3a59e223af90"", ""9683e32a1e6f""]",3a59e223af90,176,0.12222222222222222,True,1,"[""coordenacao"", ""numerais""]",coordenacao|numerais,True,True,True,0.34960294939005049,research_only,outside_review_top20,
54e8703c1266,"[""DEP_nummod_rate_baixo"", ""POS_CCONJ_rate_alto"", ""POS_NUM_rate_baixo""]",DEP_nummod_rate_baixo + POS_CCONJ_rate_alto + POS_NUM_rate_baixo,"[""898557f7a22e"", ""ee80a9875aed""]",898557f7a22e,176,0.12222222222222222,True,1,"[""coordenacao"", ""numerais""]",coordenacao|numerais,True,True,True,0.34960294939005049,research_only,outside_review_top20,
792516445d71,"[""DEP_nummod_rate_baixo"", ""POS_NUM_rate_baixo"", ""POS_PRON_rate_baixo""]",DEP_nummod_rate_baixo + POS_NUM_rate_baixo + POS_PRON_rate_baixo,"[""c7e4d4457e92"", ""cbf2f87835d5""]",c7e4d4457e92,176,0.12222222222222222,True,1,"[""POS_PRON"", ""numerais""]",POS_PRON|numerais,True,True,True,0.34960294939005049,research_only,outside_review_top20,
833ebfb1fa54,"[""DEP_ccomp_rate_baixo"", ""DEP_nsubj:pass_rate_baixo"", ""POS_NUM_rate_alto""]",DEP_ccomp_rate_baixo + DEP_nsubj:pass_rate_baixo + POS_NUM_rate_alto,"[""5b78f6b7fad3""]",5b78f6b7fad3,176,0.12222222222222222,True,1,"[""DEP_ccomp"", ""DEP_nsubj:pass"", ""numerais""]",DEP_ccomp|DEP_nsubj:pass|numerais,False,True,True,0.34960294939005049,research_only,outside_review_top20,
97cbcb0cee27,"[""DEP_acl:relcl_rate_baixo"", ""DEP_nsubj:pass_rate_baixo"", ""punctuationDensity_spacy_alto""]",DEP_acl:relcl_rate_baixo + DEP_nsubj:pass_rate_baixo + punctuationDensity_spacy_alto,"[""4a9450ce1c5e"", ""cb4a7a18fe54"", ""e6ff9838870a""]",cb4a7a18fe54,176,0.12222222222222222,True,1,"[""DEP_acl:relcl"", ""DEP_nsubj:pass"", ""punctuationDensity_spacy""]",DEP_acl:relcl|DEP_nsubj:pass|punctuationDensity_spacy,False,True,True,0.34960294939005049,research_only,outside_review_top20,
d00263787e93,"[""DEP_advcl_rate_alto"", ""DEP_mark_rate_alto"", ""POS_SCONJ_rate_alto""]",DEP_advcl_rate_alto + DEP_mark_rate_alto + POS_SCONJ_rate_alto,"[""5aed884f381f"", ""757be383c245"", ""d81c64b2ce37""]",757be383c245,176,0.12222222222222222,True,1,"[""DEP_advcl"", ""subordinacao""]",DEP_advcl|subordinacao,True,True,True,0.34960294939005049,research_only,same_mechanism_family,
43626e428c66,"[""DEP_advcl_rate_baixo"", ""DEP_aux:pass_rate_baixo"", ""POS_ADV_rate_baixo""]",DEP_advcl_rate_baixo + DEP_aux:pass_rate_baixo + POS_ADV_rate_baixo,"[""70aeabe231c3""]",70aeabe231c3,187,0.12986111111111112,True,0.96999999999999997,"[""DEP_advcl"", ""auxiliares"", ""modificacao_adverbial""]",DEP_advcl|auxiliares|modificacao_adverbial,False,True,True,0.34955159768544103,research_only,outside_review_top20,
2cdab8203791,"[""DEP_advmod_rate_baixo"", ""DEP_aux:pass_rate_baixo"", ""DEP_cop_rate_baixo""]",DEP_advmod_rate_baixo + DEP_aux:pass_rate_baixo + DEP_cop_rate_baixo,"[""db34bab8c996""]",db34bab8c996,199,0.13819444444444445,True,0.93999999999999995,"[""DEP_cop"", ""auxiliares"", ""modificacao_adverbial""]",DEP_cop|auxiliares|modificacao_adverbial,False,True,True,0.34944042569672884,research_only,outside_review_top20,
86cda0932236,"[""DEP_cop_rate_baixo"", ""DEP_nmod_rate_alto"", ""DEP_nsubj:pass_rate_baixo""]",DEP_cop_rate_baixo + DEP_nmod_rate_alto + DEP_nsubj:pass_rate_baixo,"[""90bb95d5c2b6""]",90bb95d5c2b6,179,0.12430555555555556,True,0.98999999999999999,"[""DEP_cop"", ""DEP_nmod"", ""DEP_nsubj:pass""]",DEP_cop|DEP_nmod|DEP_nsubj:pass,False,True,True,0.349044230721552,research_only,outside_review_top20,
7a42576e178e,"[""DEP_cop_rate_baixo"", ""POS_SCONJ_rate_baixo""]",DEP_cop_rate_baixo + POS_SCONJ_rate_baixo,"[""206e0fa32eb4""]",206e0fa32eb4,267,0.18541666666666667,True,0.81000000000000005,"[""DEP_cop"", ""subordinacao""]",DEP_cop|subordinacao,False,True,True,0.34878628843462295,research_only,outside_review_top20,
3927d85ecf68,"[""DEP_advcl_rate_baixo"", ""POS_SCONJ_rate_baixo"", ""POS_VERB_rate_baixo""]",DEP_advcl_rate_baixo + POS_SCONJ_rate_baixo + POS_VERB_rate_baixo,"[""45dc0164903a"", ""c64e6846c42b""]",c64e6846c42b,175,0.12152777777777778,True,1,"[""DEP_advcl"", ""POS_VERB"", ""subordinacao""]",DEP_advcl|POS_VERB|subordinacao,False,True,True,0.34860834438919813,research_only,outside_review_top20,
9c7f75196186,"[""DEP_advcl_rate_baixo"", ""DEP_mark_rate_baixo"", ""POS_VERB_rate_baixo""]",DEP_advcl_rate_baixo + DEP_mark_rate_baixo + POS_VERB_rate_baixo,"[""92119ee97450"", ""fe5e09655e11""]",fe5e09655e11,175,0.12152777777777778,True,1,"[""DEP_advcl"", ""POS_VERB"", ""subordinacao""]",DEP_advcl|POS_VERB|subordinacao,False,True,True,0.34860834438919813,research_only,outside_review_top20,
d13399d3c6c7,"[""DEP_aux:pass_rate_baixo"", ""DEP_cop_rate_alto"", ""DEP_nummod_rate_baixo""]",DEP_aux:pass_rate_baixo + DEP_cop_rate_alto + DEP_nummod_rate_baixo,"[""2147048d4da4"", ""562748c34857"", ""91a541b7cfdd""]",2147048d4da4,175,0.12152777777777778,True,1,"[""DEP_cop"", ""auxiliares"", ""numerais""]",DEP_cop|auxiliares|numerais,False,True,True,0.34860834438919813,research_only,outside_review_top20,
e3235ed982ea,"[""DEP_ccomp_rate_baixo"", ""DEP_cop_rate_baixo"", ""DEP_obl_rate_alto""]",DEP_ccomp_rate_baixo + DEP_cop_rate_baixo + DEP_obl_rate_alto,"[""5469fa237bd4"", ""86dbe27316f2""]",5469fa237bd4,175,0.12152777777777778,True,1,"[""DEP_ccomp"", ""DEP_cop"", ""DEP_obl""]",DEP_ccomp|DEP_cop|DEP_obl,False,True,True,0.34860834438919813,research_only,outside_review_top20,
ee403b9f953e,"[""DEP_ccomp_rate_alto"", ""DEP_nummod_rate_baixo"", ""POS_SCONJ_rate_alto""]",DEP_ccomp_rate_alto + DEP_nummod_rate_baixo + POS_SCONJ_rate_alto,"[""4592b0b6733e"", ""af1f2d191c6c"", ""d8dbda50fd6c""]",4592b0b6733e,175,0.12152777777777778,True,1,"[""DEP_ccomp"", ""numerais"", ""subordinacao""]",DEP_ccomp|numerais|subordinacao,False,True,True,0.34860834438919813,research_only,outside_review_top20,
023c3018da35,"[""DEP_nummod_rate_baixo"", ""POS_ADP_rate_baixo"", ""POS_NUM_rate_baixo""]",DEP_nummod_rate_baixo + POS_ADP_rate_baixo + POS_NUM_rate_baixo,"[""15e9f12af600"", ""74b55692488f""]",15e9f12af600,174,0.12083333333333333,True,1,"[""numerais"", ""relacoes_preposicionais""]",numerais|relacoes_preposicionais,True,True,True,0.3476108935769035,research_only,outside_review_top20,
1c614844ace7,"[""DEP_conj_rate_baixo"", ""DEP_xcomp_rate_baixo"", ""POS_CCONJ_rate_baixo""]",DEP_conj_rate_baixo + DEP_xcomp_rate_baixo + POS_CCONJ_rate_baixo,"[""3958b1a17cf9"", ""869f9d962cdc""]",3958b1a17cf9,174,0.12083333333333333,True,1,"[""DEP_xcomp"", ""coordenacao""]",DEP_xcomp|coordenacao,True,True,True,0.3476108935769035,research_only,outside_review_top20,
44664996ec5b,"[""DEP_acl:relcl_rate_baixo"", ""DEP_flat:name_rate_alto"", ""DEP_nsubj:pass_rate_baixo""]",DEP_acl:relcl_rate_baixo + DEP_flat:name_rate_alto + DEP_nsubj:pass_rate_baixo,"[""be1fe35f14f0""]",be1fe35f14f0,174,0.12083333333333333,True,1,"[""DEP_acl:relcl"", ""DEP_flat:name"", ""DEP_nsubj:pass""]",DEP_acl:relcl|DEP_flat:name|DEP_nsubj:pass,False,True,True,0.3476108935769035,research_only,outside_review_top20,
7f2e36171598,"[""DEP_acl:relcl_rate_baixo"", ""DEP_advcl_rate_baixo"", ""DEP_case_rate_alto""]",DEP_acl:relcl_rate_baixo + DEP_advcl_rate_baixo + DEP_case_rate_alto,"[""383ebbf09c0b"", ""abe81d66321e""]",abe81d66321e,174,0.12083333333333333,True,1,"[""DEP_acl:relcl"", ""DEP_advcl"", ""relacoes_preposicionais""]",DEP_acl:relcl|DEP_advcl|relacoes_preposicionais,False,True,True,0.3476108935769035,research_only,outside_review_top20,
ac54147749e8,"[""DEP_det_rate_baixo"", ""DEP_nummod_rate_baixo"", ""POS_DET_rate_baixo""]",DEP_det_rate_baixo + DEP_nummod_rate_baixo + POS_DET_rate_baixo,"[""53bc6c7bf095"", ""7a64f916b3a0"", ""a5567e67d216"", ""f3789a1b6055""]",7a64f916b3a0,174,0.12083333333333333,True,1,"[""determinacao"", ""numerais""]",determinacao|numerais,True,True,True,0.3476108935769035,research_only,outside_review_top20,
c34b54bc06e0,"[""DEP_acl:relcl_rate_baixo"", ""DEP_appos_rate_alto"", ""DEP_cop_rate_baixo""]",DEP_acl:relcl_rate_baixo + DEP_appos_rate_alto + DEP_cop_rate_baixo,"[""aac9a87d7002"", ""f691b4817f0a""]",aac9a87d7002,174,0.12083333333333333,True,1,"[""DEP_acl:relcl"", ""DEP_appos"", ""DEP_cop""]",DEP_acl:relcl|DEP_appos|DEP_cop,False,True,True,0.3476108935769035,research_only,outside_review_top20,
c7bd1ef89db5,"[""DEP_cc_rate_alto"", ""POS_CCONJ_rate_alto"", ""uppercaseRatio_baixo""]",DEP_cc_rate_alto + POS_CCONJ_rate_alto + uppercaseRatio_baixo,"[""03d08ec620df"", ""149ccc733a8c""]",149ccc733a8c,174,0.12083333333333333,True,1,"[""coordenacao"", ""uppercaseRatio""]",coordenacao|uppercaseRatio,True,True,True,0.3476108935769035,research_only,outside_review_top20,
d9e9ac48b3dc,"[""DEP_case_rate_baixo"", ""POS_ADP_rate_baixo"", ""POS_VERB_rate_alto""]",DEP_case_rate_baixo + POS_ADP_rate_baixo + POS_VERB_rate_alto,"[""916a2a855206"", ""ba821e4bd6f8"", ""f9d5b60d5cd4""]",f9d5b60d5cd4,174,0.12083333333333333,True,1,"[""POS_VERB"", ""relacoes_preposicionais""]",POS_VERB|relacoes_preposicionais,True,True,True,0.3476108935769035,research_only,outside_review_top20,
f534a4fa6325,"[""DEP_amod_rate_baixo"", ""DEP_nummod_rate_baixo"", ""POS_ADJ_rate_baixo""]",DEP_amod_rate_baixo + DEP_nummod_rate_baixo + POS_ADJ_rate_baixo,"[""12806385a7fe"", ""6789a5af28ae""]",6789a5af28ae,174,0.12083333333333333,True,1,"[""adjetivacao"", ""numerais""]",adjetivacao|numerais,True,True,True,0.3476108935769035,research_only,outside_review_top20,
e80ef7f9323c,"[""DEP_ccomp_rate_baixo"", ""DEP_nsubj:pass_rate_baixo"", ""POS_ADJ_rate_alto""]",DEP_ccomp_rate_baixo + DEP_nsubj:pass_rate_baixo + POS_ADJ_rate_alto,"[""01cc0c52dba9"", ""08867be70ac9"", ""0ab029b56051""]",0ab029b56051,181,0.12569444444444444,True,0.97999999999999998,"[""DEP_ccomp"", ""DEP_nsubj:pass"", ""adjetivacao""]",DEP_ccomp|DEP_nsubj:pass|adjetivacao,False,True,True,0.3474434406409832,research_only,outside_review_top20,
e89191cf7bff,"[""DEP_case_rate_alto"", ""DEP_mark_rate_baixo""]",DEP_case_rate_alto + DEP_mark_rate_baixo,"[""024e486a444a""]",024e486a444a,192,0.13333333333333333,True,0.94999999999999996,"[""relacoes_preposicionais"", ""subordinacao""]",relacoes_preposicionais|subordinacao,False,True,True,0.34689095308660517,research_only,outside_review_top20,
41a962e4c892,"[""DEP_advcl_rate_baixo"", ""DEP_advmod_rate_baixo"", ""DEP_ccomp_rate_baixo""]",DEP_advcl_rate_baixo + DEP_advmod_rate_baixo + DEP_ccomp_rate_baixo,"[""c39dc0f07e9d"", ""f29a269a9955""]",c39dc0f07e9d,184,0.12777777777777777,True,0.96999999999999997,"[""DEP_advcl"", ""DEP_ccomp"", ""modificacao_adverbial""]",DEP_advcl|DEP_ccomp|modificacao_adverbial,False,False,True,0.34673637119735662,research_only,outside_review_top20,
1362955a67ad,"[""DEP_acl_rate_baixo"", ""DEP_xcomp_rate_baixo"", ""POS_VERB_rate_baixo""]",DEP_acl_rate_baixo + DEP_xcomp_rate_baixo + POS_VERB_rate_baixo,"[""0dd346b19523"", ""1ab1bc154eae"", ""9faf518b0741""]",0dd346b19523,173,0.12013888888888889,True,1,"[""DEP_acl"", ""DEP_xcomp"", ""POS_VERB""]",DEP_acl|DEP_xcomp|POS_VERB,False,True,True,0.34661057238475701,research_only,outside_review_top20,
2b194e504d87,"[""DEP_ccomp_rate_alto"", ""DEP_mark_rate_alto"", ""DEP_nummod_rate_baixo""]",DEP_ccomp_rate_alto + DEP_mark_rate_alto + DEP_nummod_rate_baixo,"[""8f5b8ddf4584"", ""d2b44d3eb3f5"", ""da4432ef94e4""]",8f5b8ddf4584,173,0.12013888888888889,True,1,"[""DEP_ccomp"", ""numerais"", ""subordinacao""]",DEP_ccomp|numerais|subordinacao,False,True,True,0.34661057238475701,research_only,outside_review_top20,
4d85d4faaabd,"[""DEP_nmod_rate_alto"", ""DEP_nsubj:pass_rate_baixo"", ""POS_ADP_rate_alto""]",DEP_nmod_rate_alto + DEP_nsubj:pass_rate_baixo + POS_ADP_rate_alto,"[""024323a49bcb"", ""1e3903379c53""]",1e3903379c53,173,0.12013888888888889,True,1,"[""DEP_nmod"", ""DEP_nsubj:pass"", ""relacoes_preposicionais""]",DEP_nmod|DEP_nsubj:pass|relacoes_preposicionais,False,True,True,0.34661057238475701,research_only,outside_review_top20,
651870837e5e,"[""DEP_acl:relcl_rate_baixo"", ""DEP_ccomp_rate_baixo"", ""POS_ADP_rate_alto""]",DEP_acl:relcl_rate_baixo + DEP_ccomp_rate_baixo + POS_ADP_rate_alto,"[""68550e86c887"", ""f4dfed335156""]",68550e86c887,173,0.12013888888888889,True,1,"[""DEP_acl:relcl"", ""DEP_ccomp"", ""relacoes_preposicionais""]",DEP_acl:relcl|DEP_ccomp|relacoes_preposicionais,False,True,True,0.34661057238475701,research_only,outside_review_top20,
6a413d9f089f,"[""DEP_nummod_rate_baixo"", ""POS_NUM_rate_baixo"", ""POS_PROPN_rate_alto""]",DEP_nummod_rate_baixo + POS_NUM_rate_baixo + POS_PROPN_rate_alto,"[""52467d1b71af"", ""60b65828df1d""]",60b65828df1d,173,0.12013888888888889,True,1,"[""POS_PROPN"", ""numerais""]",POS_PROPN|numerais,True,True,True,0.34661057238475701,research_only,outside_review_top20,
844ebf37dfb4,"[""DEP_acl:relcl_rate_baixo"", ""DEP_ccomp_rate_baixo"", ""DEP_nmod_rate_alto""]",DEP_acl:relcl_rate_baixo + DEP_ccomp_rate_baixo + DEP_nmod_rate_alto,"[""14f5b1cd74b8"", ""ac4706c5b882""]",14f5b1cd74b8,173,0.12013888888888889,True,1,"[""DEP_acl:relcl"", ""DEP_ccomp"", ""DEP_nmod""]",DEP_acl:relcl|DEP_ccomp|DEP_nmod,False,True,True,0.34661057238475701,research_only,outside_review_top20,
a5e3694196b4,"[""DEP_cc_rate_baixo"", ""POS_CCONJ_rate_baixo"", ""uppercaseRatio_baixo""]",DEP_cc_rate_baixo + POS_CCONJ_rate_baixo + uppercaseRatio_baixo,"[""9320506eede4"", ""e724a5c72b68""]",e724a5c72b68,173,0.12013888888888889,True,1,"[""coordenacao"", ""uppercaseRatio""]",coordenacao|uppercaseRatio,True,True,True,0.34661057238475701,research_only,outside_review_top20,
aedde8177efa,"[""DEP_advcl_rate_baixo"", ""DEP_advmod_rate_alto"", ""POS_ADV_rate_alto""]",DEP_advcl_rate_baixo + DEP_advmod_rate_alto + POS_ADV_rate_alto,"[""16c6600c19ac"", ""9300fc3b3306""]",16c6600c19ac,173,0.12013888888888889,True,1,"[""DEP_advcl"", ""modificacao_adverbial""]",DEP_advcl|modificacao_adverbial,True,False,True,0.34661057238475701,research_only,outside_review_top20,
c37d8e6fe156,"[""DEP_acl:relcl_rate_baixo"", ""DEP_cop_rate_baixo"", ""POS_ADV_rate_baixo""]",DEP_acl:relcl_rate_baixo + DEP_cop_rate_baixo + POS_ADV_rate_baixo,"[""89d25f36191f"", ""f2772d9eafce""]",89d25f36191f,173,0.12013888888888889,True,1,"[""DEP_acl:relcl"", ""DEP_cop"", ""modificacao_adverbial""]",DEP_acl:relcl|DEP_cop|modificacao_adverbial,False,True,True,0.34661057238475701,research_only,outside_review_top20,
cc7321be9050,"[""DEP_acl:relcl_rate_baixo"", ""DEP_aux:pass_rate_baixo"", ""POS_PROPN_rate_alto""]",DEP_acl:relcl_rate_baixo + DEP_aux:pass_rate_baixo + POS_PROPN_rate_alto,"[""404bace46465""]",404bace46465,173,0.12013888888888889,True,1,"[""DEP_acl:relcl"", ""POS_PROPN"", ""auxiliares""]",DEP_acl:relcl|POS_PROPN|auxiliares,False,True,True,0.34661057238475701,research_only,outside_review_top20,
dadb5bea2fa4,"[""DEP_nummod_rate_baixo"", ""POS_NUM_rate_baixo"", ""POS_PRON_rate_alto""]",DEP_nummod_rate_baixo + POS_NUM_rate_baixo + POS_PRON_rate_alto,"[""8ebd58f020a7"", ""b58e5152041b""]",8ebd58f020a7,173,0.12013888888888889,True,1,"[""POS_PRON"", ""numerais""]",POS_PRON|numerais,True,True,True,0.34661057238475701,research_only,outside_review_top20,
e5d13c835eff,"[""DEP_aux:pass_rate_baixo"", ""DEP_flat:name_rate_baixo"", ""POS_PROPN_rate_baixo""]",DEP_aux:pass_rate_baixo + DEP_flat:name_rate_baixo + POS_PROPN_rate_baixo,"[""049beebbc32a"", ""47f58c6d43fe""]",47f58c6d43fe,173,0.12013888888888889,True,1,"[""DEP_flat:name"", ""POS_PROPN"", ""auxiliares""]",DEP_flat:name|POS_PROPN|auxiliares,False,True,True,0.34661057238475701,research_only,outside_review_top20,
f41c3bd669cf,"[""DEP_ccomp_rate_baixo"", ""DEP_nsubj:pass_rate_baixo"", ""DEP_nsubj_rate_baixo""]",DEP_ccomp_rate_baixo + DEP_nsubj:pass_rate_baixo + DEP_nsubj_rate_baixo,"[""7eeecf30eb02""]",7eeecf30eb02,173,0.12013888888888889,True,1,"[""DEP_ccomp"", ""DEP_nsubj"", ""DEP_nsubj:pass""]",DEP_ccomp|DEP_nsubj|DEP_nsubj:pass,False,True,True,0.34661057238475701,research_only,outside_review_top20,
5a4bc52102df,"[""DEP_appos_rate_baixo"", ""DEP_nsubj:pass_rate_baixo"", ""uppercaseRatio_baixo""]",DEP_appos_rate_baixo + DEP_nsubj:pass_rate_baixo + uppercaseRatio_baixo,"[""7c34c32d510b""]",7c34c32d510b,180,0.125,True,0.97999999999999998,"[""DEP_appos"", ""DEP_nsubj:pass"", ""uppercaseRatio""]",DEP_appos|DEP_nsubj:pass|uppercaseRatio,False,True,True,0.34648232278140828,research_only,outside_review_top20,
fd0a0515623d,"[""DEP_conj_rate_alto"", ""DEP_nsubj:pass_rate_baixo"", ""DEP_nummod_rate_baixo""]",DEP_conj_rate_alto + DEP_nsubj:pass_rate_baixo + DEP_nummod_rate_baixo,"[""a01b859bb716""]",a01b859bb716,187,0.12986111111111112,True,0.95999999999999996,"[""DEP_nsubj:pass"", ""coordenacao"", ""numerais""]",DEP_nsubj:pass|coordenacao|numerais,False,True,True,0.34594797296703445,research_only,outside_review_top20,
225f46bac881,"[""DEP_case_rate_alto"", ""DEP_ccomp_rate_baixo"", ""DEP_mark_rate_baixo""]",DEP_case_rate_alto + DEP_ccomp_rate_baixo + DEP_mark_rate_baixo,"[""45c8bbda0ff1"", ""8a21da9f6efb""]",45c8bbda0ff1,172,0.11944444444444445,True,1,"[""DEP_ccomp"", ""relacoes_preposicionais"", ""subordinacao""]",DEP_ccomp|relacoes_preposicionais|subordinacao,False,True,True,0.34560735588879538,research_only,outside_review_top20,
273554725bf2,"[""DEP_advcl_rate_baixo"", ""DEP_conj_rate_alto"", ""POS_CCONJ_rate_alto""]",DEP_advcl_rate_baixo + DEP_conj_rate_alto + POS_CCONJ_rate_alto,"[""01879af42dc8"", ""21fb4eeffd1e"", ""eb79f2143bf4""]",21fb4eeffd1e,172,0.11944444444444445,True,1,"[""DEP_advcl"", ""coordenacao""]",DEP_advcl|coordenacao,True,True,True,0.34560735588879538,research_only,outside_review_top20,
2a8f64a3ffb5,"[""DEP_nummod_rate_baixo"", ""POS_AUX_rate_alto"", ""POS_NUM_rate_baixo""]",DEP_nummod_rate_baixo + POS_AUX_rate_alto + POS_NUM_rate_baixo,"[""a8f610ba3cc0"", ""bbd6929bfa8c""]",a8f610ba3cc0,172,0.11944444444444445,True,1,"[""auxiliares"", ""numerais""]",auxiliares|numerais,True,True,True,0.34560735588879538,research_only,outside_review_top20,
304b29c5cd71,"[""DEP_conj_rate_alto"", ""DEP_nummod_rate_baixo"", ""POS_CCONJ_rate_alto""]",DEP_conj_rate_alto + DEP_nummod_rate_baixo + POS_CCONJ_rate_alto,"[""22ae76763aef"", ""22d2afda4d14""]",22ae76763aef,172,0.11944444444444445,True,1,"[""coordenacao"", ""numerais""]",coordenacao|numerais,True,True,True,0.34560735588879538,research_only,outside_review_top20,
322ef8ad9abb,"[""DEP_aux:pass_rate_baixo"", ""DEP_ccomp_rate_baixo"", ""POS_NOUN_rate_alto""]",DEP_aux:pass_rate_baixo + DEP_ccomp_rate_baixo + POS_NOUN_rate_alto,"[""00fc03918bd5"", ""545a28287574""]",00fc03918bd5,172,0.11944444444444445,True,1,"[""DEP_ccomp"", ""POS_NOUN"", ""auxiliares""]",DEP_ccomp|POS_NOUN|auxiliares,False,True,True,0.34560735588879538,research_only,outside_review_top20,
61a93c841105,"[""DEP_case_rate_baixo"", ""DEP_nummod_rate_baixo"", ""POS_NUM_rate_baixo""]",DEP_case_rate_baixo + DEP_nummod_rate_baixo + POS_NUM_rate_baixo,"[""6d27aa92a427"", ""bacea819d19c""]",bacea819d19c,172,0.11944444444444445,True,1,"[""numerais"", ""relacoes_preposicionais""]",numerais|relacoes_preposicionais,True,True,True,0.34560735588879538,research_only,outside_review_top20,
7e182fc57513,"[""DEP_acl:relcl_rate_baixo"", ""POS_PRON_rate_baixo"", ""uppercaseRatio_baixo""]",DEP_acl:relcl_rate_baixo + POS_PRON_rate_baixo + uppercaseRatio_baixo,"[""ed8439668399""]",ed8439668399,172,0.11944444444444445,True,1,"[""DEP_acl:relcl"", ""POS_PRON"", ""uppercaseRatio""]",DEP_acl:relcl|POS_PRON|uppercaseRatio,False,True,True,0.34560735588879538,research_only,outside_review_top20,
85f3cefce046,"[""DEP_aux:pass_rate_baixo"", ""DEP_nmod_rate_baixo"", ""POS_ADP_rate_baixo""]",DEP_aux:pass_rate_baixo + DEP_nmod_rate_baixo + POS_ADP_rate_baixo,"[""256148297ad2"", ""e482f8cf224e""]",e482f8cf224e,172,0.11944444444444445,True,1,"[""DEP_nmod"", ""auxiliares"", ""relacoes_preposicionais""]",DEP_nmod|auxiliares|relacoes_preposicionais,False,True,True,0.34560735588879538,research_only,outside_review_top20,
87c3de1ac3a4,"[""DEP_amod_rate_baixo"", ""DEP_ccomp_rate_baixo"", ""POS_ADJ_rate_baixo""]",DEP_amod_rate_baixo + DEP_ccomp_rate_baixo + POS_ADJ_rate_baixo,"[""3685c5ddb125"", ""aeaddd728517""]",3685c5ddb125,172,0.11944444444444445,True,1,"[""DEP_ccomp"", ""adjetivacao""]",DEP_ccomp|adjetivacao,True,False,True,0.34560735588879538,research_only,outside_review_top20,
8a68f748fa18,"[""DEP_mark_rate_baixo"", ""POS_SCONJ_rate_baixo"", ""uppercaseRatio_baixo""]",DEP_mark_rate_baixo + POS_SCONJ_rate_baixo + uppercaseRatio_baixo,"[""15bfbcd2d280"", ""71d72d9d8055""]",71d72d9d8055,172,0.11944444444444445,True,1,"[""subordinacao"", ""uppercaseRatio""]",subordinacao|uppercaseRatio,True,True,True,0.34560735588879538,research_only,outside_review_top20,
992adeb8d9e6,"[""DEP_case_rate_alto"", ""DEP_cop_rate_baixo"", ""DEP_nsubj:pass_rate_baixo""]",DEP_case_rate_alto + DEP_cop_rate_baixo + DEP_nsubj:pass_rate_baixo,"[""1df665dd1ec2""]",1df665dd1ec2,172,0.11944444444444445,True,1,"[""DEP_cop"", ""DEP_nsubj:pass"", ""relacoes_preposicionais""]",DEP_cop|DEP_nsubj:pass|relacoes_preposicionais,False,True,True,0.34560735588879538,research_only,outside_review_top20,
9cf1d8a001e1,"[""DEP_advcl_rate_baixo"", ""DEP_cop_rate_baixo"", ""DEP_nmod_rate_alto""]",DEP_advcl_rate_baixo + DEP_cop_rate_baixo + DEP_nmod_rate_alto,"[""00ad90d52cf2"", ""b35b63ea426d""]",00ad90d52cf2,172,0.11944444444444445,True,1,"[""DEP_advcl"", ""DEP_cop"", ""DEP_nmod""]",DEP_advcl|DEP_cop|DEP_nmod,False,True,True,0.34560735588879538,research_only,outside_review_top20,
b524f5ed0cc6,"[""DEP_aux:pass_rate_baixo"", ""DEP_ccomp_rate_baixo"", ""DEP_conj_rate_alto""]",DEP_aux:pass_rate_baixo + DEP_ccomp_rate_baixo + DEP_conj_rate_alto,"[""f2cb7aa74c1c"", ""f8576d32d276""]",f8576d32d276,172,0.11944444444444445,True,1,"[""DEP_ccomp"", ""auxiliares"", ""coordenacao""]",DEP_ccomp|auxiliares|coordenacao,False,True,True,0.34560735588879538,research_only,outside_review_top20,
d196f2fcee9e,"[""DEP_aux:pass_rate_baixo"", ""DEP_nummod_rate_baixo"", ""punctuationDensity_spacy_alto""]",DEP_aux:pass_rate_baixo + DEP_nummod_rate_baixo + punctuationDensity_spacy_alto,"[""2c7ee83a6f33"", ""d6e6a2643666"", ""e34678f98d54""]",d6e6a2643666,172,0.11944444444444445,True,1,"[""auxiliares"", ""numerais"", ""punctuationDensity_spacy""]",auxiliares|numerais|punctuationDensity_spacy,False,True,True,0.34560735588879538,research_only,outside_review_top20,
f071e11dfcb2,"[""DEP_cop_rate_baixo"", ""DEP_mark_rate_baixo"", ""DEP_xcomp_rate_baixo""]",DEP_cop_rate_baixo + DEP_mark_rate_baixo + DEP_xcomp_rate_baixo,"[""5b73b1b488ba"", ""f6a6bcdd29a2""]",5b73b1b488ba,172,0.11944444444444445,True,1,"[""DEP_cop"", ""DEP_xcomp"", ""subordinacao""]",DEP_cop|DEP_xcomp|subordinacao,False,True,True,0.34560735588879538,research_only,outside_review_top20,
fb3a43dcbf7c,"[""DEP_acl:relcl_rate_baixo"", ""DEP_nsubj_rate_baixo"", ""POS_PRON_rate_baixo""]",DEP_acl:relcl_rate_baixo + DEP_nsubj_rate_baixo + POS_PRON_rate_baixo,"[""86d5bac5eea3"", ""d44b2ebe3dff""]",d44b2ebe3dff,172,0.11944444444444445,True,1,"[""DEP_acl:relcl"", ""DEP_nsubj"", ""POS_PRON""]",DEP_acl:relcl|DEP_nsubj|POS_PRON,False,True,True,0.34560735588879538,research_only,outside_review_top20,
49e1509c2ed2,"[""DEP_acl:relcl_rate_alto"", ""DEP_ccomp_rate_baixo"", ""DEP_nsubj:pass_rate_baixo""]",DEP_acl:relcl_rate_alto + DEP_ccomp_rate_baixo + DEP_nsubj:pass_rate_baixo,"[""7307735752c7""]",7307735752c7,179,0.12430555555555556,True,0.97999999999999998,"[""DEP_acl:relcl"", ""DEP_ccomp"", ""DEP_nsubj:pass""]",DEP_acl:relcl|DEP_ccomp|DEP_nsubj:pass,False,True,True,0.34551853142133426,research_only,outside_review_top20,
553485abc3fa,"[""DEP_nsubj:pass_rate_baixo"", ""DEP_nummod_rate_baixo"", ""POS_ADJ_rate_alto""]",DEP_nsubj:pass_rate_baixo + DEP_nummod_rate_baixo + POS_ADJ_rate_alto,"[""0e29dd3f84f3"", ""4f54b297de91"", ""8b16e952d191""]",8b16e952d191,182,0.12638888888888888,True,0.96999999999999997,"[""DEP_nsubj:pass"", ""adjetivacao"", ""numerais""]",DEP_nsubj:pass|adjetivacao|numerais,False,True,True,0.34484678562450821,research_only,outside_review_top20,
db6f966588f8,"[""POS_NOUN_rate_alto"", ""uppercaseRatio_baixo""]",POS_NOUN_rate_alto + uppercaseRatio_baixo,"[""692298c7e196""]",692298c7e196,182,0.12638888888888888,True,0.96999999999999997,"[""POS_NOUN"", ""uppercaseRatio""]",POS_NOUN|uppercaseRatio,False,False,True,0.34484678562450821,research_only,outside_review_top20,
07169a263124,"[""DEP_advmod_rate_baixo"", ""POS_ADV_rate_baixo"", ""POS_PRON_rate_baixo""]",DEP_advmod_rate_baixo + POS_ADV_rate_baixo + POS_PRON_rate_baixo,"[""29ad7ad49736"", ""f5ab4e4371a9""]",f5ab4e4371a9,171,0.11874999999999999,True,1,"[""POS_PRON"", ""modificacao_adverbial""]",POS_PRON|modificacao_adverbial,True,False,True,0.34460121880225553,research_only,outside_review_top20,
5f39a1bbdb1c,"[""DEP_acl:relcl_rate_baixo"", ""DEP_case_rate_alto"", ""DEP_nsubj:pass_rate_baixo""]",DEP_acl:relcl_rate_baixo + DEP_case_rate_alto + DEP_nsubj:pass_rate_baixo,"[""269c5621cae0""]",269c5621cae0,171,0.11874999999999999,True,1,"[""DEP_acl:relcl"", ""DEP_nsubj:pass"", ""relacoes_preposicionais""]",DEP_acl:relcl|DEP_nsubj:pass|relacoes_preposicionais,False,True,True,0.34460121880225553,research_only,outside_review_top20,
6743404a6162,"[""DEP_acl_rate_baixo"", ""DEP_nsubj:pass_rate_baixo"", ""DEP_obj_rate_alto""]",DEP_acl_rate_baixo + DEP_nsubj:pass_rate_baixo + DEP_obj_rate_alto,"[""1c95a4e7a534""]",1c95a4e7a534,171,0.11874999999999999,True,1,"[""DEP_acl"", ""DEP_nsubj:pass"", ""DEP_obj""]",DEP_acl|DEP_nsubj:pass|DEP_obj,False,True,True,0.34460121880225553,research_only,outside_review_top20,
756390122a72,"[""DEP_advcl_rate_baixo"", ""DEP_aux:pass_rate_baixo"", ""POS_ADP_rate_alto""]",DEP_advcl_rate_baixo + DEP_aux:pass_rate_baixo + POS_ADP_rate_alto,"[""452156a4a142""]",452156a4a142,171,0.11874999999999999,True,1,"[""DEP_advcl"", ""auxiliares"", ""relacoes_preposicionais""]",DEP_advcl|auxiliares|relacoes_preposicionais,False,True,True,0.34460121880225553,research_only,outside_review_top20,
83dd3264b7ad,"[""DEP_acl_rate_baixo"", ""DEP_case_rate_baixo"", ""POS_ADP_rate_baixo""]",DEP_acl_rate_baixo + DEP_case_rate_baixo + POS_ADP_rate_baixo,"[""0df65b99f79f"", ""95dd9ecb0ac3""]",95dd9ecb0ac3,171,0.11874999999999999,True,1,"[""DEP_acl"", ""relacoes_preposicionais""]",DEP_acl|relacoes_preposicionais,True,True,True,0.34460121880225553,research_only,outside_review_top20,
9b667c1b0e8b,"[""DEP_acl:relcl_rate_baixo"", ""DEP_appos_rate_alto"", ""DEP_nummod_rate_baixo""]",DEP_acl:relcl_rate_baixo + DEP_appos_rate_alto + DEP_nummod_rate_baixo,"[""13117107e4d8"", ""44c5eb5dbad9""]",13117107e4d8,171,0.11874999999999999,True,1,"[""DEP_acl:relcl"", ""DEP_appos"", ""numerais""]",DEP_acl:relcl|DEP_appos|numerais,False,True,True,0.34460121880225553,research_only,outside_review_top20,
a323255d3bf0,"[""DEP_acl_rate_baixo"", ""DEP_case_rate_alto"", ""POS_ADP_rate_alto""]",DEP_acl_rate_baixo + DEP_case_rate_alto + POS_ADP_rate_alto,"[""a7b53b022571"", ""ff4d0175b3e8""]",ff4d0175b3e8,171,0.11874999999999999,True,1,"[""DEP_acl"", ""relacoes_preposicionais""]",DEP_acl|relacoes_preposicionais,True,True,True,0.34460121880225553,research_only,outside_review_top20,
a8dda282d7e8,"[""DEP_ccomp_rate_baixo"", ""POS_SCONJ_rate_baixo"", ""uppercaseRatio_baixo""]",DEP_ccomp_rate_baixo + POS_SCONJ_rate_baixo + uppercaseRatio_baixo,"[""c037d07de19a""]",c037d07de19a,171,0.11874999999999999,True,1,"[""DEP_ccomp"", ""subordinacao"", ""uppercaseRatio""]",DEP_ccomp|subordinacao|uppercaseRatio,False,True,True,0.34460121880225553,research_only,outside_review_top20,
f68d7ee07af7,"[""DEP_advcl_rate_baixo"", ""DEP_appos_rate_alto"", ""DEP_nummod_rate_baixo""]",DEP_advcl_rate_baixo + DEP_appos_rate_alto + DEP_nummod_rate_baixo,"[""5731e597c116"", ""bbf852c23400""]",5731e597c116,174,0.12083333333333333,True,0.98999999999999999,"[""DEP_advcl"", ""DEP_appos"", ""numerais""]",DEP_advcl|DEP_appos|numerais,False,True,True,0.34413478464113445,research_only,outside_review_top20,
0b777afe93ab,"[""DEP_ccomp_rate_baixo"", ""DEP_mark_rate_baixo"", ""DEP_nmod_rate_alto""]",DEP_ccomp_rate_baixo + DEP_mark_rate_baixo + DEP_nmod_rate_alto,"[""6826c4c5a5d0"", ""940556570e10""]",6826c4c5a5d0,170,0.11805555555555555,True,1,"[""DEP_ccomp"", ""DEP_nmod"", ""subordinacao""]",DEP_ccomp|DEP_nmod|subordinacao,False,True,True,0.34359213546813838,research_only,outside_review_top20,
0bf69b01ab27,"[""DEP_amod_rate_alto"", ""DEP_nummod_rate_baixo"", ""POS_ADJ_rate_alto""]",DEP_amod_rate_alto + DEP_nummod_rate_baixo + POS_ADJ_rate_alto,"[""1ddfcce1b656"", ""83d774203e73"", ""b96762a3c249""]",1ddfcce1b656,170,0.11805555555555555,True,1,"[""adjetivacao"", ""numerais""]",adjetivacao|numerais,True,True,True,0.34359213546813838,research_only,outside_review_top20,
38bf53483f6c,"[""DEP_case_rate_alto"", ""DEP_nummod_rate_baixo"", ""POS_ADP_rate_alto""]",DEP_case_rate_alto + DEP_nummod_rate_baixo + POS_ADP_rate_alto,"[""5887b951b80a"", ""cedf49a96367""]",5887b951b80a,170,0.11805555555555555,True,1,"[""numerais"", ""relacoes_preposicionais""]",numerais|relacoes_preposicionais,True,True,True,0.34359213546813838,research_only,outside_review_top20,
3c40af632138,"[""DEP_acl:relcl_rate_baixo"", ""DEP_advcl_rate_alto"", ""DEP_aux:pass_rate_baixo""]",DEP_acl:relcl_rate_baixo + DEP_advcl_rate_alto + DEP_aux:pass_rate_baixo,"[""d3b2b07ccb8e""]",d3b2b07ccb8e,170,0.11805555555555555,True,1,"[""DEP_acl:relcl"", ""DEP_advcl"", ""auxiliares""]",DEP_acl:relcl|DEP_advcl|auxiliares,False,True,True,0.34359213546813838,research_only,outside_review_top20,
48e93bcd83b3,"[""DEP_advmod_rate_baixo"", ""DEP_ccomp_rate_baixo"", ""DEP_xcomp_rate_baixo""]",DEP_advmod_rate_baixo + DEP_ccomp_rate_baixo + DEP_xcomp_rate_baixo,"[""76b42c1fa5d2"", ""a17b1254ac3c""]",76b42c1fa5d2,170,0.11805555555555555,True,1,"[""DEP_ccomp"", ""DEP_xcomp"", ""modificacao_adverbial""]",DEP_ccomp|DEP_xcomp|modificacao_adverbial,False,True,True,0.34359213546813838,research_only,outside_review_top20,
70845cf833b9,"[""DEP_nsubj:pass_rate_baixo"", ""DEP_obj_rate_alto"", ""POS_NUM_rate_baixo""]",DEP_nsubj:pass_rate_baixo + DEP_obj_rate_alto + POS_NUM_rate_baixo,"[""8acb1b222939""]",8acb1b222939,170,0.11805555555555555,True,1,"[""DEP_nsubj:pass"", ""DEP_obj"", ""numerais""]",DEP_nsubj:pass|DEP_obj|numerais,False,True,True,0.34359213546813838,research_only,outside_review_top20,
7ed05a2e1b11,"[""DEP_acl_rate_baixo"", ""DEP_cc_rate_baixo"", ""DEP_conj_rate_baixo""]",DEP_acl_rate_baixo + DEP_cc_rate_baixo + DEP_conj_rate_baixo,"[""30c68467f99b"", ""f45669fbdadf""]",f45669fbdadf,170,0.11805555555555555,True,1,"[""DEP_acl"", ""coordenacao""]",DEP_acl|coordenacao,True,True,True,0.34359213546813838,research_only,outside_review_top20,
7f4bd5a4d19b,"[""DEP_advcl_rate_baixo"", ""DEP_nmod_rate_alto"", ""POS_ADP_rate_alto""]",DEP_advcl_rate_baixo + DEP_nmod_rate_alto + POS_ADP_rate_alto,"[""0c03b906f34e"", ""c3c3fd0b641a"", ""cd24ae91fafb""]",c3c3fd0b641a,170,0.11805555555555555,True,1,"[""DEP_advcl"", ""DEP_nmod"", ""relacoes_preposicionais""]",DEP_advcl|DEP_nmod|relacoes_preposicionais,False,True,True,0.34359213546813838,research_only,outside_review_top20,
a122adae45e9,"[""DEP_acl:relcl_rate_baixo"", ""DEP_nummod_rate_alto"", ""POS_NUM_rate_alto""]",DEP_acl:relcl_rate_baixo + DEP_nummod_rate_alto + POS_NUM_rate_alto,"[""13b843ae9b09"", ""826b4ae92f42"", ""ecdf3eaa0c33""]",ecdf3eaa0c33,170,0.11805555555555555,True,1,"[""DEP_acl:relcl"", ""numerais""]",DEP_acl:relcl|numerais,True,True,True,0.34359213546813838,research_only,outside_review_top20,
aa25db2fe823,"[""DEP_acl:relcl_rate_baixo"", ""DEP_nmod_rate_alto"", ""POS_ADP_rate_alto""]",DEP_acl:relcl_rate_baixo + DEP_nmod_rate_alto + POS_ADP_rate_alto,"[""2848a5d676eb"", ""4eeea80a6c54"", ""f0fd6caf3731""]",2848a5d676eb,170,0.11805555555555555,True,1,"[""DEP_acl:relcl"", ""DEP_nmod"", ""relacoes_preposicionais""]",DEP_acl:relcl|DEP_nmod|relacoes_preposicionais,False,True,True,0.34359213546813838,research_only,outside_review_top20,
b2fff41f5dd8,"[""DEP_nummod_rate_baixo"", ""POS_ADV_rate_baixo"", ""POS_NUM_rate_baixo""]",DEP_nummod_rate_baixo + POS_ADV_rate_baixo + POS_NUM_rate_baixo,"[""aef23af949f2"", ""f769da8fbec9""]",aef23af949f2,170,0.11805555555555555,True,1,"[""modificacao_adverbial"", ""numerais""]",modificacao_adverbial|numerais,True,True,True,0.34359213546813838,research_only,outside_review_top20,
c3c54c8e2eed,"[""DEP_advcl_rate_baixo"", ""DEP_amod_rate_baixo"", ""POS_ADJ_rate_baixo""]",DEP_advcl_rate_baixo + DEP_amod_rate_baixo + POS_ADJ_rate_baixo,"[""2f67d0170d28"", ""c990f45e3bd8""]",2f67d0170d28,170,0.11805555555555555,True,1,"[""DEP_advcl"", ""adjetivacao""]",DEP_advcl|adjetivacao,True,False,True,0.34359213546813838,research_only,outside_review_top20,
f7d87e0e5084,"[""DEP_mark_rate_baixo"", ""POS_ADP_rate_alto"", ""POS_SCONJ_rate_baixo""]",DEP_mark_rate_baixo + POS_ADP_rate_alto + POS_SCONJ_rate_baixo,"[""5f91199dd33a"", ""f967eff8edb8""]",5f91199dd33a,170,0.11805555555555555,True,1,"[""relacoes_preposicionais"", ""subordinacao""]",relacoes_preposicionais|subordinacao,True,True,True,0.34359213546813838,research_only,outside_review_top20,
456a0d0d10ae,"[""DEP_aux:pass_rate_baixo"", ""DEP_ccomp_rate_baixo"", ""POS_DET_rate_alto""]",DEP_aux:pass_rate_baixo + DEP_ccomp_rate_baixo + POS_DET_rate_alto,"[""5baf01a501d9""]",5baf01a501d9,180,0.125,True,0.96999999999999997,"[""DEP_ccomp"", ""auxiliares"", ""determinacao""]",DEP_ccomp|auxiliares|determinacao,False,True,True,0.34294678887547558,research_only,outside_review_top20,
1e3c8ffe1127,"[""DEP_nmod_rate_baixo"", ""DEP_nummod_rate_baixo"", ""POS_NUM_rate_baixo""]",DEP_nmod_rate_baixo + DEP_nummod_rate_baixo + POS_NUM_rate_baixo,"[""72082d3c3a62"", ""d371c62f4562""]",d371c62f4562,169,0.11736111111111111,True,1,"[""DEP_nmod"", ""numerais""]",DEP_nmod|numerais,True,True,True,0.3425800798515744,research_only,outside_review_top20,
2e6bac7c8ed9,"[""DEP_flat:name_rate_baixo"", ""POS_PROPN_rate_baixo"", ""uppercaseRatio_baixo""]",DEP_flat:name_rate_baixo + POS_PROPN_rate_baixo + uppercaseRatio_baixo,"[""bd74244fd95e"", ""bdfe29ad678e"", ""d18a35e40306""]",bd74244fd95e,169,0.11736111111111111,True,1,"[""DEP_flat:name"", ""POS_PROPN"", ""uppercaseRatio""]",DEP_flat:name|POS_PROPN|uppercaseRatio,False,True,True,0.3425800798515744,research_only,outside_review_top20,
40dd9a8492f4,"[""DEP_advcl_rate_baixo"", ""DEP_ccomp_rate_baixo"", ""POS_PROPN_rate_alto""]",DEP_advcl_rate_baixo + DEP_ccomp_rate_baixo + POS_PROPN_rate_alto,"[""2ab69402d49c"", ""ba4f4bdbb3e8""]",2ab69402d49c,169,0.11736111111111111,True,1,"[""DEP_advcl"", ""DEP_ccomp"", ""POS_PROPN""]",DEP_advcl|DEP_ccomp|POS_PROPN,False,False,True,0.3425800798515744,research_only,outside_review_top20,
51593f64dd96,"[""DEP_cop_rate_baixo"", ""DEP_xcomp_rate_baixo"", ""POS_SCONJ_rate_baixo""]",DEP_cop_rate_baixo + DEP_xcomp_rate_baixo + POS_SCONJ_rate_baixo,"[""38b9aa02bec4"", ""7000f1965639""]",38b9aa02bec4,169,0.11736111111111111,True,1,"[""DEP_cop"", ""DEP_xcomp"", ""subordinacao""]",DEP_cop|DEP_xcomp|subordinacao,False,True,True,0.3425800798515744,research_only,outside_review_top20,
54140c70fba3,"[""DEP_advmod_rate_baixo"", ""DEP_case_rate_alto"", ""POS_ADV_rate_baixo""]",DEP_advmod_rate_baixo + DEP_case_rate_alto + POS_ADV_rate_baixo,"[""0cc514400f21"", ""37a0fc7af782""]",0cc514400f21,169,0.11736111111111111,True,1,"[""modificacao_adverbial"", ""relacoes_preposicionais""]",modificacao_adverbial|relacoes_preposicionais,True,True,True,0.3425800798515744,research_only,outside_review_top20,
68a2ce83ff5e,"[""DEP_ccomp_rate_baixo"", ""DEP_cop_rate_baixo"", ""POS_NUM_rate_alto""]",DEP_ccomp_rate_baixo + DEP_cop_rate_baixo + POS_NUM_rate_alto,"[""1ea692804135"", ""d77507ef4586""]",d77507ef4586,169,0.11736111111111111,True,1,"[""DEP_ccomp"", ""DEP_cop"", ""numerais""]",DEP_ccomp|DEP_cop|numerais,False,True,True,0.3425800798515744,research_only,outside_review_top20,
74945ee7fe3a,"[""DEP_mark_rate_alto"", ""POS_NUM_rate_baixo"", ""POS_SCONJ_rate_alto""]",DEP_mark_rate_alto + POS_NUM_rate_baixo + POS_SCONJ_rate_alto,"[""61aed42bd40c"", ""79cd49064f4d"", ""897e63634ba2""]",61aed42bd40c,169,0.11736111111111111,True,1,"[""numerais"", ""subordinacao""]",numerais|subordinacao,True,True,True,0.3425800798515744,research_only,outside_review_top20,
7e58f2198b9a,"[""DEP_acl:relcl_rate_baixo"", ""POS_NUM_rate_baixo"", ""POS_PRON_rate_baixo""]",DEP_acl:relcl_rate_baixo + POS_NUM_rate_baixo + POS_PRON_rate_baixo,"[""0565d0f5c73f"", ""1d549773767e""]",1d549773767e,169,0.11736111111111111,True,1,"[""DEP_acl:relcl"", ""POS_PRON"", ""numerais""]",DEP_acl:relcl|POS_PRON|numerais,False,True,True,0.3425800798515744,research_only,outside_review_top20,
cacd4a6e8125,"[""DEP_acl:relcl_rate_baixo"", ""DEP_advcl_rate_alto"", ""DEP_nummod_rate_baixo""]",DEP_acl:relcl_rate_baixo + DEP_advcl_rate_alto + DEP_nummod_rate_baixo,"[""91bdb0629f79"", ""f4a0780ac28b""]",f4a0780ac28b,169,0.11736111111111111,True,1,"[""DEP_acl:relcl"", ""DEP_advcl"", ""numerais""]",DEP_acl:relcl|DEP_advcl|numerais,False,True,True,0.3425800798515744,research_only,outside_review_top20,
cf789f471635,"[""DEP_aux:pass_rate_baixo"", ""DEP_ccomp_rate_baixo"", ""POS_ADP_rate_alto""]",DEP_aux:pass_rate_baixo + DEP_ccomp_rate_baixo + POS_ADP_rate_alto,"[""94f569b81e05""]",94f569b81e05,169,0.11736111111111111,True,1,"[""DEP_ccomp"", ""auxiliares"", ""relacoes_preposicionais""]",DEP_ccomp|auxiliares|relacoes_preposicionais,False,True,True,0.3425800798515744,research_only,outside_review_top20,
ff08664cc01e,"[""DEP_acl:relcl_rate_baixo"", ""DEP_aux:pass_rate_alto"", ""DEP_nsubj:pass_rate_alto""]",DEP_acl:relcl_rate_baixo + DEP_aux:pass_rate_alto + DEP_nsubj:pass_rate_alto,"[""07ae2393a6f3"", ""0c31b5553a6a"", ""373b7a68d058"", ""ade08b0a0efc""]",ade08b0a0efc,169,0.11736111111111111,True,1,"[""DEP_acl:relcl"", ""DEP_nsubj:pass"", ""auxiliares""]",DEP_acl:relcl|DEP_nsubj:pass|auxiliares,False,True,True,0.3425800798515744,research_only,same_mechanism_family,
64748c9e68b0,"[""POS_ADJ_rate_alto"", ""uppercaseRatio_baixo""]",POS_ADJ_rate_alto + uppercaseRatio_baixo,"[""46440f577adc""]",46440f577adc,187,0.12986111111111112,True,0.94999999999999996,"[""adjetivacao"", ""uppercaseRatio""]",adjetivacao|uppercaseRatio,False,False,True,0.34234434824862781,research_only,outside_review_top20,
115d941f992d,"[""DEP_appos_rate_baixo"", ""DEP_aux:pass_rate_baixo"", ""uppercaseRatio_baixo""]",DEP_appos_rate_baixo + DEP_aux:pass_rate_baixo + uppercaseRatio_baixo,"[""e33d100b6497""]",e33d100b6497,172,0.11944444444444445,True,0.98999999999999999,"[""DEP_appos"", ""auxiliares"", ""uppercaseRatio""]",DEP_appos|auxiliares|uppercaseRatio,False,True,True,0.34215128232990744,research_only,outside_review_top20,
83f0366fb8cd,"[""DEP_amod_rate_alto"", ""DEP_aux:pass_rate_baixo"", ""DEP_nummod_rate_baixo""]",DEP_amod_rate_alto + DEP_aux:pass_rate_baixo + DEP_nummod_rate_baixo,"[""8ad4a1f7c5d4"", ""9ba71eca3d77""]",8ad4a1f7c5d4,172,0.11944444444444445,True,0.98999999999999999,"[""adjetivacao"", ""auxiliares"", ""numerais""]",adjetivacao|auxiliares|numerais,False,True,True,0.34215128232990744,research_only,outside_review_top20,
00f442d46a31,"[""DEP_aux:pass_rate_baixo"", ""DEP_ccomp_rate_baixo"", ""POS_NUM_rate_alto""]",DEP_aux:pass_rate_baixo + DEP_ccomp_rate_baixo + POS_NUM_rate_alto,"[""6699b96c33e7""]",6699b96c33e7,168,0.11666666666666667,True,1,"[""DEP_ccomp"", ""auxiliares"", ""numerais""]",DEP_ccomp|auxiliares|numerais,False,True,True,0.34156502553198659,research_only,outside_review_top20,
078fa4e048c6,"[""DEP_acl:relcl_rate_baixo"", ""DEP_cop_rate_baixo"", ""DEP_nmod_rate_alto""]",DEP_acl:relcl_rate_baixo + DEP_cop_rate_baixo + DEP_nmod_rate_alto,"[""325b68d59ec7"", ""3beef4209f11""]",325b68d59ec7,168,0.11666666666666667,True,1,"[""DEP_acl:relcl"", ""DEP_cop"", ""DEP_nmod""]",DEP_acl:relcl|DEP_cop|DEP_nmod,False,True,True,0.34156502553198659,research_only,outside_review_top20,
59cb0d0267b3,"[""DEP_cc_rate_baixo"", ""DEP_nummod_rate_baixo"", ""POS_NUM_rate_baixo""]",DEP_cc_rate_baixo + DEP_nummod_rate_baixo + POS_NUM_rate_baixo,"[""6d409183cb40"", ""f949d2c67faf""]",6d409183cb40,168,0.11666666666666667,True,1,"[""coordenacao"", ""numerais""]",coordenacao|numerais,True,True,True,0.34156502553198659,research_only,outside_review_top20,
712fd048955a,"[""DEP_aux:pass_rate_baixo"", ""DEP_nmod_rate_alto"", ""POS_ADP_rate_alto""]",DEP_aux:pass_rate_baixo + DEP_nmod_rate_alto + POS_ADP_rate_alto,"[""62ef6d6fcd47"", ""e31242de8266""]",62ef6d6fcd47,168,0.11666666666666667,True,1,"[""DEP_nmod"", ""auxiliares"", ""relacoes_preposicionais""]",DEP_nmod|auxiliares|relacoes_preposicionais,False,True,True,0.34156502553198659,research_only,outside_review_top20,
7c486dbfb51c,"[""DEP_aux:pass_rate_baixo"", ""POS_PROPN_rate_baixo"", ""uppercaseRatio_baixo""]",DEP_aux:pass_rate_baixo + POS_PROPN_rate_baixo + uppercaseRatio_baixo,"[""75f7f88e17cd""]",75f7f88e17cd,168,0.11666666666666667,True,1,"[""POS_PROPN"", ""auxiliares"", ""uppercaseRatio""]",POS_PROPN|auxiliares|uppercaseRatio,False,True,True,0.34156502553198659,research_only,outside_review_top20,
87afb6b6d64a,"[""DEP_aux:pass_rate_alto"", ""DEP_ccomp_rate_baixo"", ""DEP_nsubj:pass_rate_alto""]",DEP_aux:pass_rate_alto + DEP_ccomp_rate_baixo + DEP_nsubj:pass_rate_alto,"[""050ed99777ef"", ""1850fae2289c"", ""914ce79a94a7"", ""9edb81f69993"", ""a624512e37d1""]",a624512e37d1,168,0.11666666666666667,True,1,"[""DEP_ccomp"", ""DEP_nsubj:pass"", ""auxiliares""]",DEP_ccomp|DEP_nsubj:pass|auxiliares,False,True,True,0.34156502553198659,research_only,same_mechanism_family,
93ec731a41b9,"[""DEP_appos_rate_alto"", ""DEP_ccomp_rate_baixo"", ""DEP_cop_rate_baixo""]",DEP_appos_rate_alto + DEP_ccomp_rate_baixo + DEP_cop_rate_baixo,"[""c2538ae80af7"", ""e226437db324""]",c2538ae80af7,168,0.11666666666666667,True,1,"[""DEP_appos"", ""DEP_ccomp"", ""DEP_cop""]",DEP_appos|DEP_ccomp|DEP_cop,False,True,True,0.34156502553198659,research_only,outside_review_top20,
ad515f9e31fe,"[""DEP_acl:relcl_rate_baixo"", ""DEP_amod_rate_baixo"", ""POS_ADJ_rate_baixo""]",DEP_acl:relcl_rate_baixo + DEP_amod_rate_baixo + POS_ADJ_rate_baixo,"[""3132ce01c528"", ""cd0e1fca766c""]",cd0e1fca766c,168,0.11666666666666667,True,1,"[""DEP_acl:relcl"", ""adjetivacao""]",DEP_acl:relcl|adjetivacao,True,True,True,0.34156502553198659,research_only,outside_review_top20,
b74314c4e85e,"[""DEP_cc_rate_alto"", ""POS_CCONJ_rate_alto"", ""POS_NUM_rate_baixo""]",DEP_cc_rate_alto + POS_CCONJ_rate_alto + POS_NUM_rate_baixo,"[""07c0d4c8a59a"", ""1d077e7204ae""]",1d077e7204ae,168,0.11666666666666667,True,1,"[""coordenacao"", ""numerais""]",coordenacao|numerais,True,True,True,0.34156502553198659,research_only,outside_review_top20,
d3c69c59dd01,"[""DEP_case_rate_alto"", ""DEP_ccomp_rate_baixo"", ""POS_SCONJ_rate_baixo""]",DEP_case_rate_alto + DEP_ccomp_rate_baixo + POS_SCONJ_rate_baixo,"[""18cf5b891f75"", ""8401ff8c9185""]",18cf5b891f75,168,0.11666666666666667,True,1,"[""DEP_ccomp"", ""relacoes_preposicionais"", ""subordinacao""]",DEP_ccomp|relacoes_preposicionais|subordinacao,False,True,True,0.34156502553198659,research_only,outside_review_top20,
d8e82d63fe46,"[""DEP_acl_rate_alto"", ""DEP_nummod_rate_baixo"", ""POS_NUM_rate_baixo""]",DEP_acl_rate_alto + DEP_nummod_rate_baixo + POS_NUM_rate_baixo,"[""08e0b5497e2f"", ""1a39c6230902""]",08e0b5497e2f,168,0.11666666666666667,True,1,"[""DEP_acl"", ""numerais""]",DEP_acl|numerais,True,True,True,0.34156502553198659,research_only,outside_review_top20,
f2416fd9a0e9,"[""DEP_nummod_rate_baixo"", ""POS_DET_rate_alto"", ""POS_NUM_rate_baixo""]",DEP_nummod_rate_baixo + POS_DET_rate_alto + POS_NUM_rate_baixo,"[""2792666ae558"", ""436f568a734e""]",2792666ae558,168,0.11666666666666667,True,1,"[""determinacao"", ""numerais""]",determinacao|numerais,True,True,True,0.34156502553198659,research_only,outside_review_top20,
f77d5735df09,"[""DEP_case_rate_baixo"", ""POS_ADP_rate_baixo"", ""uppercaseRatio_baixo""]",DEP_case_rate_baixo + POS_ADP_rate_baixo + uppercaseRatio_baixo,"[""28db82932f98"", ""4fe39cf1be37"", ""b0ebe30f7191""]",b0ebe30f7191,168,0.11666666666666667,True,1,"[""relacoes_preposicionais"", ""uppercaseRatio""]",relacoes_preposicionais|uppercaseRatio,True,True,True,0.34156502553198659,research_only,outside_review_top20,
f7b0aa33cc43,"[""DEP_advcl_rate_baixo"", ""DEP_ccomp_rate_baixo"", ""POS_ADV_rate_baixo""]",DEP_advcl_rate_baixo + DEP_ccomp_rate_baixo + POS_ADV_rate_baixo,"[""acff811bbbf2"", ""ad53ca705d2e""]",ad53ca705d2e,168,0.11666666666666667,True,1,"[""DEP_advcl"", ""DEP_ccomp"", ""modificacao_adverbial""]",DEP_advcl|DEP_ccomp|modificacao_adverbial,False,False,True,0.34156502553198659,research_only,outside_review_top20,
e112a3cc8000,"[""DEP_obj_rate_baixo"", ""DEP_xcomp_rate_baixo""]",DEP_obj_rate_baixo + DEP_xcomp_rate_baixo,"[""691461ae27db""]",691461ae27db,190,0.13194444444444445,True,0.93999999999999995,"[""DEP_obj"", ""DEP_xcomp""]",DEP_obj|DEP_xcomp,False,True,True,0.34144708391068607,research_only,outside_review_top20,
69d27693ae60,"[""DEP_cop_rate_baixo"", ""DEP_nummod_rate_baixo"", ""POS_ADV_rate_baixo""]",DEP_cop_rate_baixo + DEP_nummod_rate_baixo + POS_ADV_rate_baixo,"[""f91da5b6085c""]",f91da5b6085c,167,0.11597222222222223,True,1,"[""DEP_cop"", ""modificacao_adverbial"", ""numerais""]",DEP_cop|modificacao_adverbial|numerais,False,True,True,0.34054694569504251,research_only,outside_review_top20,
b020ba60c718,"[""DEP_acl:relcl_rate_baixo"", ""DEP_det_rate_alto"", ""POS_DET_rate_alto""]",DEP_acl:relcl_rate_baixo + DEP_det_rate_alto + POS_DET_rate_alto,"[""3da24255f5de"", ""44aed1a667b6"", ""be61020d54fd"", ""f1de5e2ea4a1""]",44aed1a667b6,167,0.11597222222222223,True,1,"[""DEP_acl:relcl"", ""determinacao""]",DEP_acl:relcl|determinacao,True,True,True,0.34054694569504251,research_only,outside_review_top20,
cbf1c614fcd4,"[""DEP_acl:relcl_rate_baixo"", ""DEP_advcl_rate_baixo"", ""POS_PROPN_rate_alto""]",DEP_acl:relcl_rate_baixo + DEP_advcl_rate_baixo + POS_PROPN_rate_alto,"[""b1901f639dc0"", ""e01011746b0c""]",e01011746b0c,167,0.11597222222222223,True,1,"[""DEP_acl:relcl"", ""DEP_advcl"", ""POS_PROPN""]",DEP_acl:relcl|DEP_advcl|POS_PROPN,False,True,True,0.34054694569504251,research_only,outside_review_top20,
df5eca829c7d,"[""DEP_ccomp_rate_baixo"", ""DEP_nmod_rate_alto"", ""POS_SCONJ_rate_baixo""]",DEP_ccomp_rate_baixo + DEP_nmod_rate_alto + POS_SCONJ_rate_baixo,"[""9b423a5ed11f"", ""c2c8f43bfe51""]",9b423a5ed11f,167,0.11597222222222223,True,1,"[""DEP_ccomp"", ""DEP_nmod"", ""subordinacao""]",DEP_ccomp|DEP_nmod|subordinacao,False,True,True,0.34054694569504251,research_only,outside_review_top20,
e04e5b41a553,"[""DEP_cc_rate_alto"", ""DEP_conj_rate_alto"", ""DEP_cop_rate_baixo""]",DEP_cc_rate_alto + DEP_conj_rate_alto + DEP_cop_rate_baixo,"[""753dfe573605"", ""cb4a83ff0481""]",753dfe573605,167,0.11597222222222223,True,1,"[""DEP_cop"", ""coordenacao""]",DEP_cop|coordenacao,True,True,True,0.34054694569504251,research_only,outside_review_top20,
eb082123abdb,"[""DEP_ccomp_rate_baixo"", ""DEP_flat:name_rate_alto"", ""POS_PROPN_rate_alto""]",DEP_ccomp_rate_baixo + DEP_flat:name_rate_alto + POS_PROPN_rate_alto,"[""96d391caf7a1"", ""97157ad37d3a"", ""fc2a55e254a7""]",fc2a55e254a7,167,0.11597222222222223,True,1,"[""DEP_ccomp"", ""DEP_flat:name"", ""POS_PROPN""]",DEP_ccomp|DEP_flat:name|POS_PROPN,False,True,True,0.34054694569504251,research_only,outside_review_top20,
f879ebf22866,"[""DEP_advcl_rate_baixo"", ""DEP_amod_rate_alto"", ""POS_ADJ_rate_alto""]",DEP_advcl_rate_baixo + DEP_amod_rate_alto + POS_ADJ_rate_alto,"[""38f3353a775e"", ""656d9ba782d9"", ""7f0951dd1322""]",656d9ba782d9,167,0.11597222222222223,True,1,"[""DEP_advcl"", ""adjetivacao""]",DEP_advcl|adjetivacao,True,False,True,0.34054694569504251,research_only,outside_review_top20,
430263b2fc02,"[""DEP_aux:pass_rate_baixo"", ""DEP_nmod_rate_baixo"", ""DEP_nummod_rate_baixo""]",DEP_aux:pass_rate_baixo + DEP_nmod_rate_baixo + DEP_nummod_rate_baixo,"[""a3a3c209d760""]",a3a3c209d760,170,0.11805555555555555,True,0.98999999999999999,"[""DEP_nmod"", ""auxiliares"", ""numerais""]",DEP_nmod|auxiliares|numerais,False,True,True,0.34015621411345698,research_only,outside_review_top20,
68a746935519,"[""DEP_advcl_rate_alto"", ""DEP_aux:pass_rate_baixo"", ""DEP_nummod_rate_baixo""]",DEP_advcl_rate_alto + DEP_aux:pass_rate_baixo + DEP_nummod_rate_baixo,"[""bd39f91775bf""]",bd39f91775bf,170,0.11805555555555555,True,0.98999999999999999,"[""DEP_advcl"", ""auxiliares"", ""numerais""]",DEP_advcl|auxiliares|numerais,False,True,True,0.34015621411345698,research_only,outside_review_top20,
e49291e46c16,"[""DEP_advcl_rate_baixo"", ""DEP_nummod_rate_baixo"", ""POS_PROPN_rate_alto""]",DEP_advcl_rate_baixo + DEP_nummod_rate_baixo + POS_PROPN_rate_alto,"[""0476e27b2cfd"", ""817e541ef8e7""]",817e541ef8e7,177,0.12291666666666666,True,0.96999999999999997,"[""DEP_advcl"", ""POS_PROPN"", ""numerais""]",DEP_advcl|POS_PROPN|numerais,False,True,True,0.34007689081539583,research_only,outside_review_top20,
0e062f85e0f1,"[""DEP_advcl_rate_baixo"", ""DEP_case_rate_alto"", ""DEP_cop_rate_baixo""]",DEP_advcl_rate_baixo + DEP_case_rate_alto + DEP_cop_rate_baixo,"[""69e0e4673ed4"", ""f296bfcc9d10""]",f296bfcc9d10,166,0.11527777777777778,True,1,"[""DEP_advcl"", ""DEP_cop"", ""relacoes_preposicionais""]",DEP_advcl|DEP_cop|relacoes_preposicionais,False,True,True,0.3395258131243894,research_only,outside_review_top20,
174952ad4dcb,"[""DEP_det_rate_alto"", ""POS_DET_rate_alto"", ""POS_NUM_rate_baixo""]",DEP_det_rate_alto + POS_DET_rate_alto + POS_NUM_rate_baixo,"[""0cb17d0439a6"", ""82fd82afe7ac"", ""aa14151afb0a""]",aa14151afb0a,166,0.11527777777777778,True,1,"[""determinacao"", ""numerais""]",determinacao|numerais,True,True,True,0.3395258131243894,research_only,outside_review_top20,
1784068f12e4,"[""DEP_advcl_rate_baixo"", ""DEP_appos_rate_alto"", ""DEP_cop_rate_baixo""]",DEP_advcl_rate_baixo + DEP_appos_rate_alto + DEP_cop_rate_baixo,"[""250c8f15f1a9"", ""97e8d5350e59""]",97e8d5350e59,166,0.11527777777777778,True,1,"[""DEP_advcl"", ""DEP_appos"", ""DEP_cop""]",DEP_advcl|DEP_appos|DEP_cop,False,True,True,0.3395258131243894,research_only,outside_review_top20,
255ce9eaeeb3,"[""DEP_det_rate_baixo"", ""DEP_xcomp_rate_baixo"", ""POS_DET_rate_baixo""]",DEP_det_rate_baixo + DEP_xcomp_rate_baixo + POS_DET_rate_baixo,"[""1e702e42e9af"", ""7f4c73d7ab2a"", ""9b629a62de7f""]",1e702e42e9af,166,0.11527777777777778,True,1,"[""DEP_xcomp"", ""determinacao""]",DEP_xcomp|determinacao,True,True,True,0.3395258131243894,research_only,outside_review_top20,
26f10eb66771,"[""DEP_acl:relcl_rate_baixo"", ""POS_ADV_rate_baixo"", ""POS_PRON_rate_baixo""]",DEP_acl:relcl_rate_baixo + POS_ADV_rate_baixo + POS_PRON_rate_baixo,"[""127471edfb30"", ""ec0f417cee0c""]",127471edfb30,166,0.11527777777777778,True,1,"[""DEP_acl:relcl"", ""POS_PRON"", ""modificacao_adverbial""]",DEP_acl:relcl|POS_PRON|modificacao_adverbial,False,True,True,0.3395258131243894,research_only,outside_review_top20,
37f71a4057d0,"[""DEP_acl:relcl_rate_baixo"", ""DEP_case_rate_baixo"", ""POS_ADP_rate_baixo""]",DEP_acl:relcl_rate_baixo + DEP_case_rate_baixo + POS_ADP_rate_baixo,"[""23fdda584a2e"", ""d5efe8d70277""]",23fdda584a2e,166,0.11527777777777778,True,1,"[""DEP_acl:relcl"", ""relacoes_preposicionais""]",DEP_acl:relcl|relacoes_preposicionais,True,True,True,0.3395258131243894,research_only,outside_review_top20,
406534c31799,"[""DEP_case_rate_alto"", ""POS_ADP_rate_alto"", ""POS_VERB_rate_baixo""]",DEP_case_rate_alto + POS_ADP_rate_alto + POS_VERB_rate_baixo,"[""976d955728ff"", ""b2dd34f4c6a7""]",976d955728ff,166,0.11527777777777778,True,1,"[""POS_VERB"", ""relacoes_preposicionais""]",POS_VERB|relacoes_preposicionais,True,True,True,0.3395258131243894,research_only,outside_review_top20,
482ce80e670b,"[""DEP_xcomp_rate_baixo"", ""POS_SCONJ_rate_baixo"", ""POS_VERB_rate_baixo""]",DEP_xcomp_rate_baixo + POS_SCONJ_rate_baixo + POS_VERB_rate_baixo,"[""0f9d66a95f6d"", ""a9c260299c6f"", ""b215e71af846""]",0f9d66a95f6d,166,0.11527777777777778,True,1,"[""DEP_xcomp"", ""POS_VERB"", ""subordinacao""]",DEP_xcomp|POS_VERB|subordinacao,False,True,True,0.3395258131243894,research_only,outside_review_top20,
4e8973592cb7,"[""DEP_acl:relcl_rate_baixo"", ""DEP_aux:pass_rate_baixo"", ""DEP_case_rate_alto""]",DEP_acl:relcl_rate_baixo + DEP_aux:pass_rate_baixo + DEP_case_rate_alto,"[""7b365c45e67a""]",7b365c45e67a,166,0.11527777777777778,True,1,"[""DEP_acl:relcl"", ""auxiliares"", ""relacoes_preposicionais""]",DEP_acl:relcl|auxiliares|relacoes_preposicionais,False,True,True,0.3395258131243894,research_only,outside_review_top20,
57c51809180a,"[""DEP_acl:relcl_rate_baixo"", ""DEP_nsubj:pass_rate_baixo"", ""DEP_obj_rate_alto""]",DEP_acl:relcl_rate_baixo + DEP_nsubj:pass_rate_baixo + DEP_obj_rate_alto,"[""80322b464683""]",80322b464683,166,0.11527777777777778,True,1,"[""DEP_acl:relcl"", ""DEP_nsubj:pass"", ""DEP_obj""]",DEP_acl:relcl|DEP_nsubj:pass|DEP_obj,False,True,True,0.3395258131243894,research_only,outside_review_top20,
5851c54fbf81,"[""DEP_advcl_rate_baixo"", ""DEP_aux:pass_rate_baixo"", ""POS_DET_rate_alto""]",DEP_advcl_rate_baixo + DEP_aux:pass_rate_baixo + POS_DET_rate_alto,"[""389edaa20e9b""]",389edaa20e9b,166,0.11527777777777778,True,1,"[""DEP_advcl"", ""auxiliares"", ""determinacao""]",DEP_advcl|auxiliares|determinacao,False,True,True,0.3395258131243894,research_only,outside_review_top20,
78d693926a7a,"[""DEP_ccomp_rate_baixo"", ""DEP_mark_rate_baixo"", ""POS_ADP_rate_alto""]",DEP_ccomp_rate_baixo + DEP_mark_rate_baixo + POS_ADP_rate_alto,"[""44570ff90990"", ""cff16747bf62""]",cff16747bf62,166,0.11527777777777778,True,1,"[""DEP_ccomp"", ""relacoes_preposicionais"", ""subordinacao""]",DEP_ccomp|relacoes_preposicionais|subordinacao,False,True,True,0.3395258131243894,research_only,outside_review_top20,
a3af1972e5f7,"[""DEP_advcl_rate_baixo"", ""DEP_cop_rate_baixo"", ""POS_ADV_rate_baixo""]",DEP_advcl_rate_baixo + DEP_cop_rate_baixo + POS_ADV_rate_baixo,"[""475295febb55"", ""84f655a52a5b""]",475295febb55,166,0.11527777777777778,True,1,"[""DEP_advcl"", ""DEP_cop"", ""modificacao_adverbial""]",DEP_advcl|DEP_cop|modificacao_adverbial,False,True,True,0.3395258131243894,research_only,outside_review_top20,
d2ad9ebebed0,"[""DEP_acl:relcl_rate_baixo"", ""DEP_nmod_rate_alto"", ""POS_PRON_rate_baixo""]",DEP_acl:relcl_rate_baixo + DEP_nmod_rate_alto + POS_PRON_rate_baixo,"[""5387ab05cb19"", ""d11360f6a805""]",5387ab05cb19,166,0.11527777777777778,True,1,"[""DEP_acl:relcl"", ""DEP_nmod"", ""POS_PRON""]",DEP_acl:relcl|DEP_nmod|POS_PRON,False,True,True,0.3395258131243894,research_only,outside_review_top20,
d3c5e38f1a2e,"[""DEP_nmod_rate_alto"", ""DEP_nsubj:pass_rate_baixo"", ""DEP_xcomp_rate_baixo""]",DEP_nmod_rate_alto + DEP_nsubj:pass_rate_baixo + DEP_xcomp_rate_baixo,"[""5dcb385c0463""]",5dcb385c0463,166,0.11527777777777778,True,1,"[""DEP_nmod"", ""DEP_nsubj:pass"", ""DEP_xcomp""]",DEP_nmod|DEP_nsubj:pass|DEP_xcomp,False,True,True,0.3395258131243894,research_only,outside_review_top20,
fb402c8e72f2,"[""DEP_acl:relcl_rate_baixo"", ""DEP_advcl_rate_baixo"", ""POS_ADP_rate_alto""]",DEP_acl:relcl_rate_baixo + DEP_advcl_rate_baixo + POS_ADP_rate_alto,"[""b789b20bdbb6"", ""e518a54590e4""]",b789b20bdbb6,166,0.11527777777777778,True,1,"[""DEP_acl:relcl"", ""DEP_advcl"", ""relacoes_preposicionais""]",DEP_acl:relcl|DEP_advcl|relacoes_preposicionais,False,True,True,0.3395258131243894,research_only,outside_review_top20,
ea1973c254dd,"[""DEP_acl:relcl_rate_alto"", ""DEP_aux:pass_rate_baixo"", ""DEP_ccomp_rate_baixo""]",DEP_acl:relcl_rate_alto + DEP_aux:pass_rate_baixo + DEP_ccomp_rate_baixo,"[""e99dc0d0750d""]",e99dc0d0750d,169,0.11736111111111111,True,0.98999999999999999,"[""DEP_acl:relcl"", ""DEP_ccomp"", ""auxiliares""]",DEP_acl:relcl|DEP_ccomp|auxiliares,False,True,True,0.33915427905305867,research_only,outside_review_top20,
67ddfbc7da4e,"[""DEP_advcl_rate_baixo"", ""DEP_nsubj:pass_rate_baixo"", ""diversidade_baixo""]",DEP_advcl_rate_baixo + DEP_nsubj:pass_rate_baixo + diversidade_baixo,"[""5d07f32ceae9""]",5d07f32ceae9,176,0.12222222222222222,True,0.96999999999999997,"[""DEP_advcl"", ""DEP_nsubj:pass"", ""diversidade""]",DEP_advcl|DEP_nsubj:pass|diversidade,False,True,True,0.33911486090834897,research_only,outside_review_top20,
72b2e6508e8e,"[""DEP_cop_rate_baixo"", ""DEP_nsubj:pass_rate_baixo"", ""POS_NOUN_rate_alto""]",DEP_cop_rate_baixo + DEP_nsubj:pass_rate_baixo + POS_NOUN_rate_alto,"[""d97d9efc1f9f""]",d97d9efc1f9f,176,0.12222222222222222,True,0.96999999999999997,"[""DEP_cop"", ""DEP_nsubj:pass"", ""POS_NOUN""]",DEP_cop|DEP_nsubj:pass|POS_NOUN,False,True,True,0.33911486090834897,research_only,outside_review_top20,
b29fdfd48475,"[""DEP_flat:name_rate_alto"", ""DEP_nsubj:pass_rate_baixo"", ""DEP_nummod_rate_baixo""]",DEP_flat:name_rate_alto + DEP_nsubj:pass_rate_baixo + DEP_nummod_rate_baixo,"[""096a0f73400d""]",096a0f73400d,176,0.12222222222222222,True,0.96999999999999997,"[""DEP_flat:name"", ""DEP_nsubj:pass"", ""numerais""]",DEP_flat:name|DEP_nsubj:pass|numerais,False,True,True,0.33911486090834897,research_only,outside_review_top20,
b4fe8ba1f6ae,"[""DEP_acl:relcl_rate_baixo"", ""DEP_nsubj:pass_rate_baixo"", ""POS_VERB_rate_baixo""]",DEP_acl:relcl_rate_baixo + DEP_nsubj:pass_rate_baixo + POS_VERB_rate_baixo,"[""4035bde92a56""]",4035bde92a56,176,0.12222222222222222,True,0.96999999999999997,"[""DEP_acl:relcl"", ""DEP_nsubj:pass"", ""POS_VERB""]",DEP_acl:relcl|DEP_nsubj:pass|POS_VERB,False,True,True,0.33911486090834897,research_only,outside_review_top20,
c3af183799d3,"[""DEP_advcl_rate_baixo"", ""POS_CCONJ_rate_alto""]",DEP_advcl_rate_baixo + POS_CCONJ_rate_alto,"[""5206726ca91f""]",5206726ca91f,234,0.16250000000000001,True,0.83999999999999997,"[""DEP_advcl"", ""coordenacao""]",DEP_advcl|coordenacao,False,True,True,0.3386148254285391,research_only,outside_review_top20,
2cb47a1ba017,"[""DEP_advcl_rate_baixo"", ""DEP_nsubj:pass_rate_baixo"", ""DEP_obj_rate_baixo""]",DEP_advcl_rate_baixo + DEP_nsubj:pass_rate_baixo + DEP_obj_rate_baixo,"[""f568b2ebd046""]",f568b2ebd046,165,0.11458333333333333,True,1,"[""DEP_advcl"", ""DEP_nsubj:pass"", ""DEP_obj""]",DEP_advcl|DEP_nsubj:pass|DEP_obj,False,True,True,0.338501600193165,research_only,outside_review_top20,
4f76f15a0b57,"[""DEP_nsubj:pass_rate_baixo"", ""DEP_obj_rate_alto"", ""POS_VERB_rate_alto""]",DEP_nsubj:pass_rate_baixo + DEP_obj_rate_alto + POS_VERB_rate_alto,"[""10f25d2c559c"", ""e290ad4c9291""]",e290ad4c9291,165,0.11458333333333333,True,1,"[""DEP_nsubj:pass"", ""DEP_obj"", ""POS_VERB""]",DEP_nsubj:pass|DEP_obj|POS_VERB,False,True,True,0.338501600193165,research_only,outside_review_top20,
617fe5f18ff2,"[""DEP_advmod_rate_baixo"", ""POS_ADV_rate_baixo"", ""POS_NUM_rate_baixo""]",DEP_advmod_rate_baixo + POS_ADV_rate_baixo + POS_NUM_rate_baixo,"[""496c5aed3a1e"", ""ebb5c1b30ec6""]",ebb5c1b30ec6,165,0.11458333333333333,True,1,"[""modificacao_adverbial"", ""numerais""]",modificacao_adverbial|numerais,True,True,True,0.338501600193165,research_only,outside_review_top20,
6873b726bbf6,"[""DEP_advcl_rate_baixo"", ""DEP_ccomp_rate_baixo"", ""DEP_flat:name_rate_alto""]",DEP_advcl_rate_baixo + DEP_ccomp_rate_baixo + DEP_flat:name_rate_alto,"[""8d59167d8f54"", ""9fcef39f343a""]",9fcef39f343a,165,0.11458333333333333,True,1,"[""DEP_advcl"", ""DEP_ccomp"", ""DEP_flat:name""]",DEP_advcl|DEP_ccomp|DEP_flat:name,False,True,True,0.338501600193165,research_only,outside_review_top20,
74cc851d0aa5,"[""DEP_case_rate_alto"", ""DEP_mark_rate_baixo"", ""POS_ADP_rate_alto""]",DEP_case_rate_alto + DEP_mark_rate_baixo + POS_ADP_rate_alto,"[""2962c3a89b6a"", ""913eacf4a799"", ""ed8ef46552d0""]",ed8ef46552d0,165,0.11458333333333333,True,1,"[""relacoes_preposicionais"", ""subordinacao""]",relacoes_preposicionais|subordinacao,True,True,True,0.338501600193165,research_only,outside_review_top20,
795d6ac9dd10,"[""DEP_acl_rate_baixo"", ""DEP_advmod_rate_alto"", ""POS_ADV_rate_alto""]",DEP_acl_rate_baixo + DEP_advmod_rate_alto + POS_ADV_rate_alto,"[""3944c3070abe"", ""baa4f86d46df""]",3944c3070abe,165,0.11458333333333333,True,1,"[""DEP_acl"", ""modificacao_adverbial""]",DEP_acl|modificacao_adverbial,True,True,True,0.338501600193165,research_only,outside_review_top20,
7c0b5404a2f0,"[""DEP_aux:pass_rate_baixo"", ""DEP_nummod_rate_baixo"", ""POS_ADJ_rate_alto""]",DEP_aux:pass_rate_baixo + DEP_nummod_rate_baixo + POS_ADJ_rate_alto,"[""9624aed02fdf"", ""b370a26b938f""]",9624aed02fdf,165,0.11458333333333333,True,1,"[""adjetivacao"", ""auxiliares"", ""numerais""]",adjetivacao|auxiliares|numerais,False,True,True,0.338501600193165,research_only,outside_review_top20,
831fe6d0ee64,"[""DEP_cop_rate_alto"", ""DEP_nummod_rate_baixo"", ""POS_NUM_rate_baixo""]",DEP_cop_rate_alto + DEP_nummod_rate_baixo + POS_NUM_rate_baixo,"[""3d6c002da6a4"", ""4845bf67c3a7""]",3d6c002da6a4,165,0.11458333333333333,True,1,"[""DEP_cop"", ""numerais""]",DEP_cop|numerais,True,True,True,0.338501600193165,research_only,outside_review_top20,
a0407aa0e652,"[""DEP_advmod_rate_baixo"", ""DEP_case_rate_alto"", ""POS_ADP_rate_alto""]",DEP_advmod_rate_baixo + DEP_case_rate_alto + POS_ADP_rate_alto,"[""b46dc9550e7f"", ""c8b856926ac5""]",c8b856926ac5,165,0.11458333333333333,True,1,"[""modificacao_adverbial"", ""relacoes_preposicionais""]",modificacao_adverbial|relacoes_preposicionais,True,True,True,0.338501600193165,research_only,outside_review_top20,
acb4392a01c8,"[""DEP_appos_rate_alto"", ""DEP_nummod_rate_baixo"", ""POS_NUM_rate_baixo""]",DEP_appos_rate_alto + DEP_nummod_rate_baixo + POS_NUM_rate_baixo,"[""8cf5d2c3be3d"", ""d4dc36ccbc90""]",8cf5d2c3be3d,165,0.11458333333333333,True,1,"[""DEP_appos"", ""numerais""]",DEP_appos|numerais,True,True,True,0.338501600193165,research_only,outside_review_top20,
ba7f0e8f12bd,"[""DEP_advmod_rate_baixo"", ""DEP_nmod_rate_alto"", ""POS_ADV_rate_baixo""]",DEP_advmod_rate_baixo + DEP_nmod_rate_alto + POS_ADV_rate_baixo,"[""ca80a8824e82"", ""fef9f5ab07d8""]",fef9f5ab07d8,165,0.11458333333333333,True,1,"[""DEP_nmod"", ""modificacao_adverbial""]",DEP_nmod|modificacao_adverbial,True,True,True,0.338501600193165,research_only,outside_review_top20,
c99ad4d05a4d,"[""DEP_ccomp_rate_baixo"", ""DEP_mark_rate_baixo"", ""uppercaseRatio_baixo""]",DEP_ccomp_rate_baixo + DEP_mark_rate_baixo + uppercaseRatio_baixo,"[""cc2cde6e983a""]",cc2cde6e983a,165,0.11458333333333333,True,1,"[""DEP_ccomp"", ""subordinacao"", ""uppercaseRatio""]",DEP_ccomp|subordinacao|uppercaseRatio,False,True,True,0.338501600193165,research_only,outside_review_top20,
d891d6fed8d1,"[""DEP_acl_rate_baixo"", ""DEP_nsubj:pass_rate_baixo"", ""POS_VERB_rate_baixo""]",DEP_acl_rate_baixo + DEP_nsubj:pass_rate_baixo + POS_VERB_rate_baixo,"[""4c90f223778e""]",4c90f223778e,165,0.11458333333333333,True,1,"[""DEP_acl"", ""DEP_nsubj:pass"", ""POS_VERB""]",DEP_acl|DEP_nsubj:pass|POS_VERB,False,True,True,0.338501600193165,research_only,outside_review_top20,
dbb777be8d7f,"[""DEP_cop_rate_baixo"", ""DEP_flat:name_rate_alto"", ""POS_PROPN_rate_alto""]",DEP_cop_rate_baixo + DEP_flat:name_rate_alto + POS_PROPN_rate_alto,"[""0e323ca1529d"", ""33e12ddf6f0c"", ""a153da1fa7cd""]",0e323ca1529d,165,0.11458333333333333,True,1,"[""DEP_cop"", ""DEP_flat:name"", ""POS_PROPN""]",DEP_cop|DEP_flat:name|POS_PROPN,False,True,True,0.338501600193165,research_only,outside_review_top20,
ea24d8a475e3,"[""DEP_advmod_rate_baixo"", ""DEP_mark_rate_baixo"", ""POS_SCONJ_rate_baixo""]",DEP_advmod_rate_baixo + DEP_mark_rate_baixo + POS_SCONJ_rate_baixo,"[""0d6000cef975"", ""827c1de7cabb""]",827c1de7cabb,165,0.11458333333333333,True,1,"[""modificacao_adverbial"", ""subordinacao""]",modificacao_adverbial|subordinacao,True,True,True,0.338501600193165,research_only,outside_review_top20,
fa58ad5fd2ba,"[""DEP_appos_rate_alto"", ""DEP_cop_rate_baixo"", ""DEP_nummod_rate_baixo""]",DEP_appos_rate_alto + DEP_cop_rate_baixo + DEP_nummod_rate_baixo,"[""0efe14d03410"", ""ea7ffb541df6""]",ea7ffb541df6,165,0.11458333333333333,True,1,"[""DEP_appos"", ""DEP_cop"", ""numerais""]",DEP_appos|DEP_cop|numerais,False,True,True,0.338501600193165,research_only,outside_review_top20,
2160c7b7c84e,"[""DEP_nsubj:pass_rate_baixo"", ""DEP_nsubj_rate_alto"", ""POS_NUM_rate_baixo""]",DEP_nsubj:pass_rate_baixo + DEP_nsubj_rate_alto + POS_NUM_rate_baixo,"[""1c1058c9853c""]",1c1058c9853c,164,0.11388888888888889,True,1,"[""DEP_nsubj"", ""DEP_nsubj:pass"", ""numerais""]",DEP_nsubj|DEP_nsubj:pass|numerais,False,True,True,0.33747427885527642,research_only,outside_review_top20,
38eb1756a7cb,"[""DEP_nummod_rate_baixo"", ""DEP_obl_rate_baixo"", ""POS_NUM_rate_baixo""]",DEP_nummod_rate_baixo + DEP_obl_rate_baixo + POS_NUM_rate_baixo,"[""57ee99ff90c8"", ""96d886311bfb""]",96d886311bfb,164,0.11388888888888889,True,1,"[""DEP_obl"", ""numerais""]",DEP_obl|numerais,True,True,True,0.33747427885527642,research_only,outside_review_top20,
3c8818057c38,"[""DEP_aux:pass_rate_baixo"", ""DEP_nummod_rate_baixo"", ""DEP_xcomp_rate_alto""]",DEP_aux:pass_rate_baixo + DEP_nummod_rate_baixo + DEP_xcomp_rate_alto,"[""37a7050a1b80""]",37a7050a1b80,164,0.11388888888888889,True,1,"[""DEP_xcomp"", ""auxiliares"", ""numerais""]",DEP_xcomp|auxiliares|numerais,False,True,True,0.33747427885527642,research_only,outside_review_top20,
726f131051fb,"[""DEP_conj_rate_alto"", ""DEP_cop_rate_baixo"", ""POS_CCONJ_rate_alto""]",DEP_conj_rate_alto + DEP_cop_rate_baixo + POS_CCONJ_rate_alto,"[""8ef8fc599b3e"", ""946798dd1858""]",8ef8fc599b3e,164,0.11388888888888889,True,1,"[""DEP_cop"", ""coordenacao""]",DEP_cop|coordenacao,True,True,True,0.33747427885527642,research_only,outside_review_top20,
fb729139d217,"[""DEP_cop_rate_baixo"", ""DEP_nummod_rate_baixo"", ""DEP_obj_rate_alto""]",DEP_cop_rate_baixo + DEP_nummod_rate_baixo + DEP_obj_rate_alto,"[""9e9a09c3d477"", ""e6c251ad2a8b""]",9e9a09c3d477,164,0.11388888888888889,True,1,"[""DEP_cop"", ""DEP_obj"", ""numerais""]",DEP_cop|DEP_obj|numerais,False,True,True,0.33747427885527642,research_only,outside_review_top20,
6003791b6474,"[""DEP_aux:pass_rate_baixo"", ""DEP_ccomp_rate_baixo"", ""DEP_det_rate_alto""]",DEP_aux:pass_rate_baixo + DEP_ccomp_rate_baixo + DEP_det_rate_alto,"[""d8b9e7d6da21""]",d8b9e7d6da21,174,0.12083333333333333,True,0.96999999999999997,"[""DEP_ccomp"", ""auxiliares"", ""determinacao""]",DEP_ccomp|auxiliares|determinacao,False,True,True,0.3371825667695964,research_only,outside_review_top20,
f58e17a3e869,"[""DEP_appos_rate_baixo"", ""POS_PROPN_rate_baixo""]",DEP_appos_rate_baixo + POS_PROPN_rate_baixo,"[""9631cd9c0a44""]",9631cd9c0a44,189,0.13125000000000001,True,0.93000000000000005,"[""DEP_appos"", ""POS_PROPN""]",DEP_appos|POS_PROPN,False,True,True,0.3369245093489045,research_only,outside_review_top20,
5c94d4e01ab4,"[""DEP_aux:pass_rate_baixo"", ""DEP_case_rate_alto"", ""DEP_cop_rate_baixo""]",DEP_aux:pass_rate_baixo + DEP_case_rate_alto + DEP_cop_rate_baixo,"[""9e6ba811e7ce""]",9e6ba811e7ce,163,0.11319444444444444,True,1,"[""DEP_cop"", ""auxiliares"", ""relacoes_preposicionais""]",DEP_cop|auxiliares|relacoes_preposicionais,False,True,True,0.33644382063643918,research_only,outside_review_top20,
6578e1482e09,"[""DEP_acl:relcl_rate_alto"", ""DEP_nsubj:pass_rate_baixo"", ""POS_PRON_rate_alto""]",DEP_acl:relcl_rate_alto + DEP_nsubj:pass_rate_baixo + POS_PRON_rate_alto,"[""1680ec51ad83"", ""5da45943eb76"", ""d1f413a526f2""]",1680ec51ad83,163,0.11319444444444444,True,1,"[""DEP_acl:relcl"", ""DEP_nsubj:pass"", ""POS_PRON""]",DEP_acl:relcl|DEP_nsubj:pass|POS_PRON,False,True,True,0.33644382063643918,research_only,outside_review_top20,
72d8aae9acef,"[""DEP_acl_rate_baixo"", ""DEP_xcomp_rate_baixo"", ""POS_SCONJ_rate_baixo""]",DEP_acl_rate_baixo + DEP_xcomp_rate_baixo + POS_SCONJ_rate_baixo,"[""0755309dc80e"", ""e8b45eb91b29""]",e8b45eb91b29,163,0.11319444444444444,True,1,"[""DEP_acl"", ""DEP_xcomp"", ""subordinacao""]",DEP_acl|DEP_xcomp|subordinacao,False,True,True,0.33644382063643918,research_only,outside_review_top20,
a59a9d2fda1f,"[""DEP_case_rate_alto"", ""DEP_cop_rate_baixo"", ""DEP_nmod_rate_alto""]",DEP_case_rate_alto + DEP_cop_rate_baixo + DEP_nmod_rate_alto,"[""3c5655b52466"", ""cd64b81d8258"", ""cf109bf95639""]",cf109bf95639,163,0.11319444444444444,True,1,"[""DEP_cop"", ""DEP_nmod"", ""relacoes_preposicionais""]",DEP_cop|DEP_nmod|relacoes_preposicionais,False,True,True,0.33644382063643918,research_only,outside_review_top20,
b924f61440c5,"[""DEP_ccomp_rate_baixo"", ""POS_ADP_rate_alto"", ""POS_SCONJ_rate_baixo""]",DEP_ccomp_rate_baixo + POS_ADP_rate_alto + POS_SCONJ_rate_baixo,"[""0a713ac0f69c"", ""bd9d81ddd5dc""]",bd9d81ddd5dc,163,0.11319444444444444,True,1,"[""DEP_ccomp"", ""relacoes_preposicionais"", ""subordinacao""]",DEP_ccomp|relacoes_preposicionais|subordinacao,False,True,True,0.33644382063643918,research_only,outside_review_top20,
ba3770bd0cc9,"[""DEP_acl_rate_baixo"", ""DEP_aux:pass_rate_baixo"", ""DEP_obj_rate_alto""]",DEP_acl_rate_baixo + DEP_aux:pass_rate_baixo + DEP_obj_rate_alto,"[""c71912d6e941""]",c71912d6e941,163,0.11319444444444444,True,1,"[""DEP_acl"", ""DEP_obj"", ""auxiliares""]",DEP_acl|DEP_obj|auxiliares,False,True,True,0.33644382063643918,research_only,outside_review_top20,
c67088b5a765,"[""DEP_mark_rate_alto"", ""POS_ADP_rate_baixo"", ""POS_SCONJ_rate_alto""]",DEP_mark_rate_alto + POS_ADP_rate_baixo + POS_SCONJ_rate_alto,"[""5d03b721821b"", ""fd21d2a5d470""]",5d03b721821b,163,0.11319444444444444,True,1,"[""relacoes_preposicionais"", ""subordinacao""]",relacoes_preposicionais|subordinacao,True,True,True,0.33644382063643918,research_only,outside_review_top20,
e33ee2ad13bc,"[""DEP_case_rate_alto"", ""POS_ADP_rate_alto"", ""POS_SCONJ_rate_baixo""]",DEP_case_rate_alto + POS_ADP_rate_alto + POS_SCONJ_rate_baixo,"[""bdc74f27a1f3"", ""bfccd2363a64"", ""d52618539c4b""]",d52618539c4b,163,0.11319444444444444,True,1,"[""relacoes_preposicionais"", ""subordinacao""]",relacoes_preposicionais|subordinacao,True,True,True,0.33644382063643918,research_only,outside_review_top20,
7ea7b119e2b8,"[""DEP_advcl_rate_baixo"", ""DEP_advmod_rate_baixo"", ""DEP_xcomp_rate_baixo""]",DEP_advcl_rate_baixo + DEP_advmod_rate_baixo + DEP_xcomp_rate_baixo,"[""14211b4fbdd4"", ""4d198a6b1f3c""]",4d198a6b1f3c,166,0.11527777777777778,True,0.98999999999999999,"[""DEP_advcl"", ""DEP_xcomp"", ""modificacao_adverbial""]",DEP_advcl|DEP_xcomp|modificacao_adverbial,False,True,True,0.33613055499314548,research_only,outside_review_top20,
8582334ffd9e,"[""DEP_advcl_rate_baixo"", ""DEP_aux:pass_rate_baixo"", ""POS_PRON_rate_baixo""]",DEP_advcl_rate_baixo + DEP_aux:pass_rate_baixo + POS_PRON_rate_baixo,"[""ccdee82ef2cc""]",ccdee82ef2cc,196,0.1361111111111111,True,0.91000000000000003,"[""DEP_advcl"", ""POS_PRON"", ""auxiliares""]",DEP_advcl|POS_PRON|auxiliares,False,True,True,0.33572847825454294,research_only,outside_review_top20,
65bf5f50a03b,"[""DEP_aux:pass_rate_baixo"", ""DEP_cop_rate_baixo"", ""DEP_nmod_rate_alto""]",DEP_aux:pass_rate_baixo + DEP_cop_rate_baixo + DEP_nmod_rate_alto,"[""0e8011ecd823""]",0e8011ecd823,169,0.11736111111111111,True,0.97999999999999998,"[""DEP_cop"", ""DEP_nmod"", ""auxiliares""]",DEP_cop|DEP_nmod|auxiliares,False,True,True,0.33572847825454288,research_only,outside_review_top20,
0f2200838e94,"[""DEP_nsubj:pass_rate_baixo"", ""POS_PRON_rate_alto"", ""uppercaseRatio_baixo""]",DEP_nsubj:pass_rate_baixo + POS_PRON_rate_alto + uppercaseRatio_baixo,"[""00e06ef63dbc"", ""1c26b6cfa30f""]",00e06ef63dbc,162,0.1125,True,1,"[""DEP_nsubj:pass"", ""POS_PRON"", ""uppercaseRatio""]",DEP_nsubj:pass|POS_PRON|uppercaseRatio,False,True,True,0.33541019662496846,research_only,outside_review_top20,
4862b3ad8d54,"[""DEP_acl_rate_baixo"", ""DEP_mark_rate_baixo"", ""DEP_xcomp_rate_baixo""]",DEP_acl_rate_baixo + DEP_mark_rate_baixo + DEP_xcomp_rate_baixo,"[""1e37125fcc96"", ""c4de13b486f1""]",1e37125fcc96,162,0.1125,True,1,"[""DEP_acl"", ""DEP_xcomp"", ""subordinacao""]",DEP_acl|DEP_xcomp|subordinacao,False,True,True,0.33541019662496846,research_only,outside_review_top20,
6b93e561806b,"[""DEP_acl:relcl_rate_baixo"", ""DEP_aux:pass_rate_baixo"", ""uppercaseRatio_alto""]",DEP_acl:relcl_rate_baixo + DEP_aux:pass_rate_baixo + uppercaseRatio_alto,"[""6532def7c464""]",6532def7c464,162,0.1125,True,1,"[""DEP_acl:relcl"", ""auxiliares"", ""uppercaseRatio""]",DEP_acl:relcl|auxiliares|uppercaseRatio,False,True,True,0.33541019662496846,research_only,outside_review_top20,
7db329f566f1,"[""DEP_nsubj:pass_rate_baixo"", ""DEP_nsubj_rate_alto"", ""DEP_xcomp_rate_baixo""]",DEP_nsubj:pass_rate_baixo + DEP_nsubj_rate_alto + DEP_xcomp_rate_baixo,"[""332ae22ef397""]",332ae22ef397,162,0.1125,True,1,"[""DEP_nsubj"", ""DEP_nsubj:pass"", ""DEP_xcomp""]",DEP_nsubj|DEP_nsubj:pass|DEP_xcomp,False,True,True,0.33541019662496846,research_only,outside_review_top20,
81b11194733a,"[""DEP_acl:relcl_rate_baixo"", ""DEP_cop_rate_baixo"", ""POS_ADJ_rate_baixo""]",DEP_acl:relcl_rate_baixo + DEP_cop_rate_baixo + POS_ADJ_rate_baixo,"[""49c7b8fa8b16"", ""b04786a48144""]",49c7b8fa8b16,162,0.1125,True,1,"[""DEP_acl:relcl"", ""DEP_cop"", ""adjetivacao""]",DEP_acl:relcl|DEP_cop|adjetivacao,False,True,True,0.33541019662496846,research_only,outside_review_top20,
8652d9d1ddba,"[""DEP_cc_rate_alto"", ""DEP_xcomp_rate_baixo"", ""POS_CCONJ_rate_alto""]",DEP_cc_rate_alto + DEP_xcomp_rate_baixo + POS_CCONJ_rate_alto,"[""4091bc1b0bd2"", ""b8c033db9e89""]",b8c033db9e89,162,0.1125,True,1,"[""DEP_xcomp"", ""coordenacao""]",DEP_xcomp|coordenacao,True,True,True,0.33541019662496846,research_only,outside_review_top20,
8bf706de094b,"[""DEP_advcl_rate_baixo"", ""DEP_nummod_rate_alto"", ""POS_NUM_rate_alto""]",DEP_advcl_rate_baixo + DEP_nummod_rate_alto + POS_NUM_rate_alto,"[""11906857dedb"", ""8d24b9db5b6c"", ""d6eb27ff4fb5""]",8d24b9db5b6c,162,0.1125,True,1,"[""DEP_advcl"", ""numerais""]",DEP_advcl|numerais,True,True,True,0.33541019662496846,research_only,outside_review_top20,
a87a2bf72038,"[""DEP_advmod_rate_alto"", ""DEP_cop_rate_baixo"", ""POS_ADV_rate_alto""]",DEP_advmod_rate_alto + DEP_cop_rate_baixo + POS_ADV_rate_alto,"[""04d521173e8d"", ""954ad73d1557""]",954ad73d1557,162,0.1125,True,1,"[""DEP_cop"", ""modificacao_adverbial""]",DEP_cop|modificacao_adverbial,True,True,True,0.33541019662496846,research_only,outside_review_top20,
ba942b17df4e,"[""DEP_acl:relcl_rate_baixo"", ""DEP_cop_rate_baixo"", ""POS_SCONJ_rate_baixo""]",DEP_acl:relcl_rate_baixo + DEP_cop_rate_baixo + POS_SCONJ_rate_baixo,"[""717b117c5f92""]",717b117c5f92,162,0.1125,True,1,"[""DEP_acl:relcl"", ""DEP_cop"", ""subordinacao""]",DEP_acl:relcl|DEP_cop|subordinacao,False,True,True,0.33541019662496846,research_only,outside_review_top20,
c6b09d875854,"[""DEP_acl:relcl_rate_baixo"", ""DEP_case_rate_alto"", ""DEP_cop_rate_baixo""]",DEP_acl:relcl_rate_baixo + DEP_case_rate_alto + DEP_cop_rate_baixo,"[""70d13a05bbe9"", ""8f5e566608b8""]",8f5e566608b8,162,0.1125,True,1,"[""DEP_acl:relcl"", ""DEP_cop"", ""relacoes_preposicionais""]",DEP_acl:relcl|DEP_cop|relacoes_preposicionais,False,True,True,0.33541019662496846,research_only,outside_review_top20,
ed1e150ddb72,"[""DEP_mark_rate_baixo"", ""DEP_xcomp_rate_baixo"", ""POS_VERB_rate_baixo""]",DEP_mark_rate_baixo + DEP_xcomp_rate_baixo + POS_VERB_rate_baixo,"[""38986b10c359"", ""46c3ba599967"", ""577b5a5c3ff4""]",46c3ba599967,162,0.1125,True,1,"[""DEP_xcomp"", ""POS_VERB"", ""subordinacao""]",DEP_xcomp|POS_VERB|subordinacao,False,True,True,0.33541019662496846,research_only,outside_review_top20,
083a43fa84e0,"[""DEP_acl_rate_alto"", ""DEP_advcl_rate_baixo"", ""DEP_aux:pass_rate_baixo""]",DEP_acl_rate_alto + DEP_advcl_rate_baixo + DEP_aux:pass_rate_baixo,"[""2b5dc5106e7f"", ""9ebbbd6d4119""]",2b5dc5106e7f,172,0.11944444444444445,True,0.96999999999999997,"[""DEP_acl"", ""DEP_advcl"", ""auxiliares""]",DEP_acl|DEP_advcl|auxiliares,False,True,True,0.3352391352121315,research_only,outside_review_top20,
d722999d518b,"[""DEP_advcl_rate_baixo"", ""DEP_aux:pass_rate_baixo"", ""diversidade_baixo""]",DEP_advcl_rate_baixo + DEP_aux:pass_rate_baixo + diversidade_baixo,"[""eebba237a5fd"", ""f0eb66fab219""]",f0eb66fab219,168,0.11666666666666667,True,0.97999999999999998,"[""DEP_advcl"", ""auxiliares"", ""diversidade""]",DEP_advcl|auxiliares|diversidade,False,True,True,0.33473372502134685,research_only,outside_review_top20,
2074804ca4e6,"[""DEP_case_rate_alto"", ""DEP_det_rate_baixo"", ""POS_DET_rate_baixo""]",DEP_case_rate_alto + DEP_det_rate_baixo + POS_DET_rate_baixo,"[""15228b820cc2"", ""6bbabc5a4045""]",6bbabc5a4045,161,0.11180555555555556,True,1,"[""determinacao"", ""relacoes_preposicionais""]",determinacao|relacoes_preposicionais,True,True,True,0.33437337746231466,research_only,outside_review_top20,
33368ade2204,"[""DEP_aux:pass_rate_baixo"", ""DEP_nmod_rate_alto"", ""DEP_xcomp_rate_baixo""]",DEP_aux:pass_rate_baixo + DEP_nmod_rate_alto + DEP_xcomp_rate_baixo,"[""e0eb5b382585""]",e0eb5b382585,161,0.11180555555555556,True,1,"[""DEP_nmod"", ""DEP_xcomp"", ""auxiliares""]",DEP_nmod|DEP_xcomp|auxiliares,False,True,True,0.33437337746231466,research_only,outside_review_top20,
340d9d5c17e8,"[""DEP_acl:relcl_rate_baixo"", ""DEP_nsubj:pass_rate_baixo"", ""POS_ADP_rate_alto""]",DEP_acl:relcl_rate_baixo + DEP_nsubj:pass_rate_baixo + POS_ADP_rate_alto,"[""0512684641f9""]",0512684641f9,161,0.11180555555555556,True,1,"[""DEP_acl:relcl"", ""DEP_nsubj:pass"", ""relacoes_preposicionais""]",DEP_acl:relcl|DEP_nsubj:pass|relacoes_preposicionais,False,True,True,0.33437337746231466,research_only,outside_review_top20,
65c9f85eca95,"[""DEP_ccomp_rate_baixo"", ""DEP_cop_rate_baixo"", ""POS_ADJ_rate_baixo""]",DEP_ccomp_rate_baixo + DEP_cop_rate_baixo + POS_ADJ_rate_baixo,"[""1b79d2b9a669""]",1b79d2b9a669,161,0.11180555555555556,True,1,"[""DEP_ccomp"", ""DEP_cop"", ""adjetivacao""]",DEP_ccomp|DEP_cop|adjetivacao,False,True,True,0.33437337746231466,research_only,outside_review_top20,
69d1ab0137ae,"[""DEP_acl:relcl_rate_baixo"", ""DEP_mark_rate_baixo"", ""DEP_xcomp_rate_baixo""]",DEP_acl:relcl_rate_baixo + DEP_mark_rate_baixo + DEP_xcomp_rate_baixo,"[""412440c3bac7""]",412440c3bac7,161,0.11180555555555556,True,1,"[""DEP_acl:relcl"", ""DEP_xcomp"", ""subordinacao""]",DEP_acl:relcl|DEP_xcomp|subordinacao,False,True,True,0.33437337746231466,research_only,outside_review_top20,
8acc45274237,"[""DEP_acl:relcl_rate_baixo"", ""DEP_advcl_rate_alto"", ""DEP_cop_rate_baixo""]",DEP_acl:relcl_rate_baixo + DEP_advcl_rate_alto + DEP_cop_rate_baixo,"[""4aba47780df0"", ""fb03a42a5b41""]",4aba47780df0,161,0.11180555555555556,True,1,"[""DEP_acl:relcl"", ""DEP_advcl"", ""DEP_cop""]",DEP_acl:relcl|DEP_advcl|DEP_cop,False,True,True,0.33437337746231466,research_only,outside_review_top20,
a62b32b834ee,"[""DEP_nsubj:pass_rate_baixo"", ""DEP_xcomp_rate_baixo"", ""POS_PROPN_rate_alto""]",DEP_nsubj:pass_rate_baixo + DEP_xcomp_rate_baixo + POS_PROPN_rate_alto,"[""1e3ef1c021cc""]",1e3ef1c021cc,161,0.11180555555555556,True,1,"[""DEP_nsubj:pass"", ""DEP_xcomp"", ""POS_PROPN""]",DEP_nsubj:pass|DEP_xcomp|POS_PROPN,False,True,True,0.33437337746231466,research_only,outside_review_top20,
d01efae4ac91,"[""DEP_nummod_rate_baixo"", ""DEP_xcomp_rate_alto"", ""POS_NUM_rate_baixo""]",DEP_nummod_rate_baixo + DEP_xcomp_rate_alto + POS_NUM_rate_baixo,"[""5c25d9658f1e"", ""c9cac0127c41"", ""e0c00df4c259""]",5c25d9658f1e,161,0.11180555555555556,True,1,"[""DEP_xcomp"", ""numerais""]",DEP_xcomp|numerais,True,True,True,0.33437337746231466,research_only,outside_review_top20,
dded2f6fb8ae,"[""DEP_acl_rate_baixo"", ""DEP_advcl_rate_baixo"", ""DEP_nmod_rate_alto""]",DEP_acl_rate_baixo + DEP_advcl_rate_baixo + DEP_nmod_rate_alto,"[""24a0db436de9"", ""e3be1b773a1f""]",e3be1b773a1f,161,0.11180555555555556,True,1,"[""DEP_acl"", ""DEP_advcl"", ""DEP_nmod""]",DEP_acl|DEP_advcl|DEP_nmod,False,True,True,0.33437337746231466,research_only,outside_review_top20,
e12a4ac24aa1,"[""DEP_advcl_rate_baixo"", ""DEP_ccomp_rate_alto"", ""DEP_nummod_rate_baixo""]",DEP_advcl_rate_baixo + DEP_ccomp_rate_alto + DEP_nummod_rate_baixo,"[""9ef98808165d""]",9ef98808165d,161,0.11180555555555556,True,1,"[""DEP_advcl"", ""DEP_ccomp"", ""numerais""]",DEP_advcl|DEP_ccomp|numerais,False,True,True,0.33437337746231466,research_only,outside_review_top20,
fa0fa196b7fc,"[""DEP_ccomp_rate_baixo"", ""DEP_xcomp_rate_baixo"", ""POS_ADP_rate_alto""]",DEP_ccomp_rate_baixo + DEP_xcomp_rate_baixo + POS_ADP_rate_alto,"[""0c1cc7492698"", ""41c6a98b6b30""]",0c1cc7492698,161,0.11180555555555556,True,1,"[""DEP_ccomp"", ""DEP_xcomp"", ""relacoes_preposicionais""]",DEP_ccomp|DEP_xcomp|relacoes_preposicionais,False,True,True,0.33437337746231466,research_only,outside_review_top20,
ffe51e1849ea,"[""DEP_case_rate_baixo"", ""POS_ADP_rate_baixo"", ""POS_NUM_rate_baixo""]",DEP_case_rate_baixo + POS_ADP_rate_baixo + POS_NUM_rate_baixo,"[""5ac5e11b2ca7"", ""962a5e2dbf5c"", ""b1aed244a20f""]",5ac5e11b2ca7,161,0.11180555555555556,True,1,"[""numerais"", ""relacoes_preposicionais""]",numerais|relacoes_preposicionais,True,True,True,0.33437337746231466,research_only,outside_review_top20,
dcd1725d0949,"[""DEP_aux:pass_rate_baixo"", ""DEP_ccomp_rate_baixo"", ""POS_ADJ_rate_alto""]",DEP_aux:pass_rate_baixo + DEP_ccomp_rate_baixo + POS_ADJ_rate_alto,"[""1265865d67ff"", ""932c097b596c""]",1265865d67ff,171,0.11874999999999999,True,0.96999999999999997,"[""DEP_ccomp"", ""adjetivacao"", ""auxiliares""]",DEP_ccomp|adjetivacao|auxiliares,False,True,True,0.33426318223818785,research_only,outside_review_top20,
41f10c8d976d,"[""DEP_amod_rate_alto"", ""uppercaseRatio_baixo""]",DEP_amod_rate_alto + uppercaseRatio_baixo,"[""cf014d4cf764""]",cf014d4cf764,190,0.13194444444444445,True,0.92000000000000004,"[""adjetivacao"", ""uppercaseRatio""]",adjetivacao|uppercaseRatio,False,False,True,0.33418225233811832,research_only,outside_review_top20,
bb9fa45a457c,"[""DEP_advcl_rate_alto"", ""DEP_cop_rate_baixo""]",DEP_advcl_rate_alto + DEP_cop_rate_baixo,"[""f075d2bbf210""]",f075d2bbf210,250,0.1736111111111111,True,0.80000000000000004,"[""DEP_advcl"", ""DEP_cop""]",DEP_advcl|DEP_cop,False,True,True,0.33333333333333337,research_only,outside_review_top20,
02533c1b2057,"[""DEP_nsubj:pass_rate_baixo"", ""DEP_nsubj_rate_alto"", ""uppercaseRatio_baixo""]",DEP_nsubj:pass_rate_baixo + DEP_nsubj_rate_alto + uppercaseRatio_baixo,"[""86fb0aede1b7""]",86fb0aede1b7,160,0.1111111111111111,True,1,"[""DEP_nsubj"", ""DEP_nsubj:pass"", ""uppercaseRatio""]",DEP_nsubj|DEP_nsubj:pass|uppercaseRatio,False,True,True,0.33333333333333331,research_only,outside_review_top20,
201259605646,"[""DEP_case_rate_baixo"", ""DEP_mark_rate_alto"", ""POS_ADP_rate_baixo""]",DEP_case_rate_baixo + DEP_mark_rate_alto + POS_ADP_rate_baixo,"[""88e9f5e9cf8c"", ""db3f642d986c""]",db3f642d986c,160,0.1111111111111111,True,1,"[""relacoes_preposicionais"", ""subordinacao""]",relacoes_preposicionais|subordinacao,True,True,True,0.33333333333333331,research_only,outside_review_top20,
20144fa24471,"[""DEP_acl_rate_baixo"", ""DEP_conj_rate_baixo"", ""POS_CCONJ_rate_baixo""]",DEP_acl_rate_baixo + DEP_conj_rate_baixo + POS_CCONJ_rate_baixo,"[""bc3f656d687d"", ""f7497ad73319""]",bc3f656d687d,160,0.1111111111111111,True,1,"[""DEP_acl"", ""coordenacao""]",DEP_acl|coordenacao,True,True,True,0.33333333333333331,research_only,outside_review_top20,
23e76cd151c7,"[""DEP_nsubj:pass_rate_baixo"", ""DEP_nsubj_rate_alto"", ""POS_PRON_rate_alto""]",DEP_nsubj:pass_rate_baixo + DEP_nsubj_rate_alto + POS_PRON_rate_alto,"[""645bf5fb43a4""]",645bf5fb43a4,160,0.1111111111111111,True,1,"[""DEP_nsubj"", ""DEP_nsubj:pass"", ""POS_PRON""]",DEP_nsubj|DEP_nsubj:pass|POS_PRON,False,True,True,0.33333333333333331,research_only,outside_review_top20,
3ca5ea287759,"[""DEP_nummod_rate_baixo"", ""POS_NOUN_rate_baixo"", ""POS_NUM_rate_baixo""]",DEP_nummod_rate_baixo + POS_NOUN_rate_baixo + POS_NUM_rate_baixo,"[""3cf9b822f492"", ""5fbae3770c29""]",3cf9b822f492,160,0.1111111111111111,True,1,"[""POS_NOUN"", ""numerais""]",POS_NOUN|numerais,True,True,True,0.33333333333333331,research_only,outside_review_top20,
615abbd50497,"[""DEP_acl:relcl_rate_baixo"", ""DEP_xcomp_rate_baixo"", ""POS_SCONJ_rate_baixo""]",DEP_acl:relcl_rate_baixo + DEP_xcomp_rate_baixo + POS_SCONJ_rate_baixo,"[""12e6b9048634""]",12e6b9048634,160,0.1111111111111111,True,1,"[""DEP_acl:relcl"", ""DEP_xcomp"", ""subordinacao""]",DEP_acl:relcl|DEP_xcomp|subordinacao,False,True,True,0.33333333333333331,research_only,outside_review_top20,
76097d198c60,"[""DEP_cc_rate_baixo"", ""POS_CCONJ_rate_baixo"", ""POS_NUM_rate_baixo""]",DEP_cc_rate_baixo + POS_CCONJ_rate_baixo + POS_NUM_rate_baixo,"[""4a584361de56"", ""5c71d5dac255""]",4a584361de56,160,0.1111111111111111,True,1,"[""coordenacao"", ""numerais""]",coordenacao|numerais,True,True,True,0.33333333333333331,research_only,outside_review_top20,
7f249a626ce3,"[""DEP_advcl_rate_baixo"", ""DEP_nmod_rate_alto"", ""DEP_xcomp_rate_baixo""]",DEP_advcl_rate_baixo + DEP_nmod_rate_alto + DEP_xcomp_rate_baixo,"[""58842a377f09"", ""8857f6f38834""]",8857f6f38834,160,0.1111111111111111,True,1,"[""DEP_advcl"", ""DEP_nmod"", ""DEP_xcomp""]",DEP_advcl|DEP_nmod|DEP_xcomp,False,True,True,0.33333333333333331,research_only,outside_review_top20,
bd6345e34d4f,"[""DEP_ccomp_rate_baixo"", ""DEP_cop_rate_baixo"", ""POS_NOUN_rate_alto""]",DEP_ccomp_rate_baixo + DEP_cop_rate_baixo + POS_NOUN_rate_alto,"[""dc361e95982a"", ""f3c79949a3cc""]",dc361e95982a,160,0.1111111111111111,True,1,"[""DEP_ccomp"", ""DEP_cop"", ""POS_NOUN""]",DEP_ccomp|DEP_cop|POS_NOUN,False,True,True,0.33333333333333331,research_only,outside_review_top20,
4959112985ff,"[""DEP_advcl_rate_baixo"", ""DEP_appos_rate_alto"", ""DEP_ccomp_rate_baixo""]",DEP_advcl_rate_baixo + DEP_appos_rate_alto + DEP_ccomp_rate_baixo,"[""39810f7afbf1"", ""cf82a6c7ccd7""]",cf82a6c7ccd7,163,0.11319444444444444,True,0.98999999999999999,"[""DEP_advcl"", ""DEP_appos"", ""DEP_ccomp""]",DEP_advcl|DEP_appos|DEP_ccomp,False,True,True,0.33307938243007479,research_only,outside_review_top20,
816890584ac5,"[""DEP_aux:pass_rate_baixo"", ""DEP_conj_rate_alto"", ""DEP_nummod_rate_baixo""]",DEP_aux:pass_rate_baixo + DEP_conj_rate_alto + DEP_nummod_rate_baixo,"[""422ca3a62fc2"", ""4cc69ac85623""]",422ca3a62fc2,163,0.11319444444444444,True,0.98999999999999999,"[""auxiliares"", ""coordenacao"", ""numerais""]",auxiliares|coordenacao|numerais,False,True,True,0.33307938243007479,research_only,outside_review_top20,
8bcccd408e9f,"[""DEP_advmod_rate_baixo"", ""DEP_cop_rate_baixo"", ""DEP_xcomp_rate_baixo""]",DEP_advmod_rate_baixo + DEP_cop_rate_baixo + DEP_xcomp_rate_baixo,"[""3539486b0395"", ""c00576fba8f2""]",c00576fba8f2,163,0.11319444444444444,True,0.98999999999999999,"[""DEP_cop"", ""DEP_xcomp"", ""modificacao_adverbial""]",DEP_cop|DEP_xcomp|modificacao_adverbial,False,True,True,0.33307938243007479,research_only,outside_review_top20,
94a965b43682,"[""DEP_advcl_rate_baixo"", ""DEP_aux:pass_rate_baixo"", ""DEP_cc_rate_alto""]",DEP_advcl_rate_baixo + DEP_aux:pass_rate_baixo + DEP_cc_rate_alto,"[""0fc5296421eb"", ""7a3ed619e007""]",7a3ed619e007,180,0.125,True,0.93999999999999995,"[""DEP_advcl"", ""auxiliares"", ""coordenacao""]",DEP_advcl|auxiliares|coordenacao,False,True,True,0.33234018715767732,research_only,outside_review_top20,
09599e34026d,"[""DEP_acl:relcl_rate_baixo"", ""DEP_amod_rate_alto"", ""POS_ADJ_rate_alto""]",DEP_acl:relcl_rate_baixo + DEP_amod_rate_alto + POS_ADJ_rate_alto,"[""296e372a6617"", ""a070c44ce3f8""]",296e372a6617,159,0.11041666666666666,True,1,"[""DEP_acl:relcl"", ""adjetivacao""]",DEP_acl:relcl|adjetivacao,True,True,True,0.33229003395628143,research_only,outside_review_top20,
0f0a058b2ffc,"[""DEP_advcl_rate_baixo"", ""DEP_cop_rate_baixo"", ""POS_ADP_rate_alto""]",DEP_advcl_rate_baixo + DEP_cop_rate_baixo + POS_ADP_rate_alto,"[""3ec00fc384e4"", ""ad0da8634d7f""]",ad0da8634d7f,159,0.11041666666666666,True,1,"[""DEP_advcl"", ""DEP_cop"", ""relacoes_preposicionais""]",DEP_advcl|DEP_cop|relacoes_preposicionais,False,True,True,0.33229003395628143,research_only,outside_review_top20,
71d9cad446ed,"[""DEP_acl:relcl_rate_baixo"", ""DEP_acl_rate_alto"", ""DEP_cop_rate_baixo""]",DEP_acl:relcl_rate_baixo + DEP_acl_rate_alto + DEP_cop_rate_baixo,"[""1a6832e97c6d"", ""41970e1fffb3""]",41970e1fffb3,159,0.11041666666666666,True,1,"[""DEP_acl"", ""DEP_acl:relcl"", ""DEP_cop""]",DEP_acl|DEP_acl:relcl|DEP_cop,False,True,True,0.33229003395628143,research_only,outside_review_top20,
7c4f8eb4c5a7,"[""DEP_amod_rate_alto"", ""DEP_nummod_rate_baixo"", ""POS_NUM_rate_baixo""]",DEP_amod_rate_alto + DEP_nummod_rate_baixo + POS_NUM_rate_baixo,"[""57f40fb7913a"", ""a6ac434648f0""]",57f40fb7913a,159,0.11041666666666666,True,1,"[""adjetivacao"", ""numerais""]",adjetivacao|numerais,True,True,True,0.33229003395628143,research_only,outside_review_top20,
984ff898e918,"[""DEP_advcl_rate_baixo"", ""DEP_xcomp_rate_baixo"", ""POS_PRON_rate_baixo""]",DEP_advcl_rate_baixo + DEP_xcomp_rate_baixo + POS_PRON_rate_baixo,"[""504264276900"", ""a85d8af78697""]",504264276900,159,0.11041666666666666,True,1,"[""DEP_advcl"", ""DEP_xcomp"", ""POS_PRON""]",DEP_advcl|DEP_xcomp|POS_PRON,False,True,True,0.33229003395628143,research_only,outside_review_top20,
b70e85055014,"[""DEP_acl:relcl_rate_alto"", ""DEP_nummod_rate_baixo"", ""POS_NUM_rate_baixo""]",DEP_acl:relcl_rate_alto + DEP_nummod_rate_baixo + POS_NUM_rate_baixo,"[""19c0403fbbc2"", ""6b0ddc44f2c4""]",6b0ddc44f2c4,159,0.11041666666666666,True,1,"[""DEP_acl:relcl"", ""numerais""]",DEP_acl:relcl|numerais,True,True,True,0.33229003395628143,research_only,outside_review_top20,
d356698882fe,"[""DEP_nummod_rate_baixo"", ""POS_CCONJ_rate_baixo"", ""POS_NUM_rate_baixo""]",DEP_nummod_rate_baixo + POS_CCONJ_rate_baixo + POS_NUM_rate_baixo,"[""4f931641abc9"", ""62ca70c4020e""]",62ca70c4020e,159,0.11041666666666666,True,1,"[""coordenacao"", ""numerais""]",coordenacao|numerais,True,True,True,0.33229003395628143,research_only,outside_review_top20,
dce52e7d08f8,"[""DEP_conj_rate_alto"", ""DEP_nummod_rate_baixo"", ""POS_NUM_rate_baixo""]",DEP_conj_rate_alto + DEP_nummod_rate_baixo + POS_NUM_rate_baixo,"[""3f0dc2f6450b"", ""e434873bcfe0""]",e434873bcfe0,159,0.11041666666666666,True,1,"[""coordenacao"", ""numerais""]",coordenacao|numerais,True,True,True,0.33229003395628143,research_only,outside_review_top20,
e21795ff4de9,"[""DEP_advcl_rate_baixo"", ""DEP_mark_rate_baixo"", ""DEP_nmod_rate_alto""]",DEP_advcl_rate_baixo + DEP_mark_rate_baixo + DEP_nmod_rate_alto,"[""299cecc25c69"", ""51813953d116""]",51813953d116,159,0.11041666666666666,True,1,"[""DEP_advcl"", ""DEP_nmod"", ""subordinacao""]",DEP_advcl|DEP_nmod|subordinacao,False,True,True,0.33229003395628143,research_only,outside_review_top20,
e2aa6911bd0e,"[""DEP_ccomp_rate_baixo"", ""DEP_nmod_rate_alto"", ""DEP_xcomp_rate_baixo""]",DEP_ccomp_rate_baixo + DEP_nmod_rate_alto + DEP_xcomp_rate_baixo,"[""08e63cffe176"", ""54260b4cc16f""]",54260b4cc16f,159,0.11041666666666666,True,1,"[""DEP_ccomp"", ""DEP_nmod"", ""DEP_xcomp""]",DEP_ccomp|DEP_nmod|DEP_xcomp,False,True,True,0.33229003395628143,research_only,outside_review_top20,
e4b43f8ce7b1,"[""DEP_ccomp_rate_baixo"", ""DEP_cop_rate_baixo"", ""DEP_obj_rate_alto""]",DEP_ccomp_rate_baixo + DEP_cop_rate_baixo + DEP_obj_rate_alto,"[""0c8d41f0158c""]",0c8d41f0158c,159,0.11041666666666666,True,1,"[""DEP_ccomp"", ""DEP_cop"", ""DEP_obj""]",DEP_ccomp|DEP_cop|DEP_obj,False,True,True,0.33229003395628143,research_only,outside_review_top20,
278d93d18775,"[""DEP_acl:relcl_rate_baixo"", ""DEP_aux:pass_rate_baixo"", ""DEP_flat:name_rate_alto""]",DEP_acl:relcl_rate_baixo + DEP_aux:pass_rate_baixo + DEP_flat:name_rate_alto,"[""8aa4c4b0e595""]",8aa4c4b0e595,162,0.1125,True,0.98999999999999999,"[""DEP_acl:relcl"", ""DEP_flat:name"", ""auxiliares""]",DEP_acl:relcl|DEP_flat:name|auxiliares,False,True,True,0.33205609465871877,research_only,outside_review_top20,
bd2b6d363646,"[""DEP_aux:pass_rate_baixo"", ""DEP_cc_rate_alto"", ""DEP_ccomp_rate_baixo""]",DEP_aux:pass_rate_baixo + DEP_cc_rate_alto + DEP_ccomp_rate_baixo,"[""7d2df97b0f8b"", ""b18316ab2a43""]",b18316ab2a43,179,0.12430555555555556,True,0.93999999999999995,"[""DEP_ccomp"", ""auxiliares"", ""coordenacao""]",DEP_ccomp|auxiliares|coordenacao,False,True,True,0.3314157342204635,research_only,outside_review_top20,
2a35217ec6db,"[""DEP_acl_rate_baixo"", ""DEP_nsubj_rate_alto"", ""DEP_nummod_rate_baixo""]",DEP_acl_rate_baixo + DEP_nsubj_rate_alto + DEP_nummod_rate_baixo,"[""2910c0c7af8a"", ""d524579ca2a4""]",2910c0c7af8a,158,0.10972222222222222,True,1,"[""DEP_acl"", ""DEP_nsubj"", ""numerais""]",DEP_acl|DEP_nsubj|numerais,False,True,True,0.33124344857252985,research_only,outside_review_top20,
34c3d5a4aaca,"[""DEP_case_rate_baixo"", ""DEP_nsubj:pass_rate_baixo"", ""DEP_obj_rate_alto""]",DEP_case_rate_baixo + DEP_nsubj:pass_rate_baixo + DEP_obj_rate_alto,"[""5c7eae208259""]",5c7eae208259,158,0.10972222222222222,True,1,"[""DEP_nsubj:pass"", ""DEP_obj"", ""relacoes_preposicionais""]",DEP_nsubj:pass|DEP_obj|relacoes_preposicionais,False,True,True,0.33124344857252985,research_only,outside_review_top20,
446cbef061b7,"[""DEP_advcl_rate_baixo"", ""DEP_nmod_rate_alto"", ""POS_SCONJ_rate_baixo""]",DEP_advcl_rate_baixo + DEP_nmod_rate_alto + POS_SCONJ_rate_baixo,"[""11735b009dd7"", ""49e6df49ce6e""]",11735b009dd7,158,0.10972222222222222,True,1,"[""DEP_advcl"", ""DEP_nmod"", ""subordinacao""]",DEP_advcl|DEP_nmod|subordinacao,False,True,True,0.33124344857252985,research_only,outside_review_top20,
4f0d238ac891,"[""DEP_acl:relcl_rate_baixo"", ""DEP_appos_rate_alto"", ""DEP_xcomp_rate_baixo""]",DEP_acl:relcl_rate_baixo + DEP_appos_rate_alto + DEP_xcomp_rate_baixo,"[""2bb2b367cafc"", ""c569d220ce29""]",c569d220ce29,158,0.10972222222222222,True,1,"[""DEP_acl:relcl"", ""DEP_appos"", ""DEP_xcomp""]",DEP_acl:relcl|DEP_appos|DEP_xcomp,False,True,True,0.33124344857252985,research_only,outside_review_top20,
749616b65649,"[""DEP_advcl_rate_baixo"", ""DEP_ccomp_rate_baixo"", ""DEP_obj_rate_baixo""]",DEP_advcl_rate_baixo + DEP_ccomp_rate_baixo + DEP_obj_rate_baixo,"[""9c5cae8f2917""]",9c5cae8f2917,158,0.10972222222222222,True,1,"[""DEP_advcl"", ""DEP_ccomp"", ""DEP_obj""]",DEP_advcl|DEP_ccomp|DEP_obj,False,False,True,0.33124344857252985,research_only,outside_review_top20,
7b1c840ceeb3,"[""DEP_acl:relcl_rate_baixo"", ""DEP_nsubj:pass_rate_baixo"", ""DEP_nsubj_rate_alto""]",DEP_acl:relcl_rate_baixo + DEP_nsubj:pass_rate_baixo + DEP_nsubj_rate_alto,"[""9700fe6ef79c""]",9700fe6ef79c,158,0.10972222222222222,True,1,"[""DEP_acl:relcl"", ""DEP_nsubj"", ""DEP_nsubj:pass""]",DEP_acl:relcl|DEP_nsubj|DEP_nsubj:pass,False,True,True,0.33124344857252985,research_only,outside_review_top20,
80bdb481eb8b,"[""DEP_case_rate_baixo"", ""DEP_obj_rate_alto"", ""POS_ADP_rate_baixo""]",DEP_case_rate_baixo + DEP_obj_rate_alto + POS_ADP_rate_baixo,"[""36c0626d8678"", ""56a5cde88ba1""]",36c0626d8678,158,0.10972222222222222,True,1,"[""DEP_obj"", ""relacoes_preposicionais""]",DEP_obj|relacoes_preposicionais,True,True,True,0.33124344857252985,research_only,outside_review_top20,
8fb79cc922ff,"[""DEP_acl:relcl_rate_baixo"", ""DEP_cop_rate_baixo"", ""DEP_mark_rate_baixo""]",DEP_acl:relcl_rate_baixo + DEP_cop_rate_baixo + DEP_mark_rate_baixo,"[""f5b94cecdd1b""]",f5b94cecdd1b,158,0.10972222222222222,True,1,"[""DEP_acl:relcl"", ""DEP_cop"", ""subordinacao""]",DEP_acl:relcl|DEP_cop|subordinacao,False,True,True,0.33124344857252985,research_only,outside_review_top20,
92f0764c1c02,"[""DEP_advcl_rate_baixo"", ""DEP_case_rate_alto"", ""DEP_mark_rate_baixo""]",DEP_advcl_rate_baixo + DEP_case_rate_alto + DEP_mark_rate_baixo,"[""c9e67808867c"", ""ce52096f3dd3""]",ce52096f3dd3,158,0.10972222222222222,True,1,"[""DEP_advcl"", ""relacoes_preposicionais"", ""subordinacao""]",DEP_advcl|relacoes_preposicionais|subordinacao,False,True,True,0.33124344857252985,research_only,outside_review_top20,
9bf90070880c,"[""DEP_nummod_rate_baixo"", ""POS_ADV_rate_alto"", ""POS_NUM_rate_baixo""]",DEP_nummod_rate_baixo + POS_ADV_rate_alto + POS_NUM_rate_baixo,"[""cd648ab86489"", ""fed7f72a0360""]",cd648ab86489,158,0.10972222222222222,True,1,"[""modificacao_adverbial"", ""numerais""]",modificacao_adverbial|numerais,True,True,True,0.33124344857252985,research_only,outside_review_top20,
a7888f354ce9,"[""DEP_case_rate_baixo"", ""POS_ADP_rate_baixo"", ""POS_SCONJ_rate_alto""]",DEP_case_rate_baixo + POS_ADP_rate_baixo + POS_SCONJ_rate_alto,"[""1c4c76944183"", ""734cd7283395""]",1c4c76944183,158,0.10972222222222222,True,1,"[""relacoes_preposicionais"", ""subordinacao""]",relacoes_preposicionais|subordinacao,True,True,True,0.33124344857252985,research_only,outside_review_top20,
b86c3f759ea8,"[""DEP_det_rate_alto"", ""POS_ADP_rate_baixo"", ""POS_DET_rate_alto""]",DEP_det_rate_alto + POS_ADP_rate_baixo + POS_DET_rate_alto,"[""5d6f7befa501"", ""c35c45b9e72b""]",c35c45b9e72b,158,0.10972222222222222,True,1,"[""determinacao"", ""relacoes_preposicionais""]",determinacao|relacoes_preposicionais,True,True,True,0.33124344857252985,research_only,outside_review_top20,
e2cca888e24f,"[""DEP_cop_rate_baixo"", ""DEP_nsubj:pass_rate_baixo"", ""POS_ADP_rate_alto""]",DEP_cop_rate_baixo + DEP_nsubj:pass_rate_baixo + POS_ADP_rate_alto,"[""aeaa6176f749""]",aeaa6176f749,158,0.10972222222222222,True,1,"[""DEP_cop"", ""DEP_nsubj:pass"", ""relacoes_preposicionais""]",DEP_cop|DEP_nsubj:pass|relacoes_preposicionais,False,True,True,0.33124344857252985,research_only,outside_review_top20,
f1e3786ede9c,"[""DEP_advcl_rate_baixo"", ""DEP_nmod_rate_alto"", ""POS_VERB_rate_baixo""]",DEP_advcl_rate_baixo + DEP_nmod_rate_alto + POS_VERB_rate_baixo,"[""0dbba7adce3e"", ""6967cc0667ec""]",6967cc0667ec,158,0.10972222222222222,True,1,"[""DEP_advcl"", ""DEP_nmod"", ""POS_VERB""]",DEP_advcl|DEP_nmod|POS_VERB,False,True,True,0.33124344857252985,research_only,outside_review_top20,
fc0e9af7028e,"[""DEP_nummod_rate_baixo"", ""POS_NUM_rate_baixo"", ""uppercaseRatio_alto""]",DEP_nummod_rate_baixo + POS_NUM_rate_baixo + uppercaseRatio_alto,"[""388f154fd545"", ""f1e1af7f5311""]",f1e1af7f5311,158,0.10972222222222222,True,1,"[""numerais"", ""uppercaseRatio""]",numerais|uppercaseRatio,True,True,True,0.33124344857252985,research_only,outside_review_top20,
45e97bf6a41d,"[""DEP_advcl_rate_baixo"", ""DEP_det_rate_alto"", ""DEP_nsubj:pass_rate_baixo""]",DEP_advcl_rate_baixo + DEP_det_rate_alto + DEP_nsubj:pass_rate_baixo,"[""ebafa7dd65d7""]",ebafa7dd65d7,175,0.12152777777777778,True,0.94999999999999996,"[""DEP_advcl"", ""DEP_nsubj:pass"", ""determinacao""]",DEP_advcl|DEP_nsubj:pass|determinacao,False,True,True,0.33117792716973821,research_only,outside_review_top20,
967618d04d61,"[""DEP_advcl_rate_baixo"", ""DEP_aux:pass_rate_baixo"", ""DEP_det_rate_alto""]",DEP_advcl_rate_baixo + DEP_aux:pass_rate_baixo + DEP_det_rate_alto,"[""459d311aca1b""]",459d311aca1b,161,0.11180555555555556,True,0.98999999999999999,"[""DEP_advcl"", ""auxiliares"", ""determinacao""]",DEP_advcl|auxiliares|determinacao,False,True,True,0.3310296436876915,research_only,outside_review_top20,
f919dcb70bab,"[""DEP_advcl_rate_baixo"", ""DEP_aux:pass_rate_baixo"", ""DEP_cop_rate_alto""]",DEP_advcl_rate_baixo + DEP_aux:pass_rate_baixo + DEP_cop_rate_alto,"[""4cb2947a941d""]",4cb2947a941d,164,0.11388888888888889,True,0.97999999999999998,"[""DEP_advcl"", ""DEP_cop"", ""auxiliares""]",DEP_advcl|DEP_cop|auxiliares,False,True,True,0.33072479327817089,research_only,outside_review_top20,
fdde89857164,"[""DEP_nummod_rate_baixo"", ""DEP_obl_rate_baixo""]",DEP_nummod_rate_baixo + DEP_obl_rate_baixo,"[""1db8b6842788""]",1db8b6842788,234,0.16250000000000001,True,0.81999999999999995,"[""DEP_obl"", ""numerais""]",DEP_obl|numerais,False,True,True,0.33055256768024055,research_only,outside_review_top20,
2d4cb9d53cb6,"[""DEP_acl:relcl_rate_baixo"", ""DEP_nummod_rate_baixo"", ""POS_PROPN_rate_alto""]",DEP_acl:relcl_rate_baixo + DEP_nummod_rate_baixo + POS_PROPN_rate_alto,"[""59eaa901802f"", ""7449bc0cd77d""]",59eaa901802f,157,0.10902777777777778,True,1,"[""DEP_acl:relcl"", ""POS_PROPN"", ""numerais""]",DEP_acl:relcl|POS_PROPN|numerais,False,True,True,0.33019354593598249,research_only,outside_review_top20,
3d927e3b119d,"[""DEP_acl:relcl_rate_baixo"", ""DEP_appos_rate_alto"", ""POS_PRON_rate_baixo""]",DEP_acl:relcl_rate_baixo + DEP_appos_rate_alto + POS_PRON_rate_baixo,"[""ce5386a7585e"", ""e66fd786bba6""]",e66fd786bba6,157,0.10902777777777778,True,1,"[""DEP_acl:relcl"", ""DEP_appos"", ""POS_PRON""]",DEP_acl:relcl|DEP_appos|POS_PRON,False,True,True,0.33019354593598249,research_only,outside_review_top20,
59ef5652ecb0,"[""DEP_acl_rate_baixo"", ""DEP_ccomp_rate_baixo"", ""DEP_nmod_rate_alto""]",DEP_acl_rate_baixo + DEP_ccomp_rate_baixo + DEP_nmod_rate_alto,"[""b64b16066047""]",b64b16066047,157,0.10902777777777778,True,1,"[""DEP_acl"", ""DEP_ccomp"", ""DEP_nmod""]",DEP_acl|DEP_ccomp|DEP_nmod,False,True,True,0.33019354593598249,research_only,outside_review_top20,
77914a2a48b5,"[""DEP_nmod_rate_baixo"", ""DEP_nummod_rate_baixo"", ""POS_ADP_rate_baixo""]",DEP_nmod_rate_baixo + DEP_nummod_rate_baixo + POS_ADP_rate_baixo,"[""04ab1efc000d"", ""5536935ac3e1"", ""c822fa8a6839""]",c822fa8a6839,157,0.10902777777777778,True,1,"[""DEP_nmod"", ""numerais"", ""relacoes_preposicionais""]",DEP_nmod|numerais|relacoes_preposicionais,False,True,True,0.33019354593598249,research_only,outside_review_top20,
7caf676c2de2,"[""DEP_amod_rate_alto"", ""DEP_ccomp_rate_baixo"", ""DEP_cop_rate_baixo""]",DEP_amod_rate_alto + DEP_ccomp_rate_baixo + DEP_cop_rate_baixo,"[""1426a8eee046"", ""b9bfb6cc3d62""]",1426a8eee046,157,0.10902777777777778,True,1,"[""DEP_ccomp"", ""DEP_cop"", ""adjetivacao""]",DEP_ccomp|DEP_cop|adjetivacao,False,True,True,0.33019354593598249,research_only,outside_review_top20,
9d248c247b56,"[""DEP_advcl_rate_baixo"", ""DEP_case_rate_alto"", ""POS_SCONJ_rate_baixo""]",DEP_advcl_rate_baixo + DEP_case_rate_alto + POS_SCONJ_rate_baixo,"[""2ffc47b88f20"", ""c95fce63d026""]",2ffc47b88f20,157,0.10902777777777778,True,1,"[""DEP_advcl"", ""relacoes_preposicionais"", ""subordinacao""]",DEP_advcl|relacoes_preposicionais|subordinacao,False,True,True,0.33019354593598249,research_only,outside_review_top20,
c53943b66e95,"[""DEP_acl_rate_baixo"", ""DEP_aux:pass_rate_baixo"", ""POS_VERB_rate_baixo""]",DEP_acl_rate_baixo + DEP_aux:pass_rate_baixo + POS_VERB_rate_baixo,"[""0c0986859324""]",0c0986859324,157,0.10902777777777778,True,1,"[""DEP_acl"", ""POS_VERB"", ""auxiliares""]",DEP_acl|POS_VERB|auxiliares,False,True,True,0.33019354593598249,research_only,outside_review_top20,
cbed3bd1c220,"[""DEP_advmod_rate_baixo"", ""POS_ADP_rate_alto"", ""POS_ADV_rate_baixo""]",DEP_advmod_rate_baixo + POS_ADP_rate_alto + POS_ADV_rate_baixo,"[""342c57f3fe6b"", ""621d3387f92c""]",342c57f3fe6b,157,0.10902777777777778,True,1,"[""modificacao_adverbial"", ""relacoes_preposicionais""]",modificacao_adverbial|relacoes_preposicionais,True,True,True,0.33019354593598249,research_only,outside_review_top20,
572d803a1ceb,"[""DEP_acl:relcl_rate_baixo"", ""DEP_aux:pass_rate_baixo"", ""punctuationDensity_spacy_alto""]",DEP_acl:relcl_rate_baixo + DEP_aux:pass_rate_baixo + punctuationDensity_spacy_alto,"[""2e4a15e0de79"", ""72349cad3c55""]",2e4a15e0de79,160,0.1111111111111111,True,0.98999999999999999,"[""DEP_acl:relcl"", ""auxiliares"", ""punctuationDensity_spacy""]",DEP_acl:relcl|auxiliares|punctuationDensity_spacy,False,True,True,0.32999999999999996,research_only,outside_review_top20,
ab309874f099,"[""DEP_mark_rate_alto"", ""DEP_nsubj:pass_rate_baixo"", ""POS_NUM_rate_baixo""]",DEP_mark_rate_alto + DEP_nsubj:pass_rate_baixo + POS_NUM_rate_baixo,"[""3b545b42b14e"", ""4d25334ce622""]",3b545b42b14e,160,0.1111111111111111,True,0.98999999999999999,"[""DEP_nsubj:pass"", ""numerais"", ""subordinacao""]",DEP_nsubj:pass|numerais|subordinacao,False,True,True,0.32999999999999996,research_only,outside_review_top20,
017d095d472e,"[""DEP_advmod_rate_baixo"", ""DEP_aux:pass_rate_baixo"", ""POS_AUX_rate_baixo""]",DEP_advmod_rate_baixo + DEP_aux:pass_rate_baixo + POS_AUX_rate_baixo,"[""736a06e7da53""]",736a06e7da53,156,0.10833333333333334,True,1,"[""auxiliares"", ""modificacao_adverbial""]",auxiliares|modificacao_adverbial,True,True,True,0.32914029430219166,research_only,outside_review_top20,
2a26b4c1f85a,"[""DEP_ccomp_rate_baixo"", ""DEP_nsubj_rate_baixo"", ""DEP_xcomp_rate_baixo""]",DEP_ccomp_rate_baixo + DEP_nsubj_rate_baixo + DEP_xcomp_rate_baixo,"[""46bb830d590a"", ""f3b3bdf244f3""]",f3b3bdf244f3,156,0.10833333333333334,True,1,"[""DEP_ccomp"", ""DEP_nsubj"", ""DEP_xcomp""]",DEP_ccomp|DEP_nsubj|DEP_xcomp,False,True,True,0.32914029430219166,research_only,outside_review_top20,
35eea7910e3f,"[""DEP_cc_rate_alto"", ""DEP_ccomp_rate_baixo"", ""DEP_cop_rate_baixo""]",DEP_cc_rate_alto + DEP_ccomp_rate_baixo + DEP_cop_rate_baixo,"[""615c6de16034"", ""91d00cca51ae""]",91d00cca51ae,156,0.10833333333333334,True,1,"[""DEP_ccomp"", ""DEP_cop"", ""coordenacao""]",DEP_ccomp|DEP_cop|coordenacao,False,True,True,0.32914029430219166,research_only,outside_review_top20,
58bfa2cc646c,"[""DEP_aux:pass_rate_baixo"", ""DEP_ccomp_rate_alto"", ""POS_SCONJ_rate_alto""]",DEP_aux:pass_rate_baixo + DEP_ccomp_rate_alto + POS_SCONJ_rate_alto,"[""40f9f7247d5f"", ""a8f3888daeb6""]",a8f3888daeb6,156,0.10833333333333334,True,1,"[""DEP_ccomp"", ""auxiliares"", ""subordinacao""]",DEP_ccomp|auxiliares|subordinacao,False,True,True,0.32914029430219166,research_only,outside_review_top20,
5a8a393e9d99,"[""DEP_acl:relcl_rate_baixo"", ""DEP_mark_rate_baixo"", ""POS_PRON_rate_baixo""]",DEP_acl:relcl_rate_baixo + DEP_mark_rate_baixo + POS_PRON_rate_baixo,"[""247217cf05a7"", ""cef42360d5d5""]",cef42360d5d5,156,0.10833333333333334,True,1,"[""DEP_acl:relcl"", ""POS_PRON"", ""subordinacao""]",DEP_acl:relcl|POS_PRON|subordinacao,False,True,True,0.32914029430219166,research_only,outside_review_top20,
8faf17a8cd85,"[""DEP_advmod_rate_baixo"", ""DEP_nsubj:pass_rate_baixo"", ""POS_AUX_rate_baixo""]",DEP_advmod_rate_baixo + DEP_nsubj:pass_rate_baixo + POS_AUX_rate_baixo,"[""2b7c02ca92a0""]",2b7c02ca92a0,156,0.10833333333333334,True,1,"[""DEP_nsubj:pass"", ""auxiliares"", ""modificacao_adverbial""]",DEP_nsubj:pass|auxiliares|modificacao_adverbial,False,True,True,0.32914029430219166,research_only,outside_review_top20,
ae9c2a5a398b,"[""DEP_acl:relcl_rate_baixo"", ""DEP_nmod_rate_alto"", ""DEP_xcomp_rate_baixo""]",DEP_acl:relcl_rate_baixo + DEP_nmod_rate_alto + DEP_xcomp_rate_baixo,"[""30272c427438"", ""6a509bab2397""]",6a509bab2397,156,0.10833333333333334,True,1,"[""DEP_acl:relcl"", ""DEP_nmod"", ""DEP_xcomp""]",DEP_acl:relcl|DEP_nmod|DEP_xcomp,False,True,True,0.32914029430219166,research_only,outside_review_top20,
ccc0041fcfc5,"[""DEP_ccomp_rate_baixo"", ""DEP_nmod_rate_alto"", ""POS_VERB_rate_baixo""]",DEP_ccomp_rate_baixo + DEP_nmod_rate_alto + POS_VERB_rate_baixo,"[""321c35e873e2"", ""bb9883df88d8""]",321c35e873e2,156,0.10833333333333334,True,1,"[""DEP_ccomp"", ""DEP_nmod"", ""POS_VERB""]",DEP_ccomp|DEP_nmod|POS_VERB,False,True,True,0.32914029430219166,research_only,outside_review_top20,
eb4650bd666d,"[""DEP_acl:relcl_rate_baixo"", ""DEP_det_rate_baixo"", ""DEP_nsubj:pass_rate_baixo""]",DEP_acl:relcl_rate_baixo + DEP_det_rate_baixo + DEP_nsubj:pass_rate_baixo,"[""d47b2d27187e""]",d47b2d27187e,156,0.10833333333333334,True,1,"[""DEP_acl:relcl"", ""DEP_nsubj:pass"", ""determinacao""]",DEP_acl:relcl|DEP_nsubj:pass|determinacao,False,True,True,0.32914029430219166,research_only,outside_review_top20,
4c89cb270964,"[""DEP_acl:relcl_rate_baixo"", ""DEP_nsubj:pass_rate_baixo"", ""POS_DET_rate_baixo""]",DEP_acl:relcl_rate_baixo + DEP_nsubj:pass_rate_baixo + POS_DET_rate_baixo,"[""5754d2a85ecc""]",5754d2a85ecc,159,0.11041666666666666,True,0.98999999999999999,"[""DEP_acl:relcl"", ""DEP_nsubj:pass"", ""determinacao""]",DEP_acl:relcl|DEP_nsubj:pass|determinacao,False,True,True,0.32896713361671859,research_only,outside_review_top20,
58dc36fc3954,"[""DEP_acl_rate_alto"", ""DEP_aux:pass_rate_baixo"", ""DEP_nummod_rate_baixo""]",DEP_acl_rate_alto + DEP_aux:pass_rate_baixo + DEP_nummod_rate_baixo,"[""5f78fcada57f"", ""d5c3aee99135""]",5f78fcada57f,184,0.12777777777777777,True,0.92000000000000004,"[""DEP_acl"", ""auxiliares"", ""numerais""]",DEP_acl|auxiliares|numerais,False,True,True,0.32886336237275066,research_only,outside_review_top20,
413b4701a914,"[""DEP_advmod_rate_alto"", ""uppercaseRatio_baixo""]",DEP_advmod_rate_alto + uppercaseRatio_baixo,"[""56957b554c4f""]",56957b554c4f,205,0.1423611111111111,True,0.87,"[""modificacao_adverbial"", ""uppercaseRatio""]",modificacao_adverbial|uppercaseRatio,False,False,True,0.32825771125748132,research_only,outside_review_top20,
2d4bf07c2ecb,"[""DEP_advcl_rate_baixo"", ""DEP_nsubj:pass_rate_baixo"", ""DEP_obj_rate_alto""]",DEP_advcl_rate_baixo + DEP_nsubj:pass_rate_baixo + DEP_obj_rate_alto,"[""1c395eab0531""]",1c395eab0531,155,0.1076388888888889,True,1,"[""DEP_advcl"", ""DEP_nsubj:pass"", ""DEP_obj""]",DEP_advcl|DEP_nsubj:pass|DEP_obj,False,True,True,0.32808366141715878,research_only,outside_review_top20,
3014e86915d4,"[""DEP_ccomp_rate_alto"", ""DEP_cop_rate_baixo"", ""DEP_nummod_rate_baixo""]",DEP_ccomp_rate_alto + DEP_cop_rate_baixo + DEP_nummod_rate_baixo,"[""bfb474c32361""]",bfb474c32361,155,0.1076388888888889,True,1,"[""DEP_ccomp"", ""DEP_cop"", ""numerais""]",DEP_ccomp|DEP_cop|numerais,False,True,True,0.32808366141715878,research_only,outside_review_top20,
74627a5bd54c,"[""DEP_acl:relcl_rate_baixo"", ""DEP_advcl_rate_baixo"", ""DEP_nsubj_rate_baixo""]",DEP_acl:relcl_rate_baixo + DEP_advcl_rate_baixo + DEP_nsubj_rate_baixo,"[""53d823a4acb9""]",53d823a4acb9,155,0.1076388888888889,True,1,"[""DEP_acl:relcl"", ""DEP_advcl"", ""DEP_nsubj""]",DEP_acl:relcl|DEP_advcl|DEP_nsubj,False,True,True,0.32808366141715878,research_only,outside_review_top20,
798e2852539d,"[""DEP_acl_rate_baixo"", ""DEP_cc_rate_alto"", ""DEP_conj_rate_alto""]",DEP_acl_rate_baixo + DEP_cc_rate_alto + DEP_conj_rate_alto,"[""5fdc0c2bbfba"", ""b6db200f30c8""]",b6db200f30c8,155,0.1076388888888889,True,1,"[""DEP_acl"", ""coordenacao""]",DEP_acl|coordenacao,True,True,True,0.32808366141715878,research_only,outside_review_top20,
81d1f9212c8f,"[""DEP_acl:relcl_rate_baixo"", ""DEP_case_rate_alto"", ""POS_PRON_rate_baixo""]",DEP_acl:relcl_rate_baixo + DEP_case_rate_alto + POS_PRON_rate_baixo,"[""453126d77c1b"", ""b29579a95f06""]",b29579a95f06,155,0.1076388888888889,True,1,"[""DEP_acl:relcl"", ""POS_PRON"", ""relacoes_preposicionais""]",DEP_acl:relcl|POS_PRON|relacoes_preposicionais,False,True,True,0.32808366141715878,research_only,outside_review_top20,
859c0f842cf6,"[""DEP_acl:relcl_rate_baixo"", ""DEP_case_rate_alto"", ""DEP_xcomp_rate_baixo""]",DEP_acl:relcl_rate_baixo + DEP_case_rate_alto + DEP_xcomp_rate_baixo,"[""1bd82609d889"", ""fe78a9f8867d""]",1bd82609d889,155,0.1076388888888889,True,1,"[""DEP_acl:relcl"", ""DEP_xcomp"", ""relacoes_preposicionais""]",DEP_acl:relcl|DEP_xcomp|relacoes_preposicionais,False,True,True,0.32808366141715878,research_only,outside_review_top20,
ae172fb7fa4b,"[""DEP_acl:relcl_rate_baixo"", ""DEP_cop_rate_baixo"", ""POS_PROPN_rate_alto""]",DEP_acl:relcl_rate_baixo + DEP_cop_rate_baixo + POS_PROPN_rate_alto,"[""06ec61aa3b06"", ""a9575c91615b""]",a9575c91615b,155,0.1076388888888889,True,1,"[""DEP_acl:relcl"", ""DEP_cop"", ""POS_PROPN""]",DEP_acl:relcl|DEP_cop|POS_PROPN,False,True,True,0.32808366141715878,research_only,outside_review_top20,
c068b29a118e,"[""DEP_advcl_rate_baixo"", ""DEP_aux:pass_rate_baixo"", ""DEP_obj_rate_baixo""]",DEP_advcl_rate_baixo + DEP_aux:pass_rate_baixo + DEP_obj_rate_baixo,"[""8805bd79e5ae""]",8805bd79e5ae,155,0.1076388888888889,True,1,"[""DEP_advcl"", ""DEP_obj"", ""auxiliares""]",DEP_advcl|DEP_obj|auxiliares,False,True,True,0.32808366141715878,research_only,outside_review_top20,
cb421ebdd90d,"[""DEP_case_rate_baixo"", ""DEP_det_rate_alto"", ""POS_ADP_rate_baixo""]",DEP_case_rate_baixo + DEP_det_rate_alto + POS_ADP_rate_baixo,"[""a809c69f4526"", ""e7d87f7cab10""]",a809c69f4526,155,0.1076388888888889,True,1,"[""determinacao"", ""relacoes_preposicionais""]",determinacao|relacoes_preposicionais,True,True,True,0.32808366141715878,research_only,outside_review_top20,
cf0a9337eb4b,"[""DEP_acl:relcl_rate_baixo"", ""DEP_cop_rate_baixo"", ""uppercaseRatio_alto""]",DEP_acl:relcl_rate_baixo + DEP_cop_rate_baixo + uppercaseRatio_alto,"[""03f2919489d4"", ""c017c46ec419""]",03f2919489d4,155,0.1076388888888889,True,1,"[""DEP_acl:relcl"", ""DEP_cop"", ""uppercaseRatio""]",DEP_acl:relcl|DEP_cop|uppercaseRatio,False,True,True,0.32808366141715878,research_only,outside_review_top20,
d55cb11cb78d,"[""DEP_case_rate_alto"", ""DEP_ccomp_rate_baixo"", ""DEP_xcomp_rate_baixo""]",DEP_case_rate_alto + DEP_ccomp_rate_baixo + DEP_xcomp_rate_baixo,"[""98e90c727110"", ""aea54af0d423""]",98e90c727110,155,0.1076388888888889,True,1,"[""DEP_ccomp"", ""DEP_xcomp"", ""relacoes_preposicionais""]",DEP_ccomp|DEP_xcomp|relacoes_preposicionais,False,True,True,0.32808366141715878,research_only,outside_review_top20,
d678871299cd,"[""DEP_aux:pass_rate_baixo"", ""DEP_obj_rate_alto"", ""POS_NUM_rate_baixo""]",DEP_aux:pass_rate_baixo + DEP_obj_rate_alto + POS_NUM_rate_baixo,"[""bfb7ea136bc9""]",bfb7ea136bc9,155,0.1076388888888889,True,1,"[""DEP_obj"", ""auxiliares"", ""numerais""]",DEP_obj|auxiliares|numerais,False,True,True,0.32808366141715878,research_only,outside_review_top20,
dfcb95452e21,"[""DEP_acl:relcl_rate_baixo"", ""DEP_cop_rate_baixo"", ""DEP_nummod_rate_alto""]",DEP_acl:relcl_rate_baixo + DEP_cop_rate_baixo + DEP_nummod_rate_alto,"[""5555264c6f09"", ""a88e3e5c4c9f""]",a88e3e5c4c9f,155,0.1076388888888889,True,1,"[""DEP_acl:relcl"", ""DEP_cop"", ""numerais""]",DEP_acl:relcl|DEP_cop|numerais,False,True,True,0.32808366141715878,research_only,outside_review_top20,
f279077e8529,"[""DEP_ccomp_rate_baixo"", ""DEP_cop_rate_baixo"", ""POS_VERB_rate_baixo""]",DEP_ccomp_rate_baixo + DEP_cop_rate_baixo + POS_VERB_rate_baixo,"[""b8af3ce4c65b""]",b8af3ce4c65b,155,0.1076388888888889,True,1,"[""DEP_ccomp"", ""DEP_cop"", ""POS_VERB""]",DEP_ccomp|DEP_cop|POS_VERB,False,True,True,0.32808366141715878,research_only,outside_review_top20,
14c436a5b7c9,"[""DEP_cop_rate_baixo"", ""DEP_nummod_rate_baixo"", ""POS_VERB_rate_alto""]",DEP_cop_rate_baixo + DEP_nummod_rate_baixo + POS_VERB_rate_alto,"[""1ac68645c230"", ""4f4982192cf1""]",1ac68645c230,158,0.10972222222222222,True,0.98999999999999999,"[""DEP_cop"", ""POS_VERB"", ""numerais""]",DEP_cop|POS_VERB|numerais,False,True,True,0.32793101408680453,research_only,outside_review_top20,
34bd11a979f0,"[""DEP_advcl_rate_baixo"", ""DEP_aux:pass_rate_baixo"", ""POS_NUM_rate_alto""]",DEP_advcl_rate_baixo + DEP_aux:pass_rate_baixo + POS_NUM_rate_alto,"[""932db486b9cb""]",932db486b9cb,158,0.10972222222222222,True,0.98999999999999999,"[""DEP_advcl"", ""auxiliares"", ""numerais""]",DEP_advcl|auxiliares|numerais,False,True,True,0.32793101408680453,research_only,outside_review_top20,
8595e72bbbd5,"[""DEP_acl_rate_baixo"", ""POS_PROPN_rate_alto""]",DEP_acl_rate_baixo + POS_PROPN_rate_alto,"[""7aba8d900cdc""]",7aba8d900cdc,204,0.14166666666666666,True,0.87,"[""DEP_acl"", ""POS_PROPN""]",DEP_acl|POS_PROPN,False,True,True,0.32745610392845026,research_only,outside_review_top20,
a4db448ecb62,"[""DEP_acl_rate_baixo"", ""DEP_aux:pass_rate_baixo"", ""POS_SCONJ_rate_baixo""]",DEP_acl_rate_baixo + DEP_aux:pass_rate_baixo + POS_SCONJ_rate_baixo,"[""267e91166c61""]",267e91166c61,186,0.12916666666666668,True,0.91000000000000003,"[""DEP_acl"", ""auxiliares"", ""subordinacao""]",DEP_acl|auxiliares|subordinacao,False,True,True,0.32705185623485872,research_only,outside_review_top20,
076e608f623b,"[""DEP_advcl_rate_baixo"", ""DEP_nmod_rate_alto"", ""DEP_nummod_rate_baixo""]",DEP_advcl_rate_baixo + DEP_nmod_rate_alto + DEP_nummod_rate_baixo,"[""8d551b4ee695""]",8d551b4ee695,154,0.10694444444444444,True,1,"[""DEP_advcl"", ""DEP_nmod"", ""numerais""]",DEP_advcl|DEP_nmod|numerais,False,True,True,0.32702361450580969,research_only,outside_review_top20,
10f8c5b28cdd,"[""DEP_appos_rate_alto"", ""DEP_cc_rate_baixo"", ""POS_CCONJ_rate_baixo""]",DEP_appos_rate_alto + DEP_cc_rate_baixo + POS_CCONJ_rate_baixo,"[""aa0e3627ef05"", ""c29c0cb2bb71""]",c29c0cb2bb71,154,0.10694444444444444,True,1,"[""DEP_appos"", ""coordenacao""]",DEP_appos|coordenacao,True,True,True,0.32702361450580969,research_only,outside_review_top20,
245fb07938aa,"[""DEP_acl:relcl_rate_alto"", ""DEP_aux:pass_rate_baixo"", ""POS_PRON_rate_alto""]",DEP_acl:relcl_rate_alto + DEP_aux:pass_rate_baixo + POS_PRON_rate_alto,"[""56ede8fd8893"", ""af9cdfe4a008"", ""eb26dff4f20e""]",af9cdfe4a008,154,0.10694444444444444,True,1,"[""DEP_acl:relcl"", ""POS_PRON"", ""auxiliares""]",DEP_acl:relcl|POS_PRON|auxiliares,False,True,True,0.32702361450580969,research_only,outside_review_top20,
5e0374e9014d,"[""DEP_acl:relcl_rate_baixo"", ""DEP_ccomp_rate_alto"", ""DEP_cop_rate_baixo""]",DEP_acl:relcl_rate_baixo + DEP_ccomp_rate_alto + DEP_cop_rate_baixo,"[""443356699b40""]",443356699b40,154,0.10694444444444444,True,1,"[""DEP_acl:relcl"", ""DEP_ccomp"", ""DEP_cop""]",DEP_acl:relcl|DEP_ccomp|DEP_cop,False,True,True,0.32702361450580969,research_only,outside_review_top20,
5f8fcbbdf99e,"[""DEP_case_rate_baixo"", ""DEP_nmod_rate_baixo"", ""DEP_nummod_rate_baixo""]",DEP_case_rate_baixo + DEP_nmod_rate_baixo + DEP_nummod_rate_baixo,"[""6fa73763e202"", ""8aced9eecf67"", ""acee033cd8e8""]",acee033cd8e8,154,0.10694444444444444,True,1,"[""DEP_nmod"", ""numerais"", ""relacoes_preposicionais""]",DEP_nmod|numerais|relacoes_preposicionais,False,True,True,0.32702361450580969,research_only,outside_review_top20,
76999f4dcc0e,"[""DEP_case_rate_alto"", ""DEP_nmod_rate_alto"", ""DEP_xcomp_rate_baixo""]",DEP_case_rate_alto + DEP_nmod_rate_alto + DEP_xcomp_rate_baixo,"[""0e25313cf942"", ""a4e05c44a5fa"", ""bd1ed517ce23""]",0e25313cf942,154,0.10694444444444444,True,1,"[""DEP_nmod"", ""DEP_xcomp"", ""relacoes_preposicionais""]",DEP_nmod|DEP_xcomp|relacoes_preposicionais,False,True,True,0.32702361450580969,research_only,outside_review_top20,
a313d4834ded,"[""DEP_ccomp_rate_baixo"", ""DEP_flat:name_rate_baixo"", ""POS_PROPN_rate_baixo""]",DEP_ccomp_rate_baixo + DEP_flat:name_rate_baixo + POS_PROPN_rate_baixo,"[""28cb3a11b1d4"", ""ddc88eb73a44""]",28cb3a11b1d4,154,0.10694444444444444,True,1,"[""DEP_ccomp"", ""DEP_flat:name"", ""POS_PROPN""]",DEP_ccomp|DEP_flat:name|POS_PROPN,False,True,True,0.32702361450580969,research_only,outside_review_top20,
bf2579316c9c,"[""DEP_advmod_rate_baixo"", ""DEP_cop_rate_baixo"", ""POS_AUX_rate_baixo""]",DEP_advmod_rate_baixo + DEP_cop_rate_baixo + POS_AUX_rate_baixo,"[""2a40c39d184c""]",2a40c39d184c,154,0.10694444444444444,True,1,"[""DEP_cop"", ""auxiliares"", ""modificacao_adverbial""]",DEP_cop|auxiliares|modificacao_adverbial,False,True,True,0.32702361450580969,research_only,outside_review_top20,
c7d3c100af19,"[""DEP_acl:relcl_rate_baixo"", ""DEP_aux:pass_rate_baixo"", ""POS_ADP_rate_alto""]",DEP_acl:relcl_rate_baixo + DEP_aux:pass_rate_baixo + POS_ADP_rate_alto,"[""76d3cb05a571""]",76d3cb05a571,154,0.10694444444444444,True,1,"[""DEP_acl:relcl"", ""auxiliares"", ""relacoes_preposicionais""]",DEP_acl:relcl|auxiliares|relacoes_preposicionais,False,True,True,0.32702361450580969,research_only,outside_review_top20,
cc43da3a7025,"[""DEP_acl:relcl_rate_baixo"", ""DEP_aux:pass_rate_baixo"", ""DEP_obj_rate_alto""]",DEP_acl:relcl_rate_baixo + DEP_aux:pass_rate_baixo + DEP_obj_rate_alto,"[""317fe104e367""]",317fe104e367,154,0.10694444444444444,True,1,"[""DEP_acl:relcl"", ""DEP_obj"", ""auxiliares""]",DEP_acl:relcl|DEP_obj|auxiliares,False,True,True,0.32702361450580969,research_only,outside_review_top20,
dab9809d11f9,"[""DEP_acl:relcl_rate_baixo"", ""DEP_nummod_rate_alto"", ""POS_PRON_rate_baixo""]",DEP_acl:relcl_rate_baixo + DEP_nummod_rate_alto + POS_PRON_rate_baixo,"[""74ccbaf092de"", ""9c2f62e87ea8""]",9c2f62e87ea8,154,0.10694444444444444,True,1,"[""DEP_acl:relcl"", ""POS_PRON"", ""numerais""]",DEP_acl:relcl|POS_PRON|numerais,False,True,True,0.32702361450580969,research_only,outside_review_top20,
dae7fafacc59,"[""DEP_advcl_rate_baixo"", ""DEP_cop_rate_baixo"", ""DEP_nsubj_rate_baixo""]",DEP_advcl_rate_baixo + DEP_cop_rate_baixo + DEP_nsubj_rate_baixo,"[""5d26dcd43959""]",5d26dcd43959,154,0.10694444444444444,True,1,"[""DEP_advcl"", ""DEP_cop"", ""DEP_nsubj""]",DEP_advcl|DEP_cop|DEP_nsubj,False,True,True,0.32702361450580969,research_only,outside_review_top20,
e71e5844d1ff,"[""DEP_aux:pass_rate_baixo"", ""DEP_ccomp_rate_alto"", ""DEP_mark_rate_alto""]",DEP_aux:pass_rate_baixo + DEP_ccomp_rate_alto + DEP_mark_rate_alto,"[""5d6762fb3973"", ""d929fbeb9afa""]",d929fbeb9afa,154,0.10694444444444444,True,1,"[""DEP_ccomp"", ""auxiliares"", ""subordinacao""]",DEP_ccomp|auxiliares|subordinacao,False,True,True,0.32702361450580969,research_only,outside_review_top20,
f6aea2aea9ab,"[""DEP_case_rate_baixo"", ""DEP_mark_rate_alto"", ""POS_SCONJ_rate_alto""]",DEP_case_rate_baixo + DEP_mark_rate_alto + POS_SCONJ_rate_alto,"[""b8eb89dcb6d8"", ""d345ae2fe527""]",b8eb89dcb6d8,154,0.10694444444444444,True,1,"[""relacoes_preposicionais"", ""subordinacao""]",relacoes_preposicionais|subordinacao,True,True,True,0.32702361450580969,research_only,outside_review_top20,
686de1b9ed5b,"[""DEP_advcl_rate_baixo"", ""DEP_ccomp_rate_baixo"", ""POS_AUX_rate_baixo""]",DEP_advcl_rate_baixo + DEP_ccomp_rate_baixo + POS_AUX_rate_baixo,"[""a0ba3fdb6f90""]",a0ba3fdb6f90,157,0.10902777777777778,True,0.98999999999999999,"[""DEP_advcl"", ""DEP_ccomp"", ""auxiliares""]",DEP_advcl|DEP_ccomp|auxiliares,False,True,True,0.32689161047662268,research_only,outside_review_top20,
8842437c709d,"[""DEP_acl:relcl_rate_baixo"", ""DEP_cc_rate_alto"", ""POS_PRON_rate_baixo""]",DEP_acl:relcl_rate_baixo + DEP_cc_rate_alto + POS_PRON_rate_baixo,"[""0ba767ecfd96"", ""c69a66b335bd""]",0ba767ecfd96,163,0.11319444444444444,True,0.96999999999999997,"[""DEP_acl:relcl"", ""POS_PRON"", ""coordenacao""]",DEP_acl:relcl|POS_PRON|coordenacao,False,True,True,0.326350506017346,research_only,outside_review_top20,
6e0bc967e9df,"[""DEP_advcl_rate_baixo"", ""DEP_advmod_rate_baixo"", ""DEP_nsubj:pass_rate_baixo""]",DEP_advcl_rate_baixo + DEP_advmod_rate_baixo + DEP_nsubj:pass_rate_baixo,"[""4513ef5e02ed""]",4513ef5e02ed,217,0.15069444444444444,True,0.83999999999999997,"[""DEP_advcl"", ""DEP_nsubj:pass"", ""modificacao_adverbial""]",DEP_advcl|DEP_nsubj:pass|modificacao_adverbial,False,True,True,0.32608281156785923,research_only,outside_review_top20,
063ee429fa8c,"[""DEP_nsubj:pass_rate_baixo"", ""DEP_xcomp_rate_baixo"", ""POS_ADP_rate_alto""]",DEP_nsubj:pass_rate_baixo + DEP_xcomp_rate_baixo + POS_ADP_rate_alto,"[""e31081f749a2""]",e31081f749a2,153,0.10625,True,1,"[""DEP_nsubj:pass"", ""DEP_xcomp"", ""relacoes_preposicionais""]",DEP_nsubj:pass|DEP_xcomp|relacoes_preposicionais,False,True,True,0.32596012026013244,research_only,outside_review_top20,
0a037e04a844,"[""DEP_acl:relcl_rate_baixo"", ""DEP_acl_rate_alto"", ""POS_PRON_rate_baixo""]",DEP_acl:relcl_rate_baixo + DEP_acl_rate_alto + POS_PRON_rate_baixo,"[""5ec3f595d86d"", ""c6d581fb0fc4""]",5ec3f595d86d,153,0.10625,True,1,"[""DEP_acl"", ""DEP_acl:relcl"", ""POS_PRON""]",DEP_acl|DEP_acl:relcl|POS_PRON,False,True,True,0.32596012026013244,research_only,outside_review_top20,
11bbe394e949,"[""DEP_acl:relcl_rate_baixo"", ""DEP_nsubj:pass_rate_baixo"", ""DEP_nsubj_rate_baixo""]",DEP_acl:relcl_rate_baixo + DEP_nsubj:pass_rate_baixo + DEP_nsubj_rate_baixo,"[""606d6e65c1a6""]",606d6e65c1a6,153,0.10625,True,1,"[""DEP_acl:relcl"", ""DEP_nsubj"", ""DEP_nsubj:pass""]",DEP_acl:relcl|DEP_nsubj|DEP_nsubj:pass,False,True,True,0.32596012026013244,research_only,outside_review_top20,
1dba465f635b,"[""DEP_case_rate_baixo"", ""DEP_det_rate_alto"", ""POS_DET_rate_alto""]",DEP_case_rate_baixo + DEP_det_rate_alto + POS_DET_rate_alto,"[""14fab910525d"", ""edfad02b513b""]",edfad02b513b,153,0.10625,True,1,"[""determinacao"", ""relacoes_preposicionais""]",determinacao|relacoes_preposicionais,True,True,True,0.32596012026013244,research_only,outside_review_top20,
220fdf29cb3e,"[""DEP_advmod_rate_alto"", ""DEP_case_rate_baixo"", ""POS_ADV_rate_alto""]",DEP_advmod_rate_alto + DEP_case_rate_baixo + POS_ADV_rate_alto,"[""89d9b2ade47f"", ""c583216cd356""]",c583216cd356,153,0.10625,True,1,"[""modificacao_adverbial"", ""relacoes_preposicionais""]",modificacao_adverbial|relacoes_preposicionais,True,True,True,0.32596012026013244,research_only,outside_review_top20,
2d957a5f374e,"[""DEP_acl:relcl_rate_baixo"", ""DEP_ccomp_rate_alto"", ""POS_SCONJ_rate_alto""]",DEP_acl:relcl_rate_baixo + DEP_ccomp_rate_alto + POS_SCONJ_rate_alto,"[""4a02cd46ea91"", ""57633e59880a"", ""5a94dc5882c2""]",4a02cd46ea91,153,0.10625,True,1,"[""DEP_acl:relcl"", ""DEP_ccomp"", ""subordinacao""]",DEP_acl:relcl|DEP_ccomp|subordinacao,False,True,True,0.32596012026013244,research_only,outside_review_top20,
318887044361,"[""DEP_acl:relcl_rate_baixo"", ""DEP_xcomp_rate_baixo"", ""POS_ADP_rate_alto""]",DEP_acl:relcl_rate_baixo + DEP_xcomp_rate_baixo + POS_ADP_rate_alto,"[""00598716e29e"", ""aa5e9619d6bc""]",00598716e29e,153,0.10625,True,1,"[""DEP_acl:relcl"", ""DEP_xcomp"", ""relacoes_preposicionais""]",DEP_acl:relcl|DEP_xcomp|relacoes_preposicionais,False,True,True,0.32596012026013244,research_only,outside_review_top20,
3cdcfa46ff0a,"[""DEP_advmod_rate_baixo"", ""DEP_appos_rate_alto"", ""POS_ADV_rate_baixo""]",DEP_advmod_rate_baixo + DEP_appos_rate_alto + POS_ADV_rate_baixo,"[""729744ff1229"", ""db966d1a50b1""]",729744ff1229,153,0.10625,True,1,"[""DEP_appos"", ""modificacao_adverbial""]",DEP_appos|modificacao_adverbial,True,True,True,0.32596012026013244,research_only,outside_review_top20,
51170ae4e791,"[""DEP_cop_rate_alto"", ""DEP_nummod_rate_baixo"", ""POS_AUX_rate_alto""]",DEP_cop_rate_alto + DEP_nummod_rate_baixo + POS_AUX_rate_alto,"[""3dec3a097b48"", ""6e732c33a4d7"", ""8606e3113393""]",3dec3a097b48,153,0.10625,True,1,"[""DEP_cop"", ""auxiliares"", ""numerais""]",DEP_cop|auxiliares|numerais,False,True,True,0.32596012026013244,research_only,outside_review_top20,
63cd3599e5f1,"[""DEP_acl:relcl_rate_baixo"", ""POS_PRON_rate_baixo"", ""POS_SCONJ_rate_baixo""]",DEP_acl:relcl_rate_baixo + POS_PRON_rate_baixo + POS_SCONJ_rate_baixo,"[""1b8a785178bf"", ""8feac5f10f48""]",1b8a785178bf,153,0.10625,True,1,"[""DEP_acl:relcl"", ""POS_PRON"", ""subordinacao""]",DEP_acl:relcl|POS_PRON|subordinacao,False,True,True,0.32596012026013244,research_only,outside_review_top20,
64fc3f28992f,"[""DEP_cop_rate_baixo"", ""DEP_xcomp_rate_baixo"", ""POS_ADV_rate_baixo""]",DEP_cop_rate_baixo + DEP_xcomp_rate_baixo + POS_ADV_rate_baixo,"[""40adbadd90e3"", ""6ad579f39b7b""]",40adbadd90e3,153,0.10625,True,1,"[""DEP_cop"", ""DEP_xcomp"", ""modificacao_adverbial""]",DEP_cop|DEP_xcomp|modificacao_adverbial,False,True,True,0.32596012026013244,research_only,outside_review_top20,
66f6e440b888,"[""DEP_acl_rate_baixo"", ""DEP_appos_rate_alto"", ""DEP_nummod_rate_baixo""]",DEP_acl_rate_baixo + DEP_appos_rate_alto + DEP_nummod_rate_baixo,"[""4890bc42fa09"", ""ab1f6ec290c0""]",ab1f6ec290c0,153,0.10625,True,1,"[""DEP_acl"", ""DEP_appos"", ""numerais""]",DEP_acl|DEP_appos|numerais,False,True,True,0.32596012026013244,research_only,outside_review_top20,
6ae09d16fb39,"[""DEP_aux:pass_rate_baixo"", ""DEP_ccomp_rate_baixo"", ""DEP_nsubj_rate_baixo""]",DEP_aux:pass_rate_baixo + DEP_ccomp_rate_baixo + DEP_nsubj_rate_baixo,"[""6a2d920f5b74""]",6a2d920f5b74,153,0.10625,True,1,"[""DEP_ccomp"", ""DEP_nsubj"", ""auxiliares""]",DEP_ccomp|DEP_nsubj|auxiliares,False,True,True,0.32596012026013244,research_only,outside_review_top20,
b052809b5aba,"[""DEP_acl_rate_baixo"", ""DEP_amod_rate_baixo"", ""POS_ADJ_rate_baixo""]",DEP_acl_rate_baixo + DEP_amod_rate_baixo + POS_ADJ_rate_baixo,"[""4634e1fbb8f9"", ""d02bdc652754"", ""f1d04c86d92d""]",4634e1fbb8f9,153,0.10625,True,1,"[""DEP_acl"", ""adjetivacao""]",DEP_acl|adjetivacao,True,True,True,0.32596012026013244,research_only,outside_review_top20,
b17c90d535e3,"[""DEP_advmod_rate_baixo"", ""DEP_flat:name_rate_alto"", ""POS_ADV_rate_baixo""]",DEP_advmod_rate_baixo + DEP_flat:name_rate_alto + POS_ADV_rate_baixo,"[""a14b16730017"", ""f9af4b4789c2""]",f9af4b4789c2,153,0.10625,True,1,"[""DEP_flat:name"", ""modificacao_adverbial""]",DEP_flat:name|modificacao_adverbial,True,True,True,0.32596012026013244,research_only,outside_review_top20,
c1cca9f98ef1,"[""DEP_ccomp_rate_baixo"", ""DEP_xcomp_rate_baixo"", ""POS_ADV_rate_baixo""]",DEP_ccomp_rate_baixo + DEP_xcomp_rate_baixo + POS_ADV_rate_baixo,"[""b1afa3eba4b8"", ""f5a9cdc7ba4d""]",f5a9cdc7ba4d,153,0.10625,True,1,"[""DEP_ccomp"", ""DEP_xcomp"", ""modificacao_adverbial""]",DEP_ccomp|DEP_xcomp|modificacao_adverbial,False,True,True,0.32596012026013244,research_only,outside_review_top20,
d6653a7c843d,"[""DEP_advmod_rate_baixo"", ""POS_ADV_rate_baixo"", ""uppercaseRatio_baixo""]",DEP_advmod_rate_baixo + POS_ADV_rate_baixo + uppercaseRatio_baixo,"[""527f687a01c3"", ""86dab6a5f8ff""]",527f687a01c3,153,0.10625,True,1,"[""modificacao_adverbial"", ""uppercaseRatio""]",modificacao_adverbial|uppercaseRatio,True,False,True,0.32596012026013244,research_only,outside_review_top20,
a2753099b8a0,"[""DEP_aux:pass_rate_baixo"", ""DEP_nmod_rate_alto"", ""DEP_nummod_rate_baixo""]",DEP_aux:pass_rate_baixo + DEP_nmod_rate_alto + DEP_nummod_rate_baixo,"[""923919b63bd7""]",923919b63bd7,156,0.10833333333333334,True,0.98999999999999999,"[""DEP_nmod"", ""auxiliares"", ""numerais""]",DEP_nmod|auxiliares|numerais,False,True,True,0.32584889135916972,research_only,outside_review_top20,
11b1591dcb4b,"[""DEP_case_rate_baixo"", ""POS_VERB_rate_alto""]",DEP_case_rate_baixo + POS_VERB_rate_alto,"[""76dfd10b066a"", ""c29eb6ff6988""]",76dfd10b066a,193,0.13402777777777777,True,0.89000000000000001,"[""POS_VERB"", ""relacoes_preposicionais""]",POS_VERB|relacoes_preposicionais,False,True,True,0.32582725910791716,research_only,outside_review_top20,
d6b3a4a1c767,"[""DEP_advcl_rate_baixo"", ""DEP_nsubj:pass_rate_baixo"", ""POS_NUM_rate_alto""]",DEP_advcl_rate_baixo + DEP_nsubj:pass_rate_baixo + POS_NUM_rate_alto,"[""e01b92a20d06""]",e01b92a20d06,165,0.11458333333333333,True,0.95999999999999996,"[""DEP_advcl"", ""DEP_nsubj:pass"", ""numerais""]",DEP_advcl|DEP_nsubj:pass|numerais,False,True,True,0.32496153618543838,research_only,outside_review_top20,
11cfdc03987d,"[""DEP_ccomp_rate_baixo"", ""DEP_conj_rate_alto"", ""DEP_cop_rate_baixo""]",DEP_ccomp_rate_baixo + DEP_conj_rate_alto + DEP_cop_rate_baixo,"[""617fecaed5bd"", ""efa0a403fe95""]",617fecaed5bd,152,0.10555555555555556,True,1,"[""DEP_ccomp"", ""DEP_cop"", ""coordenacao""]",DEP_ccomp|DEP_cop|coordenacao,False,True,True,0.32489314482696546,research_only,outside_review_top20,
14f2b18daa3c,"[""DEP_ccomp_rate_baixo"", ""POS_PROPN_rate_baixo"", ""uppercaseRatio_baixo""]",DEP_ccomp_rate_baixo + POS_PROPN_rate_baixo + uppercaseRatio_baixo,"[""b74f2e5e05ec""]",b74f2e5e05ec,152,0.10555555555555556,True,1,"[""DEP_ccomp"", ""POS_PROPN"", ""uppercaseRatio""]",DEP_ccomp|POS_PROPN|uppercaseRatio,False,False,True,0.32489314482696546,research_only,outside_review_top20,
1d7726461bee,"[""DEP_det_rate_alto"", ""DEP_xcomp_rate_baixo"", ""POS_DET_rate_alto""]",DEP_det_rate_alto + DEP_xcomp_rate_baixo + POS_DET_rate_alto,"[""269f915a0721"", ""9a7cab4ba2e6""]",9a7cab4ba2e6,152,0.10555555555555556,True,1,"[""DEP_xcomp"", ""determinacao""]",DEP_xcomp|determinacao,True,True,True,0.32489314482696546,research_only,outside_review_top20,
254caf885eaf,"[""DEP_nummod_rate_baixo"", ""POS_ADJ_rate_alto"", ""POS_NUM_rate_baixo""]",DEP_nummod_rate_baixo + POS_ADJ_rate_alto + POS_NUM_rate_baixo,"[""19bb7667e278"", ""9e85102ee0ae""]",19bb7667e278,152,0.10555555555555556,True,1,"[""adjetivacao"", ""numerais""]",adjetivacao|numerais,True,True,True,0.32489314482696546,research_only,outside_review_top20,
2fb680c2ea28,"[""DEP_case_rate_alto"", ""DEP_nsubj_rate_baixo"", ""POS_ADP_rate_alto""]",DEP_case_rate_alto + DEP_nsubj_rate_baixo + POS_ADP_rate_alto,"[""5e149a634796"", ""f8e41f0337b9""]",f8e41f0337b9,152,0.10555555555555556,True,1,"[""DEP_nsubj"", ""relacoes_preposicionais""]",DEP_nsubj|relacoes_preposicionais,True,True,True,0.32489314482696546,research_only,outside_review_top20,
394ec27a9181,"[""DEP_acl:relcl_rate_baixo"", ""DEP_cop_rate_baixo"", ""POS_VERB_rate_alto""]",DEP_acl:relcl_rate_baixo + DEP_cop_rate_baixo + POS_VERB_rate_alto,"[""947e82851d6c""]",947e82851d6c,152,0.10555555555555556,True,1,"[""DEP_acl:relcl"", ""DEP_cop"", ""POS_VERB""]",DEP_acl:relcl|DEP_cop|POS_VERB,False,True,True,0.32489314482696546,research_only,outside_review_top20,
574037e7fa79,"[""DEP_case_rate_baixo"", ""DEP_cop_rate_baixo"", ""POS_ADP_rate_baixo""]",DEP_case_rate_baixo + DEP_cop_rate_baixo + POS_ADP_rate_baixo,"[""2dc44ff815e3"", ""c1f8be6a27ae""]",c1f8be6a27ae,152,0.10555555555555556,True,1,"[""DEP_cop"", ""relacoes_preposicionais""]",DEP_cop|relacoes_preposicionais,True,True,True,0.32489314482696546,research_only,outside_review_top20,
717227f5e034,"[""DEP_aux:pass_rate_alto"", ""DEP_nsubj:pass_rate_alto"", ""POS_AUX_rate_alto""]",DEP_aux:pass_rate_alto + DEP_nsubj:pass_rate_alto + POS_AUX_rate_alto,"[""8bcaf3a9bab1"", ""b4495141d258"", ""bfe199dd3760""]",bfe199dd3760,152,0.10555555555555556,True,1,"[""DEP_nsubj:pass"", ""auxiliares""]",DEP_nsubj:pass|auxiliares,True,True,True,0.32489314482696546,research_only,same_mechanism_family,
74e08bf00504,"[""DEP_case_rate_alto"", ""DEP_cop_rate_baixo"", ""DEP_xcomp_rate_baixo""]",DEP_case_rate_alto + DEP_cop_rate_baixo + DEP_xcomp_rate_baixo,"[""9180df813563"", ""b5216e9e5c55""]",b5216e9e5c55,152,0.10555555555555556,True,1,"[""DEP_cop"", ""DEP_xcomp"", ""relacoes_preposicionais""]",DEP_cop|DEP_xcomp|relacoes_preposicionais,False,True,True,0.32489314482696546,research_only,outside_review_top20,
a9370ac537f5,"[""DEP_advmod_rate_baixo"", ""POS_ADV_rate_baixo"", ""POS_PROPN_rate_alto""]",DEP_advmod_rate_baixo + POS_ADV_rate_baixo + POS_PROPN_rate_alto,"[""9a32ada49b69"", ""e59bc16c1973""]",e59bc16c1973,152,0.10555555555555556,True,1,"[""POS_PROPN"", ""modificacao_adverbial""]",POS_PROPN|modificacao_adverbial,True,False,True,0.32489314482696546,research_only,outside_review_top20,
b46183664b39,"[""DEP_ccomp_rate_baixo"", ""DEP_xcomp_rate_baixo"", ""POS_PRON_rate_baixo""]",DEP_ccomp_rate_baixo + DEP_xcomp_rate_baixo + POS_PRON_rate_baixo,"[""4a7b17920e77"", ""7bf586977fef""]",7bf586977fef,152,0.10555555555555556,True,1,"[""DEP_ccomp"", ""DEP_xcomp"", ""POS_PRON""]",DEP_ccomp|DEP_xcomp|POS_PRON,False,True,True,0.32489314482696546,research_only,outside_review_top20,
b9889667f4b0,"[""DEP_nummod_rate_baixo"", ""POS_NUM_rate_baixo"", ""punctuationDensity_spacy_alto""]",DEP_nummod_rate_baixo + POS_NUM_rate_baixo + punctuationDensity_spacy_alto,"[""483deb57a41b"", ""82e5aa2d7dac""]",483deb57a41b,152,0.10555555555555556,True,1,"[""numerais"", ""punctuationDensity_spacy""]",numerais|punctuationDensity_spacy,True,True,True,0.32489314482696546,research_only,outside_review_top20,
e4fb04b5f556,"[""DEP_mark_rate_alto"", ""POS_SCONJ_rate_alto"", ""uppercaseRatio_baixo""]",DEP_mark_rate_alto + POS_SCONJ_rate_alto + uppercaseRatio_baixo,"[""1827bed55006"", ""b45d581fe7c2""]",1827bed55006,152,0.10555555555555556,True,1,"[""subordinacao"", ""uppercaseRatio""]",subordinacao|uppercaseRatio,True,True,True,0.32489314482696546,research_only,outside_review_top20,
f401488322e5,"[""DEP_flat:name_rate_alto"", ""DEP_nsubj:pass_rate_baixo"", ""DEP_xcomp_rate_baixo""]",DEP_flat:name_rate_alto + DEP_nsubj:pass_rate_baixo + DEP_xcomp_rate_baixo,"[""ccbc7f2ab9ba""]",ccbc7f2ab9ba,152,0.10555555555555556,True,1,"[""DEP_flat:name"", ""DEP_nsubj:pass"", ""DEP_xcomp""]",DEP_flat:name|DEP_nsubj:pass|DEP_xcomp,False,True,True,0.32489314482696546,research_only,outside_review_top20,
ff02d144c801,"[""DEP_acl:relcl_rate_baixo"", ""DEP_ccomp_rate_alto"", ""DEP_mark_rate_alto""]",DEP_acl:relcl_rate_baixo + DEP_ccomp_rate_alto + DEP_mark_rate_alto,"[""1a874baf0bbf"", ""629ab3866536"", ""7543ee54acdd""]",629ab3866536,152,0.10555555555555556,True,1,"[""DEP_acl:relcl"", ""DEP_ccomp"", ""subordinacao""]",DEP_acl:relcl|DEP_ccomp|subordinacao,False,True,True,0.32489314482696546,research_only,outside_review_top20,
6e52c0ed052d,"[""DEP_acl_rate_baixo"", ""DEP_advmod_rate_baixo"", ""DEP_cop_rate_baixo""]",DEP_acl_rate_baixo + DEP_advmod_rate_baixo + DEP_cop_rate_baixo,"[""007fd37115f5""]",007fd37115f5,155,0.1076388888888889,True,0.98999999999999999,"[""DEP_acl"", ""DEP_cop"", ""modificacao_adverbial""]",DEP_acl|DEP_cop|modificacao_adverbial,False,True,True,0.32480282480298717,research_only,outside_review_top20,
cefc0005d824,"[""DEP_ccomp_rate_baixo"", ""DEP_det_rate_alto"", ""DEP_nummod_rate_baixo""]",DEP_ccomp_rate_baixo + DEP_det_rate_alto + DEP_nummod_rate_baixo,"[""f4fb3cd655a0""]",f4fb3cd655a0,158,0.10972222222222222,True,0.97999999999999998,"[""DEP_ccomp"", ""determinacao"", ""numerais""]",DEP_ccomp|determinacao|numerais,False,True,True,0.32461857960107926,research_only,outside_review_top20,
de7b1770ffba,"[""DEP_acl_rate_baixo"", ""DEP_cop_rate_baixo"", ""DEP_mark_rate_baixo""]",DEP_acl_rate_baixo + DEP_cop_rate_baixo + DEP_mark_rate_baixo,"[""bbbb8453cc47""]",bbbb8453cc47,158,0.10972222222222222,True,0.97999999999999998,"[""DEP_acl"", ""DEP_cop"", ""subordinacao""]",DEP_acl|DEP_cop|subordinacao,False,True,True,0.32461857960107926,research_only,outside_review_top20,
e64f7b100362,"[""DEP_acl:relcl_rate_baixo"", ""DEP_advmod_rate_baixo"", ""DEP_xcomp_rate_baixo""]",DEP_acl:relcl_rate_baixo + DEP_advmod_rate_baixo + DEP_xcomp_rate_baixo,"[""dd0e0c0fbe0a""]",dd0e0c0fbe0a,171,0.11874999999999999,True,0.93999999999999995,"[""DEP_acl:relcl"", ""DEP_xcomp"", ""modificacao_adverbial""]",DEP_acl:relcl|DEP_xcomp|modificacao_adverbial,False,True,True,0.32392514567412017,research_only,outside_review_top20,
03c2ade5126c,"[""DEP_nummod_rate_alto"", ""DEP_xcomp_rate_baixo"", ""POS_NUM_rate_alto""]",DEP_nummod_rate_alto + DEP_xcomp_rate_baixo + POS_NUM_rate_alto,"[""a37bed5f06e6"", ""b3b0d28a1dfe"", ""defc5a705b8e""]",defc5a705b8e,151,0.10486111111111111,True,1,"[""DEP_xcomp"", ""numerais""]",DEP_xcomp|numerais,True,True,True,0.32382265379542413,research_only,outside_review_top20,
0c14af3b8366,"[""DEP_cop_rate_baixo"", ""DEP_nsubj:pass_rate_baixo"", ""DEP_nsubj_rate_baixo""]",DEP_cop_rate_baixo + DEP_nsubj:pass_rate_baixo + DEP_nsubj_rate_baixo,"[""4252d73dfadf""]",4252d73dfadf,151,0.10486111111111111,True,1,"[""DEP_cop"", ""DEP_nsubj"", ""DEP_nsubj:pass""]",DEP_cop|DEP_nsubj|DEP_nsubj:pass,False,True,True,0.32382265379542413,research_only,outside_review_top20,
10f9a490dc46,"[""DEP_ccomp_rate_baixo"", ""POS_ADP_rate_alto"", ""POS_VERB_rate_baixo""]",DEP_ccomp_rate_baixo + POS_ADP_rate_alto + POS_VERB_rate_baixo,"[""0db2ca13a5cc"", ""18022f6eb665""]",18022f6eb665,151,0.10486111111111111,True,1,"[""DEP_ccomp"", ""POS_VERB"", ""relacoes_preposicionais""]",DEP_ccomp|POS_VERB|relacoes_preposicionais,False,True,True,0.32382265379542413,research_only,outside_review_top20,
31f6608f92c1,"[""DEP_cop_rate_baixo"", ""DEP_nmod_rate_alto"", ""POS_ADP_rate_alto""]",DEP_cop_rate_baixo + DEP_nmod_rate_alto + POS_ADP_rate_alto,"[""2e24c6d311d1"", ""6b2cd4d71708"", ""a53e02004d5d""]",a53e02004d5d,151,0.10486111111111111,True,1,"[""DEP_cop"", ""DEP_nmod"", ""relacoes_preposicionais""]",DEP_cop|DEP_nmod|relacoes_preposicionais,False,True,True,0.32382265379542413,research_only,outside_review_top20,
454a8b287ed9,"[""DEP_acl_rate_baixo"", ""DEP_nummod_rate_baixo"", ""POS_SCONJ_rate_baixo""]",DEP_acl_rate_baixo + DEP_nummod_rate_baixo + POS_SCONJ_rate_baixo,"[""db53117b7eef""]",db53117b7eef,151,0.10486111111111111,True,1,"[""DEP_acl"", ""numerais"", ""subordinacao""]",DEP_acl|numerais|subordinacao,False,True,True,0.32382265379542413,research_only,outside_review_top20,
4f8c23a6cef0,"[""DEP_advcl_rate_baixo"", ""DEP_xcomp_rate_baixo"", ""POS_PROPN_rate_alto""]",DEP_advcl_rate_baixo + DEP_xcomp_rate_baixo + POS_PROPN_rate_alto,"[""6684a99749e5"", ""a1fbf649c2ca""]",6684a99749e5,151,0.10486111111111111,True,1,"[""DEP_advcl"", ""DEP_xcomp"", ""POS_PROPN""]",DEP_advcl|DEP_xcomp|POS_PROPN,False,True,True,0.32382265379542413,research_only,outside_review_top20,
5f8cc695f8c6,"[""DEP_acl:relcl_rate_baixo"", ""POS_PRON_rate_baixo"", ""POS_PROPN_rate_alto""]",DEP_acl:relcl_rate_baixo + POS_PRON_rate_baixo + POS_PROPN_rate_alto,"[""16cd63629787"", ""6bddc116755c""]",6bddc116755c,151,0.10486111111111111,True,1,"[""DEP_acl:relcl"", ""POS_PRON"", ""POS_PROPN""]",DEP_acl:relcl|POS_PRON|POS_PROPN,False,True,True,0.32382265379542413,research_only,outside_review_top20,
633b48d1b93f,"[""DEP_mark_rate_baixo"", ""POS_PRON_rate_baixo"", ""POS_SCONJ_rate_baixo""]",DEP_mark_rate_baixo + POS_PRON_rate_baixo + POS_SCONJ_rate_baixo,"[""2b2e1c28bff8"", ""dac82348b9f7""]",dac82348b9f7,151,0.10486111111111111,True,1,"[""POS_PRON"", ""subordinacao""]",POS_PRON|subordinacao,True,True,True,0.32382265379542413,research_only,outside_review_top20,
63746df368e9,"[""DEP_acl_rate_baixo"", ""DEP_flat:name_rate_alto"", ""POS_PROPN_rate_alto""]",DEP_acl_rate_baixo + DEP_flat:name_rate_alto + POS_PROPN_rate_alto,"[""661903fc9ff7"", ""c5aae000cd6b"", ""fe789d6680ec""]",c5aae000cd6b,151,0.10486111111111111,True,1,"[""DEP_acl"", ""DEP_flat:name"", ""POS_PROPN""]",DEP_acl|DEP_flat:name|POS_PROPN,False,True,True,0.32382265379542413,research_only,outside_review_top20,
70038cd7b6a6,"[""DEP_case_rate_alto"", ""DEP_cc_rate_baixo"", ""POS_CCONJ_rate_baixo""]",DEP_case_rate_alto + DEP_cc_rate_baixo + POS_CCONJ_rate_baixo,"[""e899f0825b01"", ""f8c698e78d01""]",f8c698e78d01,151,0.10486111111111111,True,1,"[""coordenacao"", ""relacoes_preposicionais""]",coordenacao|relacoes_preposicionais,True,True,True,0.32382265379542413,research_only,outside_review_top20,
79f62b1dbd0d,"[""DEP_advmod_rate_alto"", ""DEP_nummod_rate_baixo"", ""POS_NUM_rate_baixo""]",DEP_advmod_rate_alto + DEP_nummod_rate_baixo + POS_NUM_rate_baixo,"[""668169a820c0"", ""abf09f466bd7""]",668169a820c0,151,0.10486111111111111,True,1,"[""modificacao_adverbial"", ""numerais""]",modificacao_adverbial|numerais,True,True,True,0.32382265379542413,research_only,outside_review_top20,
8602cb8cbe1f,"[""DEP_acl:relcl_rate_baixo"", ""DEP_ccomp_rate_baixo"", ""DEP_nummod_rate_alto""]",DEP_acl:relcl_rate_baixo + DEP_ccomp_rate_baixo + DEP_nummod_rate_alto,"[""0cd1555975e4""]",0cd1555975e4,151,0.10486111111111111,True,1,"[""DEP_acl:relcl"", ""DEP_ccomp"", ""numerais""]",DEP_acl:relcl|DEP_ccomp|numerais,False,True,True,0.32382265379542413,research_only,outside_review_top20,
9c7505670573,"[""DEP_flat:name_rate_alto"", ""DEP_xcomp_rate_baixo"", ""POS_PROPN_rate_alto""]",DEP_flat:name_rate_alto + DEP_xcomp_rate_baixo + POS_PROPN_rate_alto,"[""046a6ac21f6d"", ""1feb2d128d14"", ""ef67266b6c8f""]",1feb2d128d14,151,0.10486111111111111,True,1,"[""DEP_flat:name"", ""DEP_xcomp"", ""POS_PROPN""]",DEP_flat:name|DEP_xcomp|POS_PROPN,False,True,True,0.32382265379542413,research_only,outside_review_top20,
9fae0d3c0dae,"[""DEP_nsubj:pass_rate_baixo"", ""DEP_obj_rate_alto"", ""uppercaseRatio_baixo""]",DEP_nsubj:pass_rate_baixo + DEP_obj_rate_alto + uppercaseRatio_baixo,"[""0400b68a7df0""]",0400b68a7df0,151,0.10486111111111111,True,1,"[""DEP_nsubj:pass"", ""DEP_obj"", ""uppercaseRatio""]",DEP_nsubj:pass|DEP_obj|uppercaseRatio,False,True,True,0.32382265379542413,research_only,outside_review_top20,
a08bbdb941b5,"[""DEP_acl:relcl_rate_baixo"", ""DEP_cop_rate_baixo"", ""POS_NUM_rate_alto""]",DEP_acl:relcl_rate_baixo + DEP_cop_rate_baixo + POS_NUM_rate_alto,"[""0f313518df29"", ""a2788262eb5e""]",0f313518df29,151,0.10486111111111111,True,1,"[""DEP_acl:relcl"", ""DEP_cop"", ""numerais""]",DEP_acl:relcl|DEP_cop|numerais,False,True,True,0.32382265379542413,research_only,outside_review_top20,
a22c3abd3202,"[""DEP_advcl_rate_alto"", ""DEP_mark_rate_alto"", ""DEP_nummod_rate_baixo""]",DEP_advcl_rate_alto + DEP_mark_rate_alto + DEP_nummod_rate_baixo,"[""1bdb73897200"", ""8fce2c5042bd"", ""9a543941e04c""]",8fce2c5042bd,151,0.10486111111111111,True,1,"[""DEP_advcl"", ""numerais"", ""subordinacao""]",DEP_advcl|numerais|subordinacao,False,True,True,0.32382265379542413,research_only,outside_review_top20,
b6e0cdcd2e9f,"[""DEP_ccomp_rate_alto"", ""DEP_nsubj:pass_rate_baixo"", ""DEP_nsubj_rate_alto""]",DEP_ccomp_rate_alto + DEP_nsubj:pass_rate_baixo + DEP_nsubj_rate_alto,"[""31df6377e21e""]",31df6377e21e,151,0.10486111111111111,True,1,"[""DEP_ccomp"", ""DEP_nsubj"", ""DEP_nsubj:pass""]",DEP_ccomp|DEP_nsubj|DEP_nsubj:pass,False,True,True,0.32382265379542413,research_only,outside_review_top20,
ca3c1dd34bab,"[""DEP_det_rate_baixo"", ""POS_ADP_rate_alto"", ""POS_DET_rate_baixo""]",DEP_det_rate_baixo + POS_ADP_rate_alto + POS_DET_rate_baixo,"[""2022d7d2715e"", ""40b53e134d94""]",40b53e134d94,151,0.10486111111111111,True,1,"[""determinacao"", ""relacoes_preposicionais""]",determinacao|relacoes_preposicionais,True,True,True,0.32382265379542413,research_only,outside_review_top20,
4bdcaf06c09c,"[""DEP_appos_rate_alto"", ""DEP_aux:pass_rate_baixo"", ""DEP_cop_rate_baixo""]",DEP_appos_rate_alto + DEP_aux:pass_rate_baixo + DEP_cop_rate_baixo,"[""13f14e7e4d39""]",13f14e7e4d39,167,0.11597222222222223,True,0.94999999999999996,"[""DEP_appos"", ""DEP_cop"", ""auxiliares""]",DEP_appos|DEP_cop|auxiliares,False,True,True,0.32351959841029038,research_only,outside_review_top20,
0d270fd51d61,"[""DEP_acl:relcl_rate_baixo"", ""DEP_cop_rate_alto"", ""DEP_nsubj:pass_rate_baixo""]",DEP_acl:relcl_rate_baixo + DEP_cop_rate_alto + DEP_nsubj:pass_rate_baixo,"[""364e75052ffc""]",364e75052ffc,163,0.11319444444444444,True,0.95999999999999996,"[""DEP_acl:relcl"", ""DEP_cop"", ""DEP_nsubj:pass""]",DEP_acl:relcl|DEP_cop|DEP_nsubj:pass,False,True,True,0.3229860678109816,research_only,outside_review_top20,
229d8d90dcea,"[""DEP_advmod_rate_alto"", ""POS_ADP_rate_baixo"", ""POS_ADV_rate_alto""]",DEP_advmod_rate_alto + POS_ADP_rate_baixo + POS_ADV_rate_alto,"[""36148af1d7d5"", ""e49cbb3eff19""]",e49cbb3eff19,150,0.10416666666666667,True,1,"[""modificacao_adverbial"", ""relacoes_preposicionais""]",modificacao_adverbial|relacoes_preposicionais,True,True,True,0.3227486121839514,research_only,outside_review_top20,
29eae7e68231,"[""DEP_nsubj:pass_rate_baixo"", ""DEP_nsubj_rate_alto"", ""POS_ADP_rate_baixo""]",DEP_nsubj:pass_rate_baixo + DEP_nsubj_rate_alto + POS_ADP_rate_baixo,"[""03b481875bfc""]",03b481875bfc,150,0.10416666666666667,True,1,"[""DEP_nsubj"", ""DEP_nsubj:pass"", ""relacoes_preposicionais""]",DEP_nsubj|DEP_nsubj:pass|relacoes_preposicionais,False,True,True,0.3227486121839514,research_only,outside_review_top20,
2ae3ac3b9f25,"[""DEP_advcl_rate_baixo"", ""DEP_xcomp_rate_baixo"", ""POS_ADP_rate_alto""]",DEP_advcl_rate_baixo + DEP_xcomp_rate_baixo + POS_ADP_rate_alto,"[""02d48f1ee126"", ""ac765932c6fc""]",02d48f1ee126,150,0.10416666666666667,True,1,"[""DEP_advcl"", ""DEP_xcomp"", ""relacoes_preposicionais""]",DEP_advcl|DEP_xcomp|relacoes_preposicionais,False,True,True,0.3227486121839514,research_only,outside_review_top20,
54e26fca1505,"[""DEP_case_rate_baixo"", ""DEP_nsubj_rate_alto"", ""POS_ADP_rate_baixo""]",DEP_case_rate_baixo + DEP_nsubj_rate_alto + POS_ADP_rate_baixo,"[""8276185782a7"", ""afe66a9a6768""]",8276185782a7,150,0.10416666666666667,True,1,"[""DEP_nsubj"", ""relacoes_preposicionais""]",DEP_nsubj|relacoes_preposicionais,True,True,True,0.3227486121839514,research_only,outside_review_top20,
716e91edfffa,"[""DEP_case_rate_baixo"", ""DEP_ccomp_rate_baixo"", ""POS_ADP_rate_baixo""]",DEP_case_rate_baixo + DEP_ccomp_rate_baixo + POS_ADP_rate_baixo,"[""2ff3bb92540a"", ""3326c17a9e75""]",2ff3bb92540a,150,0.10416666666666667,True,1,"[""DEP_ccomp"", ""relacoes_preposicionais""]",DEP_ccomp|relacoes_preposicionais,True,True,True,0.3227486121839514,research_only,outside_review_top20,
7bdd0dcfa94a,"[""DEP_case_rate_alto"", ""POS_ADP_rate_alto"", ""POS_ADV_rate_baixo""]",DEP_case_rate_alto + POS_ADP_rate_alto + POS_ADV_rate_baixo,"[""368639b3b1fc"", ""a067aa265a0e""]",a067aa265a0e,150,0.10416666666666667,True,1,"[""modificacao_adverbial"", ""relacoes_preposicionais""]",modificacao_adverbial|relacoes_preposicionais,True,True,True,0.3227486121839514,research_only,outside_review_top20,
8bdd8a120727,"[""DEP_case_rate_baixo"", ""DEP_nsubj:pass_rate_baixo"", ""DEP_nsubj_rate_alto""]",DEP_case_rate_baixo + DEP_nsubj:pass_rate_baixo + DEP_nsubj_rate_alto,"[""b16310ae971d""]",b16310ae971d,150,0.10416666666666667,True,1,"[""DEP_nsubj"", ""DEP_nsubj:pass"", ""relacoes_preposicionais""]",DEP_nsubj|DEP_nsubj:pass|relacoes_preposicionais,False,True,True,0.3227486121839514,research_only,outside_review_top20,
8e7d78a5626e,"[""DEP_case_rate_baixo"", ""POS_ADP_rate_baixo"", ""POS_ADV_rate_alto""]",DEP_case_rate_baixo + POS_ADP_rate_baixo + POS_ADV_rate_alto,"[""1bc7720be87a"", ""d5bc00887284""]",d5bc00887284,150,0.10416666666666667,True,1,"[""modificacao_adverbial"", ""relacoes_preposicionais""]",modificacao_adverbial|relacoes_preposicionais,True,True,True,0.3227486121839514,research_only,outside_review_top20,
9948d6356c85,"[""DEP_ccomp_rate_baixo"", ""DEP_nsubj_rate_baixo"", ""POS_VERB_rate_baixo""]",DEP_ccomp_rate_baixo + DEP_nsubj_rate_baixo + POS_VERB_rate_baixo,"[""2ebde835a7b8"", ""a2acdc4b20e2""]",2ebde835a7b8,150,0.10416666666666667,True,1,"[""DEP_ccomp"", ""DEP_nsubj"", ""POS_VERB""]",DEP_ccomp|DEP_nsubj|POS_VERB,False,False,True,0.3227486121839514,research_only,outside_review_top20,
ac4e8be6b94e,"[""DEP_acl:relcl_rate_baixo"", ""DEP_advcl_rate_baixo"", ""DEP_obj_rate_baixo""]",DEP_acl:relcl_rate_baixo + DEP_advcl_rate_baixo + DEP_obj_rate_baixo,"[""05c2d8df2934"", ""2b8a02133fb8""]",2b8a02133fb8,150,0.10416666666666667,True,1,"[""DEP_acl:relcl"", ""DEP_advcl"", ""DEP_obj""]",DEP_acl:relcl|DEP_advcl|DEP_obj,False,True,True,0.3227486121839514,research_only,outside_review_top20,
befb3468d3b0,"[""DEP_advmod_rate_baixo"", ""DEP_cc_rate_baixo"", ""POS_CCONJ_rate_baixo""]",DEP_advmod_rate_baixo + DEP_cc_rate_baixo + POS_CCONJ_rate_baixo,"[""1f5c30c120e4"", ""6677e173c818""]",1f5c30c120e4,150,0.10416666666666667,True,1,"[""coordenacao"", ""modificacao_adverbial""]",coordenacao|modificacao_adverbial,True,True,True,0.3227486121839514,research_only,outside_review_top20,
ce11e2178db1,"[""DEP_cop_rate_baixo"", ""DEP_nummod_rate_baixo"", ""POS_ADJ_rate_baixo""]",DEP_cop_rate_baixo + DEP_nummod_rate_baixo + POS_ADJ_rate_baixo,"[""8b02cea05f5c""]",8b02cea05f5c,150,0.10416666666666667,True,1,"[""DEP_cop"", ""adjetivacao"", ""numerais""]",DEP_cop|adjetivacao|numerais,False,True,True,0.3227486121839514,research_only,outside_review_top20,
d07bd76f776d,"[""DEP_acl_rate_baixo"", ""DEP_aux:pass_rate_alto"", ""DEP_nsubj:pass_rate_alto""]",DEP_acl_rate_baixo + DEP_aux:pass_rate_alto + DEP_nsubj:pass_rate_alto,"[""2cc986bc1a67"", ""7acf6f3ed761"", ""8f54186cada5""]",8f54186cada5,150,0.10416666666666667,True,1,"[""DEP_acl"", ""DEP_nsubj:pass"", ""auxiliares""]",DEP_acl|DEP_nsubj:pass|auxiliares,False,True,True,0.3227486121839514,research_only,same_mechanism_family,
d5c252b9040a,"[""DEP_advcl_rate_baixo"", ""DEP_case_rate_alto"", ""DEP_xcomp_rate_baixo""]",DEP_advcl_rate_baixo + DEP_case_rate_alto + DEP_xcomp_rate_baixo,"[""17781f1efcaf"", ""797eda8dc355""]",797eda8dc355,150,0.10416666666666667,True,1,"[""DEP_advcl"", ""DEP_xcomp"", ""relacoes_preposicionais""]",DEP_advcl|DEP_xcomp|relacoes_preposicionais,False,True,True,0.3227486121839514,research_only,outside_review_top20,
e660c0df4d3c,"[""DEP_cop_rate_baixo"", ""DEP_xcomp_rate_baixo"", ""POS_ADP_rate_alto""]",DEP_cop_rate_baixo + DEP_xcomp_rate_baixo + POS_ADP_rate_alto,"[""902f61d408b1"", ""d8ce7b318c16""]",d8ce7b318c16,150,0.10416666666666667,True,1,"[""DEP_cop"", ""DEP_xcomp"", ""relacoes_preposicionais""]",DEP_cop|DEP_xcomp|relacoes_preposicionais,False,True,True,0.3227486121839514,research_only,outside_review_top20,
f7ea69298369,"[""DEP_advcl_rate_baixo"", ""DEP_mark_rate_baixo"", ""POS_ADP_rate_alto""]",DEP_advcl_rate_baixo + DEP_mark_rate_baixo + POS_ADP_rate_alto,"[""2a31f562c17b"", ""9bb6dcc25702""]",9bb6dcc25702,150,0.10416666666666667,True,1,"[""DEP_advcl"", ""relacoes_preposicionais"", ""subordinacao""]",DEP_advcl|relacoes_preposicionais|subordinacao,False,True,True,0.3227486121839514,research_only,outside_review_top20,
fdf478a78a9a,"[""DEP_acl:relcl_rate_baixo"", ""DEP_cop_rate_baixo"", ""POS_ADP_rate_alto""]",DEP_acl:relcl_rate_baixo + DEP_cop_rate_baixo + POS_ADP_rate_alto,"[""5f2fd913bc72"", ""cf4d6cfd3554""]",cf4d6cfd3554,150,0.10416666666666667,True,1,"[""DEP_acl:relcl"", ""DEP_cop"", ""relacoes_preposicionais""]",DEP_acl:relcl|DEP_cop|relacoes_preposicionais,False,True,True,0.3227486121839514,research_only,outside_review_top20,
ffcb8dd57d43,"[""DEP_acl:relcl_rate_baixo"", ""DEP_nsubj_rate_baixo"", ""DEP_xcomp_rate_baixo""]",DEP_acl:relcl_rate_baixo + DEP_nsubj_rate_baixo + DEP_xcomp_rate_baixo,"[""270e39b016c0"", ""d264e4d1d0e2""]",d264e4d1d0e2,150,0.10416666666666667,True,1,"[""DEP_acl:relcl"", ""DEP_nsubj"", ""DEP_xcomp""]",DEP_acl:relcl|DEP_nsubj|DEP_xcomp,False,True,True,0.3227486121839514,research_only,outside_review_top20,
1ba8f2362db7,"[""DEP_ccomp_rate_baixo"", ""DEP_nummod_rate_baixo"", ""POS_DET_rate_alto""]",DEP_ccomp_rate_baixo + DEP_nummod_rate_baixo + POS_DET_rate_alto,"[""90fbf7466783""]",90fbf7466783,153,0.10625,True,0.98999999999999999,"[""DEP_ccomp"", ""determinacao"", ""numerais""]",DEP_ccomp|determinacao|numerais,False,True,True,0.32270051905753111,research_only,outside_review_top20,
a0a3e4fde0fd,"[""DEP_aux:pass_rate_baixo"", ""DEP_cop_rate_baixo"", ""POS_PRON_rate_baixo""]",DEP_aux:pass_rate_baixo + DEP_cop_rate_baixo + POS_PRON_rate_baixo,"[""b9c6f7d82f47""]",b9c6f7d82f47,181,0.12569444444444444,True,0.91000000000000003,"[""DEP_cop"", ""POS_PRON"", ""auxiliares""]",DEP_cop|POS_PRON|auxiliares,False,True,True,0.32262605202377015,research_only,outside_review_top20,
56e4ee9969fe,"[""DEP_cop_rate_baixo"", ""DEP_nummod_rate_baixo"", ""POS_PROPN_rate_alto""]",DEP_cop_rate_baixo + DEP_nummod_rate_baixo + POS_PROPN_rate_alto,"[""7cb75c6980cc"", ""fc86057c15c3""]",7cb75c6980cc,156,0.10833333333333334,True,0.97999999999999998,"[""DEP_cop"", ""POS_PROPN"", ""numerais""]",DEP_cop|POS_PROPN|numerais,False,True,True,0.32255748841614784,research_only,outside_review_top20,
dee3a629cb9c,"[""DEP_advcl_rate_baixo"", ""DEP_nsubj:pass_rate_baixo"", ""POS_DET_rate_alto""]",DEP_advcl_rate_baixo + DEP_nsubj:pass_rate_baixo + POS_DET_rate_alto,"[""892141821304""]",892141821304,177,0.12291666666666666,True,0.92000000000000004,"[""DEP_advcl"", ""DEP_nsubj:pass"", ""determinacao""]",DEP_advcl|DEP_nsubj:pass|determinacao,False,True,True,0.32254715417542701,research_only,outside_review_top20,
c079fbbe3e1b,"[""DEP_advcl_rate_baixo"", ""DEP_flat:name_rate_alto"", ""DEP_nummod_rate_baixo""]",DEP_advcl_rate_baixo + DEP_flat:name_rate_alto + DEP_nummod_rate_baixo,"[""457e36177067"", ""a19a87bb36bc""]",a19a87bb36bc,159,0.11041666666666666,True,0.96999999999999997,"[""DEP_advcl"", ""DEP_flat:name"", ""numerais""]",DEP_advcl|DEP_flat:name|numerais,False,True,True,0.32232133293759296,research_only,outside_review_top20,
faeb1e3d65e7,"[""DEP_acl:relcl_rate_baixo"", ""DEP_xcomp_rate_baixo"", ""POS_ADV_rate_baixo""]",DEP_acl:relcl_rate_baixo + DEP_xcomp_rate_baixo + POS_ADV_rate_baixo,"[""2af1afa2f852"", ""2f3860f5dde9""]",2af1afa2f852,159,0.11041666666666666,True,0.96999999999999997,"[""DEP_acl:relcl"", ""DEP_xcomp"", ""modificacao_adverbial""]",DEP_acl:relcl|DEP_xcomp|modificacao_adverbial,False,True,True,0.32232133293759296,research_only,outside_review_top20,
0c87281ede5c,"[""DEP_aux:pass_rate_baixo"", ""DEP_nsubj:pass_rate_baixo"", ""POS_AUX_rate_alto""]",DEP_aux:pass_rate_baixo + DEP_nsubj:pass_rate_baixo + POS_AUX_rate_alto,"[""60b73ad21c93"", ""fe9cc9a900cf""]",fe9cc9a900cf,149,0.10347222222222222,True,1,"[""DEP_nsubj:pass"", ""auxiliares""]",DEP_nsubj:pass|auxiliares,True,True,True,0.32167098442697972,research_only,same_mechanism_family,
0d81ddea9126,"[""DEP_nsubj:pass_rate_baixo"", ""POS_AUX_rate_baixo"", ""uppercaseRatio_baixo""]",DEP_nsubj:pass_rate_baixo + POS_AUX_rate_baixo + uppercaseRatio_baixo,"[""d0ab1458a217""]",d0ab1458a217,149,0.10347222222222222,True,1,"[""DEP_nsubj:pass"", ""auxiliares"", ""uppercaseRatio""]",DEP_nsubj:pass|auxiliares|uppercaseRatio,False,True,True,0.32167098442697972,research_only,same_mechanism_family,
1955ff76dee2,"[""DEP_aux:pass_rate_alto"", ""DEP_nsubj:pass_rate_alto"", ""DEP_nummod_rate_baixo""]",DEP_aux:pass_rate_alto + DEP_nsubj:pass_rate_alto + DEP_nummod_rate_baixo,"[""8033e9095f2c"", ""d86bbff93b14""]",d86bbff93b14,149,0.10347222222222222,True,1,"[""DEP_nsubj:pass"", ""auxiliares"", ""numerais""]",DEP_nsubj:pass|auxiliares|numerais,False,True,True,0.32167098442697972,research_only,same_mechanism_family,
2b81c449de89,"[""DEP_case_rate_alto"", ""DEP_nsubj:pass_rate_baixo"", ""DEP_xcomp_rate_baixo""]",DEP_case_rate_alto + DEP_nsubj:pass_rate_baixo + DEP_xcomp_rate_baixo,"[""776f1994a511""]",776f1994a511,149,0.10347222222222222,True,1,"[""DEP_nsubj:pass"", ""DEP_xcomp"", ""relacoes_preposicionais""]",DEP_nsubj:pass|DEP_xcomp|relacoes_preposicionais,False,True,True,0.32167098442697972,research_only,outside_review_top20,
2c8c76a2e257,"[""DEP_aux:pass_rate_baixo"", ""POS_AUX_rate_baixo"", ""POS_NUM_rate_baixo""]",DEP_aux:pass_rate_baixo + POS_AUX_rate_baixo + POS_NUM_rate_baixo,"[""b8ba24282c0e""]",b8ba24282c0e,149,0.10347222222222222,True,1,"[""auxiliares"", ""numerais""]",auxiliares|numerais,True,True,True,0.32167098442697972,research_only,outside_review_top20,
3643d7203b23,"[""DEP_aux:pass_rate_baixo"", ""POS_AUX_rate_baixo"", ""uppercaseRatio_baixo""]",DEP_aux:pass_rate_baixo + POS_AUX_rate_baixo + uppercaseRatio_baixo,"[""9b1866d95bb5""]",9b1866d95bb5,149,0.10347222222222222,True,1,"[""auxiliares"", ""uppercaseRatio""]",auxiliares|uppercaseRatio,True,True,True,0.32167098442697972,research_only,outside_review_top20,
4914adcef342,"[""DEP_advmod_rate_baixo"", ""DEP_mark_rate_baixo"", ""POS_ADV_rate_baixo""]",DEP_advmod_rate_baixo + DEP_mark_rate_baixo + POS_ADV_rate_baixo,"[""7ecd3893c911"", ""c79d0fa1af09""]",c79d0fa1af09,149,0.10347222222222222,True,1,"[""modificacao_adverbial"", ""subordinacao""]",modificacao_adverbial|subordinacao,True,True,True,0.32167098442697972,research_only,outside_review_top20,
6149cca61248,"[""DEP_nmod_rate_alto"", ""DEP_xcomp_rate_baixo"", ""POS_ADP_rate_alto""]",DEP_nmod_rate_alto + DEP_xcomp_rate_baixo + POS_ADP_rate_alto,"[""79f09a38a7d9"", ""883303f8a811"", ""de0efc67bacc""]",883303f8a811,149,0.10347222222222222,True,1,"[""DEP_nmod"", ""DEP_xcomp"", ""relacoes_preposicionais""]",DEP_nmod|DEP_xcomp|relacoes_preposicionais,False,True,True,0.32167098442697972,research_only,outside_review_top20,
6ba5138f1dce,"[""DEP_case_rate_baixo"", ""POS_ADP_rate_baixo"", ""POS_DET_rate_alto""]",DEP_case_rate_baixo + POS_ADP_rate_baixo + POS_DET_rate_alto,"[""3f35f01a167f"", ""66d9f09d7ff6""]",66d9f09d7ff6,149,0.10347222222222222,True,1,"[""determinacao"", ""relacoes_preposicionais""]",determinacao|relacoes_preposicionais,True,True,True,0.32167098442697972,research_only,outside_review_top20,
7782e03ff64d,"[""DEP_amod_rate_alto"", ""DEP_cop_rate_baixo"", ""POS_ADJ_rate_alto""]",DEP_amod_rate_alto + DEP_cop_rate_baixo + POS_ADJ_rate_alto,"[""18f5150808e3"", ""7e27c9b585e2""]",18f5150808e3,149,0.10347222222222222,True,1,"[""DEP_cop"", ""adjetivacao""]",DEP_cop|adjetivacao,True,True,True,0.32167098442697972,research_only,outside_review_top20,
887b7abf4682,"[""DEP_conj_rate_baixo"", ""DEP_nummod_rate_baixo"", ""POS_NUM_rate_baixo""]",DEP_conj_rate_baixo + DEP_nummod_rate_baixo + POS_NUM_rate_baixo,"[""1da0084626cd"", ""3c874e44cbc5""]",3c874e44cbc5,149,0.10347222222222222,True,1,"[""coordenacao"", ""numerais""]",coordenacao|numerais,True,True,True,0.32167098442697972,research_only,outside_review_top20,
9ede5441af41,"[""DEP_advmod_rate_baixo"", ""DEP_ccomp_rate_baixo"", ""DEP_mark_rate_baixo""]",DEP_advmod_rate_baixo + DEP_ccomp_rate_baixo + DEP_mark_rate_baixo,"[""952786f967f7"", ""fbe5939190c3""]",952786f967f7,149,0.10347222222222222,True,1,"[""DEP_ccomp"", ""modificacao_adverbial"", ""subordinacao""]",DEP_ccomp|modificacao_adverbial|subordinacao,False,True,True,0.32167098442697972,research_only,outside_review_top20,
ab7124bf43f4,"[""DEP_advcl_rate_baixo"", ""DEP_aux:pass_rate_baixo"", ""DEP_obj_rate_alto""]",DEP_advcl_rate_baixo + DEP_aux:pass_rate_baixo + DEP_obj_rate_alto,"[""31108ba9f33c""]",31108ba9f33c,149,0.10347222222222222,True,1,"[""DEP_advcl"", ""DEP_obj"", ""auxiliares""]",DEP_advcl|DEP_obj|auxiliares,False,True,True,0.32167098442697972,research_only,outside_review_top20,
aca55cd914db,"[""DEP_acl:relcl_rate_baixo"", ""DEP_cop_rate_baixo"", ""POS_DET_rate_baixo""]",DEP_acl:relcl_rate_baixo + DEP_cop_rate_baixo + POS_DET_rate_baixo,"[""3ba0c2d59aef"", ""3d6b962d8849""]",3ba0c2d59aef,149,0.10347222222222222,True,1,"[""DEP_acl:relcl"", ""DEP_cop"", ""determinacao""]",DEP_acl:relcl|DEP_cop|determinacao,False,True,True,0.32167098442697972,research_only,outside_review_top20,
b1d038da5607,"[""DEP_nsubj:pass_rate_baixo"", ""DEP_nummod_rate_baixo"", ""POS_AUX_rate_alto""]",DEP_nsubj:pass_rate_baixo + DEP_nummod_rate_baixo + POS_AUX_rate_alto,"[""4ed71d94a44a""]",4ed71d94a44a,149,0.10347222222222222,True,1,"[""DEP_nsubj:pass"", ""auxiliares"", ""numerais""]",DEP_nsubj:pass|auxiliares|numerais,False,True,True,0.32167098442697972,research_only,same_mechanism_family,
bddb13cc482a,"[""DEP_acl:relcl_rate_baixo"", ""DEP_cop_rate_baixo"", ""POS_NOUN_rate_alto""]",DEP_acl:relcl_rate_baixo + DEP_cop_rate_baixo + POS_NOUN_rate_alto,"[""75d3159e6378""]",75d3159e6378,149,0.10347222222222222,True,1,"[""DEP_acl:relcl"", ""DEP_cop"", ""POS_NOUN""]",DEP_acl:relcl|DEP_cop|POS_NOUN,False,True,True,0.32167098442697972,research_only,outside_review_top20,
bf5143de64ef,"[""DEP_flat:name_rate_alto"", ""DEP_nummod_rate_baixo"", ""POS_NUM_rate_baixo""]",DEP_flat:name_rate_alto + DEP_nummod_rate_baixo + POS_NUM_rate_baixo,"[""38d62de56c0d"", ""b452047a09f9""]",38d62de56c0d,149,0.10347222222222222,True,1,"[""DEP_flat:name"", ""numerais""]",DEP_flat:name|numerais,True,True,True,0.32167098442697972,research_only,outside_review_top20,
c285bb4940d9,"[""DEP_advcl_rate_baixo"", ""DEP_aux:pass_rate_alto"", ""DEP_nsubj:pass_rate_alto""]",DEP_advcl_rate_baixo + DEP_aux:pass_rate_alto + DEP_nsubj:pass_rate_alto,"[""ea753b208989"", ""eeeed27da3e8""]",ea753b208989,149,0.10347222222222222,True,1,"[""DEP_advcl"", ""DEP_nsubj:pass"", ""auxiliares""]",DEP_advcl|DEP_nsubj:pass|auxiliares,False,True,True,0.32167098442697972,research_only,same_mechanism_family,
c3f1aca4313c,"[""DEP_nsubj:pass_rate_baixo"", ""POS_AUX_rate_baixo"", ""POS_NUM_rate_baixo""]",DEP_nsubj:pass_rate_baixo + POS_AUX_rate_baixo + POS_NUM_rate_baixo,"[""2323e38bacf3""]",2323e38bacf3,149,0.10347222222222222,True,1,"[""DEP_nsubj:pass"", ""auxiliares"", ""numerais""]",DEP_nsubj:pass|auxiliares|numerais,False,True,True,0.32167098442697972,research_only,same_mechanism_family,
cd1e2aeab736,"[""DEP_case_rate_alto"", ""POS_ADP_rate_alto"", ""POS_DET_rate_baixo""]",DEP_case_rate_alto + POS_ADP_rate_alto + POS_DET_rate_baixo,"[""b7860a9cdec2"", ""ed84ec9ed39d""]",ed84ec9ed39d,149,0.10347222222222222,True,1,"[""determinacao"", ""relacoes_preposicionais""]",determinacao|relacoes_preposicionais,True,True,True,0.32167098442697972,research_only,outside_review_top20,
db2d73fca7e6,"[""DEP_acl_rate_baixo"", ""DEP_conj_rate_alto"", ""POS_CCONJ_rate_alto""]",DEP_acl_rate_baixo + DEP_conj_rate_alto + POS_CCONJ_rate_alto,"[""93707a2e97af"", ""ff68f54d212b""]",ff68f54d212b,149,0.10347222222222222,True,1,"[""DEP_acl"", ""coordenacao""]",DEP_acl|coordenacao,True,True,True,0.32167098442697972,research_only,outside_review_top20,
e07072a847b7,"[""DEP_acl:relcl_rate_baixo"", ""DEP_ccomp_rate_baixo"", ""POS_NOUN_rate_alto""]",DEP_acl:relcl_rate_baixo + DEP_ccomp_rate_baixo + POS_NOUN_rate_alto,"[""2b61e46a9b16""]",2b61e46a9b16,149,0.10347222222222222,True,1,"[""DEP_acl:relcl"", ""DEP_ccomp"", ""POS_NOUN""]",DEP_acl:relcl|DEP_ccomp|POS_NOUN,False,True,True,0.32167098442697972,research_only,outside_review_top20,
e4b2e34ebd20,"[""DEP_acl_rate_baixo"", ""DEP_ccomp_rate_baixo"", ""POS_ADP_rate_alto""]",DEP_acl_rate_baixo + DEP_ccomp_rate_baixo + POS_ADP_rate_alto,"[""a8c4779a1bd2""]",a8c4779a1bd2,149,0.10347222222222222,True,1,"[""DEP_acl"", ""DEP_ccomp"", ""relacoes_preposicionais""]",DEP_acl|DEP_ccomp|relacoes_preposicionais,False,True,True,0.32167098442697972,research_only,outside_review_top20,
fba1f17b162c,"[""DEP_nsubj:pass_rate_baixo"", ""DEP_obj_rate_alto"", ""POS_ADP_rate_baixo""]",DEP_nsubj:pass_rate_baixo + DEP_obj_rate_alto + POS_ADP_rate_baixo,"[""50187ac508f8""]",50187ac508f8,149,0.10347222222222222,True,1,"[""DEP_nsubj:pass"", ""DEP_obj"", ""relacoes_preposicionais""]",DEP_nsubj:pass|DEP_obj|relacoes_preposicionais,False,True,True,0.32167098442697972,research_only,outside_review_top20,
70f1ac005428,"[""DEP_acl_rate_baixo"", ""DEP_nummod_rate_baixo"", ""POS_PRON_rate_alto""]",DEP_acl_rate_baixo + DEP_nummod_rate_baixo + POS_PRON_rate_alto,"[""88a274a3c63d"", ""9f312b825a61""]",88a274a3c63d,152,0.10555555555555556,True,0.98999999999999999,"[""DEP_acl"", ""POS_PRON"", ""numerais""]",DEP_acl|POS_PRON|numerais,False,True,True,0.32164421337869581,research_only,outside_review_top20,
d4c4de4d7cb5,"[""DEP_acl:relcl_rate_baixo"", ""DEP_conj_rate_alto"", ""POS_PRON_rate_baixo""]",DEP_acl:relcl_rate_baixo + DEP_conj_rate_alto + POS_PRON_rate_baixo,"[""594574d7c81d"", ""8bd524975edd""]",594574d7c81d,152,0.10555555555555556,True,0.98999999999999999,"[""DEP_acl:relcl"", ""POS_PRON"", ""coordenacao""]",DEP_acl:relcl|POS_PRON|coordenacao,False,True,True,0.32164421337869581,research_only,outside_review_top20,
0a3aa1483fa6,"[""DEP_advcl_rate_baixo"", ""DEP_cop_rate_baixo"", ""DEP_flat:name_rate_alto""]",DEP_advcl_rate_baixo + DEP_cop_rate_baixo + DEP_flat:name_rate_alto,"[""35ff500b6e4d"", ""a9c549960560""]",35ff500b6e4d,155,0.1076388888888889,True,0.97999999999999998,"[""DEP_advcl"", ""DEP_cop"", ""DEP_flat:name""]",DEP_advcl|DEP_cop|DEP_flat:name,False,True,True,0.32152198818881561,research_only,outside_review_top20,
36fb0a799fc7,"[""DEP_aux:pass_rate_baixo"", ""DEP_xcomp_rate_baixo"", ""POS_PRON_rate_baixo""]",DEP_aux:pass_rate_baixo + DEP_xcomp_rate_baixo + POS_PRON_rate_baixo,"[""ab9f92a377d5""]",ab9f92a377d5,155,0.1076388888888889,True,0.97999999999999998,"[""DEP_xcomp"", ""POS_PRON"", ""auxiliares""]",DEP_xcomp|POS_PRON|auxiliares,False,True,True,0.32152198818881561,research_only,outside_review_top20,
052e3fabd61d,"[""DEP_mark_rate_baixo"", ""POS_ADV_rate_baixo"", ""POS_SCONJ_rate_baixo""]",DEP_mark_rate_baixo + POS_ADV_rate_baixo + POS_SCONJ_rate_baixo,"[""87997a29d86a"", ""f4f33f024b2a""]",87997a29d86a,148,0.10277777777777777,True,1,"[""modificacao_adverbial"", ""subordinacao""]",modificacao_adverbial|subordinacao,True,True,True,0.32058973436118909,research_only,outside_review_top20,
0fcb83193001,"[""DEP_advmod_rate_baixo"", ""DEP_ccomp_rate_baixo"", ""POS_SCONJ_rate_baixo""]",DEP_advmod_rate_baixo + DEP_ccomp_rate_baixo + POS_SCONJ_rate_baixo,"[""3fc8782725fd"", ""bab6f546a2df""]",bab6f546a2df,148,0.10277777777777777,True,1,"[""DEP_ccomp"", ""modificacao_adverbial"", ""subordinacao""]",DEP_ccomp|modificacao_adverbial|subordinacao,False,True,True,0.32058973436118909,research_only,outside_review_top20,
27b247a1a578,"[""DEP_advcl_rate_baixo"", ""DEP_ccomp_rate_baixo"", ""POS_NOUN_rate_alto""]",DEP_advcl_rate_baixo + DEP_ccomp_rate_baixo + POS_NOUN_rate_alto,"[""1a6f3c48df21"", ""a8b60cb484f2""]",a8b60cb484f2,148,0.10277777777777777,True,1,"[""DEP_advcl"", ""DEP_ccomp"", ""POS_NOUN""]",DEP_advcl|DEP_ccomp|POS_NOUN,False,False,True,0.32058973436118909,research_only,outside_review_top20,
314e16238d2b,"[""DEP_aux:pass_rate_baixo"", ""DEP_nsubj_rate_alto"", ""uppercaseRatio_baixo""]",DEP_aux:pass_rate_baixo + DEP_nsubj_rate_alto + uppercaseRatio_baixo,"[""9e4b29aea457""]",9e4b29aea457,148,0.10277777777777777,True,1,"[""DEP_nsubj"", ""auxiliares"", ""uppercaseRatio""]",DEP_nsubj|auxiliares|uppercaseRatio,False,True,True,0.32058973436118909,research_only,outside_review_top20,
522a268733c2,"[""DEP_ccomp_rate_baixo"", ""DEP_mark_rate_baixo"", ""POS_PRON_rate_baixo""]",DEP_ccomp_rate_baixo + DEP_mark_rate_baixo + POS_PRON_rate_baixo,"[""40cf6bfd3b05"", ""a4cb84a4d026""]",a4cb84a4d026,148,0.10277777777777777,True,1,"[""DEP_ccomp"", ""POS_PRON"", ""subordinacao""]",DEP_ccomp|POS_PRON|subordinacao,False,True,True,0.32058973436118909,research_only,outside_review_top20,
54117c384b59,"[""DEP_advcl_rate_baixo"", ""DEP_flat:name_rate_alto"", ""DEP_xcomp_rate_baixo""]",DEP_advcl_rate_baixo + DEP_flat:name_rate_alto + DEP_xcomp_rate_baixo,"[""d319658f28f8"", ""e6bfe0a61629""]",e6bfe0a61629,148,0.10277777777777777,True,1,"[""DEP_advcl"", ""DEP_flat:name"", ""DEP_xcomp""]",DEP_advcl|DEP_flat:name|DEP_xcomp,False,True,True,0.32058973436118909,research_only,outside_review_top20,
6bb240aefc54,"[""DEP_ccomp_rate_baixo"", ""DEP_nsubj_rate_baixo"", ""POS_SCONJ_rate_baixo""]",DEP_ccomp_rate_baixo + DEP_nsubj_rate_baixo + POS_SCONJ_rate_baixo,"[""4c8112ddbb3b"", ""965b4d690117""]",965b4d690117,148,0.10277777777777777,True,1,"[""DEP_ccomp"", ""DEP_nsubj"", ""subordinacao""]",DEP_ccomp|DEP_nsubj|subordinacao,False,True,True,0.32058973436118909,research_only,outside_review_top20,
83b7c31e58ce,"[""DEP_nummod_rate_baixo"", ""POS_AUX_rate_baixo"", ""POS_NUM_rate_baixo""]",DEP_nummod_rate_baixo + POS_AUX_rate_baixo + POS_NUM_rate_baixo,"[""1063a053fd40"", ""ce91bea86660""]",ce91bea86660,148,0.10277777777777777,True,1,"[""auxiliares"", ""numerais""]",auxiliares|numerais,True,True,True,0.32058973436118909,research_only,outside_review_top20,
9cbaf09e7183,"[""DEP_acl:relcl_rate_baixo"", ""DEP_acl_rate_baixo"", ""POS_SCONJ_rate_baixo""]",DEP_acl:relcl_rate_baixo + DEP_acl_rate_baixo + POS_SCONJ_rate_baixo,"[""22c25f422e52""]",22c25f422e52,148,0.10277777777777777,True,1,"[""DEP_acl"", ""DEP_acl:relcl"", ""subordinacao""]",DEP_acl|DEP_acl:relcl|subordinacao,False,True,True,0.32058973436118909,research_only,outside_review_top20,
aa2df0fb8c0a,"[""DEP_advcl_rate_baixo"", ""DEP_mark_rate_baixo"", ""uppercaseRatio_baixo""]",DEP_advcl_rate_baixo + DEP_mark_rate_baixo + uppercaseRatio_baixo,"[""63bda37a1667""]",63bda37a1667,148,0.10277777777777777,True,1,"[""DEP_advcl"", ""subordinacao"", ""uppercaseRatio""]",DEP_advcl|subordinacao|uppercaseRatio,False,True,True,0.32058973436118909,research_only,outside_review_top20,
ba276a6fa972,"[""DEP_acl_rate_baixo"", ""DEP_mark_rate_alto"", ""POS_SCONJ_rate_alto""]",DEP_acl_rate_baixo + DEP_mark_rate_alto + POS_SCONJ_rate_alto,"[""8a5896e2f3b7"", ""abd4c0a818e2""]",8a5896e2f3b7,148,0.10277777777777777,True,1,"[""DEP_acl"", ""subordinacao""]",DEP_acl|subordinacao,True,True,True,0.32058973436118909,research_only,outside_review_top20,
d9ba6cee7ee7,"[""DEP_case_rate_baixo"", ""DEP_nmod_rate_baixo"", ""POS_VERB_rate_alto""]",DEP_case_rate_baixo + DEP_nmod_rate_baixo + POS_VERB_rate_alto,"[""422031673d19"", ""56bf77bee592"", ""b9d3d016a0b2""]",422031673d19,148,0.10277777777777777,True,1,"[""DEP_nmod"", ""POS_VERB"", ""relacoes_preposicionais""]",DEP_nmod|POS_VERB|relacoes_preposicionais,False,True,True,0.32058973436118909,research_only,outside_review_top20,
eddbc0e74c77,"[""DEP_advcl_rate_baixo"", ""DEP_ccomp_rate_baixo"", ""POS_NUM_rate_alto""]",DEP_advcl_rate_baixo + DEP_ccomp_rate_baixo + POS_NUM_rate_alto,"[""4c28c54ab456"", ""88ca8b09e251""]",4c28c54ab456,148,0.10277777777777777,True,1,"[""DEP_advcl"", ""DEP_ccomp"", ""numerais""]",DEP_advcl|DEP_ccomp|numerais,False,True,True,0.32058973436118909,research_only,outside_review_top20,
fd9d2a63e343,"[""DEP_ccomp_rate_baixo"", ""DEP_nmod_rate_alto"", ""DEP_nummod_rate_baixo""]",DEP_ccomp_rate_baixo + DEP_nmod_rate_alto + DEP_nummod_rate_baixo,"[""e5f545fa948b""]",e5f545fa948b,148,0.10277777777777777,True,1,"[""DEP_ccomp"", ""DEP_nmod"", ""numerais""]",DEP_ccomp|DEP_nmod|numerais,False,True,True,0.32058973436118909,research_only,outside_review_top20,
315067125de7,"[""DEP_aux:pass_rate_baixo"", ""DEP_nsubj_rate_alto"", ""DEP_xcomp_rate_baixo""]",DEP_aux:pass_rate_baixo + DEP_nsubj_rate_alto + DEP_xcomp_rate_baixo,"[""42b336555166""]",42b336555166,151,0.10486111111111111,True,0.98999999999999999,"[""DEP_nsubj"", ""DEP_xcomp"", ""auxiliares""]",DEP_nsubj|DEP_xcomp|auxiliares,False,True,True,0.32058442725746988,research_only,outside_review_top20,
98e1f0e3364b,"[""DEP_cop_rate_baixo"", ""DEP_mark_rate_alto"", ""DEP_nummod_rate_baixo""]",DEP_cop_rate_baixo + DEP_mark_rate_alto + DEP_nummod_rate_baixo,"[""849ce5ddf355""]",849ce5ddf355,151,0.10486111111111111,True,0.98999999999999999,"[""DEP_cop"", ""numerais"", ""subordinacao""]",DEP_cop|numerais|subordinacao,False,True,True,0.32058442725746988,research_only,outside_review_top20,
eade14be7f06,"[""DEP_det_rate_alto"", ""DEP_nsubj:pass_rate_baixo"", ""POS_NUM_rate_baixo""]",DEP_det_rate_alto + DEP_nsubj:pass_rate_baixo + POS_NUM_rate_baixo,"[""b0337c91dabe"", ""cae0459e6f72""]",cae0459e6f72,151,0.10486111111111111,True,0.98999999999999999,"[""DEP_nsubj:pass"", ""determinacao"", ""numerais""]",DEP_nsubj:pass|determinacao|numerais,False,True,True,0.32058442725746988,research_only,outside_review_top20,
42547450fddf,"[""DEP_advcl_rate_baixo"", ""DEP_cc_rate_alto"", ""DEP_nsubj:pass_rate_baixo""]",DEP_advcl_rate_baixo + DEP_cc_rate_alto + DEP_nsubj:pass_rate_baixo,"[""a271ebf68c71"", ""edd95d34ff7f""]",a271ebf68c71,199,0.13819444444444445,True,0.85999999999999999,"[""DEP_advcl"", ""DEP_nsubj:pass"", ""coordenacao""]",DEP_advcl|DEP_nsubj:pass|coordenacao,False,True,True,0.31970081499913494,research_only,outside_review_top20,
7c0a2c48c8a1,"[""DEP_aux:pass_rate_baixo"", ""DEP_flat:name_rate_alto"", ""DEP_nummod_rate_baixo""]",DEP_aux:pass_rate_baixo + DEP_flat:name_rate_alto + DEP_nummod_rate_baixo,"[""b017793c8be7""]",b017793c8be7,163,0.11319444444444444,True,0.94999999999999996,"[""DEP_flat:name"", ""auxiliares"", ""numerais""]",DEP_flat:name|auxiliares|numerais,False,True,True,0.31962162960461721,research_only,outside_review_top20,
98aa7d8933d1,"[""DEP_advcl_rate_baixo"", ""DEP_xcomp_rate_baixo"", ""POS_ADV_rate_baixo""]",DEP_advcl_rate_baixo + DEP_xcomp_rate_baixo + POS_ADV_rate_baixo,"[""aa41045c2f56"", ""eeed698d0e5a""]",eeed698d0e5a,150,0.10416666666666667,True,0.98999999999999999,"[""DEP_advcl"", ""DEP_xcomp"", ""modificacao_adverbial""]",DEP_advcl|DEP_xcomp|modificacao_adverbial,False,True,True,0.31952112606211186,research_only,outside_review_top20,
0872aa73d893,"[""DEP_acl:relcl_rate_baixo"", ""DEP_nummod_rate_baixo"", ""uppercaseRatio_alto""]",DEP_acl:relcl_rate_baixo + DEP_nummod_rate_baixo + uppercaseRatio_alto,"[""33cb8b35c9e3""]",33cb8b35c9e3,147,0.10208333333333333,True,1,"[""DEP_acl:relcl"", ""numerais"", ""uppercaseRatio""]",DEP_acl:relcl|numerais|uppercaseRatio,False,True,True,0.31950482521134688,research_only,outside_review_top20,
0eb4af23d8c7,"[""DEP_advcl_rate_baixo"", ""DEP_case_rate_baixo"", ""POS_ADP_rate_baixo""]",DEP_advcl_rate_baixo + DEP_case_rate_baixo + POS_ADP_rate_baixo,"[""bf388cfce5c5"", ""c1ee001a4c33""]",c1ee001a4c33,147,0.10208333333333333,True,1,"[""DEP_advcl"", ""relacoes_preposicionais""]",DEP_advcl|relacoes_preposicionais,True,True,True,0.31950482521134688,research_only,outside_review_top20,
1c2533ef992e,"[""DEP_acl_rate_baixo"", ""DEP_case_rate_alto"", ""DEP_ccomp_rate_baixo""]",DEP_acl_rate_baixo + DEP_case_rate_alto + DEP_ccomp_rate_baixo,"[""c50a4cfcc6ee""]",c50a4cfcc6ee,147,0.10208333333333333,True,1,"[""DEP_acl"", ""DEP_ccomp"", ""relacoes_preposicionais""]",DEP_acl|DEP_ccomp|relacoes_preposicionais,False,True,True,0.31950482521134688,research_only,outside_review_top20,
452c17c2b4ad,"[""DEP_aux:pass_rate_baixo"", ""DEP_nsubj_rate_alto"", ""POS_NUM_rate_baixo""]",DEP_aux:pass_rate_baixo + DEP_nsubj_rate_alto + POS_NUM_rate_baixo,"[""03a35869f1d0""]",03a35869f1d0,147,0.10208333333333333,True,1,"[""DEP_nsubj"", ""auxiliares"", ""numerais""]",DEP_nsubj|auxiliares|numerais,False,True,True,0.31950482521134688,research_only,outside_review_top20,
46be5baf0d7e,"[""DEP_cop_rate_baixo"", ""POS_AUX_rate_baixo"", ""POS_NUM_rate_baixo""]",DEP_cop_rate_baixo + POS_AUX_rate_baixo + POS_NUM_rate_baixo,"[""7006967d49e8""]",7006967d49e8,147,0.10208333333333333,True,1,"[""DEP_cop"", ""auxiliares"", ""numerais""]",DEP_cop|auxiliares|numerais,False,True,True,0.31950482521134688,research_only,outside_review_top20,
569e18d788b8,"[""DEP_advmod_rate_alto"", ""DEP_case_rate_baixo"", ""POS_ADP_rate_baixo""]",DEP_advmod_rate_alto + DEP_case_rate_baixo + POS_ADP_rate_baixo,"[""1d37ab667376"", ""e6d66d50df9b""]",e6d66d50df9b,147,0.10208333333333333,True,1,"[""modificacao_adverbial"", ""relacoes_preposicionais""]",modificacao_adverbial|relacoes_preposicionais,True,True,True,0.31950482521134688,research_only,outside_review_top20,
5d6a4efc2b5d,"[""DEP_advmod_rate_alto"", ""POS_ADV_rate_alto"", ""POS_NUM_rate_baixo""]",DEP_advmod_rate_alto + POS_ADV_rate_alto + POS_NUM_rate_baixo,"[""dedb88581916"", ""e2ddbbd83ea5""]",e2ddbbd83ea5,147,0.10208333333333333,True,1,"[""modificacao_adverbial"", ""numerais""]",modificacao_adverbial|numerais,True,True,True,0.31950482521134688,research_only,outside_review_top20,
6e345584366e,"[""DEP_aux:pass_rate_baixo"", ""DEP_xcomp_rate_baixo"", ""POS_PROPN_rate_alto""]",DEP_aux:pass_rate_baixo + DEP_xcomp_rate_baixo + POS_PROPN_rate_alto,"[""671f08c1b4be""]",671f08c1b4be,147,0.10208333333333333,True,1,"[""DEP_xcomp"", ""POS_PROPN"", ""auxiliares""]",DEP_xcomp|POS_PROPN|auxiliares,False,True,True,0.31950482521134688,research_only,outside_review_top20,
7b36d39b3251,"[""DEP_acl:relcl_rate_baixo"", ""DEP_ccomp_rate_baixo"", ""POS_NUM_rate_alto""]",DEP_acl:relcl_rate_baixo + DEP_ccomp_rate_baixo + POS_NUM_rate_alto,"[""3729703bf896"", ""63dbeea49e85""]",3729703bf896,147,0.10208333333333333,True,1,"[""DEP_acl:relcl"", ""DEP_ccomp"", ""numerais""]",DEP_acl:relcl|DEP_ccomp|numerais,False,True,True,0.31950482521134688,research_only,outside_review_top20,
7d121a3ad88b,"[""DEP_acl_rate_baixo"", ""DEP_nummod_rate_baixo"", ""POS_AUX_rate_alto""]",DEP_acl_rate_baixo + DEP_nummod_rate_baixo + POS_AUX_rate_alto,"[""a74e1f7783e3"", ""d123f3051e4b""]",d123f3051e4b,147,0.10208333333333333,True,1,"[""DEP_acl"", ""auxiliares"", ""numerais""]",DEP_acl|auxiliares|numerais,False,True,True,0.31950482521134688,research_only,outside_review_top20,
7ec427b1f72d,"[""DEP_case_rate_alto"", ""DEP_ccomp_rate_baixo"", ""DEP_nsubj_rate_baixo""]",DEP_case_rate_alto + DEP_ccomp_rate_baixo + DEP_nsubj_rate_baixo,"[""535c1c16d7d0""]",535c1c16d7d0,147,0.10208333333333333,True,1,"[""DEP_ccomp"", ""DEP_nsubj"", ""relacoes_preposicionais""]",DEP_ccomp|DEP_nsubj|relacoes_preposicionais,False,True,True,0.31950482521134688,research_only,outside_review_top20,
9c6cc6c0c6cd,"[""DEP_aux:pass_rate_baixo"", ""POS_PRON_rate_alto"", ""uppercaseRatio_baixo""]",DEP_aux:pass_rate_baixo + POS_PRON_rate_alto + uppercaseRatio_baixo,"[""78ac17f3aecc"", ""a10a76a096fa""]",78ac17f3aecc,147,0.10208333333333333,True,1,"[""POS_PRON"", ""auxiliares"", ""uppercaseRatio""]",POS_PRON|auxiliares|uppercaseRatio,False,True,True,0.31950482521134688,research_only,outside_review_top20,
9e12bcfe2736,"[""DEP_acl_rate_baixo"", ""DEP_mark_rate_baixo"", ""DEP_nummod_rate_baixo""]",DEP_acl_rate_baixo + DEP_mark_rate_baixo + DEP_nummod_rate_baixo,"[""412e0d4ab01c""]",412e0d4ab01c,147,0.10208333333333333,True,1,"[""DEP_acl"", ""numerais"", ""subordinacao""]",DEP_acl|numerais|subordinacao,False,True,True,0.31950482521134688,research_only,outside_review_top20,
9f74c8af9b7f,"[""DEP_ccomp_rate_baixo"", ""DEP_obl_rate_alto"", ""DEP_xcomp_rate_baixo""]",DEP_ccomp_rate_baixo + DEP_obl_rate_alto + DEP_xcomp_rate_baixo,"[""26d51d495281"", ""a6776b488285""]",26d51d495281,147,0.10208333333333333,True,1,"[""DEP_ccomp"", ""DEP_obl"", ""DEP_xcomp""]",DEP_ccomp|DEP_obl|DEP_xcomp,False,True,True,0.31950482521134688,research_only,outside_review_top20,
9fa11b339706,"[""DEP_cop_rate_baixo"", ""DEP_nsubj_rate_baixo"", ""DEP_xcomp_rate_baixo""]",DEP_cop_rate_baixo + DEP_nsubj_rate_baixo + DEP_xcomp_rate_baixo,"[""93a4307f0579"", ""ff7ecb6f4860""]",ff7ecb6f4860,147,0.10208333333333333,True,1,"[""DEP_cop"", ""DEP_nsubj"", ""DEP_xcomp""]",DEP_cop|DEP_nsubj|DEP_xcomp,False,True,True,0.31950482521134688,research_only,outside_review_top20,
9fd33fdbd05d,"[""DEP_cc_rate_baixo"", ""DEP_conj_rate_baixo"", ""uppercaseRatio_baixo""]",DEP_cc_rate_baixo + DEP_conj_rate_baixo + uppercaseRatio_baixo,"[""3fa48ae81013"", ""e7040573a32f""]",e7040573a32f,147,0.10208333333333333,True,1,"[""coordenacao"", ""uppercaseRatio""]",coordenacao|uppercaseRatio,True,True,True,0.31950482521134688,research_only,outside_review_top20,
a9025f569653,"[""DEP_amod_rate_alto"", ""POS_ADJ_rate_alto"", ""uppercaseRatio_baixo""]",DEP_amod_rate_alto + POS_ADJ_rate_alto + uppercaseRatio_baixo,"[""383cfa8699c9"", ""5d4727b012a4"", ""6e53c5f330fc""]",383cfa8699c9,147,0.10208333333333333,True,1,"[""adjetivacao"", ""uppercaseRatio""]",adjetivacao|uppercaseRatio,True,False,True,0.31950482521134688,research_only,outside_review_top20,
ae8accf0e5c0,"[""DEP_aux:pass_rate_baixo"", ""DEP_nsubj_rate_alto"", ""POS_PRON_rate_alto""]",DEP_aux:pass_rate_baixo + DEP_nsubj_rate_alto + POS_PRON_rate_alto,"[""3a63847c6b70""]",3a63847c6b70,147,0.10208333333333333,True,1,"[""DEP_nsubj"", ""POS_PRON"", ""auxiliares""]",DEP_nsubj|POS_PRON|auxiliares,False,True,True,0.31950482521134688,research_only,outside_review_top20,
b0c281c6c23b,"[""DEP_acl:relcl_rate_baixo"", ""DEP_cop_rate_baixo"", ""DEP_det_rate_baixo""]",DEP_acl:relcl_rate_baixo + DEP_cop_rate_baixo + DEP_det_rate_baixo,"[""1c06b6a4e134"", ""5458ab45e446""]",5458ab45e446,147,0.10208333333333333,True,1,"[""DEP_acl:relcl"", ""DEP_cop"", ""determinacao""]",DEP_acl:relcl|DEP_cop|determinacao,False,True,True,0.31950482521134688,research_only,outside_review_top20,
c3050becdaff,"[""DEP_advcl_rate_baixo"", ""POS_SCONJ_rate_baixo"", ""uppercaseRatio_baixo""]",DEP_advcl_rate_baixo + POS_SCONJ_rate_baixo + uppercaseRatio_baixo,"[""bde181327d54""]",bde181327d54,147,0.10208333333333333,True,1,"[""DEP_advcl"", ""subordinacao"", ""uppercaseRatio""]",DEP_advcl|subordinacao|uppercaseRatio,False,True,True,0.31950482521134688,research_only,outside_review_top20,
cad9004cf1f5,"[""DEP_aux:pass_rate_baixo"", ""DEP_cop_rate_baixo"", ""POS_ADP_rate_alto""]",DEP_aux:pass_rate_baixo + DEP_cop_rate_baixo + POS_ADP_rate_alto,"[""e5eeb020180d""]",e5eeb020180d,147,0.10208333333333333,True,1,"[""DEP_cop"", ""auxiliares"", ""relacoes_preposicionais""]",DEP_cop|auxiliares|relacoes_preposicionais,False,True,True,0.31950482521134688,research_only,outside_review_top20,
d999f61c961a,"[""DEP_mark_rate_baixo"", ""DEP_nsubj_rate_baixo"", ""POS_SCONJ_rate_baixo""]",DEP_mark_rate_baixo + DEP_nsubj_rate_baixo + POS_SCONJ_rate_baixo,"[""6bb76bd58b82"", ""a68a50ad6a2c""]",a68a50ad6a2c,147,0.10208333333333333,True,1,"[""DEP_nsubj"", ""subordinacao""]",DEP_nsubj|subordinacao,True,True,True,0.31950482521134688,research_only,outside_review_top20,
e5681edb5490,"[""DEP_amod_rate_baixo"", ""DEP_xcomp_rate_baixo"", ""POS_ADJ_rate_baixo""]",DEP_amod_rate_baixo + DEP_xcomp_rate_baixo + POS_ADJ_rate_baixo,"[""6e7feb3a082c"", ""fa1fc8570037""]",fa1fc8570037,147,0.10208333333333333,True,1,"[""DEP_xcomp"", ""adjetivacao""]",DEP_xcomp|adjetivacao,True,True,True,0.31950482521134688,research_only,outside_review_top20,
0e7fcdaafd6c,"[""DEP_acl:relcl_rate_baixo"", ""DEP_cc_rate_alto"", ""DEP_cop_rate_baixo""]",DEP_acl:relcl_rate_baixo + DEP_cc_rate_alto + DEP_cop_rate_baixo,"[""3319d312192b"", ""7eb0c459c480""]",3319d312192b,153,0.10625,True,0.97999999999999998,"[""DEP_acl:relcl"", ""DEP_cop"", ""coordenacao""]",DEP_acl:relcl|DEP_cop|coordenacao,False,True,True,0.31944091785492978,research_only,outside_review_top20,
9c9f5ab53e8b,"[""DEP_case_rate_baixo"", ""DEP_nsubj:pass_rate_baixo"", ""POS_VERB_rate_alto""]",DEP_case_rate_baixo + DEP_nsubj:pass_rate_baixo + POS_VERB_rate_alto,"[""1d8341e35a8a"", ""78a64ab54d29"", ""b2a1f233ff72""]",1d8341e35a8a,156,0.10833333333333334,True,0.96999999999999997,"[""DEP_nsubj:pass"", ""POS_VERB"", ""relacoes_preposicionais""]",DEP_nsubj:pass|POS_VERB|relacoes_preposicionais,False,True,True,0.3192660854731259,research_only,outside_review_top20,
e19580127b4b,"[""DEP_acl_rate_baixo"", ""DEP_nsubj:pass_rate_baixo"", ""POS_DET_rate_alto""]",DEP_acl_rate_baixo + DEP_nsubj:pass_rate_baixo + POS_DET_rate_alto,"[""e3d24cdea7e9""]",e3d24cdea7e9,156,0.10833333333333334,True,0.96999999999999997,"[""DEP_acl"", ""DEP_nsubj:pass"", ""determinacao""]",DEP_acl|DEP_nsubj:pass|determinacao,False,True,True,0.3192660854731259,research_only,outside_review_top20,
edc2e4e1d9a3,"[""DEP_aux:pass_rate_baixo"", ""DEP_cop_rate_baixo"", ""POS_ADJ_rate_baixo""]",DEP_aux:pass_rate_baixo + DEP_cop_rate_baixo + POS_ADJ_rate_baixo,"[""ce59ff7e35ca""]",ce59ff7e35ca,156,0.10833333333333334,True,0.96999999999999997,"[""DEP_cop"", ""adjetivacao"", ""auxiliares""]",DEP_cop|adjetivacao|auxiliares,False,True,True,0.3192660854731259,research_only,outside_review_top20,
17e312fb1c27,"[""DEP_cc_rate_alto"", ""DEP_ccomp_rate_baixo"", ""DEP_nsubj:pass_rate_baixo""]",DEP_cc_rate_alto + DEP_ccomp_rate_baixo + DEP_nsubj:pass_rate_baixo,"[""da40579176fe""]",da40579176fe,198,0.13750000000000001,True,0.85999999999999999,"[""DEP_ccomp"", ""DEP_nsubj:pass"", ""coordenacao""]",DEP_ccomp|DEP_nsubj:pass|coordenacao,False,True,True,0.3188965349451135,research_only,outside_review_top20,
5d85ae5b0d37,"[""DEP_advcl_rate_baixo"", ""DEP_ccomp_rate_baixo"", ""DEP_nummod_rate_alto""]",DEP_advcl_rate_baixo + DEP_ccomp_rate_baixo + DEP_nummod_rate_alto,"[""2e9d0e65d2c1""]",2e9d0e65d2c1,149,0.10347222222222222,True,0.98999999999999999,"[""DEP_advcl"", ""DEP_ccomp"", ""numerais""]",DEP_advcl|DEP_ccomp|numerais,False,True,True,0.31845427458270992,research_only,outside_review_top20,
a008d2e92005,"[""DEP_nummod_rate_baixo"", ""POS_ADJ_rate_baixo"", ""POS_NUM_rate_baixo""]",DEP_nummod_rate_baixo + POS_ADJ_rate_baixo + POS_NUM_rate_baixo,"[""81043d841b85"", ""8111c8172169""]",8111c8172169,149,0.10347222222222222,True,0.98999999999999999,"[""adjetivacao"", ""numerais""]",adjetivacao|numerais,True,True,True,0.31845427458270992,research_only,outside_review_top20,
f9c2bc26db91,"[""DEP_cop_rate_baixo"", ""DEP_nummod_rate_baixo"", ""POS_SCONJ_rate_alto""]",DEP_cop_rate_baixo + DEP_nummod_rate_baixo + POS_SCONJ_rate_alto,"[""08a9ad755c17""]",08a9ad755c17,149,0.10347222222222222,True,0.98999999999999999,"[""DEP_cop"", ""numerais"", ""subordinacao""]",DEP_cop|numerais|subordinacao,False,True,True,0.31845427458270992,research_only,outside_review_top20,
02d2a3e19e8c,"[""DEP_cop_rate_baixo"", ""DEP_xcomp_rate_baixo"", ""POS_VERB_rate_baixo""]",DEP_cop_rate_baixo + DEP_xcomp_rate_baixo + POS_VERB_rate_baixo,"[""0b47407d575a""]",0b47407d575a,146,0.10138888888888889,True,1,"[""DEP_cop"", ""DEP_xcomp"", ""POS_VERB""]",DEP_cop|DEP_xcomp|POS_VERB,False,True,True,0.31841621957571331,research_only,outside_review_top20,
0b60e0828229,"[""DEP_acl_rate_baixo"", ""DEP_ccomp_rate_alto"", ""DEP_nummod_rate_baixo""]",DEP_acl_rate_baixo + DEP_ccomp_rate_alto + DEP_nummod_rate_baixo,"[""9bea548d0063"", ""c828f3c8c19b""]",9bea548d0063,146,0.10138888888888889,True,1,"[""DEP_acl"", ""DEP_ccomp"", ""numerais""]",DEP_acl|DEP_ccomp|numerais,False,True,True,0.31841621957571331,research_only,outside_review_top20,
1cda87ead0ca,"[""DEP_cop_rate_baixo"", ""DEP_nmod_rate_alto"", ""DEP_xcomp_rate_baixo""]",DEP_cop_rate_baixo + DEP_nmod_rate_alto + DEP_xcomp_rate_baixo,"[""3afbb06d792e"", ""b4ebf3eced5b""]",b4ebf3eced5b,146,0.10138888888888889,True,1,"[""DEP_cop"", ""DEP_nmod"", ""DEP_xcomp""]",DEP_cop|DEP_nmod|DEP_xcomp,False,True,True,0.31841621957571331,research_only,outside_review_top20,
234646e33423,"[""DEP_advmod_rate_alto"", ""DEP_nmod_rate_baixo"", ""POS_ADV_rate_alto""]",DEP_advmod_rate_alto + DEP_nmod_rate_baixo + POS_ADV_rate_alto,"[""55404f12f4f5"", ""61acb6242df9""]",55404f12f4f5,146,0.10138888888888889,True,1,"[""DEP_nmod"", ""modificacao_adverbial""]",DEP_nmod|modificacao_adverbial,True,True,True,0.31841621957571331,research_only,outside_review_top20,
3292fd6f4e1b,"[""DEP_ccomp_rate_baixo"", ""DEP_cop_rate_baixo"", ""DEP_flat:name_rate_alto""]",DEP_ccomp_rate_baixo + DEP_cop_rate_baixo + DEP_flat:name_rate_alto,"[""1002a8a52773"", ""7d7149a223b9""]",7d7149a223b9,146,0.10138888888888889,True,1,"[""DEP_ccomp"", ""DEP_cop"", ""DEP_flat:name""]",DEP_ccomp|DEP_cop|DEP_flat:name,False,True,True,0.31841621957571331,research_only,outside_review_top20,
3df8cbaa9b61,"[""DEP_advcl_rate_baixo"", ""POS_ADP_rate_alto"", ""POS_SCONJ_rate_baixo""]",DEP_advcl_rate_baixo + POS_ADP_rate_alto + POS_SCONJ_rate_baixo,"[""30166ef42f0a"", ""42b4bf98ff03""]",42b4bf98ff03,146,0.10138888888888889,True,1,"[""DEP_advcl"", ""relacoes_preposicionais"", ""subordinacao""]",DEP_advcl|relacoes_preposicionais|subordinacao,False,True,True,0.31841621957571331,research_only,outside_review_top20,
4548bd3d80f0,"[""DEP_ccomp_rate_baixo"", ""DEP_cop_rate_baixo"", ""POS_CCONJ_rate_alto""]",DEP_ccomp_rate_baixo + DEP_cop_rate_baixo + POS_CCONJ_rate_alto,"[""6d05efde9526"", ""f4d1aa0d53be""]",6d05efde9526,146,0.10138888888888889,True,1,"[""DEP_ccomp"", ""DEP_cop"", ""coordenacao""]",DEP_ccomp|DEP_cop|coordenacao,False,True,True,0.31841621957571331,research_only,outside_review_top20,
595c415fda6e,"[""DEP_acl:relcl_rate_baixo"", ""DEP_acl_rate_baixo"", ""DEP_mark_rate_baixo""]",DEP_acl:relcl_rate_baixo + DEP_acl_rate_baixo + DEP_mark_rate_baixo,"[""0a31aa6e8634""]",0a31aa6e8634,146,0.10138888888888889,True,1,"[""DEP_acl"", ""DEP_acl:relcl"", ""subordinacao""]",DEP_acl|DEP_acl:relcl|subordinacao,False,True,True,0.31841621957571331,research_only,outside_review_top20,
59b3fc6255d1,"[""DEP_advmod_rate_alto"", ""DEP_xcomp_rate_baixo"", ""POS_ADV_rate_alto""]",DEP_advmod_rate_alto + DEP_xcomp_rate_baixo + POS_ADV_rate_alto,"[""15cae2295911"", ""77b7de79a31a""]",15cae2295911,146,0.10138888888888889,True,1,"[""DEP_xcomp"", ""modificacao_adverbial""]",DEP_xcomp|modificacao_adverbial,True,True,True,0.31841621957571331,research_only,outside_review_top20,
5cb83f02f578,"[""DEP_acl:relcl_rate_baixo"", ""DEP_aux:pass_rate_baixo"", ""DEP_nsubj_rate_alto""]",DEP_acl:relcl_rate_baixo + DEP_aux:pass_rate_baixo + DEP_nsubj_rate_alto,"[""81e03aeeb1cc""]",81e03aeeb1cc,146,0.10138888888888889,True,1,"[""DEP_acl:relcl"", ""DEP_nsubj"", ""auxiliares""]",DEP_acl:relcl|DEP_nsubj|auxiliares,False,True,True,0.31841621957571331,research_only,outside_review_top20,
5ddc90b0762e,"[""DEP_cop_rate_baixo"", ""DEP_nsubj:pass_rate_baixo"", ""DEP_nsubj_rate_alto""]",DEP_cop_rate_baixo + DEP_nsubj:pass_rate_baixo + DEP_nsubj_rate_alto,"[""3d3f71230647""]",3d3f71230647,146,0.10138888888888889,True,1,"[""DEP_cop"", ""DEP_nsubj"", ""DEP_nsubj:pass""]",DEP_cop|DEP_nsubj|DEP_nsubj:pass,False,True,True,0.31841621957571331,research_only,outside_review_top20,
695ca95c801e,"[""DEP_acl:relcl_rate_baixo"", ""DEP_aux:pass_rate_alto"", ""DEP_cop_rate_baixo""]",DEP_acl:relcl_rate_baixo + DEP_aux:pass_rate_alto + DEP_cop_rate_baixo,"[""2725ca86f5ef"", ""2f468dbd128e""]",2f468dbd128e,146,0.10138888888888889,True,1,"[""DEP_acl:relcl"", ""DEP_cop"", ""auxiliares""]",DEP_acl:relcl|DEP_cop|auxiliares,False,True,True,0.31841621957571331,research_only,outside_review_top20,
7546d3d2d2fe,"[""DEP_cc_rate_baixo"", ""DEP_nmod_rate_alto"", ""POS_CCONJ_rate_baixo""]",DEP_cc_rate_baixo + DEP_nmod_rate_alto + POS_CCONJ_rate_baixo,"[""90b5ab7309de"", ""9e57c0b1df90""]",90b5ab7309de,146,0.10138888888888889,True,1,"[""DEP_nmod"", ""coordenacao""]",DEP_nmod|coordenacao,True,True,True,0.31841621957571331,research_only,outside_review_top20,
97e77daa3cb2,"[""DEP_acl:relcl_rate_baixo"", ""DEP_nmod_rate_alto"", ""DEP_nummod_rate_baixo""]",DEP_acl:relcl_rate_baixo + DEP_nmod_rate_alto + DEP_nummod_rate_baixo,"[""211cbaccb4aa""]",211cbaccb4aa,146,0.10138888888888889,True,1,"[""DEP_acl:relcl"", ""DEP_nmod"", ""numerais""]",DEP_acl:relcl|DEP_nmod|numerais,False,True,True,0.31841621957571331,research_only,outside_review_top20,
9f1e3220fd84,"[""DEP_ccomp_rate_baixo"", ""DEP_mark_rate_baixo"", ""DEP_nsubj_rate_baixo""]",DEP_ccomp_rate_baixo + DEP_mark_rate_baixo + DEP_nsubj_rate_baixo,"[""05f64be2bf33"", ""61734ae373c5""]",61734ae373c5,146,0.10138888888888889,True,1,"[""DEP_ccomp"", ""DEP_nsubj"", ""subordinacao""]",DEP_ccomp|DEP_nsubj|subordinacao,False,True,True,0.31841621957571331,research_only,outside_review_top20,
a1fc8bc96430,"[""DEP_acl:relcl_rate_alto"", ""DEP_ccomp_rate_baixo"", ""DEP_cop_rate_baixo""]",DEP_acl:relcl_rate_alto + DEP_ccomp_rate_baixo + DEP_cop_rate_baixo,"[""afb9eeaa6aab""]",afb9eeaa6aab,146,0.10138888888888889,True,1,"[""DEP_acl:relcl"", ""DEP_ccomp"", ""DEP_cop""]",DEP_acl:relcl|DEP_ccomp|DEP_cop,False,True,True,0.31841621957571331,research_only,outside_review_top20,
b0d7cb03abba,"[""DEP_acl:relcl_rate_baixo"", ""DEP_flat:name_rate_alto"", ""POS_PRON_rate_baixo""]",DEP_acl:relcl_rate_baixo + DEP_flat:name_rate_alto + POS_PRON_rate_baixo,"[""8194a6c0e30e"", ""d62734b3a213""]",8194a6c0e30e,146,0.10138888888888889,True,1,"[""DEP_acl:relcl"", ""DEP_flat:name"", ""POS_PRON""]",DEP_acl:relcl|DEP_flat:name|POS_PRON,False,True,True,0.31841621957571331,research_only,outside_review_top20,
d7514066ddfd,"[""DEP_ccomp_rate_baixo"", ""DEP_nsubj_rate_baixo"", ""POS_ADP_rate_alto""]",DEP_ccomp_rate_baixo + DEP_nsubj_rate_baixo + POS_ADP_rate_alto,"[""887ddf212a8b"", ""e2cf9777cb36""]",e2cf9777cb36,146,0.10138888888888889,True,1,"[""DEP_ccomp"", ""DEP_nsubj"", ""relacoes_preposicionais""]",DEP_ccomp|DEP_nsubj|relacoes_preposicionais,False,True,True,0.31841621957571331,research_only,outside_review_top20,
e89ad628a4e9,"[""DEP_nmod_rate_alto"", ""DEP_xcomp_rate_baixo"", ""POS_VERB_rate_baixo""]",DEP_nmod_rate_alto + DEP_xcomp_rate_baixo + POS_VERB_rate_baixo,"[""60576f96f738"", ""da635685d677""]",60576f96f738,146,0.10138888888888889,True,1,"[""DEP_nmod"", ""DEP_xcomp"", ""POS_VERB""]",DEP_nmod|DEP_xcomp|POS_VERB,False,True,True,0.31841621957571331,research_only,outside_review_top20,
ea09c843c352,"[""DEP_cop_rate_baixo"", ""POS_AUX_rate_baixo"", ""uppercaseRatio_baixo""]",DEP_cop_rate_baixo + POS_AUX_rate_baixo + uppercaseRatio_baixo,"[""e12b0e2affb5""]",e12b0e2affb5,146,0.10138888888888889,True,1,"[""DEP_cop"", ""auxiliares"", ""uppercaseRatio""]",DEP_cop|auxiliares|uppercaseRatio,False,True,True,0.31841621957571331,research_only,outside_review_top20,
f4da929e7f6a,"[""DEP_appos_rate_baixo"", ""DEP_flat:name_rate_baixo"", ""POS_PROPN_rate_baixo""]",DEP_appos_rate_baixo + DEP_flat:name_rate_baixo + POS_PROPN_rate_baixo,"[""1e6f657db977"", ""2f81f764da51"", ""587e57440901""]",587e57440901,146,0.10138888888888889,True,1,"[""DEP_appos"", ""DEP_flat:name"", ""POS_PROPN""]",DEP_appos|DEP_flat:name|POS_PROPN,False,True,True,0.31841621957571331,research_only,outside_review_top20,
2748dc26404d,"[""DEP_nsubj:pass_rate_baixo"", ""POS_ADP_rate_baixo"", ""uppercaseRatio_baixo""]",DEP_nsubj:pass_rate_baixo + POS_ADP_rate_baixo + uppercaseRatio_baixo,"[""73d0c2368d72""]",73d0c2368d72,152,0.10555555555555556,True,0.97999999999999998,"[""DEP_nsubj:pass"", ""relacoes_preposicionais"", ""uppercaseRatio""]",DEP_nsubj:pass|relacoes_preposicionais|uppercaseRatio,False,True,True,0.31839528193042616,research_only,outside_review_top20,
4a4d1e922507,"[""DEP_acl:relcl_rate_baixo"", ""POS_CCONJ_rate_alto"", ""POS_PRON_rate_baixo""]",DEP_acl:relcl_rate_baixo + POS_CCONJ_rate_alto + POS_PRON_rate_baixo,"[""2cdce074aea3"", ""57991c6f0250""]",2cdce074aea3,155,0.1076388888888889,True,0.96999999999999997,"[""DEP_acl:relcl"", ""POS_PRON"", ""coordenacao""]",DEP_acl:relcl|POS_PRON|coordenacao,False,True,True,0.318241151574644,research_only,outside_review_top20,
1d621d1f374e,"[""DEP_acl:relcl_rate_baixo"", ""DEP_aux:pass_rate_baixo"", ""POS_VERB_rate_baixo""]",DEP_acl:relcl_rate_baixo + DEP_aux:pass_rate_baixo + POS_VERB_rate_baixo,"[""9d517bbfa17f"", ""de125f26a79f""]",de125f26a79f,168,0.11666666666666667,True,0.93000000000000005,"[""DEP_acl:relcl"", ""POS_VERB"", ""auxiliares""]",DEP_acl:relcl|POS_VERB|auxiliares,False,True,True,0.31765547374474756,research_only,outside_review_top20,
437709c9e75b,"[""DEP_advcl_rate_baixo"", ""DEP_nsubj_rate_alto"", ""DEP_nummod_rate_baixo""]",DEP_advcl_rate_baixo + DEP_nsubj_rate_alto + DEP_nummod_rate_baixo,"[""60cb238112ab""]",60cb238112ab,148,0.10277777777777777,True,0.98999999999999999,"[""DEP_advcl"", ""DEP_nsubj"", ""numerais""]",DEP_advcl|DEP_nsubj|numerais,False,True,True,0.31738383701757722,research_only,outside_review_top20,
77ef67a257a9,"[""DEP_mark_rate_alto"", ""DEP_nsubj:pass_rate_baixo"", ""POS_ADP_rate_baixo""]",DEP_mark_rate_alto + DEP_nsubj:pass_rate_baixo + POS_ADP_rate_baixo,"[""90d4c86228ba""]",90d4c86228ba,148,0.10277777777777777,True,0.98999999999999999,"[""DEP_nsubj:pass"", ""relacoes_preposicionais"", ""subordinacao""]",DEP_nsubj:pass|relacoes_preposicionais|subordinacao,False,True,True,0.31738383701757722,research_only,outside_review_top20,
c1b9ecb535c4,"[""DEP_aux:pass_rate_baixo"", ""DEP_obj_rate_alto"", ""POS_VERB_rate_alto""]",DEP_aux:pass_rate_baixo + DEP_obj_rate_alto + POS_VERB_rate_alto,"[""0cd2c427e36e"", ""1d6d6be2e4e5""]",0cd2c427e36e,148,0.10277777777777777,True,0.98999999999999999,"[""DEP_obj"", ""POS_VERB"", ""auxiliares""]",DEP_obj|POS_VERB|auxiliares,False,True,True,0.31738383701757722,research_only,outside_review_top20,
0f66a62e2b37,"[""DEP_acl_rate_baixo"", ""POS_SCONJ_rate_baixo"", ""POS_VERB_rate_baixo""]",DEP_acl_rate_baixo + POS_SCONJ_rate_baixo + POS_VERB_rate_baixo,"[""264a671c2076"", ""9579c7c5bd10"", ""be109af5ddb7""]",9579c7c5bd10,145,0.10069444444444445,True,1,"[""DEP_acl"", ""POS_VERB"", ""subordinacao""]",DEP_acl|POS_VERB|subordinacao,False,True,True,0.31732387941099616,research_only,outside_review_top20,
18bfb5948bc1,"[""DEP_case_rate_alto"", ""DEP_ccomp_rate_baixo"", ""DEP_nummod_rate_baixo""]",DEP_case_rate_alto + DEP_ccomp_rate_baixo + DEP_nummod_rate_baixo,"[""66a61067f4ab""]",66a61067f4ab,145,0.10069444444444445,True,1,"[""DEP_ccomp"", ""numerais"", ""relacoes_preposicionais""]",DEP_ccomp|numerais|relacoes_preposicionais,False,True,True,0.31732387941099616,research_only,outside_review_top20,
1d29cb8b6c5c,"[""DEP_mark_rate_alto"", ""DEP_nummod_rate_baixo"", ""POS_VERB_rate_alto""]",DEP_mark_rate_alto + DEP_nummod_rate_baixo + POS_VERB_rate_alto,"[""419e0fdb36d8"", ""aef47aed060d""]",419e0fdb36d8,145,0.10069444444444445,True,1,"[""POS_VERB"", ""numerais"", ""subordinacao""]",POS_VERB|numerais|subordinacao,False,True,True,0.31732387941099616,research_only,outside_review_top20,
223931bc2446,"[""DEP_acl_rate_baixo"", ""DEP_aux:pass_rate_baixo"", ""POS_DET_rate_alto""]",DEP_acl_rate_baixo + DEP_aux:pass_rate_baixo + POS_DET_rate_alto,"[""4625ab2184e2"", ""51aaed161136""]",4625ab2184e2,145,0.10069444444444445,True,1,"[""DEP_acl"", ""auxiliares"", ""determinacao""]",DEP_acl|auxiliares|determinacao,False,True,True,0.31732387941099616,research_only,outside_review_top20,
2363b2e997d8,"[""DEP_det_rate_baixo"", ""DEP_nmod_rate_alto"", ""POS_DET_rate_baixo""]",DEP_det_rate_baixo + DEP_nmod_rate_alto + POS_DET_rate_baixo,"[""827f003942e4"", ""834a4a894d54""]",827f003942e4,145,0.10069444444444445,True,1,"[""DEP_nmod"", ""determinacao""]",DEP_nmod|determinacao,True,True,True,0.31732387941099616,research_only,outside_review_top20,
284f22364782,"[""DEP_advmod_rate_baixo"", ""POS_ADV_rate_baixo"", ""POS_SCONJ_rate_baixo""]",DEP_advmod_rate_baixo + POS_ADV_rate_baixo + POS_SCONJ_rate_baixo,"[""35e6d3ca65f3"", ""c61f4b804e91""]",35e6d3ca65f3,145,0.10069444444444445,True,1,"[""modificacao_adverbial"", ""subordinacao""]",modificacao_adverbial|subordinacao,True,True,True,0.31732387941099616,research_only,outside_review_top20,
8f82394bf40a,"[""DEP_ccomp_rate_baixo"", ""DEP_nsubj_rate_baixo"", ""DEP_nummod_rate_baixo""]",DEP_ccomp_rate_baixo + DEP_nsubj_rate_baixo + DEP_nummod_rate_baixo,"[""7f287cdcc2ea""]",7f287cdcc2ea,145,0.10069444444444445,True,1,"[""DEP_ccomp"", ""DEP_nsubj"", ""numerais""]",DEP_ccomp|DEP_nsubj|numerais,False,True,True,0.31732387941099616,research_only,outside_review_top20,
91b1c84b2170,"[""DEP_acl:relcl_rate_alto"", ""DEP_nummod_rate_baixo"", ""POS_PRON_rate_alto""]",DEP_acl:relcl_rate_alto + DEP_nummod_rate_baixo + POS_PRON_rate_alto,"[""80edb2a7bdd0"", ""94ffd6706ff2"", ""df8d79ab07d9""]",94ffd6706ff2,145,0.10069444444444445,True,1,"[""DEP_acl:relcl"", ""POS_PRON"", ""numerais""]",DEP_acl:relcl|POS_PRON|numerais,False,True,True,0.31732387941099616,research_only,outside_review_top20,
9f78a1b641c7,"[""DEP_nummod_rate_baixo"", ""DEP_xcomp_rate_baixo"", ""POS_PROPN_rate_alto""]",DEP_nummod_rate_baixo + DEP_xcomp_rate_baixo + POS_PROPN_rate_alto,"[""34b4508fde36"", ""d2c18dbe1657""]",d2c18dbe1657,145,0.10069444444444445,True,1,"[""DEP_xcomp"", ""POS_PROPN"", ""numerais""]",DEP_xcomp|POS_PROPN|numerais,False,True,True,0.31732387941099616,research_only,outside_review_top20,
a86ad4d175de,"[""DEP_acl:relcl_rate_baixo"", ""DEP_nummod_rate_baixo"", ""POS_VERB_rate_alto""]",DEP_acl:relcl_rate_baixo + DEP_nummod_rate_baixo + POS_VERB_rate_alto,"[""027244278fcc""]",027244278fcc,145,0.10069444444444445,True,1,"[""DEP_acl:relcl"", ""POS_VERB"", ""numerais""]",DEP_acl:relcl|POS_VERB|numerais,False,True,True,0.31732387941099616,research_only,outside_review_top20,
ab1ebd93cb31,"[""DEP_acl:relcl_rate_baixo"", ""DEP_acl_rate_baixo"", ""POS_VERB_rate_baixo""]",DEP_acl:relcl_rate_baixo + DEP_acl_rate_baixo + POS_VERB_rate_baixo,"[""082683b3f076"", ""a9c00eabd5eb""]",082683b3f076,145,0.10069444444444445,True,1,"[""DEP_acl"", ""DEP_acl:relcl"", ""POS_VERB""]",DEP_acl|DEP_acl:relcl|POS_VERB,False,True,True,0.31732387941099616,research_only,outside_review_top20,
b78eaa64524a,"[""DEP_case_rate_alto"", ""DEP_ccomp_rate_baixo"", ""POS_VERB_rate_baixo""]",DEP_case_rate_alto + DEP_ccomp_rate_baixo + POS_VERB_rate_baixo,"[""a3675dccb577"", ""d6430a2c02ae""]",d6430a2c02ae,145,0.10069444444444445,True,1,"[""DEP_ccomp"", ""POS_VERB"", ""relacoes_preposicionais""]",DEP_ccomp|POS_VERB|relacoes_preposicionais,False,True,True,0.31732387941099616,research_only,outside_review_top20,
e6881f48bcbc,"[""DEP_advmod_rate_baixo"", ""DEP_det_rate_baixo"", ""POS_DET_rate_baixo""]",DEP_advmod_rate_baixo + DEP_det_rate_baixo + POS_DET_rate_baixo,"[""06c6f4639926"", ""3a3117be52c5""]",06c6f4639926,145,0.10069444444444445,True,1,"[""determinacao"", ""modificacao_adverbial""]",determinacao|modificacao_adverbial,True,True,True,0.31732387941099616,research_only,outside_review_top20,
f2f009833ddd,"[""DEP_appos_rate_baixo"", ""DEP_ccomp_rate_baixo"", ""uppercaseRatio_baixo""]",DEP_appos_rate_baixo + DEP_ccomp_rate_baixo + uppercaseRatio_baixo,"[""9d49f6bb4f44""]",9d49f6bb4f44,145,0.10069444444444445,True,1,"[""DEP_appos"", ""DEP_ccomp"", ""uppercaseRatio""]",DEP_appos|DEP_ccomp|uppercaseRatio,False,True,True,0.31732387941099616,research_only,outside_review_top20,
75d2993d9ffe,"[""DEP_mark_rate_baixo"", ""DEP_nsubj:pass_rate_baixo"", ""POS_VERB_rate_baixo""]",DEP_mark_rate_baixo + DEP_nsubj:pass_rate_baixo + POS_VERB_rate_baixo,"[""63da727b00d3""]",63da727b00d3,157,0.10902777777777778,True,0.95999999999999996,"[""DEP_nsubj:pass"", ""POS_VERB"", ""subordinacao""]",DEP_nsubj:pass|POS_VERB|subordinacao,False,True,True,0.31698580409854316,research_only,outside_review_top20,
2f063c5e1b94,"[""DEP_acl:relcl_rate_alto"", ""DEP_advcl_rate_baixo"", ""DEP_aux:pass_rate_baixo""]",DEP_acl:relcl_rate_alto + DEP_advcl_rate_baixo + DEP_aux:pass_rate_baixo,"[""daadee369062""]",daadee369062,167,0.11597222222222223,True,0.93000000000000005,"[""DEP_acl:relcl"", ""DEP_advcl"", ""auxiliares""]",DEP_acl:relcl|DEP_advcl|auxiliares,False,True,True,0.31670865949638954,research_only,outside_review_top20,
33271de96cc4,"[""DEP_advmod_rate_alto"", ""DEP_nsubj:pass_rate_baixo"", ""DEP_nummod_rate_baixo""]",DEP_advmod_rate_alto + DEP_nsubj:pass_rate_baixo + DEP_nummod_rate_baixo,"[""7fd9d6a4da72"", ""83b578257504""]",83b578257504,174,0.12083333333333333,True,0.91000000000000003,"[""DEP_nsubj:pass"", ""modificacao_adverbial"", ""numerais""]",DEP_nsubj:pass|modificacao_adverbial|numerais,False,True,True,0.31632591315498221,research_only,outside_review_top20,
2242692a6810,"[""DEP_case_rate_baixo"", ""DEP_mark_rate_alto"", ""DEP_nsubj:pass_rate_baixo""]",DEP_case_rate_baixo + DEP_mark_rate_alto + DEP_nsubj:pass_rate_baixo,"[""d66f83eb3112""]",d66f83eb3112,147,0.10208333333333333,True,0.98999999999999999,"[""DEP_nsubj:pass"", ""relacoes_preposicionais"", ""subordinacao""]",DEP_nsubj:pass|relacoes_preposicionais|subordinacao,False,True,True,0.3163097769592334,research_only,outside_review_top20,
40b427c4c908,"[""DEP_nsubj:pass_rate_baixo"", ""DEP_xcomp_rate_baixo"", ""POS_NOUN_rate_alto""]",DEP_nsubj:pass_rate_baixo + DEP_xcomp_rate_baixo + POS_NOUN_rate_alto,"[""0b6ded68614a"", ""bf874ae746a6""]",bf874ae746a6,150,0.10416666666666667,True,0.97999999999999998,"[""DEP_nsubj:pass"", ""DEP_xcomp"", ""POS_NOUN""]",DEP_nsubj:pass|DEP_xcomp|POS_NOUN,False,True,True,0.31629363994027238,research_only,outside_review_top20,
0125e62ca3e2,"[""DEP_cop_rate_baixo"", ""DEP_nummod_rate_baixo"", ""DEP_xcomp_rate_alto""]",DEP_cop_rate_baixo + DEP_nummod_rate_baixo + DEP_xcomp_rate_alto,"[""6ce25d5de908""]",6ce25d5de908,144,0.10000000000000001,True,1,"[""DEP_cop"", ""DEP_xcomp"", ""numerais""]",DEP_cop|DEP_xcomp|numerais,False,True,True,0.31622776601683794,research_only,outside_review_top20,
027b3cc443d5,"[""DEP_nmod_rate_baixo"", ""POS_ADP_rate_baixo"", ""POS_VERB_rate_alto""]",DEP_nmod_rate_baixo + POS_ADP_rate_baixo + POS_VERB_rate_alto,"[""3d58f91a50e5"", ""d9e15000df54"", ""f172de1b070c""]",3d58f91a50e5,144,0.10000000000000001,True,1,"[""DEP_nmod"", ""POS_VERB"", ""relacoes_preposicionais""]",DEP_nmod|POS_VERB|relacoes_preposicionais,False,True,True,0.31622776601683794,research_only,outside_review_top20,
03922a504027,"[""DEP_ccomp_rate_baixo"", ""POS_PRON_rate_baixo"", ""POS_SCONJ_rate_baixo""]",DEP_ccomp_rate_baixo + POS_PRON_rate_baixo + POS_SCONJ_rate_baixo,"[""17b864946067"", ""505c7ec44cf9""]",17b864946067,144,0.10000000000000001,True,1,"[""DEP_ccomp"", ""POS_PRON"", ""subordinacao""]",DEP_ccomp|POS_PRON|subordinacao,False,True,True,0.31622776601683794,research_only,outside_review_top20,
2dfe83fa60d6,"[""DEP_acl:relcl_rate_baixo"", ""POS_ADP_rate_alto"", ""POS_PRON_rate_baixo""]",DEP_acl:relcl_rate_baixo + POS_ADP_rate_alto + POS_PRON_rate_baixo,"[""6b6467d19017"", ""b90b9e2ddea8""]",6b6467d19017,144,0.10000000000000001,True,1,"[""DEP_acl:relcl"", ""POS_PRON"", ""relacoes_preposicionais""]",DEP_acl:relcl|POS_PRON|relacoes_preposicionais,False,True,True,0.31622776601683794,research_only,outside_review_top20,
655857806733,"[""DEP_aux:pass_rate_alto"", ""DEP_nsubj:pass_rate_alto"", ""DEP_xcomp_rate_baixo""]",DEP_aux:pass_rate_alto + DEP_nsubj:pass_rate_alto + DEP_xcomp_rate_baixo,"[""09365961bc6b"", ""430a7712aed2"", ""ba487fb31a28""]",09365961bc6b,144,0.10000000000000001,True,1,"[""DEP_nsubj:pass"", ""DEP_xcomp"", ""auxiliares""]",DEP_nsubj:pass|DEP_xcomp|auxiliares,False,True,True,0.31622776601683794,research_only,same_mechanism_family,
6f859284da4a,"[""DEP_acl:relcl_rate_baixo"", ""DEP_cop_rate_baixo"", ""DEP_obj_rate_alto""]",DEP_acl:relcl_rate_baixo + DEP_cop_rate_baixo + DEP_obj_rate_alto,"[""2654f6a9a22a""]",2654f6a9a22a,144,0.10000000000000001,True,1,"[""DEP_acl:relcl"", ""DEP_cop"", ""DEP_obj""]",DEP_acl:relcl|DEP_cop|DEP_obj,False,True,True,0.31622776601683794,research_only,outside_review_top20,
7ca1e9500d0b,"[""DEP_nsubj:pass_rate_baixo"", ""POS_AUX_rate_baixo"", ""POS_SCONJ_rate_baixo""]",DEP_nsubj:pass_rate_baixo + POS_AUX_rate_baixo + POS_SCONJ_rate_baixo,"[""28aa781e4ee8""]",28aa781e4ee8,144,0.10000000000000001,True,1,"[""DEP_nsubj:pass"", ""auxiliares"", ""subordinacao""]",DEP_nsubj:pass|auxiliares|subordinacao,False,True,True,0.31622776601683794,research_only,outside_review_top20,
7e02595e6896,"[""DEP_acl:relcl_rate_baixo"", ""DEP_xcomp_rate_baixo"", ""POS_PROPN_rate_alto""]",DEP_acl:relcl_rate_baixo + DEP_xcomp_rate_baixo + POS_PROPN_rate_alto,"[""3937dfe8f2d0"", ""ceace13b4d0c""]",3937dfe8f2d0,144,0.10000000000000001,True,1,"[""DEP_acl:relcl"", ""DEP_xcomp"", ""POS_PROPN""]",DEP_acl:relcl|DEP_xcomp|POS_PROPN,False,True,True,0.31622776601683794,research_only,outside_review_top20,
7e7fea1e501c,"[""DEP_nsubj:pass_rate_baixo"", ""DEP_nsubj_rate_alto"", ""POS_VERB_rate_alto""]",DEP_nsubj:pass_rate_baixo + DEP_nsubj_rate_alto + POS_VERB_rate_alto,"[""caf98cd5b7c8""]",caf98cd5b7c8,144,0.10000000000000001,True,1,"[""DEP_nsubj"", ""DEP_nsubj:pass"", ""POS_VERB""]",DEP_nsubj|DEP_nsubj:pass|POS_VERB,False,True,True,0.31622776601683794,research_only,outside_review_top20,
cc925455f2fa,"[""DEP_acl:relcl_rate_baixo"", ""DEP_ccomp_rate_baixo"", ""POS_PROPN_rate_alto""]",DEP_acl:relcl_rate_baixo + DEP_ccomp_rate_baixo + POS_PROPN_rate_alto,"[""83dbc1643049""]",83dbc1643049,144,0.10000000000000001,True,1,"[""DEP_acl:relcl"", ""DEP_ccomp"", ""POS_PROPN""]",DEP_acl:relcl|DEP_ccomp|POS_PROPN,False,True,True,0.31622776601683794,research_only,outside_review_top20,
cf0264f1855e,"[""DEP_aux:pass_rate_baixo"", ""POS_AUX_rate_baixo"", ""POS_SCONJ_rate_baixo""]",DEP_aux:pass_rate_baixo + POS_AUX_rate_baixo + POS_SCONJ_rate_baixo,"[""3043634f7828""]",3043634f7828,144,0.10000000000000001,True,1,"[""auxiliares"", ""subordinacao""]",auxiliares|subordinacao,True,True,True,0.31622776601683794,research_only,outside_review_top20,
eba2e7593fed,"[""DEP_mark_rate_baixo"", ""DEP_obj_rate_baixo"", ""POS_SCONJ_rate_baixo""]",DEP_mark_rate_baixo + DEP_obj_rate_baixo + POS_SCONJ_rate_baixo,"[""ae1a10a81ca6"", ""bec10acd6bf2""]",ae1a10a81ca6,144,0.10000000000000001,True,1,"[""DEP_obj"", ""subordinacao""]",DEP_obj|subordinacao,True,True,True,0.31622776601683794,research_only,outside_review_top20,
f9604de1bec1,"[""DEP_acl:relcl_rate_baixo"", ""POS_PRON_rate_baixo"", ""POS_VERB_rate_baixo""]",DEP_acl:relcl_rate_baixo + POS_PRON_rate_baixo + POS_VERB_rate_baixo,"[""0aa7f9e41b46"", ""6744a50c33fb""]",0aa7f9e41b46,144,0.10000000000000001,True,1,"[""DEP_acl:relcl"", ""POS_PRON"", ""POS_VERB""]",DEP_acl:relcl|POS_PRON|POS_VERB,False,True,True,0.31622776601683794,research_only,outside_review_top20,
52a8d9813bb2,"[""DEP_cc_rate_alto"", ""POS_CCONJ_rate_alto"", ""POS_PRON_rate_baixo""]",DEP_cc_rate_alto + POS_CCONJ_rate_alto + POS_PRON_rate_baixo,"[""4381758f5fda"", ""a248f4d6d666""]",a248f4d6d666,153,0.10625,True,0.96999999999999997,"[""POS_PRON"", ""coordenacao""]",POS_PRON|coordenacao,True,True,True,0.31618131665232846,research_only,outside_review_top20,
c161cd971138,"[""DEP_cop_rate_baixo"", ""DEP_det_rate_baixo"", ""DEP_nsubj:pass_rate_baixo""]",DEP_cop_rate_baixo + DEP_det_rate_baixo + DEP_nsubj:pass_rate_baixo,"[""627815e66bf5""]",627815e66bf5,153,0.10625,True,0.96999999999999997,"[""DEP_cop"", ""DEP_nsubj:pass"", ""determinacao""]",DEP_cop|DEP_nsubj:pass|determinacao,False,True,True,0.31618131665232846,research_only,outside_review_top20,
455f67a48dd2,"[""DEP_acl:relcl_rate_baixo"", ""DEP_acl_rate_alto"", ""DEP_nsubj:pass_rate_baixo""]",DEP_acl:relcl_rate_baixo + DEP_acl_rate_alto + DEP_nsubj:pass_rate_baixo,"[""46099cd57ce4"", ""7ebe6160454e"", ""c12a345b0f09""]",46099cd57ce4,208,0.14444444444444443,True,0.82999999999999996,"[""DEP_acl"", ""DEP_acl:relcl"", ""DEP_nsubj:pass""]",DEP_acl|DEP_acl:relcl|DEP_nsubj:pass,False,True,True,0.31544853427742814,research_only,outside_review_top20,
3c104bb3f865,"[""DEP_nsubj:pass_rate_baixo"", ""POS_ADP_rate_baixo"", ""POS_SCONJ_rate_alto""]",DEP_nsubj:pass_rate_baixo + POS_ADP_rate_baixo + POS_SCONJ_rate_alto,"[""b004c5858ab5""]",b004c5858ab5,146,0.10138888888888889,True,0.98999999999999999,"[""DEP_nsubj:pass"", ""relacoes_preposicionais"", ""subordinacao""]",DEP_nsubj:pass|relacoes_preposicionais|subordinacao,False,True,True,0.31523205737995619,research_only,outside_review_top20,
9a8794d557b6,"[""DEP_advcl_rate_alto"", ""DEP_nsubj:pass_rate_baixo"", ""DEP_obj_rate_alto""]",DEP_advcl_rate_alto + DEP_nsubj:pass_rate_baixo + DEP_obj_rate_alto,"[""3bc8894bcdc6""]",3bc8894bcdc6,146,0.10138888888888889,True,0.98999999999999999,"[""DEP_advcl"", ""DEP_nsubj:pass"", ""DEP_obj""]",DEP_advcl|DEP_nsubj:pass|DEP_obj,False,True,True,0.31523205737995619,research_only,outside_review_top20,
f99bac15ff44,"[""DEP_acl_rate_baixo"", ""DEP_nsubj:pass_rate_baixo"", ""diversidade_baixo""]",DEP_acl_rate_baixo + DEP_nsubj:pass_rate_baixo + diversidade_baixo,"[""7abead5283a8""]",7abead5283a8,146,0.10138888888888889,True,0.98999999999999999,"[""DEP_acl"", ""DEP_nsubj:pass"", ""diversidade""]",DEP_acl|DEP_nsubj:pass|diversidade,False,True,True,0.31523205737995619,research_only,outside_review_top20,
1b93d3b5f1c1,"[""DEP_acl_rate_baixo"", ""DEP_nummod_rate_baixo"", ""POS_PROPN_rate_alto""]",DEP_acl_rate_baixo + DEP_nummod_rate_baixo + POS_PROPN_rate_alto,"[""865a1c30eb09"", ""df59a819bd48""]",df59a819bd48,143,0.09930555555555555,True,1,"[""DEP_acl"", ""POS_PROPN"", ""numerais""]",DEP_acl|POS_PROPN|numerais,False,True,True,0.31512784001981725,research_only,outside_review_top20,
1c8875054894,"[""DEP_mark_rate_baixo"", ""DEP_nsubj:pass_rate_baixo"", ""POS_AUX_rate_baixo""]",DEP_mark_rate_baixo + DEP_nsubj:pass_rate_baixo + POS_AUX_rate_baixo,"[""61c1fa51fae3""]",61c1fa51fae3,143,0.09930555555555555,True,1,"[""DEP_nsubj:pass"", ""auxiliares"", ""subordinacao""]",DEP_nsubj:pass|auxiliares|subordinacao,False,True,True,0.31512784001981725,research_only,outside_review_top20,
22023132ef26,"[""DEP_cop_rate_alto"", ""DEP_nsubj:pass_rate_baixo"", ""POS_AUX_rate_alto""]",DEP_cop_rate_alto + DEP_nsubj:pass_rate_baixo + POS_AUX_rate_alto,"[""8f6575f3393d""]",8f6575f3393d,143,0.09930555555555555,True,1,"[""DEP_cop"", ""DEP_nsubj:pass"", ""auxiliares""]",DEP_cop|DEP_nsubj:pass|auxiliares,False,True,True,0.31512784001981725,research_only,same_mechanism_family,
3bce1eaa3ce1,"[""DEP_appos_rate_alto"", ""DEP_cop_rate_baixo"", ""DEP_xcomp_rate_baixo""]",DEP_appos_rate_alto + DEP_cop_rate_baixo + DEP_xcomp_rate_baixo,"[""0d2521aa843e"", ""666adbf4c1ab""]",666adbf4c1ab,143,0.09930555555555555,True,1,"[""DEP_appos"", ""DEP_cop"", ""DEP_xcomp""]",DEP_appos|DEP_cop|DEP_xcomp,False,True,True,0.31512784001981725,research_only,outside_review_top20,
5c4700962774,"[""DEP_aux:pass_rate_baixo"", ""POS_ADV_rate_baixo"", ""POS_AUX_rate_baixo""]",DEP_aux:pass_rate_baixo + POS_ADV_rate_baixo + POS_AUX_rate_baixo,"[""9080b0fd438e""]",9080b0fd438e,143,0.09930555555555555,True,1,"[""auxiliares"", ""modificacao_adverbial""]",auxiliares|modificacao_adverbial,True,True,True,0.31512784001981725,research_only,outside_review_top20,
6012ac4c58fd,"[""DEP_mark_rate_baixo"", ""DEP_nummod_rate_alto"", ""POS_SCONJ_rate_baixo""]",DEP_mark_rate_baixo + DEP_nummod_rate_alto + POS_SCONJ_rate_baixo,"[""9ad161e7e51d"", ""a2220e39578d""]",a2220e39578d,143,0.09930555555555555,True,1,"[""numerais"", ""subordinacao""]",numerais|subordinacao,True,True,True,0.31512784001981725,research_only,outside_review_top20,
62b2e385c4c8,"[""DEP_cop_rate_baixo"", ""DEP_mark_rate_baixo"", ""POS_AUX_rate_baixo""]",DEP_cop_rate_baixo + DEP_mark_rate_baixo + POS_AUX_rate_baixo,"[""5ff324ee0a5d"", ""826061657ede""]",826061657ede,143,0.09930555555555555,True,1,"[""DEP_cop"", ""auxiliares"", ""subordinacao""]",DEP_cop|auxiliares|subordinacao,False,True,True,0.31512784001981725,research_only,outside_review_top20,
707dc8a6b6b6,"[""DEP_aux:pass_rate_baixo"", ""DEP_mark_rate_baixo"", ""POS_AUX_rate_baixo""]",DEP_aux:pass_rate_baixo + DEP_mark_rate_baixo + POS_AUX_rate_baixo,"[""8159daea34ce""]",8159daea34ce,143,0.09930555555555555,True,1,"[""auxiliares"", ""subordinacao""]",auxiliares|subordinacao,True,True,True,0.31512784001981725,research_only,outside_review_top20,
7ea603ebe43b,"[""DEP_nsubj:pass_rate_baixo"", ""DEP_xcomp_rate_baixo"", ""POS_NUM_rate_alto""]",DEP_nsubj:pass_rate_baixo + DEP_xcomp_rate_baixo + POS_NUM_rate_alto,"[""2eb5a5b68574""]",2eb5a5b68574,143,0.09930555555555555,True,1,"[""DEP_nsubj:pass"", ""DEP_xcomp"", ""numerais""]",DEP_nsubj:pass|DEP_xcomp|numerais,False,True,True,0.31512784001981725,research_only,outside_review_top20,
846c407f79be,"[""DEP_ccomp_rate_baixo"", ""DEP_cop_rate_baixo"", ""punctuationDensity_spacy_baixo""]",DEP_ccomp_rate_baixo + DEP_cop_rate_baixo + punctuationDensity_spacy_baixo,"[""34e2f8e6896a""]",34e2f8e6896a,143,0.09930555555555555,True,1,"[""DEP_ccomp"", ""DEP_cop"", ""punctuationDensity_spacy""]",DEP_ccomp|DEP_cop|punctuationDensity_spacy,False,True,True,0.31512784001981725,research_only,outside_review_top20,
8fba29eb5fd0,"[""DEP_acl:relcl_rate_baixo"", ""DEP_cop_rate_baixo"", ""DEP_flat:name_rate_alto""]",DEP_acl:relcl_rate_baixo + DEP_cop_rate_baixo + DEP_flat:name_rate_alto,"[""349ffe915946"", ""4636b5403110""]",4636b5403110,143,0.09930555555555555,True,1,"[""DEP_acl:relcl"", ""DEP_cop"", ""DEP_flat:name""]",DEP_acl:relcl|DEP_cop|DEP_flat:name,False,True,True,0.31512784001981725,research_only,outside_review_top20,
9abb4dfbb8bd,"[""DEP_advcl_rate_baixo"", ""DEP_ccomp_rate_baixo"", ""DEP_conj_rate_alto""]",DEP_advcl_rate_baixo + DEP_ccomp_rate_baixo + DEP_conj_rate_alto,"[""012648964c70"", ""8c3aad17ed00""]",012648964c70,143,0.09930555555555555,True,1,"[""DEP_advcl"", ""DEP_ccomp"", ""coordenacao""]",DEP_advcl|DEP_ccomp|coordenacao,False,True,True,0.31512784001981725,research_only,outside_review_top20,
a24f9988ec4b,"[""DEP_acl:relcl_rate_baixo"", ""POS_NOUN_rate_alto"", ""POS_PRON_rate_baixo""]",DEP_acl:relcl_rate_baixo + POS_NOUN_rate_alto + POS_PRON_rate_baixo,"[""8bad928b6332"", ""e420f8b07f29""]",8bad928b6332,143,0.09930555555555555,True,1,"[""DEP_acl:relcl"", ""POS_NOUN"", ""POS_PRON""]",DEP_acl:relcl|POS_NOUN|POS_PRON,False,True,True,0.31512784001981725,research_only,outside_review_top20,
b909395da5a3,"[""DEP_acl:relcl_rate_baixo"", ""POS_PRON_rate_baixo"", ""uppercaseRatio_alto""]",DEP_acl:relcl_rate_baixo + POS_PRON_rate_baixo + uppercaseRatio_alto,"[""cb4f5a4e4206"", ""de0315658957""]",cb4f5a4e4206,143,0.09930555555555555,True,1,"[""DEP_acl:relcl"", ""POS_PRON"", ""uppercaseRatio""]",DEP_acl:relcl|POS_PRON|uppercaseRatio,False,True,True,0.31512784001981725,research_only,outside_review_top20,
c6999136dcbd,"[""DEP_advcl_rate_baixo"", ""DEP_advmod_rate_baixo"", ""DEP_mark_rate_baixo""]",DEP_advcl_rate_baixo + DEP_advmod_rate_baixo + DEP_mark_rate_baixo,"[""20cb1bc7798f""]",20cb1bc7798f,143,0.09930555555555555,True,1,"[""DEP_advcl"", ""modificacao_adverbial"", ""subordinacao""]",DEP_advcl|modificacao_adverbial|subordinacao,False,True,True,0.31512784001981725,research_only,outside_review_top20,
d5893a977e17,"[""DEP_cop_rate_baixo"", ""POS_AUX_rate_baixo"", ""POS_SCONJ_rate_baixo""]",DEP_cop_rate_baixo + POS_AUX_rate_baixo + POS_SCONJ_rate_baixo,"[""462ed35dad87"", ""f432bc33c2f5""]",f432bc33c2f5,143,0.09930555555555555,True,1,"[""DEP_cop"", ""auxiliares"", ""subordinacao""]",DEP_cop|auxiliares|subordinacao,False,True,True,0.31512784001981725,research_only,outside_review_top20,
ee54b7da0603,"[""DEP_nsubj:pass_rate_baixo"", ""POS_ADV_rate_baixo"", ""POS_AUX_rate_baixo""]",DEP_nsubj:pass_rate_baixo + POS_ADV_rate_baixo + POS_AUX_rate_baixo,"[""a950356041b0""]",a950356041b0,143,0.09930555555555555,True,1,"[""DEP_nsubj:pass"", ""auxiliares"", ""modificacao_adverbial""]",DEP_nsubj:pass|auxiliares|modificacao_adverbial,False,True,True,0.31512784001981725,research_only,outside_review_top20,
f021d057493a,"[""DEP_aux:pass_rate_baixo"", ""DEP_flat:name_rate_alto"", ""DEP_xcomp_rate_baixo""]",DEP_aux:pass_rate_baixo + DEP_flat:name_rate_alto + DEP_xcomp_rate_baixo,"[""5f0af0a9161b""]",5f0af0a9161b,143,0.09930555555555555,True,1,"[""DEP_flat:name"", ""DEP_xcomp"", ""auxiliares""]",DEP_flat:name|DEP_xcomp|auxiliares,False,True,True,0.31512784001981725,research_only,outside_review_top20,
62f9ae7e353a,"[""DEP_aux:pass_rate_baixo"", ""DEP_mark_rate_baixo"", ""POS_VERB_rate_baixo""]",DEP_aux:pass_rate_baixo + DEP_mark_rate_baixo + POS_VERB_rate_baixo,"[""92c8bc5635f9""]",92c8bc5635f9,151,0.10486111111111111,True,0.96999999999999997,"[""POS_VERB"", ""auxiliares"", ""subordinacao""]",POS_VERB|auxiliares|subordinacao,False,True,True,0.31410797418156139,research_only,outside_review_top20,
70641fc4e5c5,"[""DEP_nmod_rate_baixo"", ""DEP_nummod_rate_baixo"", ""POS_VERB_rate_alto""]",DEP_nmod_rate_baixo + DEP_nummod_rate_baixo + POS_VERB_rate_alto,"[""55a4878d9a81"", ""b1fbc2ca11c2"", ""cc5c0199c990""]",cc5c0199c990,142,0.098611111111111108,True,1,"[""DEP_nmod"", ""POS_VERB"", ""numerais""]",DEP_nmod|POS_VERB|numerais,False,True,True,0.31402406135694622,research_only,outside_review_top20,
a10cb7415394,"[""DEP_aux:pass_rate_baixo"", ""DEP_xcomp_rate_baixo"", ""POS_NOUN_rate_alto""]",DEP_aux:pass_rate_baixo + DEP_xcomp_rate_baixo + POS_NOUN_rate_alto,"[""9361da2987b5"", ""9f28d472d5e2""]",9361da2987b5,142,0.098611111111111108,True,1,"[""DEP_xcomp"", ""POS_NOUN"", ""auxiliares""]",DEP_xcomp|POS_NOUN|auxiliares,False,True,True,0.31402406135694622,research_only,outside_review_top20,
b77d3fccde04,"[""DEP_aux:pass_rate_alto"", ""DEP_nummod_rate_baixo"", ""POS_NUM_rate_baixo""]",DEP_aux:pass_rate_alto + DEP_nummod_rate_baixo + POS_NUM_rate_baixo,"[""2a3a2ed90f73"", ""9544d9016bff""]",9544d9016bff,142,0.098611111111111108,True,1,"[""auxiliares"", ""numerais""]",auxiliares|numerais,True,True,True,0.31402406135694622,research_only,outside_review_top20,
cfc9dfabd2d6,"[""DEP_advcl_rate_baixo"", ""DEP_advmod_rate_baixo"", ""POS_SCONJ_rate_baixo""]",DEP_advcl_rate_baixo + DEP_advmod_rate_baixo + POS_SCONJ_rate_baixo,"[""988743968ef3""]",988743968ef3,142,0.098611111111111108,True,1,"[""DEP_advcl"", ""modificacao_adverbial"", ""subordinacao""]",DEP_advcl|modificacao_adverbial|subordinacao,False,True,True,0.31402406135694622,research_only,outside_review_top20,
d840c2cede7c,"[""DEP_nmod_rate_alto"", ""DEP_nummod_rate_baixo"", ""POS_NUM_rate_baixo""]",DEP_nmod_rate_alto + DEP_nummod_rate_baixo + POS_NUM_rate_baixo,"[""cd739c14bcaf"", ""e670f95a846e""]",cd739c14bcaf,142,0.098611111111111108,True,1,"[""DEP_nmod"", ""numerais""]",DEP_nmod|numerais,True,True,True,0.31402406135694622,research_only,outside_review_top20,
d8b790cb6c79,"[""DEP_advcl_rate_baixo"", ""DEP_obj_rate_baixo"", ""DEP_xcomp_rate_baixo""]",DEP_advcl_rate_baixo + DEP_obj_rate_baixo + DEP_xcomp_rate_baixo,"[""55c9ef0ca623"", ""9f74e9ccf6cd""]",55c9ef0ca623,142,0.098611111111111108,True,1,"[""DEP_advcl"", ""DEP_obj"", ""DEP_xcomp""]",DEP_advcl|DEP_obj|DEP_xcomp,False,True,True,0.31402406135694622,research_only,outside_review_top20,
26e523815d45,"[""DEP_aux:pass_rate_baixo"", ""DEP_nummod_rate_baixo"", ""POS_NOUN_rate_baixo""]",DEP_aux:pass_rate_baixo + DEP_nummod_rate_baixo + POS_NOUN_rate_baixo,"[""273f701eeb00""]",273f701eeb00,171,0.11874999999999999,True,0.91000000000000003,"[""POS_NOUN"", ""auxiliares"", ""numerais""]",POS_NOUN|auxiliares|numerais,False,True,True,0.31358710911005255,research_only,outside_review_top20,
df51a141c29c,"[""DEP_nmod_rate_baixo"", ""DEP_nsubj:pass_rate_baixo"", ""POS_VERB_rate_alto""]",DEP_nmod_rate_baixo + DEP_nsubj:pass_rate_baixo + POS_VERB_rate_alto,"[""a4a692a0d55e"", ""f49e14313014""]",f49e14313014,171,0.11874999999999999,True,0.91000000000000003,"[""DEP_nmod"", ""DEP_nsubj:pass"", ""POS_VERB""]",DEP_nmod|DEP_nsubj:pass|POS_VERB,False,True,True,0.31358710911005255,research_only,outside_review_top20,
9a02513c4814,"[""DEP_appos_rate_alto"", ""DEP_nsubj:pass_rate_baixo"", ""DEP_xcomp_rate_baixo""]",DEP_appos_rate_alto + DEP_nsubj:pass_rate_baixo + DEP_xcomp_rate_baixo,"[""54861ec65b8e""]",54861ec65b8e,160,0.1111111111111111,True,0.93999999999999995,"[""DEP_appos"", ""DEP_nsubj:pass"", ""DEP_xcomp""]",DEP_appos|DEP_nsubj:pass|DEP_xcomp,False,True,True,0.3133333333333333,research_only,outside_review_top20,
3f1d4306571a,"[""DEP_aux:pass_rate_baixo"", ""DEP_case_rate_baixo"", ""DEP_obj_rate_alto""]",DEP_aux:pass_rate_baixo + DEP_case_rate_baixo + DEP_obj_rate_alto,"[""3fda038655a4""]",3fda038655a4,147,0.10208333333333333,True,0.97999999999999998,"[""DEP_obj"", ""auxiliares"", ""relacoes_preposicionais""]",DEP_obj|auxiliares|relacoes_preposicionais,False,True,True,0.31311472870711993,research_only,outside_review_top20,
016bcc89e05f,"[""DEP_acl_rate_baixo"", ""DEP_case_rate_alto"", ""DEP_nmod_rate_alto""]",DEP_acl_rate_baixo + DEP_case_rate_alto + DEP_nmod_rate_alto,"[""0787fa0a5f86"", ""675bb2c9241c"", ""e1ecd2563be4""]",0787fa0a5f86,144,0.10000000000000001,True,0.98999999999999999,"[""DEP_acl"", ""DEP_nmod"", ""relacoes_preposicionais""]",DEP_acl|DEP_nmod|relacoes_preposicionais,False,True,True,0.31306548835666959,research_only,outside_review_top20,
2ca04621fc8e,"[""DEP_advcl_rate_baixo"", ""DEP_cop_rate_baixo"", ""POS_VERB_rate_baixo""]",DEP_advcl_rate_baixo + DEP_cop_rate_baixo + POS_VERB_rate_baixo,"[""6dc64c184951""]",6dc64c184951,144,0.10000000000000001,True,0.98999999999999999,"[""DEP_advcl"", ""DEP_cop"", ""POS_VERB""]",DEP_advcl|DEP_cop|POS_VERB,False,True,True,0.31306548835666959,research_only,outside_review_top20,
00b6991ca943,"[""DEP_nummod_rate_baixo"", ""POS_ADP_rate_baixo"", ""POS_VERB_rate_alto""]",DEP_nummod_rate_baixo + POS_ADP_rate_baixo + POS_VERB_rate_alto,"[""44668ae96911"", ""779f4af9bda7"", ""e99f95666363""]",779f4af9bda7,141,0.097916666666666666,True,1,"[""POS_VERB"", ""numerais"", ""relacoes_preposicionais""]",POS_VERB|numerais|relacoes_preposicionais,False,True,True,0.31291638925864312,research_only,outside_review_top20,
11d39bf749d6,"[""DEP_cc_rate_baixo"", ""POS_CCONJ_rate_baixo"", ""diversidade_baixo""]",DEP_cc_rate_baixo + POS_CCONJ_rate_baixo + diversidade_baixo,"[""1d58aca54ed6"", ""80dd267fced5""]",1d58aca54ed6,141,0.097916666666666666,True,1,"[""coordenacao"", ""diversidade""]",coordenacao|diversidade,True,True,True,0.31291638925864312,research_only,outside_review_top20,
1ea3caa1f7d9,"[""DEP_acl:relcl_rate_baixo"", ""DEP_ccomp_rate_baixo"", ""DEP_obl_rate_alto""]",DEP_acl:relcl_rate_baixo + DEP_ccomp_rate_baixo + DEP_obl_rate_alto,"[""140d18c4244c""]",140d18c4244c,141,0.097916666666666666,True,1,"[""DEP_acl:relcl"", ""DEP_ccomp"", ""DEP_obl""]",DEP_acl:relcl|DEP_ccomp|DEP_obl,False,True,True,0.31291638925864312,research_only,outside_review_top20,
2407fc3612a5,"[""DEP_mark_rate_baixo"", ""DEP_obl_rate_alto"", ""POS_SCONJ_rate_baixo""]",DEP_mark_rate_baixo + DEP_obl_rate_alto + POS_SCONJ_rate_baixo,"[""577c296e4114"", ""67fde202d2af""]",67fde202d2af,141,0.097916666666666666,True,1,"[""DEP_obl"", ""subordinacao""]",DEP_obl|subordinacao,True,True,True,0.31291638925864312,research_only,outside_review_top20,
81f541b91b14,"[""DEP_acl_rate_baixo"", ""DEP_mark_rate_baixo"", ""POS_VERB_rate_baixo""]",DEP_acl_rate_baixo + DEP_mark_rate_baixo + POS_VERB_rate_baixo,"[""18b21a0f01cd"", ""826dc1595155"", ""9089864b114b""]",826dc1595155,141,0.097916666666666666,True,1,"[""DEP_acl"", ""POS_VERB"", ""subordinacao""]",DEP_acl|POS_VERB|subordinacao,False,True,True,0.31291638925864312,research_only,outside_review_top20,
96e60c6fb892,"[""DEP_cop_rate_baixo"", ""POS_ADV_rate_baixo"", ""POS_AUX_rate_baixo""]",DEP_cop_rate_baixo + POS_ADV_rate_baixo + POS_AUX_rate_baixo,"[""87729194a14d"", ""8bea36ef9b84""]",87729194a14d,141,0.097916666666666666,True,1,"[""DEP_cop"", ""auxiliares"", ""modificacao_adverbial""]",DEP_cop|auxiliares|modificacao_adverbial,False,True,True,0.31291638925864312,research_only,outside_review_top20,
9b6692b30eed,"[""DEP_mark_rate_baixo"", ""POS_PROPN_rate_alto"", ""POS_SCONJ_rate_baixo""]",DEP_mark_rate_baixo + POS_PROPN_rate_alto + POS_SCONJ_rate_baixo,"[""23bd4e2d417a"", ""9dfa3f4107cb""]",9dfa3f4107cb,141,0.097916666666666666,True,1,"[""POS_PROPN"", ""subordinacao""]",POS_PROPN|subordinacao,True,True,True,0.31291638925864312,research_only,outside_review_top20,
b244b465d969,"[""DEP_acl_rate_baixo"", ""DEP_aux:pass_rate_baixo"", ""DEP_det_rate_alto""]",DEP_acl_rate_baixo + DEP_aux:pass_rate_baixo + DEP_det_rate_alto,"[""4fbc9c728d37""]",4fbc9c728d37,141,0.097916666666666666,True,1,"[""DEP_acl"", ""auxiliares"", ""determinacao""]",DEP_acl|auxiliares|determinacao,False,True,True,0.31291638925864312,research_only,outside_review_top20,
cd3036b6d636,"[""DEP_case_rate_alto"", ""DEP_det_rate_baixo"", ""POS_ADP_rate_alto""]",DEP_case_rate_alto + DEP_det_rate_baixo + POS_ADP_rate_alto,"[""07566feb4947"", ""26c9f52e7141""]",07566feb4947,141,0.097916666666666666,True,1,"[""determinacao"", ""relacoes_preposicionais""]",determinacao|relacoes_preposicionais,True,True,True,0.31291638925864312,research_only,outside_review_top20,
d1f6f74df4d4,"[""DEP_ccomp_rate_baixo"", ""DEP_cop_rate_baixo"", ""DEP_nsubj:pass_rate_alto""]",DEP_ccomp_rate_baixo + DEP_cop_rate_baixo + DEP_nsubj:pass_rate_alto,"[""67a312bc2955"", ""f88e0a7dcc99""]",67a312bc2955,141,0.097916666666666666,True,1,"[""DEP_ccomp"", ""DEP_cop"", ""DEP_nsubj:pass""]",DEP_ccomp|DEP_cop|DEP_nsubj:pass,False,True,True,0.31291638925864312,research_only,outside_review_top20,
77fadbe9418a,"[""DEP_advcl_rate_baixo"", ""DEP_cop_rate_baixo"", ""POS_PROPN_rate_alto""]",DEP_advcl_rate_baixo + DEP_cop_rate_baixo + POS_PROPN_rate_alto,"[""30e8f7011608"", ""de4e83b4e1f9""]",de4e83b4e1f9,159,0.11041666666666666,True,0.93999999999999995,"[""DEP_advcl"", ""DEP_cop"", ""POS_PROPN""]",DEP_advcl|DEP_cop|POS_PROPN,False,True,True,0.3123526319189045,research_only,outside_review_top20,
862140db5323,"[""DEP_advcl_rate_baixo"", ""DEP_aux:pass_rate_baixo"", ""POS_PRON_rate_alto""]",DEP_advcl_rate_baixo + DEP_aux:pass_rate_baixo + POS_PRON_rate_alto,"[""7a0129b1321d""]",7a0129b1321d,146,0.10138888888888889,True,0.97999999999999998,"[""DEP_advcl"", ""POS_PRON"", ""auxiliares""]",DEP_advcl|POS_PRON|auxiliares,False,True,True,0.31204789518419906,research_only,outside_review_top20,
18ffe77fe9e3,"[""POS_DET_rate_alto"", ""uppercaseRatio_baixo""]",POS_DET_rate_alto + uppercaseRatio_baixo,"[""11fa239abb28""]",11fa239abb28,194,0.13472222222222222,True,0.84999999999999998,"[""determinacao"", ""uppercaseRatio""]",determinacao|uppercaseRatio,False,True,True,0.31198847022855752,research_only,outside_review_top20,
016469b09aee,"[""DEP_nsubj:pass_rate_baixo"", ""DEP_nummod_rate_alto"", ""DEP_xcomp_rate_baixo""]",DEP_nsubj:pass_rate_baixo + DEP_nummod_rate_alto + DEP_xcomp_rate_baixo,"[""608496835a44""]",608496835a44,143,0.09930555555555555,True,0.98999999999999999,"[""DEP_nsubj:pass"", ""DEP_xcomp"", ""numerais""]",DEP_nsubj:pass|DEP_xcomp|numerais,False,True,True,0.31197656161961906,research_only,outside_review_top20,
9b2ccceb6359,"[""DEP_det_rate_alto"", ""DEP_nsubj:pass_rate_baixo"", ""POS_ADP_rate_baixo""]",DEP_det_rate_alto + DEP_nsubj:pass_rate_baixo + POS_ADP_rate_baixo,"[""820dd6ef3636""]",820dd6ef3636,143,0.09930555555555555,True,0.98999999999999999,"[""DEP_nsubj:pass"", ""determinacao"", ""relacoes_preposicionais""]",DEP_nsubj:pass|determinacao|relacoes_preposicionais,False,True,True,0.31197656161961906,research_only,outside_review_top20,
b41f4e5bae0f,"[""DEP_nsubj:pass_rate_baixo"", ""POS_DET_rate_alto"", ""POS_NUM_rate_baixo""]",DEP_nsubj:pass_rate_baixo + POS_DET_rate_alto + POS_NUM_rate_baixo,"[""4f0753028302"", ""5fb2a714ebd5""]",5fb2a714ebd5,143,0.09930555555555555,True,0.98999999999999999,"[""DEP_nsubj:pass"", ""determinacao"", ""numerais""]",DEP_nsubj:pass|determinacao|numerais,False,True,True,0.31197656161961906,research_only,outside_review_top20,
f953efc08f59,"[""DEP_advmod_rate_baixo"", ""POS_ADV_rate_baixo"", ""POS_NOUN_rate_alto""]",DEP_advmod_rate_baixo + POS_ADV_rate_baixo + POS_NOUN_rate_alto,"[""15f76ab8f838"", ""e3f4f788feaf""]",e3f4f788feaf,143,0.09930555555555555,True,0.98999999999999999,"[""POS_NOUN"", ""modificacao_adverbial""]",POS_NOUN|modificacao_adverbial,True,False,True,0.31197656161961906,research_only,outside_review_top20,
0bf12c1302c8,"[""DEP_aux:pass_rate_baixo"", ""DEP_obj_rate_alto"", ""uppercaseRatio_baixo""]",DEP_aux:pass_rate_baixo + DEP_obj_rate_alto + uppercaseRatio_baixo,"[""92a1c8c94ff6""]",92a1c8c94ff6,140,0.097222222222222224,True,1,"[""DEP_obj"", ""auxiliares"", ""uppercaseRatio""]",DEP_obj|auxiliares|uppercaseRatio,False,True,True,0.31180478223116176,research_only,outside_review_top20,
0e8509750fe1,"[""DEP_ccomp_rate_baixo"", ""DEP_xcomp_rate_baixo"", ""POS_AUX_rate_baixo""]",DEP_ccomp_rate_baixo + DEP_xcomp_rate_baixo + POS_AUX_rate_baixo,"[""1a360a72fc21"", ""ec9580544ed3""]",ec9580544ed3,140,0.097222222222222224,True,1,"[""DEP_ccomp"", ""DEP_xcomp"", ""auxiliares""]",DEP_ccomp|DEP_xcomp|auxiliares,False,True,True,0.31180478223116176,research_only,outside_review_top20,
2c2cef9432c1,"[""DEP_advcl_rate_baixo"", ""POS_ADP_rate_alto"", ""POS_VERB_rate_baixo""]",DEP_advcl_rate_baixo + POS_ADP_rate_alto + POS_VERB_rate_baixo,"[""43264d1aa2dd"", ""d16ea6a1afdd""]",d16ea6a1afdd,140,0.097222222222222224,True,1,"[""DEP_advcl"", ""POS_VERB"", ""relacoes_preposicionais""]",DEP_advcl|POS_VERB|relacoes_preposicionais,False,True,True,0.31180478223116176,research_only,outside_review_top20,
3780cfe6dc36,"[""DEP_case_rate_baixo"", ""DEP_nummod_rate_baixo"", ""POS_VERB_rate_alto""]",DEP_case_rate_baixo + DEP_nummod_rate_baixo + POS_VERB_rate_alto,"[""09b67deeebd5"", ""0e7caeef05b3"", ""4a99fcede92a""]",4a99fcede92a,140,0.097222222222222224,True,1,"[""POS_VERB"", ""numerais"", ""relacoes_preposicionais""]",POS_VERB|numerais|relacoes_preposicionais,False,True,True,0.31180478223116176,research_only,outside_review_top20,
3d852157c96d,"[""DEP_advcl_rate_baixo"", ""DEP_xcomp_rate_baixo"", ""POS_NUM_rate_alto""]",DEP_advcl_rate_baixo + DEP_xcomp_rate_baixo + POS_NUM_rate_alto,"[""0e6c82a7a1d7"", ""5764d5ab3e11""]",0e6c82a7a1d7,140,0.097222222222222224,True,1,"[""DEP_advcl"", ""DEP_xcomp"", ""numerais""]",DEP_advcl|DEP_xcomp|numerais,False,True,True,0.31180478223116176,research_only,outside_review_top20,
3fb3b44ce796,"[""DEP_nummod_rate_baixo"", ""POS_NUM_rate_baixo"", ""POS_SCONJ_rate_baixo""]",DEP_nummod_rate_baixo + POS_NUM_rate_baixo + POS_SCONJ_rate_baixo,"[""6ffacc1704ee"", ""ba4195645b4d""]",6ffacc1704ee,140,0.097222222222222224,True,1,"[""numerais"", ""subordinacao""]",numerais|subordinacao,True,True,True,0.31180478223116176,research_only,outside_review_top20,
42e42b9f5dea,"[""DEP_acl:relcl_rate_baixo"", ""DEP_cop_rate_baixo"", ""DEP_obl_rate_alto""]",DEP_acl:relcl_rate_baixo + DEP_cop_rate_baixo + DEP_obl_rate_alto,"[""686326b1362a""]",686326b1362a,140,0.097222222222222224,True,1,"[""DEP_acl:relcl"", ""DEP_cop"", ""DEP_obl""]",DEP_acl:relcl|DEP_cop|DEP_obl,False,True,True,0.31180478223116176,research_only,outside_review_top20,
4ad2fa129933,"[""DEP_conj_rate_baixo"", ""POS_CCONJ_rate_baixo"", ""uppercaseRatio_baixo""]",DEP_conj_rate_baixo + POS_CCONJ_rate_baixo + uppercaseRatio_baixo,"[""336fc5940fc6"", ""75c1f19352bd""]",336fc5940fc6,140,0.097222222222222224,True,1,"[""coordenacao"", ""uppercaseRatio""]",coordenacao|uppercaseRatio,True,True,True,0.31180478223116176,research_only,outside_review_top20,
695ca0d28eb4,"[""DEP_case_rate_baixo"", ""DEP_nsubj:pass_rate_baixo"", ""POS_NUM_rate_baixo""]",DEP_case_rate_baixo + DEP_nsubj:pass_rate_baixo + POS_NUM_rate_baixo,"[""6e74f2885ee1"", ""deaf533aba82""]",deaf533aba82,140,0.097222222222222224,True,1,"[""DEP_nsubj:pass"", ""numerais"", ""relacoes_preposicionais""]",DEP_nsubj:pass|numerais|relacoes_preposicionais,False,True,True,0.31180478223116176,research_only,outside_review_top20,
795cae38f0ab,"[""DEP_aux:pass_rate_baixo"", ""DEP_nmod_rate_alto"", ""POS_AUX_rate_baixo""]",DEP_aux:pass_rate_baixo + DEP_nmod_rate_alto + POS_AUX_rate_baixo,"[""6a9b5c507c75""]",6a9b5c507c75,140,0.097222222222222224,True,1,"[""DEP_nmod"", ""auxiliares""]",DEP_nmod|auxiliares,True,True,True,0.31180478223116176,research_only,outside_review_top20,
892f46a0e8fd,"[""DEP_cop_rate_baixo"", ""DEP_nsubj_rate_baixo"", ""DEP_nummod_rate_baixo""]",DEP_cop_rate_baixo + DEP_nsubj_rate_baixo + DEP_nummod_rate_baixo,"[""fce31f5e93cf""]",fce31f5e93cf,140,0.097222222222222224,True,1,"[""DEP_cop"", ""DEP_nsubj"", ""numerais""]",DEP_cop|DEP_nsubj|numerais,False,True,True,0.31180478223116176,research_only,outside_review_top20,
909ebfa639b0,"[""DEP_ccomp_rate_baixo"", ""DEP_nummod_rate_baixo"", ""POS_ADP_rate_alto""]",DEP_ccomp_rate_baixo + DEP_nummod_rate_baixo + POS_ADP_rate_alto,"[""bc8e198042f7""]",bc8e198042f7,140,0.097222222222222224,True,1,"[""DEP_ccomp"", ""numerais"", ""relacoes_preposicionais""]",DEP_ccomp|numerais|relacoes_preposicionais,False,True,True,0.31180478223116176,research_only,outside_review_top20,
915e073dffdf,"[""DEP_case_rate_baixo"", ""POS_ADP_rate_baixo"", ""POS_PRON_rate_alto""]",DEP_case_rate_baixo + POS_ADP_rate_baixo + POS_PRON_rate_alto,"[""a55cc7a2d240"", ""c702fa534d35""]",a55cc7a2d240,140,0.097222222222222224,True,1,"[""POS_PRON"", ""relacoes_preposicionais""]",POS_PRON|relacoes_preposicionais,True,True,True,0.31180478223116176,research_only,outside_review_top20,
9b994c7dac45,"[""DEP_ccomp_rate_baixo"", ""DEP_nummod_rate_alto"", ""DEP_xcomp_rate_baixo""]",DEP_ccomp_rate_baixo + DEP_nummod_rate_alto + DEP_xcomp_rate_baixo,"[""823413219898"", ""92776b6bcda7""]",823413219898,140,0.097222222222222224,True,1,"[""DEP_ccomp"", ""DEP_xcomp"", ""numerais""]",DEP_ccomp|DEP_xcomp|numerais,False,True,True,0.31180478223116176,research_only,outside_review_top20,
a56f3a993e5a,"[""DEP_nmod_rate_alto"", ""DEP_nsubj:pass_rate_baixo"", ""POS_AUX_rate_baixo""]",DEP_nmod_rate_alto + DEP_nsubj:pass_rate_baixo + POS_AUX_rate_baixo,"[""1189ffefca7d""]",1189ffefca7d,140,0.097222222222222224,True,1,"[""DEP_nmod"", ""DEP_nsubj:pass"", ""auxiliares""]",DEP_nmod|DEP_nsubj:pass|auxiliares,False,True,True,0.31180478223116176,research_only,outside_review_top20,
b49ce9fa6dbd,"[""DEP_det_rate_baixo"", ""POS_DET_rate_baixo"", ""POS_PRON_rate_baixo""]",DEP_det_rate_baixo + POS_DET_rate_baixo + POS_PRON_rate_baixo,"[""03892edc7ef5"", ""21543a425116""]",03892edc7ef5,140,0.097222222222222224,True,1,"[""POS_PRON"", ""determinacao""]",POS_PRON|determinacao,True,True,True,0.31180478223116176,research_only,outside_review_top20,
cb31ff0cb4ff,"[""DEP_case_rate_alto"", ""DEP_nmod_rate_alto"", ""DEP_nummod_rate_baixo""]",DEP_case_rate_alto + DEP_nmod_rate_alto + DEP_nummod_rate_baixo,"[""a40e88c818d5"", ""c052b9017c7d""]",a40e88c818d5,140,0.097222222222222224,True,1,"[""DEP_nmod"", ""numerais"", ""relacoes_preposicionais""]",DEP_nmod|numerais|relacoes_preposicionais,False,True,True,0.31180478223116176,research_only,outside_review_top20,
da91ca617a7c,"[""DEP_cc_rate_baixo"", ""POS_ADP_rate_alto"", ""POS_CCONJ_rate_baixo""]",DEP_cc_rate_baixo + POS_ADP_rate_alto + POS_CCONJ_rate_baixo,"[""0920ee816985"", ""802151779aa4""]",0920ee816985,140,0.097222222222222224,True,1,"[""coordenacao"", ""relacoes_preposicionais""]",coordenacao|relacoes_preposicionais,True,True,True,0.31180478223116176,research_only,outside_review_top20,
fe5afb4a7a7f,"[""DEP_aux:pass_rate_baixo"", ""DEP_xcomp_rate_baixo"", ""POS_ADP_rate_alto""]",DEP_aux:pass_rate_baixo + DEP_xcomp_rate_baixo + POS_ADP_rate_alto,"[""1eaa1d1e5486""]",1eaa1d1e5486,140,0.097222222222222224,True,1,"[""DEP_xcomp"", ""auxiliares"", ""relacoes_preposicionais""]",DEP_xcomp|auxiliares|relacoes_preposicionais,False,True,True,0.31180478223116176,research_only,outside_review_top20,
122581aeb98f,"[""DEP_advcl_rate_baixo"", ""DEP_aux:pass_rate_baixo"", ""POS_CCONJ_rate_alto""]",DEP_advcl_rate_baixo + DEP_aux:pass_rate_baixo + POS_CCONJ_rate_alto,"[""b47fad96faef"", ""baf90c7f872b""]",baf90c7f872b,169,0.11736111111111111,True,0.91000000000000003,"[""DEP_advcl"", ""auxiliares"", ""coordenacao""]",DEP_advcl|auxiliares|coordenacao,False,True,True,0.3117478726649327,research_only,outside_review_top20,
b4e179f619c3,"[""DEP_acl:relcl_rate_baixo"", ""DEP_aux:pass_rate_baixo"", ""DEP_det_rate_alto""]",DEP_acl:relcl_rate_baixo + DEP_aux:pass_rate_baixo + DEP_det_rate_alto,"[""a01d7c24a8a7""]",a01d7c24a8a7,142,0.098611111111111108,True,0.98999999999999999,"[""DEP_acl:relcl"", ""auxiliares"", ""determinacao""]",DEP_acl:relcl|auxiliares|determinacao,False,True,True,0.31088382074337673,research_only,outside_review_top20,
37b395342e99,"[""DEP_case_rate_alto"", ""DEP_cop_rate_baixo"", ""DEP_nummod_rate_baixo""]",DEP_case_rate_alto + DEP_cop_rate_baixo + DEP_nummod_rate_baixo,"[""149562cb5569""]",149562cb5569,139,0.096527777777777782,True,1,"[""DEP_cop"", ""numerais"", ""relacoes_preposicionais""]",DEP_cop|numerais|relacoes_preposicionais,False,True,True,0.31068919803845413,research_only,outside_review_top20,
38fd286f8853,"[""DEP_nsubj:pass_rate_baixo"", ""DEP_obj_rate_alto"", ""DEP_xcomp_rate_baixo""]",DEP_nsubj:pass_rate_baixo + DEP_obj_rate_alto + DEP_xcomp_rate_baixo,"[""98f4795b6c0f""]",98f4795b6c0f,139,0.096527777777777782,True,1,"[""DEP_nsubj:pass"", ""DEP_obj"", ""DEP_xcomp""]",DEP_nsubj:pass|DEP_obj|DEP_xcomp,False,True,True,0.31068919803845413,research_only,outside_review_top20,
797a2c510a5a,"[""DEP_nummod_rate_baixo"", ""DEP_xcomp_rate_baixo"", ""POS_VERB_rate_baixo""]",DEP_nummod_rate_baixo + DEP_xcomp_rate_baixo + POS_VERB_rate_baixo,"[""a4c21a2c5efd""]",a4c21a2c5efd,139,0.096527777777777782,True,1,"[""DEP_xcomp"", ""POS_VERB"", ""numerais""]",DEP_xcomp|POS_VERB|numerais,False,True,True,0.31068919803845413,research_only,outside_review_top20,
8191621f7657,"[""DEP_advmod_rate_baixo"", ""POS_ADV_rate_baixo"", ""POS_DET_rate_baixo""]",DEP_advmod_rate_baixo + POS_ADV_rate_baixo + POS_DET_rate_baixo,"[""76902ef22603"", ""ab71e98d1eeb""]",ab71e98d1eeb,139,0.096527777777777782,True,1,"[""determinacao"", ""modificacao_adverbial""]",determinacao|modificacao_adverbial,True,True,True,0.31068919803845413,research_only,outside_review_top20,
8cdbbf199eb9,"[""DEP_aux:pass_rate_baixo"", ""DEP_nummod_rate_alto"", ""DEP_xcomp_rate_baixo""]",DEP_aux:pass_rate_baixo + DEP_nummod_rate_alto + DEP_xcomp_rate_baixo,"[""3509c37b71e5""]",3509c37b71e5,139,0.096527777777777782,True,1,"[""DEP_xcomp"", ""auxiliares"", ""numerais""]",DEP_xcomp|auxiliares|numerais,False,True,True,0.31068919803845413,research_only,outside_review_top20,
99cc675c6c68,"[""DEP_amod_rate_alto"", ""DEP_xcomp_rate_baixo"", ""POS_ADJ_rate_alto""]",DEP_amod_rate_alto + DEP_xcomp_rate_baixo + POS_ADJ_rate_alto,"[""020a01d06a76"", ""298ce497f266"", ""d62dd5b0e5df""]",d62dd5b0e5df,139,0.096527777777777782,True,1,"[""DEP_xcomp"", ""adjetivacao""]",DEP_xcomp|adjetivacao,True,True,True,0.31068919803845413,research_only,outside_review_top20,
b9a2923773bf,"[""DEP_cc_rate_baixo"", ""DEP_conj_rate_baixo"", ""POS_NUM_rate_baixo""]",DEP_cc_rate_baixo + DEP_conj_rate_baixo + POS_NUM_rate_baixo,"[""7d6ccaaf2e7b"", ""ff0abada5cdb""]",ff0abada5cdb,139,0.096527777777777782,True,1,"[""coordenacao"", ""numerais""]",coordenacao|numerais,True,True,True,0.31068919803845413,research_only,outside_review_top20,
c95d18f39948,"[""DEP_cop_rate_baixo"", ""DEP_nmod_rate_alto"", ""POS_AUX_rate_baixo""]",DEP_cop_rate_baixo + DEP_nmod_rate_alto + POS_AUX_rate_baixo,"[""55463dd2f165"", ""8829702e0c6f""]",55463dd2f165,139,0.096527777777777782,True,1,"[""DEP_cop"", ""DEP_nmod"", ""auxiliares""]",DEP_cop|DEP_nmod|auxiliares,False,True,True,0.31068919803845413,research_only,outside_review_top20,
cb7e4501f705,"[""DEP_aux:pass_rate_baixo"", ""DEP_case_rate_alto"", ""DEP_xcomp_rate_baixo""]",DEP_aux:pass_rate_baixo + DEP_case_rate_alto + DEP_xcomp_rate_baixo,"[""70fab8ad0fc1""]",70fab8ad0fc1,139,0.096527777777777782,True,1,"[""DEP_xcomp"", ""auxiliares"", ""relacoes_preposicionais""]",DEP_xcomp|auxiliares|relacoes_preposicionais,False,True,True,0.31068919803845413,research_only,outside_review_top20,
e95d3ddf3d9f,"[""DEP_nummod_rate_baixo"", ""POS_NUM_rate_baixo"", ""diversidade_baixo""]",DEP_nummod_rate_baixo + POS_NUM_rate_baixo + diversidade_baixo,"[""6e60c326f445"", ""bb5263fde6c8""]",6e60c326f445,139,0.096527777777777782,True,1,"[""diversidade"", ""numerais""]",diversidade|numerais,True,True,True,0.31068919803845413,research_only,outside_review_top20,
ed64310613aa,"[""DEP_advcl_rate_alto"", ""DEP_nummod_rate_baixo"", ""POS_SCONJ_rate_alto""]",DEP_advcl_rate_alto + DEP_nummod_rate_baixo + POS_SCONJ_rate_alto,"[""0d0b301dd0a7"", ""fa78b4d88841""]",0d0b301dd0a7,139,0.096527777777777782,True,1,"[""DEP_advcl"", ""numerais"", ""subordinacao""]",DEP_advcl|numerais|subordinacao,False,True,True,0.31068919803845413,research_only,outside_review_top20,
925b63b35e5a,"[""DEP_case_rate_baixo"", ""DEP_nsubj:pass_rate_baixo"", ""uppercaseRatio_baixo""]",DEP_case_rate_baixo + DEP_nsubj:pass_rate_baixo + uppercaseRatio_baixo,"[""ad948f732bf0"", ""f5a906dc2c65""]",f5a906dc2c65,154,0.10694444444444444,True,0.94999999999999996,"[""DEP_nsubj:pass"", ""relacoes_preposicionais"", ""uppercaseRatio""]",DEP_nsubj:pass|relacoes_preposicionais|uppercaseRatio,False,True,True,0.31067243378051917,research_only,outside_review_top20,
ba2c2d5b86b0,"[""DEP_acl:relcl_rate_baixo"", ""DEP_nsubj:pass_rate_baixo"", ""POS_ADP_rate_baixo""]",DEP_acl:relcl_rate_baixo + DEP_nsubj:pass_rate_baixo + POS_ADP_rate_baixo,"[""36bccaee30ff""]",36bccaee30ff,157,0.10902777777777778,True,0.93999999999999995,"[""DEP_acl:relcl"", ""DEP_nsubj:pass"", ""relacoes_preposicionais""]",DEP_acl:relcl|DEP_nsubj:pass|relacoes_preposicionais,False,True,True,0.31038193317982354,research_only,outside_review_top20,
55ab78bac043,"[""DEP_appos_rate_alto"", ""DEP_aux:pass_rate_baixo"", ""DEP_xcomp_rate_baixo""]",DEP_appos_rate_alto + DEP_aux:pass_rate_baixo + DEP_xcomp_rate_baixo,"[""c86e98e1efda""]",c86e98e1efda,147,0.10208333333333333,True,0.96999999999999997,"[""DEP_appos"", ""DEP_xcomp"", ""auxiliares""]",DEP_appos|DEP_xcomp|auxiliares,False,True,True,0.30991968045500645,research_only,outside_review_top20,
77f301ed9e03,"[""DEP_advcl_rate_baixo"", ""DEP_amod_rate_alto"", ""DEP_ccomp_rate_baixo""]",DEP_advcl_rate_baixo + DEP_amod_rate_alto + DEP_ccomp_rate_baixo,"[""70cb1095ce1a""]",70cb1095ce1a,147,0.10208333333333333,True,0.96999999999999997,"[""DEP_advcl"", ""DEP_ccomp"", ""adjetivacao""]",DEP_advcl|DEP_ccomp|adjetivacao,False,False,True,0.30991968045500645,research_only,outside_review_top20,
a475387220da,"[""DEP_acl:relcl_rate_baixo"", ""DEP_conj_rate_alto"", ""DEP_cop_rate_baixo""]",DEP_acl:relcl_rate_baixo + DEP_conj_rate_alto + DEP_cop_rate_baixo,"[""07e735c7570b"", ""e8d8c2d8baa4""]",07e735c7570b,147,0.10208333333333333,True,0.96999999999999997,"[""DEP_acl:relcl"", ""DEP_cop"", ""coordenacao""]",DEP_acl:relcl|DEP_cop|coordenacao,False,True,True,0.30991968045500645,research_only,outside_review_top20,
45ba10371604,"[""DEP_acl:relcl_rate_baixo"", ""DEP_aux:pass_rate_baixo"", ""POS_DET_rate_baixo""]",DEP_acl:relcl_rate_baixo + DEP_aux:pass_rate_baixo + POS_DET_rate_baixo,"[""3040cb14c65f""]",3040cb14c65f,144,0.10000000000000001,True,0.97999999999999998,"[""DEP_acl:relcl"", ""auxiliares"", ""determinacao""]",DEP_acl:relcl|auxiliares|determinacao,False,True,True,0.30990321069650117,research_only,outside_review_top20,
aaf853898514,"[""DEP_appos_rate_alto"", ""DEP_nummod_rate_baixo"", ""DEP_xcomp_rate_baixo""]",DEP_appos_rate_alto + DEP_nummod_rate_baixo + DEP_xcomp_rate_baixo,"[""41fad30c7344"", ""cd2ba4ded696""]",cd2ba4ded696,144,0.10000000000000001,True,0.97999999999999998,"[""DEP_appos"", ""DEP_xcomp"", ""numerais""]",DEP_appos|DEP_xcomp|numerais,False,True,True,0.30990321069650117,research_only,outside_review_top20,
f673c9f20a36,"[""DEP_aux:pass_rate_baixo"", ""DEP_ccomp_rate_baixo"", ""POS_PRON_rate_alto""]",DEP_aux:pass_rate_baixo + DEP_ccomp_rate_baixo + POS_PRON_rate_alto,"[""7d36f3ec3b0b""]",7d36f3ec3b0b,144,0.10000000000000001,True,0.97999999999999998,"[""DEP_ccomp"", ""POS_PRON"", ""auxiliares""]",DEP_ccomp|POS_PRON|auxiliares,False,True,True,0.30990321069650117,research_only,outside_review_top20,
8b170a7fdbbd,"[""DEP_cop_rate_baixo"", ""DEP_nsubj:pass_rate_baixo"", ""POS_DET_rate_baixo""]",DEP_cop_rate_baixo + DEP_nsubj:pass_rate_baixo + POS_DET_rate_baixo,"[""a133e578fd06""]",a133e578fd06,150,0.10416666666666667,True,0.95999999999999996,"[""DEP_cop"", ""DEP_nsubj:pass"", ""determinacao""]",DEP_cop|DEP_nsubj:pass|determinacao,False,True,True,0.30983866769659335,research_only,outside_review_top20,
0bbf34793dd0,"[""DEP_acl_rate_baixo"", ""DEP_nummod_rate_baixo"", ""POS_NOUN_rate_baixo""]",DEP_acl_rate_baixo + DEP_nummod_rate_baixo + POS_NOUN_rate_baixo,"[""64f3d3215ea1"", ""ad6f310fd344""]",ad6f310fd344,141,0.097916666666666666,True,0.98999999999999999,"[""DEP_acl"", ""POS_NOUN"", ""numerais""]",DEP_acl|POS_NOUN|numerais,False,True,True,0.30978722536605668,research_only,outside_review_top20,
61da53959917,"[""DEP_amod_rate_baixo"", ""DEP_nummod_rate_baixo"", ""POS_NUM_rate_baixo""]",DEP_amod_rate_baixo + DEP_nummod_rate_baixo + POS_NUM_rate_baixo,"[""b505ac74da2d"", ""ebd6fa96bbb8""]",b505ac74da2d,141,0.097916666666666666,True,0.98999999999999999,"[""adjetivacao"", ""numerais""]",adjetivacao|numerais,True,True,True,0.30978722536605668,research_only,outside_review_top20,
ce18607d8399,"[""DEP_acl_rate_baixo"", ""DEP_det_rate_alto"", ""DEP_nsubj:pass_rate_baixo""]",DEP_acl_rate_baixo + DEP_det_rate_alto + DEP_nsubj:pass_rate_baixo,"[""dc9f3c2e3b6d""]",dc9f3c2e3b6d,153,0.10625,True,0.94999999999999996,"[""DEP_acl"", ""DEP_nsubj:pass"", ""determinacao""]",DEP_acl|DEP_nsubj:pass|determinacao,False,True,True,0.30966211424712581,research_only,outside_review_top20,
126cb8e8007a,"[""DEP_cc_rate_baixo"", ""POS_ADV_rate_baixo"", ""POS_CCONJ_rate_baixo""]",DEP_cc_rate_baixo + POS_ADV_rate_baixo + POS_CCONJ_rate_baixo,"[""88dcdcde3996"", ""f72a18020463""]",88dcdcde3996,138,0.09583333333333334,True,1,"[""coordenacao"", ""modificacao_adverbial""]",coordenacao|modificacao_adverbial,True,True,True,0.30956959368344517,research_only,outside_review_top20,
14984c2fb857,"[""DEP_aux:pass_rate_baixo"", ""DEP_obj_rate_alto"", ""POS_AUX_rate_baixo""]",DEP_aux:pass_rate_baixo + DEP_obj_rate_alto + POS_AUX_rate_baixo,"[""0c4c85db2d30""]",0c4c85db2d30,138,0.09583333333333334,True,1,"[""DEP_obj"", ""auxiliares""]",DEP_obj|auxiliares,True,True,True,0.30956959368344517,research_only,outside_review_top20,
244a8ec98df8,"[""DEP_appos_rate_alto"", ""DEP_flat:name_rate_alto"", ""POS_PROPN_rate_alto""]",DEP_appos_rate_alto + DEP_flat:name_rate_alto + POS_PROPN_rate_alto,"[""07665671a4eb"", ""0f6800130af8"", ""e69b3bae41c7""]",0f6800130af8,138,0.09583333333333334,True,1,"[""DEP_appos"", ""DEP_flat:name"", ""POS_PROPN""]",DEP_appos|DEP_flat:name|POS_PROPN,False,True,True,0.30956959368344517,research_only,outside_review_top20,
2e97cba9a337,"[""DEP_ccomp_rate_baixo"", ""DEP_cop_rate_baixo"", ""DEP_det_rate_baixo""]",DEP_ccomp_rate_baixo + DEP_cop_rate_baixo + DEP_det_rate_baixo,"[""791656c344b8""]",791656c344b8,138,0.09583333333333334,True,1,"[""DEP_ccomp"", ""DEP_cop"", ""determinacao""]",DEP_ccomp|DEP_cop|determinacao,False,True,True,0.30956959368344517,research_only,outside_review_top20,
3b0faa5ea894,"[""DEP_flat:name_rate_alto"", ""DEP_mark_rate_baixo"", ""POS_SCONJ_rate_baixo""]",DEP_flat:name_rate_alto + DEP_mark_rate_baixo + POS_SCONJ_rate_baixo,"[""1b0814ab72f7"", ""8e7292fc0216""]",8e7292fc0216,138,0.09583333333333334,True,1,"[""DEP_flat:name"", ""subordinacao""]",DEP_flat:name|subordinacao,True,True,True,0.30956959368344517,research_only,outside_review_top20,
3c68a1a2bebb,"[""DEP_acl:relcl_rate_baixo"", ""POS_DET_rate_baixo"", ""POS_PRON_rate_baixo""]",DEP_acl:relcl_rate_baixo + POS_DET_rate_baixo + POS_PRON_rate_baixo,"[""2127feacb929"", ""5ccf0c0c703d""]",5ccf0c0c703d,138,0.09583333333333334,True,1,"[""DEP_acl:relcl"", ""POS_PRON"", ""determinacao""]",DEP_acl:relcl|POS_PRON|determinacao,False,True,True,0.30956959368344517,research_only,outside_review_top20,
46491be266b2,"[""DEP_case_rate_baixo"", ""POS_ADP_rate_baixo"", ""POS_NOUN_rate_baixo""]",DEP_case_rate_baixo + POS_ADP_rate_baixo + POS_NOUN_rate_baixo,"[""6c3b696303b4"", ""e034099fcf9d""]",e034099fcf9d,138,0.09583333333333334,True,1,"[""POS_NOUN"", ""relacoes_preposicionais""]",POS_NOUN|relacoes_preposicionais,True,True,True,0.30956959368344517,research_only,outside_review_top20,
7b11501444ea,"[""DEP_acl_rate_baixo"", ""DEP_nummod_rate_baixo"", ""punctuationDensity_spacy_alto""]",DEP_acl_rate_baixo + DEP_nummod_rate_baixo + punctuationDensity_spacy_alto,"[""b746802adf8c"", ""f5a9d26ae80b""]",f5a9d26ae80b,138,0.09583333333333334,True,1,"[""DEP_acl"", ""numerais"", ""punctuationDensity_spacy""]",DEP_acl|numerais|punctuationDensity_spacy,False,True,True,0.30956959368344517,research_only,outside_review_top20,
870ce5c3e653,"[""DEP_acl:relcl_rate_baixo"", ""DEP_det_rate_baixo"", ""POS_PRON_rate_baixo""]",DEP_acl:relcl_rate_baixo + DEP_det_rate_baixo + POS_PRON_rate_baixo,"[""0c0c70d72ac9"", ""9dbcae54cc59""]",9dbcae54cc59,138,0.09583333333333334,True,1,"[""DEP_acl:relcl"", ""POS_PRON"", ""determinacao""]",DEP_acl:relcl|POS_PRON|determinacao,False,True,True,0.30956959368344517,research_only,outside_review_top20,
8eb983989690,"[""DEP_advmod_rate_baixo"", ""DEP_cc_rate_baixo"", ""POS_ADV_rate_baixo""]",DEP_advmod_rate_baixo + DEP_cc_rate_baixo + POS_ADV_rate_baixo,"[""66274f4256f0"", ""a00ab37ad389""]",66274f4256f0,138,0.09583333333333334,True,1,"[""coordenacao"", ""modificacao_adverbial""]",coordenacao|modificacao_adverbial,True,True,True,0.30956959368344517,research_only,outside_review_top20,
9d0c535dd064,"[""DEP_nsubj:pass_rate_baixo"", ""DEP_obj_rate_alto"", ""POS_AUX_rate_baixo""]",DEP_nsubj:pass_rate_baixo + DEP_obj_rate_alto + POS_AUX_rate_baixo,"[""be9fe34f466e""]",be9fe34f466e,138,0.09583333333333334,True,1,"[""DEP_nsubj:pass"", ""DEP_obj"", ""auxiliares""]",DEP_nsubj:pass|DEP_obj|auxiliares,False,True,True,0.30956959368344517,research_only,outside_review_top20,
bbbec2859e64,"[""DEP_appos_rate_alto"", ""DEP_nummod_rate_baixo"", ""POS_PROPN_rate_alto""]",DEP_appos_rate_alto + DEP_nummod_rate_baixo + POS_PROPN_rate_alto,"[""6a47250fbb03"", ""93b1d1f8dffb"", ""ff26bd881676""]",ff26bd881676,138,0.09583333333333334,True,1,"[""DEP_appos"", ""POS_PROPN"", ""numerais""]",DEP_appos|POS_PROPN|numerais,False,True,True,0.30956959368344517,research_only,outside_review_top20,
c0c3517ae37b,"[""DEP_aux:pass_rate_alto"", ""DEP_ccomp_rate_baixo"", ""DEP_cop_rate_baixo""]",DEP_aux:pass_rate_alto + DEP_ccomp_rate_baixo + DEP_cop_rate_baixo,"[""26db85bfb466"", ""cc00df96da65""]",26db85bfb466,138,0.09583333333333334,True,1,"[""DEP_ccomp"", ""DEP_cop"", ""auxiliares""]",DEP_ccomp|DEP_cop|auxiliares,False,True,True,0.30956959368344517,research_only,outside_review_top20,
c33a4edbaf56,"[""DEP_case_rate_alto"", ""DEP_nsubj:pass_rate_baixo"", ""POS_AUX_rate_baixo""]",DEP_case_rate_alto + DEP_nsubj:pass_rate_baixo + POS_AUX_rate_baixo,"[""3e36f1f30732"", ""5148d148eb0f""]",5148d148eb0f,138,0.09583333333333334,True,1,"[""DEP_nsubj:pass"", ""auxiliares"", ""relacoes_preposicionais""]",DEP_nsubj:pass|auxiliares|relacoes_preposicionais,False,True,True,0.30956959368344517,research_only,outside_review_top20,
e103dbf2f899,"[""DEP_cop_rate_baixo"", ""DEP_obj_rate_alto"", ""POS_AUX_rate_baixo""]",DEP_cop_rate_baixo + DEP_obj_rate_alto + POS_AUX_rate_baixo,"[""40ee389d294d"", ""a7354ce116dc""]",40ee389d294d,138,0.09583333333333334,True,1,"[""DEP_cop"", ""DEP_obj"", ""auxiliares""]",DEP_cop|DEP_obj|auxiliares,False,True,True,0.30956959368344517,research_only,outside_review_top20,
f386f4cf2691,"[""DEP_advcl_rate_baixo"", ""DEP_det_rate_alto"", ""DEP_nummod_rate_baixo""]",DEP_advcl_rate_baixo + DEP_det_rate_alto + DEP_nummod_rate_baixo,"[""330fb5eadf6c""]",330fb5eadf6c,138,0.09583333333333334,True,1,"[""DEP_advcl"", ""determinacao"", ""numerais""]",DEP_advcl|determinacao|numerais,False,True,True,0.30956959368344517,research_only,outside_review_top20,
f59faeba695a,"[""DEP_cc_rate_alto"", ""DEP_conj_rate_alto"", ""uppercaseRatio_baixo""]",DEP_cc_rate_alto + DEP_conj_rate_alto + uppercaseRatio_baixo,"[""9df3cd35d1cc"", ""e17a1889d0ac""]",e17a1889d0ac,138,0.09583333333333334,True,1,"[""coordenacao"", ""uppercaseRatio""]",coordenacao|uppercaseRatio,True,True,True,0.30956959368344517,research_only,outside_review_top20,
f66bf4201f2a,"[""DEP_ccomp_rate_baixo"", ""DEP_cop_rate_baixo"", ""POS_DET_rate_baixo""]",DEP_ccomp_rate_baixo + DEP_cop_rate_baixo + POS_DET_rate_baixo,"[""1f130079aab3""]",1f130079aab3,138,0.09583333333333334,True,1,"[""DEP_ccomp"", ""DEP_cop"", ""determinacao""]",DEP_ccomp|DEP_cop|determinacao,False,True,True,0.30956959368344517,research_only,outside_review_top20,
feecd158521b,"[""DEP_aux:pass_rate_baixo"", ""DEP_case_rate_alto"", ""POS_AUX_rate_baixo""]",DEP_aux:pass_rate_baixo + DEP_case_rate_alto + POS_AUX_rate_baixo,"[""824eb5167186"", ""ee3fc96cf2d9""]",ee3fc96cf2d9,138,0.09583333333333334,True,1,"[""auxiliares"", ""relacoes_preposicionais""]",auxiliares|relacoes_preposicionais,True,True,True,0.30956959368344517,research_only,outside_review_top20,
e7e8e8a535d0,"[""DEP_acl:relcl_rate_baixo"", ""DEP_cop_rate_baixo"", ""POS_CCONJ_rate_alto""]",DEP_acl:relcl_rate_baixo + DEP_cop_rate_baixo + POS_CCONJ_rate_alto,"[""4c35b1bef80e"", ""9cb5125cd3ed""]",9cb5125cd3ed,146,0.10138888888888889,True,0.96999999999999997,"[""DEP_acl:relcl"", ""DEP_cop"", ""coordenacao""]",DEP_acl:relcl|DEP_cop|coordenacao,False,True,True,0.30886373298844189,research_only,outside_review_top20,
1eaf8dee0caf,"[""DEP_advmod_rate_baixo"", ""DEP_case_rate_alto"", ""DEP_ccomp_rate_baixo""]",DEP_advmod_rate_baixo + DEP_case_rate_alto + DEP_ccomp_rate_baixo,"[""d1282d0901c7""]",d1282d0901c7,140,0.097222222222222224,True,0.98999999999999999,"[""DEP_ccomp"", ""modificacao_adverbial"", ""relacoes_preposicionais""]",DEP_ccomp|modificacao_adverbial|relacoes_preposicionais,False,True,True,0.30868673440885014,research_only,outside_review_top20,
3c369fd2e967,"[""DEP_acl:relcl_rate_baixo"", ""DEP_aux:pass_rate_baixo"", ""DEP_det_rate_baixo""]",DEP_acl:relcl_rate_baixo + DEP_aux:pass_rate_baixo + DEP_det_rate_baixo,"[""5e043c68d502""]",5e043c68d502,140,0.097222222222222224,True,0.98999999999999999,"[""DEP_acl:relcl"", ""auxiliares"", ""determinacao""]",DEP_acl:relcl|auxiliares|determinacao,False,True,True,0.30868673440885014,research_only,outside_review_top20,
429697f667a3,"[""DEP_advcl_rate_baixo"", ""DEP_cop_rate_alto"", ""DEP_nummod_rate_baixo""]",DEP_advcl_rate_baixo + DEP_cop_rate_alto + DEP_nummod_rate_baixo,"[""d415b4779f01""]",d415b4779f01,140,0.097222222222222224,True,0.98999999999999999,"[""DEP_advcl"", ""DEP_cop"", ""numerais""]",DEP_advcl|DEP_cop|numerais,False,True,True,0.30868673440885014,research_only,outside_review_top20,
b28cfdfe6e95,"[""DEP_case_rate_baixo"", ""DEP_det_rate_alto"", ""DEP_nsubj:pass_rate_baixo""]",DEP_case_rate_baixo + DEP_det_rate_alto + DEP_nsubj:pass_rate_baixo,"[""47fdfaccb9ba""]",47fdfaccb9ba,140,0.097222222222222224,True,0.98999999999999999,"[""DEP_nsubj:pass"", ""determinacao"", ""relacoes_preposicionais""]",DEP_nsubj:pass|determinacao|relacoes_preposicionais,False,True,True,0.30868673440885014,research_only,outside_review_top20,
25e1ff0e6500,"[""DEP_nummod_rate_baixo"", ""POS_NUM_rate_baixo"", ""diversidade_alto""]",DEP_nummod_rate_baixo + POS_NUM_rate_baixo + diversidade_alto,"[""9ed8e0bed30e"", ""d4137b7d9233""]",9ed8e0bed30e,137,0.095138888888888884,True,1,"[""diversidade"", ""numerais""]",diversidade|numerais,True,True,True,0.30844592538869581,research_only,outside_review_top20,
2b98fd64e9a6,"[""DEP_acl:relcl_rate_baixo"", ""DEP_nummod_rate_baixo"", ""punctuationDensity_spacy_alto""]",DEP_acl:relcl_rate_baixo + DEP_nummod_rate_baixo + punctuationDensity_spacy_alto,"[""b1cfa0f98046""]",b1cfa0f98046,137,0.095138888888888884,True,1,"[""DEP_acl:relcl"", ""numerais"", ""punctuationDensity_spacy""]",DEP_acl:relcl|numerais|punctuationDensity_spacy,False,True,True,0.30844592538869581,research_only,outside_review_top20,
3501b8493839,"[""DEP_acl:relcl_rate_baixo"", ""DEP_nsubj_rate_baixo"", ""DEP_nummod_rate_baixo""]",DEP_acl:relcl_rate_baixo + DEP_nsubj_rate_baixo + DEP_nummod_rate_baixo,"[""5e99a8ea99e0""]",5e99a8ea99e0,137,0.095138888888888884,True,1,"[""DEP_acl:relcl"", ""DEP_nsubj"", ""numerais""]",DEP_acl:relcl|DEP_nsubj|numerais,False,True,True,0.30844592538869581,research_only,outside_review_top20,
3aa423ccafa5,"[""DEP_acl:relcl_rate_baixo"", ""DEP_cop_rate_alto"", ""DEP_nummod_rate_baixo""]",DEP_acl:relcl_rate_baixo + DEP_cop_rate_alto + DEP_nummod_rate_baixo,"[""5634a446a365""]",5634a446a365,137,0.095138888888888884,True,1,"[""DEP_acl:relcl"", ""DEP_cop"", ""numerais""]",DEP_acl:relcl|DEP_cop|numerais,False,True,True,0.30844592538869581,research_only,outside_review_top20,
410c214f6785,"[""DEP_nummod_rate_baixo"", ""POS_NUM_rate_baixo"", ""punctuationDensity_spacy_baixo""]",DEP_nummod_rate_baixo + POS_NUM_rate_baixo + punctuationDensity_spacy_baixo,"[""0174ed596432"", ""142114511f6f""]",0174ed596432,137,0.095138888888888884,True,1,"[""numerais"", ""punctuationDensity_spacy""]",numerais|punctuationDensity_spacy,True,True,True,0.30844592538869581,research_only,outside_review_top20,
420b8b87f0ab,"[""DEP_advcl_rate_baixo"", ""DEP_case_rate_alto"", ""POS_VERB_rate_baixo""]",DEP_advcl_rate_baixo + DEP_case_rate_alto + POS_VERB_rate_baixo,"[""a00ff8485bc6"", ""e60175031595""]",a00ff8485bc6,137,0.095138888888888884,True,1,"[""DEP_advcl"", ""POS_VERB"", ""relacoes_preposicionais""]",DEP_advcl|POS_VERB|relacoes_preposicionais,False,True,True,0.30844592538869581,research_only,outside_review_top20,
474118bfdda5,"[""DEP_nummod_rate_baixo"", ""POS_NOUN_rate_alto"", ""POS_NUM_rate_baixo""]",DEP_nummod_rate_baixo + POS_NOUN_rate_alto + POS_NUM_rate_baixo,"[""3927f49ab84d"", ""6215731be5d9""]",6215731be5d9,137,0.095138888888888884,True,1,"[""POS_NOUN"", ""numerais""]",POS_NOUN|numerais,True,True,True,0.30844592538869581,research_only,outside_review_top20,
4a3cf662f5c2,"[""DEP_det_rate_alto"", ""DEP_nummod_rate_baixo"", ""uppercaseRatio_baixo""]",DEP_det_rate_alto + DEP_nummod_rate_baixo + uppercaseRatio_baixo,"[""49c1d30ddc75"", ""78bbf40a1aed""]",49c1d30ddc75,137,0.095138888888888884,True,1,"[""determinacao"", ""numerais"", ""uppercaseRatio""]",determinacao|numerais|uppercaseRatio,False,True,True,0.30844592538869581,research_only,outside_review_top20,
550adff60772,"[""DEP_mark_rate_baixo"", ""DEP_nummod_rate_baixo"", ""DEP_xcomp_rate_baixo""]",DEP_mark_rate_baixo + DEP_nummod_rate_baixo + DEP_xcomp_rate_baixo,"[""aea2168dc80a""]",aea2168dc80a,137,0.095138888888888884,True,1,"[""DEP_xcomp"", ""numerais"", ""subordinacao""]",DEP_xcomp|numerais|subordinacao,False,True,True,0.30844592538869581,research_only,outside_review_top20,
77d32112c790,"[""DEP_acl_rate_baixo"", ""DEP_nummod_rate_baixo"", ""POS_DET_rate_alto""]",DEP_acl_rate_baixo + DEP_nummod_rate_baixo + POS_DET_rate_alto,"[""1ccba7f84390"", ""a4a34ea59314""]",a4a34ea59314,137,0.095138888888888884,True,1,"[""DEP_acl"", ""determinacao"", ""numerais""]",DEP_acl|determinacao|numerais,False,True,True,0.30844592538869581,research_only,outside_review_top20,
94dff7ecd98d,"[""DEP_acl_rate_baixo"", ""DEP_advcl_rate_baixo"", ""DEP_case_rate_alto""]",DEP_acl_rate_baixo + DEP_advcl_rate_baixo + DEP_case_rate_alto,"[""32b028ac77e7""]",32b028ac77e7,137,0.095138888888888884,True,1,"[""DEP_acl"", ""DEP_advcl"", ""relacoes_preposicionais""]",DEP_acl|DEP_advcl|relacoes_preposicionais,False,True,True,0.30844592538869581,research_only,outside_review_top20,
9ef24e1bc61d,"[""DEP_ccomp_rate_baixo"", ""DEP_xcomp_rate_baixo"", ""POS_NUM_rate_alto""]",DEP_ccomp_rate_baixo + DEP_xcomp_rate_baixo + POS_NUM_rate_alto,"[""3522d587c168"", ""da0a743278f7""]",da0a743278f7,137,0.095138888888888884,True,1,"[""DEP_ccomp"", ""DEP_xcomp"", ""numerais""]",DEP_ccomp|DEP_xcomp|numerais,False,True,True,0.30844592538869581,research_only,outside_review_top20,
aa8c6defacfa,"[""DEP_mark_rate_baixo"", ""DEP_nummod_rate_baixo"", ""POS_NUM_rate_baixo""]",DEP_mark_rate_baixo + DEP_nummod_rate_baixo + POS_NUM_rate_baixo,"[""57153748ff2b"", ""dfb84daf2488""]",57153748ff2b,137,0.095138888888888884,True,1,"[""numerais"", ""subordinacao""]",numerais|subordinacao,True,True,True,0.30844592538869581,research_only,outside_review_top20,
bd6db39ea5ba,"[""DEP_nummod_rate_baixo"", ""DEP_xcomp_rate_baixo"", ""POS_SCONJ_rate_baixo""]",DEP_nummod_rate_baixo + DEP_xcomp_rate_baixo + POS_SCONJ_rate_baixo,"[""6f30b0e32fa6""]",6f30b0e32fa6,137,0.095138888888888884,True,1,"[""DEP_xcomp"", ""numerais"", ""subordinacao""]",DEP_xcomp|numerais|subordinacao,False,True,True,0.30844592538869581,research_only,outside_review_top20,
cd827e2a4b8f,"[""DEP_acl:relcl_rate_baixo"", ""DEP_aux:pass_rate_baixo"", ""DEP_nsubj_rate_baixo""]",DEP_acl:relcl_rate_baixo + DEP_aux:pass_rate_baixo + DEP_nsubj_rate_baixo,"[""f50d75830447""]",f50d75830447,137,0.095138888888888884,True,1,"[""DEP_acl:relcl"", ""DEP_nsubj"", ""auxiliares""]",DEP_acl:relcl|DEP_nsubj|auxiliares,False,True,True,0.30844592538869581,research_only,outside_review_top20,
e202e519bbaa,"[""DEP_acl_rate_baixo"", ""DEP_det_rate_alto"", ""DEP_nummod_rate_baixo""]",DEP_acl_rate_baixo + DEP_det_rate_alto + DEP_nummod_rate_baixo,"[""43a74a072fe2"", ""b34db3c4bbde""]",43a74a072fe2,137,0.095138888888888884,True,1,"[""DEP_acl"", ""determinacao"", ""numerais""]",DEP_acl|determinacao|numerais,False,True,True,0.30844592538869581,research_only,outside_review_top20,
19fa58784580,"[""DEP_advcl_rate_baixo"", ""DEP_nsubj:pass_rate_baixo"", ""POS_CCONJ_rate_alto""]",DEP_advcl_rate_baixo + DEP_nsubj:pass_rate_baixo + POS_CCONJ_rate_alto,"[""5cbee2ec4806"", ""93b74e9ba785""]",93b74e9ba785,185,0.12847222222222221,True,0.85999999999999999,"[""DEP_advcl"", ""DEP_nsubj:pass"", ""coordenacao""]",DEP_advcl|DEP_nsubj:pass|coordenacao,False,True,True,0.30824998873569409,research_only,outside_review_top20,
b74a55288fa9,"[""DEP_acl:relcl_rate_alto"", ""DEP_aux:pass_rate_baixo"", ""DEP_nummod_rate_baixo""]",DEP_acl:relcl_rate_alto + DEP_aux:pass_rate_baixo + DEP_nummod_rate_baixo,"[""25fc30970e7b""]",25fc30970e7b,165,0.11458333333333333,True,0.91000000000000003,"[""DEP_acl:relcl"", ""auxiliares"", ""numerais""]",DEP_acl:relcl|auxiliares|numerais,False,True,True,0.30803645617578018,research_only,outside_review_top20,
51608e30f063,"[""DEP_cop_rate_baixo"", ""DEP_xcomp_rate_baixo"", ""POS_PRON_rate_baixo""]",DEP_cop_rate_baixo + DEP_xcomp_rate_baixo + POS_PRON_rate_baixo,"[""0db8e6da51a4"", ""53812d6e0fc1""]",0db8e6da51a4,145,0.10069444444444445,True,0.96999999999999997,"[""DEP_cop"", ""DEP_xcomp"", ""POS_PRON""]",DEP_cop|DEP_xcomp|POS_PRON,False,True,True,0.30780416302866626,research_only,outside_review_top20,
7ac70141e6b2,"[""DEP_det_rate_alto"", ""uppercaseRatio_baixo""]",DEP_det_rate_alto + uppercaseRatio_baixo,"[""dd4854bd7f1c""]",dd4854bd7f1c,198,0.13750000000000001,True,0.82999999999999996,"[""determinacao"", ""uppercaseRatio""]",determinacao|uppercaseRatio,False,True,True,0.30777223721447,research_only,outside_review_top20,
5794e48b45c6,"[""DEP_cop_rate_baixo"", ""DEP_nummod_rate_baixo"", ""POS_PRON_rate_baixo""]",DEP_cop_rate_baixo + DEP_nummod_rate_baixo + POS_PRON_rate_baixo,"[""0cd7c59217e8""]",0cd7c59217e8,148,0.10277777777777777,True,0.95999999999999996,"[""DEP_cop"", ""POS_PRON"", ""numerais""]",DEP_cop|POS_PRON|numerais,False,True,True,0.30776614498674154,research_only,outside_review_top20,
2fe142609c7d,"[""DEP_acl:relcl_rate_baixo"", ""DEP_ccomp_rate_baixo"", ""POS_DET_rate_baixo""]",DEP_acl:relcl_rate_baixo + DEP_ccomp_rate_baixo + POS_DET_rate_baixo,"[""55d4ab3fd49d""]",55d4ab3fd49d,142,0.098611111111111108,True,0.97999999999999998,"[""DEP_acl:relcl"", ""DEP_ccomp"", ""determinacao""]",DEP_acl:relcl|DEP_ccomp|determinacao,False,True,True,0.30774358012980729,research_only,outside_review_top20,
3ae9155b8d48,"[""DEP_acl:relcl_rate_baixo"", ""DEP_nummod_rate_baixo"", ""POS_AUX_rate_alto""]",DEP_acl:relcl_rate_baixo + DEP_nummod_rate_baixo + POS_AUX_rate_alto,"[""23f1855587e5""]",23f1855587e5,142,0.098611111111111108,True,0.97999999999999998,"[""DEP_acl:relcl"", ""auxiliares"", ""numerais""]",DEP_acl:relcl|auxiliares|numerais,False,True,True,0.30774358012980729,research_only,outside_review_top20,
becabe56e0f6,"[""DEP_advcl_rate_baixo"", ""DEP_aux:pass_rate_baixo"", ""punctuationDensity_spacy_alto""]",DEP_advcl_rate_baixo + DEP_aux:pass_rate_baixo + punctuationDensity_spacy_alto,"[""dcfd824f10d7""]",dcfd824f10d7,151,0.10486111111111111,True,0.94999999999999996,"[""DEP_advcl"", ""auxiliares"", ""punctuationDensity_spacy""]",DEP_advcl|auxiliares|punctuationDensity_spacy,False,True,True,0.30763152110565289,research_only,outside_review_top20,
2bb568257d7b,"[""DEP_cop_rate_baixo"", ""DEP_nsubj:pass_rate_baixo"", ""POS_ADJ_rate_baixo""]",DEP_cop_rate_baixo + DEP_nsubj:pass_rate_baixo + POS_ADJ_rate_baixo,"[""c3e6419cbf28""]",c3e6419cbf28,180,0.125,True,0.87,"[""DEP_cop"", ""DEP_nsubj:pass"", ""adjetivacao""]",DEP_cop|DEP_nsubj:pass|adjetivacao,False,True,True,0.30759144981614817,research_only,outside_review_top20,
1f2b382b7e7a,"[""DEP_acl_rate_baixo"", ""DEP_appos_rate_alto"", ""DEP_cop_rate_baixo""]",DEP_acl_rate_baixo + DEP_appos_rate_alto + DEP_cop_rate_baixo,"[""c9a7067ba04f""]",c9a7067ba04f,139,0.096527777777777782,True,0.98999999999999999,"[""DEP_acl"", ""DEP_appos"", ""DEP_cop""]",DEP_acl|DEP_appos|DEP_cop,False,True,True,0.30758230605806958,research_only,outside_review_top20,
75ade6aabb13,"[""DEP_advcl_rate_baixo"", ""DEP_cop_rate_baixo"", ""POS_NOUN_rate_alto""]",DEP_advcl_rate_baixo + DEP_cop_rate_baixo + POS_NOUN_rate_alto,"[""048aee8a72bf"", ""57dc4a76e161""]",57dc4a76e161,139,0.096527777777777782,True,0.98999999999999999,"[""DEP_advcl"", ""DEP_cop"", ""POS_NOUN""]",DEP_advcl|DEP_cop|POS_NOUN,False,True,True,0.30758230605806958,research_only,outside_review_top20,
7648eddb171b,"[""DEP_advcl_rate_alto"", ""DEP_cc_rate_baixo"", ""POS_CCONJ_rate_baixo""]",DEP_advcl_rate_alto + DEP_cc_rate_baixo + POS_CCONJ_rate_baixo,"[""6510b4c8fa2b"", ""bf3313172bc5""]",bf3313172bc5,139,0.096527777777777782,True,0.98999999999999999,"[""DEP_advcl"", ""coordenacao""]",DEP_advcl|coordenacao,True,True,True,0.30758230605806958,research_only,outside_review_top20,
02f9b4a0e2b3,"[""DEP_aux:pass_rate_baixo"", ""DEP_case_rate_baixo"", ""DEP_nsubj_rate_alto""]",DEP_aux:pass_rate_baixo + DEP_case_rate_baixo + DEP_nsubj_rate_alto,"[""6c00f28a9dc5"", ""bdc8d5de3fe0""]",6c00f28a9dc5,136,0.094444444444444442,True,1,"[""DEP_nsubj"", ""auxiliares"", ""relacoes_preposicionais""]",DEP_nsubj|auxiliares|relacoes_preposicionais,False,True,True,0.30731814857642958,research_only,outside_review_top20,
134eb2314f60,"[""DEP_advmod_rate_baixo"", ""DEP_case_rate_alto"", ""DEP_nmod_rate_alto""]",DEP_advmod_rate_baixo + DEP_case_rate_alto + DEP_nmod_rate_alto,"[""0832218431ca"", ""9f93d487594f"", ""b6f6660e71bb""]",0832218431ca,136,0.094444444444444442,True,1,"[""DEP_nmod"", ""modificacao_adverbial"", ""relacoes_preposicionais""]",DEP_nmod|modificacao_adverbial|relacoes_preposicionais,False,True,True,0.30731814857642958,research_only,outside_review_top20,
2ea6a313c600,"[""DEP_mark_rate_alto"", ""DEP_nmod_rate_baixo"", ""POS_SCONJ_rate_alto""]",DEP_mark_rate_alto + DEP_nmod_rate_baixo + POS_SCONJ_rate_alto,"[""69929b8aa469"", ""a4562e54f563""]",a4562e54f563,136,0.094444444444444442,True,1,"[""DEP_nmod"", ""subordinacao""]",DEP_nmod|subordinacao,True,True,True,0.30731814857642958,research_only,outside_review_top20,
3bb7f4c2421c,"[""DEP_case_rate_alto"", ""POS_ADP_rate_alto"", ""POS_PRON_rate_baixo""]",DEP_case_rate_alto + POS_ADP_rate_alto + POS_PRON_rate_baixo,"[""084691478aaa"", ""576beb46bedd""]",576beb46bedd,136,0.094444444444444442,True,1,"[""POS_PRON"", ""relacoes_preposicionais""]",POS_PRON|relacoes_preposicionais,True,True,True,0.30731814857642958,research_only,outside_review_top20,
47485d5dec11,"[""DEP_acl:relcl_rate_baixo"", ""DEP_acl_rate_baixo"", ""DEP_nmod_rate_alto""]",DEP_acl:relcl_rate_baixo + DEP_acl_rate_baixo + DEP_nmod_rate_alto,"[""76b14f5049fb""]",76b14f5049fb,136,0.094444444444444442,True,1,"[""DEP_acl"", ""DEP_acl:relcl"", ""DEP_nmod""]",DEP_acl|DEP_acl:relcl|DEP_nmod,False,True,True,0.30731814857642958,research_only,outside_review_top20,
5a4c51396ab0,"[""DEP_ccomp_rate_baixo"", ""DEP_obj_rate_baixo"", ""POS_SCONJ_rate_baixo""]",DEP_ccomp_rate_baixo + DEP_obj_rate_baixo + POS_SCONJ_rate_baixo,"[""0635066b49d7"", ""5f7c5a0dc2c2""]",0635066b49d7,136,0.094444444444444442,True,1,"[""DEP_ccomp"", ""DEP_obj"", ""subordinacao""]",DEP_ccomp|DEP_obj|subordinacao,False,True,True,0.30731814857642958,research_only,outside_review_top20,
660e257055ce,"[""DEP_acl_rate_baixo"", ""DEP_flat:name_rate_alto"", ""DEP_nummod_rate_baixo""]",DEP_acl_rate_baixo + DEP_flat:name_rate_alto + DEP_nummod_rate_baixo,"[""840f1e6438b1"", ""9f79e1077025""]",9f79e1077025,136,0.094444444444444442,True,1,"[""DEP_acl"", ""DEP_flat:name"", ""numerais""]",DEP_acl|DEP_flat:name|numerais,False,True,True,0.30731814857642958,research_only,outside_review_top20,
81f2caba5e57,"[""DEP_acl:relcl_rate_baixo"", ""DEP_flat:name_rate_alto"", ""DEP_xcomp_rate_baixo""]",DEP_acl:relcl_rate_baixo + DEP_flat:name_rate_alto + DEP_xcomp_rate_baixo,"[""a8e0e4526409"", ""cdc14ed13194""]",cdc14ed13194,136,0.094444444444444442,True,1,"[""DEP_acl:relcl"", ""DEP_flat:name"", ""DEP_xcomp""]",DEP_acl:relcl|DEP_flat:name|DEP_xcomp,False,True,True,0.30731814857642958,research_only,outside_review_top20,
834e9a840736,"[""DEP_acl_rate_alto"", ""DEP_ccomp_rate_baixo"", ""DEP_cop_rate_baixo""]",DEP_acl_rate_alto + DEP_ccomp_rate_baixo + DEP_cop_rate_baixo,"[""38b17244dee7"", ""846dbe492342""]",846dbe492342,136,0.094444444444444442,True,1,"[""DEP_acl"", ""DEP_ccomp"", ""DEP_cop""]",DEP_acl|DEP_ccomp|DEP_cop,False,True,True,0.30731814857642958,research_only,outside_review_top20,
b8e1623fd5ba,"[""DEP_aux:pass_rate_baixo"", ""DEP_xcomp_rate_baixo"", ""POS_NUM_rate_alto""]",DEP_aux:pass_rate_baixo + DEP_xcomp_rate_baixo + POS_NUM_rate_alto,"[""bf8a758d6318""]",bf8a758d6318,136,0.094444444444444442,True,1,"[""DEP_xcomp"", ""auxiliares"", ""numerais""]",DEP_xcomp|auxiliares|numerais,False,True,True,0.30731814857642958,research_only,outside_review_top20,
cf1328b2fb56,"[""DEP_advcl_rate_baixo"", ""DEP_nummod_rate_baixo"", ""DEP_xcomp_rate_alto""]",DEP_advcl_rate_baixo + DEP_nummod_rate_baixo + DEP_xcomp_rate_alto,"[""6099485f24ad""]",6099485f24ad,136,0.094444444444444442,True,1,"[""DEP_advcl"", ""DEP_xcomp"", ""numerais""]",DEP_advcl|DEP_xcomp|numerais,False,True,True,0.30731814857642958,research_only,outside_review_top20,
df681bc6d138,"[""DEP_advcl_rate_baixo"", ""DEP_nummod_rate_baixo"", ""POS_VERB_rate_baixo""]",DEP_advcl_rate_baixo + DEP_nummod_rate_baixo + POS_VERB_rate_baixo,"[""b3f8265a274a""]",b3f8265a274a,136,0.094444444444444442,True,1,"[""DEP_advcl"", ""POS_VERB"", ""numerais""]",DEP_advcl|POS_VERB|numerais,False,True,True,0.30731814857642958,research_only,outside_review_top20,
e99de9c0a20e,"[""DEP_ccomp_rate_baixo"", ""DEP_mark_rate_baixo"", ""POS_ADV_rate_baixo""]",DEP_ccomp_rate_baixo + DEP_mark_rate_baixo + POS_ADV_rate_baixo,"[""44a755d4f8a1"", ""777865a59d94""]",44a755d4f8a1,136,0.094444444444444442,True,1,"[""DEP_ccomp"", ""modificacao_adverbial"", ""subordinacao""]",DEP_ccomp|modificacao_adverbial|subordinacao,False,True,True,0.30731814857642958,research_only,outside_review_top20,
ef460f285d8e,"[""DEP_case_rate_alto"", ""DEP_cop_rate_baixo"", ""POS_AUX_rate_baixo""]",DEP_case_rate_alto + DEP_cop_rate_baixo + POS_AUX_rate_baixo,"[""bd4af41b693e"", ""d6d09447d6d4""]",bd4af41b693e,136,0.094444444444444442,True,1,"[""DEP_cop"", ""auxiliares"", ""relacoes_preposicionais""]",DEP_cop|auxiliares|relacoes_preposicionais,False,True,True,0.30731814857642958,research_only,outside_review_top20,
fba94ea8f50d,"[""DEP_ccomp_rate_baixo"", ""DEP_nummod_rate_baixo"", ""POS_VERB_rate_baixo""]",DEP_ccomp_rate_baixo + DEP_nummod_rate_baixo + POS_VERB_rate_baixo,"[""435124a158da""]",435124a158da,136,0.094444444444444442,True,1,"[""DEP_ccomp"", ""POS_VERB"", ""numerais""]",DEP_ccomp|POS_VERB|numerais,False,True,True,0.30731814857642958,research_only,outside_review_top20,
6a3ef3f7a610,"[""DEP_nsubj:pass_rate_baixo"", ""DEP_nummod_rate_baixo"", ""POS_NOUN_rate_baixo""]",DEP_nsubj:pass_rate_baixo + DEP_nummod_rate_baixo + POS_NOUN_rate_baixo,"[""122bc75aeec8""]",122bc75aeec8,197,0.13680555555555557,True,0.82999999999999996,"[""DEP_nsubj:pass"", ""POS_NOUN"", ""numerais""]",DEP_nsubj:pass|POS_NOUN|numerais,False,True,True,0.30699405079288139,research_only,outside_review_top20,
1cb9d815d571,"[""DEP_cop_rate_alto"", ""DEP_nsubj:pass_rate_baixo"", ""DEP_xcomp_rate_baixo""]",DEP_cop_rate_alto + DEP_nsubj:pass_rate_baixo + DEP_xcomp_rate_baixo,"[""13673e916a35""]",13673e916a35,144,0.10000000000000001,True,0.96999999999999997,"[""DEP_cop"", ""DEP_nsubj:pass"", ""DEP_xcomp""]",DEP_cop|DEP_nsubj:pass|DEP_xcomp,False,True,True,0.30674093303633282,research_only,outside_review_top20,
c5a21dd38d17,"[""DEP_case_rate_baixo"", ""DEP_nsubj:pass_rate_baixo"", ""POS_SCONJ_rate_alto""]",DEP_case_rate_baixo + DEP_nsubj:pass_rate_baixo + POS_SCONJ_rate_alto,"[""789f14a74a10""]",789f14a74a10,141,0.097916666666666666,True,0.97999999999999998,"[""DEP_nsubj:pass"", ""relacoes_preposicionais"", ""subordinacao""]",DEP_nsubj:pass|relacoes_preposicionais|subordinacao,False,True,True,0.30665806147347024,research_only,outside_review_top20,
f02eb355987d,"[""DEP_aux:pass_rate_baixo"", ""DEP_nummod_rate_baixo"", ""POS_CCONJ_rate_alto""]",DEP_aux:pass_rate_baixo + DEP_nummod_rate_baixo + POS_CCONJ_rate_alto,"[""8a012c0afc66"", ""bead4695ed52""]",8a012c0afc66,167,0.11597222222222223,True,0.90000000000000002,"[""auxiliares"", ""coordenacao"", ""numerais""]",auxiliares|coordenacao|numerais,False,True,True,0.3064922511255383,research_only,outside_review_top20,
0a14d810b3c5,"[""DEP_appos_rate_alto"", ""DEP_mark_rate_baixo"", ""POS_SCONJ_rate_baixo""]",DEP_appos_rate_alto + DEP_mark_rate_baixo + POS_SCONJ_rate_baixo,"[""5c6fda73ef62"", ""7f69da23f707""]",7f69da23f707,138,0.09583333333333334,True,0.98999999999999999,"[""DEP_appos"", ""subordinacao""]",DEP_appos|subordinacao,True,True,True,0.30647389774661071,research_only,outside_review_top20,
4f8f98413cf5,"[""DEP_aux:pass_rate_baixo"", ""DEP_det_rate_alto"", ""POS_NUM_rate_baixo""]",DEP_aux:pass_rate_baixo + DEP_det_rate_alto + POS_NUM_rate_baixo,"[""527e5a501560"", ""c712aa69450b""]",527e5a501560,138,0.09583333333333334,True,0.98999999999999999,"[""auxiliares"", ""determinacao"", ""numerais""]",auxiliares|determinacao|numerais,False,True,True,0.30647389774661071,research_only,outside_review_top20,
ba7c29977b72,"[""DEP_acl:relcl_rate_baixo"", ""DEP_case_rate_alto"", ""DEP_nummod_rate_baixo""]",DEP_acl:relcl_rate_baixo + DEP_case_rate_alto + DEP_nummod_rate_baixo,"[""51d1679101b8""]",51d1679101b8,138,0.09583333333333334,True,0.98999999999999999,"[""DEP_acl:relcl"", ""numerais"", ""relacoes_preposicionais""]",DEP_acl:relcl|numerais|relacoes_preposicionais,False,True,True,0.30647389774661071,research_only,outside_review_top20,
cbafa66fa975,"[""DEP_advcl_rate_baixo"", ""DEP_appos_rate_alto"", ""DEP_xcomp_rate_baixo""]",DEP_advcl_rate_baixo + DEP_appos_rate_alto + DEP_xcomp_rate_baixo,"[""781323d4ceaa"", ""80af70bf1209""]",781323d4ceaa,138,0.09583333333333334,True,0.98999999999999999,"[""DEP_advcl"", ""DEP_appos"", ""DEP_xcomp""]",DEP_advcl|DEP_appos|DEP_xcomp,False,True,True,0.30647389774661071,research_only,outside_review_top20,
278400143917,"[""DEP_advmod_rate_baixo"", ""DEP_det_rate_baixo"", ""POS_ADV_rate_baixo""]",DEP_advmod_rate_baixo + DEP_det_rate_baixo + POS_ADV_rate_baixo,"[""663ab244ebf6"", ""b54585ab1fc1""]",663ab244ebf6,135,0.09375,True,1,"[""determinacao"", ""modificacao_adverbial""]",determinacao|modificacao_adverbial,True,True,True,0.30618621784789724,research_only,outside_review_top20,
4188a378f5a5,"[""DEP_acl:relcl_rate_baixo"", ""DEP_cop_rate_baixo"", ""DEP_nsubj:pass_rate_alto""]",DEP_acl:relcl_rate_baixo + DEP_cop_rate_baixo + DEP_nsubj:pass_rate_alto,"[""161f37457b9c"", ""c4d49970be6d""]",c4d49970be6d,135,0.09375,True,1,"[""DEP_acl:relcl"", ""DEP_cop"", ""DEP_nsubj:pass""]",DEP_acl:relcl|DEP_cop|DEP_nsubj:pass,False,True,True,0.30618621784789724,research_only,outside_review_top20,
4eb665ef9982,"[""DEP_appos_rate_baixo"", ""DEP_cc_rate_alto"", ""POS_CCONJ_rate_alto""]",DEP_appos_rate_baixo + DEP_cc_rate_alto + POS_CCONJ_rate_alto,"[""570cae15d7a4"", ""d06a14b11ca3""]",d06a14b11ca3,135,0.09375,True,1,"[""DEP_appos"", ""coordenacao""]",DEP_appos|coordenacao,True,True,True,0.30618621784789724,research_only,outside_review_top20,
51905c7abe98,"[""DEP_aux:pass_rate_baixo"", ""POS_AUX_rate_baixo"", ""POS_PRON_rate_baixo""]",DEP_aux:pass_rate_baixo + POS_AUX_rate_baixo + POS_PRON_rate_baixo,"[""e711252b4611""]",e711252b4611,135,0.09375,True,1,"[""POS_PRON"", ""auxiliares""]",POS_PRON|auxiliares,True,True,True,0.30618621784789724,research_only,outside_review_top20,
b06f813d03d2,"[""DEP_flat:name_rate_baixo"", ""DEP_nummod_rate_baixo"", ""POS_NUM_rate_baixo""]",DEP_flat:name_rate_baixo + DEP_nummod_rate_baixo + POS_NUM_rate_baixo,"[""1b88f6441c58"", ""bab8e46ec59c""]",1b88f6441c58,135,0.09375,True,1,"[""DEP_flat:name"", ""numerais""]",DEP_flat:name|numerais,True,True,True,0.30618621784789724,research_only,outside_review_top20,
bc7081d1b2d9,"[""DEP_advcl_rate_baixo"", ""DEP_case_rate_alto"", ""DEP_nummod_rate_baixo""]",DEP_advcl_rate_baixo + DEP_case_rate_alto + DEP_nummod_rate_baixo,"[""eb45da955e07""]",eb45da955e07,135,0.09375,True,1,"[""DEP_advcl"", ""numerais"", ""relacoes_preposicionais""]",DEP_advcl|numerais|relacoes_preposicionais,False,True,True,0.30618621784789724,research_only,outside_review_top20,
c3c6948e69f2,"[""DEP_advmod_rate_baixo"", ""POS_ADV_rate_baixo"", ""POS_AUX_rate_baixo""]",DEP_advmod_rate_baixo + POS_ADV_rate_baixo + POS_AUX_rate_baixo,"[""09e49e8d85ef"", ""2550ec2fa259""]",2550ec2fa259,135,0.09375,True,1,"[""auxiliares"", ""modificacao_adverbial""]",auxiliares|modificacao_adverbial,True,True,True,0.30618621784789724,research_only,outside_review_top20,
d83d40360160,"[""DEP_case_rate_alto"", ""DEP_mark_rate_baixo"", ""DEP_nmod_rate_alto""]",DEP_case_rate_alto + DEP_mark_rate_baixo + DEP_nmod_rate_alto,"[""85a2d7b453b9"", ""e91aaa1addf2"", ""ef77cb3297b0""]",ef77cb3297b0,135,0.09375,True,1,"[""DEP_nmod"", ""relacoes_preposicionais"", ""subordinacao""]",DEP_nmod|relacoes_preposicionais|subordinacao,False,True,True,0.30618621784789724,research_only,outside_review_top20,
ddd012b74714,"[""DEP_nsubj:pass_rate_baixo"", ""POS_ADP_rate_baixo"", ""POS_DET_rate_alto""]",DEP_nsubj:pass_rate_baixo + POS_ADP_rate_baixo + POS_DET_rate_alto,"[""ffd87318e35a""]",ffd87318e35a,135,0.09375,True,1,"[""DEP_nsubj:pass"", ""determinacao"", ""relacoes_preposicionais""]",DEP_nsubj:pass|determinacao|relacoes_preposicionais,False,True,True,0.30618621784789724,research_only,outside_review_top20,
ea6673d0792e,"[""DEP_mark_rate_baixo"", ""POS_NUM_rate_alto"", ""POS_SCONJ_rate_baixo""]",DEP_mark_rate_baixo + POS_NUM_rate_alto + POS_SCONJ_rate_baixo,"[""0dcbff192c3e"", ""8bebcbc15d63""]",0dcbff192c3e,135,0.09375,True,1,"[""numerais"", ""subordinacao""]",numerais|subordinacao,True,True,True,0.30618621784789724,research_only,outside_review_top20,
ef7a04ff9700,"[""DEP_case_rate_alto"", ""POS_ADP_rate_alto"", ""POS_NOUN_rate_alto""]",DEP_case_rate_alto + POS_ADP_rate_alto + POS_NOUN_rate_alto,"[""7ea12fbda0ea"", ""ef5e3694ca8d""]",ef5e3694ca8d,135,0.09375,True,1,"[""POS_NOUN"", ""relacoes_preposicionais""]",POS_NOUN|relacoes_preposicionais,True,True,True,0.30618621784789724,research_only,outside_review_top20,
f7649f892c49,"[""DEP_nsubj:pass_rate_baixo"", ""POS_AUX_rate_baixo"", ""POS_PRON_rate_baixo""]",DEP_nsubj:pass_rate_baixo + POS_AUX_rate_baixo + POS_PRON_rate_baixo,"[""023cf8ca5931""]",023cf8ca5931,135,0.09375,True,1,"[""DEP_nsubj:pass"", ""POS_PRON"", ""auxiliares""]",DEP_nsubj:pass|POS_PRON|auxiliares,False,True,True,0.30618621784789724,research_only,outside_review_top20,
286265748022,"[""DEP_nsubj:pass_rate_baixo"", ""POS_SCONJ_rate_baixo"", ""POS_VERB_rate_baixo""]",DEP_nsubj:pass_rate_baixo + POS_SCONJ_rate_baixo + POS_VERB_rate_baixo,"[""e72ee6aaa641""]",e72ee6aaa641,159,0.11041666666666666,True,0.92000000000000004,"[""DEP_nsubj:pass"", ""POS_VERB"", ""subordinacao""]",DEP_nsubj:pass|POS_VERB|subordinacao,False,True,True,0.30570683123977893,research_only,outside_review_top20,
4d60955dc5cf,"[""DEP_acl:relcl_rate_baixo"", ""DEP_cop_rate_baixo"", ""DEP_mark_rate_alto""]",DEP_acl:relcl_rate_baixo + DEP_cop_rate_baixo + DEP_mark_rate_alto,"[""0e00f1a55159""]",0e00f1a55159,146,0.10138888888888889,True,0.95999999999999996,"[""DEP_acl:relcl"", ""DEP_cop"", ""subordinacao""]",DEP_acl:relcl|DEP_cop|subordinacao,False,True,True,0.30567957079268476,research_only,outside_review_top20,
11c49ba525dc,"[""DEP_nsubj:pass_rate_baixo"", ""POS_ADP_rate_baixo"", ""POS_NUM_rate_baixo""]",DEP_nsubj:pass_rate_baixo + POS_ADP_rate_baixo + POS_NUM_rate_baixo,"[""c14d9a96c482"", ""c151d2763fc8""]",c151d2763fc8,143,0.09930555555555555,True,0.96999999999999997,"[""DEP_nsubj:pass"", ""numerais"", ""relacoes_preposicionais""]",DEP_nsubj:pass|numerais|relacoes_preposicionais,False,True,True,0.30567400481922274,research_only,outside_review_top20,
d8840eee0de6,"[""DEP_aux:pass_rate_baixo"", ""DEP_nummod_rate_baixo"", ""POS_NOUN_rate_alto""]",DEP_aux:pass_rate_baixo + DEP_nummod_rate_baixo + POS_NOUN_rate_alto,"[""3617252d2e19""]",3617252d2e19,143,0.09930555555555555,True,0.96999999999999997,"[""POS_NOUN"", ""auxiliares"", ""numerais""]",POS_NOUN|auxiliares|numerais,False,True,True,0.30567400481922274,research_only,outside_review_top20,
51077631c3f3,"[""DEP_acl_rate_baixo"", ""DEP_nmod_rate_alto"", ""POS_ADP_rate_alto""]",DEP_acl_rate_baixo + DEP_nmod_rate_alto + POS_ADP_rate_alto,"[""57cf7ff38b7d"", ""ad131c536a9b"", ""ad800ea98139""]",ad131c536a9b,137,0.095138888888888884,True,0.98999999999999999,"[""DEP_acl"", ""DEP_nmod"", ""relacoes_preposicionais""]",DEP_acl|DEP_nmod|relacoes_preposicionais,False,True,True,0.30536146613480886,research_only,outside_review_top20,
9504b9712d98,"[""DEP_acl:relcl_rate_baixo"", ""DEP_aux:pass_rate_baixo"", ""POS_DET_rate_alto""]",DEP_acl:relcl_rate_baixo + DEP_aux:pass_rate_baixo + POS_DET_rate_alto,"[""075739c06801""]",075739c06801,137,0.095138888888888884,True,0.98999999999999999,"[""DEP_acl:relcl"", ""auxiliares"", ""determinacao""]",DEP_acl:relcl|auxiliares|determinacao,False,True,True,0.30536146613480886,research_only,outside_review_top20,
d5ef7259d34e,"[""DEP_acl_rate_baixo"", ""DEP_cop_rate_baixo"", ""DEP_obj_rate_alto""]",DEP_acl_rate_baixo + DEP_cop_rate_baixo + DEP_obj_rate_alto,"[""b09d534e8440""]",b09d534e8440,137,0.095138888888888884,True,0.98999999999999999,"[""DEP_acl"", ""DEP_cop"", ""DEP_obj""]",DEP_acl|DEP_cop|DEP_obj,False,True,True,0.30536146613480886,research_only,outside_review_top20,
0cfdb17f0633,"[""DEP_advcl_rate_baixo"", ""DEP_nummod_rate_baixo"", ""POS_DET_rate_alto""]",DEP_advcl_rate_baixo + DEP_nummod_rate_baixo + POS_DET_rate_alto,"[""fe49fc3c63ca""]",fe49fc3c63ca,134,0.093055555555555558,True,1,"[""DEP_advcl"", ""determinacao"", ""numerais""]",DEP_advcl|determinacao|numerais,False,True,True,0.3050500869620521,research_only,outside_review_top20,
2ac4528b9b45,"[""DEP_acl_rate_baixo"", ""DEP_advcl_rate_baixo"", ""DEP_obj_rate_baixo""]",DEP_acl_rate_baixo + DEP_advcl_rate_baixo + DEP_obj_rate_baixo,"[""a43863accc04""]",a43863accc04,134,0.093055555555555558,True,1,"[""DEP_acl"", ""DEP_advcl"", ""DEP_obj""]",DEP_acl|DEP_advcl|DEP_obj,False,True,True,0.3050500869620521,research_only,outside_review_top20,
3872558a374c,"[""DEP_case_rate_baixo"", ""DEP_nsubj:pass_rate_baixo"", ""POS_DET_rate_alto""]",DEP_case_rate_baixo + DEP_nsubj:pass_rate_baixo + POS_DET_rate_alto,"[""1a8a93bb47c1""]",1a8a93bb47c1,134,0.093055555555555558,True,1,"[""DEP_nsubj:pass"", ""determinacao"", ""relacoes_preposicionais""]",DEP_nsubj:pass|determinacao|relacoes_preposicionais,False,True,True,0.3050500869620521,research_only,outside_review_top20,
65d7eb5dd5dd,"[""DEP_nummod_rate_baixo"", ""DEP_xcomp_rate_alto"", ""POS_VERB_rate_alto""]",DEP_nummod_rate_baixo + DEP_xcomp_rate_alto + POS_VERB_rate_alto,"[""02ff9c55d655"", ""82573b2a63ef"", ""eeaa94dcb738""]",02ff9c55d655,134,0.093055555555555558,True,1,"[""DEP_xcomp"", ""POS_VERB"", ""numerais""]",DEP_xcomp|POS_VERB|numerais,False,True,True,0.3050500869620521,research_only,outside_review_top20,
933331ef14b5,"[""DEP_nummod_rate_baixo"", ""POS_PRON_rate_alto"", ""uppercaseRatio_baixo""]",DEP_nummod_rate_baixo + POS_PRON_rate_alto + uppercaseRatio_baixo,"[""0d0f54670fdb"", ""d21d4a164e5c""]",d21d4a164e5c,134,0.093055555555555558,True,1,"[""POS_PRON"", ""numerais"", ""uppercaseRatio""]",POS_PRON|numerais|uppercaseRatio,False,True,True,0.3050500869620521,research_only,outside_review_top20,
b374f2029b34,"[""DEP_advcl_rate_baixo"", ""DEP_appos_rate_alto"", ""POS_PROPN_rate_alto""]",DEP_advcl_rate_baixo + DEP_appos_rate_alto + POS_PROPN_rate_alto,"[""609e4fb45686"", ""83c7e350d653"", ""e157e8e8ebd1""]",e157e8e8ebd1,134,0.093055555555555558,True,1,"[""DEP_advcl"", ""DEP_appos"", ""POS_PROPN""]",DEP_advcl|DEP_appos|POS_PROPN,False,True,True,0.3050500869620521,research_only,outside_review_top20,
b4bb55d05f7b,"[""DEP_acl_rate_baixo"", ""DEP_nummod_rate_alto"", ""POS_NUM_rate_alto""]",DEP_acl_rate_baixo + DEP_nummod_rate_alto + POS_NUM_rate_alto,"[""42da29e91fed"", ""d60100a512d4""]",42da29e91fed,134,0.093055555555555558,True,1,"[""DEP_acl"", ""numerais""]",DEP_acl|numerais,True,True,True,0.3050500869620521,research_only,outside_review_top20,
ca280359f4b5,"[""DEP_amod_rate_alto"", ""DEP_ccomp_rate_baixo"", ""DEP_xcomp_rate_baixo""]",DEP_amod_rate_alto + DEP_ccomp_rate_baixo + DEP_xcomp_rate_baixo,"[""22558c848147"", ""66714702d130""]",66714702d130,134,0.093055555555555558,True,1,"[""DEP_ccomp"", ""DEP_xcomp"", ""adjetivacao""]",DEP_ccomp|DEP_xcomp|adjetivacao,False,True,True,0.3050500869620521,research_only,outside_review_top20,
dfb936b089dd,"[""DEP_acl:relcl_rate_baixo"", ""DEP_nmod_rate_alto"", ""POS_VERB_rate_baixo""]",DEP_acl:relcl_rate_baixo + DEP_nmod_rate_alto + POS_VERB_rate_baixo,"[""1cbf1764cdfa"", ""ee942acc5ef6""]",1cbf1764cdfa,134,0.093055555555555558,True,1,"[""DEP_acl:relcl"", ""DEP_nmod"", ""POS_VERB""]",DEP_acl:relcl|DEP_nmod|POS_VERB,False,True,True,0.3050500869620521,research_only,outside_review_top20,
f294053424b2,"[""DEP_ccomp_rate_baixo"", ""DEP_nsubj_rate_baixo"", ""POS_PRON_rate_baixo""]",DEP_ccomp_rate_baixo + DEP_nsubj_rate_baixo + POS_PRON_rate_baixo,"[""27ce67299da0"", ""5e06e3b1b794""]",27ce67299da0,134,0.093055555555555558,True,1,"[""DEP_ccomp"", ""DEP_nsubj"", ""POS_PRON""]",DEP_ccomp|DEP_nsubj|POS_PRON,False,False,True,0.3050500869620521,research_only,outside_review_top20,
f9d95d15ef83,"[""DEP_acl:relcl_rate_baixo"", ""POS_NUM_rate_alto"", ""POS_PRON_rate_baixo""]",DEP_acl:relcl_rate_baixo + POS_NUM_rate_alto + POS_PRON_rate_baixo,"[""a7616feda517"", ""c2980be21940""]",c2980be21940,134,0.093055555555555558,True,1,"[""DEP_acl:relcl"", ""POS_PRON"", ""numerais""]",DEP_acl:relcl|POS_PRON|numerais,False,True,True,0.3050500869620521,research_only,outside_review_top20,
ad03aad2e19f,"[""DEP_advcl_rate_baixo"", ""DEP_aux:pass_rate_baixo"", ""DEP_obl_rate_baixo""]",DEP_advcl_rate_baixo + DEP_aux:pass_rate_baixo + DEP_obl_rate_baixo,"[""551172ae9e6d""]",551172ae9e6d,158,0.10972222222222222,True,0.92000000000000004,"[""DEP_advcl"", ""DEP_obl"", ""auxiliares""]",DEP_advcl|DEP_obl|auxiliares,False,True,True,0.30474397268672748,research_only,outside_review_top20,
0af316dc866a,"[""DEP_case_rate_alto"", ""DEP_nmod_rate_alto"", ""POS_VERB_rate_baixo""]",DEP_case_rate_alto + DEP_nmod_rate_alto + POS_VERB_rate_baixo,"[""561a56b33518"", ""c131e3d1cbe2"", ""e5c112d2dc83""]",c131e3d1cbe2,145,0.10069444444444445,True,0.95999999999999996,"[""DEP_nmod"", ""POS_VERB"", ""relacoes_preposicionais""]",DEP_nmod|POS_VERB|relacoes_preposicionais,False,True,True,0.30463092423455629,research_only,outside_review_top20,
390ed792fbd1,"[""DEP_cop_rate_baixo"", ""DEP_xcomp_rate_baixo"", ""POS_NOUN_rate_alto""]",DEP_cop_rate_baixo + DEP_xcomp_rate_baixo + POS_NOUN_rate_alto,"[""078c0b86ed41"", ""685d4692106d""]",685d4692106d,139,0.096527777777777782,True,0.97999999999999998,"[""DEP_cop"", ""DEP_xcomp"", ""POS_NOUN""]",DEP_cop|DEP_xcomp|POS_NOUN,False,True,True,0.30447541407768502,research_only,outside_review_top20,
b7a610bdf519,"[""DEP_mark_rate_alto"", ""DEP_nummod_rate_baixo"", ""POS_ADP_rate_baixo""]",DEP_mark_rate_alto + DEP_nummod_rate_baixo + POS_ADP_rate_baixo,"[""537c7bd6573c"", ""ebbfa37dc80a""]",ebbfa37dc80a,139,0.096527777777777782,True,0.97999999999999998,"[""numerais"", ""relacoes_preposicionais"", ""subordinacao""]",numerais|relacoes_preposicionais|subordinacao,False,True,True,0.30447541407768502,research_only,outside_review_top20,
2b2127a86052,"[""DEP_nsubj:pass_rate_baixo"", ""POS_ADP_rate_baixo"", ""POS_VERB_rate_alto""]",DEP_nsubj:pass_rate_baixo + POS_ADP_rate_baixo + POS_VERB_rate_alto,"[""055d5e1ae31c"", ""778cd23507cd"", ""d9d9d3b06198""]",d9d9d3b06198,151,0.10486111111111111,True,0.93999999999999995,"[""DEP_nsubj:pass"", ""POS_VERB"", ""relacoes_preposicionais""]",DEP_nsubj:pass|POS_VERB|relacoes_preposicionais,False,True,True,0.30439329456769865,research_only,outside_review_top20,
549f34437f05,"[""DEP_ccomp_rate_baixo"", ""DEP_cop_rate_baixo"", ""POS_PROPN_rate_alto""]",DEP_ccomp_rate_baixo + DEP_cop_rate_baixo + POS_PROPN_rate_alto,"[""258d8a07b18c"", ""e332f7eac72e""]",258d8a07b18c,151,0.10486111111111111,True,0.93999999999999995,"[""DEP_ccomp"", ""DEP_cop"", ""POS_PROPN""]",DEP_ccomp|DEP_cop|POS_PROPN,False,True,True,0.30439329456769865,research_only,outside_review_top20,
ab2596088bef,"[""DEP_acl:relcl_rate_baixo"", ""DEP_ccomp_rate_baixo"", ""DEP_det_rate_baixo""]",DEP_acl:relcl_rate_baixo + DEP_ccomp_rate_baixo + DEP_det_rate_baixo,"[""040cee389761""]",040cee389761,136,0.094444444444444442,True,0.98999999999999999,"[""DEP_acl:relcl"", ""DEP_ccomp"", ""determinacao""]",DEP_acl:relcl|DEP_ccomp|determinacao,False,True,True,0.30424496709066529,research_only,outside_review_top20,
ab35c17afc2f,"[""DEP_advcl_rate_baixo"", ""DEP_nummod_rate_baixo"", ""POS_PRON_rate_alto""]",DEP_advcl_rate_baixo + DEP_nummod_rate_baixo + POS_PRON_rate_alto,"[""5108b02f0570""]",5108b02f0570,136,0.094444444444444442,True,0.98999999999999999,"[""DEP_advcl"", ""POS_PRON"", ""numerais""]",DEP_advcl|POS_PRON|numerais,False,True,True,0.30424496709066529,research_only,outside_review_top20,
b7bcf9f16a3a,"[""DEP_aux:pass_rate_baixo"", ""DEP_obj_rate_alto"", ""POS_ADP_rate_baixo""]",DEP_aux:pass_rate_baixo + DEP_obj_rate_alto + POS_ADP_rate_baixo,"[""b2d9aa69d298""]",b2d9aa69d298,136,0.094444444444444442,True,0.98999999999999999,"[""DEP_obj"", ""auxiliares"", ""relacoes_preposicionais""]",DEP_obj|auxiliares|relacoes_preposicionais,False,True,True,0.30424496709066529,research_only,outside_review_top20,
f22e7547b0ec,"[""DEP_advcl_rate_baixo"", ""DEP_aux:pass_rate_baixo"", ""uppercaseRatio_alto""]",DEP_advcl_rate_baixo + DEP_aux:pass_rate_baixo + uppercaseRatio_alto,"[""99ff9c79d99d""]",99ff9c79d99d,176,0.12222222222222222,True,0.87,"[""DEP_advcl"", ""auxiliares"", ""uppercaseRatio""]",DEP_advcl|auxiliares|uppercaseRatio,False,True,True,0.30415456596934393,research_only,outside_review_top20,
8f3e4f1d3dee,"[""POS_ADP_rate_alto"", ""POS_SCONJ_rate_baixo""]",POS_ADP_rate_alto + POS_SCONJ_rate_baixo,"[""36217c3a8a32""]",36217c3a8a32,180,0.125,True,0.85999999999999999,"[""relacoes_preposicionais"", ""subordinacao""]",relacoes_preposicionais|subordinacao,False,True,True,0.30405591591021547,research_only,outside_review_top20,
097a62ba1033,"[""DEP_ccomp_rate_baixo"", ""DEP_obl_rate_alto"", ""POS_SCONJ_rate_baixo""]",DEP_ccomp_rate_baixo + DEP_obl_rate_alto + POS_SCONJ_rate_baixo,"[""b56152459964"", ""d61472262572""]",b56152459964,133,0.092361111111111116,True,1,"[""DEP_ccomp"", ""DEP_obl"", ""subordinacao""]",DEP_ccomp|DEP_obl|subordinacao,False,True,True,0.30390970881350782,research_only,outside_review_top20,
0edef69732b1,"[""DEP_ccomp_rate_baixo"", ""DEP_mark_rate_baixo"", ""DEP_nummod_rate_alto""]",DEP_ccomp_rate_baixo + DEP_mark_rate_baixo + DEP_nummod_rate_alto,"[""3192acd958a4"", ""a36fc6310800""]",a36fc6310800,133,0.092361111111111116,True,1,"[""DEP_ccomp"", ""numerais"", ""subordinacao""]",DEP_ccomp|numerais|subordinacao,False,True,True,0.30390970881350782,research_only,outside_review_top20,
15eeabc916bc,"[""DEP_conj_rate_alto"", ""POS_CCONJ_rate_alto"", ""uppercaseRatio_baixo""]",DEP_conj_rate_alto + POS_CCONJ_rate_alto + uppercaseRatio_baixo,"[""057f5eb17666"", ""94eec968b16d""]",94eec968b16d,133,0.092361111111111116,True,1,"[""coordenacao"", ""uppercaseRatio""]",coordenacao|uppercaseRatio,True,True,True,0.30390970881350782,research_only,outside_review_top20,
30076b8c1e47,"[""DEP_cc_rate_alto"", ""DEP_conj_rate_alto"", ""DEP_xcomp_rate_baixo""]",DEP_cc_rate_alto + DEP_conj_rate_alto + DEP_xcomp_rate_baixo,"[""5c4af315c83c"", ""c1271ca594ba"", ""cc02afd54203""]",5c4af315c83c,133,0.092361111111111116,True,1,"[""DEP_xcomp"", ""coordenacao""]",DEP_xcomp|coordenacao,True,True,True,0.30390970881350782,research_only,outside_review_top20,
32b689278fbf,"[""DEP_acl_rate_baixo"", ""DEP_ccomp_rate_baixo"", ""DEP_nsubj_rate_baixo""]",DEP_acl_rate_baixo + DEP_ccomp_rate_baixo + DEP_nsubj_rate_baixo,"[""28e56b9c051b""]",28e56b9c051b,133,0.092361111111111116,True,1,"[""DEP_acl"", ""DEP_ccomp"", ""DEP_nsubj""]",DEP_acl|DEP_ccomp|DEP_nsubj,False,True,True,0.30390970881350782,research_only,outside_review_top20,
3d944a8c12ad,"[""DEP_flat:name_rate_alto"", ""POS_NOUN_rate_baixo"", ""POS_PROPN_rate_alto""]",DEP_flat:name_rate_alto + POS_NOUN_rate_baixo + POS_PROPN_rate_alto,"[""3bd5b83cf807"", ""ae043ae58ce4""]",ae043ae58ce4,133,0.092361111111111116,True,1,"[""DEP_flat:name"", ""POS_NOUN"", ""POS_PROPN""]",DEP_flat:name|POS_NOUN|POS_PROPN,False,True,True,0.30390970881350782,research_only,outside_review_top20,
47ed974fbfef,"[""DEP_xcomp_rate_baixo"", ""POS_ADP_rate_alto"", ""POS_VERB_rate_baixo""]",DEP_xcomp_rate_baixo + POS_ADP_rate_alto + POS_VERB_rate_baixo,"[""39625fd3ce7a"", ""6c72d1a27313""]",6c72d1a27313,133,0.092361111111111116,True,1,"[""DEP_xcomp"", ""POS_VERB"", ""relacoes_preposicionais""]",DEP_xcomp|POS_VERB|relacoes_preposicionais,False,True,True,0.30390970881350782,research_only,outside_review_top20,
690a7839d4a6,"[""DEP_advcl_rate_baixo"", ""DEP_obj_rate_baixo"", ""POS_VERB_rate_baixo""]",DEP_advcl_rate_baixo + DEP_obj_rate_baixo + POS_VERB_rate_baixo,"[""2ecdeb5efa23"", ""67ea8cfa0d8f""]",67ea8cfa0d8f,133,0.092361111111111116,True,1,"[""DEP_advcl"", ""DEP_obj"", ""POS_VERB""]",DEP_advcl|DEP_obj|POS_VERB,False,False,True,0.30390970881350782,research_only,outside_review_top20,
70080dd3fe44,"[""DEP_acl_rate_baixo"", ""DEP_amod_rate_alto"", ""POS_ADJ_rate_alto""]",DEP_acl_rate_baixo + DEP_amod_rate_alto + POS_ADJ_rate_alto,"[""09ff985343b4"", ""0a4868ade101""]",09ff985343b4,133,0.092361111111111116,True,1,"[""DEP_acl"", ""adjetivacao""]",DEP_acl|adjetivacao,True,True,True,0.30390970881350782,research_only,outside_review_top20,
815e0de96089,"[""DEP_det_rate_baixo"", ""POS_ADV_rate_baixo"", ""POS_DET_rate_baixo""]",DEP_det_rate_baixo + POS_ADV_rate_baixo + POS_DET_rate_baixo,"[""4ebc3b0f52ad"", ""c047ee7f2690""]",4ebc3b0f52ad,133,0.092361111111111116,True,1,"[""determinacao"", ""modificacao_adverbial""]",determinacao|modificacao_adverbial,True,True,True,0.30390970881350782,research_only,outside_review_top20,
a7038f338fb0,"[""DEP_acl:relcl_rate_baixo"", ""POS_AUX_rate_baixo"", ""POS_PRON_rate_baixo""]",DEP_acl:relcl_rate_baixo + POS_AUX_rate_baixo + POS_PRON_rate_baixo,"[""b7cb03775372"", ""eac3cb812bc3""]",b7cb03775372,133,0.092361111111111116,True,1,"[""DEP_acl:relcl"", ""POS_PRON"", ""auxiliares""]",DEP_acl:relcl|POS_PRON|auxiliares,False,True,True,0.30390970881350782,research_only,outside_review_top20,
e61be4904371,"[""DEP_acl_rate_baixo"", ""DEP_nummod_rate_baixo"", ""POS_ADP_rate_baixo""]",DEP_acl_rate_baixo + DEP_nummod_rate_baixo + POS_ADP_rate_baixo,"[""6a9b6648c8a0""]",6a9b6648c8a0,133,0.092361111111111116,True,1,"[""DEP_acl"", ""numerais"", ""relacoes_preposicionais""]",DEP_acl|numerais|relacoes_preposicionais,False,True,True,0.30390970881350782,research_only,outside_review_top20,
7148ba190623,"[""DEP_acl:relcl_rate_baixo"", ""DEP_advcl_rate_baixo"", ""DEP_flat:name_rate_alto""]",DEP_acl:relcl_rate_baixo + DEP_advcl_rate_baixo + DEP_flat:name_rate_alto,"[""4f2fdd2ccd8b"", ""88d2dbda01c0""]",88d2dbda01c0,164,0.11388888888888889,True,0.90000000000000002,"[""DEP_acl:relcl"", ""DEP_advcl"", ""DEP_flat:name""]",DEP_acl:relcl|DEP_advcl|DEP_flat:name,False,True,True,0.30372685096974877,research_only,outside_review_top20,
bc5ed1be345f,"[""DEP_acl:relcl_rate_alto"", ""DEP_advcl_rate_baixo"", ""DEP_nummod_rate_baixo""]",DEP_acl:relcl_rate_alto + DEP_advcl_rate_baixo + DEP_nummod_rate_baixo,"[""e76db40b8972"", ""f01e5ab12d87""]",f01e5ab12d87,147,0.10208333333333333,True,0.94999999999999996,"[""DEP_acl:relcl"", ""DEP_advcl"", ""numerais""]",DEP_acl:relcl|DEP_advcl|numerais,False,True,True,0.3035295839507795,research_only,outside_review_top20,
e5698168dc81,"[""DEP_advcl_rate_baixo"", ""DEP_nummod_rate_baixo"", ""POS_AUX_rate_alto""]",DEP_advcl_rate_baixo + DEP_nummod_rate_baixo + POS_AUX_rate_alto,"[""715e897bad7b""]",715e897bad7b,141,0.097916666666666666,True,0.96999999999999997,"[""DEP_advcl"", ""auxiliares"", ""numerais""]",DEP_advcl|auxiliares|numerais,False,True,True,0.30352889758088381,research_only,outside_review_top20,
056ddd832e6d,"[""DEP_acl_rate_baixo"", ""DEP_nsubj:pass_rate_baixo"", ""POS_ADP_rate_baixo""]",DEP_acl_rate_baixo + DEP_nsubj:pass_rate_baixo + POS_ADP_rate_baixo,"[""0e41eba34001""]",0e41eba34001,150,0.10416666666666667,True,0.93999999999999995,"[""DEP_acl"", ""DEP_nsubj:pass"", ""relacoes_preposicionais""]",DEP_acl|DEP_nsubj:pass|relacoes_preposicionais,False,True,True,0.30338369545291433,research_only,outside_review_top20,
a8b38a97f77d,"[""DEP_advcl_rate_baixo"", ""DEP_ccomp_rate_baixo"", ""diversidade_baixo""]",DEP_advcl_rate_baixo + DEP_ccomp_rate_baixo + diversidade_baixo,"[""d638798b4791""]",d638798b4791,150,0.10416666666666667,True,0.93999999999999995,"[""DEP_advcl"", ""DEP_ccomp"", ""diversidade""]",DEP_advcl|DEP_ccomp|diversidade,False,False,True,0.30338369545291433,research_only,outside_review_top20,
ba59e88a94cd,"[""DEP_acl_rate_baixo"", ""DEP_aux:pass_rate_baixo"", ""diversidade_baixo""]",DEP_acl_rate_baixo + DEP_aux:pass_rate_baixo + diversidade_baixo,"[""a02cd5b0a8cd""]",a02cd5b0a8cd,138,0.09583333333333334,True,0.97999999999999998,"[""DEP_acl"", ""auxiliares"", ""diversidade""]",DEP_acl|auxiliares|diversidade,False,True,True,0.30337820180977626,research_only,outside_review_top20,
9f7a3fabf2fe,"[""DEP_aux:pass_rate_baixo"", ""POS_SCONJ_rate_baixo"", ""POS_VERB_rate_baixo""]",DEP_aux:pass_rate_baixo + POS_SCONJ_rate_baixo + POS_VERB_rate_baixo,"[""937760017b6c""]",937760017b6c,153,0.10625,True,0.93000000000000005,"[""POS_VERB"", ""auxiliares"", ""subordinacao""]",POS_VERB|auxiliares|subordinacao,False,True,True,0.30314291184192316,research_only,outside_review_top20,
2da693458152,"[""DEP_ccomp_rate_baixo"", ""DEP_mark_rate_baixo"", ""DEP_obl_rate_alto""]",DEP_ccomp_rate_baixo + DEP_mark_rate_baixo + DEP_obl_rate_alto,"[""01e8cd3647fa"", ""9941ae59990e""]",01e8cd3647fa,135,0.09375,True,0.98999999999999999,"[""DEP_ccomp"", ""DEP_obl"", ""subordinacao""]",DEP_ccomp|DEP_obl|subordinacao,False,True,True,0.30312435566941826,research_only,outside_review_top20,
d7a9113301a2,"[""DEP_aux:pass_rate_baixo"", ""DEP_mark_rate_alto"", ""POS_NUM_rate_baixo""]",DEP_aux:pass_rate_baixo + DEP_mark_rate_alto + POS_NUM_rate_baixo,"[""5af02bde341a""]",5af02bde341a,135,0.09375,True,0.98999999999999999,"[""auxiliares"", ""numerais"", ""subordinacao""]",auxiliares|numerais|subordinacao,False,True,True,0.30312435566941826,research_only,outside_review_top20,
017dbb5295ff,"[""DEP_cop_rate_baixo"", ""POS_AUX_rate_baixo"", ""POS_PRON_rate_baixo""]",DEP_cop_rate_baixo + POS_AUX_rate_baixo + POS_PRON_rate_baixo,"[""4e1fda2a48a2""]",4e1fda2a48a2,132,0.09166666666666666,True,1,"[""DEP_cop"", ""POS_PRON"", ""auxiliares""]",DEP_cop|POS_PRON|auxiliares,False,True,True,0.30276503540974914,research_only,outside_review_top20,
04854707b920,"[""DEP_aux:pass_rate_baixo"", ""POS_AUX_rate_baixo"", ""POS_NOUN_rate_alto""]",DEP_aux:pass_rate_baixo + POS_AUX_rate_baixo + POS_NOUN_rate_alto,"[""d6ddf8e4ea46""]",d6ddf8e4ea46,132,0.09166666666666666,True,1,"[""POS_NOUN"", ""auxiliares""]",POS_NOUN|auxiliares,True,True,True,0.30276503540974914,research_only,outside_review_top20,
115bdd9b6fbe,"[""DEP_aux:pass_rate_baixo"", ""POS_DET_rate_alto"", ""POS_NUM_rate_baixo""]",DEP_aux:pass_rate_baixo + POS_DET_rate_alto + POS_NUM_rate_baixo,"[""3cc3b79f0869"", ""acaf288c086d""]",3cc3b79f0869,132,0.09166666666666666,True,1,"[""auxiliares"", ""determinacao"", ""numerais""]",auxiliares|determinacao|numerais,False,True,True,0.30276503540974914,research_only,outside_review_top20,
25ef943e1335,"[""DEP_aux:pass_rate_baixo"", ""DEP_nsubj_rate_alto"", ""POS_ADP_rate_baixo""]",DEP_aux:pass_rate_baixo + DEP_nsubj_rate_alto + POS_ADP_rate_baixo,"[""77b0e1ddbc25"", ""e131d5c17ce6""]",77b0e1ddbc25,132,0.09166666666666666,True,1,"[""DEP_nsubj"", ""auxiliares"", ""relacoes_preposicionais""]",DEP_nsubj|auxiliares|relacoes_preposicionais,False,True,True,0.30276503540974914,research_only,outside_review_top20,
6eee1e72bb3a,"[""DEP_advcl_rate_baixo"", ""DEP_nummod_rate_baixo"", ""DEP_obj_rate_baixo""]",DEP_advcl_rate_baixo + DEP_nummod_rate_baixo + DEP_obj_rate_baixo,"[""ee3768658be7""]",ee3768658be7,132,0.09166666666666666,True,1,"[""DEP_advcl"", ""DEP_obj"", ""numerais""]",DEP_advcl|DEP_obj|numerais,False,True,True,0.30276503540974914,research_only,outside_review_top20,
8cb83b562b91,"[""DEP_cc_rate_alto"", ""DEP_mark_rate_baixo"", ""POS_SCONJ_rate_baixo""]",DEP_cc_rate_alto + DEP_mark_rate_baixo + POS_SCONJ_rate_baixo,"[""419afe3982a7"", ""cbf912cace8b""]",419afe3982a7,132,0.09166666666666666,True,1,"[""coordenacao"", ""subordinacao""]",coordenacao|subordinacao,True,True,True,0.30276503540974914,research_only,outside_review_top20,
d8e99fae62e8,"[""DEP_nsubj:pass_rate_baixo"", ""POS_AUX_rate_baixo"", ""POS_NOUN_rate_alto""]",DEP_nsubj:pass_rate_baixo + POS_AUX_rate_baixo + POS_NOUN_rate_alto,"[""359428f79103""]",359428f79103,132,0.09166666666666666,True,1,"[""DEP_nsubj:pass"", ""POS_NOUN"", ""auxiliares""]",DEP_nsubj:pass|POS_NOUN|auxiliares,False,True,True,0.30276503540974914,research_only,outside_review_top20,
f8d5ed04bb01,"[""DEP_ccomp_rate_baixo"", ""DEP_xcomp_rate_baixo"", ""POS_NOUN_rate_alto""]",DEP_ccomp_rate_baixo + DEP_xcomp_rate_baixo + POS_NOUN_rate_alto,"[""c2e8cd058a41"", ""f25602ae54f6""]",f25602ae54f6,132,0.09166666666666666,True,1,"[""DEP_ccomp"", ""DEP_xcomp"", ""POS_NOUN""]",DEP_ccomp|DEP_xcomp|POS_NOUN,False,True,True,0.30276503540974914,research_only,outside_review_top20,
0eb1e5abfd6d,"[""DEP_acl_rate_alto"", ""DEP_nsubj:pass_rate_baixo"", ""POS_NUM_rate_baixo""]",DEP_acl_rate_alto + DEP_nsubj:pass_rate_baixo + POS_NUM_rate_baixo,"[""bcff6c88b2e4""]",bcff6c88b2e4,146,0.10138888888888889,True,0.94999999999999996,"[""DEP_acl"", ""DEP_nsubj:pass"", ""numerais""]",DEP_acl|DEP_nsubj:pass|numerais,False,True,True,0.30249540859692764,research_only,outside_review_top20,
43210ff8e982,"[""DEP_advcl_rate_baixo"", ""DEP_nsubj:pass_rate_baixo"", ""POS_ADP_rate_baixo""]",DEP_advcl_rate_baixo + DEP_nsubj:pass_rate_baixo + POS_ADP_rate_baixo,"[""5ac959c022bf""]",5ac959c022bf,140,0.097222222222222224,True,0.96999999999999997,"[""DEP_advcl"", ""DEP_nsubj:pass"", ""relacoes_preposicionais""]",DEP_advcl|DEP_nsubj:pass|relacoes_preposicionais,False,True,True,0.3024506387642269,research_only,outside_review_top20,
77c9ab66f7be,"[""DEP_cop_rate_baixo"", ""DEP_nmod_rate_alto"", ""DEP_nummod_rate_baixo""]",DEP_cop_rate_baixo + DEP_nmod_rate_alto + DEP_nummod_rate_baixo,"[""15d24fb2fdf3""]",15d24fb2fdf3,140,0.097222222222222224,True,0.96999999999999997,"[""DEP_cop"", ""DEP_nmod"", ""numerais""]",DEP_cop|DEP_nmod|numerais,False,True,True,0.3024506387642269,research_only,outside_review_top20,
d6635cace712,"[""DEP_aux:pass_rate_baixo"", ""DEP_cop_rate_baixo"", ""POS_NOUN_rate_alto""]",DEP_aux:pass_rate_baixo + DEP_cop_rate_baixo + POS_NOUN_rate_alto,"[""5a341d45a163""]",5a341d45a163,159,0.11041666666666666,True,0.91000000000000003,"[""DEP_cop"", ""POS_NOUN"", ""auxiliares""]",DEP_cop|POS_NOUN|auxiliares,False,True,True,0.30238393090021609,research_only,outside_review_top20,
4f151e215711,"[""DEP_acl:relcl_rate_baixo"", ""DEP_aux:pass_rate_baixo"", ""DEP_cop_rate_alto""]",DEP_acl:relcl_rate_baixo + DEP_aux:pass_rate_baixo + DEP_cop_rate_alto,"[""64c2dab6eaec""]",64c2dab6eaec,149,0.10347222222222222,True,0.93999999999999995,"[""DEP_acl:relcl"", ""DEP_cop"", ""auxiliares""]",DEP_acl:relcl|DEP_cop|auxiliares,False,True,True,0.30237072536136095,research_only,outside_review_top20,
a1486f776020,"[""DEP_acl:relcl_rate_baixo"", ""DEP_advcl_rate_baixo"", ""POS_NUM_rate_alto""]",DEP_acl:relcl_rate_baixo + DEP_advcl_rate_baixo + POS_NUM_rate_alto,"[""b0dd4d1e1bae"", ""e18de91386a1""]",e18de91386a1,137,0.095138888888888884,True,0.97999999999999998,"[""DEP_acl:relcl"", ""DEP_advcl"", ""numerais""]",DEP_acl:relcl|DEP_advcl|numerais,False,True,True,0.30227700688092191,research_only,outside_review_top20,
d84a905b347c,"[""DEP_aux:pass_rate_baixo"", ""DEP_ccomp_rate_alto"", ""DEP_nsubj_rate_alto""]",DEP_aux:pass_rate_baixo + DEP_ccomp_rate_alto + DEP_nsubj_rate_alto,"[""516a21e022dc""]",516a21e022dc,137,0.095138888888888884,True,0.97999999999999998,"[""DEP_ccomp"", ""DEP_nsubj"", ""auxiliares""]",DEP_ccomp|DEP_nsubj|auxiliares,False,True,True,0.30227700688092191,research_only,outside_review_top20,
6c7c42c552f4,"[""DEP_ccomp_rate_baixo"", ""DEP_mark_rate_baixo"", ""DEP_obj_rate_baixo""]",DEP_ccomp_rate_baixo + DEP_mark_rate_baixo + DEP_obj_rate_baixo,"[""39e5016af944"", ""78c16b62731d""]",78c16b62731d,134,0.093055555555555558,True,0.98999999999999999,"[""DEP_ccomp"", ""DEP_obj"", ""subordinacao""]",DEP_ccomp|DEP_obj|subordinacao,False,True,True,0.3019995860924316,research_only,outside_review_top20,
ff7e9887737d,"[""DEP_case_rate_alto"", ""DEP_cc_rate_baixo"", ""POS_ADP_rate_alto""]",DEP_case_rate_alto + DEP_cc_rate_baixo + POS_ADP_rate_alto,"[""16365c21293b"", ""62eaaf070561""]",16365c21293b,134,0.093055555555555558,True,0.98999999999999999,"[""coordenacao"", ""relacoes_preposicionais""]",coordenacao|relacoes_preposicionais,True,True,True,0.3019995860924316,research_only,outside_review_top20,
d70f2208f412,"[""DEP_advcl_rate_baixo"", ""DEP_cc_rate_alto"", ""DEP_ccomp_rate_baixo""]",DEP_advcl_rate_baixo + DEP_cc_rate_alto + DEP_ccomp_rate_baixo,"[""1d3766fa33f6"", ""e683ba1b00b8""]",e683ba1b00b8,162,0.1125,True,0.90000000000000002,"[""DEP_advcl"", ""DEP_ccomp"", ""coordenacao""]",DEP_advcl|DEP_ccomp|coordenacao,False,True,True,0.30186917696247162,research_only,outside_review_top20,
1683e201219b,"[""DEP_case_rate_baixo"", ""DEP_obl_rate_baixo"", ""POS_ADP_rate_baixo""]",DEP_case_rate_baixo + DEP_obl_rate_baixo + POS_ADP_rate_baixo,"[""1d221b3d868d"", ""88be7c6ac1aa""]",88be7c6ac1aa,131,0.090972222222222218,True,1,"[""DEP_obl"", ""relacoes_preposicionais""]",DEP_obl|relacoes_preposicionais,True,True,True,0.30161601784756431,research_only,outside_review_top20,
2dfd26ee1b62,"[""DEP_acl:relcl_rate_baixo"", ""DEP_advmod_rate_baixo"", ""DEP_nmod_rate_alto""]",DEP_acl:relcl_rate_baixo + DEP_advmod_rate_baixo + DEP_nmod_rate_alto,"[""e04d7d3afde4""]",e04d7d3afde4,131,0.090972222222222218,True,1,"[""DEP_acl:relcl"", ""DEP_nmod"", ""modificacao_adverbial""]",DEP_acl:relcl|DEP_nmod|modificacao_adverbial,False,True,True,0.30161601784756431,research_only,outside_review_top20,
3830d87f5836,"[""DEP_ccomp_rate_baixo"", ""DEP_nummod_rate_alto"", ""POS_SCONJ_rate_baixo""]",DEP_ccomp_rate_baixo + DEP_nummod_rate_alto + POS_SCONJ_rate_baixo,"[""27c9e36608d3"", ""657b14564d23""]",657b14564d23,131,0.090972222222222218,True,1,"[""DEP_ccomp"", ""numerais"", ""subordinacao""]",DEP_ccomp|numerais|subordinacao,False,True,True,0.30161601784756431,research_only,outside_review_top20,
73b042234a90,"[""DEP_ccomp_rate_baixo"", ""POS_PROPN_rate_alto"", ""POS_SCONJ_rate_baixo""]",DEP_ccomp_rate_baixo + POS_PROPN_rate_alto + POS_SCONJ_rate_baixo,"[""a6fb671c8826"", ""e037141851bd""]",e037141851bd,131,0.090972222222222218,True,1,"[""DEP_ccomp"", ""POS_PROPN"", ""subordinacao""]",DEP_ccomp|POS_PROPN|subordinacao,False,True,True,0.30161601784756431,research_only,outside_review_top20,
76dae1414846,"[""DEP_aux:pass_rate_baixo"", ""DEP_obj_rate_alto"", ""DEP_xcomp_rate_baixo""]",DEP_aux:pass_rate_baixo + DEP_obj_rate_alto + DEP_xcomp_rate_baixo,"[""5338ace017eb""]",5338ace017eb,131,0.090972222222222218,True,1,"[""DEP_obj"", ""DEP_xcomp"", ""auxiliares""]",DEP_obj|DEP_xcomp|auxiliares,False,True,True,0.30161601784756431,research_only,outside_review_top20,
7ecb1e5e466d,"[""DEP_acl_rate_baixo"", ""DEP_nummod_rate_baixo"", ""DEP_xcomp_rate_alto""]",DEP_acl_rate_baixo + DEP_nummod_rate_baixo + DEP_xcomp_rate_alto,"[""6dd669335b2b""]",6dd669335b2b,131,0.090972222222222218,True,1,"[""DEP_acl"", ""DEP_xcomp"", ""numerais""]",DEP_acl|DEP_xcomp|numerais,False,True,True,0.30161601784756431,research_only,outside_review_top20,
7f14fd9320ec,"[""DEP_mark_rate_baixo"", ""POS_NUM_rate_baixo"", ""POS_SCONJ_rate_baixo""]",DEP_mark_rate_baixo + POS_NUM_rate_baixo + POS_SCONJ_rate_baixo,"[""59766adca4a5"", ""a279a46a5b10""]",59766adca4a5,131,0.090972222222222218,True,1,"[""numerais"", ""subordinacao""]",numerais|subordinacao,True,True,True,0.30161601784756431,research_only,outside_review_top20,
973f424f822e,"[""DEP_advcl_rate_baixo"", ""DEP_nummod_rate_alto"", ""DEP_xcomp_rate_baixo""]",DEP_advcl_rate_baixo + DEP_nummod_rate_alto + DEP_xcomp_rate_baixo,"[""495f7d7b8210"", ""95a832726f97""]",95a832726f97,131,0.090972222222222218,True,1,"[""DEP_advcl"", ""DEP_xcomp"", ""numerais""]",DEP_advcl|DEP_xcomp|numerais,False,True,True,0.30161601784756431,research_only,outside_review_top20,
bf8b293e1b51,"[""DEP_appos_rate_alto"", ""DEP_ccomp_rate_baixo"", ""DEP_xcomp_rate_baixo""]",DEP_appos_rate_alto + DEP_ccomp_rate_baixo + DEP_xcomp_rate_baixo,"[""d4435bc216fb"", ""f50cb9f09a16""]",d4435bc216fb,131,0.090972222222222218,True,1,"[""DEP_appos"", ""DEP_ccomp"", ""DEP_xcomp""]",DEP_appos|DEP_ccomp|DEP_xcomp,False,True,True,0.30161601784756431,research_only,outside_review_top20,
d0348446ae8d,"[""DEP_ccomp_rate_baixo"", ""DEP_flat:name_rate_alto"", ""POS_SCONJ_rate_baixo""]",DEP_ccomp_rate_baixo + DEP_flat:name_rate_alto + POS_SCONJ_rate_baixo,"[""5e751ac196bd"", ""baa034ac05bd""]",baa034ac05bd,131,0.090972222222222218,True,1,"[""DEP_ccomp"", ""DEP_flat:name"", ""subordinacao""]",DEP_ccomp|DEP_flat:name|subordinacao,False,True,True,0.30161601784756431,research_only,outside_review_top20,
da748b9d73d8,"[""DEP_acl:relcl_rate_baixo"", ""DEP_det_rate_alto"", ""DEP_nummod_rate_baixo""]",DEP_acl:relcl_rate_baixo + DEP_det_rate_alto + DEP_nummod_rate_baixo,"[""783f4032ea12""]",783f4032ea12,131,0.090972222222222218,True,1,"[""DEP_acl:relcl"", ""determinacao"", ""numerais""]",DEP_acl:relcl|determinacao|numerais,False,True,True,0.30161601784756431,research_only,outside_review_top20,
e4502054de66,"[""DEP_ccomp_rate_baixo"", ""POS_ADV_rate_baixo"", ""POS_SCONJ_rate_baixo""]",DEP_ccomp_rate_baixo + POS_ADV_rate_baixo + POS_SCONJ_rate_baixo,"[""4657c52dff0e"", ""99f36a9c8499""]",4657c52dff0e,131,0.090972222222222218,True,1,"[""DEP_ccomp"", ""modificacao_adverbial"", ""subordinacao""]",DEP_ccomp|modificacao_adverbial|subordinacao,False,True,True,0.30161601784756431,research_only,outside_review_top20,
7147ed399dc2,"[""DEP_amod_rate_alto"", ""DEP_aux:pass_rate_baixo"", ""DEP_xcomp_rate_baixo""]",DEP_amod_rate_alto + DEP_aux:pass_rate_baixo + DEP_xcomp_rate_baixo,"[""0a57f68754fb"", ""8f0e09bb27b5""]",8f0e09bb27b5,142,0.098611111111111108,True,0.95999999999999996,"[""DEP_xcomp"", ""adjetivacao"", ""auxiliares""]",DEP_xcomp|adjetivacao|auxiliares,False,True,True,0.30146309890266837,research_only,outside_review_top20,
4c13b591f177,"[""DEP_case_rate_alto"", ""DEP_cc_rate_baixo"", ""DEP_conj_rate_baixo""]",DEP_case_rate_alto + DEP_cc_rate_baixo + DEP_conj_rate_baixo,"[""c289bd1f3661"", ""c7a4430fd364""]",c7a4430fd364,139,0.096527777777777782,True,0.96999999999999997,"[""coordenacao"", ""relacoes_preposicionais""]",coordenacao|relacoes_preposicionais,True,True,True,0.30136852209730047,research_only,outside_review_top20,
ee0182ca4b71,"[""DEP_advcl_rate_baixo"", ""DEP_ccomp_rate_baixo"", ""DEP_obl_rate_alto""]",DEP_advcl_rate_baixo + DEP_ccomp_rate_baixo + DEP_obl_rate_alto,"[""f50572105113""]",f50572105113,148,0.10277777777777777,True,0.93999999999999995,"[""DEP_advcl"", ""DEP_ccomp"", ""DEP_obl""]",DEP_advcl|DEP_ccomp|DEP_obl,False,True,True,0.30135435029951774,research_only,outside_review_top20,
8986c1ce5b2f,"[""DEP_appos_rate_baixo"", ""POS_PROPN_rate_baixo"", ""uppercaseRatio_baixo""]",DEP_appos_rate_baixo + POS_PROPN_rate_baixo + uppercaseRatio_baixo,"[""0d92a92ad0f1"", ""3c43d2b8bfcc"", ""85bb639e96f2""]",3c43d2b8bfcc,136,0.094444444444444442,True,0.97999999999999998,"[""DEP_appos"", ""POS_PROPN"", ""uppercaseRatio""]",DEP_appos|POS_PROPN|uppercaseRatio,False,True,True,0.30117178560490099,research_only,outside_review_top20,
c28e8c7686d1,"[""DEP_advmod_rate_baixo"", ""DEP_flat:name_rate_alto"", ""POS_PROPN_rate_alto""]",DEP_advmod_rate_baixo + DEP_flat:name_rate_alto + POS_PROPN_rate_alto,"[""a441dc0daf7a"", ""e22b8b74f5e3""]",a441dc0daf7a,136,0.094444444444444442,True,0.97999999999999998,"[""DEP_flat:name"", ""POS_PROPN"", ""modificacao_adverbial""]",DEP_flat:name|POS_PROPN|modificacao_adverbial,False,True,True,0.30117178560490099,research_only,outside_review_top20,
1123ec93a6a7,"[""DEP_cc_rate_alto"", ""DEP_ccomp_rate_baixo"", ""POS_SCONJ_rate_baixo""]",DEP_cc_rate_alto + DEP_ccomp_rate_baixo + POS_SCONJ_rate_baixo,"[""2f07f925dcaf"", ""6aa9dddd31e5""]",6aa9dddd31e5,133,0.092361111111111116,True,0.98999999999999999,"[""DEP_ccomp"", ""coordenacao"", ""subordinacao""]",DEP_ccomp|coordenacao|subordinacao,False,True,True,0.30087061172537272,research_only,outside_review_top20,
dcc3129e9539,"[""DEP_acl:relcl_rate_baixo"", ""DEP_cop_rate_baixo"", ""diversidade_alto""]",DEP_acl:relcl_rate_baixo + DEP_cop_rate_baixo + diversidade_alto,"[""22303d43080a""]",22303d43080a,133,0.092361111111111116,True,0.98999999999999999,"[""DEP_acl:relcl"", ""DEP_cop"", ""diversidade""]",DEP_acl:relcl|DEP_cop|diversidade,False,True,True,0.30087061172537272,research_only,outside_review_top20,
6c67726738aa,"[""DEP_advmod_rate_baixo"", ""DEP_aux:pass_rate_baixo"", ""DEP_xcomp_rate_baixo""]",DEP_advmod_rate_baixo + DEP_aux:pass_rate_baixo + DEP_xcomp_rate_baixo,"[""cee00436ec8c""]",cee00436ec8c,176,0.12222222222222222,True,0.85999999999999999,"[""DEP_xcomp"", ""auxiliares"", ""modificacao_adverbial""]",DEP_xcomp|auxiliares|modificacao_adverbial,False,True,True,0.30065853647544344,research_only,outside_review_top20,
00ec879be9e1,"[""DEP_case_rate_alto"", ""DEP_xcomp_rate_baixo"", ""POS_VERB_rate_baixo""]",DEP_case_rate_alto + DEP_xcomp_rate_baixo + POS_VERB_rate_baixo,"[""8d718a2e08fb"", ""f551f1867883""]",8d718a2e08fb,130,0.090277777777777776,True,1,"[""DEP_xcomp"", ""POS_VERB"", ""relacoes_preposicionais""]",DEP_xcomp|POS_VERB|relacoes_preposicionais,False,True,True,0.30046260628866578,research_only,outside_review_top20,
03f0f1f4e393,"[""DEP_case_rate_alto"", ""DEP_cop_rate_baixo"", ""DEP_mark_rate_baixo""]",DEP_case_rate_alto + DEP_cop_rate_baixo + DEP_mark_rate_baixo,"[""19a266a5c839"", ""c1aa55623593""]",19a266a5c839,130,0.090277777777777776,True,1,"[""DEP_cop"", ""relacoes_preposicionais"", ""subordinacao""]",DEP_cop|relacoes_preposicionais|subordinacao,False,True,True,0.30046260628866578,research_only,outside_review_top20,
401b22292270,"[""DEP_nsubj:pass_rate_baixo"", ""POS_NUM_rate_baixo"", ""punctuationDensity_spacy_alto""]",DEP_nsubj:pass_rate_baixo + POS_NUM_rate_baixo + punctuationDensity_spacy_alto,"[""fd1f513b8ea4""]",fd1f513b8ea4,130,0.090277777777777776,True,1,"[""DEP_nsubj:pass"", ""numerais"", ""punctuationDensity_spacy""]",DEP_nsubj:pass|numerais|punctuationDensity_spacy,False,True,True,0.30046260628866578,research_only,outside_review_top20,
464b57a250c2,"[""DEP_acl:relcl_rate_baixo"", ""DEP_nummod_rate_alto"", ""DEP_xcomp_rate_baixo""]",DEP_acl:relcl_rate_baixo + DEP_nummod_rate_alto + DEP_xcomp_rate_baixo,"[""2cbef8937fdb"", ""9cce5349d13c""]",2cbef8937fdb,130,0.090277777777777776,True,1,"[""DEP_acl:relcl"", ""DEP_xcomp"", ""numerais""]",DEP_acl:relcl|DEP_xcomp|numerais,False,True,True,0.30046260628866578,research_only,outside_review_top20,
5061a7b505b7,"[""DEP_acl:relcl_rate_baixo"", ""DEP_xcomp_rate_baixo"", ""POS_NUM_rate_alto""]",DEP_acl:relcl_rate_baixo + DEP_xcomp_rate_baixo + POS_NUM_rate_alto,"[""05dc7dba16f2"", ""6b2ec54466c2""]",05dc7dba16f2,130,0.090277777777777776,True,1,"[""DEP_acl:relcl"", ""DEP_xcomp"", ""numerais""]",DEP_acl:relcl|DEP_xcomp|numerais,False,True,True,0.30046260628866578,research_only,outside_review_top20,
554b862772ed,"[""DEP_acl_rate_baixo"", ""DEP_advcl_rate_baixo"", ""POS_ADP_rate_alto""]",DEP_acl_rate_baixo + DEP_advcl_rate_baixo + POS_ADP_rate_alto,"[""855e2922f970""]",855e2922f970,130,0.090277777777777776,True,1,"[""DEP_acl"", ""DEP_advcl"", ""relacoes_preposicionais""]",DEP_acl|DEP_advcl|relacoes_preposicionais,False,True,True,0.30046260628866578,research_only,outside_review_top20,
6aba703665dc,"[""DEP_cop_rate_baixo"", ""DEP_xcomp_rate_baixo"", ""POS_NUM_rate_alto""]",DEP_cop_rate_baixo + DEP_xcomp_rate_baixo + POS_NUM_rate_alto,"[""2525d5c5ce8a"", ""f86ef6787399""]",f86ef6787399,130,0.090277777777777776,True,1,"[""DEP_cop"", ""DEP_xcomp"", ""numerais""]",DEP_cop|DEP_xcomp|numerais,False,True,True,0.30046260628866578,research_only,outside_review_top20,
6d3a0cafa30f,"[""DEP_advcl_rate_baixo"", ""DEP_advmod_rate_baixo"", ""DEP_case_rate_alto""]",DEP_advcl_rate_baixo + DEP_advmod_rate_baixo + DEP_case_rate_alto,"[""4248ecbbd6f7""]",4248ecbbd6f7,130,0.090277777777777776,True,1,"[""DEP_advcl"", ""modificacao_adverbial"", ""relacoes_preposicionais""]",DEP_advcl|modificacao_adverbial|relacoes_preposicionais,False,True,True,0.30046260628866578,research_only,outside_review_top20,
a8e25704f547,"[""DEP_case_rate_alto"", ""DEP_obl_rate_alto"", ""POS_ADP_rate_alto""]",DEP_case_rate_alto + DEP_obl_rate_alto + POS_ADP_rate_alto,"[""6f53e719c748"", ""a99e9a24a425""]",6f53e719c748,130,0.090277777777777776,True,1,"[""DEP_obl"", ""relacoes_preposicionais""]",DEP_obl|relacoes_preposicionais,True,True,True,0.30046260628866578,research_only,outside_review_top20,
45261be3b6ce,"[""DEP_advcl_rate_baixo"", ""DEP_case_rate_baixo"", ""DEP_nsubj:pass_rate_baixo""]",DEP_advcl_rate_baixo + DEP_case_rate_baixo + DEP_nsubj:pass_rate_baixo,"[""c8d6f31cad3e""]",c8d6f31cad3e,141,0.097916666666666666,True,0.95999999999999996,"[""DEP_advcl"", ""DEP_nsubj:pass"", ""relacoes_preposicionais""]",DEP_advcl|DEP_nsubj:pass|relacoes_preposicionais,False,True,True,0.30039973368829737,research_only,outside_review_top20,
6aad5e69e72c,"[""DEP_nmod_rate_baixo"", ""DEP_nsubj:pass_rate_baixo"", ""DEP_nsubj_rate_alto""]",DEP_nmod_rate_baixo + DEP_nsubj:pass_rate_baixo + DEP_nsubj_rate_alto,"[""32a5c95ad93e""]",32a5c95ad93e,141,0.097916666666666666,True,0.95999999999999996,"[""DEP_nmod"", ""DEP_nsubj"", ""DEP_nsubj:pass""]",DEP_nmod|DEP_nsubj|DEP_nsubj:pass,False,True,True,0.30039973368829737,research_only,outside_review_top20,
5ba7cf06e081,"[""DEP_xcomp_rate_baixo"", ""diversidade_baixo""]",DEP_xcomp_rate_baixo + diversidade_baixo,"[""05f9161fdd64""]",05f9161fdd64,193,0.13402777777777777,True,0.81999999999999995,"[""DEP_xcomp"", ""diversidade""]",DEP_xcomp|diversidade,False,True,True,0.30020039603201354,research_only,outside_review_top20,
ac9afba9cd74,"[""DEP_mark_rate_baixo"", ""POS_AUX_rate_baixo"", ""POS_SCONJ_rate_baixo""]",DEP_mark_rate_baixo + POS_AUX_rate_baixo + POS_SCONJ_rate_baixo,"[""3e9248201f27"", ""8b3f5939d356""]",3e9248201f27,135,0.09375,True,0.97999999999999998,"[""auxiliares"", ""subordinacao""]",auxiliares|subordinacao,True,True,True,0.30006249349093927,research_only,outside_review_top20,
391c1bc824a2,"[""DEP_advcl_rate_baixo"", ""DEP_amod_rate_alto"", ""DEP_aux:pass_rate_baixo""]",DEP_advcl_rate_baixo + DEP_amod_rate_alto + DEP_aux:pass_rate_baixo,"[""c11a1f98bc4d""]",c11a1f98bc4d,171,0.11874999999999999,True,0.87,"[""DEP_advcl"", ""adjetivacao"", ""auxiliares""]",DEP_advcl|adjetivacao|auxiliares,False,True,True,0.29980306035796228,research_only,outside_review_top20,
9216c4d9affe,"[""DEP_conj_rate_alto"", ""DEP_nsubj:pass_rate_baixo"", ""POS_NUM_rate_baixo""]",DEP_conj_rate_alto + DEP_nsubj:pass_rate_baixo + POS_NUM_rate_baixo,"[""0dab4e4aefed""]",0dab4e4aefed,132,0.09166666666666666,True,0.98999999999999999,"[""DEP_nsubj:pass"", ""coordenacao"", ""numerais""]",DEP_nsubj:pass|coordenacao|numerais,False,True,True,0.29973738505565167,research_only,outside_review_top20,
a9444d30a1fc,"[""DEP_nmod_rate_alto"", ""DEP_nummod_rate_baixo"", ""POS_ADP_rate_alto""]",DEP_nmod_rate_alto + DEP_nummod_rate_baixo + POS_ADP_rate_alto,"[""380a97d8cb3c"", ""b33550e1a18e""]",b33550e1a18e,132,0.09166666666666666,True,0.98999999999999999,"[""DEP_nmod"", ""numerais"", ""relacoes_preposicionais""]",DEP_nmod|numerais|relacoes_preposicionais,False,True,True,0.29973738505565167,research_only,outside_review_top20,
98fdd662134e,"[""DEP_appos_rate_baixo"", ""DEP_flat:name_rate_baixo"", ""DEP_nsubj:pass_rate_baixo""]",DEP_appos_rate_baixo + DEP_flat:name_rate_baixo + DEP_nsubj:pass_rate_baixo,"[""95e61658903c""]",95e61658903c,167,0.11597222222222223,True,0.88,"[""DEP_appos"", ""DEP_flat:name"", ""DEP_nsubj:pass""]",DEP_appos|DEP_flat:name|DEP_nsubj:pass,False,True,True,0.29968131221163741,research_only,outside_review_top20,
5a7ccfc138e8,"[""DEP_nsubj:pass_rate_baixo"", ""POS_NOUN_rate_alto"", ""uppercaseRatio_baixo""]",DEP_nsubj:pass_rate_baixo + POS_NOUN_rate_alto + uppercaseRatio_baixo,"[""5c19acd09d8c""]",5c19acd09d8c,140,0.097222222222222224,True,0.95999999999999996,"[""DEP_nsubj:pass"", ""POS_NOUN"", ""uppercaseRatio""]",DEP_nsubj:pass|POS_NOUN|uppercaseRatio,False,True,True,0.29933259094191528,research_only,outside_review_top20,
0b971c793f47,"[""DEP_advcl_rate_baixo"", ""DEP_nummod_rate_baixo"", ""POS_ADP_rate_alto""]",DEP_advcl_rate_baixo + DEP_nummod_rate_baixo + POS_ADP_rate_alto,"[""ca338e10cb7c""]",ca338e10cb7c,129,0.089583333333333334,True,1,"[""DEP_advcl"", ""numerais"", ""relacoes_preposicionais""]",DEP_advcl|numerais|relacoes_preposicionais,False,True,True,0.29930474993446621,research_only,outside_review_top20,
35eafbc81720,"[""DEP_ccomp_rate_baixo"", ""DEP_flat:name_rate_alto"", ""DEP_mark_rate_baixo""]",DEP_ccomp_rate_baixo + DEP_flat:name_rate_alto + DEP_mark_rate_baixo,"[""53f356008c68"", ""c6cff90df1be""]",53f356008c68,129,0.089583333333333334,True,1,"[""DEP_ccomp"", ""DEP_flat:name"", ""subordinacao""]",DEP_ccomp|DEP_flat:name|subordinacao,False,True,True,0.29930474993446621,research_only,outside_review_top20,
5e8d46804180,"[""DEP_advcl_rate_baixo"", ""DEP_mark_rate_baixo"", ""POS_PRON_rate_baixo""]",DEP_advcl_rate_baixo + DEP_mark_rate_baixo + POS_PRON_rate_baixo,"[""4ec769578a51""]",4ec769578a51,129,0.089583333333333334,True,1,"[""DEP_advcl"", ""POS_PRON"", ""subordinacao""]",DEP_advcl|POS_PRON|subordinacao,False,True,True,0.29930474993446621,research_only,outside_review_top20,
670fcffb2a73,"[""DEP_conj_rate_baixo"", ""POS_CCONJ_rate_baixo"", ""POS_NUM_rate_baixo""]",DEP_conj_rate_baixo + POS_CCONJ_rate_baixo + POS_NUM_rate_baixo,"[""0246afa440b8"", ""e02c73378ded""]",e02c73378ded,129,0.089583333333333334,True,1,"[""coordenacao"", ""numerais""]",coordenacao|numerais,True,True,True,0.29930474993446621,research_only,outside_review_top20,
6be29990168f,"[""DEP_cc_rate_alto"", ""POS_CCONJ_rate_alto"", ""POS_SCONJ_rate_baixo""]",DEP_cc_rate_alto + POS_CCONJ_rate_alto + POS_SCONJ_rate_baixo,"[""4378e0f466dc"", ""d7b8b27e9818""]",4378e0f466dc,129,0.089583333333333334,True,1,"[""coordenacao"", ""subordinacao""]",coordenacao|subordinacao,True,True,True,0.29930474993446621,research_only,outside_review_top20,
8d96f6327645,"[""DEP_advcl_rate_baixo"", ""DEP_mark_rate_baixo"", ""DEP_obj_rate_baixo""]",DEP_advcl_rate_baixo + DEP_mark_rate_baixo + DEP_obj_rate_baixo,"[""49fbdbd00326""]",49fbdbd00326,129,0.089583333333333334,True,1,"[""DEP_advcl"", ""DEP_obj"", ""subordinacao""]",DEP_advcl|DEP_obj|subordinacao,False,True,True,0.29930474993446621,research_only,outside_review_top20,
a380e8b03713,"[""DEP_ccomp_rate_baixo"", ""DEP_mark_rate_baixo"", ""POS_PROPN_rate_alto""]",DEP_ccomp_rate_baixo + DEP_mark_rate_baixo + POS_PROPN_rate_alto,"[""58e5bcdb478e"", ""9ebf9371f130""]",9ebf9371f130,129,0.089583333333333334,True,1,"[""DEP_ccomp"", ""POS_PROPN"", ""subordinacao""]",DEP_ccomp|POS_PROPN|subordinacao,False,True,True,0.29930474993446621,research_only,outside_review_top20,
994490a7aa3e,"[""DEP_acl_rate_alto"", ""DEP_advmod_rate_baixo"", ""POS_ADV_rate_baixo""]",DEP_acl_rate_alto + DEP_advmod_rate_baixo + POS_ADV_rate_baixo,"[""c9b467f5583f"", ""e395ad6ac224""]",c9b467f5583f,134,0.093055555555555558,True,0.97999999999999998,"[""DEP_acl"", ""modificacao_adverbial""]",DEP_acl|modificacao_adverbial,True,True,True,0.29894908522281105,research_only,outside_review_top20,
153314efa936,"[""DEP_cop_rate_baixo"", ""POS_AUX_rate_baixo"", ""POS_NOUN_rate_alto""]",DEP_cop_rate_baixo + POS_AUX_rate_baixo + POS_NOUN_rate_alto,"[""1dd0b0fffd0f"", ""6d00458d938b""]",6d00458d938b,131,0.090972222222222218,True,0.98999999999999999,"[""DEP_cop"", ""POS_NOUN"", ""auxiliares""]",DEP_cop|POS_NOUN|auxiliares,False,True,True,0.29859985766908864,research_only,outside_review_top20,
3da6bea601e8,"[""DEP_acl_rate_baixo"", ""DEP_case_rate_alto"", ""DEP_cop_rate_baixo""]",DEP_acl_rate_baixo + DEP_case_rate_alto + DEP_cop_rate_baixo,"[""66860717741b""]",66860717741b,131,0.090972222222222218,True,0.98999999999999999,"[""DEP_acl"", ""DEP_cop"", ""relacoes_preposicionais""]",DEP_acl|DEP_cop|relacoes_preposicionais,False,True,True,0.29859985766908864,research_only,outside_review_top20,
c2bba13f48c5,"[""DEP_aux:pass_rate_baixo"", ""DEP_cop_rate_alto"", ""DEP_xcomp_rate_baixo""]",DEP_aux:pass_rate_baixo + DEP_cop_rate_alto + DEP_xcomp_rate_baixo,"[""37f73d0cb251""]",37f73d0cb251,131,0.090972222222222218,True,0.98999999999999999,"[""DEP_cop"", ""DEP_xcomp"", ""auxiliares""]",DEP_cop|DEP_xcomp|auxiliares,False,True,True,0.29859985766908864,research_only,outside_review_top20,
c61632b60838,"[""DEP_nummod_rate_baixo"", ""POS_SCONJ_rate_alto"", ""POS_VERB_rate_alto""]",DEP_nummod_rate_baixo + POS_SCONJ_rate_alto + POS_VERB_rate_alto,"[""1683512cc0d0""]",1683512cc0d0,131,0.090972222222222218,True,0.98999999999999999,"[""POS_VERB"", ""numerais"", ""subordinacao""]",POS_VERB|numerais|subordinacao,False,True,True,0.29859985766908864,research_only,outside_review_top20,
db9a969f6c8b,"[""DEP_amod_rate_alto"", ""DEP_ccomp_rate_baixo"", ""uppercaseRatio_baixo""]",DEP_amod_rate_alto + DEP_ccomp_rate_baixo + uppercaseRatio_baixo,"[""a4a0ab32082c"", ""a8f9652488ca""]",a4a0ab32082c,131,0.090972222222222218,True,0.98999999999999999,"[""DEP_ccomp"", ""adjetivacao"", ""uppercaseRatio""]",DEP_ccomp|adjetivacao|uppercaseRatio,False,False,True,0.29859985766908864,research_only,outside_review_top20,
f9609a42e17f,"[""DEP_advcl_rate_baixo"", ""DEP_xcomp_rate_baixo"", ""diversidade_baixo""]",DEP_advcl_rate_baixo + DEP_xcomp_rate_baixo + diversidade_baixo,"[""14b6f2e66270"", ""871aafcd57c8""]",14b6f2e66270,131,0.090972222222222218,True,0.98999999999999999,"[""DEP_advcl"", ""DEP_xcomp"", ""diversidade""]",DEP_advcl|DEP_xcomp|diversidade,False,True,True,0.29859985766908864,research_only,outside_review_top20,
0e9afe790b32,"[""DEP_cc_rate_alto"", ""DEP_ccomp_rate_baixo"", ""DEP_xcomp_rate_baixo""]",DEP_cc_rate_alto + DEP_ccomp_rate_baixo + DEP_xcomp_rate_baixo,"[""672b1169efd3"", ""b420eba68ddc""]",672b1169efd3,128,0.088888888888888892,True,1,"[""DEP_ccomp"", ""DEP_xcomp"", ""coordenacao""]",DEP_ccomp|DEP_xcomp|coordenacao,False,True,True,0.29814239699997197,research_only,outside_review_top20,
11b339a7537d,"[""DEP_nsubj:pass_rate_baixo"", ""POS_ADP_rate_alto"", ""POS_AUX_rate_baixo""]",DEP_nsubj:pass_rate_baixo + POS_ADP_rate_alto + POS_AUX_rate_baixo,"[""7805329696d8"", ""7c8569b63919""]",7c8569b63919,128,0.088888888888888892,True,1,"[""DEP_nsubj:pass"", ""auxiliares"", ""relacoes_preposicionais""]",DEP_nsubj:pass|auxiliares|relacoes_preposicionais,False,True,True,0.29814239699997197,research_only,outside_review_top20,
1cc31151f14e,"[""DEP_aux:pass_rate_baixo"", ""POS_ADP_rate_alto"", ""POS_AUX_rate_baixo""]",DEP_aux:pass_rate_baixo + POS_ADP_rate_alto + POS_AUX_rate_baixo,"[""595b7c45675a"", ""b87d44f4ab61""]",b87d44f4ab61,128,0.088888888888888892,True,1,"[""auxiliares"", ""relacoes_preposicionais""]",auxiliares|relacoes_preposicionais,True,True,True,0.29814239699997197,research_only,outside_review_top20,
1e6924635ada,"[""DEP_aux:pass_rate_baixo"", ""DEP_nummod_rate_baixo"", ""POS_VERB_rate_baixo""]",DEP_aux:pass_rate_baixo + DEP_nummod_rate_baixo + POS_VERB_rate_baixo,"[""937b2e4491eb""]",937b2e4491eb,128,0.088888888888888892,True,1,"[""POS_VERB"", ""auxiliares"", ""numerais""]",POS_VERB|auxiliares|numerais,False,True,True,0.29814239699997197,research_only,outside_review_top20,
a876bb3aaca2,"[""DEP_advcl_rate_baixo"", ""DEP_mark_rate_baixo"", ""POS_ADV_rate_baixo""]",DEP_advcl_rate_baixo + DEP_mark_rate_baixo + POS_ADV_rate_baixo,"[""5f3bf25468f5"", ""8f81b93f0b9a""]",8f81b93f0b9a,128,0.088888888888888892,True,1,"[""DEP_advcl"", ""modificacao_adverbial"", ""subordinacao""]",DEP_advcl|modificacao_adverbial|subordinacao,False,True,True,0.29814239699997197,research_only,outside_review_top20,
c74abf8c6bbe,"[""DEP_conj_rate_alto"", ""DEP_xcomp_rate_baixo"", ""POS_CCONJ_rate_alto""]",DEP_conj_rate_alto + DEP_xcomp_rate_baixo + POS_CCONJ_rate_alto,"[""05152f74d4c3"", ""16984d32fd7f"", ""5f9c4214bbbf""]",05152f74d4c3,128,0.088888888888888892,True,1,"[""DEP_xcomp"", ""coordenacao""]",DEP_xcomp|coordenacao,True,True,True,0.29814239699997197,research_only,outside_review_top20,
e596a6e23cef,"[""DEP_nummod_rate_baixo"", ""POS_DET_rate_alto"", ""uppercaseRatio_baixo""]",DEP_nummod_rate_baixo + POS_DET_rate_alto + uppercaseRatio_baixo,"[""278f8faea946"", ""4f449d270b35""]",4f449d270b35,128,0.088888888888888892,True,1,"[""determinacao"", ""numerais"", ""uppercaseRatio""]",determinacao|numerais|uppercaseRatio,False,True,True,0.29814239699997197,research_only,outside_review_top20,
fbdd38d6b778,"[""DEP_mark_rate_baixo"", ""POS_SCONJ_rate_baixo"", ""diversidade_baixo""]",DEP_mark_rate_baixo + POS_SCONJ_rate_baixo + diversidade_baixo,"[""3fc342638bba"", ""521bedbea8e7""]",521bedbea8e7,136,0.094444444444444442,True,0.96999999999999997,"[""diversidade"", ""subordinacao""]",diversidade|subordinacao,True,True,True,0.29809860411913669,research_only,outside_review_top20,
1c8df18885b1,"[""DEP_acl_rate_baixo"", ""DEP_nmod_rate_alto"", ""DEP_xcomp_rate_baixo""]",DEP_acl_rate_baixo + DEP_nmod_rate_alto + DEP_xcomp_rate_baixo,"[""c9693345ea26""]",c9693345ea26,133,0.092361111111111116,True,0.97999999999999998,"[""DEP_acl"", ""DEP_nmod"", ""DEP_xcomp""]",DEP_acl|DEP_nmod|DEP_xcomp,False,True,True,0.29783151463723767,research_only,outside_review_top20,
f383154a97c4,"[""DEP_acl:relcl_rate_baixo"", ""DEP_nummod_rate_baixo"", ""POS_ADP_rate_baixo""]",DEP_acl:relcl_rate_baixo + DEP_nummod_rate_baixo + POS_ADP_rate_baixo,"[""dec2bf7367d7""]",dec2bf7367d7,133,0.092361111111111116,True,0.97999999999999998,"[""DEP_acl:relcl"", ""numerais"", ""relacoes_preposicionais""]",DEP_acl:relcl|numerais|relacoes_preposicionais,False,True,True,0.29783151463723767,research_only,outside_review_top20,
8515233b6e01,"[""DEP_mark_rate_baixo"", ""POS_ADP_rate_alto""]",DEP_mark_rate_baixo + POS_ADP_rate_alto,"[""d69e200fa152""]",d69e200fa152,181,0.12569444444444444,True,0.83999999999999997,"[""relacoes_preposicionais"", ""subordinacao""]",relacoes_preposicionais|subordinacao,False,True,True,0.29780866340655704,research_only,outside_review_top20,
9f2a139b8003,"[""DEP_advmod_rate_baixo"", ""DEP_ccomp_rate_baixo"", ""DEP_nmod_rate_alto""]",DEP_advmod_rate_baixo + DEP_ccomp_rate_baixo + DEP_nmod_rate_alto,"[""50a98f05af9e""]",50a98f05af9e,130,0.090277777777777776,True,0.98999999999999999,"[""DEP_ccomp"", ""DEP_nmod"", ""modificacao_adverbial""]",DEP_ccomp|DEP_nmod|modificacao_adverbial,False,True,True,0.29745798022577913,research_only,outside_review_top20,
e21ea14b0a77,"[""DEP_acl_rate_baixo"", ""DEP_nummod_rate_baixo"", ""POS_SCONJ_rate_alto""]",DEP_acl_rate_baixo + DEP_nummod_rate_baixo + POS_SCONJ_rate_alto,"[""71f32c31f930""]",71f32c31f930,130,0.090277777777777776,True,0.98999999999999999,"[""DEP_acl"", ""numerais"", ""subordinacao""]",DEP_acl|numerais|subordinacao,False,True,True,0.29745798022577913,research_only,outside_review_top20,
bfc423dbfc34,"[""DEP_ccomp_rate_baixo"", ""DEP_nummod_rate_baixo"", ""POS_PROPN_rate_alto""]",DEP_ccomp_rate_baixo + DEP_nummod_rate_baixo + POS_PROPN_rate_alto,"[""5d8da1b18e87""]",5d8da1b18e87,144,0.10000000000000001,True,0.93999999999999995,"[""DEP_ccomp"", ""POS_PROPN"", ""numerais""]",DEP_ccomp|POS_PROPN|numerais,False,True,True,0.29725410005582764,research_only,outside_review_top20,
1b3f4f270812,"[""DEP_appos_rate_baixo"", ""DEP_aux:pass_rate_baixo"", ""POS_PROPN_rate_baixo""]",DEP_appos_rate_baixo + DEP_aux:pass_rate_baixo + POS_PROPN_rate_baixo,"[""403cf692bed8""]",403cf692bed8,138,0.09583333333333334,True,0.95999999999999996,"[""DEP_appos"", ""POS_PROPN"", ""auxiliares""]",DEP_appos|POS_PROPN|auxiliares,False,True,True,0.29718680993610735,research_only,outside_review_top20,
1bd6a1ce28aa,"[""DEP_cc_rate_alto"", ""DEP_ccomp_rate_baixo"", ""DEP_mark_rate_baixo""]",DEP_cc_rate_alto + DEP_ccomp_rate_baixo + DEP_mark_rate_baixo,"[""4fdee0e4e713"", ""7b2bed2f0431""]",4fdee0e4e713,127,0.08819444444444445,True,1,"[""DEP_ccomp"", ""coordenacao"", ""subordinacao""]",DEP_ccomp|coordenacao|subordinacao,False,True,True,0.29697549468675771,research_only,outside_review_top20,
231bbfa80568,"[""DEP_ccomp_rate_baixo"", ""POS_ADJ_rate_alto"", ""uppercaseRatio_baixo""]",DEP_ccomp_rate_baixo + POS_ADJ_rate_alto + uppercaseRatio_baixo,"[""0f7cc5beef0a"", ""bdbbd0a85df4""]",0f7cc5beef0a,127,0.08819444444444445,True,1,"[""DEP_ccomp"", ""adjetivacao"", ""uppercaseRatio""]",DEP_ccomp|adjetivacao|uppercaseRatio,False,False,True,0.29697549468675771,research_only,outside_review_top20,
5edf7c77fa4a,"[""DEP_cop_rate_baixo"", ""POS_ADP_rate_alto"", ""POS_AUX_rate_baixo""]",DEP_cop_rate_baixo + POS_ADP_rate_alto + POS_AUX_rate_baixo,"[""adb9e2bc5725"", ""c456fa4b38f0""]",c456fa4b38f0,127,0.08819444444444445,True,1,"[""DEP_cop"", ""auxiliares"", ""relacoes_preposicionais""]",DEP_cop|auxiliares|relacoes_preposicionais,False,True,True,0.29697549468675771,research_only,outside_review_top20,
744ae52c860e,"[""DEP_acl:relcl_rate_alto"", ""DEP_ccomp_rate_baixo"", ""POS_PRON_rate_alto""]",DEP_acl:relcl_rate_alto + DEP_ccomp_rate_baixo + POS_PRON_rate_alto,"[""3ca9bd7766f5"", ""bf746e8f2261"", ""f4acb10f2482""]",3ca9bd7766f5,127,0.08819444444444445,True,1,"[""DEP_acl:relcl"", ""DEP_ccomp"", ""POS_PRON""]",DEP_acl:relcl|DEP_ccomp|POS_PRON,False,True,True,0.29697549468675771,research_only,outside_review_top20,
883638ecf871,"[""DEP_ccomp_rate_baixo"", ""DEP_xcomp_rate_baixo"", ""POS_PROPN_rate_alto""]",DEP_ccomp_rate_baixo + DEP_xcomp_rate_baixo + POS_PROPN_rate_alto,"[""300da1f173ef"", ""7b6052a10dbc""]",300da1f173ef,127,0.08819444444444445,True,1,"[""DEP_ccomp"", ""DEP_xcomp"", ""POS_PROPN""]",DEP_ccomp|DEP_xcomp|POS_PROPN,False,True,True,0.29697549468675771,research_only,outside_review_top20,
a6b2a5e00180,"[""DEP_flat:name_rate_alto"", ""DEP_nummod_rate_baixo"", ""DEP_xcomp_rate_baixo""]",DEP_flat:name_rate_alto + DEP_nummod_rate_baixo + DEP_xcomp_rate_baixo,"[""2852d4a99996"", ""bcce52dfbe83""]",2852d4a99996,127,0.08819444444444445,True,1,"[""DEP_flat:name"", ""DEP_xcomp"", ""numerais""]",DEP_flat:name|DEP_xcomp|numerais,False,True,True,0.29697549468675771,research_only,outside_review_top20,
46ef9bf99e22,"[""DEP_aux:pass_rate_baixo"", ""DEP_xcomp_rate_baixo"", ""POS_ADJ_rate_alto""]",DEP_aux:pass_rate_baixo + DEP_xcomp_rate_baixo + POS_ADJ_rate_alto,"[""bdf7f6952433""]",bdf7f6952433,132,0.09166666666666666,True,0.97999999999999998,"[""DEP_xcomp"", ""adjetivacao"", ""auxiliares""]",DEP_xcomp|adjetivacao|auxiliares,False,True,True,0.29670973470155415,research_only,outside_review_top20,
d038f2337898,"[""DEP_acl:relcl_rate_baixo"", ""DEP_appos_rate_alto"", ""POS_PROPN_rate_alto""]",DEP_acl:relcl_rate_baixo + DEP_appos_rate_alto + POS_PROPN_rate_alto,"[""024268f946ce"", ""4a91cbb286af"", ""53b74ce3ee8b""]",4a91cbb286af,132,0.09166666666666666,True,0.97999999999999998,"[""DEP_acl:relcl"", ""DEP_appos"", ""POS_PROPN""]",DEP_acl:relcl|DEP_appos|POS_PROPN,False,True,True,0.29670973470155415,research_only,outside_review_top20,
e0ba0db027c5,"[""DEP_acl_rate_baixo"", ""DEP_mark_rate_alto"", ""DEP_nummod_rate_baixo""]",DEP_acl_rate_baixo + DEP_mark_rate_alto + DEP_nummod_rate_baixo,"[""3d01644f2ea7""]",3d01644f2ea7,132,0.09166666666666666,True,0.97999999999999998,"[""DEP_acl"", ""numerais"", ""subordinacao""]",DEP_acl|numerais|subordinacao,False,True,True,0.29670973470155415,research_only,outside_review_top20,
d570096e5536,"[""DEP_acl:relcl_rate_baixo"", ""DEP_mark_rate_alto"", ""DEP_nsubj:pass_rate_baixo""]",DEP_acl:relcl_rate_baixo + DEP_mark_rate_alto + DEP_nsubj:pass_rate_baixo,"[""8dd0281ca1fd""]",8dd0281ca1fd,198,0.13750000000000001,True,0.80000000000000004,"[""DEP_acl:relcl"", ""DEP_nsubj:pass"", ""subordinacao""]",DEP_acl:relcl|DEP_nsubj:pass|subordinacao,False,True,True,0.29664793948382656,research_only,outside_review_top20,
7dae3aca6c95,"[""DEP_det_rate_alto"", ""DEP_nmod_rate_baixo"", ""POS_DET_rate_alto""]",DEP_det_rate_alto + DEP_nmod_rate_baixo + POS_DET_rate_alto,"[""2ef26037c9dd"", ""722538d6783e""]",2ef26037c9dd,129,0.089583333333333334,True,0.98999999999999999,"[""DEP_nmod"", ""determinacao""]",DEP_nmod|determinacao,True,True,True,0.29631170243512156,research_only,outside_review_top20,
ad2bcdd960d5,"[""DEP_ccomp_rate_baixo"", ""DEP_nmod_rate_alto"", ""DEP_nsubj_rate_baixo""]",DEP_ccomp_rate_baixo + DEP_nmod_rate_alto + DEP_nsubj_rate_baixo,"[""f4fd7efa537a""]",f4fd7efa537a,129,0.089583333333333334,True,0.98999999999999999,"[""DEP_ccomp"", ""DEP_nmod"", ""DEP_nsubj""]",DEP_ccomp|DEP_nmod|DEP_nsubj,False,True,True,0.29631170243512156,research_only,outside_review_top20,
957e27eb5351,"[""DEP_nsubj:pass_rate_baixo"", ""POS_NUM_rate_baixo"", ""POS_VERB_rate_alto""]",DEP_nsubj:pass_rate_baixo + POS_NUM_rate_baixo + POS_VERB_rate_alto,"[""db3e97fd9a6b""]",db3e97fd9a6b,156,0.10833333333333334,True,0.90000000000000002,"[""DEP_nsubj:pass"", ""POS_VERB"", ""numerais""]",DEP_nsubj:pass|POS_VERB|numerais,False,True,True,0.29622626487197251,research_only,outside_review_top20,
3bc3359ffd3a,"[""DEP_aux:pass_rate_baixo"", ""DEP_det_rate_alto"", ""uppercaseRatio_baixo""]",DEP_aux:pass_rate_baixo + DEP_det_rate_alto + uppercaseRatio_baixo,"[""2b80b0cb75eb"", ""721e8328a1c1""]",721e8328a1c1,143,0.09930555555555555,True,0.93999999999999995,"[""auxiliares"", ""determinacao"", ""uppercaseRatio""]",auxiliares|determinacao|uppercaseRatio,False,True,True,0.29622016961862818,research_only,outside_review_top20,
f953343fe42d,"[""DEP_acl_rate_baixo"", ""DEP_cop_rate_baixo"", ""POS_ADV_rate_baixo""]",DEP_acl_rate_baixo + DEP_cop_rate_baixo + POS_ADV_rate_baixo,"[""fb1cd413d6f9""]",fb1cd413d6f9,140,0.097222222222222224,True,0.94999999999999996,"[""DEP_acl"", ""DEP_cop"", ""modificacao_adverbial""]",DEP_acl|DEP_cop|modificacao_adverbial,False,True,True,0.29621454311960366,research_only,outside_review_top20,
47b8bb33fa38,"[""DEP_advcl_rate_baixo"", ""DEP_cop_rate_baixo"", ""DEP_obl_rate_alto""]",DEP_advcl_rate_baixo + DEP_cop_rate_baixo + DEP_obl_rate_alto,"[""a6b2dd9d8422""]",a6b2dd9d8422,146,0.10138888888888889,True,0.93000000000000005,"[""DEP_advcl"", ""DEP_cop"", ""DEP_obl""]",DEP_advcl|DEP_cop|DEP_obl,False,True,True,0.29612708420541339,research_only,outside_review_top20,
6996a03662a0,"[""DEP_appos_rate_baixo"", ""DEP_nsubj:pass_rate_baixo"", ""POS_PROPN_rate_baixo""]",DEP_appos_rate_baixo + DEP_nsubj:pass_rate_baixo + POS_PROPN_rate_baixo,"[""02aca0d80bd4""]",02aca0d80bd4,146,0.10138888888888889,True,0.93000000000000005,"[""DEP_appos"", ""DEP_nsubj:pass"", ""POS_PROPN""]",DEP_appos|DEP_nsubj:pass|POS_PROPN,False,True,True,0.29612708420541339,research_only,outside_review_top20,
ade990db916c,"[""DEP_advcl_rate_baixo"", ""DEP_conj_rate_alto"", ""DEP_nummod_rate_baixo""]",DEP_advcl_rate_baixo + DEP_conj_rate_alto + DEP_nummod_rate_baixo,"[""88655aac0739""]",88655aac0739,146,0.10138888888888889,True,0.93000000000000005,"[""DEP_advcl"", ""coordenacao"", ""numerais""]",DEP_advcl|coordenacao|numerais,False,True,True,0.29612708420541339,research_only,outside_review_top20,
ce9426f4f1e9,"[""DEP_case_rate_alto"", ""DEP_nmod_rate_alto"", ""POS_SCONJ_rate_baixo""]",DEP_case_rate_alto + DEP_nmod_rate_alto + POS_SCONJ_rate_baixo,"[""639a9a5502cd"", ""e9c1410fc791"", ""f3f4a594c584""]",639a9a5502cd,134,0.093055555555555558,True,0.96999999999999997,"[""DEP_nmod"", ""relacoes_preposicionais"", ""subordinacao""]",DEP_nmod|relacoes_preposicionais|subordinacao,False,True,True,0.29589858435319055,research_only,outside_review_top20,
19fbbbbab1a8,"[""DEP_acl_rate_baixo"", ""DEP_cop_rate_alto"", ""DEP_nummod_rate_baixo""]",DEP_acl_rate_baixo + DEP_cop_rate_alto + DEP_nummod_rate_baixo,"[""493ec80cc46b"", ""5ba0a109a333""]",5ba0a109a333,126,0.087499999999999994,True,1,"[""DEP_acl"", ""DEP_cop"", ""numerais""]",DEP_acl|DEP_cop|numerais,False,True,True,0.2958039891549808,research_only,outside_review_top20,
77554b256422,"[""DEP_cop_rate_baixo"", ""DEP_nsubj_rate_baixo"", ""POS_PRON_rate_baixo""]",DEP_cop_rate_baixo + DEP_nsubj_rate_baixo + POS_PRON_rate_baixo,"[""d2fa0361bdb3"", ""e8f761d66401""]",e8f761d66401,126,0.087499999999999994,True,1,"[""DEP_cop"", ""DEP_nsubj"", ""POS_PRON""]",DEP_cop|DEP_nsubj|POS_PRON,False,True,True,0.2958039891549808,research_only,outside_review_top20,
bb4ed6a6da3a,"[""DEP_ccomp_rate_baixo"", ""POS_NUM_rate_alto"", ""POS_SCONJ_rate_baixo""]",DEP_ccomp_rate_baixo + POS_NUM_rate_alto + POS_SCONJ_rate_baixo,"[""8dab88f61636"", ""ffc93ce09d1b""]",8dab88f61636,126,0.087499999999999994,True,1,"[""DEP_ccomp"", ""numerais"", ""subordinacao""]",DEP_ccomp|numerais|subordinacao,False,True,True,0.2958039891549808,research_only,outside_review_top20,
fc1f18a728cd,"[""DEP_cc_rate_alto"", ""DEP_conj_rate_alto"", ""POS_NUM_rate_baixo""]",DEP_cc_rate_alto + DEP_conj_rate_alto + POS_NUM_rate_baixo,"[""081b9a5f890d"", ""e5bc94495391""]",e5bc94495391,126,0.087499999999999994,True,1,"[""coordenacao"", ""numerais""]",coordenacao|numerais,True,True,True,0.2958039891549808,research_only,outside_review_top20,
2fa4bcae0d4d,"[""DEP_ccomp_rate_alto"", ""DEP_nsubj_rate_alto"", ""DEP_nummod_rate_baixo""]",DEP_ccomp_rate_alto + DEP_nsubj_rate_alto + DEP_nummod_rate_baixo,"[""fa70918c2dde""]",fa70918c2dde,131,0.090972222222222218,True,0.97999999999999998,"[""DEP_ccomp"", ""DEP_nsubj"", ""numerais""]",DEP_ccomp|DEP_nsubj|numerais,False,True,True,0.29558369749061303,research_only,outside_review_top20,
97ae16bcca9a,"[""DEP_aux:pass_rate_baixo"", ""DEP_cop_rate_baixo"", ""DEP_nsubj_rate_alto""]",DEP_aux:pass_rate_baixo + DEP_cop_rate_baixo + DEP_nsubj_rate_alto,"[""a56fb9dc855c""]",a56fb9dc855c,131,0.090972222222222218,True,0.97999999999999998,"[""DEP_cop"", ""DEP_nsubj"", ""auxiliares""]",DEP_cop|DEP_nsubj|auxiliares,False,True,True,0.29558369749061303,research_only,outside_review_top20,
b02828c2aba7,"[""DEP_acl:relcl_rate_baixo"", ""DEP_ccomp_rate_baixo"", ""DEP_obj_rate_baixo""]",DEP_acl:relcl_rate_baixo + DEP_ccomp_rate_baixo + DEP_obj_rate_baixo,"[""2755e1bf7bee""]",2755e1bf7bee,131,0.090972222222222218,True,0.97999999999999998,"[""DEP_acl:relcl"", ""DEP_ccomp"", ""DEP_obj""]",DEP_acl:relcl|DEP_ccomp|DEP_obj,False,True,True,0.29558369749061303,research_only,outside_review_top20,
2c2578f149b4,"[""DEP_aux:pass_rate_alto"", ""DEP_cc_rate_baixo"", ""POS_CCONJ_rate_baixo""]",DEP_aux:pass_rate_alto + DEP_cc_rate_baixo + POS_CCONJ_rate_baixo,"[""6e93b0c9e955"", ""d7c115daaab3""]",6e93b0c9e955,128,0.088888888888888892,True,0.98999999999999999,"[""auxiliares"", ""coordenacao""]",auxiliares|coordenacao,True,True,True,0.29516097302997224,research_only,outside_review_top20,
351ba576f37e,"[""DEP_cc_rate_baixo"", ""DEP_flat:name_rate_alto"", ""POS_CCONJ_rate_baixo""]",DEP_cc_rate_baixo + DEP_flat:name_rate_alto + POS_CCONJ_rate_baixo,"[""2604978bdc6b"", ""cac0e6c8a5a7""]",cac0e6c8a5a7,128,0.088888888888888892,True,0.98999999999999999,"[""DEP_flat:name"", ""coordenacao""]",DEP_flat:name|coordenacao,True,True,True,0.29516097302997224,research_only,outside_review_top20,
68906027a454,"[""DEP_acl:relcl_rate_baixo"", ""DEP_acl_rate_baixo"", ""POS_PROPN_rate_alto""]",DEP_acl:relcl_rate_baixo + DEP_acl_rate_baixo + POS_PROPN_rate_alto,"[""fedaf482ebe6""]",fedaf482ebe6,128,0.088888888888888892,True,0.98999999999999999,"[""DEP_acl"", ""DEP_acl:relcl"", ""POS_PROPN""]",DEP_acl|DEP_acl:relcl|POS_PROPN,False,True,True,0.29516097302997224,research_only,outside_review_top20,
2db0f6c217a4,"[""DEP_acl:relcl_rate_baixo"", ""DEP_cop_rate_baixo"", ""DEP_xcomp_rate_alto""]",DEP_acl:relcl_rate_baixo + DEP_cop_rate_baixo + DEP_xcomp_rate_alto,"[""03ea43b04e1d""]",03ea43b04e1d,136,0.094444444444444442,True,0.95999999999999996,"[""DEP_acl:relcl"", ""DEP_cop"", ""DEP_xcomp""]",DEP_acl:relcl|DEP_cop|DEP_xcomp,False,True,True,0.29502542263337239,research_only,outside_review_top20,
a4583da77878,"[""DEP_advmod_rate_alto"", ""DEP_nsubj:pass_rate_baixo"", ""uppercaseRatio_baixo""]",DEP_advmod_rate_alto + DEP_nsubj:pass_rate_baixo + uppercaseRatio_baixo,"[""122ba23756e6""]",122ba23756e6,158,0.10972222222222222,True,0.89000000000000001,"[""DEP_nsubj:pass"", ""modificacao_adverbial"", ""uppercaseRatio""]",DEP_nsubj:pass|modificacao_adverbial|uppercaseRatio,False,True,True,0.29480666922955157,research_only,outside_review_top20,
ead200545e95,"[""DEP_appos_rate_alto"", ""DEP_ccomp_rate_baixo"", ""DEP_nummod_rate_baixo""]",DEP_appos_rate_alto + DEP_ccomp_rate_baixo + DEP_nummod_rate_baixo,"[""16bcaefa46d7""]",16bcaefa46d7,158,0.10972222222222222,True,0.89000000000000001,"[""DEP_appos"", ""DEP_ccomp"", ""numerais""]",DEP_appos|DEP_ccomp|numerais,False,True,True,0.29480666922955157,research_only,outside_review_top20,
27a636072294,"[""DEP_acl_rate_baixo"", ""DEP_advcl_rate_alto"", ""DEP_nummod_rate_baixo""]",DEP_acl_rate_baixo + DEP_advcl_rate_alto + DEP_nummod_rate_baixo,"[""15fe35c7f595""]",15fe35c7f595,133,0.092361111111111116,True,0.96999999999999997,"[""DEP_acl"", ""DEP_advcl"", ""numerais""]",DEP_acl|DEP_advcl|numerais,False,True,True,0.29479241754910257,research_only,outside_review_top20,
e73aef4ae22d,"[""DEP_acl:relcl_rate_baixo"", ""DEP_ccomp_rate_alto"", ""POS_NUM_rate_baixo""]",DEP_acl:relcl_rate_baixo + DEP_ccomp_rate_alto + POS_NUM_rate_baixo,"[""412f97840322"", ""cd2ef03a554d""]",cd2ef03a554d,133,0.092361111111111116,True,0.96999999999999997,"[""DEP_acl:relcl"", ""DEP_ccomp"", ""numerais""]",DEP_acl:relcl|DEP_ccomp|numerais,False,True,True,0.29479241754910257,research_only,outside_review_top20,
1f74ccfb992f,"[""DEP_ccomp_rate_baixo"", ""DEP_mark_rate_baixo"", ""POS_NUM_rate_alto""]",DEP_ccomp_rate_baixo + DEP_mark_rate_baixo + POS_NUM_rate_alto,"[""281c64ebb7af"", ""ad71852e1eed""]",ad71852e1eed,125,0.086805555555555552,True,1,"[""DEP_ccomp"", ""numerais"", ""subordinacao""]",DEP_ccomp|numerais|subordinacao,False,True,True,0.29462782549439481,research_only,outside_review_top20,
38917ab41fa8,"[""DEP_acl_rate_baixo"", ""DEP_advcl_rate_baixo"", ""diversidade_baixo""]",DEP_acl_rate_baixo + DEP_advcl_rate_baixo + diversidade_baixo,"[""13f70d8ed754"", ""b1ccc096eae9""]",13f70d8ed754,125,0.086805555555555552,True,1,"[""DEP_acl"", ""DEP_advcl"", ""diversidade""]",DEP_acl|DEP_advcl|diversidade,False,True,True,0.29462782549439481,research_only,outside_review_top20,
4fd0383b666b,"[""DEP_cop_rate_baixo"", ""DEP_nummod_rate_baixo"", ""POS_ADP_rate_alto""]",DEP_cop_rate_baixo + DEP_nummod_rate_baixo + POS_ADP_rate_alto,"[""0c2b26c4f2da""]",0c2b26c4f2da,125,0.086805555555555552,True,1,"[""DEP_cop"", ""numerais"", ""relacoes_preposicionais""]",DEP_cop|numerais|relacoes_preposicionais,False,True,True,0.29462782549439481,research_only,outside_review_top20,
eec34586c9bd,"[""DEP_case_rate_alto"", ""DEP_obj_rate_baixo"", ""POS_ADP_rate_alto""]",DEP_case_rate_alto + DEP_obj_rate_baixo + POS_ADP_rate_alto,"[""05c495e6f532"", ""70aa9dca076e""]",70aa9dca076e,125,0.086805555555555552,True,1,"[""DEP_obj"", ""relacoes_preposicionais""]",DEP_obj|relacoes_preposicionais,True,True,True,0.29462782549439481,research_only,outside_review_top20,
f9960b8a901e,"[""DEP_aux:pass_rate_baixo"", ""DEP_nummod_rate_baixo"", ""DEP_obl_rate_baixo""]",DEP_aux:pass_rate_baixo + DEP_nummod_rate_baixo + DEP_obl_rate_baixo,"[""eef7f9224cab"", ""fc49b7d69953""]",eef7f9224cab,169,0.11736111111111111,True,0.85999999999999999,"[""DEP_obl"", ""auxiliares"", ""numerais""]",DEP_obl|auxiliares|numerais,False,True,True,0.29461886867235398,research_only,outside_review_top20,
05ef60ad5f73,"[""DEP_aux:pass_rate_alto"", ""DEP_nummod_rate_baixo"", ""POS_AUX_rate_alto""]",DEP_aux:pass_rate_alto + DEP_nummod_rate_baixo + POS_AUX_rate_alto,"[""d91eb19f15d4"", ""e13a4fb4f031"", ""e5d7a4eae141""]",d91eb19f15d4,130,0.090277777777777776,True,0.97999999999999998,"[""auxiliares"", ""numerais""]",auxiliares|numerais,True,True,True,0.29445335416289248,research_only,outside_review_top20,
6788de784b22,"[""DEP_cop_rate_baixo"", ""DEP_nummod_rate_baixo"", ""POS_DET_rate_alto""]",DEP_cop_rate_baixo + DEP_nummod_rate_baixo + POS_DET_rate_alto,"[""ab731c14e837""]",ab731c14e837,130,0.090277777777777776,True,0.97999999999999998,"[""DEP_cop"", ""determinacao"", ""numerais""]",DEP_cop|determinacao|numerais,False,True,True,0.29445335416289248,research_only,outside_review_top20,
ef1da2eec593,"[""DEP_advmod_rate_alto"", ""DEP_aux:pass_rate_baixo"", ""DEP_nummod_rate_baixo""]",DEP_advmod_rate_alto + DEP_aux:pass_rate_baixo + DEP_nummod_rate_baixo,"[""9e7f34c0aa7e"", ""af729816ab4c""]",9e7f34c0aa7e,161,0.11180555555555556,True,0.88,"[""auxiliares"", ""modificacao_adverbial"", ""numerais""]",auxiliares|modificacao_adverbial|numerais,False,True,True,0.29424857216683692,research_only,outside_review_top20,
4454be5e3911,"[""DEP_amod_rate_alto"", ""DEP_nsubj:pass_rate_baixo"", ""POS_NUM_rate_baixo""]",DEP_amod_rate_alto + DEP_nsubj:pass_rate_baixo + POS_NUM_rate_baixo,"[""cb0740a7171a""]",cb0740a7171a,127,0.08819444444444445,True,0.98999999999999999,"[""DEP_nsubj:pass"", ""adjetivacao"", ""numerais""]",DEP_nsubj:pass|adjetivacao|numerais,False,True,True,0.29400573973989014,research_only,outside_review_top20,
77f04d7720c9,"[""DEP_case_rate_baixo"", ""DEP_ccomp_rate_alto"", ""POS_ADP_rate_baixo""]",DEP_case_rate_baixo + DEP_ccomp_rate_alto + POS_ADP_rate_baixo,"[""450368e68302"", ""988f1135c440""]",988f1135c440,127,0.08819444444444445,True,0.98999999999999999,"[""DEP_ccomp"", ""relacoes_preposicionais""]",DEP_ccomp|relacoes_preposicionais,True,True,True,0.29400573973989014,research_only,outside_review_top20,
9af051042ef0,"[""DEP_aux:pass_rate_baixo"", ""DEP_cop_rate_baixo"", ""DEP_det_rate_baixo""]",DEP_aux:pass_rate_baixo + DEP_cop_rate_baixo + DEP_det_rate_baixo,"[""c89fe202a7e1""]",c89fe202a7e1,135,0.09375,True,0.95999999999999996,"[""DEP_cop"", ""auxiliares"", ""determinacao""]",DEP_cop|auxiliares|determinacao,False,True,True,0.29393876913398131,research_only,outside_review_top20,
2d1ca265111a,"[""DEP_cop_rate_baixo"", ""DEP_nummod_rate_alto"", ""DEP_xcomp_rate_baixo""]",DEP_cop_rate_baixo + DEP_nummod_rate_alto + DEP_xcomp_rate_baixo,"[""1f96b4e98bbf"", ""f835b0fc7809""]",f835b0fc7809,132,0.09166666666666666,True,0.96999999999999997,"[""DEP_cop"", ""DEP_xcomp"", ""numerais""]",DEP_cop|DEP_xcomp|numerais,False,True,True,0.29368208434745668,research_only,outside_review_top20,
08caf035d8fd,"[""DEP_xcomp_rate_baixo"", ""POS_ADP_rate_alto"", ""POS_SCONJ_rate_baixo""]",DEP_xcomp_rate_baixo + POS_ADP_rate_alto + POS_SCONJ_rate_baixo,"[""9e5ea97c32ba"", ""be5b56d03cbe""]",9e5ea97c32ba,124,0.08611111111111111,True,1,"[""DEP_xcomp"", ""relacoes_preposicionais"", ""subordinacao""]",DEP_xcomp|relacoes_preposicionais|subordinacao,False,True,True,0.29344694769431684,research_only,outside_review_top20,
2473b1cbad54,"[""DEP_acl:relcl_rate_baixo"", ""DEP_amod_rate_alto"", ""POS_PRON_rate_baixo""]",DEP_acl:relcl_rate_baixo + DEP_amod_rate_alto + POS_PRON_rate_baixo,"[""64981ae63e00"", ""bbe64cb8bb06""]",64981ae63e00,124,0.08611111111111111,True,1,"[""DEP_acl:relcl"", ""POS_PRON"", ""adjetivacao""]",DEP_acl:relcl|POS_PRON|adjetivacao,False,True,True,0.29344694769431684,research_only,outside_review_top20,
411d0b0e7084,"[""DEP_case_rate_alto"", ""DEP_mark_rate_baixo"", ""DEP_xcomp_rate_baixo""]",DEP_case_rate_alto + DEP_mark_rate_baixo + DEP_xcomp_rate_baixo,"[""047951a79a1b"", ""f6a85c54790c""]",047951a79a1b,124,0.08611111111111111,True,1,"[""DEP_xcomp"", ""relacoes_preposicionais"", ""subordinacao""]",DEP_xcomp|relacoes_preposicionais|subordinacao,False,True,True,0.29344694769431684,research_only,outside_review_top20,
594cdf048600,"[""DEP_acl:relcl_rate_baixo"", ""DEP_xcomp_rate_baixo"", ""POS_DET_rate_baixo""]",DEP_acl:relcl_rate_baixo + DEP_xcomp_rate_baixo + POS_DET_rate_baixo,"[""68ad8f839d81"", ""a772c03d3d8a""]",68ad8f839d81,124,0.08611111111111111,True,1,"[""DEP_acl:relcl"", ""DEP_xcomp"", ""determinacao""]",DEP_acl:relcl|DEP_xcomp|determinacao,False,True,True,0.29344694769431684,research_only,outside_review_top20,
5e36b0e5968a,"[""DEP_conj_rate_alto"", ""POS_CCONJ_rate_alto"", ""POS_NUM_rate_baixo""]",DEP_conj_rate_alto + POS_CCONJ_rate_alto + POS_NUM_rate_baixo,"[""9ef18de6b432"", ""a04492d0152d""]",a04492d0152d,124,0.08611111111111111,True,1,"[""coordenacao"", ""numerais""]",coordenacao|numerais,True,True,True,0.29344694769431684,research_only,outside_review_top20,
7321cbe7056a,"[""DEP_ccomp_rate_baixo"", ""DEP_flat:name_rate_alto"", ""DEP_xcomp_rate_baixo""]",DEP_ccomp_rate_baixo + DEP_flat:name_rate_alto + DEP_xcomp_rate_baixo,"[""2470706c1ed6"", ""b2eb4e85bef9""]",b2eb4e85bef9,124,0.08611111111111111,True,1,"[""DEP_ccomp"", ""DEP_flat:name"", ""DEP_xcomp""]",DEP_ccomp|DEP_flat:name|DEP_xcomp,False,True,True,0.29344694769431684,research_only,outside_review_top20,
873059a0ee17,"[""DEP_acl_rate_baixo"", ""DEP_advcl_rate_baixo"", ""DEP_nsubj_rate_alto""]",DEP_acl_rate_baixo + DEP_advcl_rate_baixo + DEP_nsubj_rate_alto,"[""162bb70e6c57""]",162bb70e6c57,124,0.08611111111111111,True,1,"[""DEP_acl"", ""DEP_advcl"", ""DEP_nsubj""]",DEP_acl|DEP_advcl|DEP_nsubj,False,True,True,0.29344694769431684,research_only,outside_review_top20,
a7c2558424b0,"[""DEP_cop_rate_baixo"", ""DEP_mark_rate_baixo"", ""POS_ADP_rate_alto""]",DEP_cop_rate_baixo + DEP_mark_rate_baixo + POS_ADP_rate_alto,"[""472f8cb8ce58"", ""53caa48be54c""]",472f8cb8ce58,124,0.08611111111111111,True,1,"[""DEP_cop"", ""relacoes_preposicionais"", ""subordinacao""]",DEP_cop|relacoes_preposicionais|subordinacao,False,True,True,0.29344694769431684,research_only,outside_review_top20,
e8066b29ad40,"[""DEP_ccomp_rate_baixo"", ""DEP_obj_rate_baixo"", ""POS_VERB_rate_baixo""]",DEP_ccomp_rate_baixo + DEP_obj_rate_baixo + POS_VERB_rate_baixo,"[""9a59a88003cf"", ""ac481854c364""]",9a59a88003cf,124,0.08611111111111111,True,1,"[""DEP_ccomp"", ""DEP_obj"", ""POS_VERB""]",DEP_ccomp|DEP_obj|POS_VERB,False,False,True,0.29344694769431684,research_only,outside_review_top20,
583b5588e8a0,"[""DEP_appos_rate_baixo"", ""DEP_aux:pass_rate_baixo"", ""DEP_flat:name_rate_baixo""]",DEP_appos_rate_baixo + DEP_aux:pass_rate_baixo + DEP_flat:name_rate_baixo,"[""0d25e4a9f062""]",0d25e4a9f062,153,0.10625,True,0.90000000000000002,"[""DEP_appos"", ""DEP_flat:name"", ""auxiliares""]",DEP_appos|DEP_flat:name|auxiliares,False,True,True,0.29336410823411918,research_only,outside_review_top20,
eab7a5fc2c4f,"[""DEP_ccomp_rate_baixo"", ""DEP_cop_rate_baixo"", ""uppercaseRatio_alto""]",DEP_ccomp_rate_baixo + DEP_cop_rate_baixo + uppercaseRatio_alto,"[""61acfb093b2d""]",61acfb093b2d,140,0.097222222222222224,True,0.93999999999999995,"[""DEP_ccomp"", ""DEP_cop"", ""uppercaseRatio""]",DEP_ccomp|DEP_cop|uppercaseRatio,False,True,True,0.29309649529729204,research_only,outside_review_top20,
03c860d2dede,"[""DEP_aux:pass_rate_baixo"", ""POS_DET_rate_alto"", ""uppercaseRatio_baixo""]",DEP_aux:pass_rate_baixo + POS_DET_rate_alto + uppercaseRatio_baixo,"[""58ea0d7ef009"", ""930a7da8d4e9""]",930a7da8d4e9,143,0.09930555555555555,True,0.93000000000000005,"[""auxiliares"", ""determinacao"", ""uppercaseRatio""]",auxiliares|determinacao|uppercaseRatio,False,True,True,0.29306889121843005,research_only,outside_review_top20,
4fd626d6fdba,"[""DEP_advmod_rate_baixo"", ""DEP_cc_rate_baixo"", ""DEP_conj_rate_baixo""]",DEP_advmod_rate_baixo + DEP_cc_rate_baixo + DEP_conj_rate_baixo,"[""e47ac7b82530"", ""f520a39cce7b""]",e47ac7b82530,134,0.093055555555555558,True,0.95999999999999996,"[""coordenacao"", ""modificacao_adverbial""]",coordenacao|modificacao_adverbial,True,True,True,0.29284808348357,research_only,outside_review_top20,
48b2a3979421,"[""DEP_advcl_rate_baixo"", ""POS_ADV_rate_baixo"", ""POS_SCONJ_rate_baixo""]",DEP_advcl_rate_baixo + POS_ADV_rate_baixo + POS_SCONJ_rate_baixo,"[""bfff359ecafa""]",bfff359ecafa,126,0.087499999999999994,True,0.98999999999999999,"[""DEP_advcl"", ""modificacao_adverbial"", ""subordinacao""]",DEP_advcl|modificacao_adverbial|subordinacao,False,True,True,0.29284594926343099,research_only,outside_review_top20,
97ce867111e8,"[""DEP_cc_rate_baixo"", ""DEP_conj_rate_baixo"", ""POS_ADP_rate_alto""]",DEP_cc_rate_baixo + DEP_conj_rate_baixo + POS_ADP_rate_alto,"[""0ddb6c753f52"", ""9c2c58d2c299""]",0ddb6c753f52,126,0.087499999999999994,True,0.98999999999999999,"[""coordenacao"", ""relacoes_preposicionais""]",coordenacao|relacoes_preposicionais,True,True,True,0.29284594926343099,research_only,outside_review_top20,
a0d7e5840c60,"[""DEP_acl:relcl_rate_baixo"", ""DEP_cop_rate_baixo"", ""punctuationDensity_spacy_baixo""]",DEP_acl:relcl_rate_baixo + DEP_cop_rate_baixo + punctuationDensity_spacy_baixo,"[""f5cb682f6f7e""]",f5cb682f6f7e,126,0.087499999999999994,True,0.98999999999999999,"[""DEP_acl:relcl"", ""DEP_cop"", ""punctuationDensity_spacy""]",DEP_acl:relcl|DEP_cop|punctuationDensity_spacy,False,True,True,0.29284594926343099,research_only,outside_review_top20,
8197fea976a3,"[""DEP_advcl_rate_baixo"", ""DEP_ccomp_rate_baixo"", ""POS_CCONJ_rate_alto""]",DEP_advcl_rate_baixo + DEP_ccomp_rate_baixo + POS_CCONJ_rate_alto,"[""6a846511c79c"", ""c68820f718a5""]",c68820f718a5,149,0.10347222222222222,True,0.91000000000000003,"[""DEP_advcl"", ""DEP_ccomp"", ""coordenacao""]",DEP_advcl|DEP_ccomp|coordenacao,False,True,True,0.29272059582855153,research_only,outside_review_top20,
008ce8661aa2,"[""DEP_case_rate_alto"", ""DEP_xcomp_rate_baixo"", ""POS_SCONJ_rate_baixo""]",DEP_case_rate_alto + DEP_xcomp_rate_baixo + POS_SCONJ_rate_baixo,"[""1e0b461a29fb"", ""8b774559ef33""]",1e0b461a29fb,123,0.085416666666666669,True,1,"[""DEP_xcomp"", ""relacoes_preposicionais"", ""subordinacao""]",DEP_xcomp|relacoes_preposicionais|subordinacao,False,True,True,0.29226129861250305,research_only,outside_review_top20,
0bc90d1e3682,"[""DEP_cc_rate_alto"", ""DEP_mark_rate_baixo"", ""POS_CCONJ_rate_alto""]",DEP_cc_rate_alto + DEP_mark_rate_baixo + POS_CCONJ_rate_alto,"[""5e38ee894ea7"", ""d254c078c112""]",5e38ee894ea7,123,0.085416666666666669,True,1,"[""coordenacao"", ""subordinacao""]",coordenacao|subordinacao,True,True,True,0.29226129861250305,research_only,outside_review_top20,
16734a248c1e,"[""DEP_ccomp_rate_baixo"", ""POS_NUM_rate_baixo"", ""POS_SCONJ_rate_baixo""]",DEP_ccomp_rate_baixo + POS_NUM_rate_baixo + POS_SCONJ_rate_baixo,"[""6cdf5a5b5161""]",6cdf5a5b5161,123,0.085416666666666669,True,1,"[""DEP_ccomp"", ""numerais"", ""subordinacao""]",DEP_ccomp|numerais|subordinacao,False,True,True,0.29226129861250305,research_only,outside_review_top20,
1aacd21f0b11,"[""DEP_acl:relcl_rate_baixo"", ""DEP_nummod_rate_baixo"", ""POS_DET_rate_baixo""]",DEP_acl:relcl_rate_baixo + DEP_nummod_rate_baixo + POS_DET_rate_baixo,"[""e6966c9d9dd9""]",e6966c9d9dd9,123,0.085416666666666669,True,1,"[""DEP_acl:relcl"", ""determinacao"", ""numerais""]",DEP_acl:relcl|determinacao|numerais,False,True,True,0.29226129861250305,research_only,outside_review_top20,
2d1c28eaa6c9,"[""DEP_aux:pass_rate_baixo"", ""DEP_xcomp_rate_baixo"", ""POS_DET_rate_alto""]",DEP_aux:pass_rate_baixo + DEP_xcomp_rate_baixo + POS_DET_rate_alto,"[""f1eca9a8515e""]",f1eca9a8515e,123,0.085416666666666669,True,1,"[""DEP_xcomp"", ""auxiliares"", ""determinacao""]",DEP_xcomp|auxiliares|determinacao,False,True,True,0.29226129861250305,research_only,outside_review_top20,
4d787a17c382,"[""DEP_acl:relcl_rate_baixo"", ""DEP_nummod_rate_baixo"", ""POS_DET_rate_alto""]",DEP_acl:relcl_rate_baixo + DEP_nummod_rate_baixo + POS_DET_rate_alto,"[""4625b695ee6d""]",4625b695ee6d,123,0.085416666666666669,True,1,"[""DEP_acl:relcl"", ""determinacao"", ""numerais""]",DEP_acl:relcl|determinacao|numerais,False,True,True,0.29226129861250305,research_only,outside_review_top20,
58e59037f55d,"[""DEP_advcl_rate_baixo"", ""DEP_flat:name_rate_alto"", ""DEP_mark_rate_baixo""]",DEP_advcl_rate_baixo + DEP_flat:name_rate_alto + DEP_mark_rate_baixo,"[""25eb9910a8cc"", ""b3feb95530ce""]",b3feb95530ce,123,0.085416666666666669,True,1,"[""DEP_advcl"", ""DEP_flat:name"", ""subordinacao""]",DEP_advcl|DEP_flat:name|subordinacao,False,True,True,0.29226129861250305,research_only,outside_review_top20,
6274dd99d16a,"[""DEP_mark_rate_baixo"", ""DEP_xcomp_rate_baixo"", ""POS_ADP_rate_alto""]",DEP_mark_rate_baixo + DEP_xcomp_rate_baixo + POS_ADP_rate_alto,"[""4581fc5c2249"", ""c7e7f47092d4""]",4581fc5c2249,123,0.085416666666666669,True,1,"[""DEP_xcomp"", ""relacoes_preposicionais"", ""subordinacao""]",DEP_xcomp|relacoes_preposicionais|subordinacao,False,True,True,0.29226129861250305,research_only,outside_review_top20,
bc007d60530b,"[""DEP_advcl_rate_baixo"", ""POS_PRON_rate_baixo"", ""POS_SCONJ_rate_baixo""]",DEP_advcl_rate_baixo + POS_PRON_rate_baixo + POS_SCONJ_rate_baixo,"[""0594b4981903""]",0594b4981903,123,0.085416666666666669,True,1,"[""DEP_advcl"", ""POS_PRON"", ""subordinacao""]",DEP_advcl|POS_PRON|subordinacao,False,True,True,0.29226129861250305,research_only,outside_review_top20,
05ad09f9e2d3,"[""DEP_mark_rate_baixo"", ""DEP_nmod_rate_alto"", ""POS_ADP_rate_alto""]",DEP_mark_rate_baixo + DEP_nmod_rate_alto + POS_ADP_rate_alto,"[""cb75650a128e"", ""de95bf09effe"", ""e128a8e78dfc""]",de95bf09effe,128,0.088888888888888892,True,0.97999999999999998,"[""DEP_nmod"", ""relacoes_preposicionais"", ""subordinacao""]",DEP_nmod|relacoes_preposicionais|subordinacao,False,True,True,0.29217954905997251,research_only,outside_review_top20,
eae8066cb591,"[""DEP_advcl_rate_baixo"", ""DEP_mark_rate_baixo"", ""POS_PROPN_rate_alto""]",DEP_advcl_rate_baixo + DEP_mark_rate_baixo + POS_PROPN_rate_alto,"[""777aa808564f"", ""a695c32b802e""]",a695c32b802e,128,0.088888888888888892,True,0.97999999999999998,"[""DEP_advcl"", ""POS_PROPN"", ""subordinacao""]",DEP_advcl|POS_PROPN|subordinacao,False,True,True,0.29217954905997251,research_only,outside_review_top20,
6c6042f23cad,"[""DEP_case_rate_baixo"", ""POS_ADP_rate_baixo"", ""punctuationDensity_spacy_alto""]",DEP_case_rate_baixo + POS_ADP_rate_baixo + punctuationDensity_spacy_alto,"[""38d2470b0a27"", ""eb0486d6d4f8""]",38d2470b0a27,139,0.096527777777777782,True,0.93999999999999995,"[""punctuationDensity_spacy"", ""relacoes_preposicionais""]",punctuationDensity_spacy|relacoes_preposicionais,True,True,True,0.29204784615614687,research_only,outside_review_top20,
4bcf77e70574,"[""DEP_advcl_rate_baixo"", ""DEP_cop_rate_baixo"", ""DEP_nummod_rate_alto""]",DEP_advcl_rate_baixo + DEP_cop_rate_baixo + DEP_nummod_rate_alto,"[""d001797baab7""]",d001797baab7,142,0.098611111111111108,True,0.93000000000000005,"[""DEP_advcl"", ""DEP_cop"", ""numerais""]",DEP_advcl|DEP_cop|numerais,False,True,True,0.29204237706196001,research_only,outside_review_top20,
f127d8ddfd43,"[""DEP_mark_rate_alto"", ""DEP_xcomp_rate_baixo"", ""POS_SCONJ_rate_alto""]",DEP_mark_rate_alto + DEP_xcomp_rate_baixo + POS_SCONJ_rate_alto,"[""076f97d9f199"", ""f29ad3b621b5""]",076f97d9f199,136,0.094444444444444442,True,0.94999999999999996,"[""DEP_xcomp"", ""subordinacao""]",DEP_xcomp|subordinacao,True,True,True,0.29195224114760809,research_only,outside_review_top20,
e4a80c0c16f7,"[""DEP_nsubj:pass_rate_baixo"", ""DEP_nummod_rate_baixo"", ""DEP_obl_rate_baixo""]",DEP_nsubj:pass_rate_baixo + DEP_nummod_rate_baixo + DEP_obl_rate_baixo,"[""16fd18152c29"", ""8adec59fa65b"", ""c11bdb6a66d0""]",16fd18152c29,187,0.12986111111111112,True,0.81000000000000005,"[""DEP_nsubj:pass"", ""DEP_obl"", ""numerais""]",DEP_nsubj:pass|DEP_obl|numerais,False,True,True,0.29189360219093535,research_only,outside_review_top20,
5c90dd9827cf,"[""DEP_aux:pass_rate_baixo"", ""DEP_cc_rate_alto"", ""DEP_nummod_rate_baixo""]",DEP_aux:pass_rate_baixo + DEP_cc_rate_alto + DEP_nummod_rate_baixo,"[""bbf42a330b9d"", ""e5d3aa617757""]",bbf42a330b9d,178,0.12361111111111112,True,0.82999999999999996,"[""auxiliares"", ""coordenacao"", ""numerais""]",auxiliares|coordenacao|numerais,False,True,True,0.29181448635125096,research_only,outside_review_top20,
4aa083e32f7f,"[""DEP_advmod_rate_baixo"", ""DEP_nmod_rate_alto"", ""POS_ADP_rate_alto""]",DEP_advmod_rate_baixo + DEP_nmod_rate_alto + POS_ADP_rate_alto,"[""41b0c3ec6b45"", ""85780b3c5c15"", ""c03f9f192425""]",85780b3c5c15,133,0.092361111111111116,True,0.95999999999999996,"[""DEP_nmod"", ""modificacao_adverbial"", ""relacoes_preposicionais""]",DEP_nmod|modificacao_adverbial|relacoes_preposicionais,False,True,True,0.29175332046096747,research_only,outside_review_top20,
743e78163f73,"[""DEP_case_rate_baixo"", ""DEP_nsubj:pass_rate_baixo"", ""POS_PRON_rate_alto""]",DEP_case_rate_baixo + DEP_nsubj:pass_rate_baixo + POS_PRON_rate_alto,"[""0a60f750eb65""]",0a60f750eb65,133,0.092361111111111116,True,0.95999999999999996,"[""DEP_nsubj:pass"", ""POS_PRON"", ""relacoes_preposicionais""]",DEP_nsubj:pass|POS_PRON|relacoes_preposicionais,False,True,True,0.29175332046096747,research_only,outside_review_top20,
aee3a39bc4f2,"[""DEP_advcl_rate_baixo"", ""DEP_advmod_rate_baixo"", ""DEP_nmod_rate_alto""]",DEP_advcl_rate_baixo + DEP_advmod_rate_baixo + DEP_nmod_rate_alto,"[""4175955bc1c2""]",4175955bc1c2,133,0.092361111111111116,True,0.95999999999999996,"[""DEP_advcl"", ""DEP_nmod"", ""modificacao_adverbial""]",DEP_advcl|DEP_nmod|modificacao_adverbial,False,True,True,0.29175332046096747,research_only,outside_review_top20,
205e598a8c3b,"[""DEP_aux:pass_rate_alto"", ""DEP_nsubj:pass_rate_alto"", ""DEP_nsubj_rate_baixo""]",DEP_aux:pass_rate_alto + DEP_nsubj:pass_rate_alto + DEP_nsubj_rate_baixo,"[""193578c95350"", ""e82187a5210a""]",e82187a5210a,125,0.086805555555555552,True,0.98999999999999999,"[""DEP_nsubj"", ""DEP_nsubj:pass"", ""auxiliares""]",DEP_nsubj|DEP_nsubj:pass|auxiliares,False,True,True,0.29168154723945089,research_only,outside_review_top20,
47fee2fe7fd5,"[""DEP_acl_rate_baixo"", ""DEP_cop_rate_baixo"", ""POS_ADP_rate_alto""]",DEP_acl_rate_baixo + DEP_cop_rate_baixo + POS_ADP_rate_alto,"[""2427344c6079""]",2427344c6079,125,0.086805555555555552,True,0.98999999999999999,"[""DEP_acl"", ""DEP_cop"", ""relacoes_preposicionais""]",DEP_acl|DEP_cop|relacoes_preposicionais,False,True,True,0.29168154723945089,research_only,outside_review_top20,
5dfddd44f2e6,"[""DEP_appos_rate_alto"", ""DEP_ccomp_rate_baixo"", ""DEP_mark_rate_baixo""]",DEP_appos_rate_alto + DEP_ccomp_rate_baixo + DEP_mark_rate_baixo,"[""78f903d031ca"", ""d02b64fbadbd""]",d02b64fbadbd,125,0.086805555555555552,True,0.98999999999999999,"[""DEP_appos"", ""DEP_ccomp"", ""subordinacao""]",DEP_appos|DEP_ccomp|subordinacao,False,True,True,0.29168154723945089,research_only,outside_review_top20,
6549fe3e48ba,"[""DEP_acl:relcl_rate_alto"", ""DEP_advcl_rate_baixo"", ""POS_PRON_rate_alto""]",DEP_acl:relcl_rate_alto + DEP_advcl_rate_baixo + POS_PRON_rate_alto,"[""43ffe7a052e6"", ""af455159ec17""]",af455159ec17,125,0.086805555555555552,True,0.98999999999999999,"[""DEP_acl:relcl"", ""DEP_advcl"", ""POS_PRON""]",DEP_acl:relcl|DEP_advcl|POS_PRON,False,True,True,0.29168154723945089,research_only,outside_review_top20,
f0b8984575f4,"[""DEP_mark_rate_alto"", ""DEP_nsubj_rate_alto"", ""POS_SCONJ_rate_alto""]",DEP_mark_rate_alto + DEP_nsubj_rate_alto + POS_SCONJ_rate_alto,"[""04c34941097d"", ""f6c754e714cf""]",04c34941097d,125,0.086805555555555552,True,0.98999999999999999,"[""DEP_nsubj"", ""subordinacao""]",DEP_nsubj|subordinacao,True,True,True,0.29168154723945089,research_only,outside_review_top20,
54472d121af4,"[""DEP_acl:relcl_rate_baixo"", ""DEP_nummod_rate_baixo"", ""POS_ADP_rate_alto""]",DEP_acl:relcl_rate_baixo + DEP_nummod_rate_baixo + POS_ADP_rate_alto,"[""7465c9fe7ad3""]",7465c9fe7ad3,130,0.090277777777777776,True,0.96999999999999997,"[""DEP_acl:relcl"", ""numerais"", ""relacoes_preposicionais""]",DEP_acl:relcl|numerais|relacoes_preposicionais,False,True,True,0.29144872810000577,research_only,outside_review_top20,
1dbe5166df18,"[""DEP_mark_rate_baixo"", ""POS_NOUN_rate_alto"", ""POS_SCONJ_rate_baixo""]",DEP_mark_rate_baixo + POS_NOUN_rate_alto + POS_SCONJ_rate_baixo,"[""075f1fd4043c"", ""a8268cf54333""]",a8268cf54333,122,0.084722222222222227,True,1,"[""POS_NOUN"", ""subordinacao""]",POS_NOUN|subordinacao,True,True,True,0.29107081994288303,research_only,outside_review_top20,
3a8e8b70406c,"[""DEP_acl_rate_baixo"", ""DEP_nummod_rate_baixo"", ""POS_VERB_rate_baixo""]",DEP_acl_rate_baixo + DEP_nummod_rate_baixo + POS_VERB_rate_baixo,"[""871028660b40""]",871028660b40,122,0.084722222222222227,True,1,"[""DEP_acl"", ""POS_VERB"", ""numerais""]",DEP_acl|POS_VERB|numerais,False,True,True,0.29107081994288303,research_only,outside_review_top20,
5305f2d9e3ff,"[""DEP_acl_rate_baixo"", ""DEP_nummod_rate_baixo"", ""diversidade_baixo""]",DEP_acl_rate_baixo + DEP_nummod_rate_baixo + diversidade_baixo,"[""cd8b3d986baa""]",cd8b3d986baa,122,0.084722222222222227,True,1,"[""DEP_acl"", ""diversidade"", ""numerais""]",DEP_acl|diversidade|numerais,False,True,True,0.29107081994288303,research_only,outside_review_top20,
59268f01dbb6,"[""DEP_acl:relcl_rate_baixo"", ""POS_ADP_rate_alto"", ""POS_DET_rate_baixo""]",DEP_acl:relcl_rate_baixo + POS_ADP_rate_alto + POS_DET_rate_baixo,"[""334e0e3f25d7"", ""f7453c2ffb27""]",f7453c2ffb27,122,0.084722222222222227,True,1,"[""DEP_acl:relcl"", ""determinacao"", ""relacoes_preposicionais""]",DEP_acl:relcl|determinacao|relacoes_preposicionais,False,True,True,0.29107081994288303,research_only,outside_review_top20,
9e6eaaf784c8,"[""DEP_aux:pass_rate_baixo"", ""DEP_det_rate_alto"", ""DEP_xcomp_rate_baixo""]",DEP_aux:pass_rate_baixo + DEP_det_rate_alto + DEP_xcomp_rate_baixo,"[""a4ac4b3a2c7e""]",a4ac4b3a2c7e,122,0.084722222222222227,True,1,"[""DEP_xcomp"", ""auxiliares"", ""determinacao""]",DEP_xcomp|auxiliares|determinacao,False,True,True,0.29107081994288303,research_only,outside_review_top20,
c000cc363052,"[""DEP_ccomp_rate_baixo"", ""DEP_cop_rate_baixo"", ""DEP_xcomp_rate_alto""]",DEP_ccomp_rate_baixo + DEP_cop_rate_baixo + DEP_xcomp_rate_alto,"[""c866243d5de4""]",c866243d5de4,122,0.084722222222222227,True,1,"[""DEP_ccomp"", ""DEP_cop"", ""DEP_xcomp""]",DEP_ccomp|DEP_cop|DEP_xcomp,False,True,True,0.29107081994288303,research_only,outside_review_top20,
c652d4be0995,"[""DEP_acl:relcl_rate_baixo"", ""DEP_det_rate_baixo"", ""DEP_xcomp_rate_baixo""]",DEP_acl:relcl_rate_baixo + DEP_det_rate_baixo + DEP_xcomp_rate_baixo,"[""c439b9eb2530"", ""ef994a79992d""]",c439b9eb2530,122,0.084722222222222227,True,1,"[""DEP_acl:relcl"", ""DEP_xcomp"", ""determinacao""]",DEP_acl:relcl|DEP_xcomp|determinacao,False,True,True,0.29107081994288303,research_only,outside_review_top20,
ce1512a1d2ea,"[""DEP_acl:relcl_rate_baixo"", ""DEP_det_rate_baixo"", ""DEP_nummod_rate_baixo""]",DEP_acl:relcl_rate_baixo + DEP_det_rate_baixo + DEP_nummod_rate_baixo,"[""ea941feff591""]",ea941feff591,122,0.084722222222222227,True,1,"[""DEP_acl:relcl"", ""determinacao"", ""numerais""]",DEP_acl:relcl|determinacao|numerais,False,True,True,0.29107081994288303,research_only,outside_review_top20,
d588252cf128,"[""DEP_conj_rate_alto"", ""DEP_mark_rate_baixo"", ""POS_SCONJ_rate_baixo""]",DEP_conj_rate_alto + DEP_mark_rate_baixo + POS_SCONJ_rate_baixo,"[""44742f68be21"", ""789e8c410c28""]",789e8c410c28,122,0.084722222222222227,True,1,"[""coordenacao"", ""subordinacao""]",coordenacao|subordinacao,True,True,True,0.29107081994288303,research_only,outside_review_top20,
eb854f576146,"[""DEP_cop_rate_baixo"", ""POS_ADP_rate_alto"", ""POS_SCONJ_rate_baixo""]",DEP_cop_rate_baixo + POS_ADP_rate_alto + POS_SCONJ_rate_baixo,"[""33652994a221"", ""cc0687438692""]",cc0687438692,122,0.084722222222222227,True,1,"[""DEP_cop"", ""relacoes_preposicionais"", ""subordinacao""]",DEP_cop|relacoes_preposicionais|subordinacao,False,True,True,0.29107081994288303,research_only,outside_review_top20,
20ed63f95c6b,"[""DEP_ccomp_rate_baixo"", ""DEP_xcomp_rate_baixo"", ""diversidade_baixo""]",DEP_ccomp_rate_baixo + DEP_xcomp_rate_baixo + diversidade_baixo,"[""5b9c6bb978ec"", ""f827eb3826a6""]",f827eb3826a6,127,0.08819444444444445,True,0.97999999999999998,"[""DEP_ccomp"", ""DEP_xcomp"", ""diversidade""]",DEP_ccomp|DEP_xcomp|diversidade,False,True,True,0.29103598479302256,research_only,outside_review_top20,
519335b0acbe,"[""DEP_acl_rate_baixo"", ""DEP_ccomp_rate_baixo"", ""DEP_conj_rate_alto""]",DEP_acl_rate_baixo + DEP_ccomp_rate_baixo + DEP_conj_rate_alto,"[""acabb0b2cd98""]",acabb0b2cd98,127,0.08819444444444445,True,0.97999999999999998,"[""DEP_acl"", ""DEP_ccomp"", ""coordenacao""]",DEP_acl|DEP_ccomp|coordenacao,False,True,True,0.29103598479302256,research_only,outside_review_top20,
a9af95a12e6d,"[""DEP_advmod_rate_baixo"", ""DEP_cop_rate_baixo"", ""POS_PRON_rate_baixo""]",DEP_advmod_rate_baixo + DEP_cop_rate_baixo + POS_PRON_rate_baixo,"[""1cfff95c7859""]",1cfff95c7859,127,0.08819444444444445,True,0.97999999999999998,"[""DEP_cop"", ""POS_PRON"", ""modificacao_adverbial""]",DEP_cop|POS_PRON|modificacao_adverbial,False,True,True,0.29103598479302256,research_only,outside_review_top20,
6901bb410110,"[""DEP_acl_rate_baixo"", ""DEP_cop_rate_baixo"", ""POS_ADJ_rate_baixo""]",DEP_acl_rate_baixo + DEP_cop_rate_baixo + POS_ADJ_rate_baixo,"[""def3a7706032""]",def3a7706032,141,0.097916666666666666,True,0.93000000000000005,"[""DEP_acl"", ""DEP_cop"", ""adjetivacao""]",DEP_acl|DEP_cop|adjetivacao,False,True,True,0.2910122420105381,research_only,outside_review_top20,
72a1ffe031c3,"[""DEP_advcl_rate_baixo"", ""DEP_ccomp_rate_baixo"", ""POS_ADJ_rate_alto""]",DEP_advcl_rate_baixo + DEP_ccomp_rate_baixo + POS_ADJ_rate_alto,"[""4c6216a0caaf""]",4c6216a0caaf,138,0.09583333333333334,True,0.93999999999999995,"[""DEP_advcl"", ""DEP_ccomp"", ""adjetivacao""]",DEP_advcl|DEP_ccomp|adjetivacao,False,False,True,0.29099541806243845,research_only,outside_review_top20,
9e518d7aabf7,"[""DEP_nummod_rate_baixo"", ""POS_ADP_rate_baixo"", ""POS_SCONJ_rate_alto""]",DEP_nummod_rate_baixo + POS_ADP_rate_baixo + POS_SCONJ_rate_alto,"[""f1f3434a94ed""]",f1f3434a94ed,135,0.09375,True,0.94999999999999996,"[""numerais"", ""relacoes_preposicionais"", ""subordinacao""]",numerais|relacoes_preposicionais|subordinacao,False,True,True,0.29087690695550233,research_only,outside_review_top20,
c8aedebbfb71,"[""DEP_advcl_rate_baixo"", ""DEP_conj_rate_alto"", ""DEP_cop_rate_baixo""]",DEP_advcl_rate_baixo + DEP_conj_rate_alto + DEP_cop_rate_baixo,"[""6be443d2df34""]",6be443d2df34,135,0.09375,True,0.94999999999999996,"[""DEP_advcl"", ""DEP_cop"", ""coordenacao""]",DEP_advcl|DEP_cop|coordenacao,False,True,True,0.29087690695550233,research_only,outside_review_top20,
d68db4ce0812,"[""DEP_acl_rate_baixo"", ""DEP_advmod_rate_baixo"", ""DEP_xcomp_rate_baixo""]",DEP_acl_rate_baixo + DEP_advmod_rate_baixo + DEP_xcomp_rate_baixo,"[""a2b5d342f95c""]",a2b5d342f95c,147,0.10208333333333333,True,0.91000000000000003,"[""DEP_acl"", ""DEP_xcomp"", ""modificacao_adverbial""]",DEP_acl|DEP_xcomp|modificacao_adverbial,False,True,True,0.29074939094232566,research_only,outside_review_top20,
d55ccfcfa753,"[""DEP_acl:relcl_rate_baixo"", ""DEP_xcomp_rate_baixo"", ""POS_NOUN_rate_alto""]",DEP_acl:relcl_rate_baixo + DEP_xcomp_rate_baixo + POS_NOUN_rate_alto,"[""e862792186c0""]",e862792186c0,129,0.089583333333333334,True,0.96999999999999997,"[""DEP_acl:relcl"", ""DEP_xcomp"", ""POS_NOUN""]",DEP_acl:relcl|DEP_xcomp|POS_NOUN,False,True,True,0.29032560743643221,research_only,outside_review_top20,
e8a03e25c7b1,"[""DEP_acl_rate_baixo"", ""DEP_cop_rate_baixo"", ""POS_PRON_rate_baixo""]",DEP_acl_rate_baixo + DEP_cop_rate_baixo + POS_PRON_rate_baixo,"[""6b24aeccdb5b""]",6b24aeccdb5b,129,0.089583333333333334,True,0.96999999999999997,"[""DEP_acl"", ""DEP_cop"", ""POS_PRON""]",DEP_acl|DEP_cop|POS_PRON,False,True,True,0.29032560743643221,research_only,outside_review_top20,
ae45325fe460,"[""DEP_advcl_rate_baixo"", ""DEP_cop_rate_baixo"", ""POS_NUM_rate_alto""]",DEP_advcl_rate_baixo + DEP_cop_rate_baixo + POS_NUM_rate_alto,"[""813427835a4a"", ""9c57cc108af4""]",813427835a4a,140,0.097222222222222224,True,0.93000000000000005,"[""DEP_advcl"", ""DEP_cop"", ""numerais""]",DEP_advcl|DEP_cop|numerais,False,True,True,0.28997844747498047,research_only,outside_review_top20,
59665a794bbb,"[""DEP_acl:relcl_rate_baixo"", ""DEP_nsubj:pass_rate_baixo"", ""DEP_obj_rate_baixo""]",DEP_acl:relcl_rate_baixo + DEP_nsubj:pass_rate_baixo + DEP_obj_rate_baixo,"[""8d5ac4c1fb4b""]",8d5ac4c1fb4b,137,0.095138888888888884,True,0.93999999999999995,"[""DEP_acl:relcl"", ""DEP_nsubj:pass"", ""DEP_obj""]",DEP_acl:relcl|DEP_nsubj:pass|DEP_obj,False,True,True,0.28993916986537405,research_only,outside_review_top20,
8cc247b65c7a,"[""DEP_acl:relcl_rate_baixo"", ""DEP_acl_rate_baixo"", ""POS_ADP_rate_alto""]",DEP_acl:relcl_rate_baixo + DEP_acl_rate_baixo + POS_ADP_rate_alto,"[""7d376e1c460e""]",7d376e1c460e,126,0.087499999999999994,True,0.97999999999999998,"[""DEP_acl"", ""DEP_acl:relcl"", ""relacoes_preposicionais""]",DEP_acl|DEP_acl:relcl|relacoes_preposicionais,False,True,True,0.28988790937188119,research_only,outside_review_top20,
960f402600bc,"[""DEP_advmod_rate_baixo"", ""POS_ADV_rate_baixo"", ""POS_VERB_rate_baixo""]",DEP_advmod_rate_baixo + POS_ADV_rate_baixo + POS_VERB_rate_baixo,"[""879aa9d69381"", ""f3247c4cde1d""]",879aa9d69381,126,0.087499999999999994,True,0.97999999999999998,"[""POS_VERB"", ""modificacao_adverbial""]",POS_VERB|modificacao_adverbial,True,False,True,0.28988790937188119,research_only,outside_review_top20,
eacb8286d3e3,"[""DEP_acl:relcl_rate_baixo"", ""DEP_cop_rate_baixo"", ""POS_VERB_rate_baixo""]",DEP_acl:relcl_rate_baixo + DEP_cop_rate_baixo + POS_VERB_rate_baixo,"[""d35b779a842d""]",d35b779a842d,126,0.087499999999999994,True,0.97999999999999998,"[""DEP_acl:relcl"", ""DEP_cop"", ""POS_VERB""]",DEP_acl:relcl|DEP_cop|POS_VERB,False,True,True,0.28988790937188119,research_only,outside_review_top20,
6fe85a16d50b,"[""DEP_nummod_rate_baixo"", ""POS_PROPN_rate_baixo"", ""uppercaseRatio_baixo""]",DEP_nummod_rate_baixo + POS_PROPN_rate_baixo + uppercaseRatio_baixo,"[""eb8afc9f68ee""]",eb8afc9f68ee,121,0.084027777777777785,True,1,"[""POS_PROPN"", ""numerais"", ""uppercaseRatio""]",POS_PROPN|numerais|uppercaseRatio,False,True,True,0.28987545218210142,research_only,outside_review_top20,
7ba4c11cccc5,"[""DEP_advcl_rate_baixo"", ""DEP_nsubj_rate_baixo"", ""DEP_xcomp_rate_baixo""]",DEP_advcl_rate_baixo + DEP_nsubj_rate_baixo + DEP_xcomp_rate_baixo,"[""05167f8cf4a8"", ""8c39e38f8246""]",05167f8cf4a8,121,0.084027777777777785,True,1,"[""DEP_advcl"", ""DEP_nsubj"", ""DEP_xcomp""]",DEP_advcl|DEP_nsubj|DEP_xcomp,False,True,True,0.28987545218210142,research_only,outside_review_top20,
abd4d6a97899,"[""DEP_advcl_rate_baixo"", ""DEP_cop_rate_baixo"", ""POS_DET_rate_baixo""]",DEP_advcl_rate_baixo + DEP_cop_rate_baixo + POS_DET_rate_baixo,"[""b8d4d7fafc8c"", ""ecc05160f986""]",b8d4d7fafc8c,121,0.084027777777777785,True,1,"[""DEP_advcl"", ""DEP_cop"", ""determinacao""]",DEP_advcl|DEP_cop|determinacao,False,True,True,0.28987545218210142,research_only,outside_review_top20,
c4563f0ced60,"[""DEP_cop_rate_baixo"", ""DEP_nummod_rate_baixo"", ""POS_NOUN_rate_alto""]",DEP_cop_rate_baixo + DEP_nummod_rate_baixo + POS_NOUN_rate_alto,"[""c69ebb935765""]",c69ebb935765,121,0.084027777777777785,True,1,"[""DEP_cop"", ""POS_NOUN"", ""numerais""]",DEP_cop|POS_NOUN|numerais,False,True,True,0.28987545218210142,research_only,outside_review_top20,
c5235dc6b00d,"[""DEP_acl:relcl_rate_baixo"", ""DEP_aux:pass_rate_alto"", ""POS_PRON_rate_baixo""]",DEP_acl:relcl_rate_baixo + DEP_aux:pass_rate_alto + POS_PRON_rate_baixo,"[""625273c5a7ac"", ""c97238412482""]",c97238412482,121,0.084027777777777785,True,1,"[""DEP_acl:relcl"", ""POS_PRON"", ""auxiliares""]",DEP_acl:relcl|POS_PRON|auxiliares,False,True,True,0.28987545218210142,research_only,outside_review_top20,
f114da92c47e,"[""DEP_advcl_rate_baixo"", ""DEP_cop_rate_baixo"", ""DEP_det_rate_baixo""]",DEP_advcl_rate_baixo + DEP_cop_rate_baixo + DEP_det_rate_baixo,"[""db4090c87d68""]",db4090c87d68,121,0.084027777777777785,True,1,"[""DEP_advcl"", ""DEP_cop"", ""determinacao""]",DEP_advcl|DEP_cop|determinacao,False,True,True,0.28987545218210142,research_only,outside_review_top20,
761c3f99de3e,"[""DEP_acl:relcl_rate_baixo"", ""DEP_cop_rate_baixo"", ""POS_SCONJ_rate_alto""]",DEP_acl:relcl_rate_baixo + DEP_cop_rate_baixo + POS_SCONJ_rate_alto,"[""996cd1c868a2""]",996cd1c868a2,146,0.10138888888888889,True,0.91000000000000003,"[""DEP_acl:relcl"", ""DEP_cop"", ""subordinacao""]",DEP_acl:relcl|DEP_cop|subordinacao,False,True,True,0.28975875981389915,research_only,outside_review_top20,
c43e36d6b8c6,"[""DEP_acl_rate_baixo"", ""DEP_ccomp_rate_baixo"", ""diversidade_baixo""]",DEP_acl_rate_baixo + DEP_ccomp_rate_baixo + diversidade_baixo,"[""57804e1d3f51""]",57804e1d3f51,131,0.090972222222222218,True,0.95999999999999996,"[""DEP_acl"", ""DEP_ccomp"", ""diversidade""]",DEP_acl|DEP_ccomp|diversidade,False,True,True,0.28955137713366175,research_only,outside_review_top20,
84d70f6bd331,"[""DEP_cc_rate_baixo"", ""DEP_mark_rate_alto"", ""POS_CCONJ_rate_baixo""]",DEP_cc_rate_baixo + DEP_mark_rate_alto + POS_CCONJ_rate_baixo,"[""52be67dc0cb9"", ""e7804e044442""]",e7804e044442,123,0.085416666666666669,True,0.98999999999999999,"[""coordenacao"", ""subordinacao""]",coordenacao|subordinacao,True,True,True,0.28933868562637804,research_only,outside_review_top20,
243556236428,"[""DEP_acl_rate_baixo"", ""DEP_ccomp_rate_baixo"", ""DEP_nummod_rate_alto""]",DEP_acl_rate_baixo + DEP_ccomp_rate_baixo + DEP_nummod_rate_alto,"[""cf8ee0a823f5""]",cf8ee0a823f5,128,0.088888888888888892,True,0.96999999999999997,"[""DEP_acl"", ""DEP_ccomp"", ""numerais""]",DEP_acl|DEP_ccomp|numerais,False,True,True,0.28919812508997278,research_only,outside_review_top20,
80134c59ccdc,"[""DEP_nsubj:pass_rate_baixo"", ""POS_ADP_rate_baixo"", ""POS_PRON_rate_alto""]",DEP_nsubj:pass_rate_baixo + POS_ADP_rate_baixo + POS_PRON_rate_alto,"[""d79b1faf7acb""]",d79b1faf7acb,128,0.088888888888888892,True,0.96999999999999997,"[""DEP_nsubj:pass"", ""POS_PRON"", ""relacoes_preposicionais""]",DEP_nsubj:pass|POS_PRON|relacoes_preposicionais,False,True,True,0.28919812508997278,research_only,outside_review_top20,
9c2f424adb35,"[""DEP_advmod_rate_baixo"", ""DEP_ccomp_rate_baixo"", ""POS_ADP_rate_alto""]",DEP_advmod_rate_baixo + DEP_ccomp_rate_baixo + POS_ADP_rate_alto,"[""8ecdb7936017""]",8ecdb7936017,136,0.094444444444444442,True,0.93999999999999995,"[""DEP_ccomp"", ""modificacao_adverbial"", ""relacoes_preposicionais""]",DEP_ccomp|modificacao_adverbial|relacoes_preposicionais,False,True,True,0.2888790596618438,research_only,outside_review_top20,
777437f6086f,"[""DEP_advcl_rate_baixo"", ""DEP_flat:name_rate_baixo"", ""POS_PROPN_rate_baixo""]",DEP_advcl_rate_baixo + DEP_flat:name_rate_baixo + POS_PROPN_rate_baixo,"[""53943222fb3d"", ""e65ee97a4abe""]",e65ee97a4abe,125,0.086805555555555552,True,0.97999999999999998,"[""DEP_advcl"", ""DEP_flat:name"", ""POS_PROPN""]",DEP_advcl|DEP_flat:name|POS_PROPN,False,True,True,0.28873526898450691,research_only,outside_review_top20,
22d13decff36,"[""DEP_obj_rate_baixo"", ""DEP_xcomp_rate_baixo"", ""POS_VERB_rate_baixo""]",DEP_obj_rate_baixo + DEP_xcomp_rate_baixo + POS_VERB_rate_baixo,"[""126cc7382b1d"", ""9b4a3459bce2""]",9b4a3459bce2,120,0.083333333333333329,True,1,"[""DEP_obj"", ""DEP_xcomp"", ""POS_VERB""]",DEP_obj|DEP_xcomp|POS_VERB,False,True,True,0.28867513459481287,research_only,outside_review_top20,
6ac980ab7ccf,"[""DEP_acl:relcl_rate_baixo"", ""DEP_xcomp_rate_baixo"", ""uppercaseRatio_alto""]",DEP_acl:relcl_rate_baixo + DEP_xcomp_rate_baixo + uppercaseRatio_alto,"[""1f41038cf829"", ""4a403e2195b3""]",4a403e2195b3,120,0.083333333333333329,True,1,"[""DEP_acl:relcl"", ""DEP_xcomp"", ""uppercaseRatio""]",DEP_acl:relcl|DEP_xcomp|uppercaseRatio,False,True,True,0.28867513459481287,research_only,outside_review_top20,
a10c59eedf5e,"[""DEP_acl:relcl_rate_baixo"", ""POS_PRON_rate_baixo"", ""diversidade_baixo""]",DEP_acl:relcl_rate_baixo + POS_PRON_rate_baixo + diversidade_baixo,"[""a581f1594ace"", ""b68202971688""]",b68202971688,120,0.083333333333333329,True,1,"[""DEP_acl:relcl"", ""POS_PRON"", ""diversidade""]",DEP_acl:relcl|POS_PRON|diversidade,False,True,True,0.28867513459481287,research_only,outside_review_top20,
b59475dbaaa4,"[""DEP_mark_rate_alto"", ""DEP_xcomp_rate_alto"", ""POS_SCONJ_rate_alto""]",DEP_mark_rate_alto + DEP_xcomp_rate_alto + POS_SCONJ_rate_alto,"[""439ea9ff111b"", ""efe34d1b98cf""]",efe34d1b98cf,120,0.083333333333333329,True,1,"[""DEP_xcomp"", ""subordinacao""]",DEP_xcomp|subordinacao,True,True,True,0.28867513459481287,research_only,outside_review_top20,
c88ca50a8798,"[""DEP_nsubj:pass_rate_alto"", ""DEP_nummod_rate_baixo"", ""POS_NUM_rate_baixo""]",DEP_nsubj:pass_rate_alto + DEP_nummod_rate_baixo + POS_NUM_rate_baixo,"[""0661ac868846"", ""d49dc93acada""]",0661ac868846,120,0.083333333333333329,True,1,"[""DEP_nsubj:pass"", ""numerais""]",DEP_nsubj:pass|numerais,True,True,True,0.28867513459481287,research_only,same_mechanism_family,
8dc6fb0dbca9,"[""DEP_advcl_rate_baixo"", ""DEP_nummod_rate_baixo"", ""punctuationDensity_spacy_alto""]",DEP_advcl_rate_baixo + DEP_nummod_rate_baixo + punctuationDensity_spacy_alto,"[""79d9021ee43a""]",79d9021ee43a,122,0.084722222222222227,True,0.98999999999999999,"[""DEP_advcl"", ""numerais"", ""punctuationDensity_spacy""]",DEP_advcl|numerais|punctuationDensity_spacy,False,True,True,0.28816011174345418,research_only,outside_review_top20,
1d9d91f02235,"[""DEP_ccomp_rate_baixo"", ""POS_NOUN_rate_alto"", ""uppercaseRatio_baixo""]",DEP_ccomp_rate_baixo + POS_NOUN_rate_alto + uppercaseRatio_baixo,"[""38d9c569a5ce"", ""9d2f2cf10054""]",9d2f2cf10054,127,0.08819444444444445,True,0.96999999999999997,"[""DEP_ccomp"", ""POS_NOUN"", ""uppercaseRatio""]",DEP_ccomp|POS_NOUN|uppercaseRatio,False,False,True,0.28806622984615499,research_only,outside_review_top20,
4dc6e0a43b02,"[""DEP_cc_rate_baixo"", ""DEP_nsubj:pass_rate_alto"", ""POS_CCONJ_rate_baixo""]",DEP_cc_rate_baixo + DEP_nsubj:pass_rate_alto + POS_CCONJ_rate_baixo,"[""2ce8478deb7c"", ""c73c394f3996""]",c73c394f3996,127,0.08819444444444445,True,0.96999999999999997,"[""DEP_nsubj:pass"", ""coordenacao""]",DEP_nsubj:pass|coordenacao,True,True,True,0.28806622984615499,research_only,outside_review_top20,
9728834e0a63,"[""DEP_advcl_rate_baixo"", ""DEP_cop_rate_alto"", ""DEP_nsubj:pass_rate_baixo""]",DEP_advcl_rate_baixo + DEP_cop_rate_alto + DEP_nsubj:pass_rate_baixo,"[""7f69f703be71""]",7f69f703be71,169,0.11736111111111111,True,0.83999999999999997,"[""DEP_advcl"", ""DEP_cop"", ""DEP_nsubj:pass""]",DEP_advcl|DEP_cop|DEP_nsubj:pass,False,True,True,0.28776726707532246,research_only,outside_review_top20,
2421f1a4b674,"[""DEP_aux:pass_rate_baixo"", ""DEP_cop_rate_baixo"", ""POS_DET_rate_baixo""]",DEP_aux:pass_rate_baixo + DEP_cop_rate_baixo + POS_DET_rate_baixo,"[""7a25a8ede76c""]",7a25a8ede76c,132,0.09166666666666666,True,0.94999999999999996,"[""DEP_cop"", ""auxiliares"", ""determinacao""]",DEP_cop|auxiliares|determinacao,False,True,True,0.2876267836392617,research_only,outside_review_top20,
0eb345e8a31b,"[""DEP_ccomp_rate_baixo"", ""DEP_mark_rate_baixo"", ""POS_NUM_rate_baixo""]",DEP_ccomp_rate_baixo + DEP_mark_rate_baixo + POS_NUM_rate_baixo,"[""cc00ca834d00""]",cc00ca834d00,119,0.082638888888888887,True,1,"[""DEP_ccomp"", ""numerais"", ""subordinacao""]",DEP_ccomp|numerais|subordinacao,False,True,True,0.28746980517767234,research_only,outside_review_top20,
6b9567259c15,"[""DEP_ccomp_rate_baixo"", ""POS_PRON_rate_baixo"", ""POS_VERB_rate_baixo""]",DEP_ccomp_rate_baixo + POS_PRON_rate_baixo + POS_VERB_rate_baixo,"[""c882a83d95db""]",c882a83d95db,119,0.082638888888888887,True,1,"[""DEP_ccomp"", ""POS_PRON"", ""POS_VERB""]",DEP_ccomp|POS_PRON|POS_VERB,False,False,True,0.28746980517767234,research_only,outside_review_top20,
8a5def69a3d9,"[""DEP_acl_rate_baixo"", ""DEP_aux:pass_rate_alto"", ""DEP_cop_rate_baixo""]",DEP_acl_rate_baixo + DEP_aux:pass_rate_alto + DEP_cop_rate_baixo,"[""62bc01de62ab""]",62bc01de62ab,119,0.082638888888888887,True,1,"[""DEP_acl"", ""DEP_cop"", ""auxiliares""]",DEP_acl|DEP_cop|auxiliares,False,True,True,0.28746980517767234,research_only,outside_review_top20,
acc15f2707d3,"[""DEP_advcl_rate_baixo"", ""DEP_xcomp_rate_baixo"", ""POS_NOUN_rate_alto""]",DEP_advcl_rate_baixo + DEP_xcomp_rate_baixo + POS_NOUN_rate_alto,"[""9efed25fd33b"", ""ce5a3414a91c""]",ce5a3414a91c,119,0.082638888888888887,True,1,"[""DEP_advcl"", ""DEP_xcomp"", ""POS_NOUN""]",DEP_advcl|DEP_xcomp|POS_NOUN,False,True,True,0.28746980517767234,research_only,outside_review_top20,
c52b95bd6468,"[""DEP_ccomp_rate_baixo"", ""DEP_xcomp_rate_baixo"", ""POS_CCONJ_rate_alto""]",DEP_ccomp_rate_baixo + DEP_xcomp_rate_baixo + POS_CCONJ_rate_alto,"[""66e88b1b0755"", ""78d6dbfb699d""]",78d6dbfb699d,119,0.082638888888888887,True,1,"[""DEP_ccomp"", ""DEP_xcomp"", ""coordenacao""]",DEP_ccomp|DEP_xcomp|coordenacao,False,True,True,0.28746980517767234,research_only,outside_review_top20,
0495779ca77e,"[""DEP_case_rate_alto"", ""DEP_cop_rate_baixo"", ""POS_SCONJ_rate_baixo""]",DEP_case_rate_alto + DEP_cop_rate_baixo + POS_SCONJ_rate_baixo,"[""5d2d914d7baf"", ""66a6b941c94c""]",5d2d914d7baf,126,0.087499999999999994,True,0.96999999999999997,"[""DEP_cop"", ""relacoes_preposicionais"", ""subordinacao""]",DEP_cop|relacoes_preposicionais|subordinacao,False,True,True,0.28692986948033139,research_only,outside_review_top20,
fb1bbe9a3ee3,"[""DEP_aux:pass_rate_baixo"", ""DEP_nmod_rate_alto"", ""POS_VERB_rate_baixo""]",DEP_aux:pass_rate_baixo + DEP_nmod_rate_alto + POS_VERB_rate_baixo,"[""209ec047605f"", ""c93fe23ea6d7""]",209ec047605f,143,0.09930555555555555,True,0.91000000000000003,"[""DEP_nmod"", ""POS_VERB"", ""auxiliares""]",DEP_nmod|POS_VERB|auxiliares,False,True,True,0.28676633441803373,research_only,outside_review_top20,
2019154731c4,"[""DEP_acl:relcl_rate_alto"", ""DEP_acl_rate_baixo"", ""POS_PRON_rate_alto""]",DEP_acl:relcl_rate_alto + DEP_acl_rate_baixo + POS_PRON_rate_alto,"[""8eb8f33d0460"", ""94c2b8fe1bf9"", ""b9e10bb54cda""]",b9e10bb54cda,123,0.085416666666666669,True,0.97999999999999998,"[""DEP_acl"", ""DEP_acl:relcl"", ""POS_PRON""]",DEP_acl|DEP_acl:relcl|POS_PRON,False,True,True,0.28641607264025298,research_only,outside_review_top20,
005d9f954667,"[""DEP_acl_rate_alto"", ""DEP_aux:pass_rate_baixo"", ""POS_AUX_rate_baixo""]",DEP_acl_rate_alto + DEP_aux:pass_rate_baixo + POS_AUX_rate_baixo,"[""31a0d7118406""]",31a0d7118406,118,0.081944444444444445,True,1,"[""DEP_acl"", ""auxiliares""]",DEP_acl|auxiliares,True,True,True,0.28625940062196115,research_only,outside_review_top20,
32b52a1854b8,"[""DEP_acl:relcl_rate_baixo"", ""DEP_obj_rate_baixo"", ""DEP_xcomp_rate_baixo""]",DEP_acl:relcl_rate_baixo + DEP_obj_rate_baixo + DEP_xcomp_rate_baixo,"[""1a88684d4d5e"", ""6f0fd55bf9f1""]",6f0fd55bf9f1,118,0.081944444444444445,True,1,"[""DEP_acl:relcl"", ""DEP_obj"", ""DEP_xcomp""]",DEP_acl:relcl|DEP_obj|DEP_xcomp,False,True,True,0.28625940062196115,research_only,outside_review_top20,
5ce7665ab3c0,"[""DEP_acl:relcl_rate_baixo"", ""DEP_advcl_rate_alto"", ""POS_PRON_rate_baixo""]",DEP_acl:relcl_rate_baixo + DEP_advcl_rate_alto + POS_PRON_rate_baixo,"[""01af5d620f15"", ""6b069fa33dec""]",01af5d620f15,118,0.081944444444444445,True,1,"[""DEP_acl:relcl"", ""DEP_advcl"", ""POS_PRON""]",DEP_acl:relcl|DEP_advcl|POS_PRON,False,True,True,0.28625940062196115,research_only,outside_review_top20,
a7d96f8ec496,"[""DEP_acl_rate_baixo"", ""DEP_cop_rate_alto"", ""POS_AUX_rate_alto""]",DEP_acl_rate_baixo + DEP_cop_rate_alto + POS_AUX_rate_alto,"[""9bed65be3338"", ""afc93e7079f3"", ""ee2fc18eb22b""]",9bed65be3338,118,0.081944444444444445,True,1,"[""DEP_acl"", ""DEP_cop"", ""auxiliares""]",DEP_acl|DEP_cop|auxiliares,False,True,True,0.28625940062196115,research_only,outside_review_top20,
ff21cc52ff67,"[""DEP_cc_rate_baixo"", ""DEP_ccomp_rate_alto"", ""POS_CCONJ_rate_baixo""]",DEP_cc_rate_baixo + DEP_ccomp_rate_alto + POS_CCONJ_rate_baixo,"[""ab2027889f7b"", ""af012ba4c497""]",af012ba4c497,118,0.081944444444444445,True,1,"[""DEP_ccomp"", ""coordenacao""]",DEP_ccomp|coordenacao,True,True,True,0.28625940062196115,research_only,outside_review_top20,
34c339a0b5c4,"[""DEP_aux:pass_rate_baixo"", ""DEP_conj_rate_alto"", ""DEP_xcomp_rate_baixo""]",DEP_aux:pass_rate_baixo + DEP_conj_rate_alto + DEP_xcomp_rate_baixo,"[""e62bee83765a"", ""ec744267006a""]",ec744267006a,128,0.088888888888888892,True,0.95999999999999996,"[""DEP_xcomp"", ""auxiliares"", ""coordenacao""]",DEP_xcomp|auxiliares|coordenacao,False,True,True,0.2862167011199731,research_only,outside_review_top20,
645aefd84587,"[""DEP_ccomp_rate_baixo"", ""DEP_mark_rate_baixo"", ""POS_AUX_rate_baixo""]",DEP_ccomp_rate_baixo + DEP_mark_rate_baixo + POS_AUX_rate_baixo,"[""b10c427b09de"", ""f04b26940380""]",b10c427b09de,128,0.088888888888888892,True,0.95999999999999996,"[""DEP_ccomp"", ""auxiliares"", ""subordinacao""]",DEP_ccomp|auxiliares|subordinacao,False,True,True,0.2862167011199731,research_only,outside_review_top20,
16672c2612ea,"[""DEP_cop_rate_baixo"", ""DEP_obj_rate_alto"", ""POS_VERB_rate_alto""]",DEP_cop_rate_baixo + DEP_obj_rate_alto + POS_VERB_rate_alto,"[""45b113b6948b"", ""7ca2dab7959a""]",7ca2dab7959a,139,0.096527777777777782,True,0.92000000000000004,"[""DEP_cop"", ""DEP_obj"", ""POS_VERB""]",DEP_cop|DEP_obj|POS_VERB,False,True,True,0.28583406219537782,research_only,outside_review_top20,
f1d909645bd9,"[""DEP_aux:pass_rate_baixo"", ""POS_NUM_rate_baixo"", ""POS_VERB_rate_alto""]",DEP_aux:pass_rate_baixo + POS_NUM_rate_baixo + POS_VERB_rate_alto,"[""ade32f19e857""]",ade32f19e857,136,0.094444444444444442,True,0.93000000000000005,"[""POS_VERB"", ""auxiliares"", ""numerais""]",POS_VERB|auxiliares|numerais,False,True,True,0.28580587817607955,research_only,outside_review_top20,
9fc8b6be4b21,"[""DEP_advcl_rate_baixo"", ""DEP_flat:name_rate_alto"", ""POS_SCONJ_rate_baixo""]",DEP_advcl_rate_baixo + DEP_flat:name_rate_alto + POS_SCONJ_rate_baixo,"[""3f7fc4043327"", ""b966dc154e68""]",3f7fc4043327,125,0.086805555555555552,True,0.96999999999999997,"[""DEP_advcl"", ""DEP_flat:name"", ""subordinacao""]",DEP_advcl|DEP_flat:name|subordinacao,False,True,True,0.28578899072956299,research_only,outside_review_top20,
190077152b7a,"[""DEP_cop_rate_baixo"", ""DEP_nummod_rate_baixo"", ""POS_PRON_rate_alto""]",DEP_cop_rate_baixo + DEP_nummod_rate_baixo + POS_PRON_rate_alto,"[""5c0cf316519e""]",5c0cf316519e,120,0.083333333333333329,True,0.98999999999999999,"[""DEP_cop"", ""POS_PRON"", ""numerais""]",DEP_cop|POS_PRON|numerais,False,True,True,0.28578838324886474,research_only,outside_review_top20,
f2e98ce6bca5,"[""DEP_det_rate_baixo"", ""DEP_nummod_rate_alto"", ""POS_DET_rate_baixo""]",DEP_det_rate_baixo + DEP_nummod_rate_alto + POS_DET_rate_baixo,"[""8c76e6acea34"", ""d9ce66ed0698""]",8c76e6acea34,133,0.092361111111111116,True,0.93999999999999995,"[""determinacao"", ""numerais""]",determinacao|numerais,True,True,True,0.28567512628469732,research_only,outside_review_top20,
35033f7facfb,"[""DEP_advcl_rate_baixo"", ""DEP_nmod_rate_alto"", ""POS_PRON_rate_baixo""]",DEP_advcl_rate_baixo + DEP_nmod_rate_alto + POS_PRON_rate_baixo,"[""4809f38bb876""]",4809f38bb876,127,0.08819444444444445,True,0.95999999999999996,"[""DEP_advcl"", ""DEP_nmod"", ""POS_PRON""]",DEP_advcl|DEP_nmod|POS_PRON,False,True,True,0.28509647489928741,research_only,outside_review_top20,
3f8cf2affce8,"[""DEP_acl:relcl_rate_baixo"", ""POS_PRON_rate_baixo"", ""punctuationDensity_spacy_baixo""]",DEP_acl:relcl_rate_baixo + POS_PRON_rate_baixo + punctuationDensity_spacy_baixo,"[""3abede8b7731"", ""ea8702d2521f""]",ea8702d2521f,117,0.081250000000000003,True,1,"[""DEP_acl:relcl"", ""POS_PRON"", ""punctuationDensity_spacy""]",DEP_acl:relcl|POS_PRON|punctuationDensity_spacy,False,True,True,0.28504385627478451,research_only,outside_review_top20,
f9683d5fcf2b,"[""DEP_ccomp_rate_baixo"", ""DEP_conj_rate_alto"", ""POS_SCONJ_rate_baixo""]",DEP_ccomp_rate_baixo + DEP_conj_rate_alto + POS_SCONJ_rate_baixo,"[""5d0a61a75197"", ""be9bbb33bca3""]",be9bbb33bca3,117,0.081250000000000003,True,1,"[""DEP_ccomp"", ""coordenacao"", ""subordinacao""]",DEP_ccomp|coordenacao|subordinacao,False,True,True,0.28504385627478451,research_only,outside_review_top20,
a652842bb9f5,"[""DEP_nsubj:pass_rate_baixo"", ""DEP_xcomp_rate_baixo"", ""POS_DET_rate_alto""]",DEP_nsubj:pass_rate_baixo + DEP_xcomp_rate_baixo + POS_DET_rate_alto,"[""127e689b87fd""]",127e689b87fd,135,0.09375,True,0.93000000000000005,"[""DEP_nsubj:pass"", ""DEP_xcomp"", ""determinacao""]",DEP_nsubj:pass|DEP_xcomp|determinacao,False,True,True,0.28475318259854443,research_only,outside_review_top20,
1cd1fd9d6c00,"[""DEP_advmod_rate_baixo"", ""POS_ADV_rate_baixo"", ""POS_CCONJ_rate_baixo""]",DEP_advmod_rate_baixo + POS_ADV_rate_baixo + POS_CCONJ_rate_baixo,"[""1c8051d68eb1"", ""87e9fcddc328""]",1c8051d68eb1,132,0.09166666666666666,True,0.93999999999999995,"[""coordenacao"", ""modificacao_adverbial""]",coordenacao|modificacao_adverbial,True,True,True,0.28459913328516417,research_only,outside_review_top20,
42ee95cd7ebc,"[""DEP_advcl_rate_baixo"", ""DEP_cop_rate_alto"", ""POS_AUX_rate_alto""]",DEP_advcl_rate_baixo + DEP_cop_rate_alto + POS_AUX_rate_alto,"[""44b71afb8ef4"", ""a797cdb4ebab""]",44b71afb8ef4,119,0.082638888888888887,True,0.98999999999999999,"[""DEP_advcl"", ""DEP_cop"", ""auxiliares""]",DEP_advcl|DEP_cop|auxiliares,False,True,True,0.28459510712589564,research_only,outside_review_top20,
72f254653239,"[""DEP_mark_rate_baixo"", ""POS_CCONJ_rate_alto"", ""POS_SCONJ_rate_baixo""]",DEP_mark_rate_baixo + POS_CCONJ_rate_alto + POS_SCONJ_rate_baixo,"[""7fdb1f399cc3"", ""92a5b7bdce61""]",92a5b7bdce61,119,0.082638888888888887,True,0.98999999999999999,"[""coordenacao"", ""subordinacao""]",coordenacao|subordinacao,True,True,True,0.28459510712589564,research_only,outside_review_top20,
8b78d952d66f,"[""DEP_ccomp_rate_baixo"", ""POS_CCONJ_rate_alto"", ""POS_SCONJ_rate_baixo""]",DEP_ccomp_rate_baixo + POS_CCONJ_rate_alto + POS_SCONJ_rate_baixo,"[""a166f3ec9fc9"", ""be02071fadb6""]",be02071fadb6,119,0.082638888888888887,True,0.98999999999999999,"[""DEP_ccomp"", ""coordenacao"", ""subordinacao""]",DEP_ccomp|coordenacao|subordinacao,False,True,True,0.28459510712589564,research_only,outside_review_top20,
ca310a821e6e,"[""DEP_cop_rate_baixo"", ""DEP_flat:name_rate_alto"", ""DEP_xcomp_rate_baixo""]",DEP_cop_rate_baixo + DEP_flat:name_rate_alto + DEP_xcomp_rate_baixo,"[""477fd437cf32"", ""5ebcf52ae54f""]",5ebcf52ae54f,119,0.082638888888888887,True,0.98999999999999999,"[""DEP_cop"", ""DEP_flat:name"", ""DEP_xcomp""]",DEP_cop|DEP_flat:name|DEP_xcomp,False,True,True,0.28459510712589564,research_only,outside_review_top20,
8520ed26ca5f,"[""DEP_advcl_rate_alto"", ""DEP_ccomp_rate_baixo"", ""DEP_cop_rate_baixo""]",DEP_advcl_rate_alto + DEP_ccomp_rate_baixo + DEP_cop_rate_baixo,"[""04cc8661d2a9""]",04cc8661d2a9,147,0.10208333333333333,True,0.89000000000000001,"[""DEP_advcl"", ""DEP_ccomp"", ""DEP_cop""]",DEP_advcl|DEP_ccomp|DEP_cop,False,True,True,0.28435929443809871,research_only,outside_review_top20,
d0c850fe0343,"[""DEP_aux:pass_rate_baixo"", ""DEP_flat:name_rate_baixo"", ""uppercaseRatio_baixo""]",DEP_aux:pass_rate_baixo + DEP_flat:name_rate_baixo + uppercaseRatio_baixo,"[""32e773ca100e""]",32e773ca100e,147,0.10208333333333333,True,0.89000000000000001,"[""DEP_flat:name"", ""auxiliares"", ""uppercaseRatio""]",DEP_flat:name|auxiliares|uppercaseRatio,False,True,True,0.28435929443809871,research_only,outside_review_top20,
84ee46c0ffaf,"[""DEP_acl:relcl_rate_baixo"", ""DEP_aux:pass_rate_baixo"", ""DEP_mark_rate_alto""]",DEP_acl:relcl_rate_baixo + DEP_aux:pass_rate_baixo + DEP_mark_rate_alto,"[""6d77ea348c8a""]",6d77ea348c8a,169,0.11736111111111111,True,0.82999999999999996,"[""DEP_acl:relcl"", ""auxiliares"", ""subordinacao""]",DEP_acl:relcl|auxiliares|subordinacao,False,True,True,0.28434146627680673,research_only,outside_review_top20,
8ade5225e53f,"[""DEP_cop_rate_baixo"", ""DEP_xcomp_rate_baixo"", ""POS_PROPN_rate_alto""]",DEP_cop_rate_baixo + DEP_xcomp_rate_baixo + POS_PROPN_rate_alto,"[""08b46628c93d"", ""e9f0f6947a5e""]",08b46628c93d,129,0.089583333333333334,True,0.94999999999999996,"[""DEP_cop"", ""DEP_xcomp"", ""POS_PROPN""]",DEP_cop|DEP_xcomp|POS_PROPN,False,True,True,0.28433951243774286,research_only,outside_review_top20,
d2b8cf648095,"[""DEP_case_rate_alto"", ""POS_ADP_rate_alto"", ""POS_CCONJ_rate_baixo""]",DEP_case_rate_alto + POS_ADP_rate_alto + POS_CCONJ_rate_baixo,"[""1731d8bf9ed0"", ""bfd08d84b632""]",bfd08d84b632,129,0.089583333333333334,True,0.94999999999999996,"[""coordenacao"", ""relacoes_preposicionais""]",coordenacao|relacoes_preposicionais,True,True,True,0.28433951243774286,research_only,outside_review_top20,
ae4325f87a82,"[""DEP_appos_rate_baixo"", ""DEP_nummod_rate_baixo"", ""uppercaseRatio_baixo""]",DEP_appos_rate_baixo + DEP_nummod_rate_baixo + uppercaseRatio_baixo,"[""125d1375a9e4""]",125d1375a9e4,121,0.084027777777777785,True,0.97999999999999998,"[""DEP_appos"", ""numerais"", ""uppercaseRatio""]",DEP_appos|numerais|uppercaseRatio,False,True,True,0.28407794313845941,research_only,outside_review_top20,
f57f0788284c,"[""DEP_acl:relcl_rate_baixo"", ""DEP_advcl_rate_alto"", ""POS_NUM_rate_baixo""]",DEP_acl:relcl_rate_baixo + DEP_advcl_rate_alto + POS_NUM_rate_baixo,"[""7bf54c1cdc25""]",7bf54c1cdc25,121,0.084027777777777785,True,0.97999999999999998,"[""DEP_acl:relcl"", ""DEP_advcl"", ""numerais""]",DEP_acl:relcl|DEP_advcl|numerais,False,True,True,0.28407794313845941,research_only,outside_review_top20,
d3eefc7948c5,"[""DEP_nmod_rate_alto"", ""POS_ADP_rate_alto"", ""POS_SCONJ_rate_baixo""]",DEP_nmod_rate_alto + POS_ADP_rate_alto + POS_SCONJ_rate_baixo,"[""074b1c082dd4"", ""3f7c55476d0c"", ""6b164f69897f""]",074b1c082dd4,126,0.087499999999999994,True,0.95999999999999996,"[""DEP_nmod"", ""relacoes_preposicionais"", ""subordinacao""]",DEP_nmod|relacoes_preposicionais|subordinacao,False,True,True,0.28397182958878153,research_only,outside_review_top20,
a3fc0cb1d285,"[""DEP_ccomp_rate_baixo"", ""DEP_conj_rate_alto"", ""DEP_xcomp_rate_baixo""]",DEP_ccomp_rate_baixo + DEP_conj_rate_alto + DEP_xcomp_rate_baixo,"[""de9e6c20603e"", ""e46b2ebb405f""]",e46b2ebb405f,116,0.080555555555555561,True,1,"[""DEP_ccomp"", ""DEP_xcomp"", ""coordenacao""]",DEP_ccomp|DEP_xcomp|coordenacao,False,True,True,0.28382310609877337,research_only,outside_review_top20,
e9c690de83d7,"[""DEP_advcl_rate_baixo"", ""DEP_cc_rate_alto"", ""DEP_xcomp_rate_baixo""]",DEP_advcl_rate_baixo + DEP_cc_rate_alto + DEP_xcomp_rate_baixo,"[""6c5963895d3b"", ""83babdd4fa9d""]",6c5963895d3b,116,0.080555555555555561,True,1,"[""DEP_advcl"", ""DEP_xcomp"", ""coordenacao""]",DEP_advcl|DEP_xcomp|coordenacao,False,True,True,0.28382310609877337,research_only,outside_review_top20,
51fef8c68c61,"[""DEP_acl:relcl_rate_baixo"", ""DEP_ccomp_rate_baixo"", ""DEP_flat:name_rate_alto""]",DEP_acl:relcl_rate_baixo + DEP_ccomp_rate_baixo + DEP_flat:name_rate_alto,"[""8ce80c2df69b"", ""ff120687edb9""]",8ce80c2df69b,137,0.095138888888888884,True,0.92000000000000004,"[""DEP_acl:relcl"", ""DEP_ccomp"", ""DEP_flat:name""]",DEP_acl:relcl|DEP_ccomp|DEP_flat:name,False,True,True,0.28377025135760015,research_only,outside_review_top20,
fe456f154ea1,"[""DEP_acl_rate_baixo"", ""DEP_advcl_rate_baixo"", ""DEP_flat:name_rate_alto""]",DEP_acl_rate_baixo + DEP_advcl_rate_baixo + DEP_flat:name_rate_alto,"[""db90509bbf43""]",db90509bbf43,143,0.09930555555555555,True,0.90000000000000002,"[""DEP_acl"", ""DEP_advcl"", ""DEP_flat:name""]",DEP_acl|DEP_advcl|DEP_flat:name,False,True,True,0.28361505601783554,research_only,outside_review_top20,
4e0b89275d26,"[""DEP_advcl_rate_baixo"", ""DEP_obj_rate_baixo"", ""POS_SCONJ_rate_baixo""]",DEP_advcl_rate_baixo + DEP_obj_rate_baixo + POS_SCONJ_rate_baixo,"[""45bcb212cfa6""]",45bcb212cfa6,131,0.090972222222222218,True,0.93999999999999995,"[""DEP_advcl"", ""DEP_obj"", ""subordinacao""]",DEP_advcl|DEP_obj|subordinacao,False,True,True,0.28351905677671041,research_only,outside_review_top20,
6c0ca72adca7,"[""DEP_ccomp_rate_baixo"", ""DEP_nsubj_rate_baixo"", ""uppercaseRatio_baixo""]",DEP_ccomp_rate_baixo + DEP_nsubj_rate_baixo + uppercaseRatio_baixo,"[""fbadc1bd5861""]",fbadc1bd5861,131,0.090972222222222218,True,0.93999999999999995,"[""DEP_ccomp"", ""DEP_nsubj"", ""uppercaseRatio""]",DEP_ccomp|DEP_nsubj|uppercaseRatio,False,False,True,0.28351905677671041,research_only,outside_review_top20,
10e6e07a8421,"[""DEP_acl:relcl_rate_baixo"", ""DEP_nsubj_rate_baixo"", ""POS_VERB_rate_baixo""]",DEP_acl:relcl_rate_baixo + DEP_nsubj_rate_baixo + POS_VERB_rate_baixo,"[""d176a27c9854""]",d176a27c9854,123,0.085416666666666669,True,0.96999999999999997,"[""DEP_acl:relcl"", ""DEP_nsubj"", ""POS_VERB""]",DEP_acl:relcl|DEP_nsubj|POS_VERB,False,True,True,0.28349345965412798,research_only,outside_review_top20,
8ce32df9edeb,"[""DEP_aux:pass_rate_baixo"", ""DEP_conj_rate_baixo"", ""DEP_nummod_rate_baixo""]",DEP_aux:pass_rate_baixo + DEP_conj_rate_baixo + DEP_nummod_rate_baixo,"[""dd4f72702aa0""]",dd4f72702aa0,164,0.11388888888888889,True,0.83999999999999997,"[""auxiliares"", ""coordenacao"", ""numerais""]",auxiliares|coordenacao|numerais,False,True,True,0.28347839423843219,research_only,outside_review_top20,
3d1a19999bc0,"[""DEP_nsubj:pass_rate_baixo"", ""DEP_xcomp_rate_baixo"", ""POS_PRON_rate_baixo""]",DEP_nsubj:pass_rate_baixo + DEP_xcomp_rate_baixo + POS_PRON_rate_baixo,"[""f1d902a77c8e""]",f1d902a77c8e,172,0.11944444444444445,True,0.81999999999999995,"[""DEP_nsubj:pass"", ""DEP_xcomp"", ""POS_PRON""]",DEP_nsubj:pass|DEP_xcomp|POS_PRON,False,True,True,0.28339803182881218,research_only,outside_review_top20,
d69d4b8d15eb,"[""DEP_acl_rate_alto"", ""DEP_nsubj:pass_rate_baixo"", ""POS_AUX_rate_baixo""]",DEP_acl_rate_alto + DEP_nsubj:pass_rate_baixo + POS_AUX_rate_baixo,"[""f38f65507a6d""]",f38f65507a6d,118,0.081944444444444445,True,0.98999999999999999,"[""DEP_acl"", ""DEP_nsubj:pass"", ""auxiliares""]",DEP_acl|DEP_nsubj:pass|auxiliares,False,True,True,0.28339680661574151,research_only,same_mechanism_family,
29d1862faefe,"[""DEP_det_rate_baixo"", ""POS_DET_rate_baixo"", ""POS_NOUN_rate_alto""]",DEP_det_rate_baixo + POS_DET_rate_baixo + POS_NOUN_rate_alto,"[""53298d77655d"", ""9dae78dec78d""]",53298d77655d,120,0.083333333333333329,True,0.97999999999999998,"[""POS_NOUN"", ""determinacao""]",POS_NOUN|determinacao,True,True,True,0.28290163190291662,research_only,outside_review_top20,
35843cb524d8,"[""DEP_nsubj_rate_alto"", ""DEP_nummod_rate_baixo"", ""POS_ADP_rate_baixo""]",DEP_nsubj_rate_alto + DEP_nummod_rate_baixo + POS_ADP_rate_baixo,"[""04e0dd5685d7"", ""98ec7c2bbbfa""]",98ec7c2bbbfa,120,0.083333333333333329,True,0.97999999999999998,"[""DEP_nsubj"", ""numerais"", ""relacoes_preposicionais""]",DEP_nsubj|numerais|relacoes_preposicionais,False,True,True,0.28290163190291662,research_only,outside_review_top20,
5239f7377810,"[""DEP_acl:relcl_rate_baixo"", ""DEP_mark_rate_baixo"", ""POS_VERB_rate_baixo""]",DEP_acl:relcl_rate_baixo + DEP_mark_rate_baixo + POS_VERB_rate_baixo,"[""29a724d9e589"", ""f193ae2c29a6""]",f193ae2c29a6,125,0.086805555555555552,True,0.95999999999999996,"[""DEP_acl:relcl"", ""POS_VERB"", ""subordinacao""]",DEP_acl:relcl|POS_VERB|subordinacao,False,True,True,0.28284271247461901,research_only,outside_review_top20,
ba81a467f92f,"[""DEP_acl_rate_baixo"", ""DEP_nmod_rate_baixo"", ""DEP_nummod_rate_baixo""]",DEP_acl_rate_baixo + DEP_nmod_rate_baixo + DEP_nummod_rate_baixo,"[""211863179854""]",211863179854,125,0.086805555555555552,True,0.95999999999999996,"[""DEP_acl"", ""DEP_nmod"", ""numerais""]",DEP_acl|DEP_nmod|numerais,False,True,True,0.28284271247461901,research_only,outside_review_top20,
f8ae9a566d96,"[""DEP_advcl_rate_baixo"", ""DEP_mark_rate_baixo"", ""DEP_nsubj_rate_baixo""]",DEP_advcl_rate_baixo + DEP_mark_rate_baixo + DEP_nsubj_rate_baixo,"[""e870a4822851"", ""ea20de4aea21""]",e870a4822851,125,0.086805555555555552,True,0.95999999999999996,"[""DEP_advcl"", ""DEP_nsubj"", ""subordinacao""]",DEP_advcl|DEP_nsubj|subordinacao,False,True,True,0.28284271247461901,research_only,outside_review_top20,
fc1ca4442321,"[""DEP_acl:relcl_rate_baixo"", ""DEP_acl_rate_baixo"", ""POS_DET_rate_baixo""]",DEP_acl:relcl_rate_baixo + DEP_acl_rate_baixo + POS_DET_rate_baixo,"[""ca11d622fef5""]",ca11d622fef5,125,0.086805555555555552,True,0.95999999999999996,"[""DEP_acl"", ""DEP_acl:relcl"", ""determinacao""]",DEP_acl|DEP_acl:relcl|determinacao,False,True,True,0.28284271247461901,research_only,outside_review_top20,
967d4cba24b8,"[""DEP_acl_rate_baixo"", ""DEP_cop_rate_baixo"", ""DEP_nmod_rate_alto""]",DEP_acl_rate_baixo + DEP_cop_rate_baixo + DEP_nmod_rate_alto,"[""7650e4401ca5""]",7650e4401ca5,136,0.094444444444444442,True,0.92000000000000004,"[""DEP_acl"", ""DEP_cop"", ""DEP_nmod""]",DEP_acl|DEP_cop|DEP_nmod,False,True,True,0.28273269669031525,research_only,outside_review_top20,
32f9ecb60a51,"[""DEP_acl:relcl_rate_baixo"", ""DEP_nsubj:pass_rate_baixo"", ""POS_DET_rate_alto""]",DEP_acl:relcl_rate_baixo + DEP_nsubj:pass_rate_baixo + POS_DET_rate_alto,"[""63c5d12539e5""]",63c5d12539e5,152,0.10555555555555556,True,0.87,"[""DEP_acl:relcl"", ""DEP_nsubj:pass"", ""determinacao""]",DEP_acl:relcl|DEP_nsubj:pass|determinacao,False,True,True,0.28265703599945996,research_only,outside_review_top20,
b263ca5d91cf,"[""DEP_acl_rate_baixo"", ""DEP_case_rate_baixo"", ""DEP_nummod_rate_baixo""]",DEP_acl_rate_baixo + DEP_case_rate_baixo + DEP_nummod_rate_baixo,"[""523a6ca458e4""]",523a6ca458e4,130,0.090277777777777776,True,0.93999999999999995,"[""DEP_acl"", ""numerais"", ""relacoes_preposicionais""]",DEP_acl|numerais|relacoes_preposicionais,False,True,True,0.28243484991134582,research_only,outside_review_top20,
7e9b8049cb4b,"[""DEP_acl_rate_baixo"", ""DEP_advcl_rate_baixo"", ""POS_PROPN_rate_alto""]",DEP_acl_rate_baixo + DEP_advcl_rate_baixo + POS_PROPN_rate_alto,"[""16620f497b35"", ""7e42e13c07a0""]",16620f497b35,145,0.10069444444444445,True,0.89000000000000001,"[""DEP_acl"", ""DEP_advcl"", ""POS_PROPN""]",DEP_acl|DEP_advcl|POS_PROPN,False,True,True,0.28241825267578657,research_only,outside_review_top20,
87391334a5cc,"[""DEP_ccomp_rate_baixo"", ""POS_VERB_rate_baixo"", ""uppercaseRatio_baixo""]",DEP_ccomp_rate_baixo + POS_VERB_rate_baixo + uppercaseRatio_baixo,"[""72c462423c12""]",72c462423c12,122,0.084722222222222227,True,0.96999999999999997,"[""DEP_ccomp"", ""POS_VERB"", ""uppercaseRatio""]",DEP_ccomp|POS_VERB|uppercaseRatio,False,False,True,0.28233869534459655,research_only,outside_review_top20,
abed59a62204,"[""DEP_cc_rate_baixo"", ""POS_AUX_rate_alto"", ""POS_CCONJ_rate_baixo""]",DEP_cc_rate_baixo + POS_AUX_rate_alto + POS_CCONJ_rate_baixo,"[""10e7d4784b06"", ""5a91f707e786""]",5a91f707e786,122,0.084722222222222227,True,0.96999999999999997,"[""auxiliares"", ""coordenacao""]",auxiliares|coordenacao,True,True,True,0.28233869534459655,research_only,outside_review_top20,
b520bf001481,"[""DEP_acl_rate_alto"", ""DEP_cop_rate_baixo"", ""POS_AUX_rate_baixo""]",DEP_acl_rate_alto + DEP_cop_rate_baixo + POS_AUX_rate_baixo,"[""38910daf706c"", ""b7eda123551e""]",b7eda123551e,117,0.081250000000000003,True,0.98999999999999999,"[""DEP_acl"", ""DEP_cop"", ""auxiliares""]",DEP_acl|DEP_cop|auxiliares,False,True,True,0.28219341771203665,research_only,outside_review_top20,
c7585eff53e4,"[""DEP_acl:relcl_rate_baixo"", ""DEP_cop_rate_alto"", ""POS_AUX_rate_alto""]",DEP_acl:relcl_rate_baixo + DEP_cop_rate_alto + POS_AUX_rate_alto,"[""229b648070f7"", ""a503956022ad""]",229b648070f7,117,0.081250000000000003,True,0.98999999999999999,"[""DEP_acl:relcl"", ""DEP_cop"", ""auxiliares""]",DEP_acl:relcl|DEP_cop|auxiliares,False,True,True,0.28219341771203665,research_only,outside_review_top20,
7edb8deffaaf,"[""DEP_acl:relcl_rate_baixo"", ""DEP_case_rate_alto"", ""DEP_nsubj_rate_baixo""]",DEP_acl:relcl_rate_baixo + DEP_case_rate_alto + DEP_nsubj_rate_baixo,"[""a9de2a8f3aa3""]",a9de2a8f3aa3,127,0.08819444444444445,True,0.94999999999999996,"[""DEP_acl:relcl"", ""DEP_nsubj"", ""relacoes_preposicionais""]",DEP_acl:relcl|DEP_nsubj|relacoes_preposicionais,False,True,True,0.28212671995241984,research_only,outside_review_top20,
c9c08a74d787,"[""DEP_acl:relcl_rate_baixo"", ""POS_SCONJ_rate_baixo"", ""POS_VERB_rate_baixo""]",DEP_acl:relcl_rate_baixo + POS_SCONJ_rate_baixo + POS_VERB_rate_baixo,"[""6076d5a06498"", ""6aa599a9c12e""]",6076d5a06498,127,0.08819444444444445,True,0.94999999999999996,"[""DEP_acl:relcl"", ""POS_VERB"", ""subordinacao""]",DEP_acl:relcl|POS_VERB|subordinacao,False,True,True,0.28212671995241984,research_only,outside_review_top20,
e9681786a754,"[""DEP_ccomp_rate_baixo"", ""DEP_cop_rate_baixo"", ""diversidade_alto""]",DEP_ccomp_rate_baixo + DEP_cop_rate_baixo + diversidade_alto,"[""901d4693712c"", ""e54ddf9b7929""]",901d4693712c,127,0.08819444444444445,True,0.94999999999999996,"[""DEP_ccomp"", ""DEP_cop"", ""diversidade""]",DEP_ccomp|DEP_cop|diversidade,False,True,True,0.28212671995241984,research_only,outside_review_top20,
1def24a32937,"[""DEP_appos_rate_alto"", ""DEP_ccomp_rate_baixo"", ""POS_SCONJ_rate_baixo""]",DEP_appos_rate_alto + DEP_ccomp_rate_baixo + POS_SCONJ_rate_baixo,"[""7ea067d3f3ee"", ""ca324de549c9""]",ca324de549c9,119,0.082638888888888887,True,0.97999999999999998,"[""DEP_appos"", ""DEP_ccomp"", ""subordinacao""]",DEP_appos|DEP_ccomp|subordinacao,False,True,True,0.28172040907411888,research_only,outside_review_top20,
94a6c63ffa0d,"[""DEP_acl:relcl_rate_baixo"", ""DEP_cc_rate_alto"", ""DEP_xcomp_rate_baixo""]",DEP_acl:relcl_rate_baixo + DEP_cc_rate_alto + DEP_xcomp_rate_baixo,"[""4c998df73c45"", ""570145f7d12c""]",4c998df73c45,119,0.082638888888888887,True,0.97999999999999998,"[""DEP_acl:relcl"", ""DEP_xcomp"", ""coordenacao""]",DEP_acl:relcl|DEP_xcomp|coordenacao,False,True,True,0.28172040907411888,research_only,outside_review_top20,
fac9d35fa98c,"[""DEP_acl:relcl_rate_baixo"", ""DEP_obl_rate_baixo"", ""POS_PRON_rate_baixo""]",DEP_acl:relcl_rate_baixo + DEP_obl_rate_baixo + POS_PRON_rate_baixo,"[""4ab963bd2121"", ""863b38f47a44""]",4ab963bd2121,124,0.08611111111111111,True,0.95999999999999996,"[""DEP_acl:relcl"", ""DEP_obl"", ""POS_PRON""]",DEP_acl:relcl|DEP_obl|POS_PRON,False,True,True,0.28170906978654414,research_only,outside_review_top20,
68a8b604c4e5,"[""DEP_advmod_rate_baixo"", ""POS_ADV_rate_baixo"", ""uppercaseRatio_alto""]",DEP_advmod_rate_baixo + POS_ADV_rate_baixo + uppercaseRatio_alto,"[""9100dd0175d1"", ""fd8219d3e32f""]",9100dd0175d1,138,0.09583333333333334,True,0.91000000000000003,"[""modificacao_adverbial"", ""uppercaseRatio""]",modificacao_adverbial|uppercaseRatio,True,False,True,0.28170833025193509,research_only,outside_review_top20,
03ed3b3a7fd0,"[""DEP_advcl_rate_baixo"", ""DEP_nsubj:pass_rate_baixo"", ""punctuationDensity_spacy_alto""]",DEP_advcl_rate_baixo + DEP_nsubj:pass_rate_baixo + punctuationDensity_spacy_alto,"[""f52f9fa75b88""]",f52f9fa75b88,158,0.10972222222222222,True,0.84999999999999998,"[""DEP_advcl"", ""DEP_nsubj:pass"", ""punctuationDensity_spacy""]",DEP_advcl|DEP_nsubj:pass|punctuationDensity_spacy,False,True,True,0.28155693128665038,research_only,outside_review_top20,
58ef876f2af3,"[""DEP_aux:pass_rate_baixo"", ""DEP_case_rate_baixo"", ""POS_NUM_rate_baixo""]",DEP_aux:pass_rate_baixo + DEP_case_rate_baixo + POS_NUM_rate_baixo,"[""2e54c27a4cbf"", ""7d1d67287e70""]",7d1d67287e70,129,0.089583333333333334,True,0.93999999999999995,"[""auxiliares"", ""numerais"", ""relacoes_preposicionais""]",auxiliares|numerais|relacoes_preposicionais,False,True,True,0.28134646493839821,research_only,outside_review_top20,
7572bf8f6c54,"[""DEP_acl:relcl_rate_baixo"", ""DEP_acl_rate_baixo"", ""DEP_det_rate_baixo""]",DEP_acl:relcl_rate_baixo + DEP_acl_rate_baixo + DEP_det_rate_baixo,"[""760f70224688""]",760f70224688,121,0.084027777777777785,True,0.96999999999999997,"[""DEP_acl"", ""DEP_acl:relcl"", ""determinacao""]",DEP_acl|DEP_acl:relcl|determinacao,False,True,True,0.28117918861663838,research_only,outside_review_top20,
43d0313f12b2,"[""DEP_nmod_rate_alto"", ""DEP_nummod_rate_baixo"", ""DEP_xcomp_rate_baixo""]",DEP_nmod_rate_alto + DEP_nummod_rate_baixo + DEP_xcomp_rate_baixo,"[""baa38ba12737""]",baa38ba12737,126,0.087499999999999994,True,0.94999999999999996,"[""DEP_nmod"", ""DEP_xcomp"", ""numerais""]",DEP_nmod|DEP_xcomp|numerais,False,True,True,0.28101378969723173,research_only,outside_review_top20,
5c76acc0f7f8,"[""DEP_mark_rate_baixo"", ""DEP_nmod_rate_alto"", ""DEP_xcomp_rate_baixo""]",DEP_mark_rate_baixo + DEP_nmod_rate_alto + DEP_xcomp_rate_baixo,"[""20a6f375a81a"", ""3e910ebbc3fc""]",3e910ebbc3fc,126,0.087499999999999994,True,0.94999999999999996,"[""DEP_nmod"", ""DEP_xcomp"", ""subordinacao""]",DEP_nmod|DEP_xcomp|subordinacao,False,True,True,0.28101378969723173,research_only,outside_review_top20,
7595a459805b,"[""DEP_acl:relcl_rate_baixo"", ""DEP_case_rate_baixo"", ""DEP_nummod_rate_baixo""]",DEP_acl:relcl_rate_baixo + DEP_case_rate_baixo + DEP_nummod_rate_baixo,"[""100a7d6ba5ed""]",100a7d6ba5ed,126,0.087499999999999994,True,0.94999999999999996,"[""DEP_acl:relcl"", ""numerais"", ""relacoes_preposicionais""]",DEP_acl:relcl|numerais|relacoes_preposicionais,False,True,True,0.28101378969723173,research_only,outside_review_top20,
7067fa6a3565,"[""DEP_advcl_rate_baixo"", ""DEP_aux:pass_rate_alto"", ""DEP_cop_rate_baixo""]",DEP_advcl_rate_baixo + DEP_aux:pass_rate_alto + DEP_cop_rate_baixo,"[""cdd3577c5d8a""]",cdd3577c5d8a,116,0.080555555555555561,True,0.98999999999999999,"[""DEP_advcl"", ""DEP_cop"", ""auxiliares""]",DEP_advcl|DEP_cop|auxiliares,False,True,True,0.28098487503778563,research_only,outside_review_top20,
980cd31c0337,"[""DEP_acl:relcl_rate_baixo"", ""DEP_acl_rate_baixo"", ""DEP_nsubj_rate_baixo""]",DEP_acl:relcl_rate_baixo + DEP_acl_rate_baixo + DEP_nsubj_rate_baixo,"[""7c71fdbeec8e""]",7c71fdbeec8e,123,0.085416666666666669,True,0.95999999999999996,"[""DEP_acl"", ""DEP_acl:relcl"", ""DEP_nsubj""]",DEP_acl|DEP_acl:relcl|DEP_nsubj,False,True,True,0.28057084666800292,research_only,outside_review_top20,
0d315cb64f81,"[""DEP_acl:relcl_rate_baixo"", ""DEP_xcomp_rate_baixo"", ""POS_CCONJ_rate_alto""]",DEP_acl:relcl_rate_baixo + DEP_xcomp_rate_baixo + POS_CCONJ_rate_alto,"[""4401e29a9c3d"", ""9740f3f47794""]",9740f3f47794,118,0.081944444444444445,True,0.97999999999999998,"[""DEP_acl:relcl"", ""DEP_xcomp"", ""coordenacao""]",DEP_acl:relcl|DEP_xcomp|coordenacao,False,True,True,0.28053421260952194,research_only,outside_review_top20,
3cb2014f5e84,"[""DEP_ccomp_rate_baixo"", ""DEP_obj_rate_baixo"", ""DEP_xcomp_rate_baixo""]",DEP_ccomp_rate_baixo + DEP_obj_rate_baixo + DEP_xcomp_rate_baixo,"[""b1733133db73"", ""e0f2b9c1f4af""]",e0f2b9c1f4af,118,0.081944444444444445,True,0.97999999999999998,"[""DEP_ccomp"", ""DEP_obj"", ""DEP_xcomp""]",DEP_ccomp|DEP_obj|DEP_xcomp,False,True,True,0.28053421260952194,research_only,outside_review_top20,
bf94efe729fd,"[""DEP_case_rate_alto"", ""DEP_ccomp_rate_baixo"", ""POS_PRON_rate_baixo""]",DEP_case_rate_alto + DEP_ccomp_rate_baixo + POS_PRON_rate_baixo,"[""b7dafb683dff""]",b7dafb683dff,118,0.081944444444444445,True,0.97999999999999998,"[""DEP_ccomp"", ""POS_PRON"", ""relacoes_preposicionais""]",DEP_ccomp|POS_PRON|relacoes_preposicionais,False,True,True,0.28053421260952194,research_only,outside_review_top20,
239b58fe1c6b,"[""DEP_acl:relcl_rate_baixo"", ""DEP_amod_rate_alto"", ""DEP_ccomp_rate_baixo""]",DEP_acl:relcl_rate_baixo + DEP_amod_rate_alto + DEP_ccomp_rate_baixo,"[""8cbe4cc9ca76""]",8cbe4cc9ca76,143,0.09930555555555555,True,0.89000000000000001,"[""DEP_acl:relcl"", ""DEP_ccomp"", ""adjetivacao""]",DEP_acl:relcl|DEP_ccomp|adjetivacao,False,True,True,0.28046377761763736,research_only,outside_review_top20,
172b3ca3108a,"[""DEP_acl:relcl_rate_baixo"", ""DEP_acl_rate_baixo"", ""DEP_case_rate_alto""]",DEP_acl:relcl_rate_baixo + DEP_acl_rate_baixo + DEP_case_rate_alto,"[""f44dcdccaa74""]",f44dcdccaa74,128,0.088888888888888892,True,0.93999999999999995,"[""DEP_acl"", ""DEP_acl:relcl"", ""relacoes_preposicionais""]",DEP_acl|DEP_acl:relcl|relacoes_preposicionais,False,True,True,0.28025385317997364,research_only,outside_review_top20,
feb421434c48,"[""DEP_cc_rate_baixo"", ""POS_CCONJ_rate_baixo"", ""POS_PROPN_rate_alto""]",DEP_cc_rate_baixo + POS_CCONJ_rate_baixo + POS_PROPN_rate_alto,"[""74823b1d93de"", ""d782cb589b22""]",d782cb589b22,128,0.088888888888888892,True,0.93999999999999995,"[""POS_PROPN"", ""coordenacao""]",POS_PROPN|coordenacao,True,True,True,0.28025385317997364,research_only,outside_review_top20,
f1e22b837cad,"[""DEP_acl:relcl_rate_alto"", ""DEP_advcl_rate_baixo"", ""DEP_ccomp_rate_baixo""]",DEP_acl:relcl_rate_alto + DEP_advcl_rate_baixo + DEP_ccomp_rate_baixo,"[""2fa46f620992"", ""5a9848925221""]",2fa46f620992,146,0.10138888888888889,True,0.88,"[""DEP_acl:relcl"", ""DEP_advcl"", ""DEP_ccomp""]",DEP_acl:relcl|DEP_advcl|DEP_ccomp,False,True,True,0.28020627322662772,research_only,outside_review_top20,
7f264c26b71c,"[""DEP_cop_rate_baixo"", ""DEP_nsubj:pass_rate_baixo"", ""DEP_obl_rate_alto""]",DEP_cop_rate_baixo + DEP_nsubj:pass_rate_baixo + DEP_obl_rate_alto,"[""84646e393a6a""]",84646e393a6a,176,0.12222222222222222,True,0.80000000000000004,"[""DEP_cop"", ""DEP_nsubj:pass"", ""DEP_obl""]",DEP_cop|DEP_nsubj:pass|DEP_obl,False,True,True,0.2796823595120404,research_only,outside_review_top20,
639ee588e085,"[""DEP_cc_rate_baixo"", ""POS_CCONJ_rate_baixo"", ""POS_SCONJ_rate_alto""]",DEP_cc_rate_baixo + POS_CCONJ_rate_baixo + POS_SCONJ_rate_alto,"[""7c7cce037f9c"", ""de841d8e8b4f""]",7c7cce037f9c,117,0.081250000000000003,True,0.97999999999999998,"[""coordenacao"", ""subordinacao""]",coordenacao|subordinacao,True,True,True,0.27934297914928879,research_only,outside_review_top20,
17a131e43a7c,"[""DEP_acl:relcl_rate_baixo"", ""DEP_conj_rate_baixo"", ""DEP_cop_rate_baixo""]",DEP_acl:relcl_rate_baixo + DEP_conj_rate_baixo + DEP_cop_rate_baixo,"[""7a75f3b1ac01""]",7a75f3b1ac01,127,0.08819444444444445,True,0.93999999999999995,"[""DEP_acl:relcl"", ""DEP_cop"", ""coordenacao""]",DEP_acl:relcl|DEP_cop|coordenacao,False,True,True,0.27915696500555226,research_only,outside_review_top20,
21b26f86c64a,"[""DEP_advcl_rate_baixo"", ""POS_PROPN_rate_baixo"", ""uppercaseRatio_baixo""]",DEP_advcl_rate_baixo + POS_PROPN_rate_baixo + uppercaseRatio_baixo,"[""60587117e65e""]",60587117e65e,127,0.08819444444444445,True,0.93999999999999995,"[""DEP_advcl"", ""POS_PROPN"", ""uppercaseRatio""]",DEP_advcl|POS_PROPN|uppercaseRatio,False,False,True,0.27915696500555226,research_only,outside_review_top20,
022f61d681ca,"[""DEP_advcl_rate_baixo"", ""DEP_cop_rate_baixo"", ""diversidade_baixo""]",DEP_advcl_rate_baixo + DEP_cop_rate_baixo + diversidade_baixo,"[""53aa85047c9e""]",53aa85047c9e,124,0.08611111111111111,True,0.94999999999999996,"[""DEP_advcl"", ""DEP_cop"", ""diversidade""]",DEP_advcl|DEP_cop|diversidade,False,True,True,0.278774600309601,research_only,outside_review_top20,
9df872589eb3,"[""DEP_cop_rate_baixo"", ""DEP_det_rate_alto"", ""DEP_nummod_rate_baixo""]",DEP_cop_rate_baixo + DEP_det_rate_alto + DEP_nummod_rate_baixo,"[""f1d526e81d4c""]",f1d526e81d4c,138,0.09583333333333334,True,0.90000000000000002,"[""DEP_cop"", ""determinacao"", ""numerais""]",DEP_cop|determinacao|numerais,False,True,True,0.27861263431510064,research_only,outside_review_top20,
490e068d4132,"[""DEP_acl_rate_alto"", ""DEP_cop_rate_baixo"", ""DEP_xcomp_rate_baixo""]",DEP_acl_rate_alto + DEP_cop_rate_baixo + DEP_xcomp_rate_baixo,"[""6e9c594d0d9e"", ""db91915da5c4""]",6e9c594d0d9e,121,0.084027777777777785,True,0.95999999999999996,"[""DEP_acl"", ""DEP_cop"", ""DEP_xcomp""]",DEP_acl|DEP_cop|DEP_xcomp,False,True,True,0.27828043409481734,research_only,outside_review_top20,
c55b92043dc4,"[""DEP_flat:name_rate_baixo"", ""DEP_nummod_rate_baixo"", ""POS_PROPN_rate_baixo""]",DEP_flat:name_rate_baixo + DEP_nummod_rate_baixo + POS_PROPN_rate_baixo,"[""3244ce101b6a"", ""e4465b7883d4""]",e4465b7883d4,121,0.084027777777777785,True,0.95999999999999996,"[""DEP_flat:name"", ""POS_PROPN"", ""numerais""]",DEP_flat:name|POS_PROPN|numerais,False,True,True,0.27828043409481734,research_only,outside_review_top20,
4984ae1ac349,"[""DEP_acl:relcl_rate_baixo"", ""DEP_det_rate_baixo"", ""POS_ADP_rate_alto""]",DEP_acl:relcl_rate_baixo + DEP_det_rate_baixo + POS_ADP_rate_alto,"[""72ffa6a0857e"", ""a3af1794bca3""]",72ffa6a0857e,116,0.080555555555555561,True,0.97999999999999998,"[""DEP_acl:relcl"", ""determinacao"", ""relacoes_preposicionais""]",DEP_acl:relcl|determinacao|relacoes_preposicionais,False,True,True,0.27814664397679789,research_only,outside_review_top20,
c47f89bd9b45,"[""DEP_ccomp_rate_baixo"", ""POS_AUX_rate_baixo"", ""POS_SCONJ_rate_baixo""]",DEP_ccomp_rate_baixo + POS_AUX_rate_baixo + POS_SCONJ_rate_baixo,"[""3488cd8e16ae"", ""7e2d0ebc8cd6""]",7e2d0ebc8cd6,126,0.087499999999999994,True,0.93999999999999995,"[""DEP_ccomp"", ""auxiliares"", ""subordinacao""]",DEP_ccomp|auxiliares|subordinacao,False,True,True,0.27805574980568193,research_only,outside_review_top20,
1c72fe1be928,"[""DEP_nsubj:pass_rate_baixo"", ""POS_NUM_rate_baixo"", ""POS_PRON_rate_alto""]",DEP_nsubj:pass_rate_baixo + POS_NUM_rate_baixo + POS_PRON_rate_alto,"[""e47d55b707fd""]",e47d55b707fd,137,0.095138888888888884,True,0.90000000000000002,"[""DEP_nsubj:pass"", ""POS_PRON"", ""numerais""]",DEP_nsubj:pass|POS_PRON|numerais,False,True,True,0.27760133284982624,research_only,outside_review_top20,
b546d400c842,"[""DEP_cop_rate_baixo"", ""DEP_flat:name_rate_alto"", ""DEP_nummod_rate_baixo""]",DEP_cop_rate_baixo + DEP_flat:name_rate_alto + DEP_nummod_rate_baixo,"[""097ee0df2058"", ""f822edbb7c45""]",f822edbb7c45,137,0.095138888888888884,True,0.90000000000000002,"[""DEP_cop"", ""DEP_flat:name"", ""numerais""]",DEP_cop|DEP_flat:name|numerais,False,True,True,0.27760133284982624,research_only,outside_review_top20,
60fc38271af6,"[""DEP_advcl_rate_baixo"", ""DEP_aux:pass_rate_baixo"", ""POS_ADJ_rate_alto""]",DEP_advcl_rate_baixo + DEP_aux:pass_rate_baixo + POS_ADJ_rate_alto,"[""8c8d3bde5be4""]",8c8d3bde5be4,165,0.11458333333333333,True,0.81999999999999995,"[""DEP_advcl"", ""adjetivacao"", ""auxiliares""]",DEP_advcl|adjetivacao|auxiliares,False,True,True,0.27757131215839526,research_only,outside_review_top20,
a1e4a3a3d566,"[""DEP_acl:relcl_rate_baixo"", ""DEP_advcl_rate_alto"", ""DEP_mark_rate_alto""]",DEP_acl:relcl_rate_baixo + DEP_advcl_rate_alto + DEP_mark_rate_alto,"[""1ae33ad818e0"", ""973ef36cc996""]",1ae33ad818e0,131,0.090972222222222218,True,0.92000000000000004,"[""DEP_acl:relcl"", ""DEP_advcl"", ""subordinacao""]",DEP_acl:relcl|DEP_advcl|subordinacao,False,True,True,0.27748673641975918,research_only,outside_review_top20,
09291ccbf86c,"[""DEP_acl:relcl_rate_baixo"", ""DEP_aux:pass_rate_baixo"", ""DEP_obj_rate_baixo""]",DEP_acl:relcl_rate_baixo + DEP_aux:pass_rate_baixo + DEP_obj_rate_baixo,"[""6b126568f3ad""]",6b126568f3ad,125,0.086805555555555552,True,0.93999999999999995,"[""DEP_acl:relcl"", ""DEP_obj"", ""auxiliares""]",DEP_acl:relcl|DEP_obj|auxiliares,False,True,True,0.2769501559647311,research_only,outside_review_top20,
bfe7b86c2365,"[""DEP_ccomp_rate_baixo"", ""DEP_nsubj:pass_rate_baixo"", ""DEP_nsubj_rate_alto""]",DEP_ccomp_rate_baixo + DEP_nsubj:pass_rate_baixo + DEP_nsubj_rate_alto,"[""b652cad83ee2""]",b652cad83ee2,139,0.096527777777777782,True,0.89000000000000001,"[""DEP_ccomp"", ""DEP_nsubj"", ""DEP_nsubj:pass""]",DEP_ccomp|DEP_nsubj|DEP_nsubj:pass,False,True,True,0.27651338625422417,research_only,outside_review_top20,
7635b66d5021,"[""DEP_ccomp_rate_baixo"", ""DEP_nmod_rate_alto"", ""POS_PRON_rate_baixo""]",DEP_ccomp_rate_baixo + DEP_nmod_rate_alto + POS_PRON_rate_baixo,"[""47f6a8385368""]",47f6a8385368,117,0.081250000000000003,True,0.96999999999999997,"[""DEP_ccomp"", ""DEP_nmod"", ""POS_PRON""]",DEP_ccomp|DEP_nmod|POS_PRON,False,True,True,0.27649254058654099,research_only,outside_review_top20,
87c66d46962a,"[""DEP_acl:relcl_rate_baixo"", ""DEP_conj_rate_baixo"", ""DEP_nummod_rate_baixo""]",DEP_acl:relcl_rate_baixo + DEP_conj_rate_baixo + DEP_nummod_rate_baixo,"[""0b0f8f4d568f""]",0b0f8f4d568f,124,0.08611111111111111,True,0.93999999999999995,"[""DEP_acl:relcl"", ""coordenacao"", ""numerais""]",DEP_acl:relcl|coordenacao|numerais,False,True,True,0.27584013083265779,research_only,outside_review_top20,
bdfa9203d9b8,"[""DEP_appos_rate_alto"", ""DEP_flat:name_rate_alto"", ""DEP_nummod_rate_baixo""]",DEP_appos_rate_alto + DEP_flat:name_rate_alto + DEP_nummod_rate_baixo,"[""3e8a92f9c406"", ""7d54298867e2""]",3e8a92f9c406,124,0.08611111111111111,True,0.93999999999999995,"[""DEP_appos"", ""DEP_flat:name"", ""numerais""]",DEP_appos|DEP_flat:name|numerais,False,True,True,0.27584013083265779,research_only,outside_review_top20,
5fd58d3a8dec,"[""DEP_advcl_rate_alto"", ""DEP_aux:pass_rate_baixo"", ""DEP_obj_rate_alto""]",DEP_advcl_rate_alto + DEP_aux:pass_rate_baixo + DEP_obj_rate_alto,"[""69b46b054b6a""]",69b46b054b6a,135,0.09375,True,0.90000000000000002,"[""DEP_advcl"", ""DEP_obj"", ""auxiliares""]",DEP_advcl|DEP_obj|auxiliares,False,True,True,0.27556759606310754,research_only,outside_review_top20,
ee89cb6bc000,"[""DEP_mark_rate_alto"", ""DEP_obj_rate_alto"", ""POS_SCONJ_rate_alto""]",DEP_mark_rate_alto + DEP_obj_rate_alto + POS_SCONJ_rate_alto,"[""3ca2902173ab"", ""cd9c24be5d25""]",cd9c24be5d25,132,0.09166666666666666,True,0.91000000000000003,"[""DEP_obj"", ""subordinacao""]",DEP_obj|subordinacao,True,True,True,0.27551618222287172,research_only,outside_review_top20,
b8aa979cdf41,"[""DEP_acl:relcl_rate_baixo"", ""DEP_case_rate_alto"", ""POS_DET_rate_baixo""]",DEP_acl:relcl_rate_baixo + DEP_case_rate_alto + POS_DET_rate_baixo,"[""686b892bc68a"", ""7b6a4759c9ac""]",7b6a4759c9ac,129,0.089583333333333334,True,0.92000000000000004,"[""DEP_acl:relcl"", ""determinacao"", ""relacoes_preposicionais""]",DEP_acl:relcl|determinacao|relacoes_preposicionais,False,True,True,0.27536036993970892,research_only,outside_review_top20,
0b2b1fb2b4f8,"[""DEP_nummod_rate_baixo"", ""POS_VERB_rate_alto"", ""uppercaseRatio_baixo""]",DEP_nummod_rate_baixo + POS_VERB_rate_alto + uppercaseRatio_baixo,"[""952cd2040a5b""]",952cd2040a5b,116,0.080555555555555561,True,0.96999999999999997,"[""POS_VERB"", ""numerais"", ""uppercaseRatio""]",POS_VERB|numerais|uppercaseRatio,False,True,True,0.27530841291581015,research_only,outside_review_top20,
2aebadd6645a,"[""DEP_flat:name_rate_baixo"", ""POS_NOUN_rate_alto"", ""POS_PROPN_rate_baixo""]",DEP_flat:name_rate_baixo + POS_NOUN_rate_alto + POS_PROPN_rate_baixo,"[""5c44be08a638"", ""7b5e8d03ebf5"", ""7f0769acfbb3""]",7f0769acfbb3,116,0.080555555555555561,True,0.96999999999999997,"[""DEP_flat:name"", ""POS_NOUN"", ""POS_PROPN""]",DEP_flat:name|POS_NOUN|POS_PROPN,False,True,True,0.27530841291581015,research_only,outside_review_top20,
b350ecc55441,"[""DEP_nmod_rate_alto"", ""POS_ADP_rate_alto"", ""POS_VERB_rate_baixo""]",DEP_nmod_rate_alto + POS_ADP_rate_alto + POS_VERB_rate_baixo,"[""612bd58ce723"", ""80531321f5eb"", ""e09b715a1bf0""]",e09b715a1bf0,147,0.10208333333333333,True,0.85999999999999999,"[""DEP_nmod"", ""POS_VERB"", ""relacoes_preposicionais""]",DEP_nmod|POS_VERB|relacoes_preposicionais,False,True,True,0.27477414968175828,research_only,outside_review_top20,
a26e84f723cb,"[""DEP_cop_rate_alto"", ""DEP_nsubj:pass_rate_baixo"", ""DEP_nsubj_rate_alto""]",DEP_cop_rate_alto + DEP_nsubj:pass_rate_baixo + DEP_nsubj_rate_alto,"[""8568d9b83d17""]",8568d9b83d17,131,0.090972222222222218,True,0.91000000000000003,"[""DEP_cop"", ""DEP_nsubj"", ""DEP_nsubj:pass""]",DEP_cop|DEP_nsubj|DEP_nsubj:pass,False,True,True,0.27447057624128351,research_only,outside_review_top20,
af08e0eea194,"[""DEP_advmod_rate_baixo"", ""DEP_case_rate_alto"", ""DEP_cop_rate_baixo""]",DEP_advmod_rate_baixo + DEP_case_rate_alto + DEP_cop_rate_baixo,"[""dd2935c8255b""]",dd2935c8255b,131,0.090972222222222218,True,0.91000000000000003,"[""DEP_cop"", ""modificacao_adverbial"", ""relacoes_preposicionais""]",DEP_cop|modificacao_adverbial|relacoes_preposicionais,False,True,True,0.27447057624128351,research_only,outside_review_top20,
783b2bfbd23b,"[""DEP_aux:pass_rate_baixo"", ""DEP_ccomp_rate_baixo"", ""DEP_obl_rate_baixo""]",DEP_aux:pass_rate_baixo + DEP_ccomp_rate_baixo + DEP_obl_rate_baixo,"[""c9be0c518bee""]",c9be0c518bee,140,0.097222222222222224,True,0.88,"[""DEP_ccomp"", ""DEP_obl"", ""auxiliares""]",DEP_ccomp|DEP_obl|auxiliares,False,True,True,0.27438820836342237,research_only,outside_review_top20,
eeef5acacad7,"[""DEP_acl:relcl_rate_baixo"", ""DEP_amod_rate_alto"", ""DEP_nummod_rate_baixo""]",DEP_acl:relcl_rate_baixo + DEP_amod_rate_alto + DEP_nummod_rate_baixo,"[""5a76cfaced63"", ""5c998e816c63""]",5a76cfaced63,140,0.097222222222222224,True,0.88,"[""DEP_acl:relcl"", ""adjetivacao"", ""numerais""]",DEP_acl:relcl|adjetivacao|numerais,False,True,True,0.27438820836342237,research_only,outside_review_top20,
c1a98912456d,"[""DEP_ccomp_rate_baixo"", ""DEP_nsubj:pass_rate_baixo"", ""POS_ADP_rate_baixo""]",DEP_ccomp_rate_baixo + DEP_nsubj:pass_rate_baixo + POS_ADP_rate_baixo,"[""f029beb7b082""]",f029beb7b082,136,0.094444444444444442,True,0.89000000000000001,"[""DEP_ccomp"", ""DEP_nsubj:pass"", ""relacoes_preposicionais""]",DEP_ccomp|DEP_nsubj:pass|relacoes_preposicionais,False,True,True,0.27351315223302236,research_only,outside_review_top20,
63412d304841,"[""DEP_nsubj:pass_rate_baixo"", ""DEP_xcomp_rate_baixo"", ""POS_ADJ_rate_alto""]",DEP_nsubj:pass_rate_baixo + DEP_xcomp_rate_baixo + POS_ADJ_rate_alto,"[""4a40b66c393d""]",4a40b66c393d,142,0.098611111111111108,True,0.87,"[""DEP_nsubj:pass"", ""DEP_xcomp"", ""adjetivacao""]",DEP_nsubj:pass|DEP_xcomp|adjetivacao,False,True,True,0.27320093338054319,research_only,outside_review_top20,
c73533e116a4,"[""DEP_acl:relcl_rate_alto"", ""DEP_cc_rate_baixo"", ""POS_CCONJ_rate_baixo""]",DEP_acl:relcl_rate_alto + DEP_cc_rate_baixo + POS_CCONJ_rate_baixo,"[""033e1f4214e2"", ""86db52d36388""]",033e1f4214e2,135,0.09375,True,0.89000000000000001,"[""DEP_acl:relcl"", ""coordenacao""]",DEP_acl:relcl|coordenacao,True,True,True,0.27250573388462856,research_only,outside_review_top20,
3e424e66a57c,"[""DEP_aux:pass_rate_baixo"", ""POS_ADP_rate_baixo"", ""POS_VERB_rate_alto""]",DEP_aux:pass_rate_baixo + POS_ADP_rate_baixo + POS_VERB_rate_alto,"[""109c76240ae2""]",109c76240ae2,132,0.09166666666666666,True,0.90000000000000002,"[""POS_VERB"", ""auxiliares"", ""relacoes_preposicionais""]",POS_VERB|auxiliares|relacoes_preposicionais,False,True,True,0.27248853186877425,research_only,outside_review_top20,
80b33670fa70,"[""DEP_aux:pass_rate_baixo"", ""DEP_case_rate_baixo"", ""POS_VERB_rate_alto""]",DEP_aux:pass_rate_baixo + DEP_case_rate_baixo + POS_VERB_rate_alto,"[""34617fb5c42c"", ""ed415fc4ef33""]",ed415fc4ef33,138,0.09583333333333334,True,0.88,"[""POS_VERB"", ""auxiliares"", ""relacoes_preposicionais""]",POS_VERB|auxiliares|relacoes_preposicionais,False,True,True,0.27242124244143173,research_only,outside_review_top20,
5460ca6e1d16,"[""DEP_ccomp_rate_baixo"", ""DEP_nummod_rate_baixo"", ""POS_PRON_rate_alto""]",DEP_ccomp_rate_baixo + DEP_nummod_rate_baixo + POS_PRON_rate_alto,"[""18af4d538f0a""]",18af4d538f0a,126,0.087499999999999994,True,0.92000000000000004,"[""DEP_ccomp"", ""POS_PRON"", ""numerais""]",DEP_ccomp|POS_PRON|numerais,False,True,True,0.27213967002258233,research_only,outside_review_top20,
2547ab7c2f73,"[""DEP_acl:relcl_rate_baixo"", ""DEP_nsubj_rate_baixo"", ""POS_ADP_rate_alto""]",DEP_acl:relcl_rate_baixo + DEP_nsubj_rate_baixo + POS_ADP_rate_alto,"[""75e0777f9a7d""]",75e0777f9a7d,118,0.081944444444444445,True,0.94999999999999996,"[""DEP_acl:relcl"", ""DEP_nsubj"", ""relacoes_preposicionais""]",DEP_acl:relcl|DEP_nsubj|relacoes_preposicionais,False,True,True,0.2719464305908631,research_only,outside_review_top20,
b9152786ef29,"[""DEP_cop_rate_alto"", ""DEP_nummod_rate_baixo"", ""DEP_xcomp_rate_baixo""]",DEP_cop_rate_alto + DEP_nummod_rate_baixo + DEP_xcomp_rate_baixo,"[""e65f81093bc3""]",e65f81093bc3,118,0.081944444444444445,True,0.94999999999999996,"[""DEP_cop"", ""DEP_xcomp"", ""numerais""]",DEP_cop|DEP_xcomp|numerais,False,True,True,0.2719464305908631,research_only,outside_review_top20,
099078818d1a,"[""DEP_flat:name_rate_baixo"", ""DEP_nsubj:pass_rate_baixo"", ""uppercaseRatio_baixo""]",DEP_flat:name_rate_baixo + DEP_nsubj:pass_rate_baixo + uppercaseRatio_baixo,"[""72211baa14e0""]",72211baa14e0,166,0.11527777777777778,True,0.80000000000000004,"[""DEP_flat:name"", ""DEP_nsubj:pass"", ""uppercaseRatio""]",DEP_flat:name|DEP_nsubj:pass|uppercaseRatio,False,True,True,0.27162065049951151,research_only,outside_review_top20,
e280ce58b6bc,"[""DEP_acl:relcl_rate_baixo"", ""DEP_det_rate_alto"", ""DEP_nsubj:pass_rate_baixo""]",DEP_acl:relcl_rate_baixo + DEP_det_rate_alto + DEP_nsubj:pass_rate_baixo,"[""d428fa18b3c5""]",d428fa18b3c5,158,0.10972222222222222,True,0.81999999999999995,"[""DEP_acl:relcl"", ""DEP_nsubj:pass"", ""determinacao""]",DEP_acl:relcl|DEP_nsubj:pass|determinacao,False,True,True,0.27161962782947446,research_only,outside_review_top20,
26ba8e7814b4,"[""DEP_advcl_rate_baixo"", ""POS_PROPN_rate_alto"", ""POS_SCONJ_rate_baixo""]",DEP_advcl_rate_baixo + POS_PROPN_rate_alto + POS_SCONJ_rate_baixo,"[""518c93ea094e"", ""66b9c3923280""]",518c93ea094e,131,0.090972222222222218,True,0.90000000000000002,"[""DEP_advcl"", ""POS_PROPN"", ""subordinacao""]",DEP_advcl|POS_PROPN|subordinacao,False,True,True,0.2714544160628079,research_only,outside_review_top20,
63150cc1db44,"[""DEP_acl:relcl_rate_baixo"", ""DEP_ccomp_rate_alto"", ""POS_PRON_rate_baixo""]",DEP_acl:relcl_rate_baixo + DEP_ccomp_rate_alto + POS_PRON_rate_baixo,"[""fda68f59decc""]",fda68f59decc,131,0.090972222222222218,True,0.90000000000000002,"[""DEP_acl:relcl"", ""DEP_ccomp"", ""POS_PRON""]",DEP_acl:relcl|DEP_ccomp|POS_PRON,False,True,True,0.2714544160628079,research_only,outside_review_top20,
3e0bf2ff3eb3,"[""DEP_acl:relcl_rate_baixo"", ""POS_NUM_rate_baixo"", ""POS_SCONJ_rate_alto""]",DEP_acl:relcl_rate_baixo + POS_NUM_rate_baixo + POS_SCONJ_rate_alto,"[""378a9099dae2"", ""a4e2bd392f83""]",a4e2bd392f83,125,0.086805555555555552,True,0.92000000000000004,"[""DEP_acl:relcl"", ""numerais"", ""subordinacao""]",DEP_acl:relcl|numerais|subordinacao,False,True,True,0.27105759945484326,research_only,outside_review_top20,
aaab03ab29fd,"[""DEP_advcl_rate_baixo"", ""DEP_mark_rate_alto"", ""POS_SCONJ_rate_alto""]",DEP_advcl_rate_baixo + DEP_mark_rate_alto + POS_SCONJ_rate_alto,"[""69391dc821e4"", ""cd1c873fac81""]",cd1c873fac81,125,0.086805555555555552,True,0.92000000000000004,"[""DEP_advcl"", ""subordinacao""]",DEP_advcl|subordinacao,True,True,True,0.27105759945484326,research_only,same_mechanism_family,
616b37cbe7ec,"[""DEP_nsubj:pass_rate_baixo"", ""POS_ADJ_rate_alto"", ""uppercaseRatio_baixo""]",DEP_nsubj:pass_rate_baixo + POS_ADJ_rate_alto + uppercaseRatio_baixo,"[""a74b2e3c4ce2""]",a74b2e3c4ce2,161,0.11180555555555556,True,0.81000000000000005,"[""DEP_nsubj:pass"", ""adjetivacao"", ""uppercaseRatio""]",DEP_nsubj:pass|adjetivacao|uppercaseRatio,False,True,True,0.27084243574447492,research_only,outside_review_top20,
144d10699b33,"[""DEP_acl:relcl_rate_baixo"", ""DEP_advcl_rate_alto"", ""DEP_xcomp_rate_baixo""]",DEP_acl:relcl_rate_baixo + DEP_advcl_rate_alto + DEP_xcomp_rate_baixo,"[""f7b28484f7ff""]",f7b28484f7ff,124,0.08611111111111111,True,0.92000000000000004,"[""DEP_acl:relcl"", ""DEP_advcl"", ""DEP_xcomp""]",DEP_acl:relcl|DEP_advcl|DEP_xcomp,False,True,True,0.2699711918787715,research_only,outside_review_top20,
1fdcbd3513c7,"[""DEP_cop_rate_alto"", ""DEP_nsubj:pass_rate_baixo"", ""uppercaseRatio_baixo""]",DEP_cop_rate_alto + DEP_nsubj:pass_rate_baixo + uppercaseRatio_baixo,"[""534b1962ab3c""]",534b1962ab3c,145,0.10069444444444445,True,0.84999999999999998,"[""DEP_cop"", ""DEP_nsubj:pass"", ""uppercaseRatio""]",DEP_cop|DEP_nsubj:pass|uppercaseRatio,False,True,True,0.26972529749934671,research_only,outside_review_top20,
03a1ed7f2dc4,"[""DEP_acl_rate_baixo"", ""DEP_cop_rate_baixo"", ""DEP_nsubj:pass_rate_alto""]",DEP_acl_rate_baixo + DEP_cop_rate_baixo + DEP_nsubj:pass_rate_alto,"[""2114b6c0cfd9"", ""34d2b883e358""]",34d2b883e358,116,0.080555555555555561,True,0.94999999999999996,"[""DEP_acl"", ""DEP_cop"", ""DEP_nsubj:pass""]",DEP_acl|DEP_cop|DEP_nsubj:pass,False,True,True,0.26963195079383467,research_only,outside_review_top20,
412066dcddaa,"[""DEP_acl:relcl_rate_baixo"", ""DEP_appos_rate_alto"", ""DEP_flat:name_rate_alto""]",DEP_acl:relcl_rate_baixo + DEP_appos_rate_alto + DEP_flat:name_rate_alto,"[""143db6010db1"", ""5d17504328e0""]",143db6010db1,116,0.080555555555555561,True,0.94999999999999996,"[""DEP_acl:relcl"", ""DEP_appos"", ""DEP_flat:name""]",DEP_acl:relcl|DEP_appos|DEP_flat:name,False,True,True,0.26963195079383467,research_only,outside_review_top20,
1a360fbd5dd9,"[""DEP_conj_rate_baixo"", ""POS_ADP_rate_alto"", ""POS_CCONJ_rate_baixo""]",DEP_conj_rate_baixo + POS_ADP_rate_alto + POS_CCONJ_rate_baixo,"[""2d566b8e84c8"", ""812dde977d60""]",812dde977d60,121,0.084027777777777785,True,0.93000000000000005,"[""coordenacao"", ""relacoes_preposicionais""]",coordenacao|relacoes_preposicionais,True,True,True,0.26958417052935435,research_only,outside_review_top20,
85a258afc3ce,"[""DEP_aux:pass_rate_baixo"", ""DEP_case_rate_alto"", ""DEP_mark_rate_baixo""]",DEP_aux:pass_rate_baixo + DEP_case_rate_alto + DEP_mark_rate_baixo,"[""2cc5a9889fba""]",2cc5a9889fba,132,0.09166666666666666,True,0.89000000000000001,"[""auxiliares"", ""relacoes_preposicionais"", ""subordinacao""]",auxiliares|relacoes_preposicionais|subordinacao,False,True,True,0.26946088151467673,research_only,outside_review_top20,
61297049dfaa,"[""DEP_case_rate_baixo"", ""DEP_mark_rate_alto"", ""DEP_nummod_rate_baixo""]",DEP_case_rate_baixo + DEP_mark_rate_alto + DEP_nummod_rate_baixo,"[""82030bcff93e"", ""fb9255694aaf""]",82030bcff93e,135,0.09375,True,0.88,"[""numerais"", ""relacoes_preposicionais"", ""subordinacao""]",numerais|relacoes_preposicionais|subordinacao,False,True,True,0.26944387170614958,research_only,outside_review_top20,
a70e72860fd8,"[""DEP_acl:relcl_rate_baixo"", ""DEP_advmod_rate_baixo"", ""DEP_case_rate_alto""]",DEP_acl:relcl_rate_baixo + DEP_advmod_rate_baixo + DEP_case_rate_alto,"[""db8a88e87a1d""]",db8a88e87a1d,135,0.09375,True,0.88,"[""DEP_acl:relcl"", ""modificacao_adverbial"", ""relacoes_preposicionais""]",DEP_acl:relcl|modificacao_adverbial|relacoes_preposicionais,False,True,True,0.26944387170614958,research_only,outside_review_top20,
ec0ed9cfc6f9,"[""DEP_acl:relcl_rate_baixo"", ""DEP_mark_rate_alto"", ""POS_NUM_rate_baixo""]",DEP_acl:relcl_rate_baixo + DEP_mark_rate_alto + POS_NUM_rate_baixo,"[""c508e6d7be78"", ""cd5b63874767""]",c508e6d7be78,126,0.087499999999999994,True,0.91000000000000003,"[""DEP_acl:relcl"", ""numerais"", ""subordinacao""]",DEP_acl:relcl|numerais|subordinacao,False,True,True,0.26918163013103252,research_only,outside_review_top20,
55f7097c9a93,"[""DEP_advmod_rate_alto"", ""DEP_aux:pass_rate_baixo"", ""uppercaseRatio_baixo""]",DEP_advmod_rate_alto + DEP_aux:pass_rate_baixo + uppercaseRatio_baixo,"[""ba9ff63a7f2c""]",ba9ff63a7f2c,144,0.10000000000000001,True,0.84999999999999998,"[""auxiliares"", ""modificacao_adverbial"", ""uppercaseRatio""]",auxiliares|modificacao_adverbial|uppercaseRatio,False,True,True,0.26879360111431222,research_only,outside_review_top20,
e8ad5a231ad0,"[""DEP_cc_rate_baixo"", ""DEP_nsubj_rate_alto"", ""POS_CCONJ_rate_baixo""]",DEP_cc_rate_baixo + DEP_nsubj_rate_alto + POS_CCONJ_rate_baixo,"[""5eb6c70cfd35"", ""ad79c3b0320e""]",5eb6c70cfd35,131,0.090972222222222218,True,0.89000000000000001,"[""DEP_nsubj"", ""coordenacao""]",DEP_nsubj|coordenacao,True,True,True,0.26843825588433223,research_only,outside_review_top20,
32c989e5b0fb,"[""DEP_advcl_rate_baixo"", ""DEP_nsubj:pass_rate_baixo"", ""POS_PRON_rate_alto""]",DEP_advcl_rate_baixo + DEP_nsubj:pass_rate_baixo + POS_PRON_rate_alto,"[""db47c4772dbd""]",db47c4772dbd,154,0.10694444444444444,True,0.81999999999999995,"[""DEP_advcl"", ""DEP_nsubj:pass"", ""POS_PRON""]",DEP_advcl|DEP_nsubj:pass|POS_PRON,False,True,True,0.26815936389476391,research_only,outside_review_top20,
68439a99c0f8,"[""DEP_advcl_rate_baixo"", ""DEP_aux:pass_rate_baixo"", ""POS_ADP_rate_baixo""]",DEP_advcl_rate_baixo + DEP_aux:pass_rate_baixo + POS_ADP_rate_baixo,"[""4e72f450de50""]",4e72f450de50,125,0.086805555555555552,True,0.91000000000000003,"[""DEP_advcl"", ""auxiliares"", ""relacoes_preposicionais""]",DEP_advcl|auxiliares|relacoes_preposicionais,False,True,True,0.26811132119989928,research_only,outside_review_top20,
dfec261a797f,"[""DEP_advmod_rate_baixo"", ""DEP_cop_rate_baixo"", ""POS_NUM_rate_baixo""]",DEP_advmod_rate_baixo + DEP_cop_rate_baixo + POS_NUM_rate_baixo,"[""5c55a9f7ed47""]",5c55a9f7ed47,125,0.086805555555555552,True,0.91000000000000003,"[""DEP_cop"", ""modificacao_adverbial"", ""numerais""]",DEP_cop|modificacao_adverbial|numerais,False,True,True,0.26811132119989928,research_only,outside_review_top20,
e23edb140b10,"[""DEP_flat:name_rate_alto"", ""POS_PRON_rate_baixo"", ""POS_PROPN_rate_alto""]",DEP_flat:name_rate_alto + POS_PRON_rate_baixo + POS_PROPN_rate_alto,"[""518b0beec0fd"", ""7ee2cb5b3155""]",518b0beec0fd,117,0.081250000000000003,True,0.93999999999999995,"[""DEP_flat:name"", ""POS_PRON"", ""POS_PROPN""]",DEP_flat:name|POS_PRON|POS_PROPN,False,True,True,0.26794122489829741,research_only,outside_review_top20,
adb1e6842365,"[""DEP_acl_rate_baixo"", ""DEP_advcl_rate_baixo"", ""DEP_advmod_rate_baixo""]",DEP_acl_rate_baixo + DEP_advcl_rate_baixo + DEP_advmod_rate_baixo,"[""d5fa815f0a66""]",d5fa815f0a66,157,0.10902777777777778,True,0.81000000000000005,"[""DEP_acl"", ""DEP_advcl"", ""modificacao_adverbial""]",DEP_acl|DEP_advcl|modificacao_adverbial,False,True,True,0.26745677220814584,research_only,outside_review_top20,
51b99f9781e8,"[""DEP_advcl_rate_baixo"", ""DEP_aux:pass_rate_baixo"", ""POS_DET_rate_baixo""]",DEP_advcl_rate_baixo + DEP_aux:pass_rate_baixo + POS_DET_rate_baixo,"[""15d73a20dbb8""]",15d73a20dbb8,133,0.092361111111111116,True,0.88,"[""DEP_advcl"", ""auxiliares"", ""determinacao""]",DEP_advcl|auxiliares|determinacao,False,True,True,0.26744054375588688,research_only,outside_review_top20,
38c82f8d4028,"[""DEP_ccomp_rate_baixo"", ""DEP_mark_rate_baixo"", ""diversidade_baixo""]",DEP_ccomp_rate_baixo + DEP_mark_rate_baixo + diversidade_baixo,"[""14cac2b1ba97"", ""e2486ae48683""]",e2486ae48683,129,0.089583333333333334,True,0.89000000000000001,"[""DEP_ccomp"", ""diversidade"", ""subordinacao""]",DEP_ccomp|diversidade|subordinacao,False,True,True,0.26638122744167492,research_only,outside_review_top20,
9b37a075a93b,"[""DEP_advmod_rate_baixo"", ""POS_ADV_rate_baixo"", ""diversidade_baixo""]",DEP_advmod_rate_baixo + POS_ADV_rate_baixo + diversidade_baixo,"[""87bf87521500"", ""cfdddf8dd714""]",87bf87521500,123,0.085416666666666669,True,0.91000000000000003,"[""diversidade"", ""modificacao_adverbial""]",diversidade|modificacao_adverbial,True,False,True,0.26595778173737777,research_only,outside_review_top20,
024db84a001b,"[""DEP_acl:relcl_rate_baixo"", ""DEP_case_rate_baixo"", ""DEP_nsubj:pass_rate_baixo""]",DEP_acl:relcl_rate_baixo + DEP_case_rate_baixo + DEP_nsubj:pass_rate_baixo,"[""c84a9ef91f2d""]",c84a9ef91f2d,155,0.1076388888888889,True,0.81000000000000005,"[""DEP_acl:relcl"", ""DEP_nsubj:pass"", ""relacoes_preposicionais""]",DEP_acl:relcl|DEP_nsubj:pass|relacoes_preposicionais,False,True,True,0.2657477657478986,research_only,outside_review_top20,
6b1ee890f6ce,"[""DEP_case_rate_baixo"", ""DEP_nmod_rate_baixo"", ""uppercaseRatio_baixo""]",DEP_case_rate_baixo + DEP_nmod_rate_baixo + uppercaseRatio_baixo,"[""3a7d1124de61"", ""be9908affa54"", ""cb1e416fde2e""]",be9908affa54,120,0.083333333333333329,True,0.92000000000000004,"[""DEP_nmod"", ""relacoes_preposicionais"", ""uppercaseRatio""]",DEP_nmod|relacoes_preposicionais|uppercaseRatio,False,True,True,0.26558112382722787,research_only,outside_review_top20,
c874fceee7c5,"[""DEP_aux:pass_rate_baixo"", ""DEP_cop_rate_baixo"", ""DEP_nsubj_rate_baixo""]",DEP_aux:pass_rate_baixo + DEP_cop_rate_baixo + DEP_nsubj_rate_baixo,"[""9a150b691935""]",9a150b691935,130,0.090277777777777776,True,0.88,"[""DEP_cop"", ""DEP_nsubj"", ""auxiliares""]",DEP_cop|DEP_nsubj|auxiliares,False,True,True,0.26440709353402586,research_only,outside_review_top20,
3e9f4760aa11,"[""DEP_det_rate_alto"", ""DEP_nsubj:pass_rate_baixo"", ""DEP_xcomp_rate_baixo""]",DEP_det_rate_alto + DEP_nsubj:pass_rate_baixo + DEP_xcomp_rate_baixo,"[""aa9eee863368""]",aa9eee863368,136,0.094444444444444442,True,0.85999999999999999,"[""DEP_nsubj:pass"", ""DEP_xcomp"", ""determinacao""]",DEP_nsubj:pass|DEP_xcomp|determinacao,False,True,True,0.26429360777572941,research_only,outside_review_top20,
89b58c463671,"[""DEP_nsubj_rate_baixo"", ""DEP_nummod_rate_baixo"", ""POS_NUM_rate_baixo""]",DEP_nsubj_rate_baixo + DEP_nummod_rate_baixo + POS_NUM_rate_baixo,"[""3e08094d77b6"", ""706a6a7585e1""]",3e08094d77b6,136,0.094444444444444442,True,0.85999999999999999,"[""DEP_nsubj"", ""numerais""]",DEP_nsubj|numerais,True,True,True,0.26429360777572941,research_only,outside_review_top20,
361c69a5bf42,"[""DEP_nsubj:pass_rate_baixo"", ""POS_ADJ_rate_alto"", ""POS_NUM_rate_baixo""]",DEP_nsubj:pass_rate_baixo + POS_ADJ_rate_alto + POS_NUM_rate_baixo,"[""8198d01b4f01""]",8198d01b4f01,124,0.08611111111111111,True,0.90000000000000002,"[""DEP_nsubj:pass"", ""adjetivacao"", ""numerais""]",DEP_nsubj:pass|adjetivacao|numerais,False,True,True,0.26410225292488515,research_only,outside_review_top20,
e7ef57c379b3,"[""DEP_aux:pass_rate_baixo"", ""POS_ADP_rate_baixo"", ""POS_DET_rate_alto""]",DEP_aux:pass_rate_baixo + POS_ADP_rate_baixo + POS_DET_rate_alto,"[""cc08212c099d""]",cc08212c099d,124,0.08611111111111111,True,0.90000000000000002,"[""auxiliares"", ""determinacao"", ""relacoes_preposicionais""]",auxiliares|determinacao|relacoes_preposicionais,False,True,True,0.26410225292488515,research_only,outside_review_top20,
9d559a6d91bd,"[""DEP_acl_rate_baixo"", ""DEP_nmod_rate_baixo"", ""POS_ADP_rate_baixo""]",DEP_acl_rate_baixo + DEP_nmod_rate_baixo + POS_ADP_rate_baixo,"[""7bcabf76e0c2"", ""85b3debdfb18""]",85b3debdfb18,116,0.080555555555555561,True,0.93000000000000005,"[""DEP_acl"", ""DEP_nmod"", ""relacoes_preposicionais""]",DEP_acl|DEP_nmod|relacoes_preposicionais,False,True,True,0.26395548867185925,research_only,outside_review_top20,
31dad3242311,"[""DEP_acl:relcl_rate_baixo"", ""POS_ADP_rate_alto"", ""POS_SCONJ_rate_baixo""]",DEP_acl:relcl_rate_baixo + POS_ADP_rate_alto + POS_SCONJ_rate_baixo,"[""00aa8efa01d0"", ""9a96fad37b31""]",00aa8efa01d0,121,0.084027777777777785,True,0.91000000000000003,"[""DEP_acl:relcl"", ""relacoes_preposicionais"", ""subordinacao""]",DEP_acl:relcl|relacoes_preposicionais|subordinacao,False,True,True,0.26378666148571228,research_only,outside_review_top20,
da13dd965848,"[""DEP_advmod_rate_baixo"", ""DEP_cc_rate_alto"", ""POS_CCONJ_rate_alto""]",DEP_advmod_rate_baixo + DEP_cc_rate_alto + POS_CCONJ_rate_alto,"[""bac777fe6622"", ""c83b6f13439f""]",c83b6f13439f,118,0.081944444444444445,True,0.92000000000000004,"[""coordenacao"", ""modificacao_adverbial""]",coordenacao|modificacao_adverbial,True,True,True,0.26335864857220426,research_only,outside_review_top20,
b26a89bb9a48,"[""DEP_aux:pass_rate_baixo"", ""DEP_obl_rate_baixo"", ""DEP_xcomp_rate_baixo""]",DEP_aux:pass_rate_baixo + DEP_obl_rate_baixo + DEP_xcomp_rate_baixo,"[""fcd8ed6d4784""]",fcd8ed6d4784,122,0.084722222222222227,True,0.90000000000000002,"[""DEP_obl"", ""DEP_xcomp"", ""auxiliares""]",DEP_obl|DEP_xcomp|auxiliares,False,True,True,0.26196373794859473,research_only,outside_review_top20,
c76285db5212,"[""DEP_aux:pass_rate_baixo"", ""DEP_nmod_rate_baixo"", ""POS_VERB_rate_alto""]",DEP_aux:pass_rate_baixo + DEP_nmod_rate_baixo + POS_VERB_rate_alto,"[""9f2a3160f937"", ""b907366ab71a""]",b907366ab71a,150,0.10416666666666667,True,0.81000000000000005,"[""DEP_nmod"", ""POS_VERB"", ""auxiliares""]",DEP_nmod|POS_VERB|auxiliares,False,True,True,0.26142637586900064,research_only,outside_review_top20,
83aeb30ac202,"[""DEP_det_rate_baixo"", ""POS_DET_rate_baixo"", ""POS_NUM_rate_alto""]",DEP_det_rate_baixo + POS_DET_rate_baixo + POS_NUM_rate_alto,"[""2d4839be641c"", ""5b2974272f13""]",2d4839be641c,118,0.081944444444444445,True,0.91000000000000003,"[""determinacao"", ""numerais""]",determinacao|numerais,True,True,True,0.26049605456598462,research_only,outside_review_top20,
a8d4fbac5ce8,"[""DEP_det_rate_alto"", ""DEP_nummod_rate_baixo"", ""POS_ADP_rate_baixo""]",DEP_det_rate_alto + DEP_nummod_rate_baixo + POS_ADP_rate_baixo,"[""7bd9e0356239""]",7bd9e0356239,129,0.089583333333333334,True,0.87,"[""determinacao"", ""numerais"", ""relacoes_preposicionais""]",determinacao|numerais|relacoes_preposicionais,False,True,True,0.26039513244298562,research_only,outside_review_top20,
db9dc6f13fec,"[""DEP_acl:relcl_rate_baixo"", ""DEP_cop_rate_baixo"", ""diversidade_baixo""]",DEP_acl:relcl_rate_baixo + DEP_cop_rate_baixo + diversidade_baixo,"[""0224c85efd24""]",0224c85efd24,129,0.089583333333333334,True,0.87,"[""DEP_acl:relcl"", ""DEP_cop"", ""diversidade""]",DEP_acl:relcl|DEP_cop|diversidade,False,True,True,0.26039513244298562,research_only,outside_review_top20,
03534f636a1a,"[""DEP_advcl_rate_baixo"", ""DEP_mark_rate_baixo"", ""DEP_obl_rate_alto""]",DEP_advcl_rate_baixo + DEP_mark_rate_baixo + DEP_obl_rate_alto,"[""2dc8701c2534"", ""e119a20d2932""]",2dc8701c2534,117,0.081250000000000003,True,0.91000000000000003,"[""DEP_advcl"", ""DEP_obl"", ""subordinacao""]",DEP_advcl|DEP_obl|subordinacao,False,True,True,0.25938990921005389,research_only,outside_review_top20,
36039407840e,"[""DEP_appos_rate_alto"", ""DEP_aux:pass_rate_baixo"", ""POS_AUX_rate_baixo""]",DEP_appos_rate_alto + DEP_aux:pass_rate_baixo + POS_AUX_rate_baixo,"[""1344d947b129""]",1344d947b129,128,0.088888888888888892,True,0.87,"[""DEP_appos"", ""auxiliares""]",DEP_appos|auxiliares,True,True,True,0.25938388538997559,research_only,outside_review_top20,
3dec599d5c18,"[""DEP_appos_rate_alto"", ""DEP_nsubj:pass_rate_baixo"", ""POS_AUX_rate_baixo""]",DEP_appos_rate_alto + DEP_nsubj:pass_rate_baixo + POS_AUX_rate_baixo,"[""d29f7a445d00""]",d29f7a445d00,128,0.088888888888888892,True,0.87,"[""DEP_appos"", ""DEP_nsubj:pass"", ""auxiliares""]",DEP_appos|DEP_nsubj:pass|auxiliares,False,True,True,0.25938388538997559,research_only,outside_review_top20,
3e257a4f6812,"[""DEP_cop_rate_baixo"", ""DEP_flat:name_rate_baixo"", ""POS_PROPN_rate_baixo""]",DEP_cop_rate_baixo + DEP_flat:name_rate_baixo + POS_PROPN_rate_baixo,"[""3df8e0cc95e9"", ""8956daec6b06""]",3df8e0cc95e9,125,0.086805555555555552,True,0.88,"[""DEP_cop"", ""DEP_flat:name"", ""POS_PROPN""]",DEP_cop|DEP_flat:name|POS_PROPN,False,True,True,0.25927248643506745,research_only,outside_review_top20,
14dafd90df3d,"[""DEP_advmod_rate_alto"", ""DEP_appos_rate_baixo"", ""POS_ADV_rate_alto""]",DEP_advmod_rate_alto + DEP_appos_rate_baixo + POS_ADV_rate_alto,"[""461d2e02f6bb"", ""cedcf49c1591""]",cedcf49c1591,137,0.095138888888888884,True,0.83999999999999997,"[""DEP_appos"", ""modificacao_adverbial""]",DEP_appos|modificacao_adverbial,True,True,True,0.25909457732650448,research_only,outside_review_top20,
bcca157ade0b,"[""DEP_det_rate_alto"", ""DEP_flat:name_rate_baixo"", ""POS_DET_rate_alto""]",DEP_det_rate_alto + DEP_flat:name_rate_baixo + POS_DET_rate_alto,"[""3fbb4946f3b4"", ""7c57535ede0c""]",3fbb4946f3b4,122,0.084722222222222227,True,0.89000000000000001,"[""DEP_flat:name"", ""determinacao""]",DEP_flat:name|determinacao,True,True,True,0.25905302974916589,research_only,outside_review_top20,
d162663a4721,"[""DEP_cop_rate_baixo"", ""DEP_xcomp_rate_baixo"", ""POS_ADJ_rate_baixo""]",DEP_cop_rate_baixo + DEP_xcomp_rate_baixo + POS_ADJ_rate_baixo,"[""52a932883b83""]",52a932883b83,130,0.090277777777777776,True,0.85999999999999999,"[""DEP_cop"", ""DEP_xcomp"", ""adjetivacao""]",DEP_cop|DEP_xcomp|adjetivacao,False,True,True,0.25839784140825256,research_only,outside_review_top20,
e586b858934a,"[""DEP_case_rate_alto"", ""DEP_mark_rate_baixo"", ""DEP_nsubj:pass_rate_baixo""]",DEP_case_rate_alto + DEP_mark_rate_baixo + DEP_nsubj:pass_rate_baixo,"[""333cba99cd34""]",333cba99cd34,133,0.092361111111111116,True,0.84999999999999998,"[""DEP_nsubj:pass"", ""relacoes_preposicionais"", ""subordinacao""]",DEP_nsubj:pass|relacoes_preposicionais|subordinacao,False,True,True,0.25832325249148164,research_only,outside_review_top20,
c6d8779a8ef2,"[""DEP_acl:relcl_rate_baixo"", ""DEP_mark_rate_baixo"", ""POS_ADP_rate_alto""]",DEP_acl:relcl_rate_baixo + DEP_mark_rate_baixo + POS_ADP_rate_alto,"[""a3ba1f52709f"", ""ce4c378762e7""]",a3ba1f52709f,116,0.080555555555555561,True,0.91000000000000003,"[""DEP_acl:relcl"", ""relacoes_preposicionais"", ""subordinacao""]",DEP_acl:relcl|relacoes_preposicionais|subordinacao,False,True,True,0.25827902654988377,research_only,outside_review_top20,
0310b0c0522c,"[""DEP_acl:relcl_rate_baixo"", ""DEP_case_rate_alto"", ""POS_SCONJ_rate_baixo""]",DEP_acl:relcl_rate_baixo + DEP_case_rate_alto + POS_SCONJ_rate_baixo,"[""aa59001d84ed""]",aa59001d84ed,124,0.08611111111111111,True,0.88,"[""DEP_acl:relcl"", ""relacoes_preposicionais"", ""subordinacao""]",DEP_acl:relcl|relacoes_preposicionais|subordinacao,False,True,True,0.2582333139709988,research_only,outside_review_top20,
2e02faeb9436,"[""DEP_ccomp_rate_baixo"", ""DEP_cop_rate_baixo"", ""POS_PROPN_rate_baixo""]",DEP_ccomp_rate_baixo + DEP_cop_rate_baixo + POS_PROPN_rate_baixo,"[""70520241e776""]",70520241e776,124,0.08611111111111111,True,0.88,"[""DEP_ccomp"", ""DEP_cop"", ""POS_PROPN""]",DEP_ccomp|DEP_cop|POS_PROPN,False,True,True,0.2582333139709988,research_only,outside_review_top20,
f59d04222f3a,"[""DEP_aux:pass_rate_baixo"", ""POS_ADP_rate_baixo"", ""POS_NUM_rate_baixo""]",DEP_aux:pass_rate_baixo + POS_ADP_rate_baixo + POS_NUM_rate_baixo,"[""7aca4973a9b0"", ""c48e1e4bfa7c""]",c48e1e4bfa7c,129,0.089583333333333334,True,0.85999999999999999,"[""auxiliares"", ""numerais"", ""relacoes_preposicionais""]",auxiliares|numerais|relacoes_preposicionais,False,True,True,0.25740208494364092,research_only,outside_review_top20,
076aeba852f1,"[""DEP_advcl_rate_baixo"", ""DEP_aux:pass_rate_baixo"", ""DEP_det_rate_baixo""]",DEP_advcl_rate_baixo + DEP_aux:pass_rate_baixo + DEP_det_rate_baixo,"[""d09ef84f41ff""]",d09ef84f41ff,132,0.09166666666666666,True,0.84999999999999998,"[""DEP_advcl"", ""auxiliares"", ""determinacao""]",DEP_advcl|auxiliares|determinacao,False,True,True,0.25735028009828675,research_only,outside_review_top20,
97d5b755cc2d,"[""DEP_appos_rate_alto"", ""DEP_nsubj:pass_rate_baixo"", ""POS_PROPN_rate_alto""]",DEP_appos_rate_alto + DEP_nsubj:pass_rate_baixo + POS_PROPN_rate_alto,"[""355884e398b8""]",355884e398b8,149,0.10347222222222222,True,0.80000000000000004,"[""DEP_appos"", ""DEP_nsubj:pass"", ""POS_PROPN""]",DEP_appos|DEP_nsubj:pass|POS_PROPN,False,True,True,0.25733678754158379,research_only,outside_review_top20,
875b5cccc69d,"[""DEP_nsubj_rate_alto"", ""DEP_nummod_rate_baixo"", ""uppercaseRatio_baixo""]",DEP_nsubj_rate_alto + DEP_nummod_rate_baixo + uppercaseRatio_baixo,"[""e664b6cebc8d""]",e664b6cebc8d,117,0.081250000000000003,True,0.90000000000000002,"[""DEP_nsubj"", ""numerais"", ""uppercaseRatio""]",DEP_nsubj|numerais|uppercaseRatio,False,True,True,0.25653947064730609,research_only,outside_review_top20,
e05128a48b85,"[""DEP_aux:pass_rate_baixo"", ""DEP_case_rate_baixo"", ""POS_DET_rate_alto""]",DEP_aux:pass_rate_baixo + DEP_case_rate_baixo + POS_DET_rate_alto,"[""db32c1d74b03""]",db32c1d74b03,125,0.086805555555555552,True,0.87,"[""auxiliares"", ""determinacao"", ""relacoes_preposicionais""]",auxiliares|determinacao|relacoes_preposicionais,False,True,True,0.25632620818012347,research_only,outside_review_top20,
d4d5b2b86d60,"[""DEP_acl:relcl_rate_baixo"", ""DEP_acl_rate_alto"", ""DEP_xcomp_rate_baixo""]",DEP_acl:relcl_rate_baixo + DEP_acl_rate_alto + DEP_xcomp_rate_baixo,"[""2859b4594deb"", ""5bbd9c36f8bc""]",5bbd9c36f8bc,130,0.090277777777777776,True,0.84999999999999998,"[""DEP_acl"", ""DEP_acl:relcl"", ""DEP_xcomp""]",DEP_acl|DEP_acl:relcl|DEP_xcomp,False,True,True,0.25539321534536591,research_only,outside_review_top20,
ab2d70e32162,"[""DEP_advcl_rate_baixo"", ""DEP_nsubj_rate_baixo"", ""POS_SCONJ_rate_baixo""]",DEP_advcl_rate_baixo + DEP_nsubj_rate_baixo + POS_SCONJ_rate_baixo,"[""39070c3d9cb5"", ""42d52dd39ce0""]",39070c3d9cb5,124,0.08611111111111111,True,0.87,"[""DEP_advcl"", ""DEP_nsubj"", ""subordinacao""]",DEP_advcl|DEP_nsubj|subordinacao,False,True,True,0.25529884449405565,research_only,outside_review_top20,
d3d1f0f87eff,"[""DEP_acl:relcl_rate_baixo"", ""DEP_advcl_rate_baixo"", ""DEP_det_rate_baixo""]",DEP_acl:relcl_rate_baixo + DEP_advcl_rate_baixo + DEP_det_rate_baixo,"[""f7532c54f1df""]",f7532c54f1df,133,0.092361111111111116,True,0.83999999999999997,"[""DEP_acl:relcl"", ""DEP_advcl"", ""determinacao""]",DEP_acl:relcl|DEP_advcl|determinacao,False,True,True,0.25528415540334654,research_only,outside_review_top20,
f9b37390190f,"[""DEP_advcl_rate_baixo"", ""DEP_appos_rate_alto"", ""DEP_mark_rate_baixo""]",DEP_advcl_rate_baixo + DEP_appos_rate_alto + DEP_mark_rate_baixo,"[""1ff7cacda0da""]",1ff7cacda0da,121,0.084027777777777785,True,0.88,"[""DEP_advcl"", ""DEP_appos"", ""subordinacao""]",DEP_advcl|DEP_appos|subordinacao,False,True,True,0.25509039792024923,research_only,outside_review_top20,
ab269bfafbe5,"[""DEP_advcl_rate_baixo"", ""DEP_obl_rate_alto"", ""DEP_xcomp_rate_baixo""]",DEP_advcl_rate_baixo + DEP_obl_rate_alto + DEP_xcomp_rate_baixo,"[""66ccaca76dea"", ""fe83c2267cf5""]",fe83c2267cf5,129,0.089583333333333334,True,0.84999999999999998,"[""DEP_advcl"", ""DEP_obl"", ""DEP_xcomp""]",DEP_advcl|DEP_obl|DEP_xcomp,False,True,True,0.25440903744429627,research_only,outside_review_top20,
b8ce07021ad8,"[""DEP_ccomp_rate_baixo"", ""DEP_nummod_rate_alto"", ""uppercaseRatio_baixo""]",DEP_ccomp_rate_baixo + DEP_nummod_rate_alto + uppercaseRatio_baixo,"[""dd0485371c75""]",dd0485371c75,126,0.087499999999999994,True,0.85999999999999999,"[""DEP_ccomp"", ""numerais"", ""uppercaseRatio""]",DEP_ccomp|numerais|uppercaseRatio,False,True,True,0.25439143067328346,research_only,outside_review_top20,
f1884b63dd32,"[""DEP_acl:relcl_rate_baixo"", ""DEP_nmod_rate_baixo"", ""DEP_nummod_rate_baixo""]",DEP_acl:relcl_rate_baixo + DEP_nmod_rate_baixo + DEP_nummod_rate_baixo,"[""1a594774796b""]",1a594774796b,126,0.087499999999999994,True,0.85999999999999999,"[""DEP_acl:relcl"", ""DEP_nmod"", ""numerais""]",DEP_acl:relcl|DEP_nmod|numerais,False,True,True,0.25439143067328346,research_only,outside_review_top20,
1d5e900b78b5,"[""DEP_nummod_rate_alto"", ""POS_NUM_rate_alto"", ""uppercaseRatio_baixo""]",DEP_nummod_rate_alto + POS_NUM_rate_alto + uppercaseRatio_baixo,"[""3633a474cc31"", ""5a2e62bf4e3a""]",5a2e62bf4e3a,123,0.085416666666666669,True,0.87,"[""numerais"", ""uppercaseRatio""]",numerais|uppercaseRatio,True,True,True,0.25426732979287764,research_only,outside_review_top20,
3ad1fff07322,"[""DEP_nummod_rate_baixo"", ""POS_ADP_rate_baixo"", ""uppercaseRatio_baixo""]",DEP_nummod_rate_baixo + POS_ADP_rate_baixo + uppercaseRatio_baixo,"[""5cc87052965b""]",5cc87052965b,123,0.085416666666666669,True,0.87,"[""numerais"", ""relacoes_preposicionais"", ""uppercaseRatio""]",numerais|relacoes_preposicionais|uppercaseRatio,False,True,True,0.25426732979287764,research_only,outside_review_top20,
e930b0a06cf5,"[""DEP_acl:relcl_rate_baixo"", ""DEP_case_rate_alto"", ""DEP_det_rate_baixo""]",DEP_acl:relcl_rate_baixo + DEP_case_rate_alto + DEP_det_rate_baixo,"[""4d37078c0a7a""]",4d37078c0a7a,120,0.083333333333333329,True,0.88,"[""DEP_acl:relcl"", ""determinacao"", ""relacoes_preposicionais""]",DEP_acl:relcl|determinacao|relacoes_preposicionais,False,True,True,0.25403411844343532,research_only,outside_review_top20,
0902ed2f7589,"[""DEP_advmod_rate_baixo"", ""DEP_cop_rate_baixo"", ""DEP_nmod_rate_alto""]",DEP_advmod_rate_baixo + DEP_cop_rate_baixo + DEP_nmod_rate_alto,"[""5d868ea074d6"", ""e3f30a249f60""]",e3f30a249f60,128,0.088888888888888892,True,0.84999999999999998,"[""DEP_cop"", ""DEP_nmod"", ""modificacao_adverbial""]",DEP_cop|DEP_nmod|modificacao_adverbial,False,True,True,0.25342103744997618,research_only,outside_review_top20,
72dc5c993cac,"[""DEP_aux:pass_rate_baixo"", ""DEP_det_rate_alto"", ""POS_ADP_rate_baixo""]",DEP_aux:pass_rate_baixo + DEP_det_rate_alto + POS_ADP_rate_baixo,"[""c0ef72e9264d""]",c0ef72e9264d,128,0.088888888888888892,True,0.84999999999999998,"[""auxiliares"", ""determinacao"", ""relacoes_preposicionais""]",auxiliares|determinacao|relacoes_preposicionais,False,True,True,0.25342103744997618,research_only,outside_review_top20,
f8dc7e2b893a,"[""DEP_aux:pass_rate_baixo"", ""DEP_nsubj_rate_alto"", ""POS_VERB_rate_alto""]",DEP_aux:pass_rate_baixo + DEP_nsubj_rate_alto + POS_VERB_rate_alto,"[""f40b4e503842""]",f40b4e503842,131,0.090972222222222218,True,0.83999999999999997,"[""DEP_nsubj"", ""POS_VERB"", ""auxiliares""]",DEP_nsubj|POS_VERB|auxiliares,False,True,True,0.253357454991954,research_only,outside_review_top20,
c6c746f98b5b,"[""DEP_det_rate_baixo"", ""DEP_nummod_rate_baixo"", ""POS_NUM_rate_baixo""]",DEP_det_rate_baixo + DEP_nummod_rate_baixo + POS_NUM_rate_baixo,"[""a880f7ef17d9"", ""c03241d198f5""]",c03241d198f5,122,0.084722222222222227,True,0.87,"[""determinacao"", ""numerais""]",determinacao|numerais,True,True,True,0.25323161335030825,research_only,outside_review_top20,
5f7156837db3,"[""DEP_acl_rate_baixo"", ""DEP_xcomp_rate_baixo"", ""POS_ADV_rate_baixo""]",DEP_acl_rate_baixo + DEP_xcomp_rate_baixo + POS_ADV_rate_baixo,"[""b1efa0568ad3""]",b1efa0568ad3,134,0.093055555555555558,True,0.82999999999999996,"[""DEP_acl"", ""DEP_xcomp"", ""modificacao_adverbial""]",DEP_acl|DEP_xcomp|modificacao_adverbial,False,True,True,0.25319157217850324,research_only,outside_review_top20,
6b24ea780869,"[""DEP_acl_rate_alto"", ""DEP_cc_rate_baixo"", ""POS_CCONJ_rate_baixo""]",DEP_acl_rate_alto + DEP_cc_rate_baixo + POS_CCONJ_rate_baixo,"[""1d8af7140c79"", ""3d18c988b45d""]",3d18c988b45d,134,0.093055555555555558,True,0.82999999999999996,"[""DEP_acl"", ""coordenacao""]",DEP_acl|coordenacao,True,True,True,0.25319157217850324,research_only,outside_review_top20,
20ec528dd947,"[""DEP_nsubj:pass_rate_baixo"", ""POS_ADV_rate_alto"", ""POS_NUM_rate_baixo""]",DEP_nsubj:pass_rate_baixo + POS_ADV_rate_alto + POS_NUM_rate_baixo,"[""5793f4d48119""]",5793f4d48119,130,0.090277777777777776,True,0.83999999999999997,"[""DEP_nsubj:pass"", ""modificacao_adverbial"", ""numerais""]",DEP_nsubj:pass|modificacao_adverbial|numerais,False,True,True,0.25238858928247926,research_only,outside_review_top20,
4f06af3232b3,"[""DEP_case_rate_alto"", ""DEP_nummod_rate_baixo"", ""POS_NUM_rate_baixo""]",DEP_case_rate_alto + DEP_nummod_rate_baixo + POS_NUM_rate_baixo,"[""1d9c93c19a28"", ""228458c8d87d""]",1d9c93c19a28,130,0.090277777777777776,True,0.83999999999999997,"[""numerais"", ""relacoes_preposicionais""]",numerais|relacoes_preposicionais,True,True,True,0.25238858928247926,research_only,outside_review_top20,
4477264a4e23,"[""DEP_acl_rate_baixo"", ""DEP_nummod_rate_baixo"", ""DEP_obl_rate_baixo""]",DEP_acl_rate_baixo + DEP_nummod_rate_baixo + DEP_obl_rate_baixo,"[""5da51c0f877c""]",5da51c0f877c,124,0.08611111111111111,True,0.85999999999999999,"[""DEP_acl"", ""DEP_obl"", ""numerais""]",DEP_acl|DEP_obl|numerais,False,True,True,0.25236437501711245,research_only,outside_review_top20,
3b5c8a054d65,"[""DEP_appos_rate_alto"", ""DEP_ccomp_rate_baixo"", ""POS_PROPN_rate_alto""]",DEP_appos_rate_alto + DEP_ccomp_rate_baixo + POS_PROPN_rate_alto,"[""8b8cffd0beff"", ""e3b82b49f420"", ""f028d386362b""]",e3b82b49f420,118,0.081944444444444445,True,0.88,"[""DEP_appos"", ""DEP_ccomp"", ""POS_PROPN""]",DEP_appos|DEP_ccomp|POS_PROPN,False,True,True,0.25190827254732578,research_only,outside_review_top20,
5439d177d523,"[""DEP_advmod_rate_alto"", ""DEP_nummod_rate_baixo"", ""uppercaseRatio_baixo""]",DEP_advmod_rate_alto + DEP_nummod_rate_baixo + uppercaseRatio_baixo,"[""8c2bd1d78f9f"", ""8ffb979b41fc""]",8ffb979b41fc,118,0.081944444444444445,True,0.88,"[""modificacao_adverbial"", ""numerais"", ""uppercaseRatio""]",modificacao_adverbial|numerais|uppercaseRatio,False,True,True,0.25190827254732578,research_only,outside_review_top20,
19102cbac6c5,"[""DEP_acl:relcl_rate_baixo"", ""DEP_cc_rate_baixo"", ""DEP_cop_rate_baixo""]",DEP_acl:relcl_rate_baixo + DEP_cc_rate_baixo + DEP_cop_rate_baixo,"[""46041bbabf87""]",46041bbabf87,142,0.098611111111111108,True,0.80000000000000004,"[""DEP_acl:relcl"", ""DEP_cop"", ""coordenacao""]",DEP_acl:relcl|DEP_cop|coordenacao,False,True,True,0.25121924908555698,research_only,outside_review_top20,
2cc28bac7e1b,"[""DEP_flat:name_rate_alto"", ""POS_NUM_rate_baixo"", ""POS_PROPN_rate_alto""]",DEP_flat:name_rate_alto + POS_NUM_rate_baixo + POS_PROPN_rate_alto,"[""2174ea161bb4"", ""5ee28cf1c6d0""]",2174ea161bb4,120,0.083333333333333329,True,0.87,"[""DEP_flat:name"", ""POS_PROPN"", ""numerais""]",DEP_flat:name|POS_PROPN|numerais,False,True,True,0.2511473670974872,research_only,outside_review_top20,
6a3668ae44ca,"[""DEP_acl_rate_baixo"", ""DEP_ccomp_rate_baixo"", ""POS_NOUN_rate_alto""]",DEP_acl_rate_baixo + DEP_ccomp_rate_baixo + POS_NOUN_rate_alto,"[""55b688b0db42""]",55b688b0db42,117,0.081250000000000003,True,0.88,"[""DEP_acl"", ""DEP_ccomp"", ""POS_NOUN""]",DEP_acl|DEP_ccomp|POS_NOUN,False,True,True,0.25083859352181037,research_only,outside_review_top20,
ece5dfcc9887,"[""DEP_acl_rate_baixo"", ""POS_SCONJ_rate_baixo"", ""uppercaseRatio_baixo""]",DEP_acl_rate_baixo + POS_SCONJ_rate_baixo + uppercaseRatio_baixo,"[""d6af57a62842""]",d6af57a62842,125,0.086805555555555552,True,0.84999999999999998,"[""DEP_acl"", ""subordinacao"", ""uppercaseRatio""]",DEP_acl|subordinacao|uppercaseRatio,False,True,True,0.25043365167023557,research_only,outside_review_top20,
816c75864336,"[""DEP_acl_rate_baixo"", ""DEP_xcomp_rate_baixo"", ""POS_PROPN_rate_alto""]",DEP_acl_rate_baixo + DEP_xcomp_rate_baixo + POS_PROPN_rate_alto,"[""656a3f6224e5"", ""b73c7a98f831""]",b73c7a98f831,122,0.084722222222222227,True,0.85999999999999999,"[""DEP_acl"", ""DEP_xcomp"", ""POS_PROPN""]",DEP_acl|DEP_xcomp|POS_PROPN,False,True,True,0.2503209051508794,research_only,outside_review_top20,
a776f1222c48,"[""DEP_acl:relcl_rate_baixo"", ""DEP_conj_rate_alto"", ""DEP_xcomp_rate_baixo""]",DEP_acl:relcl_rate_baixo + DEP_conj_rate_alto + DEP_xcomp_rate_baixo,"[""726354a1533f"", ""a00ae981df25""]",726354a1533f,116,0.080555555555555561,True,0.88,"[""DEP_acl:relcl"", ""DEP_xcomp"", ""coordenacao""]",DEP_acl:relcl|DEP_xcomp|coordenacao,False,True,True,0.24976433336692055,research_only,outside_review_top20,
f8ed6afa3f76,"[""DEP_ccomp_rate_alto"", ""DEP_mark_rate_alto"", ""POS_NUM_rate_baixo""]",DEP_ccomp_rate_alto + DEP_mark_rate_alto + POS_NUM_rate_baixo,"[""69626705e251"", ""a8d86a797fe1"", ""f7b314ec23a7""]",69626705e251,121,0.084027777777777785,True,0.85999999999999999,"[""DEP_ccomp"", ""numerais"", ""subordinacao""]",DEP_ccomp|numerais|subordinacao,False,True,True,0.24929288887660722,research_only,outside_review_top20,
6d245b3637de,"[""DEP_advcl_rate_baixo"", ""DEP_mark_rate_baixo"", ""DEP_nummod_rate_alto""]",DEP_advcl_rate_baixo + DEP_mark_rate_baixo + DEP_nummod_rate_alto,"[""3a89e4873809"", ""936002f1f8cf""]",936002f1f8cf,118,0.081944444444444445,True,0.87,"[""DEP_advcl"", ""numerais"", ""subordinacao""]",DEP_advcl|numerais|subordinacao,False,True,True,0.24904567854110621,research_only,outside_review_top20,
6ae1b25a9f65,"[""DEP_aux:pass_rate_baixo"", ""DEP_cop_rate_alto"", ""uppercaseRatio_baixo""]",DEP_aux:pass_rate_baixo + DEP_cop_rate_alto + uppercaseRatio_baixo,"[""921fd78a1bff""]",921fd78a1bff,136,0.094444444444444442,True,0.81000000000000005,"[""DEP_cop"", ""auxiliares"", ""uppercaseRatio""]",DEP_cop|auxiliares|uppercaseRatio,False,True,True,0.24892770034690798,research_only,outside_review_top20,
94185c749ddc,"[""DEP_acl_rate_baixo"", ""DEP_cop_rate_baixo"", ""DEP_det_rate_baixo""]",DEP_acl_rate_baixo + DEP_cop_rate_baixo + DEP_det_rate_baixo,"[""da9b30592cef""]",da9b30592cef,117,0.081250000000000003,True,0.87,"[""DEP_acl"", ""DEP_cop"", ""determinacao""]",DEP_acl|DEP_cop|determinacao,False,True,True,0.24798815495906251,research_only,outside_review_top20,
6957eabf92d2,"[""DEP_acl:relcl_rate_baixo"", ""DEP_amod_rate_alto"", ""DEP_xcomp_rate_baixo""]",DEP_acl:relcl_rate_baixo + DEP_amod_rate_alto + DEP_xcomp_rate_baixo,"[""2ba4890029d9"", ""7b23c3b3d7d5""]",7b23c3b3d7d5,122,0.084722222222222227,True,0.84999999999999998,"[""DEP_acl:relcl"", ""DEP_xcomp"", ""adjetivacao""]",DEP_acl:relcl|DEP_xcomp|adjetivacao,False,True,True,0.24741019695145056,research_only,outside_review_top20,
d1a72dcd86f1,"[""DEP_advcl_rate_baixo"", ""DEP_xcomp_rate_baixo"", ""POS_AUX_rate_baixo""]",DEP_advcl_rate_baixo + DEP_xcomp_rate_baixo + POS_AUX_rate_baixo,"[""5281be9e9190"", ""78bc81f7fd76""]",5281be9e9190,131,0.090972222222222218,True,0.81999999999999995,"[""DEP_advcl"", ""DEP_xcomp"", ""auxiliares""]",DEP_advcl|DEP_xcomp|auxiliares,False,True,True,0.24732513463500272,research_only,outside_review_top20,
86fbd87c1abb,"[""DEP_case_rate_baixo"", ""DEP_nsubj_rate_alto"", ""DEP_nummod_rate_baixo""]",DEP_case_rate_baixo + DEP_nsubj_rate_alto + DEP_nummod_rate_baixo,"[""2658f10494f2""]",2658f10494f2,119,0.082638888888888887,True,0.85999999999999999,"[""DEP_nsubj"", ""numerais"", ""relacoes_preposicionais""]",DEP_nsubj|numerais|relacoes_preposicionais,False,True,True,0.24722403245279823,research_only,outside_review_top20,
6d04e077b92b,"[""DEP_case_rate_alto"", ""DEP_cop_rate_baixo"", ""DEP_nsubj_rate_baixo""]",DEP_case_rate_alto + DEP_cop_rate_baixo + DEP_nsubj_rate_baixo,"[""3e383d622651""]",3e383d622651,121,0.084027777777777785,True,0.84999999999999998,"[""DEP_cop"", ""DEP_nsubj"", ""relacoes_preposicionais""]",DEP_cop|DEP_nsubj|relacoes_preposicionais,False,True,True,0.24639413435478622,research_only,outside_review_top20,
7c7c621c1d28,"[""DEP_nummod_rate_baixo"", ""POS_DET_rate_baixo"", ""POS_NUM_rate_baixo""]",DEP_nummod_rate_baixo + POS_DET_rate_baixo + POS_NUM_rate_baixo,"[""4954d66776ca"", ""a220594f00b5""]",4954d66776ca,121,0.084027777777777785,True,0.84999999999999998,"[""determinacao"", ""numerais""]",determinacao|numerais,True,True,True,0.24639413435478622,research_only,outside_review_top20,
87f0e25ac96e,"[""DEP_cop_rate_baixo"", ""DEP_nummod_rate_baixo"", ""DEP_obl_rate_alto""]",DEP_cop_rate_baixo + DEP_nummod_rate_baixo + DEP_obl_rate_alto,"[""98115989f3dc""]",98115989f3dc,133,0.092361111111111116,True,0.81000000000000005,"[""DEP_cop"", ""DEP_obl"", ""numerais""]",DEP_cop|DEP_obl|numerais,False,True,True,0.24616686413894134,research_only,outside_review_top20,
769365e38db5,"[""DEP_advcl_rate_baixo"", ""DEP_cop_rate_baixo"", ""punctuationDensity_spacy_baixo""]",DEP_advcl_rate_baixo + DEP_cop_rate_baixo + punctuationDensity_spacy_baixo,"[""c8af6e94e7df""]",c8af6e94e7df,126,0.087499999999999994,True,0.82999999999999996,"[""DEP_advcl"", ""DEP_cop"", ""punctuationDensity_spacy""]",DEP_advcl|DEP_cop|punctuationDensity_spacy,False,True,True,0.24551731099863405,research_only,outside_review_top20,
293f02a2b038,"[""DEP_mark_rate_alto"", ""DEP_nummod_rate_baixo"", ""uppercaseRatio_baixo""]",DEP_mark_rate_alto + DEP_nummod_rate_baixo + uppercaseRatio_baixo,"[""8c8c87a042a8""]",8c8c87a042a8,123,0.085416666666666669,True,0.83999999999999997,"[""numerais"", ""subordinacao"", ""uppercaseRatio""]",numerais|subordinacao|uppercaseRatio,False,True,True,0.24549949083450257,research_only,outside_review_top20,
ca3bed1dacfc,"[""DEP_nsubj:pass_rate_baixo"", ""DEP_obj_rate_baixo"", ""DEP_xcomp_rate_baixo""]",DEP_nsubj:pass_rate_baixo + DEP_obj_rate_baixo + DEP_xcomp_rate_baixo,"[""06926dec2706""]",06926dec2706,123,0.085416666666666669,True,0.83999999999999997,"[""DEP_nsubj:pass"", ""DEP_obj"", ""DEP_xcomp""]",DEP_nsubj:pass|DEP_obj|DEP_xcomp,False,True,True,0.24549949083450257,research_only,outside_review_top20,
3f68e7b15f1a,"[""DEP_advcl_rate_baixo"", ""DEP_aux:pass_rate_baixo"", ""DEP_case_rate_baixo""]",DEP_advcl_rate_baixo + DEP_aux:pass_rate_baixo + DEP_case_rate_baixo,"[""49e02cd18ea0""]",49e02cd18ea0,129,0.089583333333333334,True,0.81999999999999995,"[""DEP_advcl"", ""auxiliares"", ""relacoes_preposicionais""]",DEP_advcl|auxiliares|relacoes_preposicionais,False,True,True,0.24542989494626227,research_only,outside_review_top20,
41324576782a,"[""DEP_nummod_rate_baixo"", ""POS_ADP_rate_baixo"", ""POS_DET_rate_alto""]",DEP_nummod_rate_baixo + POS_ADP_rate_baixo + POS_DET_rate_alto,"[""6e4275956578""]",6e4275956578,120,0.083333333333333329,True,0.84999999999999998,"[""determinacao"", ""numerais"", ""relacoes_preposicionais""]",determinacao|numerais|relacoes_preposicionais,False,True,True,0.24537386440559092,research_only,outside_review_top20,
a1aab7ff0dc7,"[""DEP_case_rate_baixo"", ""POS_ADP_rate_baixo"", ""POS_AUX_rate_alto""]",DEP_case_rate_baixo + POS_ADP_rate_baixo + POS_AUX_rate_alto,"[""529b0277fafc"", ""e6659a7340eb""]",529b0277fafc,120,0.083333333333333329,True,0.84999999999999998,"[""auxiliares"", ""relacoes_preposicionais""]",auxiliares|relacoes_preposicionais,True,True,True,0.24537386440559092,research_only,outside_review_top20,
8b86035ca7b8,"[""DEP_appos_rate_baixo"", ""DEP_nsubj:pass_rate_baixo"", ""DEP_obj_rate_alto""]",DEP_appos_rate_baixo + DEP_nsubj:pass_rate_baixo + DEP_obj_rate_alto,"[""f906fe729901""]",f906fe729901,125,0.086805555555555552,True,0.82999999999999996,"[""DEP_appos"", ""DEP_nsubj:pass"", ""DEP_obj""]",DEP_appos|DEP_nsubj:pass|DEP_obj,False,True,True,0.24454109516034769,research_only,outside_review_top20,
b2b1f1280977,"[""DEP_appos_rate_alto"", ""DEP_cop_rate_baixo"", ""POS_AUX_rate_baixo""]",DEP_appos_rate_alto + DEP_cop_rate_baixo + POS_AUX_rate_baixo,"[""cbed6c82445a""]",cbed6c82445a,128,0.088888888888888892,True,0.81999999999999995,"[""DEP_appos"", ""DEP_cop"", ""auxiliares""]",DEP_appos|DEP_cop|auxiliares,False,True,True,0.24447676553997699,research_only,outside_review_top20,
c3ca997b207b,"[""DEP_aux:pass_rate_alto"", ""DEP_cop_rate_baixo"", ""DEP_xcomp_rate_baixo""]",DEP_aux:pass_rate_alto + DEP_cop_rate_baixo + DEP_xcomp_rate_baixo,"[""032342e2494f""]",032342e2494f,119,0.082638888888888887,True,0.84999999999999998,"[""DEP_cop"", ""DEP_xcomp"", ""auxiliares""]",DEP_cop|DEP_xcomp|auxiliares,False,True,True,0.2443493344010215,research_only,outside_review_top20,
1e66d139aff3,"[""DEP_case_rate_alto"", ""DEP_nummod_rate_baixo"", ""DEP_xcomp_rate_baixo""]",DEP_case_rate_alto + DEP_nummod_rate_baixo + DEP_xcomp_rate_baixo,"[""38d669b53fd5""]",38d669b53fd5,121,0.084027777777777785,True,0.83999999999999997,"[""DEP_xcomp"", ""numerais"", ""relacoes_preposicionais""]",DEP_xcomp|numerais|relacoes_preposicionais,False,True,True,0.24349537983296518,research_only,outside_review_top20,
fc16fde90e87,"[""DEP_cop_rate_baixo"", ""POS_PROPN_rate_baixo"", ""uppercaseRatio_baixo""]",DEP_cop_rate_baixo + POS_PROPN_rate_baixo + uppercaseRatio_baixo,"[""7933852d2b56""]",7933852d2b56,123,0.085416666666666669,True,0.82999999999999996,"[""DEP_cop"", ""POS_PROPN"", ""uppercaseRatio""]",DEP_cop|POS_PROPN|uppercaseRatio,False,True,True,0.24257687784837753,research_only,outside_review_top20,
418b54938214,"[""DEP_acl_rate_baixo"", ""DEP_conj_rate_baixo"", ""DEP_nummod_rate_baixo""]",DEP_acl_rate_baixo + DEP_conj_rate_baixo + DEP_nummod_rate_baixo,"[""4bddf0a51297""]",4bddf0a51297,120,0.083333333333333329,True,0.83999999999999997,"[""DEP_acl"", ""coordenacao"", ""numerais""]",DEP_acl|coordenacao|numerais,False,True,True,0.24248711305964279,research_only,outside_review_top20,
fdff398de53b,"[""DEP_ccomp_rate_baixo"", ""DEP_conj_rate_alto"", ""uppercaseRatio_baixo""]",DEP_ccomp_rate_baixo + DEP_conj_rate_alto + uppercaseRatio_baixo,"[""c1f39f992550""]",c1f39f992550,117,0.081250000000000003,True,0.84999999999999998,"[""DEP_ccomp"", ""coordenacao"", ""uppercaseRatio""]",DEP_ccomp|coordenacao|uppercaseRatio,False,True,True,0.24228727783356682,research_only,outside_review_top20,
5ad89389bf3b,"[""DEP_case_rate_alto"", ""DEP_nmod_rate_alto"", ""POS_ADV_rate_baixo""]",DEP_case_rate_alto + DEP_nmod_rate_alto + POS_ADV_rate_baixo,"[""4fcc08958e68"", ""c2f71a9ba834"", ""fb36db6e5049""]",4fcc08958e68,122,0.084722222222222227,True,0.82999999999999996,"[""DEP_nmod"", ""modificacao_adverbial"", ""relacoes_preposicionais""]",DEP_nmod|modificacao_adverbial|relacoes_preposicionais,False,True,True,0.24158878055259289,research_only,outside_review_top20,
e50be2533fdf,"[""DEP_nsubj_rate_alto"", ""DEP_nummod_rate_baixo"", ""POS_PRON_rate_alto""]",DEP_nsubj_rate_alto + DEP_nummod_rate_baixo + POS_PRON_rate_alto,"[""480fc35eeb9d""]",480fc35eeb9d,128,0.088888888888888892,True,0.81000000000000005,"[""DEP_nsubj"", ""POS_PRON"", ""numerais""]",DEP_nsubj|POS_PRON|numerais,False,True,True,0.24149534156997732,research_only,outside_review_top20,
e9fd690997fd,"[""DEP_acl:relcl_rate_baixo"", ""DEP_nmod_rate_alto"", ""POS_ADV_rate_baixo""]",DEP_acl:relcl_rate_baixo + DEP_nmod_rate_alto + POS_ADV_rate_baixo,"[""e8310a878ce4""]",e8310a878ce4,116,0.080555555555555561,True,0.84999999999999998,"[""DEP_acl:relcl"", ""DEP_nmod"", ""modificacao_adverbial""]",DEP_acl:relcl|DEP_nmod|modificacao_adverbial,False,True,True,0.24124964018395736,research_only,outside_review_top20,
79c44e822569,"[""DEP_advcl_rate_baixo"", ""DEP_advmod_rate_baixo"", ""POS_ADP_rate_alto""]",DEP_advcl_rate_baixo + DEP_advmod_rate_baixo + POS_ADP_rate_alto,"[""cf20fc69b82b""]",cf20fc69b82b,124,0.08611111111111111,True,0.81999999999999995,"[""DEP_advcl"", ""modificacao_adverbial"", ""relacoes_preposicionais""]",DEP_advcl|modificacao_adverbial|relacoes_preposicionais,False,True,True,0.24062649710933978,research_only,outside_review_top20,
a1729d67146f,"[""DEP_acl_rate_alto"", ""DEP_advcl_rate_baixo"", ""DEP_xcomp_rate_baixo""]",DEP_acl_rate_alto + DEP_advcl_rate_baixo + DEP_xcomp_rate_baixo,"[""db8050fccffd"", ""dc75cee5479e""]",db8050fccffd,121,0.084027777777777785,True,0.82999999999999996,"[""DEP_acl"", ""DEP_advcl"", ""DEP_xcomp""]",DEP_acl|DEP_advcl|DEP_xcomp,False,True,True,0.24059662531114417,research_only,outside_review_top20,
7b95fda64d78,"[""DEP_advcl_rate_alto"", ""DEP_case_rate_baixo"", ""POS_ADP_rate_baixo""]",DEP_advcl_rate_alto + DEP_case_rate_baixo + POS_ADP_rate_baixo,"[""4122691875ad"", ""a590ee979246""]",4122691875ad,126,0.087499999999999994,True,0.81000000000000005,"[""DEP_advcl"", ""relacoes_preposicionais""]",DEP_advcl|relacoes_preposicionais,True,True,True,0.23960123121553445,research_only,outside_review_top20,
468785eae878,"[""DEP_ccomp_rate_baixo"", ""POS_SCONJ_rate_baixo"", ""diversidade_baixo""]",DEP_ccomp_rate_baixo + POS_SCONJ_rate_baixo + diversidade_baixo,"[""d6616afd4639"", ""ed7137c13c36""]",d6616afd4639,129,0.089583333333333334,True,0.80000000000000004,"[""DEP_ccomp"", ""diversidade"", ""subordinacao""]",DEP_ccomp|diversidade|subordinacao,False,True,True,0.23944379994757298,research_only,outside_review_top20,
7fba1e6fdb08,"[""DEP_advcl_rate_baixo"", ""DEP_nummod_rate_baixo"", ""POS_NOUN_rate_alto""]",DEP_advcl_rate_baixo + DEP_nummod_rate_baixo + POS_NOUN_rate_alto,"[""6e63297a06d0""]",6e63297a06d0,125,0.086805555555555552,True,0.81000000000000005,"[""DEP_advcl"", ""POS_NOUN"", ""numerais""]",DEP_advcl|POS_NOUN|numerais,False,True,True,0.23864853865045982,research_only,outside_review_top20,
6ada5ad5f47e,"[""DEP_acl:relcl_rate_baixo"", ""DEP_nmod_rate_alto"", ""DEP_nsubj_rate_baixo""]",DEP_acl:relcl_rate_baixo + DEP_nmod_rate_alto + DEP_nsubj_rate_baixo,"[""48e7ddc1c270""]",48e7ddc1c270,124,0.08611111111111111,True,0.81000000000000005,"[""DEP_acl:relcl"", ""DEP_nmod"", ""DEP_nsubj""]",DEP_acl:relcl|DEP_nmod|DEP_nsubj,False,True,True,0.23769202763239666,research_only,outside_review_top20,
d24e71fc28c1,"[""DEP_nmod_rate_alto"", ""DEP_xcomp_rate_baixo"", ""POS_SCONJ_rate_baixo""]",DEP_nmod_rate_alto + DEP_xcomp_rate_baixo + POS_SCONJ_rate_baixo,"[""2415ba795efa"", ""5e365ff34815""]",2415ba795efa,124,0.08611111111111111,True,0.81000000000000005,"[""DEP_nmod"", ""DEP_xcomp"", ""subordinacao""]",DEP_nmod|DEP_xcomp|subordinacao,False,True,True,0.23769202763239666,research_only,outside_review_top20,
c760b2a99356,"[""DEP_advcl_rate_baixo"", ""DEP_nsubj_rate_baixo"", ""POS_VERB_rate_baixo""]",DEP_advcl_rate_baixo + DEP_nsubj_rate_baixo + POS_VERB_rate_baixo,"[""1d75f4885400"", ""5642e26ff2c3""]",5642e26ff2c3,126,0.087499999999999994,True,0.80000000000000004,"[""DEP_advcl"", ""DEP_nsubj"", ""POS_VERB""]",DEP_advcl|DEP_nsubj|POS_VERB,False,False,True,0.23664319132398465,research_only,outside_review_top20,
da9bcadf90b2,"[""DEP_acl:relcl_rate_baixo"", ""DEP_nsubj_rate_alto"", ""DEP_nummod_rate_baixo""]",DEP_acl:relcl_rate_baixo + DEP_nsubj_rate_alto + DEP_nummod_rate_baixo,"[""02afa0dc197f""]",02afa0dc197f,122,0.084722222222222227,True,0.81000000000000005,"[""DEP_acl:relcl"", ""DEP_nsubj"", ""numerais""]",DEP_acl:relcl|DEP_nsubj|numerais,False,True,True,0.23576736415373528,research_only,outside_review_top20,
64e41e2f2e07,"[""DEP_acl:relcl_rate_baixo"", ""DEP_case_rate_alto"", ""DEP_mark_rate_baixo""]",DEP_acl:relcl_rate_baixo + DEP_case_rate_alto + DEP_mark_rate_baixo,"[""714b2ff02afd"", ""ee95bd6a67be""]",ee95bd6a67be,121,0.084027777777777785,True,0.81000000000000005,"[""DEP_acl:relcl"", ""relacoes_preposicionais"", ""subordinacao""]",DEP_acl:relcl|relacoes_preposicionais|subordinacao,False,True,True,0.23479911626750216,research_only,outside_review_top20,
b7c96cf80497,"[""DEP_ccomp_rate_alto"", ""DEP_nummod_rate_baixo"", ""uppercaseRatio_baixo""]",DEP_ccomp_rate_alto + DEP_nummod_rate_baixo + uppercaseRatio_baixo,"[""973f46beb3b4""]",973f46beb3b4,121,0.084027777777777785,True,0.81000000000000005,"[""DEP_ccomp"", ""numerais"", ""uppercaseRatio""]",DEP_ccomp|numerais|uppercaseRatio,False,True,True,0.23479911626750216,research_only,outside_review_top20,
d407bc745a50,"[""DEP_acl:relcl_rate_baixo"", ""DEP_advcl_rate_alto"", ""POS_SCONJ_rate_alto""]",DEP_acl:relcl_rate_baixo + DEP_advcl_rate_alto + POS_SCONJ_rate_alto,"[""380bbf22d4f5"", ""e97c367eafdc""]",380bbf22d4f5,124,0.08611111111111111,True,0.80000000000000004,"[""DEP_acl:relcl"", ""DEP_advcl"", ""subordinacao""]",DEP_acl:relcl|DEP_advcl|subordinacao,False,True,True,0.23475755815545349,research_only,outside_review_top20,
ffd814394692,"[""DEP_aux:pass_rate_baixo"", ""DEP_obl_rate_baixo"", ""POS_NUM_rate_baixo""]",DEP_aux:pass_rate_baixo + DEP_obl_rate_baixo + POS_NUM_rate_baixo,"[""bbe5a8991191""]",bbe5a8991191,120,0.083333333333333329,True,0.81000000000000005,"[""DEP_obl"", ""auxiliares"", ""numerais""]",DEP_obl|auxiliares|numerais,False,True,True,0.23382685902179845,research_only,outside_review_top20,
eee0574f0591,"[""DEP_advmod_rate_baixo"", ""DEP_ccomp_rate_baixo"", ""POS_VERB_rate_baixo""]",DEP_advmod_rate_baixo + DEP_ccomp_rate_baixo + POS_VERB_rate_baixo,"[""89bfe376f7a5""]",89bfe376f7a5,117,0.081250000000000003,True,0.81999999999999995,"[""DEP_ccomp"", ""POS_VERB"", ""modificacao_adverbial""]",DEP_ccomp|POS_VERB|modificacao_adverbial,False,False,True,0.23373596214532327,research_only,outside_review_top20,
5841dd2e95c1,"[""DEP_cop_rate_baixo"", ""DEP_nsubj_rate_baixo"", ""POS_ADP_rate_alto""]",DEP_cop_rate_baixo + DEP_nsubj_rate_baixo + POS_ADP_rate_alto,"[""9121847680cb""]",9121847680cb,116,0.080555555555555561,True,0.81999999999999995,"[""DEP_cop"", ""DEP_nsubj"", ""relacoes_preposicionais""]",DEP_cop|DEP_nsubj|relacoes_preposicionais,False,True,True,0.23273494700099415,research_only,outside_review_top20,
3a9e9cf80e6c,"[""DEP_advcl_rate_baixo"", ""DEP_amod_rate_alto"", ""DEP_xcomp_rate_baixo""]",DEP_advcl_rate_baixo + DEP_amod_rate_alto + DEP_xcomp_rate_baixo,"[""433126536244"", ""7f3dfde2c4ec""]",433126536244,119,0.082638888888888887,True,0.80000000000000004,"[""DEP_advcl"", ""DEP_xcomp"", ""adjetivacao""]",DEP_advcl|DEP_xcomp|adjetivacao,False,True,True,0.2299758441421379,research_only,outside_review_top20,
2920980d5c68,"[""DEP_ccomp_rate_baixo"", ""DEP_cop_rate_baixo"", ""POS_ADJ_rate_alto""]",DEP_ccomp_rate_baixo + DEP_cop_rate_baixo + POS_ADJ_rate_alto,"[""3390e0f7166c""]",3390e0f7166c,116,0.080555555555555561,True,0.81000000000000005,"[""DEP_ccomp"", ""DEP_cop"", ""adjetivacao""]",DEP_ccomp|DEP_cop|adjetivacao,False,True,True,0.22989671594000644,research_only,outside_review_top20,
a003ba1eaff5,"[""DEP_acl_rate_baixo"", ""DEP_cop_rate_baixo"", ""POS_DET_rate_baixo""]",DEP_acl_rate_baixo + DEP_cop_rate_baixo + POS_DET_rate_baixo,"[""316e95582597""]",316e95582597,116,0.080555555555555561,True,0.81000000000000005,"[""DEP_acl"", ""DEP_cop"", ""determinacao""]",DEP_acl|DEP_cop|determinacao,False,True,True,0.22989671594000644,research_only,outside_review_top20,
004d1b3ba8dc,"[""DEP_nsubj_rate_baixo"", ""DEP_xcomp_rate_baixo"", ""POS_VERB_rate_baixo""]",DEP_nsubj_rate_baixo + DEP_xcomp_rate_baixo + POS_VERB_rate_baixo,"[""a7900318ccd7"", ""bebf4f15cda5""]",bebf4f15cda5,115,0.079861111111111105,False,0.97999999999999998,"[""DEP_nsubj"", ""DEP_xcomp"", ""POS_VERB""]",DEP_nsubj|DEP_xcomp|POS_VERB,False,True,False,0,research_only,ineligible,
00a91bc9436f,"[""DEP_ccomp_rate_baixo"", ""DEP_nsubj:pass_rate_alto"", ""POS_SCONJ_rate_baixo""]",DEP_ccomp_rate_baixo + DEP_nsubj:pass_rate_alto + POS_SCONJ_rate_baixo,"[""01d2c5bc6e76"", ""3273ca74e772""]",3273ca74e772,101,0.07013888888888889,False,0.67000000000000004,"[""DEP_ccomp"", ""DEP_nsubj:pass"", ""subordinacao""]",DEP_ccomp|DEP_nsubj:pass|subordinacao,False,True,False,0,research_only,ineligible,
00d275740ae1,"[""DEP_case_rate_alto"", ""DEP_ccomp_rate_baixo"", ""POS_ADV_rate_baixo""]",DEP_case_rate_alto + DEP_ccomp_rate_baixo + POS_ADV_rate_baixo,"[""49d0360aea9a""]",49d0360aea9a,130,0.090277777777777776,True,0.69999999999999996,"[""DEP_ccomp"", ""modificacao_adverbial"", ""relacoes_preposicionais""]",DEP_ccomp|modificacao_adverbial|relacoes_preposicionais,False,True,False,0,research_only,ineligible,
00edc991530b,"[""DEP_nsubj:pass_rate_baixo"", ""DEP_nummod_rate_baixo"", ""POS_VERB_rate_baixo""]",DEP_nsubj:pass_rate_baixo + DEP_nummod_rate_baixo + POS_VERB_rate_baixo,"[""55008c60897c""]",55008c60897c,133,0.092361111111111116,False,0.76000000000000001,"[""DEP_nsubj:pass"", ""POS_VERB"", ""numerais""]",DEP_nsubj:pass|POS_VERB|numerais,False,True,False,0,research_only,ineligible,
0165d6c67582,"[""DEP_amod_rate_alto"", ""DEP_cop_rate_baixo"", ""DEP_nummod_rate_baixo""]",DEP_amod_rate_alto + DEP_cop_rate_baixo + DEP_nummod_rate_baixo,"[""9a2c6ba12d76""]",9a2c6ba12d76,132,0.09166666666666666,False,0.65000000000000002,"[""DEP_cop"", ""adjetivacao"", ""numerais""]",DEP_cop|adjetivacao|numerais,False,True,False,0,research_only,ineligible,
018242314b7b,"[""DEP_nummod_rate_baixo"", ""POS_SCONJ_rate_alto"", ""uppercaseRatio_baixo""]",DEP_nummod_rate_baixo + POS_SCONJ_rate_alto + uppercaseRatio_baixo,"[""c4f3883b92ae""]",c4f3883b92ae,115,0.079861111111111105,False,0.81000000000000005,"[""numerais"", ""subordinacao"", ""uppercaseRatio""]",numerais|subordinacao|uppercaseRatio,False,True,False,0,research_only,ineligible,
01e6df6f6715,"[""DEP_nsubj:pass_rate_baixo"", ""DEP_nummod_rate_baixo"", ""POS_CCONJ_rate_alto""]",DEP_nsubj:pass_rate_baixo + DEP_nummod_rate_baixo + POS_CCONJ_rate_alto,"[""1f260c2859aa"", ""2fd6c5ed43be"", ""d97234a2d61c""]",d97234a2d61c,187,0.12986111111111112,True,0.76000000000000001,"[""DEP_nsubj:pass"", ""coordenacao"", ""numerais""]",DEP_nsubj:pass|coordenacao|numerais,False,True,False,0,research_only,ineligible,
02e37a008476,"[""DEP_case_rate_alto"", ""DEP_ccomp_rate_baixo"", ""POS_DET_rate_baixo""]",DEP_case_rate_alto + DEP_ccomp_rate_baixo + POS_DET_rate_baixo,"[""7a0e19b88e7e"", ""be4f2ecfaa7e""]",7a0e19b88e7e,126,0.087499999999999994,True,0.70999999999999996,"[""DEP_ccomp"", ""determinacao"", ""relacoes_preposicionais""]",DEP_ccomp|determinacao|relacoes_preposicionais,False,True,False,0,research_only,ineligible,
035cd1f247b7,"[""DEP_flat:name_rate_alto"", ""DEP_mark_rate_baixo"", ""POS_PROPN_rate_alto""]",DEP_flat:name_rate_alto + DEP_mark_rate_baixo + POS_PROPN_rate_alto,"[""1eb1d7810529"", ""a697ab0ccffb""]",a697ab0ccffb,111,0.077083333333333337,False,0.90000000000000002,"[""DEP_flat:name"", ""POS_PROPN"", ""subordinacao""]",DEP_flat:name|POS_PROPN|subordinacao,False,True,False,0,research_only,ineligible,
0383543e8b2e,"[""DEP_cop_rate_baixo"", ""DEP_xcomp_rate_alto""]",DEP_cop_rate_baixo + DEP_xcomp_rate_alto,"[""72c0cb018332""]",72c0cb018332,225,0.15625,True,0.65000000000000002,"[""DEP_cop"", ""DEP_xcomp""]",DEP_cop|DEP_xcomp,False,True,False,0,research_only,ineligible,
03b2a4e9271b,"[""DEP_nummod_rate_baixo"", ""DEP_xcomp_rate_alto"", ""uppercaseRatio_baixo""]",DEP_nummod_rate_baixo + DEP_xcomp_rate_alto + uppercaseRatio_baixo,"[""c0a403924173""]",c0a403924173,104,0.072222222222222215,False,0.71999999999999997,"[""DEP_xcomp"", ""numerais"", ""uppercaseRatio""]",DEP_xcomp|numerais|uppercaseRatio,False,True,False,0,research_only,ineligible,
043e935316a1,"[""DEP_conj_rate_alto"", ""DEP_nsubj:pass_rate_baixo"", ""POS_AUX_rate_baixo""]",DEP_conj_rate_alto + DEP_nsubj:pass_rate_baixo + POS_AUX_rate_baixo,"[""912484a38889""]",912484a38889,124,0.08611111111111111,True,0.46000000000000002,"[""DEP_nsubj:pass"", ""auxiliares"", ""coordenacao""]",DEP_nsubj:pass|auxiliares|coordenacao,False,True,False,0,research_only,ineligible,
0521081b7ed9,"[""DEP_cc_rate_baixo"", ""DEP_cop_rate_alto"", ""POS_CCONJ_rate_baixo""]",DEP_cc_rate_baixo + DEP_cop_rate_alto + POS_CCONJ_rate_baixo,"[""6a9cb19c013a"", ""6fce513189b4""]",6fce513189b4,111,0.077083333333333337,False,0.69999999999999996,"[""DEP_cop"", ""coordenacao""]",DEP_cop|coordenacao,True,True,False,0,research_only,ineligible,
0587d84ecc90,"[""DEP_case_rate_baixo"", ""DEP_nummod_rate_baixo"", ""uppercaseRatio_baixo""]",DEP_case_rate_baixo + DEP_nummod_rate_baixo + uppercaseRatio_baixo,"[""986cb8a84985"", ""e9cf6bc9a61a""]",986cb8a84985,120,0.083333333333333329,True,0.76000000000000001,"[""numerais"", ""relacoes_preposicionais"", ""uppercaseRatio""]",numerais|relacoes_preposicionais|uppercaseRatio,False,True,False,0,research_only,ineligible,
060a8b8e4484,"[""DEP_aux:pass_rate_baixo"", ""DEP_obl_rate_baixo""]",DEP_aux:pass_rate_baixo + DEP_obl_rate_baixo,"[""899ddb43ab2c""]",899ddb43ab2c,258,0.17916666666666667,False,0.92000000000000004,"[""DEP_obl"", ""auxiliares""]",DEP_obl|auxiliares,False,True,False,0,research_only,ineligible,
0614a8ee1c4a,"[""DEP_acl_rate_baixo"", ""DEP_cop_rate_alto"", ""DEP_nsubj:pass_rate_baixo""]",DEP_acl_rate_baixo + DEP_cop_rate_alto + DEP_nsubj:pass_rate_baixo,"[""6f7056f03964"", ""899b175ccef0""]",899b175ccef0,147,0.10208333333333333,False,0.71999999999999997,"[""DEP_acl"", ""DEP_cop"", ""DEP_nsubj:pass""]",DEP_acl|DEP_cop|DEP_nsubj:pass,False,True,False,0,research_only,ineligible,
061f00b72869,"[""DEP_acl:relcl_rate_baixo"", ""DEP_xcomp_rate_baixo"", ""diversidade_baixo""]",DEP_acl:relcl_rate_baixo + DEP_xcomp_rate_baixo + diversidade_baixo,"[""071df95249ff"", ""dcba4142ed20""]",071df95249ff,113,0.078472222222222221,False,0.96999999999999997,"[""DEP_acl:relcl"", ""DEP_xcomp"", ""diversidade""]",DEP_acl:relcl|DEP_xcomp|diversidade,False,True,False,0,research_only,ineligible,
06530c0685c1,"[""DEP_advcl_rate_baixo"", ""DEP_obl_rate_alto"", ""POS_SCONJ_rate_baixo""]",DEP_advcl_rate_baixo + DEP_obl_rate_alto + POS_SCONJ_rate_baixo,"[""019b315b18ea"", ""5cb19cc5f877""]",5cb19cc5f877,112,0.077777777777777779,False,0.87,"[""DEP_advcl"", ""DEP_obl"", ""subordinacao""]",DEP_advcl|DEP_obl|subordinacao,False,True,False,0,research_only,ineligible,
0659b908a64d,"[""DEP_advcl_rate_alto"", ""DEP_cop_rate_baixo"", ""DEP_mark_rate_alto""]",DEP_advcl_rate_alto + DEP_cop_rate_baixo + DEP_mark_rate_alto,"[""034325e09a0e""]",034325e09a0e,128,0.088888888888888892,True,0.12,"[""DEP_advcl"", ""DEP_cop"", ""subordinacao""]",DEP_advcl|DEP_cop|subordinacao,False,True,False,0,research_only,ineligible,
06bcd4e7bc32,"[""DEP_cc_rate_baixo"", ""DEP_mark_rate_alto"", ""POS_SCONJ_rate_alto""]",DEP_cc_rate_baixo + DEP_mark_rate_alto + POS_SCONJ_rate_alto,"[""37d3eace44e3"", ""90217a0b8e4e""]",90217a0b8e4e,105,0.072916666666666671,False,0.91000000000000003,"[""coordenacao"", ""subordinacao""]",coordenacao|subordinacao,True,True,False,0,research_only,ineligible,
0737ebeeb41f,"[""DEP_xcomp_rate_alto"", ""POS_NUM_rate_baixo""]",DEP_xcomp_rate_alto + POS_NUM_rate_baixo,"[""522eb43b70e7""]",522eb43b70e7,163,0.11319444444444444,False,0.77000000000000002,"[""DEP_xcomp"", ""numerais""]",DEP_xcomp|numerais,False,True,False,0,research_only,ineligible,
078f237248ec,"[""DEP_cop_rate_baixo"", ""DEP_nsubj:pass_rate_alto"", ""DEP_xcomp_rate_baixo""]",DEP_cop_rate_baixo + DEP_nsubj:pass_rate_alto + DEP_xcomp_rate_baixo,"[""cf832a984c06""]",cf832a984c06,113,0.078472222222222221,False,0.84999999999999998,"[""DEP_cop"", ""DEP_nsubj:pass"", ""DEP_xcomp""]",DEP_cop|DEP_nsubj:pass|DEP_xcomp,False,True,False,0,research_only,ineligible,
07b6211ab696,"[""DEP_acl:relcl_rate_baixo"", ""DEP_amod_rate_baixo"", ""DEP_cop_rate_baixo""]",DEP_acl:relcl_rate_baixo + DEP_amod_rate_baixo + DEP_cop_rate_baixo,"[""20b6ed0ef355""]",20b6ed0ef355,138,0.09583333333333334,False,0.80000000000000004,"[""DEP_acl:relcl"", ""DEP_cop"", ""adjetivacao""]",DEP_acl:relcl|DEP_cop|adjetivacao,False,True,False,0,research_only,ineligible,
0a168850bbc9,"[""DEP_advmod_rate_baixo"", ""DEP_nsubj_rate_baixo"", ""POS_ADV_rate_baixo""]",DEP_advmod_rate_baixo + DEP_nsubj_rate_baixo + POS_ADV_rate_baixo,"[""4f57e9821bf1"", ""f5aa05536552""]",4f57e9821bf1,129,0.089583333333333334,True,0.76000000000000001,"[""DEP_nsubj"", ""modificacao_adverbial""]",DEP_nsubj|modificacao_adverbial,True,False,False,0,research_only,ineligible,
0b640b54d6b4,"[""DEP_mark_rate_baixo"", ""DEP_xcomp_rate_baixo"", ""POS_PRON_rate_baixo""]",DEP_mark_rate_baixo + DEP_xcomp_rate_baixo + POS_PRON_rate_baixo,"[""b93e9b05b863""]",b93e9b05b863,104,0.072222222222222215,False,0.90000000000000002,"[""DEP_xcomp"", ""POS_PRON"", ""subordinacao""]",DEP_xcomp|POS_PRON|subordinacao,False,True,False,0,research_only,ineligible,
0b67f2d30778,"[""DEP_nsubj:pass_rate_baixo"", ""DEP_nummod_rate_baixo"", ""POS_ADV_rate_alto""]",DEP_nsubj:pass_rate_baixo + DEP_nummod_rate_baixo + POS_ADV_rate_alto,"[""227d44f3406d"", ""421401870d13""]",227d44f3406d,180,0.125,True,0.79000000000000004,"[""DEP_nsubj:pass"", ""modificacao_adverbial"", ""numerais""]",DEP_nsubj:pass|modificacao_adverbial|numerais,False,True,False,0,research_only,ineligible,
0ba97779be8d,"[""DEP_cop_rate_baixo"", ""DEP_obl_rate_alto"", ""DEP_xcomp_rate_baixo""]",DEP_cop_rate_baixo + DEP_obl_rate_alto + DEP_xcomp_rate_baixo,"[""5dc841dcb1a8""]",5dc841dcb1a8,138,0.09583333333333334,True,0.52000000000000002,"[""DEP_cop"", ""DEP_obl"", ""DEP_xcomp""]",DEP_cop|DEP_obl|DEP_xcomp,False,True,False,0,research_only,ineligible,
0bb7c49ceca6,"[""DEP_acl:relcl_rate_baixo"", ""DEP_aux:pass_rate_baixo"", ""DEP_conj_rate_alto""]",DEP_acl:relcl_rate_baixo + DEP_aux:pass_rate_baixo + DEP_conj_rate_alto,"[""3935a936a833""]",3935a936a833,172,0.11944444444444445,True,0.63,"[""DEP_acl:relcl"", ""auxiliares"", ""coordenacao""]",DEP_acl:relcl|auxiliares|coordenacao,False,True,False,0,research_only,ineligible,
0c37726eaba4,"[""DEP_ccomp_rate_baixo"", ""POS_NOUN_rate_alto"", ""POS_SCONJ_rate_baixo""]",DEP_ccomp_rate_baixo + POS_NOUN_rate_alto + POS_SCONJ_rate_baixo,"[""aa2b3e306443"", ""c2e579dddd94""]",aa2b3e306443,110,0.076388888888888895,False,1,"[""DEP_ccomp"", ""POS_NOUN"", ""subordinacao""]",DEP_ccomp|POS_NOUN|subordinacao,False,True,False,0,research_only,ineligible,
0c3998bd6f4f,"[""DEP_acl_rate_baixo"", ""DEP_amod_rate_alto"", ""DEP_nummod_rate_baixo""]",DEP_acl_rate_baixo + DEP_amod_rate_alto + DEP_nummod_rate_baixo,"[""b33a4cd769cd""]",b33a4cd769cd,117,0.081250000000000003,True,0.71999999999999997,"[""DEP_acl"", ""adjetivacao"", ""numerais""]",DEP_acl|adjetivacao|numerais,False,True,False,0,research_only,ineligible,
0ca510147a0c,"[""DEP_nummod_rate_baixo"", ""DEP_xcomp_rate_baixo"", ""punctuationDensity_spacy_alto""]",DEP_nummod_rate_baixo + DEP_xcomp_rate_baixo + punctuationDensity_spacy_alto,"[""93dac2e109ef""]",93dac2e109ef,104,0.072222222222222215,False,1,"[""DEP_xcomp"", ""numerais"", ""punctuationDensity_spacy""]",DEP_xcomp|numerais|punctuationDensity_spacy,False,True,False,0,research_only,ineligible,
0ca6616d0ad0,"[""DEP_acl:relcl_rate_alto"", ""DEP_ccomp_rate_baixo"", ""DEP_xcomp_rate_baixo""]",DEP_acl:relcl_rate_alto + DEP_ccomp_rate_baixo + DEP_xcomp_rate_baixo,"[""a2ca7e156a0f""]",a2ca7e156a0f,106,0.073611111111111113,False,0.88,"[""DEP_acl:relcl"", ""DEP_ccomp"", ""DEP_xcomp""]",DEP_acl:relcl|DEP_ccomp|DEP_xcomp,False,True,False,0,research_only,ineligible,
0cb82f298a2c,"[""DEP_aux:pass_rate_baixo"", ""DEP_cop_rate_baixo"", ""DEP_obl_rate_baixo""]",DEP_aux:pass_rate_baixo + DEP_cop_rate_baixo + DEP_obl_rate_baixo,"[""a3c0a418c3b1""]",a3c0a418c3b1,113,0.078472222222222221,False,0.45000000000000001,"[""DEP_cop"", ""DEP_obl"", ""auxiliares""]",DEP_cop|DEP_obl|auxiliares,False,True,False,0,research_only,ineligible,
0d4fcad3177f,"[""DEP_case_rate_alto"", ""POS_ADP_rate_alto"", ""POS_AUX_rate_baixo""]",DEP_case_rate_alto + POS_ADP_rate_alto + POS_AUX_rate_baixo,"[""82a90664f6a1"", ""e6adbb9659c9""]",e6adbb9659c9,115,0.079861111111111105,False,0.75,"[""auxiliares"", ""relacoes_preposicionais""]",auxiliares|relacoes_preposicionais,True,True,False,0,research_only,ineligible,
0dd9b92dc5be,"[""DEP_acl:relcl_rate_baixo"", ""DEP_advcl_rate_baixo"", ""DEP_appos_rate_alto""]",DEP_acl:relcl_rate_baixo + DEP_advcl_rate_baixo + DEP_appos_rate_alto,"[""90fffafb2bba""]",90fffafb2bba,166,0.11527777777777778,True,0.65000000000000002,"[""DEP_acl:relcl"", ""DEP_advcl"", ""DEP_appos""]",DEP_acl:relcl|DEP_advcl|DEP_appos,False,True,False,0,research_only,ineligible,
0df082531a5a,"[""DEP_acl_rate_baixo"", ""DEP_nummod_rate_baixo"", ""POS_VERB_rate_alto""]",DEP_acl_rate_baixo + DEP_nummod_rate_baixo + POS_VERB_rate_alto,"[""fcf2a615b5ec""]",fcf2a615b5ec,104,0.072222222222222215,False,0.59999999999999998,"[""DEP_acl"", ""POS_VERB"", ""numerais""]",DEP_acl|POS_VERB|numerais,False,True,False,0,research_only,ineligible,
0e32dead775b,"[""DEP_ccomp_rate_baixo"", ""POS_NUM_rate_alto"", ""uppercaseRatio_baixo""]",DEP_ccomp_rate_baixo + POS_NUM_rate_alto + uppercaseRatio_baixo,"[""458e86e9e217""]",458e86e9e217,119,0.082638888888888887,True,0.72999999999999998,"[""DEP_ccomp"", ""numerais"", ""uppercaseRatio""]",DEP_ccomp|numerais|uppercaseRatio,False,True,False,0,research_only,ineligible,
0f48e9840871,"[""DEP_nsubj:pass_rate_baixo"", ""DEP_obl_rate_baixo"", ""DEP_xcomp_rate_baixo""]",DEP_nsubj:pass_rate_baixo + DEP_obl_rate_baixo + DEP_xcomp_rate_baixo,"[""151d400926c4""]",151d400926c4,131,0.090972222222222218,True,0.65000000000000002,"[""DEP_nsubj:pass"", ""DEP_obl"", ""DEP_xcomp""]",DEP_nsubj:pass|DEP_obl|DEP_xcomp,False,True,False,0,research_only,ineligible,
0fcd67b2e302,"[""DEP_case_rate_baixo"", ""DEP_cc_rate_alto"", ""POS_CCONJ_rate_alto""]",DEP_case_rate_baixo + DEP_cc_rate_alto + POS_CCONJ_rate_alto,"[""0db40d5e589a"", ""624dcc2872a9""]",0db40d5e589a,110,0.076388888888888895,False,0.73999999999999999,"[""coordenacao"", ""relacoes_preposicionais""]",coordenacao|relacoes_preposicionais,True,True,False,0,research_only,ineligible,
11fe1de5178b,"[""DEP_advcl_rate_baixo"", ""DEP_nsubj:pass_rate_baixo"", ""DEP_obl_rate_alto""]",DEP_advcl_rate_baixo + DEP_nsubj:pass_rate_baixo + DEP_obl_rate_alto,"[""ddbae46b73a4""]",ddbae46b73a4,169,0.11736111111111111,False,0.57999999999999996,"[""DEP_advcl"", ""DEP_nsubj:pass"", ""DEP_obl""]",DEP_advcl|DEP_nsubj:pass|DEP_obl,False,True,False,0,research_only,ineligible,
1222a001fccf,"[""DEP_aux:pass_rate_baixo"", ""DEP_ccomp_rate_alto"", ""POS_NUM_rate_baixo""]",DEP_aux:pass_rate_baixo + DEP_ccomp_rate_alto + POS_NUM_rate_baixo,"[""cf3e805fb98f""]",cf3e805fb98f,146,0.10138888888888889,True,0.60999999999999999,"[""DEP_ccomp"", ""auxiliares"", ""numerais""]",DEP_ccomp|auxiliares|numerais,False,True,False,0,research_only,ineligible,
1259e97818de,"[""DEP_acl:relcl_rate_baixo"", ""POS_ADJ_rate_alto"", ""POS_PRON_rate_baixo""]",DEP_acl:relcl_rate_baixo + POS_ADJ_rate_alto + POS_PRON_rate_baixo,"[""4804d93e9478"", ""a0df72b36d0d""]",a0df72b36d0d,111,0.077083333333333337,False,0.81000000000000005,"[""DEP_acl:relcl"", ""POS_PRON"", ""adjetivacao""]",DEP_acl:relcl|POS_PRON|adjetivacao,False,True,False,0,research_only,ineligible,
127fe5365de6,"[""DEP_conj_rate_baixo"", ""DEP_nmod_rate_alto"", ""POS_CCONJ_rate_baixo""]",DEP_conj_rate_baixo + DEP_nmod_rate_alto + POS_CCONJ_rate_baixo,"[""49b59df0e048"", ""8b56ad992c68""]",8b56ad992c68,127,0.08819444444444445,True,0.46999999999999997,"[""DEP_nmod"", ""coordenacao""]",DEP_nmod|coordenacao,True,True,False,0,research_only,ineligible,
1280c93c1622,"[""DEP_nummod_rate_alto"", ""POS_NUM_rate_alto"", ""POS_SCONJ_rate_baixo""]",DEP_nummod_rate_alto + POS_NUM_rate_alto + POS_SCONJ_rate_baixo,"[""017adb2b5fc3"", ""df280a47f3d8""]",df280a47f3d8,111,0.077083333333333337,False,0.88,"[""numerais"", ""subordinacao""]",numerais|subordinacao,True,True,False,0,research_only,ineligible,
1385e11cdf5d,"[""DEP_cop_rate_baixo"", ""DEP_flat:name_rate_alto"", ""POS_AUX_rate_baixo""]",DEP_cop_rate_baixo + DEP_flat:name_rate_alto + POS_AUX_rate_baixo,"[""0263725538d6"", ""746f372dbab0""]",746f372dbab0,114,0.079166666666666663,False,0.53000000000000003,"[""DEP_cop"", ""DEP_flat:name"", ""auxiliares""]",DEP_cop|DEP_flat:name|auxiliares,False,True,False,0,research_only,ineligible,
13c788b9887e,"[""DEP_acl_rate_baixo"", ""DEP_ccomp_rate_baixo"", ""DEP_obl_rate_alto""]",DEP_acl_rate_baixo + DEP_ccomp_rate_baixo + DEP_obl_rate_alto,"[""c49fefbdafc3""]",c49fefbdafc3,140,0.097222222222222224,True,0.57999999999999996,"[""DEP_acl"", ""DEP_ccomp"", ""DEP_obl""]",DEP_acl|DEP_ccomp|DEP_obl,False,True,False,0,research_only,ineligible,
154032df1f12,"[""DEP_aux:pass_rate_baixo"", ""DEP_det_rate_baixo"", ""DEP_xcomp_rate_baixo""]",DEP_aux:pass_rate_baixo + DEP_det_rate_baixo + DEP_xcomp_rate_baixo,"[""e1aaab2a4aab""]",e1aaab2a4aab,108,0.074999999999999997,False,0.51000000000000001,"[""DEP_xcomp"", ""auxiliares"", ""determinacao""]",DEP_xcomp|auxiliares|determinacao,False,True,False,0,research_only,ineligible,
156f9822b9aa,"[""DEP_acl_rate_baixo"", ""DEP_aux:pass_rate_baixo"", ""DEP_obl_rate_baixo""]",DEP_acl_rate_baixo + DEP_aux:pass_rate_baixo + DEP_obl_rate_baixo,"[""547d6a5e7d61""]",547d6a5e7d61,127,0.08819444444444445,False,0.95999999999999996,"[""DEP_acl"", ""DEP_obl"", ""auxiliares""]",DEP_acl|DEP_obl|auxiliares,False,True,False,0,research_only,ineligible,
15c861749631,"[""DEP_ccomp_rate_baixo"", ""DEP_xcomp_rate_baixo"", ""diversidade_alto""]",DEP_ccomp_rate_baixo + DEP_xcomp_rate_baixo + diversidade_alto,"[""15a1bff700a2""]",15a1bff700a2,99,0.068750000000000006,False,0.68000000000000005,"[""DEP_ccomp"", ""DEP_xcomp"", ""diversidade""]",DEP_ccomp|DEP_xcomp|diversidade,False,True,False,0,research_only,ineligible,
1604283ce266,"[""DEP_mark_rate_baixo"", ""DEP_nsubj:pass_rate_alto"", ""POS_SCONJ_rate_baixo""]",DEP_mark_rate_baixo + DEP_nsubj:pass_rate_alto + POS_SCONJ_rate_baixo,"[""53988ad0e007"", ""d4203ef1d8c1""]",53988ad0e007,106,0.073611111111111113,False,0.93999999999999995,"[""DEP_nsubj:pass"", ""subordinacao""]",DEP_nsubj:pass|subordinacao,True,True,False,0,research_only,ineligible,
16305dc44787,"[""DEP_xcomp_rate_baixo"", ""POS_PRON_rate_baixo"", ""POS_SCONJ_rate_baixo""]",DEP_xcomp_rate_baixo + POS_PRON_rate_baixo + POS_SCONJ_rate_baixo,"[""07cc7e21173e""]",07cc7e21173e,99,0.068750000000000006,False,0.76000000000000001,"[""DEP_xcomp"", ""POS_PRON"", ""subordinacao""]",DEP_xcomp|POS_PRON|subordinacao,False,True,False,0,research_only,ineligible,
163e7b3249a0,"[""DEP_ccomp_rate_baixo"", ""POS_ADP_rate_alto"", ""POS_PRON_rate_baixo""]",DEP_ccomp_rate_baixo + POS_ADP_rate_alto + POS_PRON_rate_baixo,"[""4d02135fe6b0""]",4d02135fe6b0,113,0.078472222222222221,False,0.93000000000000005,"[""DEP_ccomp"", ""POS_PRON"", ""relacoes_preposicionais""]",DEP_ccomp|POS_PRON|relacoes_preposicionais,False,True,False,0,research_only,ineligible,
1667eb9f5121,"[""DEP_xcomp_rate_baixo"", ""punctuationDensity_spacy_alto""]",DEP_xcomp_rate_baixo + punctuationDensity_spacy_alto,"[""430c1e24cadb""]",430c1e24cadb,162,0.1125,False,0.83999999999999997,"[""DEP_xcomp"", ""punctuationDensity_spacy""]",DEP_xcomp|punctuationDensity_spacy,False,True,False,0,research_only,ineligible,
16be12e23ad0,"[""DEP_acl:relcl_rate_alto"", ""DEP_advcl_rate_baixo"", ""DEP_cop_rate_baixo""]",DEP_acl:relcl_rate_alto + DEP_advcl_rate_baixo + DEP_cop_rate_baixo,"[""851af32137d2""]",851af32137d2,129,0.089583333333333334,False,0.91000000000000003,"[""DEP_acl:relcl"", ""DEP_advcl"", ""DEP_cop""]",DEP_acl:relcl|DEP_advcl|DEP_cop,False,True,False,0,research_only,ineligible,
16ca6d958d52,"[""DEP_advcl_rate_baixo"", ""DEP_cop_rate_baixo"", ""uppercaseRatio_alto""]",DEP_advcl_rate_baixo + DEP_cop_rate_baixo + uppercaseRatio_alto,"[""cb53eb87789b""]",cb53eb87789b,139,0.096527777777777782,True,0.59999999999999998,"[""DEP_advcl"", ""DEP_cop"", ""uppercaseRatio""]",DEP_advcl|DEP_cop|uppercaseRatio,False,True,False,0,research_only,ineligible,
172d20a9d702,"[""DEP_cc_rate_alto"", ""DEP_nsubj:pass_rate_baixo"", ""POS_NUM_rate_baixo""]",DEP_cc_rate_alto + DEP_nsubj:pass_rate_baixo + POS_NUM_rate_baixo,"[""a1921dec0b2c""]",a1921dec0b2c,146,0.10138888888888889,False,0.95999999999999996,"[""DEP_nsubj:pass"", ""coordenacao"", ""numerais""]",DEP_nsubj:pass|coordenacao|numerais,False,True,False,0,research_only,ineligible,
177c93aeffc4,"[""DEP_acl_rate_alto"", ""DEP_nsubj:pass_rate_baixo"", ""DEP_xcomp_rate_baixo""]",DEP_acl_rate_alto + DEP_nsubj:pass_rate_baixo + DEP_xcomp_rate_baixo,"[""4579e3926799"", ""fd0c66bc9256""]",4579e3926799,146,0.10138888888888889,False,0.58999999999999997,"[""DEP_acl"", ""DEP_nsubj:pass"", ""DEP_xcomp""]",DEP_acl|DEP_nsubj:pass|DEP_xcomp,False,True,False,0,research_only,ineligible,
178c0611501c,"[""DEP_mark_rate_alto"", ""DEP_nmod_rate_baixo"", ""POS_ADP_rate_baixo""]",DEP_mark_rate_alto + DEP_nmod_rate_baixo + POS_ADP_rate_baixo,"[""43cd9da2cf95"", ""907af921799a"", ""df9629636293""]",907af921799a,114,0.079166666666666663,False,0.64000000000000001,"[""DEP_nmod"", ""relacoes_preposicionais"", ""subordinacao""]",DEP_nmod|relacoes_preposicionais|subordinacao,False,True,False,0,research_only,ineligible,
17db7006c1d9,"[""DEP_acl:relcl_rate_baixo"", ""DEP_aux:pass_rate_baixo"", ""DEP_xcomp_rate_baixo""]",DEP_acl:relcl_rate_baixo + DEP_aux:pass_rate_baixo + DEP_xcomp_rate_baixo,"[""0e7c577af723""]",0e7c577af723,272,0.18888888888888888,False,0.72999999999999998,"[""DEP_acl:relcl"", ""DEP_xcomp"", ""auxiliares""]",DEP_acl:relcl|DEP_xcomp|auxiliares,False,True,False,0,research_only,ineligible,
193e22b80528,"[""DEP_aux:pass_rate_baixo"", ""DEP_flat:name_rate_alto"", ""POS_AUX_rate_baixo""]",DEP_aux:pass_rate_baixo + DEP_flat:name_rate_alto + POS_AUX_rate_baixo,"[""abbee6210af7""]",abbee6210af7,114,0.079166666666666663,False,0.56999999999999995,"[""DEP_flat:name"", ""auxiliares""]",DEP_flat:name|auxiliares,True,True,False,0,research_only,ineligible,
1963ac84cfdc,"[""DEP_aux:pass_rate_alto"", ""DEP_nsubj:pass_rate_alto"", ""uppercaseRatio_baixo""]",DEP_aux:pass_rate_alto + DEP_nsubj:pass_rate_alto + uppercaseRatio_baixo,"[""13b809f07b49"", ""7ddf9c189e9e""]",7ddf9c189e9e,113,0.078472222222222221,False,1,"[""DEP_nsubj:pass"", ""auxiliares"", ""uppercaseRatio""]",DEP_nsubj:pass|auxiliares|uppercaseRatio,False,True,False,0,research_only,ineligible,
197bf4f6cbcf,"[""DEP_acl:relcl_rate_baixo"", ""DEP_aux:pass_rate_baixo"", ""POS_NOUN_rate_alto""]",DEP_acl:relcl_rate_baixo + DEP_aux:pass_rate_baixo + POS_NOUN_rate_alto,"[""a24836df4a94""]",a24836df4a94,160,0.1111111111111111,True,0.75,"[""DEP_acl:relcl"", ""POS_NOUN"", ""auxiliares""]",DEP_acl:relcl|POS_NOUN|auxiliares,False,True,False,0,research_only,ineligible,
19a64c4a133b,"[""DEP_cop_rate_baixo"", ""DEP_mark_rate_baixo""]",DEP_cop_rate_baixo + DEP_mark_rate_baixo,"[""828dd6865a98""]",828dd6865a98,266,0.18472222222222223,True,0.59999999999999998,"[""DEP_cop"", ""subordinacao""]",DEP_cop|subordinacao,False,True,False,0,research_only,ineligible,
1a0ec75124c4,"[""DEP_aux:pass_rate_baixo"", ""DEP_mark_rate_alto"", ""POS_ADP_rate_baixo""]",DEP_aux:pass_rate_baixo + DEP_mark_rate_alto + POS_ADP_rate_baixo,"[""aa7c422ac18c""]",aa7c422ac18c,127,0.08819444444444445,True,0.73999999999999999,"[""auxiliares"", ""relacoes_preposicionais"", ""subordinacao""]",auxiliares|relacoes_preposicionais|subordinacao,False,True,False,0,research_only,ineligible,
1a1c60620b1a,"[""DEP_acl_rate_baixo"", ""DEP_xcomp_rate_baixo"", ""POS_PRON_rate_baixo""]",DEP_acl_rate_baixo + DEP_xcomp_rate_baixo + POS_PRON_rate_baixo,"[""b78d304a3d00""]",b78d304a3d00,109,0.075694444444444439,False,0.87,"[""DEP_acl"", ""DEP_xcomp"", ""POS_PRON""]",DEP_acl|DEP_xcomp|POS_PRON,False,True,False,0,research_only,ineligible,
1a2454e31028,"[""DEP_advmod_rate_baixo"", ""DEP_nsubj:pass_rate_baixo"", ""DEP_nummod_rate_baixo""]",DEP_advmod_rate_baixo + DEP_nsubj:pass_rate_baixo + DEP_nummod_rate_baixo,"[""354ef0f1fe96""]",354ef0f1fe96,216,0.14999999999999999,True,0.55000000000000004,"[""DEP_nsubj:pass"", ""modificacao_adverbial"", ""numerais""]",DEP_nsubj:pass|modificacao_adverbial|numerais,False,True,False,0,research_only,ineligible,
1a256056a733,"[""DEP_acl_rate_baixo"", ""DEP_advcl_rate_baixo"", ""DEP_conj_rate_alto""]",DEP_acl_rate_baixo + DEP_advcl_rate_baixo + DEP_conj_rate_alto,"[""1b0075840376""]",1b0075840376,120,0.083333333333333329,False,0.71999999999999997,"[""DEP_acl"", ""DEP_advcl"", ""coordenacao""]",DEP_acl|DEP_advcl|coordenacao,False,True,False,0,research_only,ineligible,
1a54c655c65f,"[""DEP_acl:relcl_rate_baixo"", ""DEP_obj_rate_baixo"", ""POS_PRON_rate_baixo""]",DEP_acl:relcl_rate_baixo + DEP_obj_rate_baixo + POS_PRON_rate_baixo,"[""4ba79d3c8d88"", ""c96bc22ba243""]",c96bc22ba243,107,0.074305555555555555,False,1,"[""DEP_acl:relcl"", ""DEP_obj"", ""POS_PRON""]",DEP_acl:relcl|DEP_obj|POS_PRON,False,True,False,0,research_only,ineligible,
1aa7a44105ae,"[""DEP_aux:pass_rate_baixo"", ""DEP_conj_rate_alto"", ""POS_AUX_rate_baixo""]",DEP_aux:pass_rate_baixo + DEP_conj_rate_alto + POS_AUX_rate_baixo,"[""bc41b48c2420""]",bc41b48c2420,124,0.08611111111111111,True,0.47999999999999998,"[""auxiliares"", ""coordenacao""]",auxiliares|coordenacao,True,True,False,0,research_only,ineligible,
1ae5c3a12fd2,"[""DEP_advcl_rate_baixo"", ""DEP_advmod_rate_baixo"", ""DEP_flat:name_rate_alto""]",DEP_advcl_rate_baixo + DEP_advmod_rate_baixo + DEP_flat:name_rate_alto,"[""3b150d4c69ee""]",3b150d4c69ee,123,0.085416666666666669,True,0.42999999999999999,"[""DEP_advcl"", ""DEP_flat:name"", ""modificacao_adverbial""]",DEP_advcl|DEP_flat:name|modificacao_adverbial,False,True,False,0,research_only,ineligible,
1b33d46eb633,"[""DEP_acl:relcl_rate_baixo"", ""DEP_mark_rate_baixo"", ""DEP_nsubj_rate_baixo""]",DEP_acl:relcl_rate_baixo + DEP_mark_rate_baixo + DEP_nsubj_rate_baixo,"[""df2ceb04ad31""]",df2ceb04ad31,110,0.076388888888888895,False,0.66000000000000003,"[""DEP_acl:relcl"", ""DEP_nsubj"", ""subordinacao""]",DEP_acl:relcl|DEP_nsubj|subordinacao,False,True,False,0,research_only,ineligible,
1b4a617d2cc7,"[""DEP_flat:name_rate_baixo"", ""uppercaseRatio_baixo""]",DEP_flat:name_rate_baixo + uppercaseRatio_baixo,"[""1a0c54990b94""]",1a0c54990b94,218,0.15138888888888888,True,0.55000000000000004,"[""DEP_flat:name"", ""uppercaseRatio""]",DEP_flat:name|uppercaseRatio,False,True,False,0,research_only,ineligible,
1bddfc8a9859,"[""DEP_advcl_rate_baixo"", ""DEP_mark_rate_baixo"", ""POS_NUM_rate_alto""]",DEP_advcl_rate_baixo + DEP_mark_rate_baixo + POS_NUM_rate_alto,"[""166d6d833bda"", ""4520f74e40ea""]",166d6d833bda,112,0.077777777777777779,False,0.97999999999999998,"[""DEP_advcl"", ""numerais"", ""subordinacao""]",DEP_advcl|numerais|subordinacao,False,True,False,0,research_only,ineligible,
1bef5b42e643,"[""DEP_cop_rate_baixo"", ""DEP_nummod_rate_baixo"", ""punctuationDensity_spacy_alto""]",DEP_cop_rate_baixo + DEP_nummod_rate_baixo + punctuationDensity_spacy_alto,"[""d7b930e550fa""]",d7b930e550fa,107,0.074305555555555555,False,0.91000000000000003,"[""DEP_cop"", ""numerais"", ""punctuationDensity_spacy""]",DEP_cop|numerais|punctuationDensity_spacy,False,True,False,0,research_only,ineligible,
1cac9321a32e,"[""DEP_appos_rate_alto"", ""DEP_aux:pass_rate_baixo"", ""POS_PROPN_rate_alto""]",DEP_appos_rate_alto + DEP_aux:pass_rate_baixo + POS_PROPN_rate_alto,"[""2ae8585b5054""]",2ae8585b5054,136,0.094444444444444442,True,0.76000000000000001,"[""DEP_appos"", ""POS_PROPN"", ""auxiliares""]",DEP_appos|POS_PROPN|auxiliares,False,True,False,0,research_only,ineligible,
1cd8377f29fd,"[""DEP_nsubj:pass_rate_baixo"", ""DEP_xcomp_rate_alto"", ""POS_NUM_rate_baixo""]",DEP_nsubj:pass_rate_baixo + DEP_xcomp_rate_alto + POS_NUM_rate_baixo,"[""357ca14bb072""]",357ca14bb072,128,0.088888888888888892,False,0.79000000000000004,"[""DEP_nsubj:pass"", ""DEP_xcomp"", ""numerais""]",DEP_nsubj:pass|DEP_xcomp|numerais,False,True,False,0,research_only,ineligible,
1ce41c50a8ed,"[""DEP_nsubj:pass_rate_baixo"", ""POS_ADV_rate_alto"", ""uppercaseRatio_baixo""]",DEP_nsubj:pass_rate_baixo + POS_ADV_rate_alto + uppercaseRatio_baixo,"[""8ae4d1a5fd42""]",8ae4d1a5fd42,162,0.1125,True,0.68000000000000005,"[""DEP_nsubj:pass"", ""modificacao_adverbial"", ""uppercaseRatio""]",DEP_nsubj:pass|modificacao_adverbial|uppercaseRatio,False,True,False,0,research_only,ineligible,
1d26167d4f52,"[""DEP_nsubj:pass_rate_baixo"", ""POS_NUM_rate_baixo"", ""diversidade_baixo""]",DEP_nsubj:pass_rate_baixo + POS_NUM_rate_baixo + diversidade_baixo,"[""06b5e3ffb378""]",06b5e3ffb378,109,0.075694444444444439,False,0.51000000000000001,"[""DEP_nsubj:pass"", ""diversidade"", ""numerais""]",DEP_nsubj:pass|diversidade|numerais,False,True,False,0,research_only,ineligible,
1e87876aacd5,"[""DEP_acl_rate_baixo"", ""DEP_nummod_rate_baixo"", ""POS_ADJ_rate_alto""]",DEP_acl_rate_baixo + DEP_nummod_rate_baixo + POS_ADJ_rate_alto,"[""a08df481accb""]",a08df481accb,113,0.078472222222222221,False,0.71999999999999997,"[""DEP_acl"", ""adjetivacao"", ""numerais""]",DEP_acl|adjetivacao|numerais,False,True,False,0,research_only,ineligible,
1ee4edc749b5,"[""DEP_acl_rate_baixo"", ""POS_NOUN_rate_baixo""]",DEP_acl_rate_baixo + POS_NOUN_rate_baixo,"[""bae53e12b1b7""]",bae53e12b1b7,202,0.14027777777777778,False,0.92000000000000004,"[""DEP_acl"", ""POS_NOUN""]",DEP_acl|POS_NOUN,False,True,False,0,research_only,ineligible,
1f77c77cf1ed,"[""DEP_cc_rate_baixo"", ""DEP_conj_rate_baixo"", ""POS_ADV_rate_baixo""]",DEP_cc_rate_baixo + DEP_conj_rate_baixo + POS_ADV_rate_baixo,"[""bd2b064a5513"", ""f44793da2a11""]",bd2b064a5513,124,0.08611111111111111,True,0.62,"[""coordenacao"", ""modificacao_adverbial""]",coordenacao|modificacao_adverbial,True,True,False,0,research_only,ineligible,
1f9f44e1c22e,"[""DEP_cop_rate_baixo"", ""POS_ADP_rate_alto"", ""POS_PRON_rate_baixo""]",DEP_cop_rate_baixo + POS_ADP_rate_alto + POS_PRON_rate_baixo,"[""dbcbe9bd68a5""]",dbcbe9bd68a5,94,0.065277777777777782,False,0.78000000000000003,"[""DEP_cop"", ""POS_PRON"", ""relacoes_preposicionais""]",DEP_cop|POS_PRON|relacoes_preposicionais,False,True,False,0,research_only,ineligible,
216f31bc17ab,"[""DEP_ccomp_rate_baixo"", ""DEP_nsubj:pass_rate_baixo"", ""POS_PRON_rate_alto""]",DEP_ccomp_rate_baixo + DEP_nsubj:pass_rate_baixo + POS_PRON_rate_alto,"[""7531d1f80584""]",7531d1f80584,151,0.10486111111111111,False,0.80000000000000004,"[""DEP_ccomp"", ""DEP_nsubj:pass"", ""POS_PRON""]",DEP_ccomp|DEP_nsubj:pass|POS_PRON,False,True,False,0,research_only,ineligible,
21810b43e0fc,"[""DEP_cop_rate_baixo"", ""POS_PRON_rate_baixo"", ""POS_SCONJ_rate_baixo""]",DEP_cop_rate_baixo + POS_PRON_rate_baixo + POS_SCONJ_rate_baixo,"[""03f2a34a241b""]",03f2a34a241b,101,0.07013888888888889,False,0.75,"[""DEP_cop"", ""POS_PRON"", ""subordinacao""]",DEP_cop|POS_PRON|subordinacao,False,True,False,0,research_only,ineligible,
218a2ca83c39,"[""DEP_acl:relcl_rate_alto"", ""DEP_ccomp_rate_baixo"", ""DEP_mark_rate_baixo""]",DEP_acl:relcl_rate_alto + DEP_ccomp_rate_baixo + DEP_mark_rate_baixo,"[""54645a9160be"", ""aacf028f99d7""]",54645a9160be,103,0.071527777777777773,False,0.91000000000000003,"[""DEP_acl:relcl"", ""DEP_ccomp"", ""subordinacao""]",DEP_acl:relcl|DEP_ccomp|subordinacao,False,True,False,0,research_only,ineligible,
21da216324ca,"[""DEP_advmod_rate_baixo"", ""DEP_xcomp_rate_baixo"", ""POS_SCONJ_rate_baixo""]",DEP_advmod_rate_baixo + DEP_xcomp_rate_baixo + POS_SCONJ_rate_baixo,"[""12f4cada06da""]",12f4cada06da,123,0.085416666666666669,True,0.73999999999999999,"[""DEP_xcomp"", ""modificacao_adverbial"", ""subordinacao""]",DEP_xcomp|modificacao_adverbial|subordinacao,False,True,False,0,research_only,ineligible,
21f2ac1db5b0,"[""DEP_ccomp_rate_baixo"", ""POS_DET_rate_alto"", ""uppercaseRatio_baixo""]",DEP_ccomp_rate_baixo + POS_DET_rate_alto + uppercaseRatio_baixo,"[""70862a151094""]",70862a151094,120,0.083333333333333329,True,0.67000000000000004,"[""DEP_ccomp"", ""determinacao"", ""uppercaseRatio""]",DEP_ccomp|determinacao|uppercaseRatio,False,True,False,0,research_only,ineligible,
222d42abc2dd,"[""DEP_acl:relcl_rate_baixo"", ""DEP_cop_rate_baixo"", ""POS_CCONJ_rate_baixo""]",DEP_acl:relcl_rate_baixo + DEP_cop_rate_baixo + POS_CCONJ_rate_baixo,"[""fabc871816c3""]",fabc871816c3,135,0.09375,True,0.66000000000000003,"[""DEP_acl:relcl"", ""DEP_cop"", ""coordenacao""]",DEP_acl:relcl|DEP_cop|coordenacao,False,True,False,0,research_only,ineligible,
228edef4869f,"[""DEP_conj_rate_alto"", ""DEP_nsubj:pass_rate_baixo"", ""DEP_xcomp_rate_baixo""]",DEP_conj_rate_alto + DEP_nsubj:pass_rate_baixo + DEP_xcomp_rate_baixo,"[""63042d1a0641"", ""de0606808c83""]",63042d1a0641,139,0.096527777777777782,True,0.78000000000000003,"[""DEP_nsubj:pass"", ""DEP_xcomp"", ""coordenacao""]",DEP_nsubj:pass|DEP_xcomp|coordenacao,False,True,False,0,research_only,ineligible,
234addfd22c5,"[""DEP_advcl_rate_baixo"", ""DEP_cop_rate_alto"", ""DEP_xcomp_rate_baixo""]",DEP_advcl_rate_baixo + DEP_cop_rate_alto + DEP_xcomp_rate_baixo,"[""3d4010f4dd58"", ""47474e337844""]",47474e337844,103,0.071527777777777773,False,0.78000000000000003,"[""DEP_advcl"", ""DEP_cop"", ""DEP_xcomp""]",DEP_advcl|DEP_cop|DEP_xcomp,False,True,False,0,research_only,ineligible,
2367d602662e,"[""DEP_det_rate_baixo"", ""DEP_nsubj:pass_rate_baixo"", ""DEP_xcomp_rate_baixo""]",DEP_det_rate_baixo + DEP_nsubj:pass_rate_baixo + DEP_xcomp_rate_baixo,"[""e2ec48f02f16""]",e2ec48f02f16,119,0.082638888888888887,False,0.48999999999999999,"[""DEP_nsubj:pass"", ""DEP_xcomp"", ""determinacao""]",DEP_nsubj:pass|DEP_xcomp|determinacao,False,True,False,0,research_only,ineligible,
2375888fb18d,"[""DEP_advcl_rate_baixo"", ""POS_ADP_rate_alto"", ""POS_DET_rate_baixo""]",DEP_advcl_rate_baixo + POS_ADP_rate_alto + POS_DET_rate_baixo,"[""47b36441d843"", ""7beb6b229d09""]",47b36441d843,106,0.073611111111111113,False,0.68000000000000005,"[""DEP_advcl"", ""determinacao"", ""relacoes_preposicionais""]",DEP_advcl|determinacao|relacoes_preposicionais,False,True,False,0,research_only,ineligible,
23b7a6861213,"[""DEP_xcomp_rate_baixo"", ""POS_PRON_rate_baixo"", ""POS_VERB_rate_baixo""]",DEP_xcomp_rate_baixo + POS_PRON_rate_baixo + POS_VERB_rate_baixo,"[""c7383e6ad935"", ""f990fc3e2ad8""]",c7383e6ad935,114,0.079166666666666663,False,1,"[""DEP_xcomp"", ""POS_PRON"", ""POS_VERB""]",DEP_xcomp|POS_PRON|POS_VERB,False,True,False,0,research_only,ineligible,
23bc536145ed,"[""DEP_ccomp_rate_baixo"", ""DEP_nsubj:pass_rate_alto"", ""DEP_xcomp_rate_baixo""]",DEP_ccomp_rate_baixo + DEP_nsubj:pass_rate_alto + DEP_xcomp_rate_baixo,"[""0c19d88ae732"", ""dcaae9c39393""]",0c19d88ae732,108,0.074999999999999997,False,0.93999999999999995,"[""DEP_ccomp"", ""DEP_nsubj:pass"", ""DEP_xcomp""]",DEP_ccomp|DEP_nsubj:pass|DEP_xcomp,False,True,False,0,research_only,ineligible,
23e40fe6924d,"[""POS_NOUN_rate_alto"", ""POS_PROPN_rate_baixo"", ""uppercaseRatio_baixo""]",POS_NOUN_rate_alto + POS_PROPN_rate_baixo + uppercaseRatio_baixo,"[""4c2d6bec5732"", ""ad056bd1509b"", ""d22dba7f65e2""]",d22dba7f65e2,112,0.077777777777777779,False,0.92000000000000004,"[""POS_NOUN"", ""POS_PROPN"", ""uppercaseRatio""]",POS_NOUN|POS_PROPN|uppercaseRatio,False,False,False,0,research_only,ineligible,
24050929514e,"[""DEP_nsubj:pass_rate_baixo"", ""POS_ADV_rate_baixo"", ""POS_NUM_rate_baixo""]",DEP_nsubj:pass_rate_baixo + POS_ADV_rate_baixo + POS_NUM_rate_baixo,"[""19309d369bba""]",19309d369bba,129,0.089583333333333334,False,0.57999999999999996,"[""DEP_nsubj:pass"", ""modificacao_adverbial"", ""numerais""]",DEP_nsubj:pass|modificacao_adverbial|numerais,False,True,False,0,research_only,ineligible,
24158f58fb1a,"[""DEP_case_rate_baixo"", ""DEP_nummod_rate_baixo"", ""POS_SCONJ_rate_alto""]",DEP_case_rate_baixo + DEP_nummod_rate_baixo + POS_SCONJ_rate_alto,"[""6a3a46b7194e""]",6a3a46b7194e,126,0.087499999999999994,True,0.79000000000000004,"[""numerais"", ""relacoes_preposicionais"", ""subordinacao""]",numerais|relacoes_preposicionais|subordinacao,False,True,False,0,research_only,ineligible,
2424c32dd60f,"[""DEP_acl_rate_baixo"", ""DEP_aux:pass_rate_alto"", ""DEP_nummod_rate_baixo""]",DEP_acl_rate_baixo + DEP_aux:pass_rate_alto + DEP_nummod_rate_baixo,"[""ad6df8f2d2c0""]",ad6df8f2d2c0,112,0.077777777777777779,False,0.54000000000000004,"[""DEP_acl"", ""auxiliares"", ""numerais""]",DEP_acl|auxiliares|numerais,False,True,False,0,research_only,ineligible,
244df808a1e9,"[""DEP_acl_rate_baixo"", ""DEP_nsubj:pass_rate_baixo"", ""POS_AUX_rate_alto""]",DEP_acl_rate_baixo + DEP_nsubj:pass_rate_baixo + POS_AUX_rate_alto,"[""0af7cab338f2""]",0af7cab338f2,108,0.074999999999999997,False,0.65000000000000002,"[""DEP_acl"", ""DEP_nsubj:pass"", ""auxiliares""]",DEP_acl|DEP_nsubj:pass|auxiliares,False,True,False,0,research_only,ineligible,
2492450784f1,"[""DEP_advmod_rate_alto"", ""POS_ADV_rate_alto"", ""POS_PRON_rate_alto""]",DEP_advmod_rate_alto + POS_ADV_rate_alto + POS_PRON_rate_alto,"[""1666765bee42"", ""dcb32a5cb82c""]",dcb32a5cb82c,125,0.086805555555555552,True,0.66000000000000003,"[""POS_PRON"", ""modificacao_adverbial""]",POS_PRON|modificacao_adverbial,True,False,False,0,research_only,ineligible,
249dfecc93cd,"[""DEP_conj_rate_alto"", ""DEP_nsubj:pass_rate_baixo"", ""uppercaseRatio_baixo""]",DEP_conj_rate_alto + DEP_nsubj:pass_rate_baixo + uppercaseRatio_baixo,"[""95dcf3f1bfe9""]",95dcf3f1bfe9,148,0.10277777777777777,True,0.76000000000000001,"[""DEP_nsubj:pass"", ""coordenacao"", ""uppercaseRatio""]",DEP_nsubj:pass|coordenacao|uppercaseRatio,False,True,False,0,research_only,ineligible,
24e159f94c2f,"[""DEP_aux:pass_rate_baixo"", ""DEP_ccomp_rate_baixo"", ""diversidade_alto""]",DEP_aux:pass_rate_baixo + DEP_ccomp_rate_baixo + diversidade_alto,"[""211340146af5""]",211340146af5,139,0.096527777777777782,False,0.76000000000000001,"[""DEP_ccomp"", ""auxiliares"", ""diversidade""]",DEP_ccomp|auxiliares|diversidade,False,True,False,0,research_only,ineligible,
254abb05049b,"[""DEP_acl:relcl_rate_baixo"", ""DEP_acl_rate_alto"", ""DEP_ccomp_rate_baixo""]",DEP_acl:relcl_rate_baixo + DEP_acl_rate_alto + DEP_ccomp_rate_baixo,"[""10a215cbe582""]",10a215cbe582,137,0.095138888888888884,True,0.56000000000000005,"[""DEP_acl"", ""DEP_acl:relcl"", ""DEP_ccomp""]",DEP_acl|DEP_acl:relcl|DEP_ccomp,False,True,False,0,research_only,ineligible,
25d2d812d5e1,"[""DEP_acl_rate_baixo"", ""DEP_xcomp_rate_baixo"", ""diversidade_baixo""]",DEP_acl_rate_baixo + DEP_xcomp_rate_baixo + diversidade_baixo,"[""dadf7f95a685"", ""f67ce4f6b930""]",f67ce4f6b930,111,0.077083333333333337,False,0.85999999999999999,"[""DEP_acl"", ""DEP_xcomp"", ""diversidade""]",DEP_acl|DEP_xcomp|diversidade,False,True,False,0,research_only,ineligible,
25d548ee03bf,"[""DEP_advmod_rate_baixo"", ""POS_ADV_rate_baixo"", ""punctuationDensity_spacy_baixo""]",DEP_advmod_rate_baixo + POS_ADV_rate_baixo + punctuationDensity_spacy_baixo,"[""c7a30d04837d"", ""ce8ff73ea2ff""]",ce8ff73ea2ff,114,0.079166666666666663,False,0.83999999999999997,"[""modificacao_adverbial"", ""punctuationDensity_spacy""]",modificacao_adverbial|punctuationDensity_spacy,True,False,False,0,research_only,ineligible,
2605710c94bd,"[""DEP_acl_rate_baixo"", ""DEP_advcl_rate_baixo"", ""POS_AUX_rate_alto""]",DEP_acl_rate_baixo + DEP_advcl_rate_baixo + POS_AUX_rate_alto,"[""34d9ecfabe97""]",34d9ecfabe97,112,0.077777777777777779,False,0.95999999999999996,"[""DEP_acl"", ""DEP_advcl"", ""auxiliares""]",DEP_acl|DEP_advcl|auxiliares,False,True,False,0,research_only,ineligible,
26349d43efb1,"[""DEP_nsubj:pass_rate_baixo"", ""DEP_nummod_rate_baixo"", ""uppercaseRatio_alto""]",DEP_nsubj:pass_rate_baixo + DEP_nummod_rate_baixo + uppercaseRatio_alto,"[""2652db4cd158""]",2652db4cd158,181,0.12569444444444444,True,0.71999999999999997,"[""DEP_nsubj:pass"", ""numerais"", ""uppercaseRatio""]",DEP_nsubj:pass|numerais|uppercaseRatio,False,True,False,0,research_only,ineligible,
26df2a4e2942,"[""DEP_acl_rate_baixo"", ""DEP_advcl_rate_baixo"", ""punctuationDensity_spacy_alto""]",DEP_acl_rate_baixo + DEP_advcl_rate_baixo + punctuationDensity_spacy_alto,"[""06f5bd25771c""]",06f5bd25771c,97,0.067361111111111108,False,0.5,"[""DEP_acl"", ""DEP_advcl"", ""punctuationDensity_spacy""]",DEP_acl|DEP_advcl|punctuationDensity_spacy,False,True,False,0,research_only,ineligible,
2734c8629ea3,"[""DEP_acl:relcl_rate_alto"", ""DEP_acl_rate_baixo"", ""DEP_advcl_rate_baixo""]",DEP_acl:relcl_rate_alto + DEP_acl_rate_baixo + DEP_advcl_rate_baixo,"[""15e8b583abd0""]",15e8b583abd0,129,0.089583333333333334,False,0.5,"[""DEP_acl"", ""DEP_acl:relcl"", ""DEP_advcl""]",DEP_acl|DEP_acl:relcl|DEP_advcl,False,True,False,0,research_only,ineligible,
276b703184e7,"[""DEP_acl:relcl_rate_alto"", ""DEP_nsubj:pass_rate_baixo"", ""DEP_obj_rate_alto""]",DEP_acl:relcl_rate_alto + DEP_nsubj:pass_rate_baixo + DEP_obj_rate_alto,"[""457805eb9d9b""]",457805eb9d9b,133,0.092361111111111116,True,0.78000000000000003,"[""DEP_acl:relcl"", ""DEP_nsubj:pass"", ""DEP_obj""]",DEP_acl:relcl|DEP_nsubj:pass|DEP_obj,False,True,False,0,research_only,ineligible,
2883e060f5a7,"[""DEP_appos_rate_alto"", ""DEP_nsubj:pass_rate_baixo"", ""POS_NUM_rate_baixo""]",DEP_appos_rate_alto + DEP_nsubj:pass_rate_baixo + POS_NUM_rate_baixo,"[""e410928400a7""]",e410928400a7,133,0.092361111111111116,True,0.39000000000000001,"[""DEP_appos"", ""DEP_nsubj:pass"", ""numerais""]",DEP_appos|DEP_nsubj:pass|numerais,False,True,False,0,research_only,ineligible,
2884b0d685a5,"[""DEP_acl:relcl_rate_baixo"", ""DEP_xcomp_rate_baixo"", ""POS_CCONJ_rate_baixo""]",DEP_acl:relcl_rate_baixo + DEP_xcomp_rate_baixo + POS_CCONJ_rate_baixo,"[""ba5d890490bd""]",ba5d890490bd,115,0.079861111111111105,False,0.46000000000000002,"[""DEP_acl:relcl"", ""DEP_xcomp"", ""coordenacao""]",DEP_acl:relcl|DEP_xcomp|coordenacao,False,True,False,0,research_only,ineligible,
288a553aa58a,"[""DEP_aux:pass_rate_baixo"", ""DEP_cop_rate_baixo"", ""POS_NUM_rate_alto""]",DEP_aux:pass_rate_baixo + DEP_cop_rate_baixo + POS_NUM_rate_alto,"[""94ca6a866355""]",94ca6a866355,148,0.10277777777777777,True,0.56999999999999995,"[""DEP_cop"", ""auxiliares"", ""numerais""]",DEP_cop|auxiliares|numerais,False,True,False,0,research_only,ineligible,
289d0ff46923,"[""DEP_acl:relcl_rate_baixo"", ""POS_ADJ_rate_baixo"", ""POS_PRON_rate_baixo""]",DEP_acl:relcl_rate_baixo + POS_ADJ_rate_baixo + POS_PRON_rate_baixo,"[""55fb7d02f8dd"", ""c042f84996f6""]",55fb7d02f8dd,122,0.084722222222222227,True,0.68999999999999995,"[""DEP_acl:relcl"", ""POS_PRON"", ""adjetivacao""]",DEP_acl:relcl|POS_PRON|adjetivacao,False,True,False,0,research_only,ineligible,
289e77086313,"[""DEP_advcl_rate_baixo"", ""DEP_advmod_rate_baixo"", ""DEP_nummod_rate_baixo""]",DEP_advcl_rate_baixo + DEP_advmod_rate_baixo + DEP_nummod_rate_baixo,"[""f36f66f41b0f""]",f36f66f41b0f,175,0.12152777777777778,False,0.59999999999999998,"[""DEP_advcl"", ""modificacao_adverbial"", ""numerais""]",DEP_advcl|modificacao_adverbial|numerais,False,True,False,0,research_only,ineligible,
2902cf15c127,"[""DEP_acl:relcl_rate_baixo"", ""DEP_acl_rate_baixo"", ""DEP_ccomp_rate_alto""]",DEP_acl:relcl_rate_baixo + DEP_acl_rate_baixo + DEP_ccomp_rate_alto,"[""f90c453a6eff""]",f90c453a6eff,125,0.086805555555555552,True,0.76000000000000001,"[""DEP_acl"", ""DEP_acl:relcl"", ""DEP_ccomp""]",DEP_acl|DEP_acl:relcl|DEP_ccomp,False,True,False,0,research_only,ineligible,
2945c44e2211,"[""DEP_aux:pass_rate_baixo"", ""DEP_xcomp_rate_alto"", ""POS_VERB_rate_alto""]",DEP_aux:pass_rate_baixo + DEP_xcomp_rate_alto + POS_VERB_rate_alto,"[""a2944b8ba242"", ""cab6d8da598d""]",a2944b8ba242,125,0.086805555555555552,True,0.69999999999999996,"[""DEP_xcomp"", ""POS_VERB"", ""auxiliares""]",DEP_xcomp|POS_VERB|auxiliares,False,True,False,0,research_only,ineligible,
29a75bb554b5,"[""DEP_amod_rate_alto"", ""DEP_aux:pass_rate_baixo"", ""uppercaseRatio_baixo""]",DEP_amod_rate_alto + DEP_aux:pass_rate_baixo + uppercaseRatio_baixo,"[""371c52b26d9e"", ""af978308dc46""]",371c52b26d9e,143,0.09930555555555555,True,0.62,"[""adjetivacao"", ""auxiliares"", ""uppercaseRatio""]",adjetivacao|auxiliares|uppercaseRatio,False,True,False,0,research_only,ineligible,
29e809388687,"[""DEP_appos_rate_baixo"", ""DEP_ccomp_rate_baixo"", ""POS_PROPN_rate_baixo""]",DEP_appos_rate_baixo + DEP_ccomp_rate_baixo + POS_PROPN_rate_baixo,"[""74607279f348""]",74607279f348,112,0.077777777777777779,False,0.73999999999999999,"[""DEP_appos"", ""DEP_ccomp"", ""POS_PROPN""]",DEP_appos|DEP_ccomp|POS_PROPN,False,True,False,0,research_only,ineligible,
2a5b077f7b9b,"[""DEP_advcl_rate_baixo"", ""DEP_nsubj:pass_rate_baixo"", ""POS_VERB_rate_alto""]",DEP_advcl_rate_baixo + DEP_nsubj:pass_rate_baixo + POS_VERB_rate_alto,"[""c55afc742e53""]",c55afc742e53,123,0.085416666666666669,False,0.44,"[""DEP_advcl"", ""DEP_nsubj:pass"", ""POS_VERB""]",DEP_advcl|DEP_nsubj:pass|POS_VERB,False,True,False,0,research_only,ineligible,
2a694698b355,"[""DEP_advcl_rate_alto"", ""DEP_cop_rate_baixo"", ""DEP_nummod_rate_baixo""]",DEP_advcl_rate_alto + DEP_cop_rate_baixo + DEP_nummod_rate_baixo,"[""0496e990bc4c""]",0496e990bc4c,152,0.10555555555555556,False,0.77000000000000002,"[""DEP_advcl"", ""DEP_cop"", ""numerais""]",DEP_advcl|DEP_cop|numerais,False,True,False,0,research_only,ineligible,
2a8d5af97e5e,"[""DEP_acl:relcl_rate_baixo"", ""DEP_nummod_rate_baixo"", ""DEP_obj_rate_alto""]",DEP_acl:relcl_rate_baixo + DEP_nummod_rate_baixo + DEP_obj_rate_alto,"[""df084b58b8a3""]",df084b58b8a3,130,0.090277777777777776,True,0.63,"[""DEP_acl:relcl"", ""DEP_obj"", ""numerais""]",DEP_acl:relcl|DEP_obj|numerais,False,True,False,0,research_only,ineligible,
2a9dd64cde35,"[""DEP_advmod_rate_alto"", ""DEP_cop_rate_alto"", ""POS_ADV_rate_alto""]",DEP_advmod_rate_alto + DEP_cop_rate_alto + POS_ADV_rate_alto,"[""8a45e109f26b"", ""998430baec75""]",8a45e109f26b,115,0.079861111111111105,False,0.75,"[""DEP_cop"", ""modificacao_adverbial""]",DEP_cop|modificacao_adverbial,True,True,False,0,research_only,ineligible,
2ae518b1157e,"[""DEP_advcl_rate_baixo"", ""DEP_ccomp_rate_baixo"", ""punctuationDensity_spacy_baixo""]",DEP_advcl_rate_baixo + DEP_ccomp_rate_baixo + punctuationDensity_spacy_baixo,"[""e326c83039ac""]",e326c83039ac,119,0.082638888888888887,False,0.71999999999999997,"[""DEP_advcl"", ""DEP_ccomp"", ""punctuationDensity_spacy""]",DEP_advcl|DEP_ccomp|punctuationDensity_spacy,False,False,False,0,research_only,ineligible,
2b0104e6f4fe,"[""DEP_acl_rate_baixo"", ""DEP_nmod_rate_alto"", ""DEP_nummod_rate_baixo""]",DEP_acl_rate_baixo + DEP_nmod_rate_alto + DEP_nummod_rate_baixo,"[""5c3e98b05a02""]",5c3e98b05a02,127,0.08819444444444445,True,0.71999999999999997,"[""DEP_acl"", ""DEP_nmod"", ""numerais""]",DEP_acl|DEP_nmod|numerais,False,True,False,0,research_only,ineligible,
2bb5a81d79c5,"[""DEP_acl_rate_alto"", ""DEP_aux:pass_rate_baixo"", ""DEP_cop_rate_baixo""]",DEP_acl_rate_alto + DEP_aux:pass_rate_baixo + DEP_cop_rate_baixo,"[""a9fbedb347ef""]",a9fbedb347ef,162,0.1125,False,0.98999999999999999,"[""DEP_acl"", ""DEP_cop"", ""auxiliares""]",DEP_acl|DEP_cop|auxiliares,False,True,False,0,research_only,ineligible,
2c2c73d8315d,"[""DEP_advcl_rate_baixo"", ""DEP_appos_rate_alto"", ""POS_SCONJ_rate_baixo""]",DEP_advcl_rate_baixo + DEP_appos_rate_alto + POS_SCONJ_rate_baixo,"[""104a022ca078""]",104a022ca078,120,0.083333333333333329,True,0.65000000000000002,"[""DEP_advcl"", ""DEP_appos"", ""subordinacao""]",DEP_advcl|DEP_appos|subordinacao,False,True,False,0,research_only,ineligible,
2c926ce8ff32,"[""DEP_advcl_rate_baixo"", ""DEP_cop_rate_baixo"", ""POS_ADJ_rate_baixo""]",DEP_advcl_rate_baixo + DEP_cop_rate_baixo + POS_ADJ_rate_baixo,"[""ce55a773d43e""]",ce55a773d43e,147,0.10208333333333333,True,0.75,"[""DEP_advcl"", ""DEP_cop"", ""adjetivacao""]",DEP_advcl|DEP_cop|adjetivacao,False,True,False,0,research_only,ineligible,
2ce5797f821a,"[""DEP_nummod_rate_baixo"", ""DEP_xcomp_rate_baixo"", ""POS_DET_rate_alto""]",DEP_nummod_rate_baixo + DEP_xcomp_rate_baixo + POS_DET_rate_alto,"[""adb687966bc8""]",adb687966bc8,104,0.072222222222222215,False,0.83999999999999997,"[""DEP_xcomp"", ""determinacao"", ""numerais""]",DEP_xcomp|determinacao|numerais,False,True,False,0,research_only,ineligible,
2d029901a6e4,"[""DEP_acl:relcl_rate_baixo"", ""DEP_cop_rate_alto"", ""DEP_xcomp_rate_baixo""]",DEP_acl:relcl_rate_baixo + DEP_cop_rate_alto + DEP_xcomp_rate_baixo,"[""1d8edeb69284""]",1d8edeb69284,100,0.069444444444444448,False,0.39000000000000001,"[""DEP_acl:relcl"", ""DEP_cop"", ""DEP_xcomp""]",DEP_acl:relcl|DEP_cop|DEP_xcomp,False,True,False,0,research_only,ineligible,
2d0dc808031b,"[""DEP_ccomp_rate_baixo"", ""DEP_nsubj:pass_rate_baixo"", ""diversidade_alto""]",DEP_ccomp_rate_baixo + DEP_nsubj:pass_rate_baixo + diversidade_alto,"[""b6414b379494""]",b6414b379494,150,0.10416666666666667,False,0.66000000000000003,"[""DEP_ccomp"", ""DEP_nsubj:pass"", ""diversidade""]",DEP_ccomp|DEP_nsubj:pass|diversidade,False,True,False,0,research_only,ineligible,
2d1309d6909b,"[""DEP_acl_rate_baixo"", ""DEP_ccomp_rate_alto""]",DEP_acl_rate_baixo + DEP_ccomp_rate_alto,"[""4e7465e1d2f7""]",4e7465e1d2f7,204,0.14166666666666666,False,0.77000000000000002,"[""DEP_acl"", ""DEP_ccomp""]",DEP_acl|DEP_ccomp,False,True,False,0,research_only,ineligible,
2d6ad02ae575,"[""DEP_case_rate_alto"", ""DEP_nmod_rate_alto"", ""POS_PRON_rate_baixo""]",DEP_case_rate_alto + DEP_nmod_rate_alto + POS_PRON_rate_baixo,"[""632e6322ea3e"", ""d643d0d41029"", ""f9a91485bbcd""]",f9a91485bbcd,115,0.079861111111111105,False,0.85999999999999999,"[""DEP_nmod"", ""POS_PRON"", ""relacoes_preposicionais""]",DEP_nmod|POS_PRON|relacoes_preposicionais,False,True,False,0,research_only,ineligible,
2d8b48abb775,"[""DEP_acl_rate_baixo"", ""DEP_advcl_rate_baixo"", ""DEP_cop_rate_alto""]",DEP_acl_rate_baixo + DEP_advcl_rate_baixo + DEP_cop_rate_alto,"[""d0e5c8d8a9bf""]",d0e5c8d8a9bf,103,0.071527777777777773,False,0.64000000000000001,"[""DEP_acl"", ""DEP_advcl"", ""DEP_cop""]",DEP_acl|DEP_advcl|DEP_cop,False,True,False,0,research_only,ineligible,
2dc487fb82ad,"[""DEP_acl:relcl_rate_baixo"", ""DEP_xcomp_rate_baixo"", ""POS_AUX_rate_baixo""]",DEP_acl:relcl_rate_baixo + DEP_xcomp_rate_baixo + POS_AUX_rate_baixo,"[""0e3892471699"", ""7360dd29858b""]",7360dd29858b,121,0.084027777777777785,True,0.63,"[""DEP_acl:relcl"", ""DEP_xcomp"", ""auxiliares""]",DEP_acl:relcl|DEP_xcomp|auxiliares,False,True,False,0,research_only,ineligible,
2e0aeb1b50d8,"[""DEP_acl_rate_baixo"", ""DEP_cop_rate_baixo"", ""POS_PROPN_rate_alto""]",DEP_acl_rate_baixo + DEP_cop_rate_baixo + POS_PROPN_rate_alto,"[""140dd48f2dd6""]",140dd48f2dd6,129,0.089583333333333334,True,0.54000000000000004,"[""DEP_acl"", ""DEP_cop"", ""POS_PROPN""]",DEP_acl|DEP_cop|POS_PROPN,False,True,False,0,research_only,ineligible,
2e2ab3f8c6b5,"[""DEP_nummod_rate_baixo"", ""POS_PRON_rate_baixo"", ""POS_PROPN_rate_alto""]",DEP_nummod_rate_baixo + POS_PRON_rate_baixo + POS_PROPN_rate_alto,"[""ffc8bebd5f0f""]",ffc8bebd5f0f,96,0.066666666666666666,False,0.68000000000000005,"[""POS_PRON"", ""POS_PROPN"", ""numerais""]",POS_PRON|POS_PROPN|numerais,False,True,False,0,research_only,ineligible,
2eeba9e8ac23,"[""DEP_acl:relcl_rate_baixo"", ""DEP_acl_rate_baixo"", ""DEP_appos_rate_alto""]",DEP_acl:relcl_rate_baixo + DEP_acl_rate_baixo + DEP_appos_rate_alto,"[""f3361746ba69""]",f3361746ba69,130,0.090277777777777776,False,0.87,"[""DEP_acl"", ""DEP_acl:relcl"", ""DEP_appos""]",DEP_acl|DEP_acl:relcl|DEP_appos,False,True,False,0,research_only,ineligible,
2ef538de9899,"[""DEP_cc_rate_baixo"", ""DEP_conj_rate_baixo"", ""POS_PRON_rate_baixo""]",DEP_cc_rate_baixo + DEP_conj_rate_baixo + POS_PRON_rate_baixo,"[""9e5e3e5e7e4b"", ""bc763b367561""]",9e5e3e5e7e4b,96,0.066666666666666666,False,0.93000000000000005,"[""POS_PRON"", ""coordenacao""]",POS_PRON|coordenacao,True,True,False,0,research_only,ineligible,
2f803380a7de,"[""DEP_acl:relcl_rate_baixo"", ""DEP_advmod_rate_alto"", ""DEP_cop_rate_baixo""]",DEP_acl:relcl_rate_baixo + DEP_advmod_rate_alto + DEP_cop_rate_baixo,"[""8aecee699fba""]",8aecee699fba,107,0.074305555555555555,False,0.80000000000000004,"[""DEP_acl:relcl"", ""DEP_cop"", ""modificacao_adverbial""]",DEP_acl:relcl|DEP_cop|modificacao_adverbial,False,True,False,0,research_only,ineligible,
2f9956a0abbd,"[""DEP_acl:relcl_rate_baixo"", ""DEP_aux:pass_rate_baixo"", ""DEP_obl_rate_baixo""]",DEP_acl:relcl_rate_baixo + DEP_aux:pass_rate_baixo + DEP_obl_rate_baixo,"[""f2159dc0af6a""]",f2159dc0af6a,153,0.10625,False,0.72999999999999998,"[""DEP_acl:relcl"", ""DEP_obl"", ""auxiliares""]",DEP_acl:relcl|DEP_obl|auxiliares,False,True,False,0,research_only,ineligible,
301b0d6aa2cb,"[""DEP_acl:relcl_rate_baixo"", ""DEP_amod_rate_alto"", ""DEP_cop_rate_baixo""]",DEP_acl:relcl_rate_baixo + DEP_amod_rate_alto + DEP_cop_rate_baixo,"[""55dd7cdefe6b"", ""b4b0b0a274a2""]",b4b0b0a274a2,131,0.090972222222222218,False,0.66000000000000003,"[""DEP_acl:relcl"", ""DEP_cop"", ""adjetivacao""]",DEP_acl:relcl|DEP_cop|adjetivacao,False,True,False,0,research_only,ineligible,
301c74bde1d5,"[""DEP_aux:pass_rate_baixo"", ""DEP_cop_rate_baixo"", ""POS_VERB_rate_alto""]",DEP_aux:pass_rate_baixo + DEP_cop_rate_baixo + POS_VERB_rate_alto,"[""924305fe5f05""]",924305fe5f05,155,0.1076388888888889,False,1,"[""DEP_cop"", ""POS_VERB"", ""auxiliares""]",DEP_cop|POS_VERB|auxiliares,False,True,False,0,research_only,ineligible,
308f8e1f6107,"[""DEP_acl:relcl_rate_baixo"", ""DEP_aux:pass_rate_alto"", ""POS_AUX_rate_alto""]",DEP_acl:relcl_rate_baixo + DEP_aux:pass_rate_alto + POS_AUX_rate_alto,"[""df18781344b5"", ""e7fb9a72c3ff""]",e7fb9a72c3ff,112,0.077777777777777779,False,0.90000000000000002,"[""DEP_acl:relcl"", ""auxiliares""]",DEP_acl:relcl|auxiliares,True,True,False,0,research_only,ineligible,
30e1b8ffc337,"[""DEP_aux:pass_rate_baixo"", ""DEP_cop_rate_baixo"", ""DEP_obl_rate_alto""]",DEP_aux:pass_rate_baixo + DEP_cop_rate_baixo + DEP_obl_rate_alto,"[""d6f48aa05c32""]",d6f48aa05c32,153,0.10625,True,0.72999999999999998,"[""DEP_cop"", ""DEP_obl"", ""auxiliares""]",DEP_cop|DEP_obl|auxiliares,False,True,False,0,research_only,ineligible,
31242ce9744d,"[""DEP_ccomp_rate_baixo"", ""DEP_xcomp_rate_baixo"", ""POS_DET_rate_baixo""]",DEP_ccomp_rate_baixo + DEP_xcomp_rate_baixo + POS_DET_rate_baixo,"[""17abfe03d556"", ""26995a21cef3""]",17abfe03d556,105,0.072916666666666671,False,0.84999999999999998,"[""DEP_ccomp"", ""DEP_xcomp"", ""determinacao""]",DEP_ccomp|DEP_xcomp|determinacao,False,True,False,0,research_only,ineligible,
317160c3da9e,"[""DEP_acl_rate_baixo"", ""DEP_nsubj:pass_rate_alto"", ""DEP_nummod_rate_baixo""]",DEP_acl_rate_baixo + DEP_nsubj:pass_rate_alto + DEP_nummod_rate_baixo,"[""a1f9541f4d18""]",a1f9541f4d18,111,0.077083333333333337,False,0.66000000000000003,"[""DEP_acl"", ""DEP_nsubj:pass"", ""numerais""]",DEP_acl|DEP_nsubj:pass|numerais,False,True,False,0,research_only,ineligible,
3208fd5d2202,"[""DEP_advcl_rate_baixo"", ""DEP_nsubj:pass_rate_alto"", ""DEP_xcomp_rate_baixo""]",DEP_advcl_rate_baixo + DEP_nsubj:pass_rate_alto + DEP_xcomp_rate_baixo,"[""61f3cbb13170"", ""72b9e4a1aab8""]",72b9e4a1aab8,96,0.066666666666666666,False,0.56000000000000005,"[""DEP_advcl"", ""DEP_nsubj:pass"", ""DEP_xcomp""]",DEP_advcl|DEP_nsubj:pass|DEP_xcomp,False,True,False,0,research_only,ineligible,
32521b97f989,"[""DEP_acl:relcl_rate_baixo"", ""DEP_advcl_rate_baixo"", ""POS_DET_rate_baixo""]",DEP_acl:relcl_rate_baixo + DEP_advcl_rate_baixo + POS_DET_rate_baixo,"[""1177f169c837""]",1177f169c837,138,0.09583333333333334,True,0.68000000000000005,"[""DEP_acl:relcl"", ""DEP_advcl"", ""determinacao""]",DEP_acl:relcl|DEP_advcl|determinacao,False,True,False,0,research_only,ineligible,
326661bf75df,"[""DEP_amod_rate_alto"", ""DEP_nsubj:pass_rate_baixo"", ""uppercaseRatio_baixo""]",DEP_amod_rate_alto + DEP_nsubj:pass_rate_baixo + uppercaseRatio_baixo,"[""950c6a3e0618"", ""a0c0af010242""]",a0c0af010242,155,0.1076388888888889,True,0.72999999999999998,"[""DEP_nsubj:pass"", ""adjetivacao"", ""uppercaseRatio""]",DEP_nsubj:pass|adjetivacao|uppercaseRatio,False,True,False,0,research_only,ineligible,
32e7917fe9e5,"[""DEP_ccomp_rate_baixo"", ""DEP_nsubj:pass_rate_baixo"", ""POS_PROPN_rate_alto""]",DEP_ccomp_rate_baixo + DEP_nsubj:pass_rate_baixo + POS_PROPN_rate_alto,"[""7d1a76c08255""]",7d1a76c08255,166,0.11527777777777778,False,0.52000000000000002,"[""DEP_ccomp"", ""DEP_nsubj:pass"", ""POS_PROPN""]",DEP_ccomp|DEP_nsubj:pass|POS_PROPN,False,True,False,0,research_only,ineligible,
3350fa3c4915,"[""DEP_ccomp_rate_baixo"", ""DEP_nsubj:pass_rate_baixo"", ""punctuationDensity_spacy_alto""]",DEP_ccomp_rate_baixo + DEP_nsubj:pass_rate_baixo + punctuationDensity_spacy_alto,"[""4b5cd0a666bb""]",4b5cd0a666bb,162,0.1125,True,0.71999999999999997,"[""DEP_ccomp"", ""DEP_nsubj:pass"", ""punctuationDensity_spacy""]",DEP_ccomp|DEP_nsubj:pass|punctuationDensity_spacy,False,True,False,0,research_only,ineligible,
33e3e1cab994,"[""DEP_advcl_rate_baixo"", ""DEP_amod_rate_alto"", ""uppercaseRatio_baixo""]",DEP_advcl_rate_baixo + DEP_amod_rate_alto + uppercaseRatio_baixo,"[""e7885bcb6024""]",e7885bcb6024,121,0.084027777777777785,True,0.33000000000000002,"[""DEP_advcl"", ""adjetivacao"", ""uppercaseRatio""]",DEP_advcl|adjetivacao|uppercaseRatio,False,False,False,0,research_only,ineligible,
34af616c60be,"[""DEP_cop_rate_baixo"", ""DEP_det_rate_baixo"", ""DEP_nummod_rate_baixo""]",DEP_cop_rate_baixo + DEP_det_rate_baixo + DEP_nummod_rate_baixo,"[""3ad21ff49d5d""]",3ad21ff49d5d,113,0.078472222222222221,False,0.94999999999999996,"[""DEP_cop"", ""determinacao"", ""numerais""]",DEP_cop|determinacao|numerais,False,True,False,0,research_only,ineligible,
356f0790c76a,"[""DEP_conj_rate_alto"", ""DEP_cop_rate_baixo"", ""POS_AUX_rate_baixo""]",DEP_conj_rate_alto + DEP_cop_rate_baixo + POS_AUX_rate_baixo,"[""29aff42eb27c"", ""6854dbc2c240""]",6854dbc2c240,122,0.084722222222222227,True,0.41999999999999998,"[""DEP_cop"", ""auxiliares"", ""coordenacao""]",DEP_cop|auxiliares|coordenacao,False,True,False,0,research_only,ineligible,
3570cc628b41,"[""DEP_acl_rate_baixo"", ""DEP_cop_rate_baixo"", ""POS_SCONJ_rate_baixo""]",DEP_acl_rate_baixo + DEP_cop_rate_baixo + POS_SCONJ_rate_baixo,"[""dc3c0a0b3adb""]",dc3c0a0b3adb,159,0.11041666666666666,True,0.78000000000000003,"[""DEP_acl"", ""DEP_cop"", ""subordinacao""]",DEP_acl|DEP_cop|subordinacao,False,True,False,0,research_only,ineligible,
359b43d6c2e2,"[""DEP_cc_rate_alto"", ""DEP_nsubj:pass_rate_baixo"", ""DEP_xcomp_rate_baixo""]",DEP_cc_rate_alto + DEP_nsubj:pass_rate_baixo + DEP_xcomp_rate_baixo,"[""fcfd6e8fb390""]",fcfd6e8fb390,140,0.097222222222222224,True,0.64000000000000001,"[""DEP_nsubj:pass"", ""DEP_xcomp"", ""coordenacao""]",DEP_nsubj:pass|DEP_xcomp|coordenacao,False,True,False,0,research_only,ineligible,
363aea873cbd,"[""DEP_advcl_rate_baixo"", ""DEP_aux:pass_rate_baixo"", ""POS_NOUN_rate_alto""]",DEP_advcl_rate_baixo + DEP_aux:pass_rate_baixo + POS_NOUN_rate_alto,"[""4d0852b5b385"", ""c31e68df36e5""]",c31e68df36e5,164,0.11388888888888889,True,0.77000000000000002,"[""DEP_advcl"", ""POS_NOUN"", ""auxiliares""]",DEP_advcl|POS_NOUN|auxiliares,False,True,False,0,research_only,ineligible,
37c80dc9731c,"[""DEP_nsubj:pass_rate_baixo"", ""DEP_xcomp_rate_alto"", ""uppercaseRatio_baixo""]",DEP_nsubj:pass_rate_baixo + DEP_xcomp_rate_alto + uppercaseRatio_baixo,"[""cdefa3f40ba9""]",cdefa3f40ba9,126,0.087499999999999994,False,0.68000000000000005,"[""DEP_nsubj:pass"", ""DEP_xcomp"", ""uppercaseRatio""]",DEP_nsubj:pass|DEP_xcomp|uppercaseRatio,False,True,False,0,research_only,ineligible,
3827d0dd8fe9,"[""POS_NOUN_rate_alto"", ""POS_PROPN_rate_baixo""]",POS_NOUN_rate_alto + POS_PROPN_rate_baixo,"[""1a7ef3000b3a"", ""f5e829055ee4""]",1a7ef3000b3a,159,0.11041666666666666,False,0.89000000000000001,"[""POS_NOUN"", ""POS_PROPN""]",POS_NOUN|POS_PROPN,False,False,False,0,research_only,ineligible,
382e4dd4f46e,"[""DEP_appos_rate_alto"", ""DEP_aux:pass_rate_baixo"", ""DEP_ccomp_rate_baixo""]",DEP_appos_rate_alto + DEP_aux:pass_rate_baixo + DEP_ccomp_rate_baixo,"[""54cf9758c9fc""]",54cf9758c9fc,165,0.11458333333333333,False,0.56000000000000005,"[""DEP_appos"", ""DEP_ccomp"", ""auxiliares""]",DEP_appos|DEP_ccomp|auxiliares,False,True,False,0,research_only,ineligible,
385ce90681c3,"[""DEP_acl:relcl_rate_baixo"", ""POS_NOUN_rate_baixo"", ""POS_PROPN_rate_alto""]",DEP_acl:relcl_rate_baixo + POS_NOUN_rate_baixo + POS_PROPN_rate_alto,"[""3b31f02868cb"", ""9f694dc83bed""]",3b31f02868cb,110,0.076388888888888895,False,0.90000000000000002,"[""DEP_acl:relcl"", ""POS_NOUN"", ""POS_PROPN""]",DEP_acl:relcl|POS_NOUN|POS_PROPN,False,True,False,0,research_only,ineligible,
38cb72d140a1,"[""DEP_appos_rate_baixo"", ""DEP_det_rate_alto"", ""POS_DET_rate_alto""]",DEP_appos_rate_baixo + DEP_det_rate_alto + POS_DET_rate_alto,"[""0d5c8bfb5e99"", ""2bd0298fe1c4""]",0d5c8bfb5e99,111,0.077083333333333337,False,0.58999999999999997,"[""DEP_appos"", ""determinacao""]",DEP_appos|determinacao,True,True,False,0,research_only,ineligible,
38d160e6121e,"[""DEP_aux:pass_rate_baixo"", ""DEP_cop_rate_baixo"", ""DEP_flat:name_rate_alto""]",DEP_aux:pass_rate_baixo + DEP_cop_rate_baixo + DEP_flat:name_rate_alto,"[""c1ffad6f2107""]",c1ffad6f2107,144,0.10000000000000001,False,0.68000000000000005,"[""DEP_cop"", ""DEP_flat:name"", ""auxiliares""]",DEP_cop|DEP_flat:name|auxiliares,False,True,False,0,research_only,ineligible,
38dff70680be,"[""DEP_ccomp_rate_baixo"", ""POS_PRON_rate_alto"", ""uppercaseRatio_baixo""]",DEP_ccomp_rate_baixo + POS_PRON_rate_alto + uppercaseRatio_baixo,"[""eed415da02ef""]",eed415da02ef,111,0.077083333333333337,False,0.67000000000000004,"[""DEP_ccomp"", ""POS_PRON"", ""uppercaseRatio""]",DEP_ccomp|POS_PRON|uppercaseRatio,False,False,False,0,research_only,ineligible,
390915b620d3,"[""DEP_ccomp_rate_baixo"", ""DEP_mark_rate_baixo"", ""DEP_nsubj:pass_rate_alto""]",DEP_ccomp_rate_baixo + DEP_mark_rate_baixo + DEP_nsubj:pass_rate_alto,"[""02c82fd50f6f"", ""4617faa45b6a""]",02c82fd50f6f,98,0.06805555555555555,False,0.67000000000000004,"[""DEP_ccomp"", ""DEP_nsubj:pass"", ""subordinacao""]",DEP_ccomp|DEP_nsubj:pass|subordinacao,False,True,False,0,research_only,ineligible,
391556864d68,"[""DEP_ccomp_rate_alto"", ""POS_NUM_rate_baixo""]",DEP_ccomp_rate_alto + POS_NUM_rate_baixo,"[""9f6de4291acb""]",9f6de4291acb,192,0.13333333333333333,False,0.72999999999999998,"[""DEP_ccomp"", ""numerais""]",DEP_ccomp|numerais,False,True,False,0,research_only,ineligible,
394324205afb,"[""DEP_acl_rate_alto"", ""DEP_aux:pass_rate_baixo""]",DEP_acl_rate_alto + DEP_aux:pass_rate_baixo,"[""ee8a849ed815""]",ee8a849ed815,277,0.19236111111111112,False,0.71999999999999997,"[""DEP_acl"", ""auxiliares""]",DEP_acl|auxiliares,False,True,False,0,research_only,ineligible,
398ede095d92,"[""DEP_acl_rate_baixo"", ""DEP_ccomp_rate_baixo"", ""POS_CCONJ_rate_alto""]",DEP_acl_rate_baixo + DEP_ccomp_rate_baixo + POS_CCONJ_rate_alto,"[""fc46576214ea""]",fc46576214ea,126,0.087499999999999994,True,0.66000000000000003,"[""DEP_acl"", ""DEP_ccomp"", ""coordenacao""]",DEP_acl|DEP_ccomp|coordenacao,False,True,False,0,research_only,ineligible,
39d553d0e595,"[""DEP_ccomp_rate_baixo"", ""DEP_cop_rate_alto"", ""POS_AUX_rate_alto""]",DEP_ccomp_rate_baixo + DEP_cop_rate_alto + POS_AUX_rate_alto,"[""06a988189ee1"", ""70419f29ed61""]",06a988189ee1,100,0.069444444444444448,False,0.69999999999999996,"[""DEP_ccomp"", ""DEP_cop"", ""auxiliares""]",DEP_ccomp|DEP_cop|auxiliares,False,True,False,0,research_only,ineligible,
3a3b03a8eebe,"[""DEP_acl_rate_baixo"", ""DEP_aux:pass_rate_baixo"", ""DEP_conj_rate_alto""]",DEP_acl_rate_baixo + DEP_aux:pass_rate_baixo + DEP_conj_rate_alto,"[""1967ea8fb5da""]",1967ea8fb5da,146,0.10138888888888889,True,0.52000000000000002,"[""DEP_acl"", ""auxiliares"", ""coordenacao""]",DEP_acl|auxiliares|coordenacao,False,True,False,0,research_only,ineligible,
3a99691eaa96,"[""DEP_aux:pass_rate_baixo"", ""DEP_ccomp_rate_baixo"", ""POS_CCONJ_rate_alto""]",DEP_aux:pass_rate_baixo + DEP_ccomp_rate_baixo + POS_CCONJ_rate_alto,"[""24c0649f88ea"", ""bed17cd32c62""]",bed17cd32c62,160,0.1111111111111111,False,0.91000000000000003,"[""DEP_ccomp"", ""auxiliares"", ""coordenacao""]",DEP_ccomp|auxiliares|coordenacao,False,True,False,0,research_only,ineligible,
3abca6a130d2,"[""DEP_acl_rate_alto"", ""DEP_advcl_rate_baixo"", ""DEP_cop_rate_baixo""]",DEP_acl_rate_alto + DEP_advcl_rate_baixo + DEP_cop_rate_baixo,"[""14df9a33807b"", ""a84e5f45932b""]",14df9a33807b,132,0.09166666666666666,False,1,"[""DEP_acl"", ""DEP_advcl"", ""DEP_cop""]",DEP_acl|DEP_advcl|DEP_cop,False,True,False,0,research_only,ineligible,
3aff5a0db48d,"[""DEP_advcl_rate_baixo"", ""DEP_case_rate_alto"", ""POS_PRON_rate_baixo""]",DEP_advcl_rate_baixo + DEP_case_rate_alto + POS_PRON_rate_baixo,"[""8960a4a9dc14""]",8960a4a9dc14,122,0.084722222222222227,True,0.73999999999999999,"[""DEP_advcl"", ""POS_PRON"", ""relacoes_preposicionais""]",DEP_advcl|POS_PRON|relacoes_preposicionais,False,True,False,0,research_only,ineligible,
3b26f309e1e3,"[""DEP_case_rate_baixo"", ""DEP_xcomp_rate_alto"", ""POS_ADP_rate_baixo""]",DEP_case_rate_baixo + DEP_xcomp_rate_alto + POS_ADP_rate_baixo,"[""34cf4ba97b05"", ""aecf16ffd64a""]",34cf4ba97b05,111,0.077083333333333337,False,0.88,"[""DEP_xcomp"", ""relacoes_preposicionais""]",DEP_xcomp|relacoes_preposicionais,True,True,False,0,research_only,ineligible,
3b31b4e7a2a8,"[""DEP_acl_rate_baixo"", ""DEP_mark_rate_baixo"", ""uppercaseRatio_baixo""]",DEP_acl_rate_baixo + DEP_mark_rate_baixo + uppercaseRatio_baixo,"[""fc65e845af12""]",fc65e845af12,115,0.079861111111111105,False,0.92000000000000004,"[""DEP_acl"", ""subordinacao"", ""uppercaseRatio""]",DEP_acl|subordinacao|uppercaseRatio,False,True,False,0,research_only,ineligible,
3ba9a642f05d,"[""DEP_aux:pass_rate_baixo"", ""POS_ADV_rate_alto"", ""POS_NUM_rate_baixo""]",DEP_aux:pass_rate_baixo + POS_ADV_rate_alto + POS_NUM_rate_baixo,"[""3c57e01f00bb""]",3c57e01f00bb,122,0.084722222222222227,True,0.42999999999999999,"[""auxiliares"", ""modificacao_adverbial"", ""numerais""]",auxiliares|modificacao_adverbial|numerais,False,True,False,0,research_only,ineligible,
3bfd1f769162,"[""DEP_advcl_rate_baixo"", ""DEP_conj_rate_alto"", ""POS_SCONJ_rate_baixo""]",DEP_advcl_rate_baixo + DEP_conj_rate_alto + POS_SCONJ_rate_baixo,"[""633454079472"", ""c8b5777c7a1c""]",c8b5777c7a1c,111,0.077083333333333337,False,0.94999999999999996,"[""DEP_advcl"", ""coordenacao"", ""subordinacao""]",DEP_advcl|coordenacao|subordinacao,False,True,False,0,research_only,ineligible,
3c37b1b26c20,"[""DEP_cc_rate_baixo"", ""POS_CCONJ_rate_baixo"", ""POS_PRON_rate_baixo""]",DEP_cc_rate_baixo + POS_CCONJ_rate_baixo + POS_PRON_rate_baixo,"[""98424e111755"", ""ed150fa35ecf""]",ed150fa35ecf,111,0.077083333333333337,False,1,"[""POS_PRON"", ""coordenacao""]",POS_PRON|coordenacao,True,True,False,0,research_only,ineligible,
3c810b83b48b,"[""DEP_acl:relcl_rate_alto"", ""DEP_ccomp_rate_baixo"", ""DEP_nummod_rate_baixo""]",DEP_acl:relcl_rate_alto + DEP_ccomp_rate_baixo + DEP_nummod_rate_baixo,"[""b1f7d0fc1288""]",b1f7d0fc1288,145,0.10069444444444445,False,0.66000000000000003,"[""DEP_acl:relcl"", ""DEP_ccomp"", ""numerais""]",DEP_acl:relcl|DEP_ccomp|numerais,False,True,False,0,research_only,ineligible,
3d4fa80eeb50,"[""DEP_ccomp_rate_baixo"", ""DEP_nummod_rate_baixo"", ""DEP_xcomp_rate_alto""]",DEP_ccomp_rate_baixo + DEP_nummod_rate_baixo + DEP_xcomp_rate_alto,"[""4d5183be33ea""]",4d5183be33ea,123,0.085416666666666669,False,0.95999999999999996,"[""DEP_ccomp"", ""DEP_xcomp"", ""numerais""]",DEP_ccomp|DEP_xcomp|numerais,False,True,False,0,research_only,ineligible,
3d83bb50864d,"[""DEP_nummod_rate_baixo"", ""POS_CCONJ_rate_alto""]",DEP_nummod_rate_baixo + POS_CCONJ_rate_alto,"[""3d07514061f0""]",3d07514061f0,240,0.16666666666666666,True,0.65000000000000002,"[""coordenacao"", ""numerais""]",coordenacao|numerais,False,True,False,0,research_only,ineligible,
3ea54e63e4e9,"[""DEP_advcl_rate_baixo"", ""DEP_appos_rate_baixo"", ""uppercaseRatio_baixo""]",DEP_advcl_rate_baixo + DEP_appos_rate_baixo + uppercaseRatio_baixo,"[""89d15db48b06""]",89d15db48b06,126,0.087499999999999994,True,0.78000000000000003,"[""DEP_advcl"", ""DEP_appos"", ""uppercaseRatio""]",DEP_advcl|DEP_appos|uppercaseRatio,False,True,False,0,research_only,ineligible,
3fc2d5f06ef8,"[""DEP_ccomp_rate_baixo"", ""DEP_cop_rate_baixo"", ""DEP_nsubj:pass_rate_baixo""]",DEP_ccomp_rate_baixo + DEP_cop_rate_baixo + DEP_nsubj:pass_rate_baixo,"[""1a676aab3093""]",1a676aab3093,357,0.24791666666666667,False,0.66000000000000003,"[""DEP_ccomp"", ""DEP_cop"", ""DEP_nsubj:pass""]",DEP_ccomp|DEP_cop|DEP_nsubj:pass,False,True,False,0,research_only,ineligible,
3fd56667412d,"[""DEP_ccomp_rate_baixo"", ""diversidade_alto""]",DEP_ccomp_rate_baixo + diversidade_alto,"[""670282c704b5""]",670282c704b5,205,0.1423611111111111,False,0.5,"[""DEP_ccomp"", ""diversidade""]",DEP_ccomp|diversidade,False,False,False,0,research_only,ineligible,
40703d40146d,"[""DEP_aux:pass_rate_baixo"", ""POS_NOUN_rate_alto"", ""POS_PROPN_rate_baixo""]",DEP_aux:pass_rate_baixo + POS_NOUN_rate_alto + POS_PROPN_rate_baixo,"[""27eb8e9318dd""]",27eb8e9318dd,110,0.076388888888888895,False,0.98999999999999999,"[""POS_NOUN"", ""POS_PROPN"", ""auxiliares""]",POS_NOUN|POS_PROPN|auxiliares,False,True,False,0,research_only,ineligible,
412365e47355,"[""DEP_acl_rate_alto"", ""DEP_ccomp_rate_baixo"", ""DEP_xcomp_rate_baixo""]",DEP_acl_rate_alto + DEP_ccomp_rate_baixo + DEP_xcomp_rate_baixo,"[""4d81bf82c53d"", ""6438a8796375""]",6438a8796375,109,0.075694444444444439,False,1,"[""DEP_acl"", ""DEP_ccomp"", ""DEP_xcomp""]",DEP_acl|DEP_ccomp|DEP_xcomp,False,True,False,0,research_only,ineligible,
412bab359fb0,"[""DEP_advcl_rate_baixo"", ""DEP_nmod_rate_alto"", ""POS_ADV_rate_baixo""]",DEP_advcl_rate_baixo + DEP_nmod_rate_alto + POS_ADV_rate_baixo,"[""392f7e779389""]",392f7e779389,116,0.080555555555555561,True,0.63,"[""DEP_advcl"", ""DEP_nmod"", ""modificacao_adverbial""]",DEP_advcl|DEP_nmod|modificacao_adverbial,False,True,False,0,research_only,ineligible,
418b797a7dfe,"[""DEP_acl_rate_baixo"", ""DEP_case_rate_baixo"", ""DEP_nmod_rate_baixo""]",DEP_acl_rate_baixo + DEP_case_rate_baixo + DEP_nmod_rate_baixo,"[""476799578557"", ""5c677d324670""]",476799578557,113,0.078472222222222221,False,0.93000000000000005,"[""DEP_acl"", ""DEP_nmod"", ""relacoes_preposicionais""]",DEP_acl|DEP_nmod|relacoes_preposicionais,False,True,False,0,research_only,ineligible,
41aca17309ed,"[""DEP_case_rate_baixo"", ""DEP_det_rate_alto"", ""DEP_nummod_rate_baixo""]",DEP_case_rate_baixo + DEP_det_rate_alto + DEP_nummod_rate_baixo,"[""053ffbf87360""]",053ffbf87360,127,0.08819444444444445,True,0.78000000000000003,"[""determinacao"", ""numerais"", ""relacoes_preposicionais""]",determinacao|numerais|relacoes_preposicionais,False,True,False,0,research_only,ineligible,
41b388d233d0,"[""DEP_aux:pass_rate_baixo"", ""POS_ADP_rate_baixo""]",DEP_aux:pass_rate_baixo + POS_ADP_rate_baixo,"[""a401ad9cc5af""]",a401ad9cc5af,265,0.18402777777777779,True,0.77000000000000002,"[""auxiliares"", ""relacoes_preposicionais""]",auxiliares|relacoes_preposicionais,False,True,False,0,research_only,ineligible,
41d5b8e6075e,"[""DEP_acl_rate_baixo"", ""DEP_aux:pass_rate_baixo"", ""DEP_ccomp_rate_alto""]",DEP_acl_rate_baixo + DEP_aux:pass_rate_baixo + DEP_ccomp_rate_alto,"[""ba9e4e8586ae""]",ba9e4e8586ae,140,0.097222222222222224,False,0.57999999999999996,"[""DEP_acl"", ""DEP_ccomp"", ""auxiliares""]",DEP_acl|DEP_ccomp|auxiliares,False,True,False,0,research_only,ineligible,
420cb79b153c,"[""DEP_case_rate_baixo"", ""DEP_ccomp_rate_baixo"", ""DEP_nsubj:pass_rate_baixo""]",DEP_case_rate_baixo + DEP_ccomp_rate_baixo + DEP_nsubj:pass_rate_baixo,"[""f3277981a8f1""]",f3277981a8f1,133,0.092361111111111116,True,0.76000000000000001,"[""DEP_ccomp"", ""DEP_nsubj:pass"", ""relacoes_preposicionais""]",DEP_ccomp|DEP_nsubj:pass|relacoes_preposicionais,False,True,False,0,research_only,ineligible,
4225b0194f5a,"[""DEP_aux:pass_rate_baixo"", ""DEP_ccomp_rate_baixo"", ""DEP_cop_rate_baixo""]",DEP_aux:pass_rate_baixo + DEP_ccomp_rate_baixo + DEP_cop_rate_baixo,"[""5830cc1194de""]",5830cc1194de,328,0.22777777777777777,True,0.71999999999999997,"[""DEP_ccomp"", ""DEP_cop"", ""auxiliares""]",DEP_ccomp|DEP_cop|auxiliares,False,True,False,0,research_only,ineligible,
43063f79d09c,"[""DEP_cop_rate_baixo"", ""DEP_flat:name_rate_alto"", ""DEP_nsubj:pass_rate_baixo""]",DEP_cop_rate_baixo + DEP_flat:name_rate_alto + DEP_nsubj:pass_rate_baixo,"[""41943e508aac""]",41943e508aac,161,0.11180555555555556,True,0.75,"[""DEP_cop"", ""DEP_flat:name"", ""DEP_nsubj:pass""]",DEP_cop|DEP_flat:name|DEP_nsubj:pass,False,True,False,0,research_only,ineligible,
4364280df499,"[""DEP_nummod_rate_baixo"", ""POS_AUX_rate_alto"", ""uppercaseRatio_baixo""]",DEP_nummod_rate_baixo + POS_AUX_rate_alto + uppercaseRatio_baixo,"[""da8573484a29""]",da8573484a29,116,0.080555555555555561,True,0.70999999999999996,"[""auxiliares"", ""numerais"", ""uppercaseRatio""]",auxiliares|numerais|uppercaseRatio,False,True,False,0,research_only,ineligible,
43ba4f8a0d8b,"[""DEP_acl:relcl_rate_alto"", ""DEP_nsubj:pass_rate_baixo"", ""DEP_nummod_rate_baixo""]",DEP_acl:relcl_rate_alto + DEP_nsubj:pass_rate_baixo + DEP_nummod_rate_baixo,"[""974777d0353c""]",974777d0353c,184,0.12777777777777777,True,0.76000000000000001,"[""DEP_acl:relcl"", ""DEP_nsubj:pass"", ""numerais""]",DEP_acl:relcl|DEP_nsubj:pass|numerais,False,True,False,0,research_only,ineligible,
452ed4e0fde6,"[""DEP_aux:pass_rate_baixo"", ""DEP_nummod_rate_baixo"", ""POS_ADV_rate_alto""]",DEP_aux:pass_rate_baixo + DEP_nummod_rate_baixo + POS_ADV_rate_alto,"[""a12f44cc7208"", ""b428069f0f4f""]",a12f44cc7208,165,0.11458333333333333,True,0.73999999999999999,"[""auxiliares"", ""modificacao_adverbial"", ""numerais""]",auxiliares|modificacao_adverbial|numerais,False,True,False,0,research_only,ineligible,
456502b69462,"[""DEP_acl_rate_baixo"", ""DEP_nummod_rate_baixo"", ""POS_CCONJ_rate_baixo""]",DEP_acl_rate_baixo + DEP_nummod_rate_baixo + POS_CCONJ_rate_baixo,"[""26f0e161666c""]",26f0e161666c,130,0.090277777777777776,True,0.68000000000000005,"[""DEP_acl"", ""coordenacao"", ""numerais""]",DEP_acl|coordenacao|numerais,False,True,False,0,research_only,ineligible,
45c925edfca9,"[""DEP_ccomp_rate_baixo"", ""DEP_cop_rate_baixo"", ""punctuationDensity_spacy_alto""]",DEP_ccomp_rate_baixo + DEP_cop_rate_baixo + punctuationDensity_spacy_alto,"[""07db665c633d""]",07db665c633d,97,0.067361111111111108,False,0.70999999999999996,"[""DEP_ccomp"", ""DEP_cop"", ""punctuationDensity_spacy""]",DEP_ccomp|DEP_cop|punctuationDensity_spacy,False,True,False,0,research_only,ineligible,
45e96ebb91eb,"[""DEP_advmod_rate_alto"", ""DEP_nsubj:pass_rate_baixo"", ""POS_NUM_rate_baixo""]",DEP_advmod_rate_alto + DEP_nsubj:pass_rate_baixo + POS_NUM_rate_baixo,"[""7442db5c0adf""]",7442db5c0adf,123,0.085416666666666669,True,0.78000000000000003,"[""DEP_nsubj:pass"", ""modificacao_adverbial"", ""numerais""]",DEP_nsubj:pass|modificacao_adverbial|numerais,False,True,False,0,research_only,ineligible,
462d058961d0,"[""DEP_nsubj:pass_rate_baixo"", ""DEP_nsubj_rate_baixo"", ""DEP_xcomp_rate_baixo""]",DEP_nsubj:pass_rate_baixo + DEP_nsubj_rate_baixo + DEP_xcomp_rate_baixo,"[""8d23e6bd8710""]",8d23e6bd8710,113,0.078472222222222221,False,0.51000000000000001,"[""DEP_nsubj"", ""DEP_nsubj:pass"", ""DEP_xcomp""]",DEP_nsubj|DEP_nsubj:pass|DEP_xcomp,False,True,False,0,research_only,ineligible,
468c00e4b7d3,"[""DEP_nsubj:pass_rate_baixo"", ""DEP_obl_rate_baixo"", ""POS_ADP_rate_baixo""]",DEP_nsubj:pass_rate_baixo + DEP_obl_rate_baixo + POS_ADP_rate_baixo,"[""d491f7260000""]",d491f7260000,118,0.081944444444444445,True,0.73999999999999999,"[""DEP_nsubj:pass"", ""DEP_obl"", ""relacoes_preposicionais""]",DEP_nsubj:pass|DEP_obl|relacoes_preposicionais,False,True,False,0,research_only,ineligible,
4755864d3ec1,"[""DEP_cc_rate_baixo"", ""DEP_nummod_rate_alto"", ""POS_CCONJ_rate_baixo""]",DEP_cc_rate_baixo + DEP_nummod_rate_alto + POS_CCONJ_rate_baixo,"[""cfa290b84de8"", ""f094916c78b4""]",f094916c78b4,113,0.078472222222222221,False,0.52000000000000002,"[""coordenacao"", ""numerais""]",coordenacao|numerais,True,True,False,0,research_only,ineligible,
47999df80c9f,"[""DEP_ccomp_rate_baixo"", ""DEP_mark_rate_baixo"", ""POS_CCONJ_rate_alto""]",DEP_ccomp_rate_baixo + DEP_mark_rate_baixo + POS_CCONJ_rate_alto,"[""0c89a639d077"", ""0ca28360a90f""]",0ca28360a90f,113,0.078472222222222221,False,0.98999999999999999,"[""DEP_ccomp"", ""coordenacao"", ""subordinacao""]",DEP_ccomp|coordenacao|subordinacao,False,True,False,0,research_only,ineligible,
47eafa26810b,"[""DEP_amod_rate_alto"", ""DEP_aux:pass_rate_baixo"", ""POS_NUM_rate_baixo""]",DEP_amod_rate_alto + DEP_aux:pass_rate_baixo + POS_NUM_rate_baixo,"[""aa1eb1ed1fe5""]",aa1eb1ed1fe5,118,0.081944444444444445,True,0.68000000000000005,"[""adjetivacao"", ""auxiliares"", ""numerais""]",adjetivacao|auxiliares|numerais,False,True,False,0,research_only,ineligible,
4848efb9ddf6,"[""DEP_ccomp_rate_baixo"", ""DEP_det_rate_baixo"", ""POS_ADP_rate_alto""]",DEP_ccomp_rate_baixo + DEP_det_rate_baixo + POS_ADP_rate_alto,"[""1f325a6ed460"", ""3faad5dfdfe8""]",3faad5dfdfe8,107,0.074305555555555555,False,0.79000000000000004,"[""DEP_ccomp"", ""determinacao"", ""relacoes_preposicionais""]",DEP_ccomp|determinacao|relacoes_preposicionais,False,True,False,0,research_only,ineligible,
4888999f9a3e,"[""DEP_advcl_rate_baixo"", ""DEP_ccomp_rate_baixo"", ""DEP_nsubj:pass_rate_alto""]",DEP_advcl_rate_baixo + DEP_ccomp_rate_baixo + DEP_nsubj:pass_rate_alto,"[""3186b0fd1847""]",3186b0fd1847,112,0.077777777777777779,False,0.63,"[""DEP_advcl"", ""DEP_ccomp"", ""DEP_nsubj:pass""]",DEP_advcl|DEP_ccomp|DEP_nsubj:pass,False,True,False,0,research_only,ineligible,
48ab4ef5e539,"[""DEP_appos_rate_baixo"", ""DEP_ccomp_rate_baixo"", ""DEP_xcomp_rate_baixo""]",DEP_appos_rate_baixo + DEP_ccomp_rate_baixo + DEP_xcomp_rate_baixo,"[""0774008bb738""]",0774008bb738,103,0.071527777777777773,False,0.55000000000000004,"[""DEP_appos"", ""DEP_ccomp"", ""DEP_xcomp""]",DEP_appos|DEP_ccomp|DEP_xcomp,False,True,False,0,research_only,ineligible,
490f75755dd6,"[""DEP_acl:relcl_rate_baixo"", ""DEP_acl_rate_baixo"", ""DEP_advcl_rate_alto""]",DEP_acl:relcl_rate_baixo + DEP_acl_rate_baixo + DEP_advcl_rate_alto,"[""7df745cafff4""]",7df745cafff4,114,0.079166666666666663,False,0.82999999999999996,"[""DEP_acl"", ""DEP_acl:relcl"", ""DEP_advcl""]",DEP_acl|DEP_acl:relcl|DEP_advcl,False,True,False,0,research_only,ineligible,
491dfe94b8ee,"[""DEP_amod_rate_alto"", ""DEP_nummod_rate_baixo"", ""uppercaseRatio_baixo""]",DEP_amod_rate_alto + DEP_nummod_rate_baixo + uppercaseRatio_baixo,"[""02f8fdc807b5"", ""d77a4c221269""]",02f8fdc807b5,111,0.077083333333333337,False,0.90000000000000002,"[""adjetivacao"", ""numerais"", ""uppercaseRatio""]",adjetivacao|numerais|uppercaseRatio,False,True,False,0,research_only,ineligible,
493a7e837b1b,"[""DEP_ccomp_rate_baixo"", ""DEP_nummod_rate_baixo"", ""POS_AUX_rate_baixo""]",DEP_ccomp_rate_baixo + DEP_nummod_rate_baixo + POS_AUX_rate_baixo,"[""61ff9cbdea3f""]",61ff9cbdea3f,138,0.09583333333333334,False,0.87,"[""DEP_ccomp"", ""auxiliares"", ""numerais""]",DEP_ccomp|auxiliares|numerais,False,True,False,0,research_only,ineligible,
49cfc14c67ec,"[""DEP_advmod_rate_baixo"", ""DEP_mark_rate_baixo"", ""DEP_xcomp_rate_baixo""]",DEP_advmod_rate_baixo + DEP_mark_rate_baixo + DEP_xcomp_rate_baixo,"[""0352e8a6c053""]",0352e8a6c053,123,0.085416666666666669,True,0.79000000000000004,"[""DEP_xcomp"", ""modificacao_adverbial"", ""subordinacao""]",DEP_xcomp|modificacao_adverbial|subordinacao,False,True,False,0,research_only,ineligible,
49f39cb5452a,"[""DEP_aux:pass_rate_baixo"", ""DEP_xcomp_rate_baixo"", ""POS_ADV_rate_baixo""]",DEP_aux:pass_rate_baixo + DEP_xcomp_rate_baixo + POS_ADV_rate_baixo,"[""749eb57bed2a""]",749eb57bed2a,159,0.11041666666666666,True,0.65000000000000002,"[""DEP_xcomp"", ""auxiliares"", ""modificacao_adverbial""]",DEP_xcomp|auxiliares|modificacao_adverbial,False,True,False,0,research_only,ineligible,
4a4d05751bf4,"[""DEP_acl:relcl_rate_baixo"", ""POS_CCONJ_rate_baixo"", ""POS_PRON_rate_baixo""]",DEP_acl:relcl_rate_baixo + POS_CCONJ_rate_baixo + POS_PRON_rate_baixo,"[""025492923ad1"", ""7d39591ec38f""]",025492923ad1,105,0.072916666666666671,False,1,"[""DEP_acl:relcl"", ""POS_PRON"", ""coordenacao""]",DEP_acl:relcl|POS_PRON|coordenacao,False,True,False,0,research_only,ineligible,
4b2964a8b51f,"[""DEP_aux:pass_rate_baixo"", ""DEP_ccomp_rate_baixo"", ""DEP_nsubj_rate_alto""]",DEP_aux:pass_rate_baixo + DEP_ccomp_rate_baixo + DEP_nsubj_rate_alto,"[""929ed71f3f0c""]",929ed71f3f0c,128,0.088888888888888892,True,0.57999999999999996,"[""DEP_ccomp"", ""DEP_nsubj"", ""auxiliares""]",DEP_ccomp|DEP_nsubj|auxiliares,False,True,False,0,research_only,ineligible,
4b2d514255ce,"[""DEP_cop_rate_baixo"", ""DEP_obj_rate_alto"", ""DEP_xcomp_rate_baixo""]",DEP_cop_rate_baixo + DEP_obj_rate_alto + DEP_xcomp_rate_baixo,"[""043a18b9ce47""]",043a18b9ce47,99,0.068750000000000006,False,0.88,"[""DEP_cop"", ""DEP_obj"", ""DEP_xcomp""]",DEP_cop|DEP_obj|DEP_xcomp,False,True,False,0,research_only,ineligible,
4b7e06499fd1,"[""DEP_acl_rate_baixo"", ""DEP_aux:pass_rate_baixo"", ""POS_ADV_rate_alto""]",DEP_acl_rate_baixo + DEP_aux:pass_rate_baixo + POS_ADV_rate_alto,"[""89834782f672""]",89834782f672,141,0.097916666666666666,False,0.70999999999999996,"[""DEP_acl"", ""auxiliares"", ""modificacao_adverbial""]",DEP_acl|auxiliares|modificacao_adverbial,False,True,False,0,research_only,ineligible,
4c47621fc586,"[""DEP_case_rate_baixo"", ""DEP_cc_rate_alto"", ""POS_ADP_rate_baixo""]",DEP_case_rate_baixo + DEP_cc_rate_alto + POS_ADP_rate_baixo,"[""482a70aec563"", ""f2704aa2ec36""]",f2704aa2ec36,113,0.078472222222222221,False,0.44,"[""coordenacao"", ""relacoes_preposicionais""]",coordenacao|relacoes_preposicionais,True,True,False,0,research_only,ineligible,
4c5e16052363,"[""DEP_advcl_rate_baixo"", ""DEP_nsubj:pass_rate_baixo"", ""DEP_obl_rate_baixo""]",DEP_advcl_rate_baixo + DEP_nsubj:pass_rate_baixo + DEP_obl_rate_baixo,"[""c2b03a4d69c1""]",c2b03a4d69c1,166,0.11527777777777778,True,0.73999999999999999,"[""DEP_advcl"", ""DEP_nsubj:pass"", ""DEP_obl""]",DEP_advcl|DEP_nsubj:pass|DEP_obl,False,True,False,0,research_only,ineligible,
4c890fb48084,"[""DEP_acl_rate_baixo"", ""DEP_aux:pass_rate_baixo"", ""DEP_case_rate_baixo""]",DEP_acl_rate_baixo + DEP_aux:pass_rate_baixo + DEP_case_rate_baixo,"[""8cdaa25ca81b""]",8cdaa25ca81b,135,0.09375,False,0.81000000000000005,"[""DEP_acl"", ""auxiliares"", ""relacoes_preposicionais""]",DEP_acl|auxiliares|relacoes_preposicionais,False,True,False,0,research_only,ineligible,
4d3cfc799b9c,"[""DEP_aux:pass_rate_baixo"", ""DEP_nummod_rate_baixo"", ""POS_ADV_rate_baixo""]",DEP_aux:pass_rate_baixo + DEP_nummod_rate_baixo + POS_ADV_rate_baixo,"[""3ea97652149f"", ""abdfb4bf60c1""]",3ea97652149f,171,0.11874999999999999,False,0.56999999999999995,"[""auxiliares"", ""modificacao_adverbial"", ""numerais""]",auxiliares|modificacao_adverbial|numerais,False,True,False,0,research_only,ineligible,
4d8531c5ebe0,"[""DEP_acl_rate_baixo"", ""DEP_nummod_rate_baixo"", ""POS_ADV_rate_alto""]",DEP_acl_rate_baixo + DEP_nummod_rate_baixo + POS_ADV_rate_alto,"[""9613ea6e8850"", ""d88d3a07b0a0""]",9613ea6e8850,115,0.079861111111111105,False,0.98999999999999999,"[""DEP_acl"", ""modificacao_adverbial"", ""numerais""]",DEP_acl|modificacao_adverbial|numerais,False,True,False,0,research_only,ineligible,
4d91ba6365df,"[""DEP_advcl_rate_alto"", ""DEP_nummod_rate_baixo"", ""POS_VERB_rate_alto""]",DEP_advcl_rate_alto + DEP_nummod_rate_baixo + POS_VERB_rate_alto,"[""d6a4c8d7adcd""]",d6a4c8d7adcd,117,0.081250000000000003,True,0.45000000000000001,"[""DEP_advcl"", ""POS_VERB"", ""numerais""]",DEP_advcl|POS_VERB|numerais,False,True,False,0,research_only,ineligible,
4d9f0076fa70,"[""DEP_advcl_rate_baixo"", ""DEP_nsubj:pass_rate_baixo"", ""uppercaseRatio_alto""]",DEP_advcl_rate_baixo + DEP_nsubj:pass_rate_baixo + uppercaseRatio_alto,"[""61e8881465df""]",61e8881465df,182,0.12638888888888888,True,0.54000000000000004,"[""DEP_advcl"", ""DEP_nsubj:pass"", ""uppercaseRatio""]",DEP_advcl|DEP_nsubj:pass|uppercaseRatio,False,True,False,0,research_only,ineligible,
4da1accedb36,"[""DEP_acl:relcl_rate_baixo"", ""DEP_nummod_rate_baixo"", ""POS_ADV_rate_alto""]",DEP_acl:relcl_rate_baixo + DEP_nummod_rate_baixo + POS_ADV_rate_alto,"[""7ded66fdb358""]",7ded66fdb358,125,0.086805555555555552,False,0.66000000000000003,"[""DEP_acl:relcl"", ""modificacao_adverbial"", ""numerais""]",DEP_acl:relcl|modificacao_adverbial|numerais,False,True,False,0,research_only,ineligible,
4df5823311e2,"[""DEP_cop_rate_alto"", ""POS_AUX_rate_alto"", ""POS_NUM_rate_baixo""]",DEP_cop_rate_alto + POS_AUX_rate_alto + POS_NUM_rate_baixo,"[""0187c9fa858e"", ""0cf41fd9bb57"", ""aaaa571911e1""]",aaaa571911e1,104,0.072222222222222215,False,0.68000000000000005,"[""DEP_cop"", ""auxiliares"", ""numerais""]",DEP_cop|auxiliares|numerais,False,True,False,0,research_only,ineligible,
4e2d6bbab69b,"[""DEP_aux:pass_rate_baixo"", ""DEP_case_rate_baixo"", ""uppercaseRatio_baixo""]",DEP_aux:pass_rate_baixo + DEP_case_rate_baixo + uppercaseRatio_baixo,"[""e1a701e4228d""]",e1a701e4228d,139,0.096527777777777782,True,0.63,"[""auxiliares"", ""relacoes_preposicionais"", ""uppercaseRatio""]",auxiliares|relacoes_preposicionais|uppercaseRatio,False,True,False,0,research_only,ineligible,
4e433b5698fc,"[""DEP_acl:relcl_rate_alto"", ""DEP_ccomp_rate_baixo"", ""POS_SCONJ_rate_baixo""]",DEP_acl:relcl_rate_alto + DEP_ccomp_rate_baixo + POS_SCONJ_rate_baixo,"[""42a7b100c984""]",42a7b100c984,103,0.071527777777777773,False,0.79000000000000004,"[""DEP_acl:relcl"", ""DEP_ccomp"", ""subordinacao""]",DEP_acl:relcl|DEP_ccomp|subordinacao,False,True,False,0,research_only,ineligible,
5053afb1f26c,"[""DEP_acl:relcl_rate_baixo"", ""DEP_aux:pass_rate_baixo"", ""POS_ADP_rate_baixo""]",DEP_acl:relcl_rate_baixo + DEP_aux:pass_rate_baixo + POS_ADP_rate_baixo,"[""971f27748922""]",971f27748922,138,0.09583333333333334,True,0.79000000000000004,"[""DEP_acl:relcl"", ""auxiliares"", ""relacoes_preposicionais""]",DEP_acl:relcl|auxiliares|relacoes_preposicionais,False,True,False,0,research_only,ineligible,
5070118c9c8a,"[""DEP_ccomp_rate_baixo"", ""DEP_cop_rate_baixo"", ""diversidade_baixo""]",DEP_ccomp_rate_baixo + DEP_cop_rate_baixo + diversidade_baixo,"[""adc707c80a69""]",adc707c80a69,138,0.09583333333333334,True,0.62,"[""DEP_ccomp"", ""DEP_cop"", ""diversidade""]",DEP_ccomp|DEP_cop|diversidade,False,True,False,0,research_only,ineligible,
50e8ad77c14a,"[""DEP_aux:pass_rate_alto"", ""DEP_nsubj:pass_rate_alto"", ""POS_PRON_rate_baixo""]",DEP_aux:pass_rate_alto + DEP_nsubj:pass_rate_alto + POS_PRON_rate_baixo,"[""52dcaf971a2b"", ""fbe893a00ec4""]",52dcaf971a2b,97,0.067361111111111108,False,0.80000000000000004,"[""DEP_nsubj:pass"", ""POS_PRON"", ""auxiliares""]",DEP_nsubj:pass|POS_PRON|auxiliares,False,True,False,0,research_only,ineligible,
518718d18eb5,"[""DEP_conj_rate_alto"", ""DEP_nsubj:pass_rate_baixo"", ""POS_SCONJ_rate_baixo""]",DEP_conj_rate_alto + DEP_nsubj:pass_rate_baixo + POS_SCONJ_rate_baixo,"[""7338946ab140""]",7338946ab140,112,0.077777777777777779,False,0.45000000000000001,"[""DEP_nsubj:pass"", ""coordenacao"", ""subordinacao""]",DEP_nsubj:pass|coordenacao|subordinacao,False,True,False,0,research_only,ineligible,
51d52397b784,"[""DEP_cc_rate_alto"", ""DEP_conj_rate_alto"", ""DEP_mark_rate_baixo""]",DEP_cc_rate_alto + DEP_conj_rate_alto + DEP_mark_rate_baixo,"[""a34e38b86e3a"", ""f8f359962d27""]",a34e38b86e3a,106,0.073611111111111113,False,0.56999999999999995,"[""coordenacao"", ""subordinacao""]",coordenacao|subordinacao,True,True,False,0,research_only,ineligible,
52baff3969cd,"[""DEP_acl:relcl_rate_baixo"", ""DEP_xcomp_rate_baixo"", ""POS_ADJ_rate_baixo""]",DEP_acl:relcl_rate_baixo + DEP_xcomp_rate_baixo + POS_ADJ_rate_baixo,"[""1fe299c3d329""]",1fe299c3d329,117,0.081250000000000003,False,0.73999999999999999,"[""DEP_acl:relcl"", ""DEP_xcomp"", ""adjetivacao""]",DEP_acl:relcl|DEP_xcomp|adjetivacao,False,True,False,0,research_only,ineligible,
532440aa098d,"[""DEP_case_rate_baixo"", ""DEP_mark_rate_alto"", ""DEP_nmod_rate_baixo""]",DEP_case_rate_baixo + DEP_mark_rate_alto + DEP_nmod_rate_baixo,"[""1f4539042e95"", ""a2781d320e14"", ""c565beeb8c22""]",1f4539042e95,115,0.079861111111111105,False,0.66000000000000003,"[""DEP_nmod"", ""relacoes_preposicionais"", ""subordinacao""]",DEP_nmod|relacoes_preposicionais|subordinacao,False,True,False,0,research_only,ineligible,
5331e2b91f21,"[""DEP_aux:pass_rate_baixo"", ""DEP_nummod_rate_baixo"", ""uppercaseRatio_alto""]",DEP_aux:pass_rate_baixo + DEP_nummod_rate_baixo + uppercaseRatio_alto,"[""c6ccaba86d34""]",c6ccaba86d34,162,0.1125,False,0.58999999999999997,"[""auxiliares"", ""numerais"", ""uppercaseRatio""]",auxiliares|numerais|uppercaseRatio,False,True,False,0,research_only,ineligible,
547d6e53b123,"[""DEP_acl:relcl_rate_baixo"", ""DEP_mark_rate_baixo"", ""DEP_nmod_rate_alto""]",DEP_acl:relcl_rate_baixo + DEP_mark_rate_baixo + DEP_nmod_rate_alto,"[""2b484a19e587""]",2b484a19e587,112,0.077777777777777779,False,0.69999999999999996,"[""DEP_acl:relcl"", ""DEP_nmod"", ""subordinacao""]",DEP_acl:relcl|DEP_nmod|subordinacao,False,True,False,0,research_only,ineligible,
54ba64f811e0,"[""DEP_aux:pass_rate_baixo"", ""DEP_cc_rate_alto"", ""POS_AUX_rate_baixo""]",DEP_aux:pass_rate_baixo + DEP_cc_rate_alto + POS_AUX_rate_baixo,"[""7d99cc6162c3""]",7d99cc6162c3,117,0.081250000000000003,True,0.34999999999999998,"[""auxiliares"", ""coordenacao""]",auxiliares|coordenacao,True,True,False,0,research_only,ineligible,
554ad5a002be,"[""DEP_appos_rate_alto"", ""DEP_cop_rate_baixo"", ""DEP_flat:name_rate_alto""]",DEP_appos_rate_alto + DEP_cop_rate_baixo + DEP_flat:name_rate_alto,"[""46db0da728d7"", ""790c528e57a0""]",46db0da728d7,116,0.080555555555555561,True,0.5,"[""DEP_appos"", ""DEP_cop"", ""DEP_flat:name""]",DEP_appos|DEP_cop|DEP_flat:name,False,True,False,0,research_only,ineligible,
55e91a3ad94c,"[""DEP_aux:pass_rate_baixo"", ""POS_ADP_rate_baixo"", ""POS_PRON_rate_alto""]",DEP_aux:pass_rate_baixo + POS_ADP_rate_baixo + POS_PRON_rate_alto,"[""d52ada880cf2""]",d52ada880cf2,114,0.079166666666666663,False,0.41999999999999998,"[""POS_PRON"", ""auxiliares"", ""relacoes_preposicionais""]",POS_PRON|auxiliares|relacoes_preposicionais,False,True,False,0,research_only,ineligible,
5633745fe31e,"[""DEP_amod_rate_alto"", ""DEP_nummod_rate_baixo""]",DEP_amod_rate_alto + DEP_nummod_rate_baixo,"[""329f0083bce4""]",329f0083bce4,231,0.16041666666666668,False,0.60999999999999999,"[""adjetivacao"", ""numerais""]",adjetivacao|numerais,False,True,False,0,research_only,ineligible,
568cd33e0fd2,"[""DEP_amod_rate_alto"", ""DEP_ccomp_rate_baixo"", ""DEP_mark_rate_baixo""]",DEP_amod_rate_alto + DEP_ccomp_rate_baixo + DEP_mark_rate_baixo,"[""1bccb48427ee""]",1bccb48427ee,96,0.066666666666666666,False,0.40999999999999998,"[""DEP_ccomp"", ""adjetivacao"", ""subordinacao""]",DEP_ccomp|adjetivacao|subordinacao,False,True,False,0,research_only,ineligible,
5691847162cd,"[""DEP_acl_rate_baixo"", ""DEP_nsubj:pass_rate_baixo"", ""punctuationDensity_spacy_alto""]",DEP_acl_rate_baixo + DEP_nsubj:pass_rate_baixo + punctuationDensity_spacy_alto,"[""88e5fd62854a""]",88e5fd62854a,159,0.11041666666666666,True,0.54000000000000004,"[""DEP_acl"", ""DEP_nsubj:pass"", ""punctuationDensity_spacy""]",DEP_acl|DEP_nsubj:pass|punctuationDensity_spacy,False,True,False,0,research_only,ineligible,
56c0038005c3,"[""DEP_xcomp_rate_baixo"", ""POS_SCONJ_rate_baixo"", ""uppercaseRatio_baixo""]",DEP_xcomp_rate_baixo + POS_SCONJ_rate_baixo + uppercaseRatio_baixo,"[""5794e8aed680""]",5794e8aed680,111,0.077083333333333337,False,0.95999999999999996,"[""DEP_xcomp"", ""subordinacao"", ""uppercaseRatio""]",DEP_xcomp|subordinacao|uppercaseRatio,False,True,False,0,research_only,ineligible,
56cf02c09699,"[""DEP_cc_rate_alto"", ""DEP_nmod_rate_baixo"", ""POS_CCONJ_rate_alto""]",DEP_cc_rate_alto + DEP_nmod_rate_baixo + POS_CCONJ_rate_alto,"[""2d8b05a03446"", ""76129b1bb56e""]",76129b1bb56e,116,0.080555555555555561,True,0.40999999999999998,"[""DEP_nmod"", ""coordenacao""]",DEP_nmod|coordenacao,True,True,False,0,research_only,ineligible,
575ce0385139,"[""DEP_advcl_rate_baixo"", ""DEP_advmod_rate_baixo"", ""POS_PROPN_rate_alto""]",DEP_advcl_rate_baixo + DEP_advmod_rate_baixo + POS_PROPN_rate_alto,"[""b5d3857df26e""]",b5d3857df26e,122,0.084722222222222227,True,0.69999999999999996,"[""DEP_advcl"", ""POS_PROPN"", ""modificacao_adverbial""]",DEP_advcl|POS_PROPN|modificacao_adverbial,False,False,False,0,research_only,ineligible,
575e6ee75a53,"[""DEP_advcl_rate_baixo"", ""DEP_nsubj:pass_rate_baixo"", ""POS_DET_rate_baixo""]",DEP_advcl_rate_baixo + DEP_nsubj:pass_rate_baixo + POS_DET_rate_baixo,"[""cb85cf9f793c""]",cb85cf9f793c,139,0.096527777777777782,False,0.56000000000000005,"[""DEP_advcl"", ""DEP_nsubj:pass"", ""determinacao""]",DEP_advcl|DEP_nsubj:pass|determinacao,False,True,False,0,research_only,ineligible,
577f4f71e3ee,"[""DEP_advmod_rate_baixo"", ""DEP_conj_rate_baixo"", ""POS_ADV_rate_baixo""]",DEP_advmod_rate_baixo + DEP_conj_rate_baixo + POS_ADV_rate_baixo,"[""67fedf1226bf"", ""e443a5b12fab""]",e443a5b12fab,125,0.086805555555555552,True,0.67000000000000004,"[""coordenacao"", ""modificacao_adverbial""]",coordenacao|modificacao_adverbial,True,True,False,0,research_only,ineligible,
5786c06f4efc,"[""DEP_ccomp_rate_baixo"", ""DEP_nmod_rate_alto"", ""POS_ADV_rate_baixo""]",DEP_ccomp_rate_baixo + DEP_nmod_rate_alto + POS_ADV_rate_baixo,"[""2587facb051f""]",2587facb051f,117,0.081250000000000003,True,0.66000000000000003,"[""DEP_ccomp"", ""DEP_nmod"", ""modificacao_adverbial""]",DEP_ccomp|DEP_nmod|modificacao_adverbial,False,True,False,0,research_only,ineligible,
57d712d8fd8d,"[""DEP_acl:relcl_rate_baixo"", ""DEP_acl_rate_baixo"", ""POS_AUX_rate_alto""]",DEP_acl:relcl_rate_baixo + DEP_acl_rate_baixo + POS_AUX_rate_alto,"[""fb81216ae563""]",fb81216ae563,116,0.080555555555555561,True,0.68999999999999995,"[""DEP_acl"", ""DEP_acl:relcl"", ""auxiliares""]",DEP_acl|DEP_acl:relcl|auxiliares,False,True,False,0,research_only,ineligible,
57f7e64a2d00,"[""DEP_cop_rate_baixo"", ""DEP_nummod_rate_baixo"", ""diversidade_alto""]",DEP_cop_rate_baixo + DEP_nummod_rate_baixo + diversidade_alto,"[""39d286faebd4""]",39d286faebd4,123,0.085416666666666669,False,0.69999999999999996,"[""DEP_cop"", ""diversidade"", ""numerais""]",DEP_cop|diversidade|numerais,False,True,False,0,research_only,ineligible,
583f8b179092,"[""DEP_ccomp_rate_baixo"", ""DEP_xcomp_rate_baixo"", ""punctuationDensity_spacy_alto""]",DEP_ccomp_rate_baixo + DEP_xcomp_rate_baixo + punctuationDensity_spacy_alto,"[""b0d1651c6b43"", ""fb6d560d44e3""]",fb6d560d44e3,93,0.06458333333333334,False,1,"[""DEP_ccomp"", ""DEP_xcomp"", ""punctuationDensity_spacy""]",DEP_ccomp|DEP_xcomp|punctuationDensity_spacy,False,True,False,0,research_only,ineligible,
5856888e3771,"[""DEP_acl_rate_baixo"", ""DEP_ccomp_rate_baixo"", ""DEP_nsubj:pass_rate_alto""]",DEP_acl_rate_baixo + DEP_ccomp_rate_baixo + DEP_nsubj:pass_rate_alto,"[""495c71182c5f"", ""b105c3c950b4""]",b105c3c950b4,117,0.081250000000000003,True,0.66000000000000003,"[""DEP_acl"", ""DEP_ccomp"", ""DEP_nsubj:pass""]",DEP_acl|DEP_ccomp|DEP_nsubj:pass,False,True,False,0,research_only,ineligible,
588ce2aed9f7,"[""DEP_cop_rate_baixo"", ""POS_ADV_rate_baixo"", ""POS_PRON_rate_baixo""]",DEP_cop_rate_baixo + POS_ADV_rate_baixo + POS_PRON_rate_baixo,"[""c3a371cf9deb""]",c3a371cf9deb,115,0.079861111111111105,False,0.59999999999999998,"[""DEP_cop"", ""POS_PRON"", ""modificacao_adverbial""]",DEP_cop|POS_PRON|modificacao_adverbial,False,True,False,0,research_only,ineligible,
593b277a632a,"[""DEP_aux:pass_rate_baixo"", ""POS_CCONJ_rate_alto""]",DEP_aux:pass_rate_baixo + POS_CCONJ_rate_alto,"[""13c403d8695d""]",13c403d8695d,259,0.17986111111111111,False,0.70999999999999996,"[""auxiliares"", ""coordenacao""]",auxiliares|coordenacao,False,True,False,0,research_only,ineligible,
597bb4175343,"[""DEP_advmod_rate_baixo"", ""DEP_cc_rate_alto"", ""POS_ADV_rate_baixo""]",DEP_advmod_rate_baixo + DEP_cc_rate_alto + POS_ADV_rate_baixo,"[""5bd8529f21bb"", ""bbab1ca070d0""]",bbab1ca070d0,105,0.072916666666666671,False,0.5,"[""coordenacao"", ""modificacao_adverbial""]",coordenacao|modificacao_adverbial,True,True,False,0,research_only,ineligible,
59e815a8e4f0,"[""DEP_advmod_rate_baixo"", ""DEP_nsubj:pass_rate_baixo"", ""POS_NUM_rate_baixo""]",DEP_advmod_rate_baixo + DEP_nsubj:pass_rate_baixo + POS_NUM_rate_baixo,"[""71cd6390f926""]",71cd6390f926,148,0.10277777777777777,False,0.56999999999999995,"[""DEP_nsubj:pass"", ""modificacao_adverbial"", ""numerais""]",DEP_nsubj:pass|modificacao_adverbial|numerais,False,True,False,0,research_only,ineligible,
5a6a7c6ba446,"[""DEP_ccomp_rate_baixo"", ""DEP_det_rate_alto"", ""DEP_nsubj:pass_rate_baixo""]",DEP_ccomp_rate_baixo + DEP_det_rate_alto + DEP_nsubj:pass_rate_baixo,"[""cfba1280ba75""]",cfba1280ba75,191,0.13263888888888889,True,0.71999999999999997,"[""DEP_ccomp"", ""DEP_nsubj:pass"", ""determinacao""]",DEP_ccomp|DEP_nsubj:pass|determinacao,False,True,False,0,research_only,ineligible,
5a9e1e41243b,"[""DEP_acl:relcl_rate_baixo"", ""DEP_xcomp_rate_baixo"", ""POS_ADJ_rate_alto""]",DEP_acl:relcl_rate_baixo + DEP_xcomp_rate_baixo + POS_ADJ_rate_alto,"[""db79666c16bc""]",db79666c16bc,104,0.072222222222222215,False,0.65000000000000002,"[""DEP_acl:relcl"", ""DEP_xcomp"", ""adjetivacao""]",DEP_acl:relcl|DEP_xcomp|adjetivacao,False,True,False,0,research_only,ineligible,
5acbd6a1bc58,"[""DEP_ccomp_rate_baixo"", ""DEP_flat:name_rate_alto"", ""POS_VERB_rate_baixo""]",DEP_ccomp_rate_baixo + DEP_flat:name_rate_alto + POS_VERB_rate_baixo,"[""51b0cfad1bf2"", ""618e283248c5""]",618e283248c5,108,0.074999999999999997,False,0.85999999999999999,"[""DEP_ccomp"", ""DEP_flat:name"", ""POS_VERB""]",DEP_ccomp|DEP_flat:name|POS_VERB,False,True,False,0,research_only,ineligible,
5b02387eaa39,"[""DEP_cc_rate_baixo"", ""DEP_ccomp_rate_baixo"", ""DEP_cop_rate_baixo""]",DEP_cc_rate_baixo + DEP_ccomp_rate_baixo + DEP_cop_rate_baixo,"[""bd10b73e49ad""]",bd10b73e49ad,152,0.10555555555555556,False,0.58999999999999997,"[""DEP_ccomp"", ""DEP_cop"", ""coordenacao""]",DEP_ccomp|DEP_cop|coordenacao,False,True,False,0,research_only,ineligible,
5b0958cd2299,"[""DEP_acl_rate_alto"", ""DEP_ccomp_rate_baixo""]",DEP_acl_rate_alto + DEP_ccomp_rate_baixo,"[""1aa1498010d0""]",1aa1498010d0,224,0.15555555555555556,False,0.58999999999999997,"[""DEP_acl"", ""DEP_ccomp""]",DEP_acl|DEP_ccomp,False,True,False,0,research_only,ineligible,
5bdf011acab0,"[""DEP_nmod_rate_baixo"", ""DEP_nsubj:pass_rate_baixo"", ""uppercaseRatio_baixo""]",DEP_nmod_rate_baixo + DEP_nsubj:pass_rate_baixo + uppercaseRatio_baixo,"[""5aeb41ab823f""]",5aeb41ab823f,142,0.098611111111111108,False,0.75,"[""DEP_nmod"", ""DEP_nsubj:pass"", ""uppercaseRatio""]",DEP_nmod|DEP_nsubj:pass|uppercaseRatio,False,True,False,0,research_only,ineligible,
5c9d404df076,"[""DEP_advcl_rate_baixo"", ""DEP_xcomp_rate_baixo"", ""POS_ADJ_rate_baixo""]",DEP_advcl_rate_baixo + DEP_xcomp_rate_baixo + POS_ADJ_rate_baixo,"[""29168f5b074a""]",29168f5b074a,119,0.082638888888888887,True,0.67000000000000004,"[""DEP_advcl"", ""DEP_xcomp"", ""adjetivacao""]",DEP_advcl|DEP_xcomp|adjetivacao,False,True,False,0,research_only,ineligible,
5d1a3a10127a,"[""DEP_det_rate_alto"", ""DEP_nummod_rate_baixo"", ""DEP_xcomp_rate_baixo""]",DEP_det_rate_alto + DEP_nummod_rate_baixo + DEP_xcomp_rate_baixo,"[""4416d7a9659c""]",4416d7a9659c,110,0.076388888888888895,False,0.80000000000000004,"[""DEP_xcomp"", ""determinacao"", ""numerais""]",DEP_xcomp|determinacao|numerais,False,True,False,0,research_only,ineligible,
5d27dd5473aa,"[""DEP_acl:relcl_rate_baixo"", ""DEP_ccomp_rate_baixo"", ""diversidade_baixo""]",DEP_acl:relcl_rate_baixo + DEP_ccomp_rate_baixo + diversidade_baixo,"[""8d356a87cd25""]",8d356a87cd25,133,0.092361111111111116,False,0.68000000000000005,"[""DEP_acl:relcl"", ""DEP_ccomp"", ""diversidade""]",DEP_acl:relcl|DEP_ccomp|diversidade,False,True,False,0,research_only,ineligible,
5d494d670bd5,"[""DEP_acl_rate_baixo"", ""POS_ADV_rate_alto""]",DEP_acl_rate_baixo + POS_ADV_rate_alto,"[""a8be3eeedfa3""]",a8be3eeedfa3,190,0.13194444444444445,False,0.53000000000000003,"[""DEP_acl"", ""modificacao_adverbial""]",DEP_acl|modificacao_adverbial,False,True,False,0,research_only,ineligible,
5e69b7e4f700,"[""DEP_acl:relcl_rate_baixo"", ""DEP_acl_rate_alto"", ""DEP_aux:pass_rate_baixo""]",DEP_acl:relcl_rate_baixo + DEP_acl_rate_alto + DEP_aux:pass_rate_baixo,"[""4577e7c4bcca""]",4577e7c4bcca,184,0.12777777777777777,True,0.72999999999999998,"[""DEP_acl"", ""DEP_acl:relcl"", ""auxiliares""]",DEP_acl|DEP_acl:relcl|auxiliares,False,True,False,0,research_only,ineligible,
60ac543af018,"[""DEP_cop_rate_baixo"", ""DEP_nsubj:pass_rate_baixo"", ""punctuationDensity_spacy_baixo""]",DEP_cop_rate_baixo + DEP_nsubj:pass_rate_baixo + punctuationDensity_spacy_baixo,"[""0760cbd585f2""]",0760cbd585f2,153,0.10625,True,0.62,"[""DEP_cop"", ""DEP_nsubj:pass"", ""punctuationDensity_spacy""]",DEP_cop|DEP_nsubj:pass|punctuationDensity_spacy,False,True,False,0,research_only,ineligible,
624c418f9284,"[""DEP_ccomp_rate_baixo"", ""POS_NOUN_rate_alto"", ""POS_PROPN_rate_baixo""]",DEP_ccomp_rate_baixo + POS_NOUN_rate_alto + POS_PROPN_rate_baixo,"[""26c62dc99ff3"", ""5c39aadcf927"", ""f41c8a789ada""]",f41c8a789ada,104,0.072222222222222215,False,1,"[""DEP_ccomp"", ""POS_NOUN"", ""POS_PROPN""]",DEP_ccomp|POS_NOUN|POS_PROPN,False,False,False,0,research_only,ineligible,
62582aac6fa4,"[""DEP_acl:relcl_rate_baixo"", ""DEP_nummod_rate_baixo"", ""POS_VERB_rate_baixo""]",DEP_acl:relcl_rate_baixo + DEP_nummod_rate_baixo + POS_VERB_rate_baixo,"[""198d26217fc7""]",198d26217fc7,113,0.078472222222222221,False,0.96999999999999997,"[""DEP_acl:relcl"", ""POS_VERB"", ""numerais""]",DEP_acl:relcl|POS_VERB|numerais,False,True,False,0,research_only,ineligible,
6292918f26a5,"[""DEP_aux:pass_rate_baixo"", ""DEP_ccomp_rate_baixo"", ""punctuationDensity_spacy_alto""]",DEP_aux:pass_rate_baixo + DEP_ccomp_rate_baixo + punctuationDensity_spacy_alto,"[""7cfe6aab2a25""]",7cfe6aab2a25,154,0.10694444444444444,True,0.75,"[""DEP_ccomp"", ""auxiliares"", ""punctuationDensity_spacy""]",DEP_ccomp|auxiliares|punctuationDensity_spacy,False,True,False,0,research_only,ineligible,
63af8df0cdf8,"[""DEP_nsubj:pass_rate_baixo"", ""POS_NOUN_rate_alto"", ""POS_PROPN_rate_baixo""]",DEP_nsubj:pass_rate_baixo + POS_NOUN_rate_alto + POS_PROPN_rate_baixo,"[""6392fc6be8ee"", ""8e411d1b127a""]",6392fc6be8ee,121,0.084027777777777785,False,0.93000000000000005,"[""DEP_nsubj:pass"", ""POS_NOUN"", ""POS_PROPN""]",DEP_nsubj:pass|POS_NOUN|POS_PROPN,False,True,False,0,research_only,ineligible,
6447abc74673,"[""DEP_case_rate_baixo"", ""DEP_cop_rate_baixo"", ""DEP_nsubj:pass_rate_baixo""]",DEP_case_rate_baixo + DEP_cop_rate_baixo + DEP_nsubj:pass_rate_baixo,"[""17a62198358a""]",17a62198358a,137,0.095138888888888884,True,0.55000000000000004,"[""DEP_cop"", ""DEP_nsubj:pass"", ""relacoes_preposicionais""]",DEP_cop|DEP_nsubj:pass|relacoes_preposicionais,False,True,False,0,research_only,ineligible,
64d80ec40b72,"[""DEP_cop_rate_baixo"", ""DEP_det_rate_baixo"", ""DEP_xcomp_rate_baixo""]",DEP_cop_rate_baixo + DEP_det_rate_baixo + DEP_xcomp_rate_baixo,"[""437807cd2fb0"", ""72c8521ba13a""]",437807cd2fb0,108,0.074999999999999997,False,0.93000000000000005,"[""DEP_cop"", ""DEP_xcomp"", ""determinacao""]",DEP_cop|DEP_xcomp|determinacao,False,True,False,0,research_only,ineligible,
6547cf7b5dc6,"[""DEP_advmod_rate_alto"", ""POS_ADV_rate_alto"", ""POS_NOUN_rate_baixo""]",DEP_advmod_rate_alto + POS_ADV_rate_alto + POS_NOUN_rate_baixo,"[""5dbe05269112"", ""b8e3def79042""]",5dbe05269112,104,0.072222222222222215,False,0.63,"[""POS_NOUN"", ""modificacao_adverbial""]",POS_NOUN|modificacao_adverbial,True,False,False,0,research_only,ineligible,
65601eadbb58,"[""DEP_ccomp_rate_baixo"", ""DEP_cop_rate_baixo""]",DEP_ccomp_rate_baixo + DEP_cop_rate_baixo,"[""24aa4f85e6b9"", ""9f418b350964""]",24aa4f85e6b9,507,0.35208333333333336,True,0.77000000000000002,"[""DEP_ccomp"", ""DEP_cop""]",DEP_ccomp|DEP_cop,False,True,False,0,research_only,ineligible,
661c810596b6,"[""DEP_cop_rate_baixo"", ""DEP_nmod_rate_alto"", ""POS_PRON_rate_baixo""]",DEP_cop_rate_baixo + DEP_nmod_rate_alto + POS_PRON_rate_baixo,"[""1cbb4159e565""]",1cbb4159e565,107,0.074305555555555555,False,0.70999999999999996,"[""DEP_cop"", ""DEP_nmod"", ""POS_PRON""]",DEP_cop|DEP_nmod|POS_PRON,False,True,False,0,research_only,ineligible,
663ee4c92b54,"[""DEP_mark_rate_alto"", ""POS_CCONJ_rate_baixo"", ""POS_SCONJ_rate_alto""]",DEP_mark_rate_alto + POS_CCONJ_rate_baixo + POS_SCONJ_rate_alto,"[""8476e0b38ad3"", ""a30954611f58""]",8476e0b38ad3,100,0.069444444444444448,False,0.68999999999999995,"[""coordenacao"", ""subordinacao""]",coordenacao|subordinacao,True,True,False,0,research_only,ineligible,
669e662a646e,"[""DEP_cc_rate_alto"", ""DEP_ccomp_rate_baixo"", ""uppercaseRatio_baixo""]",DEP_cc_rate_alto + DEP_ccomp_rate_baixo + uppercaseRatio_baixo,"[""c29bc69fa6e0""]",c29bc69fa6e0,128,0.088888888888888892,True,0.62,"[""DEP_ccomp"", ""coordenacao"", ""uppercaseRatio""]",DEP_ccomp|coordenacao|uppercaseRatio,False,True,False,0,research_only,ineligible,
66a7c14ecd8d,"[""DEP_acl:relcl_rate_baixo"", ""DEP_cop_rate_baixo"", ""DEP_nummod_rate_baixo""]",DEP_acl:relcl_rate_baixo + DEP_cop_rate_baixo + DEP_nummod_rate_baixo,"[""471795f9bf19""]",471795f9bf19,280,0.19444444444444445,False,0.64000000000000001,"[""DEP_acl:relcl"", ""DEP_cop"", ""numerais""]",DEP_acl:relcl|DEP_cop|numerais,False,True,False,0,research_only,ineligible,
66db6d1ab769,"[""DEP_acl_rate_baixo"", ""DEP_ccomp_rate_baixo"", ""DEP_cop_rate_alto""]",DEP_acl_rate_baixo + DEP_ccomp_rate_baixo + DEP_cop_rate_alto,"[""68fd63793d9e""]",68fd63793d9e,92,0.063888888888888884,False,0.54000000000000004,"[""DEP_acl"", ""DEP_ccomp"", ""DEP_cop""]",DEP_acl|DEP_ccomp|DEP_cop,False,True,False,0,research_only,ineligible,
66dcb727ad5f,"[""DEP_advcl_rate_baixo"", ""DEP_det_rate_baixo"", ""DEP_xcomp_rate_baixo""]",DEP_advcl_rate_baixo + DEP_det_rate_baixo + DEP_xcomp_rate_baixo,"[""4c461c4793a8"", ""7ab82add095b""]",4c461c4793a8,104,0.072222222222222215,False,0.85999999999999999,"[""DEP_advcl"", ""DEP_xcomp"", ""determinacao""]",DEP_advcl|DEP_xcomp|determinacao,False,True,False,0,research_only,ineligible,
6704c9465e8c,"[""DEP_advcl_rate_baixo"", ""DEP_cc_rate_alto"", ""DEP_nummod_rate_baixo""]",DEP_advcl_rate_baixo + DEP_cc_rate_alto + DEP_nummod_rate_baixo,"[""5836bc2ac37f""]",5836bc2ac37f,155,0.1076388888888889,False,0.58999999999999997,"[""DEP_advcl"", ""coordenacao"", ""numerais""]",DEP_advcl|coordenacao|numerais,False,True,False,0,research_only,ineligible,
672581db85e8,"[""DEP_acl:relcl_rate_alto"", ""DEP_acl_rate_baixo"", ""DEP_ccomp_rate_baixo""]",DEP_acl:relcl_rate_alto + DEP_acl_rate_baixo + DEP_ccomp_rate_baixo,"[""32ef68be960f""]",32ef68be960f,139,0.096527777777777782,True,0.63,"[""DEP_acl"", ""DEP_acl:relcl"", ""DEP_ccomp""]",DEP_acl|DEP_acl:relcl|DEP_ccomp,False,True,False,0,research_only,ineligible,
684d60cab60c,"[""DEP_ccomp_rate_baixo"", ""DEP_conj_rate_alto"", ""DEP_mark_rate_baixo""]",DEP_ccomp_rate_baixo + DEP_conj_rate_alto + DEP_mark_rate_baixo,"[""0c9173813676"", ""991be8bde565""]",991be8bde565,115,0.079861111111111105,False,1,"[""DEP_ccomp"", ""coordenacao"", ""subordinacao""]",DEP_ccomp|coordenacao|subordinacao,False,True,False,0,research_only,ineligible,
6916abf8f019,"[""DEP_aux:pass_rate_alto"", ""DEP_ccomp_rate_baixo"", ""DEP_xcomp_rate_baixo""]",DEP_aux:pass_rate_alto + DEP_ccomp_rate_baixo + DEP_xcomp_rate_baixo,"[""5f5103dba020"", ""a3bb08a00213""]",a3bb08a00213,101,0.07013888888888889,False,0.97999999999999998,"[""DEP_ccomp"", ""DEP_xcomp"", ""auxiliares""]",DEP_ccomp|DEP_xcomp|auxiliares,False,True,False,0,research_only,ineligible,
693361f90ed1,"[""DEP_cc_rate_alto"", ""POS_ADP_rate_baixo"", ""POS_CCONJ_rate_alto""]",DEP_cc_rate_alto + POS_ADP_rate_baixo + POS_CCONJ_rate_alto,"[""195d5e7fd927"", ""8d9850ac2bd5""]",195d5e7fd927,109,0.075694444444444439,False,0.79000000000000004,"[""coordenacao"", ""relacoes_preposicionais""]",coordenacao|relacoes_preposicionais,True,True,False,0,research_only,ineligible,
6951065b5105,"[""DEP_case_rate_alto"", ""POS_ADP_rate_alto"", ""punctuationDensity_spacy_baixo""]",DEP_case_rate_alto + POS_ADP_rate_alto + punctuationDensity_spacy_baixo,"[""155425d11313"", ""b057683db90b""]",155425d11313,106,0.073611111111111113,False,0.67000000000000004,"[""punctuationDensity_spacy"", ""relacoes_preposicionais""]",punctuationDensity_spacy|relacoes_preposicionais,True,True,False,0,research_only,ineligible,
6996de6ad642,"[""POS_ADP_rate_baixo"", ""POS_VERB_rate_alto""]",POS_ADP_rate_baixo + POS_VERB_rate_alto,"[""170de39824d2""]",170de39824d2,190,0.13194444444444445,True,0.66000000000000003,"[""POS_VERB"", ""relacoes_preposicionais""]",POS_VERB|relacoes_preposicionais,False,True,False,0,research_only,ineligible,
69aab066d252,"[""DEP_acl_rate_baixo"", ""DEP_amod_rate_baixo""]",DEP_acl_rate_baixo + DEP_amod_rate_baixo,"[""1e87e5255ee9""]",1e87e5255ee9,207,0.14374999999999999,False,0.80000000000000004,"[""DEP_acl"", ""adjetivacao""]",DEP_acl|adjetivacao,False,True,False,0,research_only,ineligible,
6b3067e7979a,"[""DEP_nsubj:pass_rate_baixo"", ""DEP_xcomp_rate_baixo"", ""punctuationDensity_spacy_alto""]",DEP_nsubj:pass_rate_baixo + DEP_xcomp_rate_baixo + punctuationDensity_spacy_alto,"[""100afe9a73cf""]",100afe9a73cf,134,0.093055555555555558,True,0.64000000000000001,"[""DEP_nsubj:pass"", ""DEP_xcomp"", ""punctuationDensity_spacy""]",DEP_nsubj:pass|DEP_xcomp|punctuationDensity_spacy,False,True,False,0,research_only,ineligible,
6b9a5acc3dfd,"[""DEP_det_rate_baixo"", ""POS_DET_rate_baixo"", ""uppercaseRatio_baixo""]",DEP_det_rate_baixo + POS_DET_rate_baixo + uppercaseRatio_baixo,"[""5fa084095267"", ""c6737c0d0e97""]",c6737c0d0e97,114,0.079166666666666663,False,0.98999999999999999,"[""determinacao"", ""uppercaseRatio""]",determinacao|uppercaseRatio,True,True,False,0,research_only,ineligible,
6c1fbc4d4856,"[""DEP_ccomp_rate_baixo"", ""POS_ADP_rate_alto"", ""POS_DET_rate_baixo""]",DEP_ccomp_rate_baixo + POS_ADP_rate_alto + POS_DET_rate_baixo,"[""3a73e5e0fef6"", ""c3de739989d2""]",3a73e5e0fef6,115,0.079861111111111105,False,0.82999999999999996,"[""DEP_ccomp"", ""determinacao"", ""relacoes_preposicionais""]",DEP_ccomp|determinacao|relacoes_preposicionais,False,True,False,0,research_only,ineligible,
6cf1ac7c180f,"[""DEP_aux:pass_rate_alto"", ""DEP_mark_rate_baixo"", ""POS_SCONJ_rate_baixo""]",DEP_aux:pass_rate_alto + DEP_mark_rate_baixo + POS_SCONJ_rate_baixo,"[""835d602d8b3d"", ""a334629a3f1f""]",835d602d8b3d,92,0.063888888888888884,False,0.90000000000000002,"[""auxiliares"", ""subordinacao""]",auxiliares|subordinacao,True,True,False,0,research_only,ineligible,
6dcd14ada34d,"[""DEP_aux:pass_rate_baixo"", ""DEP_xcomp_rate_baixo"", ""POS_CCONJ_rate_alto""]",DEP_aux:pass_rate_baixo + DEP_xcomp_rate_baixo + POS_CCONJ_rate_alto,"[""3ccdc0d8babe""]",3ccdc0d8babe,122,0.084722222222222227,False,0.66000000000000003,"[""DEP_xcomp"", ""auxiliares"", ""coordenacao""]",DEP_xcomp|auxiliares|coordenacao,False,True,False,0,research_only,ineligible,
6e2eac25749f,"[""DEP_mark_rate_alto"", ""DEP_nsubj:pass_rate_baixo"", ""DEP_nsubj_rate_alto""]",DEP_mark_rate_alto + DEP_nsubj:pass_rate_baixo + DEP_nsubj_rate_alto,"[""4704a700c6d8""]",4704a700c6d8,135,0.09375,True,0.57999999999999996,"[""DEP_nsubj"", ""DEP_nsubj:pass"", ""subordinacao""]",DEP_nsubj|DEP_nsubj:pass|subordinacao,False,True,False,0,research_only,ineligible,
6e48386bb063,"[""DEP_nmod_rate_baixo"", ""uppercaseRatio_baixo""]",DEP_nmod_rate_baixo + uppercaseRatio_baixo,"[""9fbb776f8a7c""]",9fbb776f8a7c,181,0.12569444444444444,False,0.54000000000000004,"[""DEP_nmod"", ""uppercaseRatio""]",DEP_nmod|uppercaseRatio,False,True,False,0,research_only,ineligible,
6ee693684fca,"[""DEP_cop_rate_baixo"", ""DEP_det_rate_baixo"", ""POS_ADP_rate_alto""]",DEP_cop_rate_baixo + DEP_det_rate_baixo + POS_ADP_rate_alto,"[""2d2437b19e10"", ""74a030864a38""]",2d2437b19e10,92,0.063888888888888884,False,0.70999999999999996,"[""DEP_cop"", ""determinacao"", ""relacoes_preposicionais""]",DEP_cop|determinacao|relacoes_preposicionais,False,True,False,0,research_only,ineligible,
6f72ed867773,"[""DEP_amod_rate_alto"", ""DEP_ccomp_rate_baixo"", ""POS_SCONJ_rate_baixo""]",DEP_amod_rate_alto + DEP_ccomp_rate_baixo + POS_SCONJ_rate_baixo,"[""2c359a427d80""]",2c359a427d80,98,0.06805555555555555,False,0.40000000000000002,"[""DEP_ccomp"", ""adjetivacao"", ""subordinacao""]",DEP_ccomp|adjetivacao|subordinacao,False,True,False,0,research_only,ineligible,
702169d5a432,"[""DEP_aux:pass_rate_baixo"", ""DEP_ccomp_rate_baixo"", ""DEP_flat:name_rate_alto""]",DEP_aux:pass_rate_baixo + DEP_ccomp_rate_baixo + DEP_flat:name_rate_alto,"[""0b47cb42ebaa""]",0b47cb42ebaa,155,0.1076388888888889,False,0.91000000000000003,"[""DEP_ccomp"", ""DEP_flat:name"", ""auxiliares""]",DEP_ccomp|DEP_flat:name|auxiliares,False,True,False,0,research_only,ineligible,
70cd6c0d29bc,"[""DEP_aux:pass_rate_baixo"", ""DEP_nummod_rate_baixo"", ""diversidade_baixo""]",DEP_aux:pass_rate_baixo + DEP_nummod_rate_baixo + diversidade_baixo,"[""dca263e2d649""]",dca263e2d649,148,0.10277777777777777,False,0.5,"[""auxiliares"", ""diversidade"", ""numerais""]",auxiliares|diversidade|numerais,False,True,False,0,research_only,ineligible,
70fe793e7904,"[""DEP_nsubj:pass_rate_baixo"", ""POS_NOUN_rate_alto"", ""POS_NUM_rate_baixo""]",DEP_nsubj:pass_rate_baixo + POS_NOUN_rate_alto + POS_NUM_rate_baixo,"[""888cb1cd0f80""]",888cb1cd0f80,105,0.072916666666666671,False,0.64000000000000001,"[""DEP_nsubj:pass"", ""POS_NOUN"", ""numerais""]",DEP_nsubj:pass|POS_NOUN|numerais,False,True,False,0,research_only,ineligible,
716fa36b3452,"[""DEP_acl:relcl_rate_baixo"", ""DEP_advcl_rate_baixo"", ""POS_ADV_rate_baixo""]",DEP_acl:relcl_rate_baixo + DEP_advcl_rate_baixo + POS_ADV_rate_baixo,"[""e41ab6ba84f2""]",e41ab6ba84f2,169,0.11736111111111111,True,0.68000000000000005,"[""DEP_acl:relcl"", ""DEP_advcl"", ""modificacao_adverbial""]",DEP_acl:relcl|DEP_advcl|modificacao_adverbial,False,True,False,0,research_only,ineligible,
718baec909fd,"[""DEP_appos_rate_alto"", ""DEP_ccomp_rate_baixo"", ""DEP_nsubj:pass_rate_baixo""]",DEP_appos_rate_alto + DEP_ccomp_rate_baixo + DEP_nsubj:pass_rate_baixo,"[""7ff2d0fc2237""]",7ff2d0fc2237,178,0.12361111111111112,False,0.48999999999999999,"[""DEP_appos"", ""DEP_ccomp"", ""DEP_nsubj:pass""]",DEP_appos|DEP_ccomp|DEP_nsubj:pass,False,True,False,0,research_only,ineligible,
72023e708aeb,"[""DEP_advcl_rate_alto"", ""DEP_nummod_rate_baixo"", ""uppercaseRatio_baixo""]",DEP_advcl_rate_alto + DEP_nummod_rate_baixo + uppercaseRatio_baixo,"[""15d1cd9b6f43""]",15d1cd9b6f43,108,0.074999999999999997,False,0.58999999999999997,"[""DEP_advcl"", ""numerais"", ""uppercaseRatio""]",DEP_advcl|numerais|uppercaseRatio,False,True,False,0,research_only,ineligible,
725144fc5bb1,"[""DEP_cop_rate_baixo"", ""DEP_nsubj:pass_rate_baixo"", ""POS_NUM_rate_alto""]",DEP_cop_rate_baixo + DEP_nsubj:pass_rate_baixo + POS_NUM_rate_alto,"[""412300053d29""]",412300053d29,162,0.1125,True,0.60999999999999999,"[""DEP_cop"", ""DEP_nsubj:pass"", ""numerais""]",DEP_cop|DEP_nsubj:pass|numerais,False,True,False,0,research_only,ineligible,
728348bb543e,"[""DEP_cop_rate_alto"", ""DEP_nsubj:pass_rate_baixo"", ""POS_NUM_rate_baixo""]",DEP_cop_rate_alto + DEP_nsubj:pass_rate_baixo + POS_NUM_rate_baixo,"[""d1241a806470""]",d1241a806470,131,0.090972222222222218,True,0.77000000000000002,"[""DEP_cop"", ""DEP_nsubj:pass"", ""numerais""]",DEP_cop|DEP_nsubj:pass|numerais,False,True,False,0,research_only,ineligible,
728cda3555ce,"[""POS_ADV_rate_alto"", ""uppercaseRatio_baixo""]",POS_ADV_rate_alto + uppercaseRatio_baixo,"[""d4448b7c5c68""]",d4448b7c5c68,204,0.14166666666666666,True,0.65000000000000002,"[""modificacao_adverbial"", ""uppercaseRatio""]",modificacao_adverbial|uppercaseRatio,False,False,False,0,research_only,ineligible,
72f11941e901,"[""DEP_advcl_rate_baixo"", ""DEP_cop_rate_baixo"", ""DEP_xcomp_rate_alto""]",DEP_advcl_rate_baixo + DEP_cop_rate_baixo + DEP_xcomp_rate_alto,"[""707018c260a5""]",707018c260a5,118,0.081944444444444445,False,0.91000000000000003,"[""DEP_advcl"", ""DEP_cop"", ""DEP_xcomp""]",DEP_advcl|DEP_cop|DEP_xcomp,False,True,False,0,research_only,ineligible,
72f18bbe6aed,"[""DEP_aux:pass_rate_baixo"", ""DEP_xcomp_rate_baixo"", ""diversidade_baixo""]",DEP_aux:pass_rate_baixo + DEP_xcomp_rate_baixo + diversidade_baixo,"[""dfe6b19ec175""]",dfe6b19ec175,134,0.093055555555555558,True,0.73999999999999999,"[""DEP_xcomp"", ""auxiliares"", ""diversidade""]",DEP_xcomp|auxiliares|diversidade,False,True,False,0,research_only,ineligible,
73513ea4d96d,"[""DEP_acl:relcl_rate_baixo"", ""POS_NUM_rate_alto""]",DEP_acl:relcl_rate_baixo + POS_NUM_rate_alto,"[""db5e3172c89d""]",db5e3172c89d,224,0.15555555555555556,False,0.77000000000000002,"[""DEP_acl:relcl"", ""numerais""]",DEP_acl:relcl|numerais,False,True,False,0,research_only,ineligible,
7359e1d91b3d,"[""DEP_aux:pass_rate_baixo"", ""POS_ADV_rate_baixo"", ""POS_NUM_rate_baixo""]",DEP_aux:pass_rate_baixo + POS_ADV_rate_baixo + POS_NUM_rate_baixo,"[""2de3affb0ca0""]",2de3affb0ca0,112,0.077777777777777779,False,0.88,"[""auxiliares"", ""modificacao_adverbial"", ""numerais""]",auxiliares|modificacao_adverbial|numerais,False,True,False,0,research_only,ineligible,
737d64e5a017,"[""DEP_ccomp_rate_baixo"", ""DEP_nsubj:pass_rate_baixo"", ""POS_CCONJ_rate_alto""]",DEP_ccomp_rate_baixo + DEP_nsubj:pass_rate_baixo + POS_CCONJ_rate_alto,"[""e9b2d46867ca""]",e9b2d46867ca,177,0.12291666666666666,False,0.84999999999999998,"[""DEP_ccomp"", ""DEP_nsubj:pass"", ""coordenacao""]",DEP_ccomp|DEP_nsubj:pass|coordenacao,False,True,False,0,research_only,ineligible,
73ca5d3da561,"[""DEP_aux:pass_rate_baixo"", ""DEP_cc_rate_alto""]",DEP_aux:pass_rate_baixo + DEP_cc_rate_alto,"[""0d0c2a4485c0""]",0d0c2a4485c0,285,0.19791666666666666,False,0.58999999999999997,"[""auxiliares"", ""coordenacao""]",auxiliares|coordenacao,False,True,False,0,research_only,ineligible,
73f9affa33e4,"[""DEP_advmod_rate_baixo"", ""DEP_nummod_rate_baixo"", ""POS_PROPN_rate_alto""]",DEP_advmod_rate_baixo + DEP_nummod_rate_baixo + POS_PROPN_rate_alto,"[""436f71ec6a44""]",436f71ec6a44,119,0.082638888888888887,True,0.75,"[""POS_PROPN"", ""modificacao_adverbial"", ""numerais""]",POS_PROPN|modificacao_adverbial|numerais,False,True,False,0,research_only,ineligible,
7457a54a01bb,"[""DEP_cop_rate_baixo"", ""DEP_xcomp_rate_baixo"", ""POS_DET_rate_baixo""]",DEP_cop_rate_baixo + DEP_xcomp_rate_baixo + POS_DET_rate_baixo,"[""42e3c6335a82"", ""5ed5993ee21c""]",42e3c6335a82,109,0.075694444444444439,False,0.89000000000000001,"[""DEP_cop"", ""DEP_xcomp"", ""determinacao""]",DEP_cop|DEP_xcomp|determinacao,False,True,False,0,research_only,ineligible,
746d2054052b,"[""DEP_aux:pass_rate_baixo"", ""POS_NUM_rate_baixo"", ""punctuationDensity_spacy_alto""]",DEP_aux:pass_rate_baixo + POS_NUM_rate_baixo + punctuationDensity_spacy_alto,"[""367737cef566""]",367737cef566,115,0.079861111111111105,False,0.93000000000000005,"[""auxiliares"", ""numerais"", ""punctuationDensity_spacy""]",auxiliares|numerais|punctuationDensity_spacy,False,True,False,0,research_only,ineligible,
74f09dac65c5,"[""DEP_acl:relcl_rate_alto"", ""DEP_ccomp_rate_baixo"", ""uppercaseRatio_baixo""]",DEP_acl:relcl_rate_alto + DEP_ccomp_rate_baixo + uppercaseRatio_baixo,"[""fa9408c7682a""]",fa9408c7682a,120,0.083333333333333329,True,0.66000000000000003,"[""DEP_acl:relcl"", ""DEP_ccomp"", ""uppercaseRatio""]",DEP_acl:relcl|DEP_ccomp|uppercaseRatio,False,True,False,0,research_only,ineligible,
76121fac8398,"[""DEP_advmod_rate_alto"", ""POS_ADV_rate_alto"", ""POS_PROPN_rate_baixo""]",DEP_advmod_rate_alto + POS_ADV_rate_alto + POS_PROPN_rate_baixo,"[""41c676a20bdc"", ""f6036e82b3f4""]",f6036e82b3f4,132,0.09166666666666666,True,0.75,"[""POS_PROPN"", ""modificacao_adverbial""]",POS_PROPN|modificacao_adverbial,True,False,False,0,research_only,ineligible,
763262cc64de,"[""DEP_advcl_rate_baixo"", ""POS_NOUN_rate_alto"", ""uppercaseRatio_baixo""]",DEP_advcl_rate_baixo + POS_NOUN_rate_alto + uppercaseRatio_baixo,"[""793bbc696d49""]",793bbc696d49,109,0.075694444444444439,False,0.58999999999999997,"[""DEP_advcl"", ""POS_NOUN"", ""uppercaseRatio""]",DEP_advcl|POS_NOUN|uppercaseRatio,False,False,False,0,research_only,ineligible,
768362e1d9e7,"[""DEP_acl:relcl_rate_baixo"", ""DEP_acl_rate_baixo"", ""uppercaseRatio_alto""]",DEP_acl:relcl_rate_baixo + DEP_acl_rate_baixo + uppercaseRatio_alto,"[""bda86732b6a9""]",bda86732b6a9,109,0.075694444444444439,False,0.93000000000000005,"[""DEP_acl"", ""DEP_acl:relcl"", ""uppercaseRatio""]",DEP_acl|DEP_acl:relcl|uppercaseRatio,False,True,False,0,research_only,ineligible,
7683cd91432c,"[""DEP_acl_rate_baixo"", ""DEP_aux:pass_rate_baixo"", ""DEP_cop_rate_alto""]",DEP_acl_rate_baixo + DEP_aux:pass_rate_baixo + DEP_cop_rate_alto,"[""778e59d6bd5c"", ""a59fefb369d3""]",a59fefb369d3,147,0.10208333333333333,True,0.71999999999999997,"[""DEP_acl"", ""DEP_cop"", ""auxiliares""]",DEP_acl|DEP_cop|auxiliares,False,True,False,0,research_only,ineligible,
76a0e4ec2cc5,"[""DEP_aux:pass_rate_baixo"", ""POS_CCONJ_rate_alto"", ""uppercaseRatio_baixo""]",DEP_aux:pass_rate_baixo + POS_CCONJ_rate_alto + uppercaseRatio_baixo,"[""5945a6aea601""]",5945a6aea601,128,0.088888888888888892,False,0.68000000000000005,"[""auxiliares"", ""coordenacao"", ""uppercaseRatio""]",auxiliares|coordenacao|uppercaseRatio,False,True,False,0,research_only,ineligible,
76b5e106413e,"[""DEP_acl_rate_baixo"", ""DEP_flat:name_rate_alto""]",DEP_acl_rate_baixo + DEP_flat:name_rate_alto,"[""2e698f3c1a76""]",2e698f3c1a76,202,0.14027777777777778,True,0.58999999999999997,"[""DEP_acl"", ""DEP_flat:name""]",DEP_acl|DEP_flat:name,False,True,False,0,research_only,ineligible,
77222766aefa,"[""DEP_aux:pass_rate_baixo"", ""POS_ADP_rate_alto"", ""POS_SCONJ_rate_baixo""]",DEP_aux:pass_rate_baixo + POS_ADP_rate_alto + POS_SCONJ_rate_baixo,"[""b94972558753""]",b94972558753,124,0.08611111111111111,True,0.75,"[""auxiliares"", ""relacoes_preposicionais"", ""subordinacao""]",auxiliares|relacoes_preposicionais|subordinacao,False,True,False,0,research_only,ineligible,
7723bf8c6e3d,"[""DEP_acl_rate_alto"", ""DEP_cop_rate_baixo"", ""DEP_nummod_rate_baixo""]",DEP_acl_rate_alto + DEP_cop_rate_baixo + DEP_nummod_rate_baixo,"[""7349c09a1380""]",7349c09a1380,142,0.098611111111111108,False,0.95999999999999996,"[""DEP_acl"", ""DEP_cop"", ""numerais""]",DEP_acl|DEP_cop|numerais,False,True,False,0,research_only,ineligible,
77a699aeae2e,"[""DEP_flat:name_rate_alto"", ""DEP_xcomp_rate_baixo"", ""POS_VERB_rate_baixo""]",DEP_flat:name_rate_alto + DEP_xcomp_rate_baixo + POS_VERB_rate_baixo,"[""80abf486f272"", ""aaa9aebd0dfe""]",aaa9aebd0dfe,111,0.077083333333333337,False,0.5,"[""DEP_flat:name"", ""DEP_xcomp"", ""POS_VERB""]",DEP_flat:name|DEP_xcomp|POS_VERB,False,True,False,0,research_only,ineligible,
7811f6604a9f,"[""DEP_acl_rate_baixo"", ""DEP_nsubj:pass_rate_baixo"", ""DEP_obl_rate_baixo""]",DEP_acl_rate_baixo + DEP_nsubj:pass_rate_baixo + DEP_obl_rate_baixo,"[""ed45f4438c72""]",ed45f4438c72,136,0.094444444444444442,False,0.47999999999999998,"[""DEP_acl"", ""DEP_nsubj:pass"", ""DEP_obl""]",DEP_acl|DEP_nsubj:pass|DEP_obl,False,True,False,0,research_only,ineligible,
7859dee9cd5a,"[""DEP_acl_rate_alto"", ""DEP_advcl_rate_baixo"", ""DEP_ccomp_rate_baixo""]",DEP_acl_rate_alto + DEP_advcl_rate_baixo + DEP_ccomp_rate_baixo,"[""1d04b6626f00"", ""8f26196d2692""]",8f26196d2692,133,0.092361111111111116,False,0.73999999999999999,"[""DEP_acl"", ""DEP_advcl"", ""DEP_ccomp""]",DEP_acl|DEP_advcl|DEP_ccomp,False,True,False,0,research_only,ineligible,
787c391b554a,"[""DEP_cop_rate_baixo"", ""POS_ADP_rate_alto"", ""POS_DET_rate_baixo""]",DEP_cop_rate_baixo + POS_ADP_rate_alto + POS_DET_rate_baixo,"[""55c47b9908fc"", ""a45e4480baaf""]",a45e4480baaf,97,0.067361111111111108,False,0.80000000000000004,"[""DEP_cop"", ""determinacao"", ""relacoes_preposicionais""]",DEP_cop|determinacao|relacoes_preposicionais,False,True,False,0,research_only,ineligible,
79409f9afb8c,"[""DEP_cop_rate_baixo"", ""DEP_nsubj:pass_rate_alto"", ""DEP_nummod_rate_baixo""]",DEP_cop_rate_baixo + DEP_nsubj:pass_rate_alto + DEP_nummod_rate_baixo,"[""f06434bd3ee7""]",f06434bd3ee7,103,0.071527777777777773,False,0.95999999999999996,"[""DEP_cop"", ""DEP_nsubj:pass"", ""numerais""]",DEP_cop|DEP_nsubj:pass|numerais,False,True,False,0,research_only,ineligible,
795144c3cc66,"[""DEP_advcl_rate_baixo"", ""POS_NUM_rate_baixo"", ""POS_SCONJ_rate_baixo""]",DEP_advcl_rate_baixo + POS_NUM_rate_baixo + POS_SCONJ_rate_baixo,"[""5409c51e2eaf""]",5409c51e2eaf,114,0.079166666666666663,False,0.97999999999999998,"[""DEP_advcl"", ""numerais"", ""subordinacao""]",DEP_advcl|numerais|subordinacao,False,True,False,0,research_only,ineligible,
798c9ff5f8ee,"[""DEP_nummod_rate_baixo"", ""DEP_xcomp_rate_baixo"", ""POS_AUX_rate_alto""]",DEP_nummod_rate_baixo + DEP_xcomp_rate_baixo + POS_AUX_rate_alto,"[""d0547bb407a1""]",d0547bb407a1,129,0.089583333333333334,True,0.64000000000000001,"[""DEP_xcomp"", ""auxiliares"", ""numerais""]",DEP_xcomp|auxiliares|numerais,False,True,False,0,research_only,ineligible,
79ccd0474466,"[""DEP_ccomp_rate_baixo"", ""DEP_det_rate_baixo"", ""DEP_xcomp_rate_baixo""]",DEP_ccomp_rate_baixo + DEP_det_rate_baixo + DEP_xcomp_rate_baixo,"[""b3714341a609"", ""b90b6cf5a7da""]",b90b6cf5a7da,101,0.07013888888888889,False,0.90000000000000002,"[""DEP_ccomp"", ""DEP_xcomp"", ""determinacao""]",DEP_ccomp|DEP_xcomp|determinacao,False,True,False,0,research_only,ineligible,
7a78e0b431e6,"[""DEP_advcl_rate_alto"", ""DEP_mark_rate_alto""]",DEP_advcl_rate_alto + DEP_mark_rate_alto,"[""b25cec3a5303""]",b25cec3a5303,207,0.14374999999999999,True,0.40999999999999998,"[""DEP_advcl"", ""subordinacao""]",DEP_advcl|subordinacao,False,True,False,0,research_only,ineligible,
7aade94c6d4b,"[""DEP_appos_rate_alto"", ""DEP_ccomp_rate_baixo"", ""DEP_flat:name_rate_alto""]",DEP_appos_rate_alto + DEP_ccomp_rate_baixo + DEP_flat:name_rate_alto,"[""2e949e36239b""]",2e949e36239b,109,0.075694444444444439,False,0.75,"[""DEP_appos"", ""DEP_ccomp"", ""DEP_flat:name""]",DEP_appos|DEP_ccomp|DEP_flat:name,False,True,False,0,research_only,ineligible,
7b4e0fd8ddc0,"[""DEP_acl_rate_baixo"", ""DEP_nmod_rate_alto""]",DEP_acl_rate_baixo + DEP_nmod_rate_alto,"[""ca281aeebd10""]",ca281aeebd10,219,0.15208333333333332,True,0.70999999999999996,"[""DEP_acl"", ""DEP_nmod""]",DEP_acl|DEP_nmod,False,True,False,0,research_only,ineligible,
7bab8d14b5e7,"[""DEP_amod_rate_alto"", ""POS_ADJ_rate_alto"", ""POS_NUM_rate_baixo""]",DEP_amod_rate_alto + POS_ADJ_rate_alto + POS_NUM_rate_baixo,"[""04ca40696cc6"", ""dd854a90b319""]",dd854a90b319,121,0.084027777777777785,True,0.51000000000000001,"[""adjetivacao"", ""numerais""]",adjetivacao|numerais,True,True,False,0,research_only,ineligible,
7bc7c0f0d709,"[""DEP_mark_rate_baixo"", ""DEP_nsubj:pass_rate_baixo"", ""POS_ADP_rate_alto""]",DEP_mark_rate_baixo + DEP_nsubj:pass_rate_baixo + POS_ADP_rate_alto,"[""21df6c8b03fe""]",21df6c8b03fe,126,0.087499999999999994,True,0.71999999999999997,"[""DEP_nsubj:pass"", ""relacoes_preposicionais"", ""subordinacao""]",DEP_nsubj:pass|relacoes_preposicionais|subordinacao,False,True,False,0,research_only,ineligible,
7beb9ad4c80d,"[""DEP_advcl_rate_baixo"", ""DEP_xcomp_rate_baixo"", ""uppercaseRatio_alto""]",DEP_advcl_rate_baixo + DEP_xcomp_rate_baixo + uppercaseRatio_alto,"[""c27d640b9688""]",c27d640b9688,105,0.072916666666666671,False,0.55000000000000004,"[""DEP_advcl"", ""DEP_xcomp"", ""uppercaseRatio""]",DEP_advcl|DEP_xcomp|uppercaseRatio,False,True,False,0,research_only,ineligible,
7bf1c1b649bd,"[""DEP_mark_rate_baixo"", ""POS_SCONJ_rate_baixo"", ""uppercaseRatio_alto""]",DEP_mark_rate_baixo + POS_SCONJ_rate_baixo + uppercaseRatio_alto,"[""253c7824774c"", ""f8638affd830""]",f8638affd830,121,0.084027777777777785,True,0.60999999999999999,"[""subordinacao"", ""uppercaseRatio""]",subordinacao|uppercaseRatio,True,True,False,0,research_only,ineligible,
7c5c0aca2283,"[""DEP_acl_rate_baixo"", ""DEP_nsubj:pass_rate_baixo"", ""POS_ADV_rate_alto""]",DEP_acl_rate_baixo + DEP_nsubj:pass_rate_baixo + POS_ADV_rate_alto,"[""be6c916d1573""]",be6c916d1573,150,0.10416666666666667,False,0.55000000000000004,"[""DEP_acl"", ""DEP_nsubj:pass"", ""modificacao_adverbial""]",DEP_acl|DEP_nsubj:pass|modificacao_adverbial,False,True,False,0,research_only,ineligible,
7d12857f1eff,"[""DEP_aux:pass_rate_baixo"", ""POS_NOUN_rate_alto"", ""uppercaseRatio_baixo""]",DEP_aux:pass_rate_baixo + POS_NOUN_rate_alto + uppercaseRatio_baixo,"[""78f5d290fc84"", ""eb8d92f6ce9c""]",eb8d92f6ce9c,130,0.090277777777777776,False,0.93999999999999995,"[""POS_NOUN"", ""auxiliares"", ""uppercaseRatio""]",POS_NOUN|auxiliares|uppercaseRatio,False,True,False,0,research_only,ineligible,
7d2683aafe1d,"[""DEP_acl:relcl_rate_baixo"", ""DEP_advcl_rate_baixo"", ""DEP_conj_rate_alto""]",DEP_acl:relcl_rate_baixo + DEP_advcl_rate_baixo + DEP_conj_rate_alto,"[""ac9c2b71dd07""]",ac9c2b71dd07,149,0.10347222222222222,True,0.63,"[""DEP_acl:relcl"", ""DEP_advcl"", ""coordenacao""]",DEP_acl:relcl|DEP_advcl|coordenacao,False,True,False,0,research_only,ineligible,
7d4d6c2ec468,"[""DEP_det_rate_baixo"", ""POS_DET_rate_baixo"", ""POS_NUM_rate_baixo""]",DEP_det_rate_baixo + POS_DET_rate_baixo + POS_NUM_rate_baixo,"[""9ede5a7e3017"", ""efbaf85c297f""]",9ede5a7e3017,117,0.081250000000000003,True,0.42999999999999999,"[""determinacao"", ""numerais""]",determinacao|numerais,True,True,False,0,research_only,ineligible,
7d80b9834df5,"[""DEP_acl:relcl_rate_baixo"", ""DEP_appos_rate_alto"", ""DEP_nsubj:pass_rate_baixo""]",DEP_acl:relcl_rate_baixo + DEP_appos_rate_alto + DEP_nsubj:pass_rate_baixo,"[""8aff4f9c6bcf""]",8aff4f9c6bcf,201,0.13958333333333334,True,0.71999999999999997,"[""DEP_acl:relcl"", ""DEP_appos"", ""DEP_nsubj:pass""]",DEP_acl:relcl|DEP_appos|DEP_nsubj:pass,False,True,False,0,research_only,ineligible,
7d9242702d64,"[""DEP_aux:pass_rate_baixo"", ""DEP_xcomp_rate_baixo"", ""POS_ADJ_rate_baixo""]",DEP_aux:pass_rate_baixo + DEP_xcomp_rate_baixo + POS_ADJ_rate_baixo,"[""745db5339e3a""]",745db5339e3a,116,0.080555555555555561,False,0.41999999999999998,"[""DEP_xcomp"", ""adjetivacao"", ""auxiliares""]",DEP_xcomp|adjetivacao|auxiliares,False,True,False,0,research_only,ineligible,
7df784673ec5,"[""DEP_advmod_rate_baixo"", ""DEP_appos_rate_alto"", ""DEP_cop_rate_baixo""]",DEP_advmod_rate_baixo + DEP_appos_rate_alto + DEP_cop_rate_baixo,"[""d81eea30a0cd""]",d81eea30a0cd,115,0.079861111111111105,False,0.5,"[""DEP_appos"", ""DEP_cop"", ""modificacao_adverbial""]",DEP_appos|DEP_cop|modificacao_adverbial,False,True,False,0,research_only,ineligible,
7df8ed25c080,"[""DEP_appos_rate_alto"", ""DEP_cop_rate_baixo"", ""POS_PROPN_rate_alto""]",DEP_appos_rate_alto + DEP_cop_rate_baixo + POS_PROPN_rate_alto,"[""9b606cda3303"", ""9d244ccb0edd""]",9b606cda3303,132,0.09166666666666666,True,0.78000000000000003,"[""DEP_appos"", ""DEP_cop"", ""POS_PROPN""]",DEP_appos|DEP_cop|POS_PROPN,False,True,False,0,research_only,ineligible,
7e0ef798e858,"[""DEP_advcl_rate_baixo"", ""DEP_nsubj:pass_rate_baixo"", ""POS_PRON_rate_baixo""]",DEP_advcl_rate_baixo + DEP_nsubj:pass_rate_baixo + POS_PRON_rate_baixo,"[""df715968ab07""]",df715968ab07,210,0.14583333333333334,True,0.78000000000000003,"[""DEP_advcl"", ""DEP_nsubj:pass"", ""POS_PRON""]",DEP_advcl|DEP_nsubj:pass|POS_PRON,False,True,False,0,research_only,ineligible,
7e3a76b9a9e6,"[""DEP_advcl_rate_baixo"", ""DEP_nummod_rate_baixo"", ""POS_CCONJ_rate_alto""]",DEP_advcl_rate_baixo + DEP_nummod_rate_baixo + POS_CCONJ_rate_alto,"[""0ea9639c8a48""]",0ea9639c8a48,150,0.10416666666666667,True,0.41999999999999998,"[""DEP_advcl"", ""coordenacao"", ""numerais""]",DEP_advcl|coordenacao|numerais,False,True,False,0,research_only,ineligible,
7f2f7db52617,"[""DEP_acl:relcl_rate_baixo"", ""DEP_advcl_rate_baixo"", ""DEP_cop_rate_baixo""]",DEP_acl:relcl_rate_baixo + DEP_advcl_rate_baixo + DEP_cop_rate_baixo,"[""549b6883d458""]",549b6883d458,278,0.19305555555555556,False,0.59999999999999998,"[""DEP_acl:relcl"", ""DEP_advcl"", ""DEP_cop""]",DEP_acl:relcl|DEP_advcl|DEP_cop,False,True,False,0,research_only,ineligible,
7f6b7d7c5c66,"[""DEP_acl:relcl_rate_baixo"", ""DEP_aux:pass_rate_baixo"", ""DEP_cop_rate_baixo""]",DEP_acl:relcl_rate_baixo + DEP_aux:pass_rate_baixo + DEP_cop_rate_baixo,"[""d0c50dfdeb84""]",d0c50dfdeb84,318,0.22083333333333333,False,0.55000000000000004,"[""DEP_acl:relcl"", ""DEP_cop"", ""auxiliares""]",DEP_acl:relcl|DEP_cop|auxiliares,False,True,False,0,research_only,ineligible,
7fa13078ec82,"[""DEP_advcl_rate_baixo"", ""DEP_cop_rate_baixo"", ""DEP_obj_rate_baixo""]",DEP_advcl_rate_baixo + DEP_cop_rate_baixo + DEP_obj_rate_baixo,"[""a5b5e9c0d57a""]",a5b5e9c0d57a,106,0.073611111111111113,False,0.63,"[""DEP_advcl"", ""DEP_cop"", ""DEP_obj""]",DEP_advcl|DEP_cop|DEP_obj,False,True,False,0,research_only,ineligible,
814fbdb5204b,"[""DEP_nmod_rate_alto"", ""DEP_xcomp_rate_baixo"", ""POS_PRON_rate_baixo""]",DEP_nmod_rate_alto + DEP_xcomp_rate_baixo + POS_PRON_rate_baixo,"[""f43244832f60""]",f43244832f60,99,0.068750000000000006,False,0.42999999999999999,"[""DEP_nmod"", ""DEP_xcomp"", ""POS_PRON""]",DEP_nmod|DEP_xcomp|POS_PRON,False,True,False,0,research_only,ineligible,
81d740432c5d,"[""DEP_ccomp_rate_baixo"", ""DEP_flat:name_rate_alto"", ""DEP_nummod_rate_baixo""]",DEP_ccomp_rate_baixo + DEP_flat:name_rate_alto + DEP_nummod_rate_baixo,"[""2cbd0650ba3f"", ""3dae0d7bf20c""]",2cbd0650ba3f,130,0.090277777777777776,False,0.94999999999999996,"[""DEP_ccomp"", ""DEP_flat:name"", ""numerais""]",DEP_ccomp|DEP_flat:name|numerais,False,True,False,0,research_only,ineligible,
81dcab2aded0,"[""DEP_aux:pass_rate_baixo"", ""DEP_conj_rate_alto"", ""uppercaseRatio_baixo""]",DEP_aux:pass_rate_baixo + DEP_conj_rate_alto + uppercaseRatio_baixo,"[""1b5098d2a530""]",1b5098d2a530,135,0.09375,True,0.75,"[""auxiliares"", ""coordenacao"", ""uppercaseRatio""]",auxiliares|coordenacao|uppercaseRatio,False,True,False,0,research_only,ineligible,
821eae2b42e8,"[""DEP_obl_rate_alto"", ""DEP_xcomp_rate_baixo""]",DEP_obl_rate_alto + DEP_xcomp_rate_baixo,"[""436cdbd47a77""]",436cdbd47a77,216,0.14999999999999999,True,0.52000000000000002,"[""DEP_obl"", ""DEP_xcomp""]",DEP_obl|DEP_xcomp,False,True,False,0,research_only,ineligible,
822830561cf6,"[""DEP_acl_rate_baixo"", ""DEP_advcl_rate_baixo"", ""POS_CCONJ_rate_alto""]",DEP_acl_rate_baixo + DEP_advcl_rate_baixo + POS_CCONJ_rate_alto,"[""40b47c3bb2a8""]",40b47c3bb2a8,126,0.087499999999999994,True,0.60999999999999999,"[""DEP_acl"", ""DEP_advcl"", ""coordenacao""]",DEP_acl|DEP_advcl|coordenacao,False,True,False,0,research_only,ineligible,
8229ceb4e9e3,"[""DEP_acl:relcl_rate_baixo"", ""DEP_xcomp_rate_alto"", ""POS_PRON_rate_baixo""]",DEP_acl:relcl_rate_baixo + DEP_xcomp_rate_alto + POS_PRON_rate_baixo,"[""2ed376ea7cd2"", ""50681fd146bd""]",50681fd146bd,105,0.072916666666666671,False,0.70999999999999996,"[""DEP_acl:relcl"", ""DEP_xcomp"", ""POS_PRON""]",DEP_acl:relcl|DEP_xcomp|POS_PRON,False,True,False,0,research_only,ineligible,
822b96c360dd,"[""DEP_acl:relcl_rate_alto"", ""POS_PRON_rate_alto"", ""uppercaseRatio_baixo""]",DEP_acl:relcl_rate_alto + POS_PRON_rate_alto + uppercaseRatio_baixo,"[""3c84852491ce"", ""5c182ba6042a"", ""ccdab6bc2e23""]",5c182ba6042a,126,0.087499999999999994,True,0.79000000000000004,"[""DEP_acl:relcl"", ""POS_PRON"", ""uppercaseRatio""]",DEP_acl:relcl|POS_PRON|uppercaseRatio,False,True,False,0,research_only,ineligible,
8243f10be8ee,"[""DEP_nsubj:pass_rate_baixo"", ""POS_ADP_rate_alto"", ""POS_SCONJ_rate_baixo""]",DEP_nsubj:pass_rate_baixo + POS_ADP_rate_alto + POS_SCONJ_rate_baixo,"[""2c3ba903ac7f""]",2c3ba903ac7f,127,0.08819444444444445,True,0.76000000000000001,"[""DEP_nsubj:pass"", ""relacoes_preposicionais"", ""subordinacao""]",DEP_nsubj:pass|relacoes_preposicionais|subordinacao,False,True,False,0,research_only,ineligible,
824c3fc66261,"[""DEP_ccomp_rate_baixo"", ""DEP_xcomp_rate_baixo"", ""POS_ADJ_rate_alto""]",DEP_ccomp_rate_baixo + DEP_xcomp_rate_baixo + POS_ADJ_rate_alto,"[""5074a83d9183"", ""57eeafb9cc61""]",5074a83d9183,112,0.077777777777777779,False,0.98999999999999999,"[""DEP_ccomp"", ""DEP_xcomp"", ""adjetivacao""]",DEP_ccomp|DEP_xcomp|adjetivacao,False,True,False,0,research_only,ineligible,
82c8ed263103,"[""DEP_cop_rate_alto"", ""DEP_mark_rate_alto"", ""POS_SCONJ_rate_alto""]",DEP_cop_rate_alto + DEP_mark_rate_alto + POS_SCONJ_rate_alto,"[""630164f28201"", ""8581298d58e8""]",630164f28201,99,0.068750000000000006,False,0.67000000000000004,"[""DEP_cop"", ""subordinacao""]",DEP_cop|subordinacao,True,True,False,0,research_only,ineligible,
8306eaa48581,"[""DEP_acl_rate_baixo"", ""DEP_ccomp_rate_alto"", ""DEP_nsubj:pass_rate_baixo""]",DEP_acl_rate_baixo + DEP_ccomp_rate_alto + DEP_nsubj:pass_rate_baixo,"[""2466dd852022""]",2466dd852022,157,0.10902777777777778,False,0.71999999999999997,"[""DEP_acl"", ""DEP_ccomp"", ""DEP_nsubj:pass""]",DEP_acl|DEP_ccomp|DEP_nsubj:pass,False,True,False,0,research_only,ineligible,
83434a3c5948,"[""DEP_ccomp_rate_baixo"", ""DEP_nsubj:pass_rate_baixo"", ""DEP_obl_rate_baixo""]",DEP_ccomp_rate_baixo + DEP_nsubj:pass_rate_baixo + DEP_obl_rate_baixo,"[""2d54653a0ff0""]",2d54653a0ff0,149,0.10347222222222222,False,0.73999999999999999,"[""DEP_ccomp"", ""DEP_nsubj:pass"", ""DEP_obl""]",DEP_ccomp|DEP_nsubj:pass|DEP_obl,False,True,False,0,research_only,ineligible,
83a548913257,"[""DEP_nsubj:pass_rate_baixo"", ""DEP_obl_rate_baixo""]",DEP_nsubj:pass_rate_baixo + DEP_obl_rate_baixo,"[""c36d16ef8d20""]",c36d16ef8d20,280,0.19444444444444445,False,0.78000000000000003,"[""DEP_nsubj:pass"", ""DEP_obl""]",DEP_nsubj:pass|DEP_obl,False,True,False,0,research_only,ineligible,
844b8d84008b,"[""DEP_acl_rate_alto"", ""DEP_ccomp_rate_baixo"", ""DEP_nsubj:pass_rate_baixo""]",DEP_acl_rate_alto + DEP_ccomp_rate_baixo + DEP_nsubj:pass_rate_baixo,"[""7ff7df1e2b11"", ""e90911ea1351""]",7ff7df1e2b11,174,0.12083333333333333,False,0.88,"[""DEP_acl"", ""DEP_ccomp"", ""DEP_nsubj:pass""]",DEP_acl|DEP_ccomp|DEP_nsubj:pass,False,True,False,0,research_only,ineligible,
8487f971ad50,"[""DEP_advcl_rate_baixo"", ""DEP_case_rate_alto"", ""POS_DET_rate_baixo""]",DEP_advcl_rate_baixo + DEP_case_rate_alto + POS_DET_rate_baixo,"[""31453db35faf"", ""421458deb81c""]",421458deb81c,113,0.078472222222222221,False,0.47999999999999998,"[""DEP_advcl"", ""determinacao"", ""relacoes_preposicionais""]",DEP_advcl|determinacao|relacoes_preposicionais,False,True,False,0,research_only,ineligible,
84f977f3f5cb,"[""DEP_acl:relcl_rate_baixo"", ""DEP_cc_rate_alto"", ""POS_NUM_rate_baixo""]",DEP_acl:relcl_rate_baixo + DEP_cc_rate_alto + POS_NUM_rate_baixo,"[""21f648fc2081""]",21f648fc2081,121,0.084027777777777785,True,0.42999999999999999,"[""DEP_acl:relcl"", ""coordenacao"", ""numerais""]",DEP_acl:relcl|coordenacao|numerais,False,True,False,0,research_only,ineligible,
866ff0e43b01,"[""DEP_ccomp_rate_baixo"", ""DEP_nsubj:pass_rate_baixo"", ""POS_DET_rate_alto""]",DEP_ccomp_rate_baixo + DEP_nsubj:pass_rate_baixo + POS_DET_rate_alto,"[""dd188c1b3724""]",dd188c1b3724,194,0.13472222222222222,True,0.69999999999999996,"[""DEP_ccomp"", ""DEP_nsubj:pass"", ""determinacao""]",DEP_ccomp|DEP_nsubj:pass|determinacao,False,True,False,0,research_only,ineligible,
8685f3180b9e,"[""DEP_advcl_rate_baixo"", ""DEP_advmod_rate_baixo"", ""POS_VERB_rate_baixo""]",DEP_advcl_rate_baixo + DEP_advmod_rate_baixo + POS_VERB_rate_baixo,"[""d8a685f8cc64""]",d8a685f8cc64,115,0.079861111111111105,False,0.68999999999999995,"[""DEP_advcl"", ""POS_VERB"", ""modificacao_adverbial""]",DEP_advcl|POS_VERB|modificacao_adverbial,False,False,False,0,research_only,ineligible,
868fc59a021d,"[""DEP_acl:relcl_rate_baixo"", ""DEP_appos_rate_baixo"", ""uppercaseRatio_baixo""]",DEP_acl:relcl_rate_baixo + DEP_appos_rate_baixo + uppercaseRatio_baixo,"[""76885de6340c""]",76885de6340c,121,0.084027777777777785,True,0.62,"[""DEP_acl:relcl"", ""DEP_appos"", ""uppercaseRatio""]",DEP_acl:relcl|DEP_appos|uppercaseRatio,False,True,False,0,research_only,ineligible,
86cdcb55fa17,"[""DEP_cop_rate_baixo"", ""DEP_nsubj:pass_rate_baixo"", ""DEP_nummod_rate_alto""]",DEP_cop_rate_baixo + DEP_nsubj:pass_rate_baixo + DEP_nummod_rate_alto,"[""22901b052ffb""]",22901b052ffb,167,0.11597222222222223,True,0.57999999999999996,"[""DEP_cop"", ""DEP_nsubj:pass"", ""numerais""]",DEP_cop|DEP_nsubj:pass|numerais,False,True,False,0,research_only,ineligible,
87692de6424c,"[""DEP_cc_rate_alto"", ""DEP_nummod_rate_baixo""]",DEP_cc_rate_alto + DEP_nummod_rate_baixo,"[""8f4745620006""]",8f4745620006,257,0.17847222222222223,True,0.67000000000000004,"[""coordenacao"", ""numerais""]",coordenacao|numerais,False,True,False,0,research_only,ineligible,
879d9b4e2739,"[""DEP_aux:pass_rate_baixo"", ""POS_ADP_rate_baixo"", ""uppercaseRatio_baixo""]",DEP_aux:pass_rate_baixo + POS_ADP_rate_baixo + uppercaseRatio_baixo,"[""47d9fb533ea2""]",47d9fb533ea2,134,0.093055555555555558,True,0.47999999999999998,"[""auxiliares"", ""relacoes_preposicionais"", ""uppercaseRatio""]",auxiliares|relacoes_preposicionais|uppercaseRatio,False,True,False,0,research_only,ineligible,
87dc85f61473,"[""DEP_nsubj:pass_rate_baixo"", ""DEP_nummod_rate_alto"", ""POS_AUX_rate_baixo""]",DEP_nsubj:pass_rate_baixo + DEP_nummod_rate_alto + POS_AUX_rate_baixo,"[""3938c4234ef9""]",3938c4234ef9,121,0.084027777777777785,True,0.33000000000000002,"[""DEP_nsubj:pass"", ""auxiliares"", ""numerais""]",DEP_nsubj:pass|auxiliares|numerais,False,True,False,0,research_only,ineligible,
88f24a4fb242,"[""DEP_advcl_rate_baixo"", ""DEP_aux:pass_rate_baixo"", ""DEP_xcomp_rate_baixo""]",DEP_advcl_rate_baixo + DEP_aux:pass_rate_baixo + DEP_xcomp_rate_baixo,"[""0120ff76ce37""]",0120ff76ce37,295,0.2048611111111111,True,0.68999999999999995,"[""DEP_advcl"", ""DEP_xcomp"", ""auxiliares""]",DEP_advcl|DEP_xcomp|auxiliares,False,True,False,0,research_only,ineligible,
89639c2a03ab,"[""DEP_acl:relcl_rate_baixo"", ""DEP_aux:pass_rate_baixo"", ""POS_NUM_rate_alto""]",DEP_acl:relcl_rate_baixo + DEP_aux:pass_rate_baixo + POS_NUM_rate_alto,"[""6873db1e1666""]",6873db1e1666,138,0.09583333333333334,False,0.63,"[""DEP_acl:relcl"", ""auxiliares"", ""numerais""]",DEP_acl:relcl|auxiliares|numerais,False,True,False,0,research_only,ineligible,
896f70274abe,"[""DEP_aux:pass_rate_baixo"", ""DEP_ccomp_rate_baixo"", ""DEP_xcomp_rate_baixo""]",DEP_aux:pass_rate_baixo + DEP_ccomp_rate_baixo + DEP_xcomp_rate_baixo,"[""33703c28ab3a"", ""5a6653bb9a1e""]",5a6653bb9a1e,279,0.19375000000000001,False,1,"[""DEP_ccomp"", ""DEP_xcomp"", ""auxiliares""]",DEP_ccomp|DEP_xcomp|auxiliares,False,True,False,0,research_only,ineligible,
8a17961e9efb,"[""DEP_advmod_rate_alto"", ""DEP_case_rate_baixo"", ""DEP_nsubj:pass_rate_baixo""]",DEP_advmod_rate_alto + DEP_case_rate_baixo + DEP_nsubj:pass_rate_baixo,"[""01b500c58f77""]",01b500c58f77,137,0.095138888888888884,True,0.66000000000000003,"[""DEP_nsubj:pass"", ""modificacao_adverbial"", ""relacoes_preposicionais""]",DEP_nsubj:pass|modificacao_adverbial|relacoes_preposicionais,False,True,False,0,research_only,ineligible,
8a6edba43dbc,"[""DEP_aux:pass_rate_baixo"", ""DEP_cop_rate_baixo"", ""DEP_det_rate_alto""]",DEP_aux:pass_rate_baixo + DEP_cop_rate_baixo + DEP_det_rate_alto,"[""d54a604b5454""]",d54a604b5454,136,0.094444444444444442,False,0.78000000000000003,"[""DEP_cop"", ""auxiliares"", ""determinacao""]",DEP_cop|auxiliares|determinacao,False,True,False,0,research_only,ineligible,
8a9f356a700f,"[""DEP_aux:pass_rate_baixo"", ""POS_CCONJ_rate_alto"", ""POS_NUM_rate_baixo""]",DEP_aux:pass_rate_baixo + POS_CCONJ_rate_alto + POS_NUM_rate_baixo,"[""d94a9dd1e4ed""]",d94a9dd1e4ed,120,0.083333333333333329,False,0.93999999999999995,"[""auxiliares"", ""coordenacao"", ""numerais""]",auxiliares|coordenacao|numerais,False,True,False,0,research_only,ineligible,
8adbd45bde66,"[""DEP_acl:relcl_rate_baixo"", ""DEP_ccomp_rate_baixo"", ""DEP_conj_rate_alto""]",DEP_acl:relcl_rate_baixo + DEP_ccomp_rate_baixo + DEP_conj_rate_alto,"[""68492275886f""]",68492275886f,147,0.10208333333333333,False,0.98999999999999999,"[""DEP_acl:relcl"", ""DEP_ccomp"", ""coordenacao""]",DEP_acl:relcl|DEP_ccomp|coordenacao,False,True,False,0,research_only,ineligible,
8b6dd2dfea4a,"[""DEP_nsubj:pass_rate_baixo"", ""DEP_nummod_rate_baixo"", ""POS_NOUN_rate_alto""]",DEP_nsubj:pass_rate_baixo + DEP_nummod_rate_baixo + POS_NOUN_rate_alto,"[""26d4b7f7f77d""]",26d4b7f7f77d,155,0.1076388888888889,False,0.53000000000000003,"[""DEP_nsubj:pass"", ""POS_NOUN"", ""numerais""]",DEP_nsubj:pass|POS_NOUN|numerais,False,True,False,0,research_only,ineligible,
8ba87ddf9574,"[""DEP_appos_rate_baixo"", ""DEP_ccomp_rate_baixo"", ""DEP_flat:name_rate_baixo""]",DEP_appos_rate_baixo + DEP_ccomp_rate_baixo + DEP_flat:name_rate_baixo,"[""94d2653564aa""]",94d2653564aa,129,0.089583333333333334,True,0.73999999999999999,"[""DEP_appos"", ""DEP_ccomp"", ""DEP_flat:name""]",DEP_appos|DEP_ccomp|DEP_flat:name,False,True,False,0,research_only,ineligible,
8bad395cd930,"[""DEP_ccomp_rate_baixo"", ""DEP_nsubj:pass_rate_alto""]",DEP_ccomp_rate_baixo + DEP_nsubj:pass_rate_alto,"[""28044bc43f6a""]",28044bc43f6a,212,0.14722222222222223,True,0.56999999999999995,"[""DEP_ccomp"", ""DEP_nsubj:pass""]",DEP_ccomp|DEP_nsubj:pass,False,True,False,0,research_only,ineligible,
8c54edeca28f,"[""DEP_acl_rate_baixo"", ""DEP_ccomp_rate_baixo"", ""DEP_flat:name_rate_alto""]",DEP_acl_rate_baixo + DEP_ccomp_rate_baixo + DEP_flat:name_rate_alto,"[""191c2080410a"", ""75332abdc5d8""]",75332abdc5d8,124,0.08611111111111111,True,0.59999999999999998,"[""DEP_acl"", ""DEP_ccomp"", ""DEP_flat:name""]",DEP_acl|DEP_ccomp|DEP_flat:name,False,True,False,0,research_only,ineligible,
8c91d6b4a8ba,"[""DEP_nsubj:pass_rate_baixo"", ""punctuationDensity_spacy_alto"", ""uppercaseRatio_baixo""]",DEP_nsubj:pass_rate_baixo + punctuationDensity_spacy_alto + uppercaseRatio_baixo,"[""0b02e175c706""]",0b02e175c706,115,0.079861111111111105,False,0.89000000000000001,"[""DEP_nsubj:pass"", ""punctuationDensity_spacy"", ""uppercaseRatio""]",DEP_nsubj:pass|punctuationDensity_spacy|uppercaseRatio,False,True,False,0,research_only,ineligible,
8c9c60bb7ccf,"[""DEP_aux:pass_rate_baixo"", ""DEP_cc_rate_alto"", ""DEP_xcomp_rate_baixo""]",DEP_aux:pass_rate_baixo + DEP_cc_rate_alto + DEP_xcomp_rate_baixo,"[""b4dcfe260451""]",b4dcfe260451,128,0.088888888888888892,True,0.69999999999999996,"[""DEP_xcomp"", ""auxiliares"", ""coordenacao""]",DEP_xcomp|auxiliares|coordenacao,False,True,False,0,research_only,ineligible,
8cccc8454c6b,"[""DEP_acl:relcl_rate_baixo"", ""DEP_cc_rate_baixo"", ""POS_PRON_rate_baixo""]",DEP_acl:relcl_rate_baixo + DEP_cc_rate_baixo + POS_PRON_rate_baixo,"[""61ccba8ec92d"", ""d56f60a0f8e1""]",d56f60a0f8e1,109,0.075694444444444439,False,1,"[""DEP_acl:relcl"", ""POS_PRON"", ""coordenacao""]",DEP_acl:relcl|POS_PRON|coordenacao,False,True,False,0,research_only,ineligible,
8cce437c4b89,"[""DEP_flat:name_rate_alto"", ""POS_ADV_rate_baixo"", ""POS_PROPN_rate_alto""]",DEP_flat:name_rate_alto + POS_ADV_rate_baixo + POS_PROPN_rate_alto,"[""45f441a484a7"", ""80827ad65a9b""]",45f441a484a7,123,0.085416666666666669,True,0.70999999999999996,"[""DEP_flat:name"", ""POS_PROPN"", ""modificacao_adverbial""]",DEP_flat:name|POS_PROPN|modificacao_adverbial,False,True,False,0,research_only,ineligible,
8cd86a962bbe,"[""DEP_det_rate_alto"", ""DEP_obl_rate_baixo"", ""POS_DET_rate_alto""]",DEP_det_rate_alto + DEP_obl_rate_baixo + POS_DET_rate_alto,"[""2d820651426f"", ""b2a48ec6f1a9""]",2d820651426f,112,0.077777777777777779,False,0.44,"[""DEP_obl"", ""determinacao""]",DEP_obl|determinacao,True,True,False,0,research_only,ineligible,
8cf936db83ab,"[""DEP_conj_rate_baixo"", ""POS_CCONJ_rate_baixo"", ""POS_PRON_rate_baixo""]",DEP_conj_rate_baixo + POS_CCONJ_rate_baixo + POS_PRON_rate_baixo,"[""17e131fab960"", ""9e1ed30ffbdd""]",9e1ed30ffbdd,93,0.06458333333333334,False,0.75,"[""POS_PRON"", ""coordenacao""]",POS_PRON|coordenacao,True,True,False,0,research_only,ineligible,
8d3553cec288,"[""DEP_nsubj:pass_rate_baixo"", ""POS_DET_rate_alto"", ""uppercaseRatio_baixo""]",DEP_nsubj:pass_rate_baixo + POS_DET_rate_alto + uppercaseRatio_baixo,"[""bab21f0a3bff"", ""d5da66e2cfe2""]",d5da66e2cfe2,157,0.10902777777777778,True,0.79000000000000004,"[""DEP_nsubj:pass"", ""determinacao"", ""uppercaseRatio""]",DEP_nsubj:pass|determinacao|uppercaseRatio,False,True,False,0,research_only,ineligible,
8dfa0fc02277,"[""DEP_case_rate_alto"", ""DEP_conj_rate_baixo"", ""POS_CCONJ_rate_baixo""]",DEP_case_rate_alto + DEP_conj_rate_baixo + POS_CCONJ_rate_baixo,"[""502ae150193f"", ""add7a5613800""]",add7a5613800,134,0.093055555555555558,True,0.78000000000000003,"[""coordenacao"", ""relacoes_preposicionais""]",coordenacao|relacoes_preposicionais,True,True,False,0,research_only,ineligible,
8e0410a0a19d,"[""DEP_cc_rate_alto"", ""DEP_nsubj:pass_rate_baixo""]",DEP_cc_rate_alto + DEP_nsubj:pass_rate_baixo,"[""bf1cf0617ed4""]",bf1cf0617ed4,319,0.22152777777777777,True,0.67000000000000004,"[""DEP_nsubj:pass"", ""coordenacao""]",DEP_nsubj:pass|coordenacao,False,True,False,0,research_only,ineligible,
8e0c3f9e2920,"[""DEP_aux:pass_rate_baixo"", ""DEP_cop_rate_alto"", ""POS_NUM_rate_baixo""]",DEP_aux:pass_rate_baixo + DEP_cop_rate_alto + POS_NUM_rate_baixo,"[""426d42acf0a7""]",426d42acf0a7,119,0.082638888888888887,False,0.57999999999999996,"[""DEP_cop"", ""auxiliares"", ""numerais""]",DEP_cop|auxiliares|numerais,False,True,False,0,research_only,ineligible,
8e375b4c5354,"[""DEP_mark_rate_alto"", ""POS_NUM_rate_baixo""]",DEP_mark_rate_alto + POS_NUM_rate_baixo,"[""dc78143ff0d6""]",dc78143ff0d6,195,0.13541666666666666,False,0.94999999999999996,"[""numerais"", ""subordinacao""]",numerais|subordinacao,False,True,False,0,research_only,ineligible,
8e416f2cf60e,"[""DEP_ccomp_rate_baixo"", ""DEP_det_rate_baixo"", ""DEP_mark_rate_baixo""]",DEP_ccomp_rate_baixo + DEP_det_rate_baixo + DEP_mark_rate_baixo,"[""0dc87d377fe1"", ""1909b5bbc946""]",1909b5bbc946,102,0.070833333333333331,False,0.75,"[""DEP_ccomp"", ""determinacao"", ""subordinacao""]",DEP_ccomp|determinacao|subordinacao,False,True,False,0,research_only,ineligible,
8e7f30c40788,"[""DEP_acl:relcl_rate_baixo"", ""DEP_flat:name_rate_alto"", ""DEP_nummod_rate_baixo""]",DEP_acl:relcl_rate_baixo + DEP_flat:name_rate_alto + DEP_nummod_rate_baixo,"[""58ba8ac57bc1"", ""b15160bce0b2""]",b15160bce0b2,139,0.096527777777777782,False,0.96999999999999997,"[""DEP_acl:relcl"", ""DEP_flat:name"", ""numerais""]",DEP_acl:relcl|DEP_flat:name|numerais,False,True,False,0,research_only,ineligible,
8ef085729e37,"[""DEP_nmod_rate_baixo"", ""DEP_nsubj:pass_rate_baixo"", ""POS_PRON_rate_alto""]",DEP_nmod_rate_baixo + DEP_nsubj:pass_rate_baixo + POS_PRON_rate_alto,"[""c17f70f58bae""]",c17f70f58bae,123,0.085416666666666669,True,0.66000000000000003,"[""DEP_nmod"", ""DEP_nsubj:pass"", ""POS_PRON""]",DEP_nmod|DEP_nsubj:pass|POS_PRON,False,True,False,0,research_only,ineligible,
8f8174f3a2b5,"[""DEP_acl:relcl_rate_baixo"", ""DEP_nsubj:pass_rate_baixo"", ""DEP_obl_rate_baixo""]",DEP_acl:relcl_rate_baixo + DEP_nsubj:pass_rate_baixo + DEP_obl_rate_baixo,"[""7b7d5e355d1f""]",7b7d5e355d1f,164,0.11388888888888889,False,0.65000000000000002,"[""DEP_acl:relcl"", ""DEP_nsubj:pass"", ""DEP_obl""]",DEP_acl:relcl|DEP_nsubj:pass|DEP_obl,False,True,False,0,research_only,ineligible,
8fb394666b48,"[""DEP_acl_rate_alto"", ""DEP_advcl_rate_baixo""]",DEP_acl_rate_alto + DEP_advcl_rate_baixo,"[""ed777f546d94""]",ed777f546d94,231,0.16041666666666668,False,0.72999999999999998,"[""DEP_acl"", ""DEP_advcl""]",DEP_acl|DEP_advcl,False,True,False,0,research_only,ineligible,
8fc9f0cc7032,"[""DEP_nmod_rate_alto"", ""POS_ADP_rate_alto"", ""POS_PRON_rate_baixo""]",DEP_nmod_rate_alto + POS_ADP_rate_alto + POS_PRON_rate_baixo,"[""0c225be1bb59"", ""10df32c813bc"", ""9ce10446820f""]",0c225be1bb59,110,0.076388888888888895,False,0.70999999999999996,"[""DEP_nmod"", ""POS_PRON"", ""relacoes_preposicionais""]",DEP_nmod|POS_PRON|relacoes_preposicionais,False,True,False,0,research_only,ineligible,
9004e10d276f,"[""DEP_aux:pass_rate_baixo"", ""DEP_case_rate_baixo""]",DEP_aux:pass_rate_baixo + DEP_case_rate_baixo,"[""926419443ffa""]",926419443ffa,271,0.18819444444444444,True,0.62,"[""auxiliares"", ""relacoes_preposicionais""]",auxiliares|relacoes_preposicionais,False,True,False,0,research_only,ineligible,
902246118ab0,"[""DEP_acl:relcl_rate_baixo"", ""DEP_mark_rate_alto"", ""POS_PRON_rate_baixo""]",DEP_acl:relcl_rate_baixo + DEP_mark_rate_alto + POS_PRON_rate_baixo,"[""f25c28fa38a0""]",f25c28fa38a0,112,0.077777777777777779,False,0.47999999999999998,"[""DEP_acl:relcl"", ""POS_PRON"", ""subordinacao""]",DEP_acl:relcl|POS_PRON|subordinacao,False,True,False,0,research_only,ineligible,
90300d7b9845,"[""DEP_ccomp_rate_baixo"", ""DEP_nsubj:pass_rate_baixo"", ""DEP_xcomp_rate_baixo""]",DEP_ccomp_rate_baixo + DEP_nsubj:pass_rate_baixo + DEP_xcomp_rate_baixo,"[""1a1e639040ba"", ""aed66ac91c77""]",1a1e639040ba,297,0.20624999999999999,False,0.96999999999999997,"[""DEP_ccomp"", ""DEP_nsubj:pass"", ""DEP_xcomp""]",DEP_ccomp|DEP_nsubj:pass|DEP_xcomp,False,True,False,0,research_only,ineligible,
908c2e6c1227,"[""DEP_acl_rate_baixo"", ""DEP_advmod_rate_alto"", ""DEP_nummod_rate_baixo""]",DEP_acl_rate_baixo + DEP_advmod_rate_alto + DEP_nummod_rate_baixo,"[""01a6743084b6"", ""1586a315f31f""]",01a6743084b6,113,0.078472222222222221,False,1,"[""DEP_acl"", ""modificacao_adverbial"", ""numerais""]",DEP_acl|modificacao_adverbial|numerais,False,True,False,0,research_only,ineligible,
919bf96c9377,"[""DEP_acl_rate_baixo"", ""DEP_aux:pass_rate_baixo"", ""POS_ADJ_rate_alto""]",DEP_acl_rate_baixo + DEP_aux:pass_rate_baixo + POS_ADJ_rate_alto,"[""8e89959f03dd""]",8e89959f03dd,134,0.093055555555555558,True,0.59999999999999998,"[""DEP_acl"", ""adjetivacao"", ""auxiliares""]",DEP_acl|adjetivacao|auxiliares,False,True,False,0,research_only,ineligible,
91a8cd9d5349,"[""DEP_acl_rate_baixo"", ""DEP_aux:pass_rate_baixo"", ""POS_NOUN_rate_baixo""]",DEP_acl_rate_baixo + DEP_aux:pass_rate_baixo + POS_NOUN_rate_baixo,"[""ca1b64b03b32""]",ca1b64b03b32,135,0.09375,False,0.75,"[""DEP_acl"", ""POS_NOUN"", ""auxiliares""]",DEP_acl|POS_NOUN|auxiliares,False,True,False,0,research_only,ineligible,
91ba3358eaca,"[""DEP_acl:relcl_rate_baixo"", ""DEP_obl_rate_baixo"", ""DEP_xcomp_rate_baixo""]",DEP_acl:relcl_rate_baixo + DEP_obl_rate_baixo + DEP_xcomp_rate_baixo,"[""a15568121d54""]",a15568121d54,105,0.072916666666666671,False,0.54000000000000004,"[""DEP_acl:relcl"", ""DEP_obl"", ""DEP_xcomp""]",DEP_acl:relcl|DEP_obl|DEP_xcomp,False,True,False,0,research_only,ineligible,
922bf43fe0e0,"[""DEP_advcl_rate_baixo"", ""DEP_cop_rate_baixo"", ""DEP_obj_rate_alto""]",DEP_advcl_rate_baixo + DEP_cop_rate_baixo + DEP_obj_rate_alto,"[""b13e4333c886""]",b13e4333c886,117,0.081250000000000003,True,0.69999999999999996,"[""DEP_advcl"", ""DEP_cop"", ""DEP_obj""]",DEP_advcl|DEP_cop|DEP_obj,False,True,False,0,research_only,ineligible,
9247956be805,"[""DEP_ccomp_rate_baixo"", ""DEP_mark_rate_baixo"", ""POS_NOUN_rate_alto""]",DEP_ccomp_rate_baixo + DEP_mark_rate_baixo + POS_NOUN_rate_alto,"[""a3374320c212"", ""efe12998991c""]",a3374320c212,112,0.077777777777777779,False,1,"[""DEP_ccomp"", ""POS_NOUN"", ""subordinacao""]",DEP_ccomp|POS_NOUN|subordinacao,False,True,False,0,research_only,ineligible,
925f7e605210,"[""DEP_advcl_rate_baixo"", ""DEP_ccomp_rate_baixo"", ""POS_DET_rate_baixo""]",DEP_advcl_rate_baixo + DEP_ccomp_rate_baixo + POS_DET_rate_baixo,"[""072077f59128""]",072077f59128,122,0.084722222222222227,False,0.80000000000000004,"[""DEP_advcl"", ""DEP_ccomp"", ""determinacao""]",DEP_advcl|DEP_ccomp|determinacao,False,True,False,0,research_only,ineligible,
92f6e4b604d1,"[""DEP_mark_rate_baixo"", ""DEP_nummod_rate_alto"", ""POS_NUM_rate_alto""]",DEP_mark_rate_baixo + DEP_nummod_rate_alto + POS_NUM_rate_alto,"[""4aa8df6995b6"", ""b19a0afd3da4""]",b19a0afd3da4,114,0.079166666666666663,False,0.93000000000000005,"[""numerais"", ""subordinacao""]",numerais|subordinacao,True,True,False,0,research_only,ineligible,
9362ff9f0a66,"[""DEP_det_rate_baixo"", ""DEP_mark_rate_baixo"", ""POS_SCONJ_rate_baixo""]",DEP_det_rate_baixo + DEP_mark_rate_baixo + POS_SCONJ_rate_baixo,"[""af532f1e8bcf"", ""f3645d629f34""]",f3645d629f34,114,0.079166666666666663,False,0.98999999999999999,"[""determinacao"", ""subordinacao""]",determinacao|subordinacao,True,True,False,0,research_only,ineligible,
93e59d3fdf5c,"[""DEP_advcl_rate_baixo"", ""DEP_mark_rate_baixo"", ""POS_NOUN_rate_alto""]",DEP_advcl_rate_baixo + DEP_mark_rate_baixo + POS_NOUN_rate_alto,"[""42c677f8b18e"", ""522c02b467cd""]",522c02b467cd,105,0.072916666666666671,False,0.92000000000000004,"[""DEP_advcl"", ""POS_NOUN"", ""subordinacao""]",DEP_advcl|POS_NOUN|subordinacao,False,True,False,0,research_only,ineligible,
93fd0ad493e5,"[""DEP_nsubj:pass_rate_baixo"", ""DEP_obl_rate_baixo"", ""uppercaseRatio_baixo""]",DEP_nsubj:pass_rate_baixo + DEP_obl_rate_baixo + uppercaseRatio_baixo,"[""25ad727c1566""]",25ad727c1566,135,0.09375,False,0.81000000000000005,"[""DEP_nsubj:pass"", ""DEP_obl"", ""uppercaseRatio""]",DEP_nsubj:pass|DEP_obl|uppercaseRatio,False,True,False,0,research_only,ineligible,
941930c8c9e1,"[""DEP_advcl_rate_baixo"", ""DEP_flat:name_rate_alto"", ""POS_VERB_rate_baixo""]",DEP_advcl_rate_baixo + DEP_flat:name_rate_alto + POS_VERB_rate_baixo,"[""107e0119b385""]",107e0119b385,117,0.081250000000000003,True,0.69999999999999996,"[""DEP_advcl"", ""DEP_flat:name"", ""POS_VERB""]",DEP_advcl|DEP_flat:name|POS_VERB,False,True,False,0,research_only,ineligible,
95d2147a45e6,"[""DEP_advcl_rate_baixo"", ""DEP_ccomp_rate_baixo"", ""DEP_det_rate_baixo""]",DEP_advcl_rate_baixo + DEP_ccomp_rate_baixo + DEP_det_rate_baixo,"[""a22a7d0cac3e""]",a22a7d0cac3e,116,0.080555555555555561,False,0.80000000000000004,"[""DEP_advcl"", ""DEP_ccomp"", ""determinacao""]",DEP_advcl|DEP_ccomp|determinacao,False,True,False,0,research_only,ineligible,
95fa5cb15333,"[""DEP_nsubj:pass_rate_baixo"", ""DEP_nsubj_rate_alto"", ""POS_SCONJ_rate_alto""]",DEP_nsubj:pass_rate_baixo + DEP_nsubj_rate_alto + POS_SCONJ_rate_alto,"[""1139d30d97e5""]",1139d30d97e5,127,0.08819444444444445,True,0.75,"[""DEP_nsubj"", ""DEP_nsubj:pass"", ""subordinacao""]",DEP_nsubj|DEP_nsubj:pass|subordinacao,False,True,False,0,research_only,ineligible,
961777438cf2,"[""DEP_case_rate_alto"", ""DEP_cop_rate_baixo"", ""POS_PRON_rate_baixo""]",DEP_case_rate_alto + DEP_cop_rate_baixo + POS_PRON_rate_baixo,"[""c87b3fb32eb4""]",c87b3fb32eb4,104,0.072222222222222215,False,0.70999999999999996,"[""DEP_cop"", ""POS_PRON"", ""relacoes_preposicionais""]",DEP_cop|POS_PRON|relacoes_preposicionais,False,True,False,0,research_only,ineligible,
965759173025,"[""DEP_cop_rate_baixo"", ""POS_NUM_rate_baixo"", ""POS_PRON_rate_baixo""]",DEP_cop_rate_baixo + POS_NUM_rate_baixo + POS_PRON_rate_baixo,"[""e3478d4c2be0""]",e3478d4c2be0,107,0.074305555555555555,False,0.69999999999999996,"[""DEP_cop"", ""POS_PRON"", ""numerais""]",DEP_cop|POS_PRON|numerais,False,True,False,0,research_only,ineligible,
9695812b8794,"[""DEP_acl:relcl_rate_baixo"", ""DEP_nmod_rate_alto"", ""POS_SCONJ_rate_baixo""]",DEP_acl:relcl_rate_baixo + DEP_nmod_rate_alto + POS_SCONJ_rate_baixo,"[""1260d868ff50""]",1260d868ff50,115,0.079861111111111105,False,0.63,"[""DEP_acl:relcl"", ""DEP_nmod"", ""subordinacao""]",DEP_acl:relcl|DEP_nmod|subordinacao,False,True,False,0,research_only,ineligible,
9703c7f26a7b,"[""DEP_cop_rate_baixo"", ""DEP_xcomp_rate_alto"", ""POS_VERB_rate_alto""]",DEP_cop_rate_baixo + DEP_xcomp_rate_alto + POS_VERB_rate_alto,"[""995fdf1401b2"", ""d9fd1c600daf""]",995fdf1401b2,143,0.09930555555555555,True,0.60999999999999999,"[""DEP_cop"", ""DEP_xcomp"", ""POS_VERB""]",DEP_cop|DEP_xcomp|POS_VERB,False,True,False,0,research_only,ineligible,
975791220d87,"[""DEP_advmod_rate_alto"", ""DEP_nummod_rate_baixo""]",DEP_advmod_rate_alto + DEP_nummod_rate_baixo,"[""d006eb302cd2""]",d006eb302cd2,219,0.15208333333333332,False,0.65000000000000002,"[""modificacao_adverbial"", ""numerais""]",modificacao_adverbial|numerais,False,True,False,0,research_only,ineligible,
977a911016bb,"[""DEP_ccomp_rate_baixo"", ""DEP_xcomp_rate_baixo"", ""uppercaseRatio_alto""]",DEP_ccomp_rate_baixo + DEP_xcomp_rate_baixo + uppercaseRatio_alto,"[""1963779ad9c7"", ""678fceb31a1d""]",1963779ad9c7,94,0.065277777777777782,False,0.75,"[""DEP_ccomp"", ""DEP_xcomp"", ""uppercaseRatio""]",DEP_ccomp|DEP_xcomp|uppercaseRatio,False,True,False,0,research_only,ineligible,
981dfd062dd0,"[""DEP_acl:relcl_rate_baixo"", ""DEP_advcl_rate_alto"", ""DEP_ccomp_rate_baixo""]",DEP_acl:relcl_rate_baixo + DEP_advcl_rate_alto + DEP_ccomp_rate_baixo,"[""bba7cd248181""]",bba7cd248181,131,0.090972222222222218,False,0.87,"[""DEP_acl:relcl"", ""DEP_advcl"", ""DEP_ccomp""]",DEP_acl:relcl|DEP_advcl|DEP_ccomp,False,True,False,0,research_only,ineligible,
98fc043ab94e,"[""DEP_case_rate_baixo"", ""DEP_nmod_rate_baixo"", ""POS_NUM_rate_baixo""]",DEP_case_rate_baixo + DEP_nmod_rate_baixo + POS_NUM_rate_baixo,"[""89d4013256d3"", ""c4f6da20a97e""]",c4f6da20a97e,111,0.077083333333333337,False,0.60999999999999999,"[""DEP_nmod"", ""numerais"", ""relacoes_preposicionais""]",DEP_nmod|numerais|relacoes_preposicionais,False,True,False,0,research_only,ineligible,
99451a75bee5,"[""DEP_acl:relcl_rate_alto"", ""DEP_acl_rate_baixo""]",DEP_acl:relcl_rate_alto + DEP_acl_rate_baixo,"[""373005f91852""]",373005f91852,218,0.15138888888888888,True,0.64000000000000001,"[""DEP_acl"", ""DEP_acl:relcl""]",DEP_acl|DEP_acl:relcl,False,True,False,0,research_only,ineligible,
995fffce3a6d,"[""DEP_conj_rate_baixo"", ""DEP_mark_rate_alto"", ""POS_CCONJ_rate_baixo""]",DEP_conj_rate_baixo + DEP_mark_rate_alto + POS_CCONJ_rate_baixo,"[""1aa5ffd8b526"", ""f8a2148eb0f5""]",1aa5ffd8b526,102,0.070833333333333331,False,0.44,"[""coordenacao"", ""subordinacao""]",coordenacao|subordinacao,True,True,False,0,research_only,ineligible,
99a671409aec,"[""DEP_acl:relcl_rate_baixo"", ""DEP_advcl_rate_baixo"", ""uppercaseRatio_alto""]",DEP_acl:relcl_rate_baixo + DEP_advcl_rate_baixo + uppercaseRatio_alto,"[""211d9ad38889""]",211d9ad38889,136,0.094444444444444442,False,0.64000000000000001,"[""DEP_acl:relcl"", ""DEP_advcl"", ""uppercaseRatio""]",DEP_acl:relcl|DEP_advcl|uppercaseRatio,False,True,False,0,research_only,ineligible,
99b17e424818,"[""DEP_nmod_rate_baixo"", ""POS_VERB_rate_alto""]",DEP_nmod_rate_baixo + POS_VERB_rate_alto,"[""3ab86d809db2"", ""c4d1ba2a6cbb""]",3ab86d809db2,213,0.14791666666666667,True,0.63,"[""DEP_nmod"", ""POS_VERB""]",DEP_nmod|POS_VERB,False,True,False,0,research_only,ineligible,
99f65f9ed009,"[""DEP_nsubj:pass_rate_baixo"", ""DEP_xcomp_rate_baixo"", ""POS_CCONJ_rate_alto""]",DEP_nsubj:pass_rate_baixo + DEP_xcomp_rate_baixo + POS_CCONJ_rate_alto,"[""cac2f1e95f59""]",cac2f1e95f59,132,0.09166666666666666,False,0.57999999999999996,"[""DEP_nsubj:pass"", ""DEP_xcomp"", ""coordenacao""]",DEP_nsubj:pass|DEP_xcomp|coordenacao,False,True,False,0,research_only,ineligible,
9acc1781cd85,"[""DEP_cc_rate_alto"", ""DEP_nsubj:pass_rate_baixo"", ""DEP_nummod_rate_baixo""]",DEP_cc_rate_alto + DEP_nsubj:pass_rate_baixo + DEP_nummod_rate_baixo,"[""0468268de1d7"", ""78d06df4e929""]",0468268de1d7,203,0.14097222222222222,True,0.66000000000000003,"[""DEP_nsubj:pass"", ""coordenacao"", ""numerais""]",DEP_nsubj:pass|coordenacao|numerais,False,True,False,0,research_only,ineligible,
9b31508d45c8,"[""DEP_conj_rate_alto"", ""DEP_xcomp_rate_baixo""]",DEP_conj_rate_alto + DEP_xcomp_rate_baixo,"[""22a0b7a80d0b""]",22a0b7a80d0b,172,0.11944444444444445,False,0.87,"[""DEP_xcomp"", ""coordenacao""]",DEP_xcomp|coordenacao,False,True,False,0,research_only,ineligible,
9bf1f8c4136c,"[""DEP_ccomp_rate_baixo"", ""DEP_nummod_rate_baixo"", ""DEP_xcomp_rate_baixo""]",DEP_ccomp_rate_baixo + DEP_nummod_rate_baixo + DEP_xcomp_rate_baixo,"[""34cfec0f070a""]",34cfec0f070a,213,0.14791666666666667,False,0.56999999999999995,"[""DEP_ccomp"", ""DEP_xcomp"", ""numerais""]",DEP_ccomp|DEP_xcomp|numerais,False,True,False,0,research_only,ineligible,
9c36610d0eeb,"[""DEP_acl:relcl_rate_baixo"", ""DEP_aux:pass_rate_alto"", ""DEP_xcomp_rate_baixo""]",DEP_acl:relcl_rate_baixo + DEP_aux:pass_rate_alto + DEP_xcomp_rate_baixo,"[""349cacdd0cbb""]",349cacdd0cbb,119,0.082638888888888887,True,0.72999999999999998,"[""DEP_acl:relcl"", ""DEP_xcomp"", ""auxiliares""]",DEP_acl:relcl|DEP_xcomp|auxiliares,False,True,False,0,research_only,ineligible,
9c46a328b762,"[""DEP_acl_rate_baixo"", ""DEP_case_rate_baixo"", ""DEP_nsubj:pass_rate_baixo""]",DEP_acl_rate_baixo + DEP_case_rate_baixo + DEP_nsubj:pass_rate_baixo,"[""668a0b70b6de""]",668a0b70b6de,149,0.10347222222222222,False,0.92000000000000004,"[""DEP_acl"", ""DEP_nsubj:pass"", ""relacoes_preposicionais""]",DEP_acl|DEP_nsubj:pass|relacoes_preposicionais,False,True,False,0,research_only,ineligible,
9ca4471a76ae,"[""DEP_aux:pass_rate_baixo"", ""DEP_nummod_rate_alto"", ""POS_AUX_rate_baixo""]",DEP_aux:pass_rate_baixo + DEP_nummod_rate_alto + POS_AUX_rate_baixo,"[""c762fd520ec8""]",c762fd520ec8,121,0.084027777777777785,True,0.35999999999999999,"[""auxiliares"", ""numerais""]",auxiliares|numerais,True,True,False,0,research_only,ineligible,
9ce2bdcf2462,"[""DEP_acl:relcl_rate_baixo"", ""DEP_nummod_rate_baixo"", ""POS_ADJ_rate_alto""]",DEP_acl:relcl_rate_baixo + DEP_nummod_rate_baixo + POS_ADJ_rate_alto,"[""adfc5fb09947""]",adfc5fb09947,129,0.089583333333333334,True,0.66000000000000003,"[""DEP_acl:relcl"", ""adjetivacao"", ""numerais""]",DEP_acl:relcl|adjetivacao|numerais,False,True,False,0,research_only,ineligible,
9d213298d7fa,"[""DEP_cc_rate_alto"", ""DEP_conj_rate_alto"", ""POS_SCONJ_rate_baixo""]",DEP_cc_rate_alto + DEP_conj_rate_alto + POS_SCONJ_rate_baixo,"[""464b0b1b4b4e"", ""e8c2116671a4""]",464b0b1b4b4e,110,0.076388888888888895,False,0.57999999999999996,"[""coordenacao"", ""subordinacao""]",coordenacao|subordinacao,True,True,False,0,research_only,ineligible,
9d858905cb58,"[""DEP_nsubj:pass_rate_baixo"", ""DEP_xcomp_rate_baixo"", ""POS_PRON_rate_alto""]",DEP_nsubj:pass_rate_baixo + DEP_xcomp_rate_baixo + POS_PRON_rate_alto,"[""6b456d15c274""]",6b456d15c274,117,0.081250000000000003,True,0.72999999999999998,"[""DEP_nsubj:pass"", ""DEP_xcomp"", ""POS_PRON""]",DEP_nsubj:pass|DEP_xcomp|POS_PRON,False,True,False,0,research_only,ineligible,
9da6db5c19ec,"[""DEP_acl:relcl_rate_alto"", ""DEP_nummod_rate_baixo""]",DEP_acl:relcl_rate_alto + DEP_nummod_rate_baixo,"[""cf385b07f82b""]",cf385b07f82b,240,0.16666666666666666,True,0.60999999999999999,"[""DEP_acl:relcl"", ""numerais""]",DEP_acl:relcl|numerais,False,True,False,0,research_only,ineligible,
9df8acf94b3e,"[""DEP_acl:relcl_rate_baixo"", ""DEP_case_rate_baixo"", ""DEP_nmod_rate_baixo""]",DEP_acl:relcl_rate_baixo + DEP_case_rate_baixo + DEP_nmod_rate_baixo,"[""69545f64f700"", ""ab672a1e4170""]",ab672a1e4170,112,0.077777777777777779,False,0.46999999999999997,"[""DEP_acl:relcl"", ""DEP_nmod"", ""relacoes_preposicionais""]",DEP_acl:relcl|DEP_nmod|relacoes_preposicionais,False,True,False,0,research_only,ineligible,
9e0e19ee5e38,"[""DEP_ccomp_rate_baixo"", ""POS_PROPN_rate_alto"", ""POS_VERB_rate_baixo""]",DEP_ccomp_rate_baixo + POS_PROPN_rate_alto + POS_VERB_rate_baixo,"[""73d91e3a484a"", ""8694bd72e0dc""]",73d91e3a484a,108,0.074999999999999997,False,0.69999999999999996,"[""DEP_ccomp"", ""POS_PROPN"", ""POS_VERB""]",DEP_ccomp|POS_PROPN|POS_VERB,False,False,False,0,research_only,ineligible,
9f229c20a738,"[""DEP_acl:relcl_rate_baixo"", ""DEP_cop_rate_baixo"", ""DEP_obl_rate_baixo""]",DEP_acl:relcl_rate_baixo + DEP_cop_rate_baixo + DEP_obl_rate_baixo,"[""ae0190659abc""]",ae0190659abc,112,0.077777777777777779,False,0.98999999999999999,"[""DEP_acl:relcl"", ""DEP_cop"", ""DEP_obl""]",DEP_acl:relcl|DEP_cop|DEP_obl,False,True,False,0,research_only,ineligible,
9f884a63e7f8,"[""DEP_nsubj:pass_rate_baixo"", ""POS_NUM_rate_baixo"", ""POS_SCONJ_rate_alto""]",DEP_nsubj:pass_rate_baixo + POS_NUM_rate_baixo + POS_SCONJ_rate_alto,"[""4a0204aaa278"", ""6ee0357f6eac""]",6ee0357f6eac,155,0.1076388888888889,True,0.75,"[""DEP_nsubj:pass"", ""numerais"", ""subordinacao""]",DEP_nsubj:pass|numerais|subordinacao,False,True,False,0,research_only,ineligible,
a08672bcf910,"[""DEP_ccomp_rate_baixo"", ""DEP_mark_rate_baixo"", ""punctuationDensity_spacy_alto""]",DEP_ccomp_rate_baixo + DEP_mark_rate_baixo + punctuationDensity_spacy_alto,"[""cdf4ef559f32"", ""f4a769a31e04""]",cdf4ef559f32,89,0.061805555555555558,False,0.85999999999999999,"[""DEP_ccomp"", ""punctuationDensity_spacy"", ""subordinacao""]",DEP_ccomp|punctuationDensity_spacy|subordinacao,False,True,False,0,research_only,ineligible,
a09a408fe4df,"[""DEP_mark_rate_baixo"", ""POS_DET_rate_baixo"", ""POS_SCONJ_rate_baixo""]",DEP_mark_rate_baixo + POS_DET_rate_baixo + POS_SCONJ_rate_baixo,"[""c936bac89457"", ""dc4661d41fa4""]",dc4661d41fa4,113,0.078472222222222221,False,0.97999999999999998,"[""determinacao"", ""subordinacao""]",determinacao|subordinacao,True,True,False,0,research_only,ineligible,
a2a5b6eefed0,"[""DEP_acl_rate_baixo"", ""DEP_aux:pass_rate_baixo"", ""POS_ADP_rate_baixo""]",DEP_acl_rate_baixo + DEP_aux:pass_rate_baixo + POS_ADP_rate_baixo,"[""7bbdbc4556d5"", ""ea46452bc691""]",7bbdbc4556d5,133,0.092361111111111116,False,0.90000000000000002,"[""DEP_acl"", ""auxiliares"", ""relacoes_preposicionais""]",DEP_acl|auxiliares|relacoes_preposicionais,False,True,False,0,research_only,ineligible,
a2c9aab11759,"[""DEP_nsubj:pass_rate_baixo"", ""POS_CCONJ_rate_alto""]",DEP_nsubj:pass_rate_baixo + POS_CCONJ_rate_alto,"[""5e03d2427015""]",5e03d2427015,289,0.20069444444444445,False,0.63,"[""DEP_nsubj:pass"", ""coordenacao""]",DEP_nsubj:pass|coordenacao,False,True,False,0,research_only,ineligible,
a2d7f544f85e,"[""DEP_acl:relcl_rate_alto"", ""DEP_advcl_rate_baixo"", ""DEP_nsubj:pass_rate_baixo""]",DEP_acl:relcl_rate_alto + DEP_advcl_rate_baixo + DEP_nsubj:pass_rate_baixo,"[""34043ab558e0""]",34043ab558e0,177,0.12291666666666666,True,0.78000000000000003,"[""DEP_acl:relcl"", ""DEP_advcl"", ""DEP_nsubj:pass""]",DEP_acl:relcl|DEP_advcl|DEP_nsubj:pass,False,True,False,0,research_only,ineligible,
a2dcf008bb84,"[""DEP_cc_rate_baixo"", ""DEP_conj_rate_baixo"", ""DEP_mark_rate_alto""]",DEP_cc_rate_baixo + DEP_conj_rate_baixo + DEP_mark_rate_alto,"[""45bd245e05aa"", ""a0c5af7b69c7""]",45bd245e05aa,107,0.074305555555555555,False,0.55000000000000004,"[""coordenacao"", ""subordinacao""]",coordenacao|subordinacao,True,True,False,0,research_only,ineligible,
a2e605820baf,"[""DEP_aux:pass_rate_baixo"", ""POS_NUM_rate_baixo"", ""POS_PRON_rate_alto""]",DEP_aux:pass_rate_baixo + POS_NUM_rate_baixo + POS_PRON_rate_alto,"[""e7eb4b6d85ee""]",e7eb4b6d85ee,124,0.08611111111111111,False,0.96999999999999997,"[""POS_PRON"", ""auxiliares"", ""numerais""]",POS_PRON|auxiliares|numerais,False,True,False,0,research_only,ineligible,
a2ed5a8febac,"[""DEP_advcl_rate_baixo"", ""DEP_mark_rate_baixo"", ""POS_CCONJ_rate_alto""]",DEP_advcl_rate_baixo + DEP_mark_rate_baixo + POS_CCONJ_rate_alto,"[""13d6e24d2b1e""]",13d6e24d2b1e,108,0.074999999999999997,False,0.63,"[""DEP_advcl"", ""coordenacao"", ""subordinacao""]",DEP_advcl|coordenacao|subordinacao,False,True,False,0,research_only,ineligible,
a30aa4399cf9,"[""DEP_acl:relcl_rate_baixo"", ""DEP_nummod_rate_baixo"", ""POS_AUX_rate_baixo""]",DEP_acl:relcl_rate_baixo + DEP_nummod_rate_baixo + POS_AUX_rate_baixo,"[""d74c5ea55771""]",d74c5ea55771,144,0.10000000000000001,True,0.62,"[""DEP_acl:relcl"", ""auxiliares"", ""numerais""]",DEP_acl:relcl|auxiliares|numerais,False,True,False,0,research_only,ineligible,
a3433aaa6753,"[""DEP_acl:relcl_rate_baixo"", ""DEP_appos_rate_alto"", ""DEP_aux:pass_rate_baixo""]",DEP_acl:relcl_rate_baixo + DEP_appos_rate_alto + DEP_aux:pass_rate_baixo,"[""bd93dc67d865""]",bd93dc67d865,183,0.12708333333333333,True,0.69999999999999996,"[""DEP_acl:relcl"", ""DEP_appos"", ""auxiliares""]",DEP_acl:relcl|DEP_appos|auxiliares,False,True,False,0,research_only,ineligible,
a3678315ced8,"[""DEP_advcl_rate_baixo"", ""DEP_xcomp_rate_baixo"", ""POS_DET_rate_baixo""]",DEP_advcl_rate_baixo + DEP_xcomp_rate_baixo + POS_DET_rate_baixo,"[""5a6eba5c63ff"", ""c02d4a93a129""]",5a6eba5c63ff,103,0.071527777777777773,False,0.88,"[""DEP_advcl"", ""DEP_xcomp"", ""determinacao""]",DEP_advcl|DEP_xcomp|determinacao,False,True,False,0,research_only,ineligible,
a37c895018b3,"[""DEP_acl_rate_baixo"", ""DEP_nsubj:pass_rate_baixo"", ""POS_NOUN_rate_baixo""]",DEP_acl_rate_baixo + DEP_nsubj:pass_rate_baixo + POS_NOUN_rate_baixo,"[""32a204d45bd5""]",32a204d45bd5,150,0.10416666666666667,False,0.68999999999999995,"[""DEP_acl"", ""DEP_nsubj:pass"", ""POS_NOUN""]",DEP_acl|DEP_nsubj:pass|POS_NOUN,False,True,False,0,research_only,ineligible,
a3a5a03d07af,"[""DEP_amod_rate_alto"", ""DEP_nsubj:pass_rate_baixo"", ""DEP_xcomp_rate_baixo""]",DEP_amod_rate_alto + DEP_nsubj:pass_rate_baixo + DEP_xcomp_rate_baixo,"[""ec12be1855fc""]",ec12be1855fc,153,0.10625,True,0.71999999999999997,"[""DEP_nsubj:pass"", ""DEP_xcomp"", ""adjetivacao""]",DEP_nsubj:pass|DEP_xcomp|adjetivacao,False,True,False,0,research_only,ineligible,
a3c5ba66b5d6,"[""DEP_acl:relcl_rate_baixo"", ""DEP_cop_rate_baixo"", ""POS_NUM_rate_baixo""]",DEP_acl:relcl_rate_baixo + DEP_cop_rate_baixo + POS_NUM_rate_baixo,"[""8715ce8d092b""]",8715ce8d092b,189,0.13125000000000001,True,0.53000000000000003,"[""DEP_acl:relcl"", ""DEP_cop"", ""numerais""]",DEP_acl:relcl|DEP_cop|numerais,False,True,False,0,research_only,ineligible,
a4148d9ddf91,"[""DEP_advcl_rate_alto"", ""DEP_conj_rate_baixo"", ""POS_CCONJ_rate_baixo""]",DEP_advcl_rate_alto + DEP_conj_rate_baixo + POS_CCONJ_rate_baixo,"[""0d5f4ff737f6"", ""2cec8808919b""]",2cec8808919b,111,0.077083333333333337,False,0.48999999999999999,"[""DEP_advcl"", ""coordenacao""]",DEP_advcl|coordenacao,True,True,False,0,research_only,ineligible,
a450ef95e6cd,"[""DEP_nmod_rate_baixo"", ""POS_ADP_rate_baixo"", ""POS_NUM_rate_baixo""]",DEP_nmod_rate_baixo + POS_ADP_rate_baixo + POS_NUM_rate_baixo,"[""724068d2a03e"", ""9e8ed349a06d"", ""bed36d168cbd""]",724068d2a03e,115,0.079861111111111105,False,0.81000000000000005,"[""DEP_nmod"", ""numerais"", ""relacoes_preposicionais""]",DEP_nmod|numerais|relacoes_preposicionais,False,True,False,0,research_only,ineligible,
a49efab6b219,"[""DEP_advcl_rate_alto"", ""DEP_aux:pass_rate_baixo"", ""POS_AUX_rate_baixo""]",DEP_advcl_rate_alto + DEP_aux:pass_rate_baixo + POS_AUX_rate_baixo,"[""6cd771f9631d""]",6cd771f9631d,109,0.075694444444444439,False,0.17000000000000001,"[""DEP_advcl"", ""auxiliares""]",DEP_advcl|auxiliares,True,True,False,0,research_only,ineligible,
a4d263b7c826,"[""DEP_acl_rate_alto"", ""DEP_nsubj:pass_rate_baixo""]",DEP_acl_rate_alto + DEP_nsubj:pass_rate_baixo,"[""5626d6429734""]",5626d6429734,311,0.21597222222222223,True,0.76000000000000001,"[""DEP_acl"", ""DEP_nsubj:pass""]",DEP_acl|DEP_nsubj:pass,False,True,False,0,research_only,ineligible,
a4d41e844284,"[""DEP_advmod_rate_baixo"", ""DEP_nummod_rate_baixo"", ""DEP_xcomp_rate_baixo""]",DEP_advmod_rate_baixo + DEP_nummod_rate_baixo + DEP_xcomp_rate_baixo,"[""fbb2c2050c8d""]",fbb2c2050c8d,161,0.11180555555555556,True,0.60999999999999999,"[""DEP_xcomp"", ""modificacao_adverbial"", ""numerais""]",DEP_xcomp|modificacao_adverbial|numerais,False,True,False,0,research_only,ineligible,
a4e6f26f3447,"[""DEP_acl:relcl_rate_baixo"", ""DEP_nummod_rate_baixo"", ""DEP_obl_rate_baixo""]",DEP_acl:relcl_rate_baixo + DEP_nummod_rate_baixo + DEP_obl_rate_baixo,"[""b26fc5346c25""]",b26fc5346c25,138,0.09583333333333334,True,0.75,"[""DEP_acl:relcl"", ""DEP_obl"", ""numerais""]",DEP_acl:relcl|DEP_obl|numerais,False,True,False,0,research_only,ineligible,
a50bd09db53b,"[""DEP_acl:relcl_rate_baixo"", ""DEP_nsubj_rate_baixo"", ""POS_SCONJ_rate_baixo""]",DEP_acl:relcl_rate_baixo + DEP_nsubj_rate_baixo + POS_SCONJ_rate_baixo,"[""6d7526e74c06""]",6d7526e74c06,114,0.079166666666666663,False,0.77000000000000002,"[""DEP_acl:relcl"", ""DEP_nsubj"", ""subordinacao""]",DEP_acl:relcl|DEP_nsubj|subordinacao,False,True,False,0,research_only,ineligible,
a5243c9037bd,"[""DEP_acl:relcl_rate_baixo"", ""DEP_conj_rate_alto"", ""DEP_nsubj:pass_rate_baixo""]",DEP_acl:relcl_rate_baixo + DEP_conj_rate_alto + DEP_nsubj:pass_rate_baixo,"[""a3b41c7b324f""]",a3b41c7b324f,188,0.13055555555555556,True,0.62,"[""DEP_acl:relcl"", ""DEP_nsubj:pass"", ""coordenacao""]",DEP_acl:relcl|DEP_nsubj:pass|coordenacao,False,True,False,0,research_only,ineligible,
a55f95faa93a,"[""DEP_acl_rate_baixo"", ""DEP_nsubj:pass_rate_alto""]",DEP_acl_rate_baixo + DEP_nsubj:pass_rate_alto,"[""f2459314d1f5""]",f2459314d1f5,192,0.13333333333333333,True,0.59999999999999998,"[""DEP_acl"", ""DEP_nsubj:pass""]",DEP_acl|DEP_nsubj:pass,False,True,False,0,research_only,ineligible,
a582c34f5a35,"[""DEP_nummod_rate_baixo"", ""POS_ADJ_rate_alto""]",DEP_nummod_rate_baixo + POS_ADJ_rate_alto,"[""5dc9f303b73e""]",5dc9f303b73e,217,0.15069444444444444,False,0.53000000000000003,"[""adjetivacao"", ""numerais""]",adjetivacao|numerais,False,True,False,0,research_only,ineligible,
a5de19135f46,"[""DEP_appos_rate_alto"", ""DEP_ccomp_rate_baixo""]",DEP_appos_rate_alto + DEP_ccomp_rate_baixo,"[""ff1a49e67f9d""]",ff1a49e67f9d,244,0.16944444444444445,False,0.78000000000000003,"[""DEP_appos"", ""DEP_ccomp""]",DEP_appos|DEP_ccomp,False,True,False,0,research_only,ineligible,
a5ea2e6a072c,"[""DEP_acl_rate_baixo"", ""DEP_nmod_rate_alto"", ""POS_VERB_rate_baixo""]",DEP_acl_rate_baixo + DEP_nmod_rate_alto + POS_VERB_rate_baixo,"[""4814c256cd51"", ""6ed33a9e4040""]",6ed33a9e4040,127,0.08819444444444445,True,0.52000000000000002,"[""DEP_acl"", ""DEP_nmod"", ""POS_VERB""]",DEP_acl|DEP_nmod|POS_VERB,False,True,False,0,research_only,ineligible,
a5fd11310586,"[""DEP_acl:relcl_rate_baixo"", ""POS_CCONJ_rate_alto""]",DEP_acl:relcl_rate_baixo + POS_CCONJ_rate_alto,"[""ad3e3aa43485""]",ad3e3aa43485,246,0.17083333333333334,True,0.62,"[""DEP_acl:relcl"", ""coordenacao""]",DEP_acl:relcl|coordenacao,False,True,False,0,research_only,ineligible,
a602655457c9,"[""DEP_advcl_rate_baixo"", ""DEP_appos_rate_alto"", ""DEP_flat:name_rate_alto""]",DEP_advcl_rate_baixo + DEP_appos_rate_alto + DEP_flat:name_rate_alto,"[""177a20bf43e9"", ""443a9df322f2""]",177a20bf43e9,120,0.083333333333333329,True,0.79000000000000004,"[""DEP_advcl"", ""DEP_appos"", ""DEP_flat:name""]",DEP_advcl|DEP_appos|DEP_flat:name,False,True,False,0,research_only,ineligible,
a65874a0edd0,"[""DEP_advcl_rate_baixo"", ""DEP_nummod_rate_baixo"", ""diversidade_baixo""]",DEP_advcl_rate_baixo + DEP_nummod_rate_baixo + diversidade_baixo,"[""bc4397c513e4""]",bc4397c513e4,134,0.093055555555555558,True,0.57999999999999996,"[""DEP_advcl"", ""diversidade"", ""numerais""]",DEP_advcl|diversidade|numerais,False,True,False,0,research_only,ineligible,
a76879b6eb7c,"[""DEP_ccomp_rate_baixo"", ""DEP_xcomp_rate_baixo""]",DEP_ccomp_rate_baixo + DEP_xcomp_rate_baixo,"[""1b01969979a1"", ""2a6485a7b0be""]",1b01969979a1,413,0.28680555555555554,False,1,"[""DEP_ccomp"", ""DEP_xcomp""]",DEP_ccomp|DEP_xcomp,False,True,False,0,research_only,ineligible,
a79254611f80,"[""DEP_advcl_rate_baixo"", ""DEP_nummod_rate_alto"", ""POS_SCONJ_rate_baixo""]",DEP_advcl_rate_baixo + DEP_nummod_rate_alto + POS_SCONJ_rate_baixo,"[""5250de0eb897"", ""54bebeb36311""]",5250de0eb897,113,0.078472222222222221,False,0.83999999999999997,"[""DEP_advcl"", ""numerais"", ""subordinacao""]",DEP_advcl|numerais|subordinacao,False,True,False,0,research_only,ineligible,
a79ffd4f35e9,"[""DEP_nummod_rate_baixo"", ""POS_ADV_rate_alto"", ""uppercaseRatio_baixo""]",DEP_nummod_rate_baixo + POS_ADV_rate_alto + uppercaseRatio_baixo,"[""c47108574fe3"", ""d65bb4dd34e3""]",c47108574fe3,118,0.081944444444444445,True,0.76000000000000001,"[""modificacao_adverbial"", ""numerais"", ""uppercaseRatio""]",modificacao_adverbial|numerais|uppercaseRatio,False,True,False,0,research_only,ineligible,
a7f63cb1b785,"[""DEP_acl:relcl_rate_baixo"", ""DEP_cop_rate_baixo"", ""POS_ADV_rate_alto""]",DEP_acl:relcl_rate_baixo + DEP_cop_rate_baixo + POS_ADV_rate_alto,"[""16f03fe105b8""]",16f03fe105b8,110,0.076388888888888895,False,0.57999999999999996,"[""DEP_acl:relcl"", ""DEP_cop"", ""modificacao_adverbial""]",DEP_acl:relcl|DEP_cop|modificacao_adverbial,False,True,False,0,research_only,ineligible,
a96a903ca26a,"[""DEP_advcl_rate_baixo"", ""DEP_mark_rate_baixo"", ""diversidade_baixo""]",DEP_advcl_rate_baixo + DEP_mark_rate_baixo + diversidade_baixo,"[""ff669bc167e5""]",ff669bc167e5,116,0.080555555555555561,True,0.69999999999999996,"[""DEP_advcl"", ""diversidade"", ""subordinacao""]",DEP_advcl|diversidade|subordinacao,False,True,False,0,research_only,ineligible,
aa08e0931883,"[""DEP_advmod_rate_baixo"", ""DEP_aux:pass_rate_baixo"", ""DEP_nummod_rate_baixo""]",DEP_advmod_rate_baixo + DEP_aux:pass_rate_baixo + DEP_nummod_rate_baixo,"[""79d3d1238971""]",79d3d1238971,193,0.13402777777777777,False,0.57999999999999996,"[""auxiliares"", ""modificacao_adverbial"", ""numerais""]",auxiliares|modificacao_adverbial|numerais,False,True,False,0,research_only,ineligible,
aa7748023967,"[""DEP_advcl_rate_baixo"", ""POS_NOUN_rate_alto"", ""POS_SCONJ_rate_baixo""]",DEP_advcl_rate_baixo + POS_NOUN_rate_alto + POS_SCONJ_rate_baixo,"[""4334b6568c42"", ""bc055e440a69""]",4334b6568c42,106,0.073611111111111113,False,0.79000000000000004,"[""DEP_advcl"", ""POS_NOUN"", ""subordinacao""]",DEP_advcl|POS_NOUN|subordinacao,False,True,False,0,research_only,ineligible,
aad186af65a4,"[""DEP_acl_rate_baixo"", ""DEP_amod_rate_alto"", ""DEP_ccomp_rate_baixo""]",DEP_acl_rate_baixo + DEP_amod_rate_alto + DEP_ccomp_rate_baixo,"[""4806983d77a9""]",4806983d77a9,120,0.083333333333333329,True,0.57999999999999996,"[""DEP_acl"", ""DEP_ccomp"", ""adjetivacao""]",DEP_acl|DEP_ccomp|adjetivacao,False,True,False,0,research_only,ineligible,
ab2176050286,"[""DEP_aux:pass_rate_baixo"", ""DEP_cop_rate_baixo"", ""DEP_nummod_rate_alto""]",DEP_aux:pass_rate_baixo + DEP_cop_rate_baixo + DEP_nummod_rate_alto,"[""ae89de6810f9""]",ae89de6810f9,157,0.10902777777777778,False,0.51000000000000001,"[""DEP_cop"", ""auxiliares"", ""numerais""]",DEP_cop|auxiliares|numerais,False,True,False,0,research_only,ineligible,
abb3ced8c680,"[""DEP_acl_rate_baixo"", ""DEP_amod_rate_baixo"", ""DEP_aux:pass_rate_baixo""]",DEP_acl_rate_baixo + DEP_amod_rate_baixo + DEP_aux:pass_rate_baixo,"[""e258bcd01276""]",e258bcd01276,132,0.09166666666666666,False,0.73999999999999999,"[""DEP_acl"", ""adjetivacao"", ""auxiliares""]",DEP_acl|adjetivacao|auxiliares,False,True,False,0,research_only,ineligible,
ac34446aad38,"[""DEP_det_rate_alto"", ""POS_DET_rate_alto"", ""POS_PROPN_rate_baixo""]",DEP_det_rate_alto + POS_DET_rate_alto + POS_PROPN_rate_baixo,"[""45d97e3c9d17"", ""5264eb159542""]",5264eb159542,113,0.078472222222222221,False,0.73999999999999999,"[""POS_PROPN"", ""determinacao""]",POS_PROPN|determinacao,True,True,False,0,research_only,ineligible,
ad029cc101e3,"[""DEP_conj_rate_alto"", ""DEP_det_rate_baixo"", ""POS_DET_rate_baixo""]",DEP_conj_rate_alto + DEP_det_rate_baixo + POS_DET_rate_baixo,"[""5010d332c823"", ""cd6d0b25f426""]",cd6d0b25f426,103,0.071527777777777773,False,0.82999999999999996,"[""coordenacao"", ""determinacao""]",coordenacao|determinacao,True,True,False,0,research_only,ineligible,
ad47a734fe0b,"[""DEP_nsubj:pass_rate_baixo"", ""POS_CCONJ_rate_alto"", ""POS_NUM_rate_baixo""]",DEP_nsubj:pass_rate_baixo + POS_CCONJ_rate_alto + POS_NUM_rate_baixo,"[""b3c6c280e56c""]",b3c6c280e56c,136,0.094444444444444442,False,0.92000000000000004,"[""DEP_nsubj:pass"", ""coordenacao"", ""numerais""]",DEP_nsubj:pass|coordenacao|numerais,False,True,False,0,research_only,ineligible,
ad740f73a8a8,"[""DEP_aux:pass_rate_baixo"", ""DEP_xcomp_rate_baixo"", ""POS_PRON_rate_alto""]",DEP_aux:pass_rate_baixo + DEP_xcomp_rate_baixo + POS_PRON_rate_alto,"[""a5ed5bea44a8""]",a5ed5bea44a8,112,0.077777777777777779,False,0.79000000000000004,"[""DEP_xcomp"", ""POS_PRON"", ""auxiliares""]",DEP_xcomp|POS_PRON|auxiliares,False,True,False,0,research_only,ineligible,
ad95dc524c73,"[""DEP_nsubj:pass_rate_baixo"", ""POS_SCONJ_rate_alto"", ""uppercaseRatio_baixo""]",DEP_nsubj:pass_rate_baixo + POS_SCONJ_rate_alto + uppercaseRatio_baixo,"[""8a83be05c045""]",8a83be05c045,137,0.095138888888888884,True,0.62,"[""DEP_nsubj:pass"", ""subordinacao"", ""uppercaseRatio""]",DEP_nsubj:pass|subordinacao|uppercaseRatio,False,True,False,0,research_only,ineligible,
ae2cbb84f4ae,"[""DEP_acl_rate_baixo"", ""DEP_xcomp_rate_baixo"", ""POS_ADP_rate_alto""]",DEP_acl_rate_baixo + DEP_xcomp_rate_baixo + POS_ADP_rate_alto,"[""e81a808fed4f""]",e81a808fed4f,125,0.086805555555555552,True,0.75,"[""DEP_acl"", ""DEP_xcomp"", ""relacoes_preposicionais""]",DEP_acl|DEP_xcomp|relacoes_preposicionais,False,True,False,0,research_only,ineligible,
aff3182de6f1,"[""DEP_cop_rate_baixo"", ""DEP_obj_rate_alto"", ""POS_NUM_rate_baixo""]",DEP_cop_rate_baixo + DEP_obj_rate_alto + POS_NUM_rate_baixo,"[""f86b267a3b95""]",f86b267a3b95,119,0.082638888888888887,True,0.78000000000000003,"[""DEP_cop"", ""DEP_obj"", ""numerais""]",DEP_cop|DEP_obj|numerais,False,True,False,0,research_only,ineligible,
b0a8da226ba1,"[""DEP_aux:pass_rate_baixo"", ""DEP_nmod_rate_alto"", ""POS_PRON_rate_baixo""]",DEP_aux:pass_rate_baixo + DEP_nmod_rate_alto + POS_PRON_rate_baixo,"[""93154717da88""]",93154717da88,121,0.084027777777777785,False,0.58999999999999997,"[""DEP_nmod"", ""POS_PRON"", ""auxiliares""]",DEP_nmod|POS_PRON|auxiliares,False,True,False,0,research_only,ineligible,
b0ac88121515,"[""DEP_acl_rate_baixo"", ""DEP_amod_rate_baixo"", ""DEP_nsubj:pass_rate_baixo""]",DEP_acl_rate_baixo + DEP_amod_rate_baixo + DEP_nsubj:pass_rate_baixo,"[""0c549ec2b609""]",0c549ec2b609,147,0.10208333333333333,False,0.79000000000000004,"[""DEP_acl"", ""DEP_nsubj:pass"", ""adjetivacao""]",DEP_acl|DEP_nsubj:pass|adjetivacao,False,True,False,0,research_only,ineligible,
b0f09e495023,"[""DEP_case_rate_baixo"", ""DEP_xcomp_rate_baixo"", ""POS_ADP_rate_baixo""]",DEP_case_rate_baixo + DEP_xcomp_rate_baixo + POS_ADP_rate_baixo,"[""57b095c8dc3a"", ""a083caf785a1""]",57b095c8dc3a,119,0.082638888888888887,True,0.46999999999999997,"[""DEP_xcomp"", ""relacoes_preposicionais""]",DEP_xcomp|relacoes_preposicionais,True,True,False,0,research_only,ineligible,
b1971ad7bc95,"[""DEP_acl:relcl_rate_baixo"", ""DEP_nummod_rate_baixo"", ""DEP_obj_rate_baixo""]",DEP_acl:relcl_rate_baixo + DEP_nummod_rate_baixo + DEP_obj_rate_baixo,"[""e1268049f833""]",e1268049f833,107,0.074305555555555555,False,0.91000000000000003,"[""DEP_acl:relcl"", ""DEP_obj"", ""numerais""]",DEP_acl:relcl|DEP_obj|numerais,False,True,False,0,research_only,ineligible,
b2197340b358,"[""DEP_acl:relcl_rate_baixo"", ""DEP_obl_rate_alto"", ""POS_PRON_rate_baixo""]",DEP_acl:relcl_rate_baixo + DEP_obl_rate_alto + POS_PRON_rate_baixo,"[""809b2dae48b5"", ""e464805e0ac9""]",809b2dae48b5,101,0.07013888888888889,False,0.62,"[""DEP_acl:relcl"", ""DEP_obl"", ""POS_PRON""]",DEP_acl:relcl|DEP_obl|POS_PRON,False,True,False,0,research_only,ineligible,
b2b99da85188,"[""DEP_advmod_rate_baixo"", ""DEP_cop_rate_baixo"", ""POS_ADP_rate_alto""]",DEP_advmod_rate_baixo + DEP_cop_rate_baixo + POS_ADP_rate_alto,"[""797ce39b41a8""]",797ce39b41a8,122,0.084722222222222227,True,0.69999999999999996,"[""DEP_cop"", ""modificacao_adverbial"", ""relacoes_preposicionais""]",DEP_cop|modificacao_adverbial|relacoes_preposicionais,False,True,False,0,research_only,ineligible,
b2ff16af8cc9,"[""DEP_nsubj:pass_rate_baixo"", ""DEP_xcomp_rate_alto"", ""POS_VERB_rate_alto""]",DEP_nsubj:pass_rate_baixo + DEP_xcomp_rate_alto + POS_VERB_rate_alto,"[""04b31e3432de"", ""7327f0c4a8c9"", ""8c22ad1dff2b""]",04b31e3432de,148,0.10277777777777777,True,0.77000000000000002,"[""DEP_nsubj:pass"", ""DEP_xcomp"", ""POS_VERB""]",DEP_nsubj:pass|DEP_xcomp|POS_VERB,False,True,False,0,research_only,ineligible,
b347fbd090f0,"[""DEP_amod_rate_alto"", ""DEP_xcomp_rate_baixo""]",DEP_amod_rate_alto + DEP_xcomp_rate_baixo,"[""ac758b9e2761""]",ac758b9e2761,195,0.13541666666666666,True,0.71999999999999997,"[""DEP_xcomp"", ""adjetivacao""]",DEP_xcomp|adjetivacao,False,True,False,0,research_only,ineligible,
b3949a172b68,"[""DEP_acl:relcl_rate_baixo"", ""DEP_cop_rate_baixo"", ""POS_NOUN_rate_baixo""]",DEP_acl:relcl_rate_baixo + DEP_cop_rate_baixo + POS_NOUN_rate_baixo,"[""aea4142f9af0""]",aea4142f9af0,106,0.073611111111111113,False,0.67000000000000004,"[""DEP_acl:relcl"", ""DEP_cop"", ""POS_NOUN""]",DEP_acl:relcl|DEP_cop|POS_NOUN,False,True,False,0,research_only,ineligible,
b39adea23fd2,"[""DEP_acl:relcl_rate_baixo"", ""DEP_advcl_rate_baixo"", ""DEP_cc_rate_alto""]",DEP_acl:relcl_rate_baixo + DEP_advcl_rate_baixo + DEP_cc_rate_alto,"[""6f556f18c487""]",6f556f18c487,160,0.1111111111111111,False,0.57999999999999996,"[""DEP_acl:relcl"", ""DEP_advcl"", ""coordenacao""]",DEP_acl:relcl|DEP_advcl|coordenacao,False,True,False,0,research_only,ineligible,
b464e6a35d4d,"[""DEP_case_rate_alto"", ""DEP_nsubj:pass_rate_baixo"", ""POS_SCONJ_rate_baixo""]",DEP_case_rate_alto + DEP_nsubj:pass_rate_baixo + POS_SCONJ_rate_baixo,"[""74c8c0e99064""]",74c8c0e99064,136,0.094444444444444442,True,0.53000000000000003,"[""DEP_nsubj:pass"", ""relacoes_preposicionais"", ""subordinacao""]",DEP_nsubj:pass|relacoes_preposicionais|subordinacao,False,True,False,0,research_only,ineligible,
b49c3964f644,"[""DEP_case_rate_alto"", ""DEP_ccomp_rate_baixo"", ""POS_NOUN_rate_alto""]",DEP_case_rate_alto + DEP_ccomp_rate_baixo + POS_NOUN_rate_alto,"[""a80949775a51""]",a80949775a51,116,0.080555555555555561,True,0.57999999999999996,"[""DEP_ccomp"", ""POS_NOUN"", ""relacoes_preposicionais""]",DEP_ccomp|POS_NOUN|relacoes_preposicionais,False,True,False,0,research_only,ineligible,
b4d2bedee8a2,"[""DEP_acl:relcl_rate_baixo"", ""DEP_advcl_rate_baixo"", ""DEP_amod_rate_alto""]",DEP_acl:relcl_rate_baixo + DEP_advcl_rate_baixo + DEP_amod_rate_alto,"[""836dca4c2c49""]",836dca4c2c49,117,0.081250000000000003,False,0.55000000000000004,"[""DEP_acl:relcl"", ""DEP_advcl"", ""adjetivacao""]",DEP_acl:relcl|DEP_advcl|adjetivacao,False,True,False,0,research_only,ineligible,
b4f5b7f71f07,"[""DEP_xcomp_rate_baixo"", ""POS_VERB_rate_baixo"", ""uppercaseRatio_baixo""]",DEP_xcomp_rate_baixo + POS_VERB_rate_baixo + uppercaseRatio_baixo,"[""da7bb218286a""]",da7bb218286a,110,0.076388888888888895,False,0.41999999999999998,"[""DEP_xcomp"", ""POS_VERB"", ""uppercaseRatio""]",DEP_xcomp|POS_VERB|uppercaseRatio,False,True,False,0,research_only,ineligible,
b56ead538ba7,"[""DEP_acl:relcl_rate_baixo"", ""DEP_appos_rate_baixo"", ""POS_PRON_rate_baixo""]",DEP_acl:relcl_rate_baixo + DEP_appos_rate_baixo + POS_PRON_rate_baixo,"[""89ac8b4cce98"", ""94b3b243ec88""]",94b3b243ec88,115,0.079861111111111105,False,0.98999999999999999,"[""DEP_acl:relcl"", ""DEP_appos"", ""POS_PRON""]",DEP_acl:relcl|DEP_appos|POS_PRON,False,True,False,0,research_only,ineligible,
b5b380a56589,"[""DEP_advcl_rate_baixo"", ""DEP_ccomp_rate_baixo"", ""diversidade_alto""]",DEP_advcl_rate_baixo + DEP_ccomp_rate_baixo + diversidade_alto,"[""b208a328a620""]",b208a328a620,102,0.070833333333333331,False,0.62,"[""DEP_advcl"", ""DEP_ccomp"", ""diversidade""]",DEP_advcl|DEP_ccomp|diversidade,False,False,False,0,research_only,ineligible,
b62a57cf20e0,"[""DEP_acl:relcl_rate_baixo"", ""DEP_advcl_rate_baixo"", ""DEP_advmod_rate_baixo""]",DEP_acl:relcl_rate_baixo + DEP_advcl_rate_baixo + DEP_advmod_rate_baixo,"[""4f3f7041aec0""]",4f3f7041aec0,185,0.12847222222222221,True,0.47999999999999998,"[""DEP_acl:relcl"", ""DEP_advcl"", ""modificacao_adverbial""]",DEP_acl:relcl|DEP_advcl|modificacao_adverbial,False,True,False,0,research_only,ineligible,
b66d55a8ca31,"[""DEP_nummod_rate_baixo"", ""DEP_obj_rate_alto"", ""POS_VERB_rate_alto""]",DEP_nummod_rate_baixo + DEP_obj_rate_alto + POS_VERB_rate_alto,"[""5b0b2ad82c49""]",5b0b2ad82c49,139,0.096527777777777782,True,0.72999999999999998,"[""DEP_obj"", ""POS_VERB"", ""numerais""]",DEP_obj|POS_VERB|numerais,False,True,False,0,research_only,ineligible,
b6a8a66f71fd,"[""DEP_advcl_rate_baixo"", ""DEP_aux:pass_rate_baixo"", ""DEP_obl_rate_alto""]",DEP_advcl_rate_baixo + DEP_aux:pass_rate_baixo + DEP_obl_rate_alto,"[""b14cdbcdec42""]",b14cdbcdec42,153,0.10625,False,0.89000000000000001,"[""DEP_advcl"", ""DEP_obl"", ""auxiliares""]",DEP_advcl|DEP_obl|auxiliares,False,True,False,0,research_only,ineligible,
b6bec908c734,"[""DEP_case_rate_alto"", ""POS_SCONJ_rate_baixo""]",DEP_case_rate_alto + POS_SCONJ_rate_baixo,"[""f28430887488""]",f28430887488,191,0.13263888888888889,True,0.78000000000000003,"[""relacoes_preposicionais"", ""subordinacao""]",relacoes_preposicionais|subordinacao,False,True,False,0,research_only,ineligible,
b6f4ce586fc3,"[""DEP_case_rate_alto"", ""POS_ADP_rate_alto"", ""uppercaseRatio_baixo""]",DEP_case_rate_alto + POS_ADP_rate_alto + uppercaseRatio_baixo,"[""02dc3d2afcd0"", ""b91c68282ba0""]",02dc3d2afcd0,114,0.079166666666666663,False,1,"[""relacoes_preposicionais"", ""uppercaseRatio""]",relacoes_preposicionais|uppercaseRatio,True,True,False,0,research_only,ineligible,
b714fa6a7d10,"[""DEP_case_rate_baixo"", ""uppercaseRatio_baixo""]",DEP_case_rate_baixo + uppercaseRatio_baixo,"[""5fe6bec0f69f""]",5fe6bec0f69f,184,0.12777777777777777,True,0.78000000000000003,"[""relacoes_preposicionais"", ""uppercaseRatio""]",relacoes_preposicionais|uppercaseRatio,False,True,False,0,research_only,ineligible,
b7a1f5f9872f,"[""DEP_acl_rate_baixo"", ""DEP_case_rate_alto"", ""DEP_xcomp_rate_baixo""]",DEP_acl_rate_baixo + DEP_case_rate_alto + DEP_xcomp_rate_baixo,"[""b6e4f622e90e""]",b6e4f622e90e,120,0.083333333333333329,True,0.64000000000000001,"[""DEP_acl"", ""DEP_xcomp"", ""relacoes_preposicionais""]",DEP_acl|DEP_xcomp|relacoes_preposicionais,False,True,False,0,research_only,ineligible,
b7b1dec87d04,"[""DEP_nummod_rate_baixo"", ""POS_ADJ_rate_alto"", ""uppercaseRatio_baixo""]",DEP_nummod_rate_baixo + POS_ADJ_rate_alto + uppercaseRatio_baixo,"[""768ad32dac3f"", ""81d189f137b7""]",768ad32dac3f,110,0.076388888888888895,False,0.93000000000000005,"[""adjetivacao"", ""numerais"", ""uppercaseRatio""]",adjetivacao|numerais|uppercaseRatio,False,True,False,0,research_only,ineligible,
b807a58208ed,"[""DEP_aux:pass_rate_alto"", ""DEP_nsubj:pass_rate_alto"", ""POS_NUM_rate_baixo""]",DEP_aux:pass_rate_alto + DEP_nsubj:pass_rate_alto + POS_NUM_rate_baixo,"[""8478630d6cb8"", ""e4edf5b45283""]",8478630d6cb8,101,0.07013888888888889,False,0.76000000000000001,"[""DEP_nsubj:pass"", ""auxiliares"", ""numerais""]",DEP_nsubj:pass|auxiliares|numerais,False,True,False,0,research_only,ineligible,
b96484396cc5,"[""DEP_acl_rate_baixo"", ""DEP_advcl_rate_baixo"", ""DEP_appos_rate_alto""]",DEP_acl_rate_baixo + DEP_advcl_rate_baixo + DEP_appos_rate_alto,"[""8fdca326d0e3""]",8fdca326d0e3,130,0.090277777777777776,True,0.67000000000000004,"[""DEP_acl"", ""DEP_advcl"", ""DEP_appos""]",DEP_acl|DEP_advcl|DEP_appos,False,True,False,0,research_only,ineligible,
b97ffc0e300d,"[""DEP_advmod_rate_baixo"", ""DEP_obj_rate_alto"", ""POS_ADV_rate_baixo""]",DEP_advmod_rate_baixo + DEP_obj_rate_alto + POS_ADV_rate_baixo,"[""6c46cc8fbadd"", ""9a294293e096""]",9a294293e096,119,0.082638888888888887,True,0.70999999999999996,"[""DEP_obj"", ""modificacao_adverbial""]",DEP_obj|modificacao_adverbial,True,False,False,0,research_only,ineligible,
b9937f10ab5f,"[""DEP_nmod_rate_baixo"", ""DEP_nummod_rate_baixo"", ""uppercaseRatio_baixo""]",DEP_nmod_rate_baixo + DEP_nummod_rate_baixo + uppercaseRatio_baixo,"[""d502e671217d"", ""fd999780431b""]",fd999780431b,110,0.076388888888888895,False,0.96999999999999997,"[""DEP_nmod"", ""numerais"", ""uppercaseRatio""]",DEP_nmod|numerais|uppercaseRatio,False,True,False,0,research_only,ineligible,
b9b8c217a180,"[""DEP_advcl_rate_baixo"", ""POS_DET_rate_baixo""]",DEP_advcl_rate_baixo + POS_DET_rate_baixo,"[""82f1aec16895""]",82f1aec16895,202,0.14027777777777778,False,0.48999999999999999,"[""DEP_advcl"", ""determinacao""]",DEP_advcl|determinacao,False,True,False,0,research_only,ineligible,
bba91109e0e2,"[""DEP_nsubj:pass_rate_baixo"", ""DEP_nummod_rate_baixo"", ""POS_ADV_rate_baixo""]",DEP_nsubj:pass_rate_baixo + DEP_nummod_rate_baixo + POS_ADV_rate_baixo,"[""57f5ec97ec3d""]",57f5ec97ec3d,193,0.13402777777777777,True,0.57999999999999996,"[""DEP_nsubj:pass"", ""modificacao_adverbial"", ""numerais""]",DEP_nsubj:pass|modificacao_adverbial|numerais,False,True,False,0,research_only,ineligible,
bbc2b5878daf,"[""DEP_advcl_rate_baixo"", ""DEP_mark_rate_baixo"", ""POS_NUM_rate_baixo""]",DEP_advcl_rate_baixo + DEP_mark_rate_baixo + POS_NUM_rate_baixo,"[""10827f77fd91""]",10827f77fd91,115,0.079861111111111105,False,1,"[""DEP_advcl"", ""numerais"", ""subordinacao""]",DEP_advcl|numerais|subordinacao,False,True,False,0,research_only,ineligible,
bbedde1a0460,"[""DEP_amod_rate_alto"", ""DEP_ccomp_rate_baixo"", ""DEP_nummod_rate_baixo""]",DEP_amod_rate_alto + DEP_ccomp_rate_baixo + DEP_nummod_rate_baixo,"[""b9985c35c76d""]",b9985c35c76d,137,0.095138888888888884,False,0.65000000000000002,"[""DEP_ccomp"", ""adjetivacao"", ""numerais""]",DEP_ccomp|adjetivacao|numerais,False,True,False,0,research_only,ineligible,
bc42d3986e89,"[""DEP_mark_rate_alto"", ""POS_AUX_rate_alto"", ""POS_SCONJ_rate_alto""]",DEP_mark_rate_alto + POS_AUX_rate_alto + POS_SCONJ_rate_alto,"[""208a1b4a3995"", ""9713acf5b5c9""]",208a1b4a3995,108,0.074999999999999997,False,0.71999999999999997,"[""auxiliares"", ""subordinacao""]",auxiliares|subordinacao,True,True,False,0,research_only,ineligible,
bc96b0610d88,"[""DEP_acl:relcl_rate_baixo"", ""DEP_nsubj:pass_rate_baixo"", ""POS_NUM_rate_alto""]",DEP_acl:relcl_rate_baixo + DEP_nsubj:pass_rate_baixo + POS_NUM_rate_alto,"[""699dddb3d227""]",699dddb3d227,149,0.10347222222222222,False,0.56000000000000005,"[""DEP_acl:relcl"", ""DEP_nsubj:pass"", ""numerais""]",DEP_acl:relcl|DEP_nsubj:pass|numerais,False,True,False,0,research_only,ineligible,
bc9e0daf12f5,"[""DEP_cc_rate_baixo"", ""DEP_ccomp_rate_baixo"", ""DEP_xcomp_rate_baixo""]",DEP_cc_rate_baixo + DEP_ccomp_rate_baixo + DEP_xcomp_rate_baixo,"[""5e6c3623403c""]",5e6c3623403c,126,0.087499999999999994,False,0.84999999999999998,"[""DEP_ccomp"", ""DEP_xcomp"", ""coordenacao""]",DEP_ccomp|DEP_xcomp|coordenacao,False,True,False,0,research_only,ineligible,
bca90096ec11,"[""DEP_acl:relcl_rate_baixo"", ""DEP_acl_rate_alto"", ""DEP_nummod_rate_baixo""]",DEP_acl:relcl_rate_baixo + DEP_acl_rate_alto + DEP_nummod_rate_baixo,"[""4157d43b71ea""]",4157d43b71ea,173,0.12013888888888889,True,0.75,"[""DEP_acl"", ""DEP_acl:relcl"", ""numerais""]",DEP_acl|DEP_acl:relcl|numerais,False,True,False,0,research_only,ineligible,
bcb7bd6368e9,"[""DEP_cop_rate_baixo"", ""DEP_nsubj:pass_rate_baixo"", ""POS_ADP_rate_baixo""]",DEP_cop_rate_baixo + DEP_nsubj:pass_rate_baixo + POS_ADP_rate_baixo,"[""d71989d92e86""]",d71989d92e86,136,0.094444444444444442,True,0.69999999999999996,"[""DEP_cop"", ""DEP_nsubj:pass"", ""relacoes_preposicionais""]",DEP_cop|DEP_nsubj:pass|relacoes_preposicionais,False,True,False,0,research_only,ineligible,
bcbe6ca7c5ab,"[""DEP_mark_rate_baixo"", ""POS_SCONJ_rate_baixo"", ""punctuationDensity_spacy_alto""]",DEP_mark_rate_baixo + POS_SCONJ_rate_baixo + punctuationDensity_spacy_alto,"[""4a567188d6e8"", ""7716cf19aae7""]",4a567188d6e8,99,0.068750000000000006,False,0.93000000000000005,"[""punctuationDensity_spacy"", ""subordinacao""]",punctuationDensity_spacy|subordinacao,True,True,False,0,research_only,ineligible,
bcf49a1c7a83,"[""DEP_advcl_rate_baixo"", ""DEP_nsubj:pass_rate_baixo"", ""POS_NOUN_rate_alto""]",DEP_advcl_rate_baixo + DEP_nsubj:pass_rate_baixo + POS_NOUN_rate_alto,"[""bb163a564f06""]",bb163a564f06,172,0.11944444444444445,True,0.70999999999999996,"[""DEP_advcl"", ""DEP_nsubj:pass"", ""POS_NOUN""]",DEP_advcl|DEP_nsubj:pass|POS_NOUN,False,True,False,0,research_only,ineligible,
bd2e3caf147c,"[""DEP_acl_rate_alto"", ""DEP_xcomp_rate_baixo""]",DEP_acl_rate_alto + DEP_xcomp_rate_baixo,"[""a6bf8f6e0997""]",a6bf8f6e0997,191,0.13263888888888889,False,0.69999999999999996,"[""DEP_acl"", ""DEP_xcomp""]",DEP_acl|DEP_xcomp,False,True,False,0,research_only,ineligible,
bd59e5dbaff4,"[""DEP_advmod_rate_baixo"", ""DEP_conj_rate_baixo"", ""POS_CCONJ_rate_baixo""]",DEP_advmod_rate_baixo + DEP_conj_rate_baixo + POS_CCONJ_rate_baixo,"[""a60aaca2c2a0"", ""d0d0ecd2c001""]",a60aaca2c2a0,128,0.088888888888888892,True,0.79000000000000004,"[""coordenacao"", ""modificacao_adverbial""]",coordenacao|modificacao_adverbial,True,True,False,0,research_only,ineligible,
bd781d196fc8,"[""DEP_advmod_rate_baixo"", ""DEP_conj_rate_alto"", ""POS_ADV_rate_baixo""]",DEP_advmod_rate_baixo + DEP_conj_rate_alto + POS_ADV_rate_baixo,"[""59c85570e9cc"", ""859788d8ffe0""]",59c85570e9cc,106,0.073611111111111113,False,0.71999999999999997,"[""coordenacao"", ""modificacao_adverbial""]",coordenacao|modificacao_adverbial,True,True,False,0,research_only,ineligible,
bdcdb60a2a21,"[""DEP_ccomp_rate_baixo"", ""DEP_xcomp_rate_baixo"", ""POS_CCONJ_rate_baixo""]",DEP_ccomp_rate_baixo + DEP_xcomp_rate_baixo + POS_CCONJ_rate_baixo,"[""5ebc8a53eeb9""]",5ebc8a53eeb9,120,0.083333333333333329,False,0.84999999999999998,"[""DEP_ccomp"", ""DEP_xcomp"", ""coordenacao""]",DEP_ccomp|DEP_xcomp|coordenacao,False,True,False,0,research_only,ineligible,
bdf7380623b4,"[""DEP_nsubj:pass_rate_baixo"", ""DEP_obl_rate_baixo"", ""POS_NUM_rate_baixo""]",DEP_nsubj:pass_rate_baixo + DEP_obl_rate_baixo + POS_NUM_rate_baixo,"[""0a184cebec43""]",0a184cebec43,130,0.090277777777777776,True,0.68999999999999995,"[""DEP_nsubj:pass"", ""DEP_obl"", ""numerais""]",DEP_nsubj:pass|DEP_obl|numerais,False,True,False,0,research_only,ineligible,
beb6817a9551,"[""DEP_ccomp_rate_baixo"", ""DEP_det_rate_baixo"", ""POS_SCONJ_rate_baixo""]",DEP_ccomp_rate_baixo + DEP_det_rate_baixo + POS_SCONJ_rate_baixo,"[""22d4b1cf5d1d"", ""65ff73bf4e82""]",65ff73bf4e82,104,0.072222222222222215,False,0.70999999999999996,"[""DEP_ccomp"", ""determinacao"", ""subordinacao""]",DEP_ccomp|determinacao|subordinacao,False,True,False,0,research_only,ineligible,
bfc3b304dedb,"[""DEP_acl:relcl_rate_alto"", ""DEP_acl_rate_baixo"", ""DEP_nummod_rate_baixo""]",DEP_acl:relcl_rate_alto + DEP_acl_rate_baixo + DEP_nummod_rate_baixo,"[""6eba289ba277"", ""db61c63104dd""]",6eba289ba277,144,0.10000000000000001,True,0.78000000000000003,"[""DEP_acl"", ""DEP_acl:relcl"", ""numerais""]",DEP_acl|DEP_acl:relcl|numerais,False,True,False,0,research_only,ineligible,
bfc52d6d20fc,"[""DEP_advcl_rate_baixo"", ""DEP_cop_rate_baixo"", ""DEP_nsubj:pass_rate_alto""]",DEP_advcl_rate_baixo + DEP_cop_rate_baixo + DEP_nsubj:pass_rate_alto,"[""34305cdf71e7""]",34305cdf71e7,114,0.079166666666666663,False,0.94999999999999996,"[""DEP_advcl"", ""DEP_cop"", ""DEP_nsubj:pass""]",DEP_advcl|DEP_cop|DEP_nsubj:pass,False,True,False,0,research_only,ineligible,
c059ad5b7c32,"[""DEP_cop_rate_baixo"", ""DEP_mark_rate_baixo"", ""POS_PRON_rate_baixo""]",DEP_cop_rate_baixo + DEP_mark_rate_baixo + POS_PRON_rate_baixo,"[""b46f3ed3afba""]",b46f3ed3afba,106,0.073611111111111113,False,0.75,"[""DEP_cop"", ""POS_PRON"", ""subordinacao""]",DEP_cop|POS_PRON|subordinacao,False,True,False,0,research_only,ineligible,
c0edc7ce6710,"[""DEP_aux:pass_rate_baixo"", ""DEP_case_rate_alto"", ""POS_SCONJ_rate_baixo""]",DEP_aux:pass_rate_baixo + DEP_case_rate_alto + POS_SCONJ_rate_baixo,"[""c7c7f3f2cd90""]",c7c7f3f2cd90,133,0.092361111111111116,True,0.46999999999999997,"[""auxiliares"", ""relacoes_preposicionais"", ""subordinacao""]",auxiliares|relacoes_preposicionais|subordinacao,False,True,False,0,research_only,ineligible,
c15a471a32fb,"[""DEP_det_rate_baixo"", ""POS_DET_rate_baixo"", ""POS_SCONJ_rate_baixo""]",DEP_det_rate_baixo + POS_DET_rate_baixo + POS_SCONJ_rate_baixo,"[""390441a6e6c5"", ""972555fa7443""]",390441a6e6c5,114,0.079166666666666663,False,0.95999999999999996,"[""determinacao"", ""subordinacao""]",determinacao|subordinacao,True,True,False,0,research_only,ineligible,
c1ea994b9d32,"[""DEP_advmod_rate_alto"", ""DEP_nsubj:pass_rate_baixo"", ""POS_ADP_rate_baixo""]",DEP_advmod_rate_alto + DEP_nsubj:pass_rate_baixo + POS_ADP_rate_baixo,"[""02e910ac21df""]",02e910ac21df,129,0.089583333333333334,True,0.75,"[""DEP_nsubj:pass"", ""modificacao_adverbial"", ""relacoes_preposicionais""]",DEP_nsubj:pass|modificacao_adverbial|relacoes_preposicionais,False,True,False,0,research_only,ineligible,
c20b22b33ea5,"[""DEP_mark_rate_alto"", ""DEP_nsubj:pass_rate_baixo"", ""DEP_obj_rate_alto""]",DEP_mark_rate_alto + DEP_nsubj:pass_rate_baixo + DEP_obj_rate_alto,"[""079394b258e8""]",079394b258e8,139,0.096527777777777782,True,0.39000000000000001,"[""DEP_nsubj:pass"", ""DEP_obj"", ""subordinacao""]",DEP_nsubj:pass|DEP_obj|subordinacao,False,True,False,0,research_only,ineligible,
c25d4643f390,"[""DEP_acl:relcl_rate_baixo"", ""DEP_cop_rate_baixo"", ""punctuationDensity_spacy_alto""]",DEP_acl:relcl_rate_baixo + DEP_cop_rate_baixo + punctuationDensity_spacy_alto,"[""e84af2cb9b0d""]",e84af2cb9b0d,106,0.073611111111111113,False,0.58999999999999997,"[""DEP_acl:relcl"", ""DEP_cop"", ""punctuationDensity_spacy""]",DEP_acl:relcl|DEP_cop|punctuationDensity_spacy,False,True,False,0,research_only,ineligible,
c265f09d128e,"[""DEP_acl:relcl_rate_baixo"", ""POS_NUM_rate_baixo"", ""POS_PROPN_rate_alto""]",DEP_acl:relcl_rate_baixo + POS_NUM_rate_baixo + POS_PROPN_rate_alto,"[""7d61b8e156e6""]",7d61b8e156e6,108,0.074999999999999997,False,0.78000000000000003,"[""DEP_acl:relcl"", ""POS_PROPN"", ""numerais""]",DEP_acl:relcl|POS_PROPN|numerais,False,True,False,0,research_only,ineligible,
c29b979659d6,"[""DEP_ccomp_rate_baixo"", ""POS_PROPN_rate_alto""]",DEP_ccomp_rate_baixo + POS_PROPN_rate_alto,"[""2698eb8a7fd7""]",2698eb8a7fd7,223,0.15486111111111112,False,0.90000000000000002,"[""DEP_ccomp"", ""POS_PROPN""]",DEP_ccomp|POS_PROPN,False,False,False,0,research_only,ineligible,
c2a6c625af8e,"[""DEP_ccomp_rate_baixo"", ""POS_PRON_rate_baixo"", ""uppercaseRatio_baixo""]",DEP_ccomp_rate_baixo + POS_PRON_rate_baixo + uppercaseRatio_baixo,"[""23966564f206""]",23966564f206,112,0.077777777777777779,False,0.53000000000000003,"[""DEP_ccomp"", ""POS_PRON"", ""uppercaseRatio""]",DEP_ccomp|POS_PRON|uppercaseRatio,False,False,False,0,research_only,ineligible,
c2bb5736bf72,"[""DEP_acl_rate_baixo"", ""DEP_appos_rate_baixo"", ""uppercaseRatio_baixo""]",DEP_acl_rate_baixo + DEP_appos_rate_baixo + uppercaseRatio_baixo,"[""951dd74fd1dd""]",951dd74fd1dd,127,0.08819444444444445,True,0.66000000000000003,"[""DEP_acl"", ""DEP_appos"", ""uppercaseRatio""]",DEP_acl|DEP_appos|uppercaseRatio,False,True,False,0,research_only,ineligible,
c345b436fd3c,"[""DEP_cop_rate_baixo"", ""POS_NUM_rate_baixo"", ""POS_VERB_rate_alto""]",DEP_cop_rate_baixo + POS_NUM_rate_baixo + POS_VERB_rate_alto,"[""13d78dbdf18a"", ""fad4e4afa0a4""]",13d78dbdf18a,117,0.081250000000000003,False,0.69999999999999996,"[""DEP_cop"", ""POS_VERB"", ""numerais""]",DEP_cop|POS_VERB|numerais,False,True,False,0,research_only,ineligible,
c36e4bfa41b4,"[""DEP_acl:relcl_rate_baixo"", ""DEP_obl_rate_baixo"", ""POS_NUM_rate_baixo""]",DEP_acl:relcl_rate_baixo + DEP_obl_rate_baixo + POS_NUM_rate_baixo,"[""9812ae0bc47f"", ""9d12bdf58d72""]",9812ae0bc47f,97,0.067361111111111108,False,0.59999999999999998,"[""DEP_acl:relcl"", ""DEP_obl"", ""numerais""]",DEP_acl:relcl|DEP_obl|numerais,False,True,False,0,research_only,ineligible,
c3c4057b92a2,"[""DEP_case_rate_baixo"", ""DEP_nummod_rate_baixo"", ""POS_DET_rate_alto""]",DEP_case_rate_baixo + DEP_nummod_rate_baixo + POS_DET_rate_alto,"[""082dff0449ed""]",082dff0449ed,119,0.082638888888888887,True,0.66000000000000003,"[""determinacao"", ""numerais"", ""relacoes_preposicionais""]",determinacao|numerais|relacoes_preposicionais,False,True,False,0,research_only,ineligible,
c483ea84cc58,"[""DEP_flat:name_rate_alto"", ""POS_PROPN_rate_alto"", ""POS_VERB_rate_baixo""]",DEP_flat:name_rate_alto + POS_PROPN_rate_alto + POS_VERB_rate_baixo,"[""337361357296"", ""57d782c17377""]",57d782c17377,107,0.074305555555555555,False,0.59999999999999998,"[""DEP_flat:name"", ""POS_PROPN"", ""POS_VERB""]",DEP_flat:name|POS_PROPN|POS_VERB,False,True,False,0,research_only,ineligible,
c49dc983f97f,"[""DEP_case_rate_alto"", ""DEP_cop_rate_baixo"", ""DEP_det_rate_baixo""]",DEP_case_rate_alto + DEP_cop_rate_baixo + DEP_det_rate_baixo,"[""088f6f7dbc4f"", ""b773d27df1c4""]",b773d27df1c4,102,0.070833333333333331,False,0.63,"[""DEP_cop"", ""determinacao"", ""relacoes_preposicionais""]",DEP_cop|determinacao|relacoes_preposicionais,False,True,False,0,research_only,ineligible,
c505f0dc956b,"[""DEP_conj_rate_alto"", ""POS_CCONJ_rate_alto"", ""POS_SCONJ_rate_baixo""]",DEP_conj_rate_alto + POS_CCONJ_rate_alto + POS_SCONJ_rate_baixo,"[""3884a2bf5098"", ""74989e2aa29c""]",74989e2aa29c,105,0.072916666666666671,False,0.57999999999999996,"[""coordenacao"", ""subordinacao""]",coordenacao|subordinacao,True,True,False,0,research_only,ineligible,
c5176bc5a73e,"[""DEP_advmod_rate_baixo"", ""DEP_aux:pass_rate_baixo"", ""POS_NUM_rate_baixo""]",DEP_advmod_rate_baixo + DEP_aux:pass_rate_baixo + POS_NUM_rate_baixo,"[""670e4f357a14""]",670e4f357a14,132,0.09166666666666666,False,0.87,"[""auxiliares"", ""modificacao_adverbial"", ""numerais""]",auxiliares|modificacao_adverbial|numerais,False,True,False,0,research_only,ineligible,
c5e7e0719132,"[""DEP_acl_rate_baixo"", ""POS_PRON_rate_alto"", ""uppercaseRatio_baixo""]",DEP_acl_rate_baixo + POS_PRON_rate_alto + uppercaseRatio_baixo,"[""5b2c843ea9f9"", ""7f3b5c033728""]",7f3b5c033728,115,0.079861111111111105,False,0.65000000000000002,"[""DEP_acl"", ""POS_PRON"", ""uppercaseRatio""]",DEP_acl|POS_PRON|uppercaseRatio,False,True,False,0,research_only,ineligible,
c653ac34978f,"[""DEP_acl:relcl_rate_baixo"", ""DEP_nsubj:pass_rate_alto"", ""POS_PRON_rate_baixo""]",DEP_acl:relcl_rate_baixo + DEP_nsubj:pass_rate_alto + POS_PRON_rate_baixo,"[""4ce01004ef8a"", ""cc995c0d6a4c""]",4ce01004ef8a,113,0.078472222222222221,False,1,"[""DEP_acl:relcl"", ""DEP_nsubj:pass"", ""POS_PRON""]",DEP_acl:relcl|DEP_nsubj:pass|POS_PRON,False,True,False,0,research_only,ineligible,
c6bc64ffb0d0,"[""DEP_case_rate_alto"", ""DEP_ccomp_rate_baixo"", ""DEP_det_rate_baixo""]",DEP_case_rate_alto + DEP_ccomp_rate_baixo + DEP_det_rate_baixo,"[""7a4dd5eaf9ec"", ""919905c7cd26""]",7a4dd5eaf9ec,116,0.080555555555555561,True,0.64000000000000001,"[""DEP_ccomp"", ""determinacao"", ""relacoes_preposicionais""]",DEP_ccomp|determinacao|relacoes_preposicionais,False,True,False,0,research_only,ineligible,
c710594f0b56,"[""DEP_cop_rate_baixo"", ""DEP_nummod_rate_baixo"", ""punctuationDensity_spacy_baixo""]",DEP_cop_rate_baixo + DEP_nummod_rate_baixo + punctuationDensity_spacy_baixo,"[""bb32a5ca4d1c""]",bb32a5ca4d1c,106,0.073611111111111113,False,0.76000000000000001,"[""DEP_cop"", ""numerais"", ""punctuationDensity_spacy""]",DEP_cop|numerais|punctuationDensity_spacy,False,True,False,0,research_only,ineligible,
c7a6eeff1700,"[""DEP_aux:pass_rate_baixo"", ""POS_ADJ_rate_alto"", ""uppercaseRatio_baixo""]",DEP_aux:pass_rate_baixo + POS_ADJ_rate_alto + uppercaseRatio_baixo,"[""2af08bd0d39a"", ""fa46d972b74c""]",2af08bd0d39a,147,0.10208333333333333,True,0.67000000000000004,"[""adjetivacao"", ""auxiliares"", ""uppercaseRatio""]",adjetivacao|auxiliares|uppercaseRatio,False,True,False,0,research_only,ineligible,
c8741db3b7ae,"[""DEP_nummod_rate_alto"", ""POS_NUM_rate_alto"", ""POS_PRON_rate_baixo""]",DEP_nummod_rate_alto + POS_NUM_rate_alto + POS_PRON_rate_baixo,"[""3d7375bbf201"", ""4cfdddcb7118""]",3d7375bbf201,110,0.076388888888888895,False,0.59999999999999998,"[""POS_PRON"", ""numerais""]",POS_PRON|numerais,True,True,False,0,research_only,ineligible,
c8aed971b2e1,"[""DEP_nsubj:pass_rate_baixo"", ""DEP_obj_rate_alto"", ""POS_PRON_rate_alto""]",DEP_nsubj:pass_rate_baixo + DEP_obj_rate_alto + POS_PRON_rate_alto,"[""68658785b98d""]",68658785b98d,136,0.094444444444444442,True,0.51000000000000001,"[""DEP_nsubj:pass"", ""DEP_obj"", ""POS_PRON""]",DEP_nsubj:pass|DEP_obj|POS_PRON,False,True,False,0,research_only,ineligible,
c8d6b3144715,"[""DEP_nmod_rate_baixo"", ""DEP_nsubj:pass_rate_baixo"", ""POS_SCONJ_rate_alto""]",DEP_nmod_rate_baixo + DEP_nsubj:pass_rate_baixo + POS_SCONJ_rate_alto,"[""fb58fc9f1738""]",fb58fc9f1738,128,0.088888888888888892,True,0.51000000000000001,"[""DEP_nmod"", ""DEP_nsubj:pass"", ""subordinacao""]",DEP_nmod|DEP_nsubj:pass|subordinacao,False,True,False,0,research_only,ineligible,
c90d1de2e0c1,"[""DEP_aux:pass_rate_baixo"", ""POS_NUM_rate_baixo"", ""POS_SCONJ_rate_alto""]",DEP_aux:pass_rate_baixo + POS_NUM_rate_baixo + POS_SCONJ_rate_alto,"[""42c2faeadfc0"", ""ead7e90dac0f""]",42c2faeadfc0,132,0.09166666666666666,False,0.98999999999999999,"[""auxiliares"", ""numerais"", ""subordinacao""]",auxiliares|numerais|subordinacao,False,True,False,0,research_only,ineligible,
c91ec705edaf,"[""DEP_advcl_rate_baixo"", ""POS_ADP_rate_alto"", ""POS_PRON_rate_baixo""]",DEP_advcl_rate_baixo + POS_ADP_rate_alto + POS_PRON_rate_baixo,"[""9a822965db6b""]",9a822965db6b,115,0.079861111111111105,False,0.59999999999999998,"[""DEP_advcl"", ""POS_PRON"", ""relacoes_preposicionais""]",DEP_advcl|POS_PRON|relacoes_preposicionais,False,True,False,0,research_only,ineligible,
c9a21e1421b4,"[""DEP_advmod_rate_alto"", ""DEP_aux:pass_rate_baixo"", ""DEP_xcomp_rate_baixo""]",DEP_advmod_rate_alto + DEP_aux:pass_rate_baixo + DEP_xcomp_rate_baixo,"[""dbebefc8e78a""]",dbebefc8e78a,105,0.072916666666666671,False,0.46000000000000002,"[""DEP_xcomp"", ""auxiliares"", ""modificacao_adverbial""]",DEP_xcomp|auxiliares|modificacao_adverbial,False,True,False,0,research_only,ineligible,
ca2f80f53f5d,"[""DEP_acl_rate_baixo"", ""DEP_flat:name_rate_alto"", ""DEP_xcomp_rate_baixo""]",DEP_acl_rate_baixo + DEP_flat:name_rate_alto + DEP_xcomp_rate_baixo,"[""1dfb1aa88250"", ""30a73b1b13ff""]",1dfb1aa88250,114,0.079166666666666663,False,0.72999999999999998,"[""DEP_acl"", ""DEP_flat:name"", ""DEP_xcomp""]",DEP_acl|DEP_flat:name|DEP_xcomp,False,True,False,0,research_only,ineligible,
cab78fe01f93,"[""DEP_cc_rate_baixo"", ""DEP_ccomp_rate_alto"", ""DEP_conj_rate_baixo""]",DEP_cc_rate_baixo + DEP_ccomp_rate_alto + DEP_conj_rate_baixo,"[""bf880fe0e8c8"", ""d35eafdcb9c8""]",d35eafdcb9c8,103,0.071527777777777773,False,0.87,"[""DEP_ccomp"", ""coordenacao""]",DEP_ccomp|coordenacao,True,True,False,0,research_only,ineligible,
cacbb955b3d5,"[""DEP_nmod_rate_baixo"", ""POS_ADP_rate_baixo"", ""uppercaseRatio_baixo""]",DEP_nmod_rate_baixo + POS_ADP_rate_baixo + uppercaseRatio_baixo,"[""8169419d14ad"", ""d07c57e77014"", ""d896a859daf5""]",d896a859daf5,117,0.081250000000000003,True,0.66000000000000003,"[""DEP_nmod"", ""relacoes_preposicionais"", ""uppercaseRatio""]",DEP_nmod|relacoes_preposicionais|uppercaseRatio,False,True,False,0,research_only,ineligible,
caee7632f7f9,"[""DEP_acl:relcl_rate_baixo"", ""DEP_advmod_rate_baixo"", ""POS_PROPN_rate_alto""]",DEP_acl:relcl_rate_baixo + DEP_advmod_rate_baixo + POS_PROPN_rate_alto,"[""f481e1082555""]",f481e1082555,121,0.084027777777777785,True,0.79000000000000004,"[""DEP_acl:relcl"", ""POS_PROPN"", ""modificacao_adverbial""]",DEP_acl:relcl|POS_PROPN|modificacao_adverbial,False,True,False,0,research_only,ineligible,
cbddaeae11e1,"[""DEP_acl:relcl_rate_baixo"", ""DEP_advcl_rate_baixo"", ""DEP_ccomp_rate_alto""]",DEP_acl:relcl_rate_baixo + DEP_advcl_rate_baixo + DEP_ccomp_rate_alto,"[""139dbac4b301""]",139dbac4b301,146,0.10138888888888889,True,0.67000000000000004,"[""DEP_acl:relcl"", ""DEP_advcl"", ""DEP_ccomp""]",DEP_acl:relcl|DEP_advcl|DEP_ccomp,False,True,False,0,research_only,ineligible,
cbea2b59a810,"[""DEP_acl:relcl_rate_baixo"", ""DEP_cop_rate_baixo""]",DEP_acl:relcl_rate_baixo + DEP_cop_rate_baixo,"[""66eac4a229c3"", ""e4625ee44a56""]",e4625ee44a56,494,0.34305555555555556,False,0.78000000000000003,"[""DEP_acl:relcl"", ""DEP_cop""]",DEP_acl:relcl|DEP_cop,False,True,False,0,research_only,ineligible,
cc0054489aaa,"[""DEP_ccomp_rate_baixo"", ""DEP_flat:name_rate_alto"", ""DEP_nsubj:pass_rate_baixo""]",DEP_ccomp_rate_baixo + DEP_flat:name_rate_alto + DEP_nsubj:pass_rate_baixo,"[""5671b3a94655""]",5671b3a94655,161,0.11180555555555556,False,0.94999999999999996,"[""DEP_ccomp"", ""DEP_flat:name"", ""DEP_nsubj:pass""]",DEP_ccomp|DEP_flat:name|DEP_nsubj:pass,False,True,False,0,research_only,ineligible,
ccb3f267d171,"[""DEP_advcl_rate_baixo"", ""DEP_cc_rate_alto"", ""POS_SCONJ_rate_baixo""]",DEP_advcl_rate_baixo + DEP_cc_rate_alto + POS_SCONJ_rate_baixo,"[""d6f9cc431fa1""]",d6f9cc431fa1,120,0.083333333333333329,True,0.56000000000000005,"[""DEP_advcl"", ""coordenacao"", ""subordinacao""]",DEP_advcl|coordenacao|subordinacao,False,True,False,0,research_only,ineligible,
ccc761ee1f7a,"[""DEP_case_rate_alto"", ""DEP_cop_rate_baixo"", ""POS_DET_rate_baixo""]",DEP_case_rate_alto + DEP_cop_rate_baixo + POS_DET_rate_baixo,"[""64e411cf490e"", ""8dd5da113eea""]",8dd5da113eea,106,0.073611111111111113,False,0.63,"[""DEP_cop"", ""determinacao"", ""relacoes_preposicionais""]",DEP_cop|determinacao|relacoes_preposicionais,False,True,False,0,research_only,ineligible,
cd6a08794604,"[""DEP_aux:pass_rate_baixo"", ""DEP_xcomp_rate_alto"", ""POS_NUM_rate_baixo""]",DEP_aux:pass_rate_baixo + DEP_xcomp_rate_alto + POS_NUM_rate_baixo,"[""288371282eb0""]",288371282eb0,115,0.079861111111111105,False,0.81000000000000005,"[""DEP_xcomp"", ""auxiliares"", ""numerais""]",DEP_xcomp|auxiliares|numerais,False,True,False,0,research_only,ineligible,
cd84aad875ed,"[""DEP_cop_rate_baixo"", ""DEP_nsubj:pass_rate_baixo"", ""POS_PROPN_rate_alto""]",DEP_cop_rate_baixo + DEP_nsubj:pass_rate_baixo + POS_PROPN_rate_alto,"[""2bf42a95a0aa""]",2bf42a95a0aa,171,0.11874999999999999,True,0.75,"[""DEP_cop"", ""DEP_nsubj:pass"", ""POS_PROPN""]",DEP_cop|DEP_nsubj:pass|POS_PROPN,False,True,False,0,research_only,ineligible,
ce6a303db9a1,"[""DEP_acl:relcl_rate_baixo"", ""DEP_acl_rate_baixo"", ""diversidade_baixo""]",DEP_acl:relcl_rate_baixo + DEP_acl_rate_baixo + diversidade_baixo,"[""62f1e9958e32""]",62f1e9958e32,111,0.077083333333333337,False,0.98999999999999999,"[""DEP_acl"", ""DEP_acl:relcl"", ""diversidade""]",DEP_acl|DEP_acl:relcl|diversidade,False,True,False,0,research_only,ineligible,
ceb30d3e22a4,"[""DEP_advcl_rate_alto"", ""DEP_cc_rate_baixo"", ""DEP_conj_rate_baixo""]",DEP_advcl_rate_alto + DEP_cc_rate_baixo + DEP_conj_rate_baixo,"[""dfdf97803c43"", ""fcbe09a6fef2""]",dfdf97803c43,118,0.081944444444444445,True,0.75,"[""DEP_advcl"", ""coordenacao""]",DEP_advcl|coordenacao,True,True,False,0,research_only,ineligible,
cfbb18507249,"[""DEP_advcl_rate_baixo"", ""DEP_nsubj:pass_rate_baixo"", ""POS_ADJ_rate_alto""]",DEP_advcl_rate_baixo + DEP_nsubj:pass_rate_baixo + POS_ADJ_rate_alto,"[""5376054659a1""]",5376054659a1,174,0.12083333333333333,True,0.68999999999999995,"[""DEP_advcl"", ""DEP_nsubj:pass"", ""adjetivacao""]",DEP_advcl|DEP_nsubj:pass|adjetivacao,False,True,False,0,research_only,ineligible,
d10a276e9f5f,"[""DEP_acl:relcl_rate_baixo"", ""DEP_ccomp_rate_baixo"", ""uppercaseRatio_alto""]",DEP_acl:relcl_rate_baixo + DEP_ccomp_rate_baixo + uppercaseRatio_alto,"[""6aedf7e27e38""]",6aedf7e27e38,128,0.088888888888888892,False,0.93000000000000005,"[""DEP_acl:relcl"", ""DEP_ccomp"", ""uppercaseRatio""]",DEP_acl:relcl|DEP_ccomp|uppercaseRatio,False,True,False,0,research_only,ineligible,
d13310a805d5,"[""DEP_acl:relcl_rate_baixo"", ""DEP_nummod_rate_baixo"", ""DEP_xcomp_rate_alto""]",DEP_acl:relcl_rate_baixo + DEP_nummod_rate_baixo + DEP_xcomp_rate_alto,"[""0f98fe81bd76""]",0f98fe81bd76,134,0.093055555555555558,False,1,"[""DEP_acl:relcl"", ""DEP_xcomp"", ""numerais""]",DEP_acl:relcl|DEP_xcomp|numerais,False,True,False,0,research_only,ineligible,
d1fa92d0d6b3,"[""DEP_appos_rate_alto"", ""DEP_cc_rate_baixo"", ""DEP_conj_rate_baixo""]",DEP_appos_rate_alto + DEP_cc_rate_baixo + DEP_conj_rate_baixo,"[""c253563281ca"", ""c56af895f75e""]",c56af895f75e,134,0.093055555555555558,True,0.60999999999999999,"[""DEP_appos"", ""coordenacao""]",DEP_appos|coordenacao,True,True,False,0,research_only,ineligible,
d2bc0946dbcf,"[""DEP_acl_rate_alto"", ""DEP_aux:pass_rate_baixo"", ""DEP_ccomp_rate_baixo""]",DEP_acl_rate_alto + DEP_aux:pass_rate_baixo + DEP_ccomp_rate_baixo,"[""2845fb028c8d"", ""ad898ab3798a""]",2845fb028c8d,160,0.1111111111111111,False,0.91000000000000003,"[""DEP_acl"", ""DEP_ccomp"", ""auxiliares""]",DEP_acl|DEP_ccomp|auxiliares,False,True,False,0,research_only,ineligible,
d2cbcf7042ad,"[""DEP_acl:relcl_rate_baixo"", ""DEP_obj_rate_baixo""]",DEP_acl:relcl_rate_baixo + DEP_obj_rate_baixo,"[""f10680cfa493""]",f10680cfa493,213,0.14791666666666667,False,0.97999999999999998,"[""DEP_acl:relcl"", ""DEP_obj""]",DEP_acl:relcl|DEP_obj,False,True,False,0,research_only,ineligible,
d34ebc545bc0,"[""DEP_acl_rate_baixo"", ""DEP_ccomp_rate_baixo"", ""POS_AUX_rate_alto""]",DEP_acl_rate_baixo + DEP_ccomp_rate_baixo + POS_AUX_rate_alto,"[""0625713ee9a0""]",0625713ee9a0,111,0.077083333333333337,False,0.64000000000000001,"[""DEP_acl"", ""DEP_ccomp"", ""auxiliares""]",DEP_acl|DEP_ccomp|auxiliares,False,True,False,0,research_only,ineligible,
d4dd8baa37fe,"[""DEP_appos_rate_baixo"", ""DEP_mark_rate_alto"", ""POS_SCONJ_rate_alto""]",DEP_appos_rate_baixo + DEP_mark_rate_alto + POS_SCONJ_rate_alto,"[""217db8263bab"", ""402aaca3be6d""]",402aaca3be6d,123,0.085416666666666669,True,0.76000000000000001,"[""DEP_appos"", ""subordinacao""]",DEP_appos|subordinacao,True,True,False,0,research_only,ineligible,
d4ede6f7dace,"[""DEP_nummod_rate_baixo"", ""DEP_xcomp_rate_baixo"", ""POS_ADP_rate_alto""]",DEP_nummod_rate_baixo + DEP_xcomp_rate_baixo + POS_ADP_rate_alto,"[""c2516698fb92""]",c2516698fb92,122,0.084722222222222227,True,0.78000000000000003,"[""DEP_xcomp"", ""numerais"", ""relacoes_preposicionais""]",DEP_xcomp|numerais|relacoes_preposicionais,False,True,False,0,research_only,ineligible,
d4ee267d18c7,"[""DEP_nummod_rate_baixo"", ""DEP_xcomp_rate_baixo"", ""POS_PRON_rate_alto""]",DEP_nummod_rate_baixo + DEP_xcomp_rate_baixo + POS_PRON_rate_alto,"[""4076198a3e16""]",4076198a3e16,96,0.066666666666666666,False,0.40000000000000002,"[""DEP_xcomp"", ""POS_PRON"", ""numerais""]",DEP_xcomp|POS_PRON|numerais,False,True,False,0,research_only,ineligible,
d683f1cccaf3,"[""DEP_acl_rate_baixo"", ""DEP_ccomp_rate_baixo"", ""punctuationDensity_spacy_alto""]",DEP_acl_rate_baixo + DEP_ccomp_rate_baixo + punctuationDensity_spacy_alto,"[""13a8943a5ed8""]",13a8943a5ed8,114,0.079166666666666663,False,0.78000000000000003,"[""DEP_acl"", ""DEP_ccomp"", ""punctuationDensity_spacy""]",DEP_acl|DEP_ccomp|punctuationDensity_spacy,False,True,False,0,research_only,ineligible,
d6e283efd45b,"[""DEP_advcl_rate_baixo"", ""DEP_amod_rate_alto"", ""DEP_nsubj:pass_rate_baixo""]",DEP_advcl_rate_baixo + DEP_amod_rate_alto + DEP_nsubj:pass_rate_baixo,"[""22fc7719e38d""]",22fc7719e38d,182,0.12638888888888888,True,0.71999999999999997,"[""DEP_advcl"", ""DEP_nsubj:pass"", ""adjetivacao""]",DEP_advcl|DEP_nsubj:pass|adjetivacao,False,True,False,0,research_only,ineligible,
d6e47160980f,"[""DEP_nummod_rate_baixo"", ""DEP_obj_rate_baixo"", ""POS_NUM_rate_baixo""]",DEP_nummod_rate_baixo + DEP_obj_rate_baixo + POS_NUM_rate_baixo,"[""8d53e1339dac"", ""f1b50b663162""]",f1b50b663162,101,0.07013888888888889,False,0.79000000000000004,"[""DEP_obj"", ""numerais""]",DEP_obj|numerais,True,True,False,0,research_only,ineligible,
d71424cce742,"[""DEP_case_rate_baixo"", ""DEP_nsubj:pass_rate_baixo"", ""POS_ADV_rate_alto""]",DEP_case_rate_baixo + DEP_nsubj:pass_rate_baixo + POS_ADV_rate_alto,"[""a6af5f256915""]",a6af5f256915,140,0.097222222222222224,True,0.42999999999999999,"[""DEP_nsubj:pass"", ""modificacao_adverbial"", ""relacoes_preposicionais""]",DEP_nsubj:pass|modificacao_adverbial|relacoes_preposicionais,False,True,False,0,research_only,ineligible,
d85037e5b386,"[""DEP_appos_rate_alto"", ""POS_PROPN_rate_alto""]",DEP_appos_rate_alto + POS_PROPN_rate_alto,"[""cb519bdc676d""]",cb519bdc676d,186,0.12916666666666668,True,0.63,"[""DEP_appos"", ""POS_PROPN""]",DEP_appos|POS_PROPN,False,True,False,0,research_only,ineligible,
d8bcc88062c4,"[""DEP_acl:relcl_rate_baixo"", ""DEP_appos_rate_alto"", ""DEP_ccomp_rate_baixo""]",DEP_acl:relcl_rate_baixo + DEP_appos_rate_alto + DEP_ccomp_rate_baixo,"[""a21643ddcec3""]",a21643ddcec3,164,0.11388888888888889,True,0.68999999999999995,"[""DEP_acl:relcl"", ""DEP_appos"", ""DEP_ccomp""]",DEP_acl:relcl|DEP_appos|DEP_ccomp,False,True,False,0,research_only,ineligible,
d8cc8d7cec45,"[""DEP_acl:relcl_rate_baixo"", ""DEP_xcomp_rate_baixo"", ""punctuationDensity_spacy_alto""]",DEP_acl:relcl_rate_baixo + DEP_xcomp_rate_baixo + punctuationDensity_spacy_alto,"[""2f6e32ce64af""]",2f6e32ce64af,99,0.068750000000000006,False,0.88,"[""DEP_acl:relcl"", ""DEP_xcomp"", ""punctuationDensity_spacy""]",DEP_acl:relcl|DEP_xcomp|punctuationDensity_spacy,False,True,False,0,research_only,ineligible,
d915e68355f4,"[""DEP_advcl_rate_baixo"", ""DEP_xcomp_rate_baixo"", ""punctuationDensity_spacy_alto""]",DEP_advcl_rate_baixo + DEP_xcomp_rate_baixo + punctuationDensity_spacy_alto,"[""53b375725bb4"", ""7a55f1e461f8""]",7a55f1e461f8,91,0.063194444444444442,False,0.90000000000000002,"[""DEP_advcl"", ""DEP_xcomp"", ""punctuationDensity_spacy""]",DEP_advcl|DEP_xcomp|punctuationDensity_spacy,False,True,False,0,research_only,ineligible,
d9c5f2df8e37,"[""DEP_cc_rate_alto"", ""DEP_cop_rate_baixo"", ""POS_AUX_rate_baixo""]",DEP_cc_rate_alto + DEP_cop_rate_baixo + POS_AUX_rate_baixo,"[""925859dae7a2"", ""ed414380058e""]",ed414380058e,115,0.079861111111111105,False,0.31,"[""DEP_cop"", ""auxiliares"", ""coordenacao""]",DEP_cop|auxiliares|coordenacao,False,True,False,0,research_only,ineligible,
da21fe0d1101,"[""DEP_acl:relcl_rate_baixo"", ""DEP_obl_rate_alto"", ""DEP_xcomp_rate_baixo""]",DEP_acl:relcl_rate_baixo + DEP_obl_rate_alto + DEP_xcomp_rate_baixo,"[""4ed486102e71""]",4ed486102e71,122,0.084722222222222227,True,0.52000000000000002,"[""DEP_acl:relcl"", ""DEP_obl"", ""DEP_xcomp""]",DEP_acl:relcl|DEP_obl|DEP_xcomp,False,True,False,0,research_only,ineligible,
da3891fb80d0,"[""DEP_acl:relcl_rate_baixo"", ""DEP_aux:pass_rate_baixo"", ""POS_ADV_rate_alto""]",DEP_acl:relcl_rate_baixo + DEP_aux:pass_rate_baixo + POS_ADV_rate_alto,"[""8ddac01b00d3""]",8ddac01b00d3,153,0.10625,True,0.52000000000000002,"[""DEP_acl:relcl"", ""auxiliares"", ""modificacao_adverbial""]",DEP_acl:relcl|auxiliares|modificacao_adverbial,False,True,False,0,research_only,ineligible,
dad1a19e376e,"[""DEP_acl_rate_baixo"", ""DEP_ccomp_rate_baixo"", ""POS_PROPN_rate_alto""]",DEP_acl_rate_baixo + DEP_ccomp_rate_baixo + POS_PROPN_rate_alto,"[""83942c85b0fb"", ""8d23823c05c1""]",83942c85b0fb,124,0.08611111111111111,True,0.76000000000000001,"[""DEP_acl"", ""DEP_ccomp"", ""POS_PROPN""]",DEP_acl|DEP_ccomp|POS_PROPN,False,True,False,0,research_only,ineligible,
db4d3c9a5701,"[""DEP_nsubj_rate_baixo"", ""POS_PRON_rate_baixo""]",DEP_nsubj_rate_baixo + POS_PRON_rate_baixo,"[""5b29d22834ee""]",5b29d22834ee,177,0.12291666666666666,False,0.65000000000000002,"[""DEP_nsubj"", ""POS_PRON""]",DEP_nsubj|POS_PRON,False,False,False,0,research_only,ineligible,
db773939c080,"[""DEP_acl:relcl_rate_baixo"", ""DEP_cop_rate_baixo"", ""DEP_nsubj:pass_rate_baixo""]",DEP_acl:relcl_rate_baixo + DEP_cop_rate_baixo + DEP_nsubj:pass_rate_baixo,"[""e22b4a10dd8b""]",e22b4a10dd8b,350,0.24305555555555555,False,0.60999999999999999,"[""DEP_acl:relcl"", ""DEP_cop"", ""DEP_nsubj:pass""]",DEP_acl:relcl|DEP_cop|DEP_nsubj:pass,False,True,False,0,research_only,ineligible,
db977786c06b,"[""DEP_advcl_rate_alto"", ""DEP_nsubj:pass_rate_baixo"", ""POS_AUX_rate_baixo""]",DEP_advcl_rate_alto + DEP_nsubj:pass_rate_baixo + POS_AUX_rate_baixo,"[""158c410706ea""]",158c410706ea,109,0.075694444444444439,False,0.17000000000000001,"[""DEP_advcl"", ""DEP_nsubj:pass"", ""auxiliares""]",DEP_advcl|DEP_nsubj:pass|auxiliares,False,True,False,0,research_only,ineligible,
dbc3c1b397f4,"[""DEP_ccomp_rate_baixo"", ""DEP_mark_rate_baixo"", ""POS_DET_rate_baixo""]",DEP_ccomp_rate_baixo + DEP_mark_rate_baixo + POS_DET_rate_baixo,"[""35daaf701978"", ""8c9907c4f69c""]",35daaf701978,104,0.072222222222222215,False,0.73999999999999999,"[""DEP_ccomp"", ""determinacao"", ""subordinacao""]",DEP_ccomp|determinacao|subordinacao,False,True,False,0,research_only,ineligible,
dbc7bbf1b6d6,"[""DEP_advcl_rate_baixo"", ""DEP_case_rate_alto"", ""POS_ADV_rate_baixo""]",DEP_advcl_rate_baixo + DEP_case_rate_alto + POS_ADV_rate_baixo,"[""3fe4cddfcc20""]",3fe4cddfcc20,116,0.080555555555555561,True,0.68000000000000005,"[""DEP_advcl"", ""modificacao_adverbial"", ""relacoes_preposicionais""]",DEP_advcl|modificacao_adverbial|relacoes_preposicionais,False,True,False,0,research_only,ineligible,
dce37b7d64fe,"[""DEP_conj_rate_alto"", ""DEP_mark_rate_baixo"", ""POS_CCONJ_rate_alto""]",DEP_conj_rate_alto + DEP_mark_rate_baixo + POS_CCONJ_rate_alto,"[""a4b4b54ebb96"", ""de12cd0fe756""]",a4b4b54ebb96,100,0.069444444444444448,False,0.62,"[""coordenacao"", ""subordinacao""]",coordenacao|subordinacao,True,True,False,0,research_only,ineligible,
dd48df1ec9a0,"[""DEP_advcl_rate_alto"", ""DEP_cop_rate_baixo"", ""DEP_obj_rate_alto""]",DEP_advcl_rate_alto + DEP_cop_rate_baixo + DEP_obj_rate_alto,"[""e9a7eb36ca80""]",e9a7eb36ca80,121,0.084027777777777785,True,0.23999999999999999,"[""DEP_advcl"", ""DEP_cop"", ""DEP_obj""]",DEP_advcl|DEP_cop|DEP_obj,False,True,False,0,research_only,ineligible,
dd85c312aed9,"[""DEP_ccomp_rate_baixo"", ""POS_PRON_rate_baixo""]",DEP_ccomp_rate_baixo + POS_PRON_rate_baixo,"[""dd1a1cb0c8bd""]",dd1a1cb0c8bd,281,0.19513888888888889,False,0.5,"[""DEP_ccomp"", ""POS_PRON""]",DEP_ccomp|POS_PRON,False,False,False,0,research_only,ineligible,
ddcee17e1cea,"[""DEP_ccomp_rate_alto"", ""DEP_nsubj:pass_rate_baixo"", ""POS_NUM_rate_baixo""]",DEP_ccomp_rate_alto + DEP_nsubj:pass_rate_baixo + POS_NUM_rate_baixo,"[""0f16b73aae01""]",0f16b73aae01,165,0.11458333333333333,True,0.72999999999999998,"[""DEP_ccomp"", ""DEP_nsubj:pass"", ""numerais""]",DEP_ccomp|DEP_nsubj:pass|numerais,False,True,False,0,research_only,ineligible,
dde32f716632,"[""DEP_flat:name_rate_alto"", ""DEP_nsubj:pass_rate_baixo"", ""POS_AUX_rate_baixo""]",DEP_flat:name_rate_alto + DEP_nsubj:pass_rate_baixo + POS_AUX_rate_baixo,"[""d0fa17785220""]",d0fa17785220,114,0.079166666666666663,False,0.54000000000000004,"[""DEP_flat:name"", ""DEP_nsubj:pass"", ""auxiliares""]",DEP_flat:name|DEP_nsubj:pass|auxiliares,False,True,False,0,research_only,ineligible,
de1fc307614f,"[""DEP_cop_rate_baixo"", ""DEP_nsubj:pass_rate_baixo"", ""punctuationDensity_spacy_alto""]",DEP_cop_rate_baixo + DEP_nsubj:pass_rate_baixo + punctuationDensity_spacy_alto,"[""11a162f0eab2""]",11a162f0eab2,129,0.089583333333333334,False,0.51000000000000001,"[""DEP_cop"", ""DEP_nsubj:pass"", ""punctuationDensity_spacy""]",DEP_cop|DEP_nsubj:pass|punctuationDensity_spacy,False,True,False,0,research_only,ineligible,
de3e0db224b4,"[""DEP_advcl_rate_baixo"", ""DEP_xcomp_rate_baixo"", ""POS_CCONJ_rate_alto""]",DEP_advcl_rate_baixo + DEP_xcomp_rate_baixo + POS_CCONJ_rate_alto,"[""e6f1630a681b"", ""f6393aa3c0a0""]",f6393aa3c0a0,113,0.078472222222222221,False,0.93999999999999995,"[""DEP_advcl"", ""DEP_xcomp"", ""coordenacao""]",DEP_advcl|DEP_xcomp|coordenacao,False,True,False,0,research_only,ineligible,
de579f657be8,"[""DEP_acl_rate_baixo"", ""DEP_cop_rate_alto""]",DEP_acl_rate_baixo + DEP_cop_rate_alto,"[""c1bc46e7ee66""]",c1bc46e7ee66,190,0.13194444444444445,False,0.91000000000000003,"[""DEP_acl"", ""DEP_cop""]",DEP_acl|DEP_cop,False,True,False,0,research_only,ineligible,
de6b595dc05f,"[""DEP_acl:relcl_rate_baixo"", ""DEP_xcomp_rate_alto"", ""POS_NUM_rate_baixo""]",DEP_acl:relcl_rate_baixo + DEP_xcomp_rate_alto + POS_NUM_rate_baixo,"[""903fbf3b4d7b""]",903fbf3b4d7b,93,0.06458333333333334,False,0.83999999999999997,"[""DEP_acl:relcl"", ""DEP_xcomp"", ""numerais""]",DEP_acl:relcl|DEP_xcomp|numerais,False,True,False,0,research_only,ineligible,
de8d5e92cd73,"[""DEP_mark_rate_baixo"", ""DEP_xcomp_rate_baixo"", ""uppercaseRatio_baixo""]",DEP_mark_rate_baixo + DEP_xcomp_rate_baixo + uppercaseRatio_baixo,"[""c97839bece28""]",c97839bece28,110,0.076388888888888895,False,1,"[""DEP_xcomp"", ""subordinacao"", ""uppercaseRatio""]",DEP_xcomp|subordinacao|uppercaseRatio,False,True,False,0,research_only,ineligible,
def8c38a78e6,"[""DEP_case_rate_alto"", ""DEP_conj_rate_baixo"", ""POS_ADP_rate_alto""]",DEP_case_rate_alto + DEP_conj_rate_baixo + POS_ADP_rate_alto,"[""1eb34e9e5205"", ""38b521ab6371""]",38b521ab6371,126,0.087499999999999994,True,0.53000000000000003,"[""coordenacao"", ""relacoes_preposicionais""]",coordenacao|relacoes_preposicionais,True,True,False,0,research_only,ineligible,
df9649ae1330,"[""DEP_nsubj_rate_alto"", ""DEP_nummod_rate_baixo"", ""POS_VERB_rate_alto""]",DEP_nsubj_rate_alto + DEP_nummod_rate_baixo + POS_VERB_rate_alto,"[""651286cdd7c7""]",651286cdd7c7,118,0.081944444444444445,True,0.69999999999999996,"[""DEP_nsubj"", ""POS_VERB"", ""numerais""]",DEP_nsubj|POS_VERB|numerais,False,True,False,0,research_only,ineligible,
e073a6fcb072,"[""DEP_ccomp_rate_baixo"", ""DEP_cop_rate_alto"", ""DEP_nummod_rate_baixo""]",DEP_ccomp_rate_baixo + DEP_cop_rate_alto + DEP_nummod_rate_baixo,"[""ad68f5736c87""]",ad68f5736c87,117,0.081250000000000003,True,0.58999999999999997,"[""DEP_ccomp"", ""DEP_cop"", ""numerais""]",DEP_ccomp|DEP_cop|numerais,False,True,False,0,research_only,ineligible,
e135a4c3122c,"[""DEP_aux:pass_rate_baixo"", ""DEP_cop_rate_baixo"", ""POS_PROPN_rate_alto""]",DEP_aux:pass_rate_baixo + DEP_cop_rate_baixo + POS_PROPN_rate_alto,"[""cfdfe6d8c529""]",cfdfe6d8c529,159,0.11041666666666666,True,0.67000000000000004,"[""DEP_cop"", ""POS_PROPN"", ""auxiliares""]",DEP_cop|POS_PROPN|auxiliares,False,True,False,0,research_only,ineligible,
e141db4952d4,"[""DEP_aux:pass_rate_baixo"", ""DEP_xcomp_rate_baixo"", ""punctuationDensity_spacy_alto""]",DEP_aux:pass_rate_baixo + DEP_xcomp_rate_baixo + punctuationDensity_spacy_alto,"[""b946c8b7de05""]",b946c8b7de05,123,0.085416666666666669,True,0.66000000000000003,"[""DEP_xcomp"", ""auxiliares"", ""punctuationDensity_spacy""]",DEP_xcomp|auxiliares|punctuationDensity_spacy,False,True,False,0,research_only,ineligible,
e1451f6e6a8d,"[""DEP_acl:relcl_rate_baixo"", ""DEP_obj_rate_baixo"", ""POS_VERB_rate_baixo""]",DEP_acl:relcl_rate_baixo + DEP_obj_rate_baixo + POS_VERB_rate_baixo,"[""8d0eac8b85cb"", ""c6410029760f""]",c6410029760f,108,0.074999999999999997,False,0.93000000000000005,"[""DEP_acl:relcl"", ""DEP_obj"", ""POS_VERB""]",DEP_acl:relcl|DEP_obj|POS_VERB,False,True,False,0,research_only,ineligible,
e176e606d303,"[""DEP_acl_rate_baixo"", ""DEP_nsubj:pass_rate_baixo"", ""POS_PRON_rate_alto""]",DEP_acl_rate_baixo + DEP_nsubj:pass_rate_baixo + POS_PRON_rate_alto,"[""52e725f35663""]",52e725f35663,174,0.12083333333333333,True,0.58999999999999997,"[""DEP_acl"", ""DEP_nsubj:pass"", ""POS_PRON""]",DEP_acl|DEP_nsubj:pass|POS_PRON,False,True,False,0,research_only,ineligible,
e184ad01bc78,"[""DEP_aux:pass_rate_alto"", ""DEP_cop_rate_baixo"", ""DEP_nummod_rate_baixo""]",DEP_aux:pass_rate_alto + DEP_cop_rate_baixo + DEP_nummod_rate_baixo,"[""8f4ee8fde9ad""]",8f4ee8fde9ad,123,0.085416666666666669,False,0.96999999999999997,"[""DEP_cop"", ""auxiliares"", ""numerais""]",DEP_cop|auxiliares|numerais,False,True,False,0,research_only,ineligible,
e22dcb87615c,"[""DEP_advcl_rate_baixo"", ""POS_VERB_rate_baixo"", ""uppercaseRatio_baixo""]",DEP_advcl_rate_baixo + POS_VERB_rate_baixo + uppercaseRatio_baixo,"[""69f8813a8df9""]",69f8813a8df9,114,0.079166666666666663,False,0.55000000000000004,"[""DEP_advcl"", ""POS_VERB"", ""uppercaseRatio""]",DEP_advcl|POS_VERB|uppercaseRatio,False,False,False,0,research_only,ineligible,
e2506176fe5e,"[""DEP_aux:pass_rate_baixo"", ""DEP_cop_rate_baixo"", ""POS_DET_rate_alto""]",DEP_aux:pass_rate_baixo + DEP_cop_rate_baixo + POS_DET_rate_alto,"[""f921515d42ed""]",f921515d42ed,137,0.095138888888888884,True,0.78000000000000003,"[""DEP_cop"", ""auxiliares"", ""determinacao""]",DEP_cop|auxiliares|determinacao,False,True,False,0,research_only,ineligible,
e2781ce942c2,"[""DEP_det_rate_baixo"", ""DEP_mark_rate_baixo"", ""POS_DET_rate_baixo""]",DEP_det_rate_baixo + DEP_mark_rate_baixo + POS_DET_rate_baixo,"[""6a8bbd01db7d"", ""b1103e538dfd""]",b1103e538dfd,112,0.077777777777777779,False,0.96999999999999997,"[""determinacao"", ""subordinacao""]",determinacao|subordinacao,True,True,False,0,research_only,ineligible,
e27b5ec865fb,"[""DEP_amod_rate_alto"", ""DEP_mark_rate_baixo"", ""POS_SCONJ_rate_baixo""]",DEP_amod_rate_alto + DEP_mark_rate_baixo + POS_SCONJ_rate_baixo,"[""b830c6bbe961"", ""d7f2686ad66f""]",b830c6bbe961,101,0.07013888888888889,False,0.55000000000000004,"[""adjetivacao"", ""subordinacao""]",adjetivacao|subordinacao,True,True,False,0,research_only,ineligible,
e2f13acdfd5d,"[""DEP_acl:relcl_rate_baixo"", ""DEP_obl_rate_baixo""]",DEP_acl:relcl_rate_baixo + DEP_obl_rate_baixo,"[""41a80f9505d0""]",41a80f9505d0,220,0.15277777777777779,False,0.54000000000000004,"[""DEP_acl:relcl"", ""DEP_obl""]",DEP_acl:relcl|DEP_obl,False,True,False,0,research_only,ineligible,
e38538018b06,"[""DEP_ccomp_rate_baixo"", ""DEP_cop_rate_baixo"", ""DEP_flat:name_rate_baixo""]",DEP_ccomp_rate_baixo + DEP_cop_rate_baixo + DEP_flat:name_rate_baixo,"[""959507214e89""]",959507214e89,141,0.097916666666666666,True,0.47999999999999998,"[""DEP_ccomp"", ""DEP_cop"", ""DEP_flat:name""]",DEP_ccomp|DEP_cop|DEP_flat:name,False,True,False,0,research_only,ineligible,
e46d0186a12d,"[""DEP_aux:pass_rate_baixo"", ""DEP_nmod_rate_baixo"", ""uppercaseRatio_baixo""]",DEP_aux:pass_rate_baixo + DEP_nmod_rate_baixo + uppercaseRatio_baixo,"[""d1826b1d2667""]",d1826b1d2667,126,0.087499999999999994,False,0.64000000000000001,"[""DEP_nmod"", ""auxiliares"", ""uppercaseRatio""]",DEP_nmod|auxiliares|uppercaseRatio,False,True,False,0,research_only,ineligible,
e474ef244cfd,"[""DEP_advcl_rate_baixo"", ""POS_NUM_rate_alto"", ""POS_SCONJ_rate_baixo""]",DEP_advcl_rate_baixo + POS_NUM_rate_alto + POS_SCONJ_rate_baixo,"[""4dce3daa4312"", ""d076b9e5c747""]",4dce3daa4312,110,0.076388888888888895,False,0.92000000000000004,"[""DEP_advcl"", ""numerais"", ""subordinacao""]",DEP_advcl|numerais|subordinacao,False,True,False,0,research_only,ineligible,
e485a8970aca,"[""DEP_advmod_rate_baixo"", ""DEP_ccomp_rate_baixo"", ""POS_PRON_rate_baixo""]",DEP_advmod_rate_baixo + DEP_ccomp_rate_baixo + POS_PRON_rate_baixo,"[""530864404d97""]",530864404d97,117,0.081250000000000003,False,0.59999999999999998,"[""DEP_ccomp"", ""POS_PRON"", ""modificacao_adverbial""]",DEP_ccomp|POS_PRON|modificacao_adverbial,False,False,False,0,research_only,ineligible,
e4c63e9e04da,"[""DEP_advcl_rate_alto"", ""DEP_ccomp_rate_baixo"", ""DEP_xcomp_rate_baixo""]",DEP_advcl_rate_alto + DEP_ccomp_rate_baixo + DEP_xcomp_rate_baixo,"[""5cf6429acea8"", ""8403cc13cd19""]",5cf6429acea8,106,0.073611111111111113,False,0.68999999999999995,"[""DEP_advcl"", ""DEP_ccomp"", ""DEP_xcomp""]",DEP_advcl|DEP_ccomp|DEP_xcomp,False,True,False,0,research_only,ineligible,
e6656a31c0f9,"[""DEP_advcl_rate_baixo"", ""DEP_conj_rate_alto"", ""DEP_xcomp_rate_baixo""]",DEP_advcl_rate_baixo + DEP_conj_rate_alto + DEP_xcomp_rate_baixo,"[""1a058d434bdf"", ""360ae977fc98""]",360ae977fc98,112,0.077777777777777779,False,1,"[""DEP_advcl"", ""DEP_xcomp"", ""coordenacao""]",DEP_advcl|DEP_xcomp|coordenacao,False,True,False,0,research_only,ineligible,
e6c85e60182f,"[""DEP_det_rate_baixo"", ""DEP_xcomp_rate_baixo""]",DEP_det_rate_baixo + DEP_xcomp_rate_baixo,"[""c113bfb08d44""]",c113bfb08d44,173,0.12013888888888889,False,0.62,"[""DEP_xcomp"", ""determinacao""]",DEP_xcomp|determinacao,False,True,False,0,research_only,ineligible,
e6e715bb708d,"[""DEP_ccomp_rate_alto"", ""DEP_nummod_rate_baixo"", ""POS_VERB_rate_alto""]",DEP_ccomp_rate_alto + DEP_nummod_rate_baixo + POS_VERB_rate_alto,"[""1883fa231324""]",1883fa231324,115,0.079861111111111105,False,0.84999999999999998,"[""DEP_ccomp"", ""POS_VERB"", ""numerais""]",DEP_ccomp|POS_VERB|numerais,False,True,False,0,research_only,ineligible,
e716010b056a,"[""DEP_appos_rate_baixo"", ""DEP_cop_rate_baixo"", ""uppercaseRatio_baixo""]",DEP_appos_rate_baixo + DEP_cop_rate_baixo + uppercaseRatio_baixo,"[""95ba95313243""]",95ba95313243,109,0.075694444444444439,False,0.62,"[""DEP_appos"", ""DEP_cop"", ""uppercaseRatio""]",DEP_appos|DEP_cop|uppercaseRatio,False,True,False,0,research_only,ineligible,
e76160595fbb,"[""DEP_acl:relcl_rate_alto"", ""DEP_mark_rate_baixo"", ""POS_SCONJ_rate_baixo""]",DEP_acl:relcl_rate_alto + DEP_mark_rate_baixo + POS_SCONJ_rate_baixo,"[""2f3b7c886e6b"", ""9cc04521fe92""]",2f3b7c886e6b,106,0.073611111111111113,False,0.97999999999999998,"[""DEP_acl:relcl"", ""subordinacao""]",DEP_acl:relcl|subordinacao,True,True,False,0,research_only,ineligible,
e7638600a8ad,"[""DEP_aux:pass_rate_baixo"", ""DEP_nummod_rate_baixo"", ""DEP_xcomp_rate_baixo""]",DEP_aux:pass_rate_baixo + DEP_nummod_rate_baixo + DEP_xcomp_rate_baixo,"[""d0f5faea3d0e""]",d0f5faea3d0e,266,0.18472222222222223,False,0.46999999999999997,"[""DEP_xcomp"", ""auxiliares"", ""numerais""]",DEP_xcomp|auxiliares|numerais,False,True,False,0,research_only,ineligible,
e79bd78d0acf,"[""DEP_ccomp_rate_baixo"", ""DEP_nummod_rate_baixo"", ""POS_AUX_rate_alto""]",DEP_ccomp_rate_baixo + DEP_nummod_rate_baixo + POS_AUX_rate_alto,"[""61b31687b867""]",61b31687b867,122,0.084722222222222227,False,0.53000000000000003,"[""DEP_ccomp"", ""auxiliares"", ""numerais""]",DEP_ccomp|auxiliares|numerais,False,True,False,0,research_only,ineligible,
e85d45d2c3c0,"[""DEP_acl_rate_baixo"", ""DEP_aux:pass_rate_baixo"", ""DEP_nummod_rate_baixo""]",DEP_acl_rate_baixo + DEP_aux:pass_rate_baixo + DEP_nummod_rate_baixo,"[""88521382c364""]",88521382c364,312,0.21666666666666667,True,0.66000000000000003,"[""DEP_acl"", ""auxiliares"", ""numerais""]",DEP_acl|auxiliares|numerais,False,True,False,0,research_only,ineligible,
e95623a22933,"[""DEP_aux:pass_rate_baixo"", ""POS_ADP_rate_baixo"", ""POS_SCONJ_rate_alto""]",DEP_aux:pass_rate_baixo + POS_ADP_rate_baixo + POS_SCONJ_rate_alto,"[""f7295fe00087""]",f7295fe00087,124,0.08611111111111111,False,0.82999999999999996,"[""auxiliares"", ""relacoes_preposicionais"", ""subordinacao""]",auxiliares|relacoes_preposicionais|subordinacao,False,True,False,0,research_only,ineligible,
e9c3c9a7cb0a,"[""DEP_ccomp_rate_baixo"", ""DEP_xcomp_rate_baixo"", ""POS_ADJ_rate_baixo""]",DEP_ccomp_rate_baixo + DEP_xcomp_rate_baixo + POS_ADJ_rate_baixo,"[""bd883181f99e""]",bd883181f99e,119,0.082638888888888887,True,0.60999999999999999,"[""DEP_ccomp"", ""DEP_xcomp"", ""adjetivacao""]",DEP_ccomp|DEP_xcomp|adjetivacao,False,True,False,0,research_only,ineligible,
eadbc50aadc7,"[""DEP_aux:pass_rate_baixo"", ""DEP_cop_rate_alto"", ""POS_AUX_rate_alto""]",DEP_aux:pass_rate_baixo + DEP_cop_rate_alto + POS_AUX_rate_alto,"[""45003a8238a8""]",45003a8238a8,123,0.085416666666666669,True,0.77000000000000002,"[""DEP_cop"", ""auxiliares""]",DEP_cop|auxiliares,True,True,False,0,research_only,ineligible,
eae0a048743f,"[""DEP_ccomp_rate_baixo"", ""DEP_nsubj:pass_rate_alto"", ""DEP_nsubj_rate_baixo""]",DEP_ccomp_rate_baixo + DEP_nsubj:pass_rate_alto + DEP_nsubj_rate_baixo,"[""2bacee6428f8"", ""c4a222a0e20a""]",2bacee6428f8,109,0.075694444444444439,False,0.79000000000000004,"[""DEP_ccomp"", ""DEP_nsubj"", ""DEP_nsubj:pass""]",DEP_ccomp|DEP_nsubj|DEP_nsubj:pass,False,True,False,0,research_only,ineligible,
eb50c6e2abaf,"[""DEP_ccomp_rate_baixo"", ""DEP_conj_rate_alto"", ""DEP_nummod_rate_baixo""]",DEP_ccomp_rate_baixo + DEP_conj_rate_alto + DEP_nummod_rate_baixo,"[""75c25c50887e""]",75c25c50887e,131,0.090972222222222218,False,0.96999999999999997,"[""DEP_ccomp"", ""coordenacao"", ""numerais""]",DEP_ccomp|coordenacao|numerais,False,True,False,0,research_only,ineligible,
eb5becd85ccf,"[""DEP_xcomp_rate_baixo"", ""POS_DET_rate_baixo""]",DEP_xcomp_rate_baixo + POS_DET_rate_baixo,"[""295a17b51d5b""]",295a17b51d5b,175,0.12152777777777778,False,0.59999999999999998,"[""DEP_xcomp"", ""determinacao""]",DEP_xcomp|determinacao,False,True,False,0,research_only,ineligible,
ebc1b7c1a146,"[""DEP_acl:relcl_rate_baixo"", ""DEP_conj_rate_baixo"", ""DEP_xcomp_rate_baixo""]",DEP_acl:relcl_rate_baixo + DEP_conj_rate_baixo + DEP_xcomp_rate_baixo,"[""c96669e80974""]",c96669e80974,110,0.076388888888888895,False,0.45000000000000001,"[""DEP_acl:relcl"", ""DEP_xcomp"", ""coordenacao""]",DEP_acl:relcl|DEP_xcomp|coordenacao,False,True,False,0,research_only,ineligible,
ec308b6c0702,"[""POS_NUM_rate_baixo"", ""POS_SCONJ_rate_alto""]",POS_NUM_rate_baixo + POS_SCONJ_rate_alto,"[""469cbd06eead""]",469cbd06eead,187,0.12986111111111112,False,0.90000000000000002,"[""numerais"", ""subordinacao""]",numerais|subordinacao,False,True,False,0,research_only,ineligible,
ec43029181ff,"[""DEP_acl_rate_baixo"", ""DEP_ccomp_rate_baixo"", ""POS_NUM_rate_alto""]",DEP_acl_rate_baixo + DEP_ccomp_rate_baixo + POS_NUM_rate_alto,"[""9f0437c2eb89""]",9f0437c2eb89,107,0.074305555555555555,False,0.68000000000000005,"[""DEP_acl"", ""DEP_ccomp"", ""numerais""]",DEP_acl|DEP_ccomp|numerais,False,True,False,0,research_only,ineligible,
ec4b73204ea1,"[""DEP_aux:pass_rate_baixo"", ""DEP_conj_rate_alto"", ""POS_NUM_rate_baixo""]",DEP_aux:pass_rate_baixo + DEP_conj_rate_alto + POS_NUM_rate_baixo,"[""6a03375b430d""]",6a03375b430d,114,0.079166666666666663,False,0.98999999999999999,"[""auxiliares"", ""coordenacao"", ""numerais""]",auxiliares|coordenacao|numerais,False,True,False,0,research_only,ineligible,
ec5fa9e22732,"[""DEP_acl_rate_alto"", ""DEP_advcl_rate_baixo"", ""DEP_nsubj:pass_rate_baixo""]",DEP_acl_rate_alto + DEP_advcl_rate_baixo + DEP_nsubj:pass_rate_baixo,"[""7767a1c6170d"", ""d1e783478110""]",7767a1c6170d,188,0.13055555555555556,True,0.78000000000000003,"[""DEP_acl"", ""DEP_advcl"", ""DEP_nsubj:pass""]",DEP_acl|DEP_advcl|DEP_nsubj:pass,False,True,False,0,research_only,ineligible,
ecbd12668216,"[""DEP_cop_rate_baixo"", ""DEP_nummod_rate_baixo"", ""POS_DET_rate_baixo""]",DEP_cop_rate_baixo + DEP_nummod_rate_baixo + POS_DET_rate_baixo,"[""33fbcfb2d50d""]",33fbcfb2d50d,114,0.079166666666666663,False,0.91000000000000003,"[""DEP_cop"", ""determinacao"", ""numerais""]",DEP_cop|determinacao|numerais,False,True,False,0,research_only,ineligible,
ecc7131eedc7,"[""DEP_acl_rate_baixo"", ""DEP_nsubj:pass_rate_baixo"", ""DEP_nummod_rate_baixo""]",DEP_acl_rate_baixo + DEP_nsubj:pass_rate_baixo + DEP_nummod_rate_baixo,"[""8533dc5288ff""]",8533dc5288ff,337,0.23402777777777778,True,0.58999999999999997,"[""DEP_acl"", ""DEP_nsubj:pass"", ""numerais""]",DEP_acl|DEP_nsubj:pass|numerais,False,True,False,0,research_only,ineligible,
ee1adafe579b,"[""DEP_advcl_rate_alto"", ""DEP_aux:pass_rate_baixo"", ""DEP_mark_rate_alto""]",DEP_advcl_rate_alto + DEP_aux:pass_rate_baixo + DEP_mark_rate_alto,"[""5f5ebf07bc9c""]",5f5ebf07bc9c,132,0.09166666666666666,False,0.33000000000000002,"[""DEP_advcl"", ""auxiliares"", ""subordinacao""]",DEP_advcl|auxiliares|subordinacao,False,True,False,0,research_only,ineligible,
ee2c0be92ffa,"[""DEP_cop_rate_alto"", ""DEP_nummod_rate_baixo"", ""uppercaseRatio_baixo""]",DEP_cop_rate_alto + DEP_nummod_rate_baixo + uppercaseRatio_baixo,"[""035f0b3eddab""]",035f0b3eddab,107,0.074305555555555555,False,0.94999999999999996,"[""DEP_cop"", ""numerais"", ""uppercaseRatio""]",DEP_cop|numerais|uppercaseRatio,False,True,False,0,research_only,ineligible,
eed4141562cb,"[""DEP_acl:relcl_rate_baixo"", ""DEP_conj_rate_baixo"", ""POS_PRON_rate_baixo""]",DEP_acl:relcl_rate_baixo + DEP_conj_rate_baixo + POS_PRON_rate_baixo,"[""5765d4ef41e5"", ""a1ed744fbfcf""]",5765d4ef41e5,95,0.065972222222222224,False,0.96999999999999997,"[""DEP_acl:relcl"", ""POS_PRON"", ""coordenacao""]",DEP_acl:relcl|POS_PRON|coordenacao,False,True,False,0,research_only,ineligible,
ef9e845e7381,"[""DEP_aux:pass_rate_baixo"", ""DEP_case_rate_baixo"", ""DEP_det_rate_alto""]",DEP_aux:pass_rate_baixo + DEP_case_rate_baixo + DEP_det_rate_alto,"[""c144e61c7979""]",c144e61c7979,127,0.08819444444444445,True,0.78000000000000003,"[""auxiliares"", ""determinacao"", ""relacoes_preposicionais""]",auxiliares|determinacao|relacoes_preposicionais,False,True,False,0,research_only,ineligible,
f003e53b3a0b,"[""DEP_acl_rate_baixo"", ""DEP_amod_rate_baixo"", ""DEP_nummod_rate_baixo""]",DEP_acl_rate_baixo + DEP_amod_rate_baixo + DEP_nummod_rate_baixo,"[""75d4ba703464""]",75d4ba703464,121,0.084027777777777785,False,0.68999999999999995,"[""DEP_acl"", ""adjetivacao"", ""numerais""]",DEP_acl|adjetivacao|numerais,False,True,False,0,research_only,ineligible,
f06178e15360,"[""DEP_nummod_rate_baixo"", ""POS_NUM_rate_baixo"", ""POS_PROPN_rate_baixo""]",DEP_nummod_rate_baixo + POS_NUM_rate_baixo + POS_PROPN_rate_baixo,"[""7177cb9c1852"", ""9f25b2e5b857""]",7177cb9c1852,109,0.075694444444444439,False,1,"[""POS_PROPN"", ""numerais""]",POS_PROPN|numerais,True,True,False,0,research_only,ineligible,
f0b6d14cf3c0,"[""DEP_acl:relcl_rate_baixo"", ""DEP_nsubj:pass_rate_baixo"", ""POS_SCONJ_rate_alto""]",DEP_acl:relcl_rate_baixo + DEP_nsubj:pass_rate_baixo + POS_SCONJ_rate_alto,"[""4f22240b7789"", ""74d79e7e2737""]",4f22240b7789,199,0.13819444444444445,True,0.63,"[""DEP_acl:relcl"", ""DEP_nsubj:pass"", ""subordinacao""]",DEP_acl:relcl|DEP_nsubj:pass|subordinacao,False,True,False,0,research_only,ineligible,
f126c20e5ef0,"[""DEP_advcl_rate_alto"", ""DEP_mark_rate_alto"", ""DEP_nsubj:pass_rate_baixo""]",DEP_advcl_rate_alto + DEP_mark_rate_alto + DEP_nsubj:pass_rate_baixo,"[""b7f8bf91bc50""]",b7f8bf91bc50,158,0.10972222222222222,False,0.28000000000000003,"[""DEP_advcl"", ""DEP_nsubj:pass"", ""subordinacao""]",DEP_advcl|DEP_nsubj:pass|subordinacao,False,True,False,0,research_only,ineligible,
f1891273f7ec,"[""DEP_nsubj:pass_rate_baixo"", ""POS_ADP_rate_baixo"", ""POS_ADV_rate_alto""]",DEP_nsubj:pass_rate_baixo + POS_ADP_rate_baixo + POS_ADV_rate_alto,"[""24bd824555db""]",24bd824555db,134,0.093055555555555558,True,0.45000000000000001,"[""DEP_nsubj:pass"", ""modificacao_adverbial"", ""relacoes_preposicionais""]",DEP_nsubj:pass|modificacao_adverbial|relacoes_preposicionais,False,True,False,0,research_only,ineligible,
f21377b296c0,"[""DEP_advcl_rate_baixo"", ""DEP_det_rate_baixo"", ""DEP_nsubj:pass_rate_baixo""]",DEP_advcl_rate_baixo + DEP_det_rate_baixo + DEP_nsubj:pass_rate_baixo,"[""88c5ca0cf7a6""]",88c5ca0cf7a6,139,0.096527777777777782,False,0.57999999999999996,"[""DEP_advcl"", ""DEP_nsubj:pass"", ""determinacao""]",DEP_advcl|DEP_nsubj:pass|determinacao,False,True,False,0,research_only,ineligible,
f2303e71ec21,"[""DEP_advcl_rate_baixo"", ""POS_PRON_rate_baixo"", ""POS_VERB_rate_baixo""]",DEP_advcl_rate_baixo + POS_PRON_rate_baixo + POS_VERB_rate_baixo,"[""9abddbcf520f""]",9abddbcf520f,114,0.079166666666666663,False,0.98999999999999999,"[""DEP_advcl"", ""POS_PRON"", ""POS_VERB""]",DEP_advcl|POS_PRON|POS_VERB,False,False,False,0,research_only,ineligible,
f266cb12ede3,"[""DEP_ccomp_rate_baixo"", ""POS_SCONJ_rate_baixo"", ""punctuationDensity_spacy_alto""]",DEP_ccomp_rate_baixo + POS_SCONJ_rate_baixo + punctuationDensity_spacy_alto,"[""025682d36584"", ""ba600274f222""]",025682d36584,90,0.0625,False,0.59999999999999998,"[""DEP_ccomp"", ""punctuationDensity_spacy"", ""subordinacao""]",DEP_ccomp|punctuationDensity_spacy|subordinacao,False,True,False,0,research_only,ineligible,
f35b2998aadb,"[""DEP_advcl_rate_baixo"", ""DEP_nummod_rate_baixo"", ""POS_ADV_rate_baixo""]",DEP_advcl_rate_baixo + DEP_nummod_rate_baixo + POS_ADV_rate_baixo,"[""1d726daf695f""]",1d726daf695f,159,0.11041666666666666,False,0.56999999999999995,"[""DEP_advcl"", ""modificacao_adverbial"", ""numerais""]",DEP_advcl|modificacao_adverbial|numerais,False,True,False,0,research_only,ineligible,
f3b45d493b51,"[""DEP_advcl_rate_baixo"", ""DEP_conj_rate_alto"", ""DEP_mark_rate_baixo""]",DEP_advcl_rate_baixo + DEP_conj_rate_alto + DEP_mark_rate_baixo,"[""05c27e4757fb"", ""0800d37f037a""]",05c27e4757fb,109,0.075694444444444439,False,0.96999999999999997,"[""DEP_advcl"", ""coordenacao"", ""subordinacao""]",DEP_advcl|coordenacao|subordinacao,False,True,False,0,research_only,ineligible,
f3ffac208280,"[""DEP_ccomp_rate_baixo"", ""DEP_flat:name_rate_baixo"", ""uppercaseRatio_baixo""]",DEP_ccomp_rate_baixo + DEP_flat:name_rate_baixo + uppercaseRatio_baixo,"[""188d1f881a74""]",188d1f881a74,145,0.10069444444444445,True,0.68999999999999995,"[""DEP_ccomp"", ""DEP_flat:name"", ""uppercaseRatio""]",DEP_ccomp|DEP_flat:name|uppercaseRatio,False,True,False,0,research_only,ineligible,
f443c5041382,"[""DEP_conj_rate_baixo"", ""DEP_nsubj:pass_rate_baixo"", ""DEP_nummod_rate_baixo""]",DEP_conj_rate_baixo + DEP_nsubj:pass_rate_baixo + DEP_nummod_rate_baixo,"[""e2eeee3b85df""]",e2eeee3b85df,176,0.12222222222222222,True,0.76000000000000001,"[""DEP_nsubj:pass"", ""coordenacao"", ""numerais""]",DEP_nsubj:pass|coordenacao|numerais,False,True,False,0,research_only,ineligible,
f44ef52cb2f0,"[""DEP_advcl_rate_baixo"", ""DEP_advmod_rate_baixo"", ""POS_PRON_rate_baixo""]",DEP_advcl_rate_baixo + DEP_advmod_rate_baixo + POS_PRON_rate_baixo,"[""7c209330a1d6""]",7c209330a1d6,127,0.08819444444444445,True,0.72999999999999998,"[""DEP_advcl"", ""POS_PRON"", ""modificacao_adverbial""]",DEP_advcl|POS_PRON|modificacao_adverbial,False,False,False,0,research_only,ineligible,
f4e4ef1cac6a,"[""DEP_acl_rate_baixo"", ""DEP_nummod_rate_baixo"", ""POS_ADJ_rate_baixo""]",DEP_acl_rate_baixo + DEP_nummod_rate_baixo + POS_ADJ_rate_baixo,"[""d99c9a489417""]",d99c9a489417,137,0.095138888888888884,True,0.73999999999999999,"[""DEP_acl"", ""adjetivacao"", ""numerais""]",DEP_acl|adjetivacao|numerais,False,True,False,0,research_only,ineligible,
f51528acc76b,"[""DEP_advcl_rate_alto"", ""DEP_cop_rate_baixo"", ""DEP_xcomp_rate_baixo""]",DEP_advcl_rate_alto + DEP_cop_rate_baixo + DEP_xcomp_rate_baixo,"[""97803fce50bf""]",97803fce50bf,113,0.078472222222222221,False,0.40999999999999998,"[""DEP_advcl"", ""DEP_cop"", ""DEP_xcomp""]",DEP_advcl|DEP_cop|DEP_xcomp,False,True,False,0,research_only,ineligible,
f5c7c1b03149,"[""DEP_acl_rate_baixo"", ""DEP_advcl_rate_baixo"", ""POS_ADV_rate_baixo""]",DEP_acl_rate_baixo + DEP_advcl_rate_baixo + POS_ADV_rate_baixo,"[""93e46a745464""]",93e46a745464,144,0.10000000000000001,True,0.73999999999999999,"[""DEP_acl"", ""DEP_advcl"", ""modificacao_adverbial""]",DEP_acl|DEP_advcl|modificacao_adverbial,False,True,False,0,research_only,ineligible,
f5f327266af9,"[""DEP_advcl_rate_baixo"", ""DEP_cop_rate_baixo"", ""diversidade_alto""]",DEP_advcl_rate_baixo + DEP_cop_rate_baixo + diversidade_alto,"[""60be7416b8ce""]",60be7416b8ce,109,0.075694444444444439,False,0.48999999999999999,"[""DEP_advcl"", ""DEP_cop"", ""diversidade""]",DEP_advcl|DEP_cop|diversidade,False,True,False,0,research_only,ineligible,
f6938434c619,"[""DEP_aux:pass_rate_alto"", ""DEP_ccomp_rate_baixo"", ""POS_AUX_rate_alto""]",DEP_aux:pass_rate_alto + DEP_ccomp_rate_baixo + POS_AUX_rate_alto,"[""286e54ee07f7"", ""8f385f7001b0""]",8f385f7001b0,112,0.077777777777777779,False,0.88,"[""DEP_ccomp"", ""auxiliares""]",DEP_ccomp|auxiliares,True,True,False,0,research_only,ineligible,
f6ba7b35b27d,"[""DEP_acl_rate_baixo"", ""DEP_amod_rate_alto"", ""DEP_aux:pass_rate_baixo""]",DEP_acl_rate_baixo + DEP_amod_rate_alto + DEP_aux:pass_rate_baixo,"[""41eb4e60335a""]",41eb4e60335a,131,0.090972222222222218,True,0.70999999999999996,"[""DEP_acl"", ""adjetivacao"", ""auxiliares""]",DEP_acl|adjetivacao|auxiliares,False,True,False,0,research_only,ineligible,
f6f158f4942a,"[""DEP_advcl_rate_baixo"", ""POS_PROPN_rate_alto"", ""POS_VERB_rate_baixo""]",DEP_advcl_rate_baixo + POS_PROPN_rate_alto + POS_VERB_rate_baixo,"[""28cc47fd7d1b"", ""b353e43e74ed""]",28cc47fd7d1b,118,0.081944444444444445,True,0.75,"[""DEP_advcl"", ""POS_PROPN"", ""POS_VERB""]",DEP_advcl|POS_PROPN|POS_VERB,False,False,False,0,research_only,ineligible,
f756e8a06a2e,"[""DEP_ccomp_rate_baixo"", ""DEP_nummod_rate_baixo"", ""punctuationDensity_spacy_alto""]",DEP_ccomp_rate_baixo + DEP_nummod_rate_baixo + punctuationDensity_spacy_alto,"[""ba343aa44d6c""]",ba343aa44d6c,123,0.085416666666666669,False,0.96999999999999997,"[""DEP_ccomp"", ""numerais"", ""punctuationDensity_spacy""]",DEP_ccomp|numerais|punctuationDensity_spacy,False,True,False,0,research_only,ineligible,
f87d130e73e4,"[""DEP_acl:relcl_rate_baixo"", ""DEP_cc_rate_alto"", ""DEP_ccomp_rate_baixo""]",DEP_acl:relcl_rate_baixo + DEP_cc_rate_alto + DEP_ccomp_rate_baixo,"[""8131f369f117""]",8131f369f117,164,0.11388888888888889,False,0.56000000000000005,"[""DEP_acl:relcl"", ""DEP_ccomp"", ""coordenacao""]",DEP_acl:relcl|DEP_ccomp|coordenacao,False,True,False,0,research_only,ineligible,
f88eb75e04f5,"[""DEP_acl:relcl_rate_baixo"", ""DEP_acl_rate_baixo"", ""DEP_flat:name_rate_alto""]",DEP_acl:relcl_rate_baixo + DEP_acl_rate_baixo + DEP_flat:name_rate_alto,"[""de0ee8b9fcdc""]",de0ee8b9fcdc,123,0.085416666666666669,False,0.68000000000000005,"[""DEP_acl"", ""DEP_acl:relcl"", ""DEP_flat:name""]",DEP_acl|DEP_acl:relcl|DEP_flat:name,False,True,False,0,research_only,ineligible,
f9563eeacabb,"[""DEP_cc_rate_baixo"", ""DEP_conj_rate_baixo"", ""DEP_nmod_rate_alto""]",DEP_cc_rate_baixo + DEP_conj_rate_baixo + DEP_nmod_rate_alto,"[""84c1eb3eb408"", ""d97be32ed294""]",d97be32ed294,132,0.09166666666666666,True,0.79000000000000004,"[""DEP_nmod"", ""coordenacao""]",DEP_nmod|coordenacao,True,True,False,0,research_only,ineligible,
f973a7cb0c0e,"[""DEP_acl:relcl_rate_baixo"", ""DEP_aux:pass_rate_baixo"", ""POS_SCONJ_rate_alto""]",DEP_acl:relcl_rate_baixo + DEP_aux:pass_rate_baixo + POS_SCONJ_rate_alto,"[""a0ef8a373995""]",a0ef8a373995,169,0.11736111111111111,True,0.73999999999999999,"[""DEP_acl:relcl"", ""auxiliares"", ""subordinacao""]",DEP_acl:relcl|auxiliares|subordinacao,False,True,False,0,research_only,ineligible,
f999156c525a,"[""DEP_advmod_rate_alto"", ""POS_ADV_rate_alto"", ""punctuationDensity_spacy_alto""]",DEP_advmod_rate_alto + POS_ADV_rate_alto + punctuationDensity_spacy_alto,"[""3dfd95512d1a"", ""432e5dd5f1a6""]",432e5dd5f1a6,106,0.073611111111111113,False,0.37,"[""modificacao_adverbial"", ""punctuationDensity_spacy""]",modificacao_adverbial|punctuationDensity_spacy,True,False,False,0,research_only,ineligible,
f9acbff2c6f4,"[""DEP_advcl_rate_baixo"", ""DEP_cc_rate_alto"", ""DEP_mark_rate_baixo""]",DEP_advcl_rate_baixo + DEP_cc_rate_alto + DEP_mark_rate_baixo,"[""fa5d7588346f""]",fa5d7588346f,119,0.082638888888888887,True,0.73999999999999999,"[""DEP_advcl"", ""coordenacao"", ""subordinacao""]",DEP_advcl|coordenacao|subordinacao,False,True,False,0,research_only,ineligible,
fa1b64ba7581,"[""DEP_det_rate_alto"", ""DEP_nsubj:pass_rate_baixo"", ""uppercaseRatio_baixo""]",DEP_det_rate_alto + DEP_nsubj:pass_rate_baixo + uppercaseRatio_baixo,"[""31d8ae767a8d"", ""e25ecdbff5d2""]",31d8ae767a8d,159,0.11041666666666666,True,0.68000000000000005,"[""DEP_nsubj:pass"", ""determinacao"", ""uppercaseRatio""]",DEP_nsubj:pass|determinacao|uppercaseRatio,False,True,False,0,research_only,ineligible,
fa79869ad1f8,"[""DEP_nsubj:pass_rate_baixo"", ""POS_VERB_rate_alto"", ""uppercaseRatio_baixo""]",DEP_nsubj:pass_rate_baixo + POS_VERB_rate_alto + uppercaseRatio_baixo,"[""6e40f97f505d""]",6e40f97f505d,135,0.09375,False,0.5,"[""DEP_nsubj:pass"", ""POS_VERB"", ""uppercaseRatio""]",DEP_nsubj:pass|POS_VERB|uppercaseRatio,False,True,False,0,research_only,ineligible,
faa85fb45861,"[""DEP_acl_rate_alto"", ""DEP_cop_rate_baixo"", ""DEP_nsubj:pass_rate_baixo""]",DEP_acl_rate_alto + DEP_cop_rate_baixo + DEP_nsubj:pass_rate_baixo,"[""9e6999ab2229""]",9e6999ab2229,180,0.125,False,1,"[""DEP_acl"", ""DEP_cop"", ""DEP_nsubj:pass""]",DEP_acl|DEP_cop|DEP_nsubj:pass,False,True,False,0,research_only,ineligible,
faca0f3730f5,"[""DEP_ccomp_rate_baixo"", ""DEP_conj_rate_baixo"", ""DEP_cop_rate_baixo""]",DEP_ccomp_rate_baixo + DEP_conj_rate_baixo + DEP_cop_rate_baixo,"[""0457e98b264c""]",0457e98b264c,142,0.098611111111111108,True,0.72999999999999998,"[""DEP_ccomp"", ""DEP_cop"", ""coordenacao""]",DEP_ccomp|DEP_cop|coordenacao,False,True,False,0,research_only,ineligible,
fb356d050920,"[""DEP_cc_rate_alto"", ""DEP_nsubj:pass_rate_baixo"", ""uppercaseRatio_baixo""]",DEP_cc_rate_alto + DEP_nsubj:pass_rate_baixo + uppercaseRatio_baixo,"[""491dccd3eb92""]",491dccd3eb92,160,0.1111111111111111,True,0.58999999999999997,"[""DEP_nsubj:pass"", ""coordenacao"", ""uppercaseRatio""]",DEP_nsubj:pass|coordenacao|uppercaseRatio,False,True,False,0,research_only,ineligible,
fb3dbdf2c521,"[""DEP_aux:pass_rate_baixo"", ""DEP_case_rate_baixo"", ""POS_SCONJ_rate_alto""]",DEP_aux:pass_rate_baixo + DEP_case_rate_baixo + POS_SCONJ_rate_alto,"[""2d6d1f090f55""]",2d6d1f090f55,121,0.084027777777777785,True,0.72999999999999998,"[""auxiliares"", ""relacoes_preposicionais"", ""subordinacao""]",auxiliares|relacoes_preposicionais|subordinacao,False,True,False,0,research_only,ineligible,
fb51e1ff9d96,"[""DEP_aux:pass_rate_baixo"", ""DEP_cc_rate_alto"", ""POS_NUM_rate_baixo""]",DEP_aux:pass_rate_baixo + DEP_cc_rate_alto + POS_NUM_rate_baixo,"[""39a7ef19adec""]",39a7ef19adec,126,0.087499999999999994,False,0.94999999999999996,"[""auxiliares"", ""coordenacao"", ""numerais""]",auxiliares|coordenacao|numerais,False,True,False,0,research_only,ineligible,
fbac8303dcbe,"[""DEP_xcomp_rate_alto"", ""POS_VERB_rate_alto""]",DEP_xcomp_rate_alto + POS_VERB_rate_alto,"[""09d79d1c376d"", ""376a3e733893""]",09d79d1c376d,199,0.13819444444444445,True,0.62,"[""DEP_xcomp"", ""POS_VERB""]",DEP_xcomp|POS_VERB,False,True,False,0,research_only,ineligible,
fbf4877b8726,"[""POS_NUM_rate_baixo"", ""POS_VERB_rate_alto""]",POS_NUM_rate_baixo + POS_VERB_rate_alto,"[""b6bef6b6317b""]",b6bef6b6317b,199,0.13819444444444445,False,0.93000000000000005,"[""POS_VERB"", ""numerais""]",POS_VERB|numerais,False,True,False,0,research_only,ineligible,
fc97d0568c62,"[""DEP_aux:pass_rate_baixo"", ""DEP_mark_rate_baixo"", ""POS_ADP_rate_alto""]",DEP_aux:pass_rate_baixo + DEP_mark_rate_baixo + POS_ADP_rate_alto,"[""62d6e07da95d""]",62d6e07da95d,124,0.08611111111111111,True,0.72999999999999998,"[""auxiliares"", ""relacoes_preposicionais"", ""subordinacao""]",auxiliares|relacoes_preposicionais|subordinacao,False,True,False,0,research_only,ineligible,
fc9c949be6e4,"[""DEP_acl_rate_alto"", ""DEP_aux:pass_rate_baixo"", ""DEP_xcomp_rate_baixo""]",DEP_acl_rate_alto + DEP_aux:pass_rate_baixo + DEP_xcomp_rate_baixo,"[""1ad899b5b065"", ""b31b7a88b37f""]",1ad899b5b065,130,0.090277777777777776,False,0.83999999999999997,"[""DEP_acl"", ""DEP_xcomp"", ""auxiliares""]",DEP_acl|DEP_xcomp|auxiliares,False,True,False,0,research_only,ineligible,
fcce2b7a6deb,"[""DEP_acl:relcl_rate_baixo"", ""DEP_flat:name_rate_baixo"", ""POS_PROPN_rate_baixo""]",DEP_acl:relcl_rate_baixo + DEP_flat:name_rate_baixo + POS_PROPN_rate_baixo,"[""64a5f4fc7f20"", ""8dc7c6d65b03""]",64a5f4fc7f20,114,0.079166666666666663,False,0.89000000000000001,"[""DEP_acl:relcl"", ""DEP_flat:name"", ""POS_PROPN""]",DEP_acl:relcl|DEP_flat:name|POS_PROPN,False,True,False,0,research_only,ineligible,
fcd9552c99ca,"[""DEP_nummod_rate_baixo"", ""DEP_xcomp_rate_baixo"", ""POS_ADV_rate_baixo""]",DEP_nummod_rate_baixo + DEP_xcomp_rate_baixo + POS_ADV_rate_baixo,"[""70453b7da355""]",70453b7da355,149,0.10347222222222222,True,0.59999999999999998,"[""DEP_xcomp"", ""modificacao_adverbial"", ""numerais""]",DEP_xcomp|modificacao_adverbial|numerais,False,True,False,0,research_only,ineligible,
fcf975b2323b,"[""DEP_acl:relcl_rate_baixo"", ""DEP_ccomp_rate_baixo"", ""POS_AUX_rate_baixo""]",DEP_acl:relcl_rate_baixo + DEP_ccomp_rate_baixo + POS_AUX_rate_baixo,"[""1be1a06dbf8e""]",1be1a06dbf8e,149,0.10347222222222222,True,0.77000000000000002,"[""DEP_acl:relcl"", ""DEP_ccomp"", ""auxiliares""]",DEP_acl:relcl|DEP_ccomp|auxiliares,False,True,False,0,research_only,ineligible,
fe4b7736d47b,"[""DEP_acl:relcl_rate_baixo"", ""POS_AUX_rate_baixo""]",DEP_acl:relcl_rate_baixo + POS_AUX_rate_baixo,"[""a2016160802d""]",a2016160802d,235,0.16319444444444445,False,0.72999999999999998,"[""DEP_acl:relcl"", ""auxiliares""]",DEP_acl:relcl|auxiliares,False,True,False,0,research_only,ineligible,
fe73908bafc0,"[""DEP_cop_rate_baixo"", ""DEP_nummod_rate_baixo"", ""POS_SCONJ_rate_baixo""]",DEP_cop_rate_baixo + DEP_nummod_rate_baixo + POS_SCONJ_rate_baixo,"[""d90e67665ff5""]",d90e67665ff5,142,0.098611111111111108,True,0.69999999999999996,"[""DEP_cop"", ""numerais"", ""subordinacao""]",DEP_cop|numerais|subordinacao,False,True,False,0,research_only,ineligible,
fea35cce2088,"[""DEP_cc_rate_alto"", ""DEP_nsubj:pass_rate_baixo"", ""POS_AUX_rate_baixo""]",DEP_cc_rate_alto + DEP_nsubj:pass_rate_baixo + POS_AUX_rate_baixo,"[""7329af68ba88""]",7329af68ba88,117,0.081250000000000003,True,0.33000000000000002,"[""DEP_nsubj:pass"", ""auxiliares"", ""coordenacao""]",DEP_nsubj:pass|auxiliares|coordenacao,False,True,False,0,research_only,ineligible,
fed511a6a04f,"[""DEP_acl_rate_alto"", ""DEP_nsubj:pass_rate_baixo"", ""uppercaseRatio_baixo""]",DEP_acl_rate_alto + DEP_nsubj:pass_rate_baixo + uppercaseRatio_baixo,"[""dcbbbe8a4ad8""]",dcbbbe8a4ad8,136,0.094444444444444442,False,0.56000000000000005,"[""DEP_acl"", ""DEP_nsubj:pass"", ""uppercaseRatio""]",DEP_acl|DEP_nsubj:pass|uppercaseRatio,False,True,False,0,research_only,ineligible,
feed2c37682a,"[""DEP_advcl_rate_baixo"", ""DEP_ccomp_rate_baixo"", ""POS_PRON_rate_baixo""]",DEP_advcl_rate_baixo + DEP_ccomp_rate_baixo + POS_PRON_rate_baixo,"[""0b6b1f165afa""]",0b6b1f165afa,178,0.12361111111111112,True,0.65000000000000002,"[""DEP_advcl"", ""DEP_ccomp"", ""POS_PRON""]",DEP_advcl|DEP_ccomp|POS_PRON,False,False,False,0,research_only,ineligible,
ff0122dac4b3,"[""DEP_aux:pass_rate_baixo"", ""DEP_cc_rate_alto"", ""uppercaseRatio_baixo""]",DEP_aux:pass_rate_baixo + DEP_cc_rate_alto + uppercaseRatio_baixo,"[""c03f0f13d67e""]",c03f0f13d67e,144,0.10000000000000001,True,0.62,"[""auxiliares"", ""coordenacao"", ""uppercaseRatio""]",auxiliares|coordenacao|uppercaseRatio,False,True,False,0,research_only,ineligible,
ff703413ca5c,"[""DEP_case_rate_baixo"", ""DEP_cop_rate_alto"", ""POS_ADP_rate_baixo""]",DEP_case_rate_baixo + DEP_cop_rate_alto + POS_ADP_rate_baixo,"[""7da71ce56249"", ""d8696a1b2775""]",7da71ce56249,113,0.078472222222222221,False,0.97999999999999998,"[""DEP_cop"", ""relacoes_preposicionais""]",DEP_cop|relacoes_preposicionais,True,True,False,0,research_only,ineligible,
ffdbbd9b56a9,"[""DEP_cop_rate_baixo"", ""uppercaseRatio_alto""]",DEP_cop_rate_baixo + uppercaseRatio_alto,"[""ead41e6acdaa""]",ead41e6acdaa,233,0.16180555555555556,True,0.68999999999999995,"[""DEP_cop"", ""uppercaseRatio""]",DEP_cop|uppercaseRatio,False,True,False,0,research_only,ineligible,
