rule_id,rediscovery_count,rediscovery_fraction,repetitions
001171050812,65,0.65000000000000002,100
001416a77dab,100,1,100
00598716e29e,100,1,100
007fd37115f5,99,0.98999999999999999,100
009210998a05,100,1,100
00aa8efa01d0,91,0.91000000000000003,100
00ad90d52cf2,100,1,100
00e06ef63dbc,100,1,100
00f669d6104d,100,1,100
00fc03918bd5,100,1,100
01008e3f39aa,95,0.94999999999999996,100
01016ce5ceb8,80,0.80000000000000004,100
01045281b6ce,100,1,100
0120ff76ce37,69,0.68999999999999995,100
012648964c70,100,1,100
0174ed596432,100,1,100
017adb2b5fc3,88,0.88,100
01879af42dc8,100,1,100
0187c9fa858e,66,0.66000000000000003,100
01980716ae1c,100,1,100
019b315b18ea,87,0.87,100
01a6743084b6,100,1,100
01af5d620f15,100,1,100
01b500c58f77,66,0.66000000000000003,100
01b78f78be88,100,1,100
01cc0c52dba9,63,0.63,100
01d2c5bc6e76,65,0.65000000000000002,100
01e8cd3647fa,99,0.98999999999999999,100
020a01d06a76,78,0.78000000000000003,100
0224c85efd24,87,0.87,100
022871263fd5,100,1,100
023cf8ca5931,100,1,100
024268f946ce,67,0.67000000000000004,100
024323a49bcb,100,1,100
0246afa440b8,100,1,100
024e486a444a,95,0.94999999999999996,100
025492923ad1,100,1,100
025682d36584,60,0.59999999999999998,100
0263725538d6,51,0.51000000000000001,100
027244278fcc,100,1,100
027a0d4c4a98,100,1,100
027a7bd8f571,93,0.93000000000000005,100
02aca0d80bd4,93,0.93000000000000005,100
02afa0dc197f,81,0.81000000000000005,100
02c82fd50f6f,67,0.67000000000000004,100
02d48f1ee126,100,1,100
02dc3d2afcd0,100,1,100
02e910ac21df,75,0.75,100
02efa97e8541,100,1,100
02f8fdc807b5,90,0.90000000000000002,100
02fc4c767c61,100,1,100
02ff9c55d655,100,1,100
030d6d7486cb,100,1,100
03119ac6493c,100,1,100
0319045d8b5f,82,0.81999999999999995,100
032342e2494f,85,0.84999999999999998,100
0336695a11a3,100,1,100
033e1f4214e2,89,0.89000000000000001,100
034325e09a0e,12,0.12,100
0352e8a6c053,79,0.79000000000000004,100
035b46f6858b,100,1,100
035f0b3eddab,95,0.94999999999999996,100
03609f23f6e8,77,0.77000000000000002,100
03892edc7ef5,100,1,100
03a35869f1d0,100,1,100
03b481875bfc,100,1,100
03cfd265e55c,100,1,100
03d08ec620df,100,1,100
03ea43b04e1d,96,0.95999999999999996,100
03f2919489d4,100,1,100
03f2a34a241b,75,0.75,100
03fd2ee3ac40,100,1,100
0400b68a7df0,100,1,100
040cee389761,99,0.98999999999999999,100
0416802df289,55,0.55000000000000004,100
042a36a20787,100,1,100
043a18b9ce47,88,0.88,100
0457e98b264c,73,0.72999999999999998,100
0468268de1d7,66,0.66000000000000003,100
046a6ac21f6d,100,1,100
0476e27b2cfd,93,0.93000000000000005,100
047951a79a1b,100,1,100
048aee8a72bf,88,0.88,100
048f8510bf43,100,1,100
049296627135,100,1,100
0496e990bc4c,77,0.77000000000000002,100
0499636d8216,100,1,100
049beebbc32a,100,1,100
04ab1efc000d,100,1,100
04afb7e1e896,80,0.80000000000000004,100
04b2cbb44ea7,92,0.92000000000000004,100
04b31e3432de,77,0.77000000000000002,100
04c34941097d,99,0.98999999999999999,100
04ca40696cc6,51,0.51000000000000001,100
04cc8661d2a9,89,0.89000000000000001,100
04d521173e8d,100,1,100
04e0dd5685d7,44,0.44,100
04f9e82363e3,100,1,100
050ed99777ef,75,0.75,100
0512684641f9,100,1,100
05152f74d4c3,100,1,100
05167f8cf4a8,100,1,100
052eb69ba125,100,1,100
053ffbf87360,78,0.78000000000000003,100
055d5e1ae31c,58,0.57999999999999996,100
0565d0f5c73f,98,0.97999999999999998,100
057f5eb17666,100,1,100
0592dea8b39f,100,1,100
0594b4981903,100,1,100
05bbacf1bbb5,100,1,100
05c27e4757fb,97,0.96999999999999997,100
05c2d8df2934,57,0.56999999999999995,100
05c495e6f532,100,1,100
05dc7dba16f2,100,1,100
05f64be2bf33,59,0.58999999999999997,100
05f9161fdd64,82,0.81999999999999995,100
0625713ee9a0,64,0.64000000000000001,100
06303cf0a607,100,1,100
0635066b49d7,100,1,100
06455012c3b5,99,0.98999999999999999,100
065f4bd06867,100,1,100
0661ac868846,100,1,100
067c4a149516,100,1,100
06850ab5d141,100,1,100
06926dec2706,84,0.83999999999999997,100
06a95b88bc0a,100,1,100
06a988189ee1,70,0.69999999999999996,100
06b4870014d1,96,0.95999999999999996,100
06b5e3ffb378,51,0.51000000000000001,100
06c6f4639926,100,1,100
06c985b48f15,100,1,100
06ca36063c87,100,1,100
06d82aa4a7ff,100,1,100
06ec61aa3b06,100,1,100
06f5bd25771c,50,0.5,100
071603c81ff4,100,1,100
071df95249ff,97,0.96999999999999997,100
072077f59128,80,0.80000000000000004,100
073b51154987,100,1,100
074b1c082dd4,96,0.95999999999999996,100
0755309dc80e,100,1,100
07566feb4947,100,1,100
075739c06801,99,0.98999999999999999,100
075f1fd4043c,100,1,100
0760cbd585f2,62,0.62,100
07665671a4eb,100,1,100
076f97d9f199,95,0.94999999999999996,100
0774008bb738,55,0.55000000000000004,100
0787fa0a5f86,99,0.98999999999999999,100
078c0b86ed41,92,0.92000000000000004,100
079394b258e8,39,0.39000000000000001,100
07ae2393a6f3,78,0.78000000000000003,100
07c0d4c8a59a,100,1,100
07cc7e21173e,76,0.76000000000000001,100
07db665c633d,71,0.70999999999999996,100
07e735c7570b,97,0.96999999999999997,100
0800d37f037a,93,0.93000000000000005,100
080baf24c2f3,100,1,100
081b9a5f890d,100,1,100
082683b3f076,100,1,100
0826cec8c126,100,1,100
082dff0449ed,66,0.66000000000000003,100
0832218431ca,100,1,100
084691478aaa,100,1,100
084be2100872,96,0.95999999999999996,100
0857a3683de5,100,1,100
08867be70ac9,90,0.90000000000000002,100
088f6f7dbc4f,58,0.57999999999999996,100
08a9ad755c17,99,0.98999999999999999,100
08b46628c93d,95,0.94999999999999996,100
08e0b5497e2f,100,1,100
08e63cffe176,100,1,100
09001d3c8443,100,1,100
0920ee816985,100,1,100
09365961bc6b,100,1,100
09455e7ed81c,99,0.98999999999999999,100
0954cac5769c,98,0.97999999999999998,100
095748850519,100,1,100
096a0f73400d,97,0.96999999999999997,100
097ee0df2058,92,0.92000000000000004,100
09b67deeebd5,100,1,100
09d79d1c376d,62,0.62,100
09e49e8d85ef,100,1,100
09f40e1ab071,100,1,100
09ff985343b4,100,1,100
0a184cebec43,69,0.68999999999999995,100
0a31aa6e8634,100,1,100
0a370e92efe8,100,1,100
0a3b1e0c1a44,100,1,100
0a4868ade101,100,1,100
0a57f68754fb,78,0.78000000000000003,100
0a60f750eb65,96,0.95999999999999996,100
0a6a3451f5ee,100,1,100
0a713ac0f69c,100,1,100
0aa3c88f130e,59,0.58999999999999997,100
0aa7f9e41b46,100,1,100
0ab029b56051,98,0.97999999999999998,100
0ab4e8daebdd,100,1,100
0ad13a10bd44,100,1,100
0af7cab338f2,65,0.65000000000000002,100
0b01fb0c55e2,100,1,100
0b0268639d33,100,1,100
0b02e175c706,89,0.89000000000000001,100
0b0f8f4d568f,94,0.93999999999999995,100
0b23c28b6147,100,1,100
0b34f65cff28,100,1,100
0b47407d575a,100,1,100
0b47cb42ebaa,91,0.91000000000000003,100
0b6b1f165afa,65,0.65000000000000002,100
0b6ded68614a,51,0.51000000000000001,100
0ba4cc68caa2,96,0.95999999999999996,100
0ba767ecfd96,97,0.96999999999999997,100
0c03b906f34e,100,1,100
0c0986859324,100,1,100
0c0c70d72ac9,100,1,100
0c19d88ae732,94,0.93999999999999995,100
0c1cc7492698,100,1,100
0c225be1bb59,71,0.70999999999999996,100
0c2b26c4f2da,100,1,100
0c31b5553a6a,100,1,100
0c3e6c056340,100,1,100
0c4c85db2d30,100,1,100
0c549ec2b609,79,0.79000000000000004,100
0c89a639d077,98,0.97999999999999998,100
0c8d41f0158c,100,1,100
0c9173813676,100,1,100
0ca28360a90f,99,0.98999999999999999,100
0ca2f9b10d82,100,1,100
0ca4828df9be,100,1,100
0ca76b1f6cdb,100,1,100
0cb17d0439a6,58,0.57999999999999996,100
0cc514400f21,100,1,100
0cc92acbd314,93,0.93000000000000005,100
0ccec063f9e9,100,1,100
0cd1555975e4,100,1,100
0cd2c427e36e,99,0.98999999999999999,100
0cd7c59217e8,96,0.95999999999999996,100
0cf41fd9bb57,68,0.68000000000000005,100
0cfd95d84c4a,100,1,100
0d0b301dd0a7,100,1,100
0d0c2a4485c0,59,0.58999999999999997,100
0d0f54670fdb,100,1,100
0d1ccf61d6c7,100,1,100
0d206acfdbed,99,0.98999999999999999,100
0d2521aa843e,92,0.92000000000000004,100
0d25e4a9f062,90,0.90000000000000002,100
0d29e5693e08,63,0.63,100
0d5c8bfb5e99,59,0.58999999999999997,100
0d5f4ff737f6,49,0.48999999999999999,100
0d6000cef975,100,1,100
0d6a1ab9b984,99,0.98999999999999999,100
0d90a9040aef,94,0.93999999999999995,100
0d92a92ad0f1,96,0.95999999999999996,100
0dab4e4aefed,99,0.98999999999999999,100
0dad0413a023,97,0.96999999999999997,100
0db2ca13a5cc,41,0.40999999999999998,100
0db40d5e589a,74,0.73999999999999999,100
0db8e6da51a4,97,0.96999999999999997,100
0dbba7adce3e,100,1,100
0dc54810a4f9,100,1,100
0dc87d377fe1,75,0.75,100
0dcb2e666ded,100,1,100
0dcbff192c3e,100,1,100
0dd346b19523,100,1,100
0ddb6c753f52,99,0.98999999999999999,100
0de90b1fdf84,100,1,100
0df65b99f79f,100,1,100
0e00f1a55159,96,0.95999999999999996,100
0e25313cf942,100,1,100
0e29dd3f84f3,82,0.81999999999999995,100
0e323ca1529d,100,1,100
0e3892471699,91,0.91000000000000003,100
0e41eba34001,94,0.93999999999999995,100
0e6a1bb3663a,99,0.98999999999999999,100
0e6c82a7a1d7,100,1,100
0e6f83146046,100,1,100
0e7c577af723,73,0.72999999999999998,100
0e7caeef05b3,91,0.91000000000000003,100
0e8011ecd823,98,0.97999999999999998,100
0e91fc9f9747,100,1,100
0ea9639c8a48,42,0.41999999999999998,100
0eba3cf7e44d,100,1,100
0efe14d03410,93,0.93000000000000005,100
0f0e91e37830,100,1,100
0f16b73aae01,73,0.72999999999999998,100
0f30e5ffa949,100,1,100
0f313518df29,100,1,100
0f33a692eec5,100,1,100
0f6800130af8,100,1,100
0f73d5000c7d,100,1,100
0f7cc5beef0a,100,1,100
0f847cd01d26,90,0.90000000000000002,100
0f98fe81bd76,100,1,100
0f9d66a95f6d,100,1,100
0fa6459ea780,97,0.96999999999999997,100
0fc5296421eb,85,0.84999999999999998,100
0ff3a4409df2,100,1,100
1002a8a52773,99,0.98999999999999999,100
100a7d6ba5ed,95,0.94999999999999996,100
100afe9a73cf,64,0.64000000000000001,100
100e394ea5f0,100,1,100
101c174ae18b,100,1,100
104a022ca078,65,0.65000000000000002,100
1063a053fd40,100,1,100
106d28184664,81,0.81000000000000005,100
107e0119b385,70,0.69999999999999996,100
10827f77fd91,100,1,100
109c57600b39,100,1,100
109c76240ae2,90,0.90000000000000002,100
10a215cbe582,56,0.56000000000000005,100
10cb8455851c,100,1,100
10da152f25b3,100,1,100
10df32c813bc,71,0.70999999999999996,100
10e7d4784b06,97,0.96999999999999997,100
10f22a7b237f,100,1,100
10f25d2c559c,89,0.89000000000000001,100
1129416635a3,100,1,100
1139d30d97e5,75,0.75,100
115b631601db,100,1,100
11735b009dd7,100,1,100
1177f169c837,68,0.68000000000000005,100
1189ffefca7d,100,1,100
11906857dedb,95,0.94999999999999996,100
119df772bb38,100,1,100
11a162f0eab2,51,0.51000000000000001,100
11fa239abb28,85,0.84999999999999998,100
120bb756d400,100,1,100
12141a4f6b1e,100,1,100
122ba23756e6,89,0.89000000000000001,100
122bc75aeec8,83,0.82999999999999996,100
125d1375a9e4,98,0.97999999999999998,100
1260d868ff50,63,0.63,100
1265865d67ff,97,0.96999999999999997,100
126cc7382b1d,100,1,100
127471edfb30,100,1,100
127e689b87fd,93,0.93000000000000005,100
12806385a7fe,100,1,100
12bc2477885a,100,1,100
12e6b9048634,100,1,100
12f4cada06da,74,0.73999999999999999,100
13117107e4d8,100,1,100
132a4a1e7751,100,1,100
1344d947b129,87,0.87,100
1365b060ae37,100,1,100
13673e916a35,97,0.96999999999999997,100
1382239bda7a,100,1,100
13956bd664e0,100,1,100
139dbac4b301,67,0.67000000000000004,100
13a8943a5ed8,78,0.78000000000000003,100
13b809f07b49,100,1,100
13b843ae9b09,100,1,100
13c403d8695d,71,0.70999999999999996,100
13d6e24d2b1e,63,0.63,100
13d78dbdf18a,70,0.69999999999999996,100
13f14e7e4d39,95,0.94999999999999996,100
13f70d8ed754,100,1,100
140d18c4244c,100,1,100
140dd48f2dd6,54,0.54000000000000004,100
142114511f6f,100,1,100
14211b4fbdd4,99,0.98999999999999999,100
1426a8eee046,100,1,100
143db6010db1,95,0.94999999999999996,100
143edc2be271,100,1,100
146e741c1fc6,100,1,100
149562cb5569,100,1,100
149ccc733a8c,100,1,100
14b6f2e66270,99,0.98999999999999999,100
14cac2b1ba97,89,0.89000000000000001,100
14df9a33807b,100,1,100
14f49b85b842,97,0.96999999999999997,100
14f5b1cd74b8,100,1,100
14fab910525d,100,1,100
151d400926c4,65,0.65000000000000002,100
151e26636fa3,98,0.97999999999999998,100
15200137f84a,100,1,100
15228b820cc2,100,1,100
152a2003525c,100,1,100
155425d11313,67,0.67000000000000004,100
1573d2692f29,100,1,100
1586a315f31f,79,0.79000000000000004,100
158c410706ea,17,0.17000000000000001,100
15a1bff700a2,68,0.68000000000000005,100
15bb7af7f5d5,100,1,100
15bfbcd2d280,100,1,100
15cae2295911,100,1,100
15d1cd9b6f43,59,0.58999999999999997,100
15d24fb2fdf3,97,0.96999999999999997,100
15d73a20dbb8,88,0.88,100
15e8b583abd0,50,0.5,100
15e9f12af600,100,1,100
15f76ab8f838,99,0.98999999999999999,100
15fe35c7f595,97,0.96999999999999997,100
1610b1ba76b1,98,0.97999999999999998,100
1614c5e6bca8,100,1,100
161f37457b9c,85,0.84999999999999998,100
162bb70e6c57,100,1,100
16365c21293b,99,0.98999999999999999,100
16557f76d054,84,0.83999999999999997,100
16620f497b35,89,0.89000000000000001,100
1666765bee42,66,0.66000000000000003,100
166d6d833bda,98,0.97999999999999998,100
1680ec51ad83,100,1,100
1683512cc0d0,99,0.98999999999999999,100
16984d32fd7f,100,1,100
169ef232f393,100,1,100
16ab63b9fc78,93,0.93000000000000005,100
16b2c3978683,100,1,100
16bcaefa46d7,89,0.89000000000000001,100
16c6600c19ac,100,1,100
16cd63629787,100,1,100
16f03fe105b8,58,0.57999999999999996,100
16fd18152c29,81,0.81000000000000005,100
170de39824d2,66,0.66000000000000003,100
1723462bf8d3,100,1,100
1731d8bf9ed0,95,0.94999999999999996,100
173c537d71cc,100,1,100
17775ec55db8,100,1,100
17781f1efcaf,100,1,100
177a20bf43e9,79,0.79000000000000004,100
17a62198358a,55,0.55000000000000004,100
17abfe03d556,85,0.84999999999999998,100
17b864946067,100,1,100
17c04764284b,99,0.98999999999999999,100
17e014a2e041,90,0.90000000000000002,100
17e131fab960,75,0.75,100
18022f6eb665,100,1,100
1827bed55006,100,1,100
184973686c73,56,0.56000000000000005,100
1850fae2289c,100,1,100
1854d557387f,60,0.59999999999999998,100
186752da5318,100,1,100
188273620b24,58,0.57999999999999996,100
1883fa231324,85,0.84999999999999998,100
188d1f881a74,69,0.68999999999999995,100
18af4d538f0a,92,0.92000000000000004,100
18b21a0f01cd,92,0.92000000000000004,100
18b424f3798a,97,0.96999999999999997,100
18cf5b891f75,100,1,100
18f5150808e3,100,1,100
1909b5bbc946,75,0.75,100
1919044f5f5a,100,1,100
191c2080410a,98,0.97999999999999998,100
19309d369bba,58,0.57999999999999996,100
193578c95350,99,0.98999999999999999,100
1938ecb25b27,100,1,100
19407a78ffa4,100,1,100
195d5e7fd927,79,0.79000000000000004,100
1963779ad9c7,75,0.75,100
1967ea8fb5da,52,0.52000000000000002,100
198d26217fc7,97,0.96999999999999997,100
19a266a5c839,100,1,100
19bb7667e278,100,1,100
19c0403fbbc2,100,1,100
19c17662c6c5,100,1,100
19d2fc6be19f,100,1,100
19dea57a0dbb,100,1,100
1a058d434bdf,99,0.98999999999999999,100
1a0c54990b94,55,0.55000000000000004,100
1a1e639040ba,97,0.96999999999999997,100
1a357fdc33ce,100,1,100
1a360a72fc21,91,0.91000000000000003,100
1a39c6230902,100,1,100
1a594774796b,86,0.85999999999999999,100
1a676aab3093,66,0.66000000000000003,100
1a6832e97c6d,100,1,100
1a6f3c48df21,92,0.92000000000000004,100
1a7c54385b4b,83,0.82999999999999996,100
1a7ef3000b3a,89,0.89000000000000001,100
1a874baf0bbf,100,1,100
1a88684d4d5e,100,1,100
1a8a93bb47c1,100,1,100
1a998f0c4b9c,100,1,100
1a9bbae2b5ae,100,1,100
1aa1498010d0,59,0.58999999999999997,100
1aa5ffd8b526,44,0.44,100
1aab7cd97358,100,1,100
1ab1bc154eae,100,1,100
1ab2f1b097b0,91,0.91000000000000003,100
1ab86f371183,100,1,100
1ac68645c230,99,0.98999999999999999,100
1ad899b5b065,84,0.83999999999999997,100
1ae33ad818e0,92,0.92000000000000004,100
1af4ac338107,100,1,100
1b0075840376,72,0.71999999999999997,100
1b01969979a1,100,1,100
1b0814ab72f7,100,1,100
1b5098d2a530,75,0.75,100
1b79d2b9a669,100,1,100
1b7fe8f7625d,100,1,100
1b88f6441c58,100,1,100
1b8a785178bf,100,1,100
1ba078c08175,100,1,100
1baaa54809ea,100,1,100
1bc7720be87a,100,1,100
1bccb48427ee,41,0.40999999999999998,100
1bd82609d889,100,1,100
1bdb73897200,37,0.37,100
1be1a06dbf8e,77,0.77000000000000002,100
1c06b6a4e134,100,1,100
1c0a555286fc,100,1,100
1c1058c9853c,100,1,100
1c1ee6e7cfb6,100,1,100
1c26b6cfa30f,92,0.92000000000000004,100
1c395eab0531,100,1,100
1c4a7b75a271,100,1,100
1c4c76944183,100,1,100
1c8051d68eb1,94,0.93999999999999995,100
1c95a4e7a534,100,1,100
1cb76170ec18,100,1,100
1cbb4159e565,71,0.70999999999999996,100
1cbf1764cdfa,100,1,100
1ccba7f84390,65,0.65000000000000002,100
1cfff95c7859,98,0.97999999999999998,100
1d04b6626f00,67,0.67000000000000004,100
1d077e7204ae,100,1,100
1d0fb974935a,100,1,100
1d221b3d868d,100,1,100
1d3766fa33f6,86,0.85999999999999999,100
1d37ab667376,100,1,100
1d549773767e,100,1,100
1d58aca54ed6,100,1,100
1d6d6be2e4e5,98,0.97999999999999998,100
1d726daf695f,57,0.56999999999999995,100
1d75f4885400,80,0.80000000000000004,100
1d7aab65afb0,100,1,100
1d8341e35a8a,97,0.96999999999999997,100
1d8af7140c79,83,0.82999999999999996,100
1d8edeb69284,39,0.39000000000000001,100
1d9c93c19a28,84,0.83999999999999997,100
1da0084626cd,100,1,100
1db8b6842788,82,0.81999999999999995,100
1db9ed91b356,100,1,100
1dd0b0fffd0f,99,0.98999999999999999,100
1ddfcce1b656,100,1,100
1df457874083,100,1,100
1df665dd1ec2,100,1,100
1dfb1aa88250,73,0.72999999999999998,100
1e0b461a29fb,100,1,100
1e37125fcc96,100,1,100
1e3903379c53,100,1,100
1e3ef1c021cc,100,1,100
1e69edcab4a5,100,1,100
1e6f657db977,100,1,100
1e702e42e9af,100,1,100
1e87e5255ee9,80,0.80000000000000004,100
1ea692804135,96,0.95999999999999996,100
1eaa1d1e5486,100,1,100
1eb1d7810529,90,0.90000000000000002,100
1eb34e9e5205,53,0.53000000000000003,100
1edb02fb10c2,100,1,100
1ee58f0fc031,68,0.68000000000000005,100
1ee977b0e45a,100,1,100
1f0d4f5643ca,100,1,100
1f130079aab3,100,1,100
1f260c2859aa,52,0.52000000000000002,100
1f325a6ed460,79,0.79000000000000004,100
1f41038cf829,55,0.55000000000000004,100
1f4539042e95,66,0.66000000000000003,100
1f5c30c120e4,100,1,100
1f96b4e98bbf,75,0.75,100
1fe299c3d329,74,0.73999999999999999,100
1feb2d128d14,100,1,100
1ff7cacda0da,88,0.88,100
2022d7d2715e,100,1,100
206e0fa32eb4,81,0.81000000000000005,100
208a1b4a3995,72,0.71999999999999997,100
209ec047605f,91,0.91000000000000003,100
20a6f375a81a,95,0.94999999999999996,100
20b6ed0ef355,80,0.80000000000000004,100
20cb1bc7798f,100,1,100
20f662f88228,100,1,100
20fa3fdaa9ec,100,1,100
211340146af5,76,0.76000000000000001,100
2114b6c0cfd9,49,0.48999999999999999,100
2114e3af5e77,88,0.88,100
211863179854,96,0.95999999999999996,100
211cbaccb4aa,100,1,100
211d9ad38889,64,0.64000000000000001,100
2127feacb929,100,1,100
2147048d4da4,100,1,100
21543a425116,100,1,100
215a4827d11c,97,0.96999999999999997,100
2174ea161bb4,87,0.87,100
217db8263bab,76,0.76000000000000001,100
2184dab36fb7,46,0.46000000000000002,100
21ac37327c82,100,1,100
21bab7cc1065,100,1,100
21df6c8b03fe,72,0.71999999999999997,100
21f648fc2081,43,0.42999999999999999,100
21fb4eeffd1e,100,1,100
221a5c71d181,100,1,100
22303d43080a,99,0.98999999999999999,100
22558c848147,100,1,100
227d44f3406d,79,0.79000000000000004,100
228458c8d87d,84,0.83999999999999997,100
22901b052ffb,58,0.57999999999999996,100
229b648070f7,99,0.98999999999999999,100
22a0b7a80d0b,87,0.87,100
22ae76763aef,100,1,100
22b1e81b3bac,100,1,100
22c25f422e52,100,1,100
22d2afda4d14,100,1,100
22d4b1cf5d1d,71,0.70999999999999996,100
22fc7719e38d,72,0.71999999999999997,100
2308985aa1d7,100,1,100
2323e38bacf3,100,1,100
232b77c228df,100,1,100
2337a3ef7428,100,1,100
23468c6be4a4,98,0.97999999999999998,100
234e1c37620f,100,1,100
2367498cf429,100,1,100
23966564f206,53,0.53000000000000003,100
23b98c2812f3,100,1,100
23bd4e2d417a,100,1,100
23c92764364d,100,1,100
23f1855587e5,98,0.97999999999999998,100
23fdda584a2e,100,1,100
2415ba795efa,81,0.81000000000000005,100
2427344c6079,99,0.98999999999999999,100
243c2f73260a,100,1,100
244c5810fb80,100,1,100
2466dd852022,72,0.71999999999999997,100
2470706c1ed6,100,1,100
247217cf05a7,100,1,100
24a0db436de9,54,0.54000000000000004,100
24aa4f85e6b9,77,0.77000000000000002,100
24bd824555db,45,0.45000000000000001,100
24c0649f88ea,64,0.64000000000000001,100
24dd31ace56b,100,1,100
250c8f15f1a9,98,0.97999999999999998,100
251022dc5060,84,0.83999999999999997,100
2525d5c5ce8a,94,0.93999999999999995,100
2532fdbb2712,100,1,100
253c7824774c,61,0.60999999999999999,100
2550ec2fa259,100,1,100
256148297ad2,100,1,100
2587facb051f,66,0.66000000000000003,100
258d8a07b18c,94,0.93999999999999995,100
258e27dcb52c,100,1,100
25a28cbdd6a4,100,1,100
25ad727c1566,81,0.81000000000000005,100
25b0c16547c4,100,1,100
25bdd1464c0a,100,1,100
25e96a084854,100,1,100
25eb9910a8cc,99,0.98999999999999999,100
25ee854ec9bd,42,0.41999999999999998,100
25fc30970e7b,91,0.91000000000000003,100
2604978bdc6b,99,0.98999999999999999,100
261621ed3b18,100,1,100
2624c47d9a4b,100,1,100
264a671c2076,100,1,100
2652db4cd158,72,0.71999999999999997,100
2654f6a9a22a,100,1,100
2658f10494f2,86,0.85999999999999999,100
267e91166c61,91,0.91000000000000003,100
2698eb8a7fd7,90,0.90000000000000002,100
26995a21cef3,67,0.67000000000000004,100
269c5621cae0,100,1,100
269f915a0721,100,1,100
26c62dc99ff3,100,1,100
26c9f52e7141,100,1,100
26cf6f15d99c,100,1,100
26d4b7f7f77d,53,0.53000000000000003,100
26d51d495281,100,1,100
26db85bfb466,100,1,100
26dc05fe36ee,100,1,100
26f0e161666c,68,0.68000000000000005,100
270e39b016c0,100,1,100
2724026c5830,100,1,100
2725ca86f5ef,93,0.93000000000000005,100
273f701eeb00,91,0.91000000000000003,100
2755e1bf7bee,98,0.97999999999999998,100
27686c921ec2,100,1,100
277f58119968,100,1,100
278f8faea946,88,0.88,100
2792666ae558,100,1,100
27c9e36608d3,99,0.98999999999999999,100
27ce67299da0,100,1,100
27eb8e9318dd,99,0.98999999999999999,100
27f5904e8753,67,0.67000000000000004,100
28044bc43f6a,57,0.56999999999999995,100
28074e62dd5d,100,1,100
281198a39f0c,98,0.97999999999999998,100
281c64ebb7af,99,0.98999999999999999,100
2845fb028c8d,91,0.91000000000000003,100
2848a5d676eb,100,1,100
2852d4a99996,100,1,100
2859b4594deb,72,0.71999999999999997,100
286e54ee07f7,81,0.81000000000000005,100
287fc81526ce,100,1,100
2880b15ba7c6,100,1,100
28819897c5c6,98,0.97999999999999998,100
288371282eb0,81,0.81000000000000005,100
28976091d348,100,1,100
28a8e968eb1a,100,1,100
28aa781e4ee8,100,1,100
28cb3a11b1d4,100,1,100
28cb451a956d,100,1,100
28cc47fd7d1b,75,0.75,100
28db82932f98,69,0.68999999999999995,100
28e56b9c051b,100,1,100
28f79af6e9b7,100,1,100
28fd42b9b830,95,0.94999999999999996,100
2910c0c7af8a,100,1,100
29168f5b074a,67,0.67000000000000004,100
295a17b51d5b,60,0.59999999999999998,100
295d3797e05f,100,1,100
2962c3a89b6a,100,1,100
296ce7f5e775,92,0.92000000000000004,100
296e372a6617,100,1,100
297f1ccbc1c2,86,0.85999999999999999,100
298ce497f266,100,1,100
299cecc25c69,100,1,100
29a724d9e589,81,0.81000000000000005,100
29ad7ad49736,100,1,100
29aff42eb27c,42,0.41999999999999998,100
29d7b878c775,100,1,100
2a063b8efede,100,1,100
2a22cf6cc771,100,1,100
2a31f562c17b,100,1,100
2a346d0190f6,100,1,100
2a387c6f9375,100,1,100
2a3a2ed90f73,100,1,100
2a40c39d184c,100,1,100
2a6485a7b0be,100,1,100
2aa03aef2681,100,1,100
2ab69402d49c,100,1,100
2ad4406843e0,100,1,100
2ae8585b5054,76,0.76000000000000001,100
2aef8131c289,100,1,100
2af08bd0d39a,67,0.67000000000000004,100
2af1afa2f852,97,0.96999999999999997,100
2af4002af0f8,100,1,100
2b0df111a026,100,1,100
2b1516b36c98,100,1,100
2b20d484cff5,100,1,100
2b2e1c28bff8,100,1,100
2b484a19e587,70,0.69999999999999996,100
2b5dc5106e7f,97,0.96999999999999997,100
2b61e46a9b16,100,1,100
2b7c02ca92a0,100,1,100
2b80b0cb75eb,69,0.68999999999999995,100
2b8a02133fb8,100,1,100
2ba4890029d9,64,0.64000000000000001,100
2ba5d1c5a2a1,100,1,100
2bacee6428f8,79,0.79000000000000004,100
2bb2b367cafc,99,0.98999999999999999,100
2bb514a35ee0,100,1,100
2bc586682f3e,100,1,100
2bd0298fe1c4,59,0.58999999999999997,100
2bd96852e2f9,100,1,100
2bea970ed1e2,100,1,100
2bf42a95a0aa,75,0.75,100
2c359a427d80,40,0.40000000000000002,100
2c3ba903ac7f,76,0.76000000000000001,100
2c3c79b5635b,100,1,100
2c516c4a46e2,100,1,100
2c7ee83a6f33,99,0.98999999999999999,100
2cad54ac3fac,100,1,100
2cbd0650ba3f,95,0.94999999999999996,100
2cbedbc90188,83,0.82999999999999996,100
2cbef8937fdb,100,1,100
2cc5a9889fba,89,0.89000000000000001,100
2cc986bc1a67,100,1,100
2cdce074aea3,97,0.96999999999999997,100
2ce8478deb7c,97,0.96999999999999997,100
2cec8808919b,49,0.48999999999999999,100
2d196a266733,100,1,100
2d2437b19e10,71,0.70999999999999996,100
2d4839be641c,91,0.91000000000000003,100
2d54653a0ff0,74,0.73999999999999999,100
2d566b8e84c8,93,0.93000000000000005,100
2d6a7fbbe0be,100,1,100
2d6d1f090f55,73,0.72999999999999998,100
2d81102afda8,100,1,100
2d820651426f,44,0.44,100
2d8b05a03446,41,0.40999999999999998,100
2d8d9ce03f16,100,1,100
2d985cfe3099,100,1,100
2db44e730d89,100,1,100
2dc44ff815e3,100,1,100
2dc8701c2534,91,0.91000000000000003,100
2ddbea446f05,100,1,100
2de154874847,100,1,100
2de3affb0ca0,88,0.88,100
2e24c6d311d1,100,1,100
2e4a15e0de79,99,0.98999999999999999,100
2e54c27a4cbf,66,0.66000000000000003,100
2e698f3c1a76,59,0.58999999999999997,100
2e949e36239b,75,0.75,100
2e9d0e65d2c1,99,0.98999999999999999,100
2eb5a5b68574,100,1,100
2eb7520cbfad,84,0.83999999999999997,100
2ebde835a7b8,100,1,100
2ec5d261b9fd,100,1,100
2ec86127d824,100,1,100
2ecdeb5efa23,96,0.95999999999999996,100
2ed376ea7cd2,70,0.69999999999999996,100
2ee271cfec16,100,1,100
2ef0f071e9f2,100,1,100
2ef26037c9dd,99,0.98999999999999999,100
2efa8a56ee88,100,1,100
2f07f925dcaf,97,0.96999999999999997,100
2f188470c1cd,89,0.89000000000000001,100
2f3860f5dde9,67,0.67000000000000004,100
2f3b7c886e6b,98,0.97999999999999998,100
2f468dbd128e,100,1,100
2f67d0170d28,100,1,100
2f6e32ce64af,88,0.88,100
2f6f7eaee0d3,100,1,100
2f81f764da51,100,1,100
2f9412fd249c,100,1,100
2f958a5bca9a,100,1,100
2fa184fa0a40,100,1,100
2fa46f620992,88,0.88,100
2fd6c5ed43be,68,0.68000000000000005,100
2fdf951bf918,100,1,100
2ff3bb92540a,100,1,100
2ffc47b88f20,100,1,100
300da1f173ef,100,1,100
30166ef42f0a,100,1,100
30272c427438,100,1,100
3040cb14c65f,98,0.97999999999999998,100
3043634f7828,100,1,100
30553b8c2ed9,100,1,100
3089f69eb9ec,100,1,100
30a73b1b13ff,53,0.53000000000000003,100
30c68467f99b,100,1,100
30e8f7011608,77,0.77000000000000002,100
3110611a8a82,100,1,100
31108ba9f33c,100,1,100
312cc354dbcd,100,1,100
3132ce01c528,100,1,100
31453db35faf,46,0.46000000000000002,100
31686ad129b6,100,1,100
316e95582597,81,0.81000000000000005,100
317fe104e367,100,1,100
318481654082,100,1,100
3186b0fd1847,63,0.63,100
319190b9c7ef,100,1,100
3192acd958a4,99,0.98999999999999999,100
31a0d7118406,100,1,100
31b1d7377839,100,1,100
31ba5ebb48f8,100,1,100
31d8ae767a8d,68,0.68000000000000005,100
31df6377e21e,100,1,100
31e57ebd62ae,100,1,100
31ede97c40a3,79,0.79000000000000004,100
320094044230,95,0.94999999999999996,100
320210af9326,100,1,100
320dcfa32a63,100,1,100
321493d26d87,86,0.85999999999999999,100
321c35e873e2,100,1,100
3222d0fdaaaa,96,0.95999999999999996,100
3244ce101b6a,96,0.95999999999999996,100
3244e53febd0,100,1,100
325b68d59ec7,100,1,100
326834a0d7e3,100,1,100
3273ca74e772,67,0.67000000000000004,100
327e2fd701c5,100,1,100
32874d48f4c7,92,0.92000000000000004,100
329f0083bce4,61,0.60999999999999999,100
32a204d45bd5,69,0.68999999999999995,100
32a5c95ad93e,96,0.95999999999999996,100
32b028ac77e7,100,1,100
32de25614400,100,1,100
32e773ca100e,89,0.89000000000000001,100
32e89cc38fea,100,1,100
32ef68be960f,63,0.63,100
330fb5eadf6c,100,1,100
3313acbe861f,100,1,100
3319d312192b,98,0.97999999999999998,100
3326c17a9e75,100,1,100
332ae22ef397,100,1,100
333cba99cd34,85,0.84999999999999998,100
334e0e3f25d7,81,0.81000000000000005,100
3351f94703bd,100,1,100
33652994a221,90,0.90000000000000002,100
336fc5940fc6,100,1,100
33703c28ab3a,87,0.87,100
337361357296,60,0.59999999999999998,100
3390e0f7166c,81,0.81000000000000005,100
33a1054acbbc,97,0.96999999999999997,100
33cb8b35c9e3,100,1,100
33d00dffb3f0,100,1,100
33e12ddf6f0c,100,1,100
33fbcfb2d50d,91,0.91000000000000003,100
34043ab558e0,78,0.78000000000000003,100
3407767a00ea,100,1,100
342c57f3fe6b,100,1,100
34305cdf71e7,95,0.94999999999999996,100
343ef15b030f,100,1,100
343ef4a4c958,58,0.57999999999999996,100
345bb120f6b1,100,1,100
345c15baa58f,100,1,100
345fac022aac,100,1,100
34617fb5c42c,42,0.41999999999999998,100
3463c6400cca,100,1,100
3481a35e14c6,100,1,100
3488cd8e16ae,60,0.59999999999999998,100
349cacdd0cbb,73,0.72999999999999998,100
349ffe915946,100,1,100
34b4508fde36,97,0.96999999999999997,100
34cf4ba97b05,88,0.88,100
34cfec0f070a,57,0.56999999999999995,100
34d2b883e358,95,0.94999999999999996,100
34d9ecfabe97,96,0.95999999999999996,100
34e2f8e6896a,100,1,100
3509c37b71e5,100,1,100
350e2d75943f,76,0.76000000000000001,100
3522d587c168,100,1,100
3522d89fd0cf,100,1,100
3525e710d195,100,1,100
3536934e2cf6,100,1,100
3539486b0395,85,0.84999999999999998,100
353c096fcb51,100,1,100
353e639be4c5,100,1,100
354ef0f1fe96,55,0.55000000000000004,100
355884e398b8,80,0.80000000000000004,100
357ca14bb072,79,0.79000000000000004,100
3583c1292032,100,1,100
3583dc7c954f,100,1,100
359428f79103,100,1,100
35b76e8013ea,100,1,100
35daaf701978,74,0.73999999999999999,100
35e6d3ca65f3,100,1,100
35e82fa713fe,72,0.71999999999999997,100
35ff500b6e4d,98,0.97999999999999998,100
360ae977fc98,100,1,100
360f32dd7ac3,100,1,100
361304d7f88a,100,1,100
3613f4ff3095,100,1,100
36148af1d7d5,100,1,100
3617252d2e19,97,0.96999999999999997,100
36217c3a8a32,86,0.85999999999999999,100
3633a474cc31,87,0.87,100
364e75052ffc,96,0.95999999999999996,100
367737cef566,93,0.93000000000000005,100
367f068cdc49,95,0.94999999999999996,100
3685c5ddb125,100,1,100
368639b3b1fc,100,1,100
3693fca5ce55,100,1,100
36bbc893f5e1,100,1,100
36bccaee30ff,94,0.93999999999999995,100
36c0626d8678,100,1,100
36cb068ae915,100,1,100
371c52b26d9e,62,0.62,100
3729703bf896,100,1,100
373005f91852,64,0.64000000000000001,100
373253097ef5,100,1,100
373b7a68d058,92,0.92000000000000004,100
37419ebed314,100,1,100
376a3e733893,77,0.77000000000000002,100
378a9099dae2,99,0.98999999999999999,100
37a0fc7af782,100,1,100
37a7050a1b80,100,1,100
37bbcf54fcca,100,1,100
37d3eace44e3,91,0.91000000000000003,100
37f73d0cb251,99,0.98999999999999999,100
380a97d8cb3c,99,0.98999999999999999,100
380bbf22d4f5,80,0.80000000000000004,100
383ad1291b8f,100,1,100
383cfa8699c9,100,1,100
383ebbf09c0b,91,0.91000000000000003,100
3884a2bf5098,58,0.57999999999999996,100
388b007433ad,100,1,100
388f154fd545,100,1,100
38910daf706c,99,0.98999999999999999,100
38986b10c359,100,1,100
389edaa20e9b,100,1,100
38b17244dee7,99,0.98999999999999999,100
38b521ab6371,53,0.53000000000000003,100
38b7f3e75f77,99,0.98999999999999999,100
38b9aa02bec4,100,1,100
38d2470b0a27,94,0.93999999999999995,100
38d62de56c0d,100,1,100
38d669b53fd5,84,0.83999999999999997,100
38d9c569a5ce,80,0.80000000000000004,100
38f3353a775e,54,0.54000000000000004,100
390441a6e6c5,96,0.95999999999999996,100
39070c3d9cb5,87,0.87,100
3927f49ab84d,100,1,100
392f7e779389,63,0.63,100
3935a936a833,63,0.63,100
3937dfe8f2d0,100,1,100
3938c4234ef9,33,0.33000000000000002,100
3944c3070abe,100,1,100
3951453e7f13,100,1,100
3958b1a17cf9,100,1,100
395f8f9f8f7e,83,0.82999999999999996,100
39625fd3ce7a,100,1,100
3965de74c7fd,100,1,100
39810f7afbf1,86,0.85999999999999999,100
39a7ef19adec,95,0.94999999999999996,100
39d286faebd4,70,0.69999999999999996,100
39dcaac1413a,89,0.89000000000000001,100
39e5016af944,99,0.98999999999999999,100
3a0b280fd7ee,100,1,100
3a3117be52c5,100,1,100
3a43eba7e197,100,1,100
3a59e223af90,100,1,100
3a63847c6b70,100,1,100
3a6798ed433a,74,0.73999999999999999,100
3a73e5e0fef6,83,0.82999999999999996,100
3a7d1124de61,92,0.92000000000000004,100
3a89e4873809,85,0.84999999999999998,100
3a9a27fb7b5a,100,1,100
3ab86d809db2,63,0.63,100
3abb7d0f0296,100,1,100
3abede8b7731,100,1,100
3ad21ff49d5d,95,0.94999999999999996,100
3ae4166c248a,100,1,100
3afbb06d792e,97,0.96999999999999997,100
3b150d4c69ee,43,0.42999999999999999,100
3b213290b6dd,74,0.73999999999999999,100
3b31f02868cb,90,0.90000000000000002,100
3b545b42b14e,99,0.98999999999999999,100
3b66473b16d0,100,1,100
3b93084653ec,100,1,100
3ba0c2d59aef,100,1,100
3bc8894bcdc6,99,0.98999999999999999,100
3bd5b83cf807,100,1,100
3bde20743d8e,100,1,100
3be7debeec20,100,1,100
3beef4209f11,100,1,100
3c10c03d5833,100,1,100
3c363c436fd0,100,1,100
3c392af869d2,100,1,100
3c43d2b8bfcc,98,0.97999999999999998,100
3c43efe8c73f,100,1,100
3c5532418e6f,100,1,100
3c5655b52466,100,1,100
3c57e01f00bb,43,0.42999999999999999,100
3c61a3da3abc,100,1,100
3c84852491ce,79,0.79000000000000004,100
3c874e44cbc5,100,1,100
3ca2902173ab,91,0.91000000000000003,100
3ca9bd7766f5,100,1,100
3cb51de1f347,100,1,100
3cba409b7c59,44,0.44,100
3cba4855b1b4,100,1,100
3cc3b79f0869,100,1,100
3ccdc0d8babe,66,0.66000000000000003,100
3cf9b822f492,100,1,100
3d01644f2ea7,98,0.97999999999999998,100
3d07514061f0,65,0.65000000000000002,100
3d086ad2bddd,100,1,100
3d18c988b45d,83,0.82999999999999996,100
3d1f17f97e65,100,1,100
3d3f71230647,100,1,100
3d4010f4dd58,66,0.66000000000000003,100
3d58f91a50e5,100,1,100
3d6b962d8849,100,1,100
3d6c002da6a4,100,1,100
3d7375bbf201,60,0.59999999999999998,100
3da24255f5de,75,0.75,100
3da3ba47a4c3,100,1,100
3dae0d7bf20c,60,0.59999999999999998,100
3db503dc64dd,100,1,100
3dcb323647ec,100,1,100
3dec3a097b48,100,1,100
3df8e0cc95e9,88,0.88,100
3dfd95512d1a,37,0.37,100
3e08094d77b6,86,0.85999999999999999,100
3e36f1f30732,73,0.72999999999999998,100
3e383d622651,85,0.84999999999999998,100
3e8a92f9c406,94,0.93999999999999995,100
3e910ebbc3fc,95,0.94999999999999996,100
3e9248201f27,98,0.97999999999999998,100
3ea97652149f,57,0.56999999999999995,100
3ebeb7599b26,100,1,100
3ec00fc384e4,100,1,100
3f0dc2f6450b,100,1,100
3f32f53fe3c8,100,1,100
3f35f01a167f,100,1,100
3f7c55476d0c,88,0.88,100
3f7fc4043327,97,0.96999999999999997,100
3fa48ae81013,100,1,100
3faad5dfdfe8,79,0.79000000000000004,100
3fbb4946f3b4,89,0.89000000000000001,100
3fbe8c6b2287,100,1,100
3fc342638bba,97,0.96999999999999997,100
3fc7edf8d2bc,100,1,100
3fc8782725fd,95,0.94999999999999996,100
3fc8b622c979,69,0.68999999999999995,100
3fda038655a4,98,0.97999999999999998,100
3fe4cddfcc20,68,0.68000000000000005,100
3fea929d8917,100,1,100
4022a7b5dcf8,100,1,100
402aaca3be6d,76,0.76000000000000001,100
4035bde92a56,97,0.96999999999999997,100
403cf692bed8,96,0.95999999999999996,100
404bace46465,100,1,100
40522e6e202b,99,0.98999999999999999,100
4062ae1b113f,100,1,100
4076198a3e16,40,0.40000000000000002,100
408cb63f9560,95,0.94999999999999996,100
4091bc1b0bd2,100,1,100
409971c2ee73,100,1,100
40adbadd90e3,100,1,100
40b47c3bb2a8,61,0.60999999999999999,100
40b53e134d94,100,1,100
40cd2d84dcf9,96,0.95999999999999996,100
40cf6bfd3b05,99,0.98999999999999999,100
40ee389d294d,100,1,100
40f9f7247d5f,100,1,100
4114e27f05a8,100,1,100
4122691875ad,81,0.81000000000000005,100
412300053d29,61,0.60999999999999999,100
412440c3bac7,100,1,100
412e0d4ab01c,100,1,100
412f97840322,71,0.70999999999999996,100
4157d43b71ea,75,0.75,100
4175955bc1c2,96,0.95999999999999996,100
41943e508aac,75,0.75,100
41970e1fffb3,100,1,100
419afe3982a7,100,1,100
419e0fdb36d8,100,1,100
41a80f9505d0,54,0.54000000000000004,100
41b0c3ec6b45,96,0.95999999999999996,100
41c676a20bdc,75,0.75,100
41c6a98b6b30,100,1,100
41d57132e501,100,1,100
41eb4e60335a,71,0.70999999999999996,100
41fad30c7344,92,0.92000000000000004,100
41fc2f36da16,100,1,100
4203ea06f871,100,1,100
421401870d13,65,0.65000000000000002,100
421458deb81c,48,0.47999999999999998,100
422031673d19,100,1,100
422ca3a62fc2,99,0.98999999999999999,100
4248ecbbd6f7,100,1,100
4252d73dfadf,100,1,100
426d42acf0a7,58,0.57999999999999996,100
42a7b100c984,79,0.79000000000000004,100
42ab1f268014,100,1,100
42b336555166,99,0.98999999999999999,100
42b4bf98ff03,100,1,100
42c2faeadfc0,99,0.98999999999999999,100
42c677f8b18e,87,0.87,100
42d52dd39ce0,87,0.87,100
42da29e91fed,100,1,100
42e3c6335a82,89,0.89000000000000001,100
43060a648549,100,1,100
430a7712aed2,58,0.57999999999999996,100
430c1e24cadb,84,0.83999999999999997,100
43264d1aa2dd,67,0.67000000000000004,100
432e5dd5f1a6,37,0.37,100
433126536244,80,0.80000000000000004,100
4334b6568c42,79,0.79000000000000004,100
435124a158da,100,1,100
4364afb5950b,67,0.67000000000000004,100
436cdbd47a77,52,0.52000000000000002,100
436f568a734e,100,1,100
436f71ec6a44,75,0.75,100
437807cd2fb0,93,0.93000000000000005,100
4378e0f466dc,100,1,100
4381758f5fda,97,0.96999999999999997,100
439ea9ff111b,100,1,100
43a5340612d2,100,1,100
43a74a072fe2,100,1,100
43b89d4ac89e,100,1,100
43cd9da2cf95,64,0.64000000000000001,100
43cfc873ab83,100,1,100
43dd66f1e918,100,1,100
43f6da999593,100,1,100
43ffe7a052e6,97,0.96999999999999997,100
4401e29a9c3d,87,0.87,100
4416d7a9659c,80,0.80000000000000004,100
443356699b40,100,1,100
443a9df322f2,51,0.51000000000000001,100
44405e87f1bd,88,0.88,100
4441f4240e3b,100,1,100
44555199fc42,100,1,100
44570ff90990,100,1,100
44668ae96911,100,1,100
44742f68be21,100,1,100
449e21a96c8e,86,0.85999999999999999,100
44a755d4f8a1,100,1,100
44abc7ba76f8,100,1,100
44aed1a667b6,100,1,100
44b71afb8ef4,99,0.98999999999999999,100
44c5eb5dbad9,94,0.93999999999999995,100
44ef2a8f1216,100,1,100
45003a8238a8,77,0.77000000000000002,100
450368e68302,99,0.98999999999999999,100
4513ef5e02ed,84,0.83999999999999997,100
4520f74e40ea,85,0.84999999999999998,100
452156a4a142,100,1,100
4527fa89a52a,100,1,100
453126d77c1b,100,1,100
4577e7c4bcca,73,0.72999999999999998,100
457805eb9d9b,78,0.78000000000000003,100
4579e3926799,59,0.58999999999999997,100
457e36177067,64,0.64000000000000001,100
457f5b143b27,100,1,100
4581fc5c2249,100,1,100
458e86e9e217,73,0.72999999999999998,100
4592b0b6733e,100,1,100
459d311aca1b,99,0.98999999999999999,100
45b113b6948b,85,0.84999999999999998,100
45bcb212cfa6,94,0.93999999999999995,100
45bd245e05aa,55,0.55000000000000004,100
45c8bbda0ff1,100,1,100
45ceb9709f0e,74,0.73999999999999999,100
45d26a419e02,100,1,100
45d97e3c9d17,74,0.73999999999999999,100
45da93d7e7e4,100,1,100
45dc0164903a,100,1,100
45f441a484a7,71,0.70999999999999996,100
46041bbabf87,80,0.80000000000000004,100
46099cd57ce4,83,0.82999999999999996,100
4617faa45b6a,63,0.63,100
461d2e02f6bb,84,0.83999999999999997,100
4625ab2184e2,100,1,100
4625b695ee6d,100,1,100
462ed35dad87,47,0.46999999999999997,100
4634e1fbb8f9,100,1,100
4636b5403110,100,1,100
46438573a26a,100,1,100
46440f577adc,95,0.94999999999999996,100
464b0b1b4b4e,58,0.57999999999999996,100
46504f0ea40b,100,1,100
4657c52dff0e,100,1,100
468b20d20daa,100,1,100
469cbd06eead,90,0.90000000000000002,100
46bb830d590a,100,1,100
46bc6cf97e13,100,1,100
46c3ba599967,100,1,100
46db0da728d7,50,0.5,100
46f2c2becfbe,100,1,100
4704a700c6d8,58,0.57999999999999996,100
471795f9bf19,64,0.64000000000000001,100
472f8cb8ce58,100,1,100
47474e337844,78,0.78000000000000003,100
475295febb55,100,1,100
476799578557,93,0.93000000000000005,100
477fd437cf32,70,0.69999999999999996,100
47b04cbfe65f,100,1,100
47b36441d843,68,0.68000000000000005,100
47cda5982536,100,1,100
47d9fb533ea2,48,0.47999999999999998,100
47f58c6d43fe,100,1,100
47f6a8385368,97,0.96999999999999997,100
47fdfaccb9ba,99,0.98999999999999999,100
4804d93e9478,81,0.81000000000000005,100
4806983d77a9,58,0.57999999999999996,100
4809f38bb876,96,0.95999999999999996,100
480fc35eeb9d,81,0.81000000000000005,100
4814c256cd51,52,0.52000000000000002,100
481e7ed4c0ad,100,1,100
482a70aec563,44,0.44,100
483deb57a41b,100,1,100
4845bf67c3a7,100,1,100
4890bc42fa09,54,0.54000000000000004,100
48ac38ef7150,100,1,100
48b24862e3b4,100,1,100
48e7ddc1c270,81,0.81000000000000005,100
491dccd3eb92,59,0.58999999999999997,100
4926eb596b4a,78,0.78000000000000003,100
493ec80cc46b,92,0.92000000000000004,100
494d7cce17a9,100,1,100
4954d66776ca,85,0.84999999999999998,100
495c71182c5f,62,0.62,100
495f7d7b8210,77,0.77000000000000002,100
496c5aed3a1e,100,1,100
49b59df0e048,47,0.46999999999999997,100
49b939f28fc8,100,1,100
49c1d30ddc75,100,1,100
49c7b8fa8b16,100,1,100
49d0360aea9a,70,0.69999999999999996,100
49e02cd18ea0,82,0.81999999999999995,100
49e6df49ce6e,100,1,100
49e97530613d,42,0.41999999999999998,100
49fbdbd00326,100,1,100
4a0204aaa278,98,0.97999999999999998,100
4a02cd46ea91,100,1,100
4a08407968db,99,0.98999999999999999,100
4a1b80783753,60,0.59999999999999998,100
4a403e2195b3,100,1,100
4a40b66c393d,87,0.87,100
4a567188d6e8,93,0.93000000000000005,100
4a584361de56,100,1,100
4a79cde7f2d9,100,1,100
4a7b17920e77,100,1,100
4a8be0347bad,100,1,100
4a91cbb286af,98,0.97999999999999998,100
4a9450ce1c5e,60,0.59999999999999998,100
4a99fcede92a,100,1,100
4aa8df6995b6,93,0.93000000000000005,100
4aaf1a43358c,100,1,100
4ab963bd2121,96,0.95999999999999996,100
4aba47780df0,100,1,100
4ac51aa208b1,100,1,100
4ac928c92840,100,1,100
4b5cd0a666bb,72,0.71999999999999997,100
4b5e00f8e498,100,1,100
4ba79d3c8d88,100,1,100
4bd0d8615bc2,100,1,100
4bddf0a51297,84,0.83999999999999997,100
4beed172b147,100,1,100
4c28c54ab456,100,1,100
4c2d6bec5732,74,0.73999999999999999,100
4c329071d351,100,1,100
4c35b1bef80e,94,0.93999999999999995,100
4c461c4793a8,86,0.85999999999999999,100
4c6216a0caaf,94,0.93999999999999995,100
4c8112ddbb3b,69,0.68999999999999995,100
4c90507557b5,100,1,100
4c90f223778e,100,1,100
4c998df73c45,98,0.97999999999999998,100
4cb2947a941d,98,0.97999999999999998,100
4cb5aabe529f,88,0.88,100
4cc69ac85623,62,0.62,100
4ce01004ef8a,100,1,100
4cfdddcb7118,60,0.59999999999999998,100
4d02135fe6b0,93,0.93000000000000005,100
4d0852b5b385,61,0.60999999999999999,100
4d198a6b1f3c,99,0.98999999999999999,100
4d25334ce622,71,0.70999999999999996,100
4d37078c0a7a,88,0.88,100
4d5183be33ea,96,0.95999999999999996,100
4d81bf82c53d,100,1,100
4d91c6751562,100,1,100
4db855cf10ae,100,1,100
4dce3daa4312,92,0.92000000000000004,100
4ddd999a7613,49,0.48999999999999999,100
4dee0e7213eb,100,1,100
4e0b8fb7736b,100,1,100
4e1fda2a48a2,100,1,100
4e2bcb0de067,100,1,100
4e72f450de50,91,0.91000000000000003,100
4e7465e1d2f7,77,0.77000000000000002,100
4ebc3b0f52ad,100,1,100
4ec769578a51,100,1,100
4ed486102e71,52,0.52000000000000002,100
4ed71d94a44a,100,1,100
4ee581fe9d8b,100,1,100
4eed2b024f31,100,1,100
4eeea80a6c54,100,1,100
4efc5db2f700,100,1,100
4eff7439ca1f,100,1,100
4f015e69079e,100,1,100
4f0753028302,81,0.81000000000000005,100
4f0c1949bd17,100,1,100
4f110260a9c5,99,0.98999999999999999,100
4f22240b7789,63,0.63,100
4f2fdd2ccd8b,85,0.84999999999999998,100
4f3f7041aec0,48,0.47999999999999998,100
4f449d270b35,100,1,100
4f4982192cf1,100,1,100
4f54b297de91,89,0.89000000000000001,100
4f57e9821bf1,76,0.76000000000000001,100
4f58011c4396,100,1,100
4f931641abc9,100,1,100
4fb2575d007a,98,0.97999999999999998,100
4fbc9c728d37,100,1,100
4fcc08958e68,83,0.82999999999999996,100
4fcd71ca559a,100,1,100
4fdee0e4e713,100,1,100
4fe39cf1be37,100,1,100
500fa25fa26a,100,1,100
5010d332c823,83,0.82999999999999996,100
501842c649f3,100,1,100
50187ac508f8,100,1,100
502ae150193f,78,0.78000000000000003,100
503cfa69cb56,100,1,100
504264276900,100,1,100
5058ece01ff9,98,0.97999999999999998,100
505c7ec44cf9,98,0.97999999999999998,100
506293af3eb7,100,1,100
50681fd146bd,71,0.70999999999999996,100
5074a83d9183,99,0.98999999999999999,100
5081c411b971,100,1,100
50a5d20376b5,100,1,100
50a98f05af9e,99,0.98999999999999999,100
50d34f8f1778,100,1,100
50db6cde28fd,100,1,100
5108b02f0570,99,0.98999999999999999,100
51280b7d3a0a,100,1,100
5148d148eb0f,100,1,100
51688f2b0ef1,100,1,100
516a21e022dc,98,0.97999999999999998,100
51813953d116,100,1,100
518b0beec0fd,94,0.93999999999999995,100
518c93ea094e,90,0.90000000000000002,100
5191c5f0f857,100,1,100
51aaed161136,51,0.51000000000000001,100
51b0cfad1bf2,40,0.40000000000000002,100
51c3f2cfbe08,100,1,100
51d1679101b8,99,0.98999999999999999,100
5206726ca91f,84,0.83999999999999997,100
521bedbea8e7,97,0.96999999999999997,100
522c02b467cd,92,0.92000000000000004,100
522c76b5395a,100,1,100
522eb43b70e7,77,0.77000000000000002,100
523026e596f0,100,1,100
5237c2520e53,100,1,100
523a6ca458e4,94,0.93999999999999995,100
52467d1b71af,100,1,100
5250de0eb897,84,0.83999999999999997,100
52577d2ef850,100,1,100
5264eb159542,74,0.73999999999999999,100
527e5a501560,99,0.98999999999999999,100
527f687a01c3,100,1,100
5281be9e9190,82,0.81999999999999995,100
529a66f062f3,91,0.91000000000000003,100
529b0277fafc,85,0.84999999999999998,100
52a932883b83,86,0.85999999999999999,100
52b5b8a737b5,62,0.62,100
52be67dc0cb9,99,0.98999999999999999,100
52cd08f77f39,100,1,100
52ce443b15a9,100,1,100
52dcaf971a2b,80,0.80000000000000004,100
52e725f35663,59,0.58999999999999997,100
530864404d97,60,0.59999999999999998,100
53298d77655d,98,0.97999999999999998,100
5338ace017eb,100,1,100
534b1962ab3c,85,0.84999999999999998,100
535c1c16d7d0,100,1,100
5376054659a1,69,0.68999999999999995,100
537c7bd6573c,57,0.56999999999999995,100
53812d6e0fc1,73,0.72999999999999998,100
5387ab05cb19,100,1,100
53943222fb3d,98,0.97999999999999998,100
53988ad0e007,94,0.93999999999999995,100
53aa85047c9e,95,0.94999999999999996,100
53b1877c54a6,100,1,100
53b375725bb4,60,0.59999999999999998,100
53b74ce3ee8b,56,0.56000000000000005,100
53bc6c7bf095,38,0.38,100
53caa48be54c,74,0.73999999999999999,100
53d823a4acb9,100,1,100
53f356008c68,100,1,100
53f7b6e2b9c9,76,0.76000000000000001,100
5409c51e2eaf,98,0.97999999999999998,100
54260b4cc16f,100,1,100
543fc065b6ff,100,1,100
544adab37277,100,1,100
5458ab45e446,100,1,100
545a28287574,62,0.62,100
5462a98c6fa1,47,0.46999999999999997,100
54645a9160be,91,0.91000000000000003,100
5468c9899472,100,1,100
5469fa237bd4,100,1,100
5475fdc610fb,100,1,100
547d6a5e7d61,96,0.95999999999999996,100
54861ec65b8e,94,0.93999999999999995,100
549b6883d458,60,0.59999999999999998,100
54aaac4947b5,53,0.53000000000000003,100
54b52075ae05,62,0.62,100
54bebeb36311,76,0.76000000000000001,100
54c8a33e4ae2,100,1,100
54cf9758c9fc,56,0.56000000000000005,100
55008c60897c,76,0.76000000000000001,100
5501d23b9f55,99,0.98999999999999999,100
551172ae9e6d,92,0.92000000000000004,100
5536935ac3e1,100,1,100
55404f12f4f5,100,1,100
55463dd2f165,100,1,100
5555264c6f09,100,1,100
557cc591b79a,100,1,100
559dc4ce4a11,100,1,100
55a4878d9a81,71,0.70999999999999996,100
55b688b0db42,88,0.88,100
55b958f131ff,100,1,100
55c47b9908fc,75,0.75,100
55c8474b5316,100,1,100
55c9ef0ca623,100,1,100
55d4ab3fd49d,98,0.97999999999999998,100
55dd7cdefe6b,49,0.48999999999999999,100
55fb7d02f8dd,69,0.68999999999999995,100
560ea9892cc5,100,1,100
5618283dc23a,100,1,100
561a56b33518,96,0.95999999999999996,100
5626d6429734,76,0.76000000000000001,100
562748c34857,62,0.62,100
562c5218942a,100,1,100
5634a446a365,100,1,100
5642e26ff2c3,80,0.80000000000000004,100
564cb17ff183,97,0.96999999999999997,100
5671b3a94655,95,0.94999999999999996,100
56756681d938,100,1,100
56957b554c4f,87,0.87,100
56a5cde88ba1,100,1,100
56aba22eea9e,100,1,100
56b375aa6e1c,100,1,100
56bf77bee592,100,1,100
56cde8513861,100,1,100
56ede8fd8893,100,1,100
56f8cb74e227,97,0.96999999999999997,100
570145f7d12c,83,0.82999999999999996,100
57058610428f,100,1,100
570cae15d7a4,100,1,100
5713a2791518,100,1,100
5714e7b76749,100,1,100
57153748ff2b,100,1,100
5731e597c116,99,0.98999999999999999,100
573f6db3482d,100,1,100
5754d2a85ecc,99,0.98999999999999999,100
575f371a817e,66,0.66000000000000003,100
57633e59880a,99,0.98999999999999999,100
5764d5ab3e11,100,1,100
5765d4ef41e5,97,0.96999999999999997,100
576beb46bedd,100,1,100
5779b523735f,100,1,100
577b5a5c3ff4,100,1,100
577c296e4114,100,1,100
57804e1d3f51,96,0.95999999999999996,100
578f7ecc6be5,100,1,100
5793f4d48119,84,0.83999999999999997,100
5794e8aed680,96,0.95999999999999996,100
57991c6f0250,93,0.93000000000000005,100
579fc5f95f7d,100,1,100
57b095c8dc3a,47,0.46999999999999997,100
57cf7ff38b7d,71,0.70999999999999996,100
57d3719c9393,84,0.83999999999999997,100
57d782c17377,60,0.59999999999999998,100
57dc4a76e161,99,0.98999999999999999,100
57ee99ff90c8,100,1,100
57eeafb9cc61,94,0.93999999999999995,100
57f40fb7913a,100,1,100
57f5ec97ec3d,58,0.57999999999999996,100
5826becea01a,69,0.68999999999999995,100
5830cc1194de,72,0.71999999999999997,100
5836bc2ac37f,59,0.58999999999999997,100
584305a685dc,57,0.56999999999999995,100
587e57440901,100,1,100
58842a377f09,100,1,100
5887b951b80a,100,1,100
58ba8ac57bc1,70,0.69999999999999996,100
58e2040b4461,100,1,100
58e5bcdb478e,100,1,100
58ea0d7ef009,65,0.65000000000000002,100
58f2585b6892,100,1,100
593593db62da,100,1,100
594574d7c81d,99,0.98999999999999999,100
5945a6aea601,68,0.68000000000000005,100
595b7c45675a,100,1,100
59766adca4a5,100,1,100
59be28f7a9ef,100,1,100
59c85570e9cc,72,0.71999999999999997,100
59dddc47c050,100,1,100
59eaa901802f,100,1,100
5a01ec6abab9,100,1,100
5a2e62bf4e3a,87,0.87,100
5a341d45a163,91,0.91000000000000003,100
5a4dcc2b5d22,100,1,100
5a6653bb9a1e,100,1,100
5a6eba5c63ff,88,0.88,100
5a76cfaced63,88,0.88,100
5a91f707e786,97,0.96999999999999997,100
5a94dc5882c2,100,1,100
5a9848925221,86,0.85999999999999999,100
5ab8ddd1b711,100,1,100
5ac5e11b2ca7,100,1,100
5ac959c022bf,97,0.96999999999999997,100
5ada83919a13,100,1,100
5ae8a21bc0d9,100,1,100
5aeb41ab823f,75,0.75,100
5aed884f381f,49,0.48999999999999999,100
5af02bde341a,99,0.98999999999999999,100
5b0b2ad82c49,73,0.72999999999999998,100
5b2974272f13,91,0.91000000000000003,100
5b29d22834ee,65,0.65000000000000002,100
5b2c843ea9f9,61,0.60999999999999999,100
5b73b1b488ba,100,1,100
5b78f6b7fad3,100,1,100
5b81786cc42d,100,1,100
5b9c6bb978ec,90,0.90000000000000002,100
5ba0a109a333,100,1,100
5baf01a501d9,97,0.96999999999999997,100
5bbd9c36f8bc,85,0.84999999999999998,100
5bc148b46e6e,100,1,100
5bd1b89b2971,100,1,100
5bd8529f21bb,50,0.5,100
5bf5deac0224,100,1,100
5c0cf316519e,99,0.98999999999999999,100
5c182ba6042a,79,0.79000000000000004,100
5c19acd09d8c,96,0.95999999999999996,100
5c25d9658f1e,100,1,100
5c395dbc4687,100,1,100
5c3999990214,100,1,100
5c39aadcf927,78,0.78000000000000003,100
5c3e98b05a02,72,0.71999999999999997,100
5c44be08a638,97,0.96999999999999997,100
5c4af315c83c,100,1,100
5c4be219f278,100,1,100
5c55a9f7ed47,91,0.91000000000000003,100
5c64b812b2df,95,0.94999999999999996,100
5c677d324670,93,0.93000000000000005,100
5c6fda73ef62,99,0.98999999999999999,100
5c71d5dac255,100,1,100
5c7abaa8396d,100,1,100
5c7eae208259,100,1,100
5c953a93c55e,100,1,100
5c998e816c63,66,0.66000000000000003,100
5cb19cc5f877,87,0.87,100
5cbee2ec4806,67,0.67000000000000004,100
5cc87052965b,87,0.87,100
5cca846a308e,100,1,100
5ccf0c0c703d,100,1,100
5cdb87e69fe9,100,1,100
5cf6429acea8,69,0.68999999999999995,100
5d03b721821b,100,1,100
5d07f32ceae9,97,0.96999999999999997,100
5d0a61a75197,100,1,100
5d17504328e0,50,0.5,100
5d26dcd43959,100,1,100
5d2d914d7baf,97,0.96999999999999997,100
5d4727b012a4,100,1,100
5d5e8090ddbd,100,1,100
5d6298b850b6,100,1,100
5d6762fb3973,100,1,100
5d6f7befa501,100,1,100
5d7c240283b4,100,1,100
5d868ea074d6,77,0.77000000000000002,100
5d8da1b18e87,94,0.93999999999999995,100
5da45943eb76,70,0.69999999999999996,100
5da51c0f877c,86,0.85999999999999999,100
5dbdcb68c789,100,1,100
5dbe05269112,63,0.63,100
5dc3735e07d3,100,1,100
5dc841dcb1a8,52,0.52000000000000002,100
5dc9f303b73e,53,0.53000000000000003,100
5dcb385c0463,100,1,100
5de1d14cc4a0,100,1,100
5df16665aa5b,100,1,100
5dff08da0974,100,1,100
5e03d2427015,63,0.63,100
5e043c68d502,99,0.98999999999999999,100
5e06e3b1b794,82,0.81999999999999995,100
5e149a634796,100,1,100
5e365ff34815,81,0.81000000000000005,100
5e37922370f7,100,1,100
5e38ee894ea7,100,1,100
5e48e3f8499c,100,1,100
5e4b16080da3,100,1,100
5e6c3623403c,85,0.84999999999999998,100
5e751ac196bd,100,1,100
5e99a8ea99e0,100,1,100
5eb1d6363d89,100,1,100
5eb6c70cfd35,89,0.89000000000000001,100
5ebc8a53eeb9,85,0.84999999999999998,100
5ebcf52ae54f,99,0.98999999999999999,100
5ec3f595d86d,100,1,100
5ed393c717ea,100,1,100
5ed5993ee21c,61,0.60999999999999999,100
5ee28cf1c6d0,87,0.87,100
5f0af0a9161b,100,1,100
5f0d3564da42,100,1,100
5f2763098d1d,100,1,100
5f2fd913bc72,100,1,100
5f3bf25468f5,57,0.56999999999999995,100
5f40c02dd7ec,100,1,100
5f5103dba020,93,0.93000000000000005,100
5f5ebf07bc9c,33,0.33000000000000002,100
5f71ac776a8d,100,1,100
5f78fcada57f,92,0.92000000000000004,100
5f7c5a0dc2c2,100,1,100
5f91199dd33a,100,1,100
5f9c4214bbbf,81,0.81000000000000005,100
5fa084095267,99,0.98999999999999999,100
5fb2a714ebd5,99,0.98999999999999999,100
5fbae3770c29,100,1,100
5fcdcd81ecde,100,1,100
5fdc0c2bbfba,100,1,100
5fe6bec0f69f,78,0.78000000000000003,100
5ff324ee0a5d,57,0.56999999999999995,100
60576f96f738,100,1,100
60587117e65e,94,0.93999999999999995,100
6064d0854029,92,0.92000000000000004,100
606d6e65c1a6,100,1,100
6074a132e684,100,1,100
6076d5a06498,95,0.94999999999999996,100
6078dde55c17,100,1,100
608496835a44,99,0.98999999999999999,100
608c545764dc,100,1,100
6099485f24ad,100,1,100
609e4fb45686,90,0.90000000000000002,100
60b65828df1d,100,1,100
60b73ad21c93,100,1,100
60bc18216d71,100,1,100
60be7416b8ce,49,0.48999999999999999,100
60cb238112ab,99,0.98999999999999999,100
60e8d40666f9,100,1,100
612bd58ce723,71,0.70999999999999996,100
615c6de16034,88,0.88,100
61734ae373c5,100,1,100
6174793ae5c3,99,0.98999999999999999,100
617fecaed5bd,100,1,100
618e283248c5,86,0.85999999999999999,100
61acb6242df9,100,1,100
61acfb093b2d,94,0.93999999999999995,100
61aed42bd40c,100,1,100
61b200a443a6,100,1,100
61b31687b867,53,0.53000000000000003,100
61c1fa51fae3,100,1,100
61ccba8ec92d,100,1,100
61d3ebea2405,100,1,100
61e8881465df,54,0.54000000000000004,100
61f3cbb13170,49,0.48999999999999999,100
61ff9cbdea3f,87,0.87,100
6204e15a97e3,100,1,100
6215731be5d9,100,1,100
621d3387f92c,100,1,100
624dcc2872a9,74,0.73999999999999999,100
625273c5a7ac,100,1,100
627815e66bf5,97,0.96999999999999997,100
627bfa36fef9,87,0.87,100
627ecfb3e0bb,68,0.68000000000000005,100
629ab3866536,100,1,100
62bc01de62ab,100,1,100
62bf327fe4d3,91,0.91000000000000003,100
62ca70c4020e,100,1,100
62d6e07da95d,73,0.72999999999999998,100
62eaaf070561,99,0.98999999999999999,100
62ef6d6fcd47,100,1,100
62f1e9958e32,99,0.98999999999999999,100
630164f28201,67,0.67000000000000004,100
63042d1a0641,78,0.78000000000000003,100
6310281ac346,100,1,100
632e6322ea3e,54,0.54000000000000004,100
633454079472,80,0.80000000000000004,100
63675e850a53,100,1,100
6392fc6be8ee,93,0.93000000000000005,100
639a9a5502cd,97,0.96999999999999997,100
63a26a24c55d,100,1,100
63aeed724fc9,75,0.75,100
63b986ce0034,100,1,100
63bda37a1667,100,1,100
63c202ceebba,100,1,100
63c5d12539e5,87,0.87,100
63cd753c835a,100,1,100
63d5274b92cd,100,1,100
63d862fba344,100,1,100
63da727b00d3,96,0.95999999999999996,100
63dbeea49e85,55,0.55000000000000004,100
6438a8796375,100,1,100
644d31caff4e,100,1,100
645bf5fb43a4,100,1,100
648d6c3e6ce5,100,1,100
64981ae63e00,100,1,100
64a5f4fc7f20,89,0.89000000000000001,100
64c2dab6eaec,94,0.93999999999999995,100
64cfc41cd29c,100,1,100
64e411cf490e,53,0.53000000000000003,100
64ede66ac17e,100,1,100
64f3d3215ea1,79,0.79000000000000004,100
6510b4c8fa2b,99,0.98999999999999999,100
651286cdd7c7,70,0.69999999999999996,100
652408990397,100,1,100
6527055c52cb,100,1,100
6532def7c464,100,1,100
656a3f6224e5,78,0.78000000000000003,100
656d9ba782d9,100,1,100
656e55e6313a,100,1,100
657b14564d23,100,1,100
65d27fc92901,100,1,100
65d8b2b0a15b,100,1,100
65ff73bf4e82,71,0.70999999999999996,100
660da2946c12,100,1,100
660e9a9bd991,100,1,100
661903fc9ff7,100,1,100
66255eccc83e,100,1,100
66274f4256f0,100,1,100
663ab244ebf6,100,1,100
6660f6726365,100,1,100
666adbf4c1ab,100,1,100
66714702d130,100,1,100
6677e173c818,100,1,100
668169a820c0,100,1,100
6684a99749e5,100,1,100
66860717741b,99,0.98999999999999999,100
668a0b70b6de,92,0.92000000000000004,100
6699b96c33e7,100,1,100
66a61067f4ab,100,1,100
66a6b941c94c,76,0.76000000000000001,100
66ab2bf85549,98,0.97999999999999998,100
66b9c3923280,66,0.66000000000000003,100
66bb573056f7,100,1,100
66cc8a538f06,99,0.98999999999999999,100
66ccaca76dea,85,0.84999999999999998,100
66d9f09d7ff6,100,1,100
66e88b1b0755,94,0.93999999999999995,100
66eac4a229c3,78,0.78000000000000003,100
66ebbd9a6c69,100,1,100
670282c704b5,50,0.5,100
670e4f357a14,87,0.87,100
671f08c1b4be,100,1,100
672b1169efd3,100,1,100
672eaf26b21d,100,1,100
6744a50c33fb,100,1,100
675bb2c9241c,67,0.67000000000000004,100
67701523c874,85,0.84999999999999998,100
67864586bcf8,48,0.47999999999999998,100
6789a5af28ae,100,1,100
678fceb31a1d,52,0.52000000000000002,100
679540e09bd4,100,1,100
679c1c019611,99,0.98999999999999999,100
67a312bc2955,100,1,100
67b972a0cb12,90,0.90000000000000002,100
67de4004216a,100,1,100
67ea8cfa0d8f,100,1,100
67fde202d2af,100,1,100
67fe3a473999,100,1,100
67fedf1226bf,67,0.67000000000000004,100
681d3fd4dc89,99,0.98999999999999999,100
6826c4c5a5d0,100,1,100
683114179b9c,100,1,100
68492275886f,99,0.98999999999999999,100
6854dbc2c240,42,0.41999999999999998,100
68550e86c887,100,1,100
685d4692106d,98,0.97999999999999998,100
686326b1362a,100,1,100
68658785b98d,51,0.51000000000000001,100
686b892bc68a,45,0.45000000000000001,100
6873db1e1666,63,0.63,100
687c8f22ecd5,100,1,100
68ad8f839d81,100,1,100
68ebeff6e5df,100,1,100
68fd63793d9e,54,0.54000000000000004,100
691461ae27db,94,0.93999999999999995,100
691598c621c9,100,1,100
692298c7e196,97,0.96999999999999997,100
6934bd737942,100,1,100
69391dc821e4,92,0.92000000000000004,100
69545f64f700,47,0.46999999999999997,100
69626705e251,86,0.85999999999999999,100
6967cc0667ec,100,1,100
6984d7befa52,100,1,100
69929b8aa469,100,1,100
69980edf010e,100,1,100
699dddb3d227,56,0.56000000000000005,100
699fc4fcbc71,100,1,100
69b46b054b6a,90,0.90000000000000002,100
69e0131f9ba3,88,0.88,100
69e0e4673ed4,100,1,100
69f8813a8df9,55,0.55000000000000004,100
6a03375b430d,99,0.98999999999999999,100
6a11a3ce4aa2,80,0.80000000000000004,100
6a2d920f5b74,100,1,100
6a3a46b7194e,79,0.79000000000000004,100
6a47250fbb03,93,0.93000000000000005,100
6a48e4019e41,100,1,100
6a509bab2397,100,1,100
6a7d0b0aeb06,100,1,100
6a846511c79c,81,0.81000000000000005,100
6a8bbd01db7d,97,0.96999999999999997,100
6a9b5c507c75,100,1,100
6a9b6648c8a0,100,1,100
6a9cb19c013a,70,0.69999999999999996,100
6aa599a9c12e,89,0.89000000000000001,100
6aa9dddd31e5,99,0.98999999999999999,100
6ad579f39b7b,92,0.92000000000000004,100
6ae1516b1890,100,1,100
6aedf7e27e38,93,0.93000000000000005,100
6b069fa33dec,73,0.72999999999999998,100
6b0ddc44f2c4,100,1,100
6b126568f3ad,94,0.93999999999999995,100
6b164f69897f,96,0.95999999999999996,100
6b24aeccdb5b,97,0.96999999999999997,100
6b2cd4d71708,100,1,100
6b2ec54466c2,90,0.90000000000000002,100
6b39b77729ed,100,1,100
6b3e9b995dbd,100,1,100
6b456d15c274,73,0.72999999999999998,100
6b46834975bf,100,1,100
6b4dda570e03,100,1,100
6b6467d19017,100,1,100
6bab4f822816,98,0.97999999999999998,100
6bb76bd58b82,100,1,100
6bbabc5a4045,100,1,100
6bc0044768d2,100,1,100
6bca368dfbfe,100,1,100
6bddc116755c,100,1,100
6bdfe93a288c,100,1,100
6be443d2df34,95,0.94999999999999996,100
6c00b598f628,95,0.94999999999999996,100
6c00f28a9dc5,100,1,100
6c1ae913cbe3,100,1,100
6c3aa9140031,100,1,100
6c3b696303b4,100,1,100
6c46cc8fbadd,71,0.70999999999999996,100
6c4b3ea26713,100,1,100
6c509ab2d002,100,1,100
6c5963895d3b,100,1,100
6c5fcd090ae1,100,1,100
6c72d1a27313,100,1,100
6cd771f9631d,17,0.17000000000000001,100
6cdf5a5b5161,100,1,100
6ce25d5de908,100,1,100
6cf05b6601b2,100,1,100
6cfbf936a5ca,67,0.67000000000000004,100
6d00458d938b,99,0.98999999999999999,100
6d05efde9526,100,1,100
6d0daa63a165,100,1,100
6d181ea653fb,100,1,100
6d19209cdfbe,100,1,100
6d26e7ea6cb2,99,0.98999999999999999,100
6d27aa92a427,100,1,100
6d409183cb40,100,1,100
6d442eba6e3b,100,1,100
6d4cc4baf463,100,1,100
6d7526e74c06,77,0.77000000000000002,100
6d77ea348c8a,83,0.82999999999999996,100
6d850b98e77f,100,1,100
6db69b982be9,100,1,100
6dc64c184951,99,0.98999999999999999,100
6dd09eef7c4c,84,0.83999999999999997,100
6dd669335b2b,100,1,100
6e325d8acc1e,100,1,100
6e40f97f505d,50,0.5,100
6e4275956578,85,0.84999999999999998,100
6e47f11a6309,100,1,100
6e53c5f330fc,97,0.96999999999999997,100
6e5498fb2bca,100,1,100
6e60c326f445,100,1,100
6e63297a06d0,81,0.81000000000000005,100
6e732c33a4d7,100,1,100
6e74f2885ee1,65,0.65000000000000002,100
6e7feb3a082c,100,1,100
6e8006333a7c,100,1,100
6e93b0c9e955,99,0.98999999999999999,100
6e9c594d0d9e,96,0.95999999999999996,100
6eafb806b5d9,100,1,100
6eb99171416f,100,1,100
6eba289ba277,78,0.78000000000000003,100
6ed33a9e4040,52,0.52000000000000002,100
6ee0357f6eac,75,0.75,100
6eee3d68eabe,100,1,100
6f0fd55bf9f1,100,1,100
6f30b0e32fa6,100,1,100
6f31614b9d37,100,1,100
6f4026cf7b4f,100,1,100
6f53e719c748,100,1,100
6f556f18c487,58,0.57999999999999996,100
6f7056f03964,58,0.57999999999999996,100
6fa73763e202,95,0.94999999999999996,100
6fce513189b4,70,0.69999999999999996,100
6fefbe8efb35,95,0.94999999999999996,100
6ff31dfcf0f4,59,0.58999999999999997,100
6ffacc1704ee,100,1,100
7000f1965639,67,0.67000000000000004,100
7006967d49e8,100,1,100
700c0e5fd7a9,95,0.94999999999999996,100
701b521c3787,100,1,100
70419f29ed61,70,0.69999999999999996,100
70453b7da355,60,0.59999999999999998,100
704b7f811e98,97,0.96999999999999997,100
70520241e776,88,0.88,100
706a6a7585e1,86,0.85999999999999999,100
707018c260a5,91,0.91000000000000003,100
70862a151094,67,0.67000000000000004,100
70aa9dca076e,100,1,100
70aeabe231c3,97,0.96999999999999997,100
70cb1095ce1a,97,0.96999999999999997,100
70d13a05bbe9,100,1,100
70f8f8414303,100,1,100
70fab8ad0fc1,100,1,100
714b2ff02afd,63,0.63,100
714dc4c2aebf,100,1,100
715e897bad7b,97,0.96999999999999997,100
7177cb9c1852,100,1,100
717b117c5f92,100,1,100
719dd0f3808f,100,1,100
71cd6390f926,57,0.56999999999999995,100
71d6a759178a,100,1,100
71d72d9d8055,100,1,100
71f32c31f930,99,0.98999999999999999,100
72082d3c3a62,100,1,100
721195c9baad,100,1,100
721e8328a1c1,94,0.93999999999999995,100
72211baa14e0,80,0.80000000000000004,100
722538d6783e,99,0.98999999999999999,100
72349cad3c55,46,0.46000000000000002,100
724068d2a03e,81,0.81000000000000005,100
726354a1533f,88,0.88,100
729744ff1229,100,1,100
72ae33ae914d,100,1,100
72b9e4a1aab8,56,0.56000000000000005,100
72c0cb018332,65,0.65000000000000002,100
72c462423c12,97,0.96999999999999997,100
72c8521ba13a,71,0.70999999999999996,100
72cb0f692ac6,89,0.89000000000000001,100
72fe35481a5c,100,1,100
72ffa6a0857e,98,0.97999999999999998,100
7307735752c7,98,0.97999999999999998,100
7315c66fb58a,100,1,100
7318c52c21c5,100,1,100
7327f0c4a8c9,71,0.70999999999999996,100
7329af68ba88,33,0.33000000000000002,100
7338946ab140,45,0.45000000000000001,100
7349c09a1380,96,0.95999999999999996,100
734cd7283395,100,1,100
7360dd29858b,63,0.63,100
736a06e7da53,100,1,100
736e4b3f63a7,100,1,100
73d0c2368d72,98,0.97999999999999998,100
73d91e3a484a,70,0.69999999999999996,100
73fd8f6f8257,100,1,100
7425760b3a9c,100,1,100
7442db5c0adf,78,0.78000000000000003,100
7449bc0cd77d,99,0.98999999999999999,100
745db5339e3a,42,0.41999999999999998,100
74607279f348,74,0.73999999999999999,100
7465c9fe7ad3,97,0.96999999999999997,100
746f372dbab0,53,0.53000000000000003,100
74823b1d93de,94,0.93999999999999995,100
74905c0be0db,100,1,100
74989e2aa29c,58,0.57999999999999996,100
749eb57bed2a,65,0.65000000000000002,100
74a030864a38,67,0.67000000000000004,100
74add39badcb,100,1,100
74b55692488f,100,1,100
74c8c0e99064,53,0.53000000000000003,100
74ccbaf092de,100,1,100
74d79e7e2737,59,0.58999999999999997,100
74dcf84e9a1b,100,1,100
74ed050bb1c2,100,1,100
7523916fe95d,100,1,100
7531d1f80584,80,0.80000000000000004,100
75332abdc5d8,60,0.59999999999999998,100
753dfe573605,100,1,100
7543ee54acdd,99,0.98999999999999999,100
757be383c245,100,1,100
75c1f19352bd,100,1,100
75c25c50887e,97,0.96999999999999997,100
75d3159e6378,100,1,100
75d4ba703464,69,0.68999999999999995,100
75e0777f9a7d,95,0.94999999999999996,100
75f2f92a7154,100,1,100
75f7f88e17cd,100,1,100
760ae34e1c20,100,1,100
760f70224688,97,0.96999999999999997,100
76129b1bb56e,41,0.40999999999999998,100
7621b454c42e,100,1,100
7645c39873b5,100,1,100
7650e4401ca5,92,0.92000000000000004,100
765702cf2d8f,80,0.80000000000000004,100
76885de6340c,62,0.62,100
768ad32dac3f,93,0.93000000000000005,100
76902ef22603,100,1,100
76b14f5049fb,100,1,100
76b42c1fa5d2,100,1,100
76d3cb05a571,100,1,100
76dfd10b066a,89,0.89000000000000001,100
7716cf19aae7,93,0.93000000000000005,100
7731759b9929,100,1,100
77620013761f,100,1,100
7767a1c6170d,78,0.78000000000000003,100
776f1994a511,100,1,100
777865a59d94,100,1,100
777aa808564f,94,0.93999999999999995,100
778cd23507cd,93,0.93000000000000005,100
778e59d6bd5c,70,0.69999999999999996,100
779f4af9bda7,100,1,100
77a379fd4e27,55,0.55000000000000004,100
77a4807755c9,100,1,100
77aa75956fd8,100,1,100
77b09bde19bd,100,1,100
77b0e1ddbc25,100,1,100
77b7de79a31a,100,1,100
77e47e755e11,100,1,100
77e95111451b,100,1,100
7805329696d8,78,0.78000000000000003,100
781323d4ceaa,99,0.98999999999999999,100
783f4032ea12,100,1,100
789883194787,100,1,100
789e8c410c28,100,1,100
789f14a74a10,98,0.97999999999999998,100
78a64ab54d29,72,0.71999999999999997,100
78ac17f3aecc,100,1,100
78b1dffc9bd0,99,0.98999999999999999,100
78bbf40a1aed,92,0.92000000000000004,100
78bc81f7fd76,80,0.80000000000000004,100
78c16b62731d,99,0.98999999999999999,100
78d06df4e929,60,0.59999999999999998,100
78d6dbfb699d,100,1,100
78d871de740b,99,0.98999999999999999,100
78f5d290fc84,71,0.70999999999999996,100
78f903d031ca,99,0.98999999999999999,100
790c528e57a0,48,0.47999999999999998,100
791656c344b8,100,1,100
7933852d2b56,83,0.82999999999999996,100
793bbc696d49,59,0.58999999999999997,100
79574e512a61,100,1,100
79620429353c,100,1,100
796abab134b2,81,0.81000000000000005,100
79716d7b73a6,100,1,100
79792fe2cf80,100,1,100
797ce39b41a8,70,0.69999999999999996,100
797eda8dc355,100,1,100
79941d60f12c,100,1,100
79acaaaeb169,100,1,100
79cd49064f4d,100,1,100
79d3d1238971,58,0.57999999999999996,100
79d9021ee43a,99,0.98999999999999999,100
79f09a38a7d9,100,1,100
79fa5b4588d2,100,1,100
7a0129b1321d,98,0.97999999999999998,100
7a0e19b88e7e,71,0.70999999999999996,100
7a23a73154ed,100,1,100
7a25a8ede76c,95,0.94999999999999996,100
7a2c988e311b,73,0.72999999999999998,100
7a3ed619e007,94,0.93999999999999995,100
7a4dd5eaf9ec,64,0.64000000000000001,100
7a55f1e461f8,90,0.90000000000000002,100
7a64f916b3a0,100,1,100
7a7365e39fc4,97,0.96999999999999997,100
7a75f3b1ac01,94,0.93999999999999995,100
7ab82add095b,76,0.76000000000000001,100
7aba8d900cdc,87,0.87,100
7abead5283a8,99,0.98999999999999999,100
7aca4973a9b0,76,0.76000000000000001,100
7acf6f3ed761,51,0.51000000000000001,100
7aedb453e3f8,100,1,100
7b23c3b3d7d5,85,0.84999999999999998,100
7b2bed2f0431,97,0.96999999999999997,100
7b365c45e67a,100,1,100
7b38ec74489b,100,1,100
7b5e8d03ebf5,66,0.66000000000000003,100
7b6052a10dbc,100,1,100
7b6a4759c9ac,92,0.92000000000000004,100
7b7d5e355d1f,65,0.65000000000000002,100
7bbdbc4556d5,90,0.90000000000000002,100
7bc1e3b52748,97,0.96999999999999997,100
7bcabf76e0c2,93,0.93000000000000005,100
7bd7184573b0,99,0.98999999999999999,100
7bd9e0356239,87,0.87,100
7beb6b229d09,67,0.67000000000000004,100
7bf54c1cdc25,98,0.97999999999999998,100
7bf586977fef,100,1,100
7c0e0959975e,100,1,100
7c209330a1d6,73,0.72999999999999998,100
7c34c32d510b,98,0.97999999999999998,100
7c57535ede0c,89,0.89000000000000001,100
7c5bbec8c5a5,100,1,100
7c71fdbeec8e,96,0.95999999999999996,100
7c7cce037f9c,98,0.97999999999999998,100
7c8569b63919,100,1,100
7c9ece2fd2b9,99,0.98999999999999999,100
7ca2dab7959a,92,0.92000000000000004,100
7cb75c6980cc,98,0.97999999999999998,100
7ceb7a8a3798,100,1,100
7cfe6aab2a25,75,0.75,100
7d12538f557a,95,0.94999999999999996,100
7d1a76c08255,52,0.52000000000000002,100
7d1d67287e70,94,0.93999999999999995,100
7d2df97b0f8b,54,0.54000000000000004,100
7d36f3ec3b0b,98,0.97999999999999998,100
7d376e1c460e,98,0.97999999999999998,100
7d39591ec38f,99,0.98999999999999999,100
7d54298867e2,72,0.71999999999999997,100
7d61b8e156e6,78,0.78000000000000003,100
7d6ccaaf2e7b,100,1,100
7d7149a223b9,100,1,100
7d817c58a054,100,1,100
7d99cc6162c3,35,0.34999999999999998,100
7da71ce56249,98,0.97999999999999998,100
7ddf9c189e9e,100,1,100
7ded66fdb358,66,0.66000000000000003,100
7df745cafff4,83,0.82999999999999996,100
7e001e7bfd8f,100,1,100
7e1c9731ccca,100,1,100
7e27c9b585e2,100,1,100
7e2d0ebc8cd6,94,0.93999999999999995,100
7e33a041e706,100,1,100
7e42e13c07a0,52,0.52000000000000002,100
7e97b3140e2a,93,0.93000000000000005,100
7ea067d3f3ee,98,0.97999999999999998,100
7ea12fbda0ea,100,1,100
7eae5add2afb,100,1,100
7eb0c459c480,95,0.94999999999999996,100
7ebe6160454e,60,0.59999999999999998,100
7ecd3893c911,100,1,100
7ee2cb5b3155,94,0.93999999999999995,100
7eeecf30eb02,100,1,100
7ef202c0178f,100,1,100
7ef45bcd1c42,92,0.92000000000000004,100
7f0769acfbb3,97,0.96999999999999997,100
7f0951dd1322,100,1,100
7f0b8b4788ab,100,1,100
7f12696506f0,100,1,100
7f287cdcc2ea,100,1,100
7f3b5c033728,65,0.65000000000000002,100
7f3dfde2c4ec,53,0.53000000000000003,100
7f4c73d7ab2a,100,1,100
7f5dc628ad74,100,1,100
7f69da23f707,99,0.98999999999999999,100
7f69f703be71,84,0.83999999999999997,100
7fb09500fc30,100,1,100
7fc0e0d9d4b0,100,1,100
7fc812d36efa,100,1,100
7fd9d6a4da72,74,0.73999999999999999,100
7fdb1f399cc3,99,0.98999999999999999,100
7ff2d0fc2237,49,0.48999999999999999,100
7ff7df1e2b11,88,0.88,100
8016ae11d4a7,100,1,100
801eeda6730c,100,1,100
802151779aa4,100,1,100
80322b464683,100,1,100
8033e9095f2c,100,1,100
803bf996e385,100,1,100
80531321f5eb,86,0.85999999999999999,100
80557ccb5415,100,1,100
8060a37699d5,100,1,100
80827ad65a9b,71,0.70999999999999996,100
809b2dae48b5,62,0.62,100
80a894cba1a7,100,1,100
80abf486f272,50,0.5,100
80af70bf1209,97,0.96999999999999997,100
80dbdd71f9d9,98,0.97999999999999998,100
80dd267fced5,100,1,100
80edb2a7bdd0,96,0.95999999999999996,100
80ff6f797132,100,1,100
81043d841b85,99,0.98999999999999999,100
8111c8172169,99,0.98999999999999999,100
812dde977d60,93,0.93000000000000005,100
8131f369f117,56,0.56000000000000005,100
813427835a4a,93,0.93000000000000005,100
81368e84f23d,99,0.98999999999999999,100
8146f8feddfc,100,1,100
8159daea34ce,100,1,100
8169419d14ad,66,0.66000000000000003,100
816a7e7a57ea,100,1,100
817e541ef8e7,97,0.96999999999999997,100
8194a6c0e30e,100,1,100
8198d01b4f01,90,0.90000000000000002,100
81d189f137b7,78,0.78000000000000003,100
81e03aeeb1cc,100,1,100
81f149122372,100,1,100
82030bcff93e,88,0.88,100
820dd6ef3636,99,0.98999999999999999,100
823413219898,100,1,100
824185cc8280,100,1,100
824eb5167186,100,1,100
825653b86223,100,1,100
82573b2a63ef,88,0.88,100
826061657ede,100,1,100
826b4ae92f42,87,0.87,100
826dc1595155,100,1,100
8276185782a7,100,1,100
827c1de7cabb,100,1,100
827f003942e4,100,1,100
828dd6865a98,60,0.59999999999999998,100
82a90664f6a1,75,0.75,100
82e04b90479c,100,1,100
82e5aa2d7dac,100,1,100
82f1aec16895,49,0.48999999999999999,100
82fa7185cabf,100,1,100
82fd82afe7ac,100,1,100
83246b7da4f6,100,1,100
8330f3d0251c,100,1,100
833e3014d4f4,100,1,100
833f8fe3cfcc,100,1,100
834a4a894d54,100,1,100
835d602d8b3d,90,0.90000000000000002,100
836914e82619,100,1,100
836dca4c2c49,55,0.55000000000000004,100
83942c85b0fb,76,0.76000000000000001,100
83abe733dbd5,91,0.91000000000000003,100
83b578257504,91,0.91000000000000003,100
83babdd4fa9d,88,0.88,100
83c35864dda4,100,1,100
83c7e350d653,73,0.72999999999999998,100
83d6061a96c0,95,0.94999999999999996,100
83d774203e73,100,1,100
83dbc1643049,100,1,100
8401ff8c9185,100,1,100
8403cc13cd19,41,0.40999999999999998,100
840f1e6438b1,88,0.88,100
84159ebe78cc,100,1,100
84371966eca9,100,1,100
8443e66eea6f,74,0.73999999999999999,100
84646e393a6a,80,0.80000000000000004,100
846dbe492342,100,1,100
8476e0b38ad3,69,0.68999999999999995,100
847710b404fd,100,1,100
84775156c463,100,1,100
8478630d6cb8,76,0.76000000000000001,100
849ce5ddf355,99,0.98999999999999999,100
84b53bdf8fab,100,1,100
84b8437cb647,100,1,100
84c1eb3eb408,79,0.79000000000000004,100
84f655a52a5b,92,0.92000000000000004,100
850756ff2e7e,100,1,100
851a379e9b0c,100,1,100
851af32137d2,91,0.91000000000000003,100
851eecf66ce2,99,0.98999999999999999,100
8533dc5288ff,59,0.58999999999999997,100
853bc20d5aeb,100,1,100
855e2922f970,100,1,100
8568d9b83d17,91,0.91000000000000003,100
85735d042ad9,100,1,100
85780b3c5c15,96,0.95999999999999996,100
8581298d58e8,67,0.67000000000000004,100
85893e2ebbe2,100,1,100
859788d8ffe0,72,0.71999999999999997,100
85a2d7b453b9,98,0.97999999999999998,100
85b3debdfb18,93,0.93000000000000005,100
85bb639e96f2,90,0.90000000000000002,100
8606e3113393,100,1,100
860ff882b629,100,1,100
861c98343806,100,1,100
8627d8b49443,100,1,100
863424f18dcd,100,1,100
8639491e6aae,100,1,100
863b38f47a44,93,0.93000000000000005,100
86443faf9c6c,85,0.84999999999999998,100
865a1c30eb09,100,1,100
86814047e92c,100,1,100
8694bd72e0dc,50,0.5,100
869f9d962cdc,100,1,100
86cc7cd54479,100,1,100
86d5bac5eea3,100,1,100
86dab6a5f8ff,100,1,100
86db52d36388,89,0.89000000000000001,100
86dbe27316f2,100,1,100
86fb0aede1b7,100,1,100
871028660b40,100,1,100
8715ce8d092b,53,0.53000000000000003,100
871aafcd57c8,96,0.95999999999999996,100
8727f49d49e1,100,1,100
8749043d37ae,100,1,100
87729194a14d,100,1,100
8775deacee66,100,1,100
877caa8d98d2,100,1,100
87997a29d86a,100,1,100
879aa9d69381,98,0.97999999999999998,100
87ae039d6f73,100,1,100
87bf87521500,91,0.91000000000000003,100
87c3d2634b44,100,1,100
87c5ab4374ce,100,1,100
87de7ef962f3,100,1,100
87e9fcddc328,94,0.93999999999999995,100
8805bd79e5ae,100,1,100
8829702e0c6f,100,1,100
883303f8a811,100,1,100
883c362b9a30,100,1,100
883f46054ba8,94,0.93999999999999995,100
88521382c364,66,0.66000000000000003,100
8857f6f38834,100,1,100
8861bfdd61f4,100,1,100
88655aac0739,93,0.93000000000000005,100
887ddf212a8b,74,0.73999999999999999,100
888cb1cd0f80,64,0.64000000000000001,100
8899e30aaee9,100,1,100
88a274a3c63d,99,0.98999999999999999,100
88be7c6ac1aa,100,1,100
88c4e9afe2d3,100,1,100
88c5ca0cf7a6,58,0.57999999999999996,100
88ca8b09e251,99,0.98999999999999999,100
88d2dbda01c0,90,0.90000000000000002,100
88dcdcde3996,100,1,100
88e5fd62854a,54,0.54000000000000004,100
88e9f5e9cf8c,100,1,100
890f7d0b7bd8,100,1,100
891b4d889bab,100,1,100
892141821304,92,0.92000000000000004,100
893dbed540f1,100,1,100
8956daec6b06,88,0.88,100
8960a4a9dc14,74,0.73999999999999999,100
8970c5bee2d3,57,0.56999999999999995,100
897e63634ba2,99,0.98999999999999999,100
8981dd48be1f,100,1,100
89834782f672,71,0.70999999999999996,100
898557f7a22e,100,1,100
899b175ccef0,72,0.71999999999999997,100
899ddb43ab2c,92,0.92000000000000004,100
89ac8b4cce98,97,0.96999999999999997,100
89bfe376f7a5,82,0.81999999999999995,100
89c5cf7d79e2,100,1,100
89d15db48b06,78,0.78000000000000003,100
89d25f36191f,100,1,100
89d4013256d3,61,0.60999999999999999,100
89d9b2ade47f,100,1,100
89e6e8d4c53b,100,1,100
89ff8137fdcd,100,1,100
8a012c0afc66,90,0.90000000000000002,100
8a21da9f6efb,100,1,100
8a3ee76b1f9e,100,1,100
8a45e109f26b,75,0.75,100
8a5896e2f3b7,100,1,100
8a83be05c045,62,0.62,100
8a863a909686,100,1,100
8a9d8f6d3fdf,100,1,100
8aa4c4b0e595,99,0.98999999999999999,100
8abb93e18f32,100,1,100
8acb1b222939,100,1,100
8aced9eecf67,100,1,100
8ad4a1f7c5d4,99,0.98999999999999999,100
8adec59fa65b,77,0.77000000000000002,100
8ae4d1a5fd42,68,0.68000000000000005,100
8aecee699fba,80,0.80000000000000004,100
8af07b54dc32,96,0.95999999999999996,100
8aff4f9c6bcf,72,0.71999999999999997,100
8b02cea05f5c,100,1,100
8b0ec4ab22bf,100,1,100
8b16e952d191,97,0.96999999999999997,100
8b1b4b4dfb1d,100,1,100
8b2de050ff7c,92,0.92000000000000004,100
8b3f5939d356,98,0.97999999999999998,100
8b56ad992c68,47,0.46999999999999997,100
8b67369e3b45,100,1,100
8b774559ef33,100,1,100
8b8cffd0beff,60,0.59999999999999998,100
8bad928b6332,100,1,100
8bc1cf5c1246,100,1,100
8bcaf3a9bab1,100,1,100
8bd490f59450,100,1,100
8bd524975edd,99,0.98999999999999999,100
8bea36ef9b84,54,0.54000000000000004,100
8bebcbc15d63,100,1,100
8c1eda0dca8e,100,1,100
8c22ad1dff2b,97,0.96999999999999997,100
8c2bd1d78f9f,65,0.65000000000000002,100
8c39e38f8246,80,0.80000000000000004,100
8c3aad17ed00,97,0.96999999999999997,100
8c76e6acea34,94,0.93999999999999995,100
8c7dcc845b69,100,1,100
8c83c5cc8ccb,100,1,100
8c8c87a042a8,84,0.83999999999999997,100
8c8d3bde5be4,82,0.81999999999999995,100
8c9907c4f69c,74,0.73999999999999999,100
8cbe4cc9ca76,89,0.89000000000000001,100
8cd7b88af144,100,1,100
8cdaa25ca81b,81,0.81000000000000005,100
8ce80c2df69b,92,0.92000000000000004,100
8cf5d2c3be3d,100,1,100
8d036e71b5bb,100,1,100
8d0eac8b85cb,60,0.59999999999999998,100
8d220f120c93,100,1,100
8d23823c05c1,71,0.70999999999999996,100
8d23e6bd8710,51,0.51000000000000001,100
8d24b9db5b6c,100,1,100
8d356a87cd25,68,0.68000000000000005,100
8d364a516e56,100,1,100
8d53e1339dac,79,0.79000000000000004,100
8d551b4ee695,100,1,100
8d59167d8f54,99,0.98999999999999999,100
8d5ac4c1fb4b,94,0.93999999999999995,100
8d718a2e08fb,100,1,100
8d9850ac2bd5,79,0.79000000000000004,100
8dab88f61636,100,1,100
8db072a7a08d,100,1,100
8db71cdd5f10,100,1,100
8db7597e2962,100,1,100
8dc7c6d65b03,89,0.89000000000000001,100
8dd0281ca1fd,80,0.80000000000000004,100
8dd5da113eea,63,0.63,100
8ddac01b00d3,52,0.52000000000000002,100
8dff4d282ee8,100,1,100
8e3fd5a616a1,100,1,100
8e411d1b127a,63,0.63,100
8e7292fc0216,100,1,100
8e89959f03dd,60,0.59999999999999998,100
8ea0cf5af8d3,100,1,100
8eb305fe70c8,94,0.93999999999999995,100
8eb8f33d0460,98,0.97999999999999998,100
8ebd58f020a7,100,1,100
8ec63cb21fd3,100,1,100
8ecdb7936017,94,0.93999999999999995,100
8ef8fc599b3e,100,1,100
8f07dbefebd7,100,1,100
8f0e09bb27b5,96,0.95999999999999996,100
8f26196d2692,74,0.73999999999999999,100
8f342e4563e7,100,1,100
8f385f7001b0,88,0.88,100
8f4745620006,67,0.67000000000000004,100
8f4ee8fde9ad,97,0.96999999999999997,100
8f54186cada5,100,1,100
8f5b8ddf4584,100,1,100
8f5e566608b8,100,1,100
8f6575f3393d,100,1,100
8f81b93f0b9a,100,1,100
8fb1f9c63e3a,100,1,100
8fce2c5042bd,100,1,100
8fd6a802952e,100,1,100
8fdca326d0e3,67,0.67000000000000004,100
8fe9723af88f,100,1,100
8feac5f10f48,100,1,100
8feae594f372,93,0.93000000000000005,100
8ffb979b41fc,88,0.88,100
90077a4bb478,99,0.98999999999999999,100
901d4693712c,95,0.94999999999999996,100
90217a0b8e4e,91,0.91000000000000003,100
902f61d408b1,100,1,100
903fbf3b4d7b,84,0.83999999999999997,100
9040f47244b8,98,0.97999999999999998,100
907af921799a,64,0.64000000000000001,100
9080b0fd438e,100,1,100
9089864b114b,100,1,100
9099fd433799,100,1,100
909d0314f156,100,1,100
90b5ab7309de,100,1,100
90bb95d5c2b6,99,0.98999999999999999,100
90c846091de6,100,1,100
90d4c86228ba,99,0.98999999999999999,100
90ed384286f1,100,1,100
90fbf7466783,99,0.98999999999999999,100
90fffafb2bba,65,0.65000000000000002,100
9100dd0175d1,91,0.91000000000000003,100
9121847680cb,82,0.81999999999999995,100
912484a38889,46,0.46000000000000002,100
91373f8afa76,100,1,100
913eacf4a799,98,0.97999999999999998,100
914ce79a94a7,73,0.72999999999999998,100
916a2a855206,100,1,100
9180df813563,100,1,100
919905c7cd26,64,0.64000000000000001,100
91a541b7cfdd,95,0.94999999999999996,100
91aac8e7d497,100,1,100
91bdb0629f79,98,0.97999999999999998,100
91d00cca51ae,100,1,100
92119ee97450,100,1,100
921fd78a1bff,81,0.81000000000000005,100
922f4204210e,100,1,100
92378797fe01,100,1,100
923919b63bd7,99,0.98999999999999999,100
924305fe5f05,100,1,100
9244adb8789e,100,1,100
925859dae7a2,25,0.25,100
92588e508ba6,100,1,100
926419443ffa,62,0.62,100
92776b6bcda7,100,1,100
927b2f5a53d8,100,1,100
928559efd068,100,1,100
929ed71f3f0c,58,0.57999999999999996,100
92a1c8c94ff6,100,1,100
92a5b7bdce61,99,0.98999999999999999,100
92b9f3ae60cd,65,0.65000000000000002,100
92c8bc5635f9,97,0.96999999999999997,100
92d95c8326eb,100,1,100
92f058eea93e,100,1,100
9300fc3b3306,100,1,100
930a7da8d4e9,93,0.93000000000000005,100
93154717da88,59,0.58999999999999997,100
9320506eede4,100,1,100
932c097b596c,93,0.93000000000000005,100
932db486b9cb,99,0.98999999999999999,100
936002f1f8cf,87,0.87,100
9361da2987b5,100,1,100
93707a2e97af,100,1,100
937760017b6c,93,0.93000000000000005,100
937b2e4491eb,100,1,100
939220e923e4,100,1,100
93993666a2b1,92,0.92000000000000004,100
93a39f5d2090,100,1,100
93a4307f0579,99,0.98999999999999999,100
93b1d1f8dffb,80,0.80000000000000004,100
93b74e9ba785,86,0.85999999999999999,100
93c655279451,100,1,100
93c680d79715,100,1,100
93dac2e109ef,100,1,100
93dad7e66b67,100,1,100
93e46a745464,74,0.73999999999999999,100
93ecdb34f88a,100,1,100
93f98a20a74a,100,1,100
940556570e10,100,1,100
9453ac2f9f42,100,1,100
946798dd1858,100,1,100
947e82851d6c,100,1,100
948604781db6,100,1,100
949494f776d8,100,1,100
94ab787b907d,97,0.96999999999999997,100
94b3b243ec88,99,0.98999999999999999,100
94c2b8fe1bf9,95,0.94999999999999996,100
94ca6a866355,57,0.56999999999999995,100
94d2653564aa,74,0.73999999999999999,100
94eec968b16d,100,1,100
94f569b81e05,100,1,100
94ffd6706ff2,100,1,100
950c6a3e0618,63,0.63,100
951dd74fd1dd,66,0.66000000000000003,100
952786f967f7,100,1,100
952cd2040a5b,97,0.96999999999999997,100
9544d9016bff,100,1,100
954ad73d1557,100,1,100
9565eb052756,99,0.98999999999999999,100
9568f2e35308,100,1,100
9579c7c5bd10,100,1,100
9582c096675c,100,1,100
959507214e89,48,0.47999999999999998,100
95991eb66eba,99,0.98999999999999999,100
95a832726f97,100,1,100
95ba95313243,62,0.62,100
95dcf3f1bfe9,76,0.76000000000000001,100
95dd9ecb0ac3,100,1,100
95e61658903c,88,0.88,100
9613ea6e8850,99,0.98999999999999999,100
9624aed02fdf,100,1,100
962a5e2dbf5c,100,1,100
9631cd9c0a44,93,0.93000000000000005,100
9634ead16f8f,100,1,100
9641f2a664f6,100,1,100
965b4d690117,100,1,100
966f6f84a624,100,1,100
96819a526b91,94,0.93999999999999995,100
9683e32a1e6f,100,1,100
96a30dc22f17,100,1,100
96a79eb0e5f2,100,1,100
96cd86eee099,100,1,100
96d17595d639,100,1,100
96d391caf7a1,100,1,100
96d886311bfb,100,1,100
96ed3777aef5,89,0.89000000000000001,100
96ef51788de8,100,1,100
96fe97188b7d,100,1,100
9700fe6ef79c,100,1,100
9713acf5b5c9,72,0.71999999999999997,100
97157ad37d3a,100,1,100
971ce0982426,97,0.96999999999999997,100
971f27748922,79,0.79000000000000004,100
972555fa7443,96,0.95999999999999996,100
973ef36cc996,75,0.75,100
973f46beb3b4,81,0.81000000000000005,100
9740f3f47794,98,0.97999999999999998,100
974777d0353c,76,0.76000000000000001,100
976d955728ff,100,1,100
977c5a6ed7e1,100,1,100
977e8f5f7f27,100,1,100
97803fce50bf,41,0.40999999999999998,100
978853cdf2e2,100,1,100
979320acb4e8,100,1,100
97a244c87ddf,100,1,100
97bbaa582277,86,0.85999999999999999,100
97de06c9bb0f,100,1,100
97e8d5350e59,100,1,100
980581fca76b,78,0.78000000000000003,100
98115989f3dc,81,0.81000000000000005,100
9812ae0bc47f,60,0.59999999999999998,100
981d7584e217,100,1,100
98424e111755,100,1,100
9858dbb158ba,100,1,100
986cb8a84985,76,0.76000000000000001,100
988743968ef3,100,1,100
988f1135c440,99,0.98999999999999999,100
98b76a8e89a0,100,1,100
98cd94d4e68f,100,1,100
98e90c727110,100,1,100
98ec7c2bbbfa,98,0.97999999999999998,100
98f4795b6c0f,100,1,100
991b4f24d1cf,100,1,100
991bc7c17a0a,100,1,100
991be8bde565,100,1,100
992d5b91107d,100,1,100
9941ae59990e,99,0.98999999999999999,100
995fdf1401b2,61,0.60999999999999999,100
996106cffb70,93,0.93000000000000005,100
996345f4492c,100,1,100
996cd1c868a2,91,0.91000000000000003,100
997465f0e852,100,1,100
998430baec75,75,0.75,100
9998af6782f0,100,1,100
99e1fce44c20,100,1,100
99f36a9c8499,95,0.94999999999999996,100
99feb46b5ad1,100,1,100
99ff9c79d99d,87,0.87,100
9a1146280f94,100,1,100
9a150b691935,88,0.88,100
9a294293e096,71,0.70999999999999996,100
9a2bec4a060f,100,1,100
9a2c6ba12d76,65,0.65000000000000002,100
9a32ada49b69,100,1,100
9a543941e04c,82,0.81999999999999995,100
9a59a88003cf,100,1,100
9a7cab4ba2e6,100,1,100
9a822965db6b,60,0.59999999999999998,100
9a96fad37b31,63,0.63,100
9abddbcf520f,99,0.98999999999999999,100
9acb8cbb67df,91,0.91000000000000003,100
9ad161e7e51d,100,1,100
9ada6dc83ad5,64,0.64000000000000001,100
9adf5f5ecb1e,100,1,100
9ae50ffb7056,94,0.93999999999999995,100
9b1866d95bb5,100,1,100
9b423a5ed11f,100,1,100
9b4a3459bce2,100,1,100
9b5054ea3584,100,1,100
9b606cda3303,78,0.78000000000000003,100
9b629a62de7f,73,0.72999999999999998,100
9b9809f455cd,100,1,100
9ba71eca3d77,79,0.79000000000000004,100
9bb6dcc25702,100,1,100
9bea548d0063,100,1,100
9bed65be3338,100,1,100
9bf8cf600bca,100,1,100
9c28a3594269,100,1,100
9c2c58d2c299,99,0.98999999999999999,100
9c2f62e87ea8,100,1,100
9c57cc108af4,100,1,100
9c5cae8f2917,100,1,100
9c6f71124664,100,1,100
9c8b294ae79d,100,1,100
9cb44006e3b5,100,1,100
9cb5125cd3ed,97,0.96999999999999997,100
9cc04521fe92,98,0.97999999999999998,100
9cc84bf9361e,100,1,100
9cce5349d13c,75,0.75,100
9ce10446820f,57,0.56999999999999995,100
9ce778ed89e3,66,0.66000000000000003,100
9d0e9497baff,100,1,100
9d12bdf58d72,54,0.54000000000000004,100
9d244ccb0edd,78,0.78000000000000003,100
9d2f2cf10054,97,0.96999999999999997,100
9d49f6bb4f44,100,1,100
9d517bbfa17f,61,0.60999999999999999,100
9d5fe5618b16,100,1,100
9d81ef10fa13,100,1,100
9dab56e8ff67,100,1,100
9dae78dec78d,98,0.97999999999999998,100
9dbcae54cc59,100,1,100
9dd661d20d3c,100,1,100
9dd991d064e5,100,1,100
9dedb65bae5c,100,1,100
9df3cd35d1cc,100,1,100
9dfa3f4107cb,100,1,100
9e1ed30ffbdd,75,0.75,100
9e4b29aea457,100,1,100
9e57c0b1df90,100,1,100
9e5e3e5e7e4b,93,0.93000000000000005,100
9e5ea97c32ba,100,1,100
9e6999ab2229,100,1,100
9e6ba811e7ce,100,1,100
9e7db4180362,100,1,100
9e7f34c0aa7e,88,0.88,100
9e85102ee0ae,100,1,100
9e8ed349a06d,79,0.79000000000000004,100
9e9a09c3d477,100,1,100
9e9f0a7f3307,96,0.95999999999999996,100
9ebbbd6d4119,94,0.93999999999999995,100
9ebf9371f130,100,1,100
9ece2b781dcd,100,1,100
9ed347a5dbd4,100,1,100
9ed8e0bed30e,100,1,100
9edb81f69993,88,0.88,100
9edd8f3b56e0,100,1,100
9ede5a7e3017,43,0.42999999999999999,100
9ef18de6b432,100,1,100
9ef98808165d,100,1,100
9efed25fd33b,100,1,100
9f0437c2eb89,68,0.68000000000000005,100
9f13c78d4a4f,99,0.98999999999999999,100
9f25b2e5b857,100,1,100
9f28d472d5e2,98,0.97999999999999998,100
9f2a3160f937,68,0.68000000000000005,100
9f2dee8e8073,100,1,100
9f312b825a61,93,0.93000000000000005,100
9f418b350964,77,0.77000000000000002,100
9f5ecddc220b,100,1,100
9f694dc83bed,90,0.90000000000000002,100
9f6de4291acb,73,0.72999999999999998,100
9f74e9ccf6cd,100,1,100
9f79e1077025,100,1,100
9f914d6d736b,99,0.98999999999999999,100
9f93d487594f,99,0.98999999999999999,100
9faf518b0741,35,0.34999999999999998,100
9fbb776f8a7c,54,0.54000000000000004,100
9fcef39f343a,100,1,100
a00ab37ad389,100,1,100
a00ae981df25,98,0.97999999999999998,100
a00ff8485bc6,100,1,100
a01b859bb716,96,0.95999999999999996,100
a01d7c24a8a7,99,0.98999999999999999,100
a020b726212e,100,1,100
a02cd5b0a8cd,98,0.97999999999999998,100
a03628b9b3cf,100,1,100
a03afbc0caf7,97,0.96999999999999997,100
a04492d0152d,100,1,100
a0629c649208,100,1,100
a067aa265a0e,100,1,100
a070c44ce3f8,100,1,100
a083caf785a1,47,0.46999999999999997,100
a08df481accb,72,0.71999999999999997,100
a08df8c8a106,100,1,100
a0ba3fdb6f90,99,0.98999999999999999,100
a0c0af010242,73,0.72999999999999998,100
a0c439ef6602,100,1,100
a0c5af7b69c7,55,0.55000000000000004,100
a0df72b36d0d,81,0.81000000000000005,100
a0ef8a373995,74,0.73999999999999999,100
a10a76a096fa,91,0.91000000000000003,100
a12f44cc7208,74,0.73999999999999999,100
a133e578fd06,96,0.95999999999999996,100
a147f9bb1a13,100,1,100
a14b16730017,100,1,100
a153da1fa7cd,100,1,100
a15568121d54,54,0.54000000000000004,100
a166f3ec9fc9,97,0.96999999999999997,100
a17b1254ac3c,100,1,100
a1906d82e929,100,1,100
a1921dec0b2c,96,0.95999999999999996,100
a19a87bb36bc,97,0.96999999999999997,100
a19e453140eb,100,1,100
a1ad242b2abf,69,0.68999999999999995,100
a1c2d10229e1,94,0.93999999999999995,100
a1ed744fbfcf,97,0.96999999999999997,100
a1f0bdbd07c0,100,1,100
a1f9541f4d18,66,0.66000000000000003,100
a1fbf649c2ca,100,1,100
a2016160802d,73,0.72999999999999998,100
a20df616cd5d,100,1,100
a21643ddcec3,69,0.68999999999999995,100
a220594f00b5,85,0.84999999999999998,100
a2220e39578d,100,1,100
a22a7d0cac3e,80,0.80000000000000004,100
a2352d6220e2,100,1,100
a24836df4a94,75,0.75,100
a248f4d6d666,97,0.96999999999999997,100
a27108c5ba1b,100,1,100
a271ebf68c71,86,0.85999999999999999,100
a2781d320e14,66,0.66000000000000003,100
a2788262eb5e,100,1,100
a279a46a5b10,100,1,100
a2944b8ba242,70,0.69999999999999996,100
a2acdc4b20e2,48,0.47999999999999998,100
a2b5d342f95c,91,0.91000000000000003,100
a2ca7e156a0f,88,0.88,100
a2d1e9416fcb,91,0.91000000000000003,100
a2e9f100e0e7,100,1,100
a30954611f58,69,0.68999999999999995,100
a334629a3f1f,90,0.90000000000000002,100
a3374320c212,100,1,100
a34e38b86e3a,57,0.56999999999999995,100
a353fc7fb654,100,1,100
a35f22d10e7f,100,1,100
a3675dccb577,47,0.46999999999999997,100
a36fc6310800,100,1,100
a37bed5f06e6,100,1,100
a3a3c209d760,99,0.98999999999999999,100
a3a55514257c,97,0.96999999999999997,100
a3af1794bca3,66,0.66000000000000003,100
a3b41c7b324f,62,0.62,100
a3ba1f52709f,91,0.91000000000000003,100
a3bb08a00213,98,0.97999999999999998,100
a3c01f2cd0c7,100,1,100
a3c0a418c3b1,45,0.45000000000000001,100
a3f283dd2fd6,100,1,100
a401ad9cc5af,77,0.77000000000000002,100
a40e88c818d5,100,1,100
a43863accc04,100,1,100
a441dc0daf7a,98,0.97999999999999998,100
a4562e54f563,100,1,100
a45e4480baaf,80,0.80000000000000004,100
a465d221183b,100,1,100
a4a0ab32082c,99,0.98999999999999999,100
a4a34ea59314,100,1,100
a4a692a0d55e,70,0.69999999999999996,100
a4ac4b3a2c7e,100,1,100
a4b4b54ebb96,62,0.62,100
a4c21a2c5efd,100,1,100
a4cb84a4d026,100,1,100
a4d251a15345,66,0.66000000000000003,100
a4dfda82672f,100,1,100
a4e05c44a5fa,100,1,100
a4e2bd392f83,92,0.92000000000000004,100
a503956022ad,99,0.98999999999999999,100
a53a395eb742,100,1,100
a53e02004d5d,100,1,100
a5567e67d216,100,1,100
a55cc7a2d240,100,1,100
a56fb9dc855c,98,0.97999999999999998,100
a581f1594ace,100,1,100
a590ee979246,81,0.81000000000000005,100
a59fefb369d3,72,0.71999999999999997,100
a5b5e9c0d57a,63,0.63,100
a5db6eeecdda,100,1,100
a5ed5bea44a8,79,0.79000000000000004,100
a60aaca2c2a0,79,0.79000000000000004,100
a624512e37d1,100,1,100
a6401724604f,69,0.68999999999999995,100
a65d148f138b,100,1,100
a6776b488285,98,0.97999999999999998,100
a686b7ddfc02,100,1,100
a68a50ad6a2c,100,1,100
a695c32b802e,98,0.97999999999999998,100
a697ab0ccffb,90,0.90000000000000002,100
a6ac434648f0,100,1,100
a6af5f256915,43,0.42999999999999999,100
a6b2dd9d8422,93,0.93000000000000005,100
a6bf8f6e0997,70,0.69999999999999996,100
a6c606830e5d,100,1,100
a6dcfa75012f,77,0.77000000000000002,100
a6fb671c8826,100,1,100
a70603d9802d,62,0.62,100
a71baa34b726,100,1,100
a726b0c5876b,100,1,100
a72aa27e0782,74,0.73999999999999999,100
a7354ce116dc,100,1,100
a74b2e3c4ce2,81,0.81000000000000005,100
a74e1f7783e3,100,1,100
a7616feda517,100,1,100
a772c03d3d8a,100,1,100
a7900318ccd7,98,0.97999999999999998,100
a797cdb4ebab,99,0.98999999999999999,100
a7b53b022571,100,1,100
a7b83d8ce7f0,100,1,100
a7fb64ef12c5,100,1,100
a8009af9f309,100,1,100
a80949775a51,58,0.57999999999999996,100
a809c69f4526,100,1,100
a8268cf54333,100,1,100
a83a3d319077,100,1,100
a84e5f45932b,53,0.53000000000000003,100
a858316a9c2c,100,1,100
a85d8af78697,94,0.93999999999999995,100
a87b4fa5821c,100,1,100
a880f7ef17d9,87,0.87,100
a88e3e5c4c9f,100,1,100
a8913b3bad4a,100,1,100
a8a530ce8ce8,100,1,100
a8acad54f61e,100,1,100
a8b60cb484f2,100,1,100
a8be3eeedfa3,53,0.53000000000000003,100
a8c4779a1bd2,100,1,100
a8d86a797fe1,86,0.85999999999999999,100
a8e0e4526409,100,1,100
a8f3888daeb6,100,1,100
a8f610ba3cc0,100,1,100
a8f9652488ca,98,0.97999999999999998,100
a8fa83e01d83,100,1,100
a950356041b0,100,1,100
a9575c91615b,100,1,100
a9711fffbe55,100,1,100
a97683a6d75c,81,0.81000000000000005,100
a98c632aca14,100,1,100
a99e9a24a425,100,1,100
a9a0e41843a9,100,1,100
a9c00eabd5eb,77,0.77000000000000002,100
a9c260299c6f,100,1,100
a9c549960560,89,0.89000000000000001,100
a9cc0766f780,100,1,100
a9d143971270,100,1,100
a9db5a6aa72f,63,0.63,100
a9de2a8f3aa3,95,0.94999999999999996,100
a9fbedb347ef,99,0.98999999999999999,100
aa0e3627ef05,100,1,100
aa14151afb0a,100,1,100
aa1eb1ed1fe5,68,0.68000000000000005,100
aa24ffb4eb59,62,0.62,100
aa2b3e306443,100,1,100
aa41045c2f56,98,0.97999999999999998,100
aa48e1119ede,100,1,100
aa59001d84ed,88,0.88,100
aa5e9619d6bc,100,1,100
aa67155b84f9,87,0.87,100
aa7c422ac18c,74,0.73999999999999999,100
aa9eee863368,86,0.85999999999999999,100
aaa9aebd0dfe,50,0.5,100
aaaa571911e1,68,0.68000000000000005,100
aaaad0cca7f7,100,1,100
aaad49b7c878,100,1,100
aac9a87d7002,100,1,100
aacf028f99d7,55,0.55000000000000004,100
aae4acdd1236,100,1,100
ab1bd08f4640,100,1,100
ab1f6ec290c0,100,1,100
ab2027889f7b,100,1,100
ab2199bb4ea1,100,1,100
ab54b63cfc7e,100,1,100
ab672a1e4170,47,0.46999999999999997,100
ab71e98d1eeb,100,1,100
ab731c14e837,98,0.97999999999999998,100
ab9f92a377d5,98,0.97999999999999998,100
abbee6210af7,57,0.56999999999999995,100
abcc748b89b6,100,1,100
abd4c0a818e2,100,1,100
abdfb4bf60c1,57,0.56999999999999995,100
abe172a564ef,79,0.79000000000000004,100
abe81d66321e,100,1,100
abf09f466bd7,100,1,100
abf74342b5ba,100,1,100
abfc0a311fab,100,1,100
ac22bdf2271b,100,1,100
ac4706c5b882,100,1,100
ac481854c364,100,1,100
ac758b9e2761,72,0.71999999999999997,100
ac765932c6fc,100,1,100
ac7cbd05ee74,100,1,100
ac9c2b71dd07,63,0.63,100
aca026489d6f,100,1,100
acabb0b2cd98,98,0.97999999999999998,100
acaf288c086d,69,0.68999999999999995,100
acee033cd8e8,100,1,100
acff811bbbf2,71,0.70999999999999996,100
ad056bd1509b,92,0.92000000000000004,100
ad0b68759cad,100,1,100
ad0da8634d7f,100,1,100
ad131c536a9b,99,0.98999999999999999,100
ad3e3aa43485,62,0.62,100
ad43eadb1d98,100,1,100
ad472c8caf8d,100,1,100
ad53ca705d2e,100,1,100
ad68f5736c87,59,0.58999999999999997,100
ad6df8f2d2c0,54,0.54000000000000004,100
ad6f310fd344,99,0.98999999999999999,100
ad71852e1eed,100,1,100
ad7663b1e76d,100,1,100
ad79c3b0320e,89,0.89000000000000001,100
ad800ea98139,99,0.98999999999999999,100
ad898ab3798a,81,0.81000000000000005,100
ad948f732bf0,82,0.81999999999999995,100
adac46f07943,100,1,100
adb687966bc8,84,0.83999999999999997,100
adb9e2bc5725,84,0.83999999999999997,100
adc707c80a69,62,0.62,100
add7a5613800,78,0.78000000000000003,100
ade08b0a0efc,100,1,100
ade32f19e857,93,0.93000000000000005,100
adfc5fb09947,66,0.66000000000000003,100
ae0190659abc,99,0.98999999999999999,100
ae043ae58ce4,100,1,100
ae1a10a81ca6,100,1,100
ae89de6810f9,51,0.51000000000000001,100
aea2168dc80a,100,1,100
aea4142f9af0,67,0.67000000000000004,100
aea54af0d423,100,1,100
aeaa6176f749,100,1,100
aeaddd728517,100,1,100
aecf16ffd64a,88,0.88,100
aed66ac91c77,94,0.93999999999999995,100
aedde5760fa0,100,1,100
aef23af949f2,100,1,100
aef47aed060d,86,0.85999999999999999,100
aefc0158ad5b,100,1,100
af012ba4c497,100,1,100
af1f2d191c6c,100,1,100
af4001030abd,100,1,100
af455159ec17,99,0.98999999999999999,100
af532f1e8bcf,99,0.98999999999999999,100
af729816ab4c,50,0.5,100
af8b8815ab5c,100,1,100
af978308dc46,61,0.60999999999999999,100
af9cdfe4a008,100,1,100
afb176bc54cd,100,1,100
afb9eeaa6aab,100,1,100
afc93e7079f3,100,1,100
afd93b7a6794,100,1,100
afe66a9a6768,100,1,100
b004c5858ab5,99,0.98999999999999999,100
b017793c8be7,95,0.94999999999999996,100
b02971c3f752,100,1,100
b0337c91dabe,80,0.80000000000000004,100
b036e02c1279,95,0.94999999999999996,100
b04786a48144,81,0.81000000000000005,100
b057683db90b,67,0.67000000000000004,100
b09d534e8440,99,0.98999999999999999,100
b0cb5a922621,100,1,100
b0d1651c6b43,100,1,100
b0d9738f99bc,80,0.80000000000000004,100
b0dd4d1e1bae,67,0.67000000000000004,100
b0ebe30f7191,100,1,100
b105c3c950b4,66,0.66000000000000003,100
b10c427b09de,96,0.95999999999999996,100
b1103e538dfd,97,0.96999999999999997,100
b13e4333c886,70,0.69999999999999996,100
b14cdbcdec42,89,0.89000000000000001,100
b15160bce0b2,97,0.96999999999999997,100
b16310ae971d,100,1,100
b1733133db73,63,0.63,100
b18316ab2a43,94,0.93999999999999995,100
b1901f639dc0,77,0.77000000000000002,100
b19a0afd3da4,93,0.93000000000000005,100
b1ac654eb95e,100,1,100
b1aed244a20f,61,0.60999999999999999,100
b1afa3eba4b8,100,1,100
b1ccc096eae9,88,0.88,100
b1cfa0f98046,100,1,100
b1de9d94ad1e,100,1,100
b1efa0568ad3,83,0.82999999999999996,100
b1f7d0fc1288,66,0.66000000000000003,100
b1fbc2ca11c2,100,1,100
b208a328a620,62,0.62,100
b215e71af846,100,1,100
b21a4c851df5,100,1,100
b22351685cb4,100,1,100
b22c633db9ae,100,1,100
b235825fd6b7,100,1,100
b25cec3a5303,41,0.40999999999999998,100
b26fc5346c25,75,0.75,100
b29579a95f06,100,1,100
b2a1f233ff72,72,0.71999999999999997,100
b2a48ec6f1a9,44,0.44,100
b2ca83187d84,100,1,100
b2d9aa69d298,99,0.98999999999999999,100
b2dd34f4c6a7,100,1,100
b2eb4e85bef9,100,1,100
b2ed68adc95d,100,1,100
b31b7a88b37f,80,0.80000000000000004,100
b322178f78c3,93,0.93000000000000005,100
b33550e1a18e,99,0.98999999999999999,100
b336a25107e3,100,1,100
b33a4cd769cd,72,0.71999999999999997,100
b34db3c4bbde,68,0.68000000000000005,100
b351c0c416bf,100,1,100
b353e43e74ed,33,0.33000000000000002,100
b35b63ea426d,97,0.96999999999999997,100
b370a26b938f,93,0.93000000000000005,100
b3714341a609,78,0.78000000000000003,100
b377eb5e7290,100,1,100
b3b0d28a1dfe,100,1,100
b3c6c280e56c,92,0.92000000000000004,100
b3f8265a274a,100,1,100
b3feb95530ce,100,1,100
b420eba68ddc,94,0.93999999999999995,100
b428069f0f4f,36,0.35999999999999999,100
b4495141d258,83,0.82999999999999996,100
b44a20f64073,100,1,100
b44d2bd407a9,88,0.88,100
b452047a09f9,100,1,100
b45d581fe7c2,100,1,100
b46dc9550e7f,100,1,100
b46f3ed3afba,75,0.75,100
b477f224ee0a,100,1,100
b47fad96faef,86,0.85999999999999999,100
b4b0b0a274a2,66,0.66000000000000003,100
b4c78c0fd8fe,100,1,100
b4d88ad7ed2f,100,1,100
b4dcfe260451,70,0.69999999999999996,100
b4eb765954c8,100,1,100
b4ebf3eced5b,100,1,100
b4ec3fe1ca6f,100,1,100
b4f102bf1a45,62,0.62,100
b505ac74da2d,99,0.98999999999999999,100
b507457cf639,100,1,100
b5170c164a80,100,1,100
b5216e9e5c55,100,1,100
b526f9ea6d34,100,1,100
b52a07d88764,96,0.95999999999999996,100
b53679211f3f,100,1,100
b54585ab1fc1,100,1,100
b56152459964,100,1,100
b5846cb8c365,100,1,100
b58e5152041b,100,1,100
b5962f405eb4,100,1,100
b5afbaec4669,100,1,100
b5b44caad516,100,1,100
b5c38ea6a586,100,1,100
b5d3857df26e,70,0.69999999999999996,100
b5db03345401,100,1,100
b5dc1dd390dd,100,1,100
b6414b379494,66,0.66000000000000003,100
b64b16066047,100,1,100
b651f01692ee,100,1,100
b652cad83ee2,89,0.89000000000000001,100
b68202971688,100,1,100
b6bef6b6317b,93,0.93000000000000005,100
b6db200f30c8,100,1,100
b6e4f622e90e,64,0.64000000000000001,100
b6f6660e71bb,100,1,100
b725ba3ade16,100,1,100
b72f0ac875b5,100,1,100
b73c7a98f831,86,0.85999999999999999,100
b746802adf8c,100,1,100
b74f2e5e05ec,100,1,100
b76b0b3ff225,100,1,100
b773d27df1c4,63,0.63,100
b7860a9cdec2,100,1,100
b789b20bdbb6,100,1,100
b78d304a3d00,87,0.87,100
b7920c23e1bd,100,1,100
b79660784395,100,1,100
b7a9b9983f55,100,1,100
b7b92f2b3a74,100,1,100
b7cb03775372,100,1,100
b7dafb683dff,98,0.97999999999999998,100
b7eda123551e,99,0.98999999999999999,100
b7f8bf91bc50,28,0.28000000000000003,100
b830c6bbe961,55,0.55000000000000004,100
b87d44f4ab61,100,1,100
b8a91c1713be,100,1,100
b8af3ce4c65b,100,1,100
b8ba24282c0e,100,1,100
b8c033db9e89,100,1,100
b8d4d7fafc8c,100,1,100
b8e3def79042,63,0.63,100
b8eb89dcb6d8,100,1,100
b8f4d7acb82b,99,0.98999999999999999,100
b907366ab71a,81,0.81000000000000005,100
b907658ff1f3,100,1,100
b90b6cf5a7da,90,0.90000000000000002,100
b90b9e2ddea8,100,1,100
b91c01eb0db3,96,0.95999999999999996,100
b91c68282ba0,100,1,100
b93e9b05b863,90,0.90000000000000002,100
b946c8b7de05,66,0.66000000000000003,100
b94972558753,75,0.75,100
b966dc154e68,84,0.83999999999999997,100
b96762a3c249,53,0.53000000000000003,100
b9871d44a79d,100,1,100
b9985c35c76d,65,0.65000000000000002,100
b9bcd73c32b8,98,0.97999999999999998,100
b9bfb6cc3d62,56,0.56000000000000005,100
b9c6f7d82f47,91,0.91000000000000003,100
b9d2b52da866,100,1,100
b9d3d016a0b2,100,1,100
b9e10bb54cda,98,0.97999999999999998,100
b9fd25b69a44,100,1,100
ba343aa44d6c,97,0.96999999999999997,100
ba4195645b4d,100,1,100
ba487fb31a28,100,1,100
ba49b197d2c7,97,0.96999999999999997,100
ba4f4bdbb3e8,94,0.93999999999999995,100
ba59b541d260,100,1,100
ba5d890490bd,46,0.46000000000000002,100
ba600274f222,60,0.59999999999999998,100
ba6ad90a55c0,100,1,100
ba821e4bd6f8,99,0.98999999999999999,100
ba9e4e8586ae,58,0.57999999999999996,100
ba9ff63a7f2c,85,0.84999999999999998,100
baa034ac05bd,100,1,100
baa38ba12737,95,0.94999999999999996,100
baa4aa3c884c,100,1,100
baa4f86d46df,100,1,100
baaa19907e9a,100,1,100
bab0044edcb6,52,0.52000000000000002,100
bab21f0a3bff,69,0.68999999999999995,100
bab6f546a2df,100,1,100
bab8e46ec59c,100,1,100
bac777fe6622,92,0.92000000000000004,100
bacea819d19c,100,1,100
bae53e12b1b7,92,0.92000000000000004,100
bae7b66a9fc4,95,0.94999999999999996,100
baf1a8bfd175,100,1,100
baf5e47d0bae,85,0.84999999999999998,100
baf90c7f872b,91,0.91000000000000003,100
bb163a564f06,71,0.70999999999999996,100
bb32a5ca4d1c,76,0.76000000000000001,100
bb5263fde6c8,100,1,100
bb5321a90b1e,100,1,100
bb87b2d803d8,100,1,100
bb9883df88d8,100,1,100
bba7cd248181,87,0.87,100
bbab1ca070d0,50,0.5,100
bbbb8453cc47,98,0.97999999999999998,100
bbd6929bfa8c,100,1,100
bbe5a8991191,81,0.81000000000000005,100
bbe64cb8bb06,100,1,100
bbe72c50229c,100,1,100
bbf42a330b9d,83,0.82999999999999996,100
bbf852c23400,94,0.93999999999999995,100
bc055e440a69,71,0.70999999999999996,100
bc3f656d687d,100,1,100
bc41b48c2420,48,0.47999999999999998,100
bc4397c513e4,58,0.57999999999999996,100
bc763b367561,93,0.93000000000000005,100
bc7b241e46db,100,1,100
bc8e198042f7,100,1,100
bcce52dfbe83,81,0.81000000000000005,100
bcd80aeab219,100,1,100
bcfc87966e24,98,0.97999999999999998,100
bcff6c88b2e4,95,0.94999999999999996,100
bd10b73e49ad,59,0.58999999999999997,100
bd1ed517ce23,100,1,100
bd2b064a5513,62,0.62,100
bd39f91775bf,99,0.98999999999999999,100
bd4af41b693e,100,1,100
bd64c93e975e,100,1,100
bd6a1f74865a,100,1,100
bd74244fd95e,100,1,100
bd883181f99e,61,0.60999999999999999,100
bd93dc67d865,70,0.69999999999999996,100
bd9ae97dcf27,90,0.90000000000000002,100
bd9d81ddd5dc,100,1,100
bda86732b6a9,93,0.93000000000000005,100
bdbbd0a85df4,100,1,100
bdc74f27a1f3,100,1,100
bdc8d5de3fe0,81,0.81000000000000005,100
bdd27030d298,100,1,100
bde181327d54,100,1,100
bdf7f6952433,98,0.97999999999999998,100
bdfe29ad678e,100,1,100
be02071fadb6,99,0.98999999999999999,100
be109af5ddb7,85,0.84999999999999998,100
be1fe35f14f0,100,1,100
be43f4583906,100,1,100
be4f2ecfaa7e,71,0.70999999999999996,100
be53151f58b9,100,1,100
be5b56d03cbe,100,1,100
be61020d54fd,71,0.70999999999999996,100
be6c916d1573,55,0.55000000000000004,100
be9908affa54,92,0.92000000000000004,100
be9bbb33bca3,100,1,100
be9f3c57b057,97,0.96999999999999997,100
be9fe34f466e,100,1,100
bead4695ed52,84,0.83999999999999997,100
beb01fe29886,100,1,100
bebf4f15cda5,98,0.97999999999999998,100
bec10acd6bf2,100,1,100
bed17cd32c62,91,0.91000000000000003,100
bed36d168cbd,81,0.81000000000000005,100
bed3ffd53d68,100,1,100
bf111086e6d9,100,1,100
bf1cf0617ed4,67,0.67000000000000004,100
bf3313172bc5,99,0.98999999999999999,100
bf388cfce5c5,100,1,100
bf43c5935e2f,100,1,100
bf746e8f2261,68,0.68000000000000005,100
bf80ce37e062,100,1,100
bf874ae746a6,98,0.97999999999999998,100
bf880fe0e8c8,87,0.87,100
bf8a758d6318,100,1,100
bfb474c32361,100,1,100
bfb7ea136bc9,100,1,100
bfccd2363a64,95,0.94999999999999996,100
bfd08d84b632,95,0.94999999999999996,100
bfe199dd3760,100,1,100
bfe60a96a5f9,99,0.98999999999999999,100
bfff359ecafa,99,0.98999999999999999,100
c00576fba8f2,99,0.98999999999999999,100
c0151b5459e7,88,0.88,100
c017c46ec419,98,0.97999999999999998,100
c02d4a93a129,81,0.81000000000000005,100
c03241d198f5,87,0.87,100
c035abae210c,100,1,100
c037d07de19a,100,1,100
c03f0f13d67e,62,0.62,100
c03f9f192425,90,0.90000000000000002,100
c042f84996f6,65,0.65000000000000002,100
c047ee7f2690,100,1,100
c04b2e250505,100,1,100
c052b9017c7d,100,1,100
c0776af0c275,100,1,100
c0a1d21d8365,100,1,100
c0a403924173,72,0.71999999999999997,100
c0c3f9ab2263,99,0.98999999999999999,100
c0c9899c7a62,100,1,100
c0cc9a1d0b5c,100,1,100
c0d72f1738a6,100,1,100
c0ef72e9264d,85,0.84999999999999998,100
c113bfb08d44,62,0.62,100
c11a1f98bc4d,87,0.87,100
c11bdb6a66d0,78,0.78000000000000003,100
c1271ca594ba,77,0.77000000000000002,100
c12a345b0f09,58,0.57999999999999996,100
c131e3d1cbe2,96,0.95999999999999996,100
c1401a0afad7,100,1,100
c142eb39e9f0,100,1,100
c144e61c7979,78,0.78000000000000003,100
c14cc738ee03,100,1,100
c14d9a96c482,72,0.71999999999999997,100
c151d2763fc8,97,0.96999999999999997,100
c17904558605,100,1,100
c17f70f58bae,66,0.66000000000000003,100
c1a461d3621f,93,0.93000000000000005,100
c1aa55623593,88,0.88,100
c1bc46e7ee66,91,0.91000000000000003,100
c1c2274953b7,100,1,100
c1c292e292d8,100,1,100
c1ddae6f0a40,100,1,100
c1ee001a4c33,100,1,100
c1f39f992550,85,0.84999999999999998,100
c1f8be6a27ae,100,1,100
c1ffad6f2107,68,0.68000000000000005,100
c2516698fb92,78,0.78000000000000003,100
c253563281ca,61,0.60999999999999999,100
c2538ae80af7,100,1,100
c26d7e31b911,100,1,100
c27d640b9688,55,0.55000000000000004,100
c28754b43dd3,59,0.58999999999999997,100
c289bd1f3661,97,0.96999999999999997,100
c2980be21940,100,1,100
c29bc69fa6e0,62,0.62,100
c29c0cb2bb71,100,1,100
c29c5b96241f,100,1,100
c29eb6ff6988,87,0.87,100
c2b03a4d69c1,74,0.73999999999999999,100
c2c8f43bfe51,100,1,100
c2c991504368,100,1,100
c2e579dddd94,100,1,100
c2e8cd058a41,100,1,100
c2eea939beed,100,1,100
c2f71a9ba834,83,0.82999999999999996,100
c31e68df36e5,77,0.77000000000000002,100
c32992f1f97b,100,1,100
c34372fbc2cf,100,1,100
c35c45b9e72b,100,1,100
c36d16ef8d20,78,0.78000000000000003,100
c38be26403e7,100,1,100
c39dc0f07e9d,97,0.96999999999999997,100
c3a371cf9deb,60,0.59999999999999998,100
c3c204528542,100,1,100
c3c3fd0b641a,100,1,100
c3de739989d2,83,0.82999999999999996,100
c3e6419cbf28,87,0.87,100
c4012572894f,100,1,100
c402d68f8f70,100,1,100
c41d42a79c92,100,1,100
c4224cfb24a5,99,0.98999999999999999,100
c439b9eb2530,100,1,100
c4445e20a85f,100,1,100
c4541dfc59be,100,1,100
c456fa4b38f0,100,1,100
c4596fc16303,84,0.83999999999999997,100
c4648947d947,98,0.97999999999999998,100
c468b2547e99,100,1,100
c47108574fe3,76,0.76000000000000001,100
c48d1d6412b2,100,1,100
c48e1e4bfa7c,86,0.85999999999999999,100
c49fefbdafc3,58,0.57999999999999996,100
c4a222a0e20a,72,0.71999999999999997,100
c4a88d5db28a,56,0.56000000000000005,100
c4d1ba2a6cbb,59,0.58999999999999997,100
c4d49970be6d,100,1,100
c4de13b486f1,100,1,100
c4f3883b92ae,81,0.81000000000000005,100
c4f6da20a97e,61,0.60999999999999999,100
c502081474b6,100,1,100
c508e6d7be78,91,0.91000000000000003,100
c50a4cfcc6ee,100,1,100
c510f742f39a,100,1,100
c55afc742e53,44,0.44,100
c560b77b7f74,98,0.97999999999999998,100
c565beeb8c22,57,0.56999999999999995,100
c569d220ce29,100,1,100
c56af895f75e,61,0.60999999999999999,100
c56c00e11e0f,100,1,100
c583216cd356,100,1,100
c591841cdda3,100,1,100
c5aae000cd6b,100,1,100
c5da48967a87,98,0.97999999999999998,100
c5dcbd4d5e58,100,1,100
c61f4b804e91,100,1,100
c6358e79c8f5,100,1,100
c63bc41a056f,100,1,100
c6410029760f,93,0.93000000000000005,100
c64e6846c42b,100,1,100
c672065287b4,100,1,100
c6737c0d0e97,99,0.98999999999999999,100
c68820f718a5,91,0.91000000000000003,100
c69a66b335bd,91,0.91000000000000003,100
c69ebb935765,100,1,100
c6a24be42700,97,0.96999999999999997,100
c6be1d23f6b7,100,1,100
c6ccaba86d34,59,0.58999999999999997,100
c6cff90df1be,100,1,100
c6d581fb0fc4,100,1,100
c6e4ee4ae320,100,1,100
c6e52217faf7,100,1,100
c702fa534d35,100,1,100
c712aa69450b,65,0.65000000000000002,100
c71912d6e941,100,1,100
c7383e6ad935,100,1,100
c73c394f3996,97,0.96999999999999997,100
c75f3fc00d99,100,1,100
c761446ebef7,100,1,100
c762fd520ec8,36,0.35999999999999999,100
c7688822de55,100,1,100
c76ecad6d368,100,1,100
c79d0fa1af09,100,1,100
c7a30d04837d,84,0.83999999999999997,100
c7a4430fd364,97,0.96999999999999997,100
c7c7f3f2cd90,47,0.46999999999999997,100
c7e4d4457e92,100,1,100
c7e5a007b63a,100,1,100
c7e7f47092d4,100,1,100
c822fa8a6839,100,1,100
c828f3c8c19b,87,0.87,100
c83b6f13439f,92,0.92000000000000004,100
c84a9ef91f2d,81,0.81000000000000005,100
c84dc659f06c,100,1,100
c8565660c6e3,100,1,100
c866243d5de4,100,1,100
c86e98e1efda,97,0.96999999999999997,100
c87b3fb32eb4,71,0.70999999999999996,100
c882a83d95db,100,1,100
c89fe202a7e1,96,0.95999999999999996,100
c8af6e94e7df,83,0.82999999999999996,100
c8b5777c7a1c,95,0.94999999999999996,100
c8b856926ac5,100,1,100
c8d6f31cad3e,96,0.95999999999999996,100
c8eb704d2772,93,0.93000000000000005,100
c928a469c9cc,100,1,100
c936bac89457,98,0.97999999999999998,100
c93fe23ea6d7,47,0.46999999999999997,100
c95fce63d026,100,1,100
c96669e80974,45,0.45000000000000001,100
c9693345ea26,98,0.97999999999999998,100
c96bc22ba243,100,1,100
c97238412482,100,1,100
c97839bece28,100,1,100
c990f45e3bd8,100,1,100
c9a7067ba04f,99,0.98999999999999999,100
c9b467f5583f,98,0.97999999999999998,100
c9be0c518bee,88,0.88,100
c9cac0127c41,100,1,100
c9e3b69dc303,100,1,100
c9e67808867c,100,1,100
ca11d622fef5,96,0.95999999999999996,100
ca1b64b03b32,75,0.75,100
ca281aeebd10,71,0.70999999999999996,100
ca324de549c9,98,0.97999999999999998,100
ca338e10cb7c,100,1,100
ca7caf68a463,100,1,100
ca80a8824e82,100,1,100
ca9f1f0118b3,100,1,100
ca9f6a4c5fa3,100,1,100
cab6d8da598d,94,0.93999999999999995,100
cac0e6c8a5a7,99,0.98999999999999999,100
cac2f1e95f59,58,0.57999999999999996,100
cac768150b29,100,1,100
cad73373431d,100,1,100
cae0459e6f72,99,0.98999999999999999,100
caf98cd5b7c8,100,1,100
cafee5f720a0,100,1,100
cb0740a7171a,99,0.98999999999999999,100
cb1e416fde2e,84,0.83999999999999997,100
cb4a7a18fe54,100,1,100
cb4a83ff0481,100,1,100
cb4f5a4e4206,100,1,100
cb519bdc676d,63,0.63,100
cb53eb87789b,60,0.59999999999999998,100
cb75650a128e,98,0.97999999999999998,100
cb85cf9f793c,56,0.56000000000000005,100
cb910a928694,100,1,100
cba2a5744b94,100,1,100
cbbe98ceeb19,92,0.92000000000000004,100
cbbf1e02c2c3,100,1,100
cbed6c82445a,82,0.81999999999999995,100
cbf2f87835d5,100,1,100
cbf6000204c0,100,1,100
cbf912cace8b,100,1,100
cc00ca834d00,100,1,100
cc00df96da65,58,0.57999999999999996,100
cc010e2234e1,100,1,100
cc02afd54203,100,1,100
cc0687438692,100,1,100
cc08212c099d,90,0.90000000000000002,100
cc2cde6e983a,100,1,100
cc3bee4cfa79,100,1,100
cc55589a033f,85,0.84999999999999998,100
cc5582c94c5c,100,1,100
cc5c0199c990,100,1,100
cc995c0d6a4c,100,1,100
ccbc7f2ab9ba,100,1,100
ccdab6bc2e23,79,0.79000000000000004,100
ccdc29b430ac,100,1,100
ccdee82ef2cc,91,0.91000000000000003,100
cd0e1fca766c,100,1,100
cd13aa349461,100,1,100
cd1c873fac81,92,0.92000000000000004,100
cd24ae91fafb,100,1,100
cd2ba4ded696,98,0.97999999999999998,100
cd2ef03a554d,97,0.96999999999999997,100
cd385bc543bc,100,1,100
cd4964f8af55,100,1,100
cd56d1acefaa,99,0.98999999999999999,100
cd5b63874767,100,1,100
cd648ab86489,100,1,100
cd64b81d8258,100,1,100
cd6d0b25f426,83,0.82999999999999996,100
cd739c14bcaf,100,1,100
cd8b3d986baa,100,1,100
cd9c24be5d25,91,0.91000000000000003,100
cda3d6e3daf8,87,0.87,100
cdc14ed13194,100,1,100
cdcaf6faf6df,100,1,100
cdd3577c5d8a,99,0.98999999999999999,100
cdefa3f40ba9,68,0.68000000000000005,100
cdf4ef559f32,86,0.85999999999999999,100
ce07acedad7d,100,1,100
ce132d24a629,86,0.85999999999999999,100
ce1fd1b36ea1,97,0.96999999999999997,100
ce32c317855d,85,0.84999999999999998,100
ce4c378762e7,58,0.57999999999999996,100
ce52096f3dd3,100,1,100
ce52c26f44ab,100,1,100
ce5386a7585e,100,1,100
ce55a773d43e,75,0.75,100
ce59ff7e35ca,97,0.96999999999999997,100
ce5a3414a91c,100,1,100
ce8ff73ea2ff,84,0.83999999999999997,100
ce91bea86660,100,1,100
ceaa7cc99bcf,96,0.95999999999999996,100
ceace13b4d0c,100,1,100
cead9c6146a2,100,1,100
cedbdc086f0b,100,1,100
cedcf49c1591,84,0.83999999999999997,100
cedf49a96367,100,1,100
cee00436ec8c,86,0.85999999999999999,100
cee51855107b,100,1,100
cef42360d5d5,100,1,100
cf014d4cf764,92,0.92000000000000004,100
cf109bf95639,100,1,100
cf20fc69b82b,82,0.81999999999999995,100
cf385b07f82b,61,0.60999999999999999,100
cf3e805fb98f,61,0.60999999999999999,100
cf3ebef22190,100,1,100
cf4d6cfd3554,100,1,100
cf82a6c7ccd7,99,0.98999999999999999,100
cf832a984c06,85,0.84999999999999998,100
cf8ee0a823f5,97,0.96999999999999997,100
cf957257d6de,100,1,100
cfa290b84de8,52,0.52000000000000002,100
cfabcf647f21,100,1,100
cfb32a4f4a28,100,1,100
cfba1280ba75,72,0.71999999999999997,100
cfdddf8dd714,91,0.91000000000000003,100
cfdfe6d8c529,67,0.67000000000000004,100
cfeb8222ad8a,98,0.97999999999999998,100
cff16747bf62,100,1,100
d001797baab7,93,0.93000000000000005,100
d0058a488c1d,100,1,100
d006eb302cd2,65,0.65000000000000002,100
d0209bf8760a,100,1,100
d02b64fbadbd,99,0.98999999999999999,100
d02bdc652754,89,0.89000000000000001,100
d0317599016b,100,1,100
d045a6fa8c9c,100,1,100
d04d5a8a2608,84,0.83999999999999997,100
d0547bb407a1,64,0.64000000000000001,100
d06a14b11ca3,100,1,100
d06fedc4c1bc,99,0.98999999999999999,100
d076b9e5c747,54,0.54000000000000004,100
d07c3f0540ac,100,1,100
d07c57e77014,63,0.63,100
d07d85ef7354,100,1,100
d09ef84f41ff,85,0.84999999999999998,100
d0ab1458a217,100,1,100
d0bdb8bf2838,100,1,100
d0c50dfdeb84,55,0.55000000000000004,100
d0d0ecd2c001,79,0.79000000000000004,100
d0e2f78062bc,100,1,100
d0e5c8d8a9bf,64,0.64000000000000001,100
d0f5faea3d0e,47,0.46999999999999997,100
d0fa17785220,54,0.54000000000000004,100
d10c0e4f4c9b,100,1,100
d11360f6a805,100,1,100
d123f3051e4b,100,1,100
d1241a806470,77,0.77000000000000002,100
d1282d0901c7,99,0.98999999999999999,100
d12b71539512,89,0.89000000000000001,100
d131f7351795,100,1,100
d1369887aa9e,100,1,100
d16ea6a1afdd,100,1,100
d17342145701,100,1,100
d176a27c9854,97,0.96999999999999997,100
d1826b1d2667,64,0.64000000000000001,100
d18a35e40306,100,1,100
d19b1555fec2,100,1,100
d1e092aa1fb4,52,0.52000000000000002,100
d1e783478110,73,0.72999999999999998,100
d1f413a526f2,100,1,100
d21d4a164e5c,100,1,100
d22dba7f65e2,92,0.92000000000000004,100
d254c078c112,100,1,100
d264e4d1d0e2,100,1,100
d26f9a0663ed,100,1,100
d28a23c35a9b,100,1,100
d29f7a445d00,87,0.87,100
d2b44d3eb3f5,100,1,100
d2c18dbe1657,100,1,100
d2fa0361bdb3,99,0.98999999999999999,100
d301cacb0a42,97,0.96999999999999997,100
d30967abf522,100,1,100
d319658f28f8,100,1,100
d345ae2fe527,100,1,100
d35b779a842d,98,0.97999999999999998,100
d35eafdcb9c8,87,0.87,100
d371c62f4562,100,1,100
d37820bc4ee7,95,0.94999999999999996,100
d37d3a679bf2,100,1,100
d3b2b07ccb8e,100,1,100
d4137b7d9233,100,1,100
d415b4779f01,99,0.98999999999999999,100
d4203ef1d8c1,94,0.93999999999999995,100
d420f3ad8cdd,100,1,100
d428fa18b3c5,82,0.81999999999999995,100
d4415be53910,100,1,100
d4435bc216fb,100,1,100
d4448b7c5c68,65,0.65000000000000002,100
d44b2ebe3dff,100,1,100
d45100a40292,100,1,100
d47ae576546c,100,1,100
d47b2d27187e,100,1,100
d491f7260000,74,0.73999999999999999,100
d49aa412a074,100,1,100
d49dc93acada,100,1,100
d4dc36ccbc90,100,1,100
d502e671217d,75,0.75,100
d524579ca2a4,100,1,100
d52618539c4b,100,1,100
d52ada880cf2,42,0.41999999999999998,100
d52d251baa5e,72,0.71999999999999997,100
d53a3c9c56b9,100,1,100
d54a604b5454,78,0.78000000000000003,100
d56f60a0f8e1,100,1,100
d59f1185d696,97,0.96999999999999997,100
d5bc00887284,100,1,100
d5c3aee99135,68,0.68000000000000005,100
d5da66e2cfe2,79,0.79000000000000004,100
d5de2828e54d,100,1,100
d5efe8d70277,100,1,100
d5f06a19f298,100,1,100
d5fa815f0a66,81,0.81000000000000005,100
d60100a512d4,100,1,100
d61472262572,100,1,100
d62734b3a213,100,1,100
d62dd5b0e5df,100,1,100
d638798b4791,94,0.93999999999999995,100
d64254549958,92,0.92000000000000004,100
d6430a2c02ae,100,1,100
d643d0d41029,86,0.85999999999999999,100
d65b6f6df72e,100,1,100
d65bb4dd34e3,70,0.69999999999999996,100
d6616afd4639,80,0.80000000000000004,100
d66f83eb3112,99,0.98999999999999999,100
d687e1123b4c,69,0.68999999999999995,100
d68afb346e49,100,1,100
d69e200fa152,84,0.83999999999999997,100
d6a4c8d7adcd,45,0.45000000000000001,100
d6af57a62842,85,0.84999999999999998,100
d6d09447d6d4,91,0.91000000000000003,100
d6ddf8e4ea46,100,1,100
d6e6a2643666,100,1,100
d6eb27ff4fb5,100,1,100
d6f48aa05c32,73,0.72999999999999998,100
d6f9cc431fa1,56,0.56000000000000005,100
d71989d92e86,70,0.69999999999999996,100
d72ba7ccc2c2,100,1,100
d74408de7a1a,100,1,100
d74c5ea55771,62,0.62,100
d75c95af3e7e,100,1,100
d77507ef4586,100,1,100
d77a4c221269,63,0.63,100
d782cb589b22,94,0.93999999999999995,100
d79b1faf7acb,97,0.96999999999999997,100
d7b8b27e9818,100,1,100
d7b930e550fa,91,0.91000000000000003,100
d7c115daaab3,99,0.98999999999999999,100
d7f2686ad66f,55,0.55000000000000004,100
d81c64b2ce37,100,1,100
d81d54846573,99,0.98999999999999999,100
d81eea30a0cd,50,0.5,100
d82d92610c63,100,1,100
d8696a1b2775,98,0.97999999999999998,100
d86bbff93b14,100,1,100
d86fb92fa95b,98,0.97999999999999998,100
d88d3a07b0a0,96,0.95999999999999996,100
d896a859daf5,66,0.66000000000000003,100
d8a685f8cc64,69,0.68999999999999995,100
d8b9e7d6da21,97,0.96999999999999997,100
d8ce7b318c16,100,1,100
d8dbda50fd6c,100,1,100
d8e66b6707c5,100,1,100
d90e67665ff5,70,0.69999999999999996,100
d916a2744b8f,100,1,100
d91eb19f15d4,98,0.97999999999999998,100
d929fbeb9afa,100,1,100
d92a7e4d0358,100,1,100
d93d7294bd54,100,1,100
d947ef1e9652,92,0.92000000000000004,100
d94a9dd1e4ed,94,0.93999999999999995,100
d97234a2d61c,76,0.76000000000000001,100
d979f305fa93,100,1,100
d97be32ed294,79,0.79000000000000004,100
d97d9efc1f9f,97,0.96999999999999997,100
d99c9a489417,74,0.73999999999999999,100
d9ce66ed0698,94,0.93999999999999995,100
d9d9d3b06198,94,0.93999999999999995,100
d9e15000df54,100,1,100
d9e17a1faae5,100,1,100
d9f7416e89a9,100,1,100
d9fd1c600daf,58,0.57999999999999996,100
da0a743278f7,100,1,100
da3b9e34d9d9,100,1,100
da40579176fe,86,0.85999999999999999,100
da4432ef94e4,100,1,100
da635685d677,100,1,100
da7bb218286a,42,0.41999999999999998,100
da821bedc6d6,100,1,100
da84a73ab7c3,66,0.66000000000000003,100
da8573484a29,71,0.70999999999999996,100
da9b30592cef,87,0.87,100
daadee369062,93,0.93000000000000005,100
dac22b431f59,100,1,100
dac82348b9f7,100,1,100
dacc6a4a79e9,93,0.93000000000000005,100
dadf7f95a685,82,0.81999999999999995,100
dae6818b0e32,89,0.89000000000000001,100
db32c1d74b03,87,0.87,100
db34bab8c996,94,0.93999999999999995,100
db3e97fd9a6b,90,0.90000000000000002,100
db3f642d986c,100,1,100
db4090c87d68,100,1,100
db47c4772dbd,82,0.81999999999999995,100
db53117b7eef,100,1,100
db5e3172c89d,77,0.77000000000000002,100
db61c63104dd,72,0.71999999999999997,100
db79666c16bc,65,0.65000000000000002,100
db8050fccffd,83,0.82999999999999996,100
db8352167f57,100,1,100
db8a88e87a1d,88,0.88,100
db90509bbf43,90,0.90000000000000002,100
db91915da5c4,54,0.54000000000000004,100
db966d1a50b1,100,1,100
dbacf737535e,100,1,100
dbb13f14008d,100,1,100
dbcbe9bd68a5,78,0.78000000000000003,100
dbe1d66e904d,100,1,100
dbebefc8e78a,46,0.46000000000000002,100
dbf69715ce05,100,1,100
dc1bd3062fd5,100,1,100
dc246596c1b8,100,1,100
dc34d62acbe1,100,1,100
dc351c07c703,100,1,100
dc361e95982a,100,1,100
dc3c0a0b3adb,78,0.78000000000000003,100
dc3d9efd2415,100,1,100
dc4661d41fa4,98,0.97999999999999998,100
dc5bdf6bbe68,100,1,100
dc75cee5479e,79,0.79000000000000004,100
dc78143ff0d6,95,0.94999999999999996,100
dc9f3c2e3b6d,95,0.94999999999999996,100
dca263e2d649,50,0.5,100
dcaae9c39393,85,0.84999999999999998,100
dcaf037fd58e,100,1,100
dcb32a5cb82c,66,0.66000000000000003,100
dcba4142ed20,72,0.71999999999999997,100
dcbbbe8a4ad8,56,0.56000000000000005,100
dcfd824f10d7,95,0.94999999999999996,100
dd0485371c75,86,0.85999999999999999,100
dd0e0c0fbe0a,94,0.93999999999999995,100
dd188c1b3724,70,0.69999999999999996,100
dd1a1cb0c8bd,50,0.5,100
dd2935c8255b,91,0.91000000000000003,100
dd4854bd7f1c,83,0.82999999999999996,100
dd4f72702aa0,84,0.83999999999999997,100
dd5029e8f63a,100,1,100
dd557b7d4e0a,100,1,100
dd854a90b319,51,0.51000000000000001,100
dda5d4e74868,100,1,100
ddbae46b73a4,58,0.57999999999999996,100
ddc88eb73a44,100,1,100
dddab875ba5b,100,1,100
dde8e8577d70,100,1,100
ddf82eab27f7,100,1,100
de0315658957,100,1,100
de0606808c83,74,0.73999999999999999,100
de0ee8b9fcdc,68,0.68000000000000005,100
de0efc67bacc,100,1,100
de125f26a79f,93,0.93000000000000005,100
de12cd0fe756,62,0.62,100
de2314a85751,100,1,100
de4e83b4e1f9,94,0.93999999999999995,100
de841d8e8b4f,98,0.97999999999999998,100
de95bf09effe,98,0.97999999999999998,100
de9e6c20603e,100,1,100
dea9025cb7f6,100,1,100
deaf533aba82,100,1,100
dec2bf7367d7,98,0.97999999999999998,100
dedb88581916,100,1,100
def3a7706032,93,0.93000000000000005,100
def57ea89031,100,1,100
defc5a705b8e,100,1,100
defda197b035,100,1,100
df084b58b8a3,63,0.63,100
df18781344b5,70,0.69999999999999996,100
df280a47f3d8,88,0.88,100
df2ceb04ad31,66,0.66000000000000003,100
df59a819bd48,100,1,100
df61dc9880ba,100,1,100
df715968ab07,78,0.78000000000000003,100
df8d79ab07d9,100,1,100
df9629636293,58,0.57999999999999996,100
dfb84daf2488,100,1,100
dfc27bbf197f,100,1,100
dfcb565b3b4c,69,0.68999999999999995,100
dfdf97803c43,75,0.75,100
dfe6b19ec175,74,0.73999999999999999,100
e01011746b0c,100,1,100
e01b92a20d06,96,0.95999999999999996,100
e02c73378ded,100,1,100
e034099fcf9d,100,1,100
e037141851bd,100,1,100
e04d7d3afde4,100,1,100
e09b715a1bf0,86,0.85999999999999999,100
e0c00df4c259,72,0.71999999999999997,100
e0d7ad554278,100,1,100
e0eb5b382585,100,1,100
e0f2b9c1f4af,98,0.97999999999999998,100
e119a20d2932,91,0.91000000000000003,100
e1268049f833,91,0.91000000000000003,100
e128a8e78dfc,94,0.93999999999999995,100
e12b0e2affb5,100,1,100
e131d5c17ce6,69,0.68999999999999995,100
e137701622e5,100,1,100
e13a4fb4f031,76,0.76000000000000001,100
e157e8e8ebd1,100,1,100
e16ef8f4fcce,100,1,100
e170d2b4543a,100,1,100
e17a1889d0ac,100,1,100
e18de91386a1,98,0.97999999999999998,100
e1a2303862dd,100,1,100
e1a701e4228d,63,0.63,100
e1aaab2a4aab,51,0.51000000000000001,100
e1d07ac0ec06,100,1,100
e1d2cb6da7a2,100,1,100
e1d8c1256baa,100,1,100
e1ecd2563be4,99,0.98999999999999999,100
e226437db324,96,0.95999999999999996,100
e22b4a10dd8b,61,0.60999999999999999,100
e22b8b74f5e3,98,0.97999999999999998,100
e2486ae48683,89,0.89000000000000001,100
e258bcd01276,74,0.73999999999999999,100
e25ecdbff5d2,68,0.68000000000000005,100
e290ad4c9291,100,1,100
e2ccf8ce3a61,98,0.97999999999999998,100
e2cf9777cb36,100,1,100
e2ddbbd83ea5,100,1,100
e2debf6763a6,100,1,100
e2e7526bae7f,100,1,100
e2ec48f02f16,49,0.48999999999999999,100
e2eeee3b85df,76,0.76000000000000001,100
e2f545cf8021,100,1,100
e3081d5a7753,100,1,100
e30cecbce2e3,100,1,100
e31081f749a2,100,1,100
e31242de8266,100,1,100
e326c83039ac,72,0.71999999999999997,100
e332f7eac72e,91,0.91000000000000003,100
e33d100b6497,99,0.98999999999999999,100
e34373dd74b9,100,1,100
e34678f98d54,88,0.88,100
e3478d4c2be0,70,0.69999999999999996,100
e384d4054f1a,100,1,100
e395ad6ac224,98,0.97999999999999998,100
e3b82b49f420,88,0.88,100
e3be1b773a1f,100,1,100
e3d24cdea7e9,97,0.96999999999999997,100
e3e132130661,97,0.96999999999999997,100
e3f30a249f60,85,0.84999999999999998,100
e3f4f788feaf,99,0.98999999999999999,100
e410928400a7,39,0.39000000000000001,100
e417a145477b,100,1,100
e41ab6ba84f2,68,0.68000000000000005,100
e420f8b07f29,100,1,100
e4277d0491d7,100,1,100
e434873bcfe0,100,1,100
e443a5b12fab,67,0.67000000000000004,100
e4465b7883d4,96,0.95999999999999996,100
e4625ee44a56,78,0.78000000000000003,100
e464805e0ac9,62,0.62,100
e469d95ba99f,100,1,100
e46b2ebb405f,100,1,100
e475d8a9d006,100,1,100
e47a06ccfed0,100,1,100
e47ac7b82530,96,0.95999999999999996,100
e47d55b707fd,90,0.90000000000000002,100
e482f8cf224e,100,1,100
e49c31830fb4,100,1,100
e49cbb3eff19,100,1,100
e4b0d5a5f776,85,0.84999999999999998,100
e4ea13f3db09,100,1,100
e4edf5b45283,76,0.76000000000000001,100
e518a54590e4,85,0.84999999999999998,100
e5191b96330d,100,1,100
e54ddf9b7929,94,0.93999999999999995,100
e58aeb3ea0fd,100,1,100
e59bc16c1973,100,1,100
e5bc94495391,100,1,100
e5c112d2dc83,67,0.67000000000000004,100
e5d3aa617757,74,0.73999999999999999,100
e5d7a4eae141,75,0.75,100
e5eeb020180d,100,1,100
e5f545fa948b,100,1,100
e60175031595,85,0.84999999999999998,100
e60d95f6d4de,100,1,100
e62bee83765a,88,0.88,100
e64b5856ac84,100,1,100
e65ee97a4abe,98,0.97999999999999998,100
e65f81093bc3,95,0.94999999999999996,100
e664b6cebc8d,90,0.90000000000000002,100
e6659a7340eb,85,0.84999999999999998,100
e66fd786bba6,100,1,100
e670f95a846e,100,1,100
e683ba1b00b8,90,0.90000000000000002,100
e69624a40edd,100,1,100
e6966c9d9dd9,100,1,100
e69b3bae41c7,98,0.97999999999999998,100
e6a56e2493e8,100,1,100
e6adbb9659c9,75,0.75,100
e6b08e844cba,100,1,100
e6bfe0a61629,100,1,100
e6c251ad2a8b,71,0.70999999999999996,100
e6d66d50df9b,100,1,100
e6d848e9e09a,100,1,100
e6f1630a681b,80,0.80000000000000004,100
e6ff9838870a,58,0.57999999999999996,100
e7040573a32f,100,1,100
e71052d9dcb5,100,1,100
e711252b4611,100,1,100
e724a5c72b68,100,1,100
e72ee6aaa641,92,0.92000000000000004,100
e7446802bebd,100,1,100
e76db40b8972,65,0.65000000000000002,100
e7804e044442,99,0.98999999999999999,100
e7885bcb6024,33,0.33000000000000002,100
e7c201bb7f41,100,1,100
e7d87f7cab10,100,1,100
e7eb4b6d85ee,97,0.96999999999999997,100
e7fb9a72c3ff,90,0.90000000000000002,100
e81a808fed4f,75,0.75,100
e82187a5210a,99,0.98999999999999999,100
e8310a878ce4,85,0.84999999999999998,100
e84af2cb9b0d,59,0.58999999999999997,100
e862792186c0,97,0.96999999999999997,100
e870a4822851,96,0.95999999999999996,100
e877a3998610,100,1,100
e899f0825b01,100,1,100
e8b45eb91b29,100,1,100
e8c2116671a4,58,0.57999999999999996,100
e8c7e4e9c781,91,0.91000000000000003,100
e8cded22c756,100,1,100
e8d8c2d8baa4,86,0.85999999999999999,100
e8e65c86d32b,86,0.85999999999999999,100
e8e833e4fd83,100,1,100
e8f761d66401,100,1,100
e90911ea1351,75,0.75,100
e91aaa1addf2,100,1,100
e91d272dcbe4,100,1,100
e92ccde2459a,93,0.93000000000000005,100
e9536aa6c5d3,100,1,100
e97c367eafdc,66,0.66000000000000003,100
e99dc0d0750d,99,0.98999999999999999,100
e99f95666363,88,0.88,100
e9a7eb36ca80,24,0.23999999999999999,100
e9b2d46867ca,85,0.84999999999999998,100
e9c1410fc791,91,0.91000000000000003,100
e9cf6bc9a61a,68,0.68000000000000005,100
e9d40e61c25e,100,1,100
e9e15b28ca11,100,1,100
e9f0f6947a5e,58,0.57999999999999996,100
ea20de4aea21,96,0.95999999999999996,100
ea46452bc691,54,0.54000000000000004,100
ea6f55081509,100,1,100
ea753b208989,100,1,100
ea7ffb541df6,100,1,100
ea8168af9ca1,100,1,100
ea8702d2521f,100,1,100
ea8ff9e87320,100,1,100
ea941feff591,100,1,100
eac3cb812bc3,100,1,100
ead22809fb2b,100,1,100
ead41e6acdaa,69,0.68999999999999995,100
ead7e90dac0f,72,0.71999999999999997,100
eb0486d6d4f8,94,0.93999999999999995,100
eb26dff4f20e,86,0.85999999999999999,100
eb45da955e07,100,1,100
eb698d8c4ca4,100,1,100
eb79f2143bf4,97,0.96999999999999997,100
eb8afc9f68ee,100,1,100
eb8d92f6ce9c,94,0.93999999999999995,100
ebafa7dd65d7,95,0.94999999999999996,100
ebb5c1b30ec6,100,1,100
ebbfa37dc80a,98,0.97999999999999998,100
ebc090980539,100,1,100
ebd3588b9579,100,1,100
ebd6fa96bbb8,99,0.98999999999999999,100
ebeacd65da11,99,0.98999999999999999,100
ec0f417cee0c,100,1,100
ec12be1855fc,72,0.71999999999999997,100
ec577bf821cf,100,1,100
ec6095e58034,100,1,100
ec744267006a,96,0.95999999999999996,100
ec9580544ed3,100,1,100
ecc05160f986,54,0.54000000000000004,100
ecdf3eaa0c33,100,1,100
ed150fa35ecf,100,1,100
ed2017211c5e,100,1,100
ed34e3e803a1,100,1,100
ed414380058e,31,0.31,100
ed415fc4ef33,88,0.88,100
ed45f4438c72,48,0.47999999999999998,100
ed7137c13c36,80,0.80000000000000004,100
ed777f546d94,73,0.72999999999999998,100
ed8439668399,100,1,100
ed84ec9ed39d,100,1,100
ed8ef46552d0,100,1,100
edceb648e2a6,100,1,100
edd2f83bd6a7,85,0.84999999999999998,100
edd95d34ff7f,68,0.68000000000000005,100
edfad02b513b,100,1,100
ee2fc18eb22b,100,1,100
ee373911fc41,90,0.90000000000000002,100
ee3768658be7,100,1,100
ee3fc96cf2d9,100,1,100
ee45de1ef5a2,100,1,100
ee80a9875aed,100,1,100
ee84be1e188e,100,1,100
ee8a849ed815,72,0.71999999999999997,100
ee942acc5ef6,83,0.82999999999999996,100
ee95bd6a67be,81,0.81000000000000005,100
ee9e53183b2b,100,1,100
eeaa94dcb738,99,0.98999999999999999,100
eeab6919382e,100,1,100
eebba237a5fd,57,0.56999999999999995,100
eed415da02ef,67,0.67000000000000004,100
eeed698d0e5a,99,0.98999999999999999,100
eeeed27da3e8,100,1,100
eef7f9224cab,86,0.85999999999999999,100
ef11123f5d31,100,1,100
ef1727737a1d,100,1,100
ef417ae10848,100,1,100
ef5e3694ca8d,100,1,100
ef67266b6c8f,100,1,100
ef77cb3297b0,100,1,100
ef994a79992d,100,1,100
efa0a403fe95,73,0.72999999999999998,100
efa51cdb823a,100,1,100
efab29785941,100,1,100
efbaf85c297f,43,0.42999999999999999,100
efe12998991c,99,0.98999999999999999,100
efe34d1b98cf,100,1,100
effc85db475a,91,0.91000000000000003,100
f01e5ab12d87,95,0.94999999999999996,100
f028d386362b,85,0.84999999999999998,100
f029beb7b082,89,0.89000000000000001,100
f04b26940380,55,0.55000000000000004,100
f06434bd3ee7,96,0.95999999999999996,100
f075d2bbf210,80,0.80000000000000004,100
f094916c78b4,52,0.52000000000000002,100
f0993211c506,100,1,100
f0e2b9f4df81,100,1,100
f0eb66fab219,98,0.97999999999999998,100
f0fc5d5fdd95,74,0.73999999999999999,100
f0fd6caf3731,100,1,100
f101f5d8b420,57,0.56999999999999995,100
f10680cfa493,98,0.97999999999999998,100
f112a029e8d9,100,1,100
f12c4496ff39,100,1,100
f172de1b070c,100,1,100
f188f99fe095,100,1,100
f193ae2c29a6,96,0.95999999999999996,100
f1b50b663162,79,0.79000000000000004,100
f1c47db7f090,100,1,100
f1d04c86d92d,100,1,100
f1d526e81d4c,90,0.90000000000000002,100
f1d902a77c8e,82,0.81999999999999995,100
f1de5e2ea4a1,100,1,100
f1e1af7f5311,100,1,100
f1eca9a8515e,100,1,100
f1f3434a94ed,95,0.94999999999999996,100
f2159dc0af6a,73,0.72999999999999998,100
f2459314d1f5,60,0.59999999999999998,100
f25602ae54f6,100,1,100
f258cdc6e634,100,1,100
f25c28fa38a0,48,0.47999999999999998,100
f2704aa2ec36,44,0.44,100
f2772d9eafce,78,0.78000000000000003,100
f28430887488,78,0.78000000000000003,100
f296bfcc9d10,100,1,100
f29a269a9955,60,0.59999999999999998,100
f29ad3b621b5,95,0.94999999999999996,100
f29b850fde31,100,1,100
f2b6a6a14e3f,100,1,100
f2cb7aa74c1c,97,0.96999999999999997,100
f2fe313392fe,64,0.64000000000000001,100
f2ff538a87aa,100,1,100
f31b793de6db,100,1,100
f3247c4cde1d,98,0.97999999999999998,100
f3277981a8f1,76,0.76000000000000001,100
f3361746ba69,87,0.87,100
f3645d629f34,99,0.98999999999999999,100
f36f66f41b0f,60,0.59999999999999998,100
f3789a1b6055,42,0.41999999999999998,100
f38c517978db,100,1,100
f38f65507a6d,99,0.98999999999999999,100
f3a9def4e088,100,1,100
f3b3bdf244f3,100,1,100
f3bbacfe84d7,100,1,100
f3c79949a3cc,100,1,100
f3d08c84e7d1,100,1,100
f3f4a594c584,97,0.96999999999999997,100
f40b4e503842,84,0.83999999999999997,100
f41c8a789ada,100,1,100
f43244832f60,43,0.42999999999999999,100
f432bc33c2f5,100,1,100
f44793da2a11,62,0.62,100
f44dcdccaa74,94,0.93999999999999995,100
f45669fbdadf,100,1,100
f481e1082555,79,0.79000000000000004,100
f485805e410e,100,1,100
f49e14313014,91,0.91000000000000003,100
f4a0780ac28b,100,1,100
f4a769a31e04,86,0.85999999999999999,100
f4acb10f2482,100,1,100
f4ca56e691dc,100,1,100
f4d1aa0d53be,87,0.87,100
f4dfed335156,99,0.98999999999999999,100
f4f33f024b2a,100,1,100
f4fb3cd655a0,98,0.97999999999999998,100
f4fd7efa537a,99,0.98999999999999999,100
f50572105113,94,0.93999999999999995,100
f50cb9f09a16,100,1,100
f50d75830447,100,1,100
f520a39cce7b,96,0.95999999999999996,100
f52f9fa75b88,85,0.84999999999999998,100
f53123211e4d,100,1,100
f546b1d3ed39,100,1,100
f551f1867883,100,1,100
f568b2ebd046,100,1,100
f5a906dc2c65,95,0.94999999999999996,100
f5a9cdc7ba4d,100,1,100
f5a9d26ae80b,100,1,100
f5aa05536552,76,0.76000000000000001,100
f5ab4e4371a9,100,1,100
f5b94cecdd1b,100,1,100
f5cb682f6f7e,99,0.98999999999999999,100
f5e829055ee4,81,0.81000000000000005,100
f6036e82b3f4,75,0.75,100
f6393aa3c0a0,94,0.93999999999999995,100
f67a39713667,100,1,100
f67ce4f6b930,86,0.85999999999999999,100
f691b4817f0a,100,1,100
f6a6bcdd29a2,54,0.54000000000000004,100
f6a85c54790c,100,1,100
f6c754e714cf,99,0.98999999999999999,100
f6da8435db97,100,1,100
f6f1070c1699,100,1,100
f713b319fda7,100,1,100
f7295fe00087,83,0.82999999999999996,100
f72a18020463,100,1,100
f7453c2ffb27,100,1,100
f7497ad73319,100,1,100
f75226287e7e,100,1,100
f7532c54f1df,84,0.83999999999999997,100
f756bc8a6b08,100,1,100
f7604540bc79,100,1,100
f769da8fbec9,100,1,100
f79fc0d789f2,65,0.65000000000000002,100
f7a48646e327,100,1,100
f7b28484f7ff,92,0.92000000000000004,100
f7b314ec23a7,86,0.85999999999999999,100
f7eef66eb5d5,100,1,100
f7fd78818080,100,1,100
f822edbb7c45,90,0.90000000000000002,100
f827eb3826a6,98,0.97999999999999998,100
f82d4b8c32d1,97,0.96999999999999997,100
f835b0fc7809,97,0.96999999999999997,100
f8576d32d276,100,1,100
f8638affd830,61,0.60999999999999999,100
f86b267a3b95,78,0.78000000000000003,100
f86ef6787399,100,1,100
f88e0a7dcc99,70,0.69999999999999996,100
f8943d1de0e2,100,1,100
f89891696ce4,100,1,100
f8a2148eb0f5,44,0.44,100
f8c698e78d01,100,1,100
f8dc5ce09a49,72,0.71999999999999997,100
f8e40b32dd28,100,1,100
f8e41f0337b9,100,1,100
f8f359962d27,57,0.56999999999999995,100
f906fe729901,83,0.82999999999999996,100
f90c453a6eff,76,0.76000000000000001,100
f91da5b6085c,100,1,100
f921515d42ed,78,0.78000000000000003,100
f949332463b2,99,0.98999999999999999,100
f949d2c67faf,100,1,100
f95ba19233e2,100,1,100
f967eff8edb8,100,1,100
f972dc14eb73,96,0.95999999999999996,100
f990fc3e2ad8,90,0.90000000000000002,100
f9a91485bbcd,86,0.85999999999999999,100
f9af4b4789c2,100,1,100
f9d5b60d5cd4,100,1,100
f9ef32d3ab23,100,1,100
fa1fc8570037,100,1,100
fa46d972b74c,54,0.54000000000000004,100
fa5d7588346f,74,0.73999999999999999,100
fa70918c2dde,98,0.97999999999999998,100
fa73a2275196,80,0.80000000000000004,100
fa78b4d88841,25,0.25,100
fa9408c7682a,66,0.66000000000000003,100
faa55a40c6ad,100,1,100
fabc871816c3,66,0.66000000000000003,100
fad4e4afa0a4,51,0.51000000000000001,100
fb03a42a5b41,100,1,100
fb145674ee64,100,1,100
fb1cd413d6f9,95,0.94999999999999996,100
fb36db6e5049,52,0.52000000000000002,100
fb58fc9f1738,51,0.51000000000000001,100
fb652fa9178d,100,1,100
fb6d560d44e3,100,1,100
fb75163217c1,100,1,100
fb81216ae563,69,0.68999999999999995,100
fb9255694aaf,61,0.60999999999999999,100
fbadc1bd5861,94,0.93999999999999995,100
fbb2c2050c8d,61,0.60999999999999999,100
fbba1a4c6817,100,1,100
fbd5e2b178ec,100,1,100
fbe366733b88,100,1,100
fbe5939190c3,100,1,100
fbe893a00ec4,80,0.80000000000000004,100
fc0cc3fa23c5,100,1,100
fc267cb67882,71,0.70999999999999996,100
fc2a55e254a7,100,1,100
fc2d31d84080,73,0.72999999999999998,100
fc46576214ea,66,0.66000000000000003,100
fc49b7d69953,83,0.82999999999999996,100
fc65e845af12,92,0.92000000000000004,100
fc86057c15c3,70,0.69999999999999996,100
fc907c2edda9,100,1,100
fca487362532,100,1,100
fcb3952917ae,100,1,100
fcbe09a6fef2,75,0.75,100
fcc5da49caa5,100,1,100
fcd8ed6d4784,90,0.90000000000000002,100
fce31f5e93cf,100,1,100
fcf2a615b5ec,60,0.59999999999999998,100
fcfd6e8fb390,64,0.64000000000000001,100
fd0c66bc9256,59,0.58999999999999997,100
fd1f513b8ea4,100,1,100
fd21d2a5d470,100,1,100
fd55dd8ba7b2,100,1,100
fd7b9207bdea,100,1,100
fd8219d3e32f,91,0.91000000000000003,100
fd8b4848a016,100,1,100
fd999780431b,97,0.96999999999999997,100
fda68f59decc,90,0.90000000000000002,100
fdbd7629ebf7,100,1,100
fdca8596d86f,100,1,100
fdf27f5f3990,100,1,100
fe28a6a7b8ca,100,1,100
fe49fc3c63ca,100,1,100
fe5e09655e11,100,1,100
fe789d6680ec,80,0.80000000000000004,100
fe78a9f8867d,100,1,100
fe83c2267cf5,85,0.84999999999999998,100
fe8da1b9208e,100,1,100
fe9cc9a900cf,100,1,100
feaf32d773ab,94,0.93999999999999995,100
febdfd14841d,100,1,100
fed19eb92cec,100,1,100
fed7f72a0360,100,1,100
fedaf482ebe6,99,0.98999999999999999,100
fef9f5ab07d8,100,1,100
ff0335d7ee8e,94,0.93999999999999995,100
ff0abada5cdb,100,1,100
ff120687edb9,92,0.92000000000000004,100
ff1a49e67f9d,78,0.78000000000000003,100
ff26bd881676,100,1,100
ff4d0175b3e8,100,1,100
ff669bc167e5,70,0.69999999999999996,100
ff68f54d212b,100,1,100
ff7ecb6f4860,100,1,100
ffc8bebd5f0f,68,0.68000000000000005,100
ffc93ce09d1b,97,0.96999999999999997,100
ffd87318e35a,100,1,100
